mol_id,smiles
XS843049a,CC(NC(=O)NC=1C=CC=NC1)C2CC2
XS553610b,CC=1C=CC=CC1OC(C)C(=O)N2CCNCC2
XS842605b,COC(=O)C=1C=CC(=NN1)NC2C=CCCC2
XS838383b,COCC(C)NC=1C=NC(F)=CN1
XS843058a,CCC1CCCCN1C(=O)NC=2C=CC=C(C)C2
XS838585b,O=C1C=2SC=CC2C=NN1CC3CCOC3
XS843053a,CC1CCCN(C1)C=2N=CC=CC2C#N
XS842627b,CCC(C(N)=O)N1C=CC(=N1)C(F)(F)F
XS841147b,CCC(C)NS(=O)(=O)C=1C=CC=C(N)C1
XS843047a,O=C(CNCC1CCCO1)NC=2C=CC=CC2
XS843057a,COC=1N=CC=CC1NC(=O)C2CCC(=O)NC2
XS843046a,CC1CN(CCN1)C(=O)C=2C=CC=CC2F
XS843044a,CC=1C=C(CN2CCCC2CN3C=NC=N3)ON1
XS843055a,CCC(C)NS(=O)(=O)C=1C=NN(C)C1
XS843050a,CCC1=NSC(=N1)NC2CNC(=O)C2
XS843059a,O=C(NC=1C=CNN1)C2COC=3C=CC=CC3C2
XS843056a,COCC(C)NC(=O)NC=1C=CC=NC1OC
XS837873b,CC1=CC(C)=NC(=N1)N2CCSC(C)CC2
XS837370b,C=CC1CCCN1C=2N=CC=C3C=CC=NC23
XS838638b,C=C1CC1C(=O)NC=2C=CC=CC2C=3C=CN=CC3
XS843051a,CN1CCNCC1C2=NC(=NO2)C3CC3
XS843045a,NC(CNC(=O)C1=CC=2C=CC=CC2O1)C3CC3
XS837376b,CCC(C)C=1C=CC(=CC1)NCCC2=NN=NN2
XS843052a,CC(NC=1N=CC=C(N1)C=2C=NC=CN2)C3CC3
XS843054a,COC(=O)C1CC(=O)N(C1)C=2C=CC=CC2
XS441021b,CC1=NN(C)C(C)=C1C(=O)NC2COC=3C=CC=CC32
XS843065a,CN1N=CC2=C1CCCC2NC(=O)C=3C=CC(O)=NC3
XS838024b,COCCN(CCOC)C(=O)C#CC1CCCCO1
XS839968b,CC1=NN=C(CN(C)C(C)CC=2C=CSC2)O1
XS843060a,O=C(CC=1C=CC=NC1)NC(CO)C=2C=CC=CC2
XS165904c,N#CC=1C=CC(=NC1)NCC(CO)CC2=CC=CO2
XS841996b,C#CC(C)N(C)C(=O)NCC1(CC1)C=2C=CC=CC2C
XS839514b,O=C(N1CC=2C=CC=CC2CO1)C3(O)CCSC3
XS837495b,O=C(C1CCSC1)N2CCN(CC2)C=3C=NNC3
XS843063a,CC(NC(=O)C=1C=CC=CC1)C(=O)NC=2C=CC=CC2
XS843062a,CN1N=CC=2C(=NC=NC21)NC3CCC=4C=CC=CC43
XS841943b,CC1(C)CNC(=O)C1NCC=2C=CC3=NON=C3C2
XS779015b,COC=1C=CC=C(C1)CNC(=O)C2CCC(=O)NC2
XS840220b,CC1=NN=C(O1)C(C)N(C)CCC2=NC=CS2
XS838498b,CC(C(=O)NC1=NNC=2C=CC=NC12)C=3C=CC=NC3
XS843064a,CC(CO)NC(=O)C=1SC=2C=CC=CC2C1Cl
XS778741b,NC1(CNC(=O)C2CC=3C=CC=CC32)CCCCC1
XS820591b,CC=1C=CC(=CC1)NC(=O)NC(CO)C=2C=CC=CC2
XS836600b,CC1CN(CCO1)C(=O)NCCCN2C=NC=N2
XS843067a,CC(C(=O)NC=1C=CC(Cl)=CC1)S(C)(=O)=O
XS839908b,N#CC1CN(CCN1C2CC2)C(=O)CC3=CC=CO3
XS837046b,O=C(NC1=NC=2SC=CC2S1)C3CC=CCC3
XS843061a,NC(=O)C1(O)CCCN(C1)C=2C=CC(Cl)=CN2
XS600746b,ClC=1C=CC(=CC1)C2=NOC(=N2)C3CCCNC3
XS843066a,CC1CCCN(C1)C(=O)NC=2C=CC(=CC2)C(N)=O
XS061098d,CC1CC=2C=CC=CC2N1C(=O)C=3C=C(Cl)C=CN3
XS843077a,CC=1C=CC(=CN1)CNC(=O)C2COC=3C=CC=CC3C2
XS843073a,CNC=1N=C(C)C=C(N1)C(=O)NC(C)C2CCOCC2
XS843078a,NC(=O)NC(=O)C(C=1C=CC=CC1)N2CCCCCC2
XS843071a,CCC(C)(NC(=O)C=1C=C(C)N=CN1)C2=NC=CS2
XS843069a,CC1C=2C=CSC2CCN1C(=O)C=3C=CC(C#N)=CC3
XS840076b,CC(C1=NN=NN1C)N2C=CC(=CC2=O)C(F)(F)F
XS552967b,CCC1CN(C(=O)C=2OC(C)=NC2C)C=3C=CC=CC3O1
XS841983b,CC1=CCC(CC1)NC(=O)C2(CC3(CCC3)C2)C(=O)O
XS838263b,CC=1CC(C=2C=CC=CC2)N(N1)C=3C=CC(=CC3)[N+]([O-])=O
XS843080a,COC=1C=CC(C)=CC1S(=O)(=O)NCC2CCCO2
XS843070a,O=C(O)C1CN(CC=2C=CC=CC21)C(=O)C3CCCC3
XS843068a,CC(SC=1C=CC(F)=CC1F)C(=O)N2CCNC2=O
XS843084a,CC(NC(=O)C1=NNC(=O)C=2C=CC=CC12)C3=CC=CO3
XS843072a,CC(NC(=O)C=1C=CC=2NC(=O)CCC2C1)C3=CC=CO3
XS716684b,CC=1N=CN(CC(O)COC=2C=CC=CC2)C(=O)C1C
XS393537b,O=C(O)CC(NC(=O)C1CCCC1)C=2C=CC(F)=CC2
XS843074a,CCC(C)NC(=O)COC=1C=C(C=CC1C(N)=O)OC
XS843082a,CCN(CC(C)C#N)C(=O)CCN1C=CC=2C=CC=CC21
XS843075a,CC(NC(=O)N(C)CC=1C=NN(C)C1)C2=CC=CS2
XS843083a,CC(SCC(=O)NC(N)=O)C=1C(F)=CC=CC1F
XS843081a,CCC(C)(C#N)NC(=O)C=1C=CC=C(C1)S(C)(=O)=O
XS836485b,CCN1C=CN=C(C1=O)N2CCC(O)(C2)C(F)(F)F
XS390381b,O=C1NCCCCC1NCC=2C=CC=3OCCOC3C2
XS838593b,COCC1=NSC(CN2CC(C)C=3C=CC=CC32)=N1
XS843076a,O=C(NCC1=CC=CO1)C2CCCN2CC=3C=CC=CC3
XS843079a,CC(C)C1=CC(=NN1)C(=O)NC2CCOC=3C=CC=CC32
XS837307b,CN1CCC(OC(=O)C=2C=NNC2C3=CC=CS3)C1=O
XS843093a,COCCOC=1C=CC(=CN1)NC(=O)C2CCC(=O)NC2
XS546353b,CC(NC(=O)NC1=NC(=NS1)C=2C=CC=CC2)C3CC3
XS840114b,CCOC=1C=CC=C(CC(=O)N2CC(N)C3(CCC3)C2)N1
XS843096a,CCN1CCCC1CNCC2=CNN=C2C3=CC=C(C)O3
XS811069b,COC=1C=CC=CC1NC(=O)NCCN2CCCCC2C
XS843094a,CC(C)OC=1C=CC(=CC1)C=2C=CC(=CC2)C3COC(=O)N3
XS843097a,CCC1=NC(=NO1)C2CCCN2CC3=NN=C(O3)C4CC4
XS606153b,CCN(CC)C(CNC(=O)C1=CC=CO1)C=2C=CC=CC2
XS758413b,CN1N=CC2=C1CCCC2NC(=O)C3=CC=4C=CC=CC4N3
XS599656b,CC(CNC(=O)C=1C=CC2=NC=CN=C2C1)C=3C=CC=CC3
XS672689b,O=C(C=1C=CC=NC1O)N2CCCC2CCC=3C=CC=CC3
XS838415b,CC(C1=CC=CS1)C2=NOC(=N2)C3=CC=NN4C=CN=C34
XS843087a,CC=1C=CC(=CC1S(N)(=O)=O)NC(=O)C2CC=CCC2
XS843092a,O=C(NC1CCCCNC1=O)C2=CSC=3CCCCC23
XS843086a,CC(=O)N1CCCN(CC1)C(=O)C2COC=3C=CC=CC32
XS840670b,O=C(NC=1C=NNC1)C2CC(=NO2)C3=CC=C(Cl)S3
XS746901b,CC1=CSC(=N1)C2COCCN2CC=3C=CC=C(O)C3
XS677064b,CC1=CC=C(O1)C(=O)N2CCCC(O)(CN3C=CN=N3)C2
XS843090a,O=C(C=1C=CC2=CN=CN2C1)N3CCCCC3C4=NC=CN4
XS840712b,CC1(CCCCC1(F)F)C2=NC(=NO2)N3CCOCC3
XS843088a,CCOC=1C=CC(Cl)=CC1S(=O)(=O)NCC(C)O
XS331669b,O=C(C=1C=CC(O)=NC1)N2CCOC(CN3C=CN=N3)C2
XS843085a,CC=1N=NC(=C(C#N)C1C)N2CCC(C2)N3CCOCC3
XS843095a,O=C1CCC(N1)C=2C=CC(=CC2)C3=NNC=4C=CC=C(F)C34
XS843091a,O=C1NCCCCC1SC2=NC(=CN2)C=3C=CC=CC3
XS843109a,COC(=O)C(NC(=O)C=1C=CC(=NC1)N2C=CN=C2)C(C)C
XS843107a,CN1C=CC(=C1)C(=O)N2CCCCC2C=3NN=CC3C(N)=O
XS838057b,CCOC(=O)C1=COC(=N1)NC2COC=3C=C(C#N)C=CC32
XS843099a,CC1=CC(C)=NN1C2CCCN(C2)C(=O)CC3=CC=CS3
XS843100a,CC(C(=O)NC(C)(C)C)N1CCN(CC=2C=CC=CC2)CC1
XS416024b,COC=1C=CC(=CC1)C2=NOC(=N2)N3CCC4(CCNC4)C3
XS839585b,COC1(CNCC=2C=NC=C(F)C2)CCCS(=O)(=O)C1
XS843105a,CCN1CCN(CC1C2=NC=CN2)C(=O)C=3C(C)=COC3C
XS744525b,CCNC(=O)C1CCCN(C1)C=2C=CC=C(N2)C(F)(F)F
XS843110a,CC=1N=CSC1C(=O)NC(C)C2=NN=C3CCCCCN23
XS840330b,CCOC(=O)C(NC(=O)C=1C=C(C)C=C(O)C1)C2=NN=NN2
XS843102a,CC(NC(=O)C=1C=CC=CC1)C=2C=CC(=CC2)S(C)(=O)=O
XS843098a,CC1C2=CC=CN2CCN1CC(=O)NC3(C#N)CCCCC3
XS843103a,CC=1C=CC=C(C1)NC(=O)NC2CCSC=3C=CC=CC32
XS737839b,CC=1C=CC=CC1CN2CCN(CC2)C(=O)C3CCC(=O)N3
XS560871b,CNC1CCCN(C1)C(=O)C2=CC=C(C=3C=CC=CC3)N2C
XS683147b,CCN1C=NN=C1CNC(=O)C2=CSC=3CC(C)CCC23
XS843101a,CN1C=CC=C1C(=O)N2CCN(CC2)C3CCCCNC3=O
XS836730b,CNC(=O)NC(=O)C(C)N(C)CC=1C=CC2=CC=CC=C2C1
XS843104a,O=C(NC1CCCCNC1=O)C=2N=CC=CC2C(F)(F)F
XS839649b,CC(C)C1=NC=2CCC(CC2N1)C(=O)N3N=CC(C#N)=C3N
XS657069b,CC1=NC(=CN1)C(=O)N2CCCC(C2)C3=NOC(=N3)C(C)C
XS838852b,NC1COC2=CC(=NN2C1)C(=O)N3CCC=4C=CC(O)=CC43
DR000792b,CC(C)CC1CCN(C1)C(=O)C=2C=CC(=CC2)N3C=CN=N3
XS843108a,CC(C)C(C)(C#N)NC(=O)CN(CC=1C=CC=CC1)C2CC2
XS843106a,CN1N=NC=C1CC(=O)N2CCCC2C=3C=CC(Cl)=CC3
XS702260b,CCC1=NC(CN2C(=O)CC(C)(C2=O)C=3C=CC=CC3)=NO1
XS843118a,O=C(NC1CCCC2=C1C=NN2CC=3C=CC=CC3)N4CCC4
XS843115a,O=C(NCC=1C=CC=2OCOC2C1)NC3CCS(=O)(=O)C3
XS843113a,O=C(CC=1C=CC=C(Br)C1)NCC2CCCNC2
XS843114a,CC1=NOC(=N1)C2CCN(C2)C(=O)C=3C=CC(Cl)=CC3F
XS545771b,CC1=NOC(CC2(O)CCCN(C2)C=3N=C(C)C=CC3C#N)=N1
XS843111a,CC=1C=CC=2NC(=CC2C1)C(=O)N3CCCC(C3)N4C=CN=C4
XS837883b,NC(CNC(=O)C1=CC=CN2C=C(N=C12)C(F)(F)F)C3CC3
XS838010b,CN(CC=1C=NNC1)C(C(=O)O)C=2C=CC(=CC2)C(F)(F)F
XS843119a,O=C(CC1=CNC=2C=CC=CC12)N3CCCC(C3)C(F)(F)F
XS843116a,COC=1C=C(C=CC1OC(C)C(=O)NC2CCCC2)C(=O)O
XS838590b,CC1=NOC(=N1)C(NC=2C=NN3CCCOC23)C=4C=CC=CC4
XS840955b,O=C(NC=1C=CC=C2C=COC12)C=3C=NC(=NC3)C4CCCN4
XS843120a,COC=1C=CC(=CC1)NC(=O)NC(C)C(=O)NC2CCCC2
XS735582b,CC(C)(C)NC(=O)C1CSCN1C(=O)CC=2C=CC=CC2
XS837113d,COC=1C=CC2=CC(=CC=C2C1)C(=O)NC(C)C=3C=NN(C)C3
XS840582b,CN1C=C(C=N1)CC(=O)NC(CO)C=2C=CC(Cl)=C(F)C2
XS843117a,CC=1C=NC(=CN1)C(=O)NCC(CC(C)C)N2CCOCC2
XS843112a,CC=1C=CC(=CC1)C2=NC(=CO2)CNC3CCC4=NC=NN4C3
XS621655b,CN1N=CC=C1C2CCCN(C2)C=3C=C(N=CN3)NCC4CC4
XS837438b,CN=S(C)(=O)C=1C=CC=C(C1)NC(=O)C=2N=C(C)OC2C
XS836470b,CC1CCC2=NNC(C(=O)OCC3=CC=CN4N=CC=C34)=C2C1
XS837367c,CN1N=CC=2C=CC(=CC21)CNC=3C=CC=CC3C4CC4(F)F
XS549090b,COC=1C=CC2=C(C1)CCN2C(=O)C=3C=NN4CCC(C)CC34
XS842150b,O=C(NCC1CCC=CO1)C2=CC=3C(Cl)=CN=CC3S2
XS330512b,CCC1=CC(=O)NC(=N1)C=2C=CC=C(C2)NC(=O)C3CCCN3
XS843123a,CC(C)CN1CCN(CC1)C2CCCN(C=3C=NN(C)C3)C2=O
XS843130a,CC1CN(CCO1)C=2C=CC(=CN2)CNC(=O)NC=3C=NNC3
XS837532b,C1=C(N=NN1C2CCC=3C=CC=NC32)C=4C=NC5=CC=CC=C5N4
XS843124a,O=C(CN1N=C2C=CC=CN2C1=O)NC3CCN(C3=O)C4CC4
XS715900b,CC(C(=O)NC=1C=CC=CC1)N2CCN(CC3=CC=CO3)CC2
XS843132a,CC(C)NC(=O)NCC=1C=CC(=CC1)N2CCCC(C2)C(N)=O
XS843126a,CCN1CCN(CC1C2=NC=CN2)C(=O)CCC3=CC=C(C)O3
XS843121a,CC1=CSC(=N1)C2CCCCN2C(=O)C=3C=CC(=O)N(C)N3
XS842034b,CC(C)C=1N=CC(=CN1)CN(C)C(=O)C(C)OC=2C=CC=CN2
XS837966b,CCC1(CNC(=O)N2CCOC(CS(C)(=O)=O)C2)CCC1
XS420698b,CN1CC(CC1=O)C(=O)NC=2C=CC(=NC2)OCC(F)(F)F
XS843122a,CC1=CSC(=N1)C2CCCCN2C(=O)C=3N=COC3C(C)C
XS843131a,CC=1C=C(NC(=O)C(C)N(C)CCCCC=2C=CC=CC2)ON1
XS843127a,NC(=O)C1=CC(=CN1)C(=O)N2CCC(F)(C2)C=3C=CC(F)=CC3
XS842372b,CN1C=CC(=N1)C=2NN=CC2C(=O)NCCC3COC(C)(C)C3
XS843133a,O=C(NC=1C=CC=C(F)C1)N(CC2=CC=CO2)CC3CCCO3
XS838679b,COC(=O)C1CCC=2C=C(C=CC2N1CC3=CCCOC3)OC
XS843125a,CN1CC(CCC1=O)NS(=O)(=O)CC=2C(F)=CC=CC2F
XS843129a,O=C(NCCC=1C=CC=2OCOC2C1)NC3CCCCNC3=O
XS837098b,CCC(NC(=O)C=1N=C(SC1C)C2=CC=CO2)C3=NC=CN3
XS841653b,CC(O)(C(=O)NCC=1C=CC=CC1N2C=NC=N2)C(F)(F)F
XS843128a,CCOC(=O)CN1C(=NC=2C=CC=CC21)C3CC(=O)N(CC)C3
XS840112b,CC1C(=O)N(C)CCN1CC2=CSC(=N2)NC=3C=CC=CC3
XS839792b,O=S(=O)(C=1C=CC=CC1N2CCCC(C2)C3CC3)C(F)F
XS837027b,O=C(C=1C=NC=C2C(=O)NC=CC12)N3CCCC(C3)OCCO
XS839701b,CC1=CC=C(O1)C2CSCCN2CC=3N=NSC3Cl
XS843138a,O=C(NCCC1=NC=2C=CC=CC2N1)C3COC=4C=CC=CC4C3
XS841434b,N#CC=1C=C(C=CC1C(F)(F)F)N2CCCC(C2)N3C=NC=N3
XS843139a,CC(OC=1C=CC(Cl)=CC1)C(=O)NCC2=NN=C3CCCN23
XS740366b,NC(=O)C1CCN(C1)C(=O)C2=CC(=NN2C=3C=CC=CC3)C4CC4
XS732695b,O=C(C=1C=CC=CC1OCC2CC2)N3CCCC(C3)N4C=CC=N4
XS843142a,CC(C=1C=CC=CC1)N(C(=O)CN2N=CC=3N=CC=CC32)C4CC4
XS841819b,CC=1C=CC=CC1C2C(=O)NCCN2C3=NN=C(S3)C(F)F
XS843141a,N#CC=1C=CC=C(C1)NC(=O)C2CCCN(C2)C(=O)C=3C=COC3
XS839785b,CCC1=NOC(CC)=C1CNC(C)C2=CC=C(Br)O2
XS841975b,CC=1N=CSC1C2=CN(N=N2)C3CCCC=C3Br
XS841030b,COCC1C=2C=CC=CC2CN1C=3N=CC(=CN3)S(=O)(=O)F
XS838656b,CC(CC=1C=CC=CC1O)NC=2N=CC(=CN2)N=S(C)(C)=O
XS843136a,CC1=NNC(C)=C1C2COCCN2C(=O)NC=3C=CC=C(C#N)C3
XS843134a,O=C(NCC(C1=CC=CO1)N2CCCC2)C3=CC=4C=CC=CC4N3
XS685933b,O=S(=O)(NC=1C=NN(C1)CC2CCCO2)C=3C=CC=CC3F
XS842587b,CN1C=C(C=N1)C=2C=CC(=CC2)CNC3CCC(=O)NC43CCC4
XS843135a,O=C(NC=1C=CC(F)=CC1)NC(CN2C=NC=N2)C=3C=CC=CC3
XS843144a,COCC(C)NC(=O)CN1C(=CC=2C=CC=CC21)C=3C=CC=CC3
XS841408b,CC=1N=C(C=2CC(CCC2N1)C3=NC(=NO3)C4CC4)C(F)(F)F
XS843140a,COC=1C=CC=CC1NC(=O)N(C)C(C)C2=CC=3C=CC=CC3O2
XS601021b,CCC1=NN2CC(CCC2=N1)NCC=3C=CN(N3)C=4C=CC=CC4
XS581602b,O=C(NC=1C=CC=C(C1)C=2C=CC=3OCCC3C2)C4CNC(=O)C4
XS843137a,CC=1N=C(SC1C(=O)O)C(C)NC(=O)C=2C=CC(F)=C(C)C2
XS841612b,CC=1C=C(NCC2CC(=NO2)C(F)(F)F)C(F)=CC1[N+]([O-])=O
XS843145a,CC=1C=CC(C)=C(C1)NC(=O)NC2CCCN(C2)S(C)(=O)=O
XS843143a,COC(=O)C=1C=CC(=CC1)NC(=O)NCC(C)N2CCOCC2
XS843151a,CCN(CC)C(=O)C(C)NC(=O)C=1C=CC(=CC1)N2N=CC=C2C
XS483761b,N#CC=1C=C(C=CC1C(F)(F)F)N2CCCC(O)(CC(N)=O)C2
XS843154a,O=C(NCC=1C=NN(C1)C=2C=CC=CC2)NC3CCCCNC3=O
XS579383b,NC=1C=CC(=NN1)C2CCCN2C(=O)C3(CC3)C=4C=CC=CC4F
XS755929b,COC=1C=CC(=CC1)CC2CCCN2C(=O)CC=3C(C)=NOC3C
XS843150a,CCC1=NC=2C=CC=CC2N1CC(O)COC=3C=CC(Cl)=CC3
XS843149a,CC=1C=C(N)N=C(N1)SCC(=O)N2C=3C=CC=CC3CCC2C
XS500395b,O=C(CN1CCCCC(O)C1=O)NC=2C=NN(C2)C=3C=CC=CC3
MR045844c,CC1=CC=C(O1)C2CSCCN2C(=O)C=3C=C4N=CC=CN4N3
XS842695b,CC1=NN=C(O1)N2CCCC(C2)NC(=O)C3=CC=4C=CC=CC4O3
XS838219b,CC(CNS(=O)(=O)CCCF)C=1C(Cl)=CC=CC1Cl
XS843153a,O=S(=O)(NCC(C=1C=CC=CC1)N2CCCC2)C=3C=CC=CC3
XS843147a,N#CC=1C=CC(=CC1)OCCCN2CCOC(CN3C=CC=N3)C2
XS843146a,CC(CN1C=CC=N1)NS(=O)(=O)C=2C=CC=CC2OC(F)F
XS127715b,O=C(NC1CCCC=2C=CC=CC21)C=3C=NC=C(Br)C3
XS680773b,CC(NC(=O)NC=1C=CC=C(Cl)C1)C=2C=CC=3NC(=O)CC3C2
XS843155a,O=C(CC1=CNC=2C=CC=CC12)N3CCN(CC3)C4CCOC4=O
XS843156a,CC(C1CC1)N(C(=O)CN2C(=O)ON=C2C=3N=CC=CN3)C4CC4
XS624222b,COCC=1C=CC=C(C1)CN2N=C(C)C(=C2C)C3CCCC(=O)N3
XS836792b,COC=1N=CC(=CC1Cl)C(C)NC=2C=CC=3CCNC(=O)C3C2
XS843152a,CCN1C=NN=C1CNC(=O)C=2C=CC=CC2OCC3CCCO3
XS827038b,CC1=CC=C(CNC(=O)C2CC(=O)N(CC=3C=CC=CN3)C2)S1
XS842492b,CC(NC(=O)C=1C=CNN1)C=2C=CC(OC=3C=CC=NC3)=C(F)C2
XS837591b,COC=1C=CC(=CC1)COCCN(C)C(C)CC=2C=CC(O)=CC2
XS584713b,CCC(NC(=O)C=1C=NN(C1C)C(C)C)(C(=O)O)C=2C=CC=CC2
XS843148a,CC(C)NC(=O)CN(C)CC(O)COC=1C=CC=C2C=CC=CC12
XS843163a,CC(C)CC=1C=CC(=CC1)C(C)NC(=O)CSC2=NC=CN2C
XS843161a,CC1=CC(=O)NC=C1C(=O)N2CCCCC2C3=CC=4C=CC=CC4N3
XS843160a,CN1C=C(C(=O)NC2CC(=O)N(C)C2)C(=N1)C=3C=CC=CC3Cl
XS843172a,C=1SC(=NC1CN2CCCC2CC=3C=CC=CC3)C=4N=CC=CN4
XS843158a,CCC(C)(C)NC(=O)CS(=O)CC1=CC(=NO1)C=2C=CC=CC2
XS843171a,COC=1C=CC=C(C1)C(=O)N2N=C(CC2C3=CC=CO3)C4=CC=CO4
XS842744b,NC1=NN2C=CC=CC2=C1C(=O)NCC3(CO)CCC=4C=CC=CC43
XS680664b,CC1=CSC(=N1)C2CCCN(C2)C(=O)CC=3C=CN(N3)C(C)C
XS655878b,COC=1C=CC(=CC1)C2=NC(=CO2)CS(=O)CC3CCCCC3
XS838462b,O=C(NC1CCCC=2C=NNC21)C=3C=CC(=CC3)NC=4N=CC=CN4
XS843170a,COC=1C=CC(F)=CC1C(C)NC(=O)CN2C=CC(=O)N(C)C2=O
XS841493b,CC(=O)NCC1CCN(C=2N=CN=C3C(F)=C(F)C=CC23)C41CC4
XS475199b,CC=1C=CC(=CC1C#N)C(=O)N2CCCC(C2)C3=NN=C4CCCN34
XS843165a,COC=1C=CC(=CC1OC)C2CCCN2C(=O)C3=CC(Cl)=CN3
XS843167a,CCCC(C)NC(=O)CSCC1=NC(=NO1)C=2C=CC=CC2C
XS843166a,O=C1OC(=NN1CC(O)COC=2C=CC=CC2F)C3=CC=CS3
XS843162a,CCN(C)C(=O)C(C)NC(=O)C(C)(C)C=1C=CC=2OCCOC2C1
XS843168a,O=C(O)CC(NC(=O)C=1C=C(NN1)C2CC2)C=3C=CC=CC3Cl
XS843164a,CCC(OC(=O)C1=CSC(=N1)C=2C=CC(=CC2)OC)C(=O)OC
XS839881b,CC1CN(CC2(CCC2)O1)C(=O)C3=CN(C)N=C3C4=CC=CS4
XS838322b,N#CC=1C=CC=C(C1)CC(N)C(=O)NC=2C=CC=C3NC(=O)C=CC23
XS841113b,O=C(NC1=NC=C(S1)S(=O)(=O)F)C2(CC2)C3CCCCO3
XS839866b,CCC(C)OCC(=O)N1CC(C)(C1)C2=NN=C(O2)C3=CN(C)C=N3
XS843159a,CC1=NOC(=N1)C(C)N2CCN(CC3=NN=C(C4CC4)N3C)CC2
XS843157a,CCCC(=O)NCC1CCCN(C1)C(=O)CC=2C=CC=C(C2)OC
XS843175a,O=C(O)C1CN(C=2C=CC=CC21)S(=O)(=O)C=3C=CC(Cl)=CC3
XS841607b,CC(C(=O)NC=1C=CC2=NSC=C2C1)N3C=CC(=N3)C(F)(F)F
XS843173a,CC1=CC=CN2C(=O)C=C(CNC(C=3C=CC(F)=CC3)C(C)C)N=C12
XS823363b,O=C(NCC1CC=2C=CC=CC2O1)C=3C=CC=NC3N4CCCCC4
XS843183a,COC=1C=C(C=CC1OC2CCCC2)C(=O)NC(C)C=3C=CC=NC3
XS695035b,CC=1C=CC=C(C1C)N2CC(CC2=O)C(=O)NCC=3C=CC(F)=CC3
XS825870b,CC1=C(OC=2C=CC(F)=CC12)C(=O)NC(C)C3=NN=C4C=CC=CN34
XS843177a,COC=1C=C(N=CN1)C2=NOC(=N2)C3CC(C)(C)OC=4C=CC=CC43
XS843180a,CC=1C=CC(C)=C(C1)NC(=O)CN(C)C(=O)CC(C)C=2C=CC=CC2
XS813863b,CC=1C=C(SC1C)C(=O)N(C)C(C)C=2C=CC(=CC2)N3C=NC=N3
XS843185a,CC(=O)NCC1=CC=C(S1)S(=O)(=O)NC(C)C=2C=CC=CC2
XS843181a,O=C(C1NCC=2N=CN=CC21)N3CCCN(CC=4C=CC=CC4)CC3
XS837112b,CCN(CC=1OC=2C=CC=CC2C1Br)CC(C)C(=O)O
XS843176a,CC(C)N1CCC(NS(=O)(=O)CC2=NOC=3C=CC=CC23)C1=O
XS843186a,COC=1C=CC(=CC1)CCC(C)NC(=O)CC2=NOC=3C=CC=CC23
XS728659b,O=C(C=1C=NN2CCCCC12)N3CCCC(CO)(C3)C=4C=CC=CC4
XS618845b,O=C(NC=1C=CC=C(Cl)C1)N2CCCC2C3=NC=4C=CC=CC4N3
XS843179a,CC1=NC=2C=CC(=CC2S1)NC(=O)C(C)NC(=O)C=3C=CC=CC3
XS843174a,CC1CCCN(C1)S(=O)(=O)C=2C=C(C(=O)NC3CCC3)N(C)C2
XS843182a,CC(NC(=O)NCC=1C=CC(=NC1)N2C=CC=N2)C=3C=CC=C(F)C3
XS822042b,O=C(NC1CCCN(C1)C2=NC=CNC2=O)C3=CC=4C=CC=CC4N3
XS839517b,CN1C=C(C=2C=CC=CC21)C3CCN(C3)C=4C=NC=C(N4)OCCO
XS843178a,NC(CNC(=O)C1=CN(N=N1)C=2C=CC=C(C2)C(F)(F)F)C3CC3
XS841445b,NC(=O)C(C=1C=CC=CC1)N2CCN(CC2)C3=NC=CN4C=NC=C34
XS843184a,CNC(=O)C1CN(CCOC=2C=CC=C(C#N)C2)C=3C=CC=CC3O1
XS843192a,CCN1CCCC1CNC(=O)C=2C=CC(=O)N(CC=3C=CC=CC3)N2
XS843198a,CC(NC(=O)C=1C=NC=C(Br)C1)C(=O)N2CCOCC2
XS843189a,CCOC=1C=C(C=CC1C)NC(=O)NC2CCCN3N=C(CC)N=C23
XS840823b,CC(CC1=CC=CS1)C(=O)N2CCN(CC2)C(=O)C=3C=CN=CC3
XS841499b,CCOC(=O)C=1C=CN=NC1N2CCC=3C=CC(=CC3C(C)C2)OC
XS843194a,CC=1C=CC(Cl)=CC1NC(=O)C2CC(=O)N(CC=3C=CC=CN3)C2
XS843197a,CNC(=O)C(NC(=O)C=1C=CC(=O)N(CCOC)N1)C=2C=CC=CC2
XS843195a,CCCOC=1C=CC=CC1NC(=O)C2CC(=NO2)C=3C=CC=C(F)C3
XS843196a,COC=1C=CC(=CC1)N2CC(CC2=O)C(=O)NC=3C=CC=NC3OC
XS837397b,CC1=NC(=NO1)C(C)S(=O)(=O)C2=NC(=CS2)C3CCCCC3
XS838814b,CN1N=NC(CN2CC(CS2(=O)=O)C=3C=CC=CC3)=C1C(F)F
XS628045b,CCOC=1C=CC(=CC1)NC(=O)C(C)NC(=O)COC=2C=CC=CC2
XS843188a,CCNC(=O)CCC(=O)NC(C)C=1C=CC(=CC1)N2N=C(C)C=C2C
XS745371b,CCCN(C(=O)CN1C=NC=N1)C2CCCN(CC=3C=CC=CC3)C2
XS843193a,CCN1C=C(C#N)C(=O)N(CC(O)COC=2C=CC(C)=CC2C)C1=O
XS176579b,CC1=CN=C(NC(=O)C2CC(=O)N(C2)C=3C=CC=4CCCC4C3)S1
XS843191a,O=C(NCC1=CC=CO1)C2CC(=O)N(C2)C=3C=CC=4OCCOC4C3
XS843190a,CC=1C=NN(C1)CC2=CC(=NO2)C(=O)N3CCCC3CN4C=NC=N4
XS708898b,CCC1=CSC(=N1)C2CCCN(C2)C(=O)C=3C=CC=4OCOC4C3
XS839705b,CCCCS(=O)(=O)NC=1C=CC(=CC1)NC(C)C2=NN=C(C)O2
XS693881b,CC=1N=C(SC(C)C=2C=CC(F)=C(Cl)C2)SC1CC(N)=O
XS835311b,COC=1C=C(C=C(C1)C(NCC=2C=NN(C)C2)C3=NC=CN3C)OC
XS779336b,CN1CC(C(=O)NCC2(CC2)N3CCOCC3)C=4C=CC=CC4C1=O
XS840028b,CC(C)C(C(=O)O)C(=O)NC=1C=C(Br)C=2OCOC2C1
XS839148b,O=C(CC=1C=CN(N1)C=2C=CC=CC2)NCC3COCC4(CNC4)O3
XS843187a,CC(C)N(CC(=O)NC1CCS(=O)(=O)C1)C=2C=CC(Cl)=CC2
XS641335b,O=C(NC1CCN(CC=2C=CC=CC2)C1=O)C=3N=CC=C4C=CC=CC34
XS841568b,CC(NC=1N=CN=C2C1C=NN2C=3C=CC=CC3)C4=NN=NN4C5CC5
XS843204a,CCCN1C=C(C=N1)CNC(C2=NC(=NO2)C(C)C)C3CCOCC3
XS837888b,CC1=NC(C)=C(S1)C(C)NC(=O)NCC2=CC=3CCCCC3S2
XS840704b,COC=1C=CC(=CC1)N2C=CN(CC3CC43CCC(F)(F)CC4)C2=O
XS843202a,O=C(CN1CCOC(CNC=2C=CC=NN2)C1)NC(C3CC3)C4CC4
XS843207a,CC(C=1C=CC(=CC1)N2C=NC=N2)N(C)C(=O)C3=CC=4C=CC=CC4O3
XS526362b,CCC1=C(C=NN1C=2C=CC=CC2Cl)NC(=O)C3CN(C)CCO3
XS837916b,O=S1(=O)CC(CNC2=NC(=NS2)C3CCCC3)C=4C=CC=CC41
XS840701b,CC1C=2C=CSC2CCN1CC3=NN=C(O3)C=4C=CC=CC4Cl
XS843200a,CC(C)C(=O)N1CCC(CC1)C(=O)N2CCCCCC2C3=CC=CO3
XS839299b,N#CC=1C=CC(=NN1)N(CCC2CC=CC2)CC(CO)C=3C=CC=CC3
XS843203a,COC=1C=CC(Cl)=CC1NC(=O)C(C)OC=2C=CC=CC2C(N)=O
XS832132b,CC(NC=1C=CC=CC1)C(=O)NC=2C=CC=C(C2)S(=O)(=O)N(C)C
XS836559b,CC(NC(=O)CC1=CN(C)C=2C=CC=CC12)C=3C=CC=4NC(=O)NC4C3
XS836610b,O=C1C=2C=CC=CC2NC(C=3C=CNN3)N1C=4C=CC=5OCCOC5C4
XS137916b,COC=1C=CC(=CC1Cl)NC(=O)CC(NC(C)=O)C=2C=CC=CC2
XS403823b,CC1=NC(=NO1)C2CCCN2C(=O)C=3C=NN(C3C)C4CCOCC4
XS843199a,CC=1N=C(NC(=O)C2COCC(=O)N2CC=3C=CC=CC3)SC1C
XS843205a,CC(C)C=1C=CC(=CC1)OCCNC(=O)C(C)NC(=O)C2=CC=CO2
XS840315b,CC=1C=NC=CC1CN(C)C(=O)C2CCN(C2)S(=O)(=O)C(F)F
XS841542b,CC1=NOC(C)=C1CC(C)NC=2C=CC=C(N2)N3C=NC=4C=CC=CC43
XS837477b,COC=1C=CC(C(=O)NCC(C)(O)CCO)=C(N)C1Br
XS155429b,COC=1C=CC=CC1NC(=O)C(C)OC(=O)CCC=2C(C)=NOC2C
XS843206a,O=C(NCCNC=1N=CC=CN1)NCC(C2=CC=CO2)N3CCCC3
XS843201a,CN(CC1CN(CCOC=2C=CC=CC2F)CCO1)C=3C=CC=NN3
XS841940b,O=C(NCC(F)C1CCNCC1)C=2C=CC(=CC2Cl)N3C=CC=N3
XS840472b,CC(CC=1C=CC=CC1)OC(=O)CCC2=NC3=C(N2)C(=O)NC(=O)N3C
XS133477c,O=C(COC(=O)C=1C=CC=2OCOC2C1)NC3CCCC=4C=CC=CC43
XS843216a,COC=1C=CC(=CC1)C2CCCN2CC(=O)NCCC=3C=CC(F)=CC3
XS843215a,CC1CCCCN1CC=2C=CC=CC2CNC(=O)COC=3C=CC=CC3
XS843217a,CC1CC=2C=CC=CC2N1CC3=NN=C4N(C)C(=O)C=5SC=CC5N34
XS843213a,O=C(CCCN1C(=O)OC=2C=CC=CC21)NC3CCCC=4C=CC=CC43
XS842419b,CN(CC(=O)N1CCC(CC=2C=NN(C)C2)C1)C=3N=CN=C4N=CNC34
XS841640b,CC(NC(=O)C=1C=CC(F)=C2CCOC12)C=3C=CC(=CC3)N4C=NC=N4
XS836504b,CC(C)C(F)C(=O)NC=1C=CC=C(C1)NC(=O)C=2C=C(O)C=C(C#N)C2
XS837609b,CC(NC(=O)N1CCOC=2C=CC=C(F)C2C1)C=3C=CC=4NN=CC4C3
XS393818b,CC=1C=CC=CC1C(C)NC(=O)C=2C=CC(Cl)=C(C2)S(N)(=O)=O
XS838689b,CN(C1=NC=C(S1)C(N)=O)C2CCC=3C=CC=C(Br)C32
XS406672b,CC1=CC(=O)N(C)C=C1NC(=O)NC(CC2CCCC2)C=3C=CC=CC3
XS757104b,O=C(CC1=CNC=2N=CC=CC12)N3CCCC(CO)(C3)C=4C=CC=CC4
XS843214a,CC(=O)NC=1C=CC(=CC1)CNC(C2=NC=CN2C)C=3C=CC(F)=CC3
XS843212a,CC=1C=C(C=CC1N2CCCC2=O)NC(C)C(=O)NC=3C=CC(F)=CC3
XS842362b,CC1=NN(C)C(=C1C(=O)NC2CCC=3C=CC=CC3OC2)N4C=CC=N4
XS843210a,CC1=NC=2C=CC=CC2C(=O)N1CC(=O)N(C)C(C)C=3C=CC(F)=CC3
XS843208a,CC(C)N1C(=NC=2C=CC=CC21)C3CCCN(C3)C(=O)C=4C=NC=CN4
XS843211a,CN1N=CC(C(=O)NCC2CCCN(C2)C(N)=O)=C1CC=3C=CC=CC3
XS843218a,CN1N=CC=C1C(NC(=O)C2=CC=3C=CC(Cl)=C(F)C3N2)C(=O)O
XS841826b,CN1CCN(C(=O)NC2=CN=C3C=CC=CN23)C(C=4C=CC=CC4)C1=O
XS836979b,O=C(C=1N=NC(O)=C(Br)C1O)N2CC=CCC32CCOC3
XS840985b,O=C(CCC1=NC(=NO1)C2=CC=CO2)OC(C3=CCCC3)C(F)(F)F
XS843209a,COC=1C=C(C#N)C=CC1OC(C)C(=O)NCC=2C=CC=3OCOC3C2
XS843219a,CN1C=CN=C1C(NC(=O)C=2C=CC=3NC(=O)COC3C2)C=4C=CC=CC4
XS838658b,COC(=O)C(CC1=NON=C1C)NC=2N=CN=C(F)C2Br
XS774830b,CCC1=C(C=NN1C=2C=CC=C(Cl)C2)C(=O)NC3CCOC(C)(C)C3
XS843227a,COC=1C=C(C=CC1C(=O)N2CCC=3NC=NC3C2C=4C=CC=CC4)CO
XS843229a,CN1N=C(C=C1C(C)(C)C)C(=O)N2CCC(C2)NC=3C=CC=C(Cl)C3
XS444952b,CCC=1N=C(NC(=O)CCN2C(=O)C(C)OC=3C=CC=CC32)SC1C
XS843222a,COC=1C=CC(=CC1)C(CNC(=O)C2=NNC=3C=CC=CC23)N4CCCC4
XS843220a,CC(C)C(NC(=O)C=1C=CC(F)=CC1)C(=O)N2CCC=3SC=CC3C2
XS843223a,CC1CCCN(C1)S(=O)(=O)N2CCC(CC2)NC(=O)C=3C=CC=CC3
XS836549b,CCC=1OC(C)=CC1C(=O)NC2CCN(C(=O)C=3N=CN(C)N3)C2(C)C
XS837716b,CN(CC1CCCCC21CCC2)C3=NC=CN4C(=NN=C34)C=5C=NC=CN5
XS838164b,CN(CC1CCCN(C1)C(=O)C=2SN=NC2C3CC3)S(C)(=O)=O
XS843228a,CC(NC(=O)COC=1C=C(Cl)C=CC1Cl)C(=O)N2CCOCC2
XS843224a,CC(C(=O)NC=1C=CC=C(C1)NC(=O)CC=2C=CC(F)=CC2)N3C=CC=N3
XS836486b,CC(CO)(NC(=O)C=1C=CN=C2N=NNC12)C=3C=CC=C(C3)C(F)(F)F
XS423604b,O=C(NC=1C=CC(F)=CC1)N2CCCC(C2)C3=NN=C4CCCCCN34
XS836746b,CC=1C=CC(=CC1)S(=O)(=O)N(C)CC(=O)NNC(=O)C2CC=CCC2
XS836555b,O=C(OCC1CC2(CO1)CCOCC2)C=3C(Cl)=CC(F)=CC3Cl
XS074923c,COC=1C=CC(=CC1)S(=O)(=O)NC(C)C=2C=CC(=CC2)N3C=CN=C3
XS843221a,CC=1C=C(C=CC1Cl)OCC(=O)N(C)CC2COC=3C=CC=CC3O2
XS330437b,CCOC=1C=CC=CC1C=2C=CC=C(C2)C(=O)NC(CCOC)C(=O)O
EL001993c,O=C(NCC1CCCC2(CCOCC2)O1)C3=NN(C=C3Cl)C(F)F
XS841098b,COC=1C=CC(=CC1Cl)N(C#N)C(C)C(=O)N2CCN(CC2)C(C)=O
XS843226a,CC=1C=NN(C)C1C(=O)NCC(C2=CNC=3C=CC=CC23)C=4C=CC=CC4
XS839608b,CC1CC=2C=C(C=C(Cl)C2O1)CC3=NC4=CN(N=C4C(=O)N3)C(F)F
XS843225a,COCCOC=1C=CC(=CC1OC)C(C)NC(=O)CC=2C(C)=NOC2C
DR002926c,C=C1COCC1NC(=O)C(=O)N(CCO)CC=2C=CC(Cl)=C(Cl)C2
XS839010b,FCC1(CNC=2C=C(C=3C=CC=CC3)N4N=CN=C4N2)CC51CCOCC5
XS837706b,CC1CN(CCN1C(=O)C2=CN=C3C=CC=CN3C2=O)C=4C=CC(F)=CN4
XS635896b,CC(OC=1C=CC(Br)=CC1)C(=O)NCC2=NC(=CS2)CO
XS057963g,CCC1C=2C=CSC2CCN1CC3=NC=4C=CC(Cl)=CC4N3CCO
XS843238a,CC=1N=C(SC1C(=O)N2CC(=CC3=CC=NN3C)C2)C4CCCN(C)C4
XS714599b,CCN1C=C(C#N)C(=O)N(CC(=O)NC(C)C=2C=CC(=CC2)C(C)C)C1=O
XS612947b,CC(C)N1C=C2CCCC(NC(=O)C3CCN(CC(F)(F)F)CC3)C2=N1
XS843234a,CCC1=CC(=CC(=O)N1)C(=O)N2CCC(C2)(C3=NC(C)=NO3)C(F)(F)F
XS843235a,CC1=NN(C)C=C1C2CCCN2S(=O)(=O)CCC3=NOC=4C=CC=CC34
XS743573b,CCN(C(=O)C1=CC=C(S1)C=2C=CC(F)=CC2)C3CCS(=O)(=O)C3
XS843240a,CCCC1=NC(CN2CC(OC=3C=CC=CC32)C(=O)N4CCCCC4)=NO1
XS843232a,CN(CC1CCC2=NC(=CN2C1)C(F)(F)F)C=3N=CC(C#N)=CC3Cl
XS843233a,CC1=NC=2CCCC(C2S1)N(C)C(=O)C3=NN(C)C=C3Br
XS842657b,CCOC(=O)C=1C=NN(CCN2CCCC(C2)C3=NOC(=N3)C4CC4)C1N
XS843230a,CC(CN1CCN(C)CC1)NC=2N=NC(=CC2C(F)(F)F)C3=CC=CO3
XS004799e,CCC(C)N1CCC(=O)N(CC(=O)NCC=2C=CC(=CC2)C(=O)OC)C1=O
XS843237a,COC=1C=CC(=CC1)S(=O)(=O)N2CCCC2C3=NC=4C=CC=CC4S3
XS842303b,CCC(C(=O)N1CCOC=2C=CC(=CC21)C(F)(F)F)C=3C(C)=NOC3C
XS843231a,CN(CCOC=1C=CC(F)=CC1)C(=O)C=2C=CC(=CC2)OCC3CCCO3
XS843236a,CC(CC1=CNC=2C=CC(F)=CC12)NC(=O)C3=CC=4COCCC4NC3=O
XS838734b,CC1CN(C=2C=CC=CC2N1)S(=O)(=O)C=3C=CC=4OCCNC(=O)C4C3
XS843239a,CN1C=CC(=N1)C2=NC=3C=CC=CC3N2CC(=O)N4CCC(CC(N)=O)C4
XS838482b,CC=1SC=2NC(CCC(=O)N3CC4=NN=CN4C(C)C3)=NC(=O)C2C1C
XS841600b,COC=1C=CC(=CC1OC)CC(C)(CO)NC(=O)C2=NNC=3N=CC=CC23
XS843245a,CCCN1C(=O)N(CCC(=O)NC2CCCC=3C=CC=CC32)C=4C=CC=CC41
XS830032b,COC=1C=CC(=CC1NC(=O)C(C)OC=2C=CC=C(Cl)C2)S(N)(=O)=O
XS843250a,CN(CC=1C=CC=C(Cl)C1)C(=O)NCC(C=2C=CC=CC2)N3CCOCC3
XS842330b,O=C1C=CN=C(N1)C2CCN(CC=3C=CC4=C(Br)C=CC=C4C3)C2
XS838736b,COC=1C=CC(=CC1)C(NC(=O)C=2C=NC(O)=C3C=NC=CC23)C=4C=CC=CN4
XS840568b,CC(COC=1C=CC=C(F)C1)NC(=O)NCC2=CN3C=C(Cl)C=CC3=N2
XS839779b,O=C(CNC(=O)C1=CC=C(Br)O1)N2CCC(C2)C=3C=CC=CN3
XS843246a,CC=1C=CC(=CC1NC(=O)C2=CC=CO2)C(=O)OC(C)C(=O)NC3CCCC3
XS843244a,CN1N=CC=2C(=NC=NC21)N3CCN(CC3)C(=O)C4CCOC=5C=CC=CC54
XS474938b,CC(C)N(C)S(=O)(=O)C=1C=CC(=CC1)NC(=O)N2CCCC2C3CCC3
XS840008b,N#CC1=C(N=NN1C(C(N)=O)C=2C=CC=C(Br)C2)C=3C=CC=CC3
XS843253a,CC(OC(=O)C=1C=CC(=CC1)CN2C(=O)CCC2=O)C(=O)N3CCC(C)CC3
XS843248a,COC(=O)CC(NC(=O)C=1C=C(N=C2ON=C(C)C12)C3CC3)C=4C=CC=CC4
XS843247a,COC=1C=CC(=C(C1)OC)C2CCCN2CC(=O)NC=3C=C(F)C=C(F)C3
XS843251a,CCOC=1C=CC(=CC1OCC)CCNC(=O)C2CC=3C=CC=CC3C(=O)O2
XS843252a,CC=1C=CC=C(C1)NC(=O)C(C)SC=2C=CC(=CN2)S(=O)(=O)N(C)C
XS739386b,CC(=O)N1CCC=2C=C(C=CC21)NC(C)C3=NC(=NO3)C=4C=CC(F)=C(C)C4
XS843242a,COCC1=C(SC=2C=CC=CC12)C(=O)NC(C)C=3C=CC(OC)=C(C3)OC
XS843254a,COCC1=C(OC=2C=CC=CC12)C(=O)N3CCC(CC3)N4CCCC4C(N)=O
XS843249a,CC(NC(=O)C=1C=CC(=CC1)N2CCCC2=O)C=3C=CC(=CC3)S(N)(=O)=O
XS841321b,CC=1C=C(CN(C)C(CCO)C=2C=CC=CC2)N=C(N1)C=3C=CC(Cl)=CC3
XS839799b,CN1C=C(C=N1)C2CCN(C2)C(=O)C=3C=CC(Cl)=C(C3)NS(C)(=O)=O
XS841031b,CCN1C=C(C=N1)C2C=3NC=4C=CC(=CC4C3CCN2S(=O)(=O)F)OC
XS841942b,CC1=CN2CCC(CC2=N1)C(=O)N3CCC=4SC(=CC4C3)S(N)(=O)=O
XS843243a,CC=1C=C(NC(=O)CNC(C)C=2C=CC=CC2Cl)N(N1)C=3C=CC(C)=CC3
XS843255a,COC=1C=C(C=CC1OC(F)F)C(=O)OC(C)C(=O)NC2(C#N)CCCCC2
XS840871b,COC=1C=CC(Cl)=C(C1)N2C=C(N=N2)C(C)N(C)CC=3N=CC(F)=CC3C
XS843256a,CC1=CC(=NN1C=2C=C(C)C=C(C)C2)NC(=O)N3CCC(C3)C4CCN(C)CC4
XS843262a,O=C(CN1CCCCCCC1=O)NCC(C=2C=CC(F)=CC2)N3CCOCC3
XS843266a,NC(=O)C1CCN(C1)C(=O)C=2C=CC(=NC2)OC=3C=CC(Br)=CC3
XS843264a,CCN1CC(CN(C)C(=O)C2=CSC(=N2)C=3C=NN(C)C3)OC=4C=CC=CC41
XS843261a,CC=1N=C(CC=2C=CC=CC2)SC1C(=O)N3CCC4=C(C=NN4C)C3C(N)=O
XS841874b,O=C(CN1CCN(CC1)C=2C=CC3=NN=CN3N2)NC4CCOC=5C=CC=CC54
XS736438b,CC1CN(CCO1)C2CCN(CC2)S(=O)(=O)C=3C=CC(=NC3)C(F)(F)F
XS843267a,O=C(CC1=CSC(=N1)C=2C=CC(=CC2)C(F)(F)F)NC3CCCCNC3=O
XS843258a,CC=1C=CC=C(C1C)N2CC(CC2=O)C(=O)NC=3C=CC(=NC3)N4CCOCC4
XS843265a,COC=1C=CC(=CC1OC)C=2CC(C3=CC=CS3)N(N2)C(=O)CCC(=O)O
XS837856b,O=C(CC(N1C=CC=N1)C(F)(F)F)N2CCCN(CC2)S(=O)(=O)C3CC3
XS836814b,COC=1C=CC=C2CC(COC12)C(=O)NC=3C=C(Cl)C=C(C(N)=O)C3OC
XS843259a,CC=1C=CC(=CC1S(=O)(=O)N2CCCCC2)NC(=O)C(NC(N)=O)C(C)C
XS508412b,O=C(NCCCN1CCCC1)NCC(C2=CNC=3C=CC=CC23)C=4C=CC=CC4
XS843268a,CC=1C=C(C)C2=C(N1)SC=3C(=O)N(C=NC32)CC(=O)NC(C)C4=CC=CS4
XS840060b,COC(CCNC(=O)N1CCN(CC1)C=2C=CC=C(C2)[N+]([O-])=O)C(F)(F)F
XS841574b,CC1CC2(CCC2)CN1C(=O)NC=3C=CC=CC3CS(=O)(=O)C=4C=CC=CC4
XS836512b,N#CC1=CC=C(CN2CCCC(C2)C3=NN(C=C3C(N)=O)C=4C=CC=CC4)S1
XS014968e,COC=1C=CC(C)=CC1N2CC(CC2=O)C(=O)NN3C=NC=4C=CC=CC4C3=O
XS843257a,CC=1C=C(C(=O)N2CCN(CC2)C(C)C(=O)NC3CC3)C=4C=NN(C4N1)C(C)C
XS843263a,CC1=NC=C2CCC(CN12)C(=O)N3CCN(CC4=NC=5C=CC=CC5N4C)CC3
EL002138c,COC(=O)CC1CC2(CO1)CCN(CC2)C=3C=C(C=C(N3)C(F)(F)F)CO
XS581023b,CC(C(=O)NC=1N=CC=CN1)N2CCN(CC2)C=3C=CN=C(N3)C=4C=CC=CC4
XS843260a,CS(=O)(=O)N1CC=2C=CC=CC2CC1C(=O)N3CCN(CC3)C=4C=CC=CC4
XS843270a,CCN1C(CNC(=O)C2CC(=O)N(C2)C=3C=CC=4OCCOC4C3)=NC=5C=CC=CC51
XS840420b,CC1=NN(C)C(C)=C1NC(=O)C(C)OC(=O)C=2C=C(Cl)C=3OCCCOC3C2
XS843278a,CC(C)(C)C=1C=C(NC(=O)C=2C=CC=3OCOC3C2)N(N1)C4CCS(=O)(=O)C4
XS843279a,COC=1C=CC(=CC1)C(CNC(=O)COC=2C=C(C)C=CC2Cl)N3CCCCC3
XS843281a,CC1CCN(CC1)C(CNC(=O)C2CCN(CC2)C(=O)C3CC3)C4=CC=CS4
XS843284a,O=S(=O)(C=1C=CC=2OCCOC2C1)N3CCCC3C=4C=CC=5OCCOC5C4
XS843276a,CC=1N=C(C)N(N1)C=2C=CC(=CC2)C(=O)N3CCOCC3CC4=CNC=5C=CC=CC45
XS839535b,COC=1C=CC=C(CN2N=CC=C2NC(=O)N3CCN4CCCCC4C3)C1OC
XS843271a,CCN1CC(CN(C)C(=O)C=2C(C)=NN(CC=3C=CC=CC3)C2C)OC=4C=CC=CC41
XS843269a,CC(=O)NC(CC(=O)N(C)CC1=NC=2C=CC=CC2C(=O)N1)C=3C=CC(Cl)=CC3
XS843282a,CC=1C=CC=CC1NC(=O)C2=C(C)NC3=NC(CCCO)=NN3C2C=4C=CC=C(F)C4
XS141942b,O=C(NC(CN1CCOCC1)C=2C=CC=CC2)C=3C=CC(=CC3)CN4CCCC4=O
XS843277a,O=C(CC1SC=2C=CC=CC2NC1=O)NC3=NC(=CS3)CN4CCCCC4
XS843283a,COC1=CC(=CC(OC)=C1OC)C(C)NC(=O)C=2SC(=NC2C)C=3C=CC=CN3
XS843280a,CC(=O)NC(CC(=O)NC=1C=CC=C(C1)C2=NN=C3CCCCCN23)C=4C=CC=CC4
XS843286a,COC=1C=CC(OC)=C(C1)NC(=O)CNC(C(=O)NC=2C=CC=CC2)C=3C=CC=CC3
XS843273a,CC=1C=CC2=NC(=CC(=O)N2C1)COC(=O)C(C)CC=3C=CC(Br)=CC3
XS843274a,CC=1C=CC=CC1C(=O)N2CCC(CC2)C(=O)OC(C)C(=O)N(C)C=3C=CC=CC3
XS840856b,CC=1C=NC(=C(C1)[N+]([O-])=O)N2CCCC(C2)N3N=CC(=CC3=O)N4CCOCC4
XS840692b,CCOC(=O)CC(NC(=O)C=1C=CC=2C(=O)N(C)C(=O)C2C1)C=3C=CC=CC3OC
XS843272a,CCC1C=2C=CSC2CCN1C(=O)C=3C=CC(=CC3)S(=O)(=O)N(CC)CC
XS843275a,CC1=NOC(=N1)C(NC(=O)C=2C=CC(=C(F)C2)N3CCOCC3)C4CCOCC4
XS840767b,CC(C)CN1CC(CC1=O)C(=O)N(CC=2C=CC=CC2[N+]([O-])=O)CC(F)(F)F
XS719146b,O=C(NC1CCN(C1)C=2C=CC(Cl)=C(F)C2)N3CCC(CC3)N4CCNC4=O
XS815346b,CC1SC=2C=CC(=CC2NC1=O)C(=O)N3CCN(CCOC=4C=CC=CC4)CC3
XS843290a,COC=1C=C(C=CC1F)N2CCN(CC2)C(=O)C3CCCN3C(=O)CC=4C=CC=CC4
XS053489d,O=C(NC=1C=CC(=NC1)N2CCC=3SC=CC3C2)C4CCCN(C4)C(=O)C5=CC=CO5
XS836659b,CS(=O)(=O)NCCC1CCCCN1C(=O)NCC2(CCCC2)C=3C(F)=CC=CC3F
XS843301a,CS(=O)(=O)NCC1CCCN(C1)C(=O)C=2SC(=NC2C=3C=CC=CC3)C4=CC=CO4
XS841225b,CS(=O)(=O)C=1C=CC(=CC1)OCCCC(=O)NC2(CCC=3C=CC=CC32)C(F)(F)F
XS843298a,COC=1C=CC(=CC1)C(CNS(=O)(=O)C=2C=CC=3OCCCOC3C2)N4CCCCC4
XS843302a,COC=1C=C2N=C(CN3CCCC3C=4C=CC=5OCCCOC5C4)NC(=O)C2=CC1OC
XS843303a,COC1=NN(C)C=2N=C(C)C(CCC(=O)N3CCCC(C3)C(=O)NCC4CC4)=C(C)C12
XS843293a,CC=1C=CC(=CC1)C2=NOC(CN3CCN(CC3)C(=O)C=4C=CC=5SC(C)C(=O)NC5C4)=N2
XS838789b,CC1=NN(C(C)=C1C2C(=O)NCCN2CC3=NN4C(=O)C=C(C)N=C4S3)C=5C=CC=CC5
XS843297a,CCC(C)C(=O)NC=1C=CC=C(C1)CNC(=O)CN(C)C2=NS(=O)(=O)C=3C=CC=CC23
XS841492c,COCC(NC(=O)NC=1N=NN(CC=2C=CC=CC2F)C1C)C=3C=CC=4NC=CC4C3
XS838324b,CC1(C)CC2=C(C=NN2C=3C=CC=CC3Cl)CN(C1)C(=O)C4CCCC=5NN=CC54
XS843296a,COC1=CC(=CC(OC)=C1OC)C(C)NC(=O)C=2C=C(N=C3C2C(C)=NN3C)C(C)C
XS843294a,CN(CC=1C=CC=C(Cl)C1Cl)C(=O)C=2CCC(=O)N(N2)C3CCS(=O)(=O)C3
XS427984b,CCCN1N=C(C(=O)N(CC2=CC=CO2)C3CCS(=O)(=O)C3)C=4C=CC=CC4C1=O
XS843300a,CCOC=1C=CC=CC1N2CCN(CC(O)COC=3C=CC=4C(C)=CC(=O)OC4C3)CC2
XS843299a,CN(CC(=O)N(C)C=1C(=O)NC(=O)N(CC=2C=CC=CC2)C1N)C3CCCC=4C=CC=CC43
XS843295a,O=C(NC(CC=1C=CC=CC1)C(=O)N2CCN(CC3=NC=4C=CC=CC4S3)CC2)C5=CC=CS5
XS843289a,NC(=O)C(C=1C=CC(Cl)=CC1)N2CCN(CC2)C=3N=CC(=CC3Cl)C(F)(F)F
XS838202b,CC(CNC=1C=CC(=CC1[N+]([O-])=O)S(N)(=O)=O)C2=NC=3C=CC=CC3N2C(F)F
XS843287a,O=C(C=1C=CC=C(C1)S(=O)(=O)N2CCC=3C=CC=CC32)N4CCCC4C=5C=CC=NC5
XS840537b,COC1=CC(=CC(OC)=C1OC)C(NC(=O)COC=2C=CC=CC2C#N)C(F)(F)F
XS843292a,COC=1C=CC(=CC1)C2=NOC(CN3CCN(CC3)C(=O)CC4SC=5C=CC=CC5NC4=O)=N2
XS843291a,CC(C(=O)N1CCN(CC=2C=CC=CC2)CC1)N3CCC(CC3)NC(=O)C=4C=CC=CC4
XS840345b,O=C1CCN(C(=O)N1)C2CCC=3C=CC=CC3C2
XS843312a,O=C(NC1CCCCNC1=O)C=2C=CC(O)=NC2
F9000697d,CC1CCCCN1C(=O)C=2C=NC=CN2
XS843305a,CN1C=C(C=N1)C2=NC(=NO2)C3CCCCCN3
XS843311a,CC(NC(=O)C=1C=CC=C(C#N)C1)C=2C=CC=CC2
XS843308a,COC(=O)C1CCC2=NN=C(C3CC3)N2C1
XS839959b,CC(NC(=O)C1=CC=CN1C)C2(CO)CC2
XS837240b,CC1CCC=2N=C(N)C(C#N)=CC2C1
XS842037b,O=C1CC2CCCN2C=3C=CC=CC3N1
XS843304a,O=C(C1CC=2C=CC=CC2O1)N3CCCC3
XS728531b,CC=1C=CC=CC1CCC(=O)N2CCNC(C)C2
XS477246b,CCOC=1C=CC=CC1C(=O)N2CCNC(C)C2
XS838244b,N#CC=1C=CC(=CC1Cl)OCC2CCCN2
XS840727b,O=C(NC=1C=CN=CC1F)C2CCCS2
XS842548b,CC(CC(=O)N1CCCCO1)C2CCCCC2
MR000224b,COC=1C=CC(=CC1)CNC(=O)C2CCCN2
XS843307a,CCC(C)NC(=O)CN1C=NC=2C=CC=CC21
XS843314a,CC=1C=CC=C(N1)NC(=O)C2CCC(=O)NC2
XS843309a,CC1=NN=C2CC(C)(C)C(CN12)C=3C=CC=CC3
XS837417b,CC(COC(=O)C1CC1)N2CCNC2=O
XS837540b,COC(C)CN1C=C(Br)C=NC1=O
XS837932b,N#CC1(CCCC1)C(=O)NC(CO)CCF
XS843306a,CC(O)CNC=1N=CN=C2C=CSC12
XS843310a,CCC(C)NC(=O)C=1C=CC=C(OC)C1OC
XS843318a,CCN(CC=1C=CC=CN1)C2CCN(C2=O)C(C)C
XS838249b,CC(OC=1C=C(F)N=CC1Cl)C(=O)N2CCCC2
XS843324a,CC(SC1=NC=2SC=CC2C(=O)N1C)C(N)=O
XS843316a,O=C(OCC1CC(=O)N(C1)C2CC2)C3=CC=CS3
XS837800b,COC(CCO)CNC(=O)C=1C(C)=NN(C)C1F
XS761063b,CC(NC(=O)C1=CC=CS1)C(=O)NC=2C=CNN2
XS838161b,COC(C)(C(=O)N1CCC21CCOCC2)C3CC3
XS843321a,CCC1(C)CN(CCO1)C(=O)NCCC2(O)CCC2
XS843315a,C=1C=NC2=NC(=CC=C2N1)N3CCC(C3)N4CCCC4
XS839673b,CCC1(CO)CCCN1C(=O)NCC(C)(C)OC
XS842414b,CC1CCCN1S(=O)(=O)NCC2=NC=CS2
XS841477b,O=C(NC1CCOCC21CCC2)C=3C=CNC(=O)C3
XS836877b,CN(CC1=NN=C2C=CC=CN12)CC3COC(=O)C3
XS043393d,CC=1C=CC=2NC(=O)CNC(C=3C=CC=CC3)C2C1
XS531750b,CCC=1OC=CC1C(=O)N2CCCC(O)(C2)C(N)=O
XS395424b,CC(NC=1N=CN=C2SC=CC12)C=3C=CC=CC3
XS843320a,CC(C)C(C)NC(=O)CC1=CN2C=CSC2=N1
XS843317a,C=1C=CC(=CC1)C2(CC2)C3=NC(=NO3)C4CCOC4
XS843326a,COC=1C=CC=CC1C2NC(=O)C=3C=CC=C(C)C3N2
XS843319a,O=C(CN1C=CC=N1)NC2CCOC=3C=CC=CC32
XS841667b,CC1=CC=C(O1)C=2C=CC(C)=C(C2)NC3CCNC3=O
XS843322a,CC1=NOC=2N=C(C)C=C(C(=O)OC(C)C(N)=O)C12
XS843325a,CN1CC(NCC1=O)C2=NC(=NO2)C=3C=CC=CC3
XS843323a,NC(=O)C(NCCC=1C=CC=CC1F)C=2C=CC=CC2
XS592682b,CNC(=O)NC1CCCN(C1)C=2C=CC=CC2Cl
XS843328a,COC=1C=CC=C(C1)NC(=O)C2CCC3=NC=CN3C2
XS843327a,CCNC(=O)NC(=O)C(C)NC=1C=CC=CC1OC
XS841721b,O=S(=O)(CC=1C=C(ON1)C2CCCC2)C3CCOC3
XS677784b,CC1=NN(C)C(C)=C1C2COCCN2C(=O)NC3CC3
XS838594b,CC(NC=1C=NC=2OCOC2C1)C3=NC=4C=CC=CC4O3
XS841669b,O=C(CCC(F)F)NC1CCOCC21CCCCC2
XS843339a,CC=1C=C(C(=O)NC2CCCOC=3C=CC=CC32)N(C)N1
XS840011b,CC(C1=NN=NN1C)N2CCC=3C=CC=C(Cl)C3C2
XS843332a,CC1C2=CC=CN2CCN1C(=O)C=3C=CC(F)=C(F)C3
XS766623b,CCC=1C=CC=C(C1)CC(=O)NC2CCCC=3C=NNC32
XS531363b,CC1=NOC(C)=C1C(=O)NCC2CCCC=3C=CC=CC32
XS836530b,O=C(NC(CCO)C1CCC1)C=2C=CC=3OC=CC3N2
XS843338a,CC(NC=1N=CN=C2C=CSC12)C(=O)NC(C)(C)C
XS843336a,CC(CN1C=CC=N1)NCC=2C=CC=C3OCCOC23
XS810649b,CC1C=2C=CSC2CCN1C(=O)C=3C=CC(O)=NC3
XS843334a,CCC1CCCN(C1)S(=O)(=O)N2CCCCCC2
XS843335a,CC1=NOC(=N1)C(C)S(=O)(=O)CC=2C=CC=CC2C
XS172550c,CN1N=CC=2C(=NC=NC21)N3CCCC3C=4C=CC=NC4
MR041161c,O=C1OC(=NC1CC=2C=CC=CC2)NCC=3C=CC=CN3
XS843330a,OC1(CC2=CN(CC=3C=CC=CC3)N=N2)CCSC1
XS838493b,CC1(C)C=CC=2C=CC=C(NC(=O)C3CCNC3=O)C2O1
XS843337a,CC(C)C1=NC(=CS1)C2NC(=O)C=3C=CC=CC3N2
XS840638b,COCC(C)(NC(=O)COC=1C=CC=CC1F)C(N)=O
XS839380b,C=1C=NN(CC2=NOC(COCC3CCCCO3)=N2)N1
XS843329a,O=C(NCC1CCCNC1)C=2C=C(Cl)C=CC2Cl
XS838300c,O=C1CC(CN1)C2=CC=C(S2)C=3C=CC=C4C=CNC34
XS561632b,COC(=O)C1CCC2=NN=C(CC3CCCC3)N2CC1
XS843331a,NC(=O)C1CN(CC=2C=CC=C3COCCC23)CCO1
XS843333a,O=C(NCC=1C=CC=CC1)NCC2CC=3C=CC=CC3O2
XS843348a,CC1=NOC(C)=C1CC(=O)N2CCCC2C3=CC=CS3
XS843340a,CN1C=C(C=N1)C2CCCN2C(=O)C3=NNC=4C=CC=CC34
XS836505b,CC(C)(F)C(=O)NC1(CCCCC=2C=CC=CC21)C(=O)O
XS840061b,CC(C)C(C)(NC(=O)C=1C=C(C=CC1O)[N+]([O-])=O)C(N)=O
XS187127c,CC(NC(=O)C=1N=CC=NC1N)C=2C=CC3=CC=CC=C3C2
XS837551b,FC1(F)CC21COCCN(C2)C=3N=CC=4SC=CC4N3
XS843341a,CC1=CC(=NN1)C2CCCN(CC3=NOC(=N3)C4CC4)C2
XS843344a,COC=1C=CC=C(F)C1C(=O)N2CCCC(O)(C2)C(N)=O
XS839459b,CN(C=1N=CC(=CN1)OC(F)F)C(CO)CC2CCC2
XS838401b,CN(CC1CC=2C=CC=CC2CO1)C=3N=CC=NC3CC#N
XS843350a,O=C(NC1CCCNC1=O)C=2C=CC=C(Br)C2
XS843349a,CC1=NOC(C)=C1CC(=O)NC(C)C=2C=C(C)C=CC2C
XS734100b,CC1CCCN(C1)C(=O)CNC(=O)C=2C=CC=CC2Cl
XS843346a,CCCNC(=O)NC(=O)CN(C)C1CCC=2C=CC=CC21
XS843342a,CC(C)(C)C(N)C(=O)N1CCN(CC1)C=2C=CC(O)=CC2
XS767682b,CC1=CSC(=N1)C2CCCN(C2)C(=O)C=3C=CN=CC3
XS843343a,CC=1N=CN(CC(O)COCC=2C=CC=CC2)C(=O)C1C
XS632893b,CC1=CC=C(C(=O)N2CCC(O)(CN3C=CN=N3)C2)N1C
XS839523b,CC1(C)C(C(=O)NC=2C=CC(=NN2)C3CCCN3)C1(C)C
XS840113b,CC1=NOC(C)=C1C(C)CNC2=NC=3C=CC(F)=CC3O2
XS843347a,O=C(NC1(CC1)C2CCCCO2)C=3C=CN=C4C=CC=CC34
XS843345a,O=C(O)CC(NC(=O)C=1C=CC(F)=CC1)C2=CC=CS2
XS733493b,CC1CC=2C=CC=CC2N1CC(=O)NC=3C=CC=C(C#N)C3
XS700849b,O=C(C1=CC=2C=CC=CC2N1)N3CCCC3C=4C=CC=CC4
XS398655b,O=C(NCC=1C=CNN1)NC2CCSC=3C=CC=CC32
XS840120b,COC(=O)C1SCCN1C(=O)C=2C=CC(C#N)=C(C)N2
XS782932b,CN1CCC(C1=O)N2CCC(CC2)C3=CNC=4N=CC=CC34
XS843358a,CC(CN1C=CC=N1)NC(=O)NCC=2C=CC=3OCOC3C2
XS843355a,COCC(C)NC(=O)C1=CC=2COC=3C=CC=CC3C2S1
XS671334b,CC(C)C=1N=C2CCC(CN2N1)NCC3=NN=C(O3)C(C)C
XS843360a,CC(C)(C)C=1C=CC(=CC1)C2CCCN2C(=O)C=3C=CNN3
XS498227b,CC(CC=1C=CC(Cl)=CC1)C(=O)NCC=2N=CC=C(N)N2
XS843356a,O=C(NC(C=1C=CC=CC1)C=2C=CC=CN2)C=3C=CC(O)=NC3
XS194226d,CCOC=1C=CC(=CC1)NC(=O)CC(C)N2N=C(C)C=C2C
XS638484b,CC1=NC(=NO1)C2CCCN2C(=O)CC=3C=CN(N3)C(C)C
XS839236b,CC=1C=CC=C(C1)C2CCN(C2)C(=O)C3=NNC(=O)NC3=O
XS841437b,CC1CCCN(C1)S(=O)(=O)N2CCC=3C=CC(F)=CC32
XS841550b,NC1=CC(=NC2=NC=NN12)N3CCCC(O)(C3)C(F)(F)F
XS843357a,CCN1C=NN=C1CNC(=O)C2NCCOC=3C=CC=CC32
XS797140b,COC=1C=CC(=CC1)C2CCCN2CC3=NN=C(O3)C4CC4
XS761917b,CCCC1=NC(CN2CCNC(=O)C2C=3C=CC=CC3)=NO1
XS836673b,COCC(C)C(=O)NC1=NNC=2C=CC(=CC12)C(F)(F)F
XS843351a,CC=1C=NN(C1)CC2CCCCN2C(=O)CC3=CC=CS3
XS639224b,CC(C)(CNC(=O)C1CCN2C=NC=C2C1)C3CCCCC3
XS843353a,CC(SC=1N=C2N=CC=CN2N1)C(=O)N3CCC(C)CC3
XS840857b,C1=CC(=CS1)C=2N=NN(CC3CCC4(CCCCC4)O3)N2
XS836649b,CC(C)C1CCCCCN1C(=O)C=2C=NC3=C(C2)N=CN3C
XS838432b,COC(CO)COC=1C=C2C=NNC2=CC1Br
XS843354a,CC1=NNC(CC(=O)NC(C)C=2C=CC(=CC2)OC(C)C)=N1
XS843359a,CC(C(N)=O)N1CCN(CC1)C=2C=CC=C(C2)C(F)(F)F
XS843352a,CC(NC(=O)NC=1C=CC=NC1)C=2C=CC=3OCCOC3C2
XS843373a,CC(NC=1N=C(N=C2C=CC=CC12)C=3C=CN=CC3)C(C)(C)O
XS401610b,CC(NC=1C=CC2=NN=C(N2N1)C(F)(F)F)C=3C=CC=CC3
XS843371a,CCNC(=O)C=1C=CC(NC(=O)NCC2CCCO2)=C(C)C1
XS843374a,CC1=CN2CC(CCC2=N1)NC(=O)C=3OC=4C=CC=CC4C3C
XS815289b,CC(NC(=O)NC=1C=CC=CC1)C=2C=CC(=CC2)N3C=CN=C3
XS843366a,CC1CNCCN1C(=O)CCC=2C=CC(Br)=CC2
XS843363a,N#CC(NC(=O)C=1C=CC=C(N1)N2C=CC=N2)C3CCCCC3
XS394874b,O=C(CC=1N=C2N=CC=CN2N1)NC3CCCC=4C=CC=CC43
XS843362a,COC=1C=CC=CC1CNC(=O)C23CCC(=O)N3CCS2
XS724501b,CNC1CCCN(C1)C(=O)CCCOC=2C=CC=CC2Cl
XS841325b,O=C(O)CC1CN(CCO1)C=2N=CN=C3NC4=CC=CC=C4C23
XS581644b,CC1=CC(=NO1)C(=O)NC2CCCN(C2)C(=O)C=3C=CC=CC3
XS843372a,CC1=NN(C)C(C)=C1S(=O)(=O)N2CCCC2CC(C)(C)C
XS673471b,O=C(CC=1C=CC=2OCCC2C1)N3CCCC(C3)N4C=CC=N4
XS797099b,O=C1COC=2C=CC(=CC2N1)S(=O)(=O)NCC3CCOC3
XS843370a,CCN(CC)C=1C=CC(=CN1)CNC(=O)NCC2CCCO2
XS842462b,CN1C=C(C=N1)C2CC(=NN2C)C=3C=CC=4OCC(=O)NC4C3
XS842653b,NC(=O)C1CN(CCO1)C=2C=CC3=C(Cl)C=CN=C3C2F
XS843365a,CC(C)(CC(=O)N1CCCN2C=3C=CC=CC3CC2C1)C4CC4
XS843361a,CCC1C(=O)NCCN1C(=O)C=2C=NN(C2C)C=3C=CC=CC3
XS843368a,CN1N=NC=C1CC(=O)NC2CCN(CC=3C=CC=CC3)C2=O
XS581609b,CC(C1CC1)N(C(=O)CN2C=NC(=N2)C=3C=CC=CC3)C4CC4
XS843364a,O=C1C=2C=CC=CC2N=CN1CC(O)COCC=3C=CC=CC3
XS841976b,NC(=O)C1=NN=C(S1)N2CCC(C2)OC=3C=CC=CC3F
XS843367a,OCC(NC1=NC(=NO1)C2CCC2)C=3C=CC(Cl)=C(F)C3
XS843369a,CC1=CC(=NO1)NC(=O)NC(C)C=2C=CC(=CC2)C(F)(F)F
XS838592b,CCN1C(=O)N(CC)C=2C=C(C=CC21)NC(C)C3=NC=C(C)O3
XS465564b,CC=1C=C(F)C=C2NC(=CC12)C(=O)N3CCC(C3)C=4N=NNN4
XS838440b,FC=1C=CC=C(C1)OCC2=NOC(=N2)C3CCCC4=NN=CN43
XS837147b,NC(=O)CC(NC(=O)NC=1C=C(Cl)C=CC1Cl)C2CC2
XS843379a,CCC=1ON=C(C)C1C(=O)N2CCN(CC)C(C2)C3=NC=CN3
XS840031b,CN1CCC(NC(=O)CN2C=C(C=N2)[N+]([O-])=O)C=3C=CC=CC31
XS843384a,CCOC(=O)C1(CCCCC1)NC(=O)C2CC=3C=CC=CC3O2
XS643564b,CC1=NC(=NO1)C2CCCN2CC(=O)NCCC=3C=CSC3
XS843382a,CC(C)C1C(=O)NCCN1C(=O)C=2C=NN3C=CC=C(Cl)C23
XS838025b,CC(C)(C)NS(=O)(=O)C1(CCC1)C(=O)NCC2CCOC2
XS836768b,CC1=NC(=CS1)C2=CNC(=C2)C(=O)NC3CCCCNC3=O
XS640905b,CC(OC(=O)C1CCN(CC1)C2=NC=3C=CC=CC3O2)C(N)=O
XS549527b,NC(=O)C1CCN(C1)C(=O)NC2=NC(=CS2)C=3C=CC=CC3
XS570909b,CNC1CCCN(C1)C(=O)C2=CN=C(S2)C=3C=CC=CC3F
XS843383a,O=C(NCC=1C=CC(=NC1)N2CCCCCC2)C3CCC(=O)N3
XS843381a,CC1CN(CCN1C(=O)C=2C=CC=CC2F)C=3C=CC=C(F)C3
XS843377a,CC(C)(O)C1CCCN1C(=O)NC=2C=NN(C2)C=3N=CC=CN3
XS804920b,CCC=1OC=NC1C(=O)N2CCCC(C2)C3=NC(C)=C(C)S3
XS582259b,CNC(=O)C1CCCCN1S(=O)(=O)C=2C=CC=C(F)C2F
XS843378a,CC(C=1C=CC(F)=CC1)N(C)CC2=NN=C(O2)C3=CC=CS3
XS843376a,CCC1(C)COCCN1C(=O)C2CCN(CC2)C=3C=NC=CN3
XS841538b,CC=1C=CC=2NC=3CCC(CC3C2C1)NS(=O)(=O)C4(C)CC4
XS843375a,CC=1C(Br)=CC=CC1CS(=O)(=O)CC(C)CO
XS838981b,CCOC(=O)C=1C=NN2C=CC=C2C1N(C)CC3(O)CCOC3
XS843380a,CC1CN(CC2(CCOCC2)O1)C(=O)C=3C=CC=C4C=NNC34
XS838970b,CC=1C=CC=CC1OC(C)C(=O)NC2=NC(=NN2)C(F)(F)F
XS843389a,CN(CCN1C=CC=N1)CC(C2=CC=CS2)N3CCOCC3
XS843395a,O=C(COC=1C=CC=CC1)N2CCCC2C3=NC=4C=CC=CC4N3
XS843388a,CC1=NN2CC(CCC2=N1)NC=3C=C(C)N=C(N3)C=4C=CN=CC4
XS837558b,O=C(C1CC2(CC2)CO1)N(C=3C=CC=C4C=CC=NC34)C5CCC5
XS843394a,COC=1C=CC(=CC1)C2CCCCCN2C(=O)NC=3C=CC=NC3
XS842395b,CN1CCN(CC1CC=2C=CC=CC2)C=3N=CC=4N=CSC4N3
XS843386a,CCC(CC)(CNC(=O)C(C)NC(N)=O)C=1C=CC(Cl)=CC1
XS841907b,COC=1C=C(C)C(=CC1C(F)(F)F)NC(C)CS(C)(=O)=O
XS577251b,CNC1CCCN(C1)C(=O)COC=2C=CC=C(Br)C2
XS843387a,CC1(CC(=O)N(CC(N)=O)C1=O)C=2C=CC(Br)=CC2
XS843396a,N#CC=1C=NC=CC1N2CCCC(C2)C3=NC=C(N3)C(F)(F)F
XS157694d,CC=1C=CC(=CC1)C2=NN=C(O2)C(C)NC=3C=CC=4OCOC4C3
XS843391a,COC=1C=CC=CC1C(NC(=O)C2=CC=CN2C)C3=NOC(C)=N3
XS746320b,CC=1C=CC=CC1C2CCN(C2)C3=C(C#N)C(=O)N(C)C(=O)N3C
XS692943b,O=C(CC1=CNC=2C=CC=CC12)NCC3COC=4C=CC=CC4O3
XS843397a,CC(NC(=O)C=1C=CC=CC1F)C=2C=CC(=CC2)S(N)(=O)=O
XS843398a,O=C(NCC1CCS(=O)(=O)C1)C2=NNC(=O)C=3C=CC=CC23
XS843393a,CC1COC=2C=CC=CC2CN1C(=O)C3=CC=CN4C(=O)NN=C34
XS843399a,COCC(C)NCC(=O)NC=1SC=2CCCCC2C1C(N)=O
XS843400a,O=C(C1=CN(CC=2C=CC=CC2)N=N1)N3CCCC3C4CCCC4
XS843390a,C1=CN(N=C1CN2CCCCC2CN3C=NC=N3)C=4C=CC=CC4
XS840490b,O=C(CC1C=CCC1)NCC=2C=CC(=CC2)NC(=O)C3=CC=CO3
XS842275b,COC=1C(=CC=C2C=CC=CC12)CN3CCC(C3)C4=NOC(C)=N4
XS753516b,COC=1C=C(C=CC1F)C(=O)N2CCC(C2)N3C=C(Cl)C=N3
XS843392a,CN1C=C(C=N1)N2CCC(C2)NC(=O)C3=CC=4C=CC=CC4S3
XS839985b,CNC(=O)NC(=O)C(C)N(C)CC1=NC(=CS1)C(F)(F)F
XS838967b,CC1=CSC(=N1)C2COCCN2CCC=3C=CC=4OCCC4C3
XS843401a,CC1=NN=C(O1)C(C)N2CCN(CC2)C(=O)CC=3C=CC(C)=CC3
XS843402a,COC=1C=CC(Cl)=CC1N2CCC(C2)NC(=O)C=3C=CC=NC3
XS843413a,CC=1N=CSC1C(=O)NC(CN2CCCC2=O)C=3C=CC=CC3
XS843412a,CCOC=1N=CC=CC1C(=O)N(CC)C(C)C=2C=CC=C(C2)OC
XS843408a,CC1=C(OC=2C(C)=CC=CC12)C(=O)N3CCOCC3C=4N=CON4
XS840845b,CC(NC(=O)NC=1C=CC(=C(Cl)C1)N2C=CC=N2)C=3C=CON3
XS562700b,N#CC1=CC=C(CN2CCCC(O)(CC3=NC(=NO3)C4CC4)C2)O1
XS839694b,CC(NC(=O)NCC1=COCCO1)C=2C=CC=C(Cl)C2Cl
XS843404a,O=C(NCC=1C=COC1)C2CCCN2C=3N=CN=C4SC=CC34
XS843409a,CNC(=O)CNC(=O)CC1SC=2C=CC(Cl)=CC2NC1=O
XS843416a,COC1=CC(=CC(OC)=C1OC)CNC(C=2C=CC=CC2)C(C)C
XS843411a,CC(C1CC1)N(CC(=O)NC=2C=CC=C(F)C2)CC=3C=CC=CC3
XS841263b,CC=1C=CC(=CC1)C2=NC=C(CN3CCN4C(=O)NCC4C3)S2
XS843410a,CC1CCCCN1C(=O)COC(=O)C=2C=CC(=CC2)N3C=NN=N3
XS843417a,CC1=CN2CC(CCC2=N1)NC(=O)CC=3C=CC=4OCCOC4C3
XS843406a,CC(C(=O)NCC=1C=CN=C(C1)N2CCCCCC2)N3C=CC=N3
XS843407a,O=C(C=1C=C(Cl)C=CN1)N(CCC=2C=CC=CC2)C3CCOC3
XS843415a,CC1=NOC(=N1)C2CCCN(C2)C(=O)COC=3C=C(C)C=CC3C
XS843414a,O=C(CCN1C=NC=N1)NC(CN2CCCC2=O)C=3C=CC=CC3
XS843405a,O=C(C1=CC=2C=C(Cl)C=CC2O1)N3CCCC3CN4C=CC=N4
XS842460b,CN1N=C(N=C1N)C2CCCN2C=3C=NC4=CC(F)=C(F)C=C4N3
XS843403a,COCCN1C=C(C=CC1=O)C(=O)N2CCCC(C2)N3C=CC=N3
XS438690b,CC1=NN=C2CCC(CN12)NCC3=CC=C(O3)C=4C=CC=CC4F
XS602037b,O=C(C=1C=CNC1)N2CCC(C2)OC=3C=CC=NC3N4CCCC4
XS328121b,COCC1(CCCN1C(=O)C=2C=CC(=CC2)C3CCCC3)C(N)=O
XS843426a,CNC(=O)C(NC(=O)CCN1C(C)=CSC1=O)C=2C=CC=CC2
XS837948b,CCN1C=C(CCNS(=O)(=O)CC2CCCCC2(F)F)N=N1
XS839213b,COCC(C)(O)CN1C=NC2=C(C=NN2C=3C=CC=CC3F)C1=O
XS560353b,CC1=NOC(CC2(O)CCCN(C2)C=3C=C(Cl)C=CC3C#N)=N1
XS843428a,CCOC=1C=CC(=C2C=CC=CC12)S(=O)(=O)N3CCCC(C)C3
XS717949b,CC(C)C1=CSC(=N1)NC(=O)C2CC(=O)N(CC(F)(F)F)C2
XS843429a,CCCNC(=O)C(C)N1CCN(CC1)C(=O)CC=2C=CC=CC2C
XS608345b,CC=1C=NN(C1)CC2CCCN2CC(=O)NCCC=3C=CSC3
XS843418a,CCOC=1C=CC(=CC1)C(=O)N2CCCC(CNC(=O)C(C)C)C2
XS838372b,CC(C)CN(CC(C=1C=CON1)C2CC2)C(=O)C3=CC=CC(=O)N3
XS837333b,NC=1C=CC(Br)=C(C1)CN2CCCC(C2)OC(F)F
XS843420a,CC=1NC=2C=CC(=CC2C1C)C(=O)NC(C)C3=NN=C4C=CC=CN34
XS843423a,O=C(NC=1C=CC(=CC1)S(=O)(=O)N2CCCC2)C3CC=CCC3
XS839757b,CC(CC=1C=CSC1)NC(=O)N2CCC(O)(CC2)C(F)(F)F
XS843427a,OC(CN1C=CC=N1)CN2CCN(CC=3C=CC=C(Cl)C3)CC2
XS843425a,CC1=NOC=2N=C(C=C(C(=O)N(C)C(C)C=3C=CN=CC3)C12)C4CC4
XS843422a,O=C(NCCN1CCOCC1)C=2C=CC=C(C2)OCC3CCCO3
XS490466b,CNC(=O)C1CN(CCO1)C(=O)C=2C=CC(Cl)=C3N=CC=CC23
XS843424a,CC(=O)NC(C)C(=O)N1CCN(CC1)C2=CC(C)=NC3=NC=NN23
XS843421a,CCC1=NC=2C=CC=CC2N1CC(=O)NC3CCCC=4C=CC=CC43
XS840493b,COC=1N=CN=CC1NC(=O)C(=O)NC(C)C=2C=C(C)SC2C
XS841385b,CCC1=CC=C(O1)C2CC(=O)NC3=NN(CC=4C=CC=CC4)C(C)=C32
XS836488b,COC=1N=CN=CC1NC(=O)N2CCC(C(F)(F)F)C(C)(C)C2
XS840349b,[O-][N+](=O)C=1C=C(Cl)C=C(NC(=O)C2CCC=3C=NNC3C2)C1O
XS843419a,O=C(C=1C=CC(=CC1)CN2C=CN=C2)N3CCCC(C3)N4C=CC=N4
XS838460b,COC=1C=CC(=CC1Cl)CCC(=O)N2CCC3(C2)CC=CCO3
XS675814b,CCC(CC(=O)N(CC=1C=CN=CC1)C2CC2)C=3C=CC(=CC3)OC
XS740806b,CC(NC(=O)C1(CC1)C=2C=CC=C(Cl)C2)C3=NN=C4C=CC=CN34
XS842016b,COC(=O)C(CS(=O)(=O)NC=1C=C(C)N(C)N1)C=2C=CC=CC2
XS836634b,CC=1C=C(ON1)C2CCN(C2)C(=O)NC=3C=CC(Cl)=CC3Cl
XS843437a,O=C(NC=1C=CC=NC1N2CCCC2)C3CC=4C=CC=CC4C(=O)O3
XS838147b,O=C(CCC1=CC(Cl)=CS1)NCC2CS(=O)(=O)CCO2
XS161870b,CCOC=1C=CC=CC1NC(C)C(=O)NC=2C=CC=3NC(=O)NC3C2
XS656924b,CC=1C=NN(C1)CC2CN(CC3=CC(=NO3)C=4C=CC=CC4)CCO2
XS843434a,O=C(CCC1CC=2C=CC=CC2NC1=O)NCCC=3C=CC(F)=CC3
XS843431a,CC(NC=1C=CC=CC1C#N)C=2C=C(F)C=CC2N3CCC(O)CC3
XS842626b,CC(C)C=1C=CC=2NC(=O)C(NC(=O)C=3C=CC(=CN3)C(N)=O)C2C1
XS843435a,CC=1C=CC=CC1C(C)NC(=O)NC2CCN(CC2)S(C)(=O)=O
XS843433a,CCCN1C(=O)CCC=2C=C(C=CC21)NC(=O)C(C)C=3C=CC=NC3
XS840578b,O=C(NCC1=NN=CN1C2CC2)NC(C=3C=CC=CC3)C(F)(F)F
XS837818b,COC=1C=CC=C(C1)NC2CCN(CC2)C(C(N)=O)C=3C=CC=CC3
XS843430a,C1=CN(CC2CN(CC3=CSC(=N3)C=4C=CC=CC4)CCO2)N=C1
XS763434b,O=S1(=O)CCC(CC2=NN=C(O2)SCCC=3C=CC=CC3)C1
XS843436a,CC(=O)NC1=CC=CC(C(=O)NC2(CCOC2)C=3C=CC=CC3)=C1C
XS842732b,C#CCCN(CC)C(=O)C(C)C(=O)NC=1C=C(Cl)C=C(Cl)C1
XS841413b,O=C(C1=CC2=CC=CN2C=N1)N3CCCC(C3)C4=NOC(=N4)C5CC5
XS837033b,CNC(=O)C=1C=CC=C(N1)C(=O)NC(C)C2=CC=3C=CC=CC3S2
XS838634b,CN1C=CC2=C1CCN(C(=O)CC3=CC=NN3)C2C=4N=CC=CC4F
XS836853b,CC=1C(=NNC1NC(=O)C2CC=3C=C(F)C=CC3O2)C=4C=CN=CC4
XS837482b,CCOC(=O)C=1N=NNC1C2CCCN2C(=O)COCC3CCC3
XS837414b,CC(C)(C)OC(=O)C1=CC(=NN1)NC(=O)CC2OCCCC2(C)C
XS840979b,NC(=O)C(NC(=O)CN1CCCOC1=O)C=2C=CC3=CC=CC=C3C2
XS843438a,CC(C)C(NC(=O)COC=1C=CC=NC1)C=2C=CC=3OCCOC3C2
XS843443a,CN1C(=O)C(C#N)=C(NC2CCCN(C2)C=3N=CC=CN3)N(C)C1=O
XS841447b,CC(C=1C=CC=C(C1)S(N)(=O)=O)N(C)C=2C=C(N=CN2)C(F)F
XS553226b,CC(C)NC(=O)C(C)N1CCC(CC1)C2=NC(=NN2)C=3C=CC=CC3
XS774627b,CC(C)OC=1C=CC(=CN1)CNC=2C=C(N=CN2)N3CCCC3CO
XS836909b,CC=1C=CN=C(N1)OC=2C=CC(=CC2)NC(=O)C(C(=O)O)C(C)(C)C
XS843441a,CNC(=O)C=1C=CC(=CC1)NC(=O)N2CCCCC2C3=CC=C(C)O3
XS841046b,O=C(CN1C(=O)CSC=2C=CC=CC21)OC3CCS(=O)(=O)C3
XS549152b,COC=1C=C(C#N)C=CC1OCC(=O)N2CCCC2CN3CCCC3
XS840413b,O=C(CNC=1C=CC=2OCCOC2C1)N3CCCC3C4=CC=CS4
XS837867b,CC(C(=O)NC=1C=CC=CC1S(C)(=O)=O)C2=CC=C(Cl)S2
XS837563b,COC=1C=C(C=NC1C(F)(F)F)C=2C=CC=CC2OC(C)C(=O)O
XS843439a,CC1=NC(=NO1)C2CCCN(C2)C(=O)COC=3C=CC(=CC3)C(N)=O
XS841539b,CC1(CCS(=O)(=O)C1)NC(=O)C=2C=NC(=NC2N)C3CCCC3
XS843440a,O=C(NC=1C=CC(=CC1)CC2CC(=O)NC2=O)C=3C(F)=CC=CC3F
XS840858b,CC=1C=CC(CNC(C)C=2C=CC=C(O)C2)=C(N1)N3C=C(Cl)C=N3
XS750165b,CC(=O)NCC=1C=CC(=CC1)C(=O)N2CCCCC2C3=NNC(C)=N3
XS836965b,CC=1C=C2N=C(C)C=C(NC3CCC4=C(C3)N=C(C)N4CCO)N2N1
XS837801c,OC=1C=CC=2CCC(NC=3C=CN4N=CC(Br)=C4N3)C2C1
XS841258b,CC1CCC=2C(=CSC2C1)C(=O)N3CCC4=NN(C)C(=O)C=C4C3
XS842706b,CC(C1=NN=NN1C2CCCCC2)N3N=NC(=N3)C=4C=CC=C(F)C4
XS841356b,CC1COC2(CCCC2)CN1C(=O)C=3C=CC=C(C3)C4=CSC=N4
XS842393b,CC1=C(C=NN1C)C(=O)OC2CCC=3NC=4C=CC(Cl)=CC4C3C2
XS843442a,CC=1N=CN(C1C)C=2C=CC(=CC2)NC(=O)C(C)NC(=O)C(C)(C)C
XS840702b,CC=1N=C(SC1C(C)N(C)C(=O)CC=2C=CON2)C=3C=CC=CC3
XS843452a,CNC(=O)C(CC(C)C)NC(=O)C=1C=C(NN1)C=2C=CC=CC2Cl
XS843451a,CCC(CC)C(CNC(=O)NCC=1C=CC=C(C)C1)N2CCOCC2
XS843453a,COCCOC=1C=CC(=CC1OC)C(C)NC(=O)C=2C(C)=NOC2C
XS843448a,O=C(C=1N=CN=C2N=CNC12)N3CCCC(C3)C4=CC=5C=CC=CC5N4
XS843450a,CS(=O)(=O)C=1C=CC(=CN1)NC(=O)NC(C=2C=CC=CC2)C3CC3
XS838100b,O=C(C=1C=CC=2NN=NC2N1)N3CCC(C3)NC4=NC=5C=CC=CC5O4
XS557879b,CC(C(=O)NC(=O)NC(C)(C)C)N1CCC(CC1)NC=2C=CC=CC2
XS839969b,CC1=NN(C)C(C)=C1OCC2=NC(=NO2)C3CC(=O)N(CC4CC4)C3
XS747682b,O=C(NCC=1C=CC=C(C1)OC=2C=CC=CC2)C3CCCC=4NN=CC43
XS843446a,CC(=O)N1CC=2C=CC=CC2CC1C(=O)NC=3C=CC4=CC=CC=C4N3
XS690749b,CN1C=C(C=N1)CCNC(=O)NCC(C2=CC=CO2)N3CCCCC3
XS843444a,CC1=CC(=NO1)NC(=O)C(C)N2CCC(CC2)NC=3C=CC(F)=CC3
XS732217b,CC(=O)NC1CCCN(C1)C(=O)NC=2C=NC3=C(C=NN3C(C)C)C2
XS843454a,CC(NC(=O)C=1C=CC=C(C1)NC(=O)C2CC2)C3=NC=4C=CC=CC4N3
XS843447a,O=C(C=1C=C2CCCCN2N1)N3CCC=4NC=NC4C3C=5C=CC=CC5
XS843445a,O=C(NC=1C=CC(=O)N(C1)CC=2C=CC=CC2Cl)C3CCCOC3
XS177382b,COC(=O)CCCNC(=O)C1CC(=O)N(C1)C=2C=CC=3CCCC3C2
XS843449a,CCCOC=1C=CC(=CC1OCCC)C(=O)NC2CCCCNC2=O
XS840328b,COC(=O)C(CNC=1C=CC(C#N)=NN1)CC=2C=CC=C3C=CC=CC23
XS841431b,ClC1=C(SC=2C=CC=CC12)C3=NN=C(O3)C4CC54CCOCC5
XS840607b,CC1=CC=C(S1)C(C)NC(=O)NC2=CC(=CNC2=O)C(F)(F)F
XS841407b,CC(=O)N1CCN(CC1)C(=O)C(C)N2C(C)=CC(=O)C=3SC=CC32
XS838670b,CC1=NOC=2N=C(NC(C)C=3C=CC=C(C3)S(C)(=O)=O)NC(=O)C12
XS841823b,FC1=CC(F)=CC(=C1)C2=NSC(=N2)N3CCC(CC4=NN=NN4)C3
XS842196b,CC(NC(=O)C=1C=NOC1C2=CC=CO2)C3=NC(=CN3)C=4C=CC=CC4
XS843463a,CC(NCC(=O)NC=1C=CC=CC1C(=O)NC2CC2)C=3C=CC(F)=CC3
XS841930b,COC=1C=CC=C(C1)COC2CCN(C2)C3=NC=NN4C(C#N)=CC=C34
XS843456a,CCN1CC(CN(C)CC=2C=CC(=CC2)C(=O)OC)OC=3C=CC=CC31
XS843457a,COC=1C=CC=CC1C(=O)N2CCN(CC2)C(C#N)C=3C=CC(F)=CC3
XS551822b,CC(CCC=1C=CC=CC1)NC(=O)N2CCC(CC2)NC=3C=CC=NN3
XS843459a,OC(COC=1C=CC=2CCCC2C1)CN3CCN(CC3)C=4C=CC=CC4
XS843461a,O=C(NC=1C=CC=CC1)C2CCCN2C(=O)C=3C=C(ON3)C4=CC=CO4
XS420230b,CC(=O)NC1C(=O)N(CCCOC=2C=CC=CC2)C=3C(C)=CC(C)=CC31
XS842709b,CC=1N=C(C2=CNC=3C=C(Cl)C=CC23)N(N1)C4CCS(=O)(=O)C4
XS841754b,CC1N(CCC1(F)F)C2=NN=NN2CCCN3CCCS3(=O)=O
XS843455a,CC=1C=CN(N1)C=2C=CC(=CC2)C(=O)N3CCCCC3CN4C=CC=N4
XS407112b,O=C(NCC=1C=CC(=CC1)OCC=2C=CC=C(F)C2)C3CCNC(=O)C3
XS843458a,COC=1C=CC(OC)=C(C1)NC(=O)C(C)N2C(=O)C=3C=CC=CC3C2=O
XS576153b,CC1=NOC=2N=CN=C(NC3CCN(C3=O)C=4C(C)=CC(C)=CC4C)C12
XS488500b,CN1C=C(C=C1C(=O)N2CCCCC2C3=NN=C4CCCCN34)C(N)=O
XS843460a,CC=1OC(=CC1CO)C(=O)N2CCC=3NC=NC3C2C=4C=CC(F)=CC4
XS389288b,CCOC=1C(Cl)=CC(=CC1Cl)C(=O)NC2CCS(=O)(=O)C2
XS742677b,COC=1C=CC(=CC1)CC2CCCN2CC3=CC(=O)N4C=CC=CC4=N3
XS843462a,O=C(NCC1CCCCN1CC2=NC(=NO2)C3CC3)NC=4C=CC=CC4
XS432771b,O=C(NCC(C=1C=CC=CC1)N2CCCC2)C3=NC=4C=CC=NC4S3
XS837074b,O=C(CNS(=O)(=O)C1CCCOC1)NC=2C=CC(F)=C(F)C2F
XS837778b,CN1C(=CC=2C=C(Br)C=NC21)C(=O)N3CCOC(CF)C3
XS838429b,CC=1C=CC=CC1C2=NN=C(CS(=O)(=O)CC3CCC(F)(F)C3)O2
XS679741b,COC=1C=CC(OC)=C(C1)C2CCCN2C(=O)C3=CNC=4C=CC=CC34
XS629851b,CC=1N=C(CC=2C=CC=CC2)SC1C(=O)NC3CCCC4=NN(C)C=C43
XS839360b,CN1N=NC=2C=CC=C(CNCC(F)C=3C=CC(Br)=CC3)C21
XS843468a,CSC=1N=C(C)C(CCC(=O)NC(C)C=2C=CC=C(Cl)C2)=C(C)N1
XS843466a,CS(=O)(=O)N1CC=2C=CC=CC2CC1C(=O)NCCC=3C=CC=CN3
XS640868b,CCC=1N=CN=C(C1F)N(C)CC2CCC3=NC(=CN3C2)C(F)(F)F
XS334393b,CCOC=1N=C(C)C=CC1C(=O)N2CCCC(O)(CC3=NN=CN3C)C2
XS839580b,CCN1N=C(C)C=2N=C(NC(=O)C21)C3CC(=O)N(CCC=4C=CC=CC4)C3
XS837641b,CC1(C)CC(CN1CC(=O)NC2=NC=3CCCC3S2)S(N)(=O)=O
XS626902b,CN1CCC(C2=NC(=NO2)C=3C=CC(=CN3)OCC(F)F)S1(=O)=O
XS808890b,O=S(=O)(NCC1CCC2=NC=CN2C1)C=3C=C(Cl)C=CC3Cl
XS840480b,COC(=O)C=1C=C(OC1C)C2NC3=CC(OC)=C(C=C3C(=O)N2C)OC
XS722134b,CC1=CC=CC(C)=C1NC(=O)C(C)N(C)CC2=NC=3C=CC=CC3C(=O)N2
XS843467a,O=C(CCC(=O)N1CC(=O)NC=2C=CC=CC21)N3CCC3C=4C=CC=CC4
XS843464a,CC=1N=C(SC1C(=O)OCC(=O)NCC2CCCO2)C=3C=CSC3
XS840799b,CCC(C)OC=1N=C2C=CC=CC2=NC1NS(=O)(=O)C=3C=CC=CC3
XS488692b,CC(NC(=O)NC=1C=CC=NC1)C=2C=C(F)C=CC2N3CCC(O)CC3
XS335175b,CC1=NOC(=N1)C2CCCN(C2)C(=O)CNC(=O)C=3C=CC(F)=C(F)C3
XS843465a,CC(C(=O)N1CCC(CC1)C2=NC(=NN2)C=3C=CC=CC3)C=4C=NC=NC4
XS471670b,CC(=O)NC1(CCN(CC2=NN=C(C)N2C3CC3)C1)C4=NC(C)=CS4
XS843469a,CNC(=O)C1CCCCN1S(=O)(=O)C=2C=NN(C2)CC=3C=CC=CC3
XS569498b,O=C1CC(CN1CC(F)(F)F)C2=NC(CN3C=NC=4C=CC=CC43)=NO2
XS549349b,CCC1=C(C=NN1CC(C)C)C(=O)NC2CCOC=3C(Cl)=CC=CC32
XS837314b,COC=1C=NC=CC1C(C)NC(=O)N(CC=2C=COC2)C3CCCCC3
XS589969b,CC(C1=NC(=NO1)C=2C=CC=C3NC=CC23)S(=O)(=O)C4CCOCC4
XS838768b,CC(C)(CN1CCN(CC1)C=2C=CC=CC2)NCC(F)C3CCOCC3
XS839431b,COC(CC=1C=CC=CC1)CS(=O)(=O)NC2=NN(C)C=3CCOCC23
XS696795b,CCCC1=CC(=O)NC(=N1)SCC(=O)N(CC)C2CCS(=O)(=O)C2
XS843479a,CC1=NC2=NC(=NN2C(C)=C1CCC(=O)N(C)C(C)C3CC3)C(F)(F)F
XS392885b,CC(NC(=O)C1CCN(CC1)C(=O)NCC2=CC=CO2)C=3C=CC=C(F)C3
XS843473a,CN1C(=O)NC=2C=CC(=CC21)C(=O)NC3CCN(C3)C(=O)C4CCCCC4
XS843476a,CC(=O)NC=1C=CC=C(C1)C(=O)OCC(=O)NC(C)C=2C=CC(Cl)=CC2
XS838884b,NC(=O)C=1C=C(Cl)C=C(C1)S(=O)(=O)N2CCOCCC2C(F)F
XS843472a,CC=1C=CN2N=CC(C(=O)NC3CCN(C3=O)C=4C=CC=C(Cl)C4)=C2N1
XS843475a,CC=1C=C(C=CC1Cl)C(=O)N2CCS(=O)(=O)CC2C=3C=NN(C)C3
XS840902b,O=C(NC=1C=NC=2CCCC2C1)NC3CCN(C3=O)C=4C(F)=CC=CC4F
XS843471a,CC(C)(C)NC(=O)CNC(=O)C1CC(=O)N(C1)C=2C=CC=3OCCOC3C2
XS843482a,CCN(CC)C(CNC(=O)C=1C=NC2=C(C1)C(C)=NN2C)C=3C=CSC3
XS604157b,CC(=O)N1CCC=2C=C(C=CC21)S(=O)(=O)NCC3CCN4C=CN=C4C3
XS843484a,CCC=1C=CC(=CC1)C2CNCCN2C(=O)C=3C=CC(=CC3)N4C=CC(C)=N4
XS148277b,CNC(=O)C1CN(C(=O)COC(=O)C=2C=CC=CC2C)C=3C=CC=CC3O1
XS843485a,COC=1C=CC(=C(C1)OC)C2CCCN2C(=O)COC=3C=CC=C(Cl)C3
XS843470a,CC=1SC=2N=CN(CCC(=O)NC(C)C=3C=CC=C(O)C3)C(=O)C2C1C
XS843483a,CN1C=C(C=N1)C2=NC(=CS2)C(=O)N3CCN(C)CC3C=4C=CC=CC4
XS159125c,CC=1C=C(NC(=O)CN2CCN3C=CC=C3C2C)N(N1)C=4C=CC(F)=CC4
XS838806b,CC=1C=CC=CC1C2=NC(CN3C(=O)CC(NC3=O)C4CCOCC4)=NO2
XS843477a,O=C(C=1C=CC(=CC1)OCC2CCCO2)N3CCN(CC3)C=4N=CC=CN4
XS843480a,CCC=1C=CC(=CC1)N2CC(CC2=O)C(=O)NCCC=3C=CC=CC3OC
XS842105b,O=C(NCCC=1C=C(F)C=C2COCOC12)C3CC(=NO3)C=4C=CC=CC4
XS843481a,CC(C1=NC(=NO1)C(C)(C)C)N2CCC(CC2)C(=O)NC=3C=CC=CC3O
XS843474a,COC=1C=C(F)C=C(C1)CNC(=O)N2CCC3(C2)C(=O)NC=4C=CC=CC43
XS843478a,COC(=O)C1=C(C)OC=2C=C(Br)C(=CC12)OC(C)C(=O)OC
XS840683b,CC=1C(Cl)=CC(=CC1[N+]([O-])=O)S(=O)(=O)NCC(C)CN2C=CC=N2
XS843489a,CCCCN1N=C(C=CC1=O)C(=O)NC(C2=NC=CN2C)C=3C=CC=C(F)C3
XS843500a,CN1C=C(C=N1)CC(CNC(=O)C=2N=CC=C3C=4C=CC=CC4NC23)C(N)=O
XS843498a,O=C(C(NS(=O)(=O)C=1C=CC(F)=C(F)C1)C=2C=CC=CC2)N3CCCC3
XS843495a,CC=1C=CC(=CC1)S(=O)(=O)N2CCN(CC2)C(C)C(=O)N3CCCCC3
XS843501a,CC(=O)N1CCC(CC1)NC(=O)C=2C=CC3=C(C2)CC(C)N3S(C)(=O)=O
XS125170c,CCC=1ON=C(C)C1C(=O)OC(C)C(=O)NC=2C=CC(=CC2Cl)[N+]([O-])=O
XS843486a,CC1=CC(=NO1)NC(=O)C(C=2C=CC=CC2)N3CCN(CC3)C=4C=CC=NN4
XS843493a,CN1C=C(C=N1)C2=NC=C(S2)C(=O)N3CCN(C)CC3CC=4C=CC=CC4
XS843488a,O=C1NC(CN2CCCC(C2)C3=NNC(=N3)C=4C=CC=CC4)=NC=5C=CC=CC15
XS561721b,CC1(C)CCC=2C=CC=CC2C1NC(=O)C=3C=CC=C(N3)C(=O)N4CCCC4
XS843499a,O=C(CNC(=O)C1CCCN1S(=O)(=O)C=2C=CC=CC2)NC=3C=CC=CC3
XS843491a,CC(OC(=O)C=1C(F)=CC=CC1F)C(=O)NC=2C=CC(=CC2)S(N)(=O)=O
XS841083b,C=CCNC(=O)CN1CCN(CC1)C(=O)C2COC=3C=CC(Cl)=CC3C2
XS843492a,CNC(=O)NCCC(=O)N1CCOCC1C=2C(C)=NN(C2C)C=3C=CC=CC3
XS843490a,CC(OC=1C=CC=C(C1)N2C=NN=N2)C(=O)NC=3C=C(Cl)C=C(Cl)C3
XS843496a,CC1=CC(C)=C(NC(=O)CNC(=O)CNC(C)C=2C=CC=C(Cl)C2)C(C)=C1
XS841515b,CCOC(=O)C1CN(CC21COC2)S(=O)(=O)C=3C=CC(=NC3)C(C)(C)C
XS394839b,CC1=CSC2=NC(=CC(=O)N12)CN3CCCC3C4=NC=5C=CC=CC5S4
XS839540b,CC(CS(C)(=O)=O)NC(=O)C1=CSC(=N1)C=2C=CC3=C(C2)CCN3C
XS843494a,CN(CCOC=1C=CC(Cl)=CC1)C(=O)C2CC(=O)N(CC=3C=CC=CC3)C2
XS843487a,CC(=O)NC=1C=CC(=CC1)NC(=O)C(C)OC(=O)CCCOC=2C=CC=CC2
XS838329b,CC1=CN(CC2=NN=C(O2)C3CCCOC3)C(=O)N1C=4C=CC=C(C4)[N+]([O-])=O
XS837071b,CC=1C=C(CNCC(CC=2C=CC(F)=CC2)C(N)=O)C(=CC1C)OC(F)F
XS840921b,COCC=1N=C(C=CC1Cl)NC(=O)NC2CCN(C2=O)C=3C=CN(C)N3
XS843497a,CC1=NC(C(=O)NC(C)C=2N=CC=C(N2)C(F)(F)F)=C(O1)C=3C=CC=CC3
XS838489e,O=C(NC1CCCS(=O)(=O)C=2C=CC=CC21)C=3C=CC4=NC(O)=CN=C4C3
XS843511a,CCOC(=O)C=1SC(=NC1C)NC(=O)C2CCCN(C2)C(=O)N(CC)CC
XS840498b,CC(NC(=O)CCN1C=NC=N1)C(=O)N2CCN(CC2)C=3C=CC=C(Cl)C3
XS740955c,CC(C(=O)NCC(=O)NC=1C=CC(F)=C(F)C1F)N2CCCC=3C=CC=CC32
XS843509a,CC1=C(C=NN1C2CCN(C)CC2)NC(=O)C=3C=C(NN3)C(C)C=4C=CC=CC4
XS843510a,CS(=O)(=O)CC=1C=CC(=CC1)C(=O)NC(C=2C=CC(F)=CC2)C3CCCC3
XS761286b,CC=1C=CC(=CC1)NC(=O)NCC2CCCN(CC3=CN=C4C(C)=CC=CN34)C2
XS843507a,COC=1C=C2C=CC=CC2=CC1C(=O)NCC(C3=CC=CS3)N4CCOCC4
XS843502a,CC1=NN(C)C(C)=C1NC(=O)C(C)N2CCN(CC=3C=CC=C(Cl)C3)CC2
XS843505a,COC=1C=CC=CC1CNC(=O)C2CCCN2S(=O)(=O)C=3C(C)=NOC3C
XS843506a,O=C(CCC1=NC=2C=CC=CC2S1)N3CCCC3C=4C=CC=5OCCOC5C4
XS843513a,CN1C=CN=C1C=2C=CC=C(C2)NC(=O)C=3CC(C(N)=O)N(N3)C=4C=CC=CC4
XS843504a,CC=1SC(=NC1C(=O)N2CCC3(CC3C(=O)N(C)C4CC4)CC2)C5=CC=CO5
XS843512a,CCN(CC(=O)NC1CCS(=O)(=O)C1)S(=O)(=O)C=2C=CC(C)=CC2C
XS843503a,CC1=NN(C(C)=C1NC(=O)CNC(C=2C=CC(F)=CC2)C(C)C)C=3C=CC=CC3
XS685711b,CC(CNS(=O)(=O)C=1C=CC(F)=C(F)C1)N2CCN(CC2)C=3C=CC=CC3
XS843508a,CSCCC(NC(=O)C1=CC=CO1)C(=O)NC=2C=CC=C(Br)C2
XS474726b,CC1=CC=C(C(=O)NCC2CCN3N=CC(C(=O)N4CCN(C)CC4)=C3C2)N1C
XS797544b,CC(C)(C)C=1C=CC(=CC1)CCC(=O)N2CCCC(C2)C3=NN=C4C=CC=CN34
XS840485b,NC(=O)NC(CC(=O)OCC=1C=C(Cl)C=2OCCOC2C1)C=3C=CC=CC3
XS837689c,O=C(NNC1=NC(=NO1)C=2C=CN=CC2)C3CC(=O)N(C3)C=4C=CC=CC4Cl
XS841295b,NS(=O)(=O)C=1C=C(Br)C=NC1NC2CCOC3(CCCC3)C2
XS656992b,NC(=O)C1CCN(CC1)C=2C=CC=CC2NC(=O)CC3CCOC=4C=CC=CC43
XS397301b,CC=1C=CC(=CC1)S(=O)(=O)N2CCCC(C2)C(=O)N3CCCC=4C=CC=CC43
XS839107b,CC=1C=C(C=CC1NC(=O)C2CCCC=3C=C(O)C=CC32)OCC(=O)NC(N)=O
XS584982b,CCNC(=O)CC1CCCCN1C(=O)C=2N=C(N3C=CC=CC23)S(C)(=O)=O
XS843522a,CC1=CC(CSC=2N=CC=CC2C(=O)N3CCCC(C3)C(=O)NCC(C)C)=NO1
XS843526a,CC1=C(C(=O)N2CCOCC2)C(NC(=O)N1CC=3C=CC=CC3)C=4C=CC=CC4F
XS843518a,CC1=CN=C(NC(=O)C=2C=CC(Cl)=C(C2)S(=O)(=O)NCC3CCCO3)S1
XS843525a,CCOC(=O)C1=C(CN(C)CC=2C=CC=C(F)C2)NC(=O)NC1C3=CC=CS3
XS843517a,CCC=1C=CC(=CC1)C2CCCN(C2)C(=O)C3=NN(C=C3CCCO)C=4C=CC=CC4
XS795619c,CC(OC=1C=CC=CC1C#N)C(=O)NC=2C=CC=C(C2)S(=O)(=O)N3CCCCC3
XS843521a,COC=1C=CC=C(C1)C(CNC(=O)C=2C=CC=3SCC(=O)NC3C2)N4CCCC4
XS843519a,CN(C(=O)CN1C(=O)C=2C=C(Cl)C(Cl)=CC2C1=O)C3CCS(=O)(=O)C3
XS843516a,O=C(O)CCCC(=O)N1N=C(CC1C=2C=CC=CC2)C=3C=CC=C(Br)C3
XS840897b,CN1C=C(C=N1)N2N=C(N=C2C3CCC4=NNC(=O)C=C4C3)C=5C=CC(Cl)=CC5
XS843523a,CC1=NC(COC=2C=CC(=CC2)C(=O)NC(CN3CCCC3=O)C=4C=CC=CC4)=NO1
XS840939b,NS(=O)(=O)C1(CCC1)C(=O)N2CCCC(C2)C(=O)N3CCC=4C=CC=CC4CC3
XS843515a,CC(CNC(=O)N1CCC(CC1)C2=NC(=NO2)C=3C=CC=CC3)N4CCOCC4
XS591063b,CC1=CC(C)=NN1C(C)CC(=O)N2CCN(CC2)S(=O)(=O)C=3C=CC(C)=CC3
XS688354b,CCOC=1C=CC=CC1N2CC(CC2=O)C(=O)N3CCCC=4C=C(C=CC4C3)OC
XS840461b,CCOC(=O)C1=C(COC(=O)C2=C(C)OC(=C2C#N)N3C=CC=C3)NC(=O)NC1C
XS843514a,O=C(CN1CCN(CC1)C(=O)C2CC2)NC(C3=CC=CS3)C=4C=CC(F)=CC4
XS843527a,CC(C)CN1CCC(CC1)C(=O)NCC(C=2C=CC=CC2Cl)N3CCOCC3
XS752851b,CN1CCN(CC1)C(=O)C=2C=NN3CCC(CNC(=O)CCC=4C=CSC4)CC23
XS838056b,CC1=CC=C(S1)C=2N=CC=CC2NC(=O)NC(C)C3=NN=NN3C=4C=CC=CC4
XS336210b,O=C(CCOCC1CC1)N2CCC(C2)(C3=NC(=NO3)C=4C=CN=CC4)C(F)(F)F
XS102578b,COC=1C=CC=CC1N2CCN(CC(O)COCC=3C=CC=4OCOC4C3)CC2
XS843520a,CCOC=1C=CC(=CC1OCC)C(C)NC(=O)C=2C=CC=3C(=O)N4CCCC4=NC3C2
XS836850b,CC1=NOC(C)=C1CNC(=O)CN2CC(C)CN(CC=3C=CC=CC3)C=4C=CC=CC42
XS843524a,CNC(=O)C1CN(C(=O)C=2C=CC(=CC2)S(=O)(=O)C(C)C)C=3C=CC=CC3O1
XS838064b,CCOC=1C(Cl)=CC(=CC1OC)CNC(=O)C2CCN(C2)C=3C=CC=CC3F
XS843532a,CC(OC(=O)C=1C=CC(=CC1)S(=O)(=O)N2CCCC2)C(=O)NCC3CCCCC3
XS843539a,O=C(NCC1(CCCCC1)N2CCOCC2)C3CCCN(C3)C(=O)C=4C=CC(Cl)=CC4
XS552816b,O=C(NCC=1C=CC(Cl)=CC1)C2CN(CCO2)S(=O)(=O)C=3C=CC=CC3Cl
XS838782b,CC1=NOC(CNC2=NC=3C=C(C=CC3S2)S(=O)(=O)N4CCCC(C)(F)C4)=N1
XS843529a,CN(C(=O)C=1C=NC2=C(C1)C(=O)NC(=O)N2C3CC3)C4CCN(C4)C5CCN(C)CC5
XS843530a,CC(C)C(CNC(=O)C=1N=C(C2=CC=CS2)N(N1)C=3C=CC=CC3)N4CCN(C)CC4
XS841623b,CC1CCCCN1S(=O)(=O)N2CCN(CC2)C(=O)CN3N=C(OC3=O)C=4C=CC=CC4
XS843535a,O=C(C1CC=2C=CC=CC2C(=O)O1)N3CCN(CC4=CSC(=N4)C=5C=CC=CC5)CC3
XS843533a,O=C(NC=1C=CC=CC1)C2CCCN(C2)C(=O)C=3C=CC(=O)N(CCOC=4C=CC=CC4)N3
XS647256b,O=C(CC1SC=2C=CC=CC2NC1=O)N3CCN(CCOC=4C=CC=CC4Cl)CC3
XS843540a,COC=1C=CC(=CC1S(=O)(=O)N2CCCCC2)NC(=O)C3CC(=O)N(C3)C(C)C
XS843543a,CN1C=C(C=N1)S(=O)(=O)NCC(NC(=O)C2(CC2)C=3C=CC(Cl)=CC3Cl)C=4C=CC=CC4
XS843544a,COC=1C=CC(OC(F)F)=C(C1)C(NCC=2C=C(F)C=CC2OC)C3=NN=NN3C4CCC4
XS840864b,CC(C)NS(=O)(=O)C=1C=CC(=CC1)NC(=O)C(C)OC(=O)C2=CN3C=CC=CC3=N2
XS843541a,CC(NC(=O)CN1CCN(CC1)S(=O)(=O)C=2C=CC(F)=C(F)C2)C=3C=CC(F)=CC3
XS843545a,CC(=O)NC1=CC(=CC(=C1)C(=O)N2CCCC2C=3C=CC=4OCCCOC4C3)NC(C)=O
XS804479b,CC(NC1=NS(=O)(=O)C=2C=CC=CC12)C(=O)N3CCN(CC3)C(=O)C4=CC=CS4
XS843531a,COC=1C=CC(=CC1)C2CCCCCN2CC(=O)NC=3C=C(C=CC3OC)NC(C)=O
XS843537a,CCOC(=O)C1CCN(CC1)C(=O)C(C)OC(=O)C2=NN(C(=O)C=3C=CC=CC23)C(C)C
XS843534a,CC(C)C(NC1=NS(=O)(=O)C=2C=CC=CC12)C(=O)N3CCN(CC3)C=4C=CC=CC4O
XS836748b,CC(=O)N1C=CC=2C=CC=CC2C1CC(=O)NCC3=NN=C4C=CC(=CN34)C(F)(F)F
XS843542a,CC1CC(=O)NC=2C=CC=CC2N1C(=O)COC(=O)C=3C=C(Br)C=CC3N
XS843536a,O=C(C1CCCN1C2=NS(=O)(=O)C=3C=CC=CC23)N4CCN(CC=5C=CC=6OCCC6C5)CC4
XS843538a,CN1C=NC2=C1C(=O)N(CC(=O)N3CCCC3C4=NC=5C=CC=CC5S4)C(=O)N2C
XS843528a,CCS(=O)(=O)NC=1C=CC(=CC1)C=2CC(C=3C=CC=CC3C)N(N2)S(=O)(=O)CC
XS841528b,CN(CCO)CCNS(=O)(=O)C=1C=NC(=C(F)C1)N2CC(C(F)F)C3(CCC3)C2
XS843547a,O=C(NCCC=1C=CC=CC1)NCC2CCCO2
XS840313b,CC=1C=CC(=CC1)C(CF)NC2=NC=CS2
XS840843b,CC(NCC#N)C=1C(Cl)=CC=C(F)C1Cl
XS837254b,CC1CCNC(=O)C2=CC(Br)=CN21
XS842349b,N#CC1(CCCNC1)C=2C=CC=CN2
XS841672b,O=C(C(F)C1CC1)N2CCCOC=3C=CC=CC32
XS839470b,C#CC(CNC=1C=C(F)N=C(C)N1)C(C)C
XS518429b,CC(C)N1C=CC(=N1)C(=O)NC(C)C=2C=CNN2
XS842643b,CC(C)C(C)NC1=C(N=CN1C)[N+]([O-])=O
XS843551a,CC(C)CCCNC(C(N)=O)C=1C=CC=CC1
XS843550a,CC(NS(=O)(=O)N(C)C)C=1C=CC=CN1
XS843548a,CC1CN(CCO1)C(=O)C2(C#N)CCCC2
XS843554a,CCNC(=O)C(C)NC1=NC=2C=CC=CC2O1
XS840143b,C=CCN1CCC(OC=2C=NC=NC2)C1=O
XS843549a,CC(O)CNC1=NS(=O)(=O)C=2C=CC=CC12
XS843553a,CCC(CO)NCC=1C=CC=C2OCCOC12
XS843552a,CC(CN1C=CC=N1)NC(=O)NC=2C=CC=CC2
XS836969b,CC1=NSC(=N1)NC(C)C=2C=CNN2
XS838617b,CC1(C)CC(CCNC2=CC=C(C#N)S2)CO1
XS838221b,CC(C)C(C)C(=O)NC=1N=CC=C2C=CNC12
XS841245b,CC1CNC=2C(=CC=CC2C1)S(N)(=O)=O
XS670901b,CC=1C=C(NC(C)C2=CC=CO2)N3N=CN=C3N1
XS836866b,CCC1CCNC=2C=C(C=CC21)[N+]([O-])=O
XS843546a,O=C(CC1C=CCC1)NC=2C=CC=CC2O
XS843555a,CC(C)CC(N)C(=O)N1CCCC=2C=CC=CC21
XS843561a,COC=1C=CC(=CC1)NC(C(N)=O)C=2C=CC=CC2
XS841390b,COCCS(=O)(=O)NCC1CC=2C=CC=CC21
XS843560a,CC(C)C(C(=O)NC=1C=CN=CC1F)C=2C=CC=CC2
XS820419b,CC(C(=O)N1CCOC=2C=CC=CC21)N3C=CC=N3
XS842610b,CC(NC(=O)C1=CN2C=CC=NC2=N1)C3=CC=CS3
XS841764b,N#CC=1C=C(CN2CCC(F)(C#N)C2)C(F)=CC1F
XS841267b,COC(C)C(=O)NC1=C(Cl)C=CC2=NSN=C12
XS843566a,NC(=O)C1CCCN(C1)C(=O)C=2C=CC=3C=CNC3C2
XS839093b,O=C(OC1CCC2(CCC2)C1)C=3C=CC4=CN=CN4C3
XS842175b,CN1CCC(NC(=O)C=2N=CN=CC2Cl)C1=O
XS843557a,CCC1CN(CC(=O)N2CCC2)CCN1CCOC
XS586985b,CC(OC=1C=CC=CC1F)C(=O)N2CCNCC2
XS843558a,CCC1C=2C=CSC2CCN1C(=O)C3=CC=CO3
XS843564a,CCNC(=O)NC(=O)C(C)NC=1C=CC(=NC1)OC
XS574875b,CCNC=1C=CC(=CN1)C(=O)N2CCCCC2CC
XS838536b,CC1=NC(C)=C(O1)C2=CSC(CC3CCCO3)=N2
XS843563a,C=C(C)CC(C)C(=O)NC=1C=C(C(=O)OC)N(C)N1
XS840047b,CCOC(=O)C(CC=1C=CN=C(N1)OC)NC(C)=O
XS836869b,CCOC(=O)C1CC(=O)NN1C=2N=CC=CC2Cl
XS798805b,O=C(NC1=NC=2C=CC=CC2N1)C3CCC(=O)NC3
XS476310b,CC1=CN=C(CN2CCCC(C2)C3=NOC(C)=N3)O1
XS595182b,CC1=CC(CS(=O)CC=2C=C(C)C=CC2C)=NO1
XS843559a,CN1CCC(OC=2C=CC(Cl)=C(Cl)C2)C1=O
XS841217b,CC1=CC=C(CC(=O)OCCC2CCNC2=O)O1
XS836667b,CCNC(=O)NC(=O)CN1CCSCCC1C
XS843562a,O=C1CC(CO)CN1C=2C=CC(=CC2)C=3C=CN=CC3
XS843565a,COC=1C=CC(=CN1)NC(C)C2=NC(=NO2)C3CC3
XS841193b,OC=1C=CC(=CC1)C(C=2C=CC=CN2)C=3C=CC=CC3O
XS843577a,O=C(O)C1(CCN(CC=2C=CC=CC2)C1)C(F)(F)F
XS843569a,O=C(CCCC=1C=CC=CC1)NC2CCC(=O)NC2=O
XS838793b,CC1CN(CC(C)(C)O)CCN1S(=O)(=O)C2CC2
XS838145b,CC1CN(CC=2C=CN=CC2C#N)CC=3C=CC=CC3O1
XS841230b,CC#CC(=O)NCC1CCCN(C1)C(=O)C(F)(F)F
XS550117b,COC=1C=CC2=NC(=CC=C2C1)C(=O)N3CCCC(C)C3
XS843575a,O=S(=O)(NCC1CCCO1)C=2C=CC=CC2Cl
XS527371b,O=C(CCN1C=CC=N1)NC2CCCOC=3C=CC=CC32
XS690314b,C=1C=CC2=NC(=CN=C2C1)N3CCC(C3)N4CCNCC4
XS757511b,CC(C(=O)NC=1C=CC(Cl)=CN1)N2CCNC(=O)C2
XS841679b,CC1CNC=2C=CC=C(C=3C=CC=C4NC(=O)NC34)C2O1
XS779579b,CCC=1C=CN=C(C1)C(=O)NC2CC(=O)N(C2)C3CC3
XS842668b,O=C(NC1COC=2C=CC=CC21)C3=CN4C=CC=NC4=N3
XS839496b,OCCOC=1C=NC=C(N1)N2CCN3CCOCC3C2
XS842154b,COCC(C)OC(=O)C=1N=COC1C=2C=CC(C)=CC2
XS843571a,CC(C)C1(CO)CCCN(C1)C=2N=CN=C3N=CNC23
XS843572a,CC(=O)NC(C)C(=O)NC=1C=CC=CC1C=2C=CC=CC2
XS843570a,CCCCC(C)C(=O)NC1=CNN=C1C2=NC=CS2
XS843576a,CC=1C=CC(=CC1C)C(C)NC(=O)CN(C)CC(N)=O
XS843573a,CSCCC(NC(=O)C1=CC=CO1)C(=O)NC(C)C
XS843578a,CC(=O)N1N=C(CC1C2=CC=CS2)C=3C=CC=CC3O
XS843574a,CCOC(=O)C1CCCN(C1)C(=O)C=2C=CC(C#N)=CC2
XS843567a,CC(=O)N1N=C(CC1C2=CC=C(C)O2)C=3C=CSC3
XS006184e,CC1C=2C=CSC2CCN1C=3N=CN=C4C3C=NN4C
XS841962b,C=1C=CC2=C(C1)C=3C=CC=CC3C2NC4CCCNCC4
XS843568a,O=C(NC1CCC(=O)NC1=O)C=2C=CC3=CC=CC=C3N2
XS843581a,CC(=O)N1CCN(CC1)C(=O)C(C)SC=2C=COC2C
XS843582a,CC(OC=1C=CC=CC1C#N)C(=O)NCC2CCCCC2
XS843580a,CCC1=CSC(=N1)C2CCCN(C2)C(=O)C=3C=COC3
XS843589a,CC=1C=C(C=CC1C(C)C)OCC(O)CN2CCCCC2
XS740768b,CC(C1=NC(=NO1)C2CC2)N3CCC(CC3)C=4C=NNC4
XS842006b,O=C(CCN1C=CC=N1)N2CC3(CCOCC3)C2C4CC4
XS739080b,O=C(C=1C=CN(N1)C=2C=CC=CC2F)N3CCCC3CO
XS837192b,CC1N(CC2=NN=NN2CC(F)(F)F)CCOC1(C)C
XS840544b,CC=1N=C(C=CC1[N+]([O-])=O)NC(=O)C(C)C2=CC=CS2
XS838672b,CCOC(=O)C1=NN=C(O1)N2CCC(C(=O)OC)C32CC3
XS843587a,CC(C)OC=1N=CC=CC1CNC(=O)C(C)N2C=NC=N2
XS843588a,O=C(NCC=1C=CC=NC1)N2CCCC2C=3C=CSC3
XS843591a,CC=1C=CC(=CC1C)S(=O)(=O)NC(C)CN2C=NC=N2
XS843590a,CCC(NC(=O)C=1C=CC=2NN=NC2C1)C=3C=CC(C)=CC3
XS841278b,O=C(NC(CCO)C1=CC=CS1)C=2C=CN=CC2Cl
MR041086c,COC=1C=CC(=CC1)CC2=NN=C3SC(C)C(C)=NN23
XS415158b,COC=1C=C(C)C(=CC1C)S(=O)(=O)N2CCCCC2C
XS843586a,CC=1C=CC=CC1C(=O)NCC(=O)NC(C)C=2C=CC=CC2
XS843584a,CN(CC(=O)NC=1C=CC=C(F)C1)C(=O)C2CC=CCC2
XS843583a,OC1CCCN(C1)C2=NC(=NS2)C=3C=C(F)C=C(F)C3
XS841825b,CC1=CC=C(S1)C(=O)N2CCCC(C2)C3=NN=CS3
XS839340b,N#CC=1N=C(C=CC1F)NC2COC=3C=CC=C(Cl)C32
XS837999b,CC(C)OC=1C=NC(=NC1)N2CCOC(C)(C2)C(F)F
XS720787b,CC(NC(=O)C=1C=C(NN1)C=2C=CC=CC2)C=3C=CC=CN3
XS843592a,O=C(C1=NNC=2C=CC=CC12)N3CCC(C3)C=4C=CC=CC4
XS843579a,O=C(C1=CNC=2N=CC=CC12)N3CCCC(C3)N4C=CC=N4
XS657338b,CC1=NOC(C)=C1NC(=O)NC2CCN(C2)C=3C=CC=CC3
XS839655b,CC(NC=1C=CN(N1)C=2C=CC(Cl)=CC2)C3=NN=NN3C
XS843598a,O=C(NC1CCC=2C=CC=CC21)C3=CN=C4C=CC=CN4C3=O
XS843599a,CCCCCC(C)NC(=O)C1=NN(C)C(=O)C=2C=CC=CC12
XS843605a,CCC(CC)C(=O)NCC1CCN(C1)C=2C=CC=CC2OC
XS843593a,CCC1=CSC(=N1)C2CCCN(C2)C(=O)CN3C=NC=N3
XS839513b,CNC(=O)C(C)CN(C)CC=1C=CC=CC1C2=CC=NN2C
XS391752b,COC=1C=CC=CC1NC(=O)N2CCCC2C3=CC(C)=NO3
XS335974b,CCC1=NC(=NO1)C2CCCN(C2)C(=O)C=3C=CC(O)=NC3
XS843600a,CC=1C=C(C)C=C(C1)NC(=O)C2=CC(=NN2)C3CCCN3C
XS505985b,CCC=1C=C(SC1C)C(=O)N2CCCC(C2)N3C=NC=N3
XS837789b,CC(C=1C=CC=C(C1)[N+]([O-])=O)N(C)C=2N=CN=C3NC=NC23
XS840516b,CC=1C=CC=C(C1)NC(=O)N(C)C(C)CC=2C=CC(O)=CC2
XS843595a,CC=1C=CC=C(N1)NC(=O)NC(CCCO)C=2C=CC=CC2
XS843597a,NCC1CCN(C1)C(=O)C=2C=CC(F)=C(Br)C2
XS843602a,CC(NC(=O)CCC1=NC(=NO1)C(C)(C)C)C=2C=CN=CC2
XS843594a,O=C(CCC1=CNC=2C=CC=CC12)NC3CCC(=O)NC3=O
XS838522b,OCC(F)CNC1=NC=2C=CC=C(Br)C2S1
XS444244b,CC1=NOC=2N=CN=C(NCC(C)OC=3C=CC=C(F)C3)C12
XS843604a,CCN1CC(CC1=O)C(=O)NCCNC=2N=CC=CC2C#N
XS466359b,CCOC=1N=CC=CC1NC(=O)NC2CCS(=O)(=O)C2
XS575865b,O=C(CC=1C=CC=CC1Cl)NC=2C=NNC2C3CCNC3
XS836973b,CCOCN1N=NC(C(=O)N(C)C(C)C=2C=CC=CC2)=C1N
XS843596a,CC1=NN(C)C(C)=C1CCC(=O)NC2CCC=3C=CC=CC32
XS659632b,CCC1CCC=2SC(=CC2C1)C(=O)NCCN3C=CN=C3
XS843610a,CC=1C=CC(=CC1)C(C)(C)C(=O)N2CCCC(C2)C=3N=NNN3
XS841602b,O=C(NC=1C=CC(=CC1)C2=CC(=O)NN2)C3CC(=NO3)C4CC4
XS839026b,CC(C1=NOC(=N1)C2=CNN=C2C=3C=CSC3)N4C=CN=C4
XS741475b,CC1=CC(C(=O)N2CC(=O)N(C)C2)=C(C)N1C3CCCOC3
XS840540b,O=C(NC1CCCNC1=O)N2CCOC=3C=CC(Cl)=CC32
XS841004b,CC(C(=O)N(CC=1C=CC=CC1)C=2C=CC=CN2)N3C=CC=N3
XS843606a,CC(C)C1=NN=C2CN(CCN12)C(=O)C3CC=4C=CC=CC4O3
XS838156b,COCC(C)S(=O)(=O)NCC1=NOC(=N1)C=2C=CC=CC2
XS745213b,O=C(C=1C=NC2=CC=CC=C2N1)N3CCCC(C3)N4C=CC=N4
XS843615a,CC=1C=C(C)N(N1)C=2C=CC(=CN2)NC(=O)C3CCC(=O)NC3
XS843611a,CN1C=CN=C1C(NC(=O)C=2C=CC(O)=NC2)C=3C=CC=CC3
XS843614a,OCC1CC21CCN(CC2)C3=NC=4C=CC(Cl)=CC4S3
XS838581b,NC(=O)C=1C(F)=CC=CC1N2CCC3(CCC=4C=CC=CC43)C2
XS772541b,COC=1C=CC=C2C1CCC2(N)C(=O)NC=3C=CC(=O)N(C)C3
XS565003b,CC(C)C=1C=C(NC(=O)C2CC=CCC2)N(N1)C=3N=CC=CN3
XS842535b,CN1CCN(C(=O)C2CC=CCC2)C=3N=C4C=CC=CC4=NC31
XS836457b,CS(=N)(=O)C=1C=CC(=CC1)OCC2=NC=3CCCCC3O2
XS843607a,CC1=NC=CN1C2CCCN(C2)C(=O)C=3C=CC=C4NN=CC34
XS838800b,O=C(NCC1=CC=CN2C=CN=C12)C=3C=C(NN3)C4CCOC4
XS843613a,CC1=NNC=2N=C(C)C=C(C(=O)N3CC4(CCC4)C3C5CC5)C12
XS843612a,COC=1C=C(C=CC1C)C(=O)NC(C)C2=NC=3C=CC=CC3N2
XS414299b,CCC(C)NC(=O)CN1C=C(C=C(Cl)C1=O)C(F)(F)F
XS839873b,CC(C(=O)NC=1C=CC=C(C1)NC(=O)NN(C)C)C(C)(C)C
XS843608a,CC(C)OC=1C=CC2=CC=CC=C2C1CN3CCN(C)CC3C
XS839986b,CC1C=2C=CC=CC2CN1C(=O)CCC=3C=CC=C(C3)[N+]([O-])=O
XS466193b,CC1=NC(=CN1)C(=O)NC(CO)C=2C=CC=CC2C(F)(F)F
XS842475b,CCC(NS(=O)(=O)N1CCOCC1)C=2C=CC=CC2OC
XS838268b,CS(=N)(=O)CC1(CC(F)(F)C1)NC(=O)C=2C=CC(N)=CC2
XS837947b,CC1(C)CC(F)(F)CCC1NS(=O)(=O)C=2C=NC(N)=NC2
XS843617a,CC=1N=C(C)N(N1)C2CCCN(C2)C(=O)C=3C=C(C)C=CC3F
XS628207b,O=C(CCCOC=1C=CC=CC1)N2CCCC(C2)N3C=NC=N3
XS843623a,O=C1NCCCCC1NCC2=CSC(=N2)C=3C=CC(F)=CC3
XS837582b,CC(C)(F)C(C)(F)CN1C=C(N=N1)C=2C=C(F)N=CC2Cl
XS842278b,CC(NCC=1C=C2C=CC=CN2N1)C=3C=CN(N3)C=4C=CC=CC4
XS836878b,O=C(CCOC=1C=CC=CC1)N2CCOCC2C3=CC(=O)NN3
XS839206b,CC1=NN=C2CC(CN12)C(=O)NCC3=NC=4C=C(F)C=CC4O3
XS841973b,COC=1C=CC=C2C=C(OC12)C(=O)N(C)CC(C)C3=NN=NN3
XS837060b,CC(CCN1C=NC=N1)NS(=O)(=O)C=2C=NC=C(Cl)C2
XS839089b,CCC=1N=CN=C(NC(C2=NC=CS2)C=3C=CC=CC3)C1F
XS748994b,CN1C=C(C=N1)S(=O)(=O)N2CCCC2CCC=3C=CC=CC3
XS843624a,CC1=NN(C)C(C)=C1NC(=O)C(C)OC(=O)C=2C=CC(C)=CC2
XS791324b,CC1=NOC(=N1)C(C)N2CCN(CCN3C=CC=CC3=O)CC2
XS817286b,CN(CC(=O)NC=1C=CC(F)=C(F)C1)C2CCC=3C=CC=CC32
XS843616a,CCOC(=O)C=1CC(C(=O)NCCOC)N(N1)C=2C=CC=CC2
XS843620a,CC(C)C(=O)NC=1C=CC(=CC1)NC(C)C(=O)N2CCNC2=O
XS697677b,CC1=CSC(=N1)NC(=O)C2CC(=O)N(CC=3C=CC=CN3)C2
XS843619a,COC=1C=CC=C(C1)CN2CCOC(CN3N=C(C)C=C3C)C2
XS756172b,CC=1C=CC=CC1C2=NOC(CS(=O)CC3CCCCC3)=N2
XS837443b,CC(C)CC1=NOC(CN=S2(=O)CCNC=3C=CC=CC32)=N1
XS843622a,CC=1C=C(C)C=C(C1)N2C=CN=C2SC(C)C(=O)NC(N)=O
XS838748b,O=C(NC1C=CS(=O)(=O)C1)C=2C=CC(=NC2)C=3C=CSC3
XS843621a,CC1=NN(C=C1C(C)NC(=O)NCC=2C=NN(C)C2)C(C)(C)C
XS843618a,CC1=NN(C)C(C)=C1NC(=O)CN2CCCC2CN3C=CC=N3
XS840789b,CC(OC=1C=CC=C(Br)C1)C(=O)NCC2=NN=CN2
XS838754b,O=C(CCN1CC=2C=CC=CC2C1=O)NC3CCCC=4C=COC43
XS838090b,CCN(C(=O)C=1C=CC=2NC(=O)NC2N1)C3CCS(=O)(=O)C3
XS712677b,COC(=O)C1CCCCN1S(=O)(=O)C=2C=CC=3OCCC3C2
XS843629a,COC=1C=CC=CC1C(C)N(C)CC2=NC=C(O2)C=3C=CC=CC3
XS598227b,CCNC(=O)NC(=O)C(C)N(C)CC(=O)NC=1C=CC=C(C)N1
XS842250b,CC(C)C1=NN=C2C(=NC=CN12)NC3CCC=4C=C(C=CC43)CN
XS843627a,CNC=1SN=C(C)C1C(=O)OC(C)C(=O)N2CCCCCC2
XS838333b,CC(=O)NC(C)C1=NC(=NO1)C=2C=CN=C(C2)OC=3C=CC=CC3
XS843632a,O=C(NCC1CCN(CC(F)(F)F)C1)C2=CC=3C=CC=CC3N2
XS843630a,CC1=CC=C(CNC(=O)NCC(C)CN2N=C(C)C=C2C)S1
XS843631a,CC=1C=CC=C(C1C)N(C)C(=O)C2CCCN(C2)C=3N=CC=CN3
DR001510c,CN1C(C#N)=C(CN2CCC(C(=O)O)C32CCC3)C=4C=CC=CC41
XS671028b,NC(=O)CC1(O)CCCN(CC=2C=CC=C(Br)C2)C1
XS837771b,CC1CN(C(=O)CN2C=C(C=N2)C3CC3)C=4C=CC=CC4NC1=O
XS841534b,C1=CN2CC(CCC2=N1)C3=NC(=NO3)C=4C=NC=5C=CSC5C4
XS837429c,N#CC=1C=CC(=NC1N2CCCCC2C=3C=CNN3)C(F)(F)F
XS837224b,COC=1C=CC=C2C1CCC2NC(=O)NC=3C=CC=4C=CNC4C3
XS144478c,O=C(CC1C=CCC1)NNC(=O)C2=NN(C=C2O)C=3C=CC=CC3
XS841836b,COC=1C=CC=C(C1OC)C2CC(=O)NC3=NC=4C=CC=CC4N32
XS748649b,CN1C=C(Cl)C=C1C(=O)N2CCCC(CC(C)(C)C(N)=O)C2
XS843626a,O=C(O)C1CN(CC=2C=CC=CC21)C(=O)N3CCC=4C=CC=CC43
XS843625a,CC=1C=C(C)N2N=C(N=C2N1)C(=O)N3CCCC(C3)N4C=NC=N4
XS558039b,O=C(C1SCCC=2SC=CC21)N3CCN(C(=O)C3)C4CC4
XS843628a,CC(=O)NC1(CCN(C1)C=2C=CC(C#N)=CC2)C3=NC(C)=CS3
XS595414b,COC=1C=CC2=C(C1)CCCC2CNC(=O)NCC=3C=CN=CC3
XS838298b,CC(C)N1C=C2C=CC=C(C(=O)N3CCNC(=O)C3C(N)=O)C2=N1
XS751620b,CC1=NOC(CC2(O)CCCN(CC=3C=CC=C4C=CNC34)C2)=N1
XS718243b,CCOC=1C=CC=C2C=C(COC12)C(=O)NC(C)CN3C=CC=N3
XS843644a,CCC1=NC(=NO1)C2CCCN2CCN3C(=O)OC=4C=CC=CC43
XS599217b,CC(C)N1CCCC(C1=O)N2CCN(CC2)C=3C=CC(C#N)=CN3
XS738525b,COC=1C=CC(=CC1)OCC(O)CN2C=NC=3C=NC=CC3C2=O
XS838660b,CN1C=CC(=C1)CN(CCC=2C=COC2)C(=O)C3OCCC3(C)C
XS843642a,CCCC1=NOC(CCCC(=O)NCC2CC=3C=CC=CC3O2)=N1
XS843640a,CC=1C=CC(=CC1C(=O)O)S(=O)(=O)N2C=3C=CC=CC3CC2C
XS588721b,CC1=CC(=NO1)C2CCCN2C(=O)C=3NC=4C=CC=CC4C3Cl
XS843637a,O=C(NC1CCCNC1=O)C2=CSC(CCC=3C=CC=CC3)=N2
XS843643a,CC(=O)NC(CC(=O)NCC=1C=CN=CC1)C=2C=CC(Cl)=CC2
XS843635a,CC(C)C1=NN2CC(CCC2=N1)NCC=3C=CC=C4OCCOC34
XS842674b,CC=1N=CC=NC1N2CCN(CC2)C(=O)C3CCC=4C=NNC4C3
XS843636a,CC=1C=NN(C1)CC2CN(CC=3C=CC=C(C3)OC(C)C)CCO2
XS843633a,O=C1CC2(CCCCC2)C(=O)N1CC(O)COCC=3C=CC=CC3
XS729257b,C1=CSC(=C1)C2=NC(=CO2)CN3CCCCC3CN4C=CC=N4
XS664951b,CC(C)CC1C(=O)NCCN1C(=O)C=2C=NN(C2)C=3C=CN=CC3
XS836920b,CC1=CC(Br)=CC(C)=C1CN(C)C(=O)C(C)C(=O)O
XS687317b,CC1CC(=O)NC=2C=CC=CC2N1C(=O)CSC=3N=CC=CN3
XS755818b,COCC1(CCCN1CC2=NN(C)C=C2Br)C(N)=O
XS843634a,COC1=C(C(C)=NN1C)C2CCCN2C(=O)C=3C=CC(=NC3)OC
XS843641a,COC=1C=CC(C)=CC1NC(=O)CN2CCCC2C3=CC=CS3
XS843639a,CC=1C=CC=2OC(=CC2C1)C(=O)N3CC(O)CC43CCN(C)CC4
XS843638a,CN1C=CN=C1C(NC(=O)C=2C=CC=3NC=NC3C2)C=4C=CC=CC4
XS741074b,N#CC=1C=CSC1N2CCC(C2=O)N3CCN(C(=O)C3)C4CC4
XS840343c,CCOC(=O)C(CC=1C=CN=C(F)C1)NS(=O)(=O)N(C)CC
XS843648a,CC(NC=1C=CC=2OCCOC2C1)C(=O)NC=3C=CC(Cl)=CN3
XS843657a,CC(NC(=O)NC=1C=CC=NC1N2CCOCC2)C=3C=CC=CC3
XS842332b,CN(CCC1=CNC=N1)C(=O)C2COC=3C=CC4=CC=CC=C4C3C2
XS839211b,COC=1C=C(C=C(C1)S(N)(=O)=O)C2=CN3C(=C2)C(=O)NCC3C
XS843651a,CS(=O)(=O)N1N=C(CC1C=2C=CC=CC2)C=3C=CC(Cl)=CC3
XS839283b,COC(=O)C1=COC(=C1)C2=NOC(=N2)C=3C=NN(C3)C4CC4(F)F
XS789450b,O=C(NCCNC=1N=CC=CN1)C2COC=3C=CC(Cl)=CC3C2
XS837894b,O=C(CC1=NNC=2C=CC=CC12)NC3CCOC4(CCOCC4)C3
XS843645a,CC=1N=C(NC(=O)CN2CCCCC2CN3C=NC=N3)SC1C
XS843649a,CN1N=CC(C(=O)NC2CCC=3NN=CC3C2)=C1CC=4C=CC=CC4
XS843655a,CS(=O)(=O)N1CCCC(C1)C(=O)N(CC#N)CC=2C=CC=CC2
XS426151b,CC=1C=CC(=CC1)C2=NN=C(O2)C(C)NC=3C=CC(C)=C(C3)C(N)=O
XS843646a,CCC1=CC=C(O1)C(=O)NCC(C)N(C)C(=O)C2=CC=C(CC)O2
XS843658a,COCCNC(=O)CNC(=O)CC1CCCC=2C=C(C=CC21)OC
XS843653a,CC=1C=CC(OCCNC(=O)C2CC(=O)N(CC(C)C)C2)=C(C)C1
XS843654a,CC1=C(SC=2N=CN(C)C(=O)C12)C(=O)NC3CCCCNC3=O
XS653385b,CCC(O)CN(C=1C=CC=CC1)S(=O)(=O)C=2C=C(C)C=CC2C
XS843647a,CC(C)N(CC(N)=O)CC(=O)N(CC=1C=CC=CC1)C(C)C2CC2
XS837174b,CC1=NOC(C)=C1C(C)C(=O)N(C)C=2C=CC=CC2S(C)(=O)=O
XS390683b,CC=1C=CC(=CC1)CCC(=O)N2CCCC2C3=NC=4C=CC=CC4N3
XS839754b,CC(C)C(NC=1C=CC2=NN=NN2N1)C3=NC(=NO3)C=4C=CC=CC4
XS843652a,CCN(C(=O)C=1C=CC=2NC(C)=C(C)C2C1)C3CCS(=O)(=O)C3
XS843650a,CC1CN(C)C(=O)CN1C(=O)C2=NN(C=C2O)C=3C=CC=C(F)C3
XS838251b,COC(=O)C1(CCN(C1)C2=NC(=NN2C)C(F)(F)F)C3CCC3
XS843656a,CC=1C=CC=CC1C2CCCN2C(=O)C=3C=CC(=CC3)N4C=NN=N4
XS502020b,CC1=NC(C(=O)N2CCCC2C3=NOC(=N3)C4CC4)=C5C=CC=CN15
XS837654b,CN(C(=O)COCC1CCCNC1)C=2C=CC(=CC2)C=3C=CC=CC3
XS733171b,COCC=1C=CC=C(C1)C(=O)N2CC3CCCN3CC=4C=CC=CC42
XS843665a,O=C(C1=CN=C2C=CC=CN12)N3CCC(C3)NC=4C=CC=C(Cl)C4
XS840618b,O=C(NC=1C=CC=NC1N2C=CC=N2)C3CSC=4C=CC=CC4O3
XS841576b,CC(C)(CNC(=O)C1CCNCC1(F)F)C=2C=CC=3OCOC3C2
XS426748b,O=C(C=1C=CN(N1)C=2C=CC(F)=CC2)N3CCCC(C3)N4C=CN=C4
XS551157b,CC1CCCCN1C(=O)C2=CN(N=N2)C=3C=CC(=CN3)C(F)(F)F
XS843666a,CCOC=1C=CC=2C=C(NC2C1)C(=O)N3CCCC(C3)C(F)(F)F
XS843661a,COC=1C=CC=CC1C2(CC2)C(=O)N3CCCC(C3)C=4C=C(C)NN4
XS843660a,N#CC=1C=CC=C(C1)OCC(=O)N2CCCC2C3=NOC(=N3)C4CC4
XS843667a,CC=1C=CN=C(C1)NCC2CCN(C2)C=3N=C(C)N=C4C3C=NN4C
XS676672b,O=C(NCCC=1C=CN=CC1)NC2CC3(CCC3)OC=4C=CC=CC42
XS841808b,CC1COC=2C=CC=CC2CN1C(=O)C=3C=CC=4NC(CO)=NC4C3
XS706284b,CC(CC=1C(F)=CC=CC1F)NC(=O)CN2CCC(CC2)C(N)=O
XS843663a,CCC=1C(C)=NC2=CC=CC=C2C1N3CCN4C(=O)C(=O)NCC4C3
XS837148b,N#CC=1N=C(C=CC1Cl)N2CCN(CC2)C3CCS(=O)(=O)C3
XS695960b,CC=1C=C(ON1)C2CCCN2C(=O)C3=CN=C(S3)C=4C=CC=CC4
XS843664a,CC=1NC(C(=O)NC2CCC=3C=CC=CC32)=C(C)C1C(=O)OC(C)C
XS840794b,CC1=CN2CC(CCC2=N1)NC=3C=CC(=C(C3)OC(F)F)[N+]([O-])=O
XS795144b,O=C(CN1C(=O)COC=2C=CC=CC21)N3CCCC(C3)N4C=CC=N4
XS840694b,NC(=O)C1CCN(C1)C=2N=CC(Br)=C3C=CC(F)=CC23
XS836550b,CS(=O)(=NC(=O)C=1C=NC=2OCC(=O)NC2C1)C3CCCCC3
XS843662a,O=C(C(NC=1C=CC=2OCCOC2C1)C=3C=CC=CC3)N4CCCC4
XS839929b,COC(=O)C=1SC=2C=CC=C(F)C2C1NC(=O)C3COCCO3
XS843659a,CC=1N=C(C)N(N1)C2CCCN(C2)C(=O)C3=CC=4N=C(C)C=CC4O3
XS843668a,CN1CCN(CC(NC(=O)C=2C=CC(F)=CC2)C=3C=CC=CC3)CC1
XS843676a,O=C(CCCNC(=O)C1=CC=CS1)NC2CCCC=3C=CC=CC32
XS837045b,O=C(NC1CCN(C1)C=2C=CC=CN2)N3CCC=4C(Cl)=CC=CC43
XS837952b,CNC(=O)NC(=O)CN1CCCC1C=2N=CC(Br)=CN2
XS843678a,CC=1N=C2C=CC=CC2=C(C)C1C(=O)OCC(=O)NCC3CCCO3
XS836656b,CC1=CC=CN2C=C(N=C12)C=3C=CC(=CC3)NC(C)CS(C)(=O)=O
XS742145b,O=C1CC=2C=C(C=CC2N1)NC3CCN(C3=O)C=4C=CC=C(Cl)C4
XS843675a,CC=1C=CC(C)=C(C1)OCC(=O)NC(C)C=2C=CC=3OCCOC3C2
XS843674a,O=C(NCC1=NN=C2CCCN12)NCC3CCN(C3)C=4C=CC=CC4
XS842651b,COCC(C)NC(=O)CN1C(=O)C=2C=C(Cl)C(Cl)=CC2C1=O
XS604071b,CCCN1N=C(C=CC1=O)C(=O)N2CCCCCC2C3=CC=CN3C
XS843679a,O=C(NC1CCCCC=2C=CC=CC21)C3=CN=C4SCCN4C3=O
XS843672a,COC(=O)C=1C=CC(=CC1)NC(=O)C2CC(=O)N(CC(F)(F)F)C2
XS843669a,CC(C)(C)N1N=C(C=C1C2CC2)C(=O)N3CCCC(C3)N4C=CN=C4
XS843670a,CCCCN1N=C(C=CC1=O)C(=O)N2CCCC(C2)C=3C=C(C)NN3
XS843677a,O=C(CCN1C(=O)OC=2C=CC=CC21)N3CCCC3CN4CCCC4
XS757531b,COC=1C=CC(=CC1OC)C2CCCN2C(=O)CN3C=CC=NC3=O
XS843671a,CNC(=O)C1(COC)CCCN1S(=O)(=O)C=2C=C(F)C=CC2C
XS841365b,O=C(NCC1COCCO1)NC=2C=C3OCCCOC3=CC2Cl
XS839515b,O=C(N1CCN(CC=2C=CON2)CC1)C3(O)CCC=4C=CC=CC4C3
XS839789b,CC1=NN=C(S1)C(C)N(C)CC=2C=C(F)C=CC2Br
XS657448b,CCN(CC)C(=O)C1CCCN1S(=O)(=O)C=2C(C)=NN(C)C2C
XS837230b,CCN1C=NN=C1CNS(=O)(=O)CC(CC=2C=CC=CC2)OC
XS838294b,COCC=1C=C(CNC(=O)C=2C=CC=3NC(=O)CC(C)NC3C2)ON1
XS843673a,O=C(CN1C=NC=2C=3C=CC=CC3OC2C1=O)NCCC4CCCO4
XS843682a,CCOC=1C=C(Cl)C=CC1CNC(=O)NC2CCC3=NC=NN3C2
XS843686a,CC(C)(C)C(=O)N1N=C(CC1C=2C=CC3=NC=CN=C3C2)C4=CC=CO4
XS476878b,CC=1C=CC(=NN1)N2CCCC(C2)NCC3=CNN=C3C=4C=CC=CC4
XS401541b,O=C(CCC1=NC=C(O1)C=2C=CC(F)=CC2)NC3CCCCNC3=O
XS693648b,COC=1C=CC(C)=CC1N2CC(CC2=O)C(=O)N(C)C3=NC=CS3
XS839832b,O=C(NCC1=NC(=CS1)C=2N=NNN2)C3CC=4C=CC=C(F)C4O3
XS840314b,COC(CS(=O)(=O)NC=1C=C(Cl)C=NC1OC(C)C)C2CC2
XS840424b,COC=1C=C(OC)C=2NC(=CC2C1)C(=O)OC(C)C(=O)NC(C)(C)C
XS839802b,C#CC=1C=NC=C(C1)C(=O)NCC(C)N(C)C(=O)C=2C=NC=C(C#C)C2
XS843680a,CC1=NN(C)C(C)=C1CC(=O)N2CCCC(C2)C3=NOC(=N3)C(C)C
XS653363b,CC1=CC=C(O1)C(CNCC2=CNN=C2C(C)(C)C)N3CCOCC3
XS843684a,CN1C(=O)C2=C(N=CN2CC(O)COC=3C=CC(F)=CC3)N(C)C1=O
XS840378b,CCOC(=O)C1=C(C)NC(=O)N(C(C)=O)C1C=2C=CC=C(C2)[N+]([O-])=O
XS843685a,NC(=O)C1=CC(=CN1)C(=O)N2CCCC2CC=3C(F)=CC=CC3Cl
XS843683a,CSC=1N=CC=CC1C(=O)OC(C)C(=O)NC2(C#N)CCCCC2
XS839581b,COC=1N=CC(=CN1)CN(CC(C)(F)C(C)C)C=2C=NC(C#N)=CN2
XS840186b,CCNC(=O)NC(=O)C(C)N1CCN(CC1)C2=NC=3C=CC=CC3O2
XS843681a,COC=1C=CC=CC1CC(=O)N2CC=3C=CC=CC3C(C2)N4C=CC=N4
XS839736b,CC=1N=C(C)N(N1)C2CCCN(C2)C(=O)C3=CSC(CC(C)C)=N3
XS839427b,CC(C)C(C(N)=O)N1C=C(C=N1)C=2C=CC(=C(C#N)C2)S(C)(=O)=O
XS715719b,CCC(C)N1N=CC(NC(=O)N2CCN(CC2)C3CCCCC3)=C1C
XS784945b,COC=1C=CC(=CC1F)CCC(=O)N2CCCCC2C3=NNC(C)=N3
XS484073b,CCC1=C(C=NN1C=2C=CC=C(Cl)C2)NC(=O)C3CN(C)CCO3
XS842073b,CCN1C=CN=C1C2CCCCN2C(=O)NC=3C=C(COC)N=CN3
XS837937b,O=C(O)C=1C=C(C=2CCCCC2C1)S(=O)(=O)NCC3CC3(F)F
XS737312b,CN1C(=NC=2C=CC=CC21)C(NC(=O)NC=3C=NNC3)C=4C=CC=CC4
XS843689a,CC1=NN=C2CN(CC(=O)NC(C)C=3C=CC4=CC=CC=C4C3)CCN12
XS843700a,CC(=O)N1CCC2(CCC(C2)NC(=O)C=3C=NC4=NNC(C)=C4C3)CC1
XS843697a,COC=1C=C2C(=CC1NC(=O)C(C)N3CCOCC3)OC4=CC=CC=C42
XS739390b,CN1N=C(C=C1NC(=O)NC2CCN(C2)C=3C=CC=CC3)C4=CC=CO4
XS694350b,COCC=1C=CC=C(C1)C(=O)NC(C2=NC=CN2C)C=3C=CC=C(F)C3
XS837496b,O=C(C1C(F)(F)C21CC2)N3CCCCC=4C=C(Br)C=CC43
XS843688a,CC1=C(OC=2C=CC(Br)=CC12)C(=O)N3CCC(C3)C(=O)O
XS837420b,CC(CN(C)C(=O)C1C=2C=CC=CC2OC=3C=CC=CC31)C4=NN=NN4
XS840982b,O=C(NC(C1CCCC1)C(F)(F)F)N2CC(C2)C3CS(=O)(=O)C3
XS843695a,CC(=O)NCC1CCCN(C1)C2=CC(C)=NC(=N2)N(C)C=3C=CC=CC3
XS842575b,O=C(O)C(NC(=O)C1=CN(N=N1)C2CCC2)C=3C=CC(Cl)=C(F)C3
XS843692a,CCN1CCN(CC1)C=2C=CC(=CN2)C3=NOC(=N3)C4CC(=O)N(C)C4
XS843687a,CNC(=O)C1CN(CC2=NN=C(O2)C=3C=CC=CC3)C=4C=CC=CC4O1
XS843691a,O=C(NCC1CC(=O)NC=2C=CC=CC21)N(CC=3C=CC=CC3)C4CC4
XS843693a,COC(=O)CC(NC(=O)C1=CN=C2C=CC=CN2C1=O)C=3C=CC=CC3
XS720667b,CN1C=CN=C1CN2CCC(CC2)C(=O)NC(C=3C=CC=CC3)C4CC4
XS843694a,COC=1C=CC(C)=CC1N2CC(CC2=O)C(=O)NCCC=3C=CC=CC3
XS843699a,CC1=CC(C)=NN1CC(=O)NC(C=2C=CC=CC2)C=3C=CC=C(Cl)C3
XS843696a,COCCCC(=O)N(C)C(C)C=1C=CC=C(C1)NC(=O)C=2C=CC=CC2
XS843690a,O=C(C1CC21CCNCC2)N3CCC(CC3)C4=NC=5C=CC=CC5S4
XS841373b,O=C(OCC1=NN=C(O1)C2CCOCC2)C3CC43CCC(F)(F)CC4
XS479147b,CC1(CCN(C1)C(=O)C2(CC2)C=3C=CC(Br)=CC3)C(N)=O
XS837236b,O=C(COC=1C=CC(Cl)=C2C=CC=NC12)NC3CCC=4NN=CC4C3
XS576980b,O=C(NC=1C=NC=2CCOCC2C1)C3CC(=O)N(C3)C=4C=CC=CC4F
XS843698a,O=C(CC=1C=NC2=CC=CC=C2C1)N3CCCC3C=4C=C(F)C=CC4F
XS602186b,CC(C)N1CC(CC1=O)C(=O)NCCC=2C=C(F)C=C3COCOC23
XS443484b,CCOC(=O)C1CCN(CC1)C2CC(=O)N(C2=O)C=3C(C)=CC=CC3C
XS839991b,CN1C=C(C=N1)N2CCC(NC(=O)N3CCC=C(C3)C=4C=CC=CC4)C2=O
XS843709a,CC(C(=O)NCC1CCCCC1)S(=O)(=O)CC=2C=CC=C(Cl)C2
XS843712a,CC=1N=CSC1C(=O)NC(CC(=O)OC(C)C)C=2C=CC=CC2Cl
XS843707a,CSC=1C=CC=C(C1)N2CC(CC2=O)C(=O)NCC=3C=CC(F)=CC3
XS843714a,O=C(NCCC=1C=CC=CC1)C2CCCN2C(=O)C=3C=CC=4OCOC4C3
XS843708a,CN(CC(=O)N1CCCC1C=2C=CN=CC2)S(=O)(=O)C=3C=CC=CC3
XS843704a,CNC(=O)NC(=O)C(C)OC(=O)C1=CC=2COC=3C=CC=CC3C2S1
XS840983b,N#CC=1C=CC(=CC1)C(CF)NC(=O)C=2N=CN=C(O)C2Br
XS843706a,CN1C=NN=C1CC2(O)CCCN(C2)C(=O)C3=CC=4C(F)=CC=CC4N3
XS838290b,COC(=O)C1CCC2=NC(=NN2C1)NC(=O)C=3C=CC=C4C=CC(C)=NC34
XS837606b,CC1C=2C=NC=CC2CCN1C(=O)C3=CSC(=N3)N(C)C=4C=CC=CC4
XS843703a,CC(C1=NC(CN2C=CC=CC2=O)=NO1)C=3C=CC(Br)=CC3
XS843701a,COC=1C=CC2=CC(=CC=C2C1)CN(C)C(C)C(=O)NCC=3C=CC=CC3
XS843710a,O=C(NCCOC=1C=CC=C(Cl)C1)C2CCCN(C2)C=3C=NC=CN3
XS843711a,CC(OC=1C=CC=C(C1)C(C)(C)C)C(=O)NC=2C=CC(=NC2)N3C=CN=C3
XS675465b,COCCN1C=C(C=CC1=O)NC(=O)NC(CC(C)C)C=2C=CC=CC2
XS843713a,CC1(COC(=O)N1)C=2C=CC=C(C2)NC(=O)C=3C=CN=C4C=CC(F)=CC34
XS838696b,CC=1C=CN=C2C(=CC=CC12)S(=O)(=O)N3CC(=O)N4CCOCC4C3
XS781846b,CC=1C=CC=CC1CNC(=O)C2C=3C=NN(C)C3CCN2S(C)(=O)=O
XS843702a,CC1(C)CN(CC1C=2C=CC=CC2)C(=O)CC=3C=NN(C3)C=4C=CC=CC4
XS752092b,CNC1CCCN(C1)C(=O)C=2C=NN(C2)C=3C=CC=C(Br)C3
MR045484b,CC(C)(C(=O)NC1CCN(C1)C(=O)C=2C=CC3=CC=CN=C3C2)C(F)F
XS843705a,CN1N=CC(C(=O)NC2CCN(C)C=3C=CC=CC32)=C1CC=4C=CC=CC4
XS653251b,COC=1C=CC(=CC1)NC(=O)C2CCCN2C(=O)C=3C=CC=4C=CNC4C3
XS838718b,CN(C(=O)C=1C=C2N=CNC2=CN1)C3CCN(C3=O)C=4C=CC=CC4Cl
XS332938c,O=C(CCC=1C=CON1)N2CCC=3SC=CC3C2C=4C=CC(Cl)=CC4
XS839638b,NC(=O)C1CCCN(CC2=NN=C(O2)C3=CC=C(Br)S3)C1
XS825159b,COC=1C=C(C=CC1OC(C)C)C(=O)NC(C)C=2C=CC(=CC2)NC(N)=O
XS843722a,CC=1C=C(ON1)C2CCCN2CC3=CC(=O)OC=4C=C(C)C(=CC34)C(C)C
XS843715a,CC=1OC=2N=CN(C)C(=O)C2C1C(=O)NCC3CCN(CC(F)(F)F)C3
XS843725a,CC(=O)NC(CC(=O)NC=1C=CC=2OCCOC2C1)C=3C=CC(Cl)=CC3
XS598667b,CN1N=NC=2C=C(C=NC21)C(=O)NC3CCN(CC=4C=CC(F)=CC4)C3=O
XS843716a,COC=1C=CC(=CC1)CN(C)C(=O)C=2C=NN3CCC(CNC(C)=O)CC23
XS843718a,COC(=O)C(CC1=CNC=2C=CC=CC12)NC(=O)COC=3C=CC(F)=CC3
XS843719a,CC(=O)NC(C(=O)N1CCN(CC1)S(=O)(=O)C2=CC=CS2)C(C)C
XS843723a,CC=1C=CC(=CC1Cl)NC(C)C(=O)NC=2C=CC(=CC2)S(N)(=O)=O
XS133002b,COC=1C=C(C=CC1OCC=2C=CC(Cl)=CC2)C(=O)NCC3CCCO3
XS698740b,N#CC=1C=CC=C(C1)S(=O)(=O)NCC(C=2C=CC=CC2)N3CCOCC3
XS736593b,COCC1CCN(CC(=O)N2CCCC2C=3C=CC=4OCCOC4C3)CC1
XS843720a,CCOC(=O)C=1N=NNC1C2CCCN2C(=O)C=3C=CC=C(C3)SCC
XS843721a,CCC1CN(CCN1)C(=O)C2=CSC(=N2)C=3C=NN(C3)C=4C=CC=CC4
XS839296b,COC(=O)C(F)C1CC2(C1)CCN(CC2)C=3N=NC(OC)=C4C=CC=CC34
XS842030b,CC=1N=C(CC(C)C)OC1C(=O)NC(C)CN2N=CC=3C=CC=CC3C2=O
XS839374b,CCOC(=O)C=1C=C2CN(CCN2C1)C3CC(=O)N(C3=O)C4CCOCC4
XS842179b,CC(C)C1=NC(=NO1)C2COCCN2C(=O)CCN3C=NC=4C=CC=CC43
XS841945b,NC1(CCCC1)C2=NOC(=N2)C3CCN(C3=O)C=4C=CC=5OCCOC5C4
XS843717a,CCC(C(=O)NC=1C=CC(=CC1)OC)N(C)CC2=NC=3C=CC=CC3S2
XS839520b,CS(=O)(=O)NC=1C=CC(Cl)=CC1C(=O)N2CCOC(C2)C(F)F
XS840614b,COC(=O)C1=C(C)NC(C(=O)NC2CCCC3=C2C=NN3C(C)(C)C)=C1C
XS843724a,CC(CNC(=O)COC=1C=CC(=CC1)C(N)=O)N2CCC=3C=CC=CC3C2
XS390679b,CC1=C(C=NN1C=2C=CC=CC2F)C(=O)NCC3CCN(C3)C=4C=CC=CC4
XS843734a,O=C(C=1C=NNC1C2CCNC2)N3CCN(CC3)C4=NC=5C=CC=CC5S4
XS843742a,O=C(NCC1=CC=C(O1)C=2C=CC(Cl)=CC2)C3CC(=O)N(C3)C4CCCC4
XS843730a,CC1CC=2C=CC=CC2N1C(=O)COC(=O)CN3C(=O)C=4C=CC=CC4C3=O
XS843738a,CNC(=O)C=1C=CC(=CC1)S(=O)(=O)N2CCN(C)C(=O)C2C=3C=CC=CC3
XS843740a,COC=1C=CC(OC)=C(C1)C(C)NC(=O)CN2C=NC=3C=CC(C)=CC3C2=O
XS843739a,CCC1=NOC(=N1)C(C)N2CCN(CC2)C(=O)C=3C=CC(Cl)=CC3Cl
XS843735a,CN(C(=O)C1=CC(=CNC1=O)C(F)(F)F)C2CCN(C2=O)C=3C=CC=CC3
XS843737a,NC(=O)C1CCCN(C1)C(=O)C=2C=CC(=CC2)S(=O)(=O)N3CCCCC3
XS030849e,CC1=CC(=NO1)NC(C=2C=CC=C(C2)[N+]([O-])=O)C=3C=CC4=CC=CN=C4C3O
XS843728a,COC=1C=CC(=CC1)OCCN(C)C(C)C(=O)NC=2C=CC=3NC(=O)NC3C2
XS843741a,CC=1C=CC(Cl)=C(C1)OC(C)C(=O)NC=2C=C(C=CC2C)S(C)(=O)=O
XS843733a,CC1(CCS(=O)(=O)C1)NC(=O)CNC=2C=CC=CC2OCC(F)(F)F
XS843731a,O=C(CN1CCCCCCC1)N2C=3C=CC=CC3NC(=O)CC2C(F)(F)F
XS843736a,O=C(NC=1C=CC=C(C1)N2C=NN=N2)C3CC(=O)N(CCC=4C=CC=CC4)C3
XS843732a,COC=1C=CC(=C(C1)OC)C2CCCN2C(=O)CCC=3C(=O)NC(=O)NC3C
XS839744b,O=C(NC1=NN=C2C=CC(Br)=CN12)C3CNC(=O)CC43CCC4
XS843726a,COC=1C=CC(OC)=C(C1)C2CCCN2CCN3C(=O)C=4C=CC=CC4C3=O
XS843727a,O=C1C(CCN1C=2C=CC=CC2)NS(=O)(=O)C=3C=CC=CC3C(F)(F)F
XS838875b,O=C(NCC1CN(C(=O)O1)C=2C=CC=CC2)N3CCC=4C(O)=CC=C(F)C4C3
XS838279b,O=C(NCCN(C(=O)C=1N=NC(O)=C2CCCCC12)C3CC3)C4CC=CCO4
XS544497b,CSC1(CNC(=O)C(CC2=CNC=3C=C(F)C=CC23)NC(C)=O)CCC1
XS839812b,CC(C)C1CN(C(=O)CCCS(=O)(=O)N2CCCC2)C=3C=CC=CC3N1
XS837310b,CCC1=NN=C(O1)C=2C=CC(=CC2)NC(=O)N3CCN(CC)C4(CCOC4)C3
XS743635b,CC1=NN(C)C(C)=C1C=2C=C(NN2)C(=O)N3CCCC(C)(C3)C=4C=CC=CC4
XS843748a,CCOC=1C=CC(=CC1S(=O)(=O)NC(CC)C=2C=CC(C)=CC2)NC(C)=O
XS837858b,CC1=NC(C)=C(S1)S(=O)(=O)N2CCC(C(F)(F)F)C3(CCOCC3)C2
XS843746a,CC(C)NS(=O)(=O)C=1C=CC(=CC1)C(=O)NC(C=2C=CC(F)=CC2)C(C)C
XS843743a,O=C(COC(=O)C=1C(Cl)=CC=C(Cl)C1Cl)NC2CCS(=O)(=O)C2
XS843744a,COC(=O)CC(NC(=O)C=1C=CC(=O)N(CC=2C=CC=CC2)N1)C=3C=CC=CC3
XS821023b,O=C(NCC=1C=CC=CC1CN2CCCC2)C=3C=CC=CC3OCC4CCCO4
XS554275b,O=C(NC1CCOC=2C=CC=CC21)C3=CN(N=N3)C=4C=CC=CC4C(F)(F)F
XS838485b,CCC(=O)NC1CCN(C1)S(=O)(=O)C=2C=CC=CC2S(=O)(=O)C(F)F
XS840911b,CCC=1C=C(CC(=O)N2CCCC2(C)CNC(=O)C=3C=CC=4NN=NC4C3)ON1
XS584869b,CC=1N=C(NC(=O)C2(C)CCC(=O)NC2)SC1CC=3C=CC(F)=C(F)C3F
XS843749a,COC=1C=CC=C(C1)C(CNC(=O)NC=2C=CC=C3C=CC=CC23)N4CCCC4
XS843745a,CC1OC=2C=CC=CC2N(CCC(=O)N3CCN(CC3)C(=O)C4=CC=CO4)C1=O
XS843747a,O=C(NC1CCCC=2C=CC=CC21)C=3C=CC=C(C3)S(=O)(=O)N4CCCCC4
XS840688b,CC(NC(=O)C=1C=CC=C(C1)NS(=O)(=O)C(F)(F)F)C(C)(C)CN(C)C
XS842241b,CCC=1N=CC=2CCN(CC2N1)C(C)C(=O)NC=3C=C(C)C(Cl)=CC3OC
XS843752a,CN1CCCC=2C=C(C=CC21)CNC(=O)C=3C=CC=C(C3)NC(=O)C4CCCO4
XS836731b,O=C(O)C(CC(=O)NC=1C=CC(=CC1Cl)C(F)(F)F)C=2C=CC(F)=CC2
XS843750a,O=C(NC1CCN(C1)C(=O)C2=CC=3C(O)=CC=CC3N2)C=4C=CN5N=CC=C5C4
XS840962b,CC1=CC(=CS1)C(=O)N2CCC3(CCC3)C(C2)NC(=O)C4=CC=CN(C)C4=O
XS837692b,CC=1C=CC=2NC=3CCC(CC3C2C1)NC(=O)N(C)CC4=CN5CCCCC5=N4
XS843751a,O=C(NCC1CC1)C2CCCN(C2)S(=O)(=O)C=3C=CC=4OCC(=O)NC4C3
XS841572b,CC1=C(Br)C(=NN1C(C)C2=NC(=NO2)C=3CCON3)C(F)(F)F
XS841578b,COC=1C=C(Cl)C(=CC1OC)S(=O)(=O)N2CCN(C)C3(CCOC3)C2
XS840111b,CC(C(=O)N1CC2(CC1C)CCN(CC2)C(=O)CCCOC(C)C)=C3CCC3
XS840059b,COC=1C=C(C)C=C(C)C1S(=O)(=O)N2CCCC(C2)OC=3N=CC=CC3F
XS575091b,CC(=O)N1CCN(C(=O)NC=2C=CN(N2)C=3N=CC=CC3C(F)(F)F)C(C)C1
XS843763a,COC=1C=CC(=CC1OC)CNC(=O)N2CCCC2C3=NN=C4CCCCCN34
XS839398b,CC(C)C=1N=CN=CC1C(=O)N2CC3(C2)CCCC3NC(=O)C4=CC(Cl)=CN4
XS787539b,CC=1C=CC=C(NC(=O)CN(C)CC(=O)N2C=3C=CC=CC3NC(=O)CC2C)C1C
XS842207b,CC1CCN(C=2C=C(Cl)C=CC2S1)S(=O)(=O)C3=CN(C)C(=O)N(C)C3=O
XS843764a,CC(C)C(NC(=O)CC1=NN(C)C(=O)C=2C=CC=CC12)C=3C=CC=4OCCCOC4C3
XS843754a,CC(=O)N1C=2C=CC(=CC2CC1C)S(=O)(=O)NC=3C=CC=CC3OC(F)(F)F
XS836742b,COC=1C=CC(=C(C1)OC)N2C(=O)CC(C2=O)N(C)CC=3C=NN(C3)C=4C=CC=CC4
XS840863b,O=C(NC=1C=CC=2CN(CC(F)F)CC2C1)NC3CCCN(C3)C=4C=CC=CC4
XS843762a,CNC(=O)C(NC(=O)C=1C=C(C)C(C)=C(C1)S(=O)(=O)N(C)C)C=2C=CC=CC2
DR002694b,CN1C=C(C=N1)N2CC(CC2=O)C(=O)N3CCC(CC3)C4=CNC=5C=CC(F)=CC45
XS843758a,CC1=CC(C)=NC2=NC(=NN12)C(=O)NCCCN3CCN(C)CC3C=4C=CC=CC4
XS843753a,CCN1N=NC=2C=C(C=CC21)C(=O)N3CC(OC=4C=CC=CC43)C(=O)N5CCCCC5
XS532425b,CC1CCN(C(=O)CN2CCC(CC2)C(=O)N3CCCCC3)C=4C=CC=CC4S1
XS836977b,CN1C=C(C=N1)N2CCCC(OC=3C=C(Br)C=C(C3)C(F)(F)F)C2=O
XS843755a,CC(SC1=NC2=C(C=NN2C=3C=CC=C(Cl)C3)C(=O)N1)C(=O)N4CCNC4=O
XS843756a,O=C(NCC(C=1C=CC=CC1Cl)N2CCCC2)C=3C=CC(=CC3)N4CCCC4=O
XS843759a,CCN1C(=NC=2C=CC=CC21)NC(=O)C3CCCN(C3)S(=O)(=O)C=4C=CC=CC4
XS394837b,O=C(C=1C=CC(=CC1)N2CCCC2=O)N3CCCC(C3)C4=NC=5C=CC=CC5S4
XS843761a,O=C(NC1CCOC=2C=CC=CC21)C=3C=CC(=CC3)S(=O)(=O)N4CCOCC4
XS843757a,CC1=C(C=NN1C=2C=CC(C)=CC2)C(C)NS(=O)(=O)C=3C=CC=4OCCOC4C3
XS838404b,COC(=O)CC(NS(=O)(=O)C=1C=CC(Br)=C(C1)C(=O)OC)C2CC2
XS842290b,CCC1=NOC=2N=CC(=CC12)S(=O)(=O)N3CCOCC3C4=NOC(=N4)C(C)C
XS843760a,CC=1C=CC=2SC(CC2C1)C(=O)N3CCN(CC3)C(=O)C=4C=CC=5NC=NC5C4
XS836540b,COC(=O)C1CN(CC=2C=CC=CC21)C(=O)C3=CN(C)C=C(Br)C3=O
XS565013b,CN1CCN(CC=2C=CC(=CC2)C(=O)N3CCC4(C3)C(=O)NC=5C=CC=CC54)CC1
XS673284b,O=C(CCOCC1CC1)N2CCC(C2)(C3=NC(=NO3)C=4C=CC=NC4)C(F)(F)F
XS838845b,CC(C)OCC1CN(CCO1)C=2N=CN=C(C2Cl)N3CCN4N=C(C=C4C3)C5CCC5
XS843778a,COC=1C=CC(Cl)=CC1C(=O)N2CCCC2C(=O)NCC3(CC3)C=4C=CC(F)=CC4
XS843774a,CCC=1C=CC(=CC1)S(=O)(=O)NCC=2C=CC=3C(=O)N(CC3C2)C4CCC(=O)NC4=O
XS843782a,CCN1CCN(CC1)C=2C=CC(F)=CC2C(C)NC(=O)C3=NN4C(C)=CC(C)=NC4=N3
XS843770a,CC=1C=CC=2OC=C(CC(=O)N(CC=3C=CC=CC3Cl)C4CCS(=O)(=O)C4)C2C1
XS843771a,CC=1C=CC(=CC1C)S(=O)(=O)N2CCC(CC2)C(=O)OCC(=O)N3CCCC(C)C3
XS843780a,CC1=CC=CN2C(=O)C=3C=C(C(=O)NCC4CCCO4)C(=N)N(CC5=CC=CO5)C3N=C12
XS843775a,CC1CCCCN1CCNC(=O)C2CCN(CC2)S(=O)(=O)C=3C=CC=4CCCCC4C3
XS838509b,O=C(C=1C=CC(O)=CN1)N2CCN(C(=O)C=3N=CC=C4OC=CC34)C(C2)C=5C=CN=CC5
XS843776a,O=C(N1CCOC1=O)N2CCC(C#CC=3C=CC=C4C(=O)N(CC34)C5CCC(=O)NC5=O)CC2
XS843766a,COC=1C=CC=C(C2=NC(=CS2)CN3CCN(CC3)C(=O)C4COC=5C=CC=CC5O4)C1OC
XS843765a,CCCC(=O)NC1CCCN(C1)C(=O)C=2C=CC(OC)=C(C2)S(=O)(=O)NC3CC3
XS837634b,CN1N=CC2=C1CCN(C2C(=O)NC3(CCC3)C=4C=CC(F)=CC4F)S(C)(=O)=O
XS843769a,CN1C(=O)C2=C(N=CN2CC(=O)N3CCC=4SC=CC4C3C=5C=CC=CC5)N(C)C1=O
XS837993b,CCS(=O)(=O)NC=1C=CC(=CC1OC)NC(=O)NC(C)C=2C=CC=C(C2)C(F)(F)F
XS814399b,CCC(=O)N1CCCC(C1)C(=O)NC=2C=C(C=CC2OC)S(=O)(=O)N3CCCCC3
XS838014b,CN1N=C(C(Cl)=C1CNC(=O)N2CCCC3(CCS(=O)(=O)C3)C2)C(F)(F)F
XS843779a,COC=1C=CC(=CC1S(=O)(=O)N2CCCC2)C(=O)NC3CCSC=4C=CC=CC43
XS840419b,COC1=CC(OC)=C(OC)C=2NC(=CC12)C(=O)NCC(C3=CC=C(C)O3)N4CCOCC4
XS843772a,CCOC=1C=CC(=CC1)S(=O)(=O)N2CCC(CC2)C(=O)NC3CCCC=4C=CC=CC43
XS843768a,CC1=C(N=NN1C=2C=CC=C3CN(CCC23)C(=O)NC(C)C)C(=O)N4CCOCC4C
XS843781a,COC=1C=CC(=CC1)C(CNC(=O)COC2=NNC(=O)C=3C=CC=CC23)N4CCCC4
XS840170b,COC=1C=C(C)C=NC1C(=O)N2CCC(CC2)S(C)(=O)=NC(=O)C=3CCC(=O)N(C)N3
XS843777a,CC=1C=CC(Cl)=CC1CNC(=O)C2=CN(N=N2)C=3C=CC=4C(=O)N(CC4C3)C5CCC(=O)NC5=O
XS843773a,CC=1C=CC(=CC1NC(=O)C(C)N2CCN(CC2)C(=O)CC(C)C)S(=O)(=O)N(C)C
XS843767a,CC(OC(=O)C=1C=CC(F)=CC1N)C(=O)N2CC(=O)NC=3C=C(C=CC32)C(F)(F)F
XS836917b,O=C(NC1CCCC(F)(F)C1)C=2CCON2
XS843785a,COC=1C=C(OC)C(=C(C1)OC)C2CCCN2
XS843792a,CCOC(C)C(=O)NC1=NC=2CCCC2S1
XS843793a,CC=1N=CSC1C(=O)NCC2CCCO2
XS843783a,CC1C(=O)NCCN1C(=O)C=2C=CC(F)=CC2
XS403664b,CCC=1C=CC(=CC1)C(=O)N2CCOC(CN)C2
XS842046b,N#CC=1C=NC(NC2CC32CC3)=C(F)C1
XS838127b,CC(=O)NC(C)C(=O)N1CCC=2C=CN=CC21
XS843789a,COC=1C=CC=CC1C(C)NC(=O)C(C)C
YT000055c,NC=1C=CC=CC1N2CC(OC2=O)C(F)(F)F
XS843787a,NC=1C=CC(=CC1)NC(=O)C2CCCO2
XS839989b,[O-][N+](=O)C=1C=CC(=NC1)NC2CC=CCC2
XS782513b,CC=1C=CC=C(C1)CCC(=O)N2CCNCC2C
XS839934b,CC(F)CCN1CCS(=O)(=O)CC1
XS841151b,CCN1C=C(C=N1)C2CS(=O)(=O)CCN2
XS841149b,COC(=O)C1CC=2C(F)=CC=C(F)C2C(=O)O1
XS428367b,CC(NC=1N=CN=C2C1C=NN2C)C3=CC=CO3
XS843788a,CC=1C=CC(=CC1C)OC(C)C(=O)N2CCCC2
XS843786a,O=C(NC1CC1)C2CCC=3C=CC=CC3O2
XS843790a,CC1CCCN1C(=O)CN2N=CC=3C=CC=NC32
XS843791a,CC=1C=C(CC2=NN=C(NC3CCOC3)O2)NN1
XS837977b,CN1N=NN(CC2CCCCCO2)C1=O
XS843794a,CCC1=CN=C(NC(=O)C2(C)C=CCCC2)S1
XS841165b,CC(C#N)CNC(=O)C=1C=CC=CC1
XS841174b,N#CC=1C=CC(Cl)=CC1NC2CNC(=O)C2
XS843784a,CCNC=1C=C(N=CN1)N2CCCC2CO
XS582530b,CC1=C(C=NN1C)C(C)NC(=O)C=2C=NC(C)=CN2
XS843796a,O=C(NC1CCC(=O)NC1=O)C2=CC=3C=CC=CC3O2
XS843800a,O=C(NC=1C=CC=CC1F)N2CCCC(CO)C2
XS402413b,O=C(C1CCC(=O)NC1)N2CCC=3SC=CC3C2
XS843795a,CCC1=NC(=NO1)C2CCCN2CC3=NC=C(C)O3
XS843803a,CCOC(=O)C1=NN=C(O1)N2CCC3(CCOC3)C2
XS838021b,CCN1C=NN=C1NC(=O)C=2CC(ON2)C(C)(C)C
XS498329b,CN1C=CC=C1C(=O)NC2CCC=3C(O)=CC=CC32
XS843798a,CCCC(C)NC(=O)COC(=O)C=1N=CC=NC1N
XS807600b,CN1C=C(C=N1)C2CCCN2C(=O)C3=CC=CS3
XS839753b,COC(C)C(=O)NC=1C=C(C)C=CC1Br
XS843799a,CN(CC=1C=CC=C(F)C1)C(C(N)=O)C=2C=CC=CC2
XS843804a,CN1N=C(CCC1=O)C(=O)N2CCC2C=3C=CC=CC3
XS842567b,CC1COCCN1C(=O)NC=2C=CC(F)=CC2C#N
XS662629b,O=C(C=1C=NC=C(O)C1)N2CCC(C2)C=3C=CC=CC3
XS813888b,CC=1C=CC(=CC1)OC(C)C(=O)NC=2N=CC=CC2C
XS840762b,CC1=CSC(=N1)S(=O)(=O)C(C)C(=O)N(C)C
XS841939b,CC=1CC(C)C(=O)N(N1)C=2C=CC(F)=CC2Cl
XS843801a,O=C(NC=1C=CC(Cl)=C(Cl)C1)C2CCCO2
XS838503b,C1=NNC=2N=CN=C(NC3CSC=4C=CC=CC43)C12
XS626815b,CN1C=CC=C(NC(=O)NCC2CCCO2)C1=O
XS843797a,NC(=O)C1CCN(C1)C(=O)C=2C=CC=3C=CNC3N2
XS661921b,CC1=NON=C1NC(=O)C(C)OC=2C=CC(F)=CC2
XS826691b,O=C(NC=1C=CN=CC1)NC2CCCC=3C=NNC32
XS843802a,NC=1C=CN2N=CC(C(=O)NCC3CCCO3)=C2C1
XS843805a,COC=1C=CC=CC1CNC2CCS(=O)(=O)C2
XS843806a,CC=1N=C2CCC(CN2N1)NC3=NC=4C=CC=CC4S3
XS553034b,CCC(C)C(=O)NCC=1C=CC(=NC1)OC=2C=CC=CC2
XS843812a,CC=1NC2=NC=NN2C(C=3C=CC=C(F)C3)C1C(N)=O
XS843807a,COC=1C=C2CC(C)OC2=CC1CNCC=3C=CNN3
XS843814a,COCC(=O)N1CCN(CC1)C(C)C(=O)N2CCCC2
XS841546b,CC(C)C(C1=NN=C(O1)C=2C=CC=CN2)C=3C=CC=CC3
XS841858b,CC=1C=CC(=CC1OC(C)C(=O)O)NCC2=CC=CO2
XS843817a,COC=1C=CC=CC1NC(=O)NC(C)C2=CC=C(C)O2
XS674007b,CC(NC(=O)C=1C=CC(Cl)=CC1)C(=O)N2CCCC2
XS843813a,CCC1CN(CCO1)C(=O)C=2C=NN(C2)C=3C=CC=CC3
XS843819a,CCCNC(=O)C1CCCN(CC=2C=CC=C(F)C2)C1
XS843811a,CCC(C)C(=O)NCCC=1C=CC(=CC1)S(N)(=O)=O
XS843818a,CC=1C=CC=CC1CCNC(=O)C(C)N(C)CC(N)=O
XS842440b,NC(=O)C1COCCN1CC=2C(F)=CC=CC2[N+]([O-])=O
XS843815a,COCC(C)N(C)C(=O)C=1C=NC2=C(C1)C(C)=NN2C
XS840668b,CC1=C(C=NN1C)C(=O)OCC2CCOC=3C=CC=CC32
XS798831b,CNC(=O)C(NC(=O)C1=CC=CS1)C=2C=CC=CC2
XS840285b,CC=1C=CC(=CC1)N2C(=O)CSC2C3=CC=CS3
XS334595b,CCC=1ON=C(C)C1NC(=O)N2CCCC(C2)C(N)=O
XS843810a,O=C(NCC1=CC=CS1)C2CC(=O)NC=3C=CC=CC32
XS843820a,CCC(C)SC=1C=CC(NC(=O)NCCO)=C(C)C1
XS837341b,CCOC(=O)C1CC21CCN(CC2)C=3C(=O)C(=O)C3N
XS839591b,CC1C=2SC=CC2CCN1C=3C=CN=C4N=CC=NC34
XS838605b,COCC1(CC=CC1)C(C)NC=2C=CC=C(C2)CCO
XS843808a,CC=1C=CC=C(C1)OCC(=O)NC2CCC(=O)NC2=O
XS843816a,O=C(NC=1C=CC=CN1)C2CC(=O)N(C2)C=3C=CC=CC3
XS843809a,O=C(O)C1CCN(C1)C(=O)C2(CC2)C=3C=CC=CC3F
XS839375b,CCC(NCCC1=NOC=2C=C(F)C=CC12)C3=NC=CO3
XS843831a,CC1=CC(C(=O)NC(CC(=O)O)C=2C=CC=CC2)=C(C)O1
XS838377b,CC(CN1C=CC=N1)C2=NC(=NO2)C=3C=NC=4NC=CC4N3
XS077100b,CC1=CC(=NO1)NC(=O)C(C)N(C)CC=2C=CC(F)=CC2
XS843830a,CC(NC(=O)C=1C=CC=CN1)C2=NC(=CN2)C=3C=CC=CC3
XS842452b,O=C(CN1CCSC(C1)C=2C=CC=CC2)N3CCCC3
XS842687b,CC1=CSC(=C1)C(=O)N2CCC(F)(F)CC2C(=O)O
XS838725b,C1=NN=C2C=CC(=CN12)C3=NOC(=N3)C4CCC5(CCC5)C4
XS843829a,CC1=CC(CSC(C)C(=O)N(C)C=2C=CC=CC2)=NO1
XS843827a,COC=1C=CC=C(C1)NC(=O)C(C)N2CCC=3C=CC=CC32
XS843825a,CC=1C=CC=CC1CS(=O)(=O)C(C)C(=O)NCC(C)C
XS840016b,O=C(O)C1=CC(=NN1)NC(=O)C2CCCC=3SC=CC32
XS676017b,O=C(CNCC1CCCN1C=2C=CC=NN2)NCC3CC3
XS841807b,O=S(=O)(C(F)F)C1CCCN(CC2=CSC=N2)C1
XS843828a,NC1=NC(C=2C=CC(Cl)=CC2)N3C(=NC=4C=CC=CC43)N1
XS563550b,CC(=O)N1CC(C1)NC(=O)C2(O)CCC=3C=CC=CC3C2
XS843826a,O=C(C=1C=C(Cl)C=CN1)N2CCCC2C=3C=CSC3
XS843821a,O=C(CN1CSCC1=O)N2CCCC(C2)N3C=CC=N3
XS843824a,CC=1C=CC=CC1C(C)NC(=O)CC2=CN3C=CC=CC3=N2
XS843822a,CC1=NC(CN2CCN(CC2)C(C)C=3C=CC=CC3)=NO1
XS839054b,CCC(C)C=1C=CC=CC1CN2C(=O)C=C(C(F)F)N2C
XS837711b,CC1=CC=C(NC(=O)NC2CCC=3N=CSC3C2)S1
XS838839b,CC=1C=CC=C2CCC(NCC3=CSC(=N3)N(C)C)C12
XS836475b,CC1CCCCN1NC(=O)C=2C=NN(C)C2N3C=CC=C3
XS843823a,CC1=NC(CN2CCCC(C2)C3=NOC(=N3)C4CC4)=NO1
XS716957b,CCC1CCC=2N=C(NC(=O)C=3C=NC=CN3)SC2C1
XS812346b,CC(C)C(C(=O)NCC=1C=CC=NC1)C=2C=CC(Cl)=CC2
XS673303b,CCOC=1C=CC=CC1CN(C)C(C)C2=NC(=NO2)C3CC3
XS843832a,CC(NC=1C=CC(=CC1)OC=2C=CC=CC2)C(=O)NC(N)=O
XS843839a,COC=1N=CC=CC1C(=O)N2CCCC(C2)C3=NN=CN3C
XS841042b,NC(=O)C1CSCCN1S(=O)(=O)C=2C=CC=CC2F
XS786327b,CC1=CC(=NO1)NC(=O)NCC2CCN(C2)C=3C=CC=CC3
XS843837a,CC(=O)NC=1C=CC(=CC1C)NC(C)C2=NC(=NO2)C(C)C
XS555994b,CC1=NOC(=N1)C2CCN(C2)C(=O)COC=3C=CC=CC3F
XS843833a,CC(C)(C)C(=O)NC1CCC2=NN=C(C=3C=CC=CC3)N2C1
XS841212b,COC(=O)CN1C=CC(=N1)NC(C)C2=NC=3C=CC=CC3O2
XS711896b,COC=1C=CC=C(C1)CC(C(=O)NC(C)C)N2N=NN=C2C
XS843835a,COCC1=CC=C(O1)C2CCCN2C(=O)NC=3C=CN=CC3
XS628205b,CC1=NNC(C)=C1CC(=O)N2CCCC2CC=3C=CC=CC3
XS672565b,CCC(C=1C=CC=CC1)N2CCC(CC2)C(=O)NCCCO
XS843836a,CC(SC1=NC=C2C=CC=CN12)C(=O)NC3CCCCC3
XS843841a,CC1CNCCN1C(=O)C=2C=C(F)C=C(Br)C2
XS842509b,CC(C(=O)N(C)C=1C=CC=CC1)N2CCCC=3OC=CC3C2
XS839551b,CCC1=CSC(=N1)C(C)NC2=NC3=C(C=NN3C)C(=O)N2
XS841343b,CN1N=CC(OCC2CCCCN(C)C2=O)=C1C(F)(F)F
XS593592b,O=C(O)C(CNC(=O)CC=1C=CC=CC1F)C=2C=CC=CC2
XS843834a,CC(NC=1C=NN(C1)C(C)(C)C)C(=O)NCC=2C=CC=CC2
XS841771b,CN(CC1CCCO1)C(=O)CN2CC=3C=CC=CC3OC2=O
XS586807b,N#CC=1C=CC(CN2CCCC2C=3C=CC(O)=NN3)=C(F)C1
XS475564b,CC1=NC=C(CC(=O)N2CCC(CC=3C=CC(F)=CC3)C2)O1
XS839332b,CN1C(=O)C2(CCOCC2)NC1C=3C=CC=4SC=NC4C3
XS843838a,CC(NC=1C=CC=2OC(=NC2C1)C3CC3)C(=O)N4CCCC4
XS843840a,CC(C(=O)NC1CC1)S(=O)(=O)CC2=NC(=NO2)C3CC3
XS843845a,CC=1C=NN(C1)C2CCCN(C2)C(=O)C3=CN4C=CC=CC4=N3
XS843842a,O=C(NC=1C=CC=CC1)C2CSCN2C(=O)C=3C=CC=CC3
XS839359b,CC1(CNC=2C=NC=C(Br)C2C#N)CC=CCO1
XS771151b,NC1CCCN(C1)S(=O)(=O)C=2C=CC=CC2C(F)(F)F
XS843853a,CC(CN1C=CC=N1)NC(=O)C2=CC=C(NC2=O)C3=CC=CO3
XS559570b,CC1=NN(C)C=2N=CC(=CC12)NC(=O)C3CC(=O)N(C3)C4CC4
XS843844a,CC1=CC(=NO1)NC(=O)C(C)OC(=O)C2=CC=3C=CC=CC3N2
XS837588b,CN1CC(CC21CCC2)NC(=O)C=3C=CC=NC3N4C=CC=N4
XS843850a,CC=1C=C(NCC2CCCO2)N3C=4C=CC=CC4N=C3C1C#N
XS837823b,CC=1C=C(C=C(C(=O)O)C1[N+]([O-])=O)N(C)CC2CCCOC2
XS843851a,CC=1C=CC=C(N1)NC(=O)C2CC(=O)N(CC=3C=CC=CC3)C2
XS739805b,CN1C=C(C=N1)C2CCCN2CC(=O)N3CCC=4C=CC=CC43
XS843846a,CC1CC=2C=CC=CC2N1C(=O)COC=3C=CC=CC3C(N)=O
XS843849a,CC(=O)NC=1C=CC(=CC1)CNC(=O)C(NC(C)=O)C(C)C
XS811881b,O=C(C=1C=C(NN1)C2=CC=CO2)N3CCCC(C3)N4C=CC=N4
XS843847a,COC=1C=CC(=CC1)C2CCCN2CC=3C=CC(C#N)=CC3F
XS837829b,CS(=O)(=O)N1CCCC(C1)NC=2N=CC3=CC=CN=C3N2
XS839179b,CCC1=NOC(C)=C1C2=NOC(CC3CCCS3(=O)=O)=N2
XS450327b,O=C(C=1C=CN=C(C1)N2C=CC=N2)N3CCOCC3CC4CC4
XS843852a,CNC(=O)C1CCCN1C2=NN3C=C(N=C3S2)C(C)(C)C
XS843843a,CC(C)C1=NC(=NO1)C2CCCN(C2)C=3N=CN=C4CCCC34
XS838407b,CC1=C(SC2=CN=CN12)C3=NC(=NO3)C4CCC(F)(F)C4
XS838419b,FC(C1=NC(=NO1)C2=COC=N2)N3C=C(Br)C=N3
XS839672b,CC1(CCCNC1=O)C(=O)NNC(=O)C=2C=CC=CC2Cl
XS837725b,COC(=O)C=1C=CN=C(N1)NC(C)C=2C=CC=3OCCCC3C2
XS843848a,CCC(C)NC(=O)CCC1=NC=C(O1)C=2C=CC=CC2Cl
XS839483b,C1=NC=C2C=CN=C(N3CCCC(CC3)OC=4C=CC=CC4)N12
XS843856a,CC(C)C=1C=CC(=CC1F)NC(=O)NC2CCC3=NC=NN3C2
XS422942b,CC(C1=NC(=NO1)C2CC2)N3CCN(CC3)C=4C=CC=CC4O
XS491620b,CC(C)N1N=CC=C1CN2CCCC(O)(CC3=NN=CN3C)C2
XS842201b,ClC=1C=CC2=C(CCC2NC=3C=CC4=NN=NN4N3)C1Cl
XS843859a,CCOC=1C=CC(=CC1)NC(=O)NC(C)C=2C=CC(F)=C(F)C2
XS838668b,CC1=NOC(=N1)C(C)NC=2C=CN(CC=3C=CC(Cl)=CC3)N2
XS550692b,CC1=NN(C)C=C1C(C)NC(=O)C2=CNN=C2C3CCOCC3
XS839613b,CC(NC(=O)CNC(=O)C1=CC(=CN1C)[N+]([O-])=O)C2=CC=CO2
XS841749b,CC1(C)CNC(=O)C1NC(=O)C=2C=CC(=CC2)OC(F)(F)F
XS739425b,CCC1CN(CCO1)C(=O)CN2C(=O)ON=C2C=3C=CC=CC3
XS843858a,OC(COC=1C=CC=CC1)CN2CCN(CC2)C3=NC=CS3
XS843860a,O=S(=O)(NC1CCS(=O)(=O)C1)C=2C=CC=3CCCC3C2
XS837072b,CCC1CN(CCS1)C=2C=CC(=CC2F)S(=O)(=O)NC
XS843854a,CC(C)N1N=CC=C1NC(=O)CN2CCCC2CN3C=CC=N3
XS840698b,CC=1C(=CC=CC1[N+]([O-])=O)NC(=O)N2CCCC32CCOC3=O
XS836704b,CC(C=1C=CSC1)N2CCN(CC2)C=3N=CC=4NC=NC4N3
XS837181b,CC(C)C1=NN(C)C=2SC(=CC12)C3=NC(=NO3)C4CCOC4
XS520647b,CC=1C=CC(=CC1F)C(=O)NC(C)C2=NN=C3CCCCCN23
XS571349b,NC(=O)CC1(O)CCCN(CC=2C=CC=CC2C(F)(F)F)C1
XS842628b,FC=1C=CC=2OC(=NC2C1)NC=3C=CC(=CC3)OC4CCOC4
XS838876b,COC(=O)C(NC1=NN(C)C=2N=CC=NC12)C=3C=CC(F)=CC3
XS843861a,CC(C)C=1C=CC(=CC1)NC(=O)NC(CC=2C=COC2)C(=O)O
XS839662b,O=C(NCC1(O)COC1)C2CCOC3(CCC(F)(F)CC3)C2
XS843855a,CCC1C=2C=CSC2CCN1C(=O)CCC=3C(C)=NOC3C
XS843857a,CCNC(=O)C(C)NC(=O)C=1C=C2C=CC(=CC2=NC1C)OC
XS574555b,COC=1C=CC(=CC1F)CN2CCN(CC2)C(=O)C3CCCN3
XS840527b,COC(=O)C=1C=CC=C(C1C)S(=O)(=O)NC(C)C=2N=CNN2
XS843870a,O=C(NC1CCN(C1)C2CC2)C=3C=CC(=CC3)OC=4C=CC=NC4
XS843868a,CCC1CN(CCO1)C(=O)CN2N=C(OC2=O)C3=CC=CS3
XS593008b,CCC1CN(C)C=2C=CC=CC2CN1C(=O)C=3C=CC(=O)N(C)C3
XS838410b,COC(=O)C=1C=C(C=CC1Cl)CN2C=C(C=N2)C3CC3(F)F
XS839450b,CC1=CC(=NN1C=2C=CC=CC2)C(=O)N3CCC4(COC(=O)N4)C3
XS843863a,N#CCN(CC(=O)NC(C1=NC=CS1)C=2C=CC=CC2)C3CC3
XS841262b,COC=1C=CC=2C=C(COC2C1)C3NC(=O)C=4C=CC=CC4N3C
XS841277b,CC(C)(C)NC(=O)C1CCCCN1CC(=O)NC2=NN=CS2
XS575039b,CN(C(=O)C1=COC(=N1)C2CCOCC2)C3CCC=4C=CC=CC43
XS843869a,CC=1N=C(SC1C(=O)NC(C)C=2C=CC=CN2)C=3N=CC=CN3
XS640941b,CC(NC(=O)N1CCC=2C=CC=CC2C1)C=3C=CC=4OCOC4C3
XS837561b,CCOC(=O)C1=CNN=C1OCC2CCC3(CCOCC3)CO2
XS843862a,CC(NC(=O)CN1C(=O)CCCC=2C=CC=CC21)C=3C=CC=CC3
XS843865a,CC(C1CC1)N(C(=O)NCC=2C=CC=C(C2)N3C=CN=C3)C4CC4
XS474140b,CC=1C=CC=2C(=O)N(C(=O)C2C1)C(C)C(=O)NC=3C=CN=C(C)N3
XS611893b,CC(C)N1N=CC=2C(=O)N(C=NC21)CC(O)CCC=3C=CC=CC3
XS843864a,CC1CC(=O)NCCN1C(=O)C=2C=C(C=CN2)OC=3C=CC=CC3
XS841259b,C=CCOC(C)C(=O)NC=1N=C2C=CC(Br)=CN2N1
XS069747b,COC=1C=CC(=CC1)NC(C)C(=O)NC=2C=CC(F)=CC2Cl
XS842551b,CC(NC1=C(C(=O)N(C)C=2C=CC=CC12)[N+]([O-])=O)C=3C=CC=CC3
XS837053b,CC=1C=C(C=C(C1C)S(=O)(=O)N(C)C(C)C(F)F)C(=O)O
XS843866a,CCCCC(C(=O)NC=1C=C(C)ON1)N2CCC(CC2)C(N)=O
XS550427b,COC=1C=CC(=CC1)CCNC(=O)CN2CCCCC(O)C2=O
XS841784b,COC=1N=C(SC1C)C2=CN(N=N2)C(C)C(=O)N3CCCC3
XS843867a,COC=1C=CC(=CC1)C(=O)NC(C)C=2C=CC(=CC2)N3C=CN=C3
XS841871b,O=C(NCC1=CSC=C1Cl)NC2CCOCC32CCCC3
XS843877a,CCCC(C)NC(=O)CC=1C=CC(=CC1)OCC=2C(C)=NOC2C
XS843875a,CC(=O)NC(CC(=O)NC=1C=C(C)C=CN1)C=2C=CC(Cl)=CC2
XS733529b,O=C(NCC1=NC=C(O1)C=2C=CC=CC2)NC3CCCCNC3=O
XS843879a,CC=1C=C(NC(=O)NC(C)C=2C=CC=3OCCCOC3C2)N(C)N1
XS843881a,O=C(CCN1C(=O)CCC1=O)NC(C=2C=CC=CC2)C3CCCC3
XS836558b,COC(=O)C=1C=CC=2N=C(SC2C1)N3CCC(C3)C4=NN=CN4
XS843871a,CC(=O)N1CCCN(CC1)C(=O)NC2CCCCC=3C=CC=CC32
XS554914b,CCC=1C=C(NCC(O)COC=2C=CC=C(F)C2)N3N=CN=C3N1
XS838959b,O=C1CCC(NC2=NC=3C=CC=C(OC(F)F)C3S2)C(=O)N1
XS836978b,O=C1CC2(CCC2)C(CN1)NCC=3C=CC(F)=C(Cl)C3Cl
XS843876a,CC(OC(=O)C=1C=CC=C(O)C1)C(=O)N2CCC=3SC=CC3C2
XS843873a,COC=1C=C(C=C2OCCOC12)CNCC3CCCN4C=CN=C34
XS843878a,CN(C(=O)C1CC(=O)N(CCC=2C=CC=CC2)C1)C3=NC=CS3
XS840726b,CN(CC1=NC=CN1C(F)F)C(=O)NC2CCC3=NC=NN3C2
XS843880a,CNC(=O)NC(=O)C(NC=1C=CC=2OCOC2C1)C=3C=CC=CC3
XS843874a,CCN(C(=O)NC=1C=NN(C)C1)C2CCN(C2=O)C=3C=CC=CC3
XS777730b,CC=1C=CC=C(OCCC(=O)N2CCCCC2C=3N=CNN3)C1C
XS843882a,CC(=O)N1N=C(CC1C=2C=CC=C3N=CC=NC23)C=4C=CC(C)=CC4
XS484266b,COC=1C=CC(=CC1)CN2CCC(NC(=O)C=3C=NN(C)N3)C2=O
XS787182b,CC=1C=CC=2CC(SC2C1)C(=O)N(C)CC3=NN=C4CCCN34
XS544557b,CN1N=CC(C(=O)N2CCCC(C2)C=3C=CN=C(N)N3)=C1C4CC4
XS843872a,CC1=NN(C)C(C)=C1C2CCCN2C(=O)C=3C=CC=C4OCOC34
XS843895a,CC(NC1=NS(=O)(=O)C=2C=CC=CC12)C(=O)NC=3C=CN(C)N3
XS843894a,CC(NCC(=O)NCC=1C=CC=CC1)C=2C=CC=C(C2)C(F)(F)F
XS843888a,CC=1C=CC(=CC1)C(NC(=O)C=2C=CC=C(C2)N3C=NN=N3)C4CC4
XS843889a,O=C(C=1N=COC1C2CC2)N3CCCCC3C4=CC=5C=CC=CC5N4
XS435613b,NC=1N=CC=C(N1)C2CCCN(C2)C(=O)NC=3C=C(F)C=C(F)C3
XS843893a,COC=1C=CC(=CC1)C2CCCN2S(=O)(=O)C=3C(C)=NOC3C
XS658261b,O=C(CC=1C=CC(=CC1)N2C=CC=N2)N3CCCC(C3)N4C=CC=N4
XS843887a,O=C(NCC(C=1C=CC=NC1)N2CCCC2)C=3C=NN(C3)CCF
XS837312b,CC=1C=C(Cl)C=C2NC(=CC12)C(=O)N3CCN4C(=O)NCC4C3
XS843883a,CC=1N=C(C)N(CC2CCCN(CC(=O)NC3=NC=CS3)C2)N1
XS843892a,CC(=O)N1CCCC(C1)C(=O)NCCC=2C=CC(=CC2)OC(C)C
XS843886a,CC=1C=CC(=CC1)NC(=O)C(C)OC(=O)CN2CCCCCC2=O
XS843896a,COC=1C=CC(=CC1)C2=NC(CSC(C)C(=O)NC(C)C)=NO2
XS843890a,CC(=O)N1CCCC1C2=NC=3C=CC=CC3N2CC=4C=CC=CC4C
XS843891a,CC(NC(=O)CC=1C=CC=2OCCOC2C1)C=3C=CC(F)=C(F)C3
XS646592b,COC=1C=CC(=CC1)OCC(O)CN2CCN(CC2)C(=O)C3CC3
XS583973b,CN(C(=O)C1=CC=CS1)C2CCN(C2=O)C=3C=CC=CC3Cl
XS740185b,CC1CCN(CC1)C=2C=CC(=CN2)C(=O)NC3CCOC(C)(C)C3
XS843884a,CCC1=NC(=NO1)C2CCCN2C(=O)C3=CC=C(CNC(C)=O)O3
XS843885a,CC=1C=CC=CC1C(CC(=O)O)NC(=O)C=2C=C(C(C)C)N(C)N2
XS840780b,CCN(C(=O)CC=1C(Cl)=CC=CC1OC)C(C)C=2C=CC=NC2
XS438933b,NC(=O)C1CCCN(C1)S(=O)(=O)C=2C=NN(C2)C=3C=CC=CC3
XS822076b,CC(OC=1C=CC=CC1C#N)C(=O)NC=2C=CC(=NC2)N3CCCC3
XS683976b,O=C(NC=1C=CN=C(C1)OC2CCOC2)C=3C=CC(F)=CC3Cl
XS840906b,COC=1C=CC(=NC1OC)C(=O)NC(CC2=NC=NN2C)C(N)=O
XS843898a,CC=1C=C(C(=O)N2CCCC(C2)N3C=CC=N3)C=4C(=O)NN(C)C4N1
XS551305b,COCC1(CCCN1CC=2C=CC(C)=CC2Br)C(N)=O
XS696546b,CC(NS(=O)(=O)C=1C=CC=C(F)C1)C2=NN=C3CCCCCN23
XS843905a,O=C(NCC1(CC1)C=2C=CC=CC2)C3CC(=O)NC=4C=C(F)C=CC43
XS842081b,CC(CN1C=CN=C1)NC(=O)N2CCN(CC2)C=3C=C(C#N)C=CN3
XS843903a,CN1C=C(C=N1)CC2CCN(C2)C(=O)C3(CC=4C=CC=CC4)CCC3
XS146008c,O=C(C=1C=CN=CC1)N(CC2CCCO2)C3=NC=4C=CC=CC4S3
XS843904a,CC1=CC(=NO1)NC(=O)C(NC=2C=CC=C(C2)CO)C=3C=CC=CC3
XS843901a,CC=1C=CC(=CC1)C2=NN=C(CN3CCOC(CN4C=CC=N4)C3)O2
XS417123b,CC=1C=CC(=C(C1)OCC(=O)NC2(C)CCS(=O)(=O)C2)C(C)C
XS843906a,O=C(NCC=1C=CC(=NC1)OCC2CC2)C3COC=4C=CC=CC4O3
XS842717b,O=C(CN1CCC(C1)C2=NN=CN2)NC=3C=C(Cl)C=CC3Cl
XS840129b,CC=1C(Cl)=CN=CC1NC(=O)N2CC3(CCOCC3)C2C(C)C
XS660062b,COC=1C(Cl)=C(Cl)C=CC1S(=O)(=O)N2CCCCC2C
XS839083b,CC(C(=O)NC=1C=CC=C2CNCCC12)C=3C=CC=4OCCOC4C3
XS839291b,O=C1NN=C(C=C1N2CC(C=3C=CNN3)C4(CCC4)C2)C(F)(F)F
XS841266b,COCCN1CCCN(CC1=O)C(=O)NC(C)C=2C=CN=CC2F
XS843900a,CCC1=NC=CN1C2CCCN(C2)C(=O)CC=3C=CC=4OCCC4C3
XS836838b,O=C(CC1SC=2C=CC=CC2NC1=O)NC=3C=CC=4NN=CC4C3
XS553520b,COC=1C=C(C=CC1S(C)(=O)=O)C(C)NC=2C=CC(C)=C(F)C2
XS624133b,CC=1C=CC=2C(=COC2C1C)CC(=O)N3CCCC3C=4C=NN(C)C4
XS843902a,COC(=O)C=1C=CC=C(C1)NCC(=O)N(C)C2CCS(=O)(=O)C2
XS843899a,O=C(C1=CC=2CCCC2NC1=O)N3CCCC(CC3)C=4C=CC=CC4
XS841242b,CC=1OC=CC1C2=CC(=NO2)NC(=O)NC(C=3C=CC=CN3)C4CC4
XS843897a,CC=1C=CC(C)=C(C1)OCC(O)CN2N=C(C=CC2=O)N3C=CN=C3
XS738017b,COC=1C=CC(=CC1)CCNC(=O)CN2CCC(C2)C=3C=CC=CC3
XS843909a,CC=1C=C(NN1)C2CCCN(C2)C(=O)C=3C=NN(C3)C4CCCCC4
XS008468e,CC1=CC(C2=CSC(N)=N2)=C(C)N1CC3COC=4C=CC=CC4O3
XS836589b,[O-][N+]=1C=CC=CC1C(=O)NC=2C=CC=C(C2)COCC3CCCCO3
XS843914a,CC=1C=CC=C(C1)C(=O)NC(C(=O)NCCCN2C=CC=N2)C(C)C
XS843918a,O=C(NCC=1C=CC=C2OCOC12)C3CC(=NO3)C=4C=CC=C(F)C4
XS839558b,CCOC(C)C(=O)NNC=1C=C(C=CC1Br)C(=O)OC
XS840821b,CC1=C(N=NN1C=2C=CC(Cl)=CC2)C(C)NCCCN3C=CN=C3
XS843908a,CCOC=1C=CC(=CC1)C(=O)OCC(=O)NC2CCS(=O)(=O)C2
XS841400b,O=S(=O)(CC1CCC2(CCOCC2)CO1)NCCN3C=CN=C3
XS692036b,CC=1C(=CC=CC1NC(=O)NC2CCC3=NC=NN3C2)COC(C)C
XS838408b,COC=1C=C(N=C2C=CC=CC12)C(=O)OCC3CCCC4(CCC4)O3
XS841661b,COCC1=NN=C(CN(C2CC2)C3CCCOC=4C=CC(C)=CC43)O1
XS839305b,CCC1=CON=C1CN(CC(C)CC2CC2)C=3N=CC(C#N)=C(N)N3
XS840847b,CCC1CN(CCN1CC(F)F)C(=O)NC=2C=C(C=CC2C)OC
XS843913a,CCCC(C)NC(=O)C=1C=CC(F)=C(C1)S(=O)(=O)N2CCCC2
XS843912a,O=S(=O)(CC1=COC(=N1)C=2C=CC=C(Cl)C2)CC3CCCO3
XS843916a,CN1C(=O)C=CN(CC(=O)NC(C=2C=CC=CC2)C3CCCC3)C1=O
XS843910a,CC=1C=CC=CC1N2CCN(CC2)C(=O)C(C)OC=3C=CC(F)=CC3
XS842555b,CC=1C=C(OCC(=O)NC(C)C2=CC=CS2)C3=CC=CC(F)=C3N1
XS843907a,CCNC(=O)C=1C=CC=C(C)C1OCC(=O)NC(C)C=2C=CC=CC2
XS837919b,COCC1CCN(C1)S(=O)(=O)NC=2C=C(F)C=C3CCCOC23
XS843917a,CC=1C=C(ON1)C2CCCN2C(=O)C3=CSC(=N3)C=4C=NN(C)C4
XS843915a,CCOC=1C=CC(=CC1)NC(C)C2=NC=3SC(C)=C(C)C3C(=O)N2
XS843911a,N#CC1=CN(C(=O)N(CC(O)COCC=2C=CC=CC2)C1=O)C3CC3
XS718763b,CC=1C=C(C)N2N=CC(C(=O)NC(C)CC=3C=CC=CC3Cl)=C2N1
XS843926a,O=C(NCC(C=1C=CC=C(F)C1)N2CCOCC2)C=3C=CC(O)=NC3
XS836464b,CN1N=NC(=N1)N2CCC(C2)C3CCN(CC3)C(=O)C4CCCCC4
XS390451b,CC(C(=O)NC1=NC=C(CC=2C=CC=C(Cl)C2)S1)N3C=CN=C3
XS837378b,CC(CC1=NOC(=N1)C2(CC2)C=3C=CC=4OCOC4C3)P(C)(C)=O
XS840808b,CC(C=1C=CC=CN1)N(CC=2C=CC=CC2)C(=O)C3=CC(=CN3)C(N)=O
XS839840b,CC(C)CCOC(C)C(=O)N1CCN2C(=O)N(CC(F)F)N=C2C1
XS501875b,COC1CCCCN(CC(=O)N2CCC(CC2)C3=CC=NN3C)C1=O
XS837354b,CC1=NC(=NO1)C(C)S(=O)(=O)CCN2C=C(Br)C=N2
XS843927a,O=C(CCC1=NC(=NO1)C=2C=CC=CC2)NC3CCOC=4C=CC=CC43
XS843922a,CC(OC(=O)C=1C(F)=CC=CC1F)C(=O)NC=2C=CC(=CC2)C(N)=O
XS843924a,CCOC=1C=CC(=CC1)N2CC(CC2=O)C(=O)NC3=NC=C(C)S3
XS838681b,COC=1C=CC(=CC1O)CC(C)NC2=NC=C(O2)C(=O)OC(C)(C)C
XS840891b,CN1N=C(N=C1CC2COCC=3C=CC=CC32)C4=NC=CN5N=CC=C45
XS841481b,O=C(NC1(CCC1)C2=NN=CN2)C3CCS(=O)(=O)C=4C=CC=CC43
XS843919a,CC1=NC(=NO1)C2(CCCCCC2)NCC(=O)NC(C)(C#N)C3CC3
XS736210b,CCC(=O)N1CCCC(C1)C(=O)NC2=NC=3C=C(Cl)C=CC3N2C
XS840648b,CC=1C=C(NC(=O)C(C)N2CCC3=NN(C(=O)C=C3C2)C(C)C)ON1
XS843925a,CC(NC(=O)C1=CC=2C(=O)N3C=CC=CC3=NC2N1C)C=4C=CC=CC4
XS841466b,ClC=1C=CC(CNC(C2=NN=CN2)C=3C=CC=CC3)=C4N=CC=CC14
XS839874b,COC1=C(C=NN1C)C(=O)N(C)C(C)C2=NC=3C=C(Cl)C=CC3N2
XS843921a,CN1C=C(C=N1)CC2CCN(C2)C(=O)NCCCC=3C=CC=C(F)C3
XS839899b,CN(CC1=NC(=CS1)C(F)(F)F)C(=O)C2CCC3=NN=CN3C2
XS840574b,CCC=1N=C(OC1C=2C=CC=CC2)C(C)NC=3C=CC=4CNC(=O)C4C3
XS843923a,O=C(C=1C=CC=C2NC=CC12)N3CCCC(C3)N4CCCS4(=O)=O
XS843920a,CC=1N=C(C)N(CC2CCCN(CC(=O)NCC3=CC=CS3)C2)N1
XS533570b,CC1=NN=C2CNC(CN12)C(=O)N3CCN(CC3)C=4C=CC=CC4F
XS842480b,[O-][N+](=O)C=1C(=O)N2C=CC=CC2=NC1N3CCCC3CC=4C=CC=CC4
XS840885b,O=C(CCOC=1C=CC(Cl)=C(Cl)C1)NC2CCNC3(CCC3)C2
XS843931a,CC=1C=CC(=CC1)C=2N=NN(CC(=O)NC3CCCC43CCOCC4)N2
XS843936a,CCC(C)NC(=O)C=1C=CC=C(C1)CNC(=O)C=2C=CC=C(C2)COC
XS740789b,CCC=1C=CC(=CC1)C(C)NC(=O)CN2C=C(C=CC2=O)C(F)(F)F
XS843935a,CC=1C=CC(C)=C(C1)OC=2C=CC(=CN2)CNC(=O)C(C)N3C=NC=N3
XS843940a,CCCN(C(=O)CC1=CN2C=CSC2=N1)C3CCC=4C=CC=CC4C3
XS843932a,CC1=NC(C(=O)N2CCC(C2)NC=3C=CC=C(Cl)C3)=C4C=CC=CN14
XS838326b,COC1CC=2C=CC(=CC2C1)NS(=O)(=O)C=3C=CC(Cl)=CC3F
XS843942a,CC1=CN2CC(CCC2=N1)NC(=O)CCC=3C=NN(C3)C=4C=CC=CC4
XS840439b,CNC(=O)NC(=O)C(C)OC(=O)C=1SC=2N=C(C)NC(=O)C2C1C
XS840247b,CC(CNC(=O)C1CC2(CSC2)C1)C=3C=CC(Br)=CC3
XS843934a,CCN1N=C(C=CC1=O)C(=O)N2CCC=3NC=NC3C2C=4C=CC=CC4
XS843930a,CCC(C)NS(=O)(=O)C=1C=C(OC)C(Br)=CC1OC
XS843929a,CC(C)(C)C(=O)NCC(=O)N1CCC=2SC=CC2C1C=3C=CC=CC3
XS843938a,CC(SCC=1C=CC=CC1)C(=O)NCC=2C=CC(=NC2)N3CCCC3
XS843941a,O=C(NCC=1C=CC=CC1)C2CCCN2S(=O)(=O)C3=CC=CS3
XS843939a,CC=1C=CC(=CC1)C=2N=NN(CC(=O)NC(C)C(=O)N3CCCCC3)N2
XS465992b,CCOC=1C=CC(=CC1)C2CCCN2C(=O)NC=3C=CC=4OCOC4C3
XS843937a,O=C1CC(C(=O)N1C=2C=CC=CC2)N3CCN(CC=4C=CC=CC4)CC3
XS838976b,CC1CN(CCN1C=2N=CC=C(N2)C=3C=NC=CN3)C=4C=CC=C(F)C4
XS783080b,CC1C2=NN=C(C3CCCC3)N2CCN1C(=O)N(C)CC=4C=CC=CC4
MR043164c,COC=1C=CC=C(C1)C(CO)NC(=O)C2=CNN=C2C=3C=CC=CC3F
XS843933a,CCN1C(=O)N(CC(=O)NC2(C)CCS(=O)(=O)C2)C=3C=CC=CC31
XS841935b,O=C(NCC1(O)CCS(=O)(=O)C1)C=2C=CC=C(C2)OC3CCCC3
XS843928a,CC=1C=CC=CC1C(C)NC(=O)COC=2C=CC(=CC2)N3CCCC3=O
XS840449b,CS(=O)(=O)CC(NC=1N=C2C=CC=CN2C1[N+]([O-])=O)C=3C=CC=CC3
XS838327b,CC1=NN(C(C)=C1C2CCC(=O)N2)C=3C=CC=CC3S(=O)(=O)N(C)C
XS411427b,COC=1C=CC(=CC1Cl)NC(=O)C2CCCN2C(=O)C3=CC=CS3
XS843943a,CC(NC(=O)C1CCC1)C(=O)NC=2C=CC=C(C2)CN3CCCCC3=O
XS836995b,CC1=C(C=NN1C=2C=CC(F)=CC2)C(C)NC=3C=C(N=CN3)N4C=CN=C4
XS843954a,OC(COC=1C=CC=C(C1)C(F)(F)F)CN2C=CC(=N2)C=3C=CC=NC3
XS186260b,CCOC=1C=CC(=CC1)CC(=O)N(C)C(C)C=2C=CC(=CC2)N3C=NC=N3
XS843947a,CN1C(=O)SC=2C=C(C=CC21)CN3CCC4(C3)C(=O)NC=5C=CC=CC54
XS841769b,COC=1C=C(C=C(Cl)C1O)C(=O)NC(C)C2=NC=3CCCCC3S2
XS843946a,CCCC(C)NC(=O)COC(=O)C=1C=C(N=C2C=CC=CC12)C3=CC=CO3
XS146357b,O=C(C1CC(=O)N(CC=2C=CC=CC2)C1)N3CCN(CC3)C=4N=CC=CN4
XS841934b,O=S1(=O)CCC(C1)NC2CCN(CC2)C=3C=NC4=C(F)C=CC=C4N3
XS774508b,CC1=CC(=NO1)NC(=O)C(C)N2CCN(CC2)C=3C=CC(C#N)=CC3F
XS185209b,O=C(NC=1C=CN=CC1)C2CC(=O)N(C2)C=3C=CC=C(Br)C3
XS843955a,CN(CC(=O)NC=1C=CC=2OC(F)(F)OC2C1)C3CCS(=O)(=O)C3
XS843949a,CC(C(=O)NC=1C=CC=C2N=CC=CC12)N3CCN(CC3)C=4C=CC=CC4
XS843953a,CC=1C=CC(=CC1)C(=O)N(CC=2C=CC=C(F)C2)C3CCS(=O)(=O)C3
XS843952a,O=C(NCC(C1=CNC=2C=CC=CC12)C=3C=CC=CC3)N4CCCC54CC5
XS843944a,O=C(CC1(O)CCCCC1)N2CCCC(C2)C3=NC=4CCCCC4S3
XS843948a,CC(C)COC(=O)C12CCC(=O)N2C=3C=CC=CC3C(=O)N1CC(C)C
XS843950a,CC(C)C(CNC(=O)C1=CC(=CNC1=O)C(F)(F)F)N2CCOCC2
XS837015c,O=C(C1=CC=2C=CC(F)=CC2S1)N3CCCCC3CCN4C=CN=N4
XS837637b,NC=1N=CN(CC(=O)N2CCCC2C=3C=CC=C(C3F)C(F)(F)F)N1
XS843951a,CC=1C=NC(=CN1)C(=O)NCC(C=2C=CC=CC2Cl)N3CCOCC3
XS394163b,CN(CC1=NC=2C=CC=CC2C(=O)N1)C(C(=O)NC(N)=O)C=3C=CC=CC3
XS391585b,CC(C1=NC(=NO1)C2=CC=CO2)N3CCC(CC3)C(=O)NCC(F)(F)F
XS400335b,CCC(CNC1=NS(=O)(=O)C=2C=CC=CC12)N3CCC=4C=CC=CC4C3
XS843959a,CCNC(=O)C(C)OC(=O)C1=NN(C=2C=CC(F)=CC2)C=3CCCCCC13
XS839008b,O=C(NC(CC1=NN=NN1)C=2C=CC=CC2)C=3C=C(Cl)C=4NN=CC4C3
XS838983b,CC(CC=1C=NN(C)C1)CN(CC=2C=CC(C#N)=CC2)C=3C=C(C#N)N=CN3
XS843960a,COC1(CC(=O)NC2CC3(CN(C3)C(=O)C4CCC4)N5C=CN=C25)CCC1
XS843957a,CCNC(=O)C(C)NC(=O)C=1C=C(N=C2ON=C(C)C12)C=3C=C(C)OC3C
XS545746b,O=C(N1CCC(C1)OCC=2C=CN=CC2)C3(CCOCC3)C=4C=CC=CC4
XS843966a,CC1(CNC(=O)C=2C=NC=C3NC=CC23)CCN(C1)C=4C=CC(Cl)=CC4
XS839159b,O=C(CC=1C=CC(=CC1)S(=O)(=O)C(F)F)N2CCOC(CC2)C3CC3
XS841553b,COC1(CCCCC1)C(F)(F)C(=O)N(CC2CCCO2)C=3C=CN=NC3
DR001136c,CC=1C=CC=C(C1)C(CC(=O)NCC=2C=CC=3NCCOC3C2)NC(N)=O
XS843961a,COC=1C=CC(=CC1)N2CC(CC2=O)C(=O)NC3=NN=C(N3)C(F)(F)F
XS839464b,COC(=O)C1(CCN(C1)C2=NC(C#N)=CO2)C=3C=CC(Br)=CC3
XS840958b,CC(C=1C=CC(=CC1)S(C)(=O)=O)S(=O)(=O)NCC2=CC=C(C#N)O2
XS842493b,CC(C=1C=CC(=CC1)S(N)(=O)=O)N(C)CC2=CC(=NO2)C=3C=CC=CC3
XS662803b,CC(CNC(=O)C1=CSC(=N1)C=2C=NN(C)C2)N3CCC=4C=CC=CC43
XS185284b,O=C(CC1=CSC(=N1)C=2C(Cl)=CC=CC2Cl)NCC3CCCO3
XS843958a,CC1=NN(CC(=O)N2CCCCC2C)C(C)=C1S(=O)(=O)NC(C)(C)C
XS843963a,CC(C(=O)NC1CC1)N2CCN(CC3=NC=4C=C(Cl)C=CC4N3C)CC2
XS843956a,CC(C)C(=O)N1N=C(CC1C=2C=CC=CC2NS(C)(=O)=O)C3=CC=CO3
XS843964a,COC=1C=CC(=CC1)NC(=O)C2CCCN2CCC(=O)NC=3C=CC=CC3
XS843967a,COC=1C=CC(=CC1F)C(C)NC(=O)C=2C=CC=C(C2)N3C(=O)CCC3=O
XS838307b,CC(C(=O)N1CCN(CC1)C=2C=CC=CC2S(N)(=O)=O)C=3C=CC=CN3
XS843965a,COC=1C=CC(=CC1OCC(N)=O)NC(C)C2=NC(=NO2)C3=CC=CS3
XS843962a,CCS(=O)(=O)N1N=C(CC1C=2C=CC3=NC=CN=C3C2)C4=CC=CS4
XS843974a,CN1C=CN=C1C(NC(=O)COC=2C=CC(C#N)=CC2Cl)C=3C=CC=CC3
XS843981a,O=C(CN1CCC(C1)C2=NN=C3CCCCCCCN23)NC=4C=CC=C(F)C4
XS830336b,COC=1C=CC(OC)=C(C1)C(C)NC(=O)CNC(=O)C=2C=CC=CC2Cl
XS843979a,COCCOC=1C=CC(=CC1OC)C(C)NC(=O)CN2N=NC=3C=CC=CC32
XS843975a,COC1=CC(=CC(OC)=C1OC)C(=O)NC(C)C(=O)NC2=NC=C(C)S2
XS843980a,CC1=NNC=2C=NC(=CC12)C(=O)NC(CO)C=3C=CC(F)=C(C3)C(F)(F)F
XS389996b,COC=1C=CC=C(C(N)=O)C1OCC(=O)N(C)CC2COC=3C=CC=CC3O2
XS843972a,CCN1N=CC=2C=C(C(=O)N(C(C)C)C3CCCC=4C=CC=NC43)C(C)=NC21
XS841518b,COC(=O)C1CCC2(CCC2)N(C1)C(=O)C=3N=CN4C3COC=5C=CC=CC54
XS838653b,O=C1NCCN1C=2C=C(C=CC2F)NC3CCOC4(CCC(F)(F)CC4)C3
XS839062b,CC=1NN=C(C(=O)NC(CO)C2=NC=3C=CC(Br)=CC3N2)C1C
HL001122b,CC(NC(=O)C=1C=NN(C)C1CC=2C=CC=CC2)C=3C=CC(=CC3)C=4N=NNN4
XS518416b,CC1=C(C=NN1C)C(C)NC(=O)N2CCC(CC2)OC=3C=CC(F)=CC3F
XS843978a,O=C(NCC=1C=CC=NC1N2C=NC=N2)C3CC(=O)N(CC=4C=CC=CN4)C3
XS843971a,CC(=O)N1CCN(CC1)S(=O)(=O)C2CCCN(C2)C(=O)C=3C=CC=CC3
XS179513d,CCN1CC(CN(C)C(=O)C=2C=NN3C(C)=CC(C)=NC23)OC=4C=CC=CC41
XS431184b,CC(C)CNC(=O)C(C)SC=1C=CC(=CN1)S(=O)(=O)N2CCOCC2
XS843973a,CCC(=O)N1N=C(CC1C=2C=CC(C)=CC2)C=3C=CC=CC3NS(C)(=O)=O
XS843977a,CC=1NC=2C=CC=CC2C1CC(=O)NC(C3=NC=CN3C)C=4C=CC(F)=CC4
XS837343b,O=C(C=1C=CC=2NCCOCC2C1)N3CCCC(CC4(N=N4)C(F)(F)F)C3
XS841647b,CC(C1=CN(N=N1)C=2C=CC=CC2)N3C=C(N=N3)C=4C=CC=C(F)C4C(=O)O
XS833465b,COC=1C=CC(=C(C1)OC)C2CCCN2C(=O)C=3C=CC=4NC(=O)CCC4C3
XS843968a,COC=1C=CC(=CC1)C2=CSC(=N2)NC(=O)C3CCCN3S(C)(=O)=O
XS843976a,CCN1CCN(C(=O)C=2C=C(C=3C=CC(OC)=C(C3)OC)N(C)N2)C(C)C1=O
XS843969a,CC=1C=CC=CC1N2C=C(C=N2)C(=O)NC(CC(=O)O)C=3C=CC(Cl)=CC3
XS843991a,COCCOC=1C=CC(=CC1C)S(=O)(=O)N2CCCC(C2)C3=NC(C)=NO3
XS843987a,CCC=1C=CC=CC1C(=O)NC=2C=CC=C3C(=O)N(CC23)C4CCC(=O)NC4=O
XS838093b,CC1=NC(=NN1)C2CCN(C2)S(=O)(=O)C3=NC(C)=C(Br)S3
XS837035b,O=C(NC=1C=CC=C(C1)C2=NC(CC3=CN4C=CC=CC4=N3)=NO2)C5CCCO5
XS843992a,CCCN1CCC(CC1)N(C)S(=O)(=O)C=2C=CC3=C(C2)CC(C)N3C(C)=O
XS707131b,CCCCN(C(=O)COC(=O)C1=NNC=2C=CC=CC12)C3CCS(=O)(=O)C3
XS843982a,CN1C(=CC=2C=CC=CC21)C(=O)NC(CC=3C=CC=CC3)C(=O)N4CCCCC4
XS840346b,CC(C)C1C(=O)NCCN1C(=O)NC=2C=CN(N2)C=3N=CC=CC3C(F)(F)F
XS843989a,CNC(=O)CN1C=2C=CC=CC2C(=O)N(C)C1C3=CC(Br)=CS3
XS843984a,O=C(NC=1C=CC(=CC1)C2=NN=C3CCCCCN23)C4COC=5C=CC=CC5O4
XS843988a,CCC(C)NC(=O)CN1CCN(CC(=O)NC=2C=C(Cl)C=CC2OC)CC1
XS840961b,O=C(NCC1CCN(C1)C(=O)C2=CC=3CCCC3S2)C=4C=CN5C=CN=C5C4
XS843993a,CC1(C)CCC(NC(=O)C=2C=CC(=CC2)S(=O)(=O)NC3CC3)C=4C=CC=CC41
XS843985a,CC(CCC=1C=CC=CC1F)C(=O)NC=2C=CC=3NC(=O)CS(=O)(=O)C3C2
XS843986a,O=C(C(NC=1C=CC(=CC1)N2CCCS2(=O)=O)C=3C=CC=CC3)N4CCCC4
XS417407b,O=C(NCC=1C=CC(F)=CC1)C2CCCN2S(=O)(=O)C=3C=CC(Cl)=CC3
XS841378b,O=C(NC=1C=CN(CC2CCOC2)N1)NC=3C=C(F)C(=CC3F)OC(F)F
XS781053b,CC=1C=CC(NC(=O)CN2CCCC(CC3=NN=C4C=CC=CN34)C2)=C(Cl)C1
XS515065b,COC=1C=CC(=CC1)C2(CNC(=O)C(C)N3CCC=4C=CC=CC43)CCOCC2
XS839614b,COCCOC(=O)C1=C(C)OC(N)=C(C#N)C1C=2C=CC(Br)=CC2
XS838092b,O=C(C1CCCC1)N2CC(C2)S(=O)(=O)NC3CS(=O)(=O)C=4C=CC=CC43
XS837303b,CC1(CCNC(=O)C1)C(=O)NC2=NC(=CS2)C3=CC=C(Br)S3
XS843990a,O=C1C=2C=CC=C(NS(=O)(=O)C3=CC=CO3)C2CN1C4CCC(=O)NC4=O
XS843983a,CC(C)N1N=NC(C(=O)N2CCC(C2)NC=3C=CC=C(C#N)C3)=C1C(F)(F)F
XS843994a,CCCC(=O)NC1CCCN(C1)C(=O)C=2C=NN(C2C)C=3C=CC=C(Cl)C3
XS842143b,COC(=O)C1CCCCN1CC2=CN(CCCOC=3C=CC4=CC=CC=C4C3)N=N2
XS840989b,O=C(NCCN1CCC=2C(Cl)=CC=CC2C1=O)N3CCCC(C3)C4=NC=CN4
XS844004a,CC(C)(C)C=1C=CC(=CC1)CCNC(=O)NC(CN2CCCC2=O)C=3C=CC=CC3
XS171670d,CC(OC(=O)C=1C=CC=C(C1)N2C(=O)CCC2=O)C(=O)N3CCCC=4C=CC=CC43
XS843995a,CCN(C(=O)CSC1=NC(CC=2C=CC=CC2)=C(C)N1)C3CCS(=O)(=O)C3
EL001204b,COC=1C=CC(=CC1)C2CCCCCN2C(=O)CCN3C(=O)NC(=O)C=4C=CC=CC43
XS844001a,CC12CCC(=O)N2C=3C=CC=CC3C(=O)N1CC(=O)N4CCN(CC4)C=5N=CC=CN5
XS817813b,CC(C(=O)NC=1C=CC=C(C1)S(N)(=O)=O)N(C)CC=2C=CC(Cl)=CC2Cl
XS844006a,COC=1C=CC(=CC1)NC=2C=CC(=CC2)NC(=O)C3CC(=O)N(CC4=CC=CO4)C3
XS843998a,CC=1N=C(SC1C(=O)N(C)C2CCS(=O)(=O)C2)C=3C=CC(=CC3)C(F)(F)F
XS839425b,COC=1C=CC(=CC1C(=O)NCC(C)OC)C2=CN(N=N2)C=3C=CC=CC3C(=O)O
XS840572b,COC(=O)C=1NC(C)=CC1NC(=O)C2CCN(C2=O)C=3C=CC=CC3Br
XS843996a,CC(OC(=O)C=1C=CC(Cl)=C(C1)S(N)(=O)=O)C(=O)NC=2C=CC(Cl)=CC2
XS844005a,CC(C)(C)C(=O)N1CCCC1C(=O)NCCCNC=2C=CC(=CN2)C(F)(F)F
XS844003a,CC=1C=CN2C(=O)C(=CN=C2C1)C(=O)NCC=3C=CC=CC3CN4CCCC(C)C4
XS843999a,COC1=CC(OC)=C(Cl)C=C1N2CC(CC2=O)C(=O)OCC=3C=CC(C#N)=CC3
XS844000a,CC(C)N(C)S(=O)(=O)C=1C=CC(Cl)=C(C1)C(=O)NC(C)C2=CC=CS2
XS844002a,CC(C(=O)NC=1C=CC=C(C1)NS(=O)(=O)C=2C=CC(Cl)=CC2)N3C=CC=N3
XS628562b,COC=1C=CC(C(=O)N2CCN(CC2)C3CCC=4C=CC=CC4NC3=O)=C(C1)OC
XS843997a,CC(C)C(NC(=O)C=1C=CC(F)=CC1)C(=O)N2CC=C(CC2)C3=CNC=4C=CC=CC34
XS836942b,CC=1C=CC(=CC1NS(C)(=O)=O)C(=O)N2CCCC2C=3C=CC=4OCOC4C3
XS844007a,COC=1C=CC(=CC1NC(C)=O)S(=O)(=O)N2CCN(C)CC2C=3C=CC=CC3
XS836735b,CC(C)C(NS(=O)(=O)C=1C=CC=CC1)C(=O)OCC=2C=CC(=CC2)N3C=CC=N3
XS837585b,COC(=O)C1CC=2C=CC(Br)=CC2CN1CC3=CN4C=CC=C(F)C4=N3
XS842357b,O=C(CC1COCCN1CC(F)(F)F)N2CCS(=O)(=O)C3(CCCCC3)C2
XS840415b,COC(=O)C=1C=NC(NC(C)C2=CC=3C=CC=CC3O2)=C(C1)S(=O)(=O)N4CCOCC4
XS841215b,CC1=CC=C(O1)C2CSCCN2C(=O)CC3=CSC(=N3)NC(=O)C=4C=COC4C
XS844011a,COC=1C=CC(=CC1)C(CNC(=O)C2=NN(C)C(=O)C=3C=CC=CC23)N4CCOCC4
XS840404b,CC1=CC(=C(C)O1)C2=NN=C(CN(C)CC=3C(C)=NN(C3C)C4CCS(=O)(=O)C4)O2
XS844018a,COC=1C=CC=C2CC(OC12)C(=O)OCC(=O)N3CCN(CC(=O)NC=4C(C)=CC=CC4C)CC3
XS844020a,CCC(C(=O)NC1CCN(CCNC(=O)C=2C=C(N=C3C=CC=CC23)OC)CC1)N4C=NC=N4
XS840678b,COC=1C=CC(=CC1)C=2CC(C3=CC=CO3)N(N2)C(=O)COC(=O)C=4C(C)=NOC4N
XS844008a,CC(C)NC(=O)NCC=1C=CC(=CC1)C(=O)NCC(C)C2=NC=3C=CC=CC3N2C(F)F
XS844015a,COC=1C=CC(=CC1)CN(CC2=CSC(=N2)C3=CC=C(C)O3)C4CCS(=O)(=O)C4
XS844010a,COC(=O)CCN1C(=O)C2=C(N=C3N(C(C)=C(C)N32)C(C)C=4C=CC=CC4)N(C)C1=O
XS844021a,CC1=CC(C)=C(C)C(=C1C)S(=O)(=O)N2CCC(CC2)C(=O)N3CCCC(C3)C(=O)O
XS844016a,CCN(CC)S(=O)(=O)C=1C=CC(Cl)=C(C1)NC(=O)C(C)N2CCC=3C=CC=CC32
XS844014a,CN1CCN(CC1)C(=O)C=2C=NN3CCC(CNC(=O)C4=CC=CN(C4=O)C5CC5)CC23
XS839003b,CN1C(=O)N(C=2C=C(C=CC21)NS(=O)(=O)CC=3C=CC=CC3)C4CCC(=O)NC4=O
XS841367b,O=S1(=O)NC(CN2CCOCC2C=3C=CC(=CC3)C(F)(F)F)=NC=4C=CC=CC41
XS838302b,O=C1CC(CN1C=2C=CC=3OCCOC3C2)C4=NN=C(O4)C=5C=NN(C5)C=6C=CC=CC6
XS844019a,CN1CCN(CCNC(=O)C=2N=C(N=CC2Cl)N3CCCCC3)C(C1)C=4C=CC=CC4
XS390915b,CC(C1=NC=2C=CC=CC2C(=O)N1)N3CCCN(CC3)S(=O)(=O)C=4C=CC(F)=CC4
XS842681b,CN1C(=NC=2C=CC=CC21)C3CCCCN3C(=O)CCCOC=4C=CC=5NC(=O)CCC5C4
XS840373b,[O-][N+](=O)C=1C=C(Cl)C=CC1NC(=O)CN(CC2=CC=CO2)C3CCS(=O)(=O)C3
XS844009a,O=C(CN1CCN(CC(=O)N2CCC=3SC=CC3C2C4=CC=CS4)CC1)NCC=5C=CC=CC5
XS837110b,CN(C)CCN1C=CC(=N1)NC(=O)C(=O)NC=2C=C(Cl)C=CC2OCC3CCCCO3
XS844012a,CN(C=1C=CC(F)=CC1)S(=O)(=O)C=2C=CC(Cl)=C(C2)C(=O)NCC3CCCO3
XS844013a,CC(C)C1=NOC(=N1)C(C)N2CCN(CC2)S(=O)(=O)C3=CC=C(Br)S3
XS839028b,CC=1C=CC(=C(F)C1C)C(C(=O)NC2CC2)N3CCN(CC3)C4CCS(=O)(=O)CC4
XS844017a,CCCC=1C=CC(=CC1)S(=O)(=O)NC=2C=CC=3C(=O)N(CC3C2)C4CCC(=O)NC4=O
XS842525b,N#CCN1CCCC(O)(C1)C(=O)N2CCCC2
XS844029a,CC(CN1C=CC=N1)NC(=O)C2=CC=CS2
XS844034a,CC(=O)NC(C)C1=NC=2C=CC=CC2N1C
XS844030a,O=C(NC1CCCCNC1=O)C=2C=CC=CC2
XS715214b,CC1C=2C=CC=CC2CCN1C=3C=NC(C#N)=CN3
XS839019b,CC(=O)NCC1CC2(CC(F)(F)C2)CO1
XS844022a,CC(C=1C=CC=CC1)N2C=C(CO)N=N2
XS844027a,CC(=O)NC(C)C=1C=CC=CC1OC(F)F
XS844025a,CCCC(=O)N1CCCC1C=2C=CC=C(C2)OC
XS836997b,CC(NC=1C=CC=CC1)C2=NN=CN2
XS844023a,O=C(NC=1C=CC(F)=NC1)N2CCC(C2)C3CC3
XS839333b,CC1(CC1)C2CN(CCO2)C3=NN=C(N)S3
XS844032a,CCC(C)NC(=O)C=1C=NN(N1)C=2C=CC=CC2
XS844037a,COC=1C=CC=C(C1)CNCC2CCCO2
XS844028a,CCN(CC=1C=CC=CC1)C(=O)C2CCCCN2
XS844026a,CCC1CN(CCO1)C(=O)NCC=2C=CC=CC2
XS844024a,CC1=CSC(=N1)SC2CCCCNC2=O
XS837371b,CC(COC=1C=CC=NC1C#N)CC(F)F
XS844031a,CCCC(=O)NC(C)C1=NN=C2CCCN12
XS722861b,O=C(NC(C=1N=NNN1)C2CC2)C=3C=CC=CC3
XS844036a,CC1CCN(C1)C=2C=C(C=CN2)C(=O)O
XS844038a,CC=1C=CC(=CN1)C(=O)NC2CCC(=O)NC2
XS840087b,CN(C)C(=O)N1CCCC2(CCO2)CC1
XS844033a,CNC(=O)C1CC(=O)N(C1)C=2C=CC(F)=CC2
XS838131b,CC1=NSC(=N1)NC2CC32CCCC3
XS838565b,CC1=NN(C(=O)C2=C1C=NN2C)C3CCOC3(C)C
XS838641b,CC(O)(CNC=1N=CC2=NC=CN=C2N1)C(F)F
XS844050a,CCN1CCCC1CNC(=O)C=2SC=CC2C
XS844045a,CC1=C(C=NN1C)C(=O)OC(C)C(=O)NC2CC2
XS333972b,O=C(O)C1CCCN(C1)C(=O)C=2C(F)=CC=CC2F
XS777925b,CCC(N)C(=O)N1CCN(CC1)C=2C=CC=CC2F
XS844039a,O=C(NCC=1C=CC=CC1)C2CCOC=3C=CC=CC32
XS839432b,CN1CCC(C(=O)NC2=CC=CN3N=CC=C23)C1=O
XS177501c,O=C(NCC1CCCO1)C=2C=CC=C3C=CC=NC23
XS844051a,CCC(NC(=O)C=1C=NC=CN1)C=2C=CC(=CC2)OC
XS844044a,CC(=O)N1C=2C=CC(=CC2CC1C)S(N)(=O)=O
XS569891b,CN1CC(CC1=O)C(=O)NC=2C=CC(Cl)=C(F)C2
XS844046a,CCC1CN(CCO1)C(=O)C2=CC=CC3=NN=CN23
XS844043a,CC(C1=CC=CS1)N(C)C(=O)C=2C=CC(O)=NC2
XS844042a,O=C1CCC2CN(CCN12)C=3N=CN=C4NC=CC34
XS837638b,CN(C(=O)C1CCCC=2C=CC=CC21)C3=NC=CS3
XS536410b,O=C(C=1C=CC=CN1)N(C=2C=CC=CC2)C3CCOC3
XS844040a,CC1CNC=2C=CC=CC2N(CC=3C=CC=CC3)C1=O
XS844041a,CCC(C)NC(=O)C1=CC=2C=C(Cl)C=CC2OC1
XS844047a,CCC(C)NC(=O)NC=1C=CC(=NC1)N2C=CC=N2
XS840522b,COC=1C=CN=C(N1)N2CCC=3SC=CC3C2C
XS844049a,CN(C(=O)C1=CC=CS1)C2CCS(=O)(=O)C2
XS841191b,CC1(C)CN(CCO1)C(C#N)C=2C=CC(Cl)=CC2
XS839733b,CC(C)C1=CNN=C1NC(=O)C(C)C=2C=CSC2
XS844048a,COC=1C=CC(=CC1)NC(C)C(=O)NC=2C=CC=CC2
XS838227b,NC=1C=C(Br)C=CC1OCC2CCOC2
XS837379b,CCCC1CCCN(C1)C(=O)C=2NC(=O)NC(=O)C2N
XS825581b,COC=1C=CC=CC1NC(=O)CNC(C)C=2C=CC=CC2
XS622274b,O=C(O)C1CCN(C1)C(=O)C2=CC=3C=CC=CC3S2
XS822293b,CC(NC(=O)NC=1C=CC=C(F)C1)C(=O)N2CCCC2
XS844053a,CC1CCN(C1)C(=O)C2=CN(C)N=C2C3CCCCC3
XS838366b,CC1CC=2C=C(C=CC2O1)CC3=NC(=NO3)C4=CNN=N4
XS837724b,N#CCC(NC=1N=CC2=CC=CN=C2N1)C=3C=CC=CC3
XS842146b,O=C(CN1CCOC(C1)C2CCC2)NC=3C=NC=CN3
XS844055a,CN(C(=O)C1CC(=O)N(C1)C2CCCC2)C3CCCC3
XS844059a,NC(=O)COC=1C=CC(=CC1)NC(=O)CC2C=CCC2
XS844060a,CCCNC(=O)C(C)NC(=O)NC=1C=CC=CC1CC
XS844056a,CCOC=1N=CC=CC1C(=O)OC(C)C(=O)NC2CC2
XS844054a,CC1=CC(=C(C)S1)S(=O)(=O)N2CCC(CN)C2
XS844058a,CCCC(C)NC(=O)C=1C=C(C=CC1C)S(N)(=O)=O
XS440587b,COCC(NC=1N=C(C)N=C2SC=C(C)C12)C(N)=O
XS582257b,CNC(=O)NC(=O)C(C)SCC=1C=CC=C(C1)OC
XS603964b,CC=1C=C(NC(=O)C2CC=3C=CC=CC3C(=O)O2)N(C)N1
XS844061a,COC=1C=CC=C(C1)NC(=O)NC(CO)C=2C=CC=CC2
XS844057a,O=C(NCC(O)C1CCCC1)C2=CC=3C=CC=NC3N2
XS844052a,CC=1C=CC=C2NC(C=3C=CC=C(C#N)C3)N(C)C(=O)C12
XS841287b,CCN(CC(C)C#N)C=1C=NC2=CC(F)=C(F)C=C2N1
XS837029b,C#CC1CCCN(CC=2C=NSC2Br)C1
XS660292b,CCC(CO)NS(=O)(=O)C=1C=C(C)C=CC1OC
MT276485b,CC1CCCN(C1)S(=O)(=O)NCCC=2C=CC=CC2
XS818931b,CC1=CC(=NO1)C2CCCN2C(=O)NC=3C=CC=C(C)C3
XS844063a,COC=1C=CC(OC)=C(C1)C(C)NCC=2C=CC(C#N)=CC2
XS388677b,O=S(=O)(C=1C=CC=CC1)N2CCCC(C2)C(F)(F)F
XS844077a,O=C(NCC=1C=CC=2OCCC2C1)C3CC=4C=CC=CC4O3
XS841718b,CC(CC=1C=CC(F)=C(F)C1)C(=O)NCCN2C=CN=N2
XS844068a,CCC(CNC(=O)NC1=CC(C)=NN1C)C=2C=CC=CC2
XS661828b,CCC(C)NS(=O)(=O)C=1C=C(Cl)C(C)=CC1OC
XS844065a,COCCNCC(O)COC=1C=CC=2NC(=O)CCC2C1
XS844073a,CC1=NN(C)C=2N=CC(=CC12)CNC3CCCCNC3=O
XS580838b,O=C(C1CCC(=O)NC1)N2CCN(CC2)C=3N=CC=CN3
XS844071a,CC=1C=C(C)N(CC(C)CNC(=O)C=2C=CC=NC2O)N1
XS844066a,CC(OC(=O)COC=1C=CC=CC1C#N)C(=O)NC2CC2
XS844076a,O=C(NC1CCCNC1=O)C2=CC=3C(F)=CC=CC3S2
XS844069a,CCC(C)C=1C=CC(=CC1)S(=O)(=O)N2CCNC(=O)C2
XS844070a,CC=1SC=2N=C(CN3CCCCC3C)NC(=O)C2C1C
XS006096e,CC(CC1=NC=2C=CC=CC2S1)(C(=O)O)C=3C=CC=CC3
XS844064a,CCC1CN(CCN1CCOC)C=2N=CN=C3NC=CC23
XS839893b,CCC=1C=CC=2OC=C(C(=O)NC3(C)CCOC3=O)C2C1
XS185697b,N#CC=1C=CC(=CC1)NC(=O)N2CCCC2C=3C=CC=NC3
XS400945b,O=C(C1=NNC=2C=CC=CC12)N3CCCC(C3)N4C=CC=N4
XS844067a,CCCCOC(C)C(=O)NC1=NC=NN1C=2N=CC=CN2
XS837450b,CC(C=1C=C(Cl)C=CC1Cl)N2CCN3N=CN=C3C2
XS842210b,CC1(C)CC(CO1)S(=O)(=O)CC=2C=NN(C2)CCF
XS844072a,COC=1C=CC(=CC1)CC(=O)NC(C)CCC2=CC=CO2
XS844074a,CC=1C=CC=CC1CC(=O)NC(C)C2=NC=3C=CC=CC3N2
XS844075a,CCC=1N=NSC1C(=O)NCC(CC)C=2C=CC=CC2
XS844083a,CCC1(CC)CN(C(=O)C(C)N2C=NC=N2)C=3C=CC=CC31
XS844084a,CN1C=CN=C1C2CN(CCN2C)C(=O)C=3C=CC(O)=NC3
XS558118b,O=C(O)C1CCCN(CC2=NC(=NO2)C=3C=CC(F)=CC3)C1
XS844082a,O=C(CC1=CC=NN1)NC(CC2CCCC2)C=3C=CC=CC3
XS844081a,CN1C=CN=C1SC2CCN(C2=O)C=3SC=CC3C#N
XS841636b,FC(F)CC(CNC=1C=CC=2COCC2C1)C=3C=CC=CC3
XS844095a,NC1CCCN(C1)C(=O)C=2C=CC(Br)=C(F)C2
XS844078a,CCN1C(=NC=2C=CC=CC21)C3CCCN3C(=O)NC(C)C
XS844087a,CCCN1C=C(C=N1)NC(=O)C2NCCOC=3C=CC=CC32
XS838420b,CC(C1CCC1)N2NC(=O)CC3(CC=4C=CC=CC4C3)C2=O
XS844089a,O=C(NCC(C1=CC=CO1)N2CCCC2)C=3C=CC=CC3F
XS844090a,CC=1C=C(NC(=O)NC2CCSC=3C=CC=CC32)N(C)N1
XS841779b,CC(C)C(NC(=O)C1=COC=2C=C(O)C=CC12)C3=CNN=N3
XS844092a,COC=1C=CC(=CN1)NC(=O)NCC2CC=3C=CC=CC3O2
XS844080a,CC=1C=CC=C(NC(C)C(=O)NC=2C=CC(Cl)=CN2)C1C
XS844093a,COCC=1C=CC=CC1CNC(=O)NC(C)C2=NN=CN2C
XS842423b,COCCN(C)C(=O)C(C)C1=CC=C(Br)S1
XS844091a,O=C(NCCC=1C=CC=2OCCOC2C1)C3CCC(=O)NC3
XS844085a,CC=1C=CC(=CN1)C(=O)OC(C)C(=O)NCC=2C=CC=CC2
XS844079a,CC(C)(C)C=1C=C(NN1)C(=O)N2CCCC(C2)N3C=CC=N3
XS844086a,CC1CCCN(C1)C(=O)COC=2C=CC(=CC2)C3=NN=CO3
XS838071b,CN1C=C(N=N1)NC(=O)NC(C=2C=CC=CC2)C(F)(F)F
XS838128b,O=C(C=1C=NN2CCCCC12)N3CCCC4(CNC(=O)C4)C3
XS842220b,CC1CCN(CC21CCC2)C(=O)C=3C=C(C=NC3O)[N+]([O-])=O
XS837007b,FC1(F)CCC(C1)C2=NC(CC=3C=CC=4C=NNC4C3)=NO2
XS844088a,COCC(C)NC(=O)C=1C=NN(C1C2CC2)C=3C=CC=CC3
XS844104a,O=C(NC=1C=C(F)C=CC1F)N2CCCC(C2)N3CCCC3
XS694993b,COC(=O)C1CCCN(C1)C2=NS(=O)(=O)C=3C=CC=CC23
XS844103a,CC(NC(=O)N1CCC(CC1)C=2C=CC=CC2)C3=NN=CN3C
XS844102a,ClC=1C=CC(=CC1)C2C=C(NC3=NN=NN32)C=4C=CN=CC4
XS844097a,O=C(NCC1(CC1)C=2C=CC(Cl)=CC2)C3CCNC(=O)C3
XS808755b,CC1=CC(=NN1)C2CCCN(C2)C(=O)C=3C=CN=C(N3)C4CC4
XS842394b,CC1CC=2C=C(C=CC2O1)CCNCC3=CC=CC4=NON=C34
XS838422b,CC1=NN=C(O1)C(C)N2C=C(CN3C=CC=4C=CC=CC43)N=N2
XS844099a,CC(CNS(=O)(=O)N1CCC(C)CC1)N2CCOCC2
XS839922b,O=C(NCC1CCC=2C=CC=CC2N1)C=3C=CN4C=NC=C4C3
XS844101a,CC1(CCS(=O)(=O)C1)NS(=O)(=O)C=2C=CC(F)=CC2
XS844100a,CC1=CC(C)=NN1CC(C)CNC(=O)C=2C=C(F)C=C(F)C2
XS716325b,CC=1C=C(ON1)C(=O)NC(CN2CCCC2=O)C=3C=CC=CC3
XS836919b,O=C(NCC1CCCO1)NC=2C=CC=3CNS(=O)(=O)C3C2
XS422083b,CC1C=2C=CSC2CCN1C(=O)COC=3C=CC(C#N)=CC3
XS570872b,CC=1C=CC=CC1C(=O)N2CCCC(C2)C3=NNC(=N3)C4CC4
XS637857b,COC(=O)C(CC1=CNC=2C=CC=CC12)NC(=O)C=3C=CNN3
XS478614b,NCC1CN(CCO1)C=2N=CN=C3C2C=NN3C=4C=CC=CC4
XS844096a,CC1=NC(=NO1)C2CCCN2C(=O)C=3C=CC(=NC3)NC4CC4
XS837584b,O=C(NNC(=O)C1CC=2C=CC=CC2O1)C3=CN=C(O3)C4CC4
XS839342b,CC(CNC1=NC=NS1)OC=2C=CC=C(Br)C2
XS612090b,COC=1C=CC=CC1C2=NOC(CC(C)C=3C(C)=NNC3C)=N2
XS844098a,CC(=O)N(C)C1CCN(CC(C)C=2C=CC=C(Cl)C2)CC1
XS838276b,C1=CSC(=C1)C=2C=NC=C(N2)NCC3COC=4C=CC=CC43
XS841207b,O=C(NC=1C=CC=NC1N2CCSCC2)C3CNC(=O)N3
XS838567b,FC=1C=CC(=CC1)C2COCCN2CC3=CNC=4C=NC=CC34
XS726467b,COC=1C=CC=C(C1)N2CC(CC2=O)NC(=O)C=3C=CC=CC3
XS844116a,CC(CNC(=O)NCC=1C=COC1)N2CCC=3SC=CC3C2
XS837962b,O=S1(=O)CCC2(C1)CN(CCO2)C=3C(F)=CN=CC3Cl
XS844113a,COC(=O)C=1C=CC(=CC1)OCC(=O)N2CCCC(C2)C(N)=O
XS844115a,CNC(=O)C(CC(C)C)NC(=O)C=1C=C(ON1)C=2C=CC=CC2
XS841768b,CC(NC(=O)C=1OC=C2CCCC12)(C(=O)O)C=3C=CC(F)=CC3
XS837143b,CC(O)(CNC1=CC(=O)NC=2C=NC=CC12)CC3CCCCC3
XS842663b,CC1=NC=2CCCC(C2S1)N(C)C3=CC(C)=NC4=NC=NN34
XS525094b,CN1C=CC(=N1)NC(=O)NC2CCCN(C2)C=3C=CC=CC3F
XS328610b,O=C(C1COC=2C=CC=CC2O1)N3CC(C3)C=4C=C(CO)ON4
XS844108a,O=C(NC=1C=CC(F)=CN1)N2CCOC(CC=3C=CC=CC3)C2
XS844112a,CC1=CN=C(NC(=O)C(C)N2C(=O)C=3C=CC=CC3C2=O)S1
XS836663b,CCOC1=NN=C(CN2CC(CC=3C=CC=CC32)C(N)=O)S1
XS844110a,CC=1C=CC=NC1C(=O)N2CCNCC2C=3C=CC=C(Cl)C3
XS784763b,OC(CNCC=1C=CC=2OCOC2C1)COC=3C=CC(F)=CC3
XS654029b,CC1=NN(C)C(C)=C1CCC(=O)N2CCCC(C2)N3C=NC=N3
XS836566b,O=C(C1COC=2C=CC(Cl)=CC2C1)N3CCCN4N=CN=C34
XS725260b,CC=1C=NN(C1)CC2CCCN2CC3=CC(=O)N(C)C(=O)N3C
XS844107a,COC=1C=CC(=CC1OC)C(=O)N(C)C(C)C=2C=CC(F)=CC2
XS844114a,CCCN1CCC(CC1)NC(=O)C(C)OC=2C=CC=C(C)C2C
XS844109a,CC(C(=O)N1CCC=2C=CC=CC21)N3C(=O)C=4C=CC=CC4C3=O
XS844111a,CC1=NC=2C=CC(=CC2S1)CN3CCCC(CCC(=O)O)C3
XS840142b,CC=1N=C(NC(=O)C1C)C=2C=CC(=NC2)N3CCCC(C)(F)C3
XS394893b,CC(NC(=O)C=1C=CC(=CC1)N2CCCC2=O)C3=CC=CS3
XS583123b,CC(OC=1N=CC=CC1C(=O)NCC2(C)CCC2)C(F)(F)F
XS844105a,COC(=O)C(CC(C)C)NC(=O)C1=NN2C(C)=CC(C)=NC2=N1
XS844106a,CCC(CC)N1N=CC=C1C(=O)N2CC(C)OC=3N=CC=CC32
XS844123a,CCOC(=O)C1=NN(CC2CCCOC2)C(C(=O)OCC)=C1C
XS844128a,CC(CC=1C=CC(Cl)=CC1Cl)NC(=O)CCN2C=NC=N2
XS844122a,COC=1C=CC(=CN1)NC(C)C(=O)NC=2C=CC(F)=C(F)C2F
XS844127a,O=C1C=2C=CC=CC2NC(C3=CSC=N3)N1CC=4C=CC=NC4
XS816070b,CC(C)CNC(=O)C(C)NC=1C=CC(F)=C(C1)NC(=O)C2CC2
XS842566b,CCCC1=NON=C1NS(=O)(=O)C=2C=CC=C3CC(C)OC23
XS838648b,COC=1C=CC(=CC1OC(F)F)NC(C)C2CS(=O)(=O)C2
XS474522b,O=C(C=1C=CC=2OCC(=O)NC2C1)N3CCCC(C3)N4C=CC=N4
XS844119a,CC(C)C(NC(=O)CN1C=NC=2C=CC=CC21)C=3C=CC(F)=CC3
XS839750b,CC(C1=NC=2C=CC=CC2S1)N(C)CC=3N=NSC3Cl
XS556831b,O=C(NCC1=CC=CO1)N2CCCC3(C=CC=4C=CC=CC4O3)C2
XS844126a,CC(C)C(C(=O)N1CCC(CC1)C(=O)O)C=2C=CC(Cl)=CC2
XS840421b,CC(OC(=O)C=1C=CC=CC1C=2C=CC=CC2C#N)C(=O)N(C)C
XS633258b,O=C(C=1C=CC=2C=CNC2C1)N3CCCC(O)(CN4C=CN=N4)C3
XS693228b,CC=1C=CC=CC1C(C)NC(=O)C2=CSC(=N2)C=3C=NN(C)C3
XS844117a,O=C(CC=1C=CC=2CCCCC2C1)N3CCCC(C3)N4C=NC=N4
XS840655b,C#CCN(C(=O)NC=1C=CC=NC1OC)C2CCC=3C=CC=CC32
XS844125a,CN1C=NN=C1C2CCCN(C2)S(=O)(=O)C=3C=CC=CC3N
XS331437c,O=C(COC=1C=CC=2CCCC2C1)N3CCCC3CN4C=CC=N4
XS330370b,COCC1(CCCN1C(=O)C2=CC(=NN2C)C(C)(C)C)C(N)=O
XS840334b,O=C(NCC1OC(=O)CC21CCC2)NC=3C=CC4=CC=CC=C4N3
XS839184b,COCC1C=CCCN1C(=O)NCC=2C=CC(OC)=C(C2)OC
XS844124a,COC=1C=CC=2CCC(NC3=NC=CN4C=C(N=C34)C(=O)O)C2C1
XS844120a,CC(NC(=O)C=1C=CC=CC1)C(=O)NCC2(CC2)C=3C=CC=CC3
XS844118a,O=S(=O)(C1=CNC=2C=CC=C(F)C12)N3CCOC(C3)C4CC4
XS839166b,O=C1NCCNC=2C=C(C=CC12)C=3C=CC(=CC3)C4COCCN4
XS725040b,COC=1C=CC(=CC1)CC(=O)NC(C)C2=NN=C3CCCCCN23
XS803664b,CC(C)C1=CSC(=N1)NC(=O)C2CCCN(C2)C=3C=NC=CN3
XS688665b,COC=1C=CC=CC1C2CN(CCN2)C(=O)C=3C=C(ON3)C4CC4
XS842360b,O=S1(=O)CCC(CN2CCCSCC2C(F)(F)F)CC1
XS585644b,CC(=O)NC1(CCN(C1)C=2C=CC(C#N)=CC2F)C3=NC(C)=NO3
PK014822b,CC=1C=CC(=CC1NCC(=O)N2CCCC(C)C2)NC(=O)C3CC3
XS844139a,CC=1C=CC=C2C(=O)NC(NC12)C3=CSC(=N3)C=4C=CSC4
XS844135a,COC=1N=CC=CC1C(=O)NC(C)C=2C=CC=3OCC(=O)NC3C2
XS844138a,CC1=NC=2C=C(C=CC2O1)NC(=O)C(C)OC=3C=CC(Cl)=CC3
XS844134a,O=C(CC1SC=2C=CC=CC2NC1=O)NCCCN3C=CN=C3
XS840555b,CC(OC(=O)C1=CC=CO1)C(=O)NC=2N=CC(Cl)=CC2Cl
XS575269b,CC1=NN(C)C=C1C(=O)N2CCCCC2C3=NN=C(O3)C4CCC4
XS838988b,CC(NC(=O)CC=1C=CC=C2C=3C=CC=CC3NC12)C=4C=NC=CN4
XS839279b,COC(C)COC=1C=CC(NC2=NC=CN3C(C)=NN=C23)=C(C)C1
XS844131a,CC=1C=C(N(C)N1)N2CCC(C2=O)N3CCOC=4C=CC=CC4C3
XS844140a,CC(C)CCOC=1C=CC(=CC1)C(C)NC(=O)CCN2C=NC=N2
XS844132a,CCN1N=NC=2C=C(C=CC21)C(=O)OC(C)C(=O)NC3CCCC3
XS605855b,CC(=O)N1CCC=2C=C(C=CC21)NC(C)C(=O)NC=3C=C(C)ON3
XS844137a,CC(=O)NC1CCCN(C1)C(=O)C=2C=CC(=CC2)SC(F)F
XS844130a,O=C(C=1C=CC(=NN1)N2CCCC2)N3CCCC(C3)N4C=CC=N4
XS516107b,CC=1C=CC(C#N)=CC1S(=O)(=O)N2CCCC2C3=NN=CN3C
XS844133a,CCNC(=O)CC1CCCCN1C(=O)C2=CC=3N=C(C)C=CC3O2
XS844129a,O=C(C1=CN=C2SC=CN2C1=O)N3CCCC(C3)N4C=CC=N4
XS840941b,CN1CC(CC1=O)C(=O)N2CCC3(CCC=4C=CC=CC4O3)CC2
XS844136a,COC=1C=C(C=CC1O)CNC(=O)NC2COC=3C=CC=CC3C2
XS841082b,CC1=NN=C(O1)C2COCCN2C(=O)NC=3C=NC=4CCCC4C3
XS844149a,COC(=O)C=1C=CC=C(C1)NC(=O)C2CCCN2C(=O)C(C)(C)C
XS697655b,COC=1C=CC=2NC=C(CCNC(=O)C3CC=4C=CC=CC4O3)C2C1
XS844141a,CC=1C=CC=C2SC(=NC12)NC(=O)NC3CC(=O)N(C3)C(C)C
XS844150a,COC=1C=C(C=CC1OCC(N)=O)C(=O)NC(C)CN2C=CN=C2
XS844143a,COC=1C=CC(=CC1)C2=NN=C(O2)SCC(=O)NC(C)C(C)C
XS844146a,CC1=C(SC=2N=C(C)NC(=O)C12)C(=O)OC(C)C(=O)NC3CC3
XS844151a,NC(=O)C1CCN(C1)C(=O)C2=CC=C(S2)C=3C=CC(Cl)=CC3
XS844147a,COC=1C=CC(=CC1)NC(=O)NC(C2=NC=CN2C)C=3C=CC=CC3
XS840208b,CC=1N=CC=2CC(CCC2N1)NC(=O)N(CC=3C=COC3)C4CC4
XS841418b,CC(COC1CCCC1)CS(=O)(=O)N2CC3(C2)CCCOC3
XS844142a,CCN(CC)C(=O)C=1C=CC=C(C1)NC(=O)CN2CCCC(C)C2
XS844153a,CCN(CC)C(CNC(=O)C=1C=NN(C1)C(C)(C)C)C2=CC=CO2
XS844148a,CC(NC=1N=CN=C2C1C=NN2C)C=3C=CC=C(C3)S(N)(=O)=O
XS844145a,COCC(C)NC(=O)C1=CSC(=N1)C=2C=CC(OC)=C(C2)OC
XS844155a,N#CC=1C=CC(=NC1)NCC2CCN(CC3=NC=4C=CC=CC4O3)C2
XS842441b,CC=1C=CC(C)=C(C1)C(=O)N2CCN(CC2)C(C#N)C=3C=CC=CC3
XS841286b,O=C(CC1=CC=CO1)NC2CC(=O)N(C2)C=3C=CC(Cl)=C(F)C3
XS838740b,CC(C=1C=CC(F)=CC1)S(=O)(=O)N(C)CC=2C=CC(C#N)=NC2
XS844144a,O=C(NC1CC2(CCC2)OC=3C=CC=CC31)C4=NC=CN5C=CN=C45
XS844154a,CN1N=CC=2C(=O)NC(CN(C3CC3)C4CCC=5C=CC=CC54)=NC21
XS765879b,CCC(=O)N1CCC(C1)NC(=O)NC2=CN(C)N=C2C(F)(F)F
XS840335b,COC(=O)CC1CN(C(=O)C=2C=CC(=NN2)N(C)C)C3(CC3)CO1
XS842269b,FC=1C=CC(=CC1)C2=CC=C(CN3CCOCC43CCOC4)S2
XS154725c,CC=1C=CC(O)=C(C1)C(=O)N2CCCC(C2)C3=NC=4C=CC=CC4N3
XS540853b,CC=1C=C(N)N(N1)C=2C=C(N=CN2)N3CCCC3CC=4C=CC=CC4
XS844152a,CC(NC(=O)NC=1C=CC(F)=CC1F)C=2C=CC=3OCCOC3C2
XS841232b,CC1(C)CN(CC=2C=CC(F)=CC21)C(=O)CC3C=CS(=O)(=O)C3
XS840510b,CC(CN1CCN(C)CC1)OC(=O)C=2C=CC=CC2Br
XS844158a,CC=1C=CC=2OC(=CC2N1)C(=O)N3CCCC3C4=NOC(=N4)C5CC5
XS844166a,CC1=CC(C)=CC(=C1)C2(CC2)C(=O)NC3CCCC=4NC(=O)C=CC43
XS837626b,O=C(O)C(CNCC=1C=C(NN1)C=2C=CC=CC2)OC=3C=CC=CC3
XS844168a,CC(=O)NCC1CCCN(C1)C(=O)NCCC=2C=CC=C(Cl)C2
XS841302b,NC=1N=CN=C2C1N=CN2C3CCN(CC4=CON=C4C5CCC5)C3
XS844162a,CC(=O)NC=1C=CC=CC1OCC(=O)NC2CCCC=3C=CC=CC32
XS844167a,O=C(NCC(O)COC=1C=CC=C(C1)C(F)(F)F)C=2C=CC=CC2
XS844169a,COC(=O)C=1C=CC(=CC1)S(=O)(=O)NC(C)C(=O)N2CCCC2
XS844163a,CC=1C=CC(=CC1)S(=O)(=O)NCC(CO)C=2C=CC(Cl)=CC2
XS844157a,CC1=CC(=NO1)NC(=O)C(C)NC=2C=CC(Br)=C(C)C2
XS844156a,CCC(=O)NC=1C=CC=C(C1)NC(=O)C(C=2C=CC=CC2)N(C)CC
XS447365b,O=C(CN1C(=O)C=NC=2C=CC=CC21)N3CCCC3C(=O)NC4CC4
XS796940b,CC1OC=2C=CC=CC2N(CCC(=O)NCCC=3C=CC=NC3)C1=O
XS844161a,CC1=CC=NC2=NC(=NN12)C(=O)OC(C)C(=O)NCC=3C=CC=CC3
XS844164a,O=C(NC1CCCN(C1)C=2N=CC=CN2)C3=CC=4CCCC4NC3=O
XS844159a,CC(C)C1=CC(=NO1)C(=O)N2CCCCC2C3=CC=4C=CC=CC4N3
XS839947b,O=C(NCC=1C=CC2=CC=CC=C2C1)NC3CCCC43CCOCC4
XS788952b,CC(C)C1=NC(=NO1)C2CCCN(C2)C(=O)C=3C=CC=4NN=NC4C3
XS844165a,CC1=CC=C(C(=O)N2CCCC2C=3C=CC=4OCCOC4C3)C(=O)N1
XS719174b,CC(C(=O)NC=1C=CC=CC1)N2CCN(CCC=3C=CC=CC3)CC2
XS844160a,CC=1C(F)=CC=CC1S(=O)(=O)N2CCCC(CN3C=NC=N3)C2
XS837803b,CN1C=NC=2N=C(N=C(O)C21)NCC3(CCC(=O)N3)C=4C=CC=CC4
XS615051b,CC(C=1C=CC(=CC1)S(N)(=O)=O)N(C)CC=2C=CC=C(Cl)C2
XS839586b,CN(C)C(=O)N1CCN(C(=O)C(F)OC=2C=CC=NC2)C(C)(C)C1
XS809082b,CCCC1=NOC(CCC(=O)N2CCN(C)CC2C=3C=CC=CC3)=N1
XS844178a,CCN(CC)C=1C=CC(=CN1)C(=O)N2CCCC(C2)C3=NC(C)=NO3
XS844177a,CCC(=O)NC=1C=CC=C(C1)C(=O)NC(CC)C=2C=CC=CC2OC
XS841544b,CN1N=NC=2CC(CCC21)NC(=O)N3CCN4N=C(C=C4C3)C5CC5
XS839186b,CC1=CON=C1NC(=O)N2CCCC(CNS(=O)(=O)C(C)C)C2
XS839474b,C=CC(NC(=O)C=1C(=O)N(C)C=2C=CC=CC2C1O)C3CCOCC3
XS844171a,CCN1C=NN=C1C2CCCN(C2)C(=O)NC=3C(C)=CC(C)=CC3C
XS836924b,CCCCS(=O)(=O)NCC(=O)N1CC(C)OC=2C=C(F)C=CC21
XS844174a,COC1=CC(OC)=C(C=C1C(=O)NC2CCCC=3C=CC=CC32)OC
XS844173a,COC=1C=CC(C(=O)NC2CCC=3NN=CC3C2)=C(C1)OCC4CC4
XS732190b,CC=1N=C(C)N(N1)C2CCCN(C2)C(=O)C=3C=CC(=NC3)NC4CC4
XS838129b,[O-][N+](=O)C1=NN(C=C1Br)CC2CCC3(CCCCC3)O2
XS840637b,CC1=NC(=CS1)C(C)NS(=O)(=O)C=2C=CC(=C(C)C2)[N+]([O-])=O
XS841991b,CC1=CSC(=N1)C(NC(=O)C=2C=C3C(=O)NC=NC3=CN2)C4CC4
XS844172a,COCC(C)NC(=O)C=1C=CC=2C(=O)N3CCCCCCC3=NC2C1
XS844175a,CC1=C(SC=2N=C(C)N=C(C)C12)C(=O)NC(C)CCC3=CC=CO3
XS589562b,CN1C=C(C=N1)S(=O)(=O)N2CC(CC=3C=CC=CC32)N4C=CN=C4
XS399464b,ClC=1C=C(CN2CCOC(CN3C=CC=N3)C2)C4=NC=CC=C4C1
XS837070b,CCCCN(C)S(=O)(=O)N1CC(OC=2C=CC=CC21)C(=O)NC
XS844170a,CC=1C=NN(C1)CC2CN(CC3=NN=C(O3)C=4OC=CC4C)CCO2
XS694601b,CC(NC(=O)C=1C=CC=2SCCC(=O)NC2C1)C=3C=CC(F)=CC3
XS839979b,COCC1=NNC(=N1)C2CCCCN2C=3C=CC(=NN3)C(F)(F)F
XS184009b,COC=1C=CC(C)=CC1NC(=O)CN2CCCC2C=3C=CC(F)=CC3
XS844179a,O=C(CCNC(=O)C1CC=2C=CC=CC2S1)NCC=3C=CC=NC3
XS838530b,BrC=1C=CC=C2N=C(C=CC12)NC3CCC4=NN=NN4C3
XS844176a,COC(=O)C1=C(C)N(CC=2C=CC=CC2)C(=O)NC1C=3C=CSC3
XS838255b,O=S1(=O)CCCC(COC=2C=C(N=CN2)NCC=3C=CC=CC3)C1
XS844184a,CC=1N=CC=2CC(CCC2N1)NC(=O)C=3C=C(Cl)C=4OCOC4C3
XS844183a,CCCCCCC(C)NC(=O)C=1C=C(C=CC1Cl)S(N)(=O)=O
XS393691b,COC=1C=CC(=CC1)C(CNS(N)(=O)=O)C2=CNC=3C=CC=CC23
XS556005b,O=C(CNC(=O)C=1C=CC=C(Cl)C1)N2CCCCC2C=3N=CNN3
XS844191a,CC=1C=C(C(=O)NCC(C)C2CC2)C3=CC(Br)=CC=C3N1
XS844186a,O=C(NC=1C=CC=CC1N2C=CC=N2)C3CC(=O)N(C3)C=4C=CC=CC4
XS642409b,O=C(O)CC(NC(=O)C=1C=CC=CC1Br)C=2C=CC=CC2
XS838892b,CC=1C=C(Cl)C=CC1OCCNC(=O)C2(C#N)CC32CCOCC3
XS844185a,CC(C)CN1CC(CC1=O)C(=O)NCCOC=2C=CC=3OCOC3C2
XS844190a,CCCCN(C(=O)CC1C=CCC1)C=2C(=O)NC(=O)N(CCC)C2N
XS844188a,CN(CC(=O)N1N=C(CC1C2=CC=CO2)C3=CC=CO3)C=4C=CC=CC4
XS841337b,CN1N=C2CCCCC2=C1NC(=O)N3CCCCCC3C(F)(F)F
XS508019b,CCOC=1N=C(C)C=CC1C(=O)N2CCCC(O)(CN3C=CN=N3)C2
XS844180a,NC(=O)NCC1CCCCN1C(=O)CC2=CNC=3C=C(Cl)C=CC23
XS844189a,NC(=O)C(NCC=1C=CC=NC1OCC=2C=CC=CC2)C=3C=CC=CC3
XS844182a,C1=COC(=C1)C2=NN=C(CN3CCCCC3C4=CC=5C=CC=CC5N4)O2
XS423376b,CN1C=C(C=N1)C(NC(=O)N2CCCC(C)(C)C2)C=3C=CC(F)=CC3
XS839983b,CC=1C=CC=C(NC(=O)NC(C)CS(C)(=O)=O)C1Br
XS841796b,CN1C=C(C=N1)C2=CC=C(S2)C3NC(C)(C)C(=O)N3CC(C)(C)C
XS554496b,CC=1C=CC=C(C1)CC2=CN=C(NC(=O)CN3CCOC(C)C3)S2
XS844181a,CC=1C=CC(O)=C(C1)C(=O)NC2CC(=O)N(CCN3CCOCC3)C2
XS841690b,CN1N=NC=2C(=NC=NC21)N3CCCC3(C)CC4=CC(Cl)=CS4
XS844187a,CC1=NOC=2N=C(C)C=C(C(=O)NCC(C)CN3CCN(C)CC3)C12
XS794456b,COC1=CN(N=C1C(=O)NCC2CCS(=O)(=O)C2)C=3C=CC=CC3
XS844205a,N#CC=1C=CC=C(C1)NC2CCN(C2)C(=O)C3=NNC=4CCSCC34
XS838936b,CC(C)N(CC1=NN=C(O1)C=2C=CC=CC2)C(=O)C(C)S(C)(=O)=O
XS844198a,O=C(C=1C=CC=2OCOC2C1)N3CCCC3C4=NC=5C=CC=CC5S4
XS795826b,COC=1C=CC=CC1CN(C)C(=O)CCC2CC=3C=CC=CC3NC2=O
XS844199a,COCC(C)NC(=O)C1=CN(CC=2C=CC=CC2)N=C1C=3C=CC=NC3
XS838314b,CC=1C=C2N=CC=C(NC(=O)NCCC(NC3CC3)C(F)(F)F)N2N1
XS841361b,O=C(C=1C=CC(=CC1)C2=NN=NN2)N3CCCCC(C3)C4CCOCC4
XS844193a,O=C1NC=2C=CC=CC2C=C1CN3CCCC(C3)C4=NNC(=N4)C5CC5
XS844195a,CCN1CCN(CC1C2=NC=CN2)S(=O)(=O)C=3C=CC(F)=CC3F
XS844194a,CCCOC=1C=C(C=CC1Br)S(=O)(=O)NCC(C)O
XS844196a,O=C(NC1CCN(CC(O)COC=2C=CC=CC2)CC1)C=3C=CC=CC3
XS844204a,O=C(CCC1=NC=2C=CC=CC2O1)NCC3CCN(C3)C=4C=CC=CC4
XS844210a,CC1=CN2CC(CCC2=N1)NC(=O)C=3C=CC(=O)N(N3)C=4C=CC=CC4
XS839002c,O=C(NCC1CCN(C1)C=2C=CC(Cl)=CC2)C=3C=NC=C4NC=CC34
XS844207a,CC1CCCN(C1)C(=O)CN2C=NC3=C(C=NN3C=4C=CC=CC4)C2=O
XS844206a,CCN1CCCC1CN(CC=2C=CN=CC2)C(=O)NC=3C=CC(F)=CC3
XS844209a,O=C(NC1CC1)C(C=2C=CC=CC2)N3CCN(CC4=CC=CS4)CC3
XS844192a,CN(C(=O)C1=CC=C(O1)C=2C=CC=CC2Cl)C3CCS(=O)(=O)C3
XS844202a,O=C(NC=1C=CC=C(Cl)C1F)C2CCCN(C2)C(=O)C=3C=COC3
XS844201a,CCN(C(=O)CN1C=NC=2SC=CC2C1=O)C3CCS(=O)(=O)C3
XS844197a,O=C(O)C(CC1=CNC=2C=CC=CC12)NC(=O)NCC=3C=CC(F)=CC3
XS844208a,CC(NC(=O)CCC=1C=CC=2OCOC2C1)C(=O)NCC=3C=CC=CC3
XS844200a,CC1=C(C=CN1CC=2C=CC=CC2)C(=O)N3CCC(O)(C3)C(F)(F)F
XS747397b,CC=1C=CC(C)=C(C1)NC(=O)CN2CCCC(C2)C3=NN=CN3C4CC4
XS844224a,CCN(CC)C(C)CNC(=O)CCC1=NC(=O)C=2C(C)=C(C)SC2N1
XS058229c,FC(F)(F)C1=NN=C2C=CC(=NN12)NC3CCN(CC=4C=CC=CC4)C3
XS844220a,COC=1C=CC=C(C1OC)C2NC=3C=CC=CC3C(=O)N2CC4=CC=CO4
XS837700b,CN1C=NC=2C(=NNC2C1=O)C(=O)N3CCOCC3C=4C=CC=CC4F
XS844217a,CC1(CNC(=O)C2=CC3=NC=CN3C(=O)N2)CCN(CC=4C=CC=CC4)C1
XS842618b,COC(CC=1C=CC=CC1)CS(=O)(=O)NC=2C=NN(C2)C3CCCC3
XS842365b,ClC=1C=CC=CC1N2C=C(C=N2)NCC3=CN(CC4CCOC4)N=N3
XS844225a,CCOC(=O)C1=C(COC(=O)C2=CC=CO2)NC(=O)NC1C3=CC=CO3
XS844211a,C=C(C)CN1C(=NC=2C=CC=CC21)C3CC(=O)N(C3)C=4C=C(C)C=CC4C
XS838934b,O=C(NC=1C=CC=C2C(=O)OCC12)N(CC=3C=CC=CC3)C(CO)C4CC4
XS844219a,CC=1C=CC(=CC1Cl)NC(=O)C(C=2C=CC=CC2)N3CCN(C)CC3
XS844222a,CC1=NC=2C=C(C=CC2O1)NC(C)C(=O)NC=3C=CC(=CC3)C(F)(F)F
XS844215a,CC=1C=CC(=CC1C)SCCNC(=O)C2CCCN(C2)C(=O)C(C)C
XS840425b,CN(C(=O)CC=1C=C(Cl)C=C2COCOC12)C3CCS(=O)(=O)C3
XS844213a,CC(NC(=O)C=1C=CC=2OCCOC2C1)C=3C=CC(=CC3)S(N)(=O)=O
XS428312b,O=C(NC(CC(F)(F)F)C=1C=CC=CC1)C=2C=CN=C(C2)N3C=NC=N3
XS844221a,O=C1CSC(C2=CN(N=C2C=3C=CC=CC3)C=4C=CC=CC4)N1CCO
XS844216a,CCCC(NC(=O)NC1=CC(OC)=C(OC)C(=C1)OC)C=2C=CC=CC2
XS844218a,COC=1C=C(C=C(Cl)C1OC)C(=O)NCC(C)CN2N=C(C)C=C2C
XS717126b,CNS(=O)(=O)C=1C=C(C=CC1O)NC(=O)C2COC=3C=CC=CC3O2
XS844212a,CCN(CC=1C=CC=2OCOC2C1)C(=O)C(C)CC=3C(C)=NN(C)C3C
XS844214a,CC=1C=CC(=CC1)C=2C=C(NN2)C(=O)N3CCN(C)CC3C=4C=CC=CC4
XS844223a,COCC(C)NC(=O)CNC=1C=C(C=CC1C)C(=O)NCC(F)(F)F
XS441117b,CC1=NNC(C)=C1C2CCCN2C(=O)NC=3C=C(Cl)C=C4CCOC34
XS428127b,O=C1C(CCN1CC=2C=CC=CC2)NS(=O)(=O)C=3C=CC(F)=CC3F
XS841430b,CCN(CC(C)C#N)S(=O)(=O)N1CC=2C=CC=CC2C=3C=CC=CC3C1
XS836529b,CC(CN(C)C(=O)NC=1C=CC=2C(=O)N(C)C(=O)N(C)C2C1)C(F)(F)F
XS844227a,CC=1C=CC(=CC1)NC(=O)CN(C)C(C)C(=O)N(C)C2(C#N)CCCCC2
XS838476b,CC(C(=O)N1CCC=2C=CC=CC2C1)S(=O)(=O)CC3=CN(N=N3)C4CC4
XS557082b,CCC(NC(=O)CN1C(=O)CSC=2C=CC=CC21)C=3C=CC(=CC3)OC
XS837188b,CN(CCN1C=C(C=CC1=O)[N+]([O-])=O)C2CCCN(C=3C=CC=CC3)C2=O
XS844230a,CC=1C=CC(=CC1)OC(C)C(=O)NCC=2C=CC(=CC2)C(=O)N3CCCC3
XS844236a,COCC=1C=CC(=CC1)C(=O)N2CCCC(C2)C(=O)NC=3C=CC(C)=CN3
XS838018b,O=C(CC1CCCCC1)N2CCCN(CC2)C(=O)C3CCS(=O)(=O)N3
XS814389b,CC1=NC=2C=C(C=CC2O1)NC(C)C(=O)NC=3C=CC(=CC3)S(N)(=O)=O
XS836793b,CC(=O)NC=1C=CC=C(C1)C(C)NC(=O)N2CCC3(CCN(C)C3=O)CC2
XS844228a,CN1C=NC(=N1)C=2C=CC(=CC2)OCC(O)COCC=3C=CC(Cl)=CC3
XS807459b,COC=1C=CC(OC)=C(C1)C2CCCN2CC3=NC(=NO3)C=4C=CSC4
XS844234a,CCN(CCNC(=O)CC(NC(C)=O)C1=CC=CS1)C=2C=CC=CC2C
XS844231a,COC(=O)CCNC(=O)C=1C=CC=C(C1)S(=O)(=O)N2CCCCC2C
XS844232a,O=C(C=1C=CC(=CC1)S(=O)(=O)NC2CCS(=O)(=O)C2)N3CCCC3
XS844229a,CC(OC(=O)CN1C=NC=2C=CC=CC2C1=O)C(=O)NC=3C=CC=CC3F
XS841923b,CC1(C)C(CCS1(=O)=O)C(=O)N2CCC3(CCC=4C=CC=CC4C3)CC2
XS452578b,O=C(O)C1CCN(C1)C(=O)C=2C=C(C3=CC=CS3)N(N2)C=4C=CC=CC4
XS836994b,COC=1C=CC(=CC1Br)C(C)NC(=O)C=2C=CC3=NN=NN3C2
XS844235a,COC(=O)C1=C(C)N(C)C(=O)N(C)C1C=2C=CC(Br)=CC2F
XS151297c,O=C(NC=1C=CC(Cl)=C(C1)C(F)(F)F)C2CC(=O)NC=3C=CC=CC32
XS557315b,O=C(NCCN1CCOCC1)NC2CCCC=3C=C(C=CC32)OC(F)F
XS844233a,COC=1C=CC=C(CNCC2(CCC(=O)N2)C=3C=CC=CC3)C1OC(C)C
XS838299b,O=C(C1CCNC=2C=C(F)C=CC21)N3CCC4=C(C3)NC=5C=CC(F)=CC54
XS842445b,CNS(=O)(=O)C1CCN(C1)C(=O)C=2N=C(OC2C3CC3)C=4C=CC=CC4
XS844237a,COC1=CC(=CC(OC)=C1OC)CC(=O)NC=2C=CC=3OC(C)C(=O)NC3C2
XS844242a,CC1CN(CC2(CCOCC2)O1)C(=O)C3=CNN=C3C4=CC=5C=CC=CC5O4
XS844245a,COC=1C=CC=CC1NC(=O)C=2C=CC(=CC2)NC(=O)C(NC(C)=O)C(C)C
XS838979b,CC1=CC(=NO1)NS(=O)(=O)C=2C=CC=C(C2)C(=O)N3CCOCC(C)C3
XS841567b,CC1(CCCCC1)C2=CC(=NO2)NC(=O)NCC3(CO)CC43CCOCC4
XS844250a,CCN(CC)C(CNC(=O)C=1C=CC(=CC1)S(=O)(=O)NC)C2=CC=CO2
XS844243a,O=C(NC1CCCN(C1)C(=O)N2CCCC2)C3=CC=4C(F)=CC=C(F)C4N3
XS329128b,COCC1=NN2CC(CCC2=N1)NC(=O)C=3C=CC(=CC3)CCC(F)(F)F
XS842127b,CC1=CC(C(=O)NC(C=2C=CN(C)C2)C(F)(F)F)=C(C)N1C3=NC=CS3
XS844241a,CN1N=CC(C(=O)NC2CC3(CCC3)OC=4C=CC=CC42)=C1CC=5C=CC=CC5
XS838484b,CNS(=O)(=O)CC1CCCN(CC=2C(=O)NC=3C=CC=CC3C2Cl)C1
XS837776b,CC(C)(CNC(=O)C1(CNC(=O)C1)C=2C=CC=CC2)C=3C=CC4=CC=CC=C4C3
XS844247a,COC(=O)C1=C(C)N(C)C(=O)N(C)C1C=2C=CC=C(C2)OCC=3C=CC=CC3
XS428107b,O=C(NC1=CC=NN1CC=2C=CC(Cl)=CC2)C3CC(=O)NC=4C=CC=CC43
XS844238a,CC1=CC=C(S1)S(=O)(=O)N2CCN(CC2)C(C)C(=O)N3CCOCC3
XS844244a,CN1C=CN=C1C(NC(=O)CN2C=NC3=C(C=NN3C)C2=O)C=4C=CC=CC4
XS840612b,CC(=O)NC1=NC(=CS1)COC(=O)C=2C=CC=3SC(C)C(=O)NC3C2
XS844239a,COC=1C=CC=2OC(C(=O)OCC(=O)NC3CCS(=O)(=O)C3)=C(C)C2C1
XS844248a,COC=1C=CC(=CC1)C(CNC(=O)C2CCOCC2)C3=CNC=4C=CC=CC34
XS844249a,CCC(NC(=O)C=1C=CC(=CC1)S(=O)(=O)NCCC#N)C=2C=CC(C)=CC2
XS844246a,CC(C)SC=1C=CC=CC1C(=O)NCC2CN(CC=3C=CC=CC3)CCO2
XS706770b,COC=1C=CC(Cl)=CC1NC(=O)CN(C)CC2COC=3C=CC=CC3O2
XS838474b,NC1=CC(=O)NC2=CC(=NN12)C(=O)NC(C=3C=CC=C(F)C3)C=4C=CC=CN4
XS838886b,O=C(NC=1C=CC2=C(C1)CCC(=O)N2CC3CCC3)C4CCC5=NN=CN5C4
XS844240a,CNC(=O)NC(=O)C(C)OC(=O)C1=CC=C(O1)C=2C=CC=C(C2)C(F)(F)F
XS839007b,COC1COC2=C(C=NN2C1)C(=O)NC=3C=CC=4C=NNC4C3Br
XS844261a,O=S(=O)(C=1C=CC(F)=CC1Cl)N2CCCC2C3=NN=C4CCCCCN34
XS844260a,CC(C)C1=NOC(=N1)C(C)N2CCN(CC2)S(=O)(=O)C=3C=CC(C#N)=CC3
XS844255a,CC(SC=1N=CC=CC1Cl)C(=O)NC=2C=CC=C(C2)S(=O)(=O)N(C)C
XS834339b,O=C(C=1C=CC(=CC1)N2CCCC2=O)N3CCCC3C4=NN=C5CCCCCN45
XS836714b,CC1=NC(CN2CCN(CC2)C(=O)C(C)N3C(=O)C=4C=CC(C)=CC4C3=O)=NO1
XS844253a,CCOC(=O)C1=C(COC(=O)C2=CC=CS2)NC(=O)NC1C3=CC=CS3
XS841052b,CC(C=1C=CC=C(C1)S(N)(=O)=O)N(C)C(=O)NCCCOCC2=CC=CO2
XS840352b,CC1=CC=C(O1)C2=NC(C)=C(S2)C(=O)NC(C)C=3C=CC=4OCC(=O)NC4C3
XS844256a,CC1=NC2=NC(=NN2C(C)=C1CC(=O)N(C)C(C)C=3C=CC=CC3)C(F)(F)F
XS701667b,CC(=O)N1CC(OC=2C=CC=CC21)C(=O)NCC=3C=CC=CC3CN4C=CN=C4
XS533691b,O=C(NC1CCC2=NC(=CN2C1)C=3C=CC(F)=CC3F)C4=CN(N=N4)C5CCC5
XS844257a,O=C(NCCNC=1N=CC(=CC1Cl)C(F)(F)F)C2CC(=O)N(C2)C3CC3
XS009563e,O=C(CN1C=NC=2SC=CC2C1=O)N3CCCC3C4=NC=5C=CC=CC5S4
XS844262a,CC1=CC(C(=O)N2CCCC(C2)C(=O)NCC3CC3)=C(C)N1CC=4C=CC=CN4
XS844259a,COCCN1C=C(C=CC1=O)C(=O)N2CCC=3NC=NC3C2C=4C=CC(F)=CC4
XS840107b,CC(CN(C)C(=O)C=1C=CC(F)=C2C=CC=CC12)NC(=O)CCCN3C=CC=N3
XS534686b,CC(C(=O)NC1CC1)N2CCN(CC2)C(=O)C3=CSC(=N3)C=4C=NN(C)C4
XS844263a,O=C(COC=1C=CC(Cl)=CC1)NC=2C=CC=CC2C(=O)NCC3CCCO3
XS844251a,CC1=C(C=NN1C=2C=C(C)C=CC2C)NC(=O)N3CCC(C3)NC=4C=CC=CC4
XS837616b,CN(C(=O)N1CCCC1COC=2C=CC(=CC2F)S(N)(=O)=O)C3CCCC3
XS838065b,COC=1C=CC=CC1C(NC(=O)C=2C=CC3=C(C2)NC(=O)N3C)C4=NOC(C)=N4
XS838306b,CC=1C=CC(=CN1)C(=O)NC2CCN(C(=O)C3=CC=CN4C(=O)NN=C34)C52CC5
XS844254a,CN(C(=O)COC(=O)CC=1C(Cl)=CC=CC1Cl)C2CCS(=O)(=O)C2
XS838747b,CC1=NN(C(C)=C1C2COCCN2C3=CC(=O)OC=4C=CC=CC34)C=5C=CC=CC5
XS837739b,CC1=NC=CN1C=2C=CC(=CC2)C(C)NC(=O)C3=CC=4CC(C)(C)CCC4NC3=O
XS844268a,COC1=CC(OC)=C(Cl)C=C1NC(=O)CCN2C(=O)C(C)OC=3C=CC=CC32
XS844278a,COC=1C=CC(=CC1)NC(=O)NC(=O)CN(CC2=CC=CS2)CC3CCCO3
XS170381d,CC1=NC(COC=2C=CC=CC2C(=O)NC(C)C=3C=CC=CC3Br)=NO1
XS839696b,CCC(C)C=1C=CC=CC1OCC(=O)NC2=CC=CN(CCS(C)(=O)=O)C2=O
XS844270a,O=C(NC1CCCC1)C=2C=CC=CC2NC(=O)C3CC(=O)N(CCC=4C=CC=CC4)C3
XS844277a,CC=1C=CC(NC(=O)CN2CCN(CC2)C(=O)C3COC=4C=CC=CC4O3)=C(C)C1
XS750151b,COC=1C=CC(CN(C)C(=O)C=2C=NN3CCC(CNC(C)=O)CC23)=C(C1)OC
XS844275a,CC=1C=CC(=CC1S(C)(=O)=O)C(=O)N2CCC=3SC=CC3C2C4=CC=CS4
XS844272a,CN1C=CN=C1C(NC(=O)NCCOC=2C=CC=CC2F)C=3C=CC(Cl)=CC3
XS844271a,O=C(C1CC1)N2CCN(CC2)C(=O)C3CC(=O)N(C3)C=4C=CC=CC4Br
XS844264a,CCOC=1C=CC=CC1N2CCN(CC(=O)N(C3CC3)C4CCS(=O)(=O)C4)CC2
XS574272b,O=C(NC1CC(=O)N(C1)C2CCCCC2)C=3N=COC3C=4C=CC=5OCCOC5C4
UB027623c,CC=1C=CC(=NC1)NC(=O)C2CCCN(CC(=O)NNC(=O)C=3C=CC=C(C#N)C3)C2
XS844273a,CC(C)CNC(=O)NC(=O)CN1CCCC1C(=O)NC=2C=CC(Cl)=CC2Cl
XS844276a,CC=1C=CC(=CC1)S(=O)(=O)N2CCN(CC(=O)NC(C)C3=CC=CS3)CC2
XS839687b,CC(=O)N1CCC=2C=C(C=CC21)C(=O)NCC(C)C3=NC=4C=CC=CC4N3C(F)F
XS844265a,CC(=O)N1C=CC=2C=CC=CC2C1CC(=O)NC=3C=CC=C(C3)S(=O)(=O)N(C)C
XS844266a,CC1=NOC(C)=C1S(=O)(=O)N2CCC(CC2)C(=O)NC(C)C=3C=CC=CC3C
XS844274a,N#CC=1C=CC(=CC1Cl)NC(=O)C(=O)NCC(C2=CC=CS2)N3CCOCC3
XS844269a,O=C(C=1C=NN(C1)CC(F)(F)F)N2CCC(C2)NC=3C=CC=C(Br)C3
XS838538b,C#CCCCOCC(=O)NC=1C=CC=C2C(=O)N(C(C)=NC12)C3CCC(=O)NC3=O
XS844267a,COC(=O)C1=C(C)N(C(=O)NC1C=2C=CC=CC2Cl)C=3C=CC=4OCOC4C3
XS841393b,O=C(CC=1C=CC(O)=CC1Cl)NC2CC=3C=CC(Br)=CC3NC2=O
XS779610b,CN1CCN(CCNC(=O)C=2C=CC=C(C2)NC(=O)C3CC=4C=CC=CC4O3)CC1
XS840884b,CCOC=1C=CC(=CC1)N2N=C(N=C2C3CC(=O)N(CC4=CC=CO4)C3)C5CCOCC5
XS203490c,CS(=O)(=O)NC=1C=CC=CC1C=2CC(C3=CC=CO3)N(N2)C(=O)C=4C=CC=CC4F
XS844285a,CC(C)C(=O)NC(CC1=CNC=2C=CC=CC12)C(=O)N3CCC(CC3)C(=O)N4CCCCCC4
XS844287a,CC=1C=CC(=CC1)S(=O)(=O)N2CCN(CC(=O)NC(C)C=3C=CC=C(Cl)C3)CC2
XS836741b,COC=1C=CC(=CC1S(=O)(=O)NC(C=2C=CC=3OCCCOC3C2)C(C)C)NC(C)=O
XS844280a,CC(C(=O)N(C)CC(=O)NC=1C=CC=CC1C(F)(F)F)N(C)CC=2C=CC=CC2Cl
XS838264b,CN1C=CN=C1C(NC(=O)CCC(=O)N2CCC(=N2)C=3C=CC=CC3)C=4C=CC=CC4F
XS844279a,O=C(NCCCN1C=NC=2C=CC=CC21)C3CCCN(C3)S(=O)(=O)C4=CC=CS4
XS844294a,O=C(CSC1=NN=C(C2=CNC=3C=CC=CC23)N1C4CC4)NC5CCS(=O)(=O)C5
XS844284a,CN(C)S(=O)(=O)C=1C=CC(Cl)=C(C1)C(=O)N2CCCC2C(=O)NC3CCN(CC3)C4CC4
XS844282a,CN1CCN(CC1)C=2C=CC(=CN2)NC(=O)C(CC=3C=CC=CC3)NC(=O)C4=CC=CS4
XS840363b,COC(=O)C(C)N1C(=O)C2=C(N=C3N(C(C)=C(C)N32)C=4C=C(C)C=C(C)C4)N(C)C1=O
XS844286a,CCN(CC)CC=1C=CC=C(C1)CNC(=O)C2CC=3C=CC=CC3CN2S(=O)(=O)CC
XS844292a,CCCN1C=CC=C1C(=O)NCC(NC(=O)C2=CN=C(NC)S2)C=3C=CC=C(Cl)C3
XS840359b,CC1=CC(C)=C(C)C(=C1C)S(=O)(=O)N2CCN(CC2)C(=O)C3CCS(=O)(=O)C3
XS844288a,COC=1C=CC(=CC1)C2CC(=NN2C(=O)CN3CCN(CC3)C(=O)C4CC4)C=5C=CC=CC5
XS828000b,COC=1C=C(Cl)C(C)=CC1N2C(=O)CC(C2=O)N3CCN(CC3)C=4C=CC(O)=CC4
XS844281a,CCC(C)NC(=O)COC(=O)C=1C=CC(=CC1)S(=O)(=O)N2CCC=3C=CC=CC3C2
XS840460b,O=C(CCN1N=C(OC1=O)C2=CC=CS2)N3CCCC3C4=NC=5C=CC=CC5S4
XS844290a,COC=1C=CC(=CC1)C2CC(=NN2C(=O)C3=CC=CO3)C=4C=CC(=CC4)NS(C)(=O)=O
XS844283a,O=C(NCC(C1=CC=CS1)C2=CNC=3C=CC=CC23)C=4C=CC=C(C4)S(=O)(=O)N5CCOCC5
XS842190b,O=S(=O)(C=1SC=CC1Br)N2CCCC(C2)N3N=CC=C3C(F)(F)F
XS841480b,CN1C=CC(=N1)C(NS(=O)(=O)C=2C=CC(=CC2)OCC(F)(F)F)C=3C=CC=CC3
XS844293a,CC=1C=CC=C(NC(=O)C=2C=CC=C(C2)N3C=C(N=N3)C4CCCS(=O)(=O)C4)C1C
XS844291a,CN1N=NN=C1C2(CC(C)(C)C2)NCC=3C=CC=4C(=O)N(CC4C3)C5CCC(=O)NC5=O
XS844299a,CC1C=2C=CSC2CCN1C(=O)NC3CC3
XS844302a,COC(=O)C1CN(C(C)=O)C=2C=CC=CC2O1
XS844300a,CC1=NOC(CN(C)C(C)C=2C=CC(F)=CC2)=N1
XS844306a,CCC(C)NC(=O)NC=1C=CC(=CC1)C(=O)OC
XS844310a,CC1=NOC(=N1)C(C)NC(=O)CC2CC2
XS844309a,CCC(NC)C1=NC(=NO1)C2=CC=CS2
XS844305a,CC(=O)NC(C)C=1C=CC=C(C1)OC(F)F
XS844295a,OC1CCCN(CC2=NC=3C=CC=CC3O2)C1
XS490509b,CC(C)CN(C(N)=O)C1CCCC=2C=CC=NC21
XS844298a,CNC(=O)NC(=O)C(C)SC1=NC=CN1C
XS844303a,CCCN1N=C(C=CC1=O)C(=O)NC(C)CC
XS844304a,O=C(CCC1CCCO1)NC=2C=CC=CC2
XS844308a,CC(NC(=O)C=1C=CC=CC1)C=2C=CC=NC2
XS844307a,CCC(=O)NC(C)C1=NC=2C=CC=CC2N1
BD008397b,CC1C(=O)NC=2C=CC(=CC21)C3=CSC(N)=N3
XS844296a,CCC1CCCCN1C(=O)C=2OC=CC2C
XS841181b,CN1N=CC=C1C(N)C=2C=CC=NC2
XS671819b,CCC1=CC=C(O1)C2COCCN2CCCC#N
XS844301a,CCCC(C)NC(=O)NC1=NC=CS1
XS838077b,CC1CN(CC2=CC=CN2C(F)F)CC(=O)N1
XS840050b,CC=1N=C(N=C2NN=CC12)N3CCOCC3C
XS841979b,CC=1N=NC(=NC1C)N2CCC3(CCC3(C)C)C2
XS018838b,O=C(C1CCCO1)N2CC(=O)NC=3C=CC=CC32
XS837200b,CC=1CC(C)C(=O)N(N1)C=2C=NN(C)C2
XS844297a,CC(C)C1=NSC(=N1)NC2CCN(C)C2=O
XS844315a,CCCC(C)NC(=O)C=1N=C(OC1C)C=2C=CC=CC2
XS844316a,CC(NC(=O)C=1C=CC=2NC=NC2C1)C3=CC=CS3
XS844320a,CC(NC(=O)NC1CCCCCC1)C2=NN=CN2C
XS841648b,CC1CN(CCS1)C2=NN=C(C=3C=COC3)N2C
XS844312a,CC=1C=C(N=C2C=CC=CC12)SC3CCN(C)C3=O
XS844324a,NC=1C=CC(=CC1)NC(=O)C2CC=3C=CC=CC3S2
XS844317a,O=C1CN(CC(O)COC=2C=CC(F)=CC2)CCN1
XS720396b,NC(=O)C=1C=C(N=C2C=CC=CC12)N3CCCC(O)C3
XS837210b,CC(C(=O)NC=1N=CC=NC1C2CC2)N3C=NC=N3
XS844313a,CCCCC(=O)NC=1C=CC=C(CS(C)=O)C1C
XS844326a,CCC1=NC(=NO1)C2CCCN2CC=3C=C(C)ON3
XS844322a,O=S1(=O)CCC(C1)NCC=2C=CC=C(Cl)C2
XS844311a,CC1=CC(=NO1)C(=O)N2CCCC(C2)N3C=CC=N3
XS456678b,CC=1NN=CC1C(=O)N2CCCC2C=3C=CC=NC3
XS692022b,CC(C)C1=NC(=NO1)C2CCCN2C=3N=CC=CN3
XS844323a,O=C(CC=1C=CC(F)=CC1)N2CCCC(CO)C2
XS844318a,CC1=CC=C(S1)C(=O)NC(C)C=2C=NN(C)C2C
XS788332b,O=C(CCC=1C=CC=NC1)NC2CCC=3C=CC=CC32
XS844319a,CCCNC(=O)C(C)NC(=O)C=1SC=NC1C
XS839854b,CCC1(C)CCN(C1)C(=O)CCC2=CN=CS2
XS841637b,O=C(C1=NNC=C1F)N2CCCC3(CCSC3)C2
XS474743b,CC1=NOC(=N1)C2COCCN2CC3=CC=CS3
XS844314a,NC(=O)C1CCCN1S(=O)(=O)C=2C=CC=CC2
XS844325a,O=C(CC1CC1)NC(C2=NN=NN2)C=3C=CC=CC3
XS837346b,CC(COC=1C=CC=CC1OC=2N=CC=CN2)C3CC3
XS844321a,CC(NC(=O)CN1C=CC=CC1=O)C2=CC=CS2
XS836879b,CC(C(=O)N1CC=2C=CC(F)=CC2C1)C3=NN=NN3
XS844341a,CC=1C=CC=C(C(=O)N2CCC(C2)C=3C=CC=CC3)C1N
XS844327a,NC(=O)C1CCCN(C1)C=2N=CC(Br)=CN2
XS844333a,CCCC(C)NC(=O)C=1C=CC(=CC1)C2=NC(C)=NO2
XS844331a,NC(=O)C=1C=CC=CC1OCC(=O)NCC2CCCO2
XS844329a,CC1=CC(=C(C)S1)S(=O)(=O)N2CCCC2CN
XS476308b,CC(=O)N1CCN(C(=O)NC=2C=CC(F)=CC2)C(C)C1
XS844337a,CC(C)C(=O)NCC(C1=CC=CS1)N2CCOCC2
XS844328a,CC(C(N)=O)N(C)CC=1C=CC=CC1N2CCCCC2
XS582001b,CC1=CC(C)=C(O1)C(=O)N2CCC(C2)C3=NC(C)=NO3
XS740954b,NC(=O)C1CN(CC2=CC=C(O2)C=3C=CC=CC3)CCO1
XS844335a,CC(NC(=O)C=1C=CC=C(C1)C(=O)O)C2=CC=CS2
XS844342a,COC=1C=C(C)C(=C(C)C1)S(=O)(=O)NC2CCNC2
XS613316b,CC1=NOC(C)=C1C(=O)NC(C)C=2C=CC(F)=CC2F
XS844336a,CC=1C=CC=CC1NC(=O)CNC2CCS(=O)(=O)C2
XS507144b,O=C1NCCCCC1NS(=O)(=O)C=2C=CC(F)=CC2
XS839566b,CN(C(=O)NC=1C=CC(F)=CN1)C2CC(C)(C)OC2=O
XS844340a,N#CC=1C=CC(=CC1)C(=O)N2CCCC2C=3C=CC=CN3
XS844334a,CC(C(=O)NC(C)(C)C)S(=O)(=O)CC=1C=CC=CC1
XS844338a,CNC(=O)C(CC(C)C)NC(=O)NCC=1C=CC=CC1
XS844332a,CC1(CCC=2C=CC=CC21)C3=NC(=NO3)N4CCNCC4
XS840302b,CC=1N=COC1CNC(C(=O)O)C=2C=C(C)C=C(C)C2
XS628580b,COC=1C=CC=C(C1)C(C)C(=O)N2CCC=3NN=CC3C2
XS723120b,CC=1C=CC(=CC1)C=2OC=NC2C(=O)NC3CNC(=O)C3
XS844330a,COC=1C=C(C(C)=CC1C)S(=O)(=O)NCC(C)O
XS587242b,CC=1OC=CC1C(=O)N2CCOC(CN3C=CN=N3)C2
XS844339a,CC(CN1CCOCC1)NC=2N=CN=C3C2C=NN3C
XS844356a,CC=1C=CC(O)=C(C1)C(=O)N2CCCC(CCC(=O)O)C2
XS844352a,COC=1C=CC(=CC1)NC(=O)NC(C)C=2C=NN(C)C2C
XS844344a,CC1=CC(C)=NN1CC2CCCCN2CC3=NC(C)=NO3
XS844354a,CC(=O)NC=1C=CC=C(C1)NC(=O)NC(C)C=2C=CC=CC2
XS844350a,N#CC=1C=CC=C(C1)C2NC(N)=NC3=NC=4C=CC=CC4N32
XS844353a,CC1=C(C=NN1C)C(C)NC(=O)C2=CC=3CCCC3S2
XS459445b,CC(C(=O)O)N(CC1=CN(C)N=N1)CC=2C=CC=C(F)C2
XS841781b,CCN(C(=O)C1=CC=NN1C2CC2(F)F)C=3C=NN(C)C3
XS844349a,CC(C)C1CCCCCN1C(=O)C=2C=NC(N)=C(Cl)C2
XS844348a,CC1=NN=C(CNC(=O)C(C)C=2C(F)=CC=CC2F)N1C
XS839534b,CC(C1=NC=C(O1)C(C)(C)C)N2C=CC(=N2)C(F)(F)F
XS841307b,O=C1CC(CNC=2N=C(O)C3=CC=C(Cl)C=C3N2)CN1
XS839326b,CC1(C)CCC(CCNC=2C=CN=C3N=CC=NC23)OC1
XS844355a,CC(C(=O)NC=1C=CC=C(C#N)C1)N(C)CC=2C=CC=CC2
XS844347a,CCOC=1C=C(C=CC1Cl)S(=O)(=O)NC(C)CC
XS618975b,CC1=CC(=NO1)NC(=O)N2CCN(C)C(C2)C3=NC=CN3
XS642402b,CC=1C=CC=2C(=COC2C1C)CC(=O)NCC3CCCO3
XS844351a,CC=1C=C(Cl)C=CC1OC(C)C(=O)NCC2=CC=CO2
XS844346a,COC=1C=CC(=CC1)C(CO)N(C)CC=2C=CC(C#N)=CC2
XS718326b,CC(C)(C)C=1N=CSC1C(=O)N2CCCC(C2)C(=O)O
XS333723b,CC(C)C1=NC(=NO1)C2CCCN(C2)C(=O)C=3C=CNN3
XS840281b,COC=1C=CC=C(C1)CNC(=O)NCC2CC(Cl)=NO2
XS736996b,O=C1CSC2(C(=O)NC=3C=CC=CC32)N1C=4C=CC=CC4
XS844345a,O=C1C=2C=CC=CC2NC(C=3C=CNN3)N1C=4C=CC=CC4
XS674700b,COCC1(CCCN1C(=O)C=2OC=CC2C(C)C)C(N)=O
XS842058b,CC(=O)NC1C(C)=NN(C1=O)C2=NC=3C=CC=NC3S2
XS844343a,CN1CCOC(CNCC=2C=NN(N2)C=3C=CC=CC3)C1
XS844371a,COC1=CC(=CC(=C1)OC)CNC(C)C=2C=CC(Cl)=CC2
XS837135b,CC=1C(Cl)=C(CN2CC(=O)NC(C)C2)N=C3C=CC=CC13
XS844372a,CC1=CN2CC(CCC2=N1)NC(=O)C3=NOC=4CCCCC34
XS839317b,C=1N=CN(CCC2=CN(CCC3CCCCC43CC4)N=N2)N1
XS331088b,NC(=O)C(C=1C=CC=CC1)N2CCC(CC2)N3CCNC3=O
XS844362a,CC=1C=NC(=CN1)C(=O)OC(C)C(=O)N(C)C=2C=CC=CC2
XS836794b,COC(=O)C=1C=C(N=CN1)N2CCCC(C2)C=3C=CN(C)N3
XS844363a,O=C(NCC1=NN=C2CCCN12)C3COC=4C=CC=CC4O3
XS837335b,CC=1C=C(NC(=O)C(C)N2N=NC=3C=CC=CC3C2=O)ON1
XS842192b,O=C1CC2(CCN(C2)C=3N=CC=C(N3)N4CCOCC4)CN1
XS844360a,O=C(NCC1CC(=O)N(C1)C2CC2)C3=COC=4C=CC=CC34
XS844365a,CC=1C=C(N=C(N1)N(C)C=2C=CC=CC2)N3CCCC(N)C3
XS842571b,CC(NCC1(CO)COC1)C=2C=C(Br)C=CN2
XS844359a,CC(O)CN(CC=1C=CC=CC1)C(=O)NC=2C=CC=C(F)C2
XS844366a,O=C(CCN1C=NC=2C=CC=CC2C1=O)NCC3CCOC3
XS785151b,O=C(O)C1=CSC(CNC(=O)C2CC=3C=CC=CC3O2)=N1
XS844358a,CC=1NN=CC1C(=O)N2CCCC(C2)N3C=CN=C3C(C)C
XS844357a,COC=1C=CC(=CC1)C(CO)NC(=O)NC=2C=CC=C(F)C2
XS836670b,CCOC=1C=NC(=CN1)C(=O)NC(C)C2=NN=NN2C3CC3
XS844369a,COCC(C)NC(=O)C1=CC(=NN1C=2C=CC=CC2)C3CC3
XS844364a,O=C(NCC1=CC=CS1)C2CCCN(C2)C=3C=NC=CN3
XS844370a,CCS(=O)C=1C=CC=CC1C(=O)NCCC=2C=CC=CC2
XS783790b,CC=1NN=CC1C(=O)N2CCN(C)C(CC=3C=CC=CC3)C2
XS844368a,CCC(C)C(=O)NCC=1C=CN=C(C1)OCC=2C=CC=CC2
XS839012b,CC(NC=1C=C(C#N)C2=CC=CC=C2N1)C3=NN=C4CCCN34
XS844385a,CC1(CCCC=2C=CC=CC21)C(=O)NCC3=NN=C4CCCN34
XS844376a,COCC1(CCCN1CC=2C=CC=C(OC)C2OC)C(N)=O
XS844378a,CC=1SC=2C=C(NC2C1C(=O)O)C(=O)N3CCOCC3C
XS844384a,COC=1C=CC=C2C=C(COC12)C(=O)NC(C)C=3C=CC=CN3
XS841116b,CC(CN(C)C(=O)C=1C=CC=C2C=CN=CC12)S(=O)(=O)F
XS840177b,CC(NCC(=O)NC=1C=CON1)C=2C=CC(=CC2)N3C=NC=N3
XS838905b,CC(CC(=O)NCCC=1C=CC=2NN=CC2C1)C=3C=NN(C)C3
XS844380a,CC(CN1C=CC=N1)NC(=O)CCC2=NC(=NO2)C(C)(C)C
XS839271b,COC=1C=NC(=CN1)CNC=2C=CC(=CC2)OC3CC3(F)F
XS705199b,O=S(=O)(C=1C=CC=CC1F)N2CCCC(C2)C3=CC=NN3
XS568320b,CC1CN(CC2=NOC(=N2)C3CC3)C=4C=CC=CC4N(C)C1=O
XS844379a,O=C(NCCC=1C=CC=CN1)NCC2COC=3C=CC=CC3O2
XS392964b,CC=1C=CC(=CC1)N2C=C(N=N2)C(=O)NC(C)C=3C=CC=CC3
XS844373a,O=C(NC1CCCN(C1)C(=O)C=2C=CC=CC2)C=3C=CC=CN3
XS844381a,COC=1C=CC(OC)=C(C1)C(C)NC(=O)CN(C)CC(N)=O
XS580024b,CCN1CCN(CC1C2=NC=CN2)C(=O)C=3C=CC(C#N)=CN3
XS844383a,CCOC(=O)NC(C(=O)N1CCCN(CC1)C(C)=O)C(C)C
XS725816b,CN(CC(=O)NC1CC1)C2CCCN(CC(F)(F)F)C2=O
XS741111b,COCC=1N=C2C(CCCN2N1)NC3=NC(=NS3)C(C)C
XS844377a,CC1(CC(=O)N(NC1=O)C2CCCC2)C=3C=CC(Cl)=CC3
XS841649b,CC(CC1=NC=2C=CC=CC2S1)NC=3C=CC4=NN=NN4N3
XS844375a,NC(=O)CN1C=C(N=N1)C(=O)N2CCCC(C2)C=3C=CC=CC3
XS842280b,CCC(NC(=O)C1=CN(C=N1)C=2N=CC=CN2)C3=NC(C)=CN3
XS839390b,FCC(NC=1N=CC=NC1F)C=2C=CC=C(Br)C2
XS836803b,N#CC1CN(CCN1C2CC2)C=3N=CN=CC3Br
XS844374a,COC=1C=CC(Cl)=CC1C(=O)OCC(=O)NC(C)C(C)C
XS399078b,O=C(O)CC(NC(=O)COC=1C=CC=C(F)C1)C=2C=CC=CC2
XS842233b,CC(NC1=NN=C(S1)C=2C=CC=CC2Cl)C3=NN=CN3C
XS684931b,CC(C)N1N=CC=C1NC(=O)CN2CCCC(C2)C3=CC=NN3
XS844388a,CC(C)C(C)(C#N)NC(=O)COC(=O)C1=CC=2CCCC2S1
XS841960b,CC1CN(CCC=2C=CC(Cl)=CC21)C=3C=NC(=CN3)C(N)=O
XS841424b,CC1=NOC(=N1)C2COCCN2C(=O)NC3=CC=NN3C4CC4
XS837509b,COCCC1(C)CN(CCO1)C=2N=CC=C(N2)C3=CC=NN3C
XS844386a,CC1=NN(C)C(C)=C1CC(=O)N2CCCCC2CN3C=CC=N3
XS501927b,CCCCC1=NOC(CN2CCNC(=O)C2C=3C=CC=CC3)=N1
XS685762b,CN1C=NN=C1C2CCCN(C2)C(=O)NCC=3C=CC=C(F)C3
XS574111b,CC(NC1=NC=NC2=NN(C)C=C12)C=3C=CC(=CC3)OC(F)F
XS844387a,COC(=O)CC(NC(=O)CC=1C(C)=NOC1C)C=2C=CC=CC2
XS844392a,CCCN(CC=1C=CC(C)=CC1)C(=O)C(C)NC(=O)C(C)(C)C
XS539261b,CC=1N=C2CCC(CN2N1)NCC=3C=C(ON3)C4=CC=CS4
XS844395a,NC(=O)C1CCN(C1)C(=O)C=2C=NN(C2)C=3C=CC(Cl)=CC3
XS844389a,CC1CN(CCO1)C(=O)CN(C)CC2=NC=3C=CC=CC3S2
XS844394a,CC(=O)NC=1C=CC(=CC1)NC(C)C(=O)NC=2C=CC=CC2F
XS629902b,CCCC(=O)NC1CCCN(C1)C=2N=CN=C3C=CC(F)=CC23
XS841402b,CC(C#N)CN(C(=O)N(C=1C=CC=CC1)C=2C=CC=CC2)C3CC3
XS839762b,CC(OCC=1C=CC=CC1)C(=O)N2CCSC=3N=CC=CC32
XS844393a,O=C(C1CCCO1)N2CCN(CC2)C=3N=CN=C4SC=CC34
XS837145b,CCC1=NN=C(NCC2CCCC=3C=CC(=CC32)C(=O)OC)O1
XS838982b,CC(CN(CC1=NC=CO1)C(=O)C=2C=CC(=O)NN2)C(C)(C)C
XS844390a,CCOC(=O)C1CCCN(C1)C(=O)C2=NN3C(C)=CC=NC3=N2
XS844391a,CC(NCC=1C=CC(=C(F)C1)N2C=NC=N2)C=3C=CC=C(F)C3
XS841472b,CCC=1C=C(CNC(=O)NC2CCCOC32CCOCC3)NN1
XS844405a,N#CC=1C=CC(=CC1)COC(=O)CC2OC=3C=CC=CC3NC2=O
XS844403a,O=C(NC=1C=CC=CC1)C2CCCN2C(=O)NCC=3C=CC=CC3
XS844401a,O=C(NC1CC1)C2CCCN2C(=O)C3=CNC(=O)C=4C=CC=CC34
XS844404a,CC(C(=O)NC1CCCC1)N(C)CC(=O)NC=2C=CC=C(F)C2
XS837061b,CC(CC=1C(Cl)=CC=CC1Cl)NC(=O)CCC2=NN=CN2
XS838920b,COCC1C=CCCN1C(=O)C=2C=NC(=C(C#N)C2)C(F)(F)F
XS183214b,CC1CCC=2C=CC=CC2N1CC(=O)NC=3C=CC=4OCOC4C3
XS638213b,CCCC(=O)NC(CN1C=NC=2C=CC=CC21)C=3C=CC(F)=CC3
XS842741b,CC1=NNC=2N=CN=C(C12)N3CCCC4(CCS(=O)(=O)C4)C3
XS844407a,CC1=CN2CC(CCC2=N1)NC(=O)C=3C=NC4=C(C3)C(C)=NN4C
XS844396a,CC(C)CNC(=O)CNC(=O)NC(C)COC=1C=CC=CC1F
XS844406a,O=C(O)C1=CN2C=CN=C(C2=N1)N3CCOCC3C=4C=CC=CC4
XS838582b,N#CC=1C=C(N=CN1)N(CC=2C=C3CCCN3N2)CC4C=CCC4
XS844408a,O=C(CN1CCC(CNC=2C=CC=CN2)C1)NCC=3C=CC=CC3
XS844397a,COC(=O)C(C)CNC(=O)C=1C=NN(C1)C=2C=CC=CC2Cl
XS844399a,O=C(COC=1C=CC(Cl)=CC1)N2CCC(C2)C3CCOCC3
XS680437b,COC=1C=CC=CC1N2CC(CC2=O)C3=NC=4C=C(C)C=CC4N3
XS844402a,CC1CN(CC=2C=CN(N2)C=3C(F)=CC=CC3F)CC(=O)N1C
XS839149b,CC1=NC=2C(=CC=CC2O1)NC(=O)C3(CCOC3)C=4C=CC=CC4
XS745740b,NC(=O)C1=CN(N=N1)C2CCN(CC=3C=CC(Cl)=C(F)C3)C2
XS844398a,CC1=CSC(=N1)C2CCCN(C2)C(=O)C=3C=CC(C#N)=C(C)N3
XS540675b,CNC(=O)C=1C=CC=C(C1)NC(=O)C2(C)CCCC=3C=CC=CC32
XS842313b,O=C1NN=C2C(CCCCN12)NCC=3C=C4C=CC=CC4=NC3O
XS838049b,O=C1CCC(=NN1C2CCCS(=O)(=O)C2)C=3C=CC=C(F)C3
XS844416a,COC=1C=CC(=CC1)CNC(=O)C2CC(=O)N(CC(F)(F)F)C2
XS844413a,CC=1C=NC(=NC1C)N2CCCC(O)(CC3=NC(=NO3)C4CC4)C2
XS844412a,CC1=CC(=O)N2N=C(NC(C)C=3C=CC=4OCOC4C3)SC2=N1
XS844410a,CC1=NOC(=N1)C=2C=CC=NC2N3CCCC(C3)N4CCCC4=O
XS844415a,O=C(CCNC(=O)NC1CCCCC1)NC2CCC=3C=CC=CC32
XS609631b,NC(=O)C=1C=CC=C(C1)OCC(=O)N2CCCC(C2)N3C=CC=N3
XS844419a,CC=1C=CC(=CC1Cl)N2N=CC(NCC(C)O)=C(Cl)C2=O
XS844411a,CCOC=1C=CC=C(C1)NC(=O)NC2CCN(C2)C=3C=CC=CN3
XS551348b,CC=1C=CN(N1)C=2C=CC(=NN2)N3CCCC(C3)N4CCCC4=O
XS598548b,CNC(=O)C1=CC=C(CN(C)C2CCN(C2=O)C=3C=CC=CC3)O1
XS844414a,CN1C=NN=C1CC2(O)CCCN(C2)C(=O)C=3C=COC3C4CC4
XS837760b,O=C(NC(CCO)C=1C=CC(F)=CC1F)C=2N=CC=C3NC=CC23
XS844417a,COC1=CC(=CC(OC)=C1C)C(=O)NC2CCCC3=C2C=NN3C
XS655000b,O=C(NCCNC=1C=NC=CN1)C2CC(=O)NC=3C=C(F)C=CC32
XS844409a,C1=CSC(=C1)C2=NC(=CS2)CN3CCCC3CN4C=NC=N4
XS841908b,CC(C(N)=O)S(=O)(=O)CC1=COC(=N1)C=2C=CC=C(Cl)C2
XS627207b,N#CC=1C=CC(=NC1)OC2CCN(C2)C(=O)C=3C=CC(F)=C(F)C3
XS839726b,CC(C=1C=CC=C(C1)[N+]([O-])=O)N(C)CC=2C=CC=C3OCCOC23
XS785060b,CC=1N=C2N=C(C)C=C(N3CCCC3C=4C=CC(Cl)=CC4)N2N1
XS836684b,CC=1C=CC(=CC1)C(NCC2=NC(=O)NN2)C=3C=CC=CC3Cl
XS840562b,CC1=CC(CC(C)NC(=O)NC=2C=CC3=C(C2)OC(=O)N3C)=NN1
XS838177b,CC=1C=CC(=CC1N2CCOC2=O)NC(=O)C(C)C=3C=NC=NC3
XS498299b,CC=1C=CC=C(C1)CCNC(=O)NC=2C=NN(C2)CC3CCCO3
XS844418a,CC1=C(C=NN1C=2C=CC=CC2F)C(=O)NC3CCCCNC3=O
XS475208b,O=C(NCCC=1C=CC=CN1)C2CCCN(C2)C(=O)N3CCCC3
XS844420a,O=C(NC1CCN(C1)C2CC2)C=3OC=CC3COC=4C=CC=CC4
XS741264b,CC1=CC=CN2C=C(CC(=O)N3CCCC3CC=4C=CC=CC4)N=C12
XS844424a,CC(C)C1=CC(=NO1)C(=O)N2CCC3(CC3CN(C)C4CC4)CC2
XS844428a,CCCC(C)NC(=O)CSC=1C=CC(=NN1)N2N=C(C)C=C2C
XS838896b,COC=1C=C2C=CC=CC2=CC1CNC3CCNC(=O)C=4NC=CC43
XS839247b,CCC(NC=1C=NN(C1)C2=NC=CS2)C=3C=C(Cl)C=CC3O
XS844429a,N#CC=1C=CC=C(C1)NC2CCN(C2)C(=O)C=3NN=C4CCCCC34
XS841678b,CN1C=CC(=N1)NC(=O)N2CCCC(C2)C3=NC=4CCCC4S3
XS844430a,CN1C=CN=C1C(NC=2N=CC=C(N2)C(F)(F)F)C=3C=CC=CC3
XS844434a,CC(NC(=O)CC1=CNC=2C=CC=CC12)C=3C=CC=4OCCOC4C3
XS839146b,NS(=O)(=O)C=1C=NC(=NC1)N2CCSC(C2)C=3C=CC=CC3
XS844435a,COCCN1C=C(C(=O)NC2CCC=3C=CC=CC32)C=4C=CC=CC41
XS844423a,O=C(NC=1C=CC=C(C1)C2=NC=3C=CC=CC3N2)C4CCNC(=O)C4
XS844425a,CCC=1C=CSC1C(=O)NC(C2=NC(C)=NO2)C3CCOCC3
XS844427a,CCN(C)C(=O)C(C)NC(=O)NC=1C=CC=C(C1)N2CCOCC2
XS844432a,CCN(C(=O)C(C)S(=O)(=O)CC1=CC(C)=NO1)C=2C=CC=CC2
XS844431a,O=C(NCC1=CC=CO1)C2CCCN2C(=O)C=3C=CC(F)=CC3F
XS844426a,CC(=O)NC=1C=CC(=CC1)NC(=O)C(C)OC(=O)C2CCCCC2
XS335265b,COC=1C=CC=CC1OCC(=O)N2CCOC(CN3C=CN=N3)C2
XS838365b,CC=1C=C(C(=O)NCC#CC2CCCCO2)N(N1)C3CCOCC3
XS844422a,CNC(=O)NC(=O)CCN(C)C1CCN(C1=O)C=2C=CC=CC2F
XS836812b,O=C1CSC=2N=CN=C(C2N1)N3CCOC(CN4C=CC=N4)C3
XS844421a,CC(C)NC(=O)CN(C)C(=O)C1CCCCN1CC=2C=CN=CC2
XS844433a,NS(=O)(=O)C=1C=NC(=NC1)N2CCCC(CC=3C=CC=CC3)C2
XS839304b,CN(C)C=1C=C(F)C=C(C1)NC(=O)C2CCN(C2)S(=O)(=O)F
XS836568b,COC(=O)C=1C=C(C(C)=CC1NCC(C)C2=NN=CN2C)[N+]([O-])=O
XS844437a,CC1C(=O)NCCN1S(=O)(=O)C2=CC=C(Br)S2
XS844443a,CC1CCCN(CC(=O)N(C)CC(=O)NC=2C=CC=CC2Cl)C1
XS740072b,CCC=1C=CC(=CC1)C(C)NC(=O)CCC2=NC(=NO2)C3=NN=CN3
XS728886b,O=C(NCC=1C=CC2=CC=CC=C2C1)NCC3CC(=O)N(C3)C4CC4
XS534403b,N#CC=1C=CC(=C(Br)C1)N2CCCC(O)(CC(N)=O)C2
XS490383b,CC1CN(C(=O)C=2C=CC(F)=C(C2)C(F)(F)F)C=3C=CC=NC3O1
XS844444a,CC=1C=C(C)N2N=C(C=C2N1)C(=O)NC3CCN(C3)C=4C=NN(C)C4
XS844447a,COC=1C=CC(C)=CC1CNC(CN2CCCC2=O)C=3C=CC=CC3
XS840354b,FC(F)(F)C1=CN2CC(CNC=3C=CC4=NN=NN4N3)CCC2=N1
XS840551b,CC=1C=C(C)C=2OCCC(NC3=NC=C(S3)S(N)(=O)=O)C2C1
XS844445a,CC1=NC=2C=CC=CC2N1CC(=O)NCC3COC=4C=CC=CC4O3
PK010306b,CNC(=O)NC(=O)C(C)SC=1N=C(C)N=C2SC(C)=C(C)C12
XS844446a,CC=1C=CC(=CC1C)C2CCCN2C(=O)CC=3C(=O)NC(C)=NC3C
XS844438a,CC=1C=CC2=NC(=CC(C(=O)N3CCCC(C3)C(=O)O)=C2C1)C4CC4
XS844436a,CC(C(=O)NC1=NC=CS1)N2CCC(CN3CCOCC3)CC2
XS844449a,CC=1C=CC(=NC1)NCC2CCN(CC3=NN=C(O3)C4=CC=CO4)C2
XS844439a,N#CC=1C=CC(=C(C1)C(F)(F)F)N2CCC(O)(CN3C=CN=N3)C2
XS577982b,COC=1C=CC=CC1C(NC(=O)NC=2C=CN=CC2)C3=NOC(C)=N3
XS808799b,CC=1C=CC(C)=C(OCC(O)CN2C=NC=3N=CC=CC3C2=O)C1C
XS844448a,CC1=NOC(=N1)C(C)NC(=O)CCC2=NC=C(O2)C=3C=CC(C)=CC3
XS771287b,CC(=O)NC=1C=C(C=CC1C)C(=O)NCC(C(=O)O)C=2C=CC=CC2
XS844441a,COC=1C=NC=C(N1)C2=NOC(=N2)C3CC(C)(C)OC=4C=CC=CC43
XS844442a,CC(C)CCC(C)NC(=O)C1CCN(CC1)C(=O)C=2C=CSC2
XS844455a,COC=1C=CC(C(=O)OC(C)C(=O)NC=2C=CC(C)=CC2)=C(C1)OC
XS844454a,O=C(NCC=1C=CC=CC1CN2CCCC2CO)C=3C=CC=C(F)C3
XS844457a,COCCNS(=O)(=O)C=1C=CC(=CC1)C(=O)OC2CCOC2=O
XS844462a,O=C1NC(CN2CCCC(O)C2)=NC=3SC(=CC13)C=4C=CC=CC4
XS795459b,CC(CNS(=O)(=O)C=1C=CC(=CC1)C(C)(C)C)N2CCOCC2
XS838753b,CC1=NC=2C=C(C=CC2S1)NC(=O)C=3N=NN(C3C)C4CCOC4
XS844453a,O=C(NC1CCOC2(CCOCC2)C1)C=3C=NC4=CC=C(F)C=C4C3
XS844450a,O=C(C=1C=CC(=NC1)N2CCOCC2)N3CCCC(C3)N4C=CC=N4
XS844451a,CC=1OC(=NC1CN2C(=O)CC3(CCSC3)C2=O)C=4C=CC=CC4
XS431997b,CCN(CC)C(CNC(=O)C1=CC=C(C)NC1=O)CC=2C=CC=CC2
XS844461a,COC1CCN(CC1)C(=O)C(C(C)C)N2N=NC(=N2)C=3C=CC=CC3
XS844459a,CCCCOC=1C=CC=2C=C(NC2C1)C(=O)NC3CCCCNC3=O
XS844460a,O=C(NCC1=NN=C2CCCCCN12)N3CCCC3C=4C=CN=CC4
XS844463a,O=C(NCCC=1C=CC=C(O)C1)C=2C=CC(=CC2)OCC3CCCO3
XS734292b,N#CC=1C=CC=NC1NCC2CCN(CCC(=O)NC3CCCC3)C2
XS838067b,BrC=1C=NC=C(C1)C2CCCN2C=3N=CN=C4NN=CC34
XS837780b,CC=1C(Cl)=CC2=C(CCCN2C(=O)CC3COC(=O)C3)C1Cl
XS844452a,CC1=C(C)C2=NN=C(N2N=C1NC3CCC(=O)N(C)C3)C(F)(F)F
XS840288b,O=S(=O)(N(CC=1C=CC=CC1O)CC2CCCO2)N3CC(F)C3
XS838451b,COC(=O)C1CN(CCC21CCOCC2)C=3N=CC4=NC=CN=C4N3
XS844456a,OC1(CN2C=CN=N2)CCN(CC=3C=CC=C(C3)OC4CCCC4)C1
XS530291b,CC1=NOC(C)=C1CC(C)NS(=O)(=O)C=2C=CC(=CC2)C(F)F
XS842692b,NC1CCCC21CCN(CC2)C=3C=CC(=NN3)C=4C=CC=CC4Cl
XS844458a,COCC1(CCCN1S(=O)(=O)C=2C=C(C)C=CC2OC)C(N)=O
XS836640b,CC1C=2SC=CC2CCN1C3=NN=C(C4=NNC(=N4)C5CC5)N3C
XS842593b,CC(NC(=O)C1=CC=CS1)C(=O)NC=2C=NC=CC2N3C=CC=N3
XS844475a,CC(NC(=O)C1=CSC(=N1)C=2C=CC=CC2)C(=O)N3CCOCC3
XS334315b,O=S(=O)(C=1C=CC=C(C1)C(F)(F)F)N2CCC(C2)C3=NN=CN3
XS839594b,COC(=O)C1CC21CN(C2)C=3N=CC4=CC=C(Br)C=C4N3
XS844474a,O=C(CCC=1C=CC(=CC1F)C=2N=NNN2)NC3CCCCNC3=O
XS175575c,CC1=NC=2C=CC=CC2N1CCNC(=O)C(C)OC=3C=CC(C#N)=CC3
XS844467a,CC=1C=CC(=CC1)C2=NN=C(CCC(=O)NC3CCC=4C=CC=CC43)O2
XS844473a,CC=1C=CC=CC1C(C)NC(=O)C2=CNN3C2=NC(=O)C=4C=CC=CC43
XS844469a,CC1=CC(=NO1)NC(=O)C(C)NC=2C=CC(=CC2C)N3CCOCC3
XS841483b,CCOC(=O)C=1SC=2N=CN=C(C2C1C)N(C)C3CCN(C)C3=O
XS836922b,O=S(=O)(NC1=CC=NN1C2CCOC2)C=3C=CC(=CC3)OC4CC4
XS840259b,O=S(=O)(C=1C(Cl)=CC=C(F)C1F)N2CCC(C2)C=3C=CON3
XS844476a,CCN1CCCC(CNCC=2C=CC(=CC2)N3C=NC=4C=CC=CC43)C1
XS844471a,COC=1C=CC(=C(C1)OC)C(C)NC(=O)N(C)CC=2C(C)=NOC2C
XS844472a,COC=1C=CC=CC1C(C)NC(=O)C(=O)NC=2C=NC3=CC=CC=C3C2
XS844465a,CNC(=O)C1CCCCN1C(=O)CC=2N=C(OC2C)C=3C=CSC3
XS844466a,NC(=O)C1CCN(C1)C(=O)C=2C=CC(=CC2)OC=3C=CC(F)=C(F)C3
XS667586b,CC(C)N1C=CN=C1CN2CCCN(CC2)C(=O)C(C)N3C=NC=N3
XS844470a,CC(CN1CCOCC1)NC(=O)CCN2N=NC=3C=CC=CC3C2=O
XS669297b,CC=1N=C(SC1C(=O)N2CCCC(C2)C(=O)O)C=3C=CC(F)=CC3
XS841881b,CCOC=1C=CC=CC1C(=O)NCC(=O)N2CCC(C)C3(CCC3)C2
XS844464a,CC(C)(C)C1=NC(=CS1)CC(=O)NC(C)(C(N)=O)C=2C=CC=CC2
XS839494b,CC1=NC(CN2CCCC(C2)NC=3C(C#N)=CN=C4C=CC=CC34)=NO1
XS716211b,CCCC(=O)NC1CCCN(CC2=CN(C)N=C2C3=CC=CS3)C1
XS635746b,CC=1N=CC=C(C1Cl)N2CCCC(O)(CC3=NC(=NO3)C4CC4)C2
XS844468a,COC=1C=C(C=CC1OCC(=O)NC(C)C=2C=CC(F)=CC2)C(=O)O
XS763404b,O=C(CNC(=O)C1COC=2C=CC(Cl)=CC2C1)NC=3C=CC=NC3
XS844488a,CC(NCC=1C=CC(=CC1)N2C=CN=C2)C=3C=CC=CC3Br
XS388809b,CCCC(NC(=O)COC=1C=CC=2NC(=O)CCC2C1)C=3C=CC=CC3
XS839341b,CN(CC1CCN(C1)C(=O)C=2C=C(CO)NN2)C=3N=CN=C4NC=CC34
XS838280b,O=C(NC1CCN(C1=O)C=2C=CNN2)C3=CC=C(CC=4C=CC=CC4)N3
XS422700b,CC=1C=CC=CC1C2CCN(C2)C(=O)C=3C=CC(=CC3)N4CCNC4=O
XS844484a,COC=1C=CC=CC1N2CCN(CC2)C(=O)C(C)OC=3C=CC=C(C)C3
XS839471b,CC(C)C(CNC=1C=CC(=NN1)P(C)(C)=O)C=2C=CC(Cl)=CC2
XS844480a,COC=1C=CC(=CC1)CNC(=O)C(C)OC(=O)C2=CC=3C=CC=CC3N2
XS844491a,CCN(CC)C(CNC(=O)C=1C=CC2=C(C1)N=NN2CC)C3=CC=CO3
XS839072b,CC=1C=CC(Cl)=C2C=CC(=NC12)NC(=O)C3CCC4=C(C3)N=CN4C
XS844483a,CC1=C(C)N(C=2N=CN=C(C12)N3CCC(C3)N4CCCC4)C5CCCC5
XS844481a,CN1N=CC(C(=O)NC(CO)CC=2C=CN=CC2)=C1CC=3C=CC=CC3
XS697680b,CC(NCC=1C=CC=2OCOC2C1)C(=O)NC=3C=CC(F)=CC3Cl
XS844482a,CC=1C=CC2=NC(=CC(=O)N2C1)COC(=O)C(CO)C=3C=CC(F)=CC3
XS844479a,CN(CC1CCC2=NC(=CN2C1)C(F)(F)F)C(=O)NC=3C=NN(C)C3
XS565052b,CCC=1C=C(NC2CCCN(C2=O)C=3C=CC=CC3F)N4N=CN=C4N1
XS844489a,COC=1C=CC(=CC1F)C(=O)NC(C)C=2C=CC(=CC2)S(N)(=O)=O
XS844490a,CC(C=1C=CC(=CC1)N2C=NC=N2)N(C)C(=O)C=3C=CC=4OCOC4C3
XS844487a,CCC=1C=CC(Cl)=C(CC)C1NC(=O)NC(C)CN2CCCC2=O
XS844485a,CC(NC(=O)C=1C=CC(=CC1)NC(N)=O)C=2C=CC(Cl)=C(Cl)C2
XS844486a,CC=1C=CC(F)=C2NC(=CC12)C(=O)N3CCC3CNC(=O)C=4C=COC4
XS844477a,CC=1N=CC=CC1NC(=O)C2CCCN(C2)C=3N=CN=C4SC=CC34
XS839663b,CC1=CON=C1CN(CC2CCCC32CC3)C=4C=CC5=NC=CN=C5N4
XS837316b,CCN1N=CC(CNC(=O)NC2CCC=3C(Cl)=C(Cl)C=CC32)=N1
XS456735b,CC1(CCCC1)C(=O)N2CCC3(C2)CN(CC=4C=CC=CC4)C(=O)CO3
XS844478a,CC(C)OC=1C=CC(=CC1)C(=O)OCC(=O)N2C=3C=CC=CC3CC2C
XS844494a,CC=1OC(=NC1C(=O)OCC(=O)NC(C)C=2C=CC=CC2)C=3C=CC=CC3
XS844505a,CC(NC(=O)CCN1C(=O)COC=2C=CC=CC21)C(=O)N3CCOCC3
XS829492b,CC(=O)NC=1C=CC(=CC1)NC(=O)C(C)OC(=O)CC=2C=CC(F)=CC2
XS844499a,CC(C(=O)NC=1C=CC=CC1)N2CCN(CC=3C=CC=C(Cl)C3)CC2
XS844501a,CC(C)NC(=O)C=1C=CC(Cl)=C(C1)NC(=O)C2CC(=O)N(C2)C(C)C
XS783173b,CC(C)C1=NC(=NN1C=2C=CC=C(F)C2)C(=O)NC3CCOC(C)(C)C3
XS844500a,CC=1N=C(SCC(=O)NC2CCS(=O)(=O)C2)N(CC(C)C)C1C
XS844504a,COC=1C=C(C=C2OCCOC12)C(=O)OCC(=O)NC(C)(C#N)C(C)C
XS838099b,CC(C=1C=CC=C(Cl)C1)N(C)C(=O)CCN2C=C(C#N)C(=O)NC2=O
XS842160b,COC1=C(OC=2C=CC=CC12)C3=NOC(CC4CCCS(=O)(=O)C4)=N3
XS844498a,CC1CC(=O)NC=2C=CC=CC2N1C(=O)CN3C(=O)C=4C=CC=CC4C3=O
XS844496a,NC(=O)C=1C=CC(=CC1Cl)NC(C(=O)N2CCCC2)C=3C=CC=CC3
XS844506a,CNC(=O)C1CCCN1S(=O)(=O)C=2C=CC(=CC2)OCC(F)(F)F
XS838995b,CCC1=CNN=C1C(=O)N2CCC(CN(C)C(=O)CC3=CC=C(C)O3)C2
XS837645b,O=C(CC1=NN2C=CC=NC2=N1)N3CCC3(C=4C=CC=CC4)C(F)(F)F
XS844495a,COCCN(C)C=1C=CC(=CN1)CNC2CCCOC=3C(F)=CC=CC32
XS844502a,CC(=O)N1CCCC(C1)C(=O)NCC=2C=CC=C(C2)N3CCCCC3=O
XS844493a,CC(NS(=O)(=O)C1=CN(C)C(=O)N(C)C1=O)C=2C=CC(F)=CC2F
XS844492a,COC=1C=CC(OC)=C(C1)NC(=O)CC2C=3C=CC=CC3C=CN2C(C)=O
XS838119b,CN1C(=NC2=C1C(=O)NC(=O)N2C)C3NC(C)(C)C(=O)N3CC(C)(C)C
XS839417b,O=C(NCC(C=1C=CC=CC1)N2C=CC=N2)C3(CCOCC3)C=4C=CNN4
XS844503a,CC=1C(F)=CC=C2NC(=CC12)C(=O)NC(C=3C=CC=NC3)C=4C=CC=CN4
XS844497a,CCN1C(CN2CCCC(C)C2)=NC=3C=C(C=CC31)S(=O)(=O)N(C)C
XS172542b,CC1=NC=2C=CC(=CC2S1)NC(=O)C3CC(=O)N(C3)C=4C=CC(C)=CC4
XS826483b,COC=1C=CC(=CC1)N2CC(CC2=O)C(=O)NC=3SC(C)=C(C)C3C#N
XS130641b,CCOC=1C=CC=CC1OCC(=O)N(C)C(C)C2=NC=3C=CC=CC3S2
XS838305b,N#CC1=CC=2CC(CCC2NC1=O)NC=3N=CC(=CC3Cl)C(F)(F)F
XS839725b,CC1=CSC(=N1)C2CSCCN2CC=3C=C(O)N4N=CC(C#N)=C4N3
XS735948b,CC(C)(C)C(=O)NCCCC(=O)N1CCCC(C1)C2=NC=3C=CC=CC3N2
XS844511a,O=C(NC1CCCC2=C1C=NN2CC=3C=CC=CC3)C=4C=CC(F)=C(F)C4
XS844513a,O=C(COC=1C=CC(=CC1)C(F)(F)F)NCC2COC=3C=CC=CC3O2
XS844507a,COC=1C=CC=CC1C(=O)NCC(=O)NC2CCCOC=3C(F)=CC=CC32
XS540349b,CC=1C=CC2=C(C1)C(=O)N(C)C3=NN=C(CN4CCCC4C=5C=CC=CC5)N32
XS838171b,CCOC=1C=CC=C(N1)N2CCN(CC2)C(=O)C3=CNN=C3C4CCOC4
XS841967b,COC=1C=C(F)C(=CC1OC)C(C)NC(=O)N2CC3(CC3)C=4C=CC=CC42
XS838916b,COCN1N=CC=C1CN2CCNC(=O)C2C=3C=CC(=CC3)C(F)(F)F
XS844512a,COC=1C=CC=C(C1)CCC(=O)NC(CN2CCCC2=O)C=3C=CC=CC3
XS842498b,CC(NC(=O)C1=CN(N=N1)C=2C=CC=C(Br)C2)C=3N=CN(C)N3
XS838808b,O=S1(=O)CC(C2=NC(=NO2)C=3C=CN=C(C3)N4CCCCC4)C5(CC5)C1
XS842512b,CC1=NC(=CO1)C=2C=CC(=CC2)S(=O)(=O)NC3CCC(=O)NC43CCC4
XS844508a,CNC(=O)NC(=O)C(C)SC1=NN=C(COC=2C=CC=CC2Cl)O1
XS844514a,COC=1C=CC(CN(C)C(=O)C2CCCN2CC=3C=CC=CC3)=C(C1)OC
XS782354b,COC=1C=CC(=CC1)CNC(=O)CN(C)C(C)C2=NC=3C=CC=CC3S2
XS568758b,O=C(C1=CN(N=N1)C=2C=CC=C(Cl)C2F)N3CCCC3CN4C=CN=C4
XS170837e,CC1=CC(=C(C)S1)C=2C=C(C(=O)NCC3CCCO3)C=4C(C)=NOC4N2
XS844509a,CCOC(=O)CN1C(=O)C2=C(N=C3N(C(C)=C(C)N32)C(C)CC)N(C)C1=O
XS814472b,CCC=1C=CC=CC1NC(=O)CNC(=O)CC(NC(C)=O)C=2C=CC=CC2
XS839106b,CN1C(=O)N(CCCOC2CCOC2)C(=O)C=3C=CC(=NC31)C(F)(F)F
XS838710b,COC=1C=CC(C)=CC1NC(=O)C(C)N2C=C(CN3N=C(C)N=C3C)N=N2
XS844510a,CCCC1=NOC(CCC(=O)N2CCCC2C3=NN=C4CCCCCN34)=N1
XS844523a,CN(C(=O)C1CCCN(C1)C=2C=NC=CN2)C(C=3C=CC=CC3)C=4C=CC=CC4
XS844525a,CCC=1C=CC=CC1NC(=O)CN(C)C(C)C(=O)NC=2C=CC=3OCOC3C2
XS844528a,CC(NC(=O)CN1C=NC=2C=3C=CC=CC3OC2C1=O)C=4C=CC(F)=CC4F
XS844519a,COCC1=NC(=NO1)C2COCCN2C(=O)C3=CC=C(C=4C=CC=CC4)N3C
XS844529a,CCOC=1C=C2CC(C)OC2=C3NC(=CC13)C(=O)NC=4C=CC=NC4OCC
XS842338b,CC(NC(=O)C=1NN=C2C=C(C=CC12)OC(F)(F)F)C3CS(=O)(=O)C3
XS844515a,O=C(NC1CCCCCC1)C2CCCN(C2)S(=O)(=O)CC=3C=CC=CC3
XS844522a,O=C(NC1CCS(=O)(=O)C=2C=CC=CC21)C3(CCCC3)C=4C=CC(F)=CC4
XS081016b,COC=1C=CC=C(C1)NC(=O)C2CCCN2S(=O)(=O)C=3C(C)=NOC3C
XS844521a,CC(NC(=O)CN1C(=NC=2C=CC=CC21)C3=CSC=N3)C=4C=CC(F)=CC4
XS780004b,CC1(C)CN(C(=O)C=2C=CC(=CC2)CN3C(=O)CCC3=O)C1C=4C=CC=CC4
XS837456b,CC=1NC=2C=CC(=CC2C1C)C(=O)N(C)C(C)C=3C=CC(=CC3)S(N)(=O)=O
XS837777b,N#CC=1C=CC(=CC1)NC(=O)C2CSCN2C(=O)C(F)(F)C3(O)CCC3
XS839111b,CC=1C=CC(=CC1)C2(C)CCN(C2)C(=O)NCC=3C=NN4C=CN(C)C(=O)C34
XS844516a,COC=1C=CC=C(C1)NC(=O)CN(CC2=CC=CO2)C3CCS(=O)(=O)C3
XS844524a,COC=1C=CN=C(C1)C2CCN(C2)C(=O)NCC=3C=NN4CCN(C)C(=O)C34
XS839829b,COC=1N=CC=C2CCCN(C(=O)C=3C=NN(C3)C4CCS(=O)(=O)C4)C12
XS842193b,CC=1C=CC=C(C1)C(NC(=O)C2CCN(CC2)C=3C=NC=CN3)C=4C=CC=CN4
XS844517a,COC(=O)CC(NC(=O)C=1C=CC=C(C1)N2CCCC2=O)C=3C=CC(C)=CC3
XS718220b,COC=1C(C)=CC(=CC1C)CN2CCCCC2C3=NN=C(O3)C4CCOCC4
XS577962b,CCCN1N=CC(C(=O)NC2CCN(C2=O)C=3C=CC(Cl)=CC3)=C1C4CC4
XS844527a,COC=1C=C2NC(C3=CSC(=N3)C=4C=CC=CN4)N(C)C(=O)C2=CC1OC
XS839408b,CC(CN1C=CN=C1)C(=O)NC2(CN(C2)C(=O)C3=CN=CO3)C=4C=CC=CC4
XS844520a,CNC(=O)C1CCCCN1C(=O)C=2N=NN(CC=3C=CC(F)=CC3F)C2C
XS844541a,CC(C)NC(=O)C(=O)N1CCN(CC1)C(=O)C(C)OC=2C=CC=C(C2)C(C)C
XS844534a,CC1CN(CCN1C=2C=CC=CC2F)C(=O)C=3C=CC=C(C3)NC(=O)NC4CC4
XS844537a,CC(NC(=O)C(C)(C)C)C(=O)N1CCN(CC1)S(=O)(=O)C=2C=CC=C(F)C2
XS838764b,O=C(CC=1C=CC=2OCCCOC2C1)NC3CC=4C=CC(=CC4C3)C=5N=NNN5
XS838499b,NCC1(O)CCCN(C1)C(=O)C=2C=CC=C(C2)NC=3N=CC=C(N3)C(F)(F)F
XS844532a,COC=1C=CC=CC1C(NC(=O)CC2=CNC=3C=C(F)C=CC23)C=4C=CC=CN4
XS844540a,O=C(NCC=1C=CC(=CC1)CN2C=CC=N2)C3CCCN3C(=O)C4CCCCC4
XS695060b,CC=1C=CC(=CC1)S(=O)(=O)NCCC(=O)NC2CCSC=3C=CC=CC32
XS844533a,CCOC(=O)C1=C(CSC=2C=CC(F)=CC2)NC(=O)NC1C3=CC=CS3
XS844530a,N#CC=1N=C(OC1NCC(C=2C=CC=CC2)N3CCOCC3)C=4C=CC=CC4F
XS836508b,O=C(NCC1CC2(CCNCC2)C(=O)O1)NC3=CC(Cl)=C(F)C(Cl)=C3
XS844531a,CCS(=O)(=O)C=1C=CC(=CC1)S(=O)(=O)N2CCC(C2)OC=3C=CC=NC3
XS396124b,COC=1C=CC(=CC1)C2=CSC(=N2)NC(=O)C3CC(=O)N(CC4=CC=CO4)C3
XS844539a,CC=1C=CC(=CC1)N2N=C(C(=O)N(C(C)C=3C=CC=CN3)C4CC4)C(O)=CC2=O
XS842369b,CN1C=C(N=N1)C(=O)N2CC(=O)NC=3C=CC(Cl)=CC3C2C=4C=CC=CC4F
XS837309b,CN1C=C(C(=O)NC1=O)S(=O)(=O)N2CC(C)(C)C2C3=NC=CN3CC4CC4
XS722501b,NC(=O)C1=CN(CC(=O)NC(CC=2C=CC=CC2)C=3C=CC=CC3)C=4C=CC=CC14
XS395684b,COC=1C=CC=C(C1)C(CNC(=O)C=2C=NN3C(C)=CC(C)=NC23)N4CCCC4
XS709926b,CC1=NN(C(C)=C1Br)C=2C=CC(=CC2)C(=O)N3CCC(C3)C(=O)O
XS844535a,CN1C=C(C=N1)C2=NC(=CS2)C(=O)NC3CCN(CC3)C4CCN(C)C4=O
XS841622b,CN1C=C(C=N1)C2CSCCCN2C(=O)C3=CC=C(CNS(C)(=O)=O)O3
XS844542a,CCN1C(=NC=2C=CC=CC21)SCC(=O)N3C=4C=CC=CC4NC(=O)CC3C
XS844536a,O=C(CCC1CCNC1)NC2=NC=C(CC=3C=CC(Br)=CC3)S2
XS836894b,COC(=O)C=1C(Cl)=CC=C(NC(=O)NCC(C)(C)C2(O)CCOC2)C1F
XS837709b,COCC=1C=C(O)N=C(N1)N2CCC(C2)NC(=O)C=3C=CC=4CNC(=O)NC4C3
XS844538a,CC(C)C(NC(=O)C1=CN(N=N1)C=2C=CC=3OCCOC3C2)C=4C=CC(F)=CC4
XS844546a,COC=1C=CC(=CC1)CN(C)C(=O)COC(=O)C=2C=CC=3SC(C)C(=O)NC3C2
XS838283b,NS(=O)(=O)C=1C=CC(=CC1)CC2=CN=C(NC(=O)C3CCCC=4NN=CC43)S2
XS841614b,CC(CNC(=O)C=1C=CC(=NC1)N2CCOCC3(CCC3)C2)C4=NC=5C=CC=CC5O4
XS844550a,CC(OC=1C=CC(Br)=CC1)C(=O)NCC=2C=CC=C(C2)NC(=O)C3CC3
XS838173b,CCS(=O)(=O)N1CC(=O)NC=2C=CC(Br)=CC2C1C=3C=CC=CC3
XS844544a,CC(C(=O)NC=1C=CC(F)=C(F)C1)N2CCN(CC2)S(=O)(=O)C3=CC=CS3
XS673054b,O=S(=O)(C=1C=CC(=CC1)C2=CSC(=N2)NCC3CCCO3)N4CCCCC4
XS844545a,O=C(NCCC1=NC=2C=CC=CC2N1)C3CC(=O)N(C3)C=4C=CC=5OCCOC5C4
XS414347b,O=C(C=1C=CC2=CC=CC=C2N1)N3CC(OC=4C=CC=CC43)C(=O)N5CCCCC5
XS171455b,COC=1C=CC(=CC1)C(CNC(=O)C2=NN(N=C2C)C=3C=CC=CC3)N4CCOCC4
XS840371b,COC=1C=C(C=C(C1)C(NC2=C(C#N)C(=O)N(C)C(=O)N2C)C3=NC=CN3C)OC
XS844543a,COC(=O)CCN1C(=O)C=2C=CC=CC2N=C1SC(C)C(=O)N3CCNC3=O
XS844556a,CC1=C(NC(C(=O)N2CCCCC2)C=3C=CC=CC3)C(=O)N(C=4C=CC=CC4)N1C
XS328642b,CC1=NN(CC=2C=CC=CC2)C(C)=C1C3COCCN3C(=O)CCCC4=CNN=N4
XS844554a,COC=1C=C(F)C(=CC1OC)S(=O)(=O)N2CCCC2C(=O)N3CCOCC3
XS844553a,CCN(CC(=O)NC=1C=CC(=CC1)OC)C(=O)C2CC(=O)N(CC=3C=CC=CC3)C2
MR043144c,CC(NC(=O)C1=CNN=C1C=2C=CC(Cl)=CC2)C=3C=CC=C(C3)NS(C)(=O)=O
XS432184b,CS(=O)(=O)C=1C=CC(=CC1)C(=O)N2CCCC(C2)C3=NC=4C=CC=CC4S3
XS844557a,CC1=CC=CC(C)=C1NC(=O)CN2CCN(CC2)C(C)C3=NN=C(O3)C=4C=CC=CC4
XS840432b,COC(=O)C1CCN(CC1)C(=O)NC2CCCN2S(=O)(=O)C=3C=CC=CC3F
XS844548a,CC(OC(=O)CCNC1=NS(=O)(=O)C=2C=CC=CC12)C(=O)NC=3C=CC=CC3F
XS844551a,CC(=O)N(CC=1C=CSC1)C2CC32CCN(CC3)C4=NC=5C=CC(F)=CC5N4C
XS844549a,CN(C)C=1C=C(N=C(N1)N2CCOCC2CC3=CNC=4C=CC=CC34)C(F)(F)F
XS844555a,CCCC(C)NC(=O)CN1CCN(CC1)S(=O)(=O)C=2C=CC=3OCCOC3C2
XS844552a,CSC=1C=CC=CC1NC(=O)CN(C)C(=O)C(NC(=O)C2=CC=CO2)C(C)C
XS844573a,CC(=O)NC(CC=1C=CC=2OCOC2C1)C(=O)N3CCC(CC3)C(=O)N4CCCCCC4
XS840879b,NC(=O)C1CCCN(CC=2C=CC(=CC2)NC(=O)NC=3C=CC=NC3OCC(F)F)C1
XS844565a,O=C(CCC1=CC=C(O1)C=2C=CC=CC2)NCC(C=3C=CC(F)=CC3)N4CCOCC4
XS839316b,CC(C)C1=NOC=C1CN(C)C=2C(F)=CC=C3C(=O)N(C(=O)C23)C4CCC(=O)NC4=O
XS844562a,COC=1C=CC(=CC1OC)NC(=O)C(C)OC=2C=CC=C(C2)C3=NN=C4CCCCCN34
XS844569a,COC=1C=CC(=CC1S(=O)(=O)N2CCCC2C=3C=CC=4OCCOC4C3)NC(C)=O
XS837766b,O=C(C=1N=COC1C=2C=CC=3OCCOC3C2)N4CCCC(C4)C5=NN=C6CCCCCN56
XS840167b,CS(=O)(=NC(=O)C=1C=NN(C1)C2CCCC2)C3CCN(CC3)C(=O)CC4=CCCCC4
XS842329b,CC=1C=COC1CN(C)S(=O)(=O)C=2C=CC=C3C(=O)N(CC23)C4CCC(=O)NC4=O
XS844563a,COCCC1=NSC(=N1)N2CCC(C2)(C3=NC(=NO3)C=4C=CC=CN4)C(F)(F)F
XS844571a,O=C1C=2C=CC=C(NS(=O)(=O)C=3C=CC(=CC3)C(F)(F)F)C2CN1C4CCC(=O)NC4=O
XS692822b,COC=1C=C(Cl)C(C)=CC1NC(=O)C(C)N2CCC(CC2)C(=O)N3CCOCC3
XS393791b,O=C(NC1=NC=C(CC=2C=CC(=CC2)OC(F)(F)F)S1)C3CC(=O)N(C3)C4CC4
XS844558a,CCN1CC(CN(C)C(=O)C2CCN(CC2)C3=NS(=O)(=O)C=4C=CC=CC34)OC=5C=CC=CC51
XS844570a,CCOC=1C=CC=CC1N2CCN(CC(=O)NC(C)C=3C=CC(Br)=CC3)CC2
XS844564a,CCOC=1C=C(C=CC1OCC(=O)N2CCOCC2)C(=O)N3CCCC3C4=NC=5C=CC=CC5S4
XS844572a,O=C(CC=1C=CC=CC1)NC=2C=C(C=CC2F)NC(=O)C3CC(=O)NC=4C=C(F)C=CC43
XS844567a,CC=1C=CC(=CC1S(=O)(=O)N2CCCCC2)C(=O)NCC3COC=4C=CC=CC4O3
XS844568a,O=S(=O)(C=1C=CC=2OCCCOC2C1)N3CCN(CC(O)COC=4C=CC=CC4)CC3
XS844566a,CC(NC(=O)C=1C=CC=C(C1)S(=O)(=O)N2CCCC2)C=3C=CC(=CC3)N4C=CN=C4
XS844561a,COC=1C=CC(=CC1)C(NC(=O)CC=2C=C(Cl)C=3OCCCOC3C2)C4=NC=CN4C
XS844560a,CN(CCCNS(C)(=O)=O)CC(=O)N1CCC=2SC=CC2C1C3=CC=CS3
XS837442b,CC=1C=C(Cl)C=CC1C2=CCN(CC2)C(=O)C(=O)NCC3(C)CCS(=O)(=O)N3C
MR043185b,CC(NC(=O)C1=CNN=C1C=2C=CC=CC2F)C=3C=CC(=CC3)NC(=O)C=4C=CN=CC4
XS837159b,CC(C(=O)NC=1C=CC(Br)=CC1S(=O)(=O)N2CCOCC2)N3C=NC=N3
XS844559a,CCOC=1C=CC(=CC1)S(=O)(=O)N2CCN(CC2)C(C)C(=O)NC3CCCCCC3
XS838883b,CNC(=O)C(F)CC1CCOCC1
XS837263b,CCOC(=O)C1=C(C)N(CC)C(=O)NC1C
XS844586a,O=C(NC=1C=CNN1)C2CC=3C=CC=CC3S2
XS840310b,CC(NC(=O)COC1(C)CCC1)C2=CNC=N2
XS838467b,CN1C=C(N)C(=N1)C(=O)NCC2CCC32CCC3
XS844579a,CC(CN)N(C)C(=O)C1=COC=2C=CC=CC12
XS844584a,COC=1C=CC=CC1C(=O)N2CCCC(CO)C2
XS844578a,CN(C(=O)C=1C=CC=C(F)C1F)C2CCNC2
XS818389b,CC=1C=CC(=CC1)NC(=O)NCC2CCCNC2
FM012231c,CC1CC=2C=CC=CC2N1C=3C=C(C#N)N=CN3
XS380576b,C=1NC(=NC1C=2C=CC=CC2)C3CCCN3
XS844582a,CCC(C)NC(=O)C=1C=CC=C2C=NNC12
XS844587a,O=C(NC1CCCNC1=O)C=2N=CC=CC2O
XS844581a,O=C(C1=CC=CO1)N2CCCC2C=3C=CN=CC3
XS844574a,CCN1CC(CNC)OC=2C=CC=CC21
XS844576a,CC1NC(=O)C=2C=CC=CC2N(C)C1=O
XS844585a,CC(=O)NC=1C=NN(C1)CC2CCCO2
XS844580a,O=C(O)CCN1CCCC1CC=2C=CC=CC2
XS844588a,CC1CCN(C1)C(=O)C2=NNC=3CCCC23
XS841357b,O=C1NN(C(=O)C=2CCCCC12)C3CCCOC3
XS842438b,CC1=CC=C(NC(=O)NC(C)CC#N)S1
XS837169b,CC(C(N)=O)S(=O)(=O)C=1C=CC=CC1Cl
XS844577a,O=C(CC=1C=CC=CC1)NC2CCC(=O)NC2=O
XS844575a,CCC(C)NC(=O)C=1OC=CC1C=2C=CC=CC2
XS844604a,C1=CSC(=C1)C2=NNC=C2CNCC3CCOC3
XS844593a,N#CC=1C=C2C=CC=CC2=NC1N3CCCC(N)C3
XS844598a,CCC=1SC(=CC1C)C(=O)N2CCCC(C2)NC
XS841870b,CC(OCCC=1C=CC=CC1)C(=O)N2CC3(CC3)C2
XS837922b,CC=1C=C(C=CN1)C(C)NC2=NC=3N=CC=NC3S2
XS392939b,CC(CN1C=CC=N1)NC=2N=CN=C3C2C=NN3C
XS844592a,CC=1C=C(CN2CCOC(CN3C=CC=N3)C2)ON1
XS728129b,O=C(NCC1COC=2C=CC=CC2O1)C=3C=CC=CC3
XS844594a,O=C(NC1CCC(=O)NC1=O)C=2C=CC=C(Cl)C2
XS833004b,CNC=1C=CC(=CN1)C(=O)NC(C)C=2C=CC=NC2
XS844589a,CCCC=1C=C(O)N=C(N1)SC(CC)C(N)=O
XS844597a,CC1C=2C=CSC2CCN1CCS(C)(=O)=O
XS496906b,CC(NS(=O)(=O)C=1C=CC=CC1)C=2C=CC=NC2
XS844606a,COC=1C=CC(C(=O)N2CCCCC2C)=C(F)C1
XS844603a,O=C(NC1CCSC=2C=CC=CC21)C=3C=CC=CN3
XS844600a,COC=1C=CC=C(C1)SC(C)C(=O)NC(C)(C)C
XS844602a,O=C(NC=1C=CC=NC1)NC(CO)CC=2C=CC=CC2
XS844605a,CC(C)(C)C1=NC=C(S1)C(=O)NCC2CCCO2
XS844601a,CCC(=O)NC=1C=CC=C(C1)NC(=O)C2CC=CCC2
XS547047b,CC=1C=CC(F)=CC1S(=O)(=O)NC2CCCNC2
XS844591a,O=C(C=1C=NC=CN1)N2CCCC(C2)N3C=NC=N3
XS476933b,CC1=CC=C(O1)C(=O)N2CCCC(C2)N3C=NC=N3
XS844596a,CC1=CSC(=N1)C(C)NCC2=NC(=NO2)C3CC3
XS837156b,N#CC=1C=NN(C(=O)C2COC=3C=CC=CC32)C1N
XS844599a,CCC(C)(CO)NC(=O)C=1N=CN=C2SC=CC12
XS844590a,COC=1C=CC=C2CC(COC12)NCC=3C=CN=CC3
XS600899b,CCC1=NOC(CN2CCCC(CN3C=NC=N3)C2)=N1
XS844612a,O=C(O)CC(NC(=O)C=1C=CSC1)C=2C=CC=CC2
XS844620a,CC(C(=O)NCC=1C=CC=CC1)N2CCC=3C=CC=CC32
XS844609a,O=C(NC1=NC(=CS1)C2CC2)N3CCC(CCO)C3
XS844607a,CC=1C=C(ON1)C(=O)N2CCCC(C2)C3=NOC(C)=N3
XS844616a,CS(=O)(=O)N1CCCC(C1)C(=O)NC2CCCC2
XS840497b,CC(NC(=O)NCC=1C=COC1)C2=CC=C(Cl)S2
XS838629b,O=S1(=O)CCC(COC=2C=C(Cl)C=NC2F)C1
XS841897b,O=C(NC(C1=NC=CS1)C(F)(F)F)C=2C=COC2
XS421656b,CN1N=NC=C1CC(=O)N2CCCC2CC=3C=CC=CC3
XS836910b,CC(C1=CNC=2C=CC=CC12)C3=NOC(=N3)C4=NC=NN4
XS844618a,NC(=O)C1CCCN(C1)S(=O)(=O)C=2C=CC(F)=CC2
XS837241b,CC(CCO)N1C(=NC=2C=C(N)C=CC21)C(F)(F)F
XS844610a,N#CC(NC(=O)C1=NNC=2C=CC=CC12)C3CCCCC3
XS844615a,CC(NC(=O)C1CCC1)C=2C=CC(=CC2)S(N)(=O)=O
XS842106b,CC1=CSC(=N1)C2CCCCN2CC=3N=NN(C)N3
XS844613a,CC(=O)NC=1C=CC=C(C1)NC(C(N)=O)C=2C=CC=CC2
XS844619a,O=C(NC1CCCCNC1=O)N2CCC=3C=CC=CC32
XS844611a,O=C(NCC1COC=2C=CC=CC2O1)NC=3C=CC=NC3
XS837198b,CCN(C(=O)C1CC21CCSCC2)C=3C=NN(C)C3
XS844608a,CC=1C=CN=CC1NC(=O)C(C)C=2C=CC=C(Cl)C2
XS692249b,CCN(CC)S(=O)(=O)NCC1CC=2C=CC=CC2O1
XS842545b,COCC(C)C(=O)N(C)C=1C=CC(=NN1)C=2C=CC=CC2
XS839548b,CC1CCCN(CC1)C(=O)C=2N=COC2C=3C=CON3
XS411097b,O=C(NC1CCC=2C=CC=CC21)C3=NNC=4C=CC=CC34
XS844617a,CNC(=O)C=1C=CC(NC(=O)NC(C)C(C)C)=C(C)C1
XS660262b,CC=1C=CC(=CC1C)OCC(=O)N2CCCC(C2)C(=O)O
XS052499c,CC=1NC=2C=CC(=CC2C1C)C(=O)NC(C)C=3C=CC=CN3
XS446438b,CC1C2=CC=CN2CCN1CC(=O)NCC3=CC=CS3
XS844622a,CC1=CC(=NN1)C2CCCN(C2)C(=O)C=3C(C)=NOC3C
XS844627a,CN(CC1COC=2C=CC=CC2O1)C(=O)C3=CC=CS3
XS844631a,CC(=O)NC1CCCN(C1)C(=O)C=2C=CN=C3C=CC=CC23
XS844624a,OC1(CN2C=CN=N2)CCCN(CCC=3C=CC=CC3)C1
XS839094b,FC=1C=CN=C(NC=2C=CC(=CC2)C3CCOC3)C1Cl
XS840174b,CC1=C(C=NN1CC(C)C)NC2CCOCCC2(F)F
XS414447b,COC=1C=CC=CC1C(C)NC(=O)C=2NN=C3C=CC=CC23
XS723997b,CC1=CC(C(=O)N2CCCC(C2)N3C=NC=N3)=C(C)S1
XS840649b,CC(CC=1C=CSC1)N(C)S(=O)(=O)C=2C=CC=NC2
XS481648b,COCC=1N=C2C(CCCN2N1)NC3=NC(=NO3)C4CC4
XS688340b,CCN(CCCNC(=O)C1CCCNC1)C=2C=CC=CC2
XS844623a,CN1C=C2C(CCCC2NC=3C=CC(=CN3)C(F)(F)F)=N1
XS838651b,C=C1CC1C(=O)N(CC(=O)OC)CC=2C=CC(Cl)=CC2
XS844625a,COC=1C=CC=C(C1)C2CCCN2C(=O)NC=3C=CC=CC3
XS844628a,N#CC=1C=CC(=CC1)NC(=O)N2CCCC2C3=CC=CS3
XS836573b,CC1=CN=C(CCN(C)C(C)C2=NC(O)=CC(C)=N2)S1
XS844629a,O=C(CC1=NNC(=O)C=2C=CC=CC12)NCC3CCOC3
XS844621a,CC1=CC(C)=NN1CC2CCCCN2C(=O)C3=CC=CO3
XS844626a,COCC1(CCCN1C(=O)C=2C=NN(C2)C(C)C)C(N)=O
XS839264b,CC(C)C(C1=NC(=NO1)C=2C=CN=C(F)C2)N3C=NN=C3
XS837111b,CC(NC(=O)C=1N=CC=NC1N2C=CN=C2)C(C)(C)CO
XS833214b,COC1CCCCN(CC(=O)NC=2C(C)=NOC2C)C1=O
XS430521b,COC=1C=CC=CC1C(C)NC(=O)C2=CC=3C=CC=CC3N2
XS628984b,CCCN(C(=O)C1=CC=CN(C)C1=O)C2CC(=O)N(C)C2=O
XS543823b,COC=1C=CC(=CC1Cl)S(=O)(=O)NC2CCCNC2
XS844639a,CC(CC=1C=CC=C(Cl)C1)NC(=O)C=2C=C(NN2)C3CC3
XS844640a,O=C(NCC(C1=CC=CO1)N2CCCC2)NC=3C=CC=CN3
XS842199b,CCS(=O)(=O)C=1C=CC(=CC1)N(C)C(C)C=2C=CC=CN2
XS840643b,CC=1C(=CC(C#N)=CC1[N+]([O-])=O)NC(C)C(=O)NC(C)(C)C
NC002127c,N#CC1=C(N)OC=2C(=CC=C3C=CC=NC32)C1C=4C=CC=CC4
XS615836b,NC(=O)C1CCCN1CC2=CSC(=N2)NC=3C=CC=CC3
XS838900b,O=C(NCC1=NC=C(Br)C(=O)N1)C2CCOC2
XS748444b,COC(=O)C1(C)CCCN1C(=O)C=2C=CC3=NC=CC=C3C2
XS844637a,CCN(CC(=O)NC(C)(C)C)C(=O)C1CC(=O)N(CC)C1
XS839714b,COC(=O)C(C)CN(C)C(=O)C1=CN=CN1C=2C=CC=CC2
XS844636a,CC=1C=C(N=C(N1)N(C)C=2C=CC=CC2)N3CCCC(O)C3
XS840610b,CC1=NOC(C)=C1C(C)CNC=2N=CC=C(C#N)C2[N+]([O-])=O
XS627181b,CC1=CC(=NN1)C2CCCN(C2)C(=O)CCCN3C=CN=C3
XS844641a,C1=COC(=C1)C2=NN=C(CN3CCCC(C3)N4CCCC4)O2
XS844638a,CCOC=1C=CC=CC1NC(=O)NC(C)C=2C=CC(F)=CC2
XS844632a,CCC=1N=CN=CC1C(=O)N2CCCC(C2)C3=NOC(C)=N3
XS844633a,CN(C(=O)C=1C=CC(Cl)=CC1F)C2CCS(=O)(=O)C2
XS837123b,CCC(C)(CNCC=1C=CN=CC1Br)C(=O)O
XS559829b,O=C(O)C1CN(CCO1)C(=O)C2(CC=3C=CC=CC3)CCC2
XS844634a,CC=1N=C(CC(C)C)OC1C(=O)NC2CCC=3C=CC=CC32
XS569992b,COC=1N=CC=CC1CN2CCN(C)C(C2)C3=NC(C)=NO3
XS754033b,O=C(NCC(O)C1CCCCC1)C=2C=NC3=CC=CC=C3N2
XS839507b,COC=1C=CC=CC1C2=CN=C(CN3CCOC(C#N)C3)O2
XS842519b,CCOC=1C=CC(=CC1CO)NC(C)C=2C=CC=CC2Cl
XS844635a,CCCNC(=O)C(C)NC=1C=C(Cl)C(=CC1OC)OC
XS844643a,CCC1=CC=2C(=NC=NC2S1)SCC(=O)NC(C)CC
XS844644a,CCCCN1N=C(C=CC1=O)C(=O)OCC(=O)NC(C)CC
XS840260b,COCOCCCNC(=O)N1CCCC(C1)C(=O)NC2CC2
XS844649a,CN1CC(CC1=O)C(=O)NCC=2C=CC=CC2CN3C=CC=N3
XS844652a,O=C(O)C=1C=CC=2CCC(NC(=O)C=3NC=CC3C4CC4)C2C1
XS838612b,CC(C)CN1C=C(C=N1)CNC=2N=CC(=CN2)S(C)(=N)=O
XS841014b,N#CC=1C=NN(C(=O)CC(C=2C=CC=CC2)C(F)(F)F)C1N
XS840729b,CC(C)(C)C1=NC(=CO1)C2=NC(COCC3CCOC3)=NO2
XS840118b,OCC=1C=CN=C(N1)N2CCCC3(C=CC=4C=CC=CC4O3)C2
XS836804b,CN1C=CC(=N1)N2CCC(NC=3C=CC=4OC(=O)NC4C3)C2=O
XS844645a,CN(C1CCCC=2C=CC=NC21)S(=O)(=O)C3=CC=NN3C
XS844648a,COC=1C=CC(=CN1)NC(=O)CC(NC(C)=O)C=2C=CC=CC2
XS844653a,CC(C)(C)C1=NNC=C1C2NC=3C=CC=CC3C(=O)N2C4CC4
XS841327b,CC=1C=CC=2SN=C(C(=O)NC(C)C=3C=CC=C(O)C3)C2C1
XS627806b,CC(NC(=O)C=1C=CC=CC1N2CCCC2=O)C3=NN=CN3C
XS844646a,CC=1C=CC(=CC1)C(=O)OCC(=O)NCC(C)C=2C=CC=CC2
XS844651a,CC1=CC=C(CNC(=O)C2CC=3C=C(Cl)C=CC3O2)S1
XS844647a,CC1(CCN(C1)C(=O)C=2N=CN=C3NC=CC23)C=4C=CC=CC4
XS837136b,O=S(=O)(CC1CC21CC2)NCC3=NOC=4C=C(F)C=CC34
XS844650a,CC(C)CN1CC(CC1=O)C(=O)NCCNC=2N=CC=CN2
XS839749b,O=C(NC=1C=CN(CCC=2C=CC=CN2)N1)NC3C=CCCC3
XS842590b,CC1=NOC=2N=CN=C(NC=3C=CC=4OC(C)C(=O)NC4C3)C12
XS839577b,FC(F)C1=NN=C(O1)N2CCC3(C2)CCC=4C=CC=CC4O3
XS550849b,COC=1C=CC=C(C1)OCCN2CCCC(O)(CC(N)=O)C2
XS844642a,CC=1C=CC(=CC1)C2=NC(CNC3CCC4=NC=NN4C3)=NO2
XS840476b,CCC(C)(NC(=O)C=1C=CN=C(C1)C(=O)OC)C=2C=CC=CC2
XS711561b,CC(NC(=O)NCC1(CC1)C=2C=CC(F)=CC2)C3=NN=CN3C
XS427169b,CC1=NC(C)=C(S1)C(C)NC(=O)C2(CC2)C=3C=CC(F)=CC3
XS000534d,COC(=O)C(NC(=O)CC1=COC=2C=C(C=CC12)OC)C(C)C
XS844654a,O=C(CC1=CNC=2C=CC=CC12)N3CCC(C3)NC=4C=CC=CC4
XS839463b,CC1C=2SC=CC2CCN1C3=NC=C(O3)C(=O)OC(C)(C)C
XS438040b,COC=1N=CN=C2CCN(CC(O)COC=3C=CC=CC3)CC12
XS844663a,COC1=CC(=CC(OC)=C1OC)C(=O)NC(C)C=2C=CC=CN2
XS841597b,FC1(F)CC1N2C=C(C=N2)CNC=3C=CC(=CC3)C4=CN=CO4
XS740069b,CC(C)(C(=O)NC1CCC(=O)NC21CCC2)C=3C=CC(F)=CC3
XS844659a,CC(=O)N1CCC2(CC2C3=NN=C(O3)C=4C=CC=C(F)C4)CC1
XS844655a,O=C(C=1C=CC=2N=CSC2C1)N(C3CC3)C4CC(=O)NC4=O
XS337811b,CC(C)COC(C)C(=O)N1CCC(CN)(CC1)C=2C=CC=CC2
XS837577b,O=C(N1CC2(CCC2)C1C3CC3)C4(CCOCC4)N5C=NN=N5
XS612829b,CC(NC=1C=CN(CC(F)(F)F)N1)C(=O)NC(=O)NC2CC2
XS844662a,N#CC=1C=CC(=CC1)OCC(O)CN2CCC=3SC=CC3C2
XS844657a,CC(C)(C)N1C=C(C=N1)C(=O)N2CCCCC2CN3C=CC=N3
XS844658a,CC(CN1CCCC1=O)NC=2N=C(N=C3C=CC=CC23)C(F)F
XS817276b,CC=1C=CC=CC1CS(=O)(=O)C(C)C(=O)NC=2C=CC=CC2
XS838124b,CCC1=NOC(=N1)C(C)N2CCC(CC2)N3N=CC=4CNCC43
XS844660a,COC=1C=CC(OC)=C(C1)C2CCCN2C(=O)CN3C=NN=N3
XS500241b,NC(=O)C=1C=CC(=NN1)N2CCC(C2)OC=3C=CC=C(Cl)C3
XS844656a,O=C(NC=1C=CC=CC1F)C2CSCN2C(=O)C=3C=COC3
XS437568b,COC=1C=CN=C(N1)N2CCC(C2)(NC(C)=O)C3=NOC(C)=N3
XS791911b,O=C(CC1=CN2C=CSC2=N1)N3CCCC3CN4C=CC=N4
XS839704b,CCC1CCCN(CC1)C(=O)C=2C=CC(=C(F)C2)N3C=NC=N3
XS844661a,COC1=NN(C)C=C1NC(=O)N2CCC(CC=3C=CC=CC3)C2
XS841289b,NC=1N=CN=CC1C(=O)OCC2CN(CCO2)C=3C=CC=CC3
XS844668a,O=C(CN1CCCC1CC=2C=CC=CC2)NCCC=3C=CC=CC3
XS844675a,O=C(NC=1C=CC=2CCCC2C1)C3CCCN3C(=O)C4=CC=CO4
XS706765b,NC=1N=CC=NC1C(=O)OCC(=O)NC2CCCC=3C=CC=CC32
XS844664a,CCC(C)N(CC=1C=CC=CC1)S(=O)(=O)C2=CN(C)C(C)=N2
XS838837b,FC(CN1C=C(N=N1)C=2C=NN3CCNCC23)C4CCOCC4
XS844670a,CN(CCO)C(=O)C=1CC(C=2C=CC=CC2)N(N1)C=3C=CC=CC3
XS844665a,C=1C=CC2=C(C1)CCCC2NCC=3C=NC(=NC3)N4CCOCC4
XS844672a,CN1N=NC=2C(=CC=CC21)C3NC4(CCCC4)C(=O)N3CC5CC5
XS838807b,C=C1CC2(C1)NC(=O)C(CC=3C=C(Cl)C=C(Cl)C3)NC2=O
XS794446b,CC1=CC(=NO1)NC(=O)C(C)N2CCN(CC2)C3=NC=CS3
XS844671a,CC(NC(=O)CN1CCSCC1)C=2C=CC=3OCCOC3C2
XS844674a,CC(NC(=O)C1=CNC(=C1)C(N)=O)C=2C=CC=C(C2)C(F)(F)F
XS844673a,COCCN1C=C(C=N1)NC(=O)C2CC=3C=C(Cl)C=CC3O2
XS840595b,CC1=CC(C)=C(CNC(=O)C(C)OC=2C=CC=CC2C#N)C(=O)N1
XS842079b,CC=1C=CC(=CC1C2=NC=CO2)NC(C)CS(=O)(=O)N(C)C
XS844666a,O=S(=O)(C1=CNC=2C=CC=C(F)C12)N3CCC4(CCOC4)C3
XS844667a,COCC1(CCCN1C(=O)C=2C=C(C)C(Cl)=CC2C)C(N)=O
XS710446b,CCN1CCCN(CC1=O)C(=O)NC(C)C=2C=CC=C(F)C2F
XS840865b,COC(=O)C(NC(=O)CCC1=CC=CO1)C=2C=C(F)C=CC2F
XS432785b,CC1=NN=C2C=CC(=CN12)C(=O)N3CCCCC3CN4C=CC=N4
XS841112b,CC1=NOC=2C=C(C=CC12)C(=O)N3CCCC3CS(=O)(=O)F
XS837149b,CCN1C(=O)C2(CCCCC2)NC1C3=CN=C(S3)C(C)(C)C
XS844669a,CC1=CC(=NO1)NC(=O)C(C)S(=O)(=O)CC=2C=CC=CC2C
XS687418b,N#CCC=1C=CC(=CC1)OCC(O)CN2CCC=3C=CC=CC3C2
XS844676a,N#CC1(CCCC1)NC(=O)C=2CC(C(N)=O)N(N2)C=3C=CC=CC3
XS844686a,O=C(NCCC=1C=CC=C(F)C1)NC2CCSC=3C=CC=CC32
XS740368b,O=C(NC1CCC2=NC=CN2C1)C3CCN(CC3)C=4N=CC=CN4
XS844682a,CN1C=C(C=N1)CC2CCN(C2)C(=O)C3(CC3)C=4C=CC(F)=CC4
XS844685a,CC=1N=C2C(C=NN2C(C)C)=CC1C(=O)OC3CCCCNC3=O
XS844689a,CC=1C=CC(=CC1)C=2C=C(ON2)C(=O)N(CC3CCOC3)C4CC4
XS844681a,COCCN1C=CC(=N1)NC(=O)N2CCC(CC=3C=CC=CC3)C2
XS837215b,CC1=CC=C(O1)C2COCCN2C=3N=CN=C4C=C(F)C(F)=CC34
XS844687a,CCC1CCCCN1C(=O)NCC=2C=CC(=CC2)NC(=O)C3CC3
XS392897b,O=C(NCCC=1C=CC=C(O)C1)C2CCCN(C2)C=3N=CC=CN3
XS839383b,CC(C)C(NC(=O)NC1=NC=2C=CC=CC2S1)C3=NC=CN3C
XS836503b,CCOC(C)C(=O)NC=1C=CC=2NC(=NC(=O)C2C1)C(F)(F)F
XS507244b,COC=1C=CC(=CC1)C2CCCCCN2C(=O)NC=3C=C(C)ON3
XS844680a,CN1C=CN=C1CN2CCN(CC(O)COC=3C=CC=CC3)CC2
XS747368b,CN1CC(CC1=O)C(=O)N2CCN(CC2)C=3C=CC(C#N)=CC3F
XS842222b,CC(CN1N=CC=2C=CC=CC21)C(=O)N(C)C=3C=CC(Cl)=CN3
XS841371b,O=S1(=O)N(CCOC2CC2(F)F)C=3C=CC=CC3N1C4CC4
XS844684a,COC=1C=CC(=C(C1)OC)C2CCCN2C(=O)C=3C=CC(O)=NC3
XS842495b,CC1COCCN(C1)C(=O)C=2C=NC(=CN2)OCC=3C=CC=CC3
XS844688a,O=C(C=1C=CC=2NC(=O)NC2C1F)N3CCCC(C3)C(F)(F)F
XS844683a,CC1=CC(=NO1)NC(=O)C(C)NC=2C=CC(=CC2)N3CCCC3=O
XS840536b,COCC(NC(=O)C=1C=C(C)C(Br)=CC1C)C(N)=O
XS844679a,ClC=1C=C(CN2CCCC2CN3C=NC=N3)C4=NC=CC=C4C1
XS839207b,CS(=O)(=O)C=1C=NC(NC2CCCN3C=NN=C23)=C(Cl)C1
XS844678a,CC1=NC(CN2CCCC(C2)NCC=3C=CC(=CC3)C(N)=O)=NO1
XS836790b,CN1CCCC(C1)N2CCN(CC2)C=3C=CC=4N=CNC(=O)C4N3
XS840980b,CN(CC=1C=CC=C2NC=CC12)C(=O)NCC3CC(=NO3)C(N)=O
XS839102b,COC=1C=C(C(=O)NCC(C)CN2CCOC2=O)C=3CCCC3C1
XS841879b,O=C(O)C1=COC(=N1)N2CCC(C(F)(F)F)C3(CCOCC3)C2
XS844698a,CC=1NC=2C=CC(=CC2C1C)C(=O)NCC3COC=4C=CC=CC4O3
XS842259b,CC=1OC=2N=C(CNC(C)C=3C=CC=C4C=CNC34)N=C(N)C2C1C
XS626739b,O=C(O)CC(NC(=O)C=1C=C(ON1)C2CC2)C=3C=CC(Cl)=CC3
XS844693a,CNC1CCCN(C1)C(=O)C2(CCOCC2)C=3C=CC(Cl)=CC3
XS393778b,N#CC=1C=CC(=CC1)NC(=O)N2CCNC(=O)CC2C=3C=CC=CC3
XS844696a,CS(=O)CC=1C=CC=C(C1)C(=O)NCC2=NN=C3CCCCN23
XS754862b,COCC=1C=CC=C(C1)CN2CCCC(O)(CC3=NC(C)=NO3)C2
XS844701a,CCC1=CC=2C(=O)N(C=NC2S1)CC(=O)N3CCOC(CC)C3
XS844700a,CC=1C=CC(C)=C(C1)NC(=O)C=2C=CC3=C(C2)NC(=O)C4CCCN34
XS844692a,CC(C)C(C)NC(=O)COC(=O)C=1C=CC=2SCC(=O)NC2C1
XS338032b,CC(C)CN1C=C(C=N1)CN2CCCC(O)(CC3=NN=CN3C)C2
XS844694a,O=C(CN1CCCC(O)(CC2=NC(=NO2)C3CC3)C1)N4CCCC4
XS844702a,CC1CC=2C=CC=CC2N1C(=O)C=3C=CC(=CC3)CN4CCCC4=O
XS844695a,COC(=O)CC(NC(=O)CCC=1C=CC=CC1F)C2=CC=CS2
XS842050b,O=C(C1=COC(=N1)C2CCOCC2)N3CCSC3C(F)(F)F
XS844697a,FC(F)(F)C=1C=C2C(=NC=CN2N1)N3CCCC3C=4C=CC=NC4
XS442476b,CC1=CSC2=NC(=CC(=O)N12)CNC(C3=CC=CS3)C(C)C
XS844690a,CCN1CCCCC1C(=O)N2CCCN(CC2)C=3C=CC(C)=NN3
XS842379b,COCC(NC1=NC2=C(C(=O)NC(=O)N2C)N1C)C3=CC=C(C)O3
XS840725b,CC=1C=C(C(=O)N2CCN3C(=O)OCC3C2)N(CC(F)(F)F)N1
XS837311b,CC1(C)CC(C(=O)N2CCC=3C(C#N)=CC=CC32)C=4C=CC=CC4O1
XS844691a,CCC1CCCCN1C(=O)CSC2=NN3C(C)=CC(C)=NC3=N2
XS844699a,CC(NC(=O)C1CCN(CC1)C(=O)NC2CC2)C=3C=CC=C(F)C3
XS815852b,CC1=CC=C(CNC(=O)NC2CCCN(C2)C=3N=CC=CN3)S1
XS844707a,CCOC(=O)C=1C=CC(=NC1)N2CCCC2C=3C=CC=4OCOC4C3
XS838402b,CN1N=NC(=N1)C=2C=CC(=CC2)NCC3=CC=NN3C4CCCCO4
XS840695b,NC=1N=C(N=C(C1[N+]([O-])=O)N2CCCCCC2)NCC3CCCO3
XS844711a,CC(SC1=NC(CC2=CC=CS2)=NN1)C(=O)N3CCOCC3
XS808525b,CCC1=NC=2C=CC=CC2N1CC(=O)N3CCCC3C4=NOC(C)=N4
XS841862b,CC(NC=1C=CN(CC(F)(F)F)N1)C2=NN=C(O2)C=3C=CC=CC3
XS839216b,COC=1C=C(OC)C2=NC=NC(=C2C1)N3CCN4C(C)=NN=C4C3C
XS837522b,CC1=NOC(=N1)C(NS(=O)(=O)N2CCC(F)(F)CC2)C(C)C
XS837519c,COC(=O)C=1C=CC2=C(N=CN=C2C1)NC=3C=NN4CC(C)COC34
XS841382b,O=C(CC=1C=CC=CC1OC2CCOC2)NC=3C=CC=4NN=CC4C3
XS516759b,OC1(CC2=NC(=NO2)C=3C=CON3)CCCN(CC=4C=CC=CC4)C1
XS844703a,O=C(NCC(C1=CC=CO1)N2CCCC2)C=3C=CC=4CCCCC4C3
XS844710a,CC(C(=O)NC=1C=CC(F)=C(F)C1F)N2CCC=3SC=CC3C2
XS844708a,CC(NC(=O)C=1C=CC=2OCCCOC2C1)C3=NN=C4C=CC=CN34
XS844704a,O=C(CN1N=NC=2C=CC=CC2C1=O)N3CCCC(C3)N4C=CC=N4
XS844715a,CC1CCCCN1C(=O)CCNC(=O)CCC=2C=C(F)C=CC2F
XS844706a,CCOC=1C=CC(=CC1F)CNC(=O)NC(C)C(=O)NC(C)(C)C
XS640166b,CC(CC=1C=CC2=CC=CC=C2C1)NC(=O)CCN3C(=O)CCC3=O
XS444358b,NC(=O)COC=1C=CC(=CC1)NC(=O)N2CCCC2C=3C=CC=CC3
XS840004b,O=C1N=C(NC=2C=CC(Br)=CC12)N3CCCC3CCO
XS844709a,O=C1CCCC(CC2=NC(COC=3C=CC(Cl)=C(F)C3)=NO2)N1
XS844714a,COC=1C=CC(=CC1)C(CC(=O)O)NC(=O)C2=CC=3C=CC=CC3O2
XS844705a,O=C(C1=CN=C(S1)C=2C=NC=CN2)N3CCCC(C3)N4C=CC=N4
XS844713a,CC(C(=O)NC(=O)NC1CC1)N(C)CCCOC=2C=CC(F)=CC2
XS840200b,CC(CN1C=NC=N1)NC=2N=CN=C3C=C(Br)SC23
XS844712a,CC=1C=C(Cl)C=CC1CN2CCN(CC2)C3(CCOC3)C(N)=O
XS061103e,CC(=O)NC=1C=CC(=CC1)CC(=O)NC(C=2C=CC(F)=CC2)C(C)C
XS838142b,COC=1C=CC=C(C1)C(C)C(=O)N2CCC=3C(C#N)=C(N)SC3C2
XS844723a,COC=1C=CC(C(=O)N2CCCC(C2)NS(C)(=O)=O)=C(C1)OC
XS844716a,O=S(=O)(CC1CCCCO1)NCC2=CN3C=C(Cl)C=CC3=N2
XS836892b,N#CC=1C=CN=C(C(=O)N2CCCCC2CNS(N)(=O)=O)C1F
XS842598b,CC1CC=2C=C(C=C(Cl)C2O1)S(=O)(=O)N(C)C=3C=NN(C)C3
XS842541b,CCCCNC(=O)C(C)N(C=1C=CC(=CC1)OCC)S(C)(=O)=O
XS844724a,COC=1C=CC=CC1N2CCN(CC2)C(=O)NC(C)CN3C=CC=N3
XS841753b,COC(C)(C(=O)O)C(=O)N1CCC(CC=2C=CC=C(F)C2F)CC1
XS844722a,O=S(=O)(C=1C=CC=CC1)N2CCCC(C2)C3=NC=4C=CC=CC4O3
XS839240b,C=C1CCC(CN(CC2=CNC(=N2)C(C)C)CC=3C=CC(O)=NN3)C1
XS841707b,CNC(=O)C1CN(CC2=NOC(=N2)N3CCCC3)C=4C=CC=CC4O1
XS791939b,CC=1N=C(C)N(CC2CCCCN2CC=3C=CC=4OCCOC4C3)N1
XS844717a,O=C(CN1C=NC=2SC=CC2C1=O)N3CCCC(C3)N4C=CC=N4
XS844727a,CC(C)CCOC=1C=CC(=CC1)C(C)NC(=O)C=2C=CC(=O)N(C)N2
XS844720a,CC=1N=CSC1CN(C)CC2CCC3=NC(=CN3C2)C(F)(F)F
XS840672b,CCC(C)N1N=CC=C1NC(=O)C=2C=C(ON2)C=3C=CC=C(Cl)C3
XS844725a,CC(NC=1C=CC2=NN=C(N2N1)C(F)(F)F)C(=O)N3CCCCC3
XS575879b,CC=1SC=2C=CC(Cl)=CC2C1S(=O)(=O)N(C)C3CCNC3
XS844726a,CC(NC(=O)C1=CC=CO1)C(=O)NCC2(CCC2)C=3C=CC(F)=CC3
XS844721a,COC=1C=CC=CC1CNC(=O)C=2C=CC(=CC2)OCC3CCCO3
XS844718a,CCC(C)(NC(=O)CCC1=NN=C(O1)C2CCCC2)C=3C=CC=CC3
XS592538b,CC=1C=CN(N1)C=2C=CC(=NN2)N3CCCC(C3)C(=O)NCC4CC4
XS844719a,O=C(C=1C=NC2=CC=CC=C2N1)N3CCCC3C4=NC=5C=CC=CC5N4
XS844733a,NS(=O)(=O)C=1C=CC(=CC1)NC(=O)N2CCCC2C=3C=CC=CC3
XS844740a,NS(=O)(=O)C=1C=NC(=NC1)N2CCC3(C2)C(=O)NC=4C=CC=CC43
XS844738a,CC(C=1C=CC=CC1)N(C)C(=O)CS(=O)(=O)CC=2C=CC=C(F)C2
XS844736a,CNC(=O)C1CC=2C=CC=CC2CN1CC3=NC=C(O3)C=4C=CC=CC4
XS844737a,CNC(=O)C1CCCCN1C(=O)CCCC2=NC=3C=CC=CC3S2
XS839301b,CC1(C)C(CCN1C=2N=CC(Br)=CC2F)P(C)(C)=O
XS839980b,CC(NC(=O)C=1C=CC(=CC1Cl)N2C=NN=N2)C=3C=NC=C(F)C3
XS844730a,CC1=NC(C)=C(CCC(=O)NC(C=2C=CC(F)=CC2)C(C)C)C(=O)N1
XS837369b,CN(C(=O)NCC=1C=CC(=CC1)C2=CC=NN2)C3CCS(=O)(=O)C3
XS761915b,COC=1C=CC(=C(C1)OC)C2CCCN2C(=O)CN3CCNC(=O)C3
XS836510b,CC=1N=C(NC(=O)C1C(=O)N2CC3(CCCC3)C2C(C)C)C(C)(C)C
XS839531b,N#CC=1C=C(C=CC1F)C(=O)N2CCN(CC2)C3(CCOC3)C(N)=O
XS645194b,CC(C)(C)C=1C=CC(=CC1)C2(CCC2)C(=O)N3CCOC(C3)C(N)=O
XS844728a,CC(C)C(NCC(=O)NCCC=1C=CC(F)=CC1)C=2C=CC(F)=CC2
XS844739a,CC(C#N)(NC(=O)CN1CCN(CC1)C=2C=CC=C(Cl)C2)C3CC3
XS844734a,CC=1SC=2N=CN(CC(O)COC=3C=CC(F)=CC3)C(=O)C2C1C
XS841745b,CC=1NC(=O)NC(C2=CSN=N2)C1C(=O)NC=3C=CC=C(Cl)C3
XS844729a,CC1=CC(=NN1)C2CCCN(C2)C(=O)C=3C=CC=C(C3)S(C)(=O)=O
XS837891b,CC1CC=2NN=CC2CN(C1)C=3C=CC(=NN3)C(=O)NC=4C=CC=CC4
XS844731a,CC=1OC=CC1C2=CC(=NO2)NC(=O)N3CCC(CN4CCCC4)C3
XS836830b,CC=1C=CC(=CC1)S(=O)(=O)N(C)C=2C=CC(=CC2)OC3CCOC3
XS844741a,CN1C=CN=C1C(NC(=O)CC=2C=CC=3OCOC3C2)C=4C=CC=CC4
XS844732a,CC=1C=CC(=CC1F)CNC(=O)C2CCCN2C(=O)C3=CC=CS3
XS838212b,COC=1C=CC=2CCCC(C(=O)NC=3C=NC=CC3N4C=CC=N4)C2C1
XS839124b,OCC(CN1CCOCC1)NC=2C=C(N=CN2)C=3C=CC=C(Cl)C3
XS844735a,CC1(CCS(=O)(=O)C1)NC(=O)CSCC=2C=CC=C(Cl)C2
XS741280b,CC=1NN=C2N=CC(=CC12)C(=O)N(CC=3C=CC=CC3)CC4CCCO4
XS839257b,CC1C=2C=C(Cl)C=C(F)C2CCN1C=3C=CC(=NN3)P(C)(C)=O
XS789866b,O=C(CNC(=O)C=1C=CC=2OCOC2C1)NC3CCCC=4C=CC=CC43
XS837844b,CCN(CC)C(=O)C1CSCN1C(=O)C=2N=NN3CCCCCC23
XS658593b,CC(NS(=O)(=O)N1CCCCCC1)C=2C=CC(=CC2)N3C=NC=N3
XS493098b,O=C(NC1CCCN(C1=O)C=2C=CC=CC2F)C=3C=NN4CCCCC34
XS844747a,COC(=O)CC(NC(=O)C=1C=CC=CC1OC(F)F)C2=CC=CS2
XS838351b,ClC=1C=NC=C(Br)C1NCC2CSC=3C=CC=CC32
XS844745a,CN1C(=NC=2C=CC=CC21)C3CCCN3C(=O)C=4C=CN=C(C4)C(=O)O
XS844748a,CN1N=C(C(=O)N2CCC(C2)NC=3C=CC=C(Cl)C3)C=4C=CC=CC41
XS701641b,CN(CC(=O)NC=1C=CC=2OCCOC2C1)C3CCCC=4C=CC=CC43
XS844750a,COC=1C=CC(=CC1)OCC(O)CN2CCN(CC=3C=CC=CC3)CC2
XS844742a,CC=1C=CC=CC1C(C)NC(=O)CN2N=C(OC2=O)C=3C=CC(F)=CC3
XS723807b,CC(C)C1=NN=C2CCC(CN12)NC(=O)C=3C=CC(=NC3)OCC4CC4
XS839822b,O=C(C#CC1CCOC1)NCC(=O)N2CCC(CC=3C=CC=CC3)CC2
XS844744a,CC=1C=CC=CC1OCCN(C)CC(=O)N(C)C2CCS(=O)(=O)C2
XS844749a,CCC(CN1C(=O)NC=2C=CC=CC2C1=O)N3CCC=4C=CC=CC4C3
XS496623b,CN1C=C(N=C1C2CCCN(C2)C(=O)C3=CNC(C#N)=C3)C(F)(F)F
XS058267c,COC1=CN(N=C1C(=O)N2CCCC(C2)C(F)(F)F)C=3C=CC=CC3
XS844746a,CC=1C=C(C=CC1C(=O)O)NC(=O)C=2C=CN=C(C2)N3CCCCC3C
XS844743a,COC1CCCN(C1)C(=O)C=2SC(=NC2C)C=3C=CC=C(Cl)C3
XS844751a,COC=1C=CC(=CC1)C(CC(=O)O)NC(=O)C=2C=CC(F)=CC2Cl
XS668545b,O=C(C=1C=CC(=CC1)CN2C=CC=N2)N3CCCCC3CN4C=CC=N4
XS838211b,CCOC(=O)C=1C=NC2=C(C(C)=NN2C)C1N3CCC(C3)N4C=NC=N4
XS842614b,COC=1C=C2CCN(CC2=CC1OC)C3SC=4C=CC=CC4NC3=O
XS839131b,CN1CCN(C(CN)C1)S(=O)(=O)C2=CSC(=N2)C=3C=CC=CC3
XS842257b,COC=1C=C(C)N=C(C)C1NC(=O)N2CCC(C2)N3C=C4C=CC=CC4=N3
XS838259b,CC1=NN(C(C)=C1P(=S)(N2CCCC2)C(C)(C)C)C=3C=CC=CC3
XS837104b,CC(NC(=O)C=1C=CC=NC1OC=2C=CC=CC2)C3=NN=C4C=CC=CN34
XS844759a,NC(=O)CN1CCCC(C1)NC(=O)C2=CC=C(O2)C=3C=CC=CC3Cl
XS844755a,CC=1C=CC=CC1C(C)NS(=O)(=O)C=2C=CC(=CC2)N3CCCC3=O
XS071036b,CC(C(=O)NC=1C=CC(=CC1)S(N)(=O)=O)N(C)CC=2C=CC=CC2F
XS842476b,CC(=O)NC1CN(CC=2C=CC=CC21)C(=O)C=3N=NN(N3)C=4C=CC=CC4
XS839042b,O=C(NCC1CC(=O)N(C1)C=2C=CC(F)=CC2)NC=3C=C(Cl)C=CN3
XS844756a,CC=1C=CC(=CC1)CN2CCC(NC(=O)C=3C=NC4=C(C3)N=CN4C)C2=O
XS837717b,O=C(O)C1CCN(CC1(F)F)C=2N=CC=C(N2)N3CC=4C=CC=CC4C3
XS844758a,O=C(NCC1CCCO1)C=2C=CC=C(C2)CN3C(=O)C=4C=CC=CC4C3=O
XS844752a,CCC(CCNC(=O)C=1C=CC(OC)=C(OC)C1OC)N2CCCC2=O
XS840739b,CC(NC(=O)N1CCN2C=CC=C2C1)C3(CCC3)C=4C=CC(Cl)=CC4
XS685039b,COC=1C=CC=CC1S(=O)(=O)N2CCNC(=O)CC2C=3C=CC=CC3
XS423563b,CC(NC(=O)CC1=CSC(=N1)C=2C=CC=CN2)C=3C=CC(F)=C(F)C3
XS839222b,CC=1C=NN(C1)C=2C=CC=C(C2)C=3C=NC(=NC3)N4CCN5CCCC5C4
XS812725b,COC=1C=C(Cl)C(C)=CC1NC(=O)C2CC(=O)N(CC(F)(F)F)C2
XS641741b,COC1=CC(=CC(=C1)C2=NN=C(O2)SC(C)C(=O)N3CCCC3)OC
XS837869b,N#CC=1C=CC(=C(F)C1)N2CCC(C2)C(=O)N3CCOCC=4C=CC=CC43
XS844754a,CC1=NN(CC(C)C)C(C)=C1CC(=O)NCC2COC=3C=CC=CC3O2
XS837839b,CC1=CC(C)=NC(=N1)NC2CCCCN(CC3=NN(C)C(=O)N3C)C2=O
XS838994b,O=C(NCC(F)C1CCN(CC1)C(=O)C2(CC2)C3CCC3)C4=CN=CN4
XS844753a,CC=1C(Cl)=CC=CC1NCC(=O)N2C=3C=CC=CC3NC(=O)CC2C
XS560875b,COC=1C=CC=CC1N2CCN(CC3=NN=C(O3)C4CCCOC4)CC2
XS840735b,O=C(NC=1C=NN(C1)C=2N=CC=CN2)N3CCCC3CC=4C=CC=C(F)C4
XS839434b,FC1=CC(=CC(F)=C1F)C2=CN(CC3CCCC4(CCOCC4)O3)N=N2
XS844767a,O=C(NCCC=1C=CC(F)=CC1)NCC(C=2C=CC=CC2)N3CCOCC3
XS844772a,O=C(CNC=1C=CC=CC1F)N2CCCC2C=3C=CC=4OCCCOC4C3
XS844760a,O=C(NC1CCN(C1=O)C=2C=CC=C(C2)OC(F)(F)F)N3CCOCC3
XS844765a,COCC(C)NC(=O)C=1C=C(C=CC1Cl)S(=O)(=O)N2CCCCC2
XS844769a,CC(C)S(=O)(=O)C=1C=CC=CC1C(=O)NC(C)C=2C=CC(F)=C(F)C2
XS844763a,CC(C)C(NC(=O)C=1C=CC(Cl)=CC1Cl)C(=O)NC=2C=CN(C)N2
XS839174b,CCC=1C=C(C(C)=CC1OC)S(=O)(=O)NC2=CC=CN(C2=O)C(C)C#N
XS844776a,COC=1C=CC=CC1N2CCC(CNS(=O)(=O)C=3C=CC(C#N)=CC3)C2
XS844770a,CC=1C=C2OC=C(CC(=O)N3CCCC(C3)C(=O)NCC4CC4)C2=CC1C
XS839086b,COC=1C=CC2=C(CCCN2C(=O)C3CN(CC=4C=CC=CC4)CCO3)N1
XS841674b,CN1CCOC=2C=CC(=CC21)C(=O)NCC3CCC4(CCC(C)(C)CC4)O3
XS844771a,CC1(CCS(=O)(=O)C1)NC(=O)CN2CCN(CC2)C=3C=CC(F)=CC3
XS844774a,CCOC=1C=CC(=CC1)C(=O)NC(C=2C=CC=3OCCCOC3C2)C(C)C
XS844777a,CCCC(=O)NC1CCCN(C1)C(=O)C=2C=CC=C(C2)OC=3C=CC=CC3
XS844761a,CC1(C)CCC=2C=CC=CC2C1NC(=O)CCC3=NC=4C=CC=CC4C(=O)N3
XS685878b,CC(C(=O)NC=1C=CC(Cl)=CC1)S(=O)(=O)CC=2C=CC=CC2Cl
XS844764a,O=C1CCC=2C=C(C=CC2N1)S(=O)(=O)N3CCCC3CC=4C=CC=CC4
XS844762a,CNC(=O)C1CCN(CC1)C(C)C(=O)NC=2C=CC=C(C2)S(N)(=O)=O
XS168807d,CCNC(=O)C(C)NC(=O)C=1SC(=NC1C=2C=CC=CC2)C3=CC=CO3
XS840121b,CC=1C=CC=CC1OC(C)C(=O)N2CCN(CC2)C(=O)NC3=NC=CS3
XS844773a,CS(=O)(=O)NC(CC(=O)NC=1C=CC=C(Cl)C1)C=2C=CC(F)=CC2
XS844768a,CC(CNC(=O)C=1C=CC(=CC1)S(C)(=O)=O)N2CCC=3C=CC=CC3C2
XS836798b,CC=1N=C2C=CC=CN2C(=O)C1CCNC(C)C=3C=CC=C(C3)N4C=CC=N4
XS844766a,COCC1=NC(=CS1)C(=O)N2CCC=3NC=NC3C2C=4C=CC(F)=CC4
XS844775a,CCOC=1C=C(C=CC1Br)S(=O)(=O)N2CCCCC2CC
XS844792a,CC=1C=CC=C2NC(CC12)C(=O)N3CCN(CC=4C=CC5=CC=CC=C5N4)CC3
XS844787a,COC=1C=CC(=CC1)C2CCCN2C(=O)CCC3=NC=4C=CC=CC4C(=O)N3
XS716569b,CCC=1C=CC(=CC1)N2CC(CC2=O)C(=O)N3CCN(CC3)C=4C=CC=CN4
XS546662b,O=C(NC=1C=CC=NC1)N2CCCC(C2)C3=NC(=NO3)C=4C=CC(Cl)=CC4
XS840122b,COC=1C=CC=2CC(COC2C1)NC(=O)NCC=3C=CC=NC3N4C=CN=C4
XS844781a,CC1=CC(=NO1)NC(=O)C(C)OC(=O)C=2C=CC(=CC2)S(=O)(=O)N(C)C
XS844778a,CC=1NC2=NC(=NN2C(C=3C=CN=CC3)C1C(N)=O)SCC=4C=CC=CC4
XS844785a,CC(=O)NC=1C=CC(=CC1)S(=O)(=O)NC(C)C(=O)NC2CCCCCC2
XS566776b,O=C(C1CC(=O)N(C1)C=2C=CC(F)=CC2)N3CCOCC4(CCOCC4)C3
XS844793a,O=C(NCCC=1C=CC=C(O)C1)C=2CCC(=O)N(N2)C3CCS(=O)(=O)C3
XS844790a,CC=1OC(=CC1S(=O)(=O)N2CCCC2)C(=O)NC(C)C=3C=CC=CC3F
XS844788a,CN1CCN2N=CC(C(=O)NC3CCOC=4C=CC=CC4C3)=C2S1(=O)=O
XS836556b,OCC1=CN(N=N1)C2CCCN(C2)C=3C=CC4=C(Cl)C=CC(Cl)=C4N3
XS844779a,COC(=O)NC(CC=1C=CC=CC1)C(=O)N2CCC(CC2)NC(=O)C3CCC3
XS844789a,O=C(NC1=CC=NN1C2CCCCC2)C3CC(=O)N(C3)C=4C=CC=C(Cl)C4
XS844786a,O=C(C=1C=CC=C(C1)OC=2C=CC=CC2)N3CCN(CC3)C(=O)C4CCCO4
XS840553b,CC(OC(=O)C=1C=CC(Br)=C(C1)S(=O)(=O)N(C)C)C(N)=O
XS844783a,CC(=O)NCC1CCN2N=CC(C(=O)NCC=3C=CC(=CC3F)C4CC4)=C2C1
XS844784a,COC(=O)CC(NC(=O)C=1C=CC(=NC1)N2CCOCC2)C=3C=CC(C)=CC3
XS837396b,CN1C=C2C(CCCC2NC(=O)C3=CN=C(S3)C=4C=CC=5OCOC5C4)=N1
XS844791a,CCNC(=O)C=1C=CC(=CC1)NC(=O)C2CCCN(C2)C(=O)C3=CC=CS3
XS838168b,CN1CCC(CC1)N2C=CC(=N2)NC(=O)C(=O)N3CCCC4(CC=CCC4)C3
XS844782a,COC=1C=CC(=CC1Cl)NC(=O)C(C)NC=2C=CC(=CC2)N3CCCC3=O
XS533041b,COC=1C=CC=2NC=C(CC(=O)N3CCCC(C3)C4=NNC(=N4)C5CC5)C2C1
XS844780a,COC=1C=CC(=CC1OC)C2=NOC(CCC(=O)NC(C)C=3C=CN=CC3)=N2
XS841279b,O=S(=O)(CC1CCCO1)NC=2C=CC(=CC2)OC=3C=CN=C4C=CC=CC34
XS844801a,CC(=O)NC1CCCN(C1)C(=O)CCCN(C)S(=O)(=O)C=2C=CC(F)=CC2
XS844798a,CN(CC=1C=CC(=CC1)C(=O)NC2CC2)C(=O)C3CC(=NO3)C=4C=CC=C(F)C4
XS844799a,CC1=NC(=CS1)C2=CNC(=C2)C(=O)NC(CN3CCCC3=O)C=4C=CC=CC4
XS185098b,CC1=CC=C(O1)C(CNC(=O)CC2=COC=3C(C)=C(C)C=CC23)N4CCOCC4
XS737994b,CC1=NOC=2N=C(C=C(C(=O)NC(C)C(=O)N3CCCC3)C12)C=4C=CC=CC4F
XS844803a,CCOC(=O)C1=C(CN2C=NC=3SC=4CCCC4C3C2=O)NC(=O)NC1C
XS719403b,CC=1C=CC(=CC1C)S(=O)(=O)N2CCN(CC2)C(=O)C(C)CN3C=NC=N3
XS132352b,COCCOC=1C=CC(=CC1NC(=O)C2COC=3C=CC=CC3O2)C(F)(F)F
XS841869b,CC1(C)CC=2C=CC(C(=O)NCC3CCC4=NN=C(C(F)F)N4C3)=C(O)C2O1
XS837527b,COC=1C=CC=C(C1)NC=2C=CC(=NC2)NC(=O)NC3CC=4C=CC=C(O)C4C3
XS839972b,CCC1=NC=2C=CC(=CC2S1)NC(=O)N3CCOCC3CNS(C)(=O)=O
XS844795a,CN1CCC(CC1)N2N=CC=3C=C(C=NC32)C=4C=NC(=NC4)N5CCCC(O)C5
XS836775b,COC=1C=CC(=CC1)N2C(=O)C=3C=CC=CC3N(C)C2C=4N=C(C)N5C=CC=CC45
XS840501b,NC(=O)NC(CC=1C=CC=CC1)C(=O)NNC(=O)COC=2C=CC=CC2Cl
XS769633b,COC=1C=C(C)C(Br)=CC1S(=O)(=O)NC(C)(CN)CC(C)C
XS427749b,O=S(=O)(C=1C=CC(=NC1)NC2CCCN(C2)C=3N=CC=CN3)N4CCCC4
XS844797a,CNC(=O)CN1C=2C=CC=CC2C(=O)N(C)C1C3=CC=C(O3)C=4C=CC(F)=CC4
XS839015b,O=C(NCC1CCN(C1)C(=O)C2=CSC=3C=CN=CC23)C=4NN=CC4Cl
XS836999b,CCCCN(CC=1C=CC=C(C1)C2=NOC(=O)N2)C(=O)C3CCN4N=NN=C4C3
XS841331b,CN1N=CC=C1C=2C=CC(=CC2)CNC(=O)N3CC4(CCC4)C3C5CCOCC5
XS844796a,COC1=CC(=CC(OC)=C1OC)C(=O)NC(C)C=2C=CC(Br)=CC2
XS844800a,CN(C=1C=CC=CC1)C=2C=CC=CC2NC(=O)C3CC(=O)NC=4C=C(F)C=CC43
XS844802a,CC1=CC(CNC(=O)C2CC(=O)N(C2)C=3C=CC(Br)=C(C)C3)=NO1
XS844794a,CS(=O)(=O)N1N=C(CC1C=2C=NC3=CC=CC=C3N2)C=4C=CC=5OCOC5C4
XS549794b,O=S(=O)(CC=1C(Cl)=CC=CC1Cl)N2CCCCC2C3=NC=CS3
XS840953b,O=C(NCCNC(=O)C1COC=2C=C(Cl)C=CC2O1)C3=CN4C=CC=CC4=C3
XS844814a,CC=1C=CC(=CC1)NC(=O)C(C=2C=CC=CC2)N3CCC(CC3)C(=O)N4CCCCC4
XS844812a,CC=1C=C(C=CC1Br)S(=O)(=O)N2CCN(C)CC2C=3C=CC=CC3
XS844804a,CC(=O)N(CC=1C=CC(=CC1)NC(=O)C(=O)NC(CCO)C=2C=CC=CC2)C3CC3
XS844819a,CCOC=1C=CC=CC1CNC(=O)C2CCCN(C2)S(=O)(=O)C=3C=CC=CC3
XS709151b,CC1CC=2C=CC=CC2N1C(=O)C=3C=CC(F)=C(C3)S(=O)(=O)N4CCOCC4
XS844816a,COC(=O)CC1C2=CC(OC)=C(C=C2CCN1CC(=O)N3CCCCCC3)OC
XS844806a,CC1=C(N=NN1CCOC=2C=CC(F)=CC2)C(=O)NC3CCCOC=4C=CC=CC43
XS842510b,NC=1C=CC=C(C(=O)N2CCC(NC(=O)C=3C=CN4C=CN=C4N3)C52CCC5)C1N
XS838840b,NC=1C(Br)=C(C(F)=CC1[N+]([O-])=O)N2CCN3C(=O)C(=O)NCC3C2
XS844809a,CCCN(C(=O)C=1C=CC(=CC1)S(=O)(=O)N2CCCC2)C3CCS(=O)(=O)C3
XS844815a,CC(C#N)(NC(=O)CN1CCN(CC1)S(=O)(=O)C2=CC=C(Cl)S2)C3CC3
XS844818a,CC(C)C=1C=CC=CC1N2C=CN=C2SCC(=O)NC3(C)CCS(=O)(=O)C3
XS844810a,O=C(NCC(C=1C=CC(F)=CC1)N2CCOCC2)C=3C=CC=4NC=5CCCCC5C4C3
XS844811a,COC=1C=CC=2C(=COC2C1)CC(=O)NCC(C=3C=CC(F)=CC3)N4CCOCC4
XS844813a,COC=1C=C(C)C(=CC1OC)S(=O)(=O)N2CCCC2C(=O)N3CCN(C)CC3
XS844805a,CC1=CC(C)=NC(SCC(=O)N(C=2C=CC=CC2)C3CCS(=O)(=O)C3)=C1C#N
XS840096b,CC(C1=NC(=NO1)C(C)(C)C)N2CCN(CC2)S(=O)(=O)C3=CC=C(Cl)S3
XS839670b,CN1C=C(C=N1)C2CS(=O)(=O)CCN2CC3=COC(=N3)C=4C=CC(=CC4)[N+]([O-])=O
XS840529b,COCC1=NC(=CS1)C(=O)N2CCNC(=O)C2C=3C=CC=CC3Br
XS836939b,C=1C=C(OC1COC=2C=CC=CC2)C3=NN=C(O3)C4CCCN(C4)C=5C=NC=CN5
XS844817a,COC=1C=CC(=CC1)C(CNC(=O)C=2C=CC=CC2OC(F)F)N3CCOCC3
XS844807a,COC=1C=CC=C2CCC(C(=O)NC=3C=CC(=CN3)N4CCN(CC4)C(=O)C5CC5)C12
XS840930b,O=C(NCC1(O)CCCNCC1)C(=O)NC=2C(F)=CC=CC2OC=3C=CC=CC3
XS842824b,COC(=O)CC(NC(=O)C=1C=CC2=C(C1)CCN2C(C)=O)C=3C=CC(Cl)=CC3
XS472421b,CC=1C=CC=2C(=O)N(C(=O)C2C1)C(C)C(=O)NC=3C=CC(F)=C(C3)NS(C)(=O)=O
XS844831a,CC=1C=CC(C)=C(C1)OC=2C=CC(=CN2)CNC(=O)C3CCCN(C3)C(=O)N4CCCC4
XS829315b,CC=1C=CC(=CC1)S(=O)(=O)CCC(=O)N2CCCC2C=3C=CC=4OCCCOC4C3
XS844827a,COC=1C=CC(=CC1)C(CNC(=O)CCCC2=NC=3C=CC=CC3S2)N4CCCC4
XS836733c,CC(C1=NC=2C=C(Cl)C=CC2N1CC=3C=CC=CC3)N4CCN(CC4)S(C)(=O)=O
XS840043b,CCOC(=O)C(CC=1C=CC=CC1)N(C)S(=O)(=O)C=2C=CC=3NC(=O)NC(=O)C3C2
XS844832a,CNC=1C=CC(Cl)=CC1C2C=3C=CC=CC3CCN2C(=O)C=4C=CC=C(C4)S(=O)(=O)N(C)C
XS844829a,CC1CC=2C=CC=CC2N1S(=O)(=O)C=3C=CC=C(C3)C(=O)NCCCN4CCCC4=O
XS167584b,O=C(CC=1C=CC=C(C1)C(F)(F)F)N(CC2=NC=3C=CC=CC3C(=O)N2)CC4CCCO4
XS844821a,CC(C)N(CC(=O)N1C=2C=CC=CC2NC(=O)CC1C)CC3=NC=4C=CC=CC4C(=O)N3
XS844828a,COC=1C=CC=2N=C(NC(=O)C3CC(=O)N(C3)C=4C=CC=5OCCOC5C4)SC2C1
XS844833a,CC=1OC=CC1C(=O)NC2=NC(=CS2)CC(=O)NCC3CCN(C3)C=4C=CC=CC4
XS844826a,CC(C)(C)C=1C=C(NC(=O)CC=2C=CC(Cl)=C(Cl)C2)N(N1)C3CCS(=O)(=O)C3
XS839629b,COC=1C=CC(Cl)=CC1N2C(=O)CC(NNC(=O)CC3=CNC=4C=CC=CC34)C2=O
XS844834a,CC(C1=NC=2C=CC=CC2S1)N(C)C(=O)C3CCN(CC3)C4=NS(=O)(=O)C=5C=CC=CC45
XS842658b,CCN1C(=O)N(CC)C=2N=C(C=CC21)NC(=O)CCC(=O)NC(C)C=3C=C(C)C=CC3C
XS844822a,CN(C(=O)COC(=O)C=1C2=CC=CC=C2N=C3CCCCCC13)C4CCS(=O)(=O)C4
XS844825a,COC=1C=CC(=CC1)N(CCC(N)=O)C(=O)CN2CCCC2C3=NN=C4C=CC=CN34
XS844830a,O=C(COC=1C=CC(Cl)=CC1)N(CC2=NC=3C=CC=CC3C(=O)N2)CC4CCCO4
XS840386b,CC(C(=O)NC=1C=CC(F)=C(F)C1F)N2CCN(CC2)S(=O)(=O)N3CCCCCC3
MR045724c,CNS(=O)(=O)C1CCCN(C1)C(=O)NCC=2C=CC(OC=3C=CC=CC3F)=C(F)C2
XS844824a,O=C1NC(CN2CCCC(C2)C3=NN=C4C=CC(=CN34)C(F)(F)F)=NC=5C=CC=CC15
XS844820a,CC(SC1=NN=C(O1)C2=CNC=3C=CC=CC23)C(=O)N4CCN(CC4)S(=O)(=O)C=5C=CC=CC5
XS844823a,CC1OC=2C=CC=CC2N(CCC(=O)N(C)CC(=O)NC=3C=CC(F)=C(F)C3F)C1=O
XS836738b,CN1C=NN=C1CNC(=O)C2CCCN(C2)S(=O)(=O)C3=CC=C(Br)S3
XS073481b,O=C(NC=1C=CC=CC1O)C2CCCN(C2)S(=O)(=O)C3=CC=C(Br)S3
XS839627b,CCCN1N=C(C(=O)NNC(=O)C2(O)CCN(CC=3C=CC=CC3)C2)C=4C=CC=CC4C1=O
XS840243b,COCCC(C)NC=1C=CC=C2C=CSC12
XS844844a,CC(CC1=CC=CO1)NC(=O)C=2C=CC(O)=NC2
XS844845a,O=C(NC=1C=NNC1)C2COC=3C=CC=CC3O2
XS840950b,CC(=O)N1CC=2C=CC=CC2C1C(N)=O
XS836863b,O=C1CCC(CC=2C=CC(O)=CC2)O1
XS844847a,CC(C(=O)NCC1=CC=CS1)S(C)(=O)=O
XS844839a,CC(NC(=O)C1=CC=CN1)C=2C=CC=CC2
XS844837a,CC#CCN1CCCC1C2=NOC(CC)=N2
XS839409b,CN(C)C(=O)C(C)(CF)C=1C=CC=CC1
XS842111b,CCN1CCN(C(=O)C(C)(C)C#N)C(C)C1=O
XS842123b,NC(C1=NNC(=N1)C2=CC=CS2)C(F)(F)F
XS837182b,C#CCNC(=O)N1CCN2C(=O)OCC2C1
XS844843a,CC(NC(=O)C=1C=CC(O)=NC1)C=2C=CC=CC2
XS844848a,CCC(C)NC(=O)C=1C=CC=2OCCCOC2C1
XS844840a,NC(CNC(=O)C=1C=CC(F)=C(F)C1)C2CC2
XS840558b,CC1CSC=2C=CC(Cl)=CC2NC1=O
XS210338c,NCC(C=1C=CC=CC1)N2CCOCC2
XS844842a,CCC(C)NC(=O)C=1C=CC=2NC=NC2C1
XS844846a,CC(C)C(=O)NC1CCCC2=C1C=NN2C
XS841097b,CC#CC(=O)N1CC(C)CC=2C=CC=C(O)C21
XS839712b,CC(C)N(C)S(=O)(=O)NCC1CCCO1
XS837568b,CN1C=CC=C(OC2CCC3(CCC3)C2)C1=O
XS844835a,CCC(C)NC(=O)C=1C=NN(C1)C=2C=CC=CC2
XS844841a,CN1CC(CC1=O)C2=NN=C3CCCCCCN23
XS844836a,COC=1C=CC=CC1NC(=O)N2CCCC(O)C2
XS844860a,CC(CN1C=CC=N1)NC(=O)NCC2=CC=CS2
XS844855a,CN(CC=1C=CC(=CC1)C(N)=O)C(=O)CC2C=CCC2
XS839963b,CCOC(C)C(=O)NNC1=C(C#N)C(C)=NN1C
XS734384b,CC1=CN2CC(CCC2=N1)NC(=O)C3=CC(C)=NO3
XS844851a,CCC(C)NC(=O)CSC1=NC=2C=CC=CC2N1
XS841038b,CCN(CC(C)C#N)C(=O)CN1N=CSC1=O
XS844856a,CCCCNC(=O)CS(=O)CC=1C=CC=C(C)C1
XS717280b,CC(SC1=NC=C(O1)C=2C=CC(F)=CC2)C(N)=O
XS844850a,CC1C2=CC=CN2CCN1C(=O)NC=3C=CC=NC3
XS837050b,COCCN1N=NN=C1NC(=O)C(OC)C(C)C
XS841575b,O=C(OCCC#CC=1C=CC=CC1)C2CCCOC2
XS842561b,O=C(NCC1CCCC21CC2)C=3N=CN=C4NC=NC34
XS445680b,CN1CCN(CC1)C(=O)C2CCC=3C=CC=CC3N2
XS838604b,CC1=NOC=2N=CN(CC(C)(O)C(F)F)C(=O)C12
XS844853a,COC=1C=NC=CC1C2=NOC(=N2)C(N)CC(C)C
XS844854a,CCOC=1C=CC(=CC1)C(=O)NC(C)C=2C=CN=CC2
XS729762b,CC=1C=CC(F)=C(C1)S(=O)(=O)NC2CCCNC2
XS844861a,CC1=NOC=2N=CC(=CC12)C(=O)NCC3CCOC3
XS840505b,O=C(C1CNC(=O)N1)N(CC2=CC=CS2)C3CC3
XS844859a,CNC(=O)C(C)S(=O)(=O)CC=1C=C(C)C=CC1C
XS844852a,CC=1C=CC(=NC1)NC(=O)C2CC=3C=CC=CC3S2
XS844849a,CCCNC(=O)C(C)NC(=O)C1=C(C)OC(C)=C1C
XS844858a,CC1CCCCN1S(=O)(=O)NCC=2C=CC=CC2
XS844863a,O=C(O)C1CCCN(C1)C2=NC=3C=CC=CC3S2
XS624983b,COCC1(CCCN1CC2=CC=C(C)O2)C(N)=O
XS844871a,CC=1C=C(N=C(C)N1)N(C)CC2COC=3C=CC=CC3O2
XS601063b,CCC1=NC(CN2CCCC(CN3C=NC=N3)C2)=NO1
XS645014b,O=C(O)C1CC(=O)N(CC2=CSC=3C=CC=CC23)C1
XS844874a,CC=1C=NC(=CN1)C(=O)NCC(C)N(C)C=2C=CC=CC2
XS841709b,O=C(C1CC2=NC=CN2C1)N3CCNC=4C=CC=CC4C3
XS587833b,O=C(C=1C=COC1)N2CCCC(O)(CN3C=CN=N3)C2
XS844864a,CCC1=CC=C(O1)C(=O)N2CCCC(C2)C3=CC=NN3
XS844877a,OCC(C=1C=CC(Br)=CC1)N2CCNCC2
XS837672b,O=C(NC1=NC(=NS1)C2CC2)C3CC=4C=CN=CC4C3
XS838005b,CCC(C)C=1C=C(ON1)C(=O)N2CCC=3NN=CC3C2
XS844873a,CCN(CC)C(C)CNC(=O)NC=1C=CC=C(C)C1C
XS798675b,COC=1C=CC(=CC1)C2CCCN2S(=O)(=O)N(C)C
XS844876a,CC1CCCCN1CC(=O)NC=2SC=CC2C(N)=O
XS844870a,CC1=NOC(CN(C)CC2COC=3C=CC=CC3O2)=N1
XS844865a,COCC(C)NC(=O)C1=CN=CN1C=2C=CC(F)=CC2
XS844866a,O=C(CN1C=CC=N1)NCC2COC=3C=CC=CC3O2
XS844869a,O=C(C1CC=CCC1)N2CCC=3NC=4C=CC=CC4C3C2
XS438636b,CN(CC1CCCO1)C2=C(C#N)C(=O)N(C)C(=O)N2C
XS842232b,CC1C(=O)N(C)CN1S(=O)(=O)CC2CC3(CCC3)C2
XS837792b,CN1N=CC(C(=O)NCCC(C)(O)C(F)(F)F)=C1N
XS844875a,O=C(C=1C=CC=NC1)N2CCCCC2C=3C=CC(O)=NC3
XS841919b,FC(F)(F)C=1C=NC(=NC1)OCC2CC3(CC3)CO2
XS841791b,CCOC=1C=C(N=CN1)N2CCS(=O)(=O)CC(C)C2
XS840014b,COC1(CCN(CC=2C=C(C)C(O)=C(C)C2)C1)C(=O)O
XS844872a,O=C(NCC=1C=CC=CC1)NCC2CCS(=O)(=O)C2
XS841741b,NCC1CC=2C=C(F)C=CC2N(C1)C(=O)C3=CN=CS3
XS839318b,N#CC1CC21CN(C2)C=3C=CN=C(CCC=4C=CC=CC4)N3
XS742046b,COC=1C=CC(=CC1)CC(=O)N2CCCC(O)(C2)C(N)=O
XS844879a,CC=1C=C(ON1)C(=O)NC(C2=NC=CN2C)C=3C=CC=CC3
XS844884a,CN(C(=O)COC1CCCC1)C2CCCC=3C=CC=CC32
XS840487b,O=C1CC(CN1CC2=CC=CS2)C3=NC=4C=CC=CC4N3
XS844883a,CCCC(C)NC(=O)C1=CC=C(O1)S(=O)(=O)N(C)C
XS840676b,COC=1C=C(C#N)C=CC1OCC(=O)N(C)CC(C)C#N
XS838543b,COC=1C=CC(=CC1C)C2CCCN(C2)C3=NC=NN3C
XS599525b,COCC1(CCCN1C(=O)CC=2C=CC(C)=NC2)C(N)=O
XS844881a,CC=1C=C(C)C(NC(=O)CN2CCC(C)(CN)C2)=C(C)C1
XS844886a,COC=1C=CC(=CC1)C=2CC(C=3C=CC=CC3)N(N2)C(C)=O
XS842142b,CC1CN(CC2(CCC2)O1)C3=NC=C(S3)C(F)(F)F
XS844885a,CC(NC(=O)C=1C=CC=NC1)C=2C=CC=3NC(=O)CCC3C2
XS533654b,CC1=CSC=C1C(=O)NCC(C(=O)O)C=2C=CC=CC2
XS581617b,CC(C)CC1CCCCN1C(=O)C=2NC(=O)NC(=O)C2N
XS844882a,CN(C(=O)C=1C=CC=C2C=NNC12)C3CCS(=O)(=O)C3
XS844887a,CCC1=NN=C2CCC(CN12)NC(=O)CCC3=CC=CO3
XS828778b,CN1C=C(C=N1)CC(=O)N2CCCC(C2)C3=NC=CS3
XS840086b,CC1=CC(CC(C)NC=2N=CC=C(N2)C=3C=NC=CN3)=NN1
XS844878a,CC1=CSC(=N1)C2CCCCN2C(=O)C3=CC=CN3C
XS516524b,CCOC=1C=CC(=CC1F)CN2CCCC(O)(C2)C(N)=O
XS844880a,CC=1C=NN(C1)C2CCCN(C2)C(=O)C=3OC=C(C)C3C
XS840403b,CC=1C=CC(C(=O)NNC(C(N)=O)C=2C=CC=CC2)=C(C)C1
XS544766b,CNC(=O)C1CC(=O)N(C1)C2CN(C2)C=3N=CC(C)=CN3
XS842654b,CN(C(=O)N1CCCCC1(C)C(N)=O)C=2C=CC(F)=CC2
XS842076b,CC1=NN=C(S1)C(C)S(=O)(=O)C=2C=CC(C)=C(C)C2
XS844897a,CC(NC(=O)C=1C=CN=C(C1)OCC=2C=CC=CC2)C(N)=O
XS844895a,CC=1C=C(C(=O)N2CCCCCC2C=3C=CN=CC3)N(C)N1
XS441368b,CCC=1OC(=CC1C)C(=O)N2CCCCC2C3=NNC(C)=N3
XS844888a,COC1=C(C(C)=NN1C)C2CCCN2C(=O)C3=CC=NN3C
XS438879b,O=S1(=O)CCC(C1)N2N=NN=C2C=3C=CC(Cl)=CC3
XS470037b,CC(CNC(=O)C=1C=CC=2C=CNC2N1)N3CCN(C)CC3
XS844893a,CC1=CC(C)=NC(=N1)NC(C)C=2C=CC(=CC2)S(C)(=O)=O
XS703504b,O=C(CC=1C=CC=C(Cl)C1)N2CCCC(C2)N3C=CN=C3
XS724871b,CCC=1C=CC(=CC1)C2CCN(C2)C(=O)CC=3C=C(C)ON3
XS837285b,C#CC=1C=CC=C(C1)C(=O)NC2(CCCOC2)C=3C=CC=CC3
XS839451b,N#CC=1N=CNC1C(=O)NC(CO)CC=2C=CC=CC2Cl
XS840508b,CC(CC1=CC=CS1)N(C)S(=O)(=O)CC=2C=CON2
XS546396b,CC(C)C=1OC=CC1C(=O)N2CCCC(C2)C3=NN=C(N)O3
XS844891a,CC(C)(C)C=1C=CC(=CC1)C2=NN=C3CCC(CN23)C(=O)O
XS844894a,CCC(C)NC(=O)CS(=O)(=O)CC1=NN=NN1C2CC2
XS663162b,O=C(NC=1C=CC(=NC1)OC=2C=CC=CC2)C3CCCOC3
XS844896a,CC=1C=CC=NC1NC(=O)C2CC(=NO2)C=3C=CC=C(F)C3
XS840227b,NC(=O)C=1N=CC(Br)=CC1N2CCCC(F)C2
XS844892a,CN1CCN(CC1C2=NC=CN2)C(=O)CN3C=CC=CC3=O
XS581828b,CC=1C=CC=CC1NC(=O)C2CSCN2C(=O)C3CCC3
XS478924b,CC1=CN2N=C(NCC(CO)CC=3C=CC=CC3)SC2=N1
XS837393b,O=S(=O)(N1CCOCC1)N2CCCC(C2)C=3C=NNC3
XS547139b,CC1=NON=C1CNC(=O)N2CCC(C2)C=3C=CC(C)=CC3
XS838043b,CC(NC(=O)C=1N=NN(C)C1C(F)(F)F)C2=CSC=N2
XS844898a,CC=1C=CC=2C(=COC2C1)CC(=O)NC(CC(C)C)C(=O)O
XS844890a,COC=1C=CC(=CC1)C2CCCN2C(=O)C=3CCC(=O)NN3
XS844889a,COC=1C=CC(=CC1F)C(C)NC(=O)NCC=2C=CC=CC2
XS839331b,COC(=O)C=1C=C(C#N)N=CC1NCC2CNC(=O)C2(F)F
XS077402c,CC1C=2C=CSC2CCN1CC(=O)NC=3C=CC=C(C#N)C3
XS844912a,CC=1C=CC=NC1NC(=O)NC(C)C=2C=CC=3OCCOC3C2
XS844899a,CC1=NN2CC(CCC2=N1)NCC=3C=NN(C3)C=4C=CC=CC4
XS656675b,CC1=NOC(CC2(O)CCCN(CC=3C=CN=CC3F)C2)=N1
XS844906a,CC(C(=O)NC1CC1)N2CCN(CC=3C=CC=C(F)C3)CC2
XS838389c,O=C(O)C1CC=2C=C(C=NC2C1)C3=CSC(=C3)C(F)(F)F
XS838406b,CCCN1N=CN=C1CS(=O)(=O)CC2CCC(F)(F)C2
XS844904a,CCN1C(=NC=2C=CC=CC21)SC(C)C(=O)NC(=O)NC
XS844907a,COC(=O)C1CCCN1S(=O)(=O)C=2C=CC=3CCCC3C2
XS844902a,CC1(CCN(CC=2C=CC=C(C2)OC=3C=CC=CC3)C1)C(=O)O
XS842574b,CCC1=NNC(=N1)C(C)N2CCC3(CCC3)S(=O)(=O)CC2
XS842718b,CC(C)C1=NSC(CN2CCCCC2C3=NC(=O)NN3)=N1
XS842632b,CC(OC(=O)C=1C=CC=C2N=NNC12)C(=O)NC=3N=CC=CN3
XS844908a,COC=1C=CC(=CC1)C(NC(=O)C=2C=CN(C)C(=O)C2)C3CC3
XS844911a,CC=1C=C(C)N(CC(C)CNC(=O)CCCC=2C=CC=CC2)N1
XS844905a,O=C(C1=CC=CN1)N2CCOCC2CC3=CNC=4C=CC=CC34
XS844901a,CN(CC1CCCN1C=2C=CC=NN2)C=3N=CN=C4CCCC34
XS844903a,CC1=NOC(=N1)C=2C=CC=NC2N3CCC(C3)C4=NC=CN4C
XS838180b,CN=S(C)(=O)CCNC=1C=CC2=NC=CC=C2C1[N+]([O-])=O
XS844910a,CN1CCC(CC1=O)C(=O)NCC2=NN=CN2C=3C=CC=CC3
XS844900a,CC(NC1=NC2=C(C=NN2C(C)(C)C)C(=O)N1)C=3C=CC=CC3
XS837878b,COC=1N=C(N)N=C2C1C=NN2CC3COC=4C=CC=CC4O3
XS844909a,CC1=CN=C(NC(=O)C2CC(=O)N(CC(F)(F)F)C2)S1
XS572391b,COC1CCCCN(CC(=O)NCC=2C(C)=NOC2C)C1=O
XS838134b,CC1=CSC2=NC(=CC(=O)N12)CN3CC4=CNN=C4C(C)C3
XS844914a,O=C(NC1=NC=C(CC=2C=CC=C(F)C2)S1)C3CNC(=O)N3
XS842666b,C=CCOC(C)C(=O)NC1=CC=NN1C=2C=CC(=CC2)[N+]([O-])=O
XS844923a,O=C(NCCC=1C=CC=CC1F)C2CCCN(C2)C(=O)C3CC3
XS837461b,COC(=O)C=1C=CC=C(C1)CN2CCCC(C2)C3=CN(C)N=N3
XS839800b,CN(CC1=NN=CN1)CC2CN(CC=3C=CC=CC3)CCCO2
XS157712b,CC(NC(=O)NC=1C=CC=CC1)C(=O)NCC=2C=CC=CC2F
XS844918a,CCCC(C)NC(=O)COC(=O)C=1C=C(O)N=C2C=CC=CC12
XS844915a,CC1CCN(CC21CCC2)C(=O)NC3=CC(=NN3C)C(C)(C)C
XS844917a,CCN1CCN(CC1C2=NC=CN2)C(=O)C=3C=C(C)C=CC3F
XS844921a,CC=1C=NC2=C(C=CC=C2C1)S(=O)(=O)NCCC3CCCO3
XS844922a,O=C(CC1=CC=CS1)N2CCCC2C(=O)NC=3C=CC=CC3
XS593212b,CCN(C)C(=O)C(C)NC(=O)CC1=CNC=2C=CC(=CC12)OC
XS844924a,CC1=CC(CN2CCN(CC2)C(C)C3=NC(=NO3)C4CC4)=NO1
XS844916a,CN1CCN(C(=O)C2=CC=3C=CC=CC3N2)C(C1)C=4C=CC=CC4
XS837518b,CC1=NN(C)C(C)=C1CCCNC(=O)C2CCC=3NN=NC3C2
XS837989b,CC=1C=CC(=NN1)N2CCCC(C2)NC=3N=CN=C(N)C3Cl
XS844920a,CC(NC(=O)C1(CC1)C(=O)O)C=2C=CC(=CC2)SC(F)F
XS398425b,COC=1C=CC=CC1NC(=O)C(C)OC(=O)C=2C(C)=NOC2C
XS844919a,CC(NC1=C(C#N)C(=O)N(C)C(=O)N1C)C=2C=CC=C(Cl)C2
XS793779b,CC1=CC=C(C(=O)NCC(C2=CC=CO2)N3CCCC3)C(=O)N1
XS581950b,CN1C(=O)C=CN(CC(=O)N2CCCC(C2)N3C=CC=N3)C1=O
XS838483b,CC1(CC=2C=CC=CC2NC1=O)C(=O)N3CC4(C3)CNC(=O)N4
XS714865b,CC1(C)CC(CCO1)NC(=O)NC=2C=NN(C2)CC(F)(F)F
XS815497b,CC1(CCS(=O)(=O)C1)NC(=O)CC=2C=CC3=CC=CC=C3C2
XS840466b,CC=1C=C(C)C(NC(=O)C(C)OC(=O)C2=COCCO2)=C(C)C1
XS841629b,CC1C=2C=NC=CC2CCN1C=3C=C(N=CN3)OC=4C=CC=CC4
XS840196b,COCC(C)(O)C(=O)N1CCN(CC1)C=2C=CC=C(Cl)C2C
XS840185b,O=C(NCC1(CO)CCOCC1)NC2CSC=3C=CC=CC32
XS844925a,CCC=1N=C(CCNC(=O)C2CC(=O)N(C2)C3CC3)SC1C
XS825855b,COC=1C=CC(=CC1)CNC(=O)CC2OC=3C=CC=CC3NC2=O
XS844935a,O=C(NC=1C=CC(F)=CC1)NC(C=2C=CC=CC2)C=3C=CC=CN3
XS839489b,CCC(O)(CN1C=CC(OC)=C(C(=O)OC)C1=O)C(F)(F)F
XS844926a,CC1=CC=CN2C(=O)C=C(CN3CCCC3CN4C=NC=N4)N=C12
XS844931a,O=C(CC=1C=CC(Br)=CC1)NC2CCCCNC2=O
XS844930a,CCCC(C)NC(=O)CSCC1=CSC(=N1)C2=CC=CO2
XS844932a,COC=1N=CC=CC1NC(=O)CCC2CC=3C=CC=CC3NC2=O
XS844937a,CC(C)C(C(=O)NCCOC=1C=CC(F)=CC1)N2CCCC2=O
XS844936a,CC1=NOC(=N1)C(C)NS(=O)(=O)C=2C=CC(=CC2)C(C)(C)C
XS841111b,CC(CNC(=O)C1=CC=2C=CC=CC2C(=O)N1C)S(=O)(=O)F
XS839116b,CC=1C=CC2=C(N=CN=C2C1)NCCN3CC4CCCCN4C3=O
XS844933a,CCNC(=O)NC(=O)C(C)NC=1C=C(OC)C(OC)=C(C1)OC
XS840383b,CC(=O)N1N=C(CC1C=2C=CC=C3C=CC=NC23)C4=CC=CS4
XS838181b,CC1=CC=CN2C=C(C=C12)C(=O)N3CCOCC3C4=NC=NN4C
XS838786b,COCCN1C=C(C=N1)NC(=O)N2CCCC3(C=CCO3)CC2
XS420246b,O=C(C=1C=C(ON1)C=2C=CC=NC2)N3CCCC(C3)C(F)(F)F
XS844934a,CC(C(=O)NC=1C=CC=CC1)N2CCC(CC=3C=CC=CC3)CC2
XS738077b,CN(CC(=O)NC(C=1C=CC=CC1)C2CCCC2)S(C)(=O)=O
XS839272b,NS(=O)(=O)C=1C=NC=CC1N2CCCC3(CCCC(=O)N3)C2
XS844928a,N#CC=1C=CN=C(C1)NCC=2C=CC=C(C2)COCC3CCCO3
XS838159b,COC=1C=CC(=CC1Br)C(NC(C)=O)C(F)(F)F
XS551301b,CNC(=O)C=1C=C(C=CN1)OC2CCN(C2)C(=O)C3=CC=NN3C
XS805288b,O=C(N1CCCC(C1)N2C=CN=C2)C3(CCC3)C=4C=CC=C(F)C4
XS676099b,O=C(C1=CNC=2C=C(Cl)C=CC12)N3CCCC(C3)N4C=CC=N4
XS429139b,OCC1CCCN1C=2C=C(N=CN2)NCC=3C=CC=4OCOC4C3
XS844942a,CC(C)C(NC(=O)C1=CC=CO1)C(=O)NC=2C=CC=3OCOC3C2
XS667524b,CCN(CC1CCOC1)C(=O)C=2C=C3C=NN(C3=NC2C)C(C)C
XS837164b,CN1N=CC2=C1CCCC2NC=3N=CC(=CC3Cl)C(F)(F)F
XS840005b,CCC1=NC(=NO1)C2CCCN2CC3=CN4C(C)=CC(C)=NC4=N3
XS839033b,CCN1CCCC(C1=O)N2C=C(N=N2)C3=C4CCCCC4=NN3C
XS844943a,COC=1C=CC=C(C1)CCNC(=O)N2CCCC2C3=CC(C)=NO3
XS844939a,CCCCOC=1C=CC(=CC1)C(=O)N2CCCC(C2)N3C=NC=N3
XS844938a,COC1=CC(=CC(OC)=C1C)C(=O)N2CCCC(C2)N3C=NC=N3
XS839497b,CC=1NN=CC1C(=O)N2CCC3(CC3C4=NN=C(O4)C(C)C)CC2
XS838379b,COCC(C)C1=NN=C(NC=2C=CC=CC2OCC(F)(F)F)O1
XS613803b,O=C(C1=CC=2C(F)=CC=CC2N1)N3CCCC(C3)N4CCNC4=O
XS839723b,COC=1C=C(NCCCOCC2CCOC2)C(F)=CC1[N+]([O-])=O
XS841875b,CC(C(=O)NC=1N=CN(CC=2C=CC(Cl)=CC2)N1)N3C=NC=N3
XS680227b,C1=CN(CC2CCCCN2CC3=NC(=NO3)C=4C=CSC4)N=C1
XS842635b,CCC1CCC=2C=CC=CC2N1C(=O)C=3N=C(C=C(N3)OC)OC
XS559839b,CCC(=O)N1CCCCC1C(=O)N2CCN(C)C=3C=CC=CC3C2
XS839676b,O=C1OC(CN2C=NC=3C=CSC3C2=O)CN1C=4C=CC=CC4
XS756934b,CCC=1C=CC(=CC1)OCC(=O)NC(C(=O)NC)C=2C=CC=CC2
XS844944a,O=C(NC1=CC(=CNC1=O)C(F)(F)F)C2CC(=O)N(C2)C3CC3
XS844940a,CC=1OC(=CC1C(=O)N2CCN3CCCCC3C2)S(N)(=O)=O
XS584312b,CCC=1C=CC(=CC1)N2CC(CC2=O)C(=O)NCCC3=NC=CN3
XS844941a,CNC1CCCN(C1)C(=O)CC=2C=CC(F)=C(Br)C2
XS761145b,NC(=O)CC1(O)CCCN(C1)C(=O)C2(CCC2)C=3C=CC=C(F)C3
XS789715b,O=C(NC=1C=CC=C(Br)C1)C2COC=3C=CC=CC3O2
XS836808b,N#CC=1C=C2CCCC2=NC1N3CCC(C3)S(=O)(=O)NC4CC4
XS586888b,CN1N=NC=C1CC(=O)NC2CCN(C2=O)C=3C=CC=CC3Cl
XS844950a,CN1CCC(CC1)C2CCN(C2)C(=O)COC=3C=CC=CC3Cl
XS678138b,CC=1N=C(CN2CC(=O)N(C)C(C)C2)OC1C=3C=CC(Cl)=CC3
XS844949a,CC(C)C(NC1CCN(CC1)C(N)=O)C=2C=CC(=CC2)C(C)(C)C
XS842450c,CC(NCC=1C=CC=2OCCOC2C1)C=3C=CC(=CC3)N4C=CN=C4
XS836912b,CC1CS(=O)(=O)CCN1C(=O)C=2C=CC=C(C2N)C(F)(F)F
XS844948a,COC=1C=CC(=CC1OC)C(=O)NC(C2=NC=C(C)S2)C3CC3
XS838922b,CCC1(CN2C=C(N=N2)C(=O)N3CC(C)OC4(CCC4)C3)COC1
XS842623b,CC(NCC=1C=C2OCOC2=CC1[N+]([O-])=O)C=3C=CC=C(Cl)C3
XS739703b,COC1=CC=CC(OC)=C1S(=O)CC2=NN=C(C3CCC3)N2C
XS844947a,O=C(CCOC=1C=CC=CC1F)N2CCCCC2C3=NC=CS3
XS548574b,O=C(CN1CCNC(=O)C1)NC(C=2C=CC(F)=CC2)C3CCCC3
XS844952a,O=C(NCCC1=CNC=2C=CC=CC12)C3CC(=NO3)C=4C=CN=CC4
XS844955a,CC=1C=CC=2N=CN(CC(=O)N3C=4C=CC=CC4CC3C)C(=O)C2C1
XS844954a,COC=1C=CC=CC1C2=CC(=NO2)C(=O)N(C)C(C)C=3C=CC=CC3
XS805022b,COC=1C=CC(Cl)=CC1C(=O)N2CCCC(C2)C3=NC(C)=NO3
XS807219b,COC=1C=CC(=CC1)C(=O)N2CCN3C=CC=C3C2C=4C=CC=CC4
XS844951a,CC(C)OC=1C=CC(=CC1)C(=O)OCC(=O)NC(C)(C#N)C(C)C
XS776371b,CC1=NC(=NN1)C2CCCCN2C(=O)CC=3C=CC(F)=CC3Cl
XS844945a,CC1=C(C=NN1C=2C=CC=CC2)C(=O)N3CCCC(C3)N4C=CC=N4
XS844953a,CC(=O)N1CC=2C=CC=CC2CC1C(=O)NCCN3CCOCC3
XS844946a,CCC1=NC(=CS1)CC(=O)N2CCCC(C2)N3N=C(C)N=C3C
XS750754b,CC(=O)NC1(CCN(C1)C=2N=CC(C)=C(C)N2)C3=NC(C)=CS3
XS842631b,NC(=O)C1CC(=NN1C=2C=CC=CC2)C3=NC(=NO3)C=4C=CSC4
XS507499b,CNC(=O)C1CN2C(C)=NN=C2CN1CC3=NC=4C=CC=CC4N3C
XS744912b,O=C(C=1C=CC(=NN1)N2CCCC2)N3CCCC3CC=4C=CC=CC4
XS144973b,O=C(NC=1C=CC=2OCOC2C1)C(CC=3C=CC=CC3)N4C=NN=N4
XS844959a,CCNC(=O)NC(=O)CN(CC=1C=CC=C(F)C1)CC2CCCO2
XS059863c,CC=1C=CC=C(C1)OCC(=O)N2CCCC2C(=O)NC=3C=CC=CC3
XS844960a,CC(C(=O)NCC(C)(C)C=1C=CC(Cl)=C(Cl)C1)N2C=NC=N2
XS601254b,CC1=CSC(=N1)C2COCCN2C(=O)NCCC3=CSC=N3
XS837233b,CC1(CN(C1)C(=O)NC2CC=CCC2)C3=NN=C(O3)C=4C=CC=NC4
XS685978b,CN(CC1COC=2C=CC=CC2O1)C(=O)CC3=NOC=4C=CC=CC34
XS838051b,CCC1=NNC(C(=O)NCC(C)S(N)(=O)=O)=C1Br
XS844957a,CCCOCC(=O)NC(C)C=1C=C(F)C=CC1N2CCC(O)CC2
XS182955d,COC1=CC(=CC(OC)=C1OC)CNC(=O)CN2CCOC(C)C2
XS844956a,COCC1=C(OC=2C=CC=CC12)C(=O)N3CCCC(C3)N4C=CC=N4
XS840436b,CC(NC(=O)C=1C=COC1)C(=O)NC=2C=CC=C(C2)C3=NN=CN3C
XS844958a,O=C(C1=CC=2C(Cl)=CC=CC2N1)N3CCC(CC=4C=CN=CC4)C3
XS585929b,O=C(C=1C=CC=NC1N2CCCCC2)N3CCCC(C3)N4C=CC=N4
XS705066b,CN(CC1=CC(=O)N2C=CC=CC2=N1)CC3COC=4C=CC=CC4O3
XS844961a,COC=1C=CC=CC1N2CC(CC2=O)C(=O)NCC=3C=CC=CC3O
XS628803b,CC(NC(=O)CCC=1C=CC=2OCOC2C1)C3=NN=C4C=CC=CN34
XS822867b,O=C(CCN1C(=O)OC=2C=CC=CC21)N3CCCC(C3)C4=CC=NN4
XS842484b,CCC1CC=2C(=NC(N)=C3C(N)=NC(=C(C#N)C23)N4CCOCC4)O1
XS813226b,CN1C=C(C=N1)C2CCCN2C(=O)C3=CN=C(S3)C=4N=CC=CN4
XS839493b,O=C(NCCC1=CNC=N1)C2CC(=O)N(C2)C3=NNC=4C=CC=CC34
XS797899b,CC1=NOC(=N1)C(NC2=NC(=NS2)C(C)(C)C)C3CCOCC3
XS841775b,O=S(=O)(CC=1C=CC(Cl)=CC1N2C=NC=N2)C3CCCOC3
XS844963a,CCC(NC(=O)C1=CC(=O)NC=2N=CN(C)C12)C=3C=CC(Cl)=CC3
XS844970a,CC=1C=CC=C(C1)OCCCC(=O)NC2CCSC=3C=CC=CC32
XS844972a,NC(=O)C(NCC1(CCOCC1)C=2C=CC=C(F)C2)C=3C=CC=CC3
MR042915c,O=C1C(CCN1CC(F)(F)F)N2C(=O)SC=3C=CC=CC3C2=O
XS842117b,CCOC=1C=CC(=CC1)NC(=O)CS(=O)(=O)NCC2CCCO2
XS841316b,CC1=NC2=CC=NN2C(C)=C1C(=O)N3CC4(CCOCC4)C3C5CC5
XS840382b,COC(=O)C1=C(C)NC(=O)NC1C=2C=C(Br)C=CC2F
XS844969a,CC(C(=O)NC=1C=CC=CC1F)N(C)CC=2C=CC=3OCCOC3C2
XS705606b,CC=1C=CC=CC1C2(CCC2)C(=O)N3CCCC(C3)N4CCNC4=O
XS844971a,C=1C=CC(=CC1)C2=NN=C(O2)C3CCC4=NN=C(C=5C=CC=CC5)N4C3
XS844965a,CC=1C=C(NC(=O)NCC(C=2C=CC=CC2)N3CCOCC3)N(C)N1
XS844964a,OCC1=CN(N=N1)C2CCOC3(CCN(CC=4C=CC=CC4)CC3)C2
XS838797b,FC(F)(F)C(CCNC=1N=CN=C2N=CC=NC12)N3CCOCC3
XS578515b,CN1C=NN=C1CC2(O)CCCN(CCOC=3C=CC(C#N)=CC3)C2
XS841284b,COC=1C=C(ON1)C(=O)NC(C)C=2C=CC(=C(F)C2)N3C=CN=C3C
XS844962a,CCC=1N=CN=C(NC(C2=NC=CN2C)C=3C=CC=C(C3)OC)C1F
XS599228b,CCC1=C(C=NN1C(C)(C)C)C(=O)N2CCC(C2)NC=3C=CC=CC3
XS838911b,CC(NC(=O)NCCNC(=O)C=1C=CC(Cl)=C(Cl)C1)C2CC2
XS553478b,O=C(C=1N=CC=C2C=CC=CC12)N3CSCC3C(=O)N4CCCC4
XS840341b,COC(=O)C(NC(=O)C1=NC=CN1)C=2C=CC(C)=C(C2)C(F)(F)F
XS544665b,O=C(NCC(O)C1CC1)C=2C=CC3=C(C2)NC(=O)N3CC(F)(F)F
XS844967a,CC(NC(=O)NCCCN1C=CC=N1)C=2C=CC=3OCC(=O)NC3C2
XS844968a,CC1=CC(C)=C(CNC(=O)NCC(CO)CC=2C=CC=CC2)C(=O)N1
XS844966a,CC1=NOC(C)=C1CS(=O)(=O)C(C)C(=O)NCC2CCCCC2
XS839183b,NC(C1=NOC(=N1)C=2C=C3N=CC=C(C(F)F)N3N2)C=4C=CC=CC4
XS844978a,COC=1C=C2CCN(CC2=CC1OC)C(=O)NC3CCCCNC3=O
XS844974a,COC=1C=CC=C2C(C)=C(OC12)C(=O)N3CCCC(CO)(C3)C(C)C
XS745907b,FC=1C=CC=CC1C2=NN=C3C=CC(=NN23)N4CCOC(C4)C(F)F
XS646488b,O=C(NC(CC=1C=CC=CC1)C(=O)NC2CC2)C=3C=CC=4C=CNC4C3
XS844973a,CNS(=O)(=O)C=1C=CC(=CC1)C(=O)N2CCCC(C2)N3C=CC=N3
XS824028b,CC=1C=CC(=NC1)NC(=O)C2CCN(CC2)C(C)C(=O)N3CCCC3
XS769457b,CC1(C)CC(CC(C)(C)N1)NC(=O)NC2CCCOC=3C=CC=CC32
XS842619b,CNC(=O)C=1C=CC(Cl)=CC1NS(=O)(=O)N2CCCC(C)C2
XS837288b,COC(C)(C)C(=O)OC(C)C(=O)N(CCC#N)C=1C=C(C)C=C(C)C1
XS844976a,CNC(=O)C1CCCCN1C(=O)C=2SC=3N=C(C)C=C(C)C3C2C
XS844979a,O=C(NC1CCCCNC1=O)C=2C=CC(=CC2)N3C=NC=4C=CC=CC43
XS557394b,CCN1CC(CC1=O)C2=NC(=NO2)C=3SC=4C=CC=CC4C3Cl
XS840507b,CC(C=1C=CC=CC1)N(C)S(=O)(=O)C=2C=CC=3OCCCOC3C2
XS844975a,COCC1=C(OC=2C=CC=CC12)C(=O)NC(C)C=3C=CC(F)=C(F)C3
XS838817b,CCN(CC(C)C#N)C(=O)CN1C=NC=2C=C(F)C(=CC2C1=O)OC
XS661889b,O=C(COC=1C=CC(=CC1)C2=NN=CO2)NC(C=3C=CC=CC3)C4CC4
XS844977a,CNC(=O)C(CC(C)C)NC(=O)CC1=NN(C)C(=O)C=2C=CC=CC12
XS838870b,CC1C=2C=CC=C(Br)C2CCN1CC(=O)NC=3C=CON3
XS840763b,COC=1C=CC(=CC1)C(C)C(=O)N(C)C=2C=CC(Br)=CN2
XS703595b,CCS(=O)(=O)C=1C=CC(=CC1)C(=O)N2CCCC2CN3C=CC=N3
XS839786b,CC1=CN=C(S1)C(C)NCC(=O)N2CCN(CC2)C=3C=NC=CN3
XS712338b,NC(=O)C1CCCN(C1)C(=O)C=2C=NN(C2)CC=3C=CC=CC3Cl
XS554642b,O=C(CCC=1C=CC(Cl)=CC1)N2CCCC(O)(CN3C=CN=N3)C2
XS837152b,CC(NC=1C=CC=2NC(=O)CCCC2C1)C3=NN=NN3C=4C=CC=CC4
XS836795b,CC(CNS(=O)(=O)CC=1C=CC=CC1F)C2=NC=3C=CC=CC3O2
XS841012b,CN(CCOC=1C=CC(Cl)=CC1)C(=O)NC2CCS(=O)(=O)C2
XS812286b,COC=1C=CC(=CC1)CC(=O)NC(CN2CCCC2=O)C=3C=CC=CC3
XS400853b,CCN(C(C)=O)C1=NC(=CS1)CN2CCOC(CN3C=CC=N3)C2
XS844983a,CC1=NC(=CS1)CC2=NN=C(O2)SCC(=O)N3CCCCC3C
XS838392b,CC(NC=1C=C(Br)C=2OCCCOC2C1)C3=NC=CS3
XS837640b,CC1CN(CC2COCOC2)CCC=3C=C(Br)C(O)=CC31
XS844981a,CC=1C=C(N=C(N1)C=2C=CC=NC2)NC3CCN(CC(F)(F)F)C3=O
XS840322b,COC(=O)C=1C=CC(=NN1)N2CC3(CCC(F)(F)CC3)C2C(=O)OC
XS841386b,CN1CC(CNC1=O)OC(=O)CC2C=3C=CC=CC3OC=4C=CC=CC42
XS330771b,O=C(NC=1C=CC=CC1)N2CCOCC2C3=NOC(=N3)C=4C=CC=CC4
XS836943b,CS(=O)(=O)NC1CCN(C1)C(=O)C2=CC=CN2CC3=CC=CS3
XS844980a,CC=1NC(C(=O)N2CCNC(=O)C2C(C)C)=C(C)C1C(=O)OC(C)C
XS530838b,NC(=O)CC1(O)CCCN(CC=2C=CC(=CC2)OCC=3C=CC=CC3)C1
XS006596d,O=C(NC1=NC(=CS1)C=2C=CC=CN2)C3CC=4C=CC=CC4C(=O)O3
XS844985a,CCOC=1C=CC=CC1N2CC(CC2=O)C(=O)NCCC=3C=CC=CN3
XS844982a,CC=1C=CC(=CC1)S(=O)(=O)NCCC(=O)OC(C)C(=O)NC2CC2
XS844986a,CC(C)CN1CC(CC1=O)C(=O)NC=2C=CC=3NC(=NC3C2)C(C)(C)C
XS844987a,COC(=O)C1=C(C)N(C)C(=O)N(C)C1C2=CC(=CS2)C=3C=CC=CC3
XS077403b,COC=1C=CC(Cl)=CC1NC(=O)CN2CCC=3SC=CC3C2C
XS550873b,O=C(C=1C=C(NN1)C2=CC=CO2)N3CCC(C(F)(F)F)C4(CCC4)C3
XS844988a,COC=1C=CC(CCC(=O)NC2CCC=3C=CC=CC32)=C(OC)C1OC
XS600554b,CC1CC=2C=CC=CC2N1C(=O)C3CCN(CC3)C(=O)C=4C=CC=NC4
XS389143b,CC(C1=NC=2C=CC=CC2C(=O)N1)N3CCN(CC3)C=4C=CC(O)=CC4
XS844984a,CN1N=CC=2C(=NC=NC21)N3CCN(CC3)C(=O)C4CC54CCNCC5
XS577261b,CCC1=CC=C(O1)C2CCCCCN2C(=O)C3=CC=NN3CC(F)F
XS768855b,CN1C=NN=C1CC2(O)CCCN(CC=3C=CC=CC3C(F)(F)F)C2
XS838785b,CC(NC(=O)C1=COC(=N1)C(F)F)C(C)(C)NC(=O)CC(C)(C)C#N
XS844992a,COC=1C=CC=C(CN(C)CC(O)COC=2C(C)=CC=CC2C)C1OC
XS840374b,CC=1C=C2OC=C(CC(=O)N(C3CCS(=O)(=O)C3)N(C)C)C2=CC1C
XS794118b,CC(C(=O)NC=1C=CC=CC1Cl)N2CCN(CC2)C(=O)C3=CC=CO3
XS844991a,CC=1C=C(N=C(O)N1)C(=O)NC(C2=NC(=NO2)C(C)C)C3CCOCC3
XS844998a,NC(=O)C1=CC(=CN1)C(=O)N2CCCC3(CCCN3C(=O)C4CCC4)C2
XS844995a,ClC=1C=CC=CC1C(CNC2=NC=3C=CC=CC3O2)N4CCOCC4
XS839541b,FC(F)(F)C1(CCN(C1)C=2C=CC=CN2)C3=NC(CN4C=NC=N4)=NO3
XS496731b,O=C(CC1=NNC(=O)C=2C=CC=CC12)N3CCCC3CC=4C=CC=C(F)C4
XS621776b,O=C(NCC1CCN(CC(F)(F)F)C1)C2=CSC(=N2)C=3C=COC3
XS844989a,CN1C=C(C=N1)N2CCC(C2=O)N3CCC(CC3)C4=NC=5C=CC=CC5N4
XS844996a,CCN(CC)C(=O)N1CCCC(C1)C(=O)NCCC=2C=CC(Cl)=CC2
XS175995d,CCCC(=O)N1CCN(CC1)C(C)C2=NC(=NO2)C=3C=CC(Cl)=CC3
XS838766b,CC(NC=1C=NN(C1)CCN2CCOC2=O)C3=CC(=NN3)C(F)(F)F
XS840561b,COC(=O)C(CC=1C=CC(F)=CC1)NC=2C=CC(=CC2)NS(C)(=O)=O
XS844997a,CCNC(=O)NC(=O)CN1CCN(CC1)C(=O)CC(C)C=2C=CC=CC2
XS842136b,CC=1C=C(C(=O)OCC2=CC(=O)N(C)C(=O)N2C)C=3NCCC(C)C3C1
XS841446b,COC=1C=CN=C(N1)N2CCC3(CC3C4=NN=C(O4)C=5C=CC=CC5)CC2
XS844994a,COC=1C=CC(=CC1NS(C)(=O)=O)NC(C)C(=O)NC=2C=CC=CC2
XS841552b,COC1(CS(=O)(=O)N2CC3(CCC3)C2C=4C=CC=NC4)CCOCC1
XS840878b,CC=1C=C(N(C)N1)N2CCC(C2)NC(=O)N3CC=4N=CC=C(Cl)C4C3
XS844999a,CC1=NC(=CS1)COC=2C=CC(=CC2)C(=O)OC(C)C(=O)NC3CC3
XS627834b,COC=1C=C(C)C(=CC1OC)C(C)NC(=O)CN2CCOC3(CCC3)C2
XS839194b,COC=1N=C(C=CC1CS(=O)(=O)C(C)C2=NN=CN2C)C(F)(F)F
XS844993a,O=C(NC(CN1CCCC1)C=2C=CC=CC2)C=3C=CC=C(Cl)C3Cl
XS845008a,CN1N=CC2=C1CCN(C2C(=O)N3CCOCC4(CC4)C3)S(C)(=O)=O
XS845000a,CCC(CC)N(CC(=O)NC1CCS(=O)(=O)C1)C=2C=CC(C)=C(C)C2
XS845015a,O=C(NC=1C=CC=2OC(F)(F)OC2C1)C3CC(=O)N(CC=4C=CC=CC4)C3
XS845005a,COC=1C=CC(=CC1F)C(C)NC(=O)C=2SC=3N=C(C)N=C(C)C3C2C
XS845012a,CC(C(=O)N1CC(=O)NC=2C=CC=CC21)N3CCN(CCC(C)(C)C)CC3
XS845004a,CC=1C=CC(=CC1)CC2=NC(=CS2)C(=O)NC3CCOC4(CCCC4)C3
XS845007a,O=C(NC1CS(=O)(=O)CC=2C=CC=CC21)C=3C=CC(=NC3)C(F)(F)F
XS837833b,O=C(O)C1C=2C=CC=CC2OCCN1C(=O)C3=CC(=CS3)C(F)(F)F
XS845002a,CCOC(=O)C1=C(CSC2=NC=3C=CC=CC3N2CC)NC(=O)NC1C
XS700076b,O=C(NCC1CCN(C1)C=2C=CC=CC2)C3CCN(CC(F)(F)F)CC3
XS778378b,CN1CCN(CC1)C(=O)C=2C=NN3CCC(CNCC4=CC=CS4)CC23
XS836584b,O=C1C(Cl)=C(C=NN1C=2C=CC=CC2)NCC3COC=4C=CC=CC4C3
XS845001a,COC=1C=CC(OC)=C(C1)C2CCCN2CC(=O)NC=3C=CC=C(C)C3C
XS845003a,COCC1=NN2CCCC(NS(=O)(=O)CC=3C(F)=CC=CC3F)C2=N1
XS845011a,CCC=1C=CC(=CC1)C(C)NC(=O)CN(C)CC(=O)NC=2C=CC=C(F)C2
XS809992b,CC=1C=CC=C(NC=2C=CC=CC2C(=O)N(C)C3CCS(=O)(=O)C3)C1C
XS845006a,CC=1C=CC=C(C1)NC(=O)COC(=O)C=2C=CC(=CC2)OCC3CCCO3
XS675844b,CC=1C=CC(F)=C(C1)C(=O)N2CCOCC2C3=NOC(=N3)C=4C=NN(C)C4
XS845009a,CC=1C=CC(=CC1)OCC(O)CN2C(=O)C=3C=4CCCC4SC3N=C2C
XS840918b,CC1CN(CCN1C=2C=CC(=CC2)C(F)(F)F)C(=O)C=3C=COC3CN
XS841303b,CC(NCC=1C=CN=C(C1)OCC2CC2)C=3C=CC=C(C3)N4CCOC4=O
XS841896b,CC(=O)N1CCCC(C1)C2=NC(=CS2)CN3C(=O)C=4C=CC=CC4C3=O
XS845010a,COC=1C=CC(Cl)=CC1CS(=O)(=O)CC(=O)NC(C)CCC(C)C
XS741490b,CC1=NN(CC(=O)NC2CCC(C)(C)C=3C=CC=CC32)C(=O)C=4C=CC=CC14
XS845013a,O=C(CN1C=CC=NC1=O)NC(C=2C=CC(Br)=CC2)C3CCC3
XS845014a,CNC(=O)C1CCCCN1S(=O)(=O)C=2C=CC(F)=C(C2)C(F)(F)F
XS440412b,CC1=C(NC(=O)NC(C)C=2C=C(C)C=CC2C)C(=O)N(C=3C=CC=CC3)N1C
XS845021a,CC1=C(C=NN1C2CCOCC2)C(=O)N3CCC(C3)NC=4C=CC=C(C#N)C4
XS845026a,CCC(NC(=O)CCNC1=NS(=O)(=O)C=2C=CC=CC12)C=3C=CC(C)=CC3
XS845022a,COC=1C=CC(=CC1S(=O)(=O)N(C)C)C(=O)NC(C)C=2C=CC(F)=CC2
XS582877b,COC=1C=C(Br)C(=CC1OC)S(=O)(=O)N2CCCC(N)C2
XS840381b,CC1=CC(=NO1)N2C(=O)C=3OC=4C=CC(F)=CC4C(=O)C3C2C=5C=CC=NC5
XS845017a,CCC(NC(=O)C=1C=CC(OC(C)C)=C(C1)OC)C2=NN=C3CCCCCN23
XS838910b,O=S(=O)(NCC=1C=C(ON1)C=2C=CC=3OCCOC3C2)C4CCCNC4
XS838709b,C1=CN(CC=2N=C(CC3CCC43CCC4)N(N2)C=5C=CC=C6C=NC=CC56)N=C1
XS696059b,O=S(=O)(NCC(C1=CC=CS1)N2CCOCC2)C=3C=CC(Cl)=CC3
XS845028a,CC(C(=O)NC=1C=CC=C(Cl)C1Cl)N2CCC(CC2)C(=O)NC3CC3
XS845025a,CCN(CC)S(=O)(=O)C=1C=C(C=CC1C)C(=O)N2CCCC(C2)C(N)=O
XS845018a,CC1(C)C(=O)NCCN1C(=O)C2CCCN(C2)C(=O)CCOC=3C=CC=CC3
XS845024a,CC(C)C(=O)NCCNC(=O)C1CC=2C=CC=CC2CN1C(=O)C3=CC=CO3
XS845023a,COC=1C=CC=2N=C(NC(=O)C3CC(=O)N(CC=4C=CC=CC4)C3)SC2C1
XS845016a,N#CC(CC=1C=CC=CC1)NC(=O)C=2C=CC=C(C2)N3N=CC=C3C(F)(F)F
XS752918b,O=C(CN1CCCC=2C=CC=CC21)N(C3CCCC3)C4CCS(=O)(=O)C4
XS845030a,COC=1C=CC(Cl)=CC1NC(=O)C(C)NC=2C=CC3=C(C2)CCN3C(C)=O
XS845029a,CC(=O)NC=1C=CC(=CC1)CC(=O)N2CCCC2C=3C=CC=4OCCOC4C3
XS845027a,O=C1C=2C=CC(=CC2CN1C3CCC(=O)NC3=O)C=4C=NC=5OCCNC5C4
XS838673b,COC(=O)C=1OC=CC1CN(C2=NN=C(O2)C3(C)CC3)C(C)C=4C=CC=CN4
XS147555b,COC=1C=CC(=C(C1)OC)C2CCCN2C(=O)C=3C=CC(=CC3)N4C=CC=N4
XS845020a,CC=1C=C(SC1C)S(=O)(=O)N2CCN(C)C(C2)C3=NC(=NO3)C4CC4
XS837004b,COC=1C=CC=CC1OCC2=NN=C(N3CC(C3)OC(C)C(F)(F)F)N2C
XS838619b,COC(=O)C1CN(CC(=O)NC=2C=NC3=CC=CC=C3C2)CC4=NC=CN4C1
XS845019a,CCOC(=O)C1=C(COC(=O)C=2C=CC=3OCCOC3C2)NC(=O)NC1C
XS134240b,COC=1C=C(C#N)C=CC1OCC(=O)N2CCCC2C=3C=CC=4OCCOC4C3
XS841512b,CC=1C=C(N(C)N1)N2CCCC(C2)NS(=O)(=O)C=3C=C4C=NNC4=CC3C
XS840339b,O=C(NCC1=NC=2C(=CN=C3C=CC=CC23)N1)C4CC=5C(F)=CC=CC5C(=O)O4
XS691078b,COC=1C=CC(=CN1)NC(=O)C2CCCN2C(=O)C=3C=C(Cl)C=CC3Cl
XS845040a,CC(=O)NC=1C=CC(=CC1)CC(=O)NCC=2C=CC=CC2CN3CCCC(C)C3
XS845031a,CC1=C(N=NN1C=2C=CC=C3C=NC=CC23)C(=O)NC4CCCOC=5C=CC=CC54
XS839878b,CC(C)C1CN(CCCO1)C(=O)NC=2C=CC(CS(C)(=O)=O)=C(Cl)C2
XS845033a,CC1=C(C=NN1C2CCCC2)NC(=O)C3(C)CCCN(C3)C(=O)C=4C=CC=CC4
XS837491b,CC=1C=NN(C1)CC2CN(CCO2)C=3C=CC(=CN3)S(=O)(=O)NCC4CC4
XS836481b,CC(NS(=O)(=O)C=1C(F)=CC=CC1[N+]([O-])=O)C2=CN(N=N2)C=3C=CC=CC3
XS841563b,CC(NC(=O)NC=1C=CC=C2CN(CC(F)(F)F)CC12)C3=NN=NN3C4CC4
XS845032a,COC=1C=CC(=C(C1)OC)C2CCCN2C(=O)CC3=COC(=N3)C=4C=CC=CC4
XS837178b,O=C(CN1CCC=2C=C(Br)C=C(F)C21)NC3CCS(=O)(=O)C3
XS845041a,CCOC=1C=CC=CC1NC(=O)CN2CCCC2C=3C=CC=4OCCCOC4C3
XS845036a,CC(C)(OC=1C=CC(Cl)=CC1)C(=O)NCC(C2=CC=CO2)N3CCCCC3
XS845034a,COC(=O)C(C=1C=CC(F)=CC1)N2CCN(CC2)C(=O)NC=3C=CC(F)=CC3
XS845039a,CC(NC(=O)C=1C=CC=C(C1)S(=O)(=O)NC=2C=CC(F)=CC2)C=3C=CC=CN3
XS842888b,CN1C=CN=C1C(NC(=O)C=2C=CC(=CC2)CNC(N)=O)C=3C=CC(Cl)=CC3
XS845037a,O=C(C1=NC=C2C(F)=CC=CN12)N3CCN(CC(O)COC=4C=CC=CC4)CC3
XS845038a,O=C(C1=CN2CCOCC2=C1)N3CCC(C3)NC=4C=CC=C(Br)C4
XS841319b,CC=1C=CC(=CC1F)NS(=O)(=O)CCNC(=O)C(C)OC=2C=CC(F)=CC2
XS842638b,CN(C(C=1C=CC=CC1)C=2C=CC=CN2)S(=O)(=O)C=3C=CC(F)=C(F)C3F
XS838473b,CN(C(=O)C1CCCN(C1)C(=O)C2=CC=3C(O)=CC=C(F)C3N2)C=4C=CC=CN4
XS838109b,OC1(CN2C=NC=3C(=NC=NC32)N4CCC(CC4)OC=5C=NC=CN5)CCOC1
XS836765b,O=C(C1CC(=NO1)C=2C=CC=C(F)C2)N3CCC(CC3)C4=NC=5C=CC=CC5O4
XS845057a,O=C(CN1CCN(CC1)C=2C=CC=CN2)N(C3CCS(=O)(=O)C3)C4CCCCC4
XS840872c,CC1=CN=C(CN(C)C(C=2N=CN(C)N2)C3=NN=NN3CCC=4C=CC=C(F)C4)O1
XS845043a,CCN1C(=NC=2C=C(C=CC21)S(N)(=O)=O)SC(CC=3C=CC=CC3)C(=O)OC
XS701131b,CC(=O)NC=1C=CC(=CC1)OCC(O)CN2CCN(CC2)C=3C=CC=C(Cl)C3
XS845055a,COC=1C=CC(=CC1F)C(C)NC(=O)CC2=CSC(=N2)NC(=O)C=3C=COC3C
XS841375b,COC=1C=C(C(=O)N2CCN(CC2)C(=O)C(C)OC)N(N1)C=3N=CC=CC3Cl
XS845053a,CCOC=1C=CC(=CC1)C2=NOC(CN3C=4C=CC(=CC4CC3C)S(N)(=O)=O)=N2
XS845049a,O=C(NCC=1C=CC(Cl)=CC1Cl)C2CC(=O)N(C2)C=3C=CC=4OCCOC4C3
XS845058a,CC=1C=CC(OC(C)C(=O)N2CCN(CC2)C3=NC=CS3)=C(Br)C1
XS845047a,CC(NC(=O)CCN1C=NC=2SC=CC2C1=O)C=3C=CC=CC3Br
XS845056a,CC(C)(C)C(CN1CCC=2C=CC=CC2C1)NC(=O)CN3C(=O)COC=4C=CC=CC43
XS845054a,CC1=C(C=NN1C=2C=CC(=O)NN2)C(=O)NC(CN3CCCC3=O)C=4C=CC=CC4
XS845050a,COC=1C=C(C=C(Cl)C1OC(C)C)C(=O)NC(C)C=2C=CC(=CC2)N3C=CN=C3
XS845046a,O=C(COC(=O)C1CC(=O)N(CCC=2C=CC=CC2)C1)NC=3C=CC=C(Cl)C3
XS606111b,COC=1C=CC=CC1NC(=O)C(C)S(=O)(=O)CC=2C=CC(Cl)=C(Cl)C2
XS845052a,CC(NC1=NS(=O)(=O)C=2C=CC=CC12)C(=O)NCCC=3C=CC=4OCCOC4C3
XS000594e,C1=C(CNCC2COC=3C=CC=CC3O2)C(=NN1CC=4C=CC=CC4)C=5C=CC=NC5
XS845059a,COC=1C=CC(=CC1)N2CCN(CC2)C(=O)C(NC(=O)C3=CC=CS3)C(C)C
XS845045a,CC1=CC(=NN1C(C)(C)C)C(=O)N2CCC(C2)NC=3C=CC=C(Br)C3
XS838032b,CC(CO)(NC(=O)NC1=NN(C=2C=CC(F)=CC2)C=3CCCC13)C=4C=CC=C(O)C4
XS845044a,CCN1C(=O)N(CCC(=O)NC(CC(=O)OC)C=2C=CC(C)=CC2)C=3C=CC=CC31
XS840406b,COC=1C=CC(Cl)=CC1NC(=O)C(C)OC(=O)CCN2C(=O)OC=3C=CC=CC32
XS845048a,CCN1C(=O)NC(C=2C=CC=C(Cl)C2Cl)C(C(=O)NC=3C=C(C)ON3)=C1C
XS840666b,CN(C)C(=O)C1=CNN=C1C2CCCN(CC3=NN=C(O3)C=4C=CC(C#N)=CC4)C2
XS845051a,CC(CCC=1C=CC=CC1)NC(=O)C=2C=CC=C(C2)S(=O)(=O)N3CCOCC3
XS845042a,CN1C=CN=C1C(NC(=O)CNC(=O)C=2C=CC=CC2Cl)C=3C=CC(Cl)=CC3
XS839018b,COC=1N=C(C)C=NC1C(=O)N(C(C)C(=O)NCC2=CC=3C=CC=CC3N(C)C2=O)C4CC4
XS841583b,O=S(=O)(C=1C=CC=C2N=CC=CC12)N(CC3CCCO3)C=4C=CC(Br)=CN4
XS816834b,CC(C1=CC=2C=CC=CC2O1)N(C)C(=O)NC=3C=CC=C(C3)S(=O)(=O)NC(C)(C)C
XS840402b,COC=1C=CC(=CC1S(N)(=O)=O)C(=O)OC(C)C(=O)NC=2C=CC=CC2OC(F)F
XS845068a,CCCCN1C(=NC=2C=C(C=CC21)S(N)(=O)=O)SCC(=O)N3CCCCC3C
XS845061a,CNC(=O)C1CN(CC(=O)N2CCN(CC2)S(=O)(=O)C3=CC=C(Cl)S3)C=4C=CC=CC4O1
XS840689b,COC=1C=CC=CC1NC(=O)C2=C(C)NC3=NC(=NN3C2C=4C=CC=CN4)C5=CC=CO5
XS836526b,CC(C)N1C=C2CCC(CC2=N1)NS(=O)(=O)C=3C=C(Cl)C=CC3OCC(N)=O
XS836757b,COC=1C=CC(=CC1)C2=NN=C(O2)C(C)NC=3C=CC(OC)=C(C3)S(=O)(=O)N(C)C
XS845062a,CC1=CSC(CC(=O)N2CCN(CC(=O)N3N=C(CC3C4=CC=CO4)C5=CC=CS5)CC2)=N1
XS845066a,CN(C(=O)C=1C=C(N=C2C1C=NN2CC=3C=CC=NC3)C=4C=CC=NC4)C5CCSC5
XS845067a,CC=1C=CC=CC1C(=O)N2CCC(CC2)C(=O)OC(C)C(=O)N(C)CC=3C=CC=CC3
XS845060a,CC(C1=NC=2C=CC=CC2S1)N3CCN(CCCCN4C(=O)C=5C=CC=CC5C4=O)CC3
XS845063a,CC1=CC(C)=NC2=C1C(=NN2C)OCC(=O)NCC(C)N3CCN(CC3)C=4C=CC=CC4
XS845070a,COC=1C=CC(=CC1)C(CNC(=O)C=2C=CC(=CC2)N3CCCC3=O)N4CCOCC4
XS123953c,CC1=NN(C=2C=CC=CC2)C=3N=C(C4=CC=CS4)N(C)P(=S)(C13)N5CCOCC5
XS845065a,CC1=NC2=NC(=NN2C(C)=C1CCC(=O)NCC3COC=4C=CC=CC4O3)C(F)(F)F
XS845069a,O=C(NC=1C=CC=CC1O)C2CCCN(C2)S(=O)(=O)C=3C=CC(Br)=CC3
XS840457b,COC=1C=CC(=CC1Cl)NCCN2N=C(C)C(C)N3C2=NC4=C3C(=O)N(C)C(=O)N4C
XS604248b,CC=1N=C(C)N(N1)C(C)CC(=O)N2CCN(CC2)S(=O)(=O)C=3C(C)=CC(C)=CC3C
XS845071a,CC=1C=CC=C(C1C)N2CC(CC2=O)C(=O)NC=3C=CC(=CC3)S(=O)(=O)N4CCCC4
XS838727b,CC1=NSC=C1C(=O)N2CC(NC(=O)C=3C=C(C=4C=CC(F)=CC4)N(C)N3)C5(CC5)C2
XS838755b,CC(NC(=O)C=1C=NSC1)C=2C=CC=3CN(CC3C2)C(=O)C=4C=CC=C5C4N=CN5C
XS845072a,CC1NC(=NN(C1=O)C=2C=CC=CC2)C(=O)N3CCN(CC(=O)NC=4C=CC=CC4Cl)CC3
XS845064a,O=C(C=1C=NN(C1C(F)(F)F)C=2N=CC=CC2Cl)N3CCC(C3)N4CCCCC4
XS845073a,CNC(=O)CN(CC1CCN(C1)S(C)(=O)=O)C(=O)C2=CC=C(O2)C3=CC=CS3
XS845075a,CCC(=O)N1CCCC1C=2C=CC(=CC2)OC
XS845082a,COCCNS(=O)(=O)N1CCCC(C)C1
XS837886b,C=C1CC(C)(C1)C(=O)NC(C)C2=NN(C)C=C2O
XS845087a,CC1CCCN1C(=O)C=2C=CC(C#N)=CC2
XS845076a,CC(NC=1C=CC(C#N)=CN1)C=2C=CC=CC2
XS845086a,CC1CCCCN1C(=O)CN2C=NN=N2
XS838054b,FC=1N=CC(Cl)=C(N1)NC2CC=CCC2
XS845081a,CCC(COC)N1C=C(N=N1)C=2C=CC=NC2
XS841102b,CC#CC(=O)N1CC(CC(F)(F)C1)C(=O)OC
XS845079a,CC1CCCN(C1)C(=O)C=2C=CC=NC2
XS845085a,CC(C#N)(NC(=O)CNC=1C=CC=CC1)C2CC2
XS842544b,CN1N=C(NCC2CCCO2)C(=O)N(C)C1=O
XS845088a,CCC(C)(C#N)NC(=O)C=1C=CC=2OCOC2C1
XS845077a,O=C(NC=1C=CC=C2C=NC=CC12)C3CCCO3
XS838602b,CC(C(N)=O)N1C=C(C=N1)C2=NC=CS2
XS839473b,CC1(C)CC2(CC2NC3=NC(C#N)=CO3)C1
XS837251b,CC(OC=1C=CN=C(N)N1)C(F)(F)F
XS841077b,CC(NCC=1C=CSC1)C2=CC=C(C#N)S2
XS838907b,CC(N(C)C1=NN=C2CCCN2C1=O)C3(C)CC3
XS839460b,CC=1C=CC=2OCC(CC2C1)NC3=NC=NS3
XS841182b,O=C1CSC(CN1)C=2C=CC=CC2
XS845080a,CC=1C=CC(=NC1)NC(=O)C2CCCNC2
XS845078a,CCC(C)NC=1N=CN=C2SC(C)=C(C)C12
XS845084a,CN(CC=1C=NN(C)C1)C(=O)C2CCC(=O)NC2
XS845074a,CC(C)N1C=CC(=N1)C(=O)NCC2CCCO2
XS845083a,CC(CN1C=CC=N1)NC(=O)C=2C=CC=CC2
XS845093a,NC=1N=CC=NC1C(=O)NC2CCCC=3C=CC=CC32
XS841253b,COC=1C=C(CC(C)NCC=2C=CC=CC2)N=CN1
XS838445b,NC=1C=CC(=CC1)CC2=NC(=CS2)C3CC3(F)F
XS845102a,CCNC(=O)NC(C)C=1C=C(C=CC1OC)OC
XS845100a,CC(CN1C=CC=N1)NS(=O)(=O)C=2C=CC=CC2
XS548063b,O=C(NC=1C=CC(=CC1)C2=CN=CO2)C3CNC(=O)C3
XS717961b,O=C(CN1CCCC1=O)NC2CCC=3C=CC=CC32
XS845101a,COCC(C)NC(=O)C=1C=C(ON1)C=2C=CC=NC2
XS845096a,O=C(C1CC=2C=CC=CC2S1)N3CCNC(=O)C3
XS845090a,CN1CCC(C1=O)N2CCN(C)C=3C=CC=CC3C2
XS469608b,CC1=COC(C)=C1C(=O)N2CCCC2C=3C=CC=NC3
XS845092a,CC=1C=CN=C(N1)N2CCC(O)(CN3C=CN=N3)C2
XS838104b,CC(NC=1C=CC=C2NN=CC12)C=3C=CC=CC3F
XS845098a,CC(=O)NC(C)C(=O)NC=1C=CC=2OCCOC2C1
XS845095a,CC(C)C(C)NC(=O)CN1C=CC(=N1)C(F)(F)F
XS693431b,CC(NC(=O)C1=CC=CO1)C=2C=CC=3OCOC3C2
XS845089a,O=C(NCC=1C=CC=CN1)C2CC=3C=CC=CC3O2
XS845091a,CC(C)CC(O)CNC(=O)CN1C=C(N=N1)C2CC2
XS845099a,CCNC(=O)C=1C=CC=C(C1)NC(=O)C2CC=CCC2
XS794653b,CN1CC(CCC1=O)NC=2C=NN(C)C(=O)C2Cl
XS841451b,FC(F)(F)C1CCC2=NN=C(C=3N=CNN3)N2CC1
XS845104a,CN1N=CC=C1C(=O)N2CCCC2C=3C=CC=NC3
XS845097a,CCCC(C)(O)CNC(=O)C=1N=CN=C2NC=CC12
XS727722b,CN1C=CC=C1C(=O)N2CCCC2C=3C=CC(N)=NN3
XS836839b,CC(C=1C=NC=CN1)N2CC3(CC3)C=4C=CC=CC42
XS845094a,O=C(NC=1C=CC=NC1)NC(C=2C=CC=CC2)C3CC3
XS845105a,NC(=O)N1CCCC(C1)C(=O)NCCC2=CC=CS2
XS845115a,O=C(O)C1CCCN1C(=O)C2=CC=3C=CC=CC3S2
XS845114a,CCN1CC(CC1=O)C(=O)NCCC=2C=CC(F)=CC2
XS837275b,CC(C=1C=CC=CC1)N2N=C3CCC=4C=CC=C(C2=O)C43
XS845108a,CC1CCCN(C1)C(=O)COC=2N=CN=C3C=CC=CC23
XS836787b,O=C1C=2C=CC=CC2C3(NCCN13)C=4C=CC(Cl)=CC4
XS845110a,CC1=NN(C)C(C)=C1CC(=O)NC(C)C2=CC=CS2
XS839268b,CC(C)(C)OC(=O)C1CCCN1C2=CC(F)=NNC2=O
XS837538b,C#CC(CC=1C=CC(F)=CC1F)N(C)C2=NC=NS2
XS838375b,CC1=NN(C(=O)C=2N=C(N)SC12)C(C)C=3C=CC=CC3
XS841800b,CN1CC2CN(CCN2C1=O)C(=O)NC=3C=CC=CC3
XS845106a,NC(C(=O)N(CC=1C=CC=CC1)C2CC2)C=3C=CC=CC3
XS845107a,CC1CN(C(=O)CCC(F)(F)F)C=2C=CC=NC2O1
XS845112a,COC=1C=CC=CC1C(C)NC(=O)C=2C=CC(=O)NN2
XS845111a,O=S1(=O)CCC(C1)C2=NN=C(NC3CCCCC3)O2
XS845119a,CC1=CN2CC(CCC2=N1)NC(=O)CCC3=CC=CO3
XS845117a,O=C(C1=NNC=2CCCC12)N3CCCC3C=4C=CC=NC4
XS725080b,C1=CN(CC2CCCN2C=3N=CN=C4C=CC=CC34)N=C1
XS845116a,O=C(NCC1CCCOC1)C=2NN=CC2C=3C=CN=CC3
XS572103b,CC=1C=CC(=CC1Cl)C(=O)NCC2CN(C)CCO2
XS841922b,OCC1COCCN(C1)C2=NC(=NO2)C=3C=CC=CC3
XS845113a,COC=1C=CC=CC1C(C)NC(=O)C=2C=CC=C(C#N)C2
XS676956b,CC1=CC(=NN1C=2C=CC=CC2)NC(=O)C3CCN(C)C3
XS845109a,CC(C)C(CO)CNC(=O)C=1SN=C(O)C1Cl
XS618861b,CC=1C=CC=CC1C(C)NC(=O)CN2CCC(O)CC2
XS845118a,CC1=NOC(C)=C1C(=O)NC(C)C2=NC=3C=CC=CC3N2
XS845130a,CC(=O)N1CCCC1CNC(=O)C=2C=NC=3C=COC3C2
XS842038b,CC=1C=CC(=NC1)N2CCC(CC2)NCC3CCC=CO3
XS845126a,CC1=NOC=2N=CN=C(NC3CCCC=4C(O)=CC=CC43)C12
XS840370b,CNC(=O)NC(=O)C(C)OC=1C=C(C=CC1OC)[N+]([O-])=O
XS841103b,CC1=COC=C1C(=O)N2CCCC(CS(=O)(=O)F)C2
XS845120a,CCC1=NOC(C)=C1C(=O)N2CCCC(C2)N3C=CN=C3
XS678784b,CC1=CSC(=N1)C2CCCN(C2)C(=O)C3=CNC(C)=N3
XS845121a,CC(C)C1=NC=CN1C2CCCN(C2)C(=O)C3=CC=CN3
XS817169b,COC=1C=CC(C)=CC1CC(=O)NC2CCC=3C=CC=CC32
XS413443b,NC(=O)C=1C=CC(=CC1)C(=O)N2CCCC2C=3C=CC=CC3
XS845124a,CCN1C=C(C=N1)NC(C)C(=O)NC=2C=C(F)C=CC2C
XS845133a,CC1=NOC(=N1)C(C)NC(=O)CC=2C=CC3=CC=CC=C3C2
XS839850b,CCC(C(N)=O)N(C)CC1=CC(Br)=CS1
XS845129a,NC(=O)C1CCN(CC(O)COC=2C=CC(F)=CC2)CC1
XS845125a,CC=1C=CC=2NC(=NC2C1)SC(C)C(=O)N3CCCC3
XS845128a,COCC(C)NC(=O)C1=CC=2C=C(C=C(OC)C2N1)OC
XS845123a,COC(=O)C(C)C=1C(C)=NN(CC=2C=CC=C(C#N)C2)C1C
XS845127a,O=C(NCCC=1C=CC=CC1)NC(C=2C=CC=CC2)C3CC3
XS845122a,CN1C=C(C(=O)NC2CCS(=O)(=O)C2)C=3C=CC=CC31
XS845131a,CC(=O)N1CCN(CC1)C(C)C(=O)NC=2C=CC(F)=CC2
XS837534b,COC=1N=C(C)C=C(CS(=O)(=O)C(CO)C(C)C)N1
XS839297b,CCC(C)N1N=C(C=C1C)NC=2C=NC(=CN2)C(=O)OC
XS506767b,O=C(CN1CCCCC(O)C1=O)NCCC=2C=CC=NC2
XS836911b,NC1=C(SC=2C=CC=NC12)C(=O)N3CCC(O)(CO)C3
XS770808b,CC(C)C(=O)N1CCCC1C(=O)N2CCC=3C=NC=CC32
XS845132a,O=C(CN1C=NN=N1)N2CCCC2C=3C=CC=C(Cl)C3
XS809905b,CC1=CN2CC(CCC2=N1)NC(=O)C=3C(C)=NOC3C(C)C
XS751488b,O=C(CC1CCNC1)NCCC=2C=CC(Cl)=CC2Cl
XS845135a,CC1=NC(=NO1)C2CCCN(C2)C(=O)CC=3C=CC(C)=NC3
XS838167b,COC(=O)C(CNC=1N=CC(C#N)=C(N)N1)C2CCOCC2
XS435667b,C1=CN=C(N=C1)N2CCCC(C2)C3=NN=C4CCCCCN34
XS638396b,CC1=NNC(C)=C1C2CCCN2C(=O)CC=3C=CC=C(F)C3
XS589654b,CC1=NC(=NO1)C(C)(NC(=O)C=2C=C(C)C=CC2C)C3CC3
XS845141a,CNC(=O)C=1C=CC(=NC1)NC(=O)C(C)C=2C=CC=C(F)C2
XS845138a,CC1=NC(C)=C(O1)C(=O)N2CC(C)C(=O)NC=3C=CC=CC32
XS845139a,CC(C)N1CCCC(C1=O)N2CCN(CC2)C=3C=CC=CC3
XS691076b,O=C(NC=1C=CC=NC1)C2CC(=O)N(C2)C=3C=CC=CC3F
XS072577b,COC=1C=CC=CC1NC(=O)C(C)OC(=O)C2=CC=CS2
XS836616b,COCC(C)NC(=O)NC=1C=CC(=CC1)C2=NC(C)=CS2
XS845143a,O=C(NC=1C=CN=CC1)C=2C=CC=C(C2)OCC3CCCO3
XS845137a,O=C(CN1CCOC(CN2C=CC=N2)C1)NCC3=CC=CO3
XS845136a,O=C(C1=CN=C(S1)C2CC2)N3CCCC(C3)N4C=CC=N4
XS845146a,CC(C#N)CN(C)C=1N=C(N=C2C=CC=CC12)C=3C=CC=NC3
XS537801b,O=C(O)CCC1CCCN(C1)C(=O)C=2C=CSC2Cl
XS837544b,COCC1=CC(=CS1)C=2C=CC=3OCC(CC3C2)C(=O)O
XS766537b,CN1C(=O)CCC1C(=O)NC=2C=CC=3CCN(C)C(=O)C3C2
XS845145a,CC=1C=COC1C(=O)NCC(C)N2CCC=3SC=CC3C2
XS723715b,CC1=NOC(CCCC(=O)N2CCCC2CN3C=CC=N3)=N1
XS845144a,CC(O)C(C)(C)NC(=O)C=1C=NC=C(C1)C=2C=CC=CC2F
XS837707b,O=C(NC=1C=CC=C(C1)CC=2N=NNN2)C3CCCCS3
XS845142a,CCCC1=CC(=NO1)C(=O)N2CCCC2C=3C=CC=CC3C
XS845134a,CNC(=O)C1CN(CC=2C=CC=CC2F)C=3C=CC=CC3O1
XS845159a,CC(NC=1C=CC=2OCOC2C1)C(=O)N3CCC=4C=CC=CC43
XS845157a,C1=CC(=NC(=N1)N2CCCC(C2)N3CCCC3)C4=CN=CC=N4
XS845155a,CC(=O)NC=1C=CC=C(C1)C(=O)OCC(=O)NC(C)C(C)C
XS663719b,COCC1=NC(=CS1)C(=O)N2CCCC2CN3C=CC=N3
XS845148a,O=C1C=C(CN2CCCC2C3=CC=CS3)N=C4C=CC=CN14
XS839596b,NS(=O)(=O)C=1C=CC(=NN1)NCC(F)CC=2C=CC=CC2
XS838609b,O=C(NC(C1CCC1)C(F)(F)F)C=2SN=C(O)C2Cl
XS841965b,CC(C(=O)NC1=NOC=2CCOCC12)C=3C=CC(F)=C(F)C3
XS845152a,CC=1C(F)=CC=CC1NC(=O)N2CCC(CN3CCCC3)C2
XS845160a,CN1N=CC=2C(=NC=NC21)N3CCCC3CC=4C=CC(F)=CC4
XS845149a,CN1C=C(C=N1)C2CCCN2C(=O)C=3C=C(F)C(F)=C(F)C3
XS845158a,O=C(C=1C=NN2CCCC12)N3CCOC=4C=CC=CC4C3CO
XS845162a,CN1C(=O)C=2NC(=NC2N(C)C1=O)N3CCCC(CCO)C3
XS845161a,O=C(C=1C=CN=C(C1)N2C=NC=N2)N3CCCC3C4CCCC4
XS845154a,CC(OC(=O)C=1C2=CC=CC=C2N=C3CCCCCC13)C(N)=O
XS845156a,CNC(=O)NC(=O)C(C)OC(=O)C=1C=CC=C(C1)NC(C)=O
XS598868b,CCN1CCN(CC1C2=NC=CN2C)C(=O)C3=CC(C#N)=CN3
XS845151a,CC1=NOC(N)=C1C(=O)OC(C)C(=O)NC2CCCCCC2
XS839313b,CN1C=C(N=N1)C=2C=CC=C(C2)NC3CCC=4C=CC(F)=CC43
XS845150a,COC(=O)CC(NC(=O)C1=CC=CO1)C=2C=CC=CC2Cl
XS845147a,CC1=NN2C=CC=NC2=C1C(=O)N3CCCC(C3)N4C=CC=N4
XS845153a,CC1=CC=CC2=NC(=CN12)C(=O)N3CCOCC3C=4N=CON4
XS840303b,COC(=O)C1=CC=2C(=NC=NC2N1C)NC(C)CC=3C=CNC3
XS837535b,CC1CCC2=NN=C(C3=CN(CC=4C=CC=CC4)N=N3)N2CC1
XS838086b,CC(C1=NN=NN1C2CC2)S(=O)(=O)C=3N=CC=CC3Cl
XS837559b,O=C(O)C1=CC2=NC=CN2C(=N1)N3CCCC3COC(F)F
XS845172a,CCCCCC(C)NC(=O)CS(=O)(=O)CC1=CC(C)=NO1
XS745840b,NC(=O)C1CCN(C1)C(=O)CN2N=C(OC2=O)C=3C=CC=CC3
XS838603b,CCOC(=O)C=1C=NC(=NC1C)N2NC(=O)CC(C)(CC)C2=O
XS845170a,O=C(NC=1C=CC=CC1F)C2CCCN(C2)C(=O)N3CCCC3
XS845163a,COC(=O)CC(C)NC(=O)CN1N=NC(=N1)C=2C=CC(C)=CC2
XS845173a,COC=1C=CC(=CN1)NC(=O)NC(CN2C=CN=C2)C(C)(C)C
XS845164a,CCNC(=O)N1CCCC(C1)C2=NC(=NO2)C=3C=CC=C(F)C3
XS838371b,COC(=O)CCN1CCC(OC=2C=CC=C3OC(C)=NC23)C1=O
XS838701b,CC=1OC=NC1C2=CN(CC3=NC=4CCC(C)CC4S3)N=N2
XS839595b,CCC(C)(C)C1=NN=C(O1)N2CCC3=C(C=NN3C)C2C(N)=O
XS836915b,NC1=NC=2C=C(C=CC2O1)C(=O)N3CCC(O)(C3)C(F)(F)F
XS842088b,CNC(=O)C(C)S(=O)(=O)CC=1C=C(Cl)C=2OCOC2C1
XS845174a,CC1=CC=C(C(=O)NC(C=2C=CC=CC2)C=3C=CC=CN3)C(=O)N1
XS336862b,CNC(=O)C1CCCCN1C(=O)C2=NNC(=O)C=3C=CC=CC23
XS845167a,CCCCN1N=NN=C1CN2CCCC2C=3C=CC=C(C3)OC
XS079269b,CC=1C=CC=C(C1)NC(=O)C2CCCN2C(=O)C3=CC=CS3
XS845168a,CC1=NN(CC(=O)N2CCCC2C=3C=CC(C)=C(C)C3)C(=O)O1
XS836493b,CC(NC(=O)NC=1C=NN2C=CC=NC12)C=3C(F)=CC=CC3F
XS845175a,O=C(NCC1CCN(C1)C=2C=CC(F)=CC2)C=3C=CC(O)=NC3
XS665125b,CN1C=C(C=N1)CCNC(=O)N2CCCC2C=3C=CC(F)=CC3
XS845171a,O=C(NC=1C=CC(F)=C(F)C1F)C2CC(=NO2)C=3C=CC=CC3
XS845169a,O=C(C1=CN(N=N1)C=2C=CC=CC2)N3CCCC3C=4C=CC=NC4
XS838545b,CN1C(=CC=2C=C(Cl)C=CC21)C3=NN=C(NC4CCOC4)O3
XS836575b,C#CC(C)NS(=O)(=O)C=1C=CC=2CCN(CCC2C1)C(C)=O
XS845165a,CC(NCC=1C=CC=C2OCOC12)C3=NN=C4CCCCCN34
XS845166a,CC(=O)NCC1CCCN(CC=2C=CC=3OC(C)(C)CC3C2)C1
XS841592b,O=C(C1=CC=CC2=NN=CN12)N3CC4(CCCC4)C3C5=CC=CO5
XS836516b,CC=1C=C(F)C=C2C(NC(C)C=3C=CC=C(O)C3)=C(C#N)C=NC12
XS840660b,COC=1C=CC(=CC1)C(NC2=NC(=NO2)C3CC3)C4=NC=CN4C
XS845183a,CC(C)COC(C)C(=O)NCC=1C=CC=NC1N2CCOCC2
XS845185a,CC(C)NC(=O)C1CC(=O)N(C1)C=2C=CC(Br)=CC2
XS576457b,CC1=CSC=C1NC(=O)NCC2CCCC=3SC(C)=NC32
XS841904b,CS(=O)(=O)N1CCC(CN2N=CC(Cl)=C(Cl)C2=O)C1
XS540656b,COC=1C=CC(=CC1)C(CCO)NC2=NC(CC(C)C)=NS2
XS845179a,CN1C=CN=C1C2CN(CCN2C)C(=O)C=3C=CC=4NN=NC4C3
XS845176a,CC(=O)NC1CCCN(C1)C(=O)CCCC=2C=C(C)SC2C
XS845180a,NCC1CN(CCCO1)C=2C=CC3=NN=C(C=4C=CC=CC4)N3N2
XS845182a,COC=1C=CC(=CC1OC)NC(=O)C2CC(=NO2)C=3C=CC=CC3
XS845184a,O=C(C1CC(=O)N(C1)C2CC2)N(CC3=CC=CO3)C=4C=CC=CN4
XS845181a,CC(OC=1C=CC(Cl)=CC1)C(=O)NCCCN2CCOCC2
XS841070b,CN(CC1=CC=CO1)C(=O)COC(=O)CC(C)(O)C(F)(F)F
XS734383b,O=C(NC=1C=CC(F)=C(Cl)C1)C2CCCN(C2)C(=O)C3CC3
XS845177a,CN1CCC(CC1)C2CCN(C2)C(=O)COC=3C=CC=CC3F
XS845178a,O=C(C1=CC=2OC=CC2N1)N3CCCC(C3)NCC=4C=CC=CC4
XS842595b,O=C(OCC1CC=CCC1)C=2C=CC3=NS(=O)(=O)CCN3C2
XS838986b,CC(C)(C)CC1=NC=C(S1)C(=O)N2CCOC3(CCOC3)C2
XS839121b,CC(C)=CCC=1C=C(C=CC1F)C(=O)N2CCC(F)(C2)C(=O)O
XS646047b,CCC(C=1C=CC=CC1)N2CCN(CC2)C=3C=CC(=NN3)C(N)=O
XS841060b,CN(C)C(CNCC1=CC=C(Br)O1)C=2C=NN(C)C2
XS749269b,CC1=NOC=2N=CC(=CC12)C(=O)NC(C)C=3C=CC=4OCOC4C3
XS845186a,COCCS(=O)(=O)N(C)C(C)C=1C=CC(=CC1)N2C=NC=N2
XS845193a,CC(NC(=O)NCC1=NC=2C=CC=CC2S1)C=3C=CC=CC3F
XS840297b,C#CC=1C=CC(=CC1)CNC(=O)CC(C(F)(F)F)P(C)(C)=O
XS845196a,FC=1C=CC(=CC1)CN2CCCC(C2)C3=NN=C4CCCCCN34
XS840942b,CCC(C)NC1=C(N=C2C=C3CCCOC3=CN12)C4=NN=CN4C
XS845197a,CCC=1C=CC=C(C1)OCC(O)CN2N=C(OC2=O)C3=CC=CO3
XS781359b,O=C(NC1CCS(=O)(=O)C1)C2(CCC2)C=3C=CC=C(Cl)C3
XS845194a,COC=1C=CC=C(C1)C2CCCN2CC3=CC(=O)N(C)C(=O)N3C
XS845188a,FC=1C=CC(=CC1)C2=NOC(CN3CCCC(C3)N4C=NC=N4)=N2
XS845189a,CC=1C=NN(C1)CCC(=O)NC2CCN(C2=O)C=3C=CC=CC3F
XS080981c,O=C(COC(=O)C=1C=CC=C(F)C1)NC2CCCC=3C=CC=CC32
XS845192a,CCN1CCN(CC1C2=NC=CN2C)C(=O)C=3SC=CC3C#N
XS718063b,CC(=O)NC=1C=CC=C(C1)C(=O)NC(C=2C=CC(F)=CC2)C(C)C
XS577008b,COCC1(CCCN1C(=O)C=2C=CC3=CC(C)=CC=C3N2)C(N)=O
XS839215b,CCC(O)(CN1C(=O)C(C#N)=C(C)N(C1=O)C2CC2)C(F)(F)F
XS845202a,CC=1C=C(N2CCCC(C2)C3=NOC(=N3)C(C)C)N4N=CN=C4N1
XS845191a,CCNC(=O)CNC(=O)NC(C)C=1C=CC(=CC1)C=2C=CC=NC2
XS845199a,CC(C)C1=NOC(=N1)C(C)S(=O)(=O)CC=2C=CC=C(Cl)C2
XS845187a,C1=CN(CC2CCCN2CC3=CSC(=N3)C=4C=CSC4)N=C1
XS845200a,CC1=NN(C)C(C)=C1CC(=O)NC(C)C=2C=CC=C(C2)OC(C)C
XS840475b,CCC(NC(=O)C=1C=C(C)C=CC1[N+]([O-])=O)C=2C(C)=NN(C)C2C
XS839502b,COC=1C=CC=CC1N2CCCC(C2=O)N(C)CC3=NN=CN3C
XS845190a,CCC1=NC(CN(C)C2CCN(CCOC=3C=CC=CC3)C2)=NO1
XS845201a,COC=1C=CC=2NC=C(C3=CCN(CC3)C(=O)C4CCOC4)C2C1
XS836585b,COC(=O)C1=C(C)NC(C(=O)NC2(C)CCS(=O)(=O)C2)=C1C
XS845195a,CC1=NOC(=N1)C(C)N2CCC(CC2)C(=O)NCC=3C=CC=CC3
XS845213a,CCCC(C(=O)NCC=1C=CN=C(C1)N2C=CN=C2)C=3C=CC=CC3
XS845210a,CCN1C=C(C=N1)NC(=O)NC(C)C=2C=C(OC)C(=CC2C)OC
XS845205a,O=C1COC=2C=CC=C(OCC(O)COC=3C=CC(F)=CC3)C2N1
XS570547b,CC(C)CC1C(=O)NCCCN1C(=O)C=2C=C3CCCOC3=CN2
XS845203a,CC1=CSC(=N1)NC(=O)CN2CCCC2C3=NOC(=N3)C4CC4
XS845207a,COC=1C=CC=CC1CN2C(=NC=3C=CC=CC32)C4CC(=O)N(C)C4
XS842466b,CC(C(=O)NCC1=CN2C=CC=CC2=N1)N3C(=O)OC=4C=CC=CC43
XS845211a,CCN1C(=CN=C1SC(C)C(=O)NC(=O)NC)C=2C=CC=CC2
XS842679b,NC1=NC2=NC=3C=CC=CC3N2C(N1)C4=CN=C(S4)C5=CC=CO5
XS796511b,CC(C)COC=1C=CC(=CC1)C(=O)OC(C)C(=O)NC2CCCC2
XS582688b,O=C(C1CC=2C=C(Cl)C=CC2O1)N3CC(C3)C=4C=C(CO)ON4
XS845208a,O=C(CC1=NNC(=O)C=2C=CC=CC12)NC3CCCC=4C=CC=CC43
XS837073b,CC=1C=C(Br)C=NC1NC(=O)C2CCS(=O)(=O)C2
XS845206a,CC(C)C(C)NC(=O)CN1C=2C=CC=C3C=CC=C(C23)S1(=O)=O
XS845215a,CCCC1=NC(=NO1)C(C)(C)NC(=O)C2CC(=O)N(CC3CC3)C2
XS841088b,O=C(NC1C=CS(=O)(=O)C1)C2=CC3=C(N=C4C=CC=CN34)S2
XS739171c,N#CC=1C=CC=NC1NCC2CCN(CC=3C=CC(=CC3)C(N)=O)C2
XS845204a,COC=1C=CC(=C(C1)OC)C2CCCN2C(=O)C=3C=CC=C(C#N)C3
XS837172b,CCC1CN(C)C=2C=CC=CC2CN1S(=O)(=O)CC=3C=CON3
XS149405b,O=C(CCC1=NC=C(O1)C=2C=CC=CC2)NC3CCC=4C=CC=CC43
XS845212a,CC(=O)N1CCCC(C1)C(=O)N2CCCN(CC2)C3=NC=CS3
XS841920b,N#CC1(CO)CC21CCN(CC2)C(=O)NC3(CCC3)C(F)(F)F
XS845209a,COC=1C=CC(=CC1OC)COCC(O)CN2C=C(N=N2)C3CC3
XS841868b,CCC(NC(=O)CC1=CN=CN1C)(C(=O)O)C=2C=CC(Cl)=CC2
XS845214a,CN1CCN(C(C1)C=2C=CC=CC2)S(=O)(=O)C=3C=CC=CC3F
XS834319b,O=C(C=1C=CN=CC1)N2CCCCC2C3=NC(=NO3)C=4C=CC=CC4
XS845223a,O=C(C1=CC(=NN1C=2C=CC=CC2)C3=CC=CO3)N4CCCC(O)C4
XS839994b,COCC1=CN=C(NC(=O)N2CC3(CCCCC3)C2C(C)C)S1
XS845219a,CC=1N=C(C)N(N1)C2CCCN(C2)C(=O)C=3C=NN4C=CC(C)=NC34
XS845225a,CCOCCOC(C)C(=O)N1CCN(CC1)C(=O)C2=CC=C(C)O2
XS836971b,CC(NCC1=NN=C(O1)N2CCCC2)C=3C=CC(Cl)=CC3Cl
XS845221a,CN1C=CN=C(NCC2CN(CC=3C=CC=CC3C#N)CCO2)C1=O
XS845216a,O=C(C1=CSC(=N1)C=2N=CC=CN2)N3CCCC(C3)N4C=CC=N4
XS845218a,CC=1C=CC(=NN1)N2CCCC(C2)NCC3=NC(=NO3)C4=CC=CO4
XS838265b,CCC(C)CN(CC1=CC(C)=NN1)C=2C=C(N=CN2)S(C)(=O)=O
XS837476b,CC1=CC=CC2=NC(=CC(=O)N12)CN3C=4C=CC(Cl)=CC4CC3C
XS840134b,CCC(OC=1C=CC=CC1C)C(=O)OC=2C=CC(=CC2)N3C=NN=N3
XS627411b,CCN1CCC(NC(=O)C2=CC=3SC(=NC3S2)N(C)C)C1=O
XS557989b,CC1=CC(=NN1)C2CCCN(C2)C(=O)C=3C=CC(=NC3)N4CCCC4
XS840788b,CC(C=1C=CN=CC1)N(C)CC(=O)NC=2C=CC=C(Cl)C2Cl
XS845217a,COCCN1CCC(CNC(=O)C(C)OC=2C=CC(F)=CC2)CC1
XS841577b,COC=1C=C2NC3(CCC=4C=CC=CC4C3)N(C)C(=O)C2=CC1OC
XS840654b,CC1=CNC(=O)N1C=2C=CC(=CC2)C(C)NC(=O)CCC3=CC=CO3
XS840417b,CCC(C)NC(=O)CS(=O)(=O)CC1=NN=NN1C=2C=CC=CC2
XS845220a,CC=1N=CC=2CCN(CC2N1)C(C)C(=O)N3CCC=4C=CC=CC4C3
XS838534b,O=C(O)C=1C=NN2C(=CC=CC12)C=3C=CC=CC3OCC4CCOC4
XS840184b,CC1=NOC=C1NC(=O)N2CCCC2(C)CC3=CC=C(Cl)S3
XS722063b,NC(=O)C=1C=CC(=CC1)C=2N=NN(CC(O)COC=3C=CC=CC3)N2
XS842586b,CN1C=C(C=N1)N2CC(CC2=O)C(=O)NC=3C=CC=4COCCC4C3
XS839895b,[O-][N+](=O)C=1C(=CC=C2N=CC=CC12)N3CCCC(CC3)N4C=CN=N4
XS845222a,CCOC=1N=CC=CC1C(=O)OC(C)C(=O)N2CCC=3C=CC=CC32
XS438974b,CC(NC(=O)NC=1C=CC=C(C1)C(=O)NC(C)(C)C)C=2C=CC=CN2
XS839926b,COC(=O)C=1C=NC(=C(C1)[N+]([O-])=O)N2CCOC=3C=CC=CC3C2C
XS722954b,COC=1C=CC(C)=CC1N2CC(CC2=O)C(=O)NC3=CC(C)=NN3C
XS845227a,CC=1C=CC=C(C1)CS(=O)CC(=O)NCC2(CC2)C=3C=CC=CC3
XS845230a,COC=1C=CC=CC1C(NC(=O)C2=CC(Cl)=CN2)C3=NC=CN3C
XS845234a,CC1=NN(C)C(C)=C1C(=O)NCC2CCCCN2CC=3C=CC=CC3
XS845235a,CC=1C=CC(=CC1)C2=NOC(CN3CCCC(C3)N4CCNC4=O)=N2
XS568909b,CC(C)N1N=CN=C1CN2CCCC(C2)C3=NC=C(N3)C(F)(F)F
XS620072b,CN1N=CC=C1C2CCCCN2S(=O)(=O)C=3C=CC(F)=CC3F
XS145756c,CC1=NOC(C)=C1CC(=O)NC(C)C=2C=C(F)C(Cl)=CC2Cl
XS845226a,CC1=CSC(=N1)C2CCCCN2C(=O)C3=NN4C(C)=CC=NC4=N3
XS845233a,CC(NC(=O)C=1C=NN2C(=CC=NC12)C=3C=CC=CC3)C=4C=CN=CC4
XS845229a,CSCCC(NS(=O)(=O)C=1C=CC=CC1)C(=O)NC2CCC2
XS839472b,CS(=O)(=O)C1CCN(C2=NC=3N=CC(Cl)=CC3O2)C4(CC4)C1
XS632468b,COC=1C=C(C=CC1C)CC(=O)N2CCOCC2C=3C(C)=NNC3C
XS838120b,CS(=O)(=O)C1CCCN(C1)C=2C=CC(C#N)=CC2Br
XS845232a,COC=1C=CC=C(C1)NC(=O)CN2CCCC2C=3C=CC(Cl)=CC3
XS841610b,O=S1(=O)CCC2(C1)CCCN(CCCC=3C=CC=CC3Cl)C2
XS840829b,CCCCN(C)S(=O)(=O)N1CCCC(C1)C2=NN=CN2C(C)C
XS547937b,COCCC(C)(O)CNC1=NC2=C(C=NN2C=3C=CC=CC3)C(=O)N1
XS845228a,FC=1C=CC=C(C1)C2=NC(=CO2)CN3CCCC(CN4C=NC=N4)C3
XS841778b,COC=1C=CC(=CC1)C(NC(=O)C=2C=CC(F)=C3OC=CC23)C(=O)O
XS839870b,CCCCN(C)S(=O)(=O)NC(C=1C=NN(C)C1)C2=NOC(C)=N2
XS842026b,CC(C)(C)C(=O)N1CCCC(CN2C(=O)C=CN2C=3C=CC=CN3)C1
XS845244a,CCN(CC1CCOC1)C(=O)CCC2=NC(=NO2)C=3C=CC(F)=CC3
XS498975b,CC1=NC(C#N)=C(NCC(C=2C=CC=CC2Cl)N3CCOCC3)O1
XS845245a,CC1=CC(=NO1)C2CCCN2C(=O)C3=CC=C(NC3=O)C=4C=CC=CC4
XS796967b,CC=1C=CC=2CC(SC2C1)C(=O)N3CCC(CC3)N4CCNC4=O
XS842059b,COC(=O)C(NC(=O)C=1C=CN2C=CN=C2C1)C=3C=CC(F)=CC3F
XS790548b,COC=1C=C(C=C(Cl)C1OC)C(=O)NCC2CCS(=O)(=O)C2
XS839447b,CCOC(=O)C=1N=CC=C(N1)NC(C)C=2C=CC=CC2Br
XS845241a,CC=1N=CN(C1C)C=2C=CC(=CC2)NC(=O)C3CCCCS3(=O)=O
XS845240a,CC1=CC(=NN1C)C(C)NC=2C=CC(=CC2)C3=CN4C=CC=C(C)C4=N3
XS845249a,CC(C)C(=O)NC1CCCN(C1)C(=O)C=2C=CC=NC2N3CCCC3
XS845239a,CN1CCN(C(=O)C2=CC=C(Br)O2)C(C1)C=3C=CC=CC3
XS545098b,CCOC=1C=CC=2OCC(=CC2C1)C(=O)NCC(C)N3CCOCC3
XS845237a,CNS(=O)(=O)C=1C=CC=C(C1)C(=O)N2CCCC(C2)C3=NC=CN3
XS836552b,CC(NCC1=CC(=NO1)C=2C=NN(C)C2)C=3C=CC=C(C3)N4C=CN=C4
XS845236a,CCNC(=O)C(C)NC(=O)C=1C=CC=CC1C2=NC(=NO2)C(C)(C)C
XS841401b,CC1CC(=O)N(C)C=2C=CC=CC2N1S(=O)(=O)C=3C=CC=CC3F
XS845243a,O=C(NCC1CCCO1)C=2N=C(C=3C=CC=CC3)N(N2)C=4C=CC=CC4
XS845246a,CC(C)OC=1N=CC(=CC1Cl)C(=O)N2CCCC2C=3C=CN=CC3
XS552689b,CCN1CCN(CC1)C(=O)C(C)SC2=NNC(=N2)C=3C=CC=CN3
XS681228b,COC=1C=CC(=CC1)C(C)N(C)CC(=O)NC=2C=CC=C(Cl)C2C
XS845248a,CC1=NC(=NO1)C2CCCN(C2)C=3N=CC(=CC3Cl)C(F)(F)F
XS845247a,CCC(C)NC(=O)CNC=1C=CC(=CC1C)C(=O)NC2CCCCC2
XS387910b,CC1(CCS(=O)(=O)C1)NC(=O)CCC2=CC=C(O2)C=3C=CC=CC3
XS845242a,N#CC=1C=C(C=CC1N2CCC(C2)C=3C=C(O)N=C(N)N3)C(F)(F)F
XS845238a,CC(C)OC=1C=CC(=CN1)C(=O)N2CCCC2C(=O)N3CCOCC3
XS845256a,CC1=CN2C=C(C=C(F)C2=N1)C(=O)N3CC(C=4C=NN(C)C4)C(C)(C)C3
XS845254a,COC=1C=CC(=CC1)N2CC(CC2=O)C(=O)NC=3C=CC=C(C3)SC
XS845255a,O=C(C1=CC=2CCCC2S1)N3CCCC3C4=NN=C5CCCCCN45
XS845259a,CCN(C(C)=O)C1=NC(=CS1)CN(C)C(C)C=2C=C(F)C=CC2F
XS845251a,CC(OC(=O)C=1C=CC=C(C1)NS(C)(=O)=O)C(=O)NC2CCCC2
XS845253a,CC1CC(=O)NCCN1C(=O)C=2N=C(C=3C=CC=CC3)N4CCOCC24
XS845252a,CCOC(=O)C=1C=CC(=CC1)NC(=O)CN(C)C2CCC=3C=CC=CC32
XS841068b,CC(C1=NC(=NO1)C=2C=CC=CC2)N3CCC=4N=CC(=CC4C3)[N+]([O-])=O
XS399473b,CC=1C=CC(F)=CC1NC(=O)C(=O)N2CCCC(C2)NC(=O)C(C)C
XS740189b,COC=1C=CC=CC1N2CC(CC2=O)C(=O)NC=3C=CC=4OCCC4C3
XS845260a,COC=1C=CC=CC1N(C)CC(=O)N2C=3C=CC=CC3NC(=O)CC2C
XS838810b,CC(C1CC1)N(CC(F)(F)F)C(=O)CS(=O)(=O)C=2C=CC=NC2
XS746077b,CC(C)CN1C=C(C(=N1)C(=O)NC2CCOC=3C=CC=CC32)C(F)F
XS845264a,O=C(NC1CC1)C2CCCN(C2)C(=O)C3=CSC(=N3)C=4C=CC=CC4
XS698190b,CC1=CN=C(NC(=O)C=2C=CC3=C(C2)CC(C)N3S(C)(=O)=O)S1
XS845263a,NC(=O)C1CN(CC=2C=CC=CC21)C(=O)C3=CNC=4C(Cl)=CC=CC34
XS845250a,CCC(O)CN1CCN(CC1)S(=O)(=O)C=2C=CC(=CC2)C(C)(C)C
XS845262a,CC(=O)N1CCC(CC1)NC(=O)CN(C2CC2)C3CCC=4C=CC=CC43
XS739347b,CC1CN(C(=O)C2=CN=C(S2)C=3C=CC=CN3)C=4C=CC(F)=CC4O1
XS492835b,O=C(C=1C=C(N=C2C=CC=CC12)C3CC3)N4CCOCC4C=5N=CON5
XS003216e,CC1=NN(C)C=2N=C(C=C(C(=O)NCC3CCCO3)C12)C=4C=CC=CC4
XS731662b,CCC(NC=1C=CC(=CC1)CC(=O)N2CCCC=3C=CC=CC32)C(N)=O
XS845261a,CC1=CSC(=O)N1CC(=O)OC(C)C(=O)NC=2C=CC(Cl)=CC2
XS845258a,CCC1CCCCN1CC(=O)NC2=CC(C)=NN2C3=NC(C)=CC(C)=N3
XS845257a,COC=1C=CC(=C(C1)OC)C2CCCN2C(=O)NCCCNC(C)=O
XS138310b,CC=1C=C(C(=O)OCC(=O)N2C=3C=CC=CC3CC2C)C4=CC=CC=C4N1
XS512253b,CN(CC=1C=CC=CC1)C(=O)CN2CCCC(O)(CC3=NN=CN3C)C2
XS505112b,C1=NC=2C=CC=CC2N1CC3CCCN3C=4C=C(N=CN4)N5CCCCC5
XS845272a,CCS(=O)(=O)N1CCC(CC1)C(=O)NC(C2=CC=CS2)C(C)C
XS839045b,O=C(CC1(O)CCCOC1)NC=2C=CC=C(C2)CN=S3(=O)CCCC3
XS838017b,CC(C)CC(=O)N1CCCC(C1)NC(=O)C=2C=C3C=C(Cl)C=CN3N2
XS845265a,CC1=CC=NC2=NC(=NN12)C(=O)NC3CCN(CC3)C(C)C=4C=CC=CC4
XS845270a,C=1C=CC2=C(N=C(N=C2C1)C=3C=CC=NC3)N4CCCC(C4)N5CCCC5
XS838815b,CS(=N)(=O)CCC1=CN(CCC=2C=CC=CC2OC(F)(F)F)N=N1
XS845271a,CC(NC(=O)CN1C(=O)CSC=2C=CC=CC21)C(=O)N3CCOCC3
XS845269a,CC(C)NS(=O)(=O)C=1C=CC=C(C1)C(=O)NC(C)CCC2=CC=CO2
XS837423b,CC1=NOC(C)=C1C(C)C(=O)N2CCC=3NC=4C=CC(Cl)=CC4C3C2
XS842215b,CCN(CC(C)C#N)S(=O)(=O)N1CCC(=CC=2C=CC=C(F)C2)CC1
XS845273a,CC(CCNC(=O)CN1N=C(C=CC1=O)C=2C=CC=CC2)C=3C=CC=CC3
XS845268a,CC(C(=O)NC=1C=CC=C(F)C1)N2CCC(CC2)C3=CNC=4C=CC=CC34
XS845266a,COCC=1C=CC(=CC1)NC(=O)N2CCCC2C(=O)NCC3=CC=CO3
XS670038b,CC=1C=CC(Cl)=C(C1)OC(C)C(=O)N2CCN(CC2)C=3C=CC=CN3
XS552287b,CC1CCCN(CCNC(=O)C2=CNC=3N=CC(Br)=CC23)C1
XS839356b,CC(C=1C=CC(=CC1)C2=NC(=NO2)C=3N=CN(CC(N)=O)N3)C(F)(F)F
XS839303b,COC(=O)C=1N=CC=C(N1)NCCC(C)NC(=O)C23CCC(CC2)CC3
XS839334b,COC=1C=CC(=CC1OC)C2CCCN(C2)C3=NN=C4C=C(C#N)C=CN34
XS836646b,CC1CCC=2NC(=O)C(=CC2C1)C3=NOC(COC4CCN(C)CC4)=N3
XS841580b,CC1=NN=C(O1)C2COCCN2CC3=NC=4SC(C)=C(C)C4C(=O)N3
XS841993b,CC=1C=CC=C(C1)CC(CO)NS(=O)(=O)CC2=NOC=3C=CC=CC23
XS837036b,N#CC=1N=CC=NC1NCC2CN(CCO2)C(=O)C=3C=CC4=NON=C4C3
XS845278a,COC=1C=CC=CC1CC(=O)N(CC=2C=CC=CC2)C3CCS(=O)(=O)C3
XS059092c,CCC=1C=CC=CC1NC(=O)CN(C)C(C)C(=O)NC=2C=CC=CC2OC
XS845284a,CCC=1C=CC(=CC1)S(=O)(=O)N2CCC(CC2)C(=O)NC(C)C(C)C
XS839171b,NC(C1=NOC(=N1)C=2N=C(N=CC2Cl)N3CCOCC3)C=4C=CC=CC4
XS845277a,CC=1C=CC=C(C1)NC(=O)CC(NC(N)=O)C=2C=CC=C(Br)C2
XS839285b,CC(C)(C)OC(=O)C(CNC=1N=CC=NC1C(C)(F)F)C2CCOCC2
XS845275a,CNC(=O)C1CN(C(=O)CN(C)CC=2C=CC=CC2C)C=3C=CC=CC3O1
XS332937b,CC=1C=C(N(C)N1)N2CCCC(NC=3N=CN=C4C=C(F)C(F)=CC34)C2=O
XS839096b,CC1CCN(CCN1C(=O)C2=CN3C=CN=C3S2)C(=O)C4=CN=C(N)O4
XS837193b,CC1(C)CN(CC2(CCCOC2)O1)C=3C=CC(=C(C3)C(F)(F)F)[N+]([O-])=O
XS845276a,COC(=O)C=1C=CC(=CC1)C(=O)N2CCCC2C=3C=CC(OC)=C(C3)OC
XS845282a,CC(C)N1CC(CC1=O)C(=O)NC2=NC=3C=CC=CC3N2C4CCCCC4
XS838953b,CC1=NN(CC(F)(F)F)C(C)=C1C(C)NC(=O)C2=NNC=3NCCCC23
XS836500b,CC1=NN2C=CC=NC2=C1C=3C=CC=C4C(=O)N(CC34)C5CCC(=O)NC5=O
DR003313b,NC(=O)C1CCCN(C1)C=2C=CC(=CC2)C(=O)NCC=3C=CC(Cl)=CC3
XS840078b,CNS(=O)(=O)C=1C=CC=C(C1)C(C)NC=2N=C3N=CC=CC3=CC2C#N
XS845280a,CCN(C1CCS(=O)(=O)C1)S(=O)(=O)C=2C=CC(=CC2)C(F)(F)F
XS845281a,N#CC=1C=CSC1NC(=O)CN2CCCC2C=3C=CC=4OCCOC4C3
XS845274a,CC(C)N1CCC(CC1)NC(=O)C2CCCN2C=3N=CN=C4SC=CC34
XS845285a,CCC1=C(C=NN1CC=2C=CC=CC2)C(=O)NC3CCCOC=4C=CC=CC43
XS838644b,CC=1C=CC=C(C1)N2CCCC(NC=3C=CC=4CS(=O)(=O)CC4C3)C2=O
XS838717b,CC1CN(CCN1C(=O)C2=CC(=O)C=3C=CC(F)=CC3O2)S(C)(=O)=O
XS845283a,CCC1=CC=C(S1)S(=O)(=O)N2CCCC2C(=O)NCC(F)(F)F
XS581334b,CC(C)C(NC(=O)C=1C=NN2CCCOC12)C=3C=CC=C(C3)C(F)(F)F
XS837032b,O=S(=O)(NCC1CS(=O)(=O)C=2C=CC=CC21)C=3C=CC(F)=C(F)C3
XS845291a,CCOC(=O)CC1=CSC(=N1)NC(=O)C2CC(=O)NC=3C=C(F)C=CC32
XS845286a,CC(C(=O)N1CCNC1=O)N2CCN(CC2)S(=O)(=O)C=3C=CC(F)=CC3
XS845289a,CCOC=1N=CC=CC1C(=O)OC(C)C(=O)NC=2C=CC(=CC2)C(F)(F)F
XS845287a,COC=1C=C(C=CC1OC(F)F)C(=O)OC(C)C(=O)N(C)C=2C=CC=CC2
XS845300a,CC(C)C(NC(=O)COC=1C=CC=CC1C#N)C=2C=CC=3OCCCOC3C2
XS839644b,CN1C=C(C=N1)N2CCC(NS(=O)(=O)CC=3C=C(Cl)C=CC3F)C2=O
XS837389b,CN1C(=NN=C1N2CCN3C(=O)NCC3C2)C=4C=C(NN4)C=5C=CC=CC5F
XS840253b,O=C(CN1C=NC2=C1CCNC32CCOCC3)NC4CCCC54CCCCC5
XS845297a,COC=1C=CC(OC)=C(C1)NC(=O)C(C)NC=2C=CC(=CC2)N3CCCC3=O
XS842242b,CN1C(=O)C=2C=C(C(=O)NCC3CCCO3)N(CC4=CC=CO4)C2N(C)C1=O
XS845295a,CC1=NN(C)C=2N=CC(=CC12)C(=O)N3CCCC3C4=NN=C5CCCCCN45
XS845299a,CC=1OC(=NC1C(=O)NC2CCN(CC=3C=CC=CC3)C2=O)C4=CC=CS4
XS845292a,CCC=1C=CC(=CC1)C2CNCCN2C(=O)C=3C=NC=4NC(=O)NC(=O)C4C3
XS719276b,CC1=NC2=CC(O)=NN2C(C)=C1CCC(=O)NC3CCCCC=4C=CC=CC43
XS837675b,COC=1C=C(C(=CC1C)S(=O)(=O)N(C)C(C)C(=O)NC(C)(C)C)C(C)C
XS836791b,O=C(NC=1C=C2C=CC(Br)=CN2N1)N3CCN4C(=O)NCC4C3
XS501375b,C1=NN=C(C2CCCN(C2)C=3N=C(N=C4CCCC34)C=5C=CC=NC5)N1C6CC6
XS845293a,O=C(NCC(C1=CC=CO1)N2CCCCC2)C=3C=CC=4SCC(=O)NC4C3
XS845298a,CC1=C(OC=2C(F)=CC=CC12)C(=O)N3CCN(CC3)C4CCS(=O)(=O)C4
XS845301a,CCOC(=O)NC1CCCN(C1)C(=O)C=2C=NN(C2)C=3C=CC=CC3Cl
XS845296a,CC1=NN(C(C)=C1C(=O)NC(C)C=2C=CC=3OCCOC3C2)C=4C=CC=CC4
XS845294a,O=C(C1=CC=2C=CC=CC2N1)N3CCN(CC3)C(=O)C=4CC5(CCNC5)ON4
XS578350b,CCN1N=C(C(=O)OC(C)C(=O)NC=2C=CC=CC2F)C=3C=CC=CC3C1=O
XS845290a,CC(C)N1N=CC=2C=C(C=NC21)C(=O)NC(C)C=3C=CC(=CC3)S(N)(=O)=O
XS845288a,CC1=CC=C(O1)C(CNC(=O)COC=2C=CC=C(Cl)C2)N3CCOCC3
XS845312a,CC1=NOC(=N1)C2CCCN(C2)C(=O)C3(CC3)C=4C=CC(Br)=CC4
XS842339b,CC(C)CC1=NN=C(O1)C(C)N2CC=3C=NN(C=4C=CN=CC4)C3CC(C)(C)C2
XS083611b,CC(=O)N1CCC=2C=C(C=CC21)NC(C)C(=O)NC=3C=CC(=CC3)OC(F)F
XS842087b,CC1CC=2C=C(C=CC2N1S(C)(=O)=O)C(=O)NC=3C=CC(=NC3)N4C=NC=N4
XS845309a,CCCS(=O)(=O)N1CCCC(C1)C(=O)NCCOC=2C=CC(Cl)=CC2
XS845303a,CC=1C=CC(=CC1)C2CC(=NN2C(=O)CCCC(=O)O)C=3C=CC=4OCOC4C3
XS845308a,COC=1C=CC(=CC1Cl)NC(=O)C(NS(=O)(=O)C=2C=CC=CC2)C(C)C
XS837490b,CC=1OC(=NC1C(=O)N2CC(CC=3C=CC=CC32)N4C=CC=N4)C5=CC=CS5
XS679677b,COC=1C=CC2=NC(=CC=C2C1)C(=O)N3CCCC3C=4C=CC(OC)=C(C4)OC
XS845310a,O=C(O)CCC(=O)N1N=C(CC1C=2C=CC(Br)=CC2)C3=CC=CO3
XS845313a,CCC(C)(NC(=O)C=1C=NN(C1C)C=2C=CC(Br)=CC2)C(=O)OC
XS569305b,COC=1C=CC=CC1N2C=C(C=N2)S(=O)(=O)N3CCC4(C3)CCCN(C)C4
XS845307a,CC(C(=O)N(CCC#N)C=1C=CC=CC1)N2CCN(CC2)C(=O)C3=CC=CS3
XS839440b,O=C(NC(CC=1C=CC=CC1)C2=NC=3C=CC=CC3N2)C=4C=CC=5OCCNC5N4
XS845304a,CCOC=1C=CC=CC1N2CCN(CC2)C(C(=O)N3CCCC3)C=4C=CC=CC4
XS836647b,CC=1C=C(C=CC1OC2CCOC2)C=3C=CC(=CC3)OCCN4CCNC(=O)C4
XS837315b,COC=1C=CC=C2CCN(CCC12)C(=O)NC(C3=NC(C)=CS3)C(F)(F)F
XS841376b,CN(C(=O)C=1C=NC(=NC1)NC=2C=CC=3SCCCC3C2)C4CCCNCC4
XS845311a,O=C(CN1CCCC1C2=NC=3C=CC=CC3S2)N4CCN(CC4)C(=O)C5CC5
XS531867b,COC=1C=C2CCN(C(=O)C=3C=CC=4CCCC4C3)C(CC(=O)O)C2=CC1OC
XS552497b,CN(CC(=O)NC=1C(Cl)=CC=CC1Cl)C(=O)C2CCCC=3C=CC=NC32
XS845305a,CC(NC1=NS(=O)(=O)C=2C=CC=CC12)C(=O)OCCOC=3C=CC(F)=CC3
XS504017b,CC1=NN2CC(CCC2=N1)NC(=O)C=3C=CC=C(C3)S(=O)(=O)N(C)C(C)C
XS845306a,CC=1N=C2C=C(F)C=CC2=CC1C(=O)N3CCN(CC3)C(C#N)C=4C=CC=CC4
XS836805b,O=C(CNC(=O)NC1CCCC=2C=C(C=CC21)OC(F)F)NCC3=CC=CO3
XS657869b,CCC(C)NC(=O)CN1CCN(CC=2C=C(Br)C=CC2OC)CC1
XS845316a,CCN(CC)S(=O)(=O)C=1C=C(C=CC1C)NC(=O)C2COC=3C=CC=CC3C2
XS836858c,N#CC=1C=CC=C(C1)NC(=O)C(C2=CC(Br)=CS2)N3CCOCC3
XS845314a,COC=1C=CC=CC1N2CC(CC2=O)C3=NC=4C=CC=CC4N3CC=5C=CC(C)=CC5
XS840640b,O=S(=O)(C1=CC=CC2=NSN=C12)N3CCN(CC3)C4CCC=5C(F)=CC=CC54
XS837635b,N#CC=1C=CC(=NC1N)NCCC2CCCCN2S(=O)(=O)C=3C=CC(Cl)=CC3
XS845328a,CC1CCCN(CC=2C=CC=CC2CNC(=O)C=3C=CC=4C(=O)N(C)C(=O)C4C3)C1
XS845323a,CC(C1=CC=2C=CC=CC2O1)N(C)C(=O)C=3C=C(C=CC3Cl)S(=O)(=O)N(C)C
XS845330a,COC=1C=CC=C(C1)COCC(=O)N(CC2=CC=CS2)C3CCS(=O)(=O)C3
XS845318a,COC(=O)C=1C=CC(=CC1)S(=O)(=O)NC(CN2CCOCC2)C=3C=CC=CC3
XS845326a,CC1=NC(=NN1C=2C=CC(F)=CC2)C(=O)N3CCCC3C4=NN=C5CCCCCN45
XS845320a,CN1CCN(CC1)C=2C=CC(=CN2)NC(=O)C3COC=4C=CC(Br)=CC43
XS845327a,CCOC=1C=C(C=CC1OC(F)F)CN(C)CC(=O)NC(C)C=2C=CC(F)=CC2
XS845321a,COC=1C=CC2=NC(C)=C(C=C2C1)C(=O)N(C)C(C)C=3C=CC(=CC3)N4C=NC=N4
XS845331a,CS(=O)(=O)N1N=C(CC1C=2C=CC(Br)=CC2)C=3C=CC=4OCOC4C3
XS845325a,CC(NC1=NS(=O)(=O)C=2C=CC=CC12)C(=O)N3CCN(CC3)C=4C=CC=CC4O
XS845332a,CC(OC=1C=CC(F)=CC1)C(=O)N2CCN(CC(=O)NC=3C=CC=C(F)C3)CC2
XS845317a,O=C(COC=1C=CC=CC1CC=2C=CC=CC2)N3CCCC3C4=NN=C5C=CC=CN45
XS845333a,CN1N=CC2=C1CCCC2NC(=O)N3CCN(CC3)C(=O)CC4=CNC=5C=CC=CC45
XS845324a,CC=1C=CC(=CC1)NC(=O)C=2C=CC(Cl)=C(C2)S(=O)(=O)NCC3CCCO3
XS845322a,O=C(NC=1C=CC=C(C1)S(=O)(=O)N2CCCC2)C3CC(=O)NC=4C=C(F)C=CC43
XS842683b,COC=1C=C2N=C(NCC3CCCO3)N4N=C(N=C4C2=CC1OC)C=5C=CC=NC5
XS836895b,CC(=O)N1CCSC=2C=CC(=CC21)NC(=O)C(=O)NC(C)C=3C=CN=C(O)C3
XS842238b,CCC=1C=CC(=CC1)C2NC=3C=C(Cl)C(=CC3S(=O)(=O)N2)S(N)(=O)=O
XS845315a,O=C(NC=1C=CC(Cl)=CN1)C=2C=CC=C(C2)NC(=O)N3CCC(C3)N4CCCC4
XS845319a,CC1=CC=C(S1)S(=O)(=O)N2CCCC(C2)C(=O)N3CCN(CCO)C(=O)C3
XS837632b,COC=1C=CC(=CC1Br)C(CC(=O)O)NCC=2C=NN(C2)C=3C=CC=C(F)C3
XS845334a,COC1=CC(=CC(OC)=C1OC)NC(=O)CN2CCC=3SC=CC3C2C4=CC=CS4
XS845341a,O=C(CCC1=NC=C(O1)C=2C(F)=CC=CC2F)NCC(C3=CC=CS3)N4CCCC4
XS845347a,O=C(CN1CCN(CC1)C(C(=O)NC2CC2)C3=CC=4N=CC=CC4S3)NC=5C=CC=CC5Cl
XS841023b,CN(C)C(CNC(=O)N1CCN(CC1)S(=O)(=O)C=2C=CC=C(F)C2)CC=3C=CC=CC3
XS845335a,CC=1C=CC(=CC1C)S(=O)(=O)N2CCC(CC2)C(=O)N3CCC=4SC=CC4C3C
XS840173b,CS(=O)(=NC(=O)C1=COC(=N1)C(F)(F)F)C2CCN(CC2)C=3N=CC(Cl)=CN3
XS845339a,CC(=O)N1CCCC=2C=CC(=CC21)S(=O)(=O)N3CCC4(C3)C(=O)NC=5C=CC=CC54
XS845348a,NC(=O)NC(CC(=O)N1CCC(CC1)C(=O)NC=2C=CC=CC2)C=3C=CC(Cl)=CC3
XS845340a,CC(C)(C)C=1C=C(NC(=O)COC=2C=CC(F)=CC2Cl)N(N1)C3CCS(=O)(=O)C3
XS840468b,COC(=O)C=1C=CC(=C(Cl)C1)S(=O)(=O)N(C)CC(=O)NC2CCS(=O)(=O)C2
XS005478d,CCCN1C(=O)N(CC(=O)N2CCCC2C=3C=CC(=CC3OC)OC)C=4C=CC=CC41
XS845346a,O=C(CC1=CSC(=N1)C=2C=CC=C(F)C2)N(CC3=CC=CO3)C4CCS(=O)(=O)C4
XS845336a,CC(C(=O)NC(=O)NC=1C=CC=2OCCOC2C1)N3CCN(CC=4C=CC(C#N)=CC4)CC3
XS839674b,CN1N=CC=C1C2CCCCN2C=3C=CC(=CC3[N+]([O-])=O)S(=O)(=O)N4CCOCC4
XS845337a,CC1=NN(C(C)=C1S(=O)(=O)N(C)CC2=CC=CO2)C(C)C(=O)N3CCC(CC=4C=CC=CC4)CC3
XS154902c,NC(=O)C1=C(NC(=O)CN2CCCC2C=3C=CC=4OCCOC4C3)SC=5CCCC15
XS845343a,O=C(NC=1C=CC=CC1N2CCOCC2)C=3C=CC=C(C3)S(=O)(=O)NCC4CCCO4
XS845342a,CCC=1C=CC(=CC1)N2CC(CC2=O)C(=O)NC=3C=CC(C)=C(C3)S(=O)(=O)N(C)C
XS845338a,CC(=O)NC1=CNN=C1C2CCCN(C2)C(=O)CC3=COC4=CC(C)=C(C=C34)C(C)C
XS845345a,O=C(C=1C=CC=C2C(=O)N(CC12)C3CCC(=O)NC3=O)N4CC=C(CC4)C5=CNC=6C=CC=CC56
XS555524b,CC=1OC(=NC1C(=O)N2CC(C)(C)OC3(CCOC3)C2)C=4C=CC=C(C4)C(F)(F)F
XS845344a,CC(C(=O)NC1CCCCCC1)S(=O)(=O)CC=2C=CC=C(C2)S(=O)(=O)N(C)C
XS837411b,CC(C=1C=CC=C(C#N)C1)N2CCN(CC3=NN=NN3C=4C=CC(=CC4)C(F)(F)F)CC2
XS841423b,OC=1C=CC(=CC1)C2C=C(NC3=NC(=NN32)C(F)(F)F)C=4C=CC=C(C4)N5C=NN=N5
XS839168b,CN1C=C(CNC=2C=CC(C#N)=CC2S(=O)(=O)NCC3CCCCO3)C(=N1)C(F)F
XS838618b,CC=1N=CC(NC2CCCSC2)=C(C)N1
XS839931b,CCC1=NC(CN2CCOCC2C(N)=O)=NO1
XS842271b,CC(NC=1C=CC(=CC1F)[N+]([O-])=O)C(C)(C)O
XS845349a,CCC(C)(NC(=O)CCCNC)C=1C=CC=CC1
XS837001b,C#CC=1C=C(NC(=O)C2CC2(C)C)N(C)N1
XS845356a,O=C(NC=1C=CC=CC1)C2COCCO2
XS842712b,CC1CN(C=2N=CC(=CN2)[N+]([O-])=O)C(C)(C)C1
XS570307b,CCN(CC1CCCO1)C(=O)NC=2C=CN=CC2
XS781393b,CNC(=O)C(CC(C)C)NC(=O)C=1C=NC=CN1
XS845350a,CC1(CCNC1)NC(=O)CCC=2C=CC=CC2
XS841032b,CC#CC(=O)N(C1CC1)C2CC(=O)NC2=O
XS845358a,CNC(C)C(=O)N1CC=2C=CC=CC2C1
XS845355a,CC(O)CNC(=O)C=1C=CC(=NC1)C(F)(F)F
XS663784b,CC=1C=CC=C(C1)C(=O)NC2CCC(=O)NC2=O
XS845353a,CC1(C)CCC1NC(=O)C2=CC=CN3N=CC=C23
XS840326b,CCOC(=O)C(C)NC=1C=CC(Cl)=CC1
XS845352a,CCOC=1C=CC=CC1NC(=O)C2CCCO2
XS845354a,CC=1C=NC(=CN1)C(=O)NC(C)C2=CC=CS2
XS836865b,COC(=O)C1CC=2C(O)=CC=CC2N1
XS840385b,CCC(C)NC(=O)C1=CC=2C=CC=CC2OC1=O
XS845357a,CCCC(C)NC(=O)NC=1C=C(F)C=CC1C
XS845359a,CCC1CCCCN1C(=O)NC=2C=CC=CN2
XS845351a,CCC1=NN=C(CN2CCCC(C)C2)O1
XS840809b,COCC(C)OC(=O)C=1SC=NC1C
BD008818b,C=1C=CC2=C(N=CN=C2C1)NCC3CCOC3
XS839491b,O=C(NC=1C=CC=NC1)C2CC3(CCCCCC3)N2
XS840338b,COC(=O)C(C)N1C=C(N=N1)C2=NNC=3C=CC=CC23
XS592620b,CC1CC=2C=CC=CC2N1C(=O)C=3C=CNC(=O)C3
DR000451d,N#CC=1C=CN=CC1N2CCCC(C2)N3CCNC3=O
XS839391b,COC(=O)C=1C=C(C)N=C(N1)N2CCC2C(C)(C)F
XS845364a,CCC=1C=CC(=CC1)C(C)NC(=O)CN2C=CN=C2
XS845361a,CN1C=C(C(=O)NC2CCN(C)C2=O)C(=N1)C(F)F
XS838338b,NC(C1=NC(=CS1)C2=CNC=3N=CC=CC23)C4CC4
XS673686b,O=C(NCC=1C=CC=2OCOC2C1)C3CNCCO3
XS172120b,CC(C(=O)N1CCC=2C=CC=CC2C1)N3C=NC=N3
XS435294b,CC1=CN2N=C(SC2=N1)N3CCCC(C3)C(N)=O
XS840316b,CC=1N=CC=NC1C(C)S(=O)(=O)C=2C=CC=CC2
XS845368a,COCCN1C=C(C=N1)NC(=O)N2CCCC(C)C2
XS407908b,NC=1C=C(N=CN1)N2CCOC(CN3C=CC=N3)C2
XS842163b,O=C(NC=1C=CC=C2NC(=O)NC12)C3CCCOC3
XS845367a,COC(=O)C1=C(C)NC(=O)NC1C2=CC=C(C)S2
XS845365a,CC1CC=2C=CC=CC2N1C(=O)C=3C=CC(=O)N(C)N3
XS156422b,COC=1C=CC(=CC1)CC(=O)NC(C)C=2C=CC=NC2
XS845362a,COCC1CN(CC=2C=CC=CC2OC)CCO1
XS841037b,CC1=NN(C)C(C(=O)OC(C)C(C)C)=C1[N+]([O-])=O
XS845360a,CC(C)(C)C1=NOC(=N1)C2CCOC=3C=CC=CC32
XS845363a,CC1=NN(C(C)=C1C)C(C)CC(=O)NC=2C=CC=NC2
XS838020b,CC(C)CCNC(=O)C1CCN2C(=O)NN=C2C1
XS842644b,COC(C)C(=O)NC=1C=CC2=NN=C(C(C)C)N2C1
XS840278b,CC1=NC=CN1C(C)C(=O)NC2=CNC=3C=CC=CC23
XS836983b,CC=1NC(=O)N(C)C(=O)C1NC(=O)CC2C=CCC2
XS845366a,O=C(NCC1COC=2C=CC=CC2O1)C3=CC=CO3
XS845373a,CC=1C=CC=CC1C2=NN=C(O2)SC3CCOC3=O
XS845376a,CCNC1=NC(=CS1)C(=O)N2CC(=O)N(C)C(C)C2
XS402087b,CC(NC(=O)C=1C=CC(C#N)=CC1)C=2C=CC(Cl)=CC2
XS845369a,CC(SC=1C=CC=CN1)C(=O)NCC2=CC=CS2
XS845370a,O=C(CCC=1C=CN=CC1)N2CCCC2CN3C=CC=N3
XS838762b,C=1C=CC(=CC1)C2CN(CC=3N=NNN3)C=4C=CC=CC42
XS845371a,CC=1C=CN=C(N1)NC(CO)CC2=CNC=3C=CC=CC23
XS840546b,CC=1C=NC(=NC1)S(=O)(=O)C(C)C(=O)NC(C)(C)C
XS736263b,CCC(C(N)=O)N1CCN(CC1)C=2C=CC=C(Cl)C2
XS845377a,CC(NC(=O)C1=CC=CO1)C2=NN=C3CCCCCN23
XS329001b,O=C(O)C=1C=C(C=CC1Cl)NC(=O)C2CC=CCC2
XS845379a,CCCC(C)NC(=O)NC=1C=C(OC)C(=CC1C)OC
XS836844b,CC=1C=NC=CC1CC(=O)NC(CO)CC2CCCC2
XS845378a,CC(NC(=O)CCC1=NC(=NO1)C=2C=CN=CC2)C3CC3
XS633906b,CC=1C=C(CNC(=O)N2CCCC2C=3C=CC=CC3)ON1
XS839385b,C=1C=C2OCOC2=CC1CC3=NN=C(O3)C4CCOC4
XS837562b,CCC(C)(C)NC1=NN=C(O1)C2CCS(=O)(=O)C2
XS836686b,CC1=NOC(C)=C1C(C)NC2=NOC(=N2)C=3C=CC=CC3
XS837195b,COC=1C=CC(=CN1)NC(C)C2=CN(N=N2)C3COC3
XS845374a,CC(NC(=O)COC=1C=CC=CC1C#N)C=2C=CC=CC2
XS712256b,CC=1C=CC(=C(F)C1)N2CC(CC2=O)C(=O)NC(C)C
XS845372a,CCC(C)(NCC(=O)N1CCOCC1)C2=NC=CS2
XS845375a,CC=1C=CC(=CC1F)C2=NOC(=N2)C3CCCOCC3
XS842236b,CN1CCCC(NC=2C=NC=C(C#N)N2)C=3C=CC=CC31
XS497494b,O=C(O)C(CNC(=O)C1=CC=CS1)C=2C=CC=CC2
XS842384b,CC(NCC1=CC=2C=CC=CC2NC1=O)C3=NN=CS3
XS839239b,CN(C)C(=O)C1CCN1C(=O)C=2C=CC=C3CCNC23
XS845384a,COC=1C=C(C=CC1C)CC(=O)NC2CCC=3C=CC=CC32
XS845391a,CC=1C=CC=C(C1)C(=O)N2C=3C=CC=CC3NC(=O)CC2C
XS588663b,O=C(C=1C=CSC1)N2CCCC2C3=NOC(=N3)C4CC4
XS839351b,CCC(NC1=NC=2C=CC=NC2S1)C3=NC=C(C)S3
XS845380a,CC1=NC(=CS1)CC(=O)N2CCCC(C2)N3C=CN=C3
XS559941b,COC=1C=C(F)C=C(C1)CN2CCCC(O)(CC(N)=O)C2
XS839910b,CC1=NN(CCC2CCNC2=O)C=3C=CC(=CC13)[N+]([O-])=O
XS574590b,CC1=NOC(COC2CN(C2)C(C)C=3C=C(C)C=CN3)=N1
XS836491b,CC1CN(CC=2C=C(Cl)C3=CC=CC=C3C2O)CCO1
XS845387a,COC=1C=CC(C)=CC1CNC(C)C2=NN=C3CCCN23
XS845393a,CC=1C=CC=C(C(=O)NC(C)C(=O)N2CCOCC2)C1C
XS845390a,CC=1C=C(C=CC1Cl)OC(C)C(=O)NC=2C=CN(C)N2
XS845383a,CCNC(=O)NC(=O)C(C)OC(=O)C=1C=C(C)C=C(C)C1
XS845385a,CNC(=O)NC(=O)CN1CCCC1C=2C=CC=C(C2)OC
XS622175b,COC=1C=CC=C(C1)C(=O)NC2CCN(C2)C=3C=CC=CN3
XS845388a,CCOC(=O)C1CCCN(C1)S(=O)(=O)C=2C=CC=CC2
XS520318b,CCN1CC(CC1=O)C(=O)NC=2C=CSC2C(=O)OC
XS845392a,O=C(NCC1CCCN(CC=2C=CC=CC2)C1)NC3CC3
XS505177b,NC(=O)C=1C=CC(=CC1)NC(=O)C2CCC=3N=CN=CC3C2
XS445654b,CC=1C=CC=C(C1)NC(=O)N2CCCC2C(=O)NC3CC3
XS845386a,CCCNC(=O)C(C)SC1=NC=CN1C=2C=CC=CC2
XS845381a,CC=1C=C(NC(=O)CN2CCCC2C=3C=NN(C)C3)ON1
XS799368b,CC1CC=2C=CC=CC2N1C(=O)C=3C=CC=C(C3)NC(N)=O
XS155662b,CC=1C=CC(C)=C(C1)NC(C(=O)NC2CC2)C=3C=CC=CC3
XS845382a,CC=1C=C(F)C=C(C1)NC(=O)N2CCCC(CC(N)=O)C2
XS389451b,O=C(NCC1CCS(=O)(=O)C1)C2=CC=3C=CC=CC3N2
XS845389a,COC=1C=CC(=CN1)NC(=O)NC(CO)C=2C=CC=CC2
XS508640b,CN1C=C(C=N1)CCC(=O)N2CCCC2C=3C=CC=C(F)C3
XS839101b,CC(C(=O)N(CCC#N)CCC#N)C=1C=CC=C2C=CC=CC12
XS845401a,CC(CN1C=CC=N1)NC(=O)CCC=2C=CC=3OCOC3C2
XS418652b,CC=1C=CC=NC1NC(=O)C2CC(=O)NC=3C=C(F)C=CC32
XS632453b,CCN1N=C(C)C(C(=O)NC2CCC3=NC(C)=NN3C2)=C1C
XS845397a,NC(=O)C(NC(=O)CCOC=1C=CC=CC1)C=2C=CC=CC2
XS845402a,COC(C)CCNC=1C=CN2N=CC(Br)=C2N1
XS557698b,O=C1CCC(CN1)NCC=2C=C(Cl)C=CC2OC(F)F
XS839465b,CC=1N=C(OC1C#N)N2CCC=3C=CC(Cl)=C(F)C3C2C
XS811503b,CC=1C=CN=C(C1)NCC2CCN(C2)C=3C=C(C)N=C(N)N3
XS593517b,CN1CCN(CC1C2=NC=CN2)C(=O)NCCN3C=CC=N3
XS845395a,CN1C=CN=C1CNCC2CCCN3C=C(N=C23)C(C)(C)C
XS036223d,CCC(C(=O)NC=1C=C(C)ON1)N2CCC=3SC=CC3C2
XS845399a,O=C(CCCC1=NC=2C=CC=CC2S1)NCC3CCCO3
XS761933b,CC1=NOC(C)=C1C(C)C(=O)NC2(CCC2)C=3C=CC=CC3
XS587258b,CN1C=CN=C1C2CCN(C2)C(=O)NCC=3C=CC(F)=CN3
XS845400a,CC(=O)NC(CC(=O)NC=1C=CC=C(F)C1)C=2C=CC=CC2
XS742404b,CCOC=1C=CC=CC1N(C)C(=O)C2CCN3C=CN=C3C2
XS525933b,CC=1NN=CC1C(=O)N2CCCC2C=3C=CC=4OCOC4C3
XS845394a,CC1=CSC(=N1)C2CCCCN2C(=O)C=3C=NC(C)=CN3
XS842533b,O=C(CN1C=C(C=N1)NC2CCCC=3OC=CC32)NCCO
XS845403a,CC1=NOC(CCCC(=O)N2CCCC2C=3C=CN=CC3)=N1
XS845404a,CC1=CC(C(=O)NC(C)C2CC2)=C(C)N1CC3=CC=CS3
XS840753b,CC(OC=1C=CC(=CC1)OC=2C=CC=C(F)C2C#N)C(N)=O
XS845396a,CN1CCCC2(CCN(C2)C3=NC=4C=CC=CC4S3)C1=O
XS840038b,CC1=NN(C)C(C)=C1CC(C)C2=NC(=NO2)C3=CN=CS3
XS845398a,CC(C)C(N)CNS(=O)(=O)C=1C=CC(C#N)=C(Cl)C1
XS501457b,CC=1C=COC1C(=O)NC(CC=2C=CC=CC2)C(=O)NC3CC3
XS839389b,CC(C)(C)N1N=NN=C1COC=2C=CC(=CC2)C3CC3(F)F
XS845417a,CCC(C)N1N=CC=2C(=CC(C)=NC21)C(=O)NCC=3C=CNN3
XS840815b,COCCOCCCC(=O)NC1(C)CCC=2C=CC=CC2C1
XS336224b,COC1CCCCN(CC(=O)N(C)CC=2C=NN(C)C2)C1=O
XS845414a,COC=1C=CC2=C(C1)NC(=O)C32NC(=O)C=4C=CC=C(C)C4N3
XS845416a,CCN(C(=O)C=1C=C(Cl)C=C(Cl)C1)C2CC(=O)NC2=O
XS556800b,O=C(CN1C(=O)NC(=O)C=2C=CC=CC21)N3CCC(C3)C4CC4
XS845407a,COCC(=O)NC(C)C=1SC(=NC1C)C=2C=CC=CC2F
XS845408a,CC(=O)NC1(CCN(CC=2C=CON2)C1)C3=NC(C)=CS3
XS399452b,CNC(=O)NC(=O)C(C)OC(=O)C=1C=CC=2N=CSC2C1
XS845411a,CCCNC(=O)C(C)NC(=O)CCCC1=NC(=NO1)C(C)C
XS152846b,CC(NC(=O)COC=1C=CC=C(F)C1)C2=NC=3C=CC=CC3N2
XS735060b,CC=1C=CC(=CC1C)OCC(=O)N2CCCC(O)(C2)C(N)=O
XS845415a,CCC(C)NC(=O)C=1N=CC=NC1C2=NC=3C=CC=CC3S2
XS845409a,CN(C)S(=O)(=O)C=1C=CC=C(C1)C(=O)OC2CCOC2=O
XS845405a,CCN1C(=NC=2C=CC=CC21)C(C)NC(=O)CC=3C=CC=CC3
XS555465b,CC1(CCCC1)NC(=O)C2CCS(=O)(=O)C=3C=CC=CC32
XS662618b,CC=1C=CC=C2C=C(OC12)C(=O)N3CCCC(C3)N4C=CN=C4
XS845412a,CCOC=1C=C(C(C)=CC1C)S(=O)(=O)N2CCCC(C)C2
XS845410a,CC(NC(=O)C=1C=CC(=CC1)N2CCOC2=O)C=3C=CC=CC3
XS845413a,O=C1NC(CN2CCCC2C=3C=CSC3)=NC=4C=CC=CC14
XS624880b,CNC=1C=C(N=CN1)N2CCCC2CNC=3C=CC=C(C#N)N3
XS845406a,O=C1C=C(CN2CCCC(C2)C=3C=CN=CN3)NC4=CC=NN14
XS839255b,CCC1=NN=C(O1)C(C)NCCC=2C=NN(C2)C=3C=CC=CC3
XS840026b,CCC(C)OCC1=NC(CC2=NN=CN2C=3C=CC=CC3)=NO1
XS841911b,O=C(NCC1CCC=CO1)NC=2C=CC(=C(F)C2)N3C=NN=N3
XS591515b,NC(=O)CN1CCC(CC1)NC2CCCSC=3C=CC=CC32
XS845425a,CCNC(=O)C=1C=CC(=CC1)NC(=O)C2CC(=O)N(C2)C3CC3
XS845419a,CC=1C=CC=C(C1)C2(CC2)C(=O)NCC(C)N3CCN(C)CC3
XS845418a,O=C(C1=CC=2CCCCC2S1)N3CCCC(C3)N4C=CC=N4
XS845421a,O=C(NCC(C1=CC=CO1)N2CCCCC2)NC=3C=CC=NC3
XS840414b,CC(C)OC=1N=CC=CC1CNC(=O)NC(C)CC2=CC=CO2
XS845422a,CN1N=CC=2C(=O)N(C=NC21)CC(O)COCC=3C=CC=CC3
XS840416b,CCC(C)(C)NC(=O)C(C)S(=O)(=O)CC=1C(C)=NOC1C
XS838358b,CC1=NOC(COC=2C=CC(=CN2)C(=O)OC3CCNC3=O)=N1
XS839615b,O=C(OCC1CCC=2C=CC=CC21)C=3C=CC=C(N3)N4C=CN=C4
XS839882b,CC(NC=1C=C2NC(=O)OC2=CC1Cl)C3=NN=NN3C4CC4
XS708576b,CC=1N=C(CC2CC2)SC1C(=O)NC3COC=4C=CC=CC43
XS837854b,CC(NC(=O)C1(C#N)CCOCC1)C2=CC=3C=CC=C(F)C3O2
XS443766b,O=C(O)C1CN(C(=O)C=2C=C(Cl)C=CC2F)C=3C=CC=CC31
XS845423a,COCC1=C(OC=2C=CC=CC12)C(=O)NC(C)C3=CC=CS3
XS845424a,CC=1C=C(C)N2N=C(N=C2N1)C(=O)NC(C)CC3=CC=CS3
XS845426a,O=C(NC1CC1)C(C=2C=CC=CC2)N3N=NC(=N3)C=4C=CC=CC4
XS728848b,CNC(=O)CCCC(=O)N1CCCCCC1C=2C=CC=C(C)C2
XS838044b,CN1N=CC=2C(=NC=NC21)NC=3C=CC(=CC3)OC4CC4(F)F
XS475765b,CC=1C=C(NC(=O)NC2CCCN(C2)C=3C=CC=CC3F)ON1
XS470266b,N#CC=1C=C(C=CC1F)NC(=O)N2CCCC(C2)N3CCCC3
MR045312c,CN(C1CCN(C1)C2CC2)S(=O)(=O)C=3C=CC=C4C=COC34
XS066774c,CC1CN(C2=NC3=C(C(=O)NC(=O)N3C)N2C1)C4CCCCC4
XS845420a,CCCC1=NOC(CN2CCCC(C2)C=3C=C(NN3)C(N)=O)=N1
XS579084b,O=C(NC=1C=CC(=CC1)C=2C=CC=CC2)C3CCN4C=CN=C4C3
XS838427b,CC1=NC(=CC(=N1)NCC2CCCC(F)(F)CC2)N3C=NC=N3
XS838888b,COC=1C=CC=2N=C(CN3NC(=O)CC3C=4C=CC=CC4)NC2N1
XS837085b,O=C(NC1=NC(=NN1)C=2C=CC=CC2F)C3CCN4C=NC=C4C3
XS845427a,COC=1C=CC(=CN1)C(=O)N2CCN(CC(O)C(C)(C)C)CC2
XS845428a,CC=1C=CC(C)=C(OCC(O)CN(C)CC(=O)NC(C)C)C1C
XS659357b,CC=1C=NN(C1)CC2CCCN2CC3=NC(=NO3)C=4C=CC=CN4
XS845434a,CC(C)(C)C=1C=CC(=CC1)S(=O)(=O)NC2CCCCNC2=O
XS838039b,O=C(NCCN1C=2C=CC=CC2C=3C=CC=CC31)N4CCC4CO
XS837795b,CC=1C=C(Br)C=C2C(=NNC12)C(=O)N3CCC3CF
XS836956b,O=C(NC1=NN=CS1)C2CC(=O)N(C2)C=3C=CC(F)=C(F)C3
XS845433a,CC1=CC(=O)N2N=C(NCCCOCC3CCCO3)SC2=N1
XS821920b,O=C(NCC=1C=CC=NC1N2C=CC=N2)C3CC(=O)N(C3)C4CC4
XS840064b,CN1C=C(Cl)C=C1C(=O)N2CCC(CC2)OCC3CCOC3
XS845435a,O=C(NC=1C=CC=CC1F)NC(C=2C=CC=CC2)C=3C=CN=CC3
XS845429a,COC=1C=CC(=CC1OC)C2=NN=C(O2)SCC3CCCO3
XS839516b,CC1=NC=CN1C=2C=NC=C(N2)N3CCOC(CN4C=CC=N4)C3
XS845431a,CC=1C=C(F)C=2CC(NC2C1)C(=O)NCC3(CO)CC(C)(C)C3
XS845432a,CNC(=O)CN1C=2C=CC=CC2C(=O)N(C)C1C=3C=CC=CC3O
XS546392b,CN1N=C(N=C1N)C2CCCN2C(=O)CC=3C=CC=4CCCC4C3
XS575856b,O=S(=O)(C=1C=CC(F)=CC1)N2CCC(O)(CN3C=CN=N3)C2
XS761360b,COC=1C=CC(C(=O)N2CCCC(C2)NC(C)=O)=C3C=CC=CC13
XS837271b,CCOC(=O)C1=CCC(C1)NC(=O)C=2C(F)=CC=C3OCOC23
XS409704b,CC1CCCC2=NC(=CN21)S(=O)(=O)N(C)C=3N=CC=CC3F
XS845436a,CC1=NNC(C)=C1C2NC=3C=CC=CC3C(=O)N2CC4=CC=CO4
XS841655b,CC1CN(CC=2C=C(Cl)C=C3COCOC23)C4(COC4)CO1
XS845430a,COC(=O)CCCNC(=O)C=1C=CC(=CC1)OCC2CCCO2
XS845443a,CCCN(CC=1C=CC(C#N)=CC1)C(=O)NC(C)C2=NN=CN2C
XS841109b,CC=1N=C2C(F)=CC=CC2=CC1C(=O)NC(C)CS(=O)(=O)F
XS845447a,CC1=NC(COC=2C=CC(=CC2)C(=O)N3CCCC(C)CC3)=NO1
XS840736b,CCN1CCN(CC1C2=NC=CN2C)C(=O)C3=CNC(=O)C=C3C
XS597649b,CC1=NN=C(O1)C2COCCN2C(=O)COC=3C(C)=CC=CC3C
XS845442a,O=C(CCCC=1C=CC=CC1)N2CCCC(C2)C(=O)NCC3CC3
XS845438a,O=C(NC(CN1CCOCC1)C=2C=CC=CC2)C=3C=CC=CC3F
XS712564b,CCN1C=NN=C1CNC(=O)CN2C(=O)C(C)OC=3C=CC=CC32
XS676149b,CC=1C=NN(C1)CC2CCCCN2C(=O)C=3C(C)=NOC3C(C)C
XS570647b,CC=1C=CC=CC1N2C=C(C=N2)C(=O)NC3CCC(=O)NC3(C)C
XS549660b,CC=1C=CC(=C(C1)C(=O)NC2CCC(=O)NC2(C)C)N3CCCC3
XS845444a,CC1(CN)CCN(CC2=CSC(=N2)C=3C=CC(=CC3)C(N)=O)C1
XS845437a,CC1=NN(C)C=2SC(=CC12)C(=O)N3CCCC(C3)N4C=CC=N4
XS845446a,CC1=NN(C(=O)C1C(=O)NC=2C=CC(Cl)=CC2)C=3C=CC=CC3
XS481260b,CNC(=O)C=1C=CC(=NN1)NCC2CCCN(C2)C=3N=CC=CN3
XS845440a,CC(NC=1C=CC(=CC1)NC(=O)C2=CC=CO2)C(=O)N3CCCC3
XS477978b,COC=1C=CC=CC1OC2CCCN(C2)C(=O)CCC3=NN=CN3
XS558408b,COC=1C=CC=C2C1CCC2(N)C(=O)NCC=3C(C)=NN(C)C3C
XS836662b,CC1=CN2N=C(NCC3CCC4=C(C=NN4C3)C(N)=O)SC2=N1
XS845441a,COC=1C=C(C=C(Cl)C1OC)C(=O)N2C=3C=CC=CC3CC2C
XS837976b,CCOC(=O)C=1C=C2OCC(CN2N1)NS(=O)(=O)NC3CC3
XS755946b,CC(=O)NC1(CCN(C1)C=2N=CC=NC2C#N)C3=NC(C)=CS3
XS845445a,O=S(=O)(C1=CC=C(CN2CCCCC2CO)O1)N3CCCC3
XS839433b,CCC1C(=O)N(N=C1C=2C=CC=C(C)C2)C=3N=NC=C(N)C3Cl
XS845439a,O=C(C=1C=CC=C(F)C1)N2CCCC2C=3C=CC=4OCCOC4C3
XS845449a,CC(C)C1=NC=CN1C2CCCN(C2)C(=O)C=3C=C(ON3)C4CC4
XS837697b,CCN1C=C(C=CC1=O)NC(=O)NC2CCOC3(CCOCC3)C2
XS845455a,O=C(CCC1CCCO1)NC2=NC=C(CC=3C=CC=CC3F)S2
XS802123b,CSC=1C=CC(=CC1)N2CC(CC2=O)C(=O)NC(C)(C)C(N)=O
XS845453a,CC(=O)NC(C(=O)N1CCN(CC1)C2=NC=CS2)C3CCCC3
XS837943b,CN1CC2(CCN(CC2)S(=O)(=O)C3CCOC3)C=4C=CC=CC41
XS841026b,O=C1CC2(CC2)C(CN3C=NC4=C(N=CN4C=5C=CC=CC5)C3=O)O1
XS845450a,CC1=CC=C(O1)C2=CC=C(S2)C(=O)N3CCCCC3CC(N)=O
XS717769b,COC=1C=CC=CC1CNC(=O)C(C)SC2=NC(N)=CC(C)=N2
XS845456a,CN(C(=O)C=1C=CC=C(C1)N2CCNC2=O)C3CCC=4C=CC=CC43
XS845448a,COC=1C=CC(=CC1)NC(=O)N2CCN(CC2)C(=O)C3CCCO3
XS845452a,O=C(NCC=1C=CC=CC1CN2C=CN=C2)C3CC=4C=CC=CC4O3
XS839047b,FC=1C=CC(=CC1)CN2C=C(C=N2)OCC3CC4(CCOCC4)O3
XS839653b,O=C(O)C1CCN2C(=NN=C2C1)C=3SC=4C=CC=CC4C3Cl
XS700366b,CC1=NC(=NO1)C2(CCCC2)NC(=O)CC(C)C=3C(C)=NOC3C
XS845451a,CC(OC(=O)C=1C=CC(=O)N(C1)CC=2C=CC=CC2Cl)C(N)=O
XS842734b,CC(=O)NCC(C)OC(=O)C=1N=C(NC1C)C=2C=CC=C(Cl)C2
XS793778b,N#CC=1C=CC(=CC1)CN2CCN(CC2)C(C(N)=O)C=3C=CC=CC3
XS663175b,CC=1C=CC(=CC1NC2CCN(C2=O)C=3C=CC(C#N)=CC3)C(N)=O
XS632761b,CN1C=NN=C1CC2(O)CCCN(CC3=NC(=NO3)C(C)(C)C)C2
XS837842b,CC1=NC(C)=C(S1)C(C)N(C)C2=C(C#N)C(=O)N(C)C(=O)N2C
XS845457a,CCOC=1C=CC(=CC1C)NC(=O)N2CCCC(C2)NC(=O)CC
XS837791b,O=C(NC1C=CCNC1)C=2C=CC3=CN=CC(Br)=C3N2
XS838838b,COC=1C=C(C=CN1)CCN2C(=O)NCC(C2=O)C3CCCCC3
XS839225b,N#CC1=NC=CN1C2CCN(C2=O)C=3C=CC=C(C3)OC(F)(F)F
XS845470a,CCC=1OC(=CC1C(=O)O)C(=O)NC(CC)C=2C=CC=C3C=CNC23
XS790686b,O=C(NC1CCC2=NC=CN2C1)C=3C=CC=NC3OCC(F)(F)F
XS845462a,CC=1C=CC(=CC1)C2=NN=C(CN3CCCC(CN4C=NC=N4)C3)O2
XS845460a,CC(OC=1C=CC(F)=CC1)C(=O)NC=2C=CC=C(C2)S(C)(=O)=O
XS845471a,O=C(NCCCCN1CCOCC1)N2CCCC2C3=CC=CS3
XS845464a,O=C(NC1CC(=O)N(C1)C=2C=CC(Cl)=C(F)C2)C3=CC=CS3
XS845467a,CC1(C)CN(C(=O)C=2C=NN(C2)C3CC3)C1C4=NC=CN4CC5CC5
XS845461a,CN1CCN(CC1)C=2C=CC(=CN2)NC(=O)C3CCC=4C=CC=CC43
XS845458a,CC=1C=C(Cl)C=CC1OC(C)C(=O)N2CCCN(CC2)C(N)=O
XS713562b,COC=1C=CC=C(C1)C2CCCN2S(=O)(=O)N3CCCCCC3
XS842737b,CC1CN(CCN1C=2C=CN=CC2)C=3N=CN=C4C3NC(=O)CN4C
XS845465a,CC1CCCCN1C(=O)COC(=O)C=2C=CC(=CC2)S(C)(=O)=O
XS845466a,CC(=O)NC1(CCN(CC=2C=CC=C3C=COC23)C1)C4=NC(C)=NO4
XS732590b,CC=1C=CC(=CC1)C(CC(=O)O)NC(=O)CN2N=NC=3C=CC=CC32
XS845469a,CC1=NC(=CS1)CSCCC(=O)NC(C)C=2C=CC=C(F)C2
XS842422b,O=C1C=2C=CC=CC2N=C(C=3C=CC=CC3)N1C4CCS(=O)(=O)C4
XS840368b,CC=1OC(=C(C#N)C1C(=O)NC(C)C=2C=CC(F)=CC2)N3C=CC=C3
XS845463a,CCC1=NN2CCCC(NC(=O)C3(CC=4C=CC=CC4)CCC3)C2=N1
XS573881b,OC1(CN2C=CN=N2)CCCN(CC3=NC(=NO3)C=4C=CC=CC4)C1
XS549970b,CC1=C(C=NN1C2CCS(=O)(=O)C2)C(=O)NC(C3CC3)C4CC4
XS802595b,COC1=C(C(C)=NN1C)C2CCCN2C(=O)C3=CC=C(Cl)S3
XS836458b,CC1(C)CCC=2ON=C(CN3C=C(CCS(C)(=N)=O)N=N3)C2C1
XS626195b,CC1=NOC(=N1)C2CC(=O)N(C2)C3CN(C3)C=4C=CC(C#N)=C(C)N4
XS732058b,CCOC=1N=C(C)C=CC1C(=O)NC(C)C=2C=CC=3NC(=O)CC3C2
XS845479a,CC1=NC=2C=CC=CC2N1CC(=O)NC(C)C=3C=CC4=CC=CC=C4C3
XS845481a,CN1C=CC(=N1)C2=NC(=CS2)C3=NOC(=N3)C4(C)CCNC(=O)C4
XS840623b,[O-][N+](=O)C=1C=CC=NC1OC=2C=CC(=CC2)OC3CCCCNC3=O
XS845472a,COC1=CC(=CC(OC)=C1Br)C(=O)N2CCCC(C)C2
XS845485a,CC1=NC=2C=CC=CC2C(=O)N1CCCC(=O)N3CCCC(C)CC3
XS845478a,O=C(C1=CNN=C1C2CCOC2)N3CCC(CC=4C=CC=CN4)CC3
XS727384b,CC=1C=CC(=NC1)NC(=O)C2CCCN(C2)C(=O)C=3C=CC(F)=CN3
XS839237b,CC(C)N1C=C(CNC(=O)NCC2CC=3C=CC=CC32)C(=O)NC1=O
XS845477a,O=C(C=1C(F)=CC=CC1F)N2CCCC(C2)C3=NN=C4C=CC=CN34
XS587514b,CC(C)OC=1C=CC=C(C1)CN(C)C(=O)NC2CCC=3NN=CC3C2
XS845474a,CC=1C=C(F)C=C2NC(=CC12)C(=O)NC3CCN(C3)C=4C=NN(C)C4
XS845475a,CCC=1C=CC(=CC1)C(NC(=O)C(=O)NC=2C(C)=NOC2C)C(C)C
XS845480a,CC(NC=1N=C(N=C2C=CC=CC12)C=3C=CC=NC3)C=4C=CN=C(O)C4
XS845483a,N#CC1(CCCCC1)NC(=O)CN2CCCC2CC=3C=CC=C(F)C3
XS527408b,CC1=NN(C)C(C)=C1CC(C)NC(=O)NCC=2C=CC(=CC2)C3CC3
XS845484a,O=C1OCCC1SC=2C=CC(=CN2)S(=O)(=O)N3CCOCC3
XS003672d,CCC1=NC=2C=CC=CC2N1CC(O)COCC=3C=CC(Cl)=CC3
XS845473a,CNC(=O)C=1C=CC(=CN1)C(=O)N2CCCC2CN3N=C(C)C=C3C
XS836823b,CC=1C=CC(=CC1F)CS(=O)(=O)N2CCCC3(CCCCO3)C2
XS466836b,CC(C)C=1N=CN=CC1C(=O)N2CCCC(C2)C=3C=C(NN3)C(N)=O
XS839903b,COC=1N=CC(Cl)=C(N1)N2CCN(CC2)C3(CCOC3)C(N)=O
XS842592b,COC(=O)C(NC(=O)C1=CSN=C1C)C=2C=CC(Cl)=C(F)C2
XS836845b,NC(=O)C=1C=CC(COC(=O)C2CNC=3C=CC=CC32)=C(C1)[N+]([O-])=O
XS840267b,O=C(NC=1C=CC(=CN1)OC(F)F)N2CCN3C(=O)OCCC3C2
XS845482a,CCN(CC1COC=2C=CC=CC2O1)C(=O)NCC=3C=CC=C(F)C3
XS390851b,N#CC=1C=CC=CC1CN(CC2=CC=CS2)C3CCS(=O)(=O)C3
XS841856b,CCC(NC(=O)N1CCN(CC1)C2=NN=CN2C)C3=CSC(C)=C3
XS845488a,CN1C=CN=C1C(NC(=O)C2=CC=C(Cl)S2)C=3C=CC=CC3F
XS810177b,O=C(COC=1C=CC(F)=CC1F)NC2CCCN(C2)C=3N=CC=CN3
XS845494a,COC=1C=CC(OC)=C(C1)C(C)NC(=O)C=2C=CC(OC)=C(C2)OC
XS845490a,O=C1C=C(N=C2C=CC=CN12)N3CCCC3C=4C=CC=5OCCOC5C4
XS842578b,COC(=O)C=1C=C(CN2CCC(C2)S(C)(=O)=O)C(Cl)=CC1O
XS722648b,COCCN1C=C(C=N1)NC(=O)N2CCCC2C=3C=CC(=CC3)OC
XS845487a,O=C(N1CCC(C1)C2CCOCC2)C3(CCCCC3)C4=CC=CS4
XS536763b,CCN1CCN(CC1)C=2C=CC(F)=CC2C(C)NC(=O)C=3C=CNN3
XS845486a,CCOC=1C=CC=CC1C(=O)NC(C)C=2C=CC(=CC2)S(C)(=O)=O
XS806965b,CC=1C=C(C)C=C(C1)N(C)CC=2C=NN(C2)C3(C)CCS(=O)(=O)C3
XS839960b,O=C(NC=1C=CC(Br)=C2C=CC=CC12)N3CCC(CO)C3
XS839982b,CC(C(=O)N(C)C)S(=O)(=O)NC=1C=CC=NC1NC=2C=CC=CC2
XS845493a,CCCOC1CCCN(C1)C(=O)C=2C=NC3=C(C2)C(=O)NC(=O)N3C
XS845489a,CCCNC=1C=CC(=CC1)CNC(=O)C(C)OC=2C=CC(Cl)=CC2
XS845491a,CC1=CC=C(CNC(=O)C2CCCN(C2)C(=O)C3=CC=CS3)S1
XS482672b,CC(NC=1N=CN=C2C(F)=CC=CC12)C=3C=CC(=CC3)S(C)(=O)=O
XS839630b,CC1(CC=2C=CC=CC2C(=O)O1)C(=O)NC=3C=CC=C(C3)N4C=NN=N4
XS837629b,NC=1C=CC2=C(C1)CCC2NC(=O)CCC3=NC=4C=CC=CC4C(=O)N3
XS845492a,CC(=O)N1CCN(CC(=O)NC(C)C=2C=CC(=CC2)CC(C)C)CC1
XS842543b,O=C(NC=1C=CC=C(C1)S(=O)(=O)NC=2CCCN2)C3CC=CCC3
XS764792b,CCN1C=NC=2C(=NC=NC21)N3CCCC(CNC(=O)C(C)(C)C)C3
XS665729b,CC1=CN(N=C1C(=O)NC2CCCCNC2=O)C=3C=CC=CC3Cl
XS845495a,CC(=O)N1CCCC(C1)C(=O)NCC(C)(C)C=2C=CC=3OCOC3C2
XS556036b,O=C(CN1CCCCCCC1=O)NC(C=2C=CC=CC2)C=3C=CC=CN3
XS783341b,CC1=NOC(CC2(O)CCCN(C2)C(=O)CC3=CNC=4C=CC=CC34)=N1
XS787633b,CCOC=1C=CC=2OC(C(=O)NC(C(N)=O)C=3C=CC=CC3)=C(C)C2C1
XS845500a,CC(OC(=O)C=1C=CC(=CC1)CCNS(C)(=O)=O)C(=O)NC2CC2
XS845506a,COC=1C=CC(=CC1F)CCC(=O)N2CCCC(C2)N3CCNC3=O
EL002605c,CC1=CNC(=O)N1C=2C=CC=C(C2)C(=O)NC3COCC=4C=CC=NC43
XS845496a,COC=1C=CC(=CC1)C2=CC=3N=C(CN4CCC(C)C4)NC(=O)C3S2
XS845504a,O=C(NCCC1CCCO1)C=2C=NC3=C(C=NN3CC=4C=CC=CC4)C2
XS823608b,O=C(NC=1C=CC=CN1)C2CCCN(C2)S(=O)(=O)C3=CC=CS3
XS840511b,C=CCN1C=C(C(=O)OC(C)C(=O)NC2=CC(C)=NO2)C=3C=CC=CC31
XS845505a,CCN(CC)C(CNC(=O)NCC=1C=CC=C(C#N)C1)C=2C=CSC2
XS845501a,O=C(OC1CCOC1=O)C2CCN(CC2)S(=O)(=O)C=3C=CC=CC3
XS845507a,CCC1=NOC(C)=C1C(=O)NCC2CCN(C2)C=3C=CC(F)=C(F)C3
XS845503a,CCOC=1C=C2CC(C)OC2=CC1CNC(=O)NCCCNC(C)=O
XS790505b,CCCC(NC(=O)C1CCN(CC1)S(=O)(=O)CC)C=2C=CC=CC2
XS845498a,O=C1C(CCCN1C=2C=CC=CC2F)N3CCN(CC3)C=4C=CC=NN4
XS845502a,CN1C=C(N=C1C2CCCN(C2)C(=O)C=3C=CC(F)=CN3)C(F)(F)F
XS845497a,CC(OC(=O)C=1C(F)=CC=CC1F)C(=O)NC=2SC=CC2C(N)=O
XS845499a,O=C(NC(CO)CC1=CNC=2C=CC=CC12)C3=CC=CN4C(=O)NN=C34
XS759445b,CCC1CN(CC(=O)NC=2C=CC(=CC2)NC(C)=O)C=3C=CC=CC3O1
XS841712b,O=C(NC=1C=CC=2NN=NC2C1)C3CCN(C3=O)C=4C=CC=C(Cl)C4
XS560491b,CCN1CCN(CC1)C2CCN(C2)C(=O)C=3C=C(C)N=C4C3C=NN4C
XS841517b,N#CC=1C=NC=CC1NC2CCCC=3SC(=NC32)C=4C=CC(F)=CC4
XS838183b,O=C(O)C(CC(F)F)NC(=O)C=1C=C(N=C2C=CC(F)=CC12)C3CC3
XS836548b,O=C(NC1CN(CC2(CC2)C1)C(=O)C=3C=NN(C3)C4CC4)C56CC(C5)C6
XS841810b,O=C(NC=1C=CC=2C(=O)N(CC3CC3)C(=O)C2C1)C4CCCC5=CC=NN54
XS845512a,O=C(C1=NOC=2CCCCCC12)N3CCC(C3)NC=4C=CC=C(Cl)C4
XS841811b,CC(C)C=1C=CC(=CC1)OCC(=O)NC=2C=NN(C2)C3CNCCOC3
XS845517a,CCOC(=O)C1=C(C)N(CC)C(=O)NC1C=2C=CC(=CC2)N(CC)CC
XS845519a,COC=1C=CC(=CC1)C2CCCCCN2C(=O)C(=O)NC=3C=C(C)ON3
XS529408b,COC=1C=CC(=CC1)NC(=O)N2CCCC2C3=NC(=NN3)C=4C=CC=CC4
XS838138b,COC=1C=CC=CC1N2CCC(C2)NS(=O)(=O)C3=CC(C)=C(C)S3
XS738604b,COC=1C=CC=C(C1)N2CCN(CC2)C(C)C(=O)NC(=O)NCC(C)C
XS845509a,O=C(C1=CN=C2C=CC=CN12)N3CCCC(C3)N4C=CC(=N4)C(F)(F)F
XS838490b,CN1N=C(CN2CCC3(CCN(CC=4C=CC=CC4)C3)C2)C=5C=CC=CC51
XS845508a,O=C(C1=CN(CC=2C=CC=CC2)N=C1C=3C=CC=CC3)N4CCC(CO)C4
XS845518a,CC(C)(C)C(NC(=O)NC=1C=CC=2OCCCOC2C1)C3=CC=CS3
XS839665b,NC(=O)C1=CNC=2N=CN=C(NC=3C=CC(=CC3)C4CC(=O)NC(=O)N4)C12
XS845516a,CCC(C(=O)N1CCN(CC1)C2=CC(C)=NC3=NC=NN23)C=4C=CC=CC4
XS845511a,O=C(NC1CCC(=O)NC21CCC2)C3=NN(C=C3O)C=4C=CC=CC4F
XS572730b,CC=1N=C(CC=2C=CC(F)=CC2)SC1C(=O)N3CCCC(C3)C(=O)O
XS436764b,CC(=O)NC=1C=CC(C)=C(C1)S(=O)(=O)N2CCOCC(C2)C3CCC3
XS135747c,CC1CCC=2SC(=CC2C1)C(=O)OCC(=O)NC(=O)C3=CC=CN3C
XS427802b,CC1CCN(CC1)C(=O)C2CCCN(C2)C(=O)NC=3C=CC(F)=CC3F
XS845520a,CC1=CSC(=O)N1CCC(=O)OC(C)C(=O)NC=2C=CC=C(C#N)C2
XS845513a,O=C(NCC=1C=CC=CN1)C2CCCN(C2)C(=O)C=3C=CC(Cl)=CC3
XS839175b,O=C(O)CN1N=C(C=C1C2=CN(CCC3CCCC3(F)F)N=N2)C4CC4
XS845515a,CC(NC=1C=CC(=C(Cl)C1)N2CCCC2=O)C3=NC(=NO3)C(C)(C)C
XS840231b,CCNS(=O)(=O)C1CCN(C1)C(=O)NC2=NC(=NS2)C(C)(C)C
XS845510a,CCOC(=O)C1CCCN(C1)C(=O)C=2SC(=NC2C)C3=CC=CS3
XS845514a,CC=1C=CC=C(C1)N2CCN(CC2)C(=O)C3CCCN(C3)C(=O)C(C)C
XS845529a,O=C(NC1=NC=CS1)C2CCCN2S(=O)(=O)C=3C=CC(F)=C(F)C3
XS837790b,CC(NC(=O)NC=1C=C(F)C=C(C1)S(N)(=O)=O)C=2C=CC(Cl)=CC2
XS393820b,O=C(COC=1C=CC=C(Cl)C1)N2CCCC2C3=NN=C4CCCCCN34
XS845530a,COC1=CC(=CC(OC)=C1OC)CC(=O)NC2CCSC=3C=CC=CC32
XS153922b,COC=1C=CC(=CN1)CNC(=O)C(C)NC(=O)C=2C=CC(=CC2)C(C)(C)C
XS845533a,CC(C)C(NS(=O)(=O)C=1C=CC(C#N)=CC1)C=2C=CC=3OCCOC3C2
XS704248b,CC(C)CNC(=O)C(C)N1CCC(CC1)NS(=O)(=O)C=2C=CC=CC2
XS845526a,COCCN1N=CC=C1C(=O)N2CCC=3NC=NC3C2C=4C=CC(F)=CC4
XS845523a,CC=1C=CC(=CC1F)C(=O)N2CCN(CC2)C(=O)C3CCC=4C=NNC4C3
XS845532a,CCN(C)CC=1C=CC=C(C1)CNC(=O)C(NC(=O)C2=CC=CO2)C(C)C
XS410909b,O=C(NC=1C=CC(F)=CC1)N2CCN(CC2)C(=O)C3CCS(=O)(=O)C3
XS408617b,COC1=CC(=CC(=C1)C(=O)NCC(C)C2=NC(=NO2)C=3C=CC=CC3)OC
XS845528a,CC(NC(=O)CCCC1=NN=C(O1)C=2C=CC=CC2)C=3C=CC(F)=C(F)C3
XS845527a,CC1=NN(C(C)=C1CNC(=O)C2CC(=O)N(CC(C)C)C2)C=3C=CC=CC3
XS845525a,COCCNS(=O)(=O)C=1C=CC(=CC1)C(=O)NC2CCC=3C=CC=CC32
XS845521a,COC=1C=CC=CC1C2(CC2)C(=O)NC3CCN(C3=O)C=4C=CC=CC4F
XS839212b,COC=1C=CC(=CN1)NC(=O)NC(CS(=O)(=O)N(C)C)C(F)(F)F
XS845522a,CS(=O)(=O)N1CCCC1C(=O)NC2=NC=3C(=CC=C4C=CC=CC34)S2
XS839545b,O=C(CC1=NOC(=N1)C2CCCC=3NN=NC32)N(CC(F)(F)F)C4CC4
XS838313b,O=C(NC=1C=CC=CC1CC=2C=CC=CN2)C(=O)NC3CCC=4C=CC=NC43
XS845524a,COC=1N=C(C)N=C(C1C)N2CCC3(CC3N(C)CC4=NC=CS4)CC2
CO000324b,O=C(NCC=1C=CN=C(C1)N2CCOCC2)NC(C=3C=CC=CC3)C4CC4
XS334772c,CC1=CC=C(CNC(=O)N2CCC(C2)OC=3C=CC(Cl)=CC3)C(=O)N1C
XS845531a,COC(=O)CC(NC(=O)C1=CSC(=N1)C=2N=CC=CN2)C=3C=CC=CC3
XS845544a,CCS(=O)(=O)NC=1C=CC(=CC1)C=2CC(C3=CC=CS3)N(N2)C(C)=O
XS842090b,CCNC(=O)NC(=O)C(C)NC=1C=CC(OCC)=C(C1)S(=O)(=O)N(C)C
XS549051b,O=C(CC=1C=CC(=CC1)NC(=O)C2CC2)NC3CCCOC=4C=C(F)C=CC43
XS845534a,O=C(C1NC=2C=CC=CC2S(=O)(=O)N1)N3CCC(=CC=4C=CC=CC4)CC3
XS837815b,C=CCN(C(=O)NCCN1C(=O)NC=2C=CC=CC21)C3CCC=4C=CC=CC43
XS845543a,CC(=O)NC=1C=CC=C(C1)C(C)NC(=O)C2=NN(C(=O)CN2)C=3C=CC=CC3
XS845539a,CC1=CC(=NN1C=2C=CC=C(C#N)C2)NC(=O)C3CN(C)C(=O)C=4C=CC=CC43
XS845540a,O=C(CS(=O)CC=1C(Cl)=CC=CC1Cl)N2CCC=3SC=CC3C2
XS845541a,CC1=NN(C(C)=C1C(=O)NCC(C2=CC=CO2)N3CCCC3)C=4C=CC=CC4
XS333363b,CN1N=CC=C1N2CCCC(C2=O)N(CC=3C=CC(C#N)=CC3)S(C)(=O)=O
XS845536a,CC=1C=C(Cl)C=CC1OC(C)C(=O)OCC2=CC(=O)N3C=CSC3=N2
XS845535a,CC1=NC=2C=CC=CC2C(=O)N1C=3C=CC(=CC3)C(=O)N4CCOCC(C)C4
XS839651b,CCNC(=O)C=1C=C(N=C2C=CC=CC12)NS(=O)(=O)C(C)C(=O)N(C)C
XS845538a,CC1CN(CCN1C(=O)C=2C=CC=C(C2)NC(=O)C3CC3)C=4C=CC=CC4F
XS841476b,CC1=NN2N=C(C=CC2=N1)N3CCCC(CNC(=O)NC=4C=CC(C)=CC4)C3
XS631834b,COC=1C=CC(=CC1)C2CCCCCN2C(=O)CCN3CCCS3(=O)=O
XS845542a,CC=1C=CC(=CC1)N2CC(CC2=O)C(=O)NC3=CC=NN3CC4=CC=CS4
XS840575b,CC(C)N(C)S(=O)(=O)C=1C=CC(=CC1)NC(=O)C(C)OCC(F)(F)F
XS838012b,CC(C)C1N(CC21CCOCC2)C(=O)C=3C=NNC3C=4C=CC=5OCOC5C4
XS838539b,CC1=NN(C=C1CNC(=O)N2CCCC3(CCC=4C=CC=CC4O3)C2)CCO
XS845537a,CN1N=C(C=C1OC(F)F)C(=O)N2CCCCC2C3=NC=4C=CC=CC4O3
XS841729b,CC1=NSC(=N1)N2CCN(CC2)C(C)C(=O)NCC=3C=CC(Cl)=CC3
XS840757b,CCOC(=O)C1=CC(=CN1C)NC(=O)C(C)OC=2C=CC=CC2C(F)(F)F
XS748515b,CC(NCC1=CSC(=N1)C=2C=CC=3OCOC3C2)(C(N)=O)C=4C=CC=CC4
XS845549a,CC=1C=CC(=CC1)N2CC(CC2=O)C(=O)OCC(=O)NC=3C=CC(F)=CC3F
XS842148b,CCOC(=O)C(C)(NC(=O)CC1=COC=2C=C3CCCC3=CC12)C=4C=CC=NC4
XS840907b,NC=1C(=CC=NC1C=2C=CC=CC2)C(=O)NC(CC=3C=CC=CN3)C=4C=CC=NC4
XS836763b,COC=1C=CC(=CC1OC)C(CNC(=O)NC=2C=CC=C(C2)[N+]([O-])=O)N(C)C
XS011798e,O=C(COC=1C=CC(F)=CC1Br)NCC2COC=3C=CC=CC3O2
XS842029b,CC1=CSC(CN(CC2CCCO2)C(=O)C=3NC=4C=CC=CC4C3Cl)=N1
XS845548a,CCOC(=O)C=1SC=2N=CN(CC(=O)NC(C)C=3C=CC=CC3)C(=O)C2C1C
XS845546a,CC(C)(C)N1N=CN=C1CSC2=NC=C(C=3C=CC=CC3)N2CC4CCCO4
XS166090d,CCN1CCN(CC1)C=2C=CC=CC2NC(=O)C3COC=4C=CC(Cl)=CC4C3
XS845554a,O=C(NCC=1C=CC=C(C1)OCC(F)(F)F)C2CCCN(C2)C=3C=NC=CN3
XS845550a,CC=1SC=2N=CN(CC(=O)NC3CCN(CC=4C=CC=CC4)C3)C(=O)C2C1C
XS845559a,COC=1C=CC(=CC1OC(F)F)NC(=O)C2CCCN2C(=O)C3=CC=CS3
XS845553a,CCNC(=O)COC=1C=CC(=CC1)NC(=O)C=2C=CC=CC2OCC3CCCO3
XS845547a,O=C(NCC=1C=CC(=NC1)OCC(F)(F)F)C2CC32CCS(=O)(=O)CC3
XS845552a,CC(C=1C=CC(Cl)=CC1)N(C)C(=O)C2CCN(CC2)C(=O)C3=CC=CS3
XS845555a,COC=1C=C(C=CC1OCC(=O)NC(C)C)C(=O)NC2CCCC=3C=CC=CC32
XS840000b,CC=1C=CC(=C(C)C1)N2C=C(C=N2)NC(=O)N3CCCCC3CS(C)(=O)=O
XS845545a,CC1=CN=C(S1)C2CCCCN2C(=O)C=3C=CC(=C(F)C3)N4CCOCC4
XS837412b,CNS(=O)(=O)C=1C=CC=C(C1)C(C)NC(=O)N2CC=3C=CC=C(Cl)C3C2
XS840932b,COC=1C=NC=C(C1)C(=O)NCC2CCN(CC2(F)F)C(=O)CN3C=CC=N3
XS845556a,O=C(CN1CCCC(C1)C2=NC=3C=CC=CC3S2)N4CCCC=5C=CC=CC54
XS845557a,CC1=CC(C)=C(NC(=O)CNC(=O)CN(C)C2CCCC=3C=CC=CC32)C(C)=C1
XS402023b,CC1=NN(CC(=O)NC(C)C=2C=CC=CC2Cl)C(C)=C1S(=O)(=O)N(C)C
XS845558a,O=C(O)CCC(=O)N1N=C(CC1C2=CC=CO2)C=3C=CC(Br)=CC3
XS845551a,OC(COC=1C=CC(Br)=CC1)CN2CCN(CC2)C=3C=CC=CN3
XS845563a,CCNC(=O)NC(=O)C(C)OC(=O)C1=CC=2C(C)=NN(CC=3C=CC=CC3)C2S1
XS433796b,CNC(=O)C1=CC=2C=C(C=CC2N1)NC(=O)N3CCC(C3)N(C)CC=4C=CC=CC4
XS845576a,O=C(C=1C=CC=C(C1)OCC=2C=CC=NC2)N3CCCC(C3)C4=NC=5C=CC=CC5N4
XS840782b,CC1CC(=NO1)NC(=O)C=2C=C(C(Cl)=CC2Cl)S(=O)(=O)N3CCOCC3
XS845566a,CC1=NN(C(C)=C1CN(C)C(=O)C2CC(=O)NC=3C=C(F)C=CC32)C=4C=CC=CC4
XS845573a,O=C(NC1=NC=2CCCC2S1)C3CC(=O)N(CC=4C=CC=C(C4)C(F)(F)F)C3
XS842457b,CCN(C(=O)C=1SC=2N=C(C)C=C(C)C2C1N3C=CC=C3)C4CCS(=O)(=O)C4
XS836874b,O=C(C=1C=CC=C(C1)S(=O)(=O)NC=2C=CC=CC2F)N3CCN4C(=O)NCC4C3
XS845569a,CCS(=O)(=O)N1CC=2C=CC=CC2CC1C(=O)N3CCN(CC3)C=4C=CC=CC4
XS845570a,CC(OC=1C=CC=C(Cl)C1)C(=O)N2CCN(CC2)S(=O)(=O)C=3C=CC=CC3
XS838944b,CC1=CN2CCN(CC2=N1)C=3C=C(C)C(=CN3)S(=O)(=O)N4CCSC(C)C4
XS845574a,COC=1C=CC(=CC1NC(C)C(=O)N2CCCC2)S(=O)(=O)N3CCCCCC3
XS845575a,CC=1NC2=NC=NN2C(=O)C1CCC(=O)NC(CC=3C=CC=CC3)C=4C=CC=CC4
XS838033b,CCOC(=O)C1=C(N)OC=2C=C(C)OC(=O)C2C1C=3C=CC=C(Br)C3
XS699816b,COC=1C=C2CCN(C(=O)C3=CN4C=CC=CC4=N3)C(C5=CC=CS5)C2=CC1OC
XS845571a,CCOC=1C=CC(=CC1)S(=O)(=O)NC=2C=CC=C(C2)C(=O)NCC3CCCO3
XS845561a,COC=1C=CC=C(C1)N2CC(CC2=O)C3=NC=4C=CC=CC4N3CC=5C=CC=CC5C
XS845560a,O=C(CCCC1=CNC=2C=CC=CC12)N3CCCCC3C4=NC=5C=CC=CC5S4
XS845578a,CC(C)C(NC(=O)CN1C(=O)CCOC=2C=CC=CC21)C=3C=CC=4OCCOC4C3
XS845562a,N#CC(C=1C=CC(F)=CC1)N2CCN(CC2)C(=O)C=3C=CC(Br)=CC3
XS845567a,CC=1C=C(CN2CCN(CC2)C(=O)CC3SC=4C=CC(Cl)=CC4NC3=O)ON1
XS845572a,O=C(NC=1C=C(Cl)C=CC1Cl)C2CCCN2CC3=CC(=O)N4C=CSC4=N3
XS845577a,CC(NC(=O)CCC1=NC(=NO1)C=2C=CC=CC2)C=3C=CC(=CC3)S(N)(=O)=O
XS845565a,CN1CCC(CC1)N2CCC(C2)NC(=O)C=3C=CC=C4C=CC=C(Br)C34
XS845564a,O=C(CSC1=NC=2C=CC=CC2O1)N(CC=3C=CC=CC3)C4CCS(=O)(=O)C4
XS845568a,CCC(C(=O)NC=1C=C(C=CC1C)S(=O)(=O)N2CCOCC2)C=3C=CC=CC3
XS838458b,CNS(=O)(=O)CC(=O)N1CCN(CC1)C(=O)C(C)OC=2C=CC(Cl)=C(Cl)C2
XS845580a,CC=1C=CC(=CC1C(=O)N2CCC3(C2)C(=O)NC=4C=CC=CC43)S(=O)(=O)NC5CC5
XS845590a,CCOC=1C=C2CC(C)OC2=CC1CNC(=O)C3CCN(CC3)C4=NS(=O)(=O)C=5C=CC=CC45
XS840554b,CNC(=O)CN1C=2C=CC=CC2C(=O)N(C)C1C=3C=CC(=CC3Br)OCCO
XS840986b,COC=1C=CC=C2CC(OC12)C(=O)N3CCCN(CC3)C(=O)C=4N=NN(C)C4C(F)F
XS195746c,COC=1C=CC(=CC1)C=2CC(C=3C=CC4=NC=CN=C4C3)N(N2)S(=O)(=O)C=5C=CC=CC5
XS836597b,CC(NS(=O)(=O)C1=CN=C(S1)C=2C=CC(Br)=CC2)C=3C=CN=CC3
XS845583a,COC=1C=CC(=CC1S(=O)(=O)NC2CCCC2)C(=O)N3CCCC(C3)C4=NC=5C=CC=CC5S4
XS845587a,CCOC(=O)C=1SC=2N=C(NC(=O)C2C1C)C(C)N(C)CC=3C=CC(=CC3OC)OC
XS845585a,CCOC(=O)C1=C(CN2CCC(CC2)C=3C=CC=CC3)NC(=O)NC1C4=CC=C(C)O4
XS845581a,CC(OC(=O)C=1C=CC(C#N)=CC1)C(=O)NC=2C=CC(=CC2)S(=O)(=O)N3CCOCC3
XS707817b,CCN1C(CNC(C)C=2C=CC=CC2)=NC=3C=C(C=CC31)S(=O)(=O)N4CCOCC4
XS837176b,CC1=NC(C)=C(S1)C(C)NC(=O)NC=2C=C(Br)C=CC2N3CCOCC3
XS071248c,CC(C)OC(=O)C=1C=CC(=CC1)NC(=O)C2CC(=O)N(C2)C=3C=CC=4OCCOC4C3
XS841208b,CCCN1C(=O)N(CC(=O)OC(C)C(=O)NCC=2C=CC=3OCOC3C2)C=4C=CC=CC41
XS839660b,CC=1C=CC(=CC1)S(=O)(=O)N2CCCN(CC2)C(=O)NCC3CC=4C=CC=CC4O3
XS840040b,CCC(C(=O)N1CCN(CC2=NOC(C)=N2)CC1)N3N=NC(=N3)C=4C=CC(Cl)=CC4
XS845588a,CC(C1=NC=2SC=C(C=3C=CC=CC3)C2C(=O)N1)N4CCN(CC4)C(=O)C5=CC=CO5
XS845582a,COC=1C=CC=CC1C(C)NC(=O)C=2C=CC3=C(C2)S(=O)(=O)N=C4CCCCCN34
XS845586a,CC(=O)NC(CC(=O)NC=1C=CC=C(C1)S(=O)(=O)N2CCOCC2)C=3C=CC=CC3
XS845584a,CC1=NOC(C)=C1COC=2C=CC(=CC2)CC(=O)N3CCCC3C=4C=CC=5OCCOC5C4
XS836643b,COC=1C=C(C(Cl)=CC1C(=O)NC2CCC=3C=CC=CC3N(C)C2=O)N4C=NN=N4
XS837619b,COC=1C=CC(OC)=C(C1)C=2CC(ON2)C(=O)N3CCC(CC3)NC(=O)C=4OC=CC4C
XS845579a,COC=1C=CC(=CC1)C(CNC(=O)CN2CCN(CC2)C=3C=CC=CC3)C4=CNC=5C=CC=CC45
XS797473b,CCOC=1C=CC=CC1NC(=O)C=2C=CC(OC)=C(C2)S(=O)(=O)N3CCCCC3C
XS519257b,COC=1C=CC(=CN1)NC(=O)N2CCCC(C)C2
XS174947b,CCNC(=O)C=1C=C(OC)C=2OC(C)CC2C1
XS845593a,CC(=O)N1CCCCC1C=2C=CC=NC2
XS840213b,NC1=NC=C(O1)C(=O)NC2CCCSC2
XS845600a,O=C(NC1CCS(=O)(=O)C1)C2CCCCC2
XS845596a,CCC(C)NC(=O)C=1C=CC(C#N)=C(C)N1
XS842061b,CCC(C)(C#N)C(=O)NC=1C=CC=CC1F
XS845594a,CCC(=O)NC=1SC=2CC(C)CCC2C1C#N
XS845604a,O=C1NCCCC1NC2=NC=3C=CC=CC3S2
XS758596b,CC(CO)NC(=O)C=1C=C(O)N=C2C=CC=CC12
XS841025b,CCOC(=O)C(C(N)=O)C=1C=CC=CC1
XS062781c,CC=1OC=CC1C(=O)N2CCCC(CO)C2
XS845598a,CC(C(N)=O)N1CCN(CC1)C=2C=CC=CC2
XS845602a,CCC(C)NC(=O)C=1C=NC2=CC=CC=C2N1
XS845601a,CCC(C)NC(=O)C=1C=CC(=CC1)N2C=CC=N2
XS845591a,CCC1C(=O)NCCN1C(=O)C2=CC=NN2C
XS845603a,O=C(C1=CC=CN1)N2CCCC2C3CCCC3
XS845597a,CCC(C)NC(=O)NC=1C=CC=CC1C(C)(C)C
XS839234b,CC(=O)NC(C)C(=O)N1CCCC21CCCC2
XS839384b,C=CCN1CCC(NC2=CN(C)N=C2OC)C1=O
XS845595a,CC(NC(=O)C1=CC=CO1)C=2C=CC=CC2
XS840728b,COC1=CC(OC)=C(F)C=C1NC(=O)C(C)N
XS845592a,O=C(NC1CCC(=O)NC1=O)C=2C=COC2
XS845599a,COCC(C)NC(=O)CCC=1C(C)=NOC1C
XS838019b,C1=CN2C=CC=C(C=3C=NN(C3)C4CCCCO4)C2=N1
XS845611a,CCOC=1C=CC(=CC1)S(=O)(=O)NCC(C)O
XS838546b,CCC(C)NC1=NN=C(O1)C2=NN(C)C=3C=CC=CC23
XS845612a,NC(=O)C1CCCN(C1)C=2C=NC3=CC=CC=C3N2
XS837547b,OCC1CCN(CC2=CC=C(S2)C=3N=NNN3)C1
XS839362b,CC(CN1N=C(OC1=O)C2=CC=CO2)C=3C=CC=CC3
XS845609a,CC=1OC=CC1C(=O)NC(C=2C=CC=CC2)C3CC3
XS637403b,CC(=O)NC1CCCN(C1)C2=NOC(=N2)C(C)(C)C
XS841148b,CCC(C)N1C(=O)NC(=O)C(Br)=C1C
XS840806c,CCC(C)C=1C=CC(O)=C(C1)NC(=O)C=2C=CC=NC2
XS695821b,CC(C)(C)N1C=C(C=N1)NC(C(N)=O)C=2C=CC=CC2
XS836897b,COC=1C=CC(O)=C(C1)NC(=O)C2CCC3(C2)N=N3
BD009409b,CN1C(=O)CC(NC=2C=CC=3OCCOC3C2)C1=O
XS845607a,CC(NC(=O)NC1CC1)C=2C=CC=C(C2)C(F)(F)F
XS845614a,CC=1C=CC(=CC1)OCC(O)CN2CCOCC2
XS838676b,O=C1C(CCN1CCF)NC=2N=CC=3NN=CC3N2
XS845608a,CC1CN(CCO1)C(=O)CC2=CNC=3C=CC=CC23
XS845615a,CC(NC(=O)C1=CC=2C=CC=CC2N1)C3=CC=CO3
XS845605a,CC(CCC=1C=CC=CC1)NC(=O)C=2C=NN(C)C2
XS618904b,CC1=CC(=NO1)NC(=O)CC(C)N2N=C(C)C=C2C
XS845610a,CC(NC(=O)C1=CN(C)N=C1C2CC2)C=3N=CNN3
XS838577b,CC1=NN=C2C=3C=CC=CC3C(=NN12)NC4CC4(C)C
XS474382b,CC=1OC=CC1C2=NOC(=N2)C3CCCC=4NN=NC43
XS837890b,CC=1C=CC(CN(C)C(=O)C2CCOC(=O)N2)=NC1
XS428549b,CCNC(=O)N1CCCC(C1)C2=NOC(CC)=N2
XS845622a,COCC(C)NC(=O)CC1=C(C)NC=2C=CC(F)=CC12
XS845617a,O=C(NCC=1C=CC=CC1)N2CCCC(C2)C3=CC=NN3
XS845627a,CC1=CC=C(O1)C(C)NC(=O)NC=2C=C(F)C=CC2C
XS741596b,CC1=C(C=NN1C)C(C)NC(=O)CC=2C=CC=CC2O
XS839051b,CCN1C=C(C=N1)NC2CCCC=3C=C(F)C(F)=CC32
XS845625a,O=C(NC=1C=CC=CC1)C2CC(=O)N(CC(F)(F)F)C2
XS621796b,CCCNC(=O)C1CCCN(C1)C(=O)C=2N=COC2C
XS838606b,O=C1CC(C=2C=CC=CC2)C=3C=CC4=CC=CC=C4C3N1
XS845628a,CC1=CC(CS(=O)(=O)C(C)C(=O)NC(C)C)=NO1
XS845619a,CC(=O)NC(C(=O)NC1=NC(=CS1)C(C)C)C(C)C
XS845618a,CC1=NN=C2CN(CCN12)C(=O)C(C)OCCC(C)C
XS501698b,CC1=CC(CNC(=O)N2CCCC2C=3C=CC=CC3)=NO1
XS837120b,CCC(C)(CNC(=O)C=1C=CC2=NC=CN2N1)C(N)=O
XS845626a,O=C(NCC=1C=CC=CC1)C2CC(=NO2)C=3C=CC=CC3
XS845623a,CC1CN(CC(C)(C)O1)C(=O)C=2C=CN=C3NN=CC23
XS745789b,CN(CC=1C=CC(F)=CC1Cl)C(=O)C2CCC(=O)N2
XS845621a,COC=1C=CC=CC1C2=NN=C(O2)SC(C)C(N)=O
XS845629a,O=C1C=2C=CC=CC2NC(C=3C=CC=CC3F)N1C4CC4
XS845624a,CC(SC1=NC=CN1C)C2=NC(=NO2)C3=CC=CO3
XS845620a,CC=1C=CC(=CC1)C2=CSC(=N2)SC(C)C(N)=O
XS836789b,CN(CC=1N=NN(C)N1)C(C=2C=CC=CC2)C(F)(F)F
XS207620c,CN1N=C(C=C1C(=O)NC2CNC(=O)C2)C=3C=CC=CC3
XS845630a,CC(CN1C=CN=C1)NC(=O)C2=CC=3CCCC3NC2=O
XS841255b,COC(=O)C(CNS(C)(=O)=O)C=1C=CC(F)=CC1
XS839924b,CCC1CN(CCCO1)C=2N=C3N=CC=CC3=CC2C#N
XS845616a,COCCNC(=O)N(CC=1C=CC=CC1)C(C)C2CC2
XS389195b,OC1CCCN(CC2=NC=3C=CC=CC3N2C(F)F)C1
XS838487b,CC(NC(=O)C1=CN=C2COCCN12)C3=CSC(N)=N3
XS842080b,CCC=1N=NC(=NC1CC)N2CCCC(C2)C3=CC=NN3
XS593411b,O=C1C=2C=NN(C=3C=CC=CC3)C2N=CN1CC4CCCO4
XS845638a,COC=1C=CC=C(C1)N2CC(CC2=O)C(=O)NC(C)(C)C
XS841990b,O=C(C=1C=NN2N=CC=CC12)N3CCOCC43CCOC4
XS841693b,O=C(NCC1CCS1)NC=2C=CC(=CC2)C(F)(F)F
XS841093b,O=C(CC1C=CS(=O)(=O)C1)NCCC=2C=CN=C(O)C2
XS845641a,CC=1C=CC=CC1N2CC(CC2=O)C(=O)NC=3C=CC=CC3
XS845632a,C1=CN(CC2CN(CC3=NC(=NO3)C4CC4)CCO2)N=C1
XS845637a,COC1=CC(=CC(OC)=C1OC)C(=O)N2CCCC(C)C2
XS760298b,CCN(CC)C=1C=CC(=CN1)CNC(=O)CC2C=CCC2
XS842371b,FC=1C=CC=CC1NC2CCN(CC3CCOCO3)CC2
XS654968b,O=C(NCC=1C=CC=2OCCOC2C1)NCC3CCCO3
XS845631a,O=C(CCC1=CSC=N1)N2CCCC(C2)N3C=CN=C3
XS845640a,COC=1C=C(C=CN1)CNC(=O)C2CC(=O)N(C2)C(C)C
XS845635a,O=C(C1=CC(=O)NC(=N1)C2CC2)N3CCCC3C4CCC4
XS845636a,CC=1NC=2C=C(F)C=CC2C1CCNC(=O)C(C)C3CC3
XS845639a,CC(C)C(NC(=O)C1=CC=CO1)C(=O)NC=2C=CC=NC2
XS845634a,CC=1C=CC(=NC1)NC(=O)C(C)NC(=O)C2=CC=CS2
XS845642a,CC=1C=C(CSC(C)C(=O)NCC2CCCCC2)ON1
XS845633a,CC(C)(CO)CCCNC(=O)C1CC=2C=CC=C(F)C2O1
XS838504b,CC1=NC=2C=C(C=3C=CN(N3)C4CC4(F)F)C(F)=CC2N1
XS793068b,CC=1OC=CC1C(=O)NC(C2=NC=CN2C)C=3C=CC=CC3
XS715722b,COC=1C=CC=C2C1CCC2(N)C(=O)NCC=3C=CC=CN3
XS842185b,CC1CCS(=O)(=O)CCN1CC=2C=CC=C3OCOC23
XS677483b,CC=1N=C(NC(C)C(=O)O)C2=C(N1)SC=3CCCCC32
XS816774b,CC=1C=NN(C1)CC2CCCCN2C(=O)C=3C=CSC3
XS845649a,CC(NC(=O)C=1C=CC=2N=CSC2C1)C=3C=CN=CC3F
XS845643a,CC=1C=CC=CC1CN(C)CC(=O)NC(C)C2=CC=CS2
XS845648a,O=C(CC1=CNC=2C=CC=CC12)N3CCCC3C=4C=CC=NC4
XS845659a,CC=1C=CC=CC1C2=NOC(=O)N2CC(=O)NC(C)C3CC3
XS845654a,O=C(C=1C=NC=CN1)N2CCN3C=CC=C3C2C=4C=CC=CC4
XS692439b,CC=1C=NN(C1)CC(C)NCC2=NC(=NO2)C3=CC=CS3
XS578944b,CN1N=CC=C1CN2CCN(C)C(C2)C3=NC(=NO3)C4CC4
XS838993b,CC(NC(=O)COC=1C=CON1)C=2C(F)=CC=CC2Cl
XS845656a,CC(C(=O)NC=1C=CC(C#N)=CC1)N(C)CC2=CC=CS2
XS845651a,CCN1CCCC1CNC(=O)C2=CC=3C=CC=CC3NC2=O
XS845646a,CN1CC(CC1=O)C(=O)NC=2C=CC=3N=C(OC3C2)C4CC4
XS845658a,O=C(NC1CCCNC1=O)C=2SC=CC2C=3C=CC=CC3
XS845650a,CC1=NN(C)C(C)=C1CC(=O)NC(C(N)=O)C=2C=CC=CC2
XS845655a,CC1=CC(=NO1)C2CCCN2C(=O)CCCC3=NC(C)=NO3
XS845657a,O=C(CCN1CCCC1C=2C=CSC2)NC=3C=CC=CC3
XS841036b,C=CCC(CO)NC(=O)C=1C=CC=CC1OC=2C=CC=NC2
XS162985b,CC=1C=CC=C(C1C)N2CCN(CC2)C(=O)C3CC=CCC3
XS845647a,O=S(CC1=CN2C=C(Cl)C=C(Cl)C2=N1)CC3CC3
XS576775b,COCC1(CCCN1CC=2C=CC=C3C=CC=CC23)C(N)=O
XS642213b,CC(NC(=O)C1=CC=2C=C(Cl)C=CC2N1)C3=NN=NN3C
XS845652a,CCCC1=NSC(=N1)NC2CCC=3C=CC=CC3NC2=O
XS845653a,CCOC=1C=CC=2N=C(NC(=O)C3CCC(=O)N3)SC2C1
XS824836b,CC1=NC(C)=C(S1)C(=O)N2CCOCC2C3=CC=CN3C
XS837653b,CC1(C)CC1(C#N)C(=O)N2CCN(CC(F)(F)CO)CC2
XS845645a,CC=1C=CC(=CN1)CC(=O)N2CCCC(C2)C3=NC=CS3
XS845644a,COC1=C(CNC(C)C=2C=CC=3OCOC3C2)C(C)=NN1C
XS560996b,CC=1C=CC(=CC1)CCC(=O)N2CCCCC2CCC(=O)O
XS845665a,CC=1C=CC(=CC1)N2CC(CC2=O)C(=O)NCC=3C=CC=NC3
XS842337b,FC1(F)CC1N2N=CC=C2CN3CC4(C3)CC(=NO4)C5CC5
XS845673a,CC1=NN2C(=O)C=C(CN3C=4C=CC=CC4CC3C)N=C2S1
XS666452b,CCN(CC)C(=O)C(C)SC1=NN=C(O1)C=2C=CN=CC2
XS845666a,O=C1NCCCCC1NS(=O)(=O)C=2C=CC=3OCCC3C2
XS845667a,CC=1C=NC(=CN1)C(=O)NC(C=2C=CC(F)=CC2)C3CCCC3
XS845660a,CC(CN(C)CC1=CC(=O)N2C=CC=CC2=N1)C=3C=CC=CC3
XS845670a,CC1=CSC2=NC(=CC(=O)N12)CN3C=4C=CC=CC4CC3C
XS845669a,COC=1N=CC=CC1CNC(=O)NC(C)CN2CCOCC2
XS789628b,CC1=CC=CC2=NC(=CN12)CN3CCOC(CN4C=NC=N4)C3
XS737716b,NC(=O)C=1C=NC(=C(Cl)C1)N2CCCC(C2)C(F)(F)F
XS736437b,CN1C=C(C=N1)C2CCCN2C(=O)C=3C=CC=4OCCOC4C3
XS425824b,C=1N=CN(CC2CCCN2CC3=CN(N=N3)C=4C=CC=CC4)N1
XS839560b,CCN(C=1N=CC(=C(N)N1)[N+]([O-])=O)C(C)C(=O)OC(C)(C)C
XS845663a,NC(=O)CC1(O)CCCN(CC=2C=CC=C3OCCOC23)C1
XS337440b,COCCN1C=CC(=N1)NC(=O)CN2CCCCC(O)C2=O
XS845661a,CN1C=C(C=N1)N2CCC(C2)NC(=O)N3CC=4C=CC=CC4C3
XS781830b,O=C(CC=1C=CC=2CCCCC2C1)NC3CCS(=O)(=O)C3
XS845662a,CC(OC=1C=CC=CC1C(N)=O)C(=O)NC=2C=CC=C(C#N)C2
XS845664a,CCC=1C=CC(=CC1)N2CC(CC2=O)C(=O)NCC3=CC=CO3
XS697498b,COC=1C=C(C#N)C=CC1OCC(=O)NC(C)C=2C=CC=CC2
XS845671a,CC1=NOC(C)=C1CN(C)C(=O)NCC(C)N2CCOCC2
XS837599b,O=S(=O)(NC1CCCC=2C=NNC21)C=3C=C(F)C=C(F)C3
XS845668a,CCCC(C)NC(=O)NC=1C=C(C=CC1C)NC(=O)C(C)C
XS837909c,O=C1NC(NC=2C=NC=CC12)C3=CN=C(S3)C=4C=CSC4
XS840538b,COC(=O)C1CCC2=C(C=NN2CC=3C=CC(F)=CC3C#N)C1
XS845672a,COCC(C)NC(=O)CC1=CSC(=N1)C=2C=CC=C(F)C2
XS845682a,CC(NC1=NC=CN2N=CC(Br)=C12)C=3C=CC=CN3
XS840150b,CC(CNC(=O)N1CCC2(CCCCC2)CC1)C=3C=CC=CN3
XS595755b,CCCOC=1C=CC=C(C1)CNC(=O)NC(C)C2=NN=CN2C
XS845678a,CCNC(=O)C(C)NC(=O)CN1N=C(C)C=2C=CC=CC2C1=O
XS793141b,CN1N=CC=2C(=NC=NC21)NC3CCSC=4C(F)=CC=CC43
XS840818b,CC(CC=1C=CSC1)N(C)C(=O)C=2C=CC=C(C2O)[N+]([O-])=O
XS845683a,CC1=CC(=NO1)NC(=O)N(CC=2C=CC=CC2)CC3CCCO3
XS499141b,O=C(NC(CN1C=CC=CC1=O)C=2C=CC=CC2)C=3C=CN=CC3
XS845679a,CSCCC(C(=O)NC(C)C)N1C(=O)C=2C=CC=CC2C1=O
XS817134b,O=C(C1CC(=O)NC=2C=CC=CC21)N3CCCCC=4C=CC=CC43
XS845677a,CC(=O)NC(CC1=CNC=2C=C(F)C=CC12)C(=O)N3CC(C)C3
XS845675a,CCC1=NC(=NO1)C2CCCN(C2)C(=O)NC=3C=CC=C(F)C3
XS845680a,CC(C=1C=CC(Cl)=CC1)N(C)CC(=O)NC2(C#N)CCCC2
XS845681a,CS(=O)(=O)NCC1CCCN(C1)C(=O)C=2C=CC=CC2F
XS678801b,CC1=CC=C(CNC(=O)C2CC(=O)N(CC3=CC=CO3)C2)S1
XS823955b,CC(C)OC=1C=CC(C#N)=CC1NC(=O)N2CCCCC2CO
XS845676a,CN1C=C(C=N1)C2CCCN2CC3=CSC(=N3)C4CCCC4
XS003204e,O=C(C1CC=2C=C(Cl)C=CC2O1)N3CCC=4SC=CC4C3
XS845674a,CC(NC(=O)CNC=1C=CC(C#N)=CC1)C=2C=CC(F)=CC2F
XS836822b,COC=1N=CN=C(C1NC(=O)NC(C)C=2C=NN(C)C2)N(C)C
XS840492b,C#CC(CC=1C=CC=CC1)OC(=O)C=2C=CC(=CC2)N3C=NN=C3
XS468811b,CC=1C=CC(F)=CC1C(=O)NC2CCCC3=C2C=CC(=O)N3C
XS836796b,CCNS(=O)(=O)C1CCN(CC2=CNN=C2C(C)(C)C)C1
XS842455b,CC(C=1C=CC=C(Cl)C1)N2CCN(CC2)C=3C=CC(=O)NN3
XS818969b,CCCC1=NC(C)=C(S1)C(=O)N2CCCC2C=3C=CN=CC3
XS730238b,CC(C)N1C=CC(=N1)C(=O)N2CCCC(O)(CN3C=CN=N3)C2
XS619604b,O=C(NC=1C=C(F)C=CC1OCC2CCCO2)C=3C=CC=CN3
XS837808b,O=C(OC1CCNC1=O)C=2SC(Br)=CC2Cl
XS399995b,CN(CC1=NN=C2CCCN12)C(=O)NC3CCCC=4C=CC=CC43
XS838508b,CC=1C=CC2=C(C=CN=C2N1)NCC(C)N(C)CC=3C=CC=CC3
XS387680b,O=C(NC1CCCCNC1=O)C=2C=C(N=C3C=CC=CC23)C4CC4
XS837093b,CC(C(=O)N1CC(C1)S(=O)(=O)NC2CCCC2)N3C=CC=N3
XS701126b,O=C(NC1CCS(=O)(=O)C=2C=CC=CC21)C=3SC=CC3F
XS666637b,C1=CN(CC2CCCCN2CC3=NC(=NO3)C=4C=CC=NC4)N=C1
DR004222b,CC1=NNC(C)=C1C2COCCN2C(=O)C=3C=CC(F)=CC3F
XS839879b,O=C(NC1=CC(=NN1)C=2C=CN=CC2)NC(C3CC3)C(F)(F)F
XS845684a,CN1C=C(C=N1)C2CCCN2C(=O)C=3C=CN(N3)C=4C=CC=CC4
XS611600b,CCC1CCC=2N=C(NS(=O)(=O)C=3C=NN(C)C3)SC2C1
XS644369b,CC=1C=CC=CC1C(C)NC(=O)CN2N=NC=3C=CC=CC3C2=O
XS839858b,CC=1C=CC=C(C1F)N2C=C(CNC3CCS(=O)(=O)C3)N=N2
XS841560b,CC=1C=CC(C)=C(C1)N2C=NC(=O)N2C(C)C3=NC(=NO3)C4CC4
XS837124b,CC(CN1CCCC1)NC(=O)C=2C=CC=CC2CS(C)(=O)=O
XS839573b,CC1=C2C=NN(C(=O)C2=C(C)N1C)C(C)C=3C=CC(=CC3)C(=O)O
XS845687a,CCN1N=NC=2C=C(C=CC21)C(=O)NC(C)CCC=3C=CC=CC3
XS388378b,CNC(=O)CN(C)C1CC(=O)N(CC=2C=CC(Cl)=CC2)C1=O
XS845686a,CC1=NC(CN2CCN(CC2)C3CCCN(C3=O)C(C)C)=NO1
XS755398b,CC(CNC(=O)C1=CSC(=C1)S(N)(=O)=O)C=2C=CC=CC2
XS836840b,CCCC1=CC(=NN1)NC(=O)C(C)N2N=NC(=N2)C=3C=CC=CC3
XS845685a,O=C(C=1C=CC2=NN=CN2C1)N3CCCC3C4=NOC(=N4)C5CC5
XS841691b,CC1C2=NC=CN2CCN1C(=O)C3=CN(N=N3)C=4C=CC(F)=CC4
XS827473b,CCOC(=O)C1CCCCN1C2=NS(=O)(=O)C=3C=CC=CC23
XS842049b,CC=1C=CC(=CC1)C2=NN=C(NC(=O)C(C)OC=3C=CC=NC3)N2
XS845693a,CCN1C=NN=C1CNC=2N=CN=C3SC=4CC(C)CCC4C23
XS845689a,CC1=CC(C)=CC(=C1)C=2C=C(NC(=O)C3(C)CCC(=O)NC3)NN2
XS841009b,O=C(C1=CC(=NO1)C=2C=CC=C(F)C2)N3CCN4CCCCC4C3
XS839209b,CC1OC=2C=CC(=CC2NC1=O)C=3C=CC=C(N=S(C)(C)=O)N3
MR045073b,CC1=CC(=NO1)C2CCCN2S(=O)(=O)C=3C(F)=CC=CC3F
XS335532b,COC(C)(C)CNC(=O)NC(C1=NC(C)=NO1)C2CCOCC2
MR044811c,COC=1C=CC=C(C1)N2CCC(CNC(=O)C=3C=CC=C(F)C3)C2
XS171332b,CC(NC(=O)C=1C=C(F)C=CC1F)C=2C=CC(=CC2)N3C=NC=N3
XS806860b,CC1=NOC(C)=C1CN(C)C(=O)C2CC(=O)N(C2)C=3C=CC=CC3
XS840543b,CC(C)C(=O)NC1CCCN(CCCOC=2C=CC=C(C#N)C2)C1
XS787903b,COCCN1CCNC(=O)C1C=2C(C)=NN(C2C)C=3C=CC=CC3
XS839269b,CP(C)(=O)C=1C=CC(=NC1)N2CCC(CC2)C3OCC3(F)F
XS333637b,COCCN1C=C(C=N1)NC(=O)C2(N)CCC=3C(=CC=CC32)OC
XS845690a,COC=1C=CC(=C(C1)OC)C2CCCN2C(=O)C=3C=CC=C(C)N3
XS838720b,CC=1C=CC=C(C1)COC(C)C(=O)N2CCC3=C(O)N(C)N=C3C2
XS837557b,COC=1C=CC(=CC1OC)C(NCC2=CNN=C2C)C(F)(F)F
XS845688a,O=C1OC(=NN1CC(O)COC=2C=CC(F)=CC2)C=3C=CC=CC3
XS745351b,CC(C)(C)CC(=O)NCC(=O)N1CC2(CCC2)C1C=3C=CC=CC3
XS845694a,COC=1C=CC=CC1CC(=O)NC(CC(=O)O)C=2C=CC(F)=CC2
XS845692a,CC(C(=O)NC1CCCCC1)S(=O)(=O)CC=2C=CC(F)=CC2
XS845695a,CC(C)C(C(=O)NC=1C=CC(=NC1)N2CCCC2)N3CCCC3=O
XS839538b,CC=1N=NC(=C(C#N)C1C)N2CCCC(C2)C3=NC(=NO3)N(C)C
XS840351b,CS(=O)(=O)NCC1CCCN(C1)C=2C=CC(C#N)=C(Cl)C2
XS838013b,CC1C2=NN=CN2CCN1C(=O)CN3C=C(N=N3)C=4C=CSC4
XS837536b,CC1=NN(C)C=2C(=NC(C)=NC12)N3CC4(CCC4)CC3CC(=O)O
XS845691a,O=C(NCC(C1=CC=CS1)N2CCCC2)C=3C=C(NN3)C4CC4
XS841627b,CC1CN(CC=2C=CC(=CC2)C3=CN=CO3)C=4C=CC=CC4NC1=O
XS489864b,CC(C)(C)C1=CC(=NO1)C(=O)NC(C(=O)O)C=2C=CC(Cl)=CC2
XS523861b,CC1=C(C=NN1C)C(=O)N(CC=2C=CC=CC2)C(C)C=3C=CC=CN3
XS406582b,COC=1C=CC=CC1C2=NC(=CS2)CN3CCCC3C(C)(C)O
XS839724b,CNS(=O)(=O)CC(=O)NC(C=1C=CC(F)=CC1F)C(C)(C)C
XS845699a,O=C(NC1CCOC=2C=CC=CC21)C3=CN(CC=4C=CC=CC4)N=N3
XS845705a,CCC=1C=CC(=CC1)C=2CC(C3=CC=CS3)N(N2)S(C)(=O)=O
XS845700a,CC=1C=COC1C(=O)NC2CCCC3=C2C=NN3CC=4C=CC=CC4
XS838548b,N#CC=1C=CC(=C(Br)C1)N2C=C(N=N2)C3CCCOC3
XS836929b,CC(NC=1N=CN=C2OCC(=O)NC12)C3=NC(=CS3)C(C)(C)C
XS840719b,O=S(=O)(CCC1CCOC1)NCC=2C=CC=C(C2)N3C=CN=N3
XS845706a,COC=1C=CC(=CC1NC(=O)NC(C)C=2C=C(C)OC2C)C(N)=O
XS818539b,CC(=O)NC(CC(=O)N(CC1=CC=CO1)C2CC2)C3=CC=CS3
XS845704a,COCCCCNC(=O)N1CCCC(C1)C2=NC=3C=CC=CC3O2
XS845707a,COC=1C=CC(=CN1)N(C)C(=O)C(C)NC(=O)CC2CCCCC2
XS614003b,COC=1C=CC(=C(C1)OC)S(=O)(=O)N2C=3C=CC=CC3CC2C
XS845697a,CC=1N=C(SC(C)C(=O)N2CCNC2=O)N(C1C)C3CCCC3
XS836821b,COC(=O)C=1C=CC(=NN1)N2CCN(CC2)C(C)C=3C=CSC3
XS845698a,O=C(NCC1=CC=CO1)NCC(C2=CC=CS2)N3CCOCC3
XS845702a,CC(CN1C=CC=N1)NC(=O)C=2C=C(Cl)C=3OCCCOC3C2
XS532584b,CC(C)CCC1=NOC(CN2CCCC(O)(CN3C=CN=N3)C2)=N1
XS845701a,CC(C)N1CC(CC1=O)C(=O)NC=2C=CC(=CN2)N3CCOCC3
XS839702b,CCC=1C=CC=C2C(=CNC12)CCNS(=O)(=O)CC3CCOC3
XS070062b,COC=1C=CC=CC1C(C)NC(=O)C=2C=CC=CC2Br
XS845703a,O=C(NCC=1C=CC=2OCOC2C1)NCC(O)CN3CCCCC3
XS836835b,NC=1C=CC(=C(C1)N2CCCC(C2)N3CCCS3(=O)=O)[N+]([O-])=O
XS845711a,CC1=NNC(C)=C1C2COCCN2C(=O)C3=CC(C)=CC4=CNN=C34
XS845718a,O=C(NCCN1CCOCC1)NC(C2=CC=CS2)C3CCCC3
XS808531b,CC1=CC(=NN1)C2CCCN(C2)C(=O)C3=NN4C(C)=CC(C)=NC4=N3
XS505389b,CN(CC1=NC(=NO1)C=2C=COC2)C3CCCN(C3)C=4C=CC=NN4
XS845715a,O=C(COC(=O)C1=CC=2C(F)=CC=CC2S1)NCC3CCCO3
XS839836b,O=C(NCCN1C=NC=2C=CC=CC2C1=O)C3NCCC=4OC=CC43
XS845708a,CC=1C=CC(=CC1)C2=NC(CN3CCCC(CN4C=NC=N4)C3)=NO2
XS837294b,CC1=NN=C2C(CCCN12)NS(=O)(=O)C3=CN=C(S3)C4CC4
XS845714a,CC(C)OC=1C=C(C=CN1)C(=O)NC=2C=CC=C(C2)C3CCC(=O)N3
XS845716a,CC1=C(C=CN1C(C)C)C(=O)N2CCC(C2)NC=3C=CC=C(C#N)C3
XS845720a,CC=1C=CC(=CC1C)C2CCCN2C(=O)C=3C=C(F)C=C4NC=NC34
XS838685b,CN(C1=NC=2N=CC=NC2S1)C3CCC=4C=CC=CC4N(C)C3=O
XS841747b,O=C(NCCN1C(=O)COC=2C=CC=CC21)C3CCC=4NN=CC4C3
XS836691b,CC(NCCN1C(=O)C=2C=CC=CC2C1=O)C=3C=CC(C#N)=CC3F
XS845710a,CN(C(=O)CNC=1C=CC=CC1C(C)(C)C)C2CCS(=O)(=O)C2
XS800880b,COC(=O)C=1C=CC=C(NC(=O)C2CC(=O)NC=3C=CC=CC32)C1C
XS845713a,CC1=NOC(=N1)C2CN(CCN2C)C(=O)C=3C=CC=C(Cl)C3F
XS845717a,CC(C)COC=1C=CC(=CC1)S(=O)(=O)NC(C)CN2C=CC=N2
XS845712a,CC1CC(=O)N(CC2=CN(N=N2)C=3C=CC(Cl)=C(Cl)C3)C1=O
XS845719a,CCC=1C=CC=C(C1)NC2CCN(C2)C(=O)C=3C=NN(C3)C4CCC4
XS837054b,CN1N=C(CNS(=O)(=O)N2CCOC(C#N)C2)C=3CCCCC31
XS741912b,COC=1C=CC=C(C1)CCNC(=O)C=2C=CC=C3NC(=O)C(C)OC23
XS528862b,O=C(C1=CSC(=N1)C=2C=COC2)N3CCC=4C=CC=CC4C3CO
XS845709a,CCCNC(=O)CNC(=O)NC1CCN(C1)C=2C=CC=C(Cl)C2
XS838113b,COC=1C=CC2=C(N1)N(C)CCN2C(=O)C3CCC4=NC(C)=NN4C3
XS839364b,FC=1C=C(Br)C=C(N1)NC2CCCOC32CCOCC3
XS845729a,CC=1C=CC(=CC1NC(=O)NCC(C)CN2CCCC2)N3C=NN=N3
XS845732a,CC1=CC2=C(CC(C)(C)CC2NCC=3C=NC(=NC3)N4CCCC4)O1
XS554086b,CCC1=NOC(CCCC(=O)N2CCCCC2CC=3C=CC=CC3)=N1
XS845723a,O=C(NC1CCN(C1)C=2C=CC=C(Cl)C2)C=3C=CC4=NN=CN4C3
XS845728a,O=C(CC=1C=CC(Cl)=CC1)NCC(C=2C=CC=CC2)N3CCCC3
XS838880b,CC(C)OC=1C=CC2=C(C1)CCCC2NC(=O)C3(CC3)N4C=NN=N4
XS845727a,CC=1C=CC(=CC1)C(=O)OCC(=O)NCC2COC=3C=CC=CC3O2
XS845733a,CN1CC(CC1=O)NC(=O)CCC=2C=CC(Br)=CC2F
XS845730a,CC(C)OC=1C=CC=CC1C(C)NC2=C(C#N)C(=O)N(C)C(=O)N2C
XS845726a,CCCC1=NOC(=N1)C(C)N2CCC(CC2)C3=NC=4C=CC=CC4O3
XS837067b,CC1CN(CC=2C=CN(C)C(=O)C2)CCN1CC=3C=CN(C)C(=O)C3
XS845721a,O=C(NCC(O)COC=1C=CC(F)=CC1)C=2C=CC(F)=CC2Cl
XS842688b,CC(N1CCN(CC1)C(=O)N2CCS(=O)(=O)CC2)C(F)(F)F
XS845725a,CN1C=CN=C1C(NC(=O)C=2CCC(=O)N(C)N2)C=3C=CC=CC3F
XS845722a,COC=1C=C(C)C=CC1OCCC(=O)N2CCCC2CN3C=CC=N3
XS788710b,CC=1C=CC(NC(=O)CN(C)CC2COC=3C=CC=CC3O2)=C(F)C1
XS839136b,CS(=N)(=O)C=1C=CC=C(C1)CN2C=NC3=C(N=NN3C4CC4)C2=O
XS838772b,CC=1C=CC(=CC1)C(CC(F)(F)F)NC(=O)N(C)CC2=CNN=N2
XS535120b,CCC(OC=1C=CC=CC1F)C(=O)N2CCC(CC2)C=3C=CN=CN3
XS845724a,CN1C=CN=C1C(NC(=O)C=2C=C(Cl)C=CC2F)C=3C=CC=CC3
XS156497b,CC1=CN=C(NC(=O)C2CCCN(C2)C(=O)NC=3C=CC=CC3)S1
XS845731a,COC=1C=CC(=CC1)S(=O)CC2=NN=NN2CCC=3C=CC=CC3
XS842198b,O=C(CN1C=NC=N1)NC(C=2C=CC=CC2)C=3C=CC=4OCCCC4C3
XS839584b,COC=1C=CC(=CC1NC(C)C=2C=NC=CN2)S(=O)(=O)NC3CC3
XS012737e,COCCN1C(=O)CC(C1=O)N2CCN(CC2)C=3C=CC=C(C)C3C
XS742991b,O=C(CS(=O)CC1=CSC(=N1)C2CCCC2)NC=3C=CC=CC3
XS845734a,CC(=O)NC(C)(C)C(=O)NCC(C=1C=CC=CC1)N2CCC(C)CC2
XS845740a,CCC(C(=O)NC=1C=C(C)ON1)N2CCN(CC2)C=3C=CC=CC3O
XS845745a,N#CC=1C=CC(=CC1)C(=O)NC(C(=O)N2CCOCC2)C=3C=CC=CC3
XS838488b,O=C(NCC(C=1C=CC(Cl)=CC1)N2CCCC2)C=3N=CC=CC3O
XS845736a,CCN(C(C)=O)C1=NC(=CS1)CN2CCCCC2CN3C=NC=N3
XS845735a,CCOC=1C=C(C)N=C(N1)N2CCN(CC2)C(=O)C3CC(=O)N(C)C3
XS842572b,CS(=O)(=O)NCCOC(=O)CN1CCCC(C1=O)C(F)(F)F
XS845743a,CCC1=CC=C(O1)C(=O)N(CC=2C=CC=CC2)C3CCS(=O)(=O)C3
XS573822b,COC=1C=CC(=CC1)CN(C(=O)CN2CCCCC(O)C2=O)C3CC3
XS838557b,O=C(CN1C=CC=2N=C(O)N=C(O)C21)N3CCC4(CCC4)C(CO)C3
XS845742a,O=C(C=1C=CN2N=NC=C2C1)N3CCCC(C3)C4=CNC=5C=CC=CC45
XS669914b,CC1=NN(CC(C)C)C(C)=C1CC(=O)N2CCCC(C2)N3C=NC=N3
XS845744a,CC=1C=CC=NC1NC(=O)NCC(C2=CC=CS2)N3CCOCC3
XS845739a,CN1CCN(C(=O)C2=CC=3C=CC=CC3OC2=O)C(C1)C=4C=CC=CC4
XS540090b,CC=1C=C(ON1)C(=O)NCC(C=2C=CC=C(Cl)C2)N3CCOCC3
XS845737a,CC(NC(=O)C1CCC1)C(=O)NC=2C=NN(C2)C=3C=CC=CC3Cl
XS845741a,CC(C1CC1)N(C)C(=O)C2=CC(=NN2)C=3C=CC(Br)=CC3
XS845738a,O=C(NC1=NC(=CS1)C=2C=CC=C(F)C2)C3CC(=O)N(C3)C4CC4
XS839603b,CS(=O)(=O)C=1C=C(N=CN1)NC=2C=CC=C(C2)C(F)C(F)(F)F
XS823172b,CC(OC=1C=CC=CC1C#N)C(=O)NCC=2C=CN=C(C2)N3C=CC=N3
XS837355b,O=C1NC=CN=C1N2CCC(C2)NC3=NC=4N=CC(Cl)=CC4S3
XS600065b,CCC(NC(=O)CCC1=NN=C(O1)C=2C=CSC2)C3CCCCC3
XS840613c,CC=1N=C2C=CC(=CC2=NC1C)C(=O)NC(C)C=3C=CC=C(C3)[N+]([O-])=O
XS845752a,CC1=NOC(CC2(O)CCCN(CCOC=3C=CC=C(Cl)C3)C2)=N1
XS845747a,O=C(CCN1N=C(OC1=O)C2=CC=CS2)NC3CCC=4C=CC=CC43
XS845758a,CNC(=O)NC(=O)C(C)NCC1(CCOCC1)C=2C=CC=CC2OC
XS845759a,COCCC(C)NC(=O)C=1C=CC=C(C1)OCC2=CN3C=CC=CC3=N2
XS399046b,CC1C=2C=CSC2CCN1C(=O)C=3C=CC(F)=C(C3)S(N)(=O)=O
XS679112b,O=C(NC1CC1)C=2C=C(N=C3C=CC=CC23)SC4CCCCNC4=O
XS845749a,CC(NC(=O)CN1C(=O)C=2C=CC=CC2C1=O)C=3C=CC=4OCOC4C3
XS845754a,O=C(NC=1C=NC=C2C=CC=CC12)C3CC(=O)NC=4C=CC(Cl)=CC43
XS565191b,CC(C)OC=1C=CC=C(C1)CC(=O)NC2CCCC3=CN(N=C32)C(C)C
XS761485b,CNC(=O)C=1C=C(C=CN1)OC2CCN(C2)C(=O)C=3C=CNC3C4CC4
XS706910b,CC(NC(=O)C1CCN(CC1)C=2C=CC(C#N)=CN2)C=3C=CC=C(O)C3
XS840693b,CN(C1CC(C)(C)OC1=O)S(=O)(=O)C=2C=CC=C(C2)N3C=CN=N3
XS845746a,COC=1C=CC(C(N)=O)=C(C1)OC(C)C(=O)C2=C(C)NC=3C=CC=CC23
XS845753a,CC(C(=O)N1CCOCC1)N2CCN(CC2)C(=O)C=3C=CC(F)=CC3
XS814928b,CC1=NN(C)C=2N=C(C)C(CCC(=O)NC(C)C3=CC=CS3)=C(C)C12
XS845757a,CC1=C(C=NN1CC=2C=CC=CC2)C(=O)N3CCCC3C(=O)NC4CC4
XS405178b,O=C(NC=1C=CC(=CC1)OC2CCCC2)N3CCCC(C3)C4=NC=CN4
XS845756a,CC=1C=C(NC(=O)C(C)N(C)CC2=CC(Br)=CS2)ON1
XS845751a,CC1=NN(C)C(C)=C1CC(=O)NC(C2=NC=CN2C)C=3C=CC=C(F)C3
XS709077b,CN1C(=O)CC(CNC(=O)CNC(=O)C=2C=CC3=CC=CC=C3C2)C1=O
XS845755a,CCC=1C=CC(=CC1)NC(=O)C(C)NC=2C=CC(=CC2)N3CCCC3=O
XS837010b,O=C(NNC(=O)C1CCN(C1)C(=O)C=2C=CC=CC2)C=3C=CC=C(F)N3
XS845750a,COC=1C=CC(=CC1)OCC(O)CN(C)CC(=O)NC=2C=C(C)ON2
XS845748a,CC(OC(=O)C1CCCCC1)C(=O)NC=2C=CC(=CC2)S(N)(=O)=O
XS687487b,CC(SC=1C=CC(=CN1)S(=O)(=O)N2CCOCC2)C=3C=CC=CC3
XS845770a,COC=1C=CC(C)=CC1C(C)NC(=O)NCCCCN2CCN(C)CC2
XS073673b,CCN(CC)S(=O)(=O)C=1C=CC(OC)=C(C1)NC(=O)C2CC=CCC2
XS836666b,CC(C)C(C)NC(=O)C=1C=CC=CC1S(=O)(=O)N(C)C=2C=CC=CC2
XS837712b,CC(C)(C)C=1OC=NC1CNC(=O)NC=2C=CC(=CC2)C3(C)CC3(F)F
XS613666b,COC=1C=CC(Cl)=CC1N2CCC(C2)NC(=O)CC=3C=CC(C)=CC3
XS667491b,CC=1C=C(C)N(N1)C=2C=CC(Cl)=C(N2)C(=O)NC3CCN(C)C(=O)C3
XS845762a,COC=1C=CC=C(C1)C(NC(=O)CC=2C=CC=CC2OC)C3=NC=CN3C
XS837234b,COC=1C=CC=C2C1N=C(NC(=O)C3CCCN3C4=NC=CS4)N2C
XS723556b,O=C(CNC(=O)CC1SC=2C=CC=CC2NC1=O)NCC3=CC=CO3
XS845763a,CC1COC=2C=CC=CC2CN1C(=O)C=3C=CC(=O)N(C3)C=4C=NN(C)C4
XS845769a,CC(CC1CCC1)C(=O)N2CC(CNC(=O)CC=3C=C(ON3)C4CC4)C2
XS841524b,COC=1C=C(C(=O)N2CCC32CCCS(=O)(=O)C3)C4=CC=CC=C4N1
XS845768a,CC(C)OCC=1C=CC=CC1CNC(=O)C2CCCN(C2)C(=O)C(C)C
XS428558b,COCC=1N=C(NC(C)C2=NC=CN2)C=3C(=CSC3N1)C=4C=CC=CC4
XS845767a,CC1CC=2C=CC=CC2N1C(=O)CN(C)S(=O)(=O)C=3C=CC(F)=CC3
XS845765a,CCC1=CC=2C(=NC=NC2S1)NC(C3=NC(C)=NO3)C4CCOCC4
XS845764a,CCN1N=NC=2C=C(C=CC21)C(=O)OC(C)C(=O)NC=3C=CC=C(C#N)C3
XS845760a,CC(CC(=O)N1CCC(C)(CC1)C=2C=CC=CC2)NC(=O)C=3C=CC=CC3
XS699540b,CC(=O)NC(C(=O)OCC1=NC2=C(C)C=CC=C2C(=O)N1)C3CCCC3
XS845761a,CC(NC(=O)C1=CC=2C=C(F)C=CC2N1)C=3C=NN(C3)CC=4C=CC=CC4
XS845766a,CNC1CCCN(C1)C(=O)CCC=2C(C)=NC3=C(C=NN3C(C)C)C2C
XS838831b,CC(C(=O)NC=1C=CC(=CC1)C(C)(C)C)N2C=C(COC3COC3)N=N2
XS837987b,CCC1=NC=2CCCC(C2S1)N(C)S(=O)(=O)C=3C=CC=CC3OC
XS181966e,COC=1N=CC=CC1CNC(=O)NC(CC=2C=CC=CC2)C=3C=CC=CC3
XS693226b,CC=1C=CC=C2CCCN(C(=O)C3CCCN(C3)C(=O)C4=CC=CS4)C12
XS771954b,CC=1C=CC(=CC1F)C2=NOC(=N2)C(C)N3CCOCC4(CCOCC4)C3
XS845775a,CNS(=O)(=O)C=1C=CC(=CC1)C(=O)N2CCCC2C=3C=CC=C(C3)OC
XS778895b,CC(=O)N1CCCCC1C(=O)NCC2CCN(CC2)C(=O)C=3C=CC=CC3
XS796792b,CCN(C1CCS(=O)(=O)C1)S(=O)(=O)C=2C=CC=3OCCCOC3C2
XS845776a,CCOC=1C=C(C=CC1OCC=2C=CC=NC2)C(=O)N3CCCC(C3)NC
XS845771a,COC=1C=CC=CC1C(NC(=O)CC=2C=CC=CC2Cl)C3=NC=CN3C
XS548987b,NC(=O)C1CN(CC2=CC=C(S2)C=3C=CC(=CC3)C(F)(F)F)CCO1
XS694761b,CC1=NN(CC=2C=CC=CC2Cl)C(C)=C1C(=O)NC3CCCCNC3=O
XS706114b,CC(C(=O)NC=1C=C(F)C=CC1F)N2CCN(CCC=3C=CC=CC3)CC2
XS551019b,COC=1C=CC(=CC1)C(CO)N(C)S(=O)(=O)C=2C=CC=C3C=NC=CC23
XS845772a,O=C(C=1C=NN(C1)CC=2C=CC=CC2)N3CCC4(C3)C(=O)NC=5C=CC=CC54
XS845777a,O=C(CCN1CCCC1C(=O)NCC2=CC=CO2)NC=3C=CC=CC3Cl
XS839127b,CC1=NN=NN1C=2C=CC(=CC2)C(=O)NC(C)COC=3C=CC(F)=CC3F
XS840909b,CC(C(N)=O)N1CCN(CC1)C(=O)C=2N=C(N3C=CN=CC23)C(F)(F)F
XS786925b,CC(C(=O)NC=1C=CC(=CC1)C(N)=O)N2CCN(CC2)C=3C=CC=CC3F
XS845780a,CC(=O)N1CCCC1C2=NC=3C=CC=CC3N2CC(=O)N4CCC(C)CC4
XS845778a,CC=1C=CC(=CC1)C=2C=C(NN2)C(=O)N3CCCC(C3)C(=O)NCC4CC4
XS845774a,CC(OC=1C=CC(C#N)=CC1)C(=O)N(C)CC2=NC=3C=CSC3C(=O)N2
XS840361b,CC1=C(C(=O)NC=2C=CC=CC2F)C(C=3C=CC=CC3F)N(C)C(=O)N1C
XS845779a,CC(C(=O)N1CCC=2C=CC=CC21)N3CCN(CC3)C=4C=CC=CC4Cl
XS845773a,CC=1C=NN(C)C1S(=O)(=O)N2CCCC2C=3C=CC(Cl)=C(Cl)C3
XS837838b,CC(=O)NC(C)(C)C1=NOC(=N1)C2=CC=3C=CC=CC3OC2C(F)(F)F
XS838348b,CC(C)(C)C=1CC(ON1)C(=O)NC=2C=CC(=CC2)C3=NN=C4CCCCN34
XS812615b,CCN(C(=O)CSC1=NN=C(O1)C2=CC=CO2)C3CCS(=O)(=O)C3
XS845781a,O=S(=O)(NCC1CCN2C=CN=C2C1)C=3C=C(Br)C=CC3F
XS839436b,CN(C(C(N)=O)C=1C=CC=C(F)C1)S(=O)(=O)C2=CSC=3C=CC=CC23
XS845787a,CN1C(=NN=C1N2CCC(C)(F)C2)C=3C=C(ON3)C=4C=CC=5OCCOC5C4
XS553102b,CC=1C=CC=CC1CN2CCC(CC2)NC(=O)NC3CCOC=4C=CC=CC43
XS845792a,COC=1C=C(C=CC1OCC=2C=CN=CC2)C(C)NC(=O)C=3N=CC=NC3N
XS838903b,CN(C(=O)COC=1C=CN=C(C1)C(F)(F)F)C(C(=O)O)C=2C=CC=C(F)C2
XS838275b,CC=1C=CC(=CC1)NC(=O)C2=NN=C(CN3CCSC(C3)C(C)C)S2
XS841310b,CC1CCCCN1CCOC=2C=CC=CC2C3=NC(=NO3)C=4C=CC(F)=CN4
XS170877e,CC(C(=O)NC=1SC=CC1C#N)N2CCC(CC2)C3=NC=4C=CC=CC4O3
XS839481b,CC(C(=O)N1CCOCC1)N2CCN(CC2)C=3N=NC=4CCCCC4C3C#N
XS837047b,CCC1=CN=C(CC(=O)NCC(C=2C=CC(F)=CC2Cl)C(F)(F)F)N1
XS845790a,CN(CC(=O)N1N=C(CC1C2=CC=CS2)C3=CC=CS3)C4CCCCC4
XS845783a,CC(C(=O)NC=1C=CC=C(F)C1)N2CCN(CC2)C=3N=CN=C4C3C=NN4C
XS845789a,CC=1C=CC(OC(C)C(=O)NCC2=NN=C3C=CC=CN23)=C(Br)C1
XS845791a,CCNC(=O)COC=1C=CC=C(C1)C(C)NC(=O)C=2C=CC=3N=CSC3C2
XS783731b,CC1=NN(C(C)=C1NC(=O)C2CCCN(CC(F)(F)F)C2)C=3C=CC=CC3
XS841573b,N#CC(C=1C=CC=CC1)C=2C=CC(=CC2Cl)NC(=O)N3CC4(C3)CCOC4
XS845793a,CNC(=O)NC(=O)C(C)SC1=NN=C(C2=CNC=3C=CC=CC23)N1C4CC4
XS845786a,CN1C(=O)C=2C=CC(=CC2C1=O)C(=O)NCC(C=3C=CC=CC3)N4CCCC4
XS845785a,CC1=CC(C)=NN1C=2C=CC(=CC2)C(=O)NCC(C3=CC=CO3)N4CCCC4
XS845782a,COC=1C=CC(F)=C2NC(=CC12)C(=O)N3CCN(CC=4C=CC=CC4)CC3C
XS427639b,CC(OC=1C=CC(F)=CC1)C(=O)N2CCC(CC2)C(=O)NC=3C=CC=CC3O
XS764874b,CC1=NOC(C)=C1S(=O)(=O)N2CCN(CC2)C(=O)C(C)C=3C=CC=NC3
XS845788a,CC(CNC(=O)C=1C=C(N=C2C=CC=CC12)C=3C=CC=CN3)N4CCOCC4
XS845784a,COCC(C)NC(=O)C1CCN(CC1)C=2N=CC(=CC2Cl)C(F)(F)F
XS056720e,CC1=CC(=NO1)NC(=O)C(C=2C=CC=CC2)N3CCN(CC3)C(=O)C4=CC=CO4
XS845796a,CC1=NN(C)C=2SC(=CC12)C(=O)NC(C)CN3CCN(CC3)C=4C=CC=CC4
XS845801a,COC=1C=CC=C(C1)NC(=O)CN(C)C(=O)C=2C=CC(=CC2)OCC3CCCO3
XS836562b,CC(NC(=O)C=1CCC(=O)N(N1)C=2C=CC=CC2)C=3C=CC(=CC3)S(C)(=O)=O
XS845797a,CCCNC(=O)NC(=O)COC(=O)C(C(C)C)N1C(=O)C=2C=CC=CC2C1=O
XS845800a,COC=1C=CC=C(C1)C2CCCN2S(=O)(=O)C=3C=CC=CC3Br
XS791581b,O=C(CNC(C1=CC=CS1)C=2C=CC=CC2)N3CCN(CC3)C=4N=CC=CN4
XS845806a,CC1=CC=C(S1)S(=O)(=O)N2CCCC(C2)C(=O)N(C)C=3C=CC=CC3F
XS845799a,O=C(NCCC=1C=CC=2NC=CC2C1)N3CCCC(C3)N4CCCS4(=O)=O
XS845802a,CC1=NOC=2N=C(C=C(C(=O)OC(C)C(=O)N3CCCC3)C12)C=4C=CC(F)=CC4
XS845794a,CC1=CC(=O)N2N=C(CN(C)C(C)C=3C=CC(=CC3)S(N)(=O)=O)SC2=N1
XS840957b,CC1=CC=C(S1)C(=O)N2CC3(C2)CCCN(C3)C(=O)C4CCC5=NC=NN5C4
XS842334b,O=S(=O)(CC=1N=CSC1Cl)N2CCOCCC2C=3C=CC(F)=CC3
XS656847b,CC1=CSC(=N1)C(NC(=O)C=2C=C(C=CC2Cl)N3CCCC3=O)C4CC4
XS840469b,COC=1C=C(C=C2OCCOC12)C(=O)NC(C)C=3C=CC=C(C3)S(N)(=O)=O
XS845798a,CC(OC(=O)CCCN1C(=O)OC=2C=CC=CC21)C(=O)N(C)CC=3C=CC=CC3
XS845805a,O=C(C1CCCN(CC(F)(F)F)C1)N2CC=C(CC2)C3=CNC=4N=CC=CC34
XS845803a,CC(=O)NCC=1C=CC(=CC1)S(=O)(=O)N(C)CC2COC=3C=CC=CC3O2
XS837663b,CN1N=NC=2CC(CCC21)NC(=O)NC=3C=CC=C(C3)COC=4C=CC(F)=CC4
XS845804a,CC1=C(C(=O)NC=2C=CC(F)=CC2)C(NC(=O)N1C)C=3C(F)=CC=CC3Cl
XS840977b,CCOCC=1N=C(C=2N=NN(C2C)C=3C=CC(F)=C(F)C3)N(N1)C(C)C4CC4
XS837875b,CCN1C(=NN=C1N2CCC=3C=CC=CC3C2)C4CC=5C=C(F)C=CC5NC4=O
XS699440b,CC1CCCCN1CC=2C=CC=CC2CNC(=O)CNC(=O)CC=3C=CC=CC3
XS845795a,CC(SC=1C=CC(=CN1)S(=O)(=O)N(C)C)C(=O)NC(=O)NC(C)(C)C
XS845811a,CC=1C=C(C=CC1F)N2CC(CC2=O)C3=NC(=NO3)C=4C=CC(=CC4)S(N)(=O)=O
XS837759b,CC1=NC(=NN1C2=NN=C(N2)C(F)(F)F)C(=O)NCC3COC=4C=CC=CC4O3
XS845807a,CC(C)C=1C=CC(=CC1)C(C)NC(=O)CN2C(CS(C)(=O)=O)=NC=3C=CC=CC32
XS845819a,O=C(CC=1C=CC=CC1)N2CCCC(C2)C(=O)NC=3C=CC(=C(F)C3)N4C=CC=N4
XS673775b,COCCC1=NC(CN2CCOCC2C=3C(C)=NN(CC(F)(F)F)C3C)=NO1
XS056501d,CC=1N=C2C=CC=CC2=NC1COC(=O)C(C)N3C(=O)C=4C=CC=C(C4C3=O)[N+]([O-])=O
XS845816a,CCN(CC)C(=O)N1CCCC(C1)C(=O)NC2=NC(C)=C(S2)C=3C=CC=CN3
XS842500b,CC(NC(=O)C=1C=NN(C)C1C#N)C2=NC(=CS2)C=3C=CC(Cl)=CC3Cl
XS388181b,CN1C=CN=C1C(NC(=O)C2=CN=C3SCCN3C2=O)C=4C=CC(Cl)=CC4
XS845815a,COC=1C=CC2=NC(C)=C(C=C2C1)C(=O)NC(C)C3=CC(OC)=C(OC)C(=C3)OC
XS840025b,CCOC=1C=CC(=CC1)NC=2N=CC=CC2C(=O)OC(C)CN(C)S(C)(=O)=O
XS845809a,CCC=1C(=CN=C2C1C(=O)N(C)C(=O)N2C)C(=O)NCC(C)N(C)C=3C=CC=CC3
XS845812a,CC(NC(=O)CCC1=NC=C(O1)C=2C=CC(F)=CC2F)C=3C=CC=4OCOC4C3
XS845808a,COC(=O)C=1C=CC(C)=C(C1)NC(=O)N(C)C2CS(=O)(=O)C=3C=CC(Cl)=CC32
XS845813a,CCOC=1C=C(C=CC1OCC=2C=CN=CC2)C(=O)N(C)C3CCS(=O)(=O)C3
XS845818a,COC=1C=C(C=CC1OC(=O)C2=CC=CO2)C3NC(=O)NC(C)=C3C(=O)OC(C)C
XS839441b,CC1=NC2=C3C=CC=NC3=NN2C(C)=C1CCC(=O)OCC4CC=5C=CC=CC5O4
XS837573b,CCC(C)(COC=1N=CC=CC1Cl)NS(=O)(=O)CC=2C=C(ON2)C(C)(C)C
XS841389b,CN1CCCCC1C(=O)N2CC(C2)C3=CN(N=N3)C=4C=CC(Br)=C(F)C4
XS837269b,CC=1N=C(SC1C(=O)NNC(=O)C2CCCN2S(C)(=O)=O)C=3C=CC=CC3
XS699314b,O=C(CN1CCCC1C2=CC=CS2)N3CCN(CC3)S(=O)(=O)C=4C=CC=CC4
XS845817a,O=C(C1CC=2C=CC=CC2C(=O)O1)N3CCN(CC3)S(=O)(=O)C4=CC=CS4
XS841352b,CN1C(=NC=2CCCCC21)C3CCCN3C(=O)C=4C=C(C=CC4F)N5CCOC5=O
XS841895b,CC=1C=CC(F)=C(C1)C=2C=C(NC(=O)NC3=CC=NN3C4CCS(=O)(=O)C4)NN2
XS845810a,CC(OC=1C=CC=CC1C(N)=O)C(=O)NC=2C=CC(=CC2)S(=O)(=O)N3CCCC3
XS845814a,O=C(NCC=1C=CC(=CC1)CN2CCC=3C=CC=CC32)C4CC(=O)NC=5C=CC=CC54
XS845825a,O=C(NC=1C=CC=CC1)C2CCCN(C2)C=3C=CC(=CN3)S(=O)(=O)N4CCCCC4
XS680638b,O=S(=O)(C=1C=CC=C(Cl)C1F)N2CCC3(CC3C4=NN=C(O4)C=5C=CC=CC5)CC2
XS845835a,O=C1C=C(CN2CCCC2C=3C=CC=4OCCCOC4C3)N=C5C=CC(Br)=CN15
XS845824a,CCN1C(=O)N(CCC(=O)N2CCCC2C=3C=CC(=CC3OC)OC)C=4C=CC=CC41
XS431497b,CCN(C(=O)C=1C=CC(=CC1)OCC2=CN3C=C(C)C=CC3=N2)C4CCS(=O)(=O)C4
XS845837a,O=C(CC=1C=CC=CC1)N2CCCC2C(=O)N3CCN(CC3)C=4N=CN=C5SC=CC45
XS845834a,CCC(=O)N1N=C(CC1C=2C(F)=CC=CC2Cl)C=3C=CC(=CC3)NS(C)(=O)=O
XS804017b,CCN(C(=O)C(C)OC(=O)C=1C=CC=C(C1)S(=O)(=O)N(C)C(C)C)C=2C=CC=CC2
XS845821a,COC=1C=CC(OC)=C(C1)NC(=O)C(C)OC(=O)C=2C=CC(=CC2)N3C(=O)CCC3=O
XS845826a,CC1CCCCN1C(=O)CN(CC=2C=CC=CC2Cl)S(=O)(=O)C=3C=CC=CC3F
XS845829a,COC=1C=CC=CC1NC(=O)C2=C(C)NC3=NC(=NN3C2C=4C=CN=CC4)C5=CC=CS5
XS845820a,O=C(C=1C=CC=C(C1)S(=O)(=O)N2CCCCC2)N3CC(OC=4C=CC=CC43)C(=O)N5CCOCC5
XS845823a,CC=1C=C(C)C(=C(C)C1)S(=O)(=O)N2CCC(CC2)C(=O)N3CCCC3C=4C=CC=NC4
XS392309b,CN1CCC2(CC1)CC(NC(=O)NC=3C=CC(=CC3)S(N)(=O)=O)C=4C=CC=CC4O2
XS836720b,COC(=O)C=1C(C)=C2C=CC=CC2=NC1CN3C=4C=CC(=CC4CC3C)S(N)(=O)=O
XS845822a,CCC(C)N1N=CC=2C(=CC(C)=NC21)C(=O)NC=3C=CC(=CC3)CN4CCN(CC4)C(C)=O
XS845833a,CC=1C=CC=2C(=NNC2C1)C(=O)NCC=3C=CC=4CN(C(=O)C4C3)C5CCC(=O)NC5=O
XS845836a,NC(=O)C1CC(=NN1C=2C=CC=CC2)C(=O)NC=3C=CC(=CC3)CN4CCN(CC4)C=5C=CC=CN5
XS047217c,CC(C)N(C(=O)CN1C(=NC=2C=CC=CC21)C3CC(=O)N(C3)C=4C=CC=CC4F)C=5C=CC=CC5
XS845827a,CCOC=1C=CC(=CC1)S(=O)(=O)NCCC(=O)N(C)CC2COC=3C=CC=CC3O2
XS845830a,CC(NC=1C=CC=2OCCCOC2C1)C(=O)NC=3C=CC(=CC3)S(=O)(=O)N4CCCC4
XS845831a,O=C(CN1CCCC1C=2C=CC=3OCCOC3C2)NC(=O)NC=4C=CC=5OCCOC5C4
XS845832a,COCCOC(=O)C1=C(C)N(C(=O)NC1C=2C=CC(=CC2)C(=O)OC)C=3C=CC=CC3
XS575222b,O=C(C1CN(CCO1)S(=O)(=O)C=2C=CC=CC2Cl)N3CCN(CC(F)F)CC3
XS839110b,CC=1C=CC(=CC1)C(=O)NC2CN(CC3=CC=NN3C2)C(=O)C=4C=CC=5CC(=O)NC5C4
XS845828a,CC=1NC2=NC(=NN2C(C=3C=CC=NC3)C1C(=O)NC=4C=CC=NC4)C=5C=CC=C(Cl)C5
XS845843a,CCOC=1C=C2CC(C)OC2=CC1NC(C)=O
XS845838a,CCC(NC(N)=O)C(=O)NC=1C=CC(C)=C(C)C1
XS841675b,CC1(C)CC2(CCO1)NC(=O)C=3C=CC=CC3N2
XS837783b,COCC(NC(=O)C1CC2(CCC2)C1)C(N)=O
XS845847a,CN1CC(CC1=O)C2=NC=3C=CC=CC3N2
XS845839a,CC1=CC(C)=CC(=C1)N(C)C(=O)C2CCNC2
XS845851a,O=C(C1=CC=CO1)N2CCCC(C2)C(F)(F)F
XS838703b,CC(=O)NCC1C(F)(F)C21CC2
XS845845a,O=C(C1CCC2=CN=CN2C1)N3CCCCC3
XS845844a,CC1CN(CCO1)C=2N=CN=C3C=CC=CC23
XS837449b,O=C(C1CCOC1)N2CCN3N=CC=C23
XS507308b,CN1C=NC=C1CNC2CCOC=3C=CC=CC32
XS845849a,CC1CCCN(C1)C(=O)C=2C=CC=CN2
XS845841a,CC(C#N)SC1=NN=C(O1)C=2C=CC(F)=CC2
XS845850a,O=C(NCC1CCOC1)C2=CN3C=CC=CC3=N2
XS845848a,CC1CC=2C=CC=CC2N1C(=O)C3=CC=CO3
XS837487b,O=C1NCCC1N2CCOCC(F)(F)C2
XS845840a,COCC1CCN(C1)C=2C=CN=C3C=CSC23
XS842348b,CC(NCC=1C=CNC1)C=2C=CC3=CC=CC=C3C2
XS838706b,CC(=O)NC(COC(F)F)C1CC1
XS841639b,CCN1CN(CC1=O)C(=O)C2CC32CCCC3
XS841194b,CC1(COC(=O)N1)C=2C=CC=C(C2)[N+]([O-])=O
XS839404b,CC1(C)COCCC1C(=O)NN2C=CC=N2
XS837257b,CC1CNC(=O)C=2C=CC=C(Br)C21
XS845846a,CC(NC=1N=CN=C2C1C=NN2C)C3CC3
XS845842a,CCC1CCN(C1)C2=NC(=CO2)C(=O)O
XS839816b,CC=1C=CC(NC(C)CS(C)(=O)=O)=C(C)N1
XS845854a,CC=1C=C(C(=O)N(C)C(C)CO)C2=CC=CC=C2N1
XS845862a,CC(C=1C=CC(=CC1)N2C=NC=N2)N(C)C(=O)C3CC3
XS760040b,O=C(NC1CCCNC1)C=2C=CC=CC2C(F)(F)F
XS845856a,CC(CCC1=CC=CO1)NC=2N=CN=C3C2C=NN3C
XS845855a,CC(C)C(NC(=O)C=1C=COC1)C=2C=CC(F)=CC2
XS840882b,CC1=CC(=NO1)C2CCCN2C3=CC=CC4=NN=CN34
XS837862b,CCC(NC(=O)C1=CN(N=N1)C(C)(C)C)C(F)F
XS842130b,C#CCC(OC(=O)C1=CN2C=CC=CC2=N1)C3CC3
XS845860a,CC1CCCN(C1)C(=O)CN2CCCCCCC2=O
XS163410b,NC(=O)C(NC=1C=CC(Cl)=CC1)C=2C=CC=CC2
XS845853a,O=C(NC=1C=CC(=CC1)C=2C=CNN2)C3CCCN3
XS788904b,O=C(NCC1CC=2C=CC=CC2O1)C=3C=CC(O)=NC3
XS845857a,CCC(CC=1C=CC=C(C1)C=2C=CC=NC2)C(=O)O
XS845861a,CC(C(N)=O)N1CCCN(CC1)C=2C=CC(C#N)=CC2
XS079187b,CC=1OC=CC1C2=NN=C(O2)SC(C)C(N)=O
XS613361b,CC1CCCN(CC1)C2=NC=3C=CC=CC3C(=O)N2
XS837352b,COC=1N=CC(=CC1C)C=2C=CC(=CC2)C(C)C(=O)O
XS840175b,CCN(CC=1N=NNN1)C(=O)CC2CC(C)(C)CO2
XS501704b,CC(NC(=O)C=1C=CC=NC1O)C(=O)N2CCCC2
AR001818b,C=1C=CC2=C(C1)NC3=NC=NC(NCC4CCOC4)=C32
XS837364b,OC1(CN2CC(CC3=CC=CO3)C2)CCCOC1
XS845859a,O=C(NCC1CCN(C1)C2CC2)C=3C=CC=CC3F
XS845858a,CC(CN1C=CC=N1)NC=2N=CN=C3C=CSC23
XS840427b,CC=1N=C(C)N(CC(C)C(=O)NC2=NC=CS2)N1
XS845867a,CC(OC=1C=CC=C(Cl)C1)C(=O)NC=2C=CC=CC2
XS837695b,COC=1N=CC=C2CCN(CC12)C(=O)C3(C)CC3(F)F
XS397241b,COC=1C=CC=CC1C(C)NC(=O)C=2C=CC=CC2F
XS727017b,O=C(C1CNCCO1)N(CC=2C=CC=CC2F)C3CC3
XS842630b,CC(C(=O)N1CCOC=2N=CC=CC2C1)C=3C=NN(C)C3
XS838655b,CC=1C=CC=CC1N2C=C(C=N2)OCC3CCC(=O)NC3
XS842293b,CC1=CON=C1CNC(C=2C=NN(C)C2)C=3C=CC=NC3
XS839830b,CC1=NC=2CCCC(NC(=O)C3=CC=4OC=CC4N3)C2N1
XS838542b,COC1=NNC=C1C(=O)N2CCC3(CCC3)C(CO)C2
XS845871a,CC=1C=CC(CN2CCOC(CN3C=CN=N3)C2)=NC1
XS837720b,CC1=CC=C(S1)C(C)N(C)C=2C=CC3=NN=NN3N2
XS845873a,CC1C=2NC=3C=CC=CC3C2CCN1C(=O)C=4C=COC4
XS588235b,CC(C)NCC(O)CN1C=2C=CC=CC2C=3C=CC=CC31
XS733093b,CC1C(=O)NCCN1C(=O)C=2C=CC=C(C2)C(F)(F)F
XS845868a,CCC1COCCN1C(=O)C=2C=CN=C3C2N=NN3C
XS845869a,O=C(O)CC(NC(=O)C1=CC=CS1)C2=CC=CS2
XS842448b,OC1(CNC=2C=CC(=CN2)C(F)(F)F)CCSC1
XS840598b,FC=1C=CC(F)=C(C1)C(NCCN2C=CN=C2)C3CC3
XS845872a,CN1C=CN=C1C(NS(N)(=O)=O)C=2C=CC(F)=CC2
XS845866a,CCC(C)OC=1C=C(C=CN1)C(=O)NCC2=NC=CN2
XS845863a,CC=1N=C(C=2C=CC=CC2)N(CC(=O)NC(C)C3CC3)N1
XS842164b,CN1CCCCC(C(=O)N2CC(C2)OC(F)F)C1=O
XS840594b,CC(CNC=1C=CC(=C(C#N)C1)[N+]([O-])=O)CN2C=CC=N2
XS845864a,CC1=CC(=NN1)C2CCCN(CCN3CCCC3=O)C2
XS839302b,CC(NC=1C=CC=C(C1)C2=NN=NN2C)C=3C=NC=CN3
XS845865a,CC1CN(CCN1)S(=O)(=O)C=2C=C(F)C=CC2F
XS562367b,CNC1CCCN(C1)C(=O)CCCOC=2C=CC=CC2F
XS845882a,CC(NC=1C=CC=2NC(=O)CCC2C1)C(=O)N3CCCC3
XS845884a,CCNC(=O)C(C)NC(=O)NC=1C=CC=CC1SCC
XS841685b,CC(C)(C(=O)NC1CCC2(CCCC2)C1)C=3C=NC=CN3
XS838683b,FC=1C=C(F)C=C(C1)C(F)CNC2=NC=CC3=CN=CN23
XS776826b,CC1=NC(CC(C)C)=C(S1)C(=O)N2CCCC(C)(O)C2
XS845877a,CC1=CSC=C1C(=O)N2CCN(C)C(C2)C3=NC=CN3
XS845878a,CN1N=C(C=C1NC(=O)C2=CC=NN2C)C3CCCOC3
XS845885a,COC=1C=CC(C(=O)NC2CCN(C2)C3CC3)=C(C1)OC
XS768163b,O=C(CC1CCCNC1)N2CCC(CC2)C=3C=CC=CC3
XS390650b,O=C(NC1CCCCNC1=O)N(CC2=CC=CO2)C3CC3
XS845881a,O=C1OCCC12CCCN2CC3=CC(=NN3)C=4C=CC=CC4
XS470682b,CN1C=C2C(=NC=NC2=N1)NCC3CCCC=4C=CC=CC43
XS845883a,COC=1C=CC=C(C1)CC(=O)NC2(C)CCS(=O)(=O)C2
XS563975b,CNC1CCCN(C1)C(=O)COCC=2C=CC=CC2Cl
XS845876a,CN1CCN(CC1C2=NC=CN2)C(=O)C3=CC(Cl)=CN3
XS840222b,COCCC(CO)NC(=O)C=1C=CC2=CC=CC(O)=C2C1
XS838459b,CC1CN(CC2=CNN=C21)C=3C(F)=C(Cl)C=CC3C#N
XS841381b,CC1=CC(=O)NC(=N1)NCC2CSC=3C=CC=CC3O2
XS845880a,CC(C(=O)NCCC=1C=CC=2OCOC2C1)N3C=CC=N3
XS712492b,COC=1C=CC=C(C1)NC(=O)CN(C)C(=O)C2CCCO2
XS845874a,CC1=NC(CN(C)C2CCCN(C2)C=3C=CC=NN3)=NO1
XS845879a,CC=1C=CC(=CC1)CNC(=O)N2CCCC2C=3C=CN=CC3
XS829006b,CC(=O)N1CC(=O)NC=2C=C(C)C=CC2C1C=3C=CC=CC3
XS840548b,CC(C)C(C1=NC(=NO1)N(C)C)N2CCCS2(=O)=O
XS845886a,CC=1SC=2N=CN=C(C2C1C)N3CCCC(C3)C(=O)O
XS845901a,CC(NS(=O)(=O)C=1C=CC=C(F)C1)C(=O)N2CCCC2
XS703308b,CC(SC=1C=CC=CC1C(=O)O)C(=O)NC=2C=CC=CC2
XS845899a,CC(=O)N1CCN(CC1)C(C)C(=O)NC=2C=CC(C#N)=CC2
XS845893a,CC(=O)NC(C(=O)N(C)C1=NC=2C=CC=CC2S1)C(C)C
XS845889a,COC=1C=CC=C(C1)C(=O)N2CCCC2C=3C(C)=NNC3C
XS845892a,NC(=O)C(NC(=O)CN1CCCCCC1=O)C=2C=CC=CC2
XS845900a,O=C1C=2C=CC=CC2NC(C3=CN4C=CC=CC4=N3)N1C5CC5
XS435449b,CC(NC(=O)C=1C=CC=NC1)C=2C=CC(=CC2)S(N)(=O)=O
XS845894a,CC(=O)N1CC2(CCCC2)C=3C=C4OCCOC4=CC3C1C
XS587583b,NC=1N=C(CSC2CCCCNC2=O)N=C3C=CC=CC13
XS839040b,O=C1C2=CC=CN2C=NN1CCC(C=3C=CC=CC3)C(F)F
XS845895a,CCCC(C)NC(=O)C=1C=CC=C(C1)NS(=O)(=O)CC
XS845888a,O=C(NC1CCN(CC=2C=CC=CC2)CC1)C3CC=CCC3
XS845897a,CN(CC(=O)NC(C)(C)C)C(=O)NC1CCC=2C=CC=CC21
XS837177b,CC=1OC(NC(=O)C(C)N2CCNC(=O)CC2)=C(C#N)C1C
XS845896a,CCCNC(=O)C(C)SC=1C=CC(Br)=CN1
XS448878b,CC=1C=CC=CC1C2CCN(C2)C(=O)C3=CNC=4N=CC=CC34
XS845887a,CCCC(=O)NCC1CCCN(C1)C(=O)C=2C=CC=CC2C
XS805428b,CC1=CSC(=N1)C2CCCCN2C(=O)C=3C=CC(C)=NC3
XS845890a,O=C(CC1C=CCC1)NCC=2C=CC(=CC2)NC(=O)C3CC3
XS845898a,CSC=1C=CC(=CC1)C(C)NC(=O)NCC=2C=CC=CC2
XS801277b,CC(=O)NC=1C=CC=C(C1)C(C)NC(=O)C=2C=CC=NC2O
XS605165b,CCCC1=NN(C(=O)O1)C2CCN(C2=O)C=3C=CC(C)=CC3
XS845891a,CC=1C=CC=C(C1)C=2CC(C3=CC=CO3)N(N2)S(C)(=O)=O
XS142909b,CC(NC(=O)CCC1=CC=CS1)C2=NC=3C=CC=CC3N2
XS638371b,CC=1C=C(C)C=C(C1)NC(C)C(=O)NCCC2=CC=CS2
XS806396b,CC(SC=1C=CC(Cl)=CC1)C(=O)N2CCNC(=O)C2
XS845913a,CC=1C=C(NC(=O)C2CC(=O)NC2(C)C)C3=CC=CN=C3C1C
XS845915a,CC(C=1C=CC=CC1F)N(C)C(=O)C=2C=CN=C(C2)NC3CC3
XS838240b,CC1(CCC(=O)NC1=O)N2C(=O)CC3(CCCCCC3)C2=O
XS845903a,COC=1C=C(F)C=CC1N2CCN(CC2)C(=O)C3CCCN3
XS845911a,CCC(CC=1C=CC=C(C1)C=2C=NC=3C=NN(C)C3C2)C(=O)O
XS845904a,COC=1C=C(C#N)C=CC1OC(C)C(=O)NC=2C=CC=C(C)C2
XS842629b,CC(CC=1C=CSC1)N(C)C(=O)NC=2C=CC=3C=CNC3C2
XS836466b,CC(NC(=O)C=1OC=CC1COC=2C=CC=CC2)C=3C=CON3
XS334477b,CC=1N=C(C=CC1C#N)N2CCCC(O)(CC3=NN=CN3C)C2
XS845906a,CC1=CSC(=N1)SCC(=O)NC2CCS(=O)(=O)C2
XS673839b,OC1(CN2C=CN=N2)CCCN(CC=3C=CC=C(F)C3F)C1
XS824641b,CC1=NOC(=N1)C(C)NC(=O)NC=2C=C(Cl)C=CC2Cl
XS845912a,CC(C(=O)N(C)CCOC=1C=CC(Cl)=CC1)N2C=NC=N2
XS845910a,CC1=NOC(CN(C)C(C)C=2C=CC(=CC2)S(C)(=O)=O)=N1
XS845907a,CC(C)CC(CNC(=O)C=1CCC(=O)NN1)N2CCOCC2
XS845902a,CC1=CC(C)=NN1CC2CCCN2C=3N=CN=C4C3C=NN4C
XS837895b,COC(=O)C1=CSC(=C1)NC(=O)C2(C)CCN(C2)C(C)=O
XS840405b,CC1CC=2C=CC=CC2N1CCC(=O)NC=3SC=CC3C#N
XS843010b,CC(NC(=O)C=1C=CC=2N=CSC2C1)C=3C=CC=C(C#N)C3
XS839902b,COCCN1C=CC(=N1)NC(=O)NC2(C)CC(C)(C)OC2=O
XS841932b,COCC1=CN(N=N1)C(C)C2=NC=3C=CC=CC3N2C(F)F
XS133813b,CC=1C=CC(=CC1C)NC(C)C(=O)NC=2C=CC=3OCOC3C2
XS845909a,CN1N=C(C=C1C(=O)N2CCCC2CC=3C=CC=CC3)C(=O)O
XS845905a,CC(C)C1=NN(C)C=C1NC(=O)CN2CCCCC(O)C2=O
XS845914a,CCCC(C)(NC(=O)C=1C=C(Cl)C=2OCOC2C1)C(=O)O
XS845908a,CCC(C)(C)C(=O)NC=1C=CC=C(C1)CS(=O)C(C)(C)C
XS839522b,N#CC1CN(CCO1)C(=O)C2(CC(F)(F)C2)C=3C=CC=CC3
XS845916a,CC1=NC(=NO1)C2CCCN(C2)C(=O)C=3C=CC=C4OCOC34
XS845927a,CC1C(=O)NC=2C=CC=CC2CN1C(=O)C3=CNC=4N=CC=CC34
XS836710b,C#CCNS(=O)(=O)C(C)CCN1C(=O)C=2C=CC=CC2C1=O
XS845917a,CN1CC(CCC1=O)NC(=O)C=2C=CC=C(C2)OC3CCCC3
XS838972b,COC(=O)C1CCS(=O)(=O)N1CC=2C=CC(Cl)=C(C)C2
XS841733b,O=C1ON=C(CC=2C=CC(F)=CC2)N1CC3CC(=NO3)C4CC4
XS838569b,O=C(C1=CNC=2C=CN=CC2C1=O)N3CCC(C3)C=4C=CC=CC4
XS735540b,CC1=NN2CC(CCC2=N1)C(=O)NCCC=3C=CC=CC3Cl
XS845921a,CNC(=O)C1(COC)CCCN1C(=O)C=2C=C(C)C(C#N)=CN2
XS845918a,COC=1C=CC(=CC1)C2=NC(=CS2)C(=O)NCC3CCCO3
XS845922a,CN(CC(=O)NC=1C=CC=C(Cl)C1)C2CCC=3C=CC=CC32
XS845928a,O=C(COCCOC=1C=CC=CC1)NC2CCC3=NC=CN3C2
XS845919a,CCC1CCCCN1C(=O)COC=2C=CC=C3CC(C)(C)OC23
XS845930a,CC(CC=1C=CC2=CC=CC=C2C1)NC(=O)C=3C=CC(=O)N(C)C3
XS845926a,CC1(F)CCN(C1)C(=O)C=2C=CC=3NC(=NC3C2)C(F)(F)F
XS845929a,CCOC=1C=C(C=CC1OC(F)F)CNC2CCCNC2=O
XS845924a,CC(NC(=O)NCC1=NN=C2CCCCCN12)C3=CC=CS3
XS504831b,COC=1C=CC(=NN1)C(=O)NC(C=2C=CC(F)=CC2)C(C)(C)C
XS845923a,CC(NC=1C=CC(=CC1)OC2CCCC2)C(=O)N3CCNC3=O
XS845925a,CCC(CNC(=O)NC1CCCC1)N2CCC=3C=CC=CC3C2
XS790599b,CC(C(=O)NCC=1C=CC(=NC1)N2CCCCC2)N3C=NC=N3
XS400841b,CC=1C=C(NC(=O)CN2CCOC(CN3C=CC=N3)C2)N(C)N1
XS845920a,O=C(C1=COC=2C=C(F)C=CC12)N3CCC(C3)N4CCCC4=O
XS841590b,CNC(=O)C1=CN=C(O1)C2CCN(CC2)C(C)C3=NN=NN3C
XS842346b,O=S1(=O)CCC(C1)C2=CSC(=N2)C3=NNC=4C=CC=CC34
XS454254b,CC1=NC=C(CN2CCCNC(=O)C2CC=3C=CC=CC3)S1
XS838877b,COC=1C=C(F)C=C(C1)C2=NOC(=N2)N3CCCC43CCNC4
XS840631b,COC=1C=CC=NC1NC(=O)CC(C=2C=CC=CC2)C(F)(F)F
XS483866b,O=C(CC=1C=CC=C(F)C1F)N2CCCCCC2C=3N=CON3
XS559276b,CC(NC(=O)C1=CC=C(O1)C=2C=CC=C(C2)C(F)(F)F)C(N)=O
XS845933a,CN(CC1(O)CCCC1)C=2C=C(N=CN2)N3CCCC(CO)C3
XS845938a,CC1=NN(C)C=2N=C(C)C=C(C(=O)NC3CCC4=NC=CN4C3)C12
XS722029b,CCN(C(=O)C1CCS(=O)(=O)C1)C2=NC=3C=CC=CC3S2
XS838918b,O=C1CC(CN2C(=O)NC=3C=CC=NC3C2=O)C=4C=CC=CC4N1
XS845939a,CC(CCNC(=O)CN(C)C=1C=CC(C#N)=CN1)C=2C=CC=CC2
XS478850b,FC=1C=CC(=CC1)C2CCCN2CC3=NC(=NO3)C=4C=CC=NC4
XS845935a,COCC(C)NC(=O)C=1C=CC2=C(C1)N=C(C)N2C=3C=CC=CC3
XS334208b,O=C(C=1C=C(O)N=C2C=CC=CC12)N3CCCC(C3)N4C=CC=N4
XS845934a,CCC(NC=1C=CC(OC)=C(Cl)C1)C(=O)NC=2C=C(C)ON2
BD009740c,CC=1C=C(N2CCCC2C=3C=CC=4OCOC4C3)N5N=CN=C5N1
XS836849b,CCC1=NOC=2N=CC(=CC12)C(=O)NC3CCC4=NC(C)=CN4C3
XS701546b,CC=1C=CC(=CC1)NC(=O)NC(C)C=2C=CC(=CC2)N3C=NC=N3
XS837082b,[O-][N+](=O)C1=CN=C2C=CC(=NN12)NCC3CCOC=4C=CC=CC43
XS845932a,CCC(C)N(C)CCNC(=O)N(CC=1C=CC=CC1F)C2CC2
XS845937a,CC(CCC1=CC=CO1)NC(=O)C=2C=CC(=CC2)S(C)(=O)=O
XS838004b,O=S(=O)(C1CC1(F)F)N2CCN(CC2)C3=NC(O)=CS3
XS837530b,CN1C(=NC=2C=CC=C(Br)C21)N3CCC(C3)C(=O)O
XS839064b,CCN1N=NC=2CC(CCC21)C(=O)NC=3C=C4CCCCC4=CN3
XS839961b,CC=1N=C(N=C2CCCCC12)NS(=O)(=O)C(C)C(=O)N(C)C
XS842135b,CCC(CNS(C)(=O)=O)NC(=O)C=1C=CC(C)=C2CCCC12
XS840741b,CC(CN(C)C(=O)CC=1C=CC(=CC1)N2C=CC=N2)C3=NN=NN3
XS845944a,CCC=1C=CC(=CC1)C2CNCCN2C(=O)CC3=CC=C(C)S3
XS845940a,CC(=O)N1CCC=2C=C(C=CC21)NC(=O)C(C)NC(=O)C3CCC3
XS506128b,CC(C)CN1C=NN=C1C2CCCN2C=3N=CN=C4C3C=NN4C
XS555037b,CC1=NN(C)C=2N=C(C)C(=CC12)C(=O)NC(C)CN3CCCC3=O
XS839259b,O=C1NC(=NC=2CCCCC12)N3CCOC=4C=CC=CC4C3CO
XS334956b,CC1=NOC(CC2(O)CCCN(C2)C(=O)C=3C=CNC3C4CC4)=N1
XS743683b,CCC1=NC=CN1C2CCCN(CCOC=3C=CC=CC3OC)C2
XS842074b,CC=1N=C(C)N(CC2CN(CCO2)C=3N=NC(C)=C(C)C3C#N)N1
XS845950a,O=C(CCCNC(=O)C1CC1)N2CCCCC2CC=3C=CC=CC3
XS845948a,CC(C)C1=NOC(CCCC(=O)NC(C)C=2C=CC(C#N)=CC2)=N1
XS845947a,CC=1C=CC(=CN1)CNC(=O)C2CCCN(C2)C(=O)N3CCCC3
XS845942a,O=C(C=1C=C(F)C=C(F)C1)N2CCCC2C3=NN=C4C=CC=CN34
XS845946a,O=C(NC1CCCCNC1=O)C2=CC=C(CN3C=CC=CC3=O)O2
XS841104b,CC1CN(C(=O)C=2C=CC=C(C2)S(=O)(=O)F)C3(CCC3)CO1
XS584343b,O=C(CC1=CNC=2C=C(F)C=CC12)NC3CCC(=O)NC43CCC4
XS841395b,CC(CN1C=CC=N1)NCC2=NC(=NO2)C=3C=CC=4OCOC4C3
XS845941a,CCC1=NC=CN1C2CCCN(C2)C(=O)C3=CSC(=N3)C4CC4
XS802234b,CC1=NN=C2CCC(CNC3=NC=NC=4SC(C)=C(C)C34)CN12
XS762404b,CC1=CSC(=N1)C2CCCN(C2)C(=O)C=3C=CC=C(C3)C(=O)O
XS742602b,CCN1C=CN=C1C(NC(=O)C=2N=CC=CC2C)C3CCOCC3
XS845945a,NC(CNC(=O)C1=CN=C(S1)C=2C=CC=3OCOC3C2)C4CC4
XS697899b,CC=1N=C(SC1C(=O)NC(C)C=2C=CC=CC2)C3=CC=CS3
XS845943a,COC=1C=CC(=C(C1)OC)C2CCCN2C(=O)C=3SC=CC3C
XS709595b,CC(NC(=O)CSC=1C=CC=CC1)C=2C=CC=3OCCOC3C2
XS841876b,CCN1C=C(C=N1)C2CSCCN2CC=3C=CC=C(C#N)C3F
XS845949a,CC=1C=C(C(=O)N2CCCC(CCC(=O)O)C2)C3=CC=CC=C3N1
XS845957a,CC(=O)NC(CC(=O)NC=1C=CC=C2C=NC=CC12)C=3C=CC=CC3
XS845952a,CC(=O)N1CCCC=2C=CC(=CC21)S(=O)(=O)N3CCCC(C)C3
XS845953a,CC(C(=O)NC=1C=CC=C(C#N)C1)N2CCN(CC2)S(C)(=O)=O
XS845951a,COC(=O)C(C=1C=C(F)C=CC1F)N(C)C(=O)C=2C=CN=C(C)N2
XS838443b,CCC1=CN=C(N1)C(=O)N(CC2=CC=C(CC)O2)CC3CCOC3
XS839030b,O=C1CCN(CC=2C=CNN2)C(=O)N1CC3CCC43CCOCC4
XS591520b,CC(OC=1C=CC=CC1Cl)C(=O)N2CC(C2)C=3C=C(CO)ON3
XS845956a,CN1C(=O)N(CC(=O)NC(C=2C=CC=CC2)C3CC3)C=4C=CC=CC41
XS845964a,COC=1C=CC(=CC1NC(C)C(=O)N2CCC(C)CC2)NC(C)=O
XS845960a,CNC(=O)NC(=O)CCN1CCCC1C=2C=CC=3OCCOC3C2
XS845954a,CC1=NOC(N)=C1C(=O)OC(C)C(=O)NC=2C=CC(=CC2)C(C)C
XS845959a,CSC=1N=CC(Cl)=C(N1)C(=O)NC2(C)CCS(=O)(=O)C2
XS845966a,CC(NC(=O)CC1=CNC=2C=CC=CC12)C=3C=CC=4NC(=O)NC4C3
XS845962a,CC(C1=CC=CS1)N(C)C(=O)NCC=2C=CC=3OCCOC3C2
XS837068b,CCS(=O)(=O)CC(C)N(C)C(=O)NCC=1C=C(F)C=C(F)C1
XS845965a,CCC=1C=CC=C(C1)NC2CCN(C2)C(=O)C=3N=CN4C=CC=CC34
XS839690b,CC(C)(C)NC(=O)C=1C=CC=CC1NC(=O)NCC2CCOCO2
XS841095b,COC=1C=CC=C(C(=O)N2CCC(C2)S(=O)(=O)F)C1[N+]([O-])=O
XS332659b,CN1C=C(C=N1)C2=NC=C(S2)C(=O)N3CCCCC3CC(N)=O
XS845958a,CC(C1=NC(=NO1)C(C)(C)C)N2C=NC3=C2C(=O)N(C)C(=O)N3C
XS845961a,CC=1C=CC(=CC1)OC(C)C(=O)NC=2C=CC(=CC2)S(C)(=O)=O
XS838215b,C1=CN=C(N=C1)C=2C=C(N=CN2)NC=3C=CC(=CC3)OC4CCOC4
XS839860b,CC=1N=CC=C(N1)N2CCOCC2C=3C=CC(Br)=CC3
XS845963a,COCCN1C=C(C=N1)NC(=O)NC2CCSC=3C=CC=CC32
XS845955a,CN(C(=O)C1CN(C)C(=O)C=2C=CC=CC21)C3CCC(F)(F)CC3
XS616038b,CC=1C=C(NC(=O)NC2CCN(C2=O)C=3C=CC(Cl)=CC3)ON1
XS845974a,O=C(NC=1C=CC(=NC1)N2CCCC2)NC3CCCC=4C=CC=CC43
XS845970a,CC=1C=CC=CC1CC(=O)NC(C2=NC=CN2C)C=3C=CC(F)=CC3
XS837592b,O=C(NCC1CNC(=O)O1)C=2C=NC=C3C(=CC=CC23)C(F)(F)F
XS841662b,O=C(O)C=1C=CC=C(C1)CN2N=C3C=4C=CSC4CCC3CC2=O
XS836591b,CC=1C=CC(=CC1)C=2N=NN(N2)C(C)C3=NN=C(O3)C4=CC=CS4
XS839930b,CCC(CS(=O)(=O)NC1=CN(N=N1)C=2C=CC=C(C2)OC)OC
XS845969a,CCN1N=C(C)C(CNC=2C=CC(Cl)=C(C2)CS(C)=O)=C1C
XS845967a,CC=1C=NN(C1)CC2CCCCN2C(=O)C=3C=CC4=C(C3)N=NN4C
XS845971a,CC1=NN=C(O1)C2COCCN2C(=O)C3=CC=4C(C)=CC(C)=CC4N3
XS839782b,CCC(NCCC1=CC=NN1C)C=2C=C(Br)C=CC2O
XS845972a,CC=1NC=2C=CC=CC2C1CC(=O)N3CCNCC3C=4C=NN(C)C4
XS842468b,CC=1C=C2OC(C)CN(CC3=NC(=O)NN3)C2=CC1Br
XS449850b,O=C(NC=1C=CC=C(C1)OC=2C=CC=CC2)NC3CCCCNC3=O
XS839810b,COC(C)CN(C)C(=O)C=1N=NN(C1C)C=2C=CC3=NC=CC=C3C2
XS837684b,CCOC(=O)C(F)(F)C1CCN(C1)C(=O)C2=NC=3C=CC=CC3N2
XS845968a,CN1CCN(C)C(CNC(=O)NC=2C=CN=C(C2)C=3C=CC=CC3)C1
XS837950b,CC=1C=CC(=CC1)C=2CC(CNS(=O)(=O)N(C)C3CCC3)ON2
XS845973a,CC(C)CN1C=CC=C(C2=NC(=NO2)C3CC=4C=CC(F)=CC43)C1=O
XS837882b,CC(C(=O)NC=1C=CC(=CC1)OCC=2C=CC=CC2)N3OC=CC3=O
XS845976a,CC1=NN=C2CCC(CN12)NC(=O)C=3C=CC(=CC3)C4CCCCC4
XS840819b,CC(C(=O)N1CCOCC1)N2CCN(CC2)C=3C=CN=CC3Cl
XS841399b,CCOC(=O)C=1C=NC(=NC1C)N2CC3(CCC3)C2C=4C=CC=NC4
XS842375b,CCC1=NN2CCCC(NC3=NC(=NO3)C=4C=CC=C(C4)OC)C2=N1
XS840232b,CN1N=CC=2C(=NC=NC21)N3CCCCC3C4=NN=C(O4)C5CCC5
XS845987a,O=C(CCNC(=O)NCC1CCCC=2C=CC=CC21)N3CCCCC3
XS845980a,COC=1C=C(C=C(Cl)C1OC)C(=O)OCC(=O)NC(C)C(C)C
XS841283b,CCC=1C=CC(=CC1)CN(CC=2C=CC=NC2)C(=O)NC(C)COC
XS837361b,CC1=CC(=NN1CC(F)(F)F)NCC(C)COCC=2C=CC=CC2
XS837432b,O=C(NCCC1=NC=2C=C(Cl)C=CC2N1)C3CC=4C=CC(F)=CC43
XS563664b,NC(=O)CCC1CCCN(C1)C(=O)C2=CN=C(S2)C=3C=CC=CN3
XS839230b,COC=1C=CC(C)=CC1CN(CC2C=CCC2)C(=O)CN3N=CN=N3
XS845985a,CNS(=O)(=O)C1=CC=C(O1)C(=O)NC(C)C=2C=CC(F)=C(F)C2
XS845979a,COC=1C=CC=CC1N2CC(CC2=O)C(=O)N(C)CC=3C=NN(C)C3
XS839147b,CC(C(=O)OC(C)(C)C)C1=NC(=NO1)C=2C=CN=C(C2)N3C=CN=C3
XS845986a,CC(C(=O)NC=1C=CC=CC1)N2CCN(CC2)C=3C=CC=CC3Cl
XS483145b,CS(=O)(=O)CC(NCC=1C=CC=C(Cl)C1F)C=2C=CC=CC2
XS839844b,COC=1C=CC=CC1C2=NC(=CS2)CN3CCCC4(CCOC4)C3
XS845981a,CCC(O)CC(=O)NC1=CC(=CC(=C1)C2=NNC(C)=N2)C(F)(F)F
XS845977a,COC=1C=CC=C(C1)N2CCC(CNC(=O)NC=3C=CC=CC3F)C2
XS845982a,O=C(NCCC1CCCO1)C2CCN(CC2)C3=NC=4C=CC=CC4O3
XS146064b,CC(NC(=O)CN1CCN(CC1)C=2C=CC=CN2)C=3C=CC(F)=CC3
XS845978a,CC(C)N1C=NN=C1C2CCCN(C2)C(=O)C(C)(C)C=3C=CC=CC3
XS845984a,CC(NC(=O)NC1CCN(CC(N)=O)CC1)C2=CC=C(Cl)S2
XS841417b,N#CC=1C=CC=C(C1)C2CC(=NN2C=3N=CC=CN3)C=4C=CC=C(O)C4
XS836836b,COC=1C=CC(=CC1)CC=2C(C)=NC(=NC2C)N3CCNC(=O)C3C
HL001745c,COC=1C=C2CC(C)OC2=CC1CN(C)CC=3C=NN4CCNCC34
XS837405b,COC(=O)C1=CC(=CS1)S(=O)(=O)N2CCC(C2)N3C=CN=N3
XS836832b,CC=1C(Cl)=CN=C(NC2CCCN(C2=O)C=3C=CC=NC3)C1C#N
XS842494b,COC=1C=CN=C2C(=CC=CC12)NC(=O)NCC(C)C3=NC=CS3
XS845992a,CC=1C=C(C(=O)OC(C)C(=O)NCC=2C=CC=CC2)C3=CC=CC=C3N1
XS845993a,CCC1=NC(=CO1)C(=O)NC(C2=NC(=NO2)C(C)C)C3CCOCC3
XS846005a,CC(NC(=O)CN1N=NC(=N1)C=2C=CC(Br)=CC2)C3CC3
XS846003a,COCCCCNC(=O)N1CCCC(C1)C2=NC=3C=CC=CC3S2
XS845989a,CN(C(=O)C=1C=CC=C(C#N)C1)C(C=2C=CC=C(F)C2)C=3C=CC=CN3
XS846004a,CC(NC(=O)CC1=CSC(=N1)C=2C=CC=CN2)C(=O)NC(C)(C)C
XS684099b,CC=1C=CC2=NC(=CC(=O)N2C1)CN3CC=4C=CC=CC4CC3C(N)=O
XS846001a,COC=1C=CC(=CC1OC)CC(=O)NCC(C)CN2N=C(C)C=C2C
XS845995a,CC1CC=2C=C(C=CC2N1CC=3C=C(C#N)C=CC3F)S(N)(=O)=O
XS845999a,CC(C)C(=O)N1CCC(CC1)NC(=O)NC(C=2C=CC=CC2)C(C)C
XS845988a,CC(C)(C)NC(=O)C1CSCN1S(=O)(=O)C=2C=CC(F)=CC2
XS846002a,O=C(NCCNC=1N=CC=CN1)NC2CCSC=3C=CC(F)=CC32
XS846000a,COC1=CC(=CC(OC)=C1C)C(=O)N2CCCC(C2)C3=NN=CN3C
XS842043b,COC(=O)C(C=1C=CC=C(O)C1)N(C)C(=O)C=2N=CN(N2)C(C)(C)C
XS845990a,O=C(CCCOC=1C=CC=CC1Cl)N2CCCC(C2)C3=CC=NN3
XS175126c,CC(=O)NC(C)C(=O)NC=1C=CC=2N=C(SC2C1)N3CCOCC3
XS845994a,CC(NC=1C=NN(C1)C=2C=CC=CC2Br)C(=O)NC3CC3
XS845996a,CC(CC1CCCC1)C(=O)N(C)CCCN2C=NC=3C(N)=NC=NC32
XS845997a,COC(=O)C(NC=1C=CN(N1)C2CCOCC2)C=3C=CC=CC3Cl
XS705734b,CN(CC1=NN=C(O1)C2CC2)C3CCN(C3=O)C=4C=CC=CC4Cl
XS001336d,O=C(CCC1=CNC=2C=CC=CC12)NC3CCN(CC=4C=CC=CC4)C3
XS838270b,CN1CC2CN(CC3=NC(CC=4C=CC=C(F)C4)=NO3)CCN2C1=O
XS845998a,O=C(CS(=O)CC1=CSC(=N1)C=2C=CC=CC2)NC3CCCC3
XS837723b,CC=1C=C(C)N(N1)C=2C=CN=C(N2)NC(C)C=3C=CC=4C=CN(C)C4C3
XS845991a,CC1=NN=C(O1)C2CC=3C=CC=CC3CN2C(=O)CC=4C=CC=C(O)C4
XS841261b,O=C1NCC2CN(CCN12)S(=O)(=O)C=3C=CC=CC3OC(F)F
XS846015a,CC1=CC(=NO1)C2CCCN2C(=O)C=3C=CC(=CC3)NC(=O)NC4CC4
XS846019a,CN1C(=NC=2C=CC=CC21)C3CCCCN3S(=O)(=O)C=4C=CC=CC4
XS420030b,CC=1C=CC=CC1C(C)(C)CNC(=O)C2CC(=O)N(CC(F)(F)F)C2
XS846020a,CCOC(=O)C=1C=CC=C(C1)S(=O)(=O)N2CCCCC2C(=O)NC
XS840866b,O=C(NCCOC(=O)C1CC(=O)N(C1)C=2C=CC=CC2)C=3C=CN=CC3
XS846016a,CC(=O)NC=1C=CC(=CC1)OCC(O)CN2C=NC3=CC(C)=C(C)C=C32
XS836592b,CC(NC=1C=CC(=CC1)OC=2C=CC=C3C=CC=NC23)C(=O)NC(N)=O
XS798871b,CC(=O)NC=1C=CC=C(C1)CNC(C(=O)N2CCCC2)C=3C=CC=CC3
XS846017a,O=S1(=O)CC(C2=NC(=NO2)C=3C=CC4=CC=CC=C4N3)C5(CCC5)C1
XS846018a,CC(C)N1N=CC=2CCC(CC21)NC(=O)CC3=CNC=4C=CC(O)=CC34
XS838926b,CC=1C=CC2=C(C1)C(=CN2C)CCNS(=O)(=O)N3CCNC(C)C3
XS846011a,CC(C)C(NS(=O)(=O)C=1C=CC=CC1)C(=O)NC=2C=CC(F)=CC2
XS846009a,O=C(CSC1=NC=CN1C=2C=CC(Cl)=CC2)NCC3CCCO3
XS846012a,CC=1N=NC(NCC(C=2C=CC(F)=CC2)N3CCOCC3)=C(C#N)C1C
XS846008a,O=C(O)CC(NC(=O)CC=1C=CC=C(C1)C(F)(F)F)C2=CC=CS2
XS846006a,CC(C)N(C)C=1C=CC(=CN1)CNC(C)C=2C=CC=3OCC(=O)NC3C2
XS837770b,OCC(C1CC1)N(CC2=CC=3C=C(Cl)C=NC3O2)CC=4C=CC=CC4
XS547410b,COC=1C=CC=C(C1)CN(C)C(=O)CN2CCCC(O)(CC(N)=O)C2
XS846013a,COC(=O)C=1C=CC=C(C1)NC(=O)C2CC(=O)N(CC=3C=CC=CC3)C2
XS785876b,COC=1C=CC=CC1C(NC=2N=CN=C3C2C=NN3C)C4=NC=CN4C
XS846014a,CCN(CC)C(CNC(=O)C=1C(C)=NOC1C(C)C)C=2C=CSC2
XS840284b,CCOC(=O)C1=C(NC2=NN=NN2C1C=3C=CSC3)C=4C=CC=CC4
XS839275b,COC=1C=CC(=CC1Br)OCCNC(C)C2=NC=C(C)O2
XS846010a,CC(C)(N)C1=NOC=C1C(=O)N2CCCC(CCCC=3C=CC=CC3)C2
XS841438b,CC(NC(=O)C1(N)CC2(C1)CCOCC2)C=3C=CC(=CC3)C=4C=CN=CC4
XS837688b,CN1C=C(C=N1)N2CC(CCC2=O)C(=O)NCCC3=NC=CN3C(F)F
XS839995b,N#CC=1C=CC(=NC1)OC2CCN(C2)C(=O)CC3=NOC=4C=CC(F)=CC34
XS550923b,O=C(NC1CCN(C1=O)C=2C=CC=CC2Cl)C=3ON=C4CCCCC34
XS846034a,COC1=CN(N=C1C(=O)NC(C)C=2C=CC(F)=C(F)C2)C=3C=CC=CC3
XS846022a,CCN(CC1=CC=C(Cl)S1)CC(O)COC=2C=CC(=CC2)CC#N
XS846028a,O=C(NC1CC1)C(CC=2C=CC=CC2)NS(=O)(=O)C=3C=CC=CC3F
XS846033a,COC=1C=CC=C(C1)CC2CCCN2C(=O)C3=CC=4C=CC=CC4NC3=O
XS846023a,O=C(CCC(=O)N1CCC(=N1)C=2C=CC=CC2)NC3CCC=4C=CC=CC43
XS837681b,O=C(C1CC1(F)F)N2CC3(C2)CN(C3)C=4N=CC(Br)=CN4
XS846029a,CC(=O)NC=1C=CC=C(C1)C(C)NC(=O)NC=2C=CC(=CC2)C(F)(F)F
XS839597b,N#CCC1(O)CCN(CC=2C=C(N=CC2Br)C(F)(F)F)C1
XS839154b,COC=1C=C2NC(=O)N(CC3CCCCN3C4CC4)C(=O)C2=CC1Cl
XS846031a,O=C(NCC1CCCN1C(=O)C=2N=COC2C=3C=CC=CC3)C45CC(C4)C5
XS846021a,O=C(C=1C=CC(=NC1)N2CCCCCC2)N3CCC(C3)NC=4C=CC=CC4
XS846027a,CCC(C)NC(=O)C=1C=CC(=CC1)S(=O)(=O)N(CC)C=2C=CC=CC2
XS625513b,COCC1=NNC(=N1)C2CCCCN2C(=O)COC=3C(C)=CC=CC3C
XS846024a,CC(NC=1C=CC(=CC1)N2CCCC2=O)C(=O)NC=3C=CC(F)=C(F)C3
XS840621b,CC1=NOC(C)=C1C(C)C(=O)NNC=2C(Cl)=CC(Cl)=CC2Cl
XS846032a,CCC(C)NC(=O)CCNC(=O)CCC=1C(C)=NC2=CC(C)=NN2C1C
XS842591b,CC1=CC=CC(C)=C1N2C=C(N=N2)C(C)NC(=O)C=3C=CC=4OCOC4C3
XS846025a,CC(C)C(NC(=O)C1=CC=CO1)C(=O)N2CCN(CC2)C=3N=CC=CN3
XS838347b,CC(NC(=O)CNC=1C=CC(=CN1)C=2N=NNN2)C=3C=CC=C(C3)C4CC4
XS846026a,CCCC(C)NC(=O)CC1=CC=C(S1)S(=O)(=O)N2CCOCC2
XS840409b,O=C(CN1CCCC=2C=CC=CC21)NNC(=O)C3COC=4C=CC=CC4O3
XS846035a,COC=1C=CC(=CC1F)CC(=O)NC(C2=NC=CN2C)C=3C=CC=C(F)C3
XS817306b,CC=1C=CC=C(NC(=O)CN(C)C(=O)C2CC(=O)N(C2)C3CCCC3)C1C
XS550087b,CC=1C=C(C=CC1Br)N2CC(CC2=O)C(=O)NC=3C=CN=CC3
XS416109b,COC=1C=CC(=CC1)C2CCCN2CC3=NC=4C=C(Cl)C=CC4C(=O)N3
XS841740b,CNC(=O)C(F)(F)C1(O)CCN(C1)C(=O)C2=CNN=C2C3CCCCC3
XS836960b,N#CC=1C=NC=C(C1)CN2CCN(CC2)C(=O)NC3CCC=4C=CC=CC4C3
XS836465b,O=C(CC=1C=C(ON1)C=2C=CC=CC2Cl)OCC3CC4(CCC4)C(=O)O3
XS556221b,O=C(NC=1C=CC(=NC1)OC=2C=CC(F)=CC2)N3CCN4CCOCC4C3
XS757075b,CC(NC(=O)C=1C=CC(=NC1)OCC(F)F)C=2C=CC(=CC2)N3C=NC=N3
XS846037a,CC1CCCN(C1)C2=NC3=C(C(=O)N(C)C(=O)N3C)N2CC=4C=CC=CC4
XS846041a,COC=1C=C(C=CC1NC(C)=O)NC(C)C(=O)NC=2C=CC=CC2C(C)C
XS812758b,CC=1C=CC=CC1CN2CCN(CC2)C(C)C(=O)NC=3C(F)=CC=CC3F
XS846040a,CC(NC=1C=CC=C(C1)CN2CCOC2=O)C(=O)NC=3C=CC(F)=C(F)C3
XS846036a,CC(SC1=NC=CN1C)C(=O)NC=2C=CC=C(C2)S(=O)(=O)N(C)C
XS757230b,O=C(NCC(C=1C=CC(F)=CC1)N2CCOCC2)C3=NNC=4C=CC=CC34
XS839631b,CC=1C=NC2=C(C=CC=C2C1)S(=O)(=O)NCC3COC=4C=CC=CC4O3
XS846038a,CC1=CC(C)=NN1CCCNC(=O)C2CC(=O)N(CCC=3C=CC=CC3)C2
XS842407b,CCOC=1C=C2N=CC=C(NCC3CCC4=NC=CN4C3)C2=CC1OCC
XS546733b,OC(COC=1C=CC(Cl)=CC1)CN2N=C(C=3C=NC=CC32)C(F)(F)F
XS841619b,O=C(NCC(N1C=CC=N1)C(F)(F)F)NC2(CC=3C=CC(F)=CC3)CC2
XS583251b,CN1C(CNC(=O)N2CCC(F)(F)C(CO)C2)=NC=3C=CC=C(Cl)C31
XS846039a,CCOC(=O)NC1CCCN(C1)C(=O)C2=CC(=NN2C3CC3)C(F)(F)F
XS836583b,CN(CC1COC=2C=CC=CC2O1)S(=O)(=O)N3CCC=4C=CC=CC4C3
XS837402b,CC(O)(CN1CCN(CC1)C=2C=CC(=CC2)S(N)(=O)=O)C(F)(F)F
XS846045a,O=C(NC=1C=CC=C(C1)C(F)(F)F)C2CC(=O)N(CCC=3C=CC=CC3)C2
XS846049a,COC=1C=CC=CC1C(CNS(=O)(=O)C=2C=CC(F)=CC2)N3CCCC3
XS840883b,BrC=1C=CN2C(NC3CCOC3)=C(N=C2C1)C=4C=C(ON4)C5CC5
XS842523b,CCC(C)(CNC(=O)C=1C=CC=2C=NNC2C1)NC(=O)C3=CC(Cl)=CN3C
XS773499b,CC(=O)N1CCCCC1C(=O)NC=2C=CC(=CC2)C3=NC=4C=CC=CC4N3C
XS846048a,CCCCOC=1C=CC(=CC1OC)CNC(=O)C2CC(=O)NC=3C=CC=CC32
XS839158b,CN1CCN(C(C#N)C1)S(=O)(=O)C=2C=CC(=CC2)OCC3CCCCC3
XS846044a,CC=1C=C(CN2N=NC(C(=O)NC3CCCOC=4C=C(F)C=CC43)=C2C)ON1
XS802721b,CN1C=C(C=N1)C2=NC(=NO2)C3CCCCCN3C(=O)C=4C=C(NN4)C5CC5
XS836750b,CCOC=1C=CC(=CC1OCC)S(=O)(=O)NC2(C)CCS(=O)(=O)C2
XS752652b,CC(C1=NC=2C=CC=CC2S1)N(C)CC(=O)N3CC(=O)NC=4C=CC=CC43
XS694335b,CC(CCN1CCN(CC1)C=2C=CC=CC2)NC(=O)NCC=3C=CC=C(F)C3
XS846042a,CCOC=1C=C(C=CC1OC)C(=O)N2CCCC(C2)C(=O)N(C)CCOC
XS846051a,CCC(NC(=O)C=1C=CC2=C(C1)CCCN2S(C)(=O)=O)C=3C=CC(C)=CC3
XS846050a,O=C(NC=1C=CC=C(C1)C2CCCC(=O)N2)C(=O)C3=CNC=4C=CC(F)=CC34
XS846052a,O=C(C=1C=CC=C(C1)CCO)N2CCC=3N=CNC3C2C=4C=CC=C(Cl)C4
XS846047a,CNC(=O)C=1C=CC(C)=C(C1)NC(=O)C=2CC(C(N)=O)N(N2)C=3C=CC=CC3
XS836533b,CC=1SC(=CC1S(=O)(=O)NC(C(N)=O)C=2C=CC(Cl)=CC2)C(N)=O
XS837023b,CC=1C=NN(C1)C=2C=CC(=CC2F)NC(=O)N3CCCC(C3)C4=NNC(C)=N4
XS802358b,CC=1C=CC(=CC1C(=O)N2CCCC2C3=NC=4C=CC=CC4N3)S(C)(=O)=O
XS846043a,CC1=NC(=CS1)CC2=NN=C(O2)SC(C)C(=O)NC=3C=CC=CC3F
XS837761b,CCN(C(=O)C(C)S(=O)(=O)C=1C=C(C=CN1)C(F)(F)F)C=2C=CC=CC2
XS841628b,CC(=O)N1CCC(C=2C=CC=CC21)N3C=C(N=N3)C=4C=CC=CC4OC(F)F
XS846046a,CN(CC=1C=CC(=CC1)C(C)(C)C)C(=O)C2CC(=O)N(CC=3C=CC=CN3)C2
XS833421b,CN1C(=O)C=CC=C1C(=O)N2CCC(C2)(C3=NC(=NO3)C4CC4)C(F)(F)F
XS836722b,CC(NS(=O)(=O)C=1C=CC=CC1F)C(=O)N2CC=C(CC2)C=3C=CC=CC3
XS846064a,CC(C)OC=1C=CC(=CC1)C(=O)NCC(=O)NC(C)C=2C=CC=3OCCOC3C2
XS846062a,CC=1C=CC=C(NC(=O)CN(C)C(C)C(=O)NC=2C=CC=3OCCOC3C2)C1C
XS842132b,CCOC(=O)C1CC=2C=C(C=CC2O1)S(=O)(=O)N(C)C=3C=CC=C(N3)OC
XS846055a,COC=1C=CC(=C(C1)OC)C2CCCN2S(=O)(=O)C=3C=CC(=CC3)C(N)=O
XS594528b,CN1N=CC=C1N2CCCC(C2=O)N(CC=3C=CC(Cl)=CC3)S(C)(=O)=O
XS846056a,CN(C(=O)COC(=O)C1=NN(C)C(=O)C=2C=CC=CC12)C3CCS(=O)(=O)C3
XS838354b,CC1(CCCN(C1)C(=O)C=2C=CC(F)=CC2N)NC(=O)C=3C=CC=4NC=CC4N3
XS846060a,CC(C)CC1(CC1)C(=O)NC2CC3(CN(C3)C(=O)C4=CN(C)C=N4)N5C=CN=C25
XS839485b,CC1=CC(=CC(C)=C1OCC=2C=CC=NC2)C(=O)N3CC=4C=NC=NC4C(C)C3
XS846057a,CC=1C=CC=C(C1)C(=O)NCC(=O)NC(CC2=CNC=3C=C(F)C=CC23)C(=O)O
XS846061a,COC=1C=C(F)C(=CC1OC)S(=O)(=O)NCC(C2=CC=CO2)N3CCCC3
XS846058a,COCC(C)N1C(=O)C=2C=CC=CC2N=C1SCC(=O)NCC(F)(F)F
XS122494b,COC=1C=CC=CC1N2CCN(CC2)C(C)C(=O)NC=3C=CC(F)=C(F)C3F
XS846059a,CC(C)C(NC(=O)C1=CC=CO1)C(=O)NC2=NC(=CS2)CN3CCCCC3
XS840913b,CN(C(=O)CC1=CC=NN1)C2CCCCN(C2)C(=O)C=3C=C(F)C(N)=C(F)C3
XS846063a,CC(C(=O)N(C)C=1C=CC=CC1)N2CCN(CC2)C=3C=CC(=CN3)C(F)(F)F
XS839112b,CC1CC(=O)N(C)C=2C=CC(=CC21)NCC3=CN(N=N3)C=4C=CC(F)=C(Cl)C4
XS836482b,CC1=NNC(C)=C1C(C)NC(=O)C=2N=C(C=CC2Br)C(F)(F)F
XS846054a,COC(=O)CC(NC(=O)C1=CN(C)C=2C=CC=CC12)C=3C=CC(OC)=C(C3)OC
XS840242b,CC(C)OC=1C=CC(=CC1Cl)NC(=O)N2CCCC(C2)C=3C=CN=C(N)N3
XS836872b,CCC(NC(=O)NC=1C=CC=C(C1)OCCS(C)(=O)=O)C=2C=NN(C2)CC
XS840265b,O=C(O)C1CCN(C1)C(=O)NCC=2C=CC(Br)=CC2C(F)(F)F
XS846053a,CC=1C=CC=C(C1)CN2C(=NC=3C=CC=CC32)C4CC(=O)N(C4)C=5C=CC=CC5F
XS016884b,CN(CCO)CC(=O)N1N=C(CC1C=2C=CC(Cl)=CC2Cl)C3=CC=CO3
XS838855b,O=S(=O)(NCC1(CC1(F)F)C=2C=CC=CC2)C=3C=CC(=CC3)N4C=NN=N4
XS824458b,CCC(OC=1C=CC=CC1)C(=O)N2CCC(CC2)C(=O)NC=3C=CC=4OCOC4C3
XS839699b,CC=1C=CC(=CC1NC(=O)C(CC=2C=CC=CC2)N3C=NN=N3)S(=O)(=O)N(C)C
XS840479b,CC(OC(=O)CN(C)S(=O)(=O)C=1C=CC(F)=CC1)C(=O)N2CCC=3C=CC=CC32
XS846076a,CSC=1C=CC=CC1NC(=O)CN(C)C(=O)C2CC(=O)N(C2)C=3C=CC=CC3F
XS840384b,CC1C=2C=CSC2CCN1C=3C=CC(=CC3[N+]([O-])=O)S(=O)(=O)NC(C)(C)C
XS699102b,CC=1C=CC(=CC1)NC(=O)C(C)OC(=O)CCNS(=O)(=O)C=2C=CC(C)=CC2
XS057938c,COC=1C=CC(NC(=O)CNC(C)C=2C=CC(OC)=C(Br)C2)=C(C1)OC
XS846065a,CC=1C=CC(=CC1)C(CN2CCOCC2)NC(=O)COC=3C=CC(Cl)=C(C)C3
XS842647b,CC(C1=NC=2C=CC=CC2N1C(F)F)N3CCN(CC3)C=4N=CN=C5C4C=NN5C
XS846069a,O=C(NCC(C=1C=CC(F)=CC1)N2CCOCC2)C=3C=CC=C(Br)C3
XS828292b,CC(OC(=O)C=1C=CC=2N=CSC2C1)C(=O)NC=3C=CC(=CC3)S(N)(=O)=O
XS846074a,CN(C(=O)C1CCN(CC1)S(=O)(=O)C=2C=CC=NC2)C3CCCC=4C=CC=CC43
XS846077a,COC=1C=CC(=CC1OC)C2CC(=NN2C(C)=O)C=3C=CC(=CC3)NS(C)(=O)=O
XS841433b,COC=1C=CC(=CC1)C(NC(=O)C2CCN(CC2)C3=CN=CC4=NN=NN34)C(C)C
XS846068a,CC(C)C(NC(=O)C=1C=CC=CC1)C(=O)N2CC=C(CC2)C3=CNC=4C=CC=CC34
XS846075a,CC(C)C(NS(=O)(=O)C=1C=CC(=CC1)S(=O)(=O)N(C)C)C2=NC=CN2C
XS846071a,O=C(COC=1C=C(Cl)C=CC1Cl)NCC(C=2C=CC=CC2)N3CCOCC3
XS846066a,CN(CC=1C=CC(=CC1)N2CCOCC2)C(=O)C3CC(=O)N(C3)C=4C=CC=CC4F
XS846072a,COCC(C)NC(=O)C=1C=CC=C(C1)S(=O)(=O)NC=2C=CC=C(C2)C(F)(F)F
XS846078a,CC(SC=1C=CC(=CN1)S(=O)(=O)N2CCCCC2)C(=O)NCC=3C=CC=CC3
XS846070a,CCN(CC(=O)NC=1C=CC=2OCCOC2C1)C(=O)C(C)OC=3C=CC(Cl)=CC3
XS841535b,CC1=CC(C(=O)NC=2C=CC=C3CN(C(=O)C=4C=C(C)OC4C)C(C)CC23)=C(C)O1
XS846067a,CCN1CCN(CC1)C(=O)C(C)SC2=NN=C(C=3C=CC=CC3F)N2C4CC4
XS840286b,CC1=NN(C(C)=C1Br)C(C)CC(=O)NNC(=O)N(C)C=2C=CC(C)=CC2
XS846073a,CN1CCN(CCCNC(=O)C=2C=C(F)C(F)=CC2Cl)C(C1)C=3C=CC=CC3
XS846092a,CC(C1=NC(=NO1)C=2C=CC=C(C2)C(F)(F)F)N3CCN(CC3)C(=O)C=4C=CC=5NN=NC5C4
XS846079a,CC(C(=O)C1=CNC=2C=CC=CC12)N3CCN(CC3)S(=O)(=O)C=4C=CC=5OCCOC5C4
XS846091a,CCN(CC)C(CNC(=O)NC=1C=C2OCC(=O)NC2=CC1Cl)CC=3C=CC=CC3
XS846088a,CC(C1=NC(=NO1)C=2C=CC=C(C2)C(F)(F)F)N3CCN(CC4=CC(=O)N5C=CC=CC5=N4)CC3
XS840289b,CC1C2=CC=CN2CCN1C(=O)CCC3=NC=4C=C(C=CC4N3C)S(=O)(=O)N(C)C
XS841460b,O=C(CCCS(=O)(=O)C=1C=CC(Cl)=CC1)NC(CO)C=2C=CC(=CC2)C(F)(F)F
XS836752b,CN(CC(=O)N1N=C(CC1C2=CC=CO2)C3=CC=CO3)CC4=NC=5C=CC=CC5C(=O)N4
XS846094a,O=C(NC=1C=CC(F)=C(F)C1F)C2CCCN(C2)C3=NS(=O)(=O)C=4C=CC=CC34
XS846089a,COC=1C=CC(=CC1NC(=O)C2CC(=O)N(C2)C=3C=CC=CC3OC)S(=O)(=O)N4CCCCCC4
XS003451d,COC=1C=CC(=C(C1)OC)C2CCCN2C(=O)C=3C=NC4=C(C3)C(=O)N(C)C(=O)N4C
XS846087a,O=C(C=1CCC(=O)N(N1)C=2C=CC=CC2)N(CC=3C=CC=CC3)C4CCS(=O)(=O)C4
XS846085a,CC(OC(=O)C=1C=C(C=CC1N2CCOCC2)S(=O)(=O)N(C)C)C(=O)N3CCCC3
XS839024b,COC=1C=CC(=CC1)CN(CCO)C(=O)NC2CCCC=3C=4C=C(C=CC4NC32)OC
XS846081a,CCN1C(=NC=2C=CC=CC21)SCC(=O)N(CC=3C=CC=CC3)C4CCS(=O)(=O)C4
XS840442b,COC(=O)C1=CC=C(O1)C(C)N2CCN(CC2)S(=O)(=O)C=3C=C(C=CC3C)[N+]([O-])=O
XS846082a,CC(C)C=1C=CC(=CC1)NC(=O)C(C)OC(=O)C=2C=CC(=CC2)CCNS(C)(=O)=O
XS842601b,CCN1N=C(CCC1=O)C(=O)N2CCC=3C=C(OC)C(=CC3C2C4=CC=CS4)OC
XS846086a,CCS(=O)(=O)N1CC=2C=CC=CC2CC1C(=O)NC3CCN(CC=4C=CC=CC4)CC3
XS840375b,COC(=O)C(C=1C=CC(F)=CC1)N2CCN(CC2)C(=O)C=3C=C4C=C(C)C=CC4=NC3C
XS846080a,COC(=O)C(CC1=CNC=2C=C(F)C=CC12)NS(=O)(=O)C=3C=CC=4OCC(=O)NC4C3
XS846083a,CN(C(=O)COC(=O)C=1C=C(N=C2C=CC=CC12)C=3C=CC=CC3)C4CCS(=O)(=O)C4
XS840164b,COCC=1C=COC1C(=O)N=S(C)(=O)C2CCN(CC2)C(=O)C3=CC=CN4N=CC=C34
XS846093a,CC1CC(=O)NC=2C=CC=CC2N1C(=O)CN(C)CC(=O)NC=3C=CC(F)=C(F)C3F
XS840166b,CCC=1C=C(N=C(C)N1)N2CCC(CC2)S(C)(=O)=NC(=O)C=3C=CC=4CCOC4C3
XS846084a,O=C(C1CCN(CC1)C=2C=CC3=NN=C(N3N2)C(F)(F)F)N4CCCC4C=5C=CC=NC5
XS839719b,COCC1=NN(C(=O)O1)C2C=CCCC2
XS840228b,CC1(C)CC1C(=O)NCC2=CC=NO2
XS846096a,O=C(NC1CNC(=O)C1)C=2C=CC=CC2F
XS838882b,CCC(C)C(=O)NC=1ON=C(C)C1C#N
XS839284b,CC=1N=C(SC1C#N)N2CCCC2C#N
XS846098a,CC1CCCCN1C(=O)C=2C=CN=CC2
XS846100a,CC=1C=CC(O)=C(C1)C(=O)NCC2CCCO2
XS383837b,O=C(NCC1CCCO1)NC=2C=CC=CC2
XS846101a,CCC(C)NC(=O)C=1C=CC=2NC(=O)COC2C1
XS676110b,CC=1C=CN=C(C1)N2CCCC(O)(CC(N)=O)C2
XS846099a,O=C1NC(NC=2C=CC=CC12)C=3C=CC=CC3
XS841772b,COC(C)(C(=O)NC1=CSN=C1C)C(C)C
XS837455b,CN1CC(=O)NC1C=2C=CC=C3CC(C)(C)OC23
XS841164b,COC1CNC=2C=CC(Br)=CC2C1
XS839955b,COC(CNC=1C=C(C#N)C=CN1)C(C)(C)C
XS771648b,CN1C=C(C=N1)C2CCCN2C(=O)C3=CC=CO3
XS590739b,CCNC(=O)NC(C)C=1C=CC=C(C1)OC(C)C
XS846103a,CC(C)NC(=O)NC(C)CC=1C=CC(O)=CC1
XS846102a,CCNC(=O)N1CCCC1C=2C=CC=C(C)C2
XS839294b,CCN1N=C(C)C=C1C=2C=NN(C2)C(C)C#N
XS841145b,CN1C(=O)CNC1C=2C=CC=CC2
XS846097a,O=C(NC1CCC=2C=CC=CC21)C3=CC=CO3
XS842001b,CC(NS(=O)(=O)C1CC1)C=2C=CON2
XS846095a,CC(C)N1C(=NC=2C=CC=CC21)C3CCCNC3
XS841912b,CCC(C#N)S(=O)(=O)C=1C=CC(=CC1)OC
XS499153b,COC(=O)C1CCCN1C(=O)C=2C=CC(Cl)=CC2
XS838902b,CC1=CNC(=N1)C(C)NCCOC=2C=CC=C(C#N)C2
XS846112a,CC(CC(=O)O)NC(=O)C1=CC=2CCCC2S1
XS846110a,COC=1C=CC(=CN1)NC(C)C(=O)NC(C)(C)C
XS837597b,CC=1CCN(CC1C)C(=O)C(C)C=2C=NC=C(F)C2
XS841928b,FC1(F)CC1CN2C=NC(COC=3C=CC=CC3)=N2
XS838977b,COC(=O)C=1C(C)=C2C=CC=CC2=NC1C3CCOC3
XS571224b,CCN1N=CC(CN2CCCC2(COC)C(N)=O)=N1
XS839604b,CC(NCC=1C=NC=C2CCCC12)C=3C=CC(F)=CN3
XS846109a,CC=1C=CC(C#N)=C(N1)N2CCC(C2)C=3C=CN=CC3
XS846105a,CC=1N=C2CCC(CN2N1)NC3=NC=4C=CC=CC4O3
XS846106a,CC=1OC=CC1C(=O)N(C)C(C)C=2C=CC(F)=CC2
XS741422b,O=C1NCCCC1NC=2N=CC=C(N2)C(F)(F)F
XS838614b,CC1=CSC(=N1)C(C)NC2=NC=CN3N=CC=C23
XS838291b,C1=CC2=CN=CC(OCCC3CCCCO3)=C2N=C1
XS837652b,COCC(C)(CO)NC(=O)C=1C=NC=2NC=CC2C1
XS838495b,CCCN1C(=O)N(CCC(C)F)C(=O)C=2NC=NC21
XS846108a,CC1=NN=C(NC2CCCN(CC=3C=CC=CC3)C2)O1
XS742683b,OC1CCCN(C1)C=2C=CN=C(N2)C=3C=CC=CC3
XS846104a,CCC(C#N)NC(=O)C=1C=CN(N1)C=2C=CC=CC2
XS840099b,CC(CN1C(=O)OC=2C=CC=NC21)C3CCCCC3
XS846107a,CC(C(=O)NCC1CC1)C2=CN(C)C=3C=CC=CC23
XS730683b,COC=1C=CC=CC1S(=O)(=O)NC2CCCNC2
XS724187b,O=C(NCC=1C=CC=C(C1)C(F)(F)F)C2CCCN2
XS761056b,OC=1C=CC=C(C1)CN2CCCCC2C3=NC=CN3
XS840148b,[O-][N+](=O)C=1C=CC(NCC2CCOC2)=C3C=NNC13
XS846111a,N#CC=1C=CC=C(C1)S(=O)(=O)NCC2CCCO2
XS842147b,CC(CC#N)N(C)C(=O)CCCOC=1C=CC=CC1F
XS846122a,O=C(NCCCN1C=CN=C1)C2COC=3C=CC=CC3C2
XS509937b,CN(C(=O)N1CCCCC1C2=NC=CN2)C3CCCC3
XS846115a,CSC=1C=CC=CC1C(=O)NC2CCC(=O)NC2=O
XS585546b,NC1CCCN(C1)S(=O)(=O)C=2C=CC(F)=C(F)C2
XS846124a,CC=1C=CC=C(C1)CCC(=O)N2CCN3C=CC=C3C2C
XS837680b,NC(=O)C(NC(=O)C1=CC=2CCCC2N1)C=3C=CC=CN3
XS839090b,CCC(C)C1=CC=C(C(=O)NC=2C=CN(C)N2)C(=O)N1
XS846113a,O=C(COC=1C=CC=NC1)N2CCCC(C2)N3C=CC=N3
XS839856b,COCC1CN(CCO1)C=2C(=CC=CC2[N+]([O-])=O)OC
XS846121a,CC(SC=1C=CC(Cl)=CN1)C(=O)N2CCCCC2
XS842140b,CC1C(=O)N(C)CCN1C2=NN=C(S2)C=3C=CON3
XS565965b,CCCC1CN(CCO1)C(=O)C=2C=CC3=NN=NN3C2
XS846114a,C=1N=CN(CC2CN(CCO2)C3=NC=4C=CC=CC4O3)N1
XS846125a,CC=1C=C(NC(=O)NC(C)C=2C=CC(C#N)=CC2)N(C)N1
XS846118a,CC(C)N1N=CC=C1NC(=O)C(C)OC(=O)C2CCC2
XS846123a,O=C(NC1CCCC=2OC=CC21)C3=CC=4C=CC=CC4N3
XS465460b,O=C(CC=1C=CC=CC1F)NC(CO)C=2C=CC=CC2
XS628985b,CNC(=O)NCC(=O)N1CC(C)OC=2C=C(C)C=CC21
XS846120a,COC(=O)C=1OC=CC1C2NC=3C=CC=CC3C(=O)N2C
XS846119a,CCOC=1C=CC(=CC1)C(=O)NC2CCC=3C=CC=CC32
XS846116a,O=C(NC=1C=CC=2N=CSC2C1)C3CCNC(=O)C3
XS842579b,CC(CN(C)C=1C=C(N=C(N)N1)N2C=CC=N2)C(=O)O
XS840733b,CN1C(=NN=C1N2CCC(F)(F)C2)C3CCCS3
XS608114b,CC=1C=C(C)N(N1)C2CCCN(C2)C(=O)C=3C=CNN3
XS516353b,CN1N=NC=C1C(=O)N2CCCC(C)(C2)C=3C=CC=CC3
XS846129a,NC(=O)CC1CCCN(C1)C=2N=CC(Cl)=CC2Cl
XS741779b,O=C(NCC=1C=CC=CC1F)NC2CCC3=NC=NN3C2
XS840119b,CC(C)(C)C1=NC(=CS1)C(=O)N=S(C)(=O)CCO
XS846131a,CC(OC=1C=CC=C(F)C1)C(=O)NCCC=2C=CC=CN2
XS846133a,CC(NC=1C=CC=2OCCCOC2C1)C(=O)N3CCCC3
XS836931b,CC(OC=1C=CC(=CC1)C=2C=CC3=NC=CC=C3C2)C(=O)O
XS839397b,CCN1CCCC(CNC=2N=CN=C3OCCOC23)C1=O
XS842072b,CC1(C)COC(CS(=O)(=O)NCCC=2C=NNC2)C1
XS846127a,CC1CN(C)C=2C=CC=CC2CN1C(=O)C=3C=CNC(=O)C3
XS846132a,CC=1C=CSC1C(=O)N2CCCC(C2)C3=NN=CN3C
XS432838b,CC1=CC=C(CN(C)CC(=O)NC2CCCCNC2=O)O1
XS846135a,CC(NC=1N=CN=C2C1C=NN2C)C(=O)N3CCCCC3
XS846134a,CC1=CN=C(NC(=O)C2CC=3C=CC=CC3C(=O)O2)S1
XS401524b,CC1=CC=CC(C)=C1N2C(=O)CC(NC=3C=CC=CC3)C2=O
XS725144b,CCC=1N=NSC1C(=O)N2C=3C=CC=CC3OCC2C
XS838700b,FC1(F)CC1N2N=CC=C2C3=NC(=NO3)N4CCOCC4
XS739579b,CC=1C=CC(Cl)=CC1C(=O)N2CCCC(O)(C2)C(N)=O
XS839896b,C=CCCCS(=O)(=O)NC(C)C=1C=CC=CC1N(C)C
XS846136a,CC=1C=CC=C(C1)C2CCCN2CC(=O)N3CCNC3=O
XS846126a,CN1CCCC(C1)NC(=O)C=2N=COC2C3=CC=CS3
XS846130a,O=C(NC1=NC=C(CCO)S1)C2CCCC=3NN=CC32
XS734946b,CC=1C=C(C(=O)NC2CCN(C2)C3CC3)C4=CC=CC=C4N1
XS842015b,CC=1N=C(OC1C(=O)N2CCC(C2)C3=NN=CN3)C(C)C
XS454507b,CC=1N=C(C)C(C)=C(N1)N2CCC3(CNC=4C=CC=CC43)C2
XS846128a,CCC(=O)N1CCC(C1)NC(=O)NC2=NC(=CS2)CC
XS678771b,CCC1C=2C=CSC2CCN1CCC(=O)NC(=O)NC
XS816711b,CC1=NC(C)=C(S1)C(=O)NCC2COC=3C=CC=CC3O2
XS841978b,CC1=CC=C(S1)C(C)C(=O)N2CCC(CC2)C=3N=CON3
XS846141a,CC1C2=CC=CN2CCN1C(=O)CC=3C=CC=C4C=CC=CC34
XS156106b,CC(C(=O)NC=1C=CC=CC1C#N)N2CCC=3C=CC=CC3C2
XS743674b,CC(NC(=O)NCCC(N)=O)C=1C=CC(=CC1)N2C=NC=N2
XS846144a,CC1=CC=C(CNC(=O)C2CC=3C=CC=CC3C(=O)O2)S1
XS838929b,O=C1C(=NC=CN1C2CC2)NC=3C=CC(=CC3)C4CC4(F)F
XS838411b,N#CC=1C=CC2=CC=CC=C2C1OCC(F)C3CCOCC3
XS846137a,O=C(C1=CSC(=N1)C2CC2)N3CCCC(C3)N4C=CC=N4
XS837180b,CC(OC1CCCCCC1)C(=O)NC(C)(C)C(=O)N(C)C
XS846146a,O=C(NC1CCC=2C=CC=CC21)C=3C=CN=C(C3)N4C=CN=C4
XS846139a,CC1=CSC(=N1)C2CCCCN2C(=O)CC=3C=CC=NC3
XS744058b,CC1C2=CC=CN2CCN1C(=O)CNC(=O)CC3CCCC3
XS846148a,CC(C(=O)NC=1C=CC=CC1C#N)N(C)CC=2C=CSC2
XS842057b,CC=1SC(=O)N(CC(=O)NC(C)C2=CSN=N2)C1C
XS846143a,CC=1C=CC(=CN1)C(=O)NC(C2=CC=CS2)C3CCCC3
XS839780b,CC=1C=CC(=CC1)CC(C)C(=O)OCC2=NC(=NO2)N(C)C
XS846147a,COC=1C=CC=CC1CC(=O)N2CCCC2CN3CCCC3
XS540604b,CC1CC(=O)NC=2C=CC=CC2N1CC3=NC(=NO3)C4CC4
XS842427b,CCC(C)(NCC=1C(F)=CC=CC1Br)C(N)=O
XS838208b,CC=1C=CC(=CC1)OCCN2CC=3NC(=O)NC(C)C3C2=O
XS846138a,O=C(CCC1CCCCO1)NC=2C=CC(=NC2)N3C=CN=C3
XS846142a,OCCN(CC=1C=CC=CC1)CC(O)COC=2C=CC=CC2
XS846140a,COC=1C=C(C=CC1C)C(=O)N2CCC(C2)N3C=C(C)C=N3
XS562928b,COC=1C=CC=CC1C2=NOC(=N2)C3CSCN3C(C)=O
XS841096b,CC(C=1C=CC=CC1)N(C)C(=O)N2CC(C2)S(=O)(=O)F
XS846152a,O=C(CN1C=CC=N1)N2CCCC2C=3C=CC=4OCCOC4C3
XS846150a,CC1=NC(CN2CCCC(C2)N(C)C=3N=CC=CC3C#N)=NO1
XS576226b,CC1(C)CN(CC(COC=2C=CC=CC2)O1)C(=O)CC(N)=O
XS836903b,NS(=O)(=O)C1CCCN(C1)C(=O)N2CCC(F)(F)CC2
XS841341b,CC=1N=NC(O)=C(CNC(=O)C2CC=CC=3C=CC=CC32)C1C
XS839468b,C1=CC(=CO1)C=2C=CC(=CC2)NC3=NC(=NS3)C4CCOC4
XS840926b,O=C(O)C(CC=1N=CNN1)NCC=2C=C(Cl)C=CC2Cl
XS846155a,O=C(C=1C=CN=C2NC(=O)CC12)N3CCC(C3)C=4C=CC=CC4
XS837936b,[O-][N+](=O)C=1C=CC=CC1NC(=O)CNC(CO)C(F)(F)F
XS846151a,CC1=CC(C)=NC2=NC(=CN12)CN3CCCC3CN4C=NC=N4
XS846149a,CC1=NOC(Cl)=C1CC(=O)N2CCCC(C2)N3C=CC=N3
XS846156a,CCCC(C)(NC(=O)C1=CC=2C(C)=NN(C)C2S1)C(=O)O
XS846153a,CC(=O)NC=1SC=2CCCCC2C1C(=O)OC(C)C(N)=O
XS846154a,COC=1C=CC(C)=CC1C(=O)NC(CC(=O)O)C=2C=CC=CC2
XS839790b,[O-][N+](=O)C=1C=CC(O)=CC1C(=O)NC2CCC=3C=CC=CC3C2
XS846158a,O=C(COC=1C=CC=CC1F)N2N=CCC2(O)C(F)(F)F
XS469474b,O=C(CC1=CNC=2C=CC=CC12)N3CCOCC3C4=CC=CO4
XS841828b,N#CC=1C=CC=C(N1)NC(CC2CCCCC2)C=3N=CC=CN3
XS846157a,O=C(C1CCC(=O)NC1)N(CC2=CC=CO2)CC=3C=CC=CC3
XS839034b,CC(C(=O)NC1=CN=NS1)C=2C=CC=C(Br)C2
XS571511b,CC1=NOC(COC2CN(C2)C(=O)CC3CCCC(=O)N3)=N1
XS842042b,CN(CC1(O)CCOCC1)C(=O)C2CCC=3N=NN(C)C3C2
XS400725b,CC1=NOC(=N1)C(C)N2CCN(CC2)C=3N=CN=C4NC=CC34
XS643470b,CCC=1C=CC(=CC1)C(=O)N(CC2CCCO2)C=3C=CN=CC3
XS840842b,CNC(=O)NCC(CO)CC=1C=CC=C(C1)OC(F)(F)F
XS629957b,O=C(C=1C=CC=2CCCCC2C1)N3CCCC(C3)C4=CC=NN4
XS801043b,CCOC=1C=C(C=CC1Cl)S(=O)(=O)NCC2CCCO2
XS013551f,OC=1C=CC2=CC=CC=C2C1C(C=3C=CC=NC3)N4CCOCC4
XS846164a,CCOC=1C=CC(=CC1)CC(=O)OC(C)C(=O)NC2CCCC2
XS612295b,CN(CC(=O)N1CCCC1)CC(O)COC=2C=CC(C#N)=CC2
XS846167a,CCOC=1C=CC=C2NC(=CC12)C(=O)NCC(C)(O)C3CCC3
XS592981b,CCCC1=NOC(CCC(=O)N2CCCC(C2)N3C=NC=N3)=N1
XS840296b,COC=1C=CC=C2C1CCC2NC(=O)CN3C=NC=C3C(=O)O
XS837575b,CC1=NOC(C)=C1C(C)CNC(=O)C=2C=NC3=C(C2)N=NN3C
XS846169a,COC=1C=CC=CC1C2CC(=NN2S(C)(=O)=O)C3=CC=CO3
XS846162a,CCN1C=C(C=N1)C(=O)NC2CCN(C2)C=3C=CC=C(Cl)C3
XS846165a,NC(=O)C(NC(=O)CC=1C=CC=C2C=CC=NC12)C=3C=CC=CC3
XS846159a,CC=1C=CC=CC1C2(CNC(=O)C(C)NC(N)=O)CCCCC2
XS840163b,O=C(NC=1C(O)=CC=C(Br)C1F)C2CCNC2=O
XS616357b,CN1N=C(C=CC1=O)C(=O)NC(C=2C=CC=CC2)C=3C=CC=CN3
XS846171a,COC=1C=CC(OC)=C(C1)C2CCCN2C(=O)C3=CC(C)=NN3
XS846168a,CC(=O)N1C=CC=2C=CC=CC2C1CC(=O)N3CCSCC3
XS842637b,CN1C=C(C=N1)CC2CCN(C2)C=3C=C(C=CC3[N+]([O-])=O)CO
XS593083b,CC1=NOC(=N1)C(C)N2CCN(CC2)C(=O)C=3C=CC=C(F)C3
XS846161a,CC1=CC(=NN1)C2CCCN(C2)C(=O)COC=3C=CC=C(F)C3
XS846160a,CCC=1N=CN=CC1C(=O)N2CCCC(C2)N3N=C(C)N=C3C
XS846166a,O=C(COC=1C=CC=C(Cl)C1)NCC2CCS(=O)(=O)C2
XS673143b,CC1=NC(C)=C(S1)C(=O)N2CCN(C)C(C2)C3=NC=CN3C
XS846170a,CCC(C(=O)NC1=NC(=CS1)CC(=O)OC)C=2C=CC=CC2
XS839273b,CN(C=1C=NC(=CN1)C(F)(F)F)C(CO)C=2C=CC=CC2F
XS840321b,COC(=O)C(C=1C=CC=C(F)C1)N(C)C(=O)C=2N=NC=CC2C
XS707958b,C1=COC(=C1)C2=NC(=CS2)CN3CCCC3CN4C=CC=N4
XS846163a,CC=1N=C(SC(C)C(=O)NC2CCCC2)C3=CC=CC=C3N1
XS840268b,O=C(NC=1C=CC(=CC1)C2=NC=3C=CN=CC3N2)C4CCCNC4
XS837318b,CC(C)CN1N=C(CCC1=O)C(=O)N2CCSCC2C(N)=O
XS585237b,CC1=NN=C2CN(C)C(CN12)C(=O)N(C)C3CC=4C=CC=CC4C3
XS846175a,CC=1C=C(CN2CCN(CC2)C3CCCN(C3=O)C(C)C)ON1
XS838654b,CC(C1=NOC(COC=2C=CC=C3C(=O)NCC23)=N1)N4C=CN=C4
XS836891b,N#CC=1C=C(NC(=O)C2CCC(=O)N(CC=3C=CC=CC3)C2)NN1
XS846176a,CCC(C)NC(=O)C=1OC=CC1CS(=O)(=O)C=2C=CC=CC2
XS841520b,CC1(C)CC(CCS1(=O)=O)NC=2N=CC=3CCCCCC3N2
XS846179a,NC(=O)C1CCN(C1)C(=O)C2=CC=3C(Cl)=C(Cl)C=CC3N2
XS846172a,CC=1C=C(C)N2N=C(N=C2N1)C(=O)N3CCCC3C=4C=NN(C)C4
XS807212b,CC1=CN(CC(=O)N2CCCC2C=3C=NN(C)C3)C=4C=CC=CC14
XS710444b,CC(C=1C=CC=CN1)N(C)C(=O)C=2C=CN(N2)C=3C=CC(F)=CC3
XS631247b,CC1=NOC(=N1)C2CCN(C2)C(=O)CCC=3C=CC(F)=CC3F
XS846173a,O=C(C=1C=C(ON1)C=2C=CC=CC2)N3CCCC3CN4C=CC=N4
XS842012b,O=C(O)C1CC=2C=CC=CC2CN1S(=O)(=O)C3=CC=CS3
XS841821b,CC1CN(CCN1C=2N=CN=C3C=CN(C)C23)C(=O)C4=CC=CO4
XS733000b,O=C(C1=CC=2C=CC=CC2OC1=O)N(C3CC3)C4CC(=O)NC4=O
XS837199b,CS(=O)(=O)N1CCCCC1C(=O)NC=2C=NC=3NN=CC3C2
XS617080b,CN(C(=O)NC=1C=CN=CC1)C2CCCN(C=3C=CC=CC3)C2=O
XS589112b,CC1=CC(=NN1C(C)(C)C)C(=O)NC(CCO)C2CCCCC2
XS846174a,CC(O)CN1CCN(CC1)C(=O)C=2C=CC=C(C2)S(C)(=O)=O
XS838551b,N#CC1(CC2=CN(CC3COCCC3(F)F)N=N2)CCCCC1
XS838756b,CC1=CC=2C(=CSC2S1)CCN3C(=O)NCC(C)(O)C3=O
XS838784b,CCOC=1C=CN=CC1S(=O)(=O)NC(COC)C(F)(F)F
XS470262b,O=C(NC=1C=CC=C(N1)C2CC2)N3CCC(CN4CCCCC4)C3
XS693137b,CC(C)C1=NN=C2CCC(CNC=3N=CN=C4C3C=NN4C)CN12
XS846184a,CNC(=O)C1CCN(CC(=O)N2C=3C=CC=CC3CCC2C)CC1
XS837463b,CCC(OC=1C=CC=CC1F)C(=O)NC=2N=NN(C)C2C(F)F
XS846182a,CC(C)C1=NC=2C=C(C=CC2O1)NC(C(N)=O)C=3C=CC(F)=CC3
XS840520b,COCC(C)NC(=O)C1=CC=2C(=O)N3C=C(C)C=CC3=NC2S1
XS846186a,NC(C1=NOC(=N1)C=2C=NN(C2C(F)F)C=3C=CC=CC3)C4CC4
XS838048b,[O-][N+](=O)C=1C=CC=2NN=C(C(=O)N3CCC(C3)C=4C=CON4)C2C1
XS846185a,CCOC=1C=CC=CC1C2=CC(=NN2)C(=O)N3CCC(C)(CN)C3
XS838813b,CC=1C=C(N=NC1C(F)(F)F)N2CCCC(C2)C3=NNC(=O)O3
XS612607b,O=C(C=1C=CC(=NC1)OCC2CC2)N3CCCC(C3)C4=CC=NN4
XS846188a,CC(C)C(=O)N1CCCC(C1)C(=O)NCC2=NN=C3C=CC=CN23
XS846183a,CC=1C=CC(=CC1)CC(CO)CNC(=O)CCOC=2C=CC=CC2
XS846180a,COC=1C=CC(=C(C1)OC)C2CC(=NN2C(C)=O)C=3C=CSC3
XS707546b,CN1N=CC=2C(=NC=NC21)NCC(C3=CC=CS3)N4CCCC4
XS840311b,O=C(NC1=NN=C(S1)C(F)F)NC2CCCC32CCCCC3
XS837430b,COC=1C=CC(=CC1)C2=CC(=NN2)N(C)CC3CCC4(COC4)O3
XS846189a,CCC=1C=CC(=CC1)NC(=O)C(C)NC=2C=CC=3OCCOC3C2
XS846190a,CC(C=1C=CC(=CC1)N2C=NC=N2)N(C)CC(=O)N3CCNC3=O
XS144793d,COC=1C=CC(C)=CC1NC(C)C(=O)NC(=O)NC=2C=CC=CC2
XS846181a,CC(C)N1CC(CC1=O)NC=2N=CN=C3SC=4CCCCC4C23
XS846187a,CC1COCCN1C(=O)C2=NN(C=3C=CC(F)=CC3)C=4CCCC24
XS561916b,CCC1=NN(C)C(CC)=C1CC(=O)N2CCCCC2C=3N=CNN3
XS658617b,CC1=NOC(=N1)C2CCCN(C2)C(=O)CC=3C=CC=4OCOC4C3
XS608713b,CC1=NOC(=N1)C2CCCN(C2)C(=O)C=3C=CC(=NC3)OC(C)C
XS842109b,C1=CNC(=N1)C2CCCN(CC=3C=CC=C(C3)OC=4C=CC=CN4)C2
XS846193a,CC(NC1=NC=CN2N=CC(Br)=C12)C=3C=NC=C(F)C3
XS580627b,CC(NC(=O)NCC=1C=CC=2OCOC2C1)C(=O)NC3CCCC3
XS846195a,CCC(C)C(=O)NCC(=O)NCC=1C=CC=CC1N2CCOCC2
XS476041b,CSCCC(NC(=O)COC=1C=CC=CC1)C(=O)N2CCCC2
XS846192a,NC(=O)CN1CCC(CC1)NC(=O)NCC2CC=3C=CC=CC3O2
XS581678b,COC(=O)C(C=1C=C(F)C=CC1F)N(C)C(=O)C=2C=NC(C)=CN2
XS655413b,O=C(NC=1C=CC=CC1Cl)N2CCC(C2)C3=CC(=O)NC(=O)N3
XS836955b,CN1C=NC=2C(=CC=CC21)C(=O)NCC3CCN(C3)S(C)(=O)=O
XS846191a,COCC1(CCCN1S(=O)(=O)C=2C=CC=C(Cl)C2)C(N)=O
XS607837b,NC(=O)C(CNC(=O)NC=1C=CC=C(F)C1)CC=2C=CC(F)=CC2
XS846194a,CCC(=O)N1CCCC(C1)C(=O)NC=2C=CC(NC(C)=O)=C(C)C2
XS841363b,CC=1C=C2OCOC2=CC1NC(=O)NC3CCC(=O)NC43CCC4
XS744737b,O=C(CCC=1C=CN=CC1)N2CCCC(C2)C3=NC=4C=CC=CC4O3
XS782156b,CC=1C=CC(C2=NC(=CS2)C(=O)NCC3(O)CCOC3)=C(C)C1
XS416989b,CN1C=C(C(=O)NC2COC=3C=CC=CC3C2)C(=N1)C=4C=CC=CC4
XS759569b,CC(NC(=O)CCOC=1C=CC=CC1Cl)C2=NN=C3CCCN23
XS837283b,CC1=CC=CC(=O)N1CC(C)(O)C(=O)NC=2C=CC=C(Cl)C2O
XS839889b,O=C1OCC=2C=CC(=CC12)S(=O)(=O)N3CC(F)(F)CC3CO
XS570951b,CC1=NOC(=N1)C2CN(CCN2C)C(=O)COC=3C=CC=CC3F
XS637337b,CC(C1=CC=CO1)N(C(=O)C=2C=CC=C(C2)S(C)(=O)=O)C3CC3
XS756307b,COCC1(CCCN1C(=O)CC=2C(=CC=CC2OC)OC)C(N)=O
XS838228b,CS(C)(=O)=NC=1C=CC=CC1NC(=O)C2CCC3=CN=CN3C2
XS440823b,O=C(NCC1CCOC1)N2CCC(CC2)N3N=C(N=C3O)C4CC4
XS837419b,CC1(CNC(=O)CCN2C=NN=N2)CCN(C1)C(=O)C3=CC=CO3
XS503215b,O=C(NC1CCC2=NC=NN2C1)C=3C=CC=C(C3)OC=4C=CN=CC4
XS840990b,CC1CN(CCC=2C=CC(O)=CC21)C3=NC=CN4N=C(C=C34)C(=O)O
XS846202a,CCCCN1N=C(C=CC1=O)C(=O)NC(C)C2=NC=3C=CC=CC3N2
XS846200a,CCOC(=O)C1=C(C)N(C)C(=O)NC1C=2C=CC=CC2OC(F)F
XS846199a,CC=1C=CC(OCC(=O)N2CC(OC=3C=CC=CC32)C(N)=O)=C(C)C1
XS837920b,CN(C)S(=O)(=O)NC(CNC=1N=NC=CC1C#N)C2CCCC2
XS653369b,CC1=CC(CS(=O)(=O)CC(=O)NC(C)C=2C=CC(F)=CC2)=NO1
XS846201a,CC(C)C1=NOC=2N=CC(=CC12)C(=O)NC3CCC=4C(F)=CC=CC43
XS842116b,CC(O)(CN1CCC(CC1)OC=2C=NC=C(Cl)C2)C(F)(F)F
XS837457b,CC(CC(=O)NC=1N=CC(Br)=CC1CO)N2C=CC=N2
XS553615b,O=C(NC1CCCOC=2C=C(F)C=CC21)C=3C=CN(CC(F)F)N3
XS828755b,COC=1C=CC=2OC(C(=O)N3CCCC(C3)N4C=CC=N4)=C(C)C2C1
XS838088b,CN(C)C(=O)N1CCC(CC1)C(=O)N2CCC(O)(C2)C(F)(F)F
XS765241b,O=S(=O)(NC1CCN(C1)C=2C=CC=CN2)C=3C(F)=CC=CC3F
XS841582b,NC=1N=CC(=CC1Cl)C(=O)N2CCC(F)(C2)C=3C=CC=CC3F
XS839402b,CCC(NC(=O)CC1=NNC(=O)C=2C=CC=CC12)C=3C(C)=NOC3C
XS658039b,CC1=CC(C)=NN1CC2CCCN2C(=O)C3=CC=4C=C(F)C=CC4N3
XS553470b,CN1C=C(C=N1)N2CCC(C2=O)N3CC=4C=CC=CC4C5(CCC5)C3
XS677872b,CC(C)C=1N=C2CCC(CN2N1)NCC3=NC(=NO3)C=4C=CC=NC4
XS726606b,CC=1C=CC(=CC1)C2=NN=C(CN3CCCCC3CN4C=NC=N4)O2
XS400444b,CC1=NNC(C)=C1C2CCCCCN2C(=O)NC=3C=CC(C#N)=CC3
XS846196a,CCC1=NC(=NO1)C2CCCN2C(=O)CC3=CNC=4C(C)=CC=CC34
XS804237b,CN1C=C(C=N1)C2CCN(CC2)C(C(=O)NC3CC3)C=4C=CC=CC4
XS846198a,CC(C(=O)N(C)CC=1C=CC=CC1)N2CCN(CC2)C=3C=NC=CN3
XS837879b,COC(CS(=O)(=O)NC=1C=NC=2NC=CC2C1C)C3CCCC3
XS593727b,COCCN1N=C(C=CC1=O)C(=O)NC(C)C=2C=C(F)C=CC2F
XS595324b,O=C1CC(CN1C2CCCCCC2)C3=NC(=NO3)C=4C=CC(F)=CC4
XS837683b,O=C(C=1C=CC2=CN=NN2C1)N3CCCC(C3)OC=4N=CC=CC4F
XS846204a,CC1=CC(C)=NN1CC2CCCCN2C(=O)C3=CC=C(C)N(C)C3=O
XS399939b,CC1=NC(=CS1)C2=CC(=CO2)C(=O)N3CCCC(C3)N4C=CC=N4
XS841211b,O=C(NCCNC=1C=NC=CN1)C=2C=CC(=CC2)OCC3CCCO3
XS836783b,COC=1C=C(OC)C(=C(C1)OC)C2NS(=O)(=O)N=C3CCCN32
XS840356b,CC(NC(=O)C=1C=COC1)C(=O)NCC=2C=CC3=C(C2)CCCN3C
XS713723b,CC1=NNC(C)=C1C(C)C(=O)N2CCC(CC2)OCC=3C=CC=CC3
XS839571b,CN(CC=1C=COC1)S(=O)(=O)CC2CCC3(CCOCC3)CO2
XS846207a,CC1=NC(=CS1)C=2C=CC=CC2NC(=O)NC3CCC(=O)N(C)C3
XS839319b,CCC(C=1C=C(Cl)C=C2CCOC12)N3C=C(N=N3)C4=CC=NN4C
XS846206a,CC=1C=C(C)N(N1)C=2C=CC(=CC2)C(=O)OCC(=O)NC(C)C(C)C
XS846208a,CC1CCC=2SC(=CC2C1)C(=O)N3CCN(CC3)C=4N=CC=CN4
XS722878b,CC1=CC(C)=NN1C=2C=CC(=CC2)CC(=O)NC3CCCCNC3=O
XS846211a,NC(=O)C(C=1C=CC=CC1)N2CCC(CC2)NC(=O)C3CCCCC3
XS846203a,CC(=O)NCCC(=O)NC1CCCOC=2C(Cl)=C(Cl)C=CC21
XS593287b,CC=1C=CC=CC1CN(C)C(=O)CN2C(=O)SC=3CC(C)CCC32
XS696509b,O=C(NC=1C=CC=NC1N2C=NC=N2)C3CC=4C=C(Cl)C=CC4O3
XS841474b,CC(CNC(=O)NCC1=NC(=NO1)C(F)F)OC=2C=CC(F)=CC2
XS836613b,CC1=CC(C)=NN1CC(=O)NNC(=O)C2CC=3C=CC=CC3C(=O)O2
XS838623b,CC(C)C(C)CN(CC=1C=NNC1)C(=O)CC2=CC=CC3=NON=C23
XS846205a,CC=1C=NN(C1)CC(C)NCC=2C=CC=C(C2)C(=O)N3CCCCC3
XS846209a,CN1N=CC=2C(=O)NC(CN3CCOC=4C=CC=CC4C3CO)=NC21
XS837961b,CC(CNC=1C(F)=CN=CC1Cl)C=2C=CC(=CC2)S(C)(=O)=O
XS612339b,COC=1C=CC=CC1C(C)NC(=O)N2CCN(CC2)C3=NC=CS3
XS842226b,CS(=O)(=O)N1CC(CS(=O)(=O)NC2CCCC(F)(F)C2)C1
XS846213a,CC=1N=C(C)N(CC2CCCN2CC(=O)NC3(C#N)CCCCC3)N1
XS697568b,O=C(NC1CCCC=2C=CC=CC21)C=3C=CC(=CC3)N4C(=O)CCC4=O
XS846219a,CCC1CCC=2N=C(NC(=O)CN3C=CC(=O)N(C)C3=O)SC2C1
XS846220a,NCC=1C=CC=C(C1)C=2C=CC=C3C(=O)N(CC23)C4CCC(=O)NC4=O
XS846214a,O=C(NC=1C=CC=CC1)C(=O)NC2CCN(C2)C=3C=CC(F)=CC3F
XS840154b,C=1C=C2C(CCCN2N1)NC=3N=CN=C4C3N=NN4CC=5C=CC=CC5
XS768800b,COC1CCCCN(CC(=O)NC2=NC=3C=C(F)C=CC3N2C)C1=O
XS837971b,CN1N=CC=C1CS(=O)(=O)NC(CC2CCCC2)C=3C=CC=CC3
XS846221a,CN1N=C(C=C1C2CC2)C(=O)NCC3CC4(CN(C4)C(=O)CO)CO3
XS793791b,CC1=NOC(=N1)C(C)N2CCN(CC=3C=CC=4OCCOC4C3)CC2
XS846217a,CC(=O)N1CCCC1C2=NC=3C=CC=CC3N2CCCC=4C=CC=CC4
XS846218a,CC1CC=2C=CC=CC2N1C(=O)C=3C=CC(Cl)=C(C3)S(C)(=O)=O
XS840991b,CC(C=1C=CC(=CC1)S(N)(=O)=O)N(C)C2=NC=3C=CC=CC3S2
XS646657b,CC(C)N1CCC(NC=2C=CC=CC2CN3CCC(CO)CC3)C1=O
XS536601b,CC(NC(=O)N1CCN(CC=2C=CC=CC2F)CC1)C3=NN=CN3C
XS846212a,CN1C=C(C=N1)C2CCCN2C(=O)CCCOC=3C=CC=CC3Cl
XS846216a,CC1=CSC=2C(=NC=NC12)N3CCN(CC3)C(=O)C4CCCN4C
XS840441b,O=C1C=2C=CC=CC2N(CC3=NC(=NO3)C4CCOC4)C=5C=CC=CC15
XS842039b,CN1C=NN=C1C2CCCN(C2)C(=O)C=3C=C(Cl)C=4OCOC4C3
XS840447b,COCCNC=1C=CC=CC1CNC(=O)NC(C)C=2C=C(C)OC2C
XS529901b,COC=1C=C(C=CC1F)C(C)NC(=O)C=2C=NC=3SN=C(C)C3C2
XS836472b,O=C(NCC1CC(=NO1)C(F)(F)F)C=2N=C(N=CC2Cl)C3CC3
XS846215a,CC(=O)NC(C1=NC(CC=2C=CC=CC2Cl)=NO1)C3CCOCC3
XS846232a,CC(NC(=O)C1CCCC1)C(=O)NCCC=2C=CC(=CC2)N3C=CC=N3
XS846234a,CC(C(=O)NC1=NC=CS1)N2CCN(CC2)C(=O)C3CCCCC3
XS162275b,CC(OC=1C=CC=2C=CC(=O)OC2C1)C(=O)NC=3C=CC(=CC3)C(N)=O
XS846228a,CC=1N=C(COC=2C=CC(F)=CC2)SC1C(=O)NCC3CCCO3
XS846225a,COC=1C=CC=CC1CN(C)C(C)C(=O)NC=2C=CC=3NC(=O)NC3C2
XS846226a,CC(OC(=O)C=1C=CC=2OCOC2C1)C(=O)NC=3C=CC=4OCOC4C3
XS846229a,CC=1C=CC(Cl)=CC1NC(=O)C2CC(=O)N(CCC=3C=CC=CC3)C2
XS669016b,CN(CC=1C=CC=NC1)C(=O)C2CCCN(C2)C(=O)CC=3C=CC=CC3
XS754664b,CC1=NN=C2CN(C(=O)C=3C=CC(C)=C(Cl)C3F)C(CN12)C(N)=O
XS846224a,CC(C)(C)C1=CSC(CCNC(=O)C2CCCN2C(=O)C3CC3)=N1
XS836886b,CC=1C=CC2=NC=C(C#N)C(OCC3=NN=C(O3)C4CCCOC4)=C2C1
XS058347d,COC(=O)C=1C=C(C=CC1OC)CNC(=O)NC(C)C=2C=CC=CC2C
XS838477b,O=C(NC=1C=CC(=CC1F)C=2C=CC=CC2)N3CCCC3C=4N=NNN4
XS846230a,COC=1C=C(Cl)C(C)=CC1NC(C)C(=O)NC2=NC(C)=C(C)S2
XS846231a,CC=1C=C(C)N2N=C(CC(=O)NC(C=3C=CC(F)=CC3)C(C)C)N=C2N1
XS658325b,NC(=O)C(NC(=O)C=1C=NN(C1)C=2C=CC=CC2Cl)C=3C=CC=CC3
XS846223a,CCN1C(=NC=2C=CC=CC21)C(C)NC(=O)C=3C=CC(OC)=C(C3)OC
XS846236a,CC(CCNC(=O)NCCC1=NN=C2CCCCCN12)C=3C=CC=CC3
XS846222a,C=1N=CN(CCSC2=NC=C(C=3C=CC=CC3)N2CC4CCCO4)N1
XS846233a,CC1=NOC(C)=C1S(=O)(=O)NC(C)C(=O)NC=2C=C(C)C=CC2F
XS505949b,CN1C=C(CNCC2CCCN2C=3C=CC=NN3)C(=N1)C=4C=CN=CC4
XS846227a,CN1C=C(N=C1C2CCCN(C2)C=3N=CN=C4NN=CC34)C(F)(F)F
XS419635b,CC=1C=CC=C(C1)C(=O)NC(C)C(=O)NC=2C=CC(=NC2)N3CCCC3
XS838439b,O=C1COCCN(CC2CCC=3C=CC=CC3O2)S(=O)(=O)CCN1
XS846235a,CCN(CC)S(=O)(=O)C=1C=CC=C(C1)C(=O)NC2CCCNC2=O
XS841950b,O=C(NC1CCN(CC1)C(=O)C2CCCCC2)C3CC=4C=NNC4CN3
XS846237a,CN1C(CCNC(=O)C2CC=3C=CC=C(F)C3O2)=NC=4C(F)=CC=CC41
XS533788b,CC(C)(C)C(=O)N1CCCC1C(=O)NC=2C=CC=C(C2)N3CCNC3=O
XS846240a,COCCN1C(=O)C=2C=CC=CC2NC31C(=O)NC=4C=CC(=CC43)C(C)C
XS837451b,CC=1N=CC(C(=O)NC=2C=CC(OC(C)C(=O)O)=C(F)C2)=C(N1)C(C)C
XS846245a,O=C(C1=C(N=C2C=NC=CN12)C(F)F)N3CCCC(COC(F)F)C3
XS846242a,CN(CC(=O)NC=1C=CC=CC1C(=O)NC2CC2)C3CCC=4C=CC=CC43
XS609792b,COC=1C=CC(=C(C1)OC)C(C)NC(=O)NCC=2C=CC=3OCOC3C2
XS846246a,O=C(CC1=CNC=2C=CC=CC12)NC(CN3CCCC3=O)C=4C=CC=CC4
XS846244a,COC=1C=CC(Cl)=CC1C(=O)N2CCCC2C(=O)NC=3C=CN(C)N3
XS846250a,CC(NC(=O)CC1=NOC=2C=CC=CC12)C=3C=CC(Br)=CC3
XS839570b,COC(CNC=1N=CC=CC1C(=O)N2CCC=3C=CC=CC32)C(F)(F)F
XS846241a,CCC(C(=O)NC=1C=CC(C)=C(C1)S(=O)(=O)N(C)C)C=2C=CC=CC2
XS846239a,CCN1CCC=2N=C(NC(=O)C(C)NC(=O)C3=CC=CS3)SC2C1
XS742271b,COC=1C=CC=C2CC(COC12)NC(=O)C3=CN(N=N3)C=4C=CC(C)=CC4
XS846248a,CC=1C=CC=CC1C=2CC(C=3C=CC=C4N=CC=NC34)N(N2)S(C)(=O)=O
XS846238a,O=C(CN1CCCCC1)N2N=C(CC2C=3C=CSC3)C=4C=CSC4
XS840795b,CC1=NNC(C)=C1C(C)C(=O)OCC(=O)NC=2C(C)=CC(C)=CC2Cl
XS846249a,CCC1=NC(=CS1)C2NC(=O)CN2CC=3C=CC(Br)=CC3
XS839617b,O=C(CC1=CSC=2C=CC(Cl)=CC12)N3CCOCC3C=4N=CON4
XS047023e,CCCCN1C(=NC=2C=CC=CC21)C(CC=3C=CC=CC3)NC(=O)COC
XS838860b,CC(F)(F)C=1C=CC=C(CNC(=O)CC2CC(=NO2)C=3C=CC=CC3)N1
XS838350b,O=C(CCC=1C=CC(Br)=CC1F)N2CCC3(CC3(F)F)C2
XS839195b,O=C1OC(CN2C=C(N=N2)C=3C=CC=C(CO)N3)CN1C4CCCCC4
XS846243a,CCN1C(=O)N(CC(O)COC=2C=CC=C3C=CC=CC23)C=4C=CC=CC41
XS846247a,CCC=1C=CC=C(C1)NC2CCN(C2)C(=O)C=3C=C(N(C)N3)C(F)(F)F
XS389436b,COC=1C=CC(=CC1)CN(C(=O)NC=2C=CC=CC2)C3CCS(=O)(=O)C3
XS839817b,CC1CN(CCS(=O)(=O)C1)C(=O)CN2C=C(Br)C=CC2=O
XS436165b,O=C(C1CCC(=O)N(C1)C2CC2)N3CCC(CC3)N4N=C(N=C4O)C5CC5
XS846251a,O=C(NC=1C=CC=C(C1)C(=O)NC=2C=CC=C(F)C2)NC3CCC(=O)NC3
XS846255a,CN1C=CC=C1C2CCCCCN2C(=O)CNC(=O)NCC=3C=CC=CC3
XS719280b,O=C(C1=NNC=2CCCC12)N3CCC(C3)OC=4C=CC=NC4N5CCCC5
XS762709b,CC=1C=C(F)C=CC1C2C(=O)NCCN2C(=O)C3=CSC(CC(C)C)=N3
XS846258a,O=C(NC=1C=CC=C(C1)C2CCC(=O)N2)C=3C=CC=C(C3)OC=4C=CC=CN4
XS846260a,COC(=O)CCC=1C(C)=NN(C1C)C=2C=CC(=CC2)C(=O)NC(C)C3CC3
XS837529b,COC=1C=CC=CC1N2CC(CC2=O)C(=O)N3CCCC43CCN(C)CC4
XS846256a,CCCNC(=O)C1CCN(CC1)C(C)C(=O)NC=2C=C(Cl)C=CC2F
XS134711b,O=C(NC1=NC(=CS1)C2=CC=CS2)C3CC(=O)N(CC4=CC=CO4)C3
XS838471c,COC=1C=CC(=CC1)CN2C=CN=C2C(=O)NC(C)C=3C=CC=CC3Cl
XS846253a,CNC(=O)NC(=O)C(C)OC(=O)CCC(=O)N1CCC(=N1)C=2C=CC=CC2
XS846254a,O=C(C1=CNN=C1C2=CC=3C=CC=CC3O2)N4CCOC5(CCCOC5)C4
XS738634b,CC(C(=O)NC(=O)NC1CC1)N2CCC(CC2)C3=NC=4C=CC=CC4S3
XS846252a,COCCN1C=C2CCCC(NC(=O)CC3=CNC=4C(C)=CC=CC34)C2=N1
XS841050b,CC(CNC(=O)NC1=NC(CS(C)(=O)=O)=NO1)N(C)C=2C=CC=CC2
XS837927b,CC1=NN(C)C(C)=C1NC(=O)C(C)OC=2C=CC=C(C=3C=CC=NC3)C2F
XS841484b,CN(CC1COC=2C=CC=CC2O1)S(=O)(=O)C=3C=CC=4NC(=O)NC4C3
XS838861b,CC1C=2C=CC(O)=CC2CCN1C(=O)CCN3C=NC=4C=C(F)C(F)=CC43
XS836703b,O=S(=O)(CC1CCCC=2C=CC=CC21)NCCN3CCCS3(=O)=O
XS838802b,CN1C(=O)C=CC2=C1CCCC2NC=3C=CC(=CC3)S(=O)(=O)C(F)F
XS837929b,CN1N=C(C=C1OC(F)F)C(=O)NC2CS(=O)(=O)CC=3C=CC=CC32
XS846257a,CCSC(C)C1=NOC(CN2CCC3(CC2)C(C)=NC=4C=CC=CC43)=N1
XS846259a,CC=1C=CC(=CC1C)S(=O)(=O)N2CSCC2C(=O)N3CCOCC3
XS421590b,NC(=O)C1CCCCN1C(=O)C2=CC=3C=CC=CC3N2CC=4C=CC=CC4F
XS832111b,O=C(CN1C(=O)OC=2C=CC=CC21)N(C=3C=CC=CC3)C4CCS(=O)(=O)C4
XS846262a,CC(C)(C)N1N=C(C=C1C2CC2)C(=O)N3CCCC3C=4C=CC=5OCOC5C4
XS846263a,COC=1C=CC(=CC1)C2CCCCCN2C(=O)CCNC(=O)C3=CC=CS3
XS603330b,NC(=O)C1CN(C(=O)CCCN2C(=O)OC=3C=CC=CC32)C=4C=CC=CC4O1
XS846268a,COC=1C=C2CCN(CC2=CC1OC)C3CC(=O)N(C3=O)C=4C=CC=CC4F
XS841016b,COC=1C=CC(=CC1S(=O)(=O)N(C)C)C(=O)N(C)C(C)C=2C=CC=CC2
XS846271a,CCOC(=O)C1CCCN(C1)C(=O)CN2C=NC=3C=CC(Cl)=CC3C2=O
XS838217b,CC(C(=O)NC1=NC=2C=CC=CC2S1)N3CC=C(CC3)C=4C=NC=C(F)C4
XS421434b,CC=1N=C(NC(=O)C1CC(=O)NC(C)CCC=2C=CC=CC2)C=3C=CC=CN3
XS846274a,COC=1C=CC(OC)=C(C1)C(C)NC(=O)CCC=2C(C)=NC3=NC=NN3C2C
XS841330b,O=C(CN1C(=O)CCCC=2C=CC=CC21)NC(CO)COCC=3C=CC=CC3
XS846265a,CCOC=1C=CC(=CC1)C2=NC(=CS2)CSC(C)C(=O)NC(C)(C)C
XS846272a,CCOC=1C=CC(=CC1)OCCC(=O)NC(C)C=2C=CC(=CC2)N3C=NC=N3
XS846270a,COC=1C=CC(=CC1OCC(N)=O)NC(C)C(=O)NC=2C=CC(F)=C(F)C2
XS846266a,O=C(C1CCCN(C1)C(=O)N2CCCC2)N3CCN(CC=4C=CC=CC4)CC3
XS842705b,CN(C)C1=NOC(=N1)C2CCCN(C2)C(=O)C3=CSC(=N3)C=4C=NN(C)C4
XS846264a,NCC1CCCN2N=CC(C(=O)N3CCN(CC3)C=4C=CC=C5NC=CC45)=C12
XS846273a,COC=1C=C(OC)C=2SC(=NC2C1)NC(=O)C=3C=CC=4CNC(C)CC4C3
XS841838b,CC(C1=NC(=NN1CC(C)(C)CO)C=2C=CC=C(C2)S(C)(=O)=O)C3CC3
XS837025b,COC=1C=CC=2CN(CC(C)(C)OC2C1)S(=O)(=O)CC3(C)COCCO3
XS840886b,O=C(NC1COC=2C=CC(Br)=CC2C1)C(F)(F)C3CCNCC3
XS846269a,CN(C(=O)CSC1=NC=2C=C(Cl)C=CC2N1C)C3CCS(=O)(=O)C3
XS846261a,CCN(CC)C(=O)C=1C=CC=C(C1)NC(=O)CN2C=3C=CC=CC3CCC2C
XS465179b,CCNS(=O)(=O)C=1C=CC(C)=C(C1)C(=O)N2CCCCC2C3=CC=NN3C
XS836698b,CC(NC(=O)CN1C=NC=2C=CC(Br)=CC2C1=O)C3=NC=NN3C
XS846285a,O=C(CN1CCCC(C1)C2=NN=C3COCCN23)NCC=4C=CC(Cl)=CC4
XS846281a,CN1C(=O)CCC=2C=C(C=CC21)NC(=O)N3CCCC(C3)C=4C=C(F)C=CC4F
XS840437b,CN1C(=NC=2C=CC=CC21)C3=C(N)N(CC4CCCO4)C=5N=C6C=CC=CC6=NC35
XS841323b,CC1(C)CN(C1C2=NC=CN2C=3C=CC(F)=CC3)S(=O)(=O)CC4(C#N)CC4
XS840369b,O=C(CN1N=NC(=N1)C2=CC=CS2)N3CCN(CC3)C4CCS(=O)(=O)C4
XS705652b,FC=1C=CC=C(C1)C2=NN=C(O2)C3CC43CCN(CC5=NC(=NO5)C6CC6)CC4
XS846280a,CC=1C=C(N(C)N1)N2CCCC(C2=O)N3CCN(CC3)C(=O)C=4C=CC(C)=CN4
XS677138b,COCC1=NN2CCCC(NS(=O)(=O)C=3C=CC(=NC3)C(F)(F)F)C2=N1
XS010903d,COC=1C=C(C=C(Cl)C1OC)C(=O)OC(C)C(=O)N2CCC=3C=CC=CC32
XS846282a,COC=1C=CC(=C(C1)OC)C2CC(=NN2C(=O)CCC(=O)O)C=3C=CC=C(C)C3
XS839743b,CC1=NN=C(O1)C2COCCN2S(=O)(=O)C=3C=CC4=C(C3)N(C)C(=O)N4C
XS846278a,CC1(CCN(C1)C(=O)CCC2=C(NC=3C=CC=CC23)C=4C=CC(F)=CC4)C(=O)O
XS846286a,COC=1C=C(C=CC1OCC=2C(C)=NOC2C)C3NC(=O)C=4C=CC=CC4N3C
XS838588b,CC=1C=CC2=CC=3CC4(C(=O)N(C)C(=O)N(C)C4=O)C5CCCCN5C3N=C2C1
XS846275a,CC(=O)N1C=CC=2C=CC=CC2C1CC(=O)N(C)CC3=NC=4C=CC=CC4N3C
XS846277a,O=C(O)C1CC=2C=CC=CC2CN1C(=O)C3CCN(CC3)C=4C=CC(Cl)=CN4
XS838046b,CC=1N=C(COC(C)(C)C)OC1C(=O)NC(C)C=2C=CC(Br)=CN2
XS846279a,CC(C)C=1OC(=NC1C=2C=CC=CC2)C3CCCN3S(=O)(=O)C=4C=CC=CN4
XS846284a,CC(NC(=O)C=1C=COC1)C(=O)NCC=2C=CC(=CC2)C(=O)N3CCCCCC3
XS565669b,O=C(CC1CCOC=2C=CC=CC21)N3CCN(CC3)C(=O)C=4C=CC=C(Cl)C4
XS839992b,COC=1C=CC(=CC1S(C)(=O)=O)NC(=O)N2CC(CC=3C=CC=CC32)OC
XS846283a,OCC(CNC=1C=CN2N=CC(Br)=C2N1)CC=3C=CC=CC3Cl
XS846287a,CC1=NN(C(C)=C1CC(=O)N(C)CC2COC=3C=CC=CC3O2)C=4C=CC=CC4
XS846290a,CC(C)NC(=O)CN(C)CC(=O)NC(C1=CC=CS1)C=2C=CC(=CC2)C(C)C
XS846293a,CN(CC(=O)NC1CCN(CC=2C=CC=CC2)C1)S(=O)(=O)C=3C=CC(Cl)=CC3
XS846291a,CC(OC(=O)CCNS(=O)(=O)C=1C=CC(F)=C(F)C1)C(=O)NC2CCCCC2
XS395515b,COC=1C=CC(=NN1)N2N=CC(C(=O)NC(C)C=3C=CC(F)=CC3)=C2C(F)(F)F
XS846289a,COC(=O)CC(NC(=O)CCC=1C(C)=NC2=NC=NN2C1C)C=3C=CC(Cl)=CC3
XS840455b,COC1=CC(OC)=C(Cl)C=C1NC(=O)COC(=O)CC2CCS(=O)(=O)C2
XS839648b,CC1CCCCN1S(=O)(=O)C=2C=CC(=CC2)C(=O)NC=3N=C4N=CC=CN4N3
XS846298a,O=C(NC=1C=CC=2C(=O)N(CC2C1)C3CCC(=O)NC3=O)C=4NN=CC4C5CCC5
XS837781b,O=C1CCCC=2C=C(C=CC2N1)S(=O)(=O)NC3COC=4C=C(Cl)C=CC4C3
XS846299a,CC1=NOC(=N1)C=2C=CC(=CC2)C(=O)NCC(C=3C=CC(C)=CC3)N4CCOCC4
XS846288a,CC=1C=CC(=CC1C)C(C)NC(=O)CN2CCC(CC2)C(=O)NC=3C=CC=CC3O
XS846300a,COC1=CC(CNC(=O)C2CC(=O)N(C2)C=3C=CC=C(C)C3C)=C(C=C1OC)OC
XS514853b,CN1N=C2CCCCC2=C1C(=O)N3CCCC(C3)NC=4C=CC=C(Br)C4
XS715959b,COC=1C=CC(=CC1)C2CCCN2C(=O)CN(C)S(=O)(=O)C=3C=CC(Cl)=CC3
XS836776b,COC=1C=CC(Br)=CC1CN(C)C(=O)C(C)N2C=NC=3C=CC=CC32
XS722582b,CC(C(=O)NC=1C=CC(=CC1)OC(F)F)N2CCC(CC2)C(=O)N3CCOCC3
XS846294a,COC=1C=CC=C(C1)C2CCCN2C(=O)CSC=3N=C(C)C(C)=C(C)C3C(N)=O
XS846295a,COC=1C=CC(=CC1)S(=O)(=O)NC(CCSC)C(=O)NC=2C=CC(C)=CC2
XS841482b,O=C(O)C(CC1=CNC=2C=CC=CC12)NC(=O)NCC3=NC=C(O3)C=4C=CC=CC4
XS846296a,CCOC(=O)C1=C(CN(C)CC(=O)NC=2C=CC(F)=C(F)C2F)NC(=O)NC1C
XS569383b,CC=1C=CC=CC1C2(CCOCC2)C(=O)NC3CCCN(C3=O)C=4C=CC=CC4F
XS434859b,CC=1C=CC(NC(=O)C2CCCN2S(=O)(=O)C=3C=CC=4OCCOC4C3)=C(F)C1
XS838007b,O=C(O)C=1C=NN(C1)C2CCCN(C2)C(=O)C3(CCOCC3)C=4C=CC=C(Cl)C4
XS846292a,CC1=CC(=NO1)NC(=O)C(C)SCC(=O)NC=2C=CC=CC2N3CCCCC3
XS658376b,O=C(C=1C=CC=CC1Cl)N2CCN(CC2)C(=O)C3CC(=O)N(CC=4C=CC=CC4)C3
XS836876b,CC1CCN(CC2=NN=NN2C=3C=CC(=CC3)S(C)(=O)=O)C=4C=C(Cl)C=CC4S1
XS687220b,CC=1C=CC(=CC1C)S(=O)(=O)NCCC(=O)N2CCCC2C3=NC=4C=CC=CC4S3
XS846307a,COC=1C=CC(=CC1)C(CNC(=O)CC2=CSC(=N2)C=3C=CC=CC3)N4CCCCC4
XS846309a,CN1N=C(C(=O)N2CCN(CC2)C(=O)C3COC=4C=CC=CC4O3)C=5C=CC=CC5C1=O
XS078815b,CCOCCN1N=C(C)C(C)N2C1=NC3=C2C(=O)N(CC=4C=CC=C(Cl)C4)C(=O)N3C
XS846316a,CC(C)C(NC(=O)C=1C=CC=C(C1)S(=O)(=O)N(C)C)C=2C=CC=3OCCCOC3C2
XS846306a,COC(=O)CC1C2=CC(OC)=C(C=C2CCN1CC3=NC(=NO3)C=4C=CC=CN4)OC
XS841774b,CN1N=NN=C1C=2C=CC=C(C2)NCC(=O)N(C=3C=CC=CC3)C4CCS(=O)(=O)C4
XS842636b,CC(C)N1N=CC=2C=C(C=NC21)NC(=O)C(C=3C=CC(Cl)=CC3Cl)N4CCOCC4
XS846302a,CC(NC(=O)CC(C)(C)C)C(=O)NC=1C=CC(=CC1)S(=O)(=O)N2CCC(C)CC2
XS846312a,CC(C)C(NC(=O)C=1C=CC(Cl)=CC1)C(=O)NCC=2C=CN=C(C2)N3CCOCC3
XS846314a,CC1=CC=CC(C)=C1NC(=O)CNC(=O)C(C)N2CCN(CC2)C=3C=CC=C(Cl)C3
XS846310a,CC1=CC(C)=NN1CCCNC(=O)C(CC(C)C)NC(=O)C=2C=CC(Cl)=CC2Cl
XS846308a,CC=1C=CC=C(NC(=O)CN(C)C(=O)C2CC(=O)N(CC=3C=CC=CC3Cl)C2)C1C
XS846303a,CCN1CCN(CC1)C2=NC=3N=CN(CC(O)COC=4C=CC=C(C)C4)C(=O)C3S2
XS846313a,CC(NC(=O)C1CC1)C(=O)N2CCN(CC2)S(=O)(=O)C3=CC=CC4=NSN=C34
XS846304a,O=C(CC1SC=2C=CC(Cl)=CC2NC1=O)N3CCC(CC3)NS(=O)(=O)C4=CC=CS4
XS846305a,O=C(C1CCCN1S(=O)(=O)C=2C=CC(F)=CC2)N3CCC(CC3)C4=CNC=5C=CC=CC45
XS837736b,COCCN1C(=NN=C1N2CCC3(C2)C(=O)NC=4C=CC=CC43)C=5C=NC=6ON=C(C)C6C5
XS171199b,CCN1CC(CN(C)C(=O)CCC2=NC3=C(C=NN3C=4C=CC=CC4)C(=O)N2)OC=5C=CC=CC51
XS846317a,COC=1C=C(C=CC1OC(F)F)C(=O)OCC(=O)N(C)CC2COC=3C=CC=CC3O2
XS846315a,CC=1C=C(F)C=CC1S(=O)(=O)N2C=3C=CC=CC3CCC2C(=O)N4CCN(C)CC4
XS846311a,COC=1C=CC(=CC1)C2=NOC(CN3CCN(CC3)C(=O)C=4CC(C(N)=O)N(N4)C=5C=CC(F)=CC5)=N2
XS840429b,CC(NS(=O)(=O)C=1C=C(C=CC1Br)S(C)(=O)=O)C(=O)NC(C)(C)C
XS846301a,CC=1C=CC=CC1N2CCN(CC(=O)N(CC=3C=CC=CC3)C4CCS(=O)(=O)C4)CC2
XS846331a,CC=1C=CC=C(C1)C(=O)NC(C(=O)O)C(C)C
XS846324a,NCC=1C=CC=C(C1)NC(=O)C2CCCO2
XS846321a,O=C1CC(CN1)NC=2N=CN=C3SC=CC23
XS846319a,CCCC(=O)NC=1C=CC=2OC(C)C(=O)NC2C1
XS838465b,CC(NC=1C=CC=2NN=NC2C1)C3=CC=CS3
XS846318a,CC1=NOC(=N1)C(C)NC(=O)NC2CC2
XS837526b,CC=1N=CSC1CNC(=O)C(C)CF
XS846329a,CCCNCC1COC=2C=CC=CC2O1
XS846326a,CC(CCC1=CC=CO1)NC(=O)N2CCCC2
XS839777b,CC(CCO)NC(=O)C=1C(O)=CC=CC1F
XS846330a,CC1=CC(=NN1)NC(=O)C(C)OC=2C=CC=CC2
XS842101b,CN1C=C(C=N1)C(N)C(F)(F)F
XS039482c,O=C(NC1CCS(=O)(=O)C1)C=2C=CC=CC2
FM010866c,O=C(NC1CCCNC1)C=2C=CC=CC2
XS840450b,CCC1(C)NC(=O)C=2C=CC=CC2NC1=O
XS846327a,O=C1NC(NC=2C=CC=CC12)C=3C=CSC3
XS846332a,CC1=CN=C(NC(=O)CC2C=CCC2)S1
XS846325a,CCCC(C)NC(=O)NCC=1C=CC=CC1OC
XS846323a,CCC(C)NC(=O)CSC=1C=CC=CN1
XS838526b,CC1=NSC(=N1)N2CCOCC2CC(F)F
XS846328a,COC=1C=CC(=CC1)OCCN2CCCC(C)C2
XS846320a,CC=1C=CC=C(C(=O)N2CCC(CN)C2)C1C
XS846322a,CC(C(=O)N1CCNC(=O)CC1)C=2C=CC=CC2
XS836781b,O=C(C=1C=CN=CC1)N2N=CCC2(O)C(F)F
XS841169b,O=C1CCC(N1)C=2C(O)=NC=NC2O
XS543179b,O=C(C1=CN=CN1)N2CCCC2C=3C=CC=NC3
XS846344a,CC(=O)NC(CC(=O)NC(C)C)C=1C=CC(C)=CC1
XS846338a,CC1=NC(=NN1)C2CCN(C2)C(=O)C=3C=CC=C(C)C3
XS846336a,CC1CCCCN1CC2=CC(=O)N(C)C(=O)N2C
XS846345a,CC(C)C=1OC(=NC1C=2C=CC=CC2)C3CCCN3
XS846341a,CC(C)C(C)(C#N)NC(=O)CN1CCC(CO)CC1
XS838434b,FC=1C=NC=C(N1)N2CCOCC3(CC3(F)F)C2
XS837075b,CCC1=NN(C(=O)C(C#N)=C1CC)C2C=CCCC2
XS846343a,CC1CCCCN1CCNC(=O)C2=CN=NS2
XS846335a,CC(C1=CC=CS1)N(C)C(=O)NC=2C=CC=CC2
XS846337a,COCC(C)NC(=O)C1=CN=C2SC=CN2C1=O
XS837459b,FC1(F)CCCC1CCN2CCC=3N=CSC3C2
XS839253b,CC=1C=CC(=CC1F)CC(C)NCC2=CNC(C#N)=C2
XS840298b,CC1=CC(=NO1)C(C)NC(=O)C=2NN=C3COCC23
XS846340a,CCC(C)C(=O)NCC=1C=CC=CC1CN2C=NC=N2
XS733554b,CC=1C=CC=C(C1)S(=O)(=O)N2CCOC(CN)C2
XS739460b,CN1CCC(NC(=O)CC=2C=CC=C(Cl)C2)C1=O
XS837900b,O=C(C1C=CCC1)N2CCC(CC2)C3=NNC(=O)O3
XS846339a,O=C(NCC1CCS(=O)(=O)C1)C=2C=CC=CC2
XS846333a,CC(NC=1C=CC=2OCCOC2C1)C(=O)NC(N)=O
XS622000b,COC=1C=CC=CC1CN(C)C(=O)C2CNCCO2
XS846334a,COC=1C=CC(=CC1)NC(=O)NC(C)C=2N=CNN2
XS840525b,CCCC1=NN=C(NC2CCN(C2=O)C(C)C)S1
XS840180b,C=1NN=C2CCCN(CC3CC=4C=CC=CC4O3)C12
XS842698b,O=C(NC1CC21CCC2)N3CC(CC4=CC=CO4)C3
XS846342a,CC=1C=C(NC(C)C=2C=CC=CC2F)N3N=CN=C3N1
XS837194b,CC1CSCCN1C(=O)N(C)C2CCOCC2
XS697141b,CC=1C=NC(=CN1)C(=O)NC(C)C2=NN=C3C=CC=CN23
XS846350a,CC=1N=C(C)N(N1)C(C)CC(=O)NC=2C=CC(F)=CC2
XS846354a,CC(NC(=O)C=1C=CC(=O)NN1)C=2C=C(F)C=CC2F
XS846359a,CC1=CC(=NO1)C(=O)NC(C=2C=CC=CC2)C(F)(F)F
XS846356a,CC(C)OC=1N=CC=CC1CNC(=O)C2CCC(=O)N2
XS846362a,CC1=NOC(C)=C1CNC(=O)NC(C)C=2C=CN=CC2
XS846351a,CC(C)C(NCC=1C=CC(=CC1)C(N)=O)C=2C=CC=CC2
XS836831b,CC(C1=NC(=NO1)C=2C=C(C=CC2N)[N+]([O-])=O)C3CC3
XS846347a,CC1=NN=C(CNC(=O)C(C=2C=CC=CC2)C3CC3)N1C
XS846361a,COC=1C=C(Cl)C(C)=CC1NC(C)C(=O)NC(C)C
XS846357a,O=C(NC1=NC=2C=CC=CC2S1)C3CCC(=O)NC3
XS846360a,CCN(CC1CCOC1)C(=O)NC=2C=CC=NC2OC
XS840187b,CC(COCC(F)(F)F)NC=1C=CC(C#N)=CC1F
XS665770b,NC(=O)C1(O)CCCN(C1)C(=O)CC=2C=CC=C(F)C2
XS846352a,CC1=NOC=2N=CN=C(C12)N3CCC4(CNC(=O)C4)C3
ZZ001276c,CCC=1NN=CC1C(=O)N2CCCC(C2)N3C=CC=N3
XS846355a,NC(=O)C=1C=CC(=CC1Cl)NC(=O)CC2C=CCC2
XS846346a,CC(C)N1C=NC(=C1)S(=O)(=O)NC2CCCC2(C)C
XS500372b,CC=1C=NN(C1)CC2CN(CCO2)C=3C=C(C#N)C=CN3
XS839624b,CC(C=1C=CC=CN1)N(C)C(=O)NC2=CC=CN(C)C2=O
XS846358a,CCC1CCCCN1S(=O)(=O)C=2C=CC(C)=C(C)C2
XS846349a,CCC(C#N)NC(=O)C=1C=CC(=O)N(C1)C=2C=NN(C)C2
XS846348a,CC(NC(=O)C=1C=CN(N1)C2CCCC2)C=3N=CON3
XS846353a,CCNC(=O)C(C)NC1=NS(=O)(=O)C=2C=CC=CC12
XS838070b,CC(C)OC1(CNC2=NC=CN3N=NN=C23)CCOC1
XS841403b,CN1CCN(C(=O)CC2C=CCC2)C3(CCCCC3)C1
XS582619b,COC=1C=CC(=CC1)S(=O)(=O)NC(C(N)=O)C(C)C
XS846370a,CCC=1C=CC=CC1OCC(=O)NC(C)C2=NC(C)=NO2
XS677759b,CC1(CCC(=O)NC1)C(=O)NCC=2C=CC(CO)=C(F)C2
XS846368a,CC1=CC(=NO1)NC(=O)C(C)SC2=NC=CN2C3CC3
XS846371a,CCC1=NN=C2CCC(CN12)NC(=O)C=3C(C)=NOC3C
XS846372a,CN(C=1N=CN=C2CCN(C)CC12)C3CCC=4C=CC=CC43
XS846373a,CC=1N=CSC1C(=O)NCCC(=O)N2CCCCC2C
XS623854b,C=1N=CN(CC2CCCN(CC3=NN=C(O3)C4CC4)C2)N1
XS842151b,COC(=O)C1CC=2C(C)=CC=CC2N1CC3=CSN=N3
XS727505b,CC1=NOC(CN2CCC(C2)OCC=3C(C)=NOC3C)=N1
XS840041b,CC1=NSC=C1C(=O)N2CCC(CS(C)(=O)=O)C2
XS846366a,CC1(CCC=2C=CC=CC2C1)C(=O)N3CCC=4NN=CC4C3
XS846364a,CC(NC=1C=CC=2OC(F)(F)OC2C1)C(=O)NC(N)=O
XS846365a,CC1=NN(C)C(C)=C1C2CCCN2C3=NC=4C=CC=CC4O3
XS604196b,CC(C)C(=O)N1CCCC1C(=O)NC=2C=C(F)C=CC2F
XS846367a,CC=1C=CC=C(C(=O)N2CCCC(O)(C2)C(N)=O)C1Cl
XS846369a,CCC1=NOC(CN2CCCC2C=3C=CC=C(C3)OC)=N1
XS725350b,NC(CC1CCCCC1)C(=O)NC=2C=CC=3OCOC3C2
XS842474b,CNC(=O)NC(=O)C(C)N1C(=O)C2=CC=CC3=CC=CC1=C23
XS746018b,COC=1C=C(C)C(=CC1OC)C(C)NC=2C=CC(C#N)=CN2
XS846363a,O=C(CCC1=NC=CS1)N2CCCC(C2)N3C=CC=N3
XS842162b,CC1=NC(C)=C(S1)C(C)N(C)S(=O)(=O)C2COC2
XS838360b,COC(=O)C(C=1C=CC=CC1)N2C=CC=3C=CC=CC3C2=O
XS165563c,CC=1N=C2C=C(F)C=CC2=CC1C(=O)NCC3CCCO3
XS841776b,CC=1C=CC=C(C1)S(=O)(=O)CC2CCC3=NN=CN3C2
XS839748b,OC=1C=CC=CC1C(C#CC=2C=CC=CC2)N3CCCCC3
XS484438b,CCC1=C(C=CN1C)C(=O)N2CCCC(O)(CC(N)=O)C2
XS588956b,CN(CC1=NC(=NO1)C(C)(C)C)C2CCS(=O)(=O)C2
XS846382a,CC1=CC(=NO1)C(=O)NCC(C2=CC=CS2)N3CCCC3
XS640862b,CN1C=CN=C(C1=O)N2CCCC(C2)NC(=O)C=3C=CNN3
XS846384a,CC(NC=1C=CC=2OCCOC2C1)C3=NC(=NO3)C(C)(C)C
XS846374a,CC(C(=O)N(C)C1CCCCC1)S(=O)(=O)C2CCCC2
XS779673b,O=C(CCC=1C=CC=CC1O)N2CCOCC2C=3N=CON3
XS463189b,CC1COCCN(C1)C(=O)C=2C=CC(=CC2)N3CCCCC3
XS846380a,CC1=NC(=NO1)C2CCCN2C(=O)COCC=3C=CC=CC3
XS846375a,CC=1C=CC(=CC1)CC(=O)N2CCCCC2C3=NC=CS3
XS840155b,COC=1C=C2C(=CC=NC2=CC1F)N3CCOC(C3)C(C)C
XS809258b,CC1=CC(=NO1)C2CCCN2CC(=O)NC=3C=CC=CC3C
XS846376a,CC1=NOC(C)=C1CNC(=O)CC2CCCC=3C=CC=CC32
XS708563b,CC(OC=1C=CC(=CC1)CC(=O)O)C(=O)NC2CCCCC2
XS846387a,CC(NS(=O)(=O)C=1C=CC=2OCCC2C1)C=3C=CN=CC3
XS691618b,O=C(CC=1C=CC=NC1)N2CCCC2C3=NOC(=N3)C4CC4
XS846381a,CC(C)CNC(=O)NC(C)C=1C=CC=CC1Br
XS846390a,CC1=NSC(N)=C1C(=O)OC(C)C(=O)NC=2C=CC=CC2
XS846385a,CC1=NOC(=N1)C(C)NC=2C=CC=3OC(=NC3C2)C(C)(C)C
XS846377a,CN(C1CCN(C1=O)C=2C=CC=CC2Cl)S(C)(=O)=O
XS838225b,CC(NCC1=CC=NN1C)C2=CC(Br)=CS2
XS576944b,COCC1(CCCN1CC=2C=CC(Cl)=CC2F)C(N)=O
XS846378a,CC1C=2C=CSC2CCN1C(=O)C=3C=CC=4OCOC4C3
XS846389a,CN1C=2C=CC=CC2C(=O)NC1C=3C=CC(=CC3)N4C=CN=C4
XS842110b,CC1CN(CC2=NN=NN2CC(F)(F)F)CC3=CNN=C31
XS846388a,CC=1C=C(N)N=C(N1)SCC(=O)NC(C)C=2C=CC=CC2
XS846383a,COC=1C=CC(=CC1)N2CCN(CC2)C(=O)C3CCCCN3
XS846379a,CC=1C=CC(=CC1C)NC(C)C(=O)NC=2SC=CC2C#N
XS839921b,CC(NCC1=NN=C2C(=O)NC=CN12)C=3C=CC(C#N)=CC3F
XS840473b,CC(C)C1=NC(=CS1)C(C)NC=2N=CC(=C(N)N2)[N+]([O-])=O
XS846394a,CC(NC(=O)N1CCOCC1)C=2C=CC=3OCCCOC3C2
XS837478b,NC1=NNC=C1C(=O)NC(CO)C=2C(Cl)=CC=CC2Cl
XS559660b,O=C(C=1C=CC=C2OCOC12)N3CCCCC3CN4C=CC=N4
XS846393a,OC(COC=1C=CC(=CC1)C=2C=CC=CC2)CN3CCCCC3
XS814338b,CC=1C=CC=C(C1)C(=O)NC(C(=O)NC=2C=CN=CC2)C(C)C
XS839958b,CC(C)(C)C1=NOC(CCC(=O)N2CCC3(CCOC3)C2)=N1
XS841635b,CC(C1=CSN=N1)N2CCN(CC2)C=3C=CC(F)=CC3F
XS840820b,CC(CN(C)CC=1C(F)=CC=CC1Cl)CS(C)(=O)=O
XS837513b,N#CC=1C=CC=C(C1)OC=2C=CN=C(N2)NC3CCC(=O)NC3
XS846395a,CC=1OC=CC1C(=O)NC(CN2CCCC2=O)C=3C=CC=CC3
XS837830b,O=C(O)C(NC(=O)C=1C=CC(Cl)=CC1O)C=2C=CSC2
XS419664b,COC=1C=CC=CC1CC(=O)NC(C)C2=NC=3C=CC=CC3N2
XS846398a,CC(NC(=O)C=1C=CC=2OCOC2C1)C(=O)N3CCOCC3
XS846392a,CCC(C)C(=O)N1CCN(CC1)S(=O)(=O)C=2C=CC=CC2
XS846397a,O=C(C=1C=CC2=CC=CC=C2C1)N3CCCC(C3)N4CCCC4
XS840456b,CC1=NN(C)C(C)=C1C(=O)OC(C)C(=O)NC(=O)NC2CC2
XS450896b,O=C(C=1ON=C2CCCCC12)N3CCCC3CC=4C=CC=CC4
XS842430b,CC=1C=CC=2NC3(C(=O)N(C)C=4C=CC=CC43)N(C)C(=O)C2C1
XS837300b,CN1N=CC=C1C=2C=CC(=NN2)NCC3CC(=O)N(C3)C4CC4
XS846391a,CC1(C)CN(CC1C=2C=CC=CC2)C(=O)NCC=3C=CC=NC3
XS596365b,O=C(O)C=1C=CC(=CC1)CNC(=O)C2COC=3C=CC=CC3C2
XS839443b,O=C(NCC1COC(=O)N1)C=2C=CC(F)=CC2C(F)(F)F
XS428172b,CC1=NOC=2N=CN=C(NC3CCCN(C3)C4=CC=NN4C)C12
XS606791b,O=C(CCOC=1C=CC=C(F)C1)N2CCCC(C2)C3=CC=NN3
XS846413a,CN(CCCC=1C=CC=CC1)CC(=O)NC2CCCCNC2=O
XS846407a,CC(=O)NC1=NC(=CS1)CN2CCCC2CC=3C=CC=CC3
XS781778b,CC1=NC2=C(CCCC2CNC(=O)C=3SC=CC3C#N)S1
XS837289b,O=C(O)C1=CSC(=C1)CC(=O)NC2CCOCCC2(F)F
XS846412a,CC=1N=C(CC=2C=CC=CC2)SC1C(=O)NCC3CCCO3
XS846408a,CC(NC(=O)CN1C=CC(=N1)C(F)(F)F)C=2C=CC(F)=CC2
XS846411a,COC=1C=CC(=CC1F)CC(=O)N2CCCC2C(=O)NC3CC3
XS846414a,CC(NC(=O)C1=CC=C(Br)S1)C(=O)NC2CC2
XS837377b,CC1=CN=C(S1)C2CCCCN2CC3=NC=4N=CC=CC4O3
XS846409a,COC1=C(NC=2C=CC=CC12)C(=O)N3CCOCC3CC4CC4
XS846403a,CC1CN(C)CCN1C(=O)C=2C=CN(N2)C=3C=CC=CC3Cl
XS846401a,CN(CC1=NN=C(O1)C2CC2)C3CCCN(C3)C=4C=CC=NN4
XS846406a,CC(=O)NC=1C=CC(=CC1)CN2CCOCC2C3=NC(C)=NO3
XS846399a,CCCN1C(=O)N(CC(=O)NCC2CCCO2)C=3C=CC=CC31
XS842609b,CC(OC=1C=CC=CC1F)C(=O)NNC(=O)C=2C=CC(=O)NN2
XS846400a,O=C(NCC=1C=CC=C(C1)CO)C2CCCN(C2)C(=O)C3CC3
XS789581b,O=C(C1=NNC(=O)C=2C=CC=CC12)N3CCCC3C=4C=CC=NC4
XS846410a,CC1=NC(=NN1C=2C=CC(F)=CC2)C(=O)NCCC3CCCO3
PK018203c,NC(=O)C1C=2C=CC=CC2CCN1C(=O)C=3C=CC=C4C=CNC34
XS846402a,CN(CC=1C=CSC1)C(=O)CN2CCCC2CN3C=NC=N3
XS842325b,CCC1CCCN1CC=2C=CC(=CC2)C=3C=NC4=NC=CN=C4C3
XS584627b,NC(=O)CCC1CCCN(C1)C(=O)C=2C=CC=3N=CSC3C2
XS846404a,COC=1C=CC(=CC1)C=2C=C(NN2)C(=O)N(C)CC(O)C3CC3
XS846405a,O=C(NCC1CCCO1)C=2C=CC=C(C2)OCC3=CSC=N3
XS838073b,COC(=O)C1CC=2NN=CC2N(C1)C(=O)CC=3C=CC=C(O)C3
XS846415a,CC=1C=CC(C)=C(OCC(O)CN2C(=O)CC(C)(C)C2=O)C1C
XS837804b,CCOC1(CNC(=O)CN2C=NC(=C2)C(F)(F)F)CCOC1
XS846420a,COC1CC=2C=CC(=CC2C1)NC(=O)C=3C=CC(=CC3)OC(C)C
XS846424a,COC=1C=CC(=CC1)CC(=O)N2CCCC(C2)NS(C)(=O)=O
XS641783b,CC(C)N1C=C(C=N1)NC(=O)C2CCCN(C2)C(=O)C(C)(C)C
XS846419a,COCC1=NOC(=N1)C(C)N(C)CCOC=2C=CC(Cl)=CC2
XS842538b,CC=1C=CN2C=C(CNS(=O)(=O)N(C)C(C)C3CC3)N=C2C1
XS516181b,CC1=CC(=NC(C)=N1)N2CCCC(C2)C(=O)NC3=CC=CC(C)=N3
XS846416a,COC=1C=CC(NC(C)C2=NN=C(O2)C=3C=CC=CC3)=C(C1)OC
XS838457b,N#CC=1C=NN(C1N)C=2C=CC(=CC2)C(=O)NC3COC4(CC4)C3
XS547436b,O=S(CC=1C=CC=C(F)C1)CC=2C=C(F)C=C3COCOC23
XS745376b,CCC(NC(=O)C1=CC(=CNC1=O)C(F)(F)F)C=2C=CC=CC2
XS846417a,CC1=NOC(C)=C1C(C)CNC(=O)N(C)C2CCC(C)(C)CC2
XS846425a,CC1=CN2CC(CCC2=N1)NC(=O)C3=CC=C(CN4C=CC=N4)O3
XS795948b,O=C(C=1C=CC=CC1Cl)N2CCN(CC2)C(=O)C3CCCO3
XS815047b,CC(OC(=O)C=1SC=2C=CC=CC2C1Cl)C(=O)NC3CC3
XS846422a,CC(NC(=O)C1=CN(CC=2C=CC=CC2)N=N1)C=3C=CC(F)=CC3
XS846418a,CCC=1C=C(N=C(N1)C=2C=CC=CN2)NC3CCN(C3=O)C4CC4
XS846423a,COC1=CC(OC)=C(C=C1C(=O)NC(C)C2=CC=CS2)OC
XS575927b,CN1N=NN=C1C=2C=CC=C(C2)S(=O)(=O)N3CCC(CO)C3
XS836620b,CC1=CC(C)=NN1C=2C=NC=C(N2)NC3CCC4=NC(C)=NN4C3
XS593297b,CC1=NN2CC(CCC2=N1)NCC3=CC=C(OC=4C=CC=CC4)O3
XS840274b,O=C(CNC1CCCN2N=CN=C12)NC=3C=CC=C4C=CC=CC34
XS684523b,CC=1C=CC=C2NC=C(CC(=O)N3CCCC(C3)N4C=CN=C4)C12
XS839173b,CCN(C)S(=O)(=O)NC=1C=CC=CC1OC(C)C(F)(F)F
XS846421a,COC=1C=C(F)C=CC1NC(=O)C(C)C2=CN(C)C=3C=CC=CC23
XS846433a,COCC=1C=CC=CC1CNC(=O)NC2CCCC3=C2C=NN3C
XS842562b,CN1C(=O)OCC1C(=O)NC=2C=CC=CC2C3=NC(=NO3)C4CC4
XS842699b,CC(CC1=CC=CO1)NC(=O)C=2C=CC=3SCCC(=O)NC3C2
XS837666b,CC1=CC(=CC(=C1)NC(=O)N2CC3(CC=CC3)C2C(C)C)C(N)=O
XS846432a,CC(C1=CC=CS1)N(C)C(=O)NC=2C=CC=NC2N3CCCC3
XS846430a,CC(NC(=O)NCC1=CC=CS1)C=2C=CC=3OCC(=O)NC3C2
XS846434a,COC=1C=CC(=CN1)NC(=O)NC2CCCN(C2)C=3N=CC=CN3
XS846435a,CCN(CC1CCCO1)C(=O)CN2N=C(C)C=3C=CC=CC3C2=O
XS837183b,O=C(CN1C=NN=N1)NC(C=2C=CC=C(Cl)C2)C=3C=CC=CN3
XS846431a,CCC(NC(=O)NCC1=NN=C2CCCN12)C=3C=CC(=CC3)OC
XS846427a,CCN(CCC#N)C(=O)CN1CCCC1C2=NC=3CCCCC3N2
XS837103b,COC=1C=CC=CC1CC(C)NC=2N=CC(=CC2C(N)=O)[N+]([O-])=O
XS746445b,CC(C)C(C)NC(=O)CN1CCCN(CC1)C=2C=CC=CC2C#N
XS839187b,CCC1=NOC(=N1)C(C)NCCCN2C=CC=3C=CC=CC3C2=O
XS608968b,O=C1C(CCN1C=2C=CC=CC2)SC3=NC(=O)C=CN3C4CC4
XS839482b,O=C(NC1=C2CCCC2=CC=3CCCC13)NC4CC54CCOCC5
XS837855b,COC(=O)C=1C=CN=C(C1[N+]([O-])=O)N2CCC(C2)C=3N=CC=CN3
XS671935b,COC=1C=C(C=C(C1)C(=O)N2CCC(C2)NC=3C=CC=CC3)OC
XS846426a,CC1=NN=C2CCC(CN12)NC(=O)C3=CC=4C(F)=C(F)C=CC4N3
XS846429a,CCOC=1N=CC=CC1C2=NOC(=N2)C(NC(C)=O)C3CCCC3
XS839707b,CCC(CO)N1CCN(CC1)C=2C=CC(=NN2)N3N=C(C)C=C3C
XS680756b,COC=1C=C(C=C2OCCOC12)C(=O)NC3CCC4=NC=CN4C3
XS838369b,C=CCN(CC(=O)N=S(C)(=O)N(C)C)CC=1C=CC=C(F)C1
XS841815b,CC(C)OC=1C=CC(=CC1)C(C)NC(=O)C=2N=CC=NC2C(N)=O
XS542866b,COC=1C=CC(=CC1)C2CCN(C2)C(=O)C=3C=C4OCCCN4N3
XS846428a,CC(NC=1C=CC=C(C1)C(N)=O)C(=O)N(C)CC=2C=CC=C(F)C2
XS476825b,CC(NC=1C=CC=2NC(=O)CCC2C1)C3=NC=C(O3)C=4C=CC=CC4
XS846445a,C1=C(CNCC2CCCO2)C(=NN1C=3C=CC=CC3)C=4C=CN=CC4
XS839221b,COC1=CC(=NC(=N1)C2=CN(N=N2)C(C)C=3C=CC=C(C#N)C3)OC
XS846442a,CC(C)CCCC(C)NC(=O)CN1C(=O)C(=O)NC=2C=CC=CC21
XS838491b,O=S(=O)(C=1C=CC=C2OCOC12)N3CCCC(C3)C4=CNN=N4
XS846436a,COC=1C=CC(=CC1)CCC(=O)N2CCCN(CC2)C(C)C(N)=O
XS725132b,CC=1OC=CC1C(=O)NC(C2=NC(=NO2)C(C)C)C3CCOCC3
XS846439a,COC(=O)CC(NC(=O)CC1=CC=CC(=C1)OC)C2=CC=CS2
XS846441a,O=C(NC=1C=CC(=CC1)NC=2C=CC=CC2)C3CC(=O)N(C3)C4CC4
XS840077b,O=S(=O)(CC=1C(F)=CC=CC1Cl)NC2CC32CCOCC3
XS619601b,O=C(CCC=1C=CC(Cl)=CC1)N2CCCC(C2)C3=NC(=O)NN3
XS839852b,CC1CN(CC=2C=CC=CC2)CCCN1C(=O)C3=NSN=C3O
XS836642b,O=C1CN(CC2=CN(CC3CC4(CO3)CCOCC4)N=N2)CCN1
XS800252b,COC=1C=CC(=CC1F)C(C)NC(=O)NC=2C=NN(C2)CC(N)=O
XS846443a,CC=1C=CC=CC1CC(=O)NC(C)C=2C=CC(=CC2)S(N)(=O)=O
XS846447a,CC(O)CN(CC(=O)NC(=O)NCC(F)(F)F)C=1C=CC=CC1
XS846437a,COC(=O)C(NC(=O)C=1C=C(NN1)C2CC2)C=3C=C(F)C=CC3F
XS846446a,CC1=NC(=NO1)C2CCCN2C=3N=CC(=CC3Cl)C(F)(F)F
XS846438a,CC(C)C=1C=CC(=CC1)C2=NOC(CCC(=O)OC(C)C(N)=O)=N2
XS742790b,CC1=NC2=CC(=O)NN2C(C)=C1CC(=O)NC3CCC=4C=CC=CC43
XS573564b,COC=1C=CC(C(=O)N2CCCC(O)(CN3C=CN=N3)C2)=C(F)C1
XS838179b,CN1CC(CCC1=O)NC(=O)NCC=2C=C(Cl)SC2Cl
XS846440a,CC=1C=NC(C(=O)N2CCC=3NC=NC3C2C=4C=CC=CC4)=C(C)C1
XS846444a,COC=1C=CC=C(CN(C)C(=O)NC(C)CN2C=CN=C2)C1OC
XS839300b,COC(=O)C1(CCN(C1)C=2C=CC=NC2C(=O)OC(C)(C)C)OC
XS839347b,CC1=COC(CN(CC=2C=C(C#N)N(C)C2)CC3CCCC43CC4)=N1
XS846450a,CC=1C=CC=2C=C(NC2C1)C(=O)N3CCCC3C4=NOC(=N4)C(C)C
XS842225b,CC=1C=CC=C2NC(C=3C=NC(=NC3)N4CCOCC4)N(C)C(=O)C12
XS841239b,FC=1C=C(Br)C=C(C1)C(CC2CC2)NCC=3C=CON3
XS810211b,CC=1C=C(CS(=O)(=O)CC(=O)NC(C)C=2C=CC(F)=CC2)ON1
XS842530b,CN(CCC(=O)NC(N)=O)C(C=1C=CC(Cl)=CC1)C(F)(F)F
XS837214b,CC=1N=C(N=CC1C(=O)N(C)C(C)C2=CC=CS2)C=3C=CC=CC3
XS839977b,CC1=NOC(C)=C1C(C)CNC(=O)N2CC=3C=CC=CC3C4(CC4)C2
XS636875b,O=C(CNC(=O)C(SC=1C=CC=CC1)C=2C=CC=CC2)NC3CC3
XS846454a,CC1CCC=2NC=3C(=CC=CC3C2C1)C(=O)NCCCN4C=CN=C4
XS633544b,O=C(C1CCCN1S(=O)(=O)CC=2C=CC=CC2)N3CCNCC3
XS798169b,COC=1C=CC(=CC1OC)C(=O)N2C=3C=CC=CC3NC(=O)CC2C
XS846451a,CCN(CC1CN(CC=2C=CC=CC2C#N)CCO1)C=3C=CC=NN3
XS846448a,CC1=NN=C2C=CC(=CN12)C(=O)N(C(C)C=3C=CC=CC3F)C4CC4
XS836828b,CC(C(=O)N1CCCN(C)C=2C=CC(F)=CC21)N3CCSCC3
XS691424b,CC=1C=NN(C1)CC2CCCCN2C(=O)C=3C=C(ON3)C4=CC=CO4
XS846453a,CC(N)CC(=O)NC=1C=CC(=NC1)OC=2C=CC(=CC2)C(F)(F)F
XS846455a,O=C(C=1C=C(NN1)C2=CC=CO2)N3CCCC3CC=4C=CC=C(F)C4
XS838812b,N#CC=1C=CC=C2C=C(C=NC12)OCC(=O)N3CCCC(C3)C(N)=O
XS838500b,CN1N=NN=C1C=2C=CC=CC2NC(=O)C3CC=4C=CC(Cl)=CC43
DR000104c,CCC1=NC=CN1C2CCCN(C2)C(=O)C=3C=NN4C=CC(C)=NC34
XS837221b,CC(C(=O)N(C)C)S(=O)(=O)NC1=NOC(CC=2C=CC=CC2)=N1
XS846452a,O=C(O)CCC=1C=CC(=CC1)NC(=O)C2CC(=NO2)C=3C=CC=CC3
XS846449a,CC(NC=1C=CC(C#N)=CN1)C=2C=C(F)C=CC2N3CCC(O)CC3
XS846457a,CC=1SC(=NC1C(=O)N2CCCC(C2)N3C=CC=N3)C4=CC=CO4
XS846465a,O=C(NCC1CN(CC=2C=CC=CC2)CCO1)NC=3C=CC(F)=CC3
XS846463a,CC=1C=CC=CC1SCC(=O)NCC(C2=CC=CO2)N3CCCC3
XS846459a,CN1C=C(C=N1)C2CCCN2C(=O)C3=CSC(=N3)C4=CC=CS4
XS592846b,O=C(C=1C=C(C=CN1)N2C=CC=N2)N(CC3CCCO3)C4CCCC4
XS578994b,O=C(NC(C1=NC=CS1)C2CC2)N3CCN(CC3)C=4C=CC=CC4
XS846464a,CC=1C=C(NC(=O)C2CC(=O)N(C2)C=3C=CC=4OCOC4C3)N(C)N1
XS838126b,COC(=O)C1=C(NS(=O)(=O)CC(C)OC)C=2C=CC=NC2N1C
XS192423c,CN1C(=NC=2C=CC=CC21)C3CC(=O)N(C3)C=4C=CC=C5C=CC=CC45
XS842501b,COCC1(CCC1)S(=O)(=O)NC2COC=3C(=CC=CC3C2)OC
XS808144b,CC1=NC(CN2CCCC(C2)NCCOC=3C=CC(C#N)=CC3)=NO1
XS837608b,COC(=O)C=1C=NC(=CC1C(F)(F)F)NC(CO)C=2C=NN(C)C2
XS846456a,CCC1=NOC(=N1)C(C)N2CCN(CC2)C(=O)CC=3C=CC(C)=CC3
XS828141b,COC=1C=CC(=C(C1)OC)C2CCCN2C3=NN4C=C(C)N=C4S3
XS567938b,CCC(CC)N1N=CC(C(=O)N2CC(C)OC=3C=C(C)C=CC32)=C1C
XS840765b,COCCNC(=O)NC1CCN(C1)C=2C=CC=CC2Br
XS846460a,O=C1NC(CN2CCCC2CN3C=CC=N3)=NC=4C=CC(Cl)=CC14
XS846458a,CCN1C=NN=C1CNC(=O)C(C)OC=2C=C(Cl)C=C(Cl)C2
XS841543b,CC(NC(=O)CCN1C=CC=N1)C=2C=CC(=CC2)N3CCCOC3=O
XS838008b,C1=CN(C=N1)CCOC=2C=CC=C(C2)CN3CCN4CCCCC4C3
XS842520b,CC(C)N1C=C2C=C(C=CC2=N1)NC(=O)NCC(C)C3=NC=CS3
XS842645b,CN(CC(=O)NC(C)(C)C)C(=O)C1CSCN1C(=O)C(C)(C)C
XS846466a,CC1=CC=C(C(=O)NC(C)CCC=2C=CC(=CC2)OC(C)C)C(=O)N1
XS846461a,CC(=O)N1CCN(CC1)C(=O)C2CCCCN2CC3=CC=CC(C)=C3
XS846462a,NC(=O)N1CCCC1COC(=O)C=2C=CC=C3C=4CCCCC4NC23
XS846471a,CN(CCCCN1C(=O)C=2C=CC=CC2C1=O)C3CCC=4C=CC=CC43
XS840636b,CC1=NN=C(O1)C(C)NC=2C=CC(NC(=O)C3=CC=CO3)=C(Cl)C2
XS846473a,NC(=O)C1CC=2C=CC=CC2CN1CC(=O)NC=3C(F)=CC=CC3F
XS838640b,COC=1C=C(C=CC1OCC2CCC=3C=CC=CC3O2)S(C)(=O)=O
XS669020b,CC(=O)N1CCC(CN(C)C(=O)NCC=2C=CC(=CC2)C(C)(C)C)C1
XS846467a,CS(=O)(=O)CC=1C=CC=C(C1)C(=O)N2CCCC(C2)N3C=NC=N3
XS837374b,FC=1C(Cl)=CC=CC1CN2CCC(CC=3N=NNN3)C(F)(F)C2
XS837282b,CC1=CN=C(S1)C(C)NC(=O)C2=CC=3SC(C)=C(C(=O)O)C3N2
XS784675b,CC1=NNC(C)=C1C2COCCN2C(=O)CCC=3C=CC(Cl)=CC3
XS840070b,CC1(CCNC(=O)C1)C2=NC(=NO2)C3=CN(C=4C=CC=CC34)C(F)F
XS487443b,O=C(CCOC=1C=CC=CC1F)N2CCCC(O)(CN3C=CN=N3)C2
XS743241b,CCC(C)NC(=O)C=1C=CC(=CC1)NC(=O)CN2CCCCCC2=O
XS846474a,COC=1C=C(C=C(Cl)C1OC)C(=O)NC2CCC3=NC(C)=CN3C2
XS846472a,CC1=CN=C(NC(=O)C=2CC(C(N)=O)N(N2)C=3C=CC(F)=CC3)S1
XS837170b,O=S1(=O)CCC(C1)NCC2=CC=C(O2)C3=NC=4C=CC=CC4S3
XS840769b,CCS(=O)(=O)CCN1C=CC(=N1)NC2CCCCC=3C=CC=CC32
XS394916b,CC(=O)N1CC(OC=2C=CC=CC21)C(=O)NC=3C=CC=C4N=CC=CC34
XS840828b,CN(CC(=O)N1CCC(=N1)C=2C=CC=CC2)C3CCCC=4C=CC=CC43
XS846475a,COC=1C=CC=C(C1)CCNC(=O)CN2CCCC2C3=NOC(C)=N3
XS840746b,CCCC(=O)N1CSCC1C(=O)NCC2=CN3C(C)=CC=CC3=N2
XS846469a,COC=1C=CC(NC(C)C(=O)N(C)CC=2C=CC=C(F)C2)=C(C1)OC
XS846470a,O=C(CC1COCCN1C(=O)C2=CNC=3N=CC=CC23)C=4C=CC=CC4
XS534509b,CC1=CSC(=N1)C2CCCN(C2)C=3C=C(N=CN3)N4CCOCC4
XS846468a,CC=1N=C(C)N(N1)C2CCCN(C2)C(=O)C3=CC(=NN3C)C(C)(C)C
XS616644b,COC=1C=CC(CNC(=O)NC(C)C=2C(C)=NN(C)C2C)=C(C1)OC
XS846484a,CCC(=O)N1CCCC(C1)C(=O)NC=2C=C(OC)C(OC)=C(C2)OC
XS838170b,CC1CCC=2C(=CSC2C1)C3=NC(=NO3)C(C)(C)NS(C)(=O)=O
XS846481a,CC(C=1C=CC(=CC1)S(C)(=O)=O)N(C)C(=O)NC=2C=CC=CC2F
XS846487a,CS(=O)(=O)NCC(C=1C=CC(=CC1)C(F)(F)F)N2CCOCC2
XS838599b,CN1N=NC=C1N2C=C(CNC3(CCOC3)C(=O)OC(C)(C)C)N=N2
XS785422b,CC=1C=CC=C(C1C)N2CC(CC2=O)C(=O)NC3=CC=NN3C(C)(C)C
XS719199b,O=S(=O)(NC1CCCN(C1)C=2N=CC=CN2)C=3C(F)=CC=CC3F
XS846476a,CC=1C=CC=CC1OCCN(C)C(C)C(=O)NC=2C=CC=3OCOC3C2
XS846486a,CCN1CCN(CC1)C=2C=CC(NC(C)C3=NC(=NO3)C4CC4)=C(C)C2
XS837910b,COC=1C=CC=2C(N)=NN(C(=O)C3CCOC=4C=CC(Cl)=CC43)C2C1
XS839435b,CC1=NC(C(=O)NC2CCC3=NN=NN3C2)=C(CC=4C=CC=CC4)S1
XS837503b,COC=1C=CC=2CCN(CC(C)C2C1)C(=O)N3CCCC=4C=CC=NC43
XS837887b,O=C(NCC1=CC=2CCCC2NC1=O)NCC3CCCCS3(=O)=O
XS527305b,CCN1C=CN=C1C(NC(=O)C=2C=CC3=NC=CN3C2)C4CCOCC4
XS846477a,COC=1C=CC=C(C1)C2=NOC(=N2)C(C)NC(=O)CCCN3C=CC=C3
XS846485a,O=C(NCC(C1=CC=CS1)N2CCOCC2)C=3C=CC=4NC=NC4C3
XS782215b,O=C(NC(C=1C=CC(Cl)=CC1)C2CC2)C=3C=CC=CC3N4C=NN=N4
XS846480a,CC1=NN(C)C(C)=C1CC(=O)NC(C)C=2C=CC(=CC2)S(N)(=O)=O
XS584148b,CCCC1C(=O)NCCN1S(=O)(=O)C=2C=CC=C3CC(C)(C)OC23
XS846483a,CCN(CC1COC=2C=CC=CC2O1)S(=O)(=O)C=3C=CC(F)=CC3
XS837847b,CC1=NN(C)C(C)=C1C(C)C(=O)N2CCN(CC2)C3=NC(N)=NS3
XS846478a,CCCCCOC=1C=CC(=C2C=CC=CC12)S(=O)(=O)NCC(C)O
XS846479a,CN1N=CC=2C(=CC=NC21)N3CC(COC=4C=CC=CC4)OC(C)(C)C3
XS836774b,O=C(NCCCOCC1CCCO1)N2CCN(CC2)C=3N=CC=CN3
XS846482a,CC1=CC=C(S1)C(C)C(=O)N2CCN(CC2)C=3N=CNC4=NC=CC34
XS713025b,COC=1C=CC(OC)=C(C1)C(C)NC(=O)C=2C=CC=NC2N3CCCC3
XS846489a,O=C(CNC(=O)C=1C=CC(=CC1)OCC2CCCO2)NCC3=CC=CO3
XS839021b,COC=1C=CC=CC1C2=CC(=NO2)C(=O)N3C=4C=CC=CC4CC3C(=O)O
XS836947b,CC1=NOC(=N1)C=2C=CC=C(C2)NC(=O)NC3CCC=4C=CC=CC4OC3
XS846493a,CCN(CC)C(=O)C(NS(=O)(=O)C=1C=CC2=CC=CC=C2C1)C(C)C
XS846498a,COC(=O)C=1C=CC=C(C1)OCC(O)CN2N=C(C)C(C)=C(C#N)C2=O
XS673858b,COCC(C)(O)C(=O)N1CC=2C=NN(C=3C=CC=CN3)C2CC(C)(C)C1
XS846491a,O=C(CCN1CCCC1=O)OC2CCC=3NC=4C=CC(Cl)=CC4C3C2
XS846488a,CCCC(C#N)NC(=O)C=1C=C(C)N=C2C1C=NN2CC=3C=CC(C)=CC3
XS760405b,CCN(C(=O)C=1C=CC(=CC1)OC=2C=CC=CC2)C3CCS(=O)(=O)C3
XS846500a,COC=1C=C(C=C2OCCOC12)C(=O)N3CCCC(C3)C4=NC(C)=NO4
XS846501a,CC1=NC=2C=CC=C(C2C(=O)N1C3CCC(=O)NC3=O)N4CCC5(CC5)C4
XS846492a,CC1=NN(C=2C=CC(Cl)=CC2)C=3SC(=CC13)C(=O)OC(C)C(N)=O
XS837297b,CC1C=2C=CC=CC2OCCN1CC(=O)NCCN3CCC=4C=CC=CC43
XS842685b,O=C(N1CCNC(=O)CC1)C23CCC(=O)N3C=4C=C(Cl)C=CC4S2
XS394335b,O=C(CCN1C(=O)CCC1=O)NCC2CCN(C2)C=3C=CC(Cl)=CC3
XS846496a,CCC(C)NC(=O)C=1C=C(C=CC1C)S(=O)(=O)NC=2C=CC(C)=CC2
XS841845b,CCCC(=O)N1CSCC1C(=O)N2CCN3CCOC=4C=CC=C2C43
XS846490a,O=C(NCC=1C=CC=NC1)N2CCC=3C=CC=CC3C2CC=4C=CC=CC4
XS742676b,COC=1C=CC=C2NC=C(CC(=O)N3C=4C=CC=CC4N(C)CCC3C)C12
XS837413b,CC(CNC(=O)C1=CC(=CNC1=O)C(F)(F)F)N2CCC=3C=CC=CC32
XS841969b,CC1(CCS(=O)(=O)C1)NC(=O)NC2=NN=C(CC(F)(F)F)S2
XS837970b,CC=1C=CC(=CC1)N2N=C(Br)CC2C(=O)NC=3C=CN(C)N3
XS846494a,CN1N=NC=2CCC(CC21)C(=O)N3CCCN(CC3)C(=O)C4CCCC4
XS846497a,CCOC(=O)C=1N=NNC1C2CCCN2C(=O)CC=3C=CC(Cl)=CC3
XS846495a,CCC1CCCCN1C(=O)CSC2=NN=C(O2)C=3SC(C)=NC3C
XS846504a,CNC(=O)NC(=O)C(C)OC(=O)C=1C=CC=C(C1)OCC=2C(C)=NOC2C
XS838825b,CC=1C=CC=C(C1)COC(C)C(=O)NC=2C=CC=3C=NN(CC(=O)O)C3C2
XS846514a,CCOC=1C=CC(=CC1)C2=NC(=CS2)C(=O)N3CCCC(C3)NC(C)=O
XS846505a,CCC(C)N1N=CC(C(=O)NC=2C=CN=C(C2)OCCN(C)C)=C1C3CC3
XS174105d,CN1CCN(CC1)C(CNC(=O)NC=2C=CC(C#N)=CC2)C3=CC=CS3
XS846502a,CC=1C=C(Cl)C=CC1OC(C)C(=O)NC=2C=CC=CC2N3CCCC3=O
XS837726b,CC1CC(CNC(=O)NC=2C=CC(=C(C2)CC3COC3)C(F)(F)F)=NO1
XS846503a,CC=1OC=2N=CNC(=O)C2C1C(=O)NC(C)C=3C=CC(=CC3)S(C)(=O)=O
XS837272b,COC=1C=CC=CC1S(C)(=O)=NC(=O)C=2C=CC(=NC2)C3=CSC=N3
XS837647b,O=C(N1CC=2C=NN(C=3N=CC=CN3)C2C1)N4C=5N=CC=CC5N6CCC4C6
UB028214b,CC=1C=CC=C(C1)CC(CO)NC(=O)C2=CNN=C2C=3C=CC=C(Cl)C3
XS846513a,O=C(NCC1(CC1)C=2C=CC(F)=CC2)C3CCCN(C3)C(=O)N4CCCC4
XS335183b,CC(C)(C)C(=O)N1CCCC(C1)C(=O)NCC=2C=CC=CC2N3C=CN=C3
XS840817b,COC=1C=CC=C2C1CCCCN2CC(=O)N3CCCC(C3)C(F)(F)F
XS846508a,CC(=O)NC(CC(=O)NCC1(CC1)C=2C=CC=CC2)C=3C=CC(Cl)=CC3
XS846511a,CC1=C(C=NN1C=2C=CC(F)=CC2)C(=O)NCC3COC=4C=CC=CC4O3
XS846509a,COC=1C=CC(=CC1S(=O)(=O)N(C)C)C(=O)N2C=3C=CC=CC3CC2C
XS846512a,CC(NC(=O)NC=1C=C2OCCOC2=CC1Br)C=3C=CC=CC3
XS836629b,CC1(C)COC(C)(CO1)C(=O)NC=2C=CC=3NC(=O)CS(=O)(=O)C3C2
XS846510a,CCN1CCCC1CNC=2N=CN=C3SC=C(C=4C=CC(=CC4)OC)C23
XS839700b,CC=1C=CC=C2C1NC(=O)C23C(C#N)=C(N)OC=4C=5C=CC=CC5OC(=O)C43
XS427201b,CC(=O)NC1=NC(=CS1)C(=O)NCC2CCCN(CC=3C=CC=CC3)C2
XS846507a,CCOC=1C=CC(=CC1)C(C)NC(=O)C=2C=C(C)N=C3C2C=NN3C(C)C
XS846515a,CSC=1C=CC(=CC1)S(=O)(=O)N2CCCC2C(=O)N3CCOCC3
XS846506a,CC1=NC(CN2CCOCC2C=3C(C)=NN(CC=4C=CC=CC4)C3C)=NO1
XS841536b,CC=1OC=NC1C(=O)N2CCC3(C2)CCCN(C3)C=4N=C(C)N=C(C)C4C
XS759456b,CC1=CC(C)=CC(=C1)OCC(=O)N(CC=2C=CC=CC2)C3CCS(=O)(=O)C3
XS846526a,NC(=O)C1CCCN(C1)C(=O)CSC=2N=C(C3CC3)N(N2)C=4C=CC=CC4
XS846516a,CC=1C=CC=CC1N2CCN(CC(=O)NCC3COC=4C=CC=CC4O3)CC2
XS846519a,O=C(OCC1=CC(=O)N2C=CC=CC2=N1)C=3C=CC=CC3OCC4CCCO4
XS846523a,COC=1C=CC=CC1C=2CC(C=3C=CC=CC3Cl)N(N2)C(=O)CCC(=O)O
XS748059b,CCN(CC)C(=O)CCC1CCN(CC1)C(C)C2=NC=3C=CC=CC3C(=O)N2
XS838373b,O=C1C(CCN1C2CCOCC2)NC=3C=CC(=CC3)N4N=NC=5C=CC=CC54
XS838274b,CC=1N=C(SC1C(=O)OC2CCN(C2=O)C3CCOCC3)C4=NN=CN4
XS837089b,CC(N1CCN(CC1)S(=O)(=O)CC=2C=C(Cl)C=CC2F)C(F)(F)F
XS822139b,CC1=CSC2=NC(=CC(=O)N12)CN3CCCC3C=4C=CC=5OCCOC5C4
XS840861b,CC(C)CN1C=CN=C(C1=O)N2CCCC(C2)C3=NNC(=N3)C=4C=CC=CC4
XS548504b,CC(NC(=O)C=1C=CN(N1)C=2C=CC(F)=CC2)C=3C=CC=4NC(=O)CCC4C3
XS846525a,CC=1C=C(N=C(N1)C=2C=CN=CC2)N3CCCC(C3)C(=O)N4CCC(C)CC4
XS846524a,COC=1C=CC=C(C1)OCC(=O)NCC(C2=CC=CS2)N3CCOCC3
XS808166b,COC=1C=CC(=CC1OC)C2CCCN2C(=O)C=3C=NC4=C(C3)C(C)=NN4C
XS846518a,CCOC(=O)COC=1C=CC=CC1C=2CC(C=3C=CC=C(F)C3)N(N2)C(C)=O
XS073732b,O=C(CNC=1C=CC=CC1Cl)N(C=2C=CC=CC2)C3CCS(=O)(=O)C3
XS479754b,CCOC(=O)C1CCCN(C1)C(=O)CC=2SC(C)=NC2C=3C=CC(C)=CC3
XS836928b,CC1CCCCN1C(=O)CN2C=C(C#N)C(=O)C=3C=C(Br)C=CC32
XS840680b,CCOC(=O)C1=C(CN2C=NC=3C=4C=CC=CC4OC3C2=O)NC(=O)NC1C
XS781523b,CC=1C=C(NN1)N2CCC(CC2)NC(=O)CN3C(=O)C(C)OC=4C=CC=CC43
XS846521a,CC=1C=CC=C2SC(=NC12)NC(=O)C3CC(=O)N(CCC=4C=CC=CC4)C3
XS846520a,CNC=1N=C(C)C=CC1C(=O)N2CCC=3N=CNC3C2C=4C=CC(Cl)=CC4
XS846522a,O=C(CN1C(=O)C=NC=2C=CC=CC21)NC(C=3C=CC(F)=CC3)C4CCCC4
XS846517a,CC(C)(CCC(=O)O)NC(=O)CC(NC(=O)C=1C=CC=CC1)C=2C=CC=CC2
XS565417b,CC=1C=CC=CC1C2=NC(CN(C)C3CCN(CC=4C=CC=CC4)C3=O)=NO2
XS846529a,CS(=O)(=O)CC1=CC=C(O1)C(=O)N2CCCCC2CCCC=3C=CC=CC3
XS836707b,COC=1C=NN2CCN(CC12)C(=O)NC(C)C=3C=NN(C3C)C=4C=CC(F)=CC4
XS846537a,CC(NC(=O)C1CC1)C(=O)NCC2=CN(N=C2C=3C=CC=CC3)C=4C=CC=CC4
XS837901b,CC(NC(=O)CCC1=CC=C(N1)C=2C=CC=CC2)C=3C=CC=C(C3)S(N)(=O)=O
XS846531a,COCC=1C=CC(=CC1)NC(=O)C2CCCCN2S(=O)(=O)C=3C=CC=CC3
XS841387b,O=C(NC(CC1=NC=CN1C(F)F)C=2C=CC=CC2)C3=CN=C4CCCCCN34
XS846540a,CC=1C=CC=C(C1)NC(=O)C(C)OC(=O)C=2C=CC3=NS(=O)(=O)CCN3C2
XS150027b,CC1=CC=C(O1)C(CNC(=O)C=2C=CC(=CC2)N3CCCC3=O)N4CCOCC4
XS706875b,COC=1C=CC=CC1N2CC(CC2=O)C(=O)NC(C)(C)C=3C=CC=4OCOC4C3
XS841533b,COC=1C=CC2=NC=CC=C2C1C(=O)NC3CCOC43CCS(=O)(=O)CC4
XS846536a,O=C(NCC(C1=CC=CS1)N2CCOCC2)C=3C=CC(Br)=CC3
XS846530a,CC(CC1=NC(=NO1)C=2C=CC=CC2)NC(=O)N3CCC=4C(=O)N(C)C=NC4C3
XS430807b,COC=1C=CC=CC1CNC(=O)C2CCCN2S(=O)(=O)C=3C=CC=CC3F
XS846532a,CCOC=1C=CC=2C=C(NC2C1)C(=O)N3CCCC(CNC(=O)C4=CC=CO4)C3
XS397897b,CC1CC(=O)NC=2C=CC=CC2N1C(=O)CN3N=NC(=N3)C=4C=CC=CC4Cl
XS840495b,CC1=CC(=O)OC=2C=C(C=CC12)NC(=O)N(CC=3C=CN=CC3)CC4CCCO4
XS846528a,CC=1C=C(C)C=C(C1)OCC(O)CN2CCN(CC2)C3=CC(C)=NC4=NC=NN34
XS846535a,CC(NC(=O)C=1C=CC(=CC1)N2C(=O)CCC2=O)C=3C=CC(Cl)=CC3Cl
XS846539a,COC=1C=CC=CC1OCC(=O)N(CC2=CC=CS2)C3CCS(=O)(=O)C3
XS846527a,COC=1C=CC(=CC1)C=2NC=3C=CC=CC3C2CCC(=O)N4CCNC(=O)C4C
XS846534a,CN1CCN(C(=O)CN2C(=O)COC=3C=CC(Cl)=CC32)C(C1)C=4C=CC=CC4
XS846533a,CCC(NC(=O)CCC1=NC=C(O1)C=2C=CC(Cl)=CC2)C=3C=CC(=CC3)OC
XS546908b,CN1N=CC2=C1CCCC2NC=3C=NN(C(=O)C3Cl)C=4C=CC(F)=CC4F
XS839643b,CN1C=C(C=N1)N2CCCC(C2)NS(=O)(=O)CCC=3C=CC=4OCCC4C3
XS551852b,O=C(CN1CCCC(C1)C(=O)NC=2C=CC=CC2)N3CC(=O)NC=4C=CC=CC43
XS846538a,COC=1C=C(C=CC1OCC2CCCO2)CNC(=O)C=3C=CC(Cl)=CC3F
XS846545a,CN(CC=1C=CC=C(C#N)C1)C(=O)C2CC(=O)N(CC=3C=CC=C(C3)C(F)(F)F)C2
XS841541b,COC=1C=CC=CC1NC(=O)C2=C(C)NC(=O)NC2C=3C=CC=4N=C(C)SC4C3
XS842684b,O=C(OCC1=NN=C(O1)C=2C=CC(Cl)=CC2)C3CCCN(C3)C(=O)N4CCCC4
XS388410b,CC(C)(CNC(=O)C1CCCN(C1)C=2C=NC=CN2)C=3C=CC(Br)=CC3
XS846552a,O=C(NC=1C=CC2=C(C=CN2CCN3CCOCC3)C1)C4CC(=O)N(CC5CC5)C4
XS846546a,CC=1C=CC(=CC1)NC(=O)C(C=2C=CC=CC2)N3CCN(CC3)C(=O)C4=CC=CO4
XS846542a,O=C1NC(CN(CC=2C=CC(=CC2)C(F)(F)F)CC3CCCO3)=NC=4C=CC=CC14
XS837834b,O=C(O)CC(NC(=O)CCN1N=C2C=CC=CN2C1=O)C=3C=CC4=CC=CC=C4C3
XS846550a,CC1=C(NC=2C=C(Cl)C=C(Cl)C12)C(=O)N(CC=3C=CC=CC3)CC(O)CO
XS846551a,CN1C(CCC(N)=O)=NN=C1SC(C(=O)C2=CNC=3C=CC=CC23)C=4C=CC=CC4
XS179297b,CN1C=CN=C1C(NC(=O)CCC2=NN=C(O2)C=3C=CC=CC3)C=4C=CC(Cl)=CC4
XS846548a,COC=1C=CC(OC)=C(C1)C2NC(=O)NC(C)=C2C(=O)NC=3C=CC=C(Cl)C3
XS836773b,CCCS(=O)(=O)N1CCCC(C1)C(=O)NC2=NN=C(N2)C=3C=CC=CC3OC
XS679170b,CN1CCOC(CNC(=O)C=2C=CC=NC2OC=3C=CC(Br)=CC3)C1
XS846549a,CN(CCCOC=1C=CC(F)=CC1)C(=O)C2CCCN(C2)C(=O)CC=3C=CC=CC3
XS840058b,CC1=NN(C)C(C)=C1C(NCC=2C=C(C=C3COCOC23)[N+]([O-])=O)C(F)(F)F
XS140362b,COC=1C=CC=2C(=COC2C1)CC(=O)NC(C3=NC=CN3C)C=4C=CC(Cl)=CC4
XS841002b,FC(F)(F)C=1C=CC2=NN=C(C3CCCN(C3)C4=NN=NN4C=5C=CC=CC5)N2C1
XS846543a,COC=1C=CC(=CC1)C(CNC(=O)CC2=NNC(=O)C=3C=CC=CC23)N4CCCC4
XS712177b,O=C(CC1SC=2C=CC=CC2NC1=O)NCC3(CCCCC3)N4CCCCC4
XS846541a,CSC=1C=CC(=CC1)CN(C)C(=O)CN2CCCC(C2)C(=O)NC=3C=CC=CC3
XS838194b,O=C(CC1=CSC(CC=2C=CC(F)=CC2)=N1)NC3CCOC4(CCCCC4)C3
XS846544a,CC1=NN(CC(C)C)C=2SC(=CC12)C(=O)NC(C)C=3C=CC(=CC3)S(N)(=O)=O
XS810972b,CN1C=CN=C1C(NC(=O)C=2C=CC=C(C2)N3C(=O)CCC3=O)C=4C=CC(Cl)=CC4
XS846547a,COC=1C=CC(=CC1)C2CCCN2CC(=O)NCC(=O)NC=3C(C)=CC(C)=CC3C
XS846567a,COC=1C=CC(=CC1OC)C2CCCN2C(=O)NCC=3C=CC=C(C3)CN4CCCC4
XS846565a,COC=1C=C(C=CC1OC(F)F)CNC(=O)C2CCCN2S(=O)(=O)C=3C=CC=CC3
XS846560a,COC(=O)C1=CC=C(N1)C(=O)N2CCOCC2C=3C(C)=NN(C3C)C=4C=CC=CC4F
XS846557a,CC(=O)N1N=C(CC1C2=CC=C(C)O2)C=3C=CC=C(C3)NS(=O)(=O)C=4C=CC=CC4
XS846554a,CC=1SC=2N=C(CN3CCN(CC3)C(=O)C4CCCN4C(=O)C5=CC=CS5)NC(=O)C2C1C
XS840379b,CC(C)N1N=CC=C1NC(=O)C(C)OC(=O)C=2C=CC=C(C2)S(=O)(=O)N3CCCC3
XS841018b,CN1C=CC(=C1)C(=O)NC=2C=CC=CC2N3CCN(CC3)C(=O)C(F)C4(O)CCCC4
XS620532b,COC=1C=CC=CC1N2CCC(C2=O)N3CCCN(CC3)C(=O)C=4C=CC(Cl)=CC4
XS846561a,O=C(NC1CCN(CC=2C=CC(Cl)=CC2)CC1)C3CN(CCO3)S(=O)(=O)C=4C=CC=CC4Cl
XS846558a,CCCCC=1C=CC(=CC1)N2CC(CC2=O)C3=NC=4C=CC=CC4N3CC(=O)N5CCCCCC5
XS846566a,O=C(CN1CCN(CC1)C=2C=CC=CN2)N3N=C(CC3C4=CC=CS4)C5=CC=CS5
XS846563a,O=C(C1=CC=CS1)N2CCCC2C(=O)N3CCN(CC3)S(=O)(=O)CC=4C=CC=CC4
XS846556a,CC=1C=CC2=NC=CC=C2C1S(=O)(=O)N3CCNC(=O)C3C=4C=CC(=CC4)C(F)(F)F
XS846555a,CC(C(=O)NC=1C=CC=C(F)C1)N2CCN(CC2)S(=O)(=O)C=3C=CC=4CCCC4C3
XS846559a,CC(C)CN1C(=NN=C1C2=CC=CO2)SC3CCCCN(C(=O)C=4C=CC(F)=CC4)C3=O
XS838742b,CC=1N=C2C=CC=C(C(=O)N3CCN(C(=O)C4=CC=5OC=CC5N4C)C(C3)C6CC6)N2N1
XS836593b,CC(CNC(=O)N1CCC(CC1)C(=O)NC=2C=C(Cl)C=CC2O)N3CCOCC3
XS846562a,COC=1C=CC(=CC1)C(CNC(=O)C=2C=CC=C(C2)S(=O)(=O)N(C)C)N3CCCCC3
XS846564a,O=C(NC=1C=CC=C(C1)S(=O)(=O)N2CCCCC2)C=3C=CC(=CC3)OCC4CCCO4
XS838203b,CCCCN1C(=O)N(C)C(=O)C2=C1NC(=O)C2CC(=O)NC=3C=CC(OC)=C(C3)OC
XS840017b,COC=1C=CC(=CC1)S(=O)(=O)CC(C)C(=O)N(CC2=CC=CO2)CC=3C=CC(O)=CC3
XS846553a,CCOC=1C=CC=CC1N2CC(CC2=O)C3=NC=4C=CC=CC4N3CC=5C=CC(F)=CC5
XS328355c,COC=1C=CC(C=2NC=3C=CC=CC3C2CCC(=O)N4CCCC(C4)C(N)=O)=C(C1)OC
XS838257b,CC(CCN1CCN(CC1)C=2C=CC=CC2)NS(=O)(=O)CCN3C=NC=4C=CC=CC43
XS837014b,CC(OC(=O)CN1C(=O)NC(=O)C=2C=CC=CC21)C(=O)N3CCN(CC3)C=4N=CC=CN4
XS846568a,COCC(=O)N1CCN(CC1)C(=O)C=2C=CC=C(C2)S(=O)(=O)NCC3CCCO3
XS846579a,CCCC(C)NC(=O)NC=1C=CC=CC1COC
XS838137b,ClC=1C=NC(=NC1)N2CCCC2C3=NC=CN3
XS846580a,CNC(=O)NC(=O)C(C)NC=1C=CC=C(C)C1
XS846578a,CC(NC=1N=CC=CN1)C=2C=CC(C#N)=CC2
XS846573a,CC=1C=CC=CC1NC(=O)C2CSCN2
XS846583a,COC=1C=CC(OC)=C(C1)C2CCCN2
XS846572a,CCC(C)NCC1=NN=C2C=CC=CN12
XS839857b,CCOC(=O)C1CCCC=2SC(=O)N(C)C21
XS846582a,CC(NC(=O)C1=CC=CO1)C=2C=CC=NC2
XS846575a,CC1CN(CCO1)C(=O)C=2C=CC=C(C#N)C2
XS846576a,CC(OC=1C=CC=CC1)C(=O)N2CCNC(=O)C2
XS846574a,CC=1C=CC(C)=C(C1)CC(=O)N2CCC(N)C2
XS846569a,O=C(NC=1C=CC=CC1)N2CCCC(O)C2
XS841820b,CCN(C(=O)C1CC=2C=CC=CC2S1)C3CC3
XS846577a,CC1=NOC(=N1)C(C)NC=2C=CC=3OCCC3C2
XS838123b,CC1(CC=CCC1)C(=O)N2CC3(C2)CCCOC3
XS841788b,CC1CN(C2=NC(=CO2)C(=O)O)C=3C=CC=CC31
XS837207b,O=C1NCCC1N2C=C(N=N2)C=3C=CSC3
XS838549b,CCC1=NC=CN1CC2(O)CCCOC2
XS842301b,CC=1C=C2NC(=O)C(C)C(=O)N2N1
XS846571a,O=C(NC=1C=CC=CC1)C2CCS(=O)(=O)C2
XS837265b,CC1=NC(C#N)=C(NC(C)C=2C=CC=CC2)O1
XS623834b,O=C(NC=1C=CC=2OCCC2C1)C3CCCCN3
XS846581a,CC(CN1C=CC=N1)NC2=NC=3C=CC=CC3O2
XS841593b,CC1=CC(C)=NN1CC2CNCCO2
XS678514b,CC1(C)CCC(NC(=O)C=2C=COC2)C=3C=CC=CC31
XS841188b,O=C1CCC(C(=O)N1)N2C=C(Br)C=N2
XS836514b,CC1(C)CN(CC2(CCOC2)O1)C(=O)CC(F)F
XS838558b,CC(CC=1C=CC=CC1)NC2=NN=C(O2)C=3C=CON3
XS846590a,CCCC(C(=O)N1CC(C)(CC)C1)C=2N=NNN2
XS846588a,CC=1C=NN(C1)C(C)(CC=2C=CC(F)=CC2)C(=O)O
XS842449b,CCC1CN(CC2=NN=C3COCCN23)CCS1
XS838121b,CC1CC2(CCC2)CN1C3=NN=C(S3)C(F)F
XS846585a,CC1CSCCN1C(=O)C=2C=C3OCCN3N2
XS724560b,CNC1CCCN(C1)C(=O)COC=2C=CC(C)=CC2
XS846592a,NC1CCCN(C1)C(=O)C2=CC=3C=CC=CC3S2
XS846586a,CC(NC=1N=CN=C2C1C=NN2C)C=3C=CC(F)=CC3
XS846589a,NC(=O)N1CCCC(C1)C(=O)NCCC2CCCC2
XS839135b,CC1=NNC(CC(=O)N2CC=3C=CC=CC3CC2C)=N1
XS841757b,CC(NC=1C=CC=C2C=CNC12)C=3C=CC(C#N)=CC3
XS753543b,CC=1C=C(N=C(C)N1)N2CCCC(C2)C3=NN=CN3C
XS846593a,CCCC(C)NC(=O)C=1C=CC=C(C1)N2C=CC(C)=N2
XS837077b,CC(C)(C)C(C#N)NS(=O)(=O)CC1CCCC1
XS837537b,CCC1CC=NN1C=2N=CC(=CC2Cl)C(=O)OC
XS837197b,CC1C(=O)N(C)CN1CC=2C=NC=C3C=CC=CC23
XS838238b,CC1N(C)C=2C=C(C=C(C2C1(C)C)[N+]([O-])=O)[N+]([O-])=O
XS846587a,CC(C)NC(=O)C1CC(=O)N(CC=2C=CC=CC2)C1
XS846591a,CC1CCCCN1CC(=O)NC=2C=CC(C#N)=CC2
XS840218b,COC=1C=CC(=NC1)N(C)C(=O)C2CCCOCC2
XS838224b,CC(COC=1C=CC=CC1)OC(=O)CC=2C=NC=NC2
XS842539b,CC1=CC(=O)N2N=C(NCC3CCOC3)SC2=N1
XS760238b,CC1=NN2CC(CCC2=N1)NC=3N=CC=CC3C#N
MR025691c,CCN1CCCC(CNC(=O)NC=2C=CC=C(F)C2)C1
XS839372b,CC=1C=CSC1C(C)NCCC2=NN=C3CCCN23
XS840854b,O=C(CN(CC1=CC=CO1)C2CC2)NCC3CCCO3
XS846600a,COC=1C=CC=C(C1)CN(C)C(=O)C(C)N2C=NC=N2
XS842583b,COCC(C)NC(=O)C=1SC=CC1Br
XS558067b,CN1C=C(C=N1)N2CCC(NC(=O)C=3C=CN=CC3)C2=O
XS838974b,COC=1C=CC(=CC1)CC(C)N(C)C=2C=CC(F)=NN2
XS535719b,COC1CCCCN(CC(=O)NC2=NC=NN2C)C1=O
XS838393b,C1=CC=2CCC(NC=3C=NC=C(N3)N4C=NC=N4)C2S1
XS846595a,CC=1N=NC(=C(C#N)C1C)N2CCCC2CN3C=NC=N3
XS846598a,CN1C=C(C=N1)S(=O)(=O)N2CCCC2C3=CC=CO3
XS734231b,COC=1C=CC(=CC1F)C(=O)NC2CCCCNC2=O
XS846596a,CC=1C=NN(C1)C2CN(C2)C(C)C3=NC(=NO3)C4CC4
XS756607b,CC1=NOC(CN2CCNC(=O)CC2C=3C=CC=CC3)=N1
XS839442b,CC1CN2N=CC=C2CN1C(=O)C=3N=CN=C4NC=CC34
XS836477b,COC1=NN=C(NC(=O)N2CC(C)(C)C2C(C)C)S1
XS724229b,O=C(C=1C=CON1)N2CCCC2C3=NOC(=N3)C4CC4
XS839370b,CCOP(=S)(C=1C=CC=CC1)C2(C#N)CCCC2
XS846601a,CC(NC(=O)NC=1C=CC(Cl)=CC1)C=2C=CC=NC2
XS839261b,CC1=CC(=O)OC(=C1)CNC(C(F)F)C2CCCCC2
XS842188b,CN1C(=O)OC=2C=C(NC(=O)C3CC43CC4)C(F)=CC21
XS839869b,COC=1C=CC=CC1CNC(C)CN2N=C(C)OC2=O
XS846594a,CC1=NN2CC(CCC2=N1)NC=3N=CN=C4C=CSC34
XS846597a,O=C(C=1C=CC=2NC=CC2C1)N3CCCC3C4CCCC4
XS846599a,CCCC(C)NC(=O)CC=1C(C)=NC2=CC=CC=C2C1C
XS582468b,O=C(CN1N=NC(=N1)C=2C=CC=CC2)NCC3CCCO3
XS841248b,CS(=O)(=O)NC1CCN(CC#CC=2C=CC(F)=CC2)C1
XS719579b,CC(SC=1C=CC=2OCCCOC2C1)C(=O)NC3CC3
XS842032b,CC1=NN=C(S1)C(C)N2CCS(=O)(=O)C(C)(C)C2
XS846612a,CC=1C=CC=CC1CNC(C2=NC=CN2C)C=3C=CC=CC3
XS846604a,CC1=NC(C)=C(O1)C(=O)N2CCC=3C=C(F)C=CC3C2C
XS573058b,CC=1C=C(Cl)C=CC1S(=O)(=O)NCC2CCCN2
XS846607a,CC(CO)C1CCN(CC1)C(=O)C=2C=CN=C3NC=CC23
XS846609a,CCN(CC1=CC=CS1)C(=O)NC2CCCCNC2=O
XS846610a,CCOC=1N=CC=CC1NC(=O)NC2CCCCNC2=O
XS846605a,CNC(=O)C=1C=CC(=CC1)S(=O)(=O)N2CCNC(C)C2
XS635003b,CC1=CC(CN(C)CC(O)COC=2C=CC(F)=CC2)=NO1
XS073085b,CC1=CN=C(NC(=O)C(C)OC=2C=CC(C#N)=CC2)S1
XS841656b,CC=1C=C(NC(=O)NC(C)C2=CSC(=N2)C3CC3)ON1
XS846606a,CCN(CC)C(CNC=1C=CC(C#N)=CN1)C=2C=CC=CC2
XS846608a,CC1=C(C=NN1C)C(C)NC(=O)CC2=CNC=3C=CC=CC23
XS846603a,CCC1=NC=C(S1)C(=O)N2CCCC(C2)N3C=CN=C3
XS838795b,CC1COCCN1C=2C=CC(C(=O)O)=C(N2)C(F)(F)F
XS516849b,CCC1=C(C=CN1C)C(=O)N2CCCC2(COC)C(N)=O
XS723563b,CC1=NC2=NC(N)=NN2C(C)=C1CC(=O)NC(C)C3CC3
XS841948b,O=C(CNC1(CC1)C2CCOC2)NC=3C=C(F)C=C(F)C3
XS838531b,O=C1SC(=NN1CCC2CCCCO2)C=3C=CN=CC3
XS840319b,CCOC(=O)C1CCCN2C(CC3=CC(C)=NN3)=NN=C12
XS747560b,CC1(CCN(C1)C(=O)C=2C=C3CCCN3N2)C=4C=CC=CC4
XS839900b,N#CC1=CCCC(C1)OC(=O)CN2CCCCCCC2=O
XS841894b,CC(C(=O)N1CC=2C=CC(O)=CC2C3(CC3)C1)N4C=CC=N4
XS846611a,O=C(C1CNC(=O)C1)N2CCN(CC2)C=3C=CC=CC3O
XS582355b,O=C(C(C=1C=CC=CC1)N2CCNC(=O)C2)N3CCOCC3
XS838541b,COCCN(C(=O)C#CC=1C=CC(=CC1)OC)C(C)COC
XS846616a,CC(SC=1N=CC=CN1)C(=O)NC=2C=CC(=CC2)C(N)=O
XS186555b,CCCNC(=O)NC(=O)CN1CCCC1CC=2C=CC=CC2
XS846615a,CCN1N=C(CCC1=O)C(=O)NC2CCC=3C=CC=CC3C2
XS846614a,CC1=CSC(=N1)C2CCCCN2C(=O)C=3C=CN=C(C)N3
XS836517b,CC(NC(=O)CN1N=CC(=O)C=2C=CC=CC21)C=3N=NNN3
XS837659b,CCC1(CC1)S(=O)(=O)NCC2CCOCC32CCCC3
XS594423b,CC=1C=CC(=CC1)CC(C)N(C)C(=O)C2=CC=C(O2)C(=O)O
XS846617a,CSC=1N=C(C=C(C(=O)OC(C)C(N)=O)C1C#N)C2CC2
XS543419b,CNC(=O)C1CC(=O)N(C1)C2CN(C2)C=3C=CC=C(C#N)N3
XS846622a,O=C(NCC1CCCCC1)C2CC(=NO2)C=3C=CC=C(F)C3
XS591197b,O=C(NC1CCCNC1=O)C=2C=CC=C(C2)NC(=O)C3CC3
XS846620a,FC=1C=CC=C(C1)C2=NOC(=N2)C3(CCNC3)C(F)(F)F
XS846619a,O=C(C1=CC=CO1)N2CCCC2C3=NC=4C=CC=CC4S3
XS601819b,CCN(CC1=CC=CS1)C(=O)C2=CNN=C2C3CCOC3
XS846618a,O=C(C1CCC=2NN=NC2C1)N3CCC4(CCCCC4)CC3
XS846624a,CCN(CC1=NC(=NO1)C=2C=CC(C)=C(F)C2)CC(C)C#N
XS837898b,O=C(NCCCN1C=NC=N1)C2CC(=NO2)C=3C=CC=CN3
XS839920b,COC=1C=CC=2OC(=CC2C1)CNC(C)CCN3C=NC=N3
XS837130b,CC(C)(C)OC(=O)CC(C#N)C=1C=CC(Cl)=CC1Cl
XS839262c,COC(=O)C1CC2(CCC2)CN1C=3N=CC=C4N=CC=NC34
XS837521b,COCC1(CCCO1)C(=O)NC2=CN=C3C=CC=CN3C2=O
XS846623a,COC=1C=CC=CC1CNC(C)C=2C=CC=C(C2)NC(C)=O
XS840651b,COCC1=NC(=CS1)C(=O)N2C=3C=CC=CC3OCC2C
XS846621a,CC1CN(CCO1)C2=NN3C=C(N=C3S2)C=4C=CC=CC4
XS846613a,NC(=O)C1CCCCN1CC2=NC(=NO2)C=3C=CC(F)=CC3
XS820576b,CC1=CC=C(O1)C2=NC(=CS2)C(=O)NC(C)C=3C=CN=CC3
XS846627a,CC1(CCCN(C1)C(=O)C=2C=C(ON2)C3CC3)C=4C=CC=CC4
XS846636a,CCCN1C(=O)C=2C=CC=CC2NC1C=3C=CC(O)=C(C3)OC
XS846628a,CN1C=CN=C1C(NC(=O)C=2C=CC(=O)NN2)C=3C=CC=CC3
XS846626a,CC=1C=C(C)C=C(C1)C(C)NC(=O)C=2C(=O)N(C)N=C(C)C2C
XS846633a,CC=1C=CC=C(N1)C(=O)N2CCCC2C(=O)NC=3C=CC=CC3
XS846631a,CC=1C=C2OC=C(CC(=O)NC(C)C=3C=CC=CN3)C2=CC1C
XS846635a,CN(C(=O)NC1CCCC1)C(C=2C=CC=CC2)C=3C=CC=CN3
XS794253b,O=C(C1CC=2C=CC=CC2C(=O)O1)N(CC3=CC=CO3)C4CC4
XS838524b,CN(CC=1C=CN=C(C1)C=2N=NNN2)C3CCC=4C=CC=CC43
XS836483b,COC(CCO)CNS(=O)(=O)C=1C=CC2=C(C=CN2C)C1
XS797857b,CC=1N=C2C=CC(=CC2=NC1C)C(=O)OC(C)C(=O)NC3CC3
XS840639b,CCOC=1N=CC(=CC1Cl)C(=O)NC(C)C2=NC=CS2
XS846625a,NC(=O)C1CCCCN1CC2=CSC(=N2)C=3C=CSC3
XS730137b,CNCC1CCN(C1)C(=O)C=2C(F)=CC=CC2Br
XS431524b,COC=1C=CC(=CC1)CC(=O)NC(CC(=O)O)C=2C=CC=CC2
XS846634a,CC1=C(OC=2C=CC(Cl)=CC12)C(=O)N3CCC(C3)C(N)=O
XS784132b,CNC(=O)C1CCCCN1C(=O)CC=2C=CC=C3C=CC=NC23
XS846629a,O=C(C=1C=CC(=CC1)C2=NC=NN2)N3CCOC(C3)C(F)F
XS711969b,CC=1C=CC=CC1CN(C)C(=O)C2CCCN2S(C)(=O)=O
XS730404b,CC=1C=CC=2OCCCC(NCC3=CN=C4CCCCN34)C2C1
XS846630a,CC1CCCCN1C(=O)COC=2C=CC(Cl)=CC2C(N)=O
XS839293b,COC(=O)C1=CC=C(CC2NC(=O)C3(CCCC3)NC2=O)O1
XS837953b,CN1C(=O)CCC(NC(=O)NCCC2=CCCCCC2)C1=O
XS635352b,CCCC=1C=C(NC2CCC3=NC(C)=NN3C2)N4N=CN=C4N1
XS846632a,CC(CNC(=O)C1=NNC(=O)C=2C=CC=CC12)C=3C=CC=CC3
XS846637a,CC(CNC(=O)C=1C=CC(=CC1)C=2C=CC=CC2)N3CCCC3
XS838562b,COC=1C=CC=2OC(CN3CC=4NC(=O)NC(=O)C4C3)CC2C1
XS837571b,CC1=NC(CN(C)C(C=2C=CC(Cl)=CC2)C(F)(F)F)=NO1
XS846645a,CCC=1C=CC(=CC1)C2=CSC(=N2)NC(=O)C(C)NC(C)=O
XS840585b,CS(=O)(=O)CCC(N)C(=O)N1CCC2(CCCCC2)CC1
XS839602b,CC=1N=C(N=C2SC(N)=NC12)N3CCCC4(CCC(=O)N4)C3
XS840626b,COC(=O)C(CNC(=O)NC=1C=NNC1)CC=2C=CC=C(C)C2
XS147247e,O=C(O)C=1SC(=CC1NC(=O)C2CCCO2)C=3C=CC=CC3
XS838112b,CC(CC(=O)NC1(CCOCC1)C=2N=CC=CN2)C3=CC=CO3
XS846646a,CCN1C(=O)C=2C=CC=CC2NC1C=3C=C4C=CC=CC4=NC3O
XS846647a,CC1=CC=C(CN(C)CC(=O)NC(C)C=2C=CC(C)=C(C)C2)O1
XS846640a,NCC1CCN(C1)C(=O)C=2C=CC(Br)=CC2Cl
XS846642a,CC=1C=C(F)C=CC1NC(=O)NCC(C2=CC=NN2C)C(C)C
XS846650a,O=C1OCCC1N2CCC(CC2)C3=NC=4C=C(Cl)C=CC4O3
XS846651a,CC=1C=C(C=CC1F)C2=NOC(CCC(=O)NC(C)C(N)=O)=N2
XS846649a,CCC(=O)N1CCCC(C1)C(=O)NC=2C=CC(F)=C(F)C2F
XS846643a,CC=1C=CC=CC1C(=O)OC(C)C(=O)NC2(C#N)CCCCC2
XS846639a,O=C(CN1CCCCC1CN2C=NC=N2)NCC3=CC=CS3
XS811886b,COC=1C=CC=C(C1)C(=O)OC(C)C(=O)NCC2CCCCC2
XS846638a,CC1=CSC(=N1)C2CCCCN2C(=O)COC=3C=CC=CC3
XS552854b,CC=1C=CC(C2=NOC(=N2)C(C)NC(=O)C=3C=COC3)=C(F)C1
XS839578b,CC(C1CC1)N(C(=O)C=2C=CC=C(C2)N=S(C)(C)=O)C3CC3
XS846652a,NC(=O)C1CN(CCO1)C(=O)NCC2(CCC2)C=3C=CC=CC3
XS846644a,CC1CCCN(CC2=CSC(=N2)NC(=O)C=3C=CC=CC3)C1
XS726755b,COC=1C=CC(=CC1F)CC(=O)N2CCCC(C2)N3C=CC=N3
XS838680b,O=S1(=O)CCCC(C1)NC=2C=CC(=NC2)OC=3C=CC=CC3
XS846648a,CCN(CC)C(CNC(=O)NC=1C=CC=CN1)C=2C=CSC2
XS846654a,COC(=O)C=1C=CC(=CC1)CN2CCCC2C=3C=CC(=CC3)OC
XS837837b,COC(=O)C(C=1C=CC=CC1)N(C)C=2C=CC=C(C2)C=3N=NNN3
XS839457b,COC(=O)C(NC=1C=CN(N1)C2COC2)C=3C=C(F)C=C(F)C3
XS841599b,CCNC(=O)CN(CC)S(=O)(=O)CC1CCCCC1(F)F
XS840223b,CCN(C(=O)C=1SC=C(C)C1Cl)C(C)CS(C)(=O)=O
XS842568b,O=C(O)C1(CC=CCC1)C(=O)N2CCC=3SC(Cl)=CC3C2
XS840580b,COC=1C=CC=CC1C(CNC=2N=CN=C(N)C2Cl)N(C)C
XS530479b,CC1=NNC(C)=C1C(C)CC(=O)N2CCC(CC2)C=3C=CC=CC3
XS749511b,CNC1CCCN(C1)C(=O)C=2C=CC(OC)=C(C2)C=3C=CC=CC3
XS822291b,O=C(NC=1C=CC=CC1)C2CCCN2C(=O)C=3C=C(ON3)C4CC4
XS720331b,COC=1C=C(C=CC1C)C(=O)N2CCCC(C2)NS(C)(=O)=O
XS839055b,CC(NC=1C=C2OCCCCN2N1)C3=NC=C(O3)C=4C=CC=CC4
XS838278b,O=C(C=1C=C2CCCCC2=NN1)N3CCCC3C=4N=CC=C(O)N4
XS846655a,CCC1=NC=CN1C2CCCN(C2)C(=O)C3=CN4C=CC=CC4=N3
XS846657a,COCCN1C=C(C=N1)NC(=O)NC(C)C=2C=C(F)C=CC2F
XS838114b,CC=1C=CC(=C(C)C1)S(=O)(=O)N2CCCC(C#CC(=O)O)C2
XS840801b,O=C(NNC1CCS(=O)(=O)C1)C2=CC=C(Br)O2
XS744971b,CNC1=NC(=CS1)C(=O)N2CCCC(C2)C(=O)NCC3CC3
XS474281b,CC=1NN=CC1C(=O)NC(C=2C=CC=C(Cl)C2)C=3C=CC=CN3
XS837785b,O=C(NC=1C=NC=C2C=CC=CC12)C3COC=4C(Cl)=CC=CC43
XS838081b,COC=1C=CC(=CC1C)S(=O)(=O)N2CC(C)CN3N=CN=C23
XS846653a,CCNC(=O)CNC(=O)CC(NC(C)=O)C=1C=CC(Cl)=CC1
XS846659a,CC=1C=CN(N1)C=2C=CC=C(C2)C(=O)NC3CCC4=NC=CN4C3
XS837812b,COC(=O)C(CC=1C=CC=CC1)OC(=O)C=2C=CN=C3NC=CC23
XS846658a,CC1=NC2=CC=NN2C(C)=C1CCC(=O)NC(C)C=3C=CC=CC3
XS846665a,COC=1C=CC(=CN1)NC(C)C(=O)NC=2C=CC=3OCCOC3C2
XS846663a,CC(C)C1=NC(=NN1)SCC(=O)N2C=3C=CC=CC3CCC2C
XS729611b,CCN1CCN(CC1C2=NC=CN2C)C(=O)C=3C(C)=NN(C)C3C
XS846668a,COC=1C=CC=CC1NC(=O)C(C)NC=2C=CC(=CC2)NC(C)=O
XS840329b,CCOC(=O)C1CN(CC21CC2)C=3C=C(N=C(C)N3)N4C=NC=N4
XS846666a,CCNC(=O)C1CCN(CC1)C(C)C2=NN=C(O2)C=3C=CC=CC3
XS578247b,CNC(=O)C1CCCN1CC2=NC(=NO2)C=3C=CC=4OCOC4C3
XS842381b,CN1N=CC=2C(=CC=NC21)NC3CCN(C3)C=4N=CC=CC4Cl
XS846662a,CC(CN1CCCC1=O)NC(=O)NC=2C=C(ON2)C=3C=CC=CC3
XS842742b,CC(C=1C=CC=C(O)C1)N(C)S(=O)(=O)C=2C=CC=3C=NNC3C2
XS846664a,COC=1C=CC(=CC1)NC(=O)CC2SC=3C=CC=CC3NC2=O
XS841171b,N#CC=1C=CC(=CC1C(F)(F)F)N2CCC=3C=CC=CC3C2CN
XS842437b,CC(C)(C=1N=NN(CC2CC(C)(C)OC2(C)C)N1)S(C)(=O)=O
XS846669a,CC1C=2NC=3C=CC=CC3C2CCN1C(=O)COC4CCCCC4
XS846660a,CCNC(=O)NC(=O)C(C)NC=1C=CC(C)=C(C1)OCC(F)F
XS837849b,CC(CS(C)(=O)=O)NS(=O)(=O)C=1C=CC=C(Cl)C1F
XS840007b,CC1=NOC(=N1)C2CCCCN2C(=O)C=3C=CC=4OC(=O)NC4N3
XS575705c,CC(C)C=1C=CC(=CC1)C(=O)N2CCC(C2)C=3C=C(O)N=C(N)N3
XS522633b,COC=1C=CC(=CC1OC)CC(=O)N2CCCC(C2)N3C=CN=C3
XS697642b,CC(=O)N1C=CC=2C=CC=CC2C1CC(=O)NC3=NC=C(C)S3
XS677433b,O=C(C1=CNN=C1C2CCOCC2)N3CCCC(C3)C4=NC=CN4
XS839117b,CC1=NOC(C)=C1C2=CN(N=N2)C3CCN(C=4C=NN(C)C4)C3=O
XS846670a,CCN(CC1COC=2C=CC=CC2O1)C(=O)CC=3C=CC=C(N)C3
XS494499b,CCC(CC)N1N=CC(C(=O)N2CC(CO)C=3C=CC=CC32)=C1C
XS846661a,CC1=NN(C)C(C)=C1C2CCCN2C(=O)C3=CC(CC(C)C)=NN3
XS846667a,CC=1N=CSC1C(=O)N2CCCC2C=3C=CC=4OCCOC4C3
XS846676a,O=C(NC(CO)CC1=CNC=2C=CC=CC12)C=3C=CN=C4N=NNC34
XS331532b,COC=1C=CC=C(CNC(=O)CN2CCCCC(O)C2=O)C1OC
XS692476b,CCC1=NOC(CN(C)C2CCN(C2=O)C=3C=CC=CC3Cl)=N1
XS846674a,CC(C(=O)NC(C)(C)C)S(=O)(=O)CC1=NOC(=N1)C(C)(C)C
XS551572b,CC(NC(=O)C(C)(C)C)C(=O)N1CCC(CC1)NC=2C=CC=NN2
XS846675a,CC(NC=1C=CC=C(C1)C(F)(F)F)C(=O)NC=2C=CC=CC2C#N
XS407767b,CC1=CC=C(S1)C2=CSC=3N=CN(CC4CCCO4)C(=O)C23
XS653258b,CC1=NNC(C)=C1S(=O)(=O)N2CC(OC=3C=CC=CC32)C(N)=O
XS846678a,CNC(=O)NC(=O)C(C)NC=1C=CC=C(C1)CN2CCCCC2=O
XS657796b,O=C(NC=1C=CC=C(Cl)C1)C2CCCN(C2)C(=O)N3CCCC3
XS836607b,COC=1C=CC(=CN1)NC(C(N)=O)C=2C=CC(Br)=CC2
XS841247b,CN(CC=1C=CC=CN1)C(=O)C(CS(C)(=O)=O)C=2C=CC=CC2
XS840022b,CCC(NC(=O)C=1C=C2CCCOC2=CN1)C(=O)N3CCOCC3
XS839861b,COC1CCCCN(CC(=O)N2N=C(N)C=3C=C(F)C=CC32)C1=O
XS839052b,CC(NC=1C=CC2=NSN=C2C1)C=3C=CC(=CC3)S(C)(=O)=O
XS846672a,CC=1C=C(NC(=O)C2CC=3C=CC=CC3O2)N(N1)C=4C=CC(C)=CC4
XS592221b,CC(C)CC(=O)NC=1C=CC(=CC1F)C(=O)NC2CCCN(C)C2
XS840019b,COCCN1N=C(C=CC1=O)C(=O)N2CCCC(C2)C(F)(F)F
XS846677a,CCOC=1C=CC=CC1C(=O)NC(C)C=2C=CC(=CC2)N3C=NC=N3
XS737071b,CC=1C=NN(C1)CC2CCCCN2C(=O)C3=CC(=CS3)C(N)=O
XS846671a,CC(C)C(C=1C=CC=NC1)N(C)C(=O)C=2C=C(NN2)C=3C=CC=CC3
XS827900b,CCC(=O)N1CCCC(C1)C(=O)NCCNC(=O)C=2C=CC=CC2
XS651564b,N#CC=1C=CC(=CC1)C(=O)NCC=2C=CC=CC2CN3CCC(O)C3
XS472341b,O=C(O)C1CC=2C=CC=CC2N1C(=O)C=3C=C(ON3)C=4C=CC=CC4
XS846673a,O=C(NCC1CCCC=2C=CC=CC21)C=3NN=CC3C=4C=CN=CC4
XS846685a,CN1C=CN=C1C(NC(=O)NCC=2C=CC=CC2)C=3C=CC(F)=CC3
XS703678b,CC(NC(=O)C=1C=CC=CC1Cl)C=2C=CC=C(C2)S(N)(=O)=O
XS846680a,O=C(NCC=1C=CC=NC1)N2CCCC2C=3C=CC=C4OCCOC34
XS560123b,CC1=C(OC=2C(C)=CC=CC12)C(=O)N3CCC(O)(CN4C=CN=N4)C3
XS846681a,CC1=CC(C)=NN1CC2CCCN2C(=O)C=3C=CC(=NC3)NC4CC4
XS842213b,COCC1CCCCN(C1)C(=O)C=2N=C3C=CC=CC3=NC2C4CC4
XS842134b,COC=1C=CC=C(C1)C2=C(C)NN=C2NC(=O)CC(C)N3C=CN=C3
XS839886b,CC=1N=C(N=C(C1C)N2CCN3C(=O)N(C)CC3C2)C=4C=CC=NC4
XS737993b,CC=1C=CC(F)=C2C1CCCN2CC(=O)NC3CCS(=O)(=O)C3
XS838643b,CC(C)C(O)(CNC=1C=CC=C(C1)N=S(C)(C)=O)C(F)(F)F
XS846688a,CC=1OC(C)=C(C1C(=O)NC(C)C=2C=CC=CC2F)S(N)(=O)=O
XS846679a,O=C(C=1C=CC(=CC1)N2CCCC2=O)N3CCCC(C3)C4=CC=NN4
XS846687a,CC(C)(C)C(NC(=O)NCC1=NN=C2C=CC=CN12)C=3C=CC=CC3
XS554043b,CC=1C=CC(=CC1)CC(=O)NC(C)C2=NC(=CS2)C=3C=CN=CC3
XS846686a,COC=1C=CC=C(C1)C(NC(=O)C=2C=CC=NC2O)C3=NC=CN3C
XS846683a,CN(C)S(=O)(=O)C=1C=CC(=CC1)C(=O)NC2CCC(=O)NC2=O
XS846689a,COCCN(C)CCCNC(=O)C1COC=2C=C(C=CC2C1)OC
XS169231c,COC=1C=CC(=CC1F)C(=O)N2CCCC2C3=NC=4C=CC=CC4N3
XS841358b,O=C1CCC(CN1)N2C=C(C=N2)NC3=NC=CN4N=C(C=C34)C5CC5
XS839601b,CC(CN1N=CC=2C=CC=CC21)NCC3=CC(=NN3C)C(F)(F)F
XS846684a,O=C(NC1CCC=2NN=CC2C1)N(CC=3C=CC=CC3)CC4CCC4
XS839783b,CC1=CC(CC(C)NC=2C=CC(=CC2S(C)(=O)=O)[N+]([O-])=O)=NN1
XS842621b,CC=1C=C(F)C=CC1N2CCCC(NC3=NC=CN4C=NN=C34)C2=O
XS838752b,CC(F)(F)CN1C=C(C#N)C(=N1)NC(=O)CCC2CC(C)(C)CO2
XS846682a,CC1CCCCN1C(=O)C=2C=CC(=CC2)C3=NOC(=N3)C(F)(F)F
XS744718b,CC=1C=CC=CC1C2CCN(C2)C(=O)C=3C=CC=C(C3)S(C)(=O)=O
XS836574b,CN1N=NC=C1C(=O)NC=2SC=3CC(CCC3C2C#N)C(C)(C)C
XS838678b,CCN1C=CC2=C1CCN(C(=O)CC3CCCC3)C2C4=CC(C)=NO4
XS846700a,CC(=O)NC1=NC(=CS1)C(=O)N2CCN(C)CC2C=3C=CC=CC3
XS846691a,CC1=NN(C)C=2N=CC(=CC12)S(=O)(=O)N3CCC3C=4C=CC=CC4
XS747921b,CCC=1C=CC=C2CCCN(CC(=O)N3CCCC(C3)NC(C)=O)C12
XS846699a,O=C(NCC(C1=CNC=2C=CC=CC12)C=3C=CC=CC3)C=4C=CC=CN4
XS846692a,CCC1=NC(CN2CCCC(C2)NCC3=NC=4C=CC=CC4O3)=NO1
XS846702a,CCN(C(=O)NC=1C=CC(=CC1)NC(C)=O)C(C)C=2C=CC(F)=CC2
XS846694a,CC=1C=C(C)C=2OCCCC(NCC3=NN=C4CCCCCN34)C2C1
XS837541b,ClC=1C=CC=2NN=C(C3=NOC(=N3)C4CCCC5=NC=NN54)C2C1
XS837115b,CC1=CSC(C)=C1S(=O)(=O)N2CC(CC32CCCC3)C(=O)O
XS846697a,NC(=O)C1(CCOC1)N2CCN(CC=3C=CC(F)=CC3Cl)CC2
XS713599b,CN1C=C(C=N1)CC2CCN(C2)C(=O)C=3C=CC(=NC3)OCC4CC4
XS702535b,CCCN1N=C(C(=O)NC2CCCCNC2=O)C=3C=CC=CC3C1=O
XS846701a,CC=1C=CC=C(OC(C)C(=O)NCC2=NN=C3CCCCCN23)C1C
XS846690a,CC=1C=CC=CC1C2CCN(C2)C(=O)CNC(=O)NCC3=CC=CO3
XS846695a,CC=1N=C(COC=2C=CC(C)=CC2)SC1C(=O)N3CCCC(C)C3
XS840486b,CC(OC=1C=CC(F)=CC1)C(=O)OCC=2C=C(ON2)C=3C=CC=CC3
XS846696a,CC1=NNN=C1C(=O)N(C)CC(C)OC=2C=CC(Cl)=C(Cl)C2
XS774367b,CC1=NOC(=N1)C2CCN(C2)C(=O)C=3C=NN(C3C)C4CCCCC4
XS838666b,CC1COC2=C(C=NN2C1)CNC=3C=NN(C3)C=4N=CC=CC4Cl
XS724790b,CC(C)C1=NC(=NO1)C2COCCN2C(=O)C3=CC=4N=CC=CC4O3
XS841380b,CCC=1N=CN=C(C1F)N2CCN(CC3CCCS3(=O)=O)CC2
XS846693a,COC1=CC(=CC(OC)=C1OC)CNC2CCN(C2)C=3C=CC=CC3
XS846698a,COC(=O)CC(NC(=O)COC=1C=CC(C#N)=CC1)C2=CC=CS2
XS846705a,CC(=O)N1CCN(CC1)C(=O)C(C)NC=2C=CC=3N=C(C)SC3C2
XS837872b,COC(=O)C1=CSC=C1NC(=O)N2CCCC(C2)N3C=C(C)C=N3
XS846709a,CC=1C=CC=CC1C2CCCN2CC(=O)N3CCC(=N3)C=4C=CC=CC4
XS840707b,CC(CN1C=CC=N1)(C(=O)O)N2C=C(C=N2)CC=3C=CC(F)=CC3F
XS815794b,CCOC=1C=CC(=CC1NC(=O)NC2CCC(=O)NC2)C(F)(F)F
XS841866b,CC1=NNC(C)=C1C(C)CC(=O)NCC=2C=C(Cl)C=3OCOC3C2
XS166521b,O=C(CCC1=NC=C(O1)C=2C=CC=CC2)NC3CCOC=4C=CC=CC43
XS846706a,O=C(NC=1C=CC=C(Cl)C1F)C2CC(=O)N(CC=3C=CC=CC3)C2
XS842747b,O=C(NC1CCOC2(CCCCC2)C1)N(CC3=CC=CS3)C4CC4
XS846704a,CC(C)N1CCC(C1=O)N2CCN(CC2)C=3N=CN=C4SC=CC34
XS751265b,CCC1=NN2CC(CCC2=N1)NC(=O)C=3C(F)=CC=C(OC)C3OC
XS557104b,O=C(NC(C=1C=CC=CC1)C(F)(F)F)C=2C=C(ON2)C=3C=CC=NC3
XS060386e,CN1C=NN=C1C2CCCN(C2)C=3N=CC(=CC3Cl)C(F)(F)F
XS846707a,CCC(C)N1N=CC(NC=2N=CN=C3NC(=NC23)C(F)F)=C1C4CC4
XS640542b,CC=1C=NC(=NC1C)N2CCN(CC2)C(C)C(=O)N3CCCCCC3
XS838000b,O=S1(=O)CCC(COC=2C(Cl)=CC(Cl)=C3C=CC=NC23)C1
XS746063b,CC=1C=CC=C(NC(=O)CN2CCN(CC2)C(=O)C3CCCO3)C1C
XS840657b,COC(=O)C1=C(C)N(CC2=CC=CS2)C(=O)NC1C3=CSC=N3
XS846708a,CC(=O)NCCNC(=O)NC=1C=CC(=CC1)C(=O)N2CCCCC2C
XS840581b,O=S(=O)(NC(C1=NC=CS1)C2CC2)C3=CC=4C=CC=CC4OC3
XS842075b,CCC(CO)NC=1C=CC(=CN1)S(=O)(=O)N(CC)C=2C=CC=CC2
XS565117b,O=C(NC1(CCOCC1)C=2C=CC(F)=CC2)C3CC(=O)N(C3)C4CC4
XS839564b,CC(CO)N1CCCN(CC1)C(=O)CN2C(=O)C=NC=3C=CC=CC32
XS763229b,O=C(O)C1CC=2C=CC=CC2CN1C(=O)C=3C=CN(N3)C=4C=CC=CC4
XS846703a,CC(NC(=O)CN1CCN(CC1)C=2C=CC=C(Cl)C2)C3=CC=CO3
XS680637b,O=C(C1=CN2C=CC=CC2=N1)N3CCCC3C4=NC=5C=CC=CC5S4
XS846715a,COC=1C=CC(=CC1NC(=O)NC(C)C=2C=C(C)C=CC2C)NC(C)=O
XS846718a,CC(NC(=O)C1CCCC1)C(=O)N(C)CC=2C=NN(C2)C=3C=CC=CC3
XS846710a,CC(NC(=O)C=1C=CC=CC1Cl)C(=O)OCC(=O)NC2CCCC2
XS445769b,CNC(=O)C=1C=CC(OC)=C(C1)NC(=O)N2CCCC2C=3C=CN=CC3
XS704052b,CC(=O)NC=1C=CC(=CC1)NC2CC(=O)N(CCC=3C=CC=CC3)C2=O
XS838978b,COC=1C=C(C=C2OCCOC12)C(=O)N3CC(C(F)F)C4(CCC4)C3
XS839823b,CCCN1C=CN=C1C(F)(F)C(=O)NCC(C)OC=2C=CC=CC2F
XS841953b,NCCC1CN(CC=2C=CC(=NN2)OCC(F)(F)F)C=3C=CC=CC31
XS846716a,CCOC(=O)NC1CCCN(C1)C(=O)CC=2C=CC(OC)=C(C2)OC
XS837604b,O=C(NC1=CNNC1=O)C2CN(C(=O)C3=CC=CO3)C=4C=CC=CC4O2
XS840033b,CC=1ON=C(C1C(=O)NC2COC=3C=C(F)C=C(F)C32)C=4C=CC=NC4
XS846717a,COC1=CC(CNC(C)C=2C=C(F)C=CC2OC)=C(C=C1OC)OC
XS840245b,CC1=NN(CC(F)F)C(C)=C1C(=O)NC2CC=3C=CC(Cl)=CC3C2
XS846712a,CN1C=C2C(CCCC2NC=3N=C(N=C4C=CC=CC34)C=5C=CC=NC5)=N1
XS846713a,COCC(C)NC=1C=NN(C(=O)C1Cl)C=2C=CC=CC2C(=O)OC
XS846711a,COC=1C=CC=CC1C(C)NC(=O)C=2C=C3C=NN(C3=NC2C)C(C)C
XS842646b,COC=1C=CC(Cl)=CC1N2CC(CC2=O)C3=NC=4C=CC=CC4N3C
XS846719a,CC(C1=NC(=NO1)C2CC2)S(=O)(=O)C=3C=CC(Br)=CC3
XS328332b,CN1N=C(CN2CCCCC(NC(=O)CC3CCC3)C2=O)N(C)C1=O
XS841355b,CCC=1N=COC1C(=O)N2CCN(CC32CCC3)C(=O)C(F)C(C)C
XS839061b,CC(COCC=1C=CC=CC1)CN2C=C(N=N2)C=3C=NN4CCCOC34
XS177719e,CC(OC(=O)C=1C=C2OCOC2=CC1[N+]([O-])=O)C(=O)NC3CCCC3
XS846714a,CSCC(C)(O)CNC(=O)C=1C=C(C=CN1)C=2C=NC=3NC=CC3C2
XS838505b,CCC=1C=CC(=NC1)OC2CCCN(C2)C=3N=NC(=CC3C#N)C4CC4
XS839281b,NS(=O)(=O)C=1C=CC=2NC(=NC2C1)N3CCCC4(CCCCO4)C3
XS840868b,CC=1C=CC=C(C1)N2N=C3CSCC3=C2NC(=O)C(C)N4C=NC=N4
XS395966b,CC(O)CSC1=NC2=C(C(=O)N(C)C(=O)N2C)N1CC=3C=CC=CC3
XS641748b,CCC1=CC=2C(=NC=NC2S1)N3CCN(CC3)C4CCS(=O)(=O)C4
XS846729a,N#CCCN(CCC#N)C(=O)CN1CCN2C=CC=C2C1C=3C=CC=CC3
XS846721a,COC=1C=CC=C(C1)C2(CNC(=O)N3CCCC3C=4C=CC=C(C)N4)CC2
XS846730a,CCCC(C(=O)N1CCN(CC(=O)NC(C)(C)C)CC1)C=2C=CC=CC2
XS846725a,COC=1C=CC=CC1C(CNC(=O)NC=2C=CC(F)=CC2)N3CCCC3
XS841435b,CC(NC(=O)C=1C=C(C(F)=CC1F)N2CCNC2=O)C=3C=CC(O)=NC3
XS565243b,CCC=1N=C2CCC(CN2N1)NS(=O)(=O)C=3C=CC(=CC3)OC(C)C
XS398637b,CCOC=1C=CC(=CC1OC)C(=O)NC(C2=NC=CN2C)C=3C=CC=CC3
XS839246b,N#CC=1C=NC=C(N1)NC2(CC=3C=CC=C(Br)C3)CCOC2
XS846727a,CC(C1CC1)N(CC=2C=CC=CC2)S(=O)(=O)C=3C=CC(=CC3)C(=O)O
XS836547b,CN1C=CN=C1C(=O)N2CC3(C2)CN(CCO3)C(=O)C4CCCC54CC5
XS846723a,CC(NS(=O)(=O)C=1C=CC=C(C1)C(F)(F)F)C(=O)N2CCCCC2
XS840035b,COC=1C=CC2=NC(=C(C)N=C2C1)N3CCC4(C3)C(=O)NC=5C=CC=CC54
XS555047b,CC1=C(C=CN1C)C(=O)NC(C)C=2C=CC(=CC2)N3CCCS3(=O)=O
XS846726a,CCN1CCN(CC1)C(=O)C(C)N(C)CC=2C=CC(Cl)=C(Cl)C2
XS708953b,CCC1CCCCN1C(=O)C2=CC=3C=C(Br)C=CC3OC2=O
XS408518b,O=C(C1=CC=CN2C(=O)NN=C12)N3CC4(CCCCC4)C3C=5C=CC=CC5
XS846728a,CCOC(=O)C=1C=NN2C(O)=CC(CN3CCCC3C=4C=CC=CC4)=NC12
XS842507b,CC1CN(CCN1C(=O)C=2C=C[N+]([O-])=CC2)C=3C=C(Cl)C=CC3Cl
XS846720a,O=C(CN1N=C(OC1=O)C2=CC=CS2)N3CCCC3C4=CC=CS4
XS842729b,C1=CC(=CS1)CN(CC2=NC=3CCCC3S2)C4CC54CCNCC5
XS846722a,COCCN1C(=NC=2C=CC=CC21)C3CC(=O)N(C3)C=4C=CC=C(C)C4C
XS846724a,CC1=NC=CN1C=2C=C(C=CN2)CNC(=O)C3CCCN3S(C)(=O)=O
XS838213b,COC=1C=CC=C2NC=C(CC(=O)OC3C(=O)NCC43CCOCC4)C12
XS838809b,COC=1C=CC=2CC(NC2N1)C(=O)NCCC=3C=CC=CC3C(F)(F)F
XS846736a,O=C(C1=CC=2CCCC2S1)N(CC=3C=CC=CC3)C4CCS(=O)(=O)C4
XS846741a,CC(NC(=O)NCC=1C=NN2CCN(C)CC12)C3=CC=4C=CC=CC4S3
XS463056b,CC(C)C(CNC(=O)NCC=1C=CC=CC1N2C=CN=C2)N3CCOCC3
XS846740a,O=C(CN1CCCC1C=2C=CC=3OCCOC3C2)NC=4C=CC=C(Cl)C4
XS838296b,CN1C=C2CCC(CC2=N1)C(=O)NC=3C=CN=C(C3)OC4CCN(C)CC4
XS846734a,CC=1N=C(SC1C(=O)N2CCCCC2C3=NC=4C=CC=CC4O3)N(C)C
XS841813b,CCN1OCC(C1=O)N2CCN(CC2)C(=O)C=3SC=4C=CC=CC4C3C
XS838269b,CC=1N=CC=C(NC(=O)NC2CCN(CC2)C(C)C=3C=CC=CC3)C1Cl
XS837506b,O=C(CN1N=NN=C1C=2C=CSC2)N3CCCC3C=4C=CC=C(Cl)C4
XS846735a,CC=1C=CC(=CC1F)C(=O)N2CCOCC2C3=NC(=NO3)C=4C=CC=CC4
XS837304b,CCCOCCOC=1C=CC=C(C1)C=2C=CC=C(C2)C3CC(=O)NC(=O)N3
XS837406b,O=C(N1CCN2N=NC=C2C1)C3(O)CCC=4C=C(Br)C=CC4C3
XS846737a,CCOC=1N=CC=CC1C(=O)N(CC=2C=CC=CC2)C3CCS(=O)(=O)C3
XS846732a,CN1CCC(CC1)C2CCN(C2)C(=O)COC=3C=CC(=CC3)C(F)(F)F
XS846739a,CC(C)N1N=CC=C1NC(=O)C(C)N2CCN(CC=3C=CC=CC3F)CC2
XS770866b,CC=1C=CC=C(C1C)N2CC(CC2=O)C(=O)NCC3=NN=C4CCCCN34
XS846742a,COC=1C=CC(O)=C(C1)C2NC(=O)CN2CC=3C=CC(=CC3)C=4C=CC=CC4
XS798578b,C#CCNC(=O)C(CC1=CNC=2C=CC=CC12)NC(=O)OCC=3C=CC=CC3
XS838038b,CC=1N=C(C)N(N1)C2CCCN(C2)S(=O)(=O)CC=3C=CC=C(Cl)C3
XS839134b,CC(C(=O)N1CCOCC1)C2=NC(=NO2)C=3C=NC(=CN3)OCC(F)F
XS839310b,O=S1(=O)CCN(CCC1C=2C=CC=CC2)C=3N=CC=NC3C(F)(F)F
XS846731a,CC(C)C1=NN=C2CCC(CN12)NC(=O)CC3=CNC=4C=C(Cl)C=CC34
XS838083b,COC(=O)C1CCC2=NN=C(C3=CC=C(COC=4C=CC=CC4)O3)N2CC1
EL002171c,CC(C)C=1C=C(CO)N=C(N1)N2CCC(CC2)C3C(=O)NC=4C=CC=CC43
XS846733a,CC=1C=C(N=CN1)N2CCCC(C2)NC(=O)C3=CC(=NN3)C4CCCCC4
XS846746a,COC=1C=CC(=CC1)C2CCCCCN2C(=O)C=3C=CC=C(C3)S(C)(=O)=O
XS846747a,CC=1C=CC=C(C1)NC(=O)C(C)OC(=O)C=2C=CC(=CC2)N3C(=O)CCC3=O
XS846750a,N#CC=1C=CC(=CC1)OCC(=O)N2CCCC(C2)C3=NC=4C=CC=CC4S3
XS836889b,C#CCN1CCCCC1C(=O)N(C)CCCC=2C=C(C=3C=CC=CC3)N(C)N2
XS590191b,CS(=O)(=O)CC=1C=CC=C(C1)C(=O)N2CCCC2C3=NC=4C=CC=CC4N3
XS842299b,O=C(NCC1NCCC=2C=CC=CC21)NC=3C=CN(N3)C=4C=CC=CC4Cl
XS840647b,CC(CS(=O)(=O)C=1C=CC(Br)=CC1)C(=O)NC=2C=NN(C)C2
XS839742b,CCN1C=C(C=N1)C2CS(=O)(=O)CCN2S(=O)(=O)C=3C=NC=C(F)C3
XS836630b,NC1CC=2C=CC(=CC2C1)C(=O)NCC=3C=CC=C(C3)COCC(F)(F)F
XS846752a,O=C(NC(C1=CC=CS1)C2CCCC2)C3CCN(CC3)C(=O)C=4C=COC4
XS839647b,CC(CNC(=O)NC=1C=CC=C(C1)OC=2C=NC=CN2)N(C)C=3C=CC=CC3
XS846745a,COC=1C=CC(=CC1)C2CCCCCN2C(=O)C=3C=CC(=CC3)CNC(N)=O
XS846744a,CSCC1=NC=2C=CC=CC2N1CC(=O)NC(C)C3=CC=4C=CC=CC4O3
XS846753a,COCC(NC1=NC=CN2N=CC(Br)=C12)C=3C=CC=C(Cl)C3
XS841899b,NS(=O)(=O)CC=1C=CC=C(C1)C(=O)N2CC3(CCCC3)C2C=4C=CC=CC4
XS389124b,CC(=O)N1CCC=2C=C(C=CC21)S(=O)(=O)NC(C)C=3C=CC(Cl)=CC3
XS846751a,O=C(NCCC=1C=CC=NC1)C2CC(=O)N(C2)C=3C=CC=CC3Br
XS057714d,CC=1N=C2C(C=NN2C(C)C)=CC1C(=O)N(C)CC3COC=4C=CC=CC4O3
XS846749a,CCCC(C)NC(=O)C=1C=C(C=CC1OC)S(=O)(=O)N2CCCCCC2
XS837091b,COC=1C=CC=CC1C2CCCN2S(=O)(=O)CC=3C=CC=C4C=CC=NC34
XS549851b,O=C(NCC1CCN(CC(F)(F)F)C1)C=2C=C(NN2)C=3C=CC=CC3Cl
XS846743a,CC(C(=O)NC=1C=CC=CC1F)N2CCC(CC2)C(=O)NCC=3C=CC=CC3
XS846748a,COC=1C=CC(OC)=C(C1)S(=O)(=O)N2CCN(C)CC2C=3C=CC=CC3
XS846754a,NC(=O)C1CCN(C1)C(=O)CCC2=C(NC=3C=CC(F)=CC23)C=4C=CC=CC4
XS674846b,O=C(NCC1CN(CC=2C=CC=CC2)CCO1)C3=CN=CN3C=4C=CC=CC4
XS842118b,CC1=C(N=NN1CC=2C=CC(F)=CC2)C(=O)N3CCCCC3C4=NC(=O)NN4
XS839917b,O=C(CCC1=CNN=N1)N2CCC(CNC(=O)C=3C=CC=C(F)C3F)C42CC4
XS842585b,COC(=O)C=1C=C(Cl)C=C(Cl)C1NC(=O)CN2CCSC(C)CC2
XS663521b,CC1=CC=CC(C)=C1NC(=O)CNC(=O)C2CC(=O)N(C2)C=3C=CC(Cl)=CC3
XS846756a,CC(C)OC(=O)CC(NC(=O)C=1C=CC(=CC1)N2CCCC2=O)C=3C=CC=CC3
XS846760a,CC1=NC(=CS1)C=2C=C(C(=O)OC(C)C(=O)C3=CNC=4C=CC=CC34)N(C)C2
XS717052b,O=C(CCC1=NC(=NO1)C=2N=CC=CN2)NC3CCCN(C3)C=4C=CC=CC4F
XS846761a,O=C(CC1=CNC=2C=CC=CC12)N3CCN(CC3)C(=O)C4CCC=5C=CC=NC54
XS838162b,O=C(NC=1C=CC(OCC=2C=CC=CN2)=C(F)C1)C3COCCN3C4CCCC4
XS837266b,COCCN1C(=O)C=2NN=C(C=3C(C)=CC(C)=CC3O)C2C1C=4C=CC=C(O)C4
XS846763a,CCN1C(=O)NC(=O)C=2C(=CC(=NC21)C3CC3)C(=O)NC(C)C=4C=CC=CC4C
XS774865c,CN1CCN(CC21CCOC2)C3=NN4C=C(N=C4S3)C=5C=CC(Cl)=CC5
XS742426b,O=S(=O)(NC1CCCN(C1)C=2C=CC=CC2F)C=3C=CC=C4OCCOC34
XS600953b,CC(C(=O)NC=1C=CC(=CC1)OC=2C=CC=CC2)N(C)CC(=O)N3CCOCC3
XS846762a,O=C(C=1C=CC=CC1F)N2CCN(CC(O)COCC=3C=CC=CC3F)CC2
XS836586b,COC(=O)C=1C=C(Cl)C(=CC1OC)NC(=O)N2CCC=3SC=CC3C2C
XS846764a,CC(C1=NC=2C=CC=CC2S1)N(C)CC(=O)NC=3C=CC=4OCCCOC4C3
XS846755a,COC=1C=CC(=C(C1)OC)C2CCCN2C(=O)CCNC(=O)C=3C=CSC3
XS846757a,COC=1C=CC=C(C1)C=2CC(C=3C=C(C=CC3OC)OC)N(N2)S(C)(=O)=O
XS390047b,COC=1C=CC(=CC1)C2=CC(=NN2C=3C=CC=CC3)C(=O)NCC4CCCOC4
XS842245b,CC(C)C(=O)N1N=C(CC1C=2C=CSC2)C=3C=CC=C(C3)NS(C)(=O)=O
XS846758a,CC(OC=1C=CC=C(C1)CO)C(=O)N2CCC(CC2)N3C(=O)NC=4C=CC=CC43
XS846759a,CC=1C=C(C)N2N=C(N=C2N1)C(=O)NCC(C3=CC=CS3)N4CCC(C)CC4
XS797745b,CCCNC(=O)C1CN(CC2=CC(=O)N3C(C)=CSC3=N2)C=4C=CC=CC4O1
XS837748b,O=C1C=CN(C(=O)N1)C2CCCN(C2)C3=NC=4C=CC(Cl)=CC4N5C=NC=C35
XS841505b,CN1C=C(C=N1)C2CS(=O)(=O)CCCN2C(=O)C3=CN=C(NC4CC4)S3
EL001965b,CCC1(CC1)C(=O)N2CCC(C)(CNC(=O)C=3N=CC=C(N3)N4C=CC(C)=N4)C2
XS839437b,CCCN(CC=1C=CC(C#N)=CC1)C(C(=O)NCC)C=2N=C3C=CC=CC3=NC2C
XS842119b,C#CCNS(=O)(=O)C=1C=CC(=CC1)C(=O)N(CC)C(COC)CC=2C=CC=CC2
MT028973b,COC=1C=CC(=CC1)CNC(=O)C(C)OC(=O)C=2C=C(C=CC2OC)S(N)(=O)=O
XS846777a,CC(SC1=NC2=C(C=NN2C=3C=CC=CC3)C(=O)N1)C(=O)N(C)CC=4C=CC=CC4
XS846765a,O=C(C1CCCCN1S(=O)(=O)C=2C=NN(C2)C=3C=CC=CC3)N4CCOCC4
XS846767a,COC=1C=CC=CC1N2CC(CC2=O)C3=NC=4C=CC=CC4N3CC(=O)NC(C)C
XS846768a,CC1=NC(=CS1)COC=2C=CC=C(C2)C(=O)NC(C)C=3C=CC(=CC3)N4C=CN=C4
XS846770a,CC1=C(C=NN1C=2C=CC(Cl)=CC2)NC(=O)N3CCC4(C3)C(=O)NC=5C=CC=CC54
XS145616c,COC=1C=CC(=CC1)N2C(=O)C(CCC(=O)NC(C)C3=CC=CO3)=NC=4C=CC=CC42
XS837703b,CC(NC(=O)NC=1C=CC=CC1COCC=2C=CC=CC2)C3=NN=C4N=CC=CN34
XS846775a,CC(C(=O)N1CCN(CC=2C=CC=CC2)CC1)N3CCN(CC3)C=4C=CC(F)=CC4
XS846776a,COC=1C=CC=CC1C(C)NCC(=O)NC=2C=CC=CC2C(=O)NC=3C=CC=CC3
XS846772a,CCCC(C)NC(=O)C1CCN(CC1)S(=O)(=O)C=2C=C(Cl)C=CC2Cl
XS846778a,COC=1C=CC(=CC1)OCCN2CCN(CC2)C(C(=O)NC3CC3)C=4C=CC=CC4
XS816021b,CNS(=O)(=O)C=1C=C(C=CC1C)NC(=O)CC2SC=3C=CC=CC3NC2=O
XS846773a,CCCCN1C(=O)NC(=O)C(=C1N)N(C)C(=O)C2CC(=O)N(C2)C=3C=CC(C)=CC3
XS846771a,CC1=NOC=2N=C(C=C(C(=O)OC(C)C(=O)NC=3C=CC(F)=CC3F)C12)C4CC4
XS846769a,COC=1C=CC(=CC1S(=O)(=O)N2CCCC2)C(=O)NC3CCC=4C=CC=CC43
XS846774a,CCCCC1=NOC(=N1)C(C)SC2=NC=3C=C(C=CC3N2CC)S(N)(=O)=O
XS756162b,CC(C)NC(=O)C=1C=NN2CCC(CNC(=O)CC3=CNC=4C=CC(F)=CC34)CC12
XS787392b,COC=1C=CC(=CC1NC(=O)C(C)OC=2C=CC=CC2)S(=O)(=O)N3CCOCC3
XS840831b,CCN1CC(CN(C)CCS(=O)(=O)C=2C=CC(Cl)=CC2)OC=3C=CC=CC31
XS836664b,COC1=CC(OC)=C(OC)C=2NC(=CC12)C(=O)N(C)C3CCCC=4N=C(C)SC43
XS837048b,CN1C=C(C=N1)C2CN(CC2(C)C)C(=O)N3CCC=4C(Br)=CC=CC4C3
XS846766a,O=C(C=1C=CC=CC1OC(F)F)N2CCCC2C(=O)N3CCN(C(=O)C3)C4CC4
XS846797a,COC(=O)C1=C(NC(=O)CN2CCCC2C(=O)NCC(F)(F)F)SC=3CCCCC13
XS846798a,CNC(=O)C=1C=CN2C(NCC=3C=CC=C(C3)OC)=C(N=C2C1)C4CCCN(C4)C(C)=O
XS846791a,CC=1C=CC(=CC1C)NC(C)C(=O)NC=2C=CC(C)=C(C2)S(=O)(=O)N3CCOCC3
XS846787a,O=C(C1CCCN1S(=O)(=O)C2=CC=CC3=NSN=C23)N4CCN(CC=5C=CC=6OCOC6C5)CC4
XS846796a,O=C(NCC1CC1)C2CCCN(C2)C(=O)C3=CN(N=C3C4=CC=CS4)C=5C=CC=CC5
XS846784a,CC1CCN(CC1)C(=O)C(CC=2C=CC=CC2)NS(=O)(=O)C=3C=CC=4OCCOC4C3
XS846785a,CC(NC(=O)C1CCN(CC1)S(=O)(=O)C=2C=CC=CC2)C=3C=CC(=CC3)N4C=CN=C4
XS840959b,O=C(CN(C(=O)C1CCCC2(CCC2)O1)C3CCC3)NCC=4C=CN=C(C4)OC5CCC5
XS846781a,CCC(C)NC(=O)CSC1=NC=2C=C(C=CC2N1CC)S(=O)(=O)N3CCOCC3
XS846793a,COCCN(CC(=O)NC1CCCC=2C=CC=CC21)CC3=NN=C(O3)C4=CC=CS4
XS846790a,O=C(C(C=1C=CC=CC1)S(=O)(=O)CC=2C=C(Cl)C=3OCCCOC3C2)N4CCCC4
XS842746b,CC(NC(=O)C=1NN=C2C=CC=CC12)C(=O)N3CCN4C(CC=5C=CC=CC5)=NN=C4C3
XS846786a,CN(C)S(=O)(=O)C=1C=CC(=CC1)NC(=O)C2CC(=O)N(C2)C=3C=CC=C4C=CC=CC34
XS846788a,CC(CCC=1C=CC=CC1)NC(=O)C2CCN(CC2)C3=NS(=O)(=O)C=4C=CC=CC34
XS846782a,CC(C)C(NC1=NS(=O)(=O)C=2C=CC=CC12)C(=O)N3CCN(CC3)C=4C=CC=CN4
XS846792a,COC=1C=CC(=CC1OC)C2CC(=NN2C(=O)CN3CCN(CC3)C(C)=O)C4=CC=CS4
XS846794a,CC1=NN(C(C)=C1NC(=O)CN2CCCC2C=3C=CC=4OCCOC4C3)C=5C=CC=CC5
XS846779a,COC=1C=C2N=C(N=C(N)C2=CC1OC)N3CCN(CC(=O)N4CCCCC4C)CC3
XS695936b,CC(NC(=O)CN1CCCN(CC1)C=2C=CC(=CN2)C(F)(F)F)C=3C=CC(F)=CC3
XS846789a,CC(C)C(NC(=O)OCC=1C=CC=CC1)C(=O)NC2CCN(CC=3C=CC=CC3)CC2
XS846795a,CC1=CC(=NN1C)C(=O)N2CCC(C#CC=3C=CC=C4C(=O)N(CC34)C5CCC(=O)NC5=O)CC2
XS842191b,O=C(NC=1C=C(Cl)C=CC1N2CCOCC2)N3CCCC(C3)C4=NN=CN4C5CC5
XS841921b,CCC(C)(C)N1N=NN=C1C(NCC=2C=CC=C3C=CC=CC23)C4=C5COCCC5=NN4C
XS840408b,O=C(CCN1N=NC=2C=CC=CC2C1=O)NCC(C=3C(F)=CC=CC3Cl)N4CCCC4
XS838625b,COC=1C(C)=NN(C1C)C2CCC=3C=CC=CC32
XS846811a,CC1=CN=C(NC(=O)C2CCC(=O)NC2)S1
XS846807a,CC(NC(=O)C=1C=NC=CN1)C=2C=CC=CC2
XS846806a,CC(NC(=O)CCC1=CC=CO1)C2=CC=CS2
XS846805a,CC(C)NC(=O)C1CCCCN1S(C)(=O)=O
XS842596b,COC(=O)C1CCC2=NC(N)=NN2C1
XS842020b,O=C1NC(=NC=2C=CC=C(F)C12)C3CCCS3
XS840211b,COC(C)CN1C(=O)N=C2C=CC=CC=C21
XS846812a,CCC(CO)NC1=NC=2C=CC=CC2S1
XS841885b,CCC(OC=1C=C(C)C(Cl)=C(C)C1)C(N)=O
XS846799a,NC(=O)C=1C=CC(=NC1)N2CCC(CCO)C2
XS846810a,N#CC=1C=CC=C(C1)NC(=O)N2CCCC(O)C2
XS838437b,CCC=1N=CN=CC1OCC2CCOC(C)(C)C2
XS846802a,CNC(=O)C1CC=2C=C(Cl)C=CC2O1
XS846804a,CC(NC(=O)C=1C=CC(=O)NN1)C=2C=CN=CC2
XS846800a,C1=NN=C(N1)C2CCCN(C2)C=3N=CC=CN3
XS846801a,CCC(NC(=O)N1CCC1)C2=NOC(C)=N2
XS841196b,CC(OC=1C=CC=CC1N)C(F)(F)F
XS846813a,C1=CSC(=C1)C2=NOC(=N2)C3COCCN3
XS842431b,C=CCNC(=O)NC(C)C=1C=CC=C(O)C1
XS836509b,CCC(CNCC=1C=CC=C2C=CNC12)C(=O)O
XS837321b,O=C1CCC(N1)C2=NN=C(N2)C3=CC=CS3
XS838965b,CNC(=O)C1(COC)CC1(F)F
XS846803a,CC=1C=CC(C)=C(C1)C(C)NC(=O)NC2CC2
XS846808a,CC(C(=O)NC=1C=CC=CC1)N2C=NC=N2
XS639014b,CCC1C=2C=CC=CC2CCN1C(=O)CC3(N)CCC3
XS789712b,CC(CCC=1C=CC=CC1)NC(=O)C=2C=NC=CN2
XS840541b,C#CCC(NC=1N=CC(Br)=CN1)C(N)=O
BD008890b,CC(NC=1N=CN=C2C1C=NN2C)C=3C=CC=CN3
XS846814a,O=C(NC=1C=CC=CC1)C2CCOC=3C=CC=CC32
XS841752b,CC(C)C(C)N(C)C(=O)C1CC2(C1)CC(C)(C)C2
XS838698b,OCC1CC2(CCCC2)CN1C=3C=CN=C(F)C3F
XS846818a,O=C(NCC=1C=CNN1)C2NCCOC=3C=CC=CC32
XS743361b,NC(=O)C1CCCN1CC=2C=CN(N2)C=3C=CC=CC3
XS840081b,CC(C)=CCNC(=O)C1CC21CCS(=O)(=O)CC2
XS846819a,CC(NC(=O)N(C)CC1=CC=CO1)C2=NN=CN2C
XS838544b,CC1(F)COCCN(C1)C=2C=C(C#N)N=C(C#N)C2
XS846823a,O=C(C=1C=CNN1)N2CCNC(=O)C2C=3C=CC=CC3
XS836875b,CC(CNC(=O)C1=NC(=O)NN1)CC2=CC=CS2
XS842125b,C#CC(NC(=O)C=1C=CN=CC1F)C2CCOCC2
XS837353b,CC(C(=O)O)N1C=C(N=N1)C2=CC=C(Cl)S2
XS846820a,CC1CCC=2C(=CSC2C1)C(=O)N3CCOCC3
XS336347b,CCC=1C=CC=C(C1)NC(=O)CN2CCC(CO)C2
XS533410b,CNC(=O)C1CCCN(C1)C=2C=CC=C(F)C2C#N
XS846821a,CCNC(=O)C1CC(=NO1)C2=CC=C(Cl)S2
XS846822a,NC=1C=CC=2C(=O)N(C(=O)C2C1)C3CCCNC3=O
XS846815a,CC1CN(CCCO1)C=2N=C(N)C3=CC=CC=C3N2
XS846816a,COC=1C=C(CNCCC(N)=O)C=2OC(C)CC2C1
XS507488b,O=C(NCCC=1C=CC=CC1)C2CCS(=O)(=O)C2
XS836594b,CC(N(C)C(=O)CN1C=NC(=N1)[N+]([O-])=O)C(C)(C)C
XS846817a,CC(NC(=O)C(C)(C)C)C=1C=CC(=CC1)N2C=CN=C2
XS731765b,O=C1NC=2C=CC=CC2CCC1N3CCC(O)CC3
XS846825a,CC(C)C(NC(=O)C=1C=NN(C)C1)C=2C=CC(F)=CC2
XS842200b,CN1N=CC=C1C2CCCN(C2)C3=CN=CC4=NN=CN34
XS846830a,CC(=O)NC(CC(=O)NC=1C=NNC1)C2=CC=CS2
XS585120b,CC1(CCN(C1)C(=O)C=2C=CC(Cl)=CC2F)C(=O)O
XS846831a,CC1=NC(C)=C(CC(=O)NC(C)CCC(C)C)C(=O)N1
XS678216b,C1=CN(CC2CCCN2CC3=NOC(=N3)C4CC4)N=C1
XS846828a,CC(OC=1C=CC=CC1C#N)C(=O)NC=2C=CC=CC2F
XS501481b,CC1=C(OC=2C=CC(F)=CC12)C(C)NC(=O)NCCO
XS841087b,O=C(NC1C=CS(=O)(=O)C1)C2=CN3CCCCC3=N2
XS839396b,CC(C1=CC=CS1)C2=NOC(CN3C=CC(N)=N3)=N2
XS846829a,CCCC(C)NC(=O)C=1C=2CCCC2N=C3C=CC=CC13
XS846832a,CCN1C=C(C=N1)NC(=O)NCC2CC=3C=CC=CC3O2
XS846834a,O=C(NCC=1C=CC(=NC1)N2C=NC=N2)C3CCCO3
XS842359b,CC(NC=1C=CC=C(C1)C2=NN=CN2)C=3C=CC(F)=CC3
XS846835a,O=C(C=1C=CN=CC1)N2CCCC2CC=3C=CC(F)=CC3
XS839927b,CN(CC=1C=CC(F)=C(F)C1)C(=O)NCC2COCO2
XS839746b,CC(C)S(C)(=O)=NC(=O)C1=CC(=NN1C)C(F)F
XS846826a,O=C(NC1CCSC=2C=CC(F)=CC21)C=3C=COC3
XS839689b,O=C(NN1CCCC1=O)C2SCCC=3C=CC=CC32
XS838571b,CCC1=CC(=CC(=O)N1)C(=O)N2CCCCC2C(N)=O
XS840068b,COC(C)CS(=O)(=O)NC1=NC(=NN1C)C2CC2
XS837342b,COC(CN(C)C1=NC=C(Cl)C(=O)N1)C2CCCC2
XS846824a,COC=1C=CC=C2CC(COC12)NC(=O)N3CCCC3
XS838826b,O=C1CCN(CC=2C=NC3=CC=CC=C3C2)C4CCCN14
XS846827a,CC(C)C1=NN=C2C(C)N(CCN12)C(=O)C=3C=CC=NC3
XS846833a,CCCC(C)NC(=O)NC=1C=CC=C(C1)C2=NN=CO2
XS846849a,COC=1C=CC(F)=CC1C(C)NC(=O)NCCCC(N)=O
XS773668b,NC(=O)C1(O)CCCN(C1)C(=O)CCC=2C=CC(F)=CC2
XS846846a,CC(C)CC(C)N(C)C(=O)NC=1C=CC(F)=C(C1)C(N)=O
XS846840a,CC1CNCCN1S(=O)(=O)C=2C=CC=C3N=CC=CC23
XS151204d,O=C(NC1CCOC=2C=CC=CC21)C=3C=CC=4NC=NC4C3
XS846836a,CN1N=C(CCC1=O)C(=O)N2CCCC(C2)N3C=CC=N3
XS846844a,O=C(CN1N=NC=2C=CC=CC21)NC3CCCCNC3=O
XS846848a,CC(NC=1C=CC=2OCC(=O)NC2C1)C(=O)N3CCCC3
XS846850a,CC(=O)N1N=C(CC1C=2C=CC(F)=CC2)C3=CC=CS3
XS846841a,CCNC=1N=C(N=C2C=CC=CC12)SC(C)C(=O)NC
XS846839a,CC1=NC(=NO1)C2CCCN2C(=O)CCC3=CSC=N3
XS846851a,CC1CCCN(C1)C(=O)CCNC(=O)C=2C=CC(F)=CC2
XS569359b,CC=1C=C(C(=O)N2CCCC(C)(CO)C2)C3=NNC=C3C1
XS841086b,CN1CC(CC1=O)N(CCS(=O)(=O)F)CC2(F)CC2
XS203473c,CC=1C=CC(=C(C1)OCC(O)CN2CCOCC2)C(C)C
XS846842a,CC=1C=CC(SCC(=O)NC(C)(C#N)C2CC2)=C(C)C1
XS846838a,O=C(NCC1CCN(C1)C=2C=CC(F)=CC2)NC3CCC3
XS846845a,O=C(NC1=NC=2CCCCCC2S1)N3CCCC(O)C3
XS717115b,NC(=O)C(C=1C=CC=CC1)N2CCN(CC2)C=3C=CC=CN3
XS846837a,CCC(C)N(C)CCNC(=O)C=1C=CC(OC)=C(C1)OC
XS842141b,C=CC(C)(O)CC(=O)N1CCN(CC1)C=2C=CC(O)=CC2
XS846843a,CSC=1N=CC=CC1C(=O)NC(C)C=2C=CC(F)=CC2
XS574179b,CCN1C=C(C=N1)C(=O)N2CCCCC2C3=NNC(C)=N3
XS846847a,CCOCCCC(=O)NC1CCSC=2C=CC(F)=CC21
XS837794b,CC(O)(C(=O)NC1(CC(N)=O)CCCCC1)C(F)(F)F
XS840072b,CC(C1=CC=C(O1)C(=O)O)N2CC=C(CC2)C(F)(F)F
XS841931b,CC1CN(CC2=NN=C(S2)C3CCC3)S(=O)(=O)C1
XS846858a,O=C(NC=1C=NC2=CC=CC=C2C1)NC3CCCCNC3=O
XS836890b,C1=CN(C=N1)C=2C=CN=C(N2)NC(C3CC3)C4CCOCC4
XS846863a,COC=1C=CC(OC)=C(C1)C(C)NC(=O)C=2C=NC(C)=CN2
XS811517b,COC=1C=CC=CC1CN(C(=O)C2CCC(=O)NC2)C3CC3
XS846852a,CCC1=CC=C(O1)C(=O)N2CCCC2C=3C(C)=NN(C)C3C
XS846854a,O=C(COC(=O)C1=NNC=2C=CC=CC12)NCC3CCCO3
XS846856a,CCC1=NOC(CS(=O)(=O)C(C)C=2C=CC(F)=CC2)=N1
XS585969b,CC1=NON=C1CNC(=O)N2CCCC2C=3C=CC=C(F)C3
XS846855a,CN1CCC(C(=O)NC2=C3CCCC3=CC=4CCCC24)C1=O
XS846857a,CC1CCC=2C=CC=CC2N1S(=O)(=O)C=3C=CC=C(F)C3
XS434281b,COC=1C=CC(=CC1)OCC(O)CN2CCN3C=CN=C3C2
XS790640b,CNC(=O)NC(=O)C(C)N1CCC(CC=2C=CC=CC2)CC1
XS390405b,CC=1C=CC=C(C1C)N2CC(CC2=O)C(=O)NC3=NN=CN3
XS846859a,CN(CC=1C=CC(O)=CC1)C(=O)C2COC=3C=CC=CC3O2
XS846862a,CC=1C=CC(C)=C(C1)OCCC(=O)N2CCCC(C2)C(=O)O
XS840443b,C#CCC(NS(=O)(=O)C1=CC=2C=CC=CC2CC1)C(N)=O
XS628343b,CC=1C=CC(=CC1C)OCCCC(=O)NC2CCC(=O)NC2
XS846860a,CC1=NOC(=N1)C2CCN(CC2)C(C(N)=O)C=3C=CC=CC3
XS846864a,CC1C=2C=CSC2CCN1C(=O)C=3C=CC(=CN3)C(N)=O
XS841695b,CC(C(=O)N1CCC21COC2)C=3C(Cl)=CC=CC3Cl
XS837959b,O=C(CNC(CO)C(F)(F)F)NC=1C=CC=2CCCC2C1
XS841106b,O=C(CN1C=C(N=N1)C2CC2)N3CCC(C3)S(=O)(=O)F
XS841487b,O=C(NCC1CCC=2C=NNC2C1)C3=CC=4NC=CC4S3
XS846861a,O=C(O)CCC1CCCN(C1)C(=O)C2=CC=3C=CC=CC3O2
XS846865a,CC=1C=CC=2C(=COC2C1C)CC(=O)NC3CCCNC3=O
XS846853a,CCNC(=O)COC=1N=CN=C2SC=3CC(C)CCC3C12
XS846876a,CC(NC(=O)C=1C=C(C2CC2)N(N1)C(C)(C)C)C=3C=CC=CC3
XS846869a,COCCOC=1C=C(C=CN1)C(=O)N2CC(C)C=3C=CC=CC32
XS846881a,COC=1C=CC(C)=CC1CC(=O)NC2CCC3=NC(C)=CN3C2
XS842556b,CC=1C=C(C=CC1N2C=NC=N2)C3NC(=O)C=4C=CN=CC4N3
XS846868a,CC=1C=CC=C(C1)C(=O)N2CCCC(C2)N3C=C(C=N3)C(=O)O
XS846870a,CC1=NC(CC(=O)N2CCNC(=O)C2CC(C)C)=C(C)S1
XS836809b,CNS(=O)(=O)C1CCN(CC2=NC=3C=CC(F)=CC3O2)C1
XS838087b,O=C(NC1CCN(CC2=CCCCC2)CC1)C3CCCS3
XS474046b,COCCN1CCC(CNC(=O)NC=2C=C(C)C=CC2F)C1
XS846875a,CC(CCC=1C=CC=CC1)NC(=O)C=2C=CC(=CC2)NC(N)=O
XS846878a,CC(C)N1CC(CC1=O)C(=O)NC=2C=CC(Cl)=C(Cl)C2
XS846880a,CC1=C(OC=2C(Cl)=CC=CC12)C(=O)NC3CCCNC3=O
XS846877a,CC=1C=C2N=CN(CC(O)COCC=3C=CC=CC3)C2=CC1C
XS414574b,CN1C=CN=C1C(NC(=O)C=2C=NC=CN2)C=3C=CC=CC3F
XS846866a,CC(=O)N1C=CC=2C=CC=CC2C1CC(=O)NC=3C=CC=NC3
XS683076b,O=C(C=1C=CC=CC1F)N2CCCC2C3=NC=4C=CC=CC4N3
XS846873a,C=C1C=2C=CC=CC2C(=O)N1C(C)C(=O)NC=3C=CC=CC3O
XS764065b,CCN(CCC=1C=CC=CC1)C(=O)NC2CCS(=O)(=O)C2
XS846879a,NC(=O)C1CCN(C1)C(=O)CC=2C=CC(=CC2)C=3C=CC=CC3
XS846872a,CC=1C=CC(=CC1C)C2=CN=C(CCC(=O)NC(C)C3CC3)O2
XS839005b,COC=1C=CC=C2CN(CCOC12)C(=O)C(F)C(F)(F)F
XS846874a,COC=1C=CC(Cl)=CC1N2CC(CC2=O)C(=O)NC(C)C
XS840579b,CC(NC(=O)C(=O)NC=1C=C(F)C=C(Cl)C1)C=2N=CNN2
XS832537b,COC=1C=CC=2CN(CCOC2C1)C(C(=O)O)C=3C=CC=CC3
XS838160b,FC(F)N1C=CN=C1CN2CCCC(C2)NC=3C=CC=CC3
XS846871a,CC(NC(=O)C1=NOC=2CCCCC12)C3(CC3)S(C)(=O)=O
XS846867a,CC1=NOC(C)=C1C(C)CC(=O)N(C)CCN2CCCC2=O
XS846891a,CCC(NCCC(=O)NC=1C=C(C)ON1)C=2C=CC(=CC2)OC
XS846883a,COC=1C=CC(OC)=C(C1)C(C)NC(=O)CC=2C=CC=C(N)C2
XS846887a,CC=1C=CC(=CC1)C=2C=C(CN3CCCC(O)(C3)C(N)=O)ON2
XS483599b,CC1=NN2CC(CCC2=N1)NC3=C(C#N)C(=O)N(C)C(=O)N3C
XS839686b,CC=1C=CC(=CC1)C2CC(=NN2S(C)(=O)=O)C3CCCCC3
XS733248b,CC1=CN2CC(CCC2=N1)NC(=O)CC3=CSC(=N3)C(C)C
XS617124b,CC(C1=NC(=NO1)C=2C=CC(Cl)=CC2)S(=O)(=O)CCO
XS846892a,COC(=O)CC(NC(=O)C=1C=NC=CN1)C=2C=CC(Cl)=CC2
XS846890a,CCC1=NOC(=N1)C(C)N(C)CC(=O)NC=2C=CC=C(C)C2C
XS782979b,CC(NC(=O)N1CCOCC1)C2=NC(=CS2)C=3C=CC=CC3
XS466496b,O=S1(=O)CCC2(C1)CCCN(C2)C=3C=CN=C4C=CC=CC34
XS606969b,CCC(COC=1C=CC=CC1)NC(=O)C2=CC(=CS2)C(N)=O
XS579521b,CC=1C=CC=CC1C(C)(C)CNC(=O)C2CCCN(C2)C(N)=O
XS678189b,O=C(O)CC1CCCN(C1)C(=O)C=2C=C(ON2)C=3C=CC=CC3
XS846889a,CC=1NC(=O)NC(=O)C1CCC(=O)NC(C)C=2C=CC=CC2F
XS846882a,COC=1C=CC=C(C1)CN2CCCC(CN3N=C(C)N=C3C)C2
XS840848b,COC=1C=C(C(F)=CC1[N+]([O-])=O)N2CCCC(C2)N3C=CC=N3
XS599999b,CC1=NOC(=N1)C(C)N2CCN(CC3=NN=NN3C4CC4)CC2
XS846886a,CC1=NC2=C(CCCC2CN(C)C(=O)C=3C=NN(C)C3N)S1
XS667747b,O=C(CCOC=1C=CC=CC1F)N2CCCC(C2)N3C=CC=N3
XS846885a,CC1(C)C(=O)NC=2C=CC(=CC21)C(=O)NC3CCC(=O)NC3=O
XS427692b,CC(C)(C)OC=1C=CC=CC1NC(=O)N2CCCC(C2)C(N)=O
XS846888a,O=C(COC=1C=CC=C(Cl)C1)NC(C=2C=CC=CC2)C3CC3
XS841342b,CC1=NN=C2N1CCC2(C)C(=O)NC3=NN=C(S3)C4CCC4
XS837026b,CC(NC(=O)C=1C(N)=NC=CC1C(F)(F)F)C2=NOC(O)=N2
XS841206b,O=C(NC=1C=CC=2C=NNC2N1)C3CCOC4(CCOCC4)C3
XS846884a,CN(C(=O)C=1C=CC(=CC1)N2C=NC=N2)C3CCS(=O)(=O)C3
XS838547b,COC1=NN=C(S1)C2=NOC(=N2)C3CCOCC43CCCC4
XS841770b,CC(C=1C=CC=2CCCC2C1)S(=O)(=O)CCN3CCCC3=O
XS716886b,NC(=O)C=1C=CC(=NC1)N2CCCC2C=3C=CC=4OCCOC4C3
XS846898a,O=C(NC1CCN(CC=2C=CC=CC2)C1)C=3C=CC=4NN=NC4C3
XS846901a,CC=1C=C(NC(=O)C=2CC(C(N)=O)N(N2)C=3C=CC=CC3)N(C)N1
XS846895a,O=S(=O)(NCCCN1C=NC=N1)N2CCCC2C3=CC=CO3
XS840975b,C#CC(CC=1C=CC(F)=CC1F)N(C)C(=O)CN2NN=NC2=O
XS846897a,CC1=NN=C(C=2C=CC=C(C#N)C2)N1C3CCCN(C3=O)C(C)C
XS846905a,CC1=CC(C)=NN1CC=2C=CC=C(C2)C(=O)N3CCCC3C(C)C
XS846894a,CC1=NN(C)C(C)=C1S(=O)(=O)NC2CCC=3C=CC(F)=CC32
XS842126b,CC(NC(=O)C1=NOC2=C1CCC=3C=CC=CC23)C4=CN(C)N=N4
XS842368b,OCC1CC2(CO1)CCN(CC2)C=3C=NC(=CN3)C=4C=CC=CC4
XS840102b,CC1(CO)CCN1S(=O)(=O)C=2C=CC(=CC2)OC(F)(F)F
XS839023b,CC(CC1(O)CCC1)NC(=O)C=2SC=3N=CC=CC3C2Cl
XS846903a,CCC=1N=NSC1C(=O)NCC(C2=CC=CO2)N(CC)CC
XS846902a,COC(=O)C=1C=CC=C(C1)NC(=O)C2CC(=NO2)C=3C=CC=CC3
XS515178b,CC(C)C1=NC(=NO1)C2CCCN(C2)C(=O)C=3C=CC(C#N)=CN3
XS846904a,COC=1C=CC(=CC1)CN(C)C(C(=O)NC2CC2)C=3C=CC=CC3
XS400784b,C1=CN(CC2CN(CC3=COC(=N3)C=4C=CC=CC4)CCO2)N=C1
XS664191b,O=C(NC(C=1C=CC(Cl)=CC1)C2CC2)C3=NC=CN4C=CN=C34
XS846893a,CN1C(=O)C=2C=CC=CC2NC1C3=CC=C(Br)S3
XS846896a,O=C(NC=1C=C(C=CC1O)C(F)(F)F)C2CCS(=O)(=O)C2
XS846899a,CCC(CC(=O)NCC=1C=CC=2OC(=O)NC2C1)C=3C=CC=CC3
XS842701b,O=C(NC1CCNC1)C=2C=NC(=CN2)C=3C=CC(=CC3)C4CCC4
XS839231b,CC(O)(CN1OC=2C=C(Br)C=CC2C1=O)C(F)F
XS846900a,CC1(CCS(=O)(=O)C1)NC(=O)CN(CC2=CC=CO2)C3CC3
XS846911a,CC(OC(=O)C=1C=C(Br)C=CC1F)C(=O)NC2CC2
XS837425b,CCC1CCC=2SC(=CC2C1)C(=O)N3CCN4C(C)=NN=C4C3
XS746324b,CC1=NOC(C)=C1CN(C)C(=O)NC2CCCCC=3C=CC=CC32
XS846910a,COC1=CN(N=C1C(=O)OC2CCCCNC2=O)C=3C=CC=CC3
XS838570b,CC(C)(C)NC(=O)CN1C(=O)C2CCCN2C(=O)C=3C=CC=CC31
XS846906a,O=C(NCC=1C=CC=CC1)NCC(C2=CC=CS2)N3CCCC3
XS846907a,CCN1C=C(C=N1)C(=O)NC2CCCN(CC=3C=CC=CC3)C2=O
XS834466b,NC(=O)COC=1C=CC=C(C1)C(=O)N2CCCC2CN3C=CC=N3
XS664415b,O=C1C=2C=CC=CC2C=NN1CC(O)COCC=3C=CC=CC3F
XS329697c,O=C(O)C1(CCN(C1)C(=O)C=2C=CC=C3CCCC23)C(F)(F)F
XS476924b,COC=1C=CC=CC1CNC(=O)CN2CCC(C2)C3=NNC(C)=N3
XS838267b,COCCC1CCCN(C1)C2=CC=CC(=O)N2CC=3C=CC=CC3
XS839176b,CC1=CON=C1NC(=O)N2CCC(C2)N3N=NN=C3C(F)(F)F
XS846909a,COCC=1C=CC(=CC1)CNC2CCCN(C2)C3=NC=CNC3=O
XS542307b,CC(OC=1C=CC=CC1)C(=O)NC=2C=CC(=CN2)N3CCOCC3
XS399580b,COC=1C=CC(=CC1)OCC(O)CN2C(C)=CC(=O)N3N=CN=C23
XS846913a,CC(C=1C=CC=CC1F)N2CCC(CC2)C(=O)NC=3N=CC=CN3
XS842453b,CC=1C=C(N(C)N1)N2CCC(C2=O)N3N=C(OC3=O)C4=CC=CO4
XS671292b,CC1=CC(C)=NN1CC2CCCN2C(=O)CCCN3C=CN=C3C
XS846912a,COC=1C=CC=CC1N2C(=O)C=3C=CC=CC3NC2C=4C=CC=NC4
XS846914a,COC=1C=C(C=C2OCCOC12)C(=O)NC(C)C=3C=CC=CC3C
XS846908a,CC1OC=2C=CC=CC2N(CCC(=O)NCC3=CC=CS3)C1=O
XS427977b,COC=1C=CC(=CC1)NC(=O)N2CCC(C2)C=3C=CC(=CC3)OC
XS836560b,CC=1C(=CC=CC1NC(=O)C2CC=CCC2)CN3CCSCC3
XS598812b,CCNC(=O)C1(CCCC1)NC(=O)CC(C)C=2C=CC(=CC2)CC
XS846919a,CCCC(C)NC(=O)C1=CN(N=C1C=2C=CC=NC2)C=3C=CC=CC3
XS692117b,CC(NC(=O)C=1C=CC(=CC1)OCC2=NC=CN2C)C=3C=CN=CC3
XS838636b,COC1=CC=CN2C(=O)C=C(N=C12)NC(C)C=3SC=CC3Cl
XS796415b,CC=1C=C(C(=O)N(C)C2CCS(=O)(=O)C2)C3=CC=C(F)C=C3N1
XS846918a,CC(=O)NCC1CCN2N=CC(C(=O)N3CCOCC43CC4)=C2C1
XS839339b,CC(C)C(NC(=O)NC=1C=CC=2OCCOC2N1)C=3C=NN(C)C3
XS846917a,COC=1C=CC=CC1C(C#N)NC(=O)C2=CNC(=O)C=3C=CC=CC23
XS846920a,CC(NC=1C=CC(=CC1)OC=2C=CC=CC2C#N)C(=O)N3CCCC3
XS610006b,NC(=O)C1CCCN1C2CCN(CC2)C(=O)C=3C=CC(Cl)=CC3
XS738728b,CNC(=O)C=1C=CC=C(C1)NC(=O)C2SCCC=3SC=CC32
XS790571b,CN1C=NN=C1C2CCCN(C2)C(=O)COC=3C=CC(Cl)=CC3
XS846915a,CC=1C=CC=CC1C2CCN(C2)C(=O)C=3C=CC(=NC3)N4C=CN=C4
XS846922a,O=C(NCC1(CCCCC1)C=2C=CC(Cl)=CC2)C3CCC(=O)N3
XS846921a,CC1=NC=2CC(CCC2N1)C(=O)N3CCC=4C(C#N)=C(N)N=CC4C3
XS693749b,CC(C)C(C)NC(=O)CN1C(=O)C(=CC=C1C(F)(F)F)C(N)=O
XS007528d,CC1=CC=C(O1)C(CNC(=O)NC2CCCCC2)N3CCOCC3
XS535035b,COCC1=NNC(=N1)C2CCCCN2C(=O)C=3C=CC(Cl)=CN3
XS782224b,CC(C)(C)C=1C=C(NC(=O)CN2CCCC2CN3C=CC=N3)ON1
XS608427b,CC(=O)NC(CC(=O)N(CC(F)(F)F)C1CC1)C2=CC=CS2
XS846916a,CCCC=1C=CC(=CC1)S(=O)(=O)N2CC(C)OC=3N=CC=CC32
XS837184b,COC=1C=CC(=CC1)CC(C)(N)CNC=2C=CC(F)=CC2[N+]([O-])=O
XS839006b,COC(=O)C1(CCN(C1)C=2C=CN=C(C2)C(F)F)C=3C=CC=CC3
XS839170b,CC(NC(=O)C1=CN=C2C=CC(Cl)=CN2C1=O)C3=CC(=O)NN3
XS669912b,CC(C)N1C=CN=C1CN2CCCN(CC2)C(=O)C3CCC(=O)N3
XS838218b,CN1N=NC=C1CC(=O)NC2CN(CC2(C)C)C=3C=C(F)N=CN3
XS838790b,N#CC1(CCOC1)OCCN2C=C(N=N2)C=3C=NC4=CC=CC=C4N3
XS839077b,NC1CCN(CC=2C=NC(=CN2)C=3C(Cl)=CC=C4C=CC=CC34)C1
XS842003b,CS(=O)(=O)NC=1C=CC(F)=CC1C(=O)NC2CC32CCCCC3
XS846930a,O=C(NCC1CC2(CCNCC2)C(=O)O1)NC=3C=C(F)C=C(F)C3
XS846924a,CCC(=O)NC(C(=O)N(C)CC=1C=CC=C(C1)OC)C=2C=CC=CC2
XS491488b,C1=CN2C(=CC=CC2=N1)CN3CCCCC3C4=NN=C(O4)C5CCC5
XS619654b,CC1=NOC(=N1)C2CCCN(C2)C(=O)C=3C=CC=CC3C(F)(F)F
XS846927a,COC1=CC(=CC(OC)=C1OC)CNC(=O)C2NCCCC2(C)C
XS846931a,CC=1C=CC(=CC1F)C2=NOC(CS(=O)(=O)CC3CCCO3)=N2
XS734815b,O=C(CC=1C=CC=CC1O)N2CCCC2C3=NC=4C=CC=CC4S3
XS846928a,CN1C=NN=C1CC2(O)CCCN(C2)C=3N=C4C=CC=CN4C3C#N
XS836907b,CC1(C)CN(CC(O1)C(F)(F)F)C(=O)CN2CCC(=O)NC2=O
XS409962b,CC1(C)CCCC1(O)CNC=2N=C(N=C3CCCC23)C=4C=CC=NC4
XS846933a,CN(CC1COC=2C=CC=CC2O1)C(=O)C=3C=CC(=NC3)NC4CC4
XS469353b,CC(=O)NC1(CCN(C1)C=2N=CC(Cl)=CC2F)C3=NOC(C)=N3
XS333520c,CNC(=O)C1=NC(=NN1)C2CCN(CC2)C(=O)C3CC=4C=CC=CC43
XS471159b,CN1C=C(C=N1)C2=CN(N=N2)C(C(=O)NC3CC3)C=4C=CC(F)=CC4
XS685101b,CN1N=CC=2C(=NC=NC21)NCC(C=3C=CC=CC3)N4CCOCC4
XS846926a,CC(C)CN1N=CN=C1CN2C(=O)CC3(CCC=4C=CC=CC43)C2=O
XS840513b,CC1=NN=C(O1)C=2C=CC(=CC2)NC(=O)NC(CO)C=3C=CC=CC3
XS846925a,CCCC=1C=C(N2CCCC2CN3N=C(C)C=C3C)N4N=CN=C4N1
XS846929a,CCC=1NC=CC1C(=O)N2CCC=3NC=NC3C2C=4C=CC(F)=CC4
XS640463b,CC1=CC(=NN1CCC#N)NC(=O)C2CN(C)C(=O)C=3C=CC=CC32
XS842671b,CN1CCC(C(=O)NC(C)(C)C=2C=C(ON2)C(F)F)S1(=O)=O
XS655940b,CC1=CC(=NN1)C2CCCN(C2)C(=O)C=3C=CC(=CC3)OCC4CC4
XS744462b,CC1=CC=C(C(=O)NCC2CN(CC=3C=CC=CC3)CCO2)C(=O)N1
XS813314b,CC(C)C1=NC(=NO1)C2CCCN(C2)C3=NC4=C(C=NN4C)C(=O)N3
XS846947a,O=C(NCC(F)(F)F)C1CCCN1CC2=NC=3C=CC=CC3S2
XS846940a,CC=1C=CC(=CC1C(=O)NC(C=2C=CC=CC2)C3CC3)S(C)(=O)=O
XS846944a,CC(C)C1=NOC(CS(=O)(=O)C(C)C2=NC(=NO2)C(C)(C)C)=N1
XS461793b,CCC(NC(=O)C=1C(C)=NN2C(C)=CC(C)=NC12)C3=NC(C)=CS3
XS392675b,CC1=CN2CC(CCC2=N1)NC(=O)C=3N=C(SC3C)C4=CC=CO4
XS846937a,CCC1=CSC(=N1)C2CCCN(C2)C(=O)C3=NC=CN4C=CN=C34
XS846942a,O=C(C1=CC(=O)NC=2CCCCC12)N3CCCC3CN4CCCCC4
XS836699b,CCC=1C=C2C(=CC(=O)OC2=CC1O)CN3CCN4CCCCC4C3
XS846935a,CC=1N=C(SC1C(C)NC(=O)C2(C)CCOCC2)C=3C=CC=CC3
XS846934a,CC(C)C(=O)NCC1CCCN(C1)C(=O)C2=CC=3C=CC=CC3N2C
XS846943a,CC(C(=O)N1CCCC1)N2CCN(CC2)C=3OC(=NC3C#N)C4CC4
XS841411b,COC=1C=CC=2CN(CCCC2C1)C3CCN(CC(F)(F)F)C3=O
XS846939a,COC=1C=CC=CC1C(NC(=O)NC2CCCCC2)C3=NC=CN3C
XS846936a,CC(C(=O)N1CC(=O)NC=2C=CC=CC21)N(C)CC=3C=CC(F)=CC3
XS846941a,COC=1C=CC=C2C=C(C(=O)NC(C)C=3C=CC(F)=CC3)C(=O)OC12
XS677634b,COC=1C=CC(=CC1)OCC(O)CN2C=NC=3C=C(F)C=CC3C2=O
XS787581b,COC=1C=C(C=CC1OCCO)C(C)NC=2N=NC(C)=C(C)C2C#N
XS846945a,CC1CC(=O)NC=2C=CC=CC2N1C(=O)COC(=O)C3=CC=CS3
XS846938a,CC1=CC(=NN1)C2CCCN(C2)C(=O)C=3C=C(C)N(CC4CC4)C3C
XS837319b,O=S(=O)(NC1CCNC1)C=2C=CC(=CC2)OC(F)(F)C(F)F
XS841801b,O=C(C1CSC=2C=CC=CC2O1)N3CCC(CC4=CN=NN4)CC3
XS840812b,CC(NC(=O)N(C)CC1=NC=NN1C)C=2C=CC=C(Cl)C2Cl
XS836539b,CC1CCC=2C=CC=CC2N1C(=O)CN3N=NN=C3C4CCOCC4
XS846946a,CCC1CCCCN1C(=O)CC=2C(=O)NC(=NC2C)C=3C=CC=NC3
XS846954a,CC=1C=CC=C(C1)C(CC(=O)NC2=NC(=CS2)C(C)C)NC(N)=O
XS839201b,CC(C(=O)NC=1C=CC(N)=NC1)C=2C=CC(=CC2)S(=O)(=O)N(C)C
XS846956a,COCCN1N=C(C=CC1=O)C(=O)NC(CC(C)C)C2=CC=CS2
XS840202b,O=C1CC(CN1)NCCS(=O)(=O)C=2C=CC=C(Br)C2
XS842547b,CN1C=CC(=C1)C(NC(=O)CCC(=O)NC2CCCC2)C(F)(F)F
XS582447b,CC1=NN(C=C1C(=O)N2CCCC(O)(CN3C=CN=N3)C2)C(C)(C)C
XS842570b,CC(NS(=O)(=O)C=1C=CC=C(Cl)C1)C(=O)NC2=NC=CS2
XS841228b,O=C(CC1C=CS(=O)(=O)C1)OCCN2C(=O)C=3C=CC=CC3C2=O
XS839692b,CC(C#N)CNC(=O)NC=1C=CC(F)=C(C1)NC(=O)C=2C=CSC2
XS846955a,CC=1C=C(C(=O)NC(C)C=2C=CC(F)=C(F)C2)C=3C(=O)NN(C)C3N1
XS599308b,CC(C)C1=NOC(=N1)C(NC(=O)C=2C=CC(F)=CN2)C3CCOCC3
XS846948a,CCOC=1C=CC=C(C1)C(=O)N2CCC(CC2)N3CCCC3C(N)=O
XS805655b,CSC=1C=CC(=CC1)CN(C)C(C)C2=NN=C(O2)C3=CC=CS3
XS159177c,O=C(NC=1C=CC=2OCOC2C1)NC(C=3C=CC=CC3)C=4C=CC=CN4
XS799305b,CCC1=NOC(=N1)C(C)N2CCN(CC(=O)NC=3C=C(C)ON3)CC2
XS740223b,CCC(CC)N1N=CC(C(=O)NC2COC=3C(Cl)=CC=CC32)=C1C
XS846951a,CC1=NOC(CCCC(=O)NC2CCCOC=3C=C(Cl)C=CC32)=N1
XS619200b,O=C(C=1C=CC=2OCC(=O)NC2C1)N(C3CC3)C4CCC=5C=CC=CC54
XS846952a,COC(=O)CC(NC(=O)C=1SC(C)=NC1C)C=2C=CC(=CC2)OC
XS846950a,CC1=NOC(=N1)C=2C=CC=NC2N3CCC(CC3)OCC4CCCO4
XS839115b,O=S(=O)(C=1C=C(C=CN1)C(F)(F)F)N2CCC(C2)C=3N=NNN3
XS846957a,CC(OC(=O)C1CCN(CC1)C=2C=CC(=CN2)C(F)(F)F)C(N)=O
XS846949a,CCCN1C(=NC=2C=CC=CC21)C3CC(=O)N(CCC=4C=CC=CC4)C3
XS846953a,CC(NC(=O)COC=1C=CC(=CC1)CC(=O)O)C=2C=CC=CC2Cl
XS846967a,COCCC(C)NC(=O)C=1C=NN(C1C(F)(F)F)C=2C=CC(C)=CC2
XS839741b,COC=1C=C(C=CC1CN2CCCC2(C)C=3C=CC=CC3)C=4N=NNN4
XS772598b,COC=1C=C(C=CC1C#N)CN2CCN(C)C(C2)C3=NC(=NO3)C4CC4
XS358679c,O=C(NC=1C=CC=2N=C(OC2C1)C=3C=CC(F)=CC3)C4CCNC(=O)C4
XS841047b,COCCC(NC=1C=C(C#N)C2=CC(Cl)=CC=C2N1)C3=CC=C(C)O3
XS838912b,N#CC=1C=CC(=CC1)CS(=O)(=O)CC(=O)NCC2CC=3C=CC=CC32
XS838820b,CC(C)C1=NOC(CCC(=O)NC(C(=O)O)C=2C=CC=CC2Cl)=N1
XS846958a,CC(NC(=O)CN(C)CC=1C=CC(Cl)=CC1Cl)C2=CC=CS2
XS840103b,CC=1C=C(N(C)N1)N2CCCC(NC3=NC=4C=CC=C(F)C4N3C)C2=O
XS846959a,COC=1C=CC(=CC1)C(NC(=O)CC=2C(C)=NOC2C)C3=NC=CN3C
XS846962a,COCC1(COC=2C=CC=CC2C1)NC(=O)C=3C=CN=C4C3N=NN4C
XS838074b,CN1C=C(N=N1)C(C)(C)NC(=O)CC(N2CCOCC2)C(F)(F)F
XS837806b,CC(COC=1C=CC(=CC1)C(C)(C)C)NC(=O)C=2C=NC=C3N=CNC23
XS838552b,C=CCC1(CCCCN1C(=O)CC=2N=NN(N2)C(C)(C)C)C(=O)OC
XS841312b,N#CC=1C=CC(=CC1)C(CF)NC(=O)C2=CC=3C(=O)NCCCC3S2
XS474827b,CC1=NOC(=N1)C2CCCN(C2)C(=O)NC=3C=CC=CC3C(F)(F)F
XS846960a,CCOC(=O)N1CCC(CC1)NC(=O)C(C)OC=2C=CC(=CC2)OC
XS655188b,NC(=O)C1=CN(CC(=O)N2CCC(C2)C3CCOCC3)C=4C=CC=CC14
XS846963a,COC(=O)C=1C=CC(C)=C(C1)NC(=O)C2CC(=O)N(CC3=CC=CO3)C2
XS803006b,COCC1=NC(=NO1)C2CCCCCN2S(=O)(=O)C=3C=CC=NC3
XS846961a,CC=1C=CC=C(C1)C2=NOC(CNC3(CO)COC=4C=CC=CC4C3)=N2
XS846966a,CC1=CC=C(S1)C(=O)NC2CCN(CC2)C(C)C(=O)NC(C)(C)C
MR045527c,CC(CCNC(=O)C=1C=CC2=CC=CN=C2C1)N(C)C(=O)C3=COC=N3
XS846965a,CC=1C=CC2=NC(=CC(=O)N2C1)CN3CCCCC3C(=O)N4CCCC4
XS841000b,CC1CN(CCN1CCO)C=2N=CN=C3C=CC(=CC23)S(C)(=O)=O
XS846964a,CC=1C=CC(=CC1)S(=O)(=O)NCC(C)N2CCC=3SC=CC3C2
XS846968a,CCC(C)C(=O)NCC(=O)N1CCCN(CCCC=2C=CC=CC2)CC1
XS846979a,O=C(NCCC1=CNC=2C=C(F)C(Cl)=CC12)C3CCCS3(=O)=O
XS846969a,CC(C(=O)NC=1C=C(F)C=CC1F)N2CCN(CC2)C(=O)C3=CC=CO3
XS846973a,COC=1C=CC=CC1C(NC(=O)CNC(=O)C(C)(C)C)C2=NC=CN2C
XS846972a,O=C(C=1C=NC2=CC=C(F)C=C2C1)N3CCCCC3CN4CCOCC4
XS837730b,CN1N=C(C(=O)NC(C(=O)O)C=2C=CC=CC2Cl)C=3C=C(F)C=CC31
XS840783b,O=C(NNC(=O)C1CC(=O)N(C1)C2CC2)C3=CC=4CCCCCC4S3
XS462437b,O=C(C=1C=CN=C2C=CN=CC12)N3CCC(C3)NC=4C=CC5=NC=CN5N4
XS846976a,NC(=O)C(NC(=O)C1=NN(C=2C=CC=CC2)C=3CCCC13)C=4C=CC=CC4
XS846978a,CC(=O)N(C)C=1C=CC(=CC1)C(=O)N2CCC(C2)NC=3C=CC=C(C#N)C3
XS449397b,CC(C)N1N=CC=2C=C(C=NC21)C(=O)NC3(CO)COC=4C=CC=CC4C3
XS841234b,CC(C(=O)N(C)C)S(=O)(=O)NC1=NC2=C(CCC=3C=CC=CC23)S1
XS691082b,O=C(NC=1C=CC=CN1)C2CCCN2C(=O)C=3C=CC(Cl)=C(Cl)C3
XS846970a,CC(C(=O)NC=1C=CC(F)=CC1F)N2CCN(CC=3C=CSC3)CC2
XS838975b,C=C1CC1CN(CC=2C=CN=C(C2)OC)C=3C=CC(=NN3)S(C)(=O)=O
XS846981a,O=C(C=1C=CC(=CC1)S(=O)(=O)NCC2=CC=CO2)N3CCCC(O)C3
XS846980a,O=C(NC1CCN(CC1)C(=O)C=2C=CN=CC2)C3CCCC=4C=CC=CC43
XS846982a,CN1N=CC(C(=O)NC2CCC3=NC(=CN3C2)C=4C=CC=CC4)=C1C5CC5
XS846977a,CC(OC(=O)C1=CC=C(CN2C=CC=CC2=O)O1)C(=O)NC=3C=CC=CC3
XS837458b,CC(C1=NC=C(O1)C(C)(C)C)S(=O)(=O)CC=2C=CC=C3C=CC=CC23
XS846975a,CC1(C)CN(C(=O)NC2CCN(CC2)C=3C=CC=CN3)C1C=4C=CC=NC4
XS837665b,CC=1CCN(N1)C=2C=CC(=CC2)C(=O)NC3(CO)COC=4C=CC=CC4C3
XS140716b,CC(NC(=O)C=1C=CC(=CC1)N2C=NC=N2)C=3C=CC(=CC3)N4C=CN=C4
XS846974a,CC(C)(C(=O)N1CCC(C1)OC=2C=CC=NC2)C=3C=CC=C(Cl)C3F
XS838642b,O=S1(=O)CCCC=2C=CC=C(CN3C=4C=CC=CC4OCC3CO)C21
XS846971a,CN1CCN(C(=O)C2=CC=C(O2)C=3C=CC(F)=CC3)C(C1)C=4C=CC=CC4
XS839218b,O=C1NC=2C=CC=CC2N1C3=CCN(CC3)C4=NC(=NS4)C5CCOC5
XS846984a,CN1C=CN=C1C(NS(=O)(=O)C=2C=CC(=CC2)C(=O)O)C=3C=CC=CC3
XS841507b,O=C(C1CCCN(C1)S(=O)(=O)CC=2C=CC=CC2)N3CCOCCN3
XS846989a,CCN(CC)C(CNC(=O)C1CCN(CC1)C=2N=CC=CN2)C3=CC=CO3
XS798318b,CC(C)C(NC(=O)C1=CC=CS1)C(=O)NCC2=NC=3C=CC=CC3N2C
XS846985a,COC=1C=CC(=CC1OC)CN(C)C2CC(=O)N(CC=3C=CC=CC3)C2=O
XS839576b,CC(C)(C)OC(=O)C=1C=CC=C(C1)CCNC=2C=CC(=CN2)S(C)(=N)=O
XS836633b,CC(C(=O)N1CCN2C(=NN=C2C1)C(F)(F)F)C=3C=CC(F)=C(Cl)C3
XS837773b,COC(=O)C=1C=C(Br)C(=CC1OC)CN2C(=O)CC(C)C2=O
XS837764b,CC(C)C(NC(=O)C=1C=CC=CC1)C(=O)NCC2=CC(=O)N(C)C(=O)N2C
XS842008b,COC(=O)C=1C=CC(=CC1)C(NC(=O)N2CCN3C=CN=C23)C(F)(F)F
XS842149b,CC1=CC(C)=CC(=C1)N2CCC(C(=O)OCC3=NC=C(O3)C(C)(C)C)C2=O
XS846990a,COC=1C=CC(=CC1)C2CCCN2C(=O)CNC(=O)C=3C=CC=CC3Cl
XS846988a,CC(OC(=O)C1=CN=CN1C=2C=CC(F)=CC2)C(=O)NCC=3C=CC=CC3
XS590387b,CN1N=C(C=C1C2CC2)C(=O)N3CCN(CC3)C(C(N)=O)C=4C=CC=CC4
XS837395b,CC1=CC(C)=NN1CC2CN(CCO2)C3=NN=C(CC=4C=CC=CC4)S3
XS840896b,COC=1C=C(Cl)C=CC1CC(NC(=O)C2=CC=CC3=CC=NN23)C(=O)O
XS846986a,COC=1C=CC(=CC1)CC(=O)NCC=2C=CC=CC2CN3CCCC(C)C3
XS846983a,COC=1C=CC(=CC1)C2CCCN2C(=O)C=3C=CC=C(C3)NS(C)(=O)=O
XS846991a,COC(=O)C=1C=CC=CC1OCC(=O)NC(C)C=2C=C(C=CC2OC)OC
XS846987a,COC=1C=CC(=CC1)C2CCCCCN2C(=O)NCC(=O)N3CCCCC3
XS791151b,COC(=O)CC(NC(=O)CC1=CNC=2C=CC=CC12)C=3C=CC(Cl)=CC3
XS503607b,CN1N=CC=C1C2CCCN(CCC3=NC(=NO3)C=4C=CC(Cl)=CC4)C2
XS484016b,O=C(NCCN1CCC=2C=CC=CC2C1)NC3=CC=NN3CC4CCOC4
XS841426b,NS(=O)(=O)C=1C=C(C=CC1N2CCCC(C2)N3C=CN=N3)C(F)(F)F
XS838079b,CC1(C)CN(CC2(CCOC2)O1)C(=O)NCCC3=CSC=4C=CC=CC34
XS842380b,O=C(C=1C=C2C=CN=CC2=CC1F)N3CCCC(C3)N4CCCS4(=O)=O
XS630531b,CC(NC(=O)C=1C=CC=C2C=CNC12)C=3C=CC(=CC3)N4CCCS4(=O)=O
XS846999a,COC=1C=CC(=CC1)OCCC(=O)N2CCCC2C3=NC=4C=CC=CC4S3
XS839709b,CC(C=1C=CC=C(C1)[N+]([O-])=O)N(C)C(=O)NCCCN2C=CC=3C=CC=CC32
XS847006a,CC(C)C(NC(=O)C=1C=CC=2C(=O)N3CCCC3=NC2C1)C=4C=CC(F)=CC4
XS847005a,CC(CNC(=O)CN(C)CC(=O)NC(C)(C)C)C1=NC=2C=CC=CC2S1
XS839278b,CC=1N=C(SC1C#N)N2CCOC=3C=C(Br)C=CC3C2CO
XS847004a,COCC(=O)N1CCN(CC(O)CN2C=3C=CC=CC3C=4C=CC=CC42)CC1
XS846998a,CC=1SC=2N=CN=C(SCC(=O)N(C)C3CCS(=O)(=O)C3)C2C1C
XS847002a,CC1CC=2C=CC=CC2N1C(=O)C=3C=CC(=CC3)S(=O)(=O)N4CCCCC4
XS846996a,CCCC(C)NC(=O)COC(=O)CCNC1=NS(=O)(=O)C=2C=CC=CC12
XS846997a,O=C1CC(CN1C=2C=CC(Cl)=CC2)C3=NC(COC=4C=CC=CC4F)=NO3
XS718618b,CC(CC=1C=CC=C(Cl)C1)NC(=O)C=2C=CC=3C(=O)N(C)C(=O)N(C)C3N2
XS066417c,CC1=CC(=O)N2C=3C=CC=CC3N(CC(O)CNCC=4C=CC=CC4)C2=C1C#N
XS692758b,O=C(NCC=1C=CC(=NC1)N2C=CC=N2)C3CC(=O)N(C3)C=4C=CC=CC4F
XS846995a,O=C(CN1C(=O)OC=2C=CC=CC21)N3CCCC3C=4C=CC=5OCCOC5C4
XS847003a,CNC(=O)NC(=O)CN(CC=1C=CC=CC1)C(C)C=2C=CC=C(C2)NC(C)=O
XS846994a,CC(C=1C=CN=CC1)N2CCC(CC2)NC(=O)C3=NNC(=O)C=4C=CC=CC34
XS847000a,CC(C)CN(C(=O)C(C=1C=CC=CC1)C=2C=CC=CC2)C3CCS(=O)(=O)C3
XS484103b,O=S(=O)(NC1CCOC=2C=CC=CC21)C=3C=CC(=NC3)OCC(F)(F)F
XS847001a,CC=1C=CC(=CC1)OCCCC(=O)NC(C)C=2C=CC(=CC2)S(N)(=O)=O
XS841601b,CC=1C=CC2=C(C1)NC(NS2(=O)=O)C(=O)NCC3=NC(=CS3)C4CC4
XS846992a,CCC(C)C=1C=C(ON1)C(=O)N2CCN(CC2)C=3N=C(C)N=C4C3C=NN4C
XS839681b,CC(NC(=O)NC=1C=C(C#N)C(Br)=CN1)C=2C=CC(F)=C(F)C2
XS846993a,CC(C)(C(=O)N1CCC(C1)OC=2C=CC=NC2)C=3C=CC=C(C3)C(F)(F)F
XS842031b,COC=1C=CC=CC1C(NC(=O)NC=2C=NN(C2)CC(F)F)C=3C=CC=CN3
XS708146b,CN(CC=1C=NN(C)C1)C(=O)C2CC(=O)N(C2)C=3C=CC=C(Br)C3
XS847011a,CC(=O)NC=1C=CC(=CC1)N2C(=O)C=3C=CC(=CC3C2=O)C(=O)OC(C)C(N)=O
XS838318b,CC1CC2(CN1C(=O)C(=O)NC=3C=CC=CC3OC=4C=CC=CC4)CCOCC2
XS778120b,CN1C=C(C=N1)C(=O)N2CCC3(C2)CN(C(=O)C=4C=NN(C)C4)C=5C=CC=CC53
XS847013a,CCOC(=O)C1CCCN(C1)C(=O)C=2C=C(N=C3ON=C(C)C23)C=4C=CC=CC4
XS777644b,CCOC=1C=CC=CC1C(=O)N2CCN(CC2)C3CCN(C=4C=NN(C)C4)C3=O
XS847020a,CC1=NN(C(C)=C1CN(C)C(=O)C(C)OC=2C=CC(C#N)=CC2)C=3C=CC=CC3
XS847014a,O=C(CN1C(=O)COC=2C=CC=CC21)N3CCCC3C4=NC=5C=CC=CC5S4
XS847016a,CC(C)N(C)S(=O)(=O)C=1C=CC(=CC1)NC(=O)C2COC=3C=CC=CC3O2
XS847009a,CCN(CC=1C=COC1)C(=O)C23CCC(=O)N3C=4C=CC=CC4C(=O)N2C(C)C
XS847010a,CC=1C=CC(Cl)=CC1NC(=O)C(C)N2CCN(CC2)C(=O)C3=CC=CS3
XS842471b,COC=1C=CC2=NC(=C(C)N=C2C1)N3CCC(CC3)C4CCCCCN4C(C)=O
XS847023a,CCS(=O)(=O)N1CC=2C=CC=CC2CC1C(=O)NCC3=CC=4C=CC=CC4N3
XS837448b,CC=1C=C(CC(C)NC(=O)NC=2C=CC=C3OCCOC23)N(N1)C=4C=CC=CC4
XS841982b,CC(CC=1C=CC(=CC1)OC(F)(F)F)C(=O)N2CCC(CC2)C3=CC(O)=NO3
XS839791c,CCN1C=C(C=N1)NC(=O)NCCN=S(=O)(C=2C=CC=CC2)C(F)(F)F
XS847012a,COC=1C=CC(C=2CC(C=3C=CC=CC3Cl)N(N2)S(C)(=O)=O)=C(C1)OC
XS840832b,COC=1C=CC(OC)=C(C1)C(F)(F)C(=O)N2CCCC(C2)NS(C)(=O)=O
XS847018a,CC(NC1=NS(=O)(=O)C=2C=CC=CC12)C(=O)N3CCN(CC3)C=4C=CC=CN4
XS847007a,CC=1C=CC(Cl)=CC1NC(=O)C(C)N2CCC(CC2)NC=3C=CC(F)=CC3
XS847017a,CCN(CC)S(=O)(=O)C=1C=C(C=CC1OC)C(=O)NC(C)C2=CC=CS2
XS847015a,CCOC=1C=CC=CC1NC(=O)C2CCCCN2S(=O)(=O)C=3C=CC=CC3
XS847022a,CC=1C=C(C(=O)NC(C)CC=2C(F)=CC=CC2F)C=3N=C4CCCCCN4C3N1
XS847019a,COC=1C=CC(OC)=C(C1)CN(CC(=O)N(C)C2CCS(=O)(=O)C2)C3CC3
XS847021a,CC=1C=CC2=NC(=CC(=O)N2C1)CN3CCCC3C=4C=CC=5OCCCOC5C4
XS847039a,CC1=NSC=2N=CC(=CC12)C(=O)NCC(C3=CC=CS3)N4CCN(C)CC4
XS840928b,CC1COC=2C(F)=C(F)C=C3C(=O)C(=CN1C32)C(=O)N4CCOC5(CCC5)CC4
XS699675b,CC(C1=NC=2C=CC=CC2S1)N3CCN(CC3)C(=O)C4=NNC(=O)C=5C=CC=CC45
XS847024a,CC1=NC(=CS1)COC=2C=CC(=CC2)C(=O)NC3CCN(CC=4C=CC=CC4)C3
XS816245b,CCC(NC(=O)C1CCN(CC1)S(=O)(=O)C=2C=CN(C)C2)C=3C=CC(C)=CC3
XS399033b,O=C(CN1CCN(CC2=NC=3C=CC=CC3S2)CC1)NC4CCS(=O)(=O)C4
XS847035a,COC1=CC(=CC(OC)=C1OC)C(C)NC(=O)C=2C=CC3=NS(=O)(=O)CCN3C2
XS847032a,O=C(CCN1CCCC1C(=O)NC=2C=C(Cl)C=CC2Cl)NC=3C=CC=CC3
XS847026a,CCC(CC)N1N=CC(NC(=O)N2CCOCC2CC3=CNC=4C=CC=CC34)=C1C
XS847025a,O=C(C=1C=CC=2NC(=O)CCC2C1)N3CCC(C3)NC=4C=CC=C(Br)C4
XS840969c,CC(NC(=O)CCCN1N=NC(=N1)C=2C=CC=CC2)C=3C=CC(=CC3)N4C=NC=N4
XS847031a,CC(NC(=O)CN(C1CC1)S(=O)(=O)C=2C=CC=NC2)C=3C=CC4=CC=CC=C4C3
XS847029a,CC1CC=2C=CC=CC2N1CC(=O)NC=3C=CC=C(C3)S(=O)(=O)N4CCOCC4
XS847030a,CC(C(=O)NC(=O)NC1CC1)N2CCN(CC=3C=CC(=CC3)OC(F)(F)F)CC2
XS841644b,CC=1C=CC(=CC1)S(=O)(=O)C=2C=CC(=CC2)CN3CCN4C(=O)OCCC4C3
XS841220b,CN(C)C=1C=CC2=C(C1)OCCN2C(=O)C=3CCC(=O)N(N3)C4CCS(=O)(=O)C4
XS847034a,CC1=NN(C(C)=C1C(=O)NC2CCCN(CC=3C=CC=CC3)C2)C=4C=CC(F)=CC4
XS847036a,CC=1C=C(NC(=O)CN2CCCC(C2)C(=O)NCC3CC3)N(N1)C=4C=CC=CC4F
XS802079b,CC(C)C(NS(=O)(=O)C=1C=CC=2OCCOC2C1)C(=O)NCC=3C=CC(F)=CC3
XS847038a,CC(NC(=O)CN1C(=O)CCOC=2C=CC=CC21)C=3C=CC=CC3Br
XS847037a,O=C(NC1CCSC=2C=CC=CC21)C3CCN(CC3)S(=O)(=O)C=4C=CC=CC4
XS847033a,COC(=O)C=1C=CC=2NC=3CCN(CC3C2C1)C(=O)C4CCCN(C4)C(=O)C(C)C
XS847028a,O=C(C1COC=2C=CC=CC2O1)N3CCN(CC3)S(=O)(=O)C=4C=CC=C(F)C4
XS719271b,COC(=O)C(NC(=O)C1CCN(CC1)S(=O)(=O)C=2C=CC=3OCCOC3C2)C(C)C
XS841498b,COCC=1N=CC=C(N1)C2CCCN(C2)C=3N=CC(=CC3Cl)C(=O)NC4CCCC4
XS847045a,CC1=NOC(C)=C1COC=2C=CC(=CC2)CC(=O)NC(C)C=3C=CC(=CC3)N4C=CN=C4
XS836975b,CCCN1C=C(N=N1)C(=O)NCC2(CNC(=O)C3=NNC=4C(C)=CC=CC34)CC52CCC5
XS837155b,CC1=NC(=NN1)C2CCCN(C2)S(=O)(=O)C=3C=CC(Br)=CC3[N+]([O-])=O
XS847048a,COC1=CC(=CC(OC)=C1OC)C2CC(=NN2C(C)=O)C=3C=CC(=CC3)NS(C)(=O)=O
XS847054a,CC1CC(=O)NC=2C=CC=CC2N1C(=O)CN3CCC(CC3)C4=NC=5C=CC=CC5S4
XS847042a,CC1=NN(C(C)=C1S(=O)(=O)N(C)CC2=CC=CO2)C(C)C(=O)N3CCN(CC3)C=4C=CC=CC4
XS847044a,CC(C)C(NC(=O)NCC1=CC=C(S1)S(=O)(=O)N2CCOCC2)C=3C=CC=CC3
XS837757b,CS(=O)(=O)NC1CCCN(C1)S(=O)(=O)C=2C=CC3=CC=CC=C3C2Br
XS847053a,COCCNC(=O)C(C1=CN2C=CC=CC2=N1)N(C)CCCN(C)C(=O)CC34CC(C3)C4
XS836747b,COC=1C=CC(=CC1)C(NC(=O)CCC2=NN=C(O2)C=3C=CC(C)=CC3)C4=NC=CN4C
XS699470b,CC=1C=C(C=C(C1C)S(=O)(=O)N(C)C)C(=O)N2CCCC2C3=NC=4C=CC=CC4N3
XS847046a,O=C(NC=1C=CC=C(C1)S(=O)(=O)N2CCOCC2)C3CCCN3C(=O)C4=CC=CS4
XS847052a,CC(NC(=O)CN(CC=1C=CC=CC1)S(C)(=O)=O)C=2C=CC(Br)=CC2
XS847050a,CC1CC=2C=CC=CC2N1C(=O)COC(=O)C3(CCN(CC3)S(=O)(=O)C4=CC=CS4)C=5C=CC=CC5
XS847043a,CC=1C=C(NC(=O)CSC=2C=C(Cl)C=CC2Cl)N(N1)C3CCS(=O)(=O)C3
XS836660b,CCOC=1C=CC=CC1N2CC(CC2=O)C(=O)NC=3C=CN(CC4=CN5C=CC=CC5=N4)N3
XS847055a,COC=1C=CC(=CC1)CCN2C(=O)C=3C=CC=CC3NC2C=4C=NN(C4)C=5C=CC=CC5
XS847049a,O=C(NCC=1C=CN=C(C1)N2C=CC=N2)C3CC(=O)N(CC=4C=CC=C(C4)C(F)(F)F)C3
XS847040a,CC=1N=CC=2CC(CCC2N1)NC(=O)C=3C=C(N=C4ON=C(C34)C5CC5)C=6C=CC=CC6
XS847047a,CC(C)C(NC1=NS(=O)(=O)C=2C=CC=CC12)C(=O)NC=3C=CC(=NC3)N4CCN(C)CC4
XS847041a,COC=1C=CC(=CC1)C(CNC(=O)CN2C(=O)CC3(CCCCC3)C2=O)C4=CNC=5C=CC=CC45
XS847051a,CC1=NN(C=2N=C(C=C(C(=O)NC=3C=CC(C)=CC3C)C12)C4CC4)C5CCS(=O)(=O)C5
XS847059a,CC=1C=CC(=CC1)C(=O)OC(C)C(=O)NC2CC2
XS837453b,CCN1CCCN(CC2CCSC2)CC1=O
XS847067a,O=C(NC=1C=CC=C2C=NNC12)C3CNC(=O)C3
XS839053b,CC(=O)NC1(CCOC1)C(F)F
XS847058a,CCC1=NOC(C)=C1C(=O)NC(C)C=2C=NNC2
XS841271b,CC1=NN2C(NCCC2C(F)(F)F)=C1[N+]([O-])=O
XS837940b,COC=1N=CC=NC1N2CCC3(CCOC3)C2
XS847068a,N#CC=1C=CC(=NC1)NC2CCCNC2=O
XS847066a,C1=COC(=C1)CNC2CCC3=NC=NN3C2
XS598338b,CCC(C)NC(=O)C1=CN=C2C=CC=CN2C1=O
XS847056a,CC(=O)N1CCCC(C1)N2C=C(C)C=N2
XS847057a,NC(CO)C1=NC(=NO1)C=2C=CC=CC2
XS847063a,CCOC(=O)C(NC(N)=O)C=1C=CC=CC1
XS847064a,CC=1C=CC=C(NC(C)C(=O)NC2CC2)C1C
XS842464b,COC=1C=CN=C(N1)N2CCC(F)(CO)C2
XS847062a,CC1=CC(C(=O)NC(C)C2=CC=CS2)=C(C)O1
XS840137b,CCC1(C)CN(CCO1)C(=O)C2=CNN=N2
XS847060a,CCC(C)C(=O)NC1=NC(=CS1)CC(N)=O
XS781314b,CC(NC=1C=NN(C1)C(C)(C)C)C(=O)NC2CC2
XS837545b,CC(NC=1N=CC=NC1C(F)(F)F)C(N)=O
XS841179b,CCOC(=O)C1CNC2=NC=NN2C1
XS847061a,CCC(C)C(=O)NC1=C(C)NC=2C=CC=CC12
XS842696b,COC=1N=C(C)C=C(N1)N(C)CC(C)C#N
XS841187b,COC(=O)C1CNC=2C=CC(F)=CC2O1
XS836900b,CCC(C1=NC=CS1)N2CCC(=O)NC2=O
XS847069a,CCOC=1C=CC=2C=C(NC2C1)C(=O)NC(C#N)CC
XS523308b,CCC1=NSC(=N1)N2CCC(C2)C=3C=CC=CN3
XS847080a,CC1=C(C=NN1C)C(C)NC(=O)C=2C=CC=CC2F
XS847071a,CC1=NC(CN2CCOC(CN3C=CC=N3)C2)=NO1
XS847073a,CCNC(=O)C=1C=CC(=CC1)NC(=O)C2CC2(C)C
XS447902b,CC=1C=C(C)C=C(C1)C(=O)NC(C)C=2C=CN=CC2
XS712463b,CC(=O)NC(C(=O)NC=1C=NN(C)C1)C2CCCC2
XS804708b,CC(C(=O)NC=1C=CC=C(C#N)C1)N2CCC(C)CC2
XS837209b,CC1=NN(C(=O)C=2C=C(Cl)C=CC12)C(C)CO
XS847074a,O=C(O)C1CCN(C1)C2=NC(=NO2)C=3C=CC=CC3
XS847076a,CC1CCC=2C=CC=CC2N1CC3=NC(=NO3)C4CC4
XS847075a,CC(C(=O)NC1CC1)N2CCC(CC2)C=3C=CC=CC3
XS839161b,CCOC(=O)C(CO)CN1C=CN=C1C(F)(F)F
AR000203b,CCN1CCC(NC=2N=CN=C3C=CC(C)=CC23)C1=O
XS847081a,O=C(CSC=1C=CC(O)=CC1)NCC2CCCO2
XS847072a,CN(C(=O)NC1CCC=2C=NNC2C1)C3CCCC3
XS847079a,CC(NC(=O)C1=NNC=2C=CC=CC12)C(=O)NC3CC3
XS839761b,CC(C)CC1=NN=C(O1)C(C)N2C=C(C=N2)[N+]([O-])=O
XS841937b,CNC(=O)C1CCN(CC=2C=CC=CC2)CC1(F)F
XS181528b,CC(CO)NC(=O)C1=CSC(=N1)C2=CC=CS2
XS847070a,O=S(=O)(CC1CCCO1)NC=2C=CC=CC2O
XS847077a,CN(CC1COC=2C=CC=CC2O1)S(N)(=O)=O
XS841260b,C#CCOC=1C=C(F)C=CC1NC2CCN(C)C2=O
XS847078a,CC1=CC(=NO1)C2CCCN2C=3N=C(C)C=C(C)N3
XS838578b,CC(NC=1C=CC2=C(C1)N=CN2C)C=3C=CN(C)N3
XS654852b,O=C(COC=1C=CC(F)=CC1)N2CCCC2CO
XS742009b,NC(=O)C1CCCN1C(=O)C=2C=NC3=CC=CC=C3N2
XS847093a,O=C(CC1C=CCC1)NC=2C=CC=3OC(F)(F)OC3C2
XS847090a,O=S1(=O)CCC(C1)N2CCN(CC2)C=3C=CC=CC3
XS395254b,CC1CN(CCO1)C(=O)NC=2C=CC=C(C2)OC(F)F
XS847087a,CC1=CN=C(NC(=O)C(C)OCC=2C=CC=CC2)S1
XS847085a,CC=1C=CC(=CC1)C2CCCN2C(=O)NC=3C=CC=NC3
XS847084a,CC(C)(C)CC(=O)N1CC=2C=CC=CC2CC1C(=O)O
XS841827b,N#CC=1C=CC(=CC1Cl)N2CCN3C(=O)OCC3C2
XS837848b,CC=1N=NSC1CN2CCCCCC2C(F)(F)F
XS847089a,CC=1C=C(C)N(CC(C)CNC(=O)C=2C=NC=CN2)N1
XS841054b,CCC1=NC(CS(=O)(=O)C(C)C2=CC=CS2)=NN1
XS547649b,CC1=C(Cl)C(=NN1C)C(=O)N2CC(C)OCC2(C)C
XS838423b,O=C1NCCOCC1NC=2N=CC=C(C2F)C(F)F
XS847083a,CC=1C=CC=C(C1)NC(C)C(=O)NCC2=CC=CS2
XS629135b,CCN1N=CC(=N1)C(=O)N2CCCCC2C3=NC=CN3
XS799975b,O=C(NCC1=CC=CO1)C2CCCN2C(=O)NC3CC3
XS847086a,CN1N=CC2=C1CCCC2NC(=O)C3=CC(Cl)=CN3
XS847091a,COC=1C=CC2=CC(=CC=C2C1)C(C)C(=O)N3CCCC3
XS847092a,CC1=NN=C2CCC(CN12)NC(=O)CCC=3C=CC=CN3
XS847082a,CC(=O)N1N=C(CC1C=2C=CC=CC2C)C=3C=CSC3
XS824247b,CC(NC(=O)CN(C)C=1C=CC=CC1)C=2C=CC(F)=CC2
XS674421b,COCC1(CCCN1CC=2C=CC(=CC2)OC)C(N)=O
XS847088a,COC=1C=CC(=CC1)CC(=O)NC2CCCCNC2=O
XS840838b,CCC(OC1CCCCC1)C(=O)N(C)C2=CC=NN2C
XS842173b,CN1N=CC=2C(=O)N=C(NC(=O)C3(C)C=CCC3)NC21
XS841605b,O=C1C=C(N=CN1CC2CCC3(CCC3)CO2)C(F)F
XS837567b,C1=NN(C=C1C=2C=CN=CN2)CCC3CCCCC43CC4
AR001733d,FC=1C=CC=CC1C2CCN(C2)C=3N=CN=C4NC=CC34
XS392484b,O=C(NC1=NN=CN1)C2CC(=O)N(C2)C=3C=CC=CC3F
XS837055b,CC(C)OC(=O)C(C)CNC(=O)C1=CNC=2C=CC=NC12
XS470969b,O=C(C=1C=NC2=C(F)C=CC(F)=C2C1)N3CCCC(O)C3
XS847103a,CC1CCCCN1C(=O)CSC2=NN=C(O2)C(C)(C)C
XS847097a,N#CC=1C=CC(=CC1)OCC(O)CN2C=NC=3C=CC=CC32
XS847095a,CC(N)(C(=O)N1CCN(CC1)C=2C=CC(F)=CC2)C3CC3
XS847096a,CC(C)NC(=O)C1CC(=O)N(C1)C=2C=CC=C(C2)C(C)C
XS710361b,CCC(CC)(CCO)CNC(=O)C1CCCC=2NN=CC21
XS840261b,CC=1N=C(C(Cl)=CC1C#N)N2CCC(C2)C=3C=CON3
XS838248b,CCC(C1=NN=CN1)N2C=C(CC(C)(C)C(=O)OC)N=N2
XS839346b,CC=1C=NC=2N=C(NC3CCC4=NN=CN4C3)SC2N1
XS837569b,CCOC(=O)C1=C(C)C=NN(CCOC2CCOC2)C1=O
XS847099a,CC(CN1C=CC=N1)NC2=C(C#N)C(=O)N(C)C(=O)N2C
XS816929b,O=C(C=1C=CC=2CCCC2C1)N3CCCC(C3)N4C=NC=N4
XS847102a,CCN1CC(CC1=O)C(=O)NC=2C=CC(=CC2)OC(C)C
XS847094a,CC(C)NC(=O)NC(=O)C(C)N(C)CC=1C=CC(F)=CC1
XS445159b,CCC(C(N)=O)N1CCC(CC1)C2=NC=3C=CC=CC3O2
XS847100a,O=C(NC=1C=CC=C(F)C1)N2CCCC2C=3C=CSC3
XS784847b,COC=1C=CC=C(C1)CCC(=O)NC2CCC(=O)NC2=O
XS847098a,CN(CC1COC=2C=CC=CC2O1)C=3C=CC4=NN=CN4N3
XS841366b,CC1=CC(Cl)=C(C(F)=C1)C2NC3(CCCC3)C(=O)N2C
XS847104a,CC=1N=C(SC1C(=O)N2CCC(C2)C(N)=O)C(C)(C)C
XS079474b,COC=1C=CC(=CC1)C(=O)NC(C)C=2C=CC(F)=CC2F
XS566000b,CC1=NOC(=N1)C2CCN(C2)C(=O)C3=CNN=C3C4CC4
XS479630b,COC=1C=CC2=NN=C(CCC(=O)N3CCCC3C)N2N1
XS839394b,CC1=NN(C(C)=C1NC(CF)C2=CN=NN2C)C(C)(C)C
XS847101a,CCC1=CC=C(CNC(=O)C2CC(=O)N(C2)C(C)C)S1
XS179264b,O=C(NCC1CCCO1)C=2C=CC(=NC2)N3CCCCCC3
XS840190b,C=1C=CC(=NC1)C2=NN=NN2CC3CCC4(CCCCC4)O3
XS847105a,CCC(=O)NC(C)C(=O)NCC=1C=CC=C(C1)N2C=CN=C2
XS841354b,O=S1(=O)N=C(NCC=2C=CC=CC2)C(N1)C=3C=CC=CC3
XS847109a,CC1(CN)CCN(C1)C(=O)CC=2C=CC(=CC2)N3C=CC=N3
XS838517b,CC(COC=1C=CC=CC1)NC=2C=CC(=CN2)P(C)(C)=O
XS586078b,CCC=1C=CC=2OC=C(C(=O)NC3C(=O)OCC3(C)C)C2C1
XS847108a,CCC1CCCCN1C(=O)CN2C(=O)C=3C=CC=CC3C2=O
XS847113a,COC=1C=CC=CC1C2=CC(=NO2)C(=O)NCC3CCOC3
XS582156b,CC=1C=CC(=C(Cl)C1)S(=O)(=O)NCC2CCCNC2
XS847106a,CC1=CC(C(=O)N2CCCC2C3=NOC(=N3)C4CC4)=C(C)O1
XS841105b,CC=1C=C(C(=O)NCC(C)S(=O)(=O)F)C=2OC=CC2C1
XS777628b,CN(CC1COC=2C=CC=CC2O1)C(=O)C=3C=NC=C(O)C3
XS847115a,CC=1C=CC(=CN1)C(=O)N2CCCC(C2)C(=O)NCC3CC3
XS393239b,O=C(COC=1C=C(Cl)C=CC1Cl)NCC2CCCO2
XS847107a,CC=1C=CC=CC1NC(=O)C(C)OC(=O)C=2CCC(=O)NN2
XS842068b,CCS(=O)(=O)CC(C)N(C)C=1C=CC(F)=CC1[N+]([O-])=O
XS847110a,O=C(CCS(=O)CC=1C=CC(F)=CC1)NC=2C=CC=CC2
XS847114a,COCC(C)NC(=O)CCCC1=NN=C(O1)C=2C=CC=CC2
XS836563b,CC(N(C)C(=O)C1=CC=C(NC1=O)C2=CC=CO2)C(C)(C)C
XS718657b,COC=1C=CC=C(C1)C(=O)NC(CC(=O)O)C=2C=CC=CC2
XS393315b,O=C(NC=1C=CN=CC1)N2CCCC2CC=3C=CC=C(F)C3
XS565947b,CC(=O)NC(C)C1CCN(CC1)C(=O)C=2N=COC2C3CC3
XS847116a,CC=1C=CC=C(C1)OCCCCC(=O)N2CCC(C2)C(N)=O
XS847111a,CC1CC(=O)NCCN1C(=O)C=2C=CC=CC2C=3C=NNC3
XS847117a,CC1CCCCN1S(=O)(=O)C=2C=NN(C2)C=3C=CC=CC3
XS847112a,CC(C)N1CC(CC1=O)C(=O)NC=2C=CC(F)=CC2Cl
XS687716b,O=C(O)CC(NC(=O)C=1C=CC=2NC=CC2C1)C=3C=CC=CC3
XS537061b,O=C(O)CC(NC(=O)C=1C=CC=2C=CNC2C1)C3=CC=CS3
XS847127a,CC1=CC(C)=C(CNC(=O)NC2CCCCNC2=O)C(=O)N1
XS847124a,CCN(CC1CCOC1)C(=O)CCC2=NC(=NO2)C(C)(C)C
XS847125a,NC(=O)C1CCN(C1)C(=O)CCC2=NC=C(O2)C=3C=CC=CC3
XS183319b,CCOC(=O)C=1C=CC=C(C1)OCC(O)CN2CCOCC2
XS329124b,CC=1C=C(NC(=O)C(C)N(C)CC=2C(F)=CC=CC2F)ON1
XS691941b,CC=1C=C(C=C(C(=O)NCC2CCCO2)C1C)S(N)(=O)=O
XS842429b,CCN1N=C(C)C(CNC(=O)N2CCCC(O)(C2)C3CC3)=N1
XS840841b,COC(CNC(=O)N1CCC(CC1)C2=CC=NN2)C(C)(C)C
XS847122a,COC(=O)C=1C=CC=CC1NC(=O)C2COC=3C=CC=CC3O2
XS800112b,CCOC(=O)C=1C=NC(=NC1N)SC2CCCCNC2=O
XS847118a,CC(=O)NC1=NC(=CS1)CNC2CCC3=NC(C)=NN3C2
XS847119a,COC=1C=CC(C(=O)N2CCCC(C2)C(=O)O)=C3C=CC=CC13
XS581093b,CCS(=O)(=O)C=1C=CC=CC1N2CCCC(C2)NC(C)=O
XS840742b,CC1CN(CC=2C=NN(C2)CC(F)F)C=3C=CC=C(F)C3O1
XS841235b,CCN(CC1=CC(=O)OC=2C=C3CCCC3=CC12)CC(C)C#N
XS572003b,COC1CCCCN(CC(=O)NCC=2C=CC=CC2F)C1=O
XS847128a,CC=1NC=2C=CC=CC2C1C3CCN(CC3)C(=O)C4CCCO4
XS847129a,CC1=C(SC=2C=CC(F)=CC12)C(=O)N3CCC(C3)C(N)=O
XS840785b,CCS(=O)(=O)C=1C=CC=C(C1)C(=O)NC(C)C=2C=COC2
XS839841b,NC(=O)CC1CCCN(CC1)C=2C=CN=CC2Br
XS847126a,CCN1CCCCC1CNC=2C=C(N=C(C)N2)C=3C=CC=CN3
XS847123a,COC=1C=CC=C2CC(CCCC12)NC=3C=C(C)N=C(CO)N3
XS837301b,O=C(C1CC=CC=2C=CC=CC21)N3CCC=4C(=O)NC=NC4C3
XS847120a,CC(=O)NC=1C=CC(=CC1)OC(C)C(=O)N(C)C=2C=CC=CC2
XS847121a,CC=1C=CC=CC1CNC(=O)CC(NC(N)=O)C=2C=CC=CC2
XS847141a,O=C(CCN1C(=O)C=2C=CC=CC2C1=O)NC3CCCNC3=O
XS837229b,CCC1C=2C=C(F)C(F)=CC2CCN1C3=NC=CN4N=NN=C34
XS604374b,CC=1C=CC(=C(C)C1)S(=O)(=O)NC(C(N)=O)C=2C=CC=CC2
XS836587b,CC1(CCS(=O)(=O)C1)NNC(=O)NCCC2=CCCCC2
XS840089b,O=C1C=2SC=3N=CC=CC3C2N=CN1CCOC4CCOC4
XS841071b,CC(NC=1C=NN(C1)CCN(C)C)C=2C=CC=3OCCOC3C2
XS847132a,O=C(NC1CCOC2(CCOCC2)C1)C3=CC=4C=CC=CC4O3
XS840474b,[O-][N+](=O)C1=C(N=C2SC=CN12)N3CCCC(C3)C4=NN=CN4
XS837620b,O=C(NC1=CC(=NS1)C=2C=CC=CC2)N3CCCC(CO)C3
DR004224b,CC1=NNC(C)=C1C2COCCN2C(=O)CC=3C=CC=CC3F
XS847138a,CCC1CCC=2SC(=CC2C1)C(=O)NCC3=NN=CN3CC
XS465536b,COC=1C=CC(=CC1)C2CCCN2C(=O)NCC3CCOCC3
XS847130a,CC=1N=C(C=CC1C(=O)N2CCC(C2)C(N)=O)C=3C=CSC3
XS847139a,COC=1C=CC2=C(C1)CCCN2C(=O)NC3CCCCNC3=O
XS637671b,COC=1N=CC=CC1CNC(=O)N2CCCC2C3=CC(C)=NO3
XS847136a,NC=1C=CN=CC1C(=O)NC2CCN(C2)C=3C(F)=CC=CC3F
XS847134a,CC(C)C(C)(C#N)NC(=O)COC=1C=CC=2C=CC(=O)OC2C1
XS847140a,CCC(C)(C)NC(=O)CN1CCNC(=O)CC1C=2C=CC=CC2
XS791220b,COC=1C(Cl)=CC(=CC1Cl)NC(=O)C2CC(=O)N(C)C2
XS787457b,CCN(C(=O)CN1C=CC(=O)NC1=O)C(C)C=2C=CC(F)=CC2
XS847137a,CN(CCOC=1C=CC=CC1)CC(=O)NC2CCCCNC2=O
XS839885b,CC(NC(=O)NC=1C=CC=2CCC3=CC=CC1C32)C=4C=NN(C)C4
XS838743b,CC1=CSC=2N=CN=C(NCC34COC(=O)N4CCOC3)C12
XS847131a,CC=1N=C(C)N(CC2CN(CCCC=3C=CC=CC3)CCO2)N1
XS847133a,NCC(NS(=O)(=O)C=1C=NN(C1)CC=2C=CC=CC2)C3CC3
XS847135a,CC1=NC2=C(CCCC2CNC(=O)NCC3=CNN=C3C)S1
XS841756b,COC=1C=C(C=C2C=CC=CC12)C(C)NC(=O)N3CC(CO)C3
XS838821b,O=S1(=O)CCC=2C=CC=CC2N1CC3(CC3)C4CCCCO4
XS847150a,CC1=NN(C)C=2N=CC(=CC12)NC(=O)N3CCC3C=4C=CC=CC4
XS847153a,ClC=1C=CC=C(CNCC2COC=3C=CC=CC3O2)C1Cl
XS847147a,CCCCNC(=O)CS(=O)CC=1C=CC(Cl)=CC1Cl
XS847152a,CCC1=NOC=2N=CC(=CC12)C(=O)NC3CCCC4=C3C=NN4C
XS847151a,CC=1C=NC(=CN1)C(=O)NC(CN2CCCC2=O)C=3C=CC=CC3
XS847142a,NC(=O)C(NCC1(CC1)C=2C=CC=3OCOC3C2)C=4C=CC=CC4
XS837705b,CC1CN(C(=O)C=2C=CC=C3OCOC23)C=4C=CC=CC4NC1=O
XS771134b,COC=1C=C(C=C2OCOC12)CN3CCCC(O)(CC(N)=O)C3
XS847143a,CC=1C=NN(C1)CC2CCCCN2C(=O)C3=CC=4C=CC=CC4N3
XS847144a,CCC1=NC(=NO1)C2CCCN2C(=O)C=3C=CC4=C(C3)N=NN4C
XS847146a,CC(C)N1C=NC(=C1)C(=O)N2CCC(C2)NC=3C=CC=C(C#N)C3
XS839274b,CC1=CC(COCC2=NC(=NO2)C3CCCC=4C=CC=CC43)=NO1
XS847148a,CC=1C=C(Cl)C=CC1N2C=C(N=N2)C3CCCS(=O)(=O)C3
XS838431b,COC(=O)C(NC=1N=C(F)C=CC1C#N)C2CC=3C=CC=CC3C2
XS804573b,COCC=1C=CC(=CC1)C(=O)NCC(C)N2CCC=3C=CC=CC32
XS570528b,CC=1C=CC(C)=C(C1)S(=O)(=O)N2CCN(CC2)C(C)C(=O)O
XS847149a,CC1CCCN(C1)C(=O)C2CCN(CC=3C=CC(C#N)=CC3)CC2
XS836668b,CC(NC=1C=CC(Cl)=CC1Cl)C(=O)N2CCC3(CCC3)C2
XS836695b,O=S(=O)(CCCC=1C=NNC1)C2CCC=3C(Cl)=CC=CC32
XS847145a,NC1CCN(C1)S(=O)(=O)C=2C=CC(F)=CC2Br
XS592841b,O=C1CCC(=O)N1CCN2CCCCC2C3=CC=4C=CC=CC4N3
XS840082b,CCN1N=C(C)C(CN2N=NC(=N2)C3(CCCN3)C(F)(F)F)=N1
XS847165a,CC1=CC=2C=C(C=CC2NC1=O)NC(=O)C(C)C=3C=CC=C(C#N)C3
XS847154a,O=C(C=1C=CC(=C(F)C1)N2C=CC=N2)N3CCCN4CCCC4C3
XS847158a,CC(C)CCC(C)NC(=O)C=1C=C(C=CC1Cl)S(C)(=O)=O
XS847164a,CCOC1CCCN(C1)C(=O)CC2=NN(C)C(=O)C=3C=CC=CC23
XS847162a,COCC=1C=CC(=CC1)C(=O)OCC(=O)NC(C)C=2C=CC=CC2
XS839060b,CC(C)OCC1=CN(N=N1)C2CC3(CCCC3)OC=4C=CC=CC42
XS847155a,CC1=CN=C(CS(=O)CC=2C=CC(F)=C(Br)C2)O1
XS847156a,CCN(C(=O)C=1C=CN=C(C1)OC2CCOC2)C=3C=CC=CC3C
XS847161a,CSC=1C=CC=CC1NC(=O)CN(C)C2CCS(=O)(=O)C2
XS839675b,CC1=CC(C)=NN1C=2C=CC(=CC2)CCNC(=O)C(C)NC(N)=O
XS482851b,O=C(O)C=1C=CC=C(C1)CCNC(=O)C2COC=3C=CC=CC3O2
XS838765b,CC1(CCN(CC(=O)NC=2C=CON2)C1)C3=NN=C4CCCCN34
XS837964b,COC=1C=C(SN1)S(=O)(=O)NC2CCC3=NC(C)=NN3C2
XS736835c,CC=1C=CC=CC1OCCN2CCCC(C2)C=3C=C(NN3)C(N)=O
XS800375b,O=C1C=2C=CC=NC2N=CN1CC(O)COCC=3C=CC=CC3F
XS582867b,O=C(CC1OC=2C=CC=CC2NC1=O)N3CCN(C(=O)C3)C4CC4
XS847159a,CCCC(C)NC(=O)CC=1C(C)=NN(C1C)C=2N=C(C)C=C(C)N2
XS069546b,COC=1C=CC=C(C1)NC(C)C(=O)NC=2C=CC(=CC2)NC(C)=O
XS606934b,CC(CC=1C=CSC1)NC(=O)C=2C=CC(=CC2)C(=O)NC3CC3
XS757834b,CNC(=O)CN1C=C(C=N1)NC(=O)C2CC=3C=C(C)C(C)=CC3O2
XS847163a,CC=1OC=CC1C(=O)NCC(=O)N2CCCC2C=3C=CC(F)=CC3
XS847157a,CC=1C=CC=C2CCCN(C(=O)C3CC(=O)N(C3)C4CCCC4)C12
XS847160a,CCN1CC(CC1=O)C(=O)NC=2C(C)=NN(C2C)C=3C=CC=CC3
XS838827b,CC1=CC(=O)NC=2C(C)=C(C=CC12)OCC3CC4(CCOCC4)O3
XS840632b,CCC1=NC(=CS1)COC(=O)C2CC(=O)N(C)C=3C=CC=CC32
XS847172a,O=C(C=1C=NC=CN1)N2CCOCC2C3=NC=NN3C=4C=CC=CC4
XS847174a,CCCCNC(=O)N(C)CC1=NN=C2CCC(CN12)C(F)(F)F
XS847175a,COC(=O)CC(NC(=O)NC=1C=C(C)ON1)C=2C=CC(=CC2)OC
XS847170a,COC(CNC(=O)C=1C=CN(N1)C=2C=CC(Cl)=CC2)C(C)(C)C
XS847180a,CN(CC(=O)N(C)C1CCC=2C=CC=CC21)C=3N=CN=C4N=CNC34
XS837345b,CS(=N)(=O)C=1C=CC=C(C1)CNC2=CC=NC3=C(Cl)C=NN23
XS847171a,CCN1N=C(C=C1C(=O)NC(CC2CCCCC2)C(=O)O)C(C)C
XS839142b,CC=1N=C(SC1C)S(=O)(=O)N(C)C2CCC=3C=CC=CC3C2
XS847169a,COC(=O)C(C)OC(=O)C=1C=CC=C(C1)NC(=O)C2=CC=CS2
XS838297b,O=C(CCC1CC1)NCC2C=CCN2C(=O)C3=CC(O)=CC(=O)O3
XS837554b,COC(=O)C(C)C=1C=CC(=C(F)C1)C2=CC(=CN(C)C2=O)[N+]([O-])=O
XS690664b,O=C(O)C1CC=2C=CC=CC2N1C(=O)C=3C=CN(N3)C=4C=CC=CC4
XS722629b,CC1=CSC(CNC(=O)C=2C=CC=CC2OCC3CCCO3)=N1
XS847177a,CCCN1N=C(C=CC1=O)C(=O)NC(C)C=2C=C(F)C=CC2OC
XS847181a,CC(CCNC(=O)CN1C=NC=2C=CC=CC2C1=O)C=3C=CC=CC3
XS847178a,CC(C)C=1C=C(NC(=O)CN2CCCC(C2)C3=CC=NN3C)ON1
XS847168a,CN1C=C(C(=O)N(C)C1=O)C2NC3(CCCC3)C(=O)N2CC4CC4
XS847167a,NC(=O)C1CCN(C1)C=2N=CC=CC2C(=O)N3CCC=4C=CC=CC43
XS847179a,CC=1C=CC(=CC1F)C2=NOC(CCCN3CCC(C3)C(N)=O)=N2
XS847173a,CC=1C=CC=2C(=COC2C1C)CC(=O)NC3(C)CCS(=O)(=O)C3
XS847166a,CC=1C=CC(=CC1S(N)(=O)=O)NC(=O)C2CC=3C=CC=CC3O2
XS847176a,O=C(NCCC=1C=CC=C(Cl)C1)C2CCCN(C2)C(=O)C3CC3
XS841489b,COC=1C=CC=CC1CC2=NN=C(N2C)N3CC(C)C=4C=CC=CC43
XS332661b,CC=1OC(=NC1C(=O)N2CCCCC2CC(N)=O)C=3C=NN(C)C3
XS729514b,O=C(CN1CCC(O)(CN2C=CN=N2)C1)N(C3CC3)C4CCCC4
XS837587b,CN(CC(=O)NC1=NC=CS1)C(=O)C2CCCC=3N=NN(C)C32
XS838102b,CN1C=CC(=N1)N2C=C(CN3CCCC3(C)CC=4C=CC=CC4)N=N2
XS839530b,NC=1C=CC(=NN1)C2CCCN2CC3=NC(=NO3)C=4C=CC=CC4F
XS838857b,CCC1CCCN(CC(=O)N2CCC=3NC=4C=CC=CC4C3CC2)C1
XS841120b,CCOC1=C(C=NN1C=2C=CC=CC2)C(=O)NC3CCCN(C#N)C3
XS847188a,CC(NC(=O)NC=1C=CC=C(C1)CN2CCOC2=O)C=3C=CC=CC3
XS847186a,COC=1C=CC(=CC1)C(=O)NC(C(=O)NC=2C=CC=CC2C)C(C)C
XS847190a,CC(C1=NC(=NO1)C2CC2)N3CCCN(CC3)C=4N=CC=CC4C#N
XS847185a,COCC(C)NC(=O)CCCN1C=NC2=C1C(=O)N(C)C(=O)N2C
XS839715b,C=CCCOC(C)C(=O)OC1CCN(CC1)C=2C=CC(Cl)=CN2
XS437943b,CC1=CC=2C=CC=CC2N1CC(=O)NC=3C=NN(C3)CC4CCCO4
XS837613b,CC(C)C(F)C(=O)N1CC2(CC(C2)NC(=O)CC(C)(C)C3CC3)C1
XS847191a,CC1=CN2CC(CCC2=N1)NC(=O)CN3N=CC=4C=CC=CC4C3=O
XS530690b,CC=1N=C2C=C(F)C=CC2=CC1C(=O)N3CCCC(C3)N4C=CC=N4
XS579973b,CC=1SC=2N=C(CSC(C)C(=O)NC3CC3)NC(=O)C2C1C
XS847187a,O=C(CC1SC=2C=CC=CC2NC1=O)N3CCC=4C=CC=CC4C3
XS847189a,CC(C(=O)NC=1C=CC=C(C#N)C1)N(C)CC(=O)NCC2=CC=CO2
XS847182a,CC=1C=C(NC(=O)C(C)NC=2C=CC(C)=C(C2)OCC(F)F)ON1
XS513517b,C=1N=C2C=CC=CN2C1CN3CCCCC3C4=NN=C(O4)C5CCC5
XS840798b,CC=1OC=2C=C(C=CC2C(=O)C1OC=3C=CC=CC3)OC(C)C(=O)O
XS839859b,CC1CCC=2C=CC=CC2N1C(=O)COC=3C=CC=4COC(=O)C4C3
XS847184a,NC(=O)C1CN(C=2C=CC=CC21)S(=O)(=O)C=3C=CC(F)=CC3F
XS636777b,CC(=O)NCC=1C=CC(=CC1)C(=O)NC(C=2N=CC=CC2C)C(C)C
XS838078b,O=C1OCCN1CCS(=O)(=O)N2CCCC(C2)C=3C=CC=CC3
XS838430b,CC(C1=CC=CO1)C2=NOC(CN3C(=O)CCOC=4C=CC=CC43)=N2
XS837944b,O=S(=O)(NC1CCOC2(CCC2)C1)C=3C=CC(F)=C4OC=CC34
XS847193a,CCC1=NC=CN1C2CCCN(C2)C(=O)COCCC=3C=CC=CC3
XS841725b,CC1=CC(=CS1)C2CCN(C2)C(=O)CN3C=CC(=N3)C(F)(F)F
XS847198a,CC1=NOC(C)=C1COC=2C=CC=C(C2)C(=O)N3CCCC(C)CC3
XS419529b,CN1C=CN=C1C(NC(=O)C=2C=C(Cl)C=CN2)C=3C=CC=C(F)C3
XS847194a,CC1=NOC(=N1)C2COCCN2C=3N=CN=C4C3C=NN4C(C)(C)C
XS561106b,CC1OC=2C=CC=CC2N(CCC3=NC(=NO3)C=4C=CSC4)C1=O
XS847195a,CC1=CC(=O)N2N=C(NC3CCN(CC=4C=CC=CC4)C3)SC2=N1
XS483179b,CN1N=CC=2C(N)=NC(=NC21)N3CCC(CC=4C=CC(F)=C(F)C4)C3
XS847199a,O=C(CC1C(=O)NC=2C=CC=CC21)NC=3C=CC(=CC3)C=4C=CC=CC4
XS746092b,CCOC=1C=CC=CC1C(=O)N2CCCC2C(=O)NC=3C=NN(C)C3
XS847200a,CC(C)C(C(=O)NCC=1C=CC(=NC1)N2C=CN=C2)N3CCCC3=O
XS818012b,CC(=O)NC=1C=CC=C(C1)C(=O)OC(C)C(=O)NC=2C=CC(F)=CC2
XS743505b,CN1CC(CC1=O)C(=O)NCC2=NC=CN2CCCC=3C=CC=CC3
XS547990b,CC1=CC=C(S1)C=2N=CC=CC2NC(=O)N3CCCC(C3)C(N)=O
XS837548b,CC(CNC(=O)N(C)CC=1C=CC(C#N)=CC1)OC=2C=CC=CC2F
XS456289b,CC1=NN(C=2N=CC(=CC12)C=3C=CC(C)=NC3)C4CCS(=O)(=O)C4
XS847192a,CC(=O)N1CCC(CC1)NC(=O)N2CCCCC2CC=3C=CC=CC3
XS396598b,COC=1C=CC=2N=C(NC(=O)C3COC=4C=CC=CC4O3)SC2C1
XS838863b,O=C(NCC=1N=CC=CC1Cl)NCC2CC32CCC(F)(F)CC3
XS841728b,O=C(O)CC=1SC=CC1C(=O)N2CC=3C=CC=C4CCCC(C2)C43
XS838426b,CN(C)S(C)(=O)=NCC1CCN(CC1)C2=NSC(=N2)C3CC3
XS847197a,COC=1C=CC(=CC1)CCNC(=O)N2CCCC(C2)C3=NN=CN3C
XS839843b,CC1=CC(C)=NC2=C1C(=NN2C)OCC(=O)N3CC(C)(C)C3C4CC4
XS837375b,CC(O)(COC=1C=C(C=CC1Br)C(N)=O)C(F)(F)F
XS841890b,CC1=NN=C(CC=2C=CC(=CC2)C(=O)N3CC4(CCC4)CC3CO)O1
XS847206a,CC(C)NC(=O)CN(C)C(C)C(=O)NC=1C=CC=CC1C(F)(F)F
XS790577b,CC(=O)N1CCCN(CC1)C(=O)NC2CCCN(C2)C=3N=CC=CN3
XS847203a,CC=1C=C(C(=O)NC2CCCN(CC=3C=CC=CC3)C2)C4=NNC=C4C1
XS838359b,COC(=O)CC1CN(C=2C=NC=C(N2)C(F)(F)F)C3(CCC3)CO1
XS847213a,ClC=1C=C(C=C2OCCOC12)CNCC3COC=4C=CC=CC4O3
XS847212a,CC1=CC=C(C(=O)N(C)C(C)C=2C=CC(=CC2)S(C)(=O)=O)C(=O)N1
XS847208a,CC(NC(=O)NCC=1C=CC=NC1N2CCOCC2)C3=CC=CS3
XS841846b,CC(NC(=O)C=1C=CC(Cl)=C(C1)N2CCCC2=O)C3=CN=CS3
XS847210a,CC(CN1CCOCC1)NC(=O)CN2C=NC=3C=CC(F)=CC3C2=O
XS837157b,CN(CC1CCOC1)S(=O)(=O)C2=CC=3C=C(Cl)C=CC3S2
XS847209a,CS(=O)(=O)C=1C=CC(C#N)=CC1NCC2(CCC2)C3CCCCO3
XS572742b,COC=1C=CC(=CC1OC)CNC(C2=NC=CN2C)C3CCOCC3
XS847216a,CC1=CSC2=NC(=CC(=O)N12)CN3CCCC(C3)N4CCNC4=O
XS847211a,COCC(=O)NC1CCN(CC1)C(C)C2=NC(=NO2)C=3C=CC=CC3
XS847214a,COC=1C=C(C=C2OCCOC12)C(=O)N3CCCC3C4=CC=CS4
XS847205a,CCC(=O)N1CCCCC1C(=O)N2CCCN(C)C=3C=CC(F)=CC32
XS840488b,CN1C(=O)C(C#N)=C(NC2CCSC=3C(F)=CC=CC32)N(C)C1=O
XS847215a,O=C(CN(CC1=CC=CS1)CC2CCCO2)NC=3C=CC=CC3F
XS847204a,CC1=CC(=NO1)C(=O)NCC(C=2C=CC=C(Cl)C2)N3CCOCC3
XS847207a,O=C(NC1(CCCC1)C(=O)NCC2CC2)C3CC=4C=C(F)C=CC4O3
XS847202a,CC(C=1C=CC=CN1)N(C)C(=O)C=2N=C(C3CC3)N(N2)C=4C=CC=CC4
XS839120b,COC=1C=CC2=CC=CN=C2C1S(=O)(=O)N3CC(C)(C)NCC3C
XS840355b,CC=1N=C(COC(=O)C(C)OC=2C=CC(C#N)=CC2)N=C3C=CC=CC13
XS840471b,CC(NC(=O)C=1SC=CC1S(=O)(=O)C(F)F)C=2C=CN=CC2
XS847201a,CC1=CC=C(S1)S(=O)(=O)N2CSCC2C(=O)NC(C)(C)C
XS847224a,CC(NC(=O)C=1C=COC1)C(=O)N(C)CC=2C=CC=CC2N3CCCC3
XS847225a,CC1=NOC(C)=C1CCC(=O)N(C)C(C=2C=CC=CC2)C=3C=CC=CN3
XS389833b,CC(C1=NC=2C=CC=CC2S1)N(C)CC3=CC(=O)N4C=CC=CC4=N3
XS723166b,CC(C(=O)NC1=NNC2=C1C(=NN2C)C=3C=CC=CC3)C4CCOCC4
XS394131b,CC1CC=2C=CC=CC2N1C(=O)CN3C=NC4=C3C(=O)N(C)C(=O)N4C
XS847219a,CC(OC(=O)CC=1C=CC=C2C=CC=NC12)C(=O)NC=3C=CC=CC3F
XS847217a,CC(C)(C)C(=O)NCCNC(=O)N1CCC(CC=2C=CC(F)=CC2)C1
XS847220a,COC(=O)C=1C=CC(=CC1)NC(=O)C2CCCN(C2)C(=O)C3=CC=CO3
XS847226a,O=C(CN1C(=O)NC=2C=CC=CC21)N3CCCC3C=4C=CC=C(Cl)C4
XS847223a,CCOC(=O)NC1CCCN(C1)C(=O)C=2C=C(OC)C(C)=C(C2)OC
XS839108b,CC=1C=CC=2CCC(NC=3N=C4CCS(=O)(=O)CC4=CC3C#N)C2C1
EL001814c,CCNS(=O)(=O)CCNC(=O)CC1CCCCN1C=2C=CN=CC2
XS701388b,COC=1C=CC(OC)=C(C1)N2CC(CC2=O)C(=O)NC=3C=C(C)C=CN3
XS820544b,CC=1C=CC=C(C1)CNC(=O)N2CCCC(C2)C3=NN=C4C=CC=CN34
XS842051b,CC(NC=1C=CC(=CC1)OC=2C=CC=CC2C#N)C(=O)N3CCOCC3
XS847222a,NC(=O)CC=1C=CC=CC1NC(=O)N2CCCCCC2C=3C=CN=CC3
XS840360b,CC(NCC1=CC=C(O1)C=2C=CC(Br)=CC2)C=3C=CC=NC3
XS847218a,COC(=O)CC(NC(=O)C=1CCC(=O)N(C)N1)C=2C=CC(Cl)=CC2
XS837861b,CC1(C)CC(C(=O)NC=2N=CN(N2)C3CCCCC3)C=4C=CC=CC4O1
XS847221a,CCC(CC)N1N=CC=C1C(=O)N2CCC(C2)NC=3C=CC=C(C#N)C3
XS837704b,CC1OC=2C(=CC=CC2NC1=O)C(=O)N3CC=C(CC3)C4=CC=CS4
XS839637b,CN(CC1=NC=2C=CC=CC2N1C(F)F)C(=O)C3CCS(=O)(=O)C3
XS838675b,CC(C)OC=1C=CC(=CC1)C(=O)NCC2=NC(=NO2)C3C=CC=NC3=O
XS841933b,N#CC=1C=NC=C(N1)NC2CCC3=CN(CCCC(F)(F)F)N=C3C2
XS842155b,COCC1=NOC=C1C(=O)NC2=CC=NN2C3CCCC=4C=CC=CC43
XS847230a,CC=1N=C(SCC(=O)N(C)C2CCS(=O)(=O)C2)C3=CC=CC=C3N1
XS400333b,CC(NC(=O)C=1N=C(N=CC1Cl)N2CCOCC2)C=3C=CC=CC3F
XS847232a,COC=1C=CC=CC1C2CC(=NN2C(=O)C3=CC=CO3)C=4C=CC=CC4O
XS847240a,CC=1C=CC=C(C1)C2(CC2)C(=O)NC(C)C=3C=CC(=CC3)S(C)(=O)=O
XS838185b,COC=1N=CC=C(N1)C(=O)N2CC3(C2)CCCC3NC=4N=CC=NC4F
XS838816b,CC=1C=CC=C(C1)N2C=NC=3C=C(C=CC32)C(=O)OCC4CNC(=O)CO4
XS830827b,CCN(C1CCS(=O)(=O)C1)S(=O)(=O)C=2C(C)=C(C)C=C(C)C2C
XS840396b,CC(OC(=O)C=1C=CC=NC1OC=2C=CC=CC2)C(=O)NCC3=CC=CO3
XS847231a,COC=1C=CC=C(C1)C(NC(=O)C2=CC=3C=CC=CC3N2)C4=NC=CN4C
XS692008b,O=C(CN1CCCC(C1)C2=NN=C3CCCCCN23)N4CCCCCC4
XS847239a,CC=1N=C(SC1C(=O)NC(C)C2=NN=CN2C)C=3C=CC(Cl)=CC3
HL001986c,CC(C(=O)NC1=CNN=C1C=2C=CC=CC2)C=3C=CC=C(C3)C=4N=NNN4
XS169192b,O=C(NCC(C1=CC=CO1)N2CCCC2)C=3C=NC=C(Br)C3
XS788651b,COC=1C=CC=C(C1)N2CCN(CC2)C(=O)C(C)OC=3C=CC(C#N)=CC3
XS839533b,CC(C(=O)NC=1C=CC(=C2C=CN=CC12)N3CCCCC3)S(C)(=O)=O
XS847227a,CC1=NN=NN1C=2C=C(C=CC2F)NC(=O)NCC(C)CN3CCCC3
XS847233a,CC1CC(=O)NC=2C=CC=CC2N1C(=O)CN(C)CC=3C=CC=C(C#N)C3
XS847237a,CC(=O)NC(CC(=O)NCCC(=O)NC=1C=CC=CN1)C2=CC=CS2
XS847238a,COC=1C=C(C=CC1NC(C)=O)NC(C)C(=O)NC=2C=CC(F)=C(F)C2
XS847228a,CC=1C=CN2N=CC(C(=O)NC3CCN(CC3)C(C)C=4C=CC=CC4)=C2N1
XS847229a,CC=1C=CC(=CC1C)C2=NN=C(O2)C(C)NC=3C=CC(=CC3)OCC(N)=O
XS839104b,CN1C=2C=CC=CC2C(CS1(=O)=O)NC=3N=CC=C(N3)C(F)(F)F
XS841652b,CC1CN(CCC21CCN(CC2)C(=O)C3=CSC=C3F)C(=O)C4CC4
XS847236a,CCCN1CCN(CC(=O)NC(C)C=2C=CC(=CC2)C=3C=CC=CC3)CC1
XS847253a,CSC=1N=C2N=C(C)C(CC(=O)N(C)C(C)C=3C=CC=CC3)=C(C)N2N1
XS847243a,CC(C)N(CC1CCCCO1)C(=O)C=2C=CC=C(C2)CN3CCN(C)CC3
XS847252a,O=C1C=2C=CC=CC2NC(C=3C=C(Cl)C=4OCCCOC4C3)N1C5CC5
XS847242a,CC1=C(N=NN1C=2C=CC(=CC2)OC(C)C)C(=O)N3CCCC(C3)C(=O)O
XS847246a,CC1CCN(CC1)S(=O)(=O)N2CCCC2C3=NN=C4CCCCCN34
XS840703b,CN1C=CN2N=CC(CNC(=O)C3CCN(CC=4C=CC(Cl)=CC4)C3)=C12
XS080731f,COC=1C=CC=CC1NC(=O)C(C)NC=2C=CC(=CC2)C3=CSC(C)=N3
XS839562b,COC=1C=CC(=CC1)C2(CC3(CCC3)C2)C(=O)N(C)CC(C)C4=NN=NN4
XS847249a,COC=1C=CC=CC1NC(=O)N2CCCC2C=3C=CC=4OCCCOC4C3
XS839027b,COC=1C=C(Cl)C(=CC1Cl)C2=CN(N=N2)C(C)C3=NN=C(C)S3
XS838830b,CN1CCN(C(=O)C2OCCOC32CCC3)C=4C=CC(=CC41)C(F)(F)F
XS825460b,O=C(OCC1CCCO1)C=2N=C(C3=CC=CS3)N(N2)C=4C=CC(F)=CC4
XS847248a,CNC(=O)C1=CC=2C(=O)N3C=CC=C(C)C3=NC2N(CC4CCCO4)C1=N
XS841008b,CC(NC=1C=CC(=C2C=CC=NC12)[N+]([O-])=O)C=3C=CC(=CC3)S(C)(=O)=O
XS847251a,CC(C)C=1C=C(C(=O)NC(C)C(=O)N2CCCC2)C=3C=NN(C3N1)C(C)C
XS847244a,CCCC(C)NC(=O)COC=1C=CC(=CC1)NC(=O)C=2C=CC=CC2OC
XS847250a,CS(=O)(=O)CCCNC(=O)C1CC(=O)N(C1)C=2C=CC=C3C=CC=CC23
XS847247a,COC(=O)C=1C=CC=CC1S(=O)(=O)N2CC(OC=3C=CC=CC32)C(N)=O
XS183882b,COC=1C=CC(C)=CC1NC(=O)CN(CC2=CC=CS2)CC3CCCO3
XS847241a,CC1=CC(C)=NC=2SC(=CC12)C(=O)NC3CCN(C=4C=NN(C)C4)C3=O
XS837625b,CC(C=1C=CC=CC1)N2C=C(C=N2)NS(=O)(=O)C=3SC=CC3Cl
XS847254a,COC=1C=CC(=CC1)C2=NC(=CS2)C(=O)NC(C)C=3C=CC=CC3OC
XS395778b,CN1C=CN=C1C(NC(=O)CC2=NNC(=O)C=3C=CC=CC23)C=4C=CC=CC4
XS840652b,COC(=O)C(CNC(=O)NC=1C=CC(C(N)=O)=C(Cl)C1)C=2C=CC=CC2
XS841905b,O=C(C1=CCS(=O)(=O)C1)N2CCCC(C2)C3=NC(=NN3)C=4C=CC=CC4
XS847245a,CCC(NC(=O)NCC=1C=CC=C(C1)NS(C)(=O)=O)C=2C=CC(C)=CC2
XS837744b,FC(F)C1=NN=C2C=CC(=NN12)NC3CC=4C=C(Br)C=NC4C3
XS837870b,CN1CCCC2(CCN(C2)C(=O)NCCNS(=O)(=O)C=3C=CC=CC3)C1
XS842363b,O=C(NC(CCO)C1CCC(F)(F)CC1)C=2OC(=NC2C(F)F)C3CC3
XS847255a,CC(CN1CCCC1=O)NC(=O)C2CCN(CC2)C3=NC=4C=CC=CC4S3
XS838932b,CCC1=C(C=NN1CC)C(=O)NC2C=CCN(C2)C(=O)C=3N=CC(N)=CC3C
XS840663b,CC(NC(=O)C=1C=C(C(O)=CC1N)[N+]([O-])=O)C=2C=CC=CC2Br
XS545375b,CC=1N=C(SC1C(=O)N2CC(C)CN(C)C=3C=CC=CC32)C=4N=CC=CN4
XS841961b,N#CC=1C=CC(=CC1)N2CCCC2C(=O)NCC3=NC=4C(F)=C(F)C=CC4N3
XS847260a,CC(C(=O)NCC=1C=CC=CC1)S(=O)(=O)CC=2C=CC(=CC2)C(F)(F)F
XS847258a,CCCCN(C(=O)COC(=O)C=1C=CC(=CC1)CO)C2CCS(=O)(=O)C2
XS847256a,O=C(CN(CC1=CC=CS1)C2CCS(=O)(=O)C2)NC3CCCCCC3
XS847262a,CCN(CC)C(CNC(=O)C=1C=CC(OC)=C(OC)C1OC)C2=CC=CO2
XS847259a,CCOC=1C=CC(=CC1)N2CC(CC2=O)C(=O)NC3=NC(=CS3)C(C)(C)C
XS847263a,CC1CC=2C=C(C=CC2N1S(C)(=O)=O)C(=O)OCC(=O)NC3CCCC3
XS836762b,CC1CC=2C=CC=CC2N1C(=O)CN3C(=O)OC=4C=C(C=CC43)S(N)(=O)=O
XS820586b,CC=1C=CC=2N=CN(CC(=O)N3C=4C=CC=CC4NC(=O)CC3C)C(=O)C2C1
XS847257a,CC1=CN(N=C1C(=O)N2CCCC(C2)C3=CC=NN3C)C=4C(F)=CC=CC4F
XS847261a,COC=1C=CC(=CC1)OCCN2CCN(CC2)C(C)C(=O)NC=3C=CC=CC3
XS847264a,O=C(CC1SC=2C=CC=CC2NC1=O)NCC=3C=CC=C(C3)OC(F)F
XS531726b,CC1=CN=C(S1)C(NS(=O)(=O)C=2C=CC(=CC2)OCC(F)F)C3CC3
XS437264b,CN1CCC2(CC1)CC(NC(=O)C=3C=CN4N=NC=C4C3)C=5C=CC=CC5O2
XS683421b,CC=1C=C(C)C(NC(=O)CNC(=O)CC(C)NC(=O)C=2C=CC=CC2)=C(C)C1
XS837772b,CS(=O)(=NC(=O)C1CCN(CC1)C=2C=CC(C#N)=CN2)C=3C=CC=C(F)C3
XS837664b,O=C(NC=1C=CC=C(C1)C2=NC=CO2)N3CCCC(C3)OC=4N=CC=CC4F
XS837225b,CC1=NC=CN1C=2C=CC(=CC2F)CNC(=O)C3CCCC=4C(O)=CC=CC43
XS838693b,COC(=O)C(NC=1C=CC(=CC1)OCCS(C)(=O)=O)C=2C=CC=C(C)C2
XS847270a,COC(=O)C=1C=CC(=CC1)CN(C)CC(=O)N2C=3C=CC=CC3NC(=O)CC2C
XS847281a,O=C(CNC(=O)C=1C=CC=CC1Cl)NCC(C2=CC=CS2)N3CCCC3
XS847271a,CCOC=1C=CC(=CC1)N2CC(CC2=O)C(=O)NC3(CCCC3)C4=NOC(C)=N4
XS847277a,O=C(CC1=CSC(=N1)C2=CC=CO2)NC(CN3CCCC3=O)C=4C=CC=CC4
XS847279a,COC=1C=CC=C(C1)NC(=O)C2CCCN(C2)S(=O)(=O)C=3C=CC(C)=CC3
XS736320b,CC(NC(=O)CCC1=NC(=NO1)C=2C=CN=CC2)C=3C=CC(=CC3)C(F)(F)F
XS847273a,COC(=O)C(NC(=O)C=1C=CC(C)=C(C1)S(=O)(=O)N2CCCCC2)C(C)C
XS839575b,CC=1N=CSC1CCS(=O)(=O)NC2C=3C=CC=CC3CC42CCOCC4
XS847267a,CC(C)C1=NC(=NN1C=2C=CC=CC2F)C(=O)N3CCCC(CCC(=O)O)C3
XS840912b,CC1=CC(C)=C(C)C=2NC(=CC12)C(=O)NCC(C)(O)CNC(=O)C3=CN=CN3C
XS847268a,CN(C(=O)C1=CC(=NN1)C=2C=CC(Br)=CC2)C3CCS(=O)(=O)C3
XS847269a,CCC=1C=CC=CC1N2CC(CC2=O)C(=O)N3CCOC=4C=C(C=CC4C3)OC
XS847275a,CCOC=1C=CC(=CC1)C2=NOC(CN3CC=4C=CC=CC4CC3C(=O)NC)=N2
XS847282a,CC=1NC(=O)C(C#N)=C(C)C1CCC(=O)NC(C)C=2C=CC(=CC2)N3C=NC=N3
XS847276a,COC=1C=CC(=CC1Br)CCC(=O)N2CCCC2C(=O)NC3CC3
XS847266a,COCC(O)CCNC(=O)NC=1C=CC(=CC1)OC=2C=CC=C(C2)C(F)(F)F
XS062009e,CC(C(=O)C1=CNC=2C=CC=CC12)N3CCC(CC3)C(=O)NC=4C=CC=CC4O
XS847274a,CC(=O)NC=1C=CC(=CC1)S(=O)(=O)NC(C)C(=O)NC=2C=CC(C)=C(F)C2
XS840881b,O=C(C=1C=CC=2OCC(=O)NC2N1)N3CCCC(C3)C4=NC=5C=CC(F)=CC5O4
XS847280a,O=C(C=1N=CN2CCOCC12)N3CCC(C3)NC=4C=CC=C(Br)C4
XS847278a,CC(C)C(NC1=NS(=O)(=O)C=2C=CC=CC12)C(=O)NCC=3C=CC=CC3F
XS836525b,CC(=O)N1CC(C)C=2C=CC(=CC21)S(=O)(=O)NC=3C=NC4=C(C3)C(C)=NN4C
XS847272a,O=S1(=O)CCC(C1)N2CCN(CC2)C3=NC=4C=CC=CC4OC=5C=CC=CC35
XS836985b,CC=1C=CC(=CC1)N2N=C(C(=O)NC3CC=4C=CC=CC4C3(C)C)C(O)=CC2=O
XS847265a,O=C(C1CN(CC=2C=C(ON2)C3=CC=CO3)C=4C=CC=CC4O1)N5CCCCC5
XS847293a,CC1=NC(=NN1C=2C=CC(F)=CC2)C(=O)NC(CN3CCCC3=O)C=4C=CC=CC4
XS842577b,CC(C)N1N=CC=2C=C(C=CC21)S(=O)(=O)N3CSCC3C(=O)N(C)C4CC4
XS847292a,CN(CCOC=1C=CC(Cl)=CC1)C(=O)C2CCCN(C2)C(=O)C3=CC=CS3
XS472728b,CCOC=1C=CC(=CC1)CN2CCN(CC2)C(=O)C3CCCN(C3)C=4N=CC=CN4
XS847283a,CCN(CC)S(=O)(=O)C=1C=CC(=O)N(C1)CC(=O)NC(C)C=2C=CC(F)=CC2
XS685997b,CCC1C=2C=CSC2CCN1C(=O)C=3C=CC(OC)=C(C3)S(=O)(=O)NC(C)C
XS847285a,CCOC=1C=CC(=CC1OCC)S(=O)(=O)N2CCCC2C3=NC=4C=CC=CC4N3
XS847294a,CCNC(=O)NC(=O)C(C)NC=1C=CC(OCC)=C(C1)S(=O)(=O)N(CC)CC
XS847288a,CC(OC(=O)CCCNS(=O)(=O)C=1C=CC(F)=CC1)C(=O)N2CCCCC2
XS837018b,COC=1C=CC(=CC1OC)C(CO)CNC=2C=CC3=CC(F)=CC(=C3N2)[N+]([O-])=O
XS847286a,CC(C(=O)NC=1C=CC=CC1F)N2CCC(CC2)NS(=O)(=O)C3=CC=CS3
XS744578b,CC(C)C(NC(=O)CCS(=O)(=O)C=1C=CC=2OCCOC2C1)C=3C=CC(F)=CC3
XS841084b,CC1CCCN(C1)C(=O)COC(=O)CCNS(=O)(=O)C=2C=CC3=CC=CC=C3C2
XS847290a,O=C(C=1C=CC(=O)N(CC=2C=CC=CC2)N1)N3CCCC3C4=NC=5C=CC=CC5S4
XS429001b,CCN(CC)S(=O)(=O)N1CCC=2C=C(OC)C(=CC2C1C=3C=CC=CC3)OC
XS847291a,COC=1C=CC(=CC1)C(CNC(=O)CC2=COC=3C(C)=C(C)C=CC23)N4CCCC4
XS153007b,CC(=O)N1CCC=2C=C(C=CC21)NC(=O)C(C)OC=3C=CC(Br)=CC3
XS847295a,COC=1C=CC=C(C1)CNC(C)C(=O)NC=2C=CC(=CC2)S(=O)(=O)N3CCCC3
XS847289a,FC(F)(F)C1(CCN(CC2=NN=C3COCCN23)C1)C4=NC(=NO4)C=5C=CC=CC5
XS841508b,FC(F)C1=NN=C2C=CC(=NN12)N3CCCC(C3)C4=NNC(=N4)C5CCCCC5
XS837825b,COC(=O)C1=CC=2CN(CCC2N1C)C(=O)C3(O)CCCN(CC=4C=CC=CC4)C3
XS847296a,CCN(CC)S(=O)(=O)C=1C=CC(=CC1)C(C)NCC(=O)NC=2C=CC=C(C)C2
XS847284a,CCN1C(CN2CCCCC2C3=NN=C(O3)C4CCOCC4)=NC=5C(F)=CC=CC51
XS699838b,O=C(CN1CCCC1C(=O)NC=2C=CC(Cl)=CC2Cl)NCC=3C=CC=CC3
XS847287a,O=S(=O)(C=1C=CC(OC(F)F)=C(F)C1)N2CCC3(C2)CCC=4C=CC=CC4O3
XS847297a,CCN(CC1COC=2C=CC=CC2O1)C(=O)NCC=3C=CC(=CC3)S(=O)(=O)NC
XS840661b,CC(C)C1CCC=2C=CC=CC2N1S(=O)(=O)C=3C=CC(=CC3)OCC4=NC=NN4C
XS840462c,CCOC(=O)C1=C(CN2CCC=3C=CC=CC32)NC(=O)NC1C=4C=CC=CC4OC(F)F
XS836463b,CC1=NOC(C)=C1C(C)NS(=O)(=O)C=2C=C3C(=CC2Br)N(C)C(=O)N3C
XS847301a,CC(C)N1N=CC=2C=C(C=NC21)C(=O)N3CCN(CC3)C(C(N)=O)C=4C=CC(Cl)=CC4
XS837821b,COC1=CN(C)C(=CC1=O)C(=O)N2CCC=3C=C(O)C=CC3C2COCC=4C=CC=CC4
XS847315a,CC=1N=C(SC1CC(=O)N2CCC(CC(=O)N3CC(CO)(C3)C4CC4)C2(C)C)C=5C=CN(C)N5
XS847303a,CC1=NN(CC=2C=CC(C)=CC2)C(C)=C1C(=O)N3CCN(CC3)C(=O)C4COC=5C=CC=CC5O4
XS847313a,CC(C)CNC(=O)C1CCCN(CC2=CC(=O)N3C(=CSC3=N2)C=4C=CC=CC4)C1
XS838851b,CC1(C)C(CNC(=O)C2=CC=3C(O)=CC=CC3N2)CCN1C(=O)C4=NC=C5C=CC=CN45
XS847300a,CN1N=CC(C(=O)NC2COC=3C=C(F)C(Br)=CC32)=C1CC=4C=CC=CC4
XS847302a,CC(NC(=O)CCC1=NC=C(O1)C=2C=CC(F)=CC2F)C=3C=CC(=CC3)N4C=NC=N4
XS847299a,COC=1C=CC=2NC(=NC2C1)SCC(=O)N(C3CCS(=O)(=O)C3)C4CCCCC4
XS847312a,CC(C)N(C(=O)CN1C(=NC=2C=CC=CC21)C(C)NC(=O)C3=CC=CO3)C=4C=CC=CC4
XS847308a,CC(=O)NC=1C=CC(F)=C(C1)NC(=O)C2CC(=O)N(C2)C=3C=CC=CC3Br
XS842728b,CC(OC=1C=CC(F)=CC1)C(=O)NC=2C=CC(=CC2N3CCOCC3)N4CCOCC4
XS393077b,CC=1C=C(NC(=O)C2CC(=O)NC=3C=CC=CC32)N(N1)C=4C=CC=C(Br)C4
XS847298a,N#CC=1C=CC=CC1S(=O)(=O)N2CCN(CC2)C(C(=O)N3CCCC3)C=4C=CC=CC4
XS847310a,CC(C1=NC(=NO1)C=2C=CC=CC2)N3CCN(CC3)C(=O)CC4=NNC(=O)C=5C=CC=CC45
XS146656c,CC(C)C(NC(=O)C=1C=CC=CC1F)C(=O)NNC(=O)CC2=NC=3C=CC=CC3N2C
XS847304a,CC(C)(C)C=1C=C(NC(=O)CCC2=NC(=NO2)C3=CC=CO3)N(N1)C4CCS(=O)(=O)C4
XS847311a,COC=1C=CC(=CC1NC(=O)C2CC=3C=CC=CC3C(=O)O2)S(=O)(=O)N4CCOCC4
XS847306a,CC(=O)NC(CC1=CNC=2C=CC=CC12)C(=O)NC=3C=CC=C(C3)C4=NN=C5CCCCCN45
XS847314a,CN(C)CC=1C=CC(=NC1)N2CCN(CC2)C(=O)C3(CC=4C=CC=CC4)CCN(C)C3=O
XS847307a,CC1=NN(C(C)=C1CN(C)C(=O)C=2C=CC(=CC2)N3C=CN=C3)C4CCS(=O)(=O)C4
XS847305a,CN(C)C=1C=CC(=CC1)C(CNC(=O)C=2C=CC=C(C2)S(=O)(=O)N3CCOCC3)C4=CNC=5C=CC=CC45
XS847326a,CC1=NOC(CN2CCCC2C3=CC=CS3)=N1
XS847327a,CN(CC1COC=2C=CC=CC2O1)C(=O)C3CC3
XS840392b,COCC(C)NC(=O)C1=C(C)NC=2C=CC=CC12
XS847325a,O=C(NCC1CCCO1)C=2C=CC=NC2O
XS847330a,CCCC(C)NC=1C=NC2=C(C1)C(C)=NN2C
XS842234b,O=C1CN(CC2CCC(F)(F)C2)CCN1
XS815987b,NC(=O)N1CCCC(C1)C(=O)NC=2C=CC=CN2
XS840956b,CN(C=1N=CC=CC1[N+]([O-])=O)C2CCSC2
XS847317a,CN1C=C(C=N1)C2CCCN2C(=O)C=3C=CNN3
XS841167b,COC(=O)C(F)CC=1C=CC=C(N)C1
XS847320a,CNC(=O)CC1CCOC=2C=CC=CC21
XS847319a,CC1=CC(CNC(C)CN2C=CC=N2)=NO1
XS847324a,O=C(C1CC=2C=CC=CC2CN1)N3CCCC3
XS847322a,CC1CC=2C=CC=CC2N1C(=O)NC3CC3
XS836870b,NC1(CC=2C=CC=C(Cl)C2)CCOC1
XS842472b,CCC(C)NC=1C=CC(=CC1[N+]([O-])=O)C(N)=O
XS839935b,CC1=NOC(CCNC(=O)CC2C=CCC2)=N1
XS847323a,CNS(=O)(=O)N1CCCC1C=2C=CC=NC2
XS847318a,CCCCCC(=O)N1CCCC(C1)N2C=NC=N2
XS841833b,CC(C)C1=NN=C(O1)N2CCSCC2C
XS840816b,CCC(C)(O)CNC(=O)C=1N=CC=NC1N
XS837466b,CC1=NN=NN1C2CCC(C)(C)C2
XS837038b,CC=1CC(ON1)C(=O)N2CC(C2)OC(F)F
XS847328a,COCCN1CC(CC1=O)C(=O)NCC(C)C
XS847329a,O=C(NC1=NN=CN1)C2COC=3C=CC=CC3C2
XS847321a,O=C(NC1CCC(=O)NC1=O)C=2C=CC=C(F)C2
XS847332a,CN(C1CCNC1)S(=O)(=O)C=2C=CC=CC2F
XS836847b,CCC(C)C1=CSC(=N1)NC(=O)NCC(=O)NC
XS847333a,CC1=NN(C)C(C)=C1C(=O)NC(C)C=2C=CC=CC2C
XS847339a,COCC(C)NC1=NC(=CS1)C=2C=CC(F)=CC2
XS444696b,CC=1C=CC=CC1NC(=O)C(C)NC=2C=CC=CC2
XS837280b,COCC(C)CS(=O)(=O)CC=1C=CC=CC1C#N
XS841743b,CCN1N=NC=C1CN2C(=O)CC(C)(C2=O)C(C)C
XS839500b,N#CC1=CC=CC(C#N)=C1N2CC(C2)C3CCOC3
XS847337a,O=C(CC1C=CCC1)N2CCN(CC2)C3CCCC3
XS333220b,CCOC=1C=CC(=CC1)CN2CCCC(C2)C(=O)O
XS847334a,CCCNC(=O)C(C)NCC1=CC=2C=CC=CC2O1
XS840160b,CCC(C)(NC(=O)NC1=CN=NS1)C(F)(F)F
XS847335a,CCCNC(=O)CS(=O)CC=1C=CC=CC1F
XS837002b,CCCC1CCCN(CC1)C=2C=CN=C3NN=C(C)C23
XS847336a,CC=1C=C(Cl)C=CC1NC(=O)C2CCC(=O)N2
XS847340a,O=C(O)C(NC(=O)CC1CCCC1)C=2C=CC=CC2
DR000276b,CC(O)CNCC1=CNN=C1C2=CC=3C=CC=CC3O2
XS847331a,CC=1C=CC(=CC1)CNC(=O)C2CCC=3C=NNC3C2
XS847338a,O=C(NC1CCCCNC1=O)C2=CN3C=CC=CC3=N2
XS669308b,CC(NC=1C=CC=CC1)C(=O)NC=2C=CC=C(C#N)C2
XS558044b,O=C1C=2C=CC=CC2N=CN1CC3(O)CCCOC3
XS836785b,CC=1NN=C2OC(N)=C(C#N)C(C12)C3CCCCC3
XS841442b,O=C(NC=1C=CC=C(C1)CCF)C2(F)CCCNC2
XS838479b,CN1C=CC(=C1)C2=CC(=NN2)C(=O)N3CCC3CF
XS837914b,FC1(F)CCCC1CCN2N=NC=3CCCCC32
XS837142b,CC(NC=1N=CC=2COCC2N1)C=3C=CC=C(F)C3
XS840963b,O=C(CN1CCC1CC=2C=CC=CC2)NC3=NC=CN3
XS841676b,CC1=C(C=NN1C(C)C)NC(=O)C(C)C=2N=CC=CN2
XS693941b,COC=1C=CC(O)=C(C1)C(=O)NC2CCS(=O)(=O)C2
XS607987b,CC=1C=NC(=CN1)C(=O)N2CCC(C2)C=3C=CC=CC3C
XS673407b,CC=1N=NSC1C(=O)NCC2CCCC(F)(F)C2
XS847352a,CC1=NOC(=N1)C(C)N2CCN(CC2)C=3C=NC=CN3
XS847345a,CC(C)N1CCC(SC=2C=CN=C3C=CC=CC23)C1=O
XS847347a,CC(C)COC(=O)N1C=2C=CC=CC2NC(=O)CC1C
XS847342a,CC1=CC(=NO1)NC(=O)C(C)OC=2C=CC=CC2Cl
XS847353a,CCC1=CC=C(S1)C(=O)N2CCN3C=CC=C3C2C
XS847349a,CC=1C=CC(=CN1)C(=O)NC(C=2C=CC(F)=CC2)C(C)C
XS847348a,CC(C=1C=CC(F)=CC1)N(C)C(=O)NC=2C=CC=NC2
XS078997b,CC(C)C(C)NC(=O)CN1C=NC=2C=CSC2C1=O
XS847343a,CCC1=NN=C(CN2CCOC(CN3C=CC=N3)C2)O1
XS653082b,CC(NC(=O)CN1C=NC=N1)C=2C=CC3=CC=CC=C3C2
XS842183b,CC(OC=1C=CC2=CC=CC=C2C1)C(=O)N3CCOCC3
XS836537b,CC=1OC(=NC1CN2NC(=O)CC2C)C3=CC=CS3
XS480778b,OCC1CCCN1C=2C=C(N=CN2)NCC=3C=CC=NC3
XS847344a,CC1=CC=2C=C(C=CC2N1)NC(=O)C(C)C=3C=CSC3
XS847354a,CN1C=C(C=CC1=O)C(=O)NC(C=2C=CC=CC2)C3CC3
XS840514b,COC(=O)CC(C)C(=O)N1CCC(CC1)N2C=CC=C2
XS847341a,CC=1C=CC(=CC1)CC(=O)N2CCCC(C2)C3=CC=NN3
XS840001b,N#CC1=CC=C(S1)C(=O)N2CCCC3(CCOC3)C2
XS762594b,COCC1(CCCN1CC=2C=CC(F)=C(F)C2)C(N)=O
XS838881b,O=C1C=C(OCCC2CCOC2)C=3C=CC(F)=CC3O1
XS847350a,CC(C)(C)C(=O)N1CCCC(C1)C(=O)N2CCOCC2
XS847351a,O=C(NC1=NC(=NS1)C2CC2)NC3CCC(=O)NC3
XS847346a,CC(C)(C)CC(=O)N1CC(CC(=O)O)C=2C=CC=CC21
XS847359a,CC1(C)CC(C2=NC(=NO2)C3=NN=CN3)C=4C=CC=CC4O1
XS838204b,CC(NC(=O)CN1N=NN(C1=O)C=2C=CC=CC2)C3CC3
XS840999b,FC(C=1C=CC=C(C1)C=2C=NC3=CC=NN3C2)C(F)(F)F
XS837784b,COC=1C=CC=C(C1)C2(F)CCN(C2)C=3C=C(N)N=CN3
XS841746b,O=C(CCN1CCC(F)C1)N2CC=3C=CC=C(Cl)C3C2
XS494479b,CC1=NC(C(=O)N2CCCC(O)(C2)C(F)(F)F)=C(C)O1
XS847357a,CCC=1C=CC=C(C1)NC(=O)C(=O)NCC(O)C(C)(C)C
XS559778b,CC=1C=NC(=CN1)C(=O)N2CC=3C=CC=CC3N(C)CC2C
XS335587b,CC1=CN2N=C(SC2=N1)N3CCCC3C4=NOC(C)=N4
XS847363a,CCC1=NOC(C)=C1C(=O)NCC(C)CN2CCCCC2
XS847358a,CC1=NOC(=N1)C2COCCN2CC=3C=C(O)C=C(F)C3
XS847362a,CC1CN(CCO1)C(=O)CN(CC=2C=CC=CC2)C3CC3
XS847364a,O=C(O)C(CC=1C=CC=CC1)NC(=O)C=2C=CC(F)=CC2
XS602414b,CC(NC(=O)CN1CCCCCCC1=O)C2=CC=CS2
XS839323b,COCC1(CC#N)CCCN(C1)C=2C=C(N=CC2N)OC
XS577958b,CC1=NOC(C)=C1NC(=O)NC(C)C=2C=C(C)C=C(C)C2
XS839411b,O=C(NCC1CCCCC1(F)F)C=2C=CC=3CCOC3C2
XS837416b,N#CC=1C=CC(=CC1C2CC2)C=3C=NC=C(C3)C4CCCN4
XS841668b,CCN(C(=O)C(C)C=1C=NC=CN1)C=2C=CC=C(Cl)C2
XS847355a,CCC1=CC=C(O1)C(=O)N2CCCC(C2)C3=NOC(C)=N3
XS847360a,O=C(CN1C(=O)COC=2C=CC=CC21)NCC3CCCO3
XS847356a,O=C(NC1CCN(C1)C2CC2)C=3C=CC=NC3N4C=CC=N4
XS847361a,O=S(=O)(C=1C=CC=CC1)N2CCCC2C=3C=CN=CC3
XS817213b,CCNC(=O)CN(C)C(C)C(=O)NC=1C=CC(C)=C(F)C1
XS847365a,CC(=O)NC(C=1C=CC=CC1)C=2C=CC(=CC2)OC(F)F
XS438038b,CC1=CN2CC(CCC2=N1)NC(=O)C=3C=NN4C=CC=NC34
XS847366a,CCCN1N=NN=C1CN2CCCC2C3=NOC(CC)=N3
XS847372a,CCC=1N=C(NC(=O)C2CCCC3=C2N=CN3C)SC1C
XS631984b,CC(=O)N1CCCC(CNC(=O)C=2C=CC(=CN2)C(C)C)C1
XS847375a,CC(C)(C)N1C=C(C=N1)C(=O)NC(C(N)=O)C=2C=CC=CC2
XS839666b,CC1=CN(C)N=C1C=2C=CC=C(C2)S(=N)(=O)C(F)(F)F
XS718945b,O=C(NCC1CC1)C2CCCN(C2)C=3N=CN=C4NC=CC34
XS336487c,COC=1C=CC=C2C(=COC12)C(=O)N3CC(N)C4(CCC4)C3
XS847367a,COC=1C=CC=CC1NC(C)C(=O)NC=2C=CC(Cl)=CN2
XS173266d,CC(C)C(NC(=O)CN1C=NC(C#N)=N1)C=2C=CC(F)=CC2
XS847370a,CC(OC(=O)C=1N=CC=NC1N)C(=O)NC=2C=CC=CC2F
XS847374a,COC=1C=CC=CC1CNC2CCCN(C2)C=3N=CC=CN3
XS391072b,OC(COC=1C=CC=CC1)CN2CCC(CC2)C3=CC=NN3
XS847368a,CC(=O)N1CCCN(CC1)C(=O)C2CCOC=3C=CC=CC32
XS839348b,CCN1C=CC=2C=C(C=CC21)NC(=O)C(C)NC(=O)COC
XS847369a,CCNC(=O)C(C)NS(=O)(=O)C=1C=CC(F)=C(C#N)C1
XS838712b,O=C(OCC=1C=CC=CC1)C2CN(C2)C(=O)C3CC43CCC4
XS469465b,CC=1C=NN(C)C1S(=O)(=O)NC2CCC=3C=C(C)C=CC32
XS394334b,CC1=NOC(CN2CCCC(C2)C3=NC=4C=CC=CC4O3)=N1
XS847373a,O=C(NCC1CCOC1)C2=CC=C(CN3C=CC=CC3=O)O2
XS634035b,COC(C)C(=O)N1CCC(CC1)NC(=O)C=2C=CC=CC2C
XS836648b,CC(CNC(=O)C=1C=C(F)C=C2C=CC=NC12)C3=NN=NN3
XS841298b,CC=1N=C(C(=O)OCC2CC3(CCC3)CO2)C=4C=CNC4N1
XS838363b,FC1(F)CC1C=2C=CC=C(C2)NC=3N=CC=C4N=CC=NC34
XS836604b,CCN(CC(C)C#N)C(=O)C=1C=CC(Cl)=C2C=CC=NC12
XS841360b,CCC=1OC(=CC1C)C(=O)N2CCCC3(CNC(=O)N3)CC2
XS788206b,O=C(NC1CC1)C(SC=2C=CC=CN2)C=3C=CC(F)=CC3
XS842171b,COCCOCC(C)NC=1C=C(OC)C(Cl)=CC1OC
XS847371a,CC(CC(=O)NC=1C=CC=C(O)C1)(C(=O)O)C=2C=CC=CC2
XS839667b,COC(C)CS(=O)(=O)N(C)C=1C=CC=2N=C(C)SC2C1
XS847383a,CN(CC1=CC=CO1)C(=O)C2CC(=O)N(CC=3C=CC=CN3)C2
XS847381a,CSCCC(NC(=O)C=1C=CC=C(C)C1)C(=O)NC(C)C
XS837982b,BrC=1C=NC=NC1NC2CCCC32CCOCC3
XS533793b,CCCNC(=O)CCNC(=O)NC1CCCC21CCOCC2
XS847384a,COC=1C=CC=C(C1)CCNC(=O)NC2CCS(=O)(=O)C2
XS653343b,CCOC=1N=CC=CC1NC(=O)NC(C=2C=CC=CC2)C3CC3
XS665637b,CN(C1=NC=2C=CC=CC2O1)C3CCCN(C3)C=4C=CC=NN4
XS401809b,CC1=NN(C)C=2N=CC(=CC12)NC(=O)C(C)OC=3C=CC=CC3
XS841338b,[O-][N+](=O)C1=CC(=CS1)C2NC(=O)C=3C=CC(Cl)=CC3N2
XS841902b,COCC(C)CN1N=NN=C1N2CCOC3(CCCCC3)C2
XS839845b,COC(=O)C=1C=NN(C)C1NC(=O)NC2CC32CCCCC3
PY000396b,OC(COC=1C=CC=CC1)CN2CCN(CC2)C=3C=CC=CC3
XS823872b,CC(C=1C=CN=CC1)N(C)C(=O)C2=CC(=NO2)C=3C=CC=CC3
XS847378a,O=C(NC1CCOC1)C=2C=C(N=C3C=CC=CC23)C4=CC=CO4
XS847379a,C=1C=CC(=CC1)C2CNCCN2CC3=NC=4C=CC=CC4S3
XS633499b,CNC(=O)C1CCCN1C(=O)CNC(=O)C=2C=C(C)SN2
XS679087b,CC=1N=C(C)N(CC2CN(CCN3CCCC3=O)CCO2)N1
XS847376a,O=C(C1=CC=2C=CC=CC2N1)N3CCN(CC4CCCO4)CC3
XS847380a,CC(=O)NC=1C=CC=CC1OCC(=O)NC(C)C=2C=CC=CC2
XS847382a,CC(CNC(=O)C1=CC=CS1)N2CCC=3SC=CC3C2
XS015613b,CCOC=1C=CC=CC1NC(=O)CN2C=3C=CC=CC3CC2C
XS420885b,COC=1N=CC=CC1CNC(=O)C2CC(=O)NC=3C=CC=CC32
XS550889b,CCC1=NSC(=N1)NCC2CCN3N=CC(C(N)=O)=C3C2
XS847377a,O=C(C=1C=C(Cl)C=CC1F)N2CCCC2CN3C=CC=N3
XS411196b,CCOC=1C=CC=CC1NC(=O)CC(C(=O)O)C=2C=CC=CC2
XS847385a,CC(NCC1=NN=C(O1)C=2C=CC=CC2)C=3C=CC(Cl)=CC3
XS839587b,COC(=O)C1=CN=C(S1)N2CCCCCC2C=3C=CN=CC3
XS838834b,O=C1CC2(CCSC2)C(=O)N1CC3=NN=C4CCCCCN34
XS847395a,COC=1C=C2N=C(CN3CCCC(C)C3)NC(=O)C2=CC1OC
XS837614b,CCC(NC(=O)C=1N=NC2=C(F)C=CC=C2C1O)C3CCCC3
XS847391a,COC=1C=CC(=CC1)C(NC(=O)C2=CC(C)=C(C)S2)C(=O)O
XS766100b,CN1C=C(N=C1C2CCCN(C2)C(=O)CC(N)=O)C(F)(F)F
XS837669b,CC1CCN(CC1)C(=O)N2CCN3CCS(=O)(=O)CC3C2
XS847394a,CC(C)CCCNC(=O)NC(C)C=1C=CC(=CC1)N2C=CN=C2
XS847397a,CC=1N=CSC1C(=O)N2CCCC2C(=O)NC=3C=CC=CC3
XS738011b,O=C(NCCN1CCOCC1)NC(C=2C=CC=CC2)C3CCC3
XS847392a,CCC(C)NC(=O)COC(=O)C=1C=C2C=CC=CC2=CC1OC
XS638857b,O=C(CC=1C=CC=C2C=CC=NC12)N3CCCC3CN4C=CC=N4
XS847398a,CCNC(=O)NC(=O)C(C)N1CCC=2C=CC(=CC2C1)OCC
XS841117b,CC(C(=O)NC=1C=CC=C(C1)S(=O)(=O)F)N2CCOC2=O
XS847390a,CC1=NC(=NO1)C2CCCN2C(=O)C=3C=CC=C4OCCOC34
XS550327b,COCCN1C=C(C=N1)NC(=O)NC2COC=3C=CC=CC3C2
XS847396a,COC=1C=CC(NC(C)C(=O)NC=2C=CC(C)=CC2)=C(C1)OC
XS691393b,CC1=CC=C(CNC(=O)N2CCCC(C2)C3=NN=CN3C)S1
XS580612b,CCOC=1C=CC(=CC1)OCCN2CCCC2C(=O)NC3CC3
XS847389a,CC(C)CNC(=O)C(C)SC1=NC=CN1CC=2C=CC=CN2
XS837118b,CC(C)C(C(=O)O)C(=O)NCC1=CNN=C1C=2C=CC=C(F)C2
XS847388a,CC=1C=NN(C1)CC2CCCCN2C(=O)CC=3C(C)=NOC3C
XS847393a,CC1=CN=C(NC(=O)CN2C(=O)C(C)OC=3C=CC=CC32)S1
XS836856b,COC=1C=C(F)C=CC1N(C)S(=O)(=O)N2CCCC(C)C2
XS847387a,CC=1C=C(C=CC1F)S(=O)(=O)N2CCCC2C=3C=CC=NC3
XS840327b,O=S1(=O)C=CC(C1)NCC=2C=NN(C2)C=3C=CC(Cl)=CC3
XS842107b,CN1C=NN=C1C2CCCN2C3=NC=4C=CC=CC4N5N=NN=C35
XS492407b,CNC(=O)CN1C=C(C=N1)NC(C)C2=NN=C(O2)C=3C=CC=CC3
XS841044b,CC(C)(C)S(=O)(=O)C=1C=CC(=CN1)NC(CO)C2=CC=CO2
XS836567b,[O-][N+](=O)C=1C=CC=C2CN(CCC12)C(=O)NC3CCCSC3
XS840787b,CC(NC(=O)NC=1C=CC(F)=CC1Br)C=2C=NNC2
XS842502b,COC=1C=CC=C2C=C(OC12)C=3C=NC=C(N3)N4CCCC(N)C4
XS838030b,OCC1CN(CCO1)C=2N=CC=C(C2Br)C(F)F
XS839758b,CS(=O)(=O)CC(NCC=1C=CN=CC1Cl)C=2C=CC=CC2
XS842104b,CN1N=CC=2C(=O)NC(=NC21)N3CCC4(CNC=5C=CC=CC54)C3
XS847399a,CCC(=O)N1N=C(CC1C=2C=CC=CC2O)C=3C=CC=C(C3)OC
XS847402a,CC=1C=CC(=CC1)CNC(=O)C(C)N2N=NC(=N2)C=3C=CC=CC3
XS841804b,CC1(C)CC(NC(=O)C2(C#N)CC3(CCC3)C2)C=4C=CC=CC4O1
XS739929b,CN(CC(=O)NC1CCCCNC1=O)CC=2C=CC=CC2Cl
XS847401a,O=C1C(CCN1C=2C=CC=CC2)N3CCN(CC3)C=4C=CC=NN4
XS847400a,CC(C(=O)N1CCCC=2C=CC=CC21)N3CCC=4C=NC=NC4C3
XS847406a,COC=1C=CC=CC1NC(=O)C2CC(=O)N(CC=3C=CC=CN3)C2
XS847404a,CC(OC=1C=CC(Br)=CC1)C(=O)N2CCC(C)CC2
XS840899b,NC(=O)C1CN(CC21CC2)C(=O)CN3C=NC(=N3)C=4C=CC=CC4
XS840254b,CN(C(=O)C1CCOC2(CCCC2)C1)C=3C=CC(F)=CC3Cl
XS837713b,C#CCC(OC(=O)CCC=1C=NC=C(Br)C1)C2CC2
XS842195b,CC=1C=CC(=CC1)CC2CCCN(C2)C(=O)CN3C=CC=NC3=O
XS837465b,C=CC(C)(CCOC)C(=O)NCC=1C=CC(=NC1)S(C)(=O)=O
XS847405a,O=C(C=1C=NN(C1C(F)(F)F)C=2C=CC=CN2)N3CCC3CO
XS847403a,CNS(=O)(=O)C=1C=C(C(=O)NC(C)C=2C=CN=CC2)N(C)C1
XS838885b,O=C(O)C1CC=2C=C(F)C=CC2N(CC3=NOC=4CCCCC34)C1
XS838906b,C1=NNC=2C=C(C=CC12)C3=CN(N=N3)C4C=5C=CC=CC5CC64CC6
XS847417a,CC=1C=CC(=CC1)CN2CC(CC2=O)C(=O)NCC3=CC=CS3
XS847412a,CC1=NOC(C)=C1CCC(=O)N2CCN(C)CC2C=3C=CC=CC3
XS847420a,COC=1C=CC(=CC1)C2=NOC(CN(CC3CCOC3)C4CC4)=N2
XS847414a,CNC1CCCN(C1)C(=O)CCC=2C=CC=CC2OC(F)(F)F
XS837382b,COC(=O)C1CCCC2(CN(C2)C=3N=C(N=CC3C#N)C4CC4)O1
XS838624b,CC(CN(CC=1C=NNC1)C(=O)CCC=2C=NC=NC2)C(C)(C)C
XS847413a,CNC(=O)C=1C=CC(=CC1)CN2CCN(C)C(C2)C3=NC(C)=NO3
XS840586b,CC(NC(=O)C1=CNC(=N1)C=2C=CC=C(C2)[N+]([O-])=O)C=3N=CON3
XS847409a,O=C(NC=1C=CC(=CC1)CC2CC(=O)NC2=O)C(C3CC3)C4CC4
XS708839b,COC=1C=CC(=C(C1)OC)C(C)NCC=2C=CC=3OCCOC3C2
XS847415a,CC(NC(=O)CCCN1C(=O)OC=2C=CC=CC21)C3=CC=CS3
XS836948b,NC=1N=CN=C2C1N=CN2CCC(=O)N3CCCC4(CCOC4)C3
XS841641b,COC1=NNC(C(=O)N(C)C(C)C=2C=C(F)C=CC2F)=C1Cl
XS837232b,NC(=O)C1CCN(C1)C=2C=CC(=C(F)C2Br)[N+]([O-])=O
XS847418a,O=C1NC(NC=2C=CC=CC12)C=3C=CC(=CC3)OCC=4C=CC=NC4
XS847419a,CC=1NC(=O)C(C#N)=C(C)C1CCC(=O)NC(C)CC2=CC=CO2
XS847407a,CC=1C=CC=2OC(=CC2C1)C(=O)N3CCCC3CN4CCCCC4
XS847408a,CN1C=C(C=N1)C2CCCN2CC(=O)NCCOC=3C=CC=CC3
XS847411a,CCOC=1C=C(C)C(Cl)=CC1S(=O)(=O)N2CCCC(C)C2
XS847410a,O=C(O)C1CCN(C1)C(=O)C=2C=CC=NC2NC=3C=CC=C(F)C3
XS840608b,COC=1C=C(C)C(=CC1OC)C(C)NC=2N=NC(C)=C(C)C2C#N
XS847421a,O=C(CC=1C=CC=C(F)C1)N2CCCC(C2)C3=NN=C4CCCN34
XS742663b,CN1C(CN2CCCC2CN3C=CC=N3)=NC=4C=C(Cl)C=CC41
XS847416a,NC(=O)C1CC(=NN1C=2C=CC(F)=CC2)C(=O)NC=3C=CC=CN3
XS838464b,CC(NC=1N=CN=C2C1N=CN2C=3C=CC=CC3)C=4C=CC(O)=NC4
XS847423a,COCC1=NC(=CS1)C(=O)N2CCCC(C2)N3N=C(C)N=C3C
XS847430a,CC1=CC=C(CNC(=O)NC2CCCC3=C2C=NN3CCO)S1
XS838639b,BrC=1C(=CC=C2NN=CC12)NCC3CC43CCOCC4
XS847432a,CC(C)C(C)NC(=O)C1CCN(CC(=O)NCC2=CC=CO2)CC1
XS505209b,COCC=1N=CSC1C(=O)N2CC(C)OC=3C=CC(=CC32)OC
XS847422a,O=C(C=1C=CC(=NC1)N2C=CC=N2)N3CCCCC3CN4C=CC=N4
XS819229b,CCOC=1C=CC(C#N)=CC1NC(C(=O)NC2CC2)C=3C=CC=CC3
XS847425a,CC=1C=C(CN2CCN(CC2)C(=O)C3CC(=O)N(C3)C4CC4)ON1
XS847428a,CC(C)(C(=O)O)C1CCCN(C1)C(=O)C=2N=CN=C3C=CSC23
XS847431a,CC1=CC=C(CNC(=O)N(C)CC2COC=3C=CC=CC3O2)S1
XS838744b,CN1C(=O)NC=2C(=CC=CC21)C(=O)N3CC(F)(CO)C4(CCC4)C3
XS838998b,O=C(O)C1(CCC1)C=2C=CC=C(C2)NS(=O)(=O)C3CC43CCC4
XS839784b,ClC=1C=CC=C(C1)OCCCN2CCOC(CN3C=NC=N3)C2
XS424984b,CCOC(=O)C1CCCN(C1)C(=O)C2=C(C)OC=3N=CNC(=O)C23
XS847426a,CC(OC=1C=CC(Cl)=CC1)C(=O)NC=2C=CC=3OCCOC3C2
XS838165b,CC(CN(C)S(=O)(=O)C=1C=CC=2CCCC2C1)C3=NC=CS3
XS847427a,CC=1C=CC(=CC1F)C2=NOC(=N2)C(C)N3CCC(CC3)C(N)=O
XS847424a,CC=1N=C(C)N(CC2CCCN2CC(=O)N(C)CC3=CC=CO3)N1
XS615393b,CC(NC(=O)C1CCCC1)C=2C=C(F)C=CC2N3CCN(C)CC3
XS578806b,CN1C=CC(=N1)N2CCCC(NC(=O)NCC3=NC=CS3)C2=O
XS839554b,COC(=O)C=1NC(=CC1C)CN2CCN(C)C(C2)C3=NC(C)=NO3
XS725458b,CC(=O)NCC=1C=C(C=CN1)OC2CCN(CC3=NC(C)=NO3)C2
XS838690b,CC1(CC1)C2=NN=C(O2)N3CCC(CC=4C=CN=C5C=CC=CC45)C3
XS420061b,O=C(C=1C=CC(=CC1)C2=CN=CO2)N3CCCCC3CN4C=CC=N4
XS847429a,COC(=O)CC1=CSC(=N1)NC(=O)C2COC=3C=CC=CC3C2
XS175329b,COC=1C=CC=CC1NC(=O)C(C)OC(=O)C2=CN3C=CC=CC3=N2
XS837699b,CC=1C=CC2=C(Cl)C(=CC=C2N1)OC(=O)CC(C)C=3C=CN=CC3
XS616567b,CC1=CN(CC(=O)N2CCCC(C2)C(=O)NC3CC3)C=4C=CC=CC14
XS435722b,O=C(NCC(C1=CC=CS1)C2=CNC=3C=CC=CC23)NCC4CC4
XS837528b,C=CCN(CC=C)S(=O)(=O)NCC(C)(C(=O)O)C=1C=CC=CC1
XS836880b,CC(CNC(=O)C=1C=C(F)C(F)=C(N)C1Cl)CC=2C=CC=CN2
XS839196b,COCCC(NC(=O)N(CC(C)(C)C)C=1C=CC=C(C)N1)C(N)=O
XS518579b,C1=C(CN2CCCCC2C3=NN=C(O3)C4CCC4)N=C5C=CC=CN15
XS833397b,O=C(NC=1C=CC=CC1OC=2C=CC=CC2)N3CCN4CCCC4C3
XS847433a,CC=1C=CC=CC1C2=NOC(CN3CCCC(CN4C=NC=N4)C3)=N2
XS836487b,COC=1N=CC(=CC1Cl)C(=O)N2CCC(O)(CN3C=CN=N3)C2
XS827838b,CC=1C=C(C(=O)N2CCCC2C=3C=NN(C)C3)C4=CC=C(F)C=C4N1
XS847439a,CCC(CO)NC(=O)C=1C=CC(=CC1)S(=O)(=O)N2CCCCC2
XS594770b,O=C(CN1N=CN2N=CC=C2C1=O)NC(C=3C=CC=CC3)C4CCC4
XS847435a,CC1(C)CN(CC2(CCOC2)O1)C(=O)CC=3C=NC4=CC=CC=C4C3
XS839912b,CS(=O)(=NC(=O)C1(CCC1)C(=O)NC2CC2)C=3C=CC(F)=CC3
XS836674b,CC(C(=O)N(C)C)S(=O)(=O)N1CC=C(CC1)C=2C=CC=CC2F
XS836833b,CC1C=2C=C3OCCOC3=CC2C4(CCCC4)CN1S(C)(=O)=O
XS847434a,CN1N=CC=2C(O)=C(C=NC21)C(=O)NC(CCCO)C=3C=CC=CC3
XS847437a,CC1(CCN(C1)C(=O)COC=2C=CC(Cl)=CC2)N3CCOCC3
XS840293b,O=C(C=C1CCOCC1)NC2CCCC=3C=C(C=CC32)C=4N=NNN4
XS847440a,N#CC=1C=CC(=NC1)N2CCN(CC(O)COC=3C=CC=CC3)CC2
XS847436a,O=C(NC1CCS(=O)(=O)C1)C=2C=CC(=NC2)OCC(F)(F)F
XS840503b,CC(C(=O)NC=1C=CC=CC1[N+]([O-])=O)N2CCC=3N=CNC(=O)C3C2
XS847445a,CC(C(=O)NC=1C=CC(C#N)=CC1)N2CCN(CC2)C3=NC=CS3
XS847455a,CCN(CC=1C=CC(F)=C(F)C1)C(=O)CC2C(=O)NC=3C=CC=CC32
XS847452a,CC1=C(SC=2N=CN(C)C(=O)C12)C(=O)NC3COC=4C=CC=CC43
XS840342b,COC(=O)C1(COC=2C=CC=CC2C1)NS(=O)(=O)N3CC(F)C3
XS847442a,O=C(NC=1C=C(C=CC1N2CCCC2)C(F)(F)F)NC3CCOC3
XS847449a,CC1=CC=C(CN(C(=O)C2CC(=O)NC=3C=C(F)C=CC32)C4CC4)O1
XS847443a,CC(NC(=O)C=1C=CC=C(Br)C1Cl)C=2C=NN(C)C2
XS839114b,CC(C)(C)C=1C=CC(C(=O)N2CCC(C2)C=3N=NNN3)=C(C1)[N+]([O-])=O
XS847446a,COCC1=CC(=NO1)C2CN(C2)C(=O)C3COC=4C=C(C)C(C)=CC43
XS847450a,CN(CC=1C=CC=C(Cl)C1)C(=O)C2(C)CC=3C=CC=CC3C(=O)O2
XS634297b,CC=1C=CC=CC1C(=O)NC(C(=O)N2CCC=3NN=CC3C2)C(C)C
XS847448a,CC1=NOC(C)=C1CC(=O)NC(CN2CCCC2=O)C=3C=CC=CC3
XS847447a,COC1=CC(=CC(OC)=C1OC)C(=O)NC(C)CCC=2C=CC=CC2
XS182112b,O=C(C(C=1C=CC=CC1)N2CCN(CC2)C(=O)C3CC3)N4CCCC4
XS847456a,CN1CCC=2N=CN=C(C2C1)N3CCCC(C3)C(=O)N4CCCCC4
XS847444a,CC(SC=1N=C(N=C2C=CC=CC12)C3CC3)C(=O)N4CCNC4=O
XS841697b,CN1N=CC(NC(=O)NC2COC=3C=CC(Cl)=CC32)=C1C(F)F
XS838442b,COCC(C)CN(CC=1C=CN(C)C1)C(=O)C2=CC=3N=CC=NC3N2
XS847451a,CC(OC(=O)C1=CN(C)C=2C=CC=CC12)C(=O)NCC3CCCCC3
XS847441a,O=C(CN1CCCCC1CN2C=NC=N2)NCCOC=3C=CC=CC3
XS847454a,CC(C)OC=1C=CC(=CC1Cl)NC(=O)N2CCOC(C2)C(N)=O
XS666635b,CCOC=1C=CC(=CN1)C(=O)N2CCCCC2CN3N=C(C)C=C3C
XS637001b,O=C(C1=CN2C=CC=CC2=N1)N3CCCC(C3)C(=O)N4CCOCC4
XS826365b,O=C(NC=1C=CC=C(F)C1)NC(CC=2C=CC=CC2)C(=O)NC3CC3
XS847459a,COC=1C=CC=C(C1)CC(=O)NC(C)C=2C=CC(=CC2)S(N)(=O)=O
XS847465a,CS(=O)(=O)N1CCCC(C1)NC(=O)NC=2C=CC(F)=C(Cl)C2
XS796244b,CC=1C=CC(=CC1S(C)(=O)=O)C(=O)NCC2CC=3C=CC=CC3O2
XS839462b,CN(C)C=1C=CC(=CC1)S(C)(=O)=NCC=2C=C(F)C=C3CCOC23
XS837284b,O=C1NCCCCC1N2C=C(CNS(=O)(=O)C=3C=CC=CC3)N=N2
XS847467a,CC1=C(C=NN1C=2C=CC=CN2)C(=O)N3CCC(C3)C=4C=CC=CC4C
XS722869b,CC1=NOC(C)=C1S(=O)(=O)N2CCN(CC2)C(C)C=3C=CC=CC3
XS580382b,CCNC(=O)C1CCCN(C1)C2=NC3=C(C=NN3C(C)(C)C)C(=O)N2
XS847458a,NC1=NC2=NC=3C=CC=CC3N2C(N1)C=4C=CC(OC(F)F)=C(F)C4
XS838436b,NS(=O)(=O)CCC1CCCCN1C=2N=CC(=CN2)C=3C=CC=CC3
XS847463a,O=C(NC=1C=NN2C=CC=NC12)N(C3CC3)C4CCCC=5C=CC=CC54
XS837788c,CC(NC(=O)CC=1C=C(ON1)C=2C=CC=CC2Cl)C3=NNC(N)=N3
XS847461a,CCN(CC1CCOC1)C(=O)C=2C=CC(=CC2)OCC3=CSC=N3
XS581940b,CN1CCN(CC1C2=NC=CN2)S(=O)(=O)C3=CC=C(Cl)S3
XS847457a,COC=1C=CC=C(C1)C=2C=C(NN2)C(=O)NCC(C)N3CCOCC3
XS847464a,CC1CCCN(CC=2C=CC(=CC2)NC(=O)C=3C=CN=C4NC=CC34)C1
XS838621b,CC=1C=CC(=CC1Cl)CN(CC2COC2)C(=O)CC(C)C(F)F
XS822143b,CC=1C=CC=C(C1)NC(=O)CN2CCCC(C2)C(=O)N3CCOCC3
XS847460a,COC=1C=CC(=CC1)C(=O)NC(C(=O)NC2=NC(C)=CS2)C(C)C
XS847466a,CCN(CC1CCCO1)C(=O)CCN2C(=O)NC(=O)C=3C=CC=CC32
XS081432b,CC=1C=CC(=CC1)S(=O)(=O)N2CCN(CC2)C(=O)C3CC=CCC3
XS842505b,CC=1C=C(C)C=C(C1)N2N=CC(CN3CCC=4C=CC=CC4C(N)C3)=N2
XS847462a,COC=1C=CC(=CC1)NC2CC(=O)N(C2=O)C=3C=CC(F)=C(Cl)C3
XS840214b,CCC(C)(OC)C(=O)NC=1C=CC(Br)=C(C1N)[N+]([O-])=O
XS847479a,CC1=NC2=NC=NN2C(C)=C1CCC(=O)NCCC(C)C=3C=CC=CC3
XS551013b,CC1=NOC=2N=CN=C(NCC(C=3C=CC=C(C)C3)N4CCOCC4)C12
XS847471a,CC=1OC(=NC1CC(=O)N2CCCC2C=3C=CC=CC3)C4=CC=CS4
XS559248b,CC(C)C=1C=CC(=CC1)C2=NOC(CCC(=O)NC3CCC(=O)NC3)=N2
XS847475a,CC=1C=CC=2C=C(NC2C1)C(=O)N3CCC3CNC(=O)C4=CSC=N4
XS581664b,CC(NC(=O)CN1CCOC2(CCOCC2)C1)C=3C=CC=CC3Cl
XS408149b,CC=1C=CC(=CC1)C(=O)NCC(=O)NCC2C=3C=CC=CC3C(=O)N2C
XS847472a,COCCN1C(=O)C=2C=CC=CC2NC1C=3C=CC=CC3C(F)(F)F
XS847476a,O=C1NC(CN2CCCC2C3=CC=CS3)=NC=4SC=5CCCC5C14
XS823784b,O=C(CCC1=NC(=NO1)C=2C=CC=CC2)N3CCCC3C4=CC=CS4
XS842506b,CCC1OC2(CCN(CC3=CC(=NO3)C=4C=CC(C)=CC4)CC2)NC1=O
XS838355b,COC=1C=CC(=CC1)C=2C=C(N=CN2)N3CCCC4(CC(=O)N(C)C4)C3
XS847473a,COC(=O)CNC(=O)C(C)OC(=O)C=1C=CC(=NC1C)C=2C=CC=CC2
XS847470a,CC=1C=C(C)N2N=C(N=C2N1)C(=O)N3CCN(C)CC3C=4C=CC=CC4
XS718842b,C1=CC(=CC=N1)C=2N=C(C=3CCCC3N2)N4CCCC(C4)N5CCCC5
XS836996b,O=C(CN1C=CC=NC1=O)NC2CC3(CCOCC3)OC=4C=CC=CC42
XS847468a,CC1(CCS(=O)(=O)C1)NC(=O)CN2N=NN(C2=O)C=3C=CC=CC3
XS841585b,N#CC=1C=CC(=CC1)C2=NN=C(CN3CC4=CC=NN4CC(CO)C3)O2
XS847477a,CC1=C(C=NN1C=2C=CC=CC2)C(C)NC(=O)C=3NN=C4CCCCC34
XS840255b,CC1CN(C(=O)C=2C=NC(=CN2)OCC3CC3)C=4C=NC=CC4NC1=O
XS838273b,CC=1C=CC(Br)=C(C1)CNC(=O)NCC2(CO)CCOC2
XS847469a,CCCN1N=CC(C(=O)N2CCC(C2)S(=O)(=O)NCC)=C1C3CC3
XS847478a,CC(CCNC(=O)CCN1C=NC=2C=CC=CC2C1=O)C=3C=CC=CC3
XS836896b,COC(=O)C=1C=CC(=CC1)C(=O)OC(C)CS(=O)(=O)N2CCCC2
XS847474a,CC(C)(C)C=1C=CC(O)=C(C1)NC(=O)C2CCCN(C2)C=3C=NC=CN3
XS847481a,COC(=O)C1CCCCN1S(=O)(=O)C=2C=CC3=C(C2)CCN3C(C)=O
XS151461b,N#CC(C=1C=CC(F)=CC1)N2CCN(CC2)C(=O)C=3C=C(F)C=C(F)C3
XS841664b,CC=1C=CC=CC1N2C=C(N=N2)C(=O)N3CCCC43CCS(=O)(=O)C4
XS847487a,COC=1C=C(C#N)C=CC1OCC(=O)N2C=3C=CC=CC3NC(=O)CC2C
XS839970b,COCC(C)C(=O)N1CCN(CC1)S(=O)(=O)N(C)C2CCCCC2
XS140771b,COC(=O)CCCNC(=O)C1CC(=O)N(C1)C=2C=CC(=CC2OC)OC
XS847482a,CC(C)C(NC(=O)C=1C=CC(=NC1)N2CCOCC2)C=3C=CC(F)=CC3
XS847480a,CC(NC=1C=CC=C(C1)N2CCCC2=O)C(=O)NC=3C=CC(=CC3)C(N)=O
XS847484a,O=C(NC(CC=1C=CC=CC1)C(=O)NCC=2C=CN=CC2)C=3C=CC=CC3
XS722067b,CC(NC(=O)C=1C=NC2=C(C1)C(=O)NC(=O)N2C)C=3C=CC=CC3Cl
XS574677b,CC1=C(C=NN1C(C)C)C(=O)N2CCN(C)C(C2)C3=NC(=NO3)C4CC4
XS840240b,ClC=1C=CC(=CC1)C(C=2C=CC=CC2)N3CCOC4(CCOCC4)C3
XS838045b,CC1OC2(CCN(CC2)C(=O)CC=3C=C(Cl)C=C4CCOC34)NC1=O
XS840197b,CN(CC1=NN=C2CCOCCN12)C(=O)C3COC=4C=C(F)C=CC4C3
MR044862c,O=C(COC(=O)C=1C=CC2=CC=CN=C2C1)NCC3CC=4C=CC=CC4O3
XS847486a,COC=1C=CC=2C(=NNC2C1)C(=O)N3CCC(C3)NC=4C=CC=C(C#N)C4
XS080028b,CC1OC=2C=CC(=CC2NC1=O)NC(=O)C=3C=CC(Br)=CC3
XS847483a,CCC=1C=CC(=CC1)C2CNCCN2C(=O)C=3C=CC(=NC3)C(F)(F)F
XS847485a,CCC(CNC(=O)CN1N=NC=2C=CC=CC21)N3CCC=4C=CC=CC4C3
XS799131b,O=C(NCC(C=1C=CC=CC1)N2CCCC2)C3=CN=C4C=CC=CN4C3=O
XS837627b,CC1=C(C=NN1C2CCOC2)NC=3C=CC=C(Br)C3[N+]([O-])=O
XS847488a,O=C(NCC1CC1)NC2CC(=O)N(C2)C=3C=CC(=CC3)OC=4C=CC=CC4
XS421732b,CC=1C=CC(=CC1C(=O)NC2=NC=3CCC(C)CC3S2)S(N)(=O)=O
XS837902b,O=C(C=1C=CC=NN1)N2CC(NC=3C=C(F)N=CN3)C4(C2)CCOCC4
XS837728b,CC=1C=C(C=CC1Br)C2CCCN2C3=CC(=O)NC(=O)N3C
XS837350b,CN1N=C(C=C1C=2N=NNN2)C(=O)N3CCCCC3C4(N=N4)C(F)(F)F
XS839130b,CC(C(=O)O)N(C)C(=O)C1=CSC(=N1)C2=CC(Br)=CS2
XS847499a,CC=1C=CC(=CC1)S(=O)(=O)NC(CC(C)C)C(=O)NC=2C=CC=C(C)N2
XS847491a,O=C1C=2C=CC=NC2N=CN1CC(O)COCCOC=3C=CC(Cl)=CC3
XS806805b,O=C(COC=1C=CC=CC1F)N2CCCC2C=3C=CC=4OCCCOC4C3
XS847495a,CCC(OC=1C=CC=CC1)C(=O)N(CC)CC(=O)NCC=2C=CC(F)=CC2
XS841479b,CC1=NC(=CC(=N1)NCC2(C)COC=3C=CC=CC3O2)N4CCN(C)CC4
XS847494a,COC=1C=CC(=CC1)C(NC(=O)C2=CC=3C=C(C)C=CC3N2)C4=NC=CN4C
XS847489a,CCOC=1C=CC=2C=C(NC2C1)C(=O)N3CCOCC3C4=CC=C(CC)O4
XS847503a,CC1=CC=NC2=NC(=NN12)C(=O)NC(C)C=3C=CC(=CC3)OC=4C=CC=CC4
XS710987b,COC=1C=CC(=CC1)C2CCCN2S(=O)(=O)C=3C=CC(=CC3)NC(C)=O
XS427643b,COC=1C=CC(OC)=C(C1)NC(=O)C=2C=CC=C(C2)NC(=O)C3CCCO3
XS847497a,O=C(NC=1C=CC=C2C=NC=CC12)N(CC3=CC=CS3)CC4CCCO4
XS567470b,NC(=O)N1CCCN(CC=2C=C(Cl)C=CC2OCC3CCCO3)CC1
XS847502a,CC=1C=C(NC(=O)C2=CC=3C=CC(C)=CC3N2)N(N1)C4CCS(=O)(=O)C4
XS837687b,O=C(NCC(CO)C=1C=CC=C(Cl)C1)NC=2C=CC=NC2C3=CC=CO3
XS847490a,COC=1C=CC(=CC1)C(NC(=O)NCC=2C=CC=3OCCOC3C2)C(C)C
XS847500a,O=C(NCC1CCCO1)C2=CSC(=N2)C3=CC(Br)=CS3
XS847501a,CC(NC(=O)C=1C=CC(=CC1)CN2C(=O)CCC2=O)C=3C=CC=CC3Cl
XS840269b,NC(=O)C1(O)CCCN(C1)C(=O)C=2C=NN3C=C(Br)C=NC23
XS842281b,CN(C(=O)CN1CSCC1=O)C(C=2C=CC(Cl)=CC2)C=3N=CC=CN3
XS847492a,CS(=O)(=O)N1CCCC1C(=O)NC2=NC=3C=C4OCOC4=CC3S2
XS847493a,O=C(NC=1C=CC=2NC(=O)CS(=O)(=O)C2C1)C(F)CC3CCCCC3
XS842229b,COCC=1C=C(NC2CCCC3=CN(N=C32)C4CCCC4)N5N=CN=C5N1
XS847498a,CC1=NN(C(C)=C1CC(=O)NC(C)C=2C=CC=C(F)C2)C=3C=CC(F)=CC3
XS840827b,O=C(N(CC1=CC=CO1)C=2C=CC(F)=CC2F)N3CCCC3C=4C=CN=CC4
XS539207b,COC=1C=CC=C(C1)N2N=C(C)C(=C2C)C3COCCN3CC=4C=NN(C)N4
XS847504a,COC(=O)C1CCCN(C1)S(=O)(=O)C=2C=CC(=CC2)NC(=O)C3CCC3
XS776206b,CC(C)N1N=C(C(=O)N2CCNC(C2)C=3C=CN=CC3)C=4C=CC=CC4C1=O
XS054057d,O=C(C=1C=NN(N1)C=2C=CC=CC2)N3CCCC3C=4C=CC=5OCCOC5C4
XS847506a,CC1=CC=C(O1)C(CNS(=O)(=O)C=2C=CC(C)=C(C)C2)N3CCOCC3
XS838319b,CC1CN(CCN1C(=O)C=2C=C(F)C(Cl)=C(C2)[N+]([O-])=O)S(C)(=O)=O
XS841694b,O=C(NC1(CC1)C=2N=CC=CN2)C=3C=NN(C3C(F)(F)F)C4CCCOC4
XS838461b,CC1=NN(C=2N=CC(=CC12)C=3C=CC=4CNCCC4C3)C5CCS(=O)(=O)C5
XS446303b,COCCN1C=CC=2C=CC(=CC21)NC(=O)N(C)C(C)C=3SC(C)=NC3C
XS839943b,O=C(NCC1CN(CCCO1)C=2C=CN=C3C=CSC23)C=4C=CC(F)=CN4
XS847509a,CCN1CC(NC(=O)C2=NN3C(=O)C=C(NC3=N2)C=4C=CC=CC4)C(C)(C)C1
XS842018b,CC(C(=O)NC1CCC2(CCOCC2)CC1)C=3C=CC(=CC3)S(C)(=O)=O
XS161523b,O=C(NC(CN1CCOCC1)C=2C=CC=CC2)C=3C=C(Cl)C=C(Cl)C3
XS838513b,CC(C)NC(=O)C(=O)NCC1(O)CCN(C1)C(=O)C=2NC=C3CCCCC23
XS803554b,CCOC(=O)NC(CNC(=O)C=1C=C(F)C=CC1Br)CC(C)C
XS663842b,CC1=C(N=NN1C=2C=CC=C(Br)C2)C(=O)N(C)C3CCSC3
XS847505a,CC1=NC=2C=C(C=CC2O1)NC(=O)N3CCCC3C=4C=CC=C5OCCOC45
XS847507a,O=C(C=1C=C2CCCCN2C1)N3CCC(C3)NC=4C=CC=C(Br)C4
PK019081c,CC(C)C1CCCN(C1)C(=O)C=2SC=CC2S(=O)(=O)N3CCCCC3
XS550781b,CCCOC=1C=CC(=CC1)C(=O)N(CC2=CC=CO2)C3CCS(=O)(=O)C3
XS837981b,CC1=NN=NN1C=2C=C(C=CC2F)NC(=O)CC3CSC=4C=CC=CC4O3
XS839484b,CC(C)S(=O)(=O)NC=1C=CC(=CN1)C(=O)NCC2CCC=3C=CC=CC3C2
XS847510a,CC(C)C(NC(=O)C1CN(CC21CC2)C(=O)C3=CC=4C=NC=CC4O3)C(C)C
XS645493b,CC=1C=CC(C)=C(OCC(O)CN2C=NC=3C(=NC=NC32)N4CCCC4)C1C
XS847508a,NCC1CCCCN1C(=O)C=2C=NN3C(=CC(=NC23)C(F)F)C=4C=CC=CC4
XS841906b,CC(C=1C=CC=C(C1)N2CCCS2(=O)=O)N(C)C(=O)C=3N=NN4C=CC=CC34
XS847520a,O=C(NC1CCCN(CC=2C=CC=CC2)C1)C=3C=CC(F)=CC3Br
XS847517a,CC=1N=CC=2CC(CCC2N1)C(=O)N3CC=C(CC3)C4=CNC=5C=C(F)C=CC45
XS847514a,CC1(CCS(=O)(=O)C1)NC(=O)C2=CC(=NN2C=3C=CC=CC3)C=4C=CC=CC4
XS814952b,CC(NC(=O)C1CCCC1)C(=O)NC=2C=CC=C(C2)S(=O)(=O)N3CCCC3
XS847515a,CCC=1C=CC=C(C1)OCC(O)CN2C(CS(C)(=O)=O)=NC=3C=CC=CC32
XS549063b,CCOC(=O)CC(NC(=O)C=1C=CC=2NC(=O)COC2C1)C=3C=CC=C(C3)OC
XS847516a,COC=1C=CC(=CC1)N2CCN(CC2)C(=O)CCN3CCCC3C4=CC=CS4
XS839041b,COC=1C=CC(=CC1)C=2CC(CN3C=C(N=N3)C=4C=C(F)C=C(C4)C(=O)O)ON2
XS075376b,CC(C)CN(C(=O)CSC=1C=CC2=CC=CC=C2N1)C3CCS(=O)(=O)C3
XS838094b,CC(COC1CCCC1)CS(=O)(=O)N2CCN(CC2)C(=O)C=3C=CC=CN3
XS841591b,O=C(NC1CCCC=2SC=CC21)N3CCC(CC3)S(=O)(=O)N4CCCC4
XS847519a,CC(=O)N1C=CC=2C=CC=CC2C1CC(=O)NC=3C=CC=4OC(=NC4C3)C(C)C
XS818641b,CC(NC(=O)COC=1C=CC(=CC1)C(F)(F)F)C=2C=CC(=CC2)N3C=NC=N3
XS723358b,CCC1CCCCN1C(=O)CN(C2=NC=CS2)S(=O)(=O)C=3C=CC=CC3
XS709090b,CC1CN(CC=2C=CC=CN2)CCN1C(=O)C3=CN(CC=4C=CC=C(F)C4)N=N3
XS847513a,CC1=CC=CC2=NC(=CN12)C(=O)OC(C)C(=O)NC=3C=CC=C(C3)C(F)(F)F
XS837601b,O=C(NC=1C=CC=C2C=C(Br)C=NC12)NC3CCCS(=O)(=O)C3
XS847518a,NC(=O)NC(CC(=O)N1CCC(CCC=2C=CC=CC2)CC1)C=3C=CC=CC3F
XS847512a,CC1=NC(=NN1C=2C=CC(F)=CC2)C(=O)OC(C)C(=O)NCC3CCCCC3
XS847511a,CC=1C=CC(=CC1)S(=O)(=O)CCC(=O)OC(C)C(=O)NC=2C=CC=CC2C
XS842417b,COC=1C=NC=C(C1)N2CCN(CC2)C(=O)C(C)N3C=CC=4C=CC=CC4C3=O
XS842607b,CCC(C)(NS(=O)(=O)C=1C=CC(=C(F)C1)N2C=C(C)C=N2)C3=NC=CS3
HL001490b,CC1=CC=2C(=NC=NC2S1)N3CCN(CC3)C(=O)C4CCC=5C=NN(C)C5C4
XS847539a,O=C(C1CSCN1S(=O)(=O)C=2C=CC=C(Cl)C2F)N3CCSCC3
XS847522a,COC=1C=CC=CC1CC(=O)NC(C=2C=CC(F)=C(F)C2)C(C)(C)N3CCCC3
XS847528a,CCC(NC(=O)C=1C=CC=C(C1)S(=O)(=O)N2CCNC(=O)C2)C=3C=CC(C)=CC3
XS847526a,O=C(C1=CC=C(O1)C2=NC=3C=CC=CC3S2)N4CCN(CC4)C(=O)C5CCCO5
XS847527a,CC1=NC=2C=CC(=CC2S1)NC(=O)C3CCCN(C3)C(=O)C=4C=CC(Cl)=CC4
XS723030b,O=C(C1CCS(=O)(=O)C=2C=CC=CC21)N3CCN(CC3)C=4C=NC=C5C=CC=CC45
XS838515b,CC(NC=1C=CC(=CC1S(=O)(=O)N2CCOCC2)[N+]([O-])=O)C3=NN=C4CCCN34
XS693896b,CCNS(=O)(=O)C=1C=CC=C(C1)C(=O)NC(C2=NC=CN2C)C=3C=CC=C(F)C3
XS847525a,CCOC=1C=CC(=CC1)C(C)NC(=O)C=2C=CC=C(C2)S(=O)(=O)N(C)C(C)C
XS847523a,O=C(NCCC1=CNC=2C=C(Cl)C=C(Cl)C12)N3CCCCC3C=4C=NNC4
XS847532a,CCN(CC)C(=O)C(C)NC(=O)C=1C=C(N=C2ON=C(C)C12)C3=CC=C(C)S3
XS847529a,COC=1C=CC(=CC1OC)C(CNC(=O)NCCC=2C=CC=CC2)N3CCOCC3
XS836521b,CC=1C=CC2=NC(=CC(=O)N2C1)COC(=O)C(CC=3C=CC(O)=CC3)C(F)(F)F
XS847537a,CN1CCC2(CC1)CC(NS(=O)(=O)C=3C=CC(F)=CC3F)C=4C=CC=CC4O2
XS080469b,COC=1C=CC(=CC1)N2CCN(CC2)C(C)C(=O)NC=3C=CC(=CC3)C(F)(F)F
XS847531a,CC1CCCN(CC=2C=CC=CC2CNC(=O)C=3C=CC=C(C3)CS(C)(=O)=O)C1
XS847524a,CC(OC(=O)C=1C=CC2=C(C1)S(=O)(=O)N=C3CCCCCN23)C(=O)N4CCCC4
HL000863b,CCC(=O)N1N=C(CC1C=2C=CC=CC2OC)C=3C=CC=C(C3)NS(C)(=O)=O
XS847533a,CC1=NN(C(C)=C1CC(=O)NC(C)C=2C=CC=C(F)C2)C=3C=CC(=CN3)C(F)(F)F
XS847534a,CC=1C=CC(OC(C)C(=O)NCCC2=NN=C3C=CC=CN23)=C(Br)C1
XS847536a,O=C(C1CC1)N2CCN(CC2)C(=O)C3CCCN3S(=O)(=O)C=4C=CC(F)=CC4
XS847538a,CCNS(=O)(=O)C=1C=CC(=CC1)C(=O)NC(CN(CC)CC)C=2C=CC=CC2
XS847535a,O=C(C=1C=CC=CC1N2C=CC=N2)N3CCN(CC3)C(=O)C4COC=5C=CC=CC5O4
XS847521a,CCN1C(=O)NC=2C=C(C=CC2C1=O)C(=O)NC(C)C=3C=NN(C3)CC=4C=CC=CC4
XS847530a,COC=1C=CC(=CC1)CN2CCCN(CC2)C(=O)C3CCCN3C(=O)C4=CC=CO4
XS847559a,CC=1C=CC(=CC1)CCN(C)C=2C(F)=CC=C3C(=O)N(C(=O)C23)C4CCC(=O)NC4=O
XS847542a,COC=1C=C(C=CC1OC(F)F)C(=O)OCC(=O)N(CC(C)C)C2CCS(=O)(=O)C2
XS847556a,CC(C)N1N=CC=2C(=CC(=NC21)C3CC3)C(=O)N4CCN(CC4)C(=O)C5COC=6C=CC=CC6O5
XS847549a,CCOC=1C=CC(=CC1)S(=O)(=O)N2CCN(CC(O)COC=3C=CC(C)=CC3)CC2
XS847543a,CCOC=1C=C2CC(C)OC2=CC1NC(=O)C=3C=CC(Cl)=C(C3)S(=O)(=O)NC
XS847555a,CCC(OC=1C=CC=CC1C(C)C)C(=O)N2CCCN(CC2)C(=O)C3=CN=C(S3)C(C)C
XS841203b,COC=1C=CC(=CC1)C(CN2CCCC2)NS(=O)(=O)C=3C=CC=4CCCN(C)C4C3
XS847545a,CC(C)N(C)S(=O)(=O)C=1C=CC=C(C1)C(=O)OC(C)C(=O)NCC2CCCCC2
XS847551a,CC(C)CN1CC(CC1=O)C(=O)N2CCN(CC2)C(=O)C=3C=CC=C(C3)C(F)(F)F
XS847548a,CCN(CC(=O)NC1CCS(=O)(=O)C1)C(=O)CN2C(=NC=3C=CC=CC32)C(F)(F)F
XS847553a,CC(NC(=O)CN(C)CC(=O)NC=1C=CC(Cl)=C(Cl)C1)C=2C=CC(F)=CC2F
XS838015b,CC1=NC(C#N)=C(O1)N2CCN(CC2)C(=O)COC(=O)C3CCCN(CC(F)(F)F)C3
XS847557a,O=C(NCC1CC1)C2CCCN(C2)C(=O)C3CCN(CC3)C(=O)C=4C=CC(Cl)=CC4
XS847558a,CC(=O)N1CCN(CC1)C=2C=C(C=CN2)CNC(=O)N3CCCC4(CCN(CC=5C=CC(Cl)=C(Cl)C5)C4)C3
XS847560a,N#CC=1C=CC(=CC1)CN2CCN(CC(=O)N(C3CCCC3)C4CCS(=O)(=O)C4)CC2
XS847547a,CCN1C=NC2=C1C(=O)N(CC(=O)NC(C)C3=CC=CS3)C(=O)N2CC=4C=CC=CC4
XS847550a,CC(=O)NC(CC1=CNC=2C=CC=CC12)C(=O)N3CCC(CC3)C4=NC=5C=CC=CC5O4
XS847554a,CC=1C=CC(=CC1NC(=O)CN2CCCC2C3=CC=CS3)S(=O)(=O)N4CCCCC4
XS800624b,CN1C=CN=C1C(NS(=O)(=O)C=2C=CC=3OCCCOC3C2)C=4C=CC(Cl)=CC4
XS847541a,CC(C(=O)NC1CCCCCC1)N2CCN(CC2)S(=O)(=O)C=3C=CC=C(Cl)C3
XS842482b,CC1=NC=2C=CC(=CC2O1)S(=O)(=O)N3CCCC(C3)C4=NC=5C=CC=CC5N4C(C)C
XS847544a,CCN1C(CCC(=O)NC2CCC=3C=CC=CC32)=NC=4C=C(C=CC41)S(=O)(=O)N(C)C
XS847540a,CC=1C=C(Br)C=CC1NCC(=O)N(C=2C=CC=CC2)C3CCS(=O)(=O)C3
XS847552a,CC=1C=CC(=C(C)C1)S(=O)(=O)N2CCN(CC2)C(C)C3=NC=4C=CC=CC4C(=O)N3
XS847546a,CC(NC(=O)C1CCN(CC1)S(=O)(=O)C=2C=C(C(N)=O)N(C)C2)C=3C=CC(Cl)=CC3Cl
XS811870b,CC(NC(=O)C=1C=CC=C(C1)S(=O)(=O)N2CCOCC2)C=3C=CC(Cl)=CC3Cl
XS838111b,FC=1C=NC(=NC1)NC2CCSC2
XS837525b,CC(NC(=O)N1CC(=O)N(C)C1)C(F)(F)F
XS847567a,CCC(C)NC(=O)CC1=CNC=2C=CC=CC12
XS393832b,CC(NC(=O)C=1C=CC=CC1F)C=2C=CN=CC2
XS847571a,O=C(C=1C=CC=CC1)N2CCCC(O)C2
XS839456b,NC1=NC(=NN1)C(=O)NC2CCC3(CCC3)C2
XS847562a,CC(=O)NC1CC(C)(C)OC=2C=C(F)C=CC21
XS841857b,O=C1CCC2CN(CC=3C=CC=C(O)C3)CCN12
XS847563a,O=C(NC=1C=CC=C(F)C1)C2CCCN2
XS847568a,O=C(NCC1CCS(=O)(=O)C1)C2=CC=CO2
XS847573a,CNC(=O)C1CCCN1CC=2C=CC=CC2
XS847570a,CC1=NOC(CN2CCCC2C=3C=CSC3)=N1
XS847561a,CC(NC=1C=CC=2CCCC2C1)C(=O)NC(N)=O
XS847572a,CCCS(=O)(=O)N1CCCC(C1)C(N)=O
XS847566a,O=C(C1CC1)N2CCCC2C=3C=CN=CC3
XS847569a,CNC(=O)C1CCCN(C1)C=2C=NC=CN2
XS847565a,CC1CN(CCO1)C(=O)C=2N=CC=NC2N
XS841021b,COCC(C)N(C)C(=O)C=1C=CC2=NN=CN2C1
XS842364b,CC1CCCCN1C(=O)N2CCC32CCCCC3
XS838256b,CC(COC=1C=CN=CC1Cl)C2CC2
XS836867b,CS1(=O)=NC(=O)C=2C=CC=CC21
XS840294b,COCC(C)(CO)CNC(=O)C1=NC=CN1
XS842374b,NC(C=1C=CC=2OCCOC2C1)C(F)(F)F
XS733994b,CC1CCC=2N=C3C=CC=CC3=C(C(=O)O)C2C1
XS661471b,CC(OC=1C=CC=C(F)C1)C(=O)NC2=NN=CN2
XS847574a,CC(C)NC(=O)C(C)NCCN1C=CC=N1
XS741873b,N#CC=1C=CC=CC1CN2CCCC(O)(C2)C(N)=O
XS837080b,CC(CO)CNC(=O)NC1=NN=C(N1)C(F)(F)F
XS589104b,CN1N=NC=C1C(=O)NC(C=2C=CC=CC2)C3CCC3
XS839909b,CC(C(=O)NC=1C=CC=2NCCC2C1)S(C)(=O)=O
XS847581a,COC=1C=CC=C(C1)C(=O)N2CCCCC2CCO
XS842485b,COCC(C)OC(=O)C1=CNN=C1C=2C=CC=CC2
XS841370b,O=C(NC1CCSC1)NC2(CCC2)C3CCC3
XS708691b,CC1=NN=C(N1)C(NC(=O)C=2C=CC=CC2)C(C)C
XS847576a,CNC(=O)NC(=O)C(C)SC=1C=CC(F)=CC1
XS847582a,CCN(CC)CC(=O)NC(C)CCC=1C=CC=CC1
XS593298b,NCC1CCCCN1C(=O)CC=2C=CC(F)=CC2F
XS847583a,CNCC1CCCN(C1)C(=O)C=2C=C(C)C=CC2F
XS837758b,CC1CN(CC(C)(C)O1)C=2C=NNC(=O)C2Cl
XS847579a,CN(CC(F)(F)F)C(=O)C1CCC=2C=CC=NC21
XS774786b,CCN(CC)C(C)CNC=1N=C2CCCC2=CC1C#N
XS837204b,CN1CC=2C=C(C=CC2C1=O)OCC3CCCOC3
XS847577a,CC1=NN=C(CNC2C=3C=CC=CC3CCC2(C)C)O1
XS836988b,CC=1C=CC=C(C1)C(C)N2C=CN3C(=O)C=CN=C23
XS509349b,CC1=NNC(C)=C1CC(=O)N2CCC2C=3C=CC=CC3
XS837099b,CCC(NC=1N=CC(Cl)=CN1)C2=NC(C)=NN2
XS847578a,N#CC=1C=CN=C(C1)N2CCCC(C2)OC(=O)C3CC3
XS621243b,CC(C(=O)N1CCCC=2C=CC=C(O)C21)N3C=NC=N3
XS694474b,CC(NC(=O)C=1C=CC=2C=CNC2C1)C=3C=CN=CC3
XS847575a,COC=1C=CC=C(C1)C2NC3(CCCC3)C(=O)N2C
XS847580a,O=C(C=1C=CC=CC1F)N2CCCC2C=3C=CN=CC3
XS847593a,CCOC(=O)NC(C(=O)NC=1C=CC(C)=CC1)C(C)C
XS847588a,CN1C=NC=C1C(=O)N2CCCC2C=3C=CC=C(F)C3
XS847591a,CCCC(C)NC(=O)C=1C=CC(=CC1)N2CCCC2=O
XS826466b,CCC(OC=1C=CC=CC1F)C(=O)NC=2C=C(C)ON2
XS839354b,CC1CCCC2=NN=C(CC3=NC=4C=CC=CC4N3C)N21
XS669947b,CC=1C=NN(C1)C2CCN(C2)C(=O)C3=CNN=C3C4CC4
XS842642b,O=C(NCC1(O)CCSC1)C=2C=CC=3C=CNC3C2
XS729371b,CC=1C=CC(C#N)=C(N1)N2CCC(O)(CN3C=CN=N3)C2
XS842289b,[O-][N+](=O)C=1C=CC(=NC1)N2CCCC(C2)C3=CNN=N3
XS839679b,CC=1C=CC=C(C1)OCC(C)NC(=O)C2=CCCCO2
XS847585a,CC(C=1C=CC=CN1)N(C)C(=O)C=2N=C3NCCCN3N2
XS837206b,CC1=CC(=CNC1=O)NC(=O)C2CCC=3C=CC=CC3C2
XS841735b,COC1=NN(C)C=C1C(=O)NC(C)C2=NN=C(C)S2
XS736301b,CC=1C=C2N=CN(CC(O)CN3CCCC3)C2=CC1C
XS837331b,CC(NC(=O)C=1SC=2C=CC=CC2C1Cl)C(=O)O
XS847584a,CC1C=2C=CSC2CCN1C(=O)C=3CCC(=O)NN3
XS847586a,OCC1CCCCN1CC2=NC(=NO2)C3=CC=CS3
XS847592a,O=C(NCC1CC1)NC(C2=CC=CS2)C=3C=CC=CC3
XS847587a,CC1CCN(C(=O)C=2C=CN=CC2)C=3C=CC=CC3S1
XS671280b,CC1=NOC(CC2(O)CCCN(CC3=NC=CN3)C2)=N1
XS847590a,CC1=CC(C)=NN1CCC(=O)NC2CCC=3C=CC=CC32
XS838254b,FC=1C=CC=C2SC(=NC12)NC3CCC=4C=CC=NC43
XS074135b,CCC(C)NC(=O)CC1=CSC(=N1)C2=CC=CS2
XS847595a,CC1=C(C=C(C#N)N1C)C2NC(=O)C=3C=CC=CC3N2C
XS840201b,CC=1C=CC=CC1C(C)C(=O)NCC(=O)N2CCCO2
XS847594a,CC(C1=CC=CS1)N(C)C(=O)CC=2C=CC=C(O)C2
XS847589a,COC=1C=CC=CC1NC(=O)C(C)OC=2C=CC=C(C)C2
XS763077b,COC=1C=CC(=CC1F)S(=O)(=O)NCC2CCCN2
XS847607a,O=C(O)CC(NC(=O)C=1C=CC=C(F)C1)C=2C=CC=CC2
XS708141b,O=C(CC=1C=CC=C(F)C1)N2CCCC(C2)N3C=NC=N3
XS847601a,CCCCN1C(C)=C(C)N=C1SC2CCCCNC2=O
XS847597a,NC1CCN(C1)S(=O)(=O)C=2C=C(Cl)C=CC2Cl
XS847602a,O=C(CN1CCCC1C=2C=CSC2)NC(=O)NC3CC3
XS847603a,COC=1N=CC=CC1NC(=O)NCCN2CCCCC2C
XS511352b,CC1CCCN(C1)C=2C=CC=CC2OCC(=O)NC3CC3
XS837523b,CC(NCC=1C=CC(=CC1[N+]([O-])=O)C(N)=O)C23CC(C2)C3
XS783437b,CC(=O)NC1=CNN=C1C2CCCN(C2)C(=O)C3(C)CC3
XS836881b,CC1(CNCCS(=O)(=O)C2CCCCC2)CC1(F)F
XS468976b,CNC=1N=C(C)C=C(N1)C(=O)N2CCC(C2)C=3C=CC=CC3
XS841663b,CCN(CC=1N=NNN1)C(=O)C=2C=CC=3OC(C)CC3C2
XS546431b,NC(=O)C1(O)CCCN(C1)C=2N=CC=C(N2)C(F)(F)F
XS847598a,CC(C1=CC=CS1)N(C)CC(=O)NC=2C=CC=C(F)C2
XS847604a,CCNC(=O)NC(=O)C(C)N(C)CC=1C=CC=CC1Cl
XS847606a,CC1=NC(=CS1)CC(=O)NC2CCC3=NN=C(C)N3C2
XS842434b,COC=1C=CC=CC1C(C)NC=2C=NC=C(N2)N3C=NC=N3
XS847599a,NC=1N=CC=NC1C(=O)NC2CCN(CC=3C=CC=CC3)C2
XS840104b,CC(CC(=O)NC1CCC2(CC1)N=N2)C=3C=CC(F)=CC3
XS839235b,CC(=O)N1CCCN(CC1)C(=O)C2(CC2(F)F)C(F)F
XS847600a,CN(C(=O)C=1C=C(NC1C2CC2)C3CC3)C4CCNC4=O
XS588519b,CC(C(=O)O)N1CCC(CC1)C2=NC=3CCCCC3S2
XS839242b,CN(C=1C=C(N=CN1)C=2C=CSC2)C3CCC(F)(F)C3
XS847605a,ClC=1C=CC=C(C1)C2=NOC(=N2)C3CC43CCNCC4
XS648938b,CCOC(=O)C1CCCN(CCCOC=2C=CC=CC2)C1
XS847596a,O=C(CCCOC=1C=CC=CC1)NC2CCC(=O)NC2=O
XS837796b,COC(=O)C=1N=CC(=CC1F)COC(=O)C(C)(O)C(C)C
XS841257b,COCCN(CC1=CC=C(C)O1)C(=O)C2CC=3C=CC=CC32
XS743649b,CCC1=NOC(C)=C1C(=O)NC(CC(=O)O)C=2C=CC=CC2
XS847609a,CC(=O)NC=1C=CC(=CC1)NC(C)C(=O)N2CCCCCC2
XS575296b,CCN(C(=O)C1=CC(=NO1)C2CC2)C(C)CS(C)(=O)=O
XS570002b,CC1=NOC(=N1)C2CN(CCN2C)C(=O)C=3C=CC(O)=NC3
XS406810b,O=C1CCCC(CC2=NC(CC=3C=CC=CC3Cl)=NO2)N1
XS847612a,CN1C(=O)NC=2C=C(C=CC21)C(=O)N3CCOCC3C4CC4
XS847611a,CN(CC=1C=CC=NC1)C2CCCN(C=3C=NN(C)C3)C2=O
XS838895b,NC=1N=C(CNC2CCCOC32CCC3)N=C4C=CC=CC14
XS837985b,O=C(CN1CC2=NNC=C2C1CO)N3CCC=4C=CC=CC43
XS840593b,COCC(C)NC(=O)CS(=O)(=O)C=1C=CC=C(C1)OC
XS847614a,CCOC(C)C(=O)N1CCC2=C(C1)N=NN2C=3C=CC=CC3
XS711493b,CC=1C=C(C(=O)NCC2CCOC2)C=3C=NN(C3N1)C(C)C
XS792002b,CCC1=NC(=CS1)CC(=O)N2CCCC(C2)N3C=CC=N3
XS847619a,CC1=CC=C(C(=O)NC(C)CC=2C=CC(Cl)=CC2)C(=O)N1
XS839703b,C=1N=CN(CC(NC2=NC=3C=CC=CC3O2)C=4C=CC=CC4)N1
XS847617a,CCOC(=O)NC1CCCN(C1)C(=O)CC=2C=CC=CC2C
XS847618a,CC=1C=CC=CC1C2CCCN2CC(=O)N3CCNC(=O)C3
XS847608a,C1=CC(=CS1)C2=NOC(CNC3CCC4=NC=NN4C3)=N2
XS841236b,CC1CCCCN1S(=O)(=O)NCCCN2CCCC2=O
XS841686b,CC1(CNCC1(F)F)C2=NC(CC3=CSC=C3F)=NO2
XS847616a,CC1=CC(CN(C)C(=O)C2CC(=O)N(C2)C3CCCC3)=NO1
XS847610a,O=C(NC1CCC(=O)NC1=O)C=2C=CN(N2)C=3C=CC=CC3
XS847615a,CC(NC(=O)C=1C=CC=2NC=NC2C1)C=3C=CC=C(Cl)C3
XS838687b,CCOC=1C=C(F)C=C(C1)C(C)NC2=NC=NN3C=CN=C23
XS847621a,CC(NC(=O)C=1C=NC=C(Br)C1)C2=CC=CS2
XS837317b,CN1N=CC(=C1CNC(=O)NCC2CCCO2)C(F)(F)F
XS840323b,COC(=O)CC1CNC=2C=CC(=CC21)C=3C=NC=4NC=CC4C3
XS841275b,O=C(C1=CC=2C(F)=CC=CC2N1)N3CC=4C=CC=CC4C3CO
XS847622a,CC(C)OC=1C=CC(=CC1)NC(=O)NC2CCS(=O)(=O)C2
XS837928b,CC(CN(C)C1=NN=NN1C2CC=CC2)C(=O)OC(C)(C)C
XS847623a,CC(C(=O)N1CCC=2C=CC=CC21)N3CCCC=4C=CC=CC43
XS847625a,OC(COCC=1C=CC=CC1)CN2N=NC(=N2)C=3C=CC=CC3
XS836937b,NC=1C=CC=C(N1)C(=O)NC=2C=CC(=CN2)C(F)C(F)(F)F
XS837394b,COC(=O)C=1C=NC(NC(C)C=2N=CC=C(C)N2)=C(Cl)C1
XS839592b,CC=1C(Br)=CN=CC1C2NC(=O)CN2CC(C)C
XS837745b,CC=1C(=CN=C2NC=CC12)NC(=O)C3=CC=C4C(C)NCCN34
XS839593b,COC=1C=CC(=NC1C)C2NC(C)(C)C(=O)N2C=3C=CC=CC3
XS406943b,O=C(O)C(CNC(=O)C=1C=CC=C2NC=CC12)C=3C=CC=CC3
XS733028b,CC1=CC=C(C(=O)N2CCCCCC2C=3C=CC=CC3)C(=O)N1
XS836802b,O=C(C1CC(=O)N(CC2=CC=CO2)C1)N3CCC=4C=NC=CC43
XS837983b,BrC1=CC=C(CNC(C2=NC=CS2)C3CC3)O1
XS847624a,CCOC=1C=CC(=CN1)C(=O)NC2CCCC=3NC(=O)C=CC32
XS840388b,CC(C=1C=CC(Cl)=CC1)N(C)C(=O)C=2C=CC=3NC=NC3C2
XS847620a,CC(OC=1C=CC=CC1)C(=O)N2CCN(CC2)C=3N=CC=CN3
XS184148c,CC=1C=CC2=C(C1)CCCN2C(=O)C3COC=4C=CC=CC4O3
XS842743b,CC(CC1CC1)NC=2C=CC=C(C2)N3CCS(=O)(=O)CC3
XS760870b,COC=1C=CC=CC1CC(=O)N2CCCCC2CN3C=CC=N3
XS842665b,CC(OC=1C=CC=CC1Br)C(=O)NC=2C=CNN2
XS527772b,O=C(O)C1=COC(=C1)C(=O)N2CCCC2CCC=3C=CC=CC3
XS841372b,CC=1C=CC=C(C1)CN(CC=2C=CC=CN2)CC3CCOCO3
XS711427b,CN1N=CC2=C1CCCC2NC(=O)C=3C=C(Cl)C=CC3F
XS847633a,COC=1C=C(C=C(C1)C(=O)NC(C(N)=O)C=2C=CC=CC2)OC
XS847640a,COCCN1C=C(C=N1)NC(=O)NC2CCCC=3C=CC=CC32
XS336562b,NC(=O)CC1CCCN(CC2=NN=C(C3CC3)N2C4CC4)CC1
XS847631a,CC(C)NC(=O)N(C)C1CS(=O)(=O)C=2C=CC(Cl)=CC21
XS847632a,CC(SC=1N=CC=CN1)C(=O)NC=2C=CC=3OCCOC3C2
XS847628a,O=C(CCCN1C=CN=C1)N2CCCC2C3=NOC(=N3)C4CC4
XS847626a,CC1=CC(C(=O)N2CCCC2C=3C=NN(C)C3)=C(C)N1C(C)C
XS175609e,CN1C(=O)C=2C=CC(=NC2N(C)C1=O)C(=O)NCC3CCCO3
XS847627a,CCC1=CC=C(O1)C2CCCCCN2CCN3C(=O)CCC3=O
XS847635a,CC1=NOC(=N1)C(C)N2CCN(CCOC=3C=CC=CC3)CC2
XS847641a,COCC(C)NC(=O)CSC1=NC=CN1C=2C=CC=CC2C
XS637663b,CC(C)(C)NC(=O)C=1C=CC=C(C1)NC(=O)N2CCCC(O)C2
XS847629a,CC1=NC(=CS1)CN2CCOC(CN(C)C=3C=CC=NN3)C2
XS840500b,CC(NC(N)=O)C(=O)NNC(=O)C1=CC(=NN1)C=2C=CC=CC2
XS847634a,O=C(O)C1=CSC(CN2CCCC2CC=3C=CC(F)=CC3)=N1
XS847638a,CCN1CCCC1CNC(=O)C=2C=C(ON2)C=3C=CC=CC3F
XS847642a,CCC(=O)NC=1C=CC(=CC1)NC(C)C(=O)NC2=CC(C)=NO2
XS847630a,CC=1OC(C)=C(C(=O)N(C)CC2COC=3C=CC=CC3O2)C1C
XS847637a,CC(=O)N1CCN(CC1)C(=O)C(C)NC=2C=CC=3OCCC3C2
XS838385b,CC(CC(=O)OC(C)(C)C)NC=1C=CC(=NN1)S(C)(=O)=O
XS837798b,O=C(NC1=NNC=2C=C(O)C=CC12)C=3C=NN(C3)C4CC4(F)F
XS839013b,O=S(=O)(C1CCN(C1)C2=NC=3C=CC=CC3N2)N4CCCC4
XS847639a,CNC=1SN=C(C)C1C(=O)NCC(C)N(C)C=2C=CC=CC2
XS837150b,O=C1NC(NC=2C=CC=CC12)C=3C=CC(=CC3)OC=4C=NC=CN4
XS397860b,CC1=CN=C(NC(=O)CCC2CC=3C=CC=CC3NC2=O)S1
XS847647a,NC(=O)C1CCCN(C1)C(=O)C=2C=CC(Br)=C(O)C2
XS688775b,COC=1C=CC=CC1C(NC(=O)C2=CC=C(C)O2)C3=NC=CN3C
XS847643a,O=S(=O)(C=1C=CC=C(F)C1F)N2CCCC2C=3C=CC=CN3
XS841296b,O=C1NC(NC=2C=C(F)C(F)=CC12)C3=NOC=4CCSCC34
XS548983b,O=C(NC1CCN(C1)C=2C=CC=CN2)N3CCC=4C=CC=CC4C3
XS847646a,O=C1CC(CNC=2N=CN=C3N=CNC23)CN1CC=4C=CC=CC4
XS847645a,O=C1C(CCN1C=2C=CC=CC2F)NC=3C=CC4=NC=CN=C4N3
XS784497b,CCC(CN(CC)C(=O)C=1C=CC(=CN1)C(N)=O)C=2C=CC=CC2
XS847649a,O=C(C=1C=CNC1C2CC2)N3CCC4(C3)C(=O)NC=5C=CC=CC54
XS847654a,O=C(NCC1CCCO1)C=2C=CC=C(C2)S(=O)(=O)NC3CC3
XS840792b,C#CCNC(=O)C(C)N1CCN(CC1)C=2SC=CC2[N+]([O-])=O
XS847650a,N#CC=1C=CC=C(C1)NC2CCN(C2)C(=O)C=3C=C4CCCN4N3
XS476333b,CCC1=NC(=NO1)C2CCCN2C(=O)C3=CN4C(C)=CC=CC4=N3
XS841274b,OCC1CC=2C=CC=CC2N(CC3=CNN=C3C=4C=CSC4)C1
XS761945b,O=C(C=1C=C(NN1)C2CC2)N3CCNC(=O)CC3C=4C=CC=CC4
XS847644a,COC(=O)CC1C(=O)NCCN1CCOC=2C=CC=CC2Cl
XS838361b,COC=1C=CC2=NC=CC(=C2N1)N3CCC(CC=4C=CN(C)N4)C3
XS815250b,NC(=O)NC(CC(=O)N1CCCCCC1)C=2C=CC=CC2Cl
XS726219b,O=C(O)C=1C=CC(=NC1)C(=O)N2CCCC2CCC=3C=CC=CC3
XS847653a,CC=1C=CC=C(C1)C2=NOC(CN(C)C3CCS(=O)(=O)C3)=N2
XS847648a,CC1=CC(C)=NN1CC(C)C(=O)NC=2C=C(Cl)C=C(Cl)C2
XS591452b,CC=1C=CC(=CC1)OCC(O)CNCCC2=CNC=3C=CC=CC23
XS583781b,O=S(CC=1C=CC=C(Cl)C1)CC=2C=CC=C3OCCOC23
XS847652a,CCCOC=1C=CC=C(C1)NCC(=O)NC2CCS(=O)(=O)C2
XS837662b,CS(=O)(=O)C=1C=NC(NCC2CSCCN2)=C(Cl)C1
XS847651a,CCC=1C=CN=C(C1)C(=O)N2CCC(C2)NC=3C=CC=C(C#N)C3
XS734022b,CC=1C=NN(C1)CC2CCCN2C(=O)C=3C=C(F)C=C4NC=NC34
XS434562b,CC(NC(=O)NCC=1C=CC=NC1)C2=NC(=NO2)C3CCCCC3
XS847656a,CC=1C=C(CS(=O)(=O)NC(C)C=2C=CC3=CC=CC=C3C2)ON1
XS847664a,COC=1C=CC(C)=CC1N2C=CC(=N2)C(=O)N3CCC(C3)C(N)=O
XS847661a,CC=1C=CC(=CC1)C=2C=C(NN2)C(=O)NC(C)CN3CCOCC3
XS836938b,CS(=O)(=NC(=O)C=1N=CN=CC1Cl)C=2C=C(F)C=CC2F
XS842235b,CC=1C=C(NC(=O)C(C)NC=2C=CN(CC=3C=CC=CN3)N2)ON1
XS847658a,O=C(NCC1=NN=C2CCCCCN12)C3COC=4C=CC=CC4C3
XS847662a,CC1=CC=C(S1)C(=O)NC(CN2CCCC2=O)C=3C=CC=CC3
XS725662b,COC=1C=CC=C(C(=O)N2CCCC(C2)C=3C=C(C)NN3)C1OC
XS773654b,CC(C)C1=NC(=NN1)C2CCCCN2CC3=NN=C(C4CC4)N3C
XS559154b,COC=1C=CC=C(C1)CCC(=O)N2CCCCC2CN3C=CC=N3
XS837581b,O=C(NC(C=1C=C(F)C=CC1F)C(F)F)C=2C=C3OCCN3N2
XS789483b,CC1=NN2CC(CCC2=N1)NCC3=CNN=C3C=4C=CC(F)=CC4
XS847663a,CCC=1C=C(N2CCCC2C(=O)N3CCOCC3)N4N=CN=C4N1
XS847657a,O=C(NC=1C=CN(N1)C=2N=CC=CC2F)N3CCCC3C4CCC4
XS847659a,COC=1C=CC=CC1OCCC(=O)NCC2CCS(=O)(=O)C2
XS847660a,COC(=O)C=1C=CC=C(C1)NC(=O)C2CCCN(C2)C(=O)C3CC3
XS837630b,CN(C=1C=NN(C)C1)S(=O)(=O)CC2CCC3(CCCCC3)O2
DR002394c,CC1=CC=C(CCNC(=O)C=2C=CC=C3NC(=O)C(C)NC23)S1
XS847655a,COC1=C(C(C)=NN1C)C2CCCN2CC=3C=CC(C#N)=CC3F
XS840779b,CC=1C(=CC=CC1C(=O)N(C)CC=2C=NC=CN2)NC(C)C(C)C
XS841632b,CC1=NN(C)C(C)=C1CC(C)NC=2C=C(Cl)C3=CC=CN=C3N2
XS538341b,COCC1(CCCN1C(=O)CC=2C=CC=C(Cl)C2F)C(N)=O
XS839336b,FC=1C=C2OCCC2=CC1CNC=3C=CC(=NC3)OC4CCOC4
XS839129b,O=C(O)C1CC(=O)N(C1)C=2C=CC(=CC2)C=3C=CC=CC3C(F)F
XS769471b,CC1CCN(CCNC(=O)NC=2C=NN(C2)CC3CCCO3)CC1
XS847671a,CNC(=O)C(CC(C)C)NC(=O)CCC1=NC=2C=CC=CC2S1
XS837102b,CC(C)C=1C=C(CNC(=O)NC(C)COC=2C=CC=CC2F)ON1
XS838341b,O=C1C(=CNC2=NC=NN12)C3=NOC(=N3)C4CCOC=5C=CC=CC54
XS838150b,CC(C(=O)NC(=O)NC=1C=CC=CC1)S(=O)(=O)C=2C=CC=CC2
XS847673a,CC=1NC2=NC=NN2C(C=3C=CN=CC3)C1C(=O)NC=4C=CC=NC4
XS847665a,CC(C)C1=NOC(CCCC(=O)N2CCCC(C2)N3C=CN=C3)=N1
XS847670a,CC=1C=CC=C(OC(C)C(=O)NC2=NC(=CS2)CC(N)=O)C1C
XS670957b,CC1=CSC(=N1)C2CCCCN2C(=O)CCCC3=NC(C)=NO3
XS847669a,CCC(CC)C(CNC(=O)NC=1C=CC(=CC1)OC)N2CCCC2
XS595062b,CNS(=O)(=O)C1=CC(=CO1)C(=O)NC2CCC=3C(C)=CC=CC32
XS129691c,CC=1C=CC=C(C1)N2CCN(CC2C)C(=O)C3=CN4C=CC=CC4=N3
XS645660b,CC1=NC2=C(CCCC2CN(C)C(=O)CN3N=CN(C)C3=O)S1
XS572705b,O=C(O)C1CCCN(C1)C(=O)C2=CC=C(O2)C=3C=CC=CC3Cl
XS838222b,O=C(O)C1CSCCN(C1)C(=O)C=2C=CC=3CCCCC3C2O
XS841388b,O=S(=O)(CCN1C=NN=N1)N2CC3CCCN3C=4C=CC=CC42
XS847667a,O=C(CCNC1CSCCC=2C=CC=CC21)N3CCCCCC3
XS847668a,O=C(C=1C=C(C=CN1)C=2C=NC=3NC=CC3C2)N4CCCC4CCO
XS757975b,N#CC=1C=CC(=CC1F)CN2CCN(CC2)C3(CCOC3)C(N)=O
XS847672a,COC=1C=CC(=CC1)OCCN(C)C(=O)NC(C)C2=NN=CN2C
XS836495b,N#CC1(CS(=O)(=O)N2CCCN3C=4C=CC=CC4CC3C2)CC1
XS847666a,CCC1=NC(=NO1)C2CCCN2C(=O)CCC3=NC(=NO3)C4CC4
XS836601b,CC(CC#N)N(C)C(=O)C=1C=NC(OCC(F)(F)F)=C(Cl)C1
XS840723b,COCC=1C=C(CN(CC2CC2(C)C)C=3N=CN=CC3Cl)ON1
XS838528b,O=C(O)C1(CCCC=2SC=CC2C1)N3C=C(Br)C=N3
XS847678a,CN1C=CN=C1C(NC=2N=CN=C3C=CSC23)C=4C=CC(F)=CC4
XS478636b,CN1C=C(C=N1)CC2CC(=O)N(CC=3C=CC(=CC3)C(C)(C)C)C2=O
XS847679a,CN1N=CC=2C(=O)N(C=NC21)CCC(=O)NC3CCC=4C=CC=CC43
XS847682a,CC(C)NC(=O)NC=1C=CC=C(C1)C(=O)N2CCC2C=3C=CC=CC3
XS839449b,O=C(NC1=CNN=C1C2CC2)C=3C=NN4C3NCCC4C(F)(F)F
XS781356b,CN1C=NN=C1CC2(O)CCCN(CC=3C=CC4=NC=CC=C4C3)C2
XS678754b,COC1=C(C(C)=NN1C)C2CCCN2C(=O)C3=CC=4C=CC=CC4O3
XS331504b,COC1CCCCN(CC(=O)NC=2C=NN(CC(C)C)C2C)C1=O
XS139502e,COC=1C=CC(Cl)=CC1C(=O)N2CCN(CC3CCCO3)CC2
XS847677a,O=C(NC=1C=CC(=CC1)OC(F)F)N2CCCCC2C=3N=CNN3
XS847676a,CC=1C=C(C=CC1Br)CCC(=O)N2CCCC2C(N)=O
XS847683a,COC(C)C(=O)NC=1C=CC=C(C1)S(=O)(=O)N2CCCCCC2
XS847681a,CC(NC(=O)CCCC1=CC=CS1)C=2C=CC(=CC2)N3C=CN=C3
XS847684a,COC=1C=CC=2C(=COC2C1)CC(=O)NC3CCC4=NN=C(C)N4C3
XS840205b,CC1=NOC(C)=C1C(C)C(=O)N(C)CC=2C=C(NN2)C=3C=CC=CC3
XS734046b,O=C(NC1CCN(C1)C=2C(F)=CC=CC2F)N3CCNC(=O)CC3
XS786333b,COC=1C=CC=C(C1)NC(=O)C(C)OC(=O)C2=NNC=3C=CC=CC23
XS847680a,CC(C)C(NC=1N=CN=C2C1C=NN2C)C=3C=CC=4OCCOC4C3
XS847674a,CC=1C=NN(C1)C2CCCN(C2)C(=O)C=3C=C(C)N=C4NN=C(C)C34
XS847675a,CC(C1=NC(=NO1)C=2C=CC=CC2)N3CCN4C(=NN=C4C3)C5CC5
XS838197b,O=C(CC1=CC(=NO1)C2CC2)N3CCCS(=O)(=O)CC3C4CC4
XS613406b,CCC=1N=NSC1C(=O)NC(C)C=2C=CC(Br)=CC2
XS837605b,CC1(C)CC(CCO1)NS(=O)(=O)C=2C=NC3=CC=C(F)C=C3C2
XS840791b,CC(C=1C=NN(C)C1)N(C)C(=O)NC=2C=CC(=C(Cl)C2)[N+]([O-])=O
XS837141b,O=C(O)C(CC=1C=C(Cl)C=CN1)NC(=O)C(F)=C2CCCCC2
XS847686a,CN(CC(=O)NCC(=O)NC=1C=CC(F)=C(F)C1)CC2CCCO2
XS847694a,CC(C1CC1)N(C)C(=O)CC2=CSC(=N2)C=3C=CC=4OCOC4C3
XS821446b,CN1N=CC=C1C2CCN(CC2)C(C(=O)NC(N)=O)C=3C=CC=CC3
XS478423b,CC(C)(C)CC1CCCN1C(=O)CCC2=NC(=NO2)C=3C=CC=NC3
XS417202b,O=C(C=1C=CN(N1)C=2C=CC=C(F)C2)N3CCCC(C3)C(F)(F)F
XS839337b,CS(=N)(=O)C=1C=NC=C(N1)NCC=2C=CC=C(C2)CC(F)(F)F
XS788111b,O=C(NCC1(CC1)C=2C=CC(Cl)=CC2)NC3CCS(=O)(=O)C3
XS847687a,CC(C)C1=CC(=NN1C(C)(C)C)C(=O)N2CCCC2C=3C=NN(C)C3
XS840531b,CC(C1CC1)N(C(=O)CN2C(=O)C(C#N)=C3CCCN3C2=O)C4CC4
XS847690a,O=C(COC=1C=CC=2OC=3CCCCC3C2C1)NCC4CCCNC4
XS839582b,C=1C=CC(=CC1)CN2CCOC(CC3=NC(=NO3)C4=COCCO4)C2
XS847691a,CC(C1=NC(=NO1)C=2C=CC(=CC2)NS(C)(=O)=O)C=3C=CC=CC3
XS847685a,CC=1C=CC2=NC(C)=C(C=C2C1)C(=O)N3CCCCC3CNC(N)=O
XS816039b,CCOC=1C=CC=CC1NC(=O)CC(NC(C)=O)C=2C=CC(C)=CC2
XS847688a,CC(OC(=O)CCC1=CC=C(O1)C=2C=CC=CC2)C(=O)NC(C)(C)C
XS823759b,O=C(NC1CCS(=O)(=O)C=2C=CC=CC21)C3=CN4C=CC=CC4=N3
XS839414b,CC(O)(CNS(=O)(=O)C1=CC=CC2=NSN=C12)C(F)(F)F
XS847693a,CC1=NOC(C)=C1CC(=O)N2CCCC2C3=NN=C4CCCCCN34
XS637624b,COC=1C=CC(OC)=C(C1)C2CCCN2C(=O)C=3C=C(ON3)C4CC4
XS014108b,CC=1C=CC(F)=CC1NC(=O)CCN2C(=O)C(C)OC=3C=CC=CC32
XS816495b,CC1=NC(=NO1)C=2C=CC(=CC2)OCC(=O)N(C(C)C3CC3)C4CC4
XS838867b,COC=1C=CC=2NC(=CC2C1)CC(=O)NC3CCN(C3)C4CCCC4
XS836827b,CC(=O)N1CCC(NC=2C=CC=C(F)C2C#N)C=3C=CC(F)=CC3C1
XS842009b,CC(COC=1C=CC=C(C#N)C1)OC(=O)CNC(=O)CN2C=NC=N2
XS847692a,O=C(NC1=NC(=CS1)C=2C=CC=CN2)C3CC(=O)N(CC4CC4)C3
XS836675b,NC(=O)C1CN(CCOC=2C=C(F)C=C(Br)C2)CCO1
XS840624b,CC=1C=CC=C(NC(=O)C2CSCN2C(=O)C=3C=NSN3)C1C
XS556872b,COC(=O)C(O)C1CCN(CC1)C(=O)C=2C=CC=C3C2OC(=O)N3C
XS743391b,O=C(NC(CC=1C=CC=CC1)C2CC2)C=3C=CC=CC3CN4C=NC=N4
XS847701a,CC(NC(=O)NCC=1C=CN=C(C1)N2CCOCC2)C3=CC=CS3
XS665723b,CNS(=O)(=O)C1=CC(=CO1)C(=O)N2CCC(C2)C=3C=CC=CC3C
XS837735b,CCN(C)C(=O)C(C)NC(=O)N(C)CC=1N=CC(Cl)=CC1Cl
XS847698a,CN1C=C(C=N1)CC2CC(=O)N(CCOC=3C=CC(Cl)=CC3)C2=O
XS839037b,O=C(COCC1=NN=CN1)NC(C=2C=CC=CC2)C3(O)CCCCC3
XS847697a,CC=1C=C(N(C)N1)N2CCC(NC(=O)C3=CN=C(S3)C(C)C)C2=O
XS847704a,COCC(C)N(C)C(=O)NC=1C=CC=NC1OC=2C=CC(=CC2)OC
XS428515b,COC=1C=C(C=C2OCCOC12)C(=O)N3CCCC3C=4C=CSC4
XS764852b,CCC1=C(C=NN1C=2C=CC=CN2)C(=O)N3CCC(C3)S(N)(=O)=O
XS847699a,CC(NC(=O)NCCC=1C=CC=CC1)C=2C=CC(=CC2)S(C)(=O)=O
XS840850b,[O-][N+](=O)C=1C=NC=C(Br)C1NCC2(CCO)CCOC2
XS847695a,O=C1C=2C=CC=CC2NC(C=3C=NN(C3)CC=4C=CC=CC4)N1C5CC5
XS847703a,CC(NC(=O)C=1N=C(N=CC1Cl)N2CCCCC2)C=3C=CN=CC3
XS847706a,CC1=NN=C2CCC(CN12)NCC=3C=CC=CC3OCC=4C=CC=CC4
XS847700a,CCC(C)NS(=O)(=O)C=1C=CC(=CC1)C(=O)NC=2C=CC(C)=CN2
XS837212b,N#CC=1N=CC=CC1S(=O)(=O)N2CCCC(O)(CC2)C(F)(F)F
XS847702a,CN1C=NN=C1C2CCCN(C2)C(=O)CCC3=NC(=NO3)C(C)(C)C
XS847696a,CC(=O)C1=C(C)NC(C(=O)C(C)N2CCN(CC2)C(=O)C3CC3)=C1C
XS847705a,CCCC(=O)N1CCCCC1C(=O)NCC=2C=CC(=NC2)OC(C)C
XS635897b,CC=1C=NN(C1)CC2CN(CC(=O)NCC3=CC=C(C)S3)CCO2
XS839755b,CC(C)C1CN(C(=O)C=2C=CC=C(N2)N3C=CN=C3)C=4C=CC=CC4N1
XS837161b,CC(CCS(C)(=O)=O)NC(=O)NCCC=1C=CC=C2C=CC=CC12
XS847711a,CC(C)CN1CC(CC1=O)C(=O)NCCC=2C=CC(=CC2)OC(F)F
XS847713a,COC=1C=CC(=CC1F)C(C)NC(=O)CCOC=2C=CC=C(Cl)C2
XS847719a,COC=1C=CC=NC1NC(=O)C2CC(=O)N(C2)C=3C=CC=4CCCC4C3
XS847710a,CC(OC(=O)C=1C=C(O)N=C2C=CC=CC12)C(=O)N(C)C=3C=CC=CC3
XS842376b,CC(C)C(NC(=O)C1=CNN=C1C2=CC=3C=CC=CC3O2)C4=NN=CN4
XS827461b,NC(=O)C1CN(C(=O)C2=CC=C(Br)O2)C=3C=CC=CC3O1
XS669039b,CS(=O)(=O)C=1C=CC2=NC=NC(NC3CCCC=4C=CC=CC43)=C2C1
XS839084b,COCC=1C=CC(=CC1)C2SCCN2C(=O)C=3C=CC4=NC=NN4C3
XS847709a,COCC(C)NC(=O)CCN1C=NC=2SC=3CCCCC3C2C1=O
XS397506b,CC=1C=CC(=CC1C)NC(=O)N2CCC(C2)NC=3C=CC4=NC=CN4N3
XS742246b,O=C(NC=1C=CC(=CN1)N2CCOCC2)NC3CCCC=4C=CC=CC43
XS847714a,COC(=O)CNC(=O)C=1C=CC=C(C1)NC(=O)C(C)OC=2C=CC=CC2
XS847708a,CC(C)N1N=CC=2C=C(C=NC21)CN3CCNC(=O)C3C=4C=CC=CC4
XS847707a,O=C(NCCOC=1C=CC(F)=C(F)C1)C2CCCN(C2)C(=O)C3CC3
XS742824b,CC=1NC(=O)NC(=O)C1CCC(=O)NC2CCC(C)(C)C=3C=CC=CC32
XS847716a,CC=1C=C(ON1)C2CCCN2C(=O)CCC3=NC(=NO3)C=4C=CN=CC4
XS820454b,CC=1C=CC=2N=CN(CC(=O)NC(C=3C=CC=CC3)C(C)C)C(=O)C2C1
XS840393b,CC=1C=C(NC(=O)C2CC2)SC1C(=O)NC3(C)CCS(=O)(=O)C3
XS619153b,COC1CCCCN(CC(=O)NC2=CN(C)N=C2C=3C=CC=CC3)C1=O
XS847717a,O=C(CC1C=CCC1)N2CCN(CC2)S(=O)(=O)C=3C=CC=C(F)C3
XS847712a,CC(C)CN1CCOC(CNC(=O)NCCC=2C=CC=C(Cl)C2)C1
XS847715a,CN1CCN(CC1C(C)(C)C)C=2N=C(N=C3CCCC23)C=4C=CC=NC4
XS839220b,COC=1C=CC=CC1C(C)N(C)C(=O)CN2C(=O)C=CC(C#N)=C2OC
XS847718a,CC=1C=CC=2NC(=NC2C1)C3CCCN3C(=O)CN4CCCCCC4=O
XS841428b,O=C(NC1CCS(=O)(=O)C1)NC2(CCCC2)C3=NOC(=N3)C4CC4
XS839182b,O=C(O)C=1C=CN=C(N1)NCC(CCO)C=2C=CC(=CC2)C(F)(F)F
XS600349b,CCNC(=O)C1CCCN(C1)C=2C=CN=C3C=CC(Br)=CC23
XS847722a,O=C(COC(=O)C1CCC1)N2N=C(CC2C3=CC=CO3)C4=CC=CS4
XS847729a,CCOC=1C=C(C=C(Cl)C1O)C2NC(N)=NC3=NC=4C=CC=CC4N32
XS847720a,CCC=1C=C(SC1C)C(=O)NC2CCCN(C3=CC(C)=NN3C)C2=O
XS838722b,CN1C=C2C(CCCC2NC(=O)C=3C=NC=4CS(=O)(=O)CCC4C3)=N1
XS839145c,CC(C)C(O)(C(=O)N(C)CC1=CN=C2C=CC(Cl)=CN12)C(F)(F)F
XS841532b,CC(=O)N1CCC=2C=CC=CC2C1CC(=O)N3CCCC=4C=CNC(=O)C43
XS842700b,O=C(NC(CC=1C=CC=CC1)C(F)(F)F)N2CCC3=NNC(=O)C=C3C2
XS837100b,COC=1C=CC=C(C1)C2CCCN2C(=O)NC=3C=CC=CC3C=4C=NNC4
XS797768b,CC(OC(=O)CN1C=NC=2C=CC=CC2C1=O)C(=O)NCC=3C=CC=CC3
XS839068b,CC1(C)CCC=2C=CC=C(C2O1)S(=O)(=O)N3CCOC3C(F)(F)F
XS839355b,CCC1=CN=C(CN(CC2CC=3C=CC=CC3O2)C=4C=C(C#N)N=CN4)O1
XS847721a,O=C(CCN1C=CC=2C=CC=CC21)NCC(C=3C=CC=CC3)N4CCCC4
XS847725a,NC(=O)C1CN(C(=O)C=2C=CC=CC2Br)C=3C=CC=CC3O1
XS838943b,CCN1C=C2C(C)=CC(=O)N(CCC(=O)NC3C=CS(=O)(=O)C3)C2=N1
XS840567b,CC(NC(=O)CN(CC(=O)N(C)C)CC(F)(F)F)C=1C=CC(F)=CC1
XS798140b,CC(C)C(NC(=O)CCNC(=O)NC=1C=CC=CC1)C=2C=CC(F)=CC2
XS839818b,O=C(C1CSC=2C=CC=CC21)N3CCC(CC3)C4=CC=NN4CCO
XS624203b,O=C(C1CCN(C1=O)C=2C=CC(F)=CC2)N3CC(C3)C=4C=C(CO)ON4
XS847726a,CN1N=CC=2C(=O)NC(=NC21)N3CCN(CC3)C(=O)C4CC=5C=CC=CC54
XS847727a,CS(=O)(=O)NC=1C=CC=CC1NC(=O)C2CC=3C=C(Cl)C=CC3O2
XS847728a,COC=1C=CC(=CC1)NC(=O)C2CCCN2CC3=CSC(=N3)C(C)C
XS676696b,CC=1C=CC(=CC1)S(=O)(=O)N2CCCCC2C(=O)NCC3=CC=CO3
XS847723a,CN1C=C2C(CCCC2C(=O)N3CCCN(CC3)C=4C=CC=CC4C#N)=N1
XS839888b,CC(C)C=1N=C2C(CCCN2N1)NC(=O)NCC3=NOC=4CCCCC34
XS847724a,O=C(C=1C=CN(N1)C2CCCC2)N3CCC(C3)NC=4C=CC=C(Cl)C4
XS847738a,O=C(CCCNC(=O)C1=CC=CO1)NC(C=2C=CC(F)=CC2)C3CCCC3
XS481099b,O=C(NCC1=CC=2C=CC=CC2N1)C3CC(=O)N(C3)C=4C=CC(F)=CC4F
XS841687b,COC=1C=CC(=CC1)N2CCCC(NC=3C=CC=C4OCCCOC34)C2=O
XS838345b,CC1=CC(=NN1)OC=2C=CC(=CC2)NC(=O)C3NCCC=4C=C(C#N)C=CC43
XS396634b,CC(NC(=O)C=1C=CC(Cl)=C(Cl)C1)C=2C=CC(=CC2)S(N)(=O)=O
XS691325b,CN(CC1COC=2C=CC=CC2O1)C(=O)CCNC(=O)NC=3C=CC=CC3
XS785210b,O=C1CCC=2C=C(C(F)=CC2N1)S(=O)(=O)N3CCCC3C=4C=CC=NC4
XS847735a,CC=1C=CC=C(C1)NC(=O)C=2C=CC(=CC2)S(=O)(=O)NCC3CCCO3
XS847737a,CC=1C=CC=C(C1C)N2CC(CC2=O)C(=O)NC=3C=CC(=NC3)N4C=CN=C4
XS145776c,CN1C=CN=C1C(NC(=O)C=2C=CC=CC2Br)C=3C=CC=CC3
XS847734a,CCOC(=O)C=1C=CC(=NC1)N2CCCC(C2)C3=NN=C4CCCCCN34
XS828794b,CC(NC(=O)C=1C=CC(=CC1)N2CCCC2=O)C=3C=CC(=CC3)N4C=CN=C4
XS847732a,CCNC(=O)NC(=O)C(C)OC(=O)C=1C=CC(OCC(C)C)=C(C1)OC
XS839046b,CCC(C)N(C)S(=O)(=O)N1CCN(CC1)C=2C=CC=C3NC(=O)NC23
XS842527b,CCC(C)(CNC(=O)C=1C=CN=NC1)NC(=O)C2=NC=C3C(F)=CC=CN23
XS842077b,O=S(=O)(NC1CCOC=2C=CC=CC21)C=3C=CC=CC3CN4C=NC=N4
XS842272b,CC1=NC2=C(CCCC2C(=O)NCC=3C=CN(N3)C=4C(F)=CC=CC4F)N1
XS847730a,COC=1C=CC(=CC1OC)C2=NOC(=N2)C3CC(=O)N(CC(F)(F)F)C3
XS847733a,CCOCC=1C=CC(=CC1)NC(=O)NCC2CCN(CC=3C=CC=CC3)C2
XS847736a,COC(=O)C1=C(CSC2=NC=CN2C)N(C)C(=O)NC1C=3C=CC=CC3
XS555729b,CC(=O)N1CC2(C1)C(CCS2(=O)=O)C(=O)N3CC(C)(C)CC(C)(C)C3
XS836998b,O=C(C=1ON=C2CCCCC12)N3CCCC(C3)C4=NC=5C=CC=CC5S4
XS837064b,NS(=O)(=O)C1CCCN(C1)S(=O)(=O)C=2C=C(F)C=C(C2)[N+]([O-])=O
XS847731a,O=C(C=1NC=2C=CC=CC2C1Cl)N3CCCC(COC=4C=CC=CC4)C3
XS839181b,CC(NC=1C=C(C(F)F)N(C)N1)C(=O)NC=2C=CC(=CC2)S(N)(=O)=O
XS836523b,CNC(=O)C=1C=CC=C(C1)NC(=O)C(C)OC(=O)C=2C=CC=C3C=CN=CC23
XS847744a,COC(=O)C=1C=CC(C)=C(C1)NC(=O)C2CCCN(C2)C(=O)C3=CC=CS3
XS847739a,FC(F)(F)C=1C=CC(=CC1)C2=NC(=CS2)CN3CCC(C3)N4CCCC4
XS149494c,O=C(NCC1=CN2C=CC=CC2=N1)C3CC(=O)N(C3)C=4C=CC=C5C=CC=CC45
XS847745a,CC1=NN2C(C)=CC(=NC2=C1C=3C=CC=CC3)C(=O)N(C)C4CCN(C)C4=O
XS840241b,CC1CN(CC(C)(C)O1)C(=O)C=2C=C(C3=CC=CO3)N4C=NC(C(N)=O)=C4N2
XS847743a,CCNC(=O)C(C)NC(=O)C=1SC(=NC1C)C=2C=CC(=CC2)C(F)(F)F
XS840101b,O=C(C1CC1)N2CCN(CCC32CCOCC3)C(=O)C4CCC=5C=CC=NC54
XS847750a,O=C(CCCNC(=O)C1CC1)N2CCCC2C=3C=CC(Br)=CC3
XS840152b,CC=1C=CC(CNC=2N=CN=C(C2N)N3C=CC=N3)=C(C1)OCC4CCCO4
XS842707b,CN(C)C1=NOC(CN2CCC(C(=O)O)C=3C=C(Br)C=CC32)=N1
XS847741a,CC1=C(NC(=O)C(C)OC=2C=CC=CC2C#N)C(=O)N(C=3C=CC=CC3)N1C
XS847747a,CC(=O)NC(CC(=O)OCC1=CC(=O)N2C=C(C)C=CC2=N1)C=3C=CC=CC3
XS393056b,COC=1C=CC(=CC1)OCCN2C(=NC=3C=CC=CC32)C4CCCN4C(C)=O
XS847746a,CC(C(=O)NC=1C=CC=CC1)N2CCN(CC2)S(=O)(=O)CC=3C=CC=CC3
XS555400b,CCN1C=C(C=N1)NC(=O)C(C=2C=CC(Br)=CC2)N3CCCC3
XS847742a,COC=1C=CC(=CC1F)C(C)NC(=O)NCC=2C=CC(=CC2)N3CCCC3=O
XS838518b,COCC=1C=CC(=CC1)S(=O)(=O)N(CC2=NC=CO2)CC(C)C3CCC3
XS841005b,CNC(=O)C1CN(C(=O)C=2C=NC=3ON=C(C3C2)C(C)C)C=4C=CC=CC4O1
XS837160b,CC1=NN(C)C(C)=C1C(C)C(=O)NC2=NC(=CS2)C=3C=CC=4COCC4C3
XS847749a,CCOC=1C=CC(=CC1)C2CCCN2C(=O)CC3=C(C)NC=4C=CC(C)=CC34
XS847740a,COC=1C=C(C=CC1Br)NC(=O)N2CCCC2C3=NN=CN3C
XS847751a,CCOC=1C=CC=C2C=C(OC12)C(C)NC(=O)C=3C=CC=C(C3)S(C)(=O)=O
XS547518b,COCC=1C=C(NC(C)CN2CCN(CC2)C=3C=CC=CC3)N4N=CN=C4N1
XS838284b,CCC1=CN=C(CN2CCC(C)(C2)NC(=O)C=3C=NN4C(C)=CC(C)=NC34)O1
XS847748a,CCN(CC)C(CNC(=O)C=1C=CC=C(C1)N2CCNC2=O)C=3C=CSC3
XS847755a,CC(C(=O)NC1CCCCC1)N2CCN(CC=3C=CC(=CC3)C(F)(F)F)CC2
XS847758a,CCN(C(=O)C=1SC=2N=C(N=C(C)C2C1C)C3CC3)C4CCS(=O)(=O)C4
XS847753a,CC=1C=C(C)N2N=C(N=C2N1)SC(C)C(=O)N3CCN(CC3)C=4C=CC=CC4
XS847761a,CN1N=CC=2C(=NC=NC21)N3CCCC3C(=O)NC=4C=C(Cl)C=C(Cl)C4
XS847752a,COC=1C=CC(=CC1)C2=NN=C(O2)C(C)N3CCN(CC3)C=4C=CC(=CC4)OC
XS836732b,CC(OC=1C=CC=NC1[N+]([O-])=O)C(=O)NC=2C=CC=C(C2)S(=O)(=O)N(C)C
XS847759a,CN(CC1=NC=2C=CC=CC2C(=O)N1)C(=O)C3CCCN3C(=O)C4=CC=CS4
XS847756a,CC=1C=CC(=CC1F)CNC(=O)CN2CCCC2C=3C=CC=4OCCCOC4C3
XS812743b,CC=1C=C(NC(=O)C=2C=CC=C(Br)C2)N(N1)C3CCS(=O)(=O)C3
XS847763a,CC(C(=O)NC=1C=CC=C(C1)S(=O)(=O)N2CCOCC2)N3CCC(C)CC3
XS847764a,CCN(C(C)=O)C1=NC(=CS1)CN2CCCC2C=3C=CC(OC)=C(C3)OC
XS840149b,CN(C(=O)C1CCN(C1)S(=O)(=O)C2=CC=CC3=NN(C)N=C23)C=4C=CC=CC4
XS839685b,COCC(=O)N1N=C(CC1C=2C=NC3=CC=CC=C3N2)C=4C=CC=5OCOC5C4
XS847762a,CC(CNC(=O)C1=NN(C(=O)CN1)C=2C=CC=CC2)N3CCC=4C=CC=CC4C3
XS837802b,O=C(O)C=1C=CC(NC(=O)C=2C=CC=C(C2)C3CCOC3)=C(C1)OCC(F)F
XS847757a,CC=1C=CC=C(C1C)N2CC(CC2=O)C(=O)NCC3=COC(=N3)C4=CC=CS4
XS847760a,COC=1C=CC=C(C1)C(NC(=O)NCCC=2C=CC=C(Cl)C2)C3=NC=CN3C
XS847754a,CCN(CC)C(CNC=1C=CC(=CN1)S(=O)(=O)N2CCCC2)C3=CC=CO3
XS847766a,CCOC=1C=C2CC(C)OC2=CC1CNC(=O)C=3C=CC=C(C3)S(C)(=O)=O
XS438619b,CC(C=1C=CC(=CC1)N2C=NC=N2)N(C)C(=O)CC=3C=CC(Cl)=C(Cl)C3
XS768144b,COC=1C=CC=C(C1)C2(CCC2)C3=NOC(=N3)C4CC(=O)N(C4)C=5C=NN(C)C5
XS847765a,CCCOC=1C=CC=CC1NC(=O)C=2C=CC3=C(C2)CC(C)N3S(C)(=O)=O
XS837580b,O=C(NCC1=NN=C(N1)C=2C=CN=CC2)N3CC4(CCCC4)C3C=5C=CC=CC5
XS836957b,O=S(=O)(CC1CCOC1)N2CCC(CC2)C3=NC(=CS3)C=4C=CC=CC4
XS131319b,COC(=O)C1=CC(=CC(=C1)C(=O)OC)OCC(=O)NC2CCCC=3C=CC=CC32
XS838960b,CC1CC(=O)NC=2C=CC(=CC2N1)C(=O)OCC(=O)NCC(=O)NC(C)(C)C
XS847771a,CN(C(=O)COC(=O)C=1C=CC=CC1NCC2=CC=CO2)C3CCS(=O)(=O)C3
XS847768a,CC1CCCN(C1)S(=O)(=O)C=2C=CC(=CC2)C(=O)NCC(=O)NCC3=CC=CO3
XS741489b,CC=1C=CC=C(C1)CN2CCC(CC2)NC(=O)NCC3CCN(C3)C=4C=CC=CC4
XS847769a,CNC(=O)CCCN(C)C(=O)C(CC=1C=CC=CC1)NC(=O)C=2C=CC(Cl)=CC2
XS847776a,N#CC=1C=C(C=CC1F)CC2=CN=C(NC(=O)NCCC(O)C(F)(F)F)S2
XS847767a,O=C(CCC1=CNC=2C=CC=CC12)N3CC(OC=4C=CC=CC43)C(=O)N5CCCCC5
XS847774a,CC=1C=CC(C(=O)NCC2CCN3N=CC(C(=O)N4CCN(C)CC4)=C3C2)=C(O)C1
XS847783a,CC1=NN(C(C)=C1CN(C)C(=O)CC2SC=3C=CC=CC3NC2=O)C=4C=CC=CC4
HL003593c,CC(C1=NN=C(O1)C=2C=CC(Cl)=CC2Cl)N(C)CC3=CN4CCCCC4=N3
XS805803b,O=C(CCNC(=O)C=1C=CC(Cl)=CC1)N2CCCC2C3=NC=4C=CC=CC4S3
XS847777a,CC(NC(=O)C1CCN(CC1)S(=O)(=O)C=2C=CC(F)=CC2)C=3C=CC(F)=CC3
XS847772a,COC=1C=C2CCN(CC2=CC1OC)C(C(=O)NC=3C=C(C)ON3)C=4C=CC=CC4
XS847782a,CCOC=1C=CC=CC1C=2CC(C=3C=CC4=NC=CN=C4C3)N(N2)C(=O)CCC(=O)O
XS838317b,CN1CCCC1C=2C=C(NN2)C(=O)NCCOC3CN(C3)C(=O)C4C5(CC5)C64CC6
XS847775a,CC(OC(=O)C1=CN(N=C1C2=CC=CS2)C=3C=CC=CC3)C(=O)N4CCOCC4
XS847784a,CCN(CC=1C=CC(OC)=C(C1)OC)C(=O)C=2C=CC(=CC2)OCC3CCCO3
XS684526b,CN(CC=1C=CC(O)=CC1)C(=O)CC2SC=3C=CC(=CC3NC2=O)C(F)(F)F
XS847779a,CCCC=1C=CC(=CC1)N2CC(CC2=O)C(=O)NC=3C=CC(=CC3)S(N)(=O)=O
XS847770a,CN(C(=O)C=1C=C2C=CC=CN2C1)C3CCCN(CC3)C(=O)C=4C=C5C=CC=CN5C4
XS847781a,CC1=NN=NN1C(CC=2C=CC=C(F)C2)C(=O)NCCNC(=O)C3CCCCC3
XS714539b,COC=1C=CC(=CC1)CC(NC(=O)CC2=CN3C=CSC3=N2)C=4C=CC(=CC4)OC
XS702357b,CCN(CC1=NC=2C=CC=CC2C(=O)N1)C(=O)C3CC(=O)N(C3)C=4C=CC(C)=CC4
XS847778a,COC=1C=CC(=CC1C(=O)NCC2CCCO2)S(=O)(=O)N3CCC=4C=CC=CC43
XS847773a,CC(=O)NCC1CCN2N=CC(C(=O)NCC3=CSC(=N3)C=4C=CC=CC4)=C2C1
XS836761b,CC(C=1C=CC(=CC1)N2C=NC=N2)N(C)CC3=NC=4C=5C=CC=CC5OC4C(=O)N3
XS847780a,CC(NC(=O)C=1C=NN(C)C1CC=2C=CC=CC2)C=3C=CC=C(C3)N4CCNC4=O
XS825622b,CNC(=O)C(NC(=O)C=1SC(COC=2C=CC(Cl)=CC2)=NC1C)C=3C=CC=CC3
XS847796a,CN1C=C(C=N1)S(=O)(=O)NCC(NC(=O)C=2C=CC(Cl)=C(F)C2)C=3C=CC=CC3
XS162182b,COC=1C=CC(=CC1Cl)NC(=O)C(C=2C=CC=CC2)N3CCN(CC3)C=4N=CC=CN4
XS847795a,CC1=NN(C(C)=C1Br)C=2C=CC(=CC2)C(=O)N3CCCC3C=4C=CN=CC4
XS847790a,O=C(C=1C=CC(F)=CC1)N2CCCC(C2)C(=O)N3CC=C(CC3)C4=CNC=5C=CC=CC45
XS836724b,CN1N=CC=2C(=O)N(C=NC21)CC(=O)NCC(C3=CNC=4C=CC=CC34)C=5C=CC=CC5
XS847792a,CCN(C(=O)C=1C=C(C2=CC=CO2)N(N1)C=3C=CC(Cl)=CC3)C4CCS(=O)(=O)C4
XS847789a,CCN1CCN(CC1)S(=O)(=O)C=2C=CC(=CC2)NC(=O)C34CCC(=O)N4C=5C=CC=CC5S3
XS847794a,CC1=CC=CC(C)=C1N2CC(CC2=O)C3=NC=4C=CC=CC4N3CC(=O)N5CCC(C)CC5
AR001605b,O=C1NC(CN2CCCC2C=3C=CC=4OCCCOC4C3)=NC=5SC=C(C6=CC=CO6)C15
XS847797a,O=C(C1=CC=CO1)N2CCN(CC2)C(=O)C3CCCN3C4=NS(=O)(=O)C=5C=CC=CC45
XS847798a,CCCN1C(=O)C=2C=CC=CC2NC1C=3C=CC(OCC4=CSC(C)=N4)=C(C3)OC
MR025689b,CCN1CCN(CC=2C=CC(=CC2)NC(=O)CNC(=O)C3C=4C=CC=CC4C(=O)N3C5CC5)CC1
XS847793a,CC(=O)NC1=CC=CC(=C1)C(C)N(CC=2C=CC=CC2)CC3=CC(=O)N4C=CC=C(C)C4=N3
XS847791a,CCN(CC)C(=O)C=1C=CC(=CC1)NC(=O)C2CCCN2S(=O)(=O)C=3C=CC(C)=CC3
XS836770b,CC(NC(=O)C=1C=CC(=CC1)N2N=CC(C#N)=C2N)C=3C=CC(=CC3)OCC=4C=CC=NC4
XS847788a,CC(NCC(=O)NC=1C=C(C=CC1Cl)S(C)(=O)=O)C=2C=CC(=CC2)C(C)(C)C
XS838353b,CC1CC(=O)NC=2C=CC(=CC2N1)C(=O)N3CCC(CC3)C4=NC(=NN4)C=5C=CC=CC5
XS847799a,O=C(CN1C(=NC=2C=CC=CC21)SC(F)F)N3CCCC(C3)C4=NC=5C=CC=CC5S4
XS836860b,COC=1C=CC(NC(=O)C(C)N2CCN(CC2)C=3C=CN=C(N3)N(C)C)=C(C1)[N+]([O-])=O
XS838799b,CC1=NC(=CC(=N1)NCC2CCS(=O)(=O)C2(C)C)N3CCOC4(CCOCC4)C3
XS836676b,COC(=O)C=1C=CC=C2C1CCCN2C(=O)N3CCCC(C3)C(=O)NCC(F)(F)F
XS838206b,CC(NC=1C=CC(=CC1)NS(=O)(=O)C=2C=CC=3OCCOC3C2)C(=O)N4CCNC4=O
XS847785a,CC1C=2C=CSC2CCN1CC(=O)NC=3C=CC(=CC3)S(=O)(=O)N4CCCCCC4
XS847786a,CC(SC1=NN=C(C=2C=CC=NC2)N1C3CC3)C(=O)N4CCN(CC4)C=5C=CC=CC5
XS383087b,O=C(NCC1CCCO1)C=2C=CC=CC2
XS089823c,CN(C(=O)C1=CC=CO1)C2CCS(=O)(=O)C2
XS847804a,CC1CCCN(C1)C(=O)C=2N=CC=NC2N
XS847803a,COC=1C=CC=2NC(=NC2C1)SC(C)C(N)=O
XS847808a,CC=1N=NC(=C(C#N)C1C)N2CCCC(CO)C2
XS847801a,CN1CCC(NC2=NC(=NO2)C3CC3)C1=O
XS410818b,O=C(NC=1C=CC=CC1)C2CC=3C=CC=CC3O2
XS840720b,CN1N=NC(CNC(=O)C2CC32CCCC3)=N1
XS840947b,CC#CC(=O)NCCN1C=C(C=N1)C2CCOC2
XS842069b,FC(F)C=1C=NC(=NC1)NC2CC32CC3
XS847805a,CC=1C=NC=C(C1)C=2C=CC=3OC(CO)CC3C2
XS842432b,CC1CN(CCO1)C2=CC=C(S2)[N+]([O-])=O
XS842720b,CC1CSCCN1C(=O)COC(F)F
XS847813a,N#CC=1C(F)=CC=CC1N2CCCC2C(N)=O
XS847802a,O=C1CC(CN1)C2=CNC=3C=CC=CC23
XS847812a,CCC(C)NC(=O)C1=CC=2C=CC=CC2N1
XS847807a,CCC1CN(CCO1)C(=O)C=2C=CC(C#N)=CC2
XS847810a,O=C1CCCN1CCC2CNC=3C=CC=CC32
XS847809a,C1=CC=2N=CN=C(NCCC3CCCO3)C2S1
XS682012b,CC(C(=O)NC=1C=CC=CC1)N2CCC(O)CC2
XS847806a,CNCC1=NN=C2CCC(CN12)C(F)(F)F
XS847800a,CCNC(=O)N1CC(C)CC=2C=CC=CC21
XS422628b,O=C(C1=CN=CN1)N2CCCC2CN3C=CC=N3
XS847811a,CC1=CC(=NO1)C(=O)N2CCCCC2C
XS001598d,O=C(NCCC=1C=CC(F)=CC1)C2CCCO2
XS838702b,CNC(=O)C1CC(F)(F)CS1
XS838250b,CCC1=CSC(=N1)NC(C)C2=NC=CC(=O)N2
XS840093b,CC=1C=CC(=CC1)C(N)CNC2=CN=CC3=NC=NN23
XS847826a,CC1=NC(=CC(=O)N1C=2C=CC=CC2)N3CCC(C)C3
XS847814a,CC(NC=1C=CN=C2C=CC=CC12)C(=O)NC(C)(C)C
XS847824a,CN(CC1=CC=CO1)CC(O)COC=2C=CC=CC2
XS460606b,O=C(O)C1=COC(=N1)N2CCC(C2)C=3C=CC=CC3
XS840325b,COC(=O)C(C1CC1)N2CCC3=NC(C)=CN3CC2
XS836513b,CC1=NN(C)C=2OCCN(C(=O)C3CC3(F)F)C12
XS838356b,C#CCOC=1C=CC=C(C1)OCCOC2CC2(F)F
XS840825b,CCC(NC(=O)CC=1C=CON1)C=2C=CC=CC2O
XS847820a,N#CC=1C=CC(=NC1)NCC2COC=3C=CC=CC3O2
XS437030b,O=C(C=1C=CC(=CC1)N2C=CC=N2)N3CCCC(O)C3
XS847818a,COC=1C=CC(=CC1)C(NC(C)=O)C2=NC=CN2C
XS847819a,O=C(CSC=1C=CC=CN1)NCC2CCCO2
XS847828a,NC1CCCN(C1)C(=O)C=2C=CC(Cl)=CC2F
XS847817a,CCCC(C)NC(=O)C=1C=CC=2NC(=O)CCC2C1
XS569900b,CC1CN(CC(=O)N1C)C2=NC(=NO2)C=3C=CC=CC3
XS530563b,O=C(C=1C=CC(F)=CC1)N2CCCC2C=3C=CC=NC3
XS847821a,O=C(NC1=NC=CS1)C2CC(=O)NC=3C=CC=CC32
XS847822a,CC(=O)NC(C=1C=CC=CC1)C=2C=CC=3NC=NC3C2
XS847815a,C1=CC=C(C=C1)NC2CCCN(C2)C=3N=CC=CN3
XS847825a,CC(NC(=O)NCC1=CC=NN1C)C=2C=CC=CC2
XS847823a,CC(OC=1C=CC=CC1)C(=O)NC=2C=CC(C#N)=CC2
XS464952b,O=C(NC1CCCC2(CC2)C1)C3=CC=CN4C=NN=C34
XS186794c,O=C(C=1C=CC=CN1)N2CCCC2C=3C=CN=CC3
XS838272b,CC(CC1=NC2=CSN=C2C(=O)N1)C(F)(F)F
XS847827a,CC(NC=1C=CC=2OCOC2C1)C(=O)N3CCCC3
XS847816a,CCC1(CCCN1)C(=O)NCCC=2C=CC(F)=CC2
XS838657b,CC1CCC=2N=CC(=CC2C1)NCC=3OC=NC3C4CC4
XS847834a,CN1CCN(CC1C2=NC=CN2)C(=O)NC=3C=CC=CN3
XS847836a,CC(C)CCCNC(=O)NC(C)C=1C=CC(C#N)=CC1
XS841963b,CN(CC1=CSC(=N1)C=2C=COC2)C3CCSC3
XS836705b,CC=1N=CSC1C(=O)N2CCC(=O)N3CCCCC23
XS837949b,O=C1C=2N=CSC2N=CN1CCC3CCCC3(F)F
XS841537b,ClC=1C=NC(NC2CCN3N=CN=C3C2)=C(Cl)C1
XS842486b,CC1CCN(C1)C(=O)NC=2C=C3C(=O)N(C)CCN3N2
XS837574b,N#CC1=CC(=CC(C#N)=N1)NCC2CCC=3C=CC=CC32
XS497919b,CC1=CSC(=N1)C2CCCCN2C(=O)C3=CC=CO3
XS847833a,CCCC(C)NC(=O)C=1C=CC2=C(C1)CCN2C(C)=O
XS721099b,CC=1C=C(C)N(N1)C(C)CC(=O)NC=2C=CC(C)=CC2C
XS847835a,O=C(CC1=CC=CS1)N2CCCC2C(=O)NC3CC3
XS847831a,CN(CC=1C=CC=2OCOC2C1)C(=O)C(N)C(C)(C)C
XS837083b,O=C(NC1CCOC1)N(C=2C=CC=CC2)C=3C=CC=CC3
XS847832a,CC=1C=CC2=C(C1)OC(C)CN2C(=O)N3CCOCC3
XS741694b,CC1=CC(C)=NN1CC2CCCN2C=3N=CC=CC3C#N
XS840545b,CC1=NOC(C)=C1C(C)NCC2=CC=3C=CC=CC3S2
XS841832b,CC=1C=CC(C)=C(C1)CC(=O)NC(C)C2=NN=CS2
XS847837a,COC=1C=CC(=CC1F)C(=O)OC(C)C(=O)NC2CC2
XS847830a,O=C(NC1CCC=2C=NNC2C1)C=3C=C4C=CC=CN4C3
XS417021b,CC1=NOC=2N=CN=C(C12)N3CCCC3C=4C=NN(C)C4
XS842421b,CCOC(C)C(=O)NC=1N=CC=C(N1)C2=CC=CS2
XS838241b,OCC1(CNC=2C=NC(F)=CN2)CCC=3C=CC=CC31
XS465484b,COC=1C=CC=CC1CC(=O)NC(CO)C=2C=CC=CC2
XS847829a,CN(CC=1C(F)=CC=CC1Cl)C(=O)C2(C)CCNC2
XS841859b,COC(C)CN(C)CC1=CC=C(OC=2C=CC=CC2)O1
XS847853a,CC1=CC=C(CNC(=O)C2COC=3C=CC=CC3C2)S1
XS477490b,CN1C=C(C=N1)C2CCCN2C(=O)C=3C=CC=4NN=NC4C3
XS847843a,CC=1C=C2OC=C(CC(=O)OC3CCOC3=O)C2=CC1C
XS847842a,CC=1C=CC=CC1OCCC(=O)NC2CCC(=O)NC2=O
XS847841a,CC1CN(C)CCN1C(=O)CC2=CSC(=N2)C(C)(C)C
XS847848a,CC=1C=C(C)N(N1)C(C)C(=O)NC=2C=CC(N)=CC2Cl
XS847845a,N#CC=1C=CC(=CC1)OCC(=O)NC2CCS(=O)(=O)C2
XS847849a,CC=1C=CC=CC1C(=O)NC(C(=O)N2CCCC2)C(C)C
XS535674b,CC1(CC=2C=CC=CC2C1)NC(=O)C3CCC4=NN=CN4C3
XS578841b,COC1=CC(C)=C(C=C1S(=O)(=O)NCC(C)O)OC
XS399691b,CC=1C=CC(=CC1F)NC(C)C2=NN=C(O2)C=3C=CC=CC3
XS847839a,CC1=NC(C)=C(S1)C(=O)N2CCCC(C2)N3C=NC=N3
XS847846a,CC(CNC(=O)C1=CC(=NO1)C2CC2)CN3CCCCC3
XS847847a,COC=1C=CC(C)=CC1C(C)NC=2N=CN=C3C2C=NN3C
XS837339b,CC1=C2N=CC=CC2=NC=3C4=CC=CC=C4C(CC13)C(=O)O
XS838659b,CC1(C)COCCC1CNC=2N=NC(F)=C3C=CC=CC23
XS847840a,O=C(C1=CC=2C=CC=CC2N1)N3CCCC3CN4C=CC=N4
XS847855a,COC1=CC(CNC(=O)C2CCCO2)=C(C=C1OC)OC
XS847850a,NC1CCCC=2C=C(C=CC21)C3=NC(=NO3)C=4N=CC=CN4
XS847851a,CC(C(N)=O)N1CCC2(CC1)C(=O)NCC=3C=CC=CC32
XS847838a,COC=1N=CC=CC1C(=O)N2CCCC(C2)N3C=NC=N3
XS840233b,CC=1CCC(C)(CC1C)C(=O)NC=2C=NN(C2)CC(N)=O
XS847854a,O=C(O)CC(NC(=O)C1CCCC1)C=2C=CC=CC2Cl
XS713656b,CC1=NOC(=N1)C2CCCN(CC(=O)NC3CCCC3)C2
XS840246b,FC(F)COCCC1=NC(=NO1)C2CCCCC2(F)F
XS847852a,CN1C=NN=C1C2CCCN(C2)C(=O)C=3C=CC=CC3F
XS723432b,O=C(O)CC(NC(=O)C=1C=CC=CC1Cl)C=2C=CC=CC2
XS847863a,CC=1C=CC=C(N1)C(=O)NC(C)C2=NN=C3CCCCCN23
XS847867a,COC=1C=CC(=CC1OC)CNC2CCC=3C(F)=CC=CC32
XS838647c,CC1=CC(=NO1)C(C)N(C)C2=NC=3C=CC(C)=CC3C(=O)N2
XS847857a,CC1=CC(=NN1)C2CCCN(C2)C(=O)C3=C(C)OC(C)=C3C
XS847862a,COC=1C=CC(OC)=C(C1)CNC(C(N)=O)C=2C=CC=CC2
XS839228b,CC(C1=NN=NN1C)N2C=C(N=N2)C3=NC(=CS3)C4CC4
XS847858a,O=C(NCCC=1C=CC=CC1F)C2=CNN=C2C3CCOC3
XS847861a,COC=1C=CC(NC(=O)CC(C)C=2C=CC=CC2)=C(C1)OC
XS841562b,FC=1C=CC=C2OC(=NC12)N3CCCC(CC3)N4C=CN=N4
XS847864a,COC=1C=CC(NC(C)C2=NC(=NO2)C(C)(C)C)=C(C1)OC
XS551143b,NC(=O)C1(O)CCCN(CCOC=2C=CC=C(Cl)C2)C1
XS700111b,CC(C(N)=O)N1CCN(CC1)C(=O)CCCC=2C=CC=CC2
XS841336b,O=C(NC1CCCC21CCOCC2)C(F)(F)C3(O)CCC3
XS847866a,CC1=NOC(C)=C1CC(=O)OC(C)C(=O)NC=2C=CC=CC2
XS847865a,CC(NC(=O)CN(C)CC=1C=CC(F)=CC1)C=2C=CC=CC2
XS847856a,CC1=NOC(C)=C1CCC(=O)N2CCCC(C2)N3C=CC=N3
XS847860a,CC(=O)NC=1C=CC=CC1OC(C)C(=O)NC2CCCCC2
XS669562b,CC1=CC=C(S1)C(CNC=2N=CC=CN2)N3CCOCC3
XS836561b,CC(NS(C)(=O)=O)C(=O)N(C)CCOC=1C=CC=CC1
XS407255b,CC1CN(CC(=O)N1C)C(=O)C2=CC=3C=CC(Cl)=CC3N2
XS847868a,CCCN(C(=O)NC=1C=NN(C)C1)C2CCC=3C=CC=CC32
XS847859a,COC=1C=CC(F)=C(C1)NC(=O)NC2CCC3=NC=NN3C2
XS842212b,CC1=NSC(NC(=O)C2CCCC3=NN(C)C=C32)=C1C#N
XS547927b,CC1(O)CCN(C1)S(=O)(=O)C=2C=CC=3OCCOC3C2
XS838063b,N#CC1(CC21CCCC2)C(=O)NCC3=NC(=CS3)C(N)=O
XS839996b,COC(=O)C(C)CS(=O)(=O)N(C)C=1C=C(C)C=C(C)C1
XS847876a,CC1=CSC(CNC(=O)C2CC(=O)N(C2)C3CCCC3)=N1
XS847871a,O=C(C1=CC=2C=CC=CC2O1)N3CCCC(CN4C=CN=N4)C3
XS847881a,CC(C)CC=1C=CC(=CC1)C(NC(=O)CN2C=NC=N2)C3CC3
XS821024b,COC=1C=CC(=CC1F)NC(=O)C(C)NC(=O)CC(C)(C)C
XS427496b,CC(=O)N1CCCC(C1)C(=O)N(C)C=2C=CC=C3N=CC=CC23
XS847878a,COC=1C=CC(=CN1)NC(C)C(=O)NC=2C(C)=CC(C)=CC2C
XS840131b,COCC=1N=CC=C(N1)NC(=O)N2CC=3C=CC=CC3CC2C
XS837163b,CN(C(=O)C1COCCO1)C2C=3C=CC=CC3C=4C=CC=CC42
XS838645b,COC1=CC(=NN1C)NC(C)C=2C=CC(Br)=CC2
XS490007b,CCC(NC1CCN(CC(=O)NC)CC1)C=2C=CC=C(F)C2
XS839050b,COC=1C=CN=C(F)C1S(=O)(=O)NC(C)C=2C=NN(C)C2
XS847874a,COC=1C=CC=CC1NC(=O)C(C)OC(=O)C=2C=CC(C)=CC2
XS354707b,CC(C#N)(NC(=O)COC(=O)C1=CC=2C=CC=CC2N1)C3CC3
XS847880a,CC1=CC(=NO1)NC(=O)C2CC(=O)N(C2)C=3C=CC=C(C)C3C
XS840677b,CC1CC=2C=CC=CC2N1C(=O)C3=CN=C4SC=CN4C3=O
XS847879a,CN(CCOC=1C=CC=CC1)C(=O)NC2CCS(=O)(=O)C2
XS839825b,CC1=NC(=NO1)C(=O)NC2CCN(C2)C=3C=CC=CC3Cl
XS847873a,CSCCCNC(=O)N1CCOC(CC=2C=CC=CC2)C1
XS810228b,CC1=CC(=NO1)NC(=O)C(C)S(=O)(=O)C=2C=CC(F)=CC2
XS847872a,CC(OC(=O)C1=CSC(=N1)C=2C=CC(Cl)=CC2)C(N)=O
XS841720b,CC1CCN(CCS1)C(=O)C2=CC=3CCN(C)CC3S2
XS847870a,O=C(NC(C=1C=CC=CC1)C2CC2)N3CCS(=O)(=O)CC3
XS836499b,CC(C)C(NC(=O)C=1C=NC(F)=C(C1)C(F)(F)F)C(N)=O
XS847869a,CC(NCC1=CC(=O)N2C=CC=CC2=N1)C=3C=CC=CC3Cl
XS847875a,N#CC=1C=CC=CC1OCC(=O)NC2CCCC=3C=CC=CC32
XS676677b,CC(O)CN1CCN(CC1)C(=O)C2(CC2)C=3C=CC(F)=CC3
XS847877a,CN1C=CC(=N1)C(=O)N2CCCC(C2)C3=CNC=4N=CC=CC34
XS847890a,CC1CCCCN1CCNC(=O)CCC2=NC=3C=CC=CC3N2
XS847887a,COCC1=NNC(=N1)C2CCCCN2CC=3C=CC(=CC3)CO
XS838836b,CC(CN1C=C(N=N1)C=2C=CC=3CCNC3C2)CS(C)(=O)=O
XS847884a,CC(NC(=O)CSC=1N=CC=CN1)C=2C=CC=3OCOC3C2
XS847885a,CC(NC(=O)COC(=O)CC=1C=CC(F)=CC1)C=2C=CC=CC2
XS194117c,CCOC=1C=CC=CC1N2CC(CC2=O)C(=O)N3CCOCC3
XS847882a,CC(C)C1=CSC(=N1)C2CCCN(C2)C(=O)C3=CC=CN3C
XS642044b,CC1=CN=C(S1)C(NC(=O)C=2C=CC(=CC2)C(=O)O)C3CC3
XS838963b,CC=1C=C(N2CCC(C)(C#N)C2)N3C=4C=CC=CC4N=C3C1C#N
XS122146b,CC(C(=O)NC=1C=CC(C#N)=CC1)N2C(=O)C=3C=CC=CC3C2=O
XS847891a,CCCC1=NC(CN2CCNC(=O)CC2C=3C=CC=CC3)=NO1
XS559532b,CC1C=2C=CC(F)=CC2CCN1C(=O)C=3NC(=O)NC(=O)C3N
XS847889a,CCN1CC(CC1=O)C(=O)NCC=2C=CC(=CC2)COC(C)C
XS421109b,CCC1=NC(C)=C(S1)C(=O)NC2CCOC=3C(F)=CC=CC32
XS712662b,CC1=CSC(CNC(=O)C2CC(=O)N(C2)C=3C=CC=CC3)=N1
XS847883a,CCOCC(NC(=O)C1=CSC(=N1)C=2C=CC=CN2)C(C)C
XS837892b,CC(C(=O)NCC1=NN=NN1C2CC2)C=3C=CC=C(C3)[N+]([O-])=O
XS847886a,COC(=O)CC(NC(=O)C=1C=CC(O)=NC1)C=2C=CC(C)=CC2
XS847888a,CC(C)C1=NOC(=N1)C(C)NC=2C=CC=C(C2)N3CCOC3=O
XS581607b,CC1CCCN(C1)C=2C=C(N=CN2)N(C)CC(=O)N3CCCC3
XS745081b,CCCC=1C=C(NN1)C(=O)N2CCCC2C3=NOC(=N3)C4CC4
XS565074b,CC(C)C(=O)NC=1C=C(C=CN1)C(=O)N2CCOCC2C3CC3
XS847892a,CC(C(=O)NC1=NC=CS1)N2CCC(CC2)C=3C=NN(C)C3
XS560767b,CCN(CCC#N)C(=O)CN1CCOCC1C=2C(C)=NNC2C
XS837670b,COC=1C=CC2=C(N=CN=C2C1F)NC(CO)C=3C=NN(C)C3
XS604922b,CC(=O)NC=1C=CC(=CC1)OC(C)C(=O)N2CCC=3C=CC=CC32
XS847895a,CN1C(=O)C=2C=3CCCC3SC2N=C1SC4CCOC4=O
XS847898a,O=C1CCC=2C=C(C=CC2N1)S(=O)(=O)NCCC3CCCO3
XS542556b,CC=1C=CC(=NC1)C(=O)N2CCCCC2C3=NC=4C=CC=CC4O3
XS847901a,CC1=CN2CC(CCC2=N1)NC(=O)C3=CN(N=N3)C=4C=CC=CC4
XS847897a,COCC(C)NC(=O)CC=1SC(C)=NC1C=2C=CC(F)=CC2
XS847899a,NC1CCCC=2C=C(C=CC21)C3=NC(CC=4C=CC=CC4F)=NO3
XS549563b,CC1C(=O)NCCN1S(=O)(=O)C=2C=CC(=NC2)C(F)(F)F
XS501837b,O=C(NC1CCCN(C1)C=2N=CC=CN2)C=3C=CC=C4CCCC34
XS847894a,NC(=O)N1CCCC1COC(=O)C=2C=CC(Br)=CC2
XS838615b,FC(F)(F)C1=NN=NN1C2CCN(C2)C=3N=CC=4CCCC4N3
XS722160b,O=C(C1=NNC(=O)C=2C=CC=CC12)N3CCCC3C4=CC=CS4
XS841246b,CC(C(=O)N(C)C)S(=O)(=O)N1CC(COC=2C=CC=CC2)C1
XS782166b,COC=1C=CC(=CC1OC)C(C)NC(=O)C2=CN3C=CC=CC3=N2
XS805716b,O=C(CCC1=CC=CO1)N2CCCC2C3=NC=4C=CC=CC4S3
XS419557b,COC=1C=C2N=C(C)SC2=CC1NC(=O)N3CCCC(O)C3
XS847900a,CCCC(C(=O)NCCC(=O)NC=1C=CC=CN1)C=2C=CC=CC2
XS847893a,CN1C=C(C=N1)C2CCCN2C(=O)CC=3C=CC=C4C=CC=NC34
XS659795b,CCOC=1C=CC=CC1NC(C)C(=O)N2CCC=3C=CC=CC3C2
XS840590b,O=C(OCC1CNC(=O)C1)C=2C=C(Cl)C=C(C2)C(F)(F)F
XS847896a,CC1=NOC(CC2(O)CCCN(C2)C=3N=C(C)N=C(C)C3F)=N1
XS840116b,CC(C)(C)C1=NN=C(O1)C(=O)NCC2CCC3(CCOCC3)O2
XS540579b,CC=1C=CC=C2C(=CNC12)CC(=O)N3CCCCC3C=4N=CON4
XS799945b,CCC(C)C=1C=C(ON1)C(=O)NC=2NN=C(C2C)C=3C=CN=CC3
XS841957b,CC(C)C(NC=1C=CC(=CC1)S(=O)(=O)C(F)(F)F)C(N)=O
XS847906a,CNC(=O)NC(=O)C(C=1C=CC=CC1)N2CCC=3SC=CC3C2
XS847908a,NC(=O)CCS(=O)(=O)CCN1CCCC1C=2C=CC(F)=CC2
XS838925b,COCCN(CC1CC=CCC1)C(=O)NC=2C=CN3N=CN=C3C2
XS793852b,CC1=CC=C(C(=O)NCC(C2=CC=CS2)N3CCCC3)C(=O)N1
XS847904a,CCC(NC(=O)C=1C=CC=NC1C)C2=NC(=CS2)C(F)(F)F
XS842411b,CN(C)C1=NOC(=N1)C2CCCN2C(=O)C=3C=CC=C4NC=NC34
XS837533b,O=C(O)C=1C=NC(NCC(F)C(F)(F)F)=C(Br)C1
XS331861c,CN1C(CNC(=O)C2NCCOC=3C=CC=CC32)=NN=C1C4CC4
XS847903a,CC1=CC(C)=C(OCC(=O)N2CCCC(C2)N3C=NC=N3)C(C)=C1
XS593726b,O=C(C=1C=CON1)N2CCC(C2)OC=3C=CC=NC3N4CCCC4
XS847914a,CCN(CC)CC=1C=CC(=CC1)C(=O)NC2CCC3=NC=CN3C2
XS847902a,CCC1=NOC(=N1)C(C)N2CCN(CC2)C=3C=CC(C#N)=CC3F
XS549824b,CC1=CSC(=N1)C(C)NC(=O)CN2C(=O)C=NC=3C=CC=CC32
XS847910a,CCCC(C)C(=O)NC=1C=CC(OC)=C(C1)OCC=2C=CC=NC2
XS847913a,CN1C(=NC=2C=CC=CC21)C3CCCN3C(=O)CN4CCCC4=O
XS840141b,CC(C1=CC=CO1)N(C)C(=O)NC2CCN(CC2)S(C)(=O)=O
XS847905a,CC1=NN(C)C(C)=C1C2COCCN2C(=O)CC=3C=CC=CC3C
XS847911a,CC(C(=O)NC=1C=CC=2OCOC2C1)N(C)CC=3C=CC(F)=CC3
XS847909a,O=S(=O)(NCCC1CCCO1)C=2C=CC=3OCCCOC3C2
XS756309b,CCC1=C(OC=2C=CC=CC12)C(=O)N3CCCC3(COC)C(N)=O
XS838117b,COCCC(C)NC(=O)NC1=CC(=O)N(C)C=C1Br
XS841110b,CC(C)(C(=O)N1CCC(CS(=O)(=O)F)C1)C=2C=CC=C(F)C2
XS837520b,COC(=O)C=1C=CN(CC2=CN(CC(C)(F)C(C)(C)F)N=N2)N1
XS841683b,CN1CCN(C(=O)C(C)(C)OC=2C=CC=CC2)C(C1)C=3N=NNN3
XS847912a,CCC=1C=CC(=CC1)C(NC(=O)C(=O)NC=2C=C(C)ON2)C(C)C
XS847907a,CNC(=O)CC1(O)CCCN(C1)S(=O)(=O)C=2C=CC=C(F)C2
XS847928a,CC1=NN=C2CCC(CN12)NCC=3C=CC=C(C3)OC=4C=CC=CC4
XS847925a,CC1=CC(C)=NN1CC(C)CNC(=O)N2CCC(CC(N)=O)CC2
XS839379b,CC(NC=1C=NN(C1)C(F)(F)F)C=2C=C(Br)C=CN2
XS847923a,CS(=O)(=O)C=1C=CC(=CC1)C(=O)N2CCCC2C3=CC=CS3
XS847926a,CC=1NC2=NC=NN2C(C=3C=CC=CN3)C1C(=O)NC=4C=CC=CN4
XS739619b,O=C(NCC=1C=CC(=NC1)N2CCCC2)NC3CCCCNC3=O
XS847918a,CCC=1ON=C(C)C1C(=O)N(C)CC2CCCC=3SC(C)=NC32
XS641468b,COC=1C=CC(=CC1)C2CCCN2C(=O)CN3N=NC=4C=CC=CC43
XS809191b,COC=1C=CC=C(C1)C(=O)OC(C)C(=O)NC=2C=CC(Cl)=CC2
XS847920a,CNC(=O)C1CCN(CC(=O)N2CCCC2C3=CC=CS3)CC1
XS847921a,CC=1C=CC(=CC1)OC(C)C(=O)N2CCN(CC2)C=3C=NC=CN3
XS593730b,CCCN1C=C(C=N1)C(=O)N2CCOCC2C3=NN=C(O3)C(C)C
XS847916a,CC=1C=CC(=CC1OCC(F)F)NC(=O)NC(C)C=2C=CN=CC2
XS847922a,COC=1C=CC(C)=CC1C2=CSC(=N2)NC(=O)C(C)NC(C)=O
XS847915a,CC(NC=1C=CC2=NN=NN2N1)C=3C=CC(=CC3)OC=4C=CC=CC4
XS847927a,CC(C)N1CC(CC1=O)C(=O)NCCNC=2C=CC=C(F)C2C#N
XS830643b,CC=1N=C(COC=2C=CC(C)=CC2)SC1C(=O)OC(C)C(N)=O
XS847919a,NC(=O)CC1CCCN(C1)C(=O)NC2=CNN=C2C3=NC=CS3
XS546243b,CC1=C(N=NN1C)NC(=O)C2CC(=O)N(C2)C=3C=CC(F)=CC3F
XS836542b,CC(CNC(=O)CC=1C=CC(Cl)=CN1)(C(=O)O)C=2C=CC=CC2
XS847924a,CCN(CC1CCOC1)C(=O)C=2C=NN(C2C)C=3C=CC(=O)NN3
XS839416b,CC1=C(C=CC2=CN=CN12)C(=O)NC(C)C3=NC=4C=CC=CC4S3
XS847917a,CC(C=1C=CC=CC1)N(C)C(=O)C=2C=CC=C(C2)NS(C)(=O)=O
XS621326b,CC=1C=CC=C(C1)S(=O)(=O)C(C)C2=NN=NN2C3CCCCC3
XS840074b,CN1CCN(C(C1)C=2C=CC=CC2)S(=O)(=O)CCN3C=NN=N3
XS413381b,CC=1C=C(C)N(N1)C2CCCN(C2)C(=O)C=3C=NC4=NNC(C)=C4C3
XS847938a,CCN1C(=NC=2C=CC=CC21)C3CCCN3C(=O)C=4C=C(C)N(C)N4
XS434906b,CC=1C=CC=NC1NC(=O)C2CC(=O)N(C2)C=3C=CC=4OCOC4C3
XS847935a,CCOC(=O)C=1C(C)=C(C)SC1NC(=O)C2CC(=O)N(CC)C2
XS847930a,COC=1C=CC=C2C=C(COC12)C(=O)N3CCCC(C3)N4C=CN=C4
XS837954b,BrC=1C=NC(=NC1)C2CCCCN2CC=3C=NSN3
XS839717b,CN1CCN(C)C(CNC(=O)N2CCCC3(C2)CCCCCC3)C1
XS839501b,CS(=O)(=O)NC1=CNN=C1C2CCCN(C2)C(=O)C=C3CCC3
XS847934a,CCN(CC=1C=CC=2OCOC2C1)S(=O)(=O)N3CCCC(C)C3
XS847937a,CCC(C)NC(=O)CS(=O)(=O)CC=1C=CC(=CC1)C(F)(F)F
XS753453b,CN1C=NN=C1C2CCCN(C2)C(=O)C=3C=C(NN3)C=4C=CC=CC4
XS847931a,CC=1C=CC(=CC1)NC(=O)NC(CN2CCOCC2)C=3C=CC=CC3
XS847929a,CN1C=CN=C1C(NC(=O)COC=2C=CC=NC2)C=3C=CC=C(F)C3
XS834367b,CC(C=1C=CC=NC1)N(C)CC2=CSC(COC=3C=CC=CC3)=N2
XS847932a,CNS(=O)(=O)C=1C=CC(=CC1)C(C)NC=2C=CC(F)=CC2OC
XS840775b,CCC1=CC=C(O1)C(COC)NC(=O)C=2C=CC(=NC2)N3C=CN=C3
XS465891b,CN1C(=O)C(C#N)=C(NC2C=3C=CC=CC3CCC2(C)C)N(C)C1=O
XS847933a,O=C(C=1C=NC=CN1)N(CC2CCCO2)C3=NC=4C=CC=CC4S3
XS444941b,CC=1C=C(N(C)N1)N2CCC(NC(=O)C=3C=CC=C4NC=CC34)C2=O
XS841339b,O=C(C1=CC=C(O1)C2CC2)N3CCC(CC=4N=NNN4)C(F)(F)C3
XS684178b,CC=1C=CC2=NC(=CC(=O)N2C1)CN3CCOC(CN4C=CC=N4)C3
XS840743b,CCC=1C=CC(=CC1S(=O)(=O)NC(C)CN2C=NC=N2)[N+]([O-])=O
XS518126b,CN(C(=O)C=1C=CN=C(C1)OC2CCOC2)C3CC=4C=CC=CC4C3
XS847936a,CC(OC=1C=CC(Br)=CC1)C(=O)N(C)C2=NC=CS2
XS841422b,COC=1C=CC(Br)=C(C(=O)NC2CCNC32CC3)C1C
XS836980b,CC1=CC(C)=CC(=C1)C2CCCN2C(=O)N3CCOC=4C=CN=CC43
XS146900d,O=C(NCCOC=1C=CC=CC1)C2CCCN2C(=O)C3=CC=CS3
XS841624b,O=C1CCN(CC2CCCCO2)C(=O)N1CC=3C=CC=4C=CNC4N3
XS803321b,CC(OC=1C=CC(F)=CC1)C(=O)NC=2C=CC=C(C2)N3CCCC3=O
XS713213b,CC(NC(=O)CN1C=NC=2C=CC=CC2S1(=O)=O)C=3C=CC=CC3
XS847941a,CC1CN(C)C=2C=CC=CC2CN1S(=O)(=O)C=3C=CC(C#N)=NC3
XS747625b,CCOC=1C=CC=CC1C2=NOC(CNC(C)CN3C=C(C)C=N3)=N2
XS836467b,COC(C)(CO)CNS(=O)(=O)CC=1C=C(Cl)C=C(Cl)C1
XS840204b,CC=1OC=NC1CN2CCN(CC2)C(=O)C3CCC=4C=CC=C(O)C43
XS136510d,CC(=O)NCCNC(=O)C(NC(=O)C=1C(F)=CC=CC1F)C(C)C
XS847939a,CC(OC=1C=CC=CC1C(F)(F)F)C(=O)NCCNC(=O)C2CC2
XS847944a,CCCN1N=C(C=CC1=O)C(=O)N(C)CC2COC=3C=CC=CC3O2
XS847940a,CC1CN(C(=O)COC=2C=CC=CC2Cl)C=3C=CC=CC3NC1=O
XS636132b,CN1C=C(C(=O)N2CCCC(C2)N3C=CC=N3)C(=N1)C4CCCCC4
XS847946a,CC(C)CN1CCC(CC1)C(=O)NCC2CCN(C)C=3C=CC=CC32
XS847943a,CC(CNC(=O)C=1C=C(F)C=C2NC=NC12)(C(=O)O)C=3C=CC=CC3
XS837445b,CC1=CC(=NN1C(C)C2CC2)C(=O)NC=3N=CN(N3)C4CCCCC4
XS784897b,CCC=1C=CC=CC1N2CC(CC2=O)C(=O)NC=3C(C)=NN(C)C3C
XS847945a,COC=1C=C2CCN(C(=O)C3=COC(C)=N3)C(C2=CC1OC)C4CC4
XS847948a,O=C(NC1CCC1)C=2C=CC3=NN(C(=O)N3C2)C4CCC(=O)NC4=O
XS497041b,COCCN1C=CC(=N1)NC(=O)N2CCCC(C2)NC=3C=CC=CC3
XS840124b,CC1=C(SC=2N=C(C)N=C(N)C12)C(=O)NCC(C)S(C)(=O)=O
XS847942a,CC1=CC(C(=O)NC(CN2CCOCC2)C=3C=CC(C)=CC3)=C(C)O1
XS847947a,N#CC=1C=CC=C(C1)C(=O)NCC2CCN(C2)C=3C=CC(F)=C(F)C3
XS839203b,CC1(CC2=NC(COC=3C=CC=CC3F)=NO2)CCS(=O)(=O)N1
XS335633c,COC1=CC(=O)NC=C1C(=O)N2CCC(C)(C)C(C2)C=3C=CC=CC3
XS840910b,CC(CO)(CN1C=NC=2C=CC=CC21)NCC=3C=CC4=CC=CC=C4N3
XS432232b,COC=1C=CC=2OC(C(=O)OC(C(=O)NC(N)=O)C(C)C)=C(C)C2C1
XS847961a,O=C(NCCC=1C=CC=CC1)C2CC(=O)N(CCN3CCOCC3)C2
XS847952a,CC(OC(=O)CCC1=NC=2C=CC=CC2S1)C(=O)NC3CCCC3
XS847958a,O=C(NC=1C=CC=C(C1)C2CCC(=O)N2)C=3C=C(F)C4=NC=CC=C4C3
XS585295b,CC1=C(C=NN1C=2C=CC=C(Cl)C2)C(=O)N3CCCC(C3)C(=O)O
XS847951a,CC=1OC(=CC1S(N)(=O)=O)C(=O)N2CCCC2C=3C=CC=C(C)C3
XS847957a,CC(C(=O)NC1CC1)S(=O)(=O)CC=2C=C(Cl)C=3OCOC3C2
XS847950a,CC=1C=NN(C1)CC2CN(CC(=O)NC=3C(C)=NN(C)C3C)CCO2
XS837323b,CC=1C(N)=CC(=CC1C(=O)O)C=2C=C(F)C=CC2OCC3CCCO3
XS847956a,COC=1C=CC(=CC1OC)C2CCCN2CCN3C(C)=CSC3=O
XS559401b,CCC(=O)NC=1C=CC(O)=C(C1)C(=O)NC(C)C=2SC(C)=NC2C
XS692511b,CC(NC(=O)C1CCCC1)C(=O)NC=2C=CC=C(C2)N3CCOC3=O
XS847960a,CC=1N=CC=C(N1)C(=O)NC2CCCC3=C2C=NN3CC=4C=CC=CC4
XS652913b,CCCN(C(=O)C=1C=CC2=NN=C(C)N2C1)C3CCC=4C=CC=CC4C3
XS847953a,COC=1C=CC=C(C1)N2CCN(CC2)C(C)C(=O)NC3=CC(C)=NO3
XS847955a,CS(=O)(=O)CC=1C=CC(=CC1)C(=O)N2CCCC2C3=CC=CS3
XS847949a,CCCC(=O)NCC1CCCN(C1)C(=O)NC=2C=CC(OC)=C(C)C2
XS618760b,CC(C)C(SC=1C=CC=CC1)C(=O)N(C)CC2=NN=C3CCCN23
XS837313b,CC(C=1C=CC(F)=C(F)C1)N(C)C(=O)CN2C=NC=3CCCC3C2=O
XS841011b,CC(C)C(NC(=O)C1=CC=CO1)C(=O)NC2=NN=C(N2)C(F)(F)F
XS847954a,COC=1C=CC=C(C1)C2CCCN2CC(=O)NC=3C=C(F)C=C(F)C3
XS847959a,CC(C)(C)C(=O)NCCS(=N)(=O)C=1C=CC(Br)=CC1
XS566439b,COCC1CCCCN(C1)C(=O)C=2SC=3N=C(C)N=C(N)C3C2C
XS837168b,CC1=NC=C(CS(=O)(=O)C(C)C2=CN(N=N2)C=3C=CC=CC3)S1
XS839202b,O=S1(=O)C(CCN1CC=2C=CC=3OCCOC3N2)C=4C=CC=CC4
XS847965a,COC=1C=CC=CC1C2CNCCN2C(=O)CC3=NOC=4C=CC=CC34
XS847967a,CC(C)(C)C(=O)N1CCCC1C(=O)NC=2C=CC=3OC(F)(F)OC3C2
XS837819b,O=C(OCCC1CCOC1=O)C=2C=C(Br)C=3OC=CC3C2
XS840435b,CCCCN1C(=NC=2C=CC=CC21)C3NC(=O)NC(C)=C3C(=O)OCC
XS847970a,O=C(C(=O)N1CCCCC1CC=2N=NNN2)C3=CNC=4C=C(F)C=CC34
XS841396b,CC(C)C=1C=CC=CC1OCC(=O)N(C)CCNC(=O)C2CC2(F)F
XS555409b,CC=1C=CC=C(C1)OCC(C)NC(=O)C2=CC=NC3=C(C=NN23)C(N)=O
MR042486b,COC1=CC(=CC(OC)=C1OC)NC(C)C(=O)NC=2C=CC=C(C#N)C2
XS847963a,CC(C)C1=CC(=NN1C)C(=O)N2CCC(C2)NC=3C=CC4=NC=CN4N3
XS837418b,CC1(CC1)C(=O)N2CCC3(C2)CN(CCO3)C(=O)CC=4C=NSC4
XS839123b,CC1=CC(=C(C)C(=C1)S(C)(=O)=O)S(=O)(=O)NC2(C#N)CC2(C)C
XS847969a,CC(NC(=O)C=1C=COC1)C(=O)NC=2C=CC=C(C2)CN3CCCCC3
XS567716b,O=C(NC(C=1C=CC=CC1)C2CC2)N3CCN(CC=4C=CC=CN4)CC3
XS847968a,CC(C(=O)N1CCC(C)CC1)N2CCN(CC=3C=CC(C#N)=CC3)CC2
XS847966a,CN(C(=O)CCC1=NC(=NO1)C=2C=CSC2)C3CCC=4C=CC=CC43
XS847962a,O=C(NC1CC1)C=2C=CC=C(C2)NC(=O)C3CC=4C=CC=CC4C(=O)O3
XS583662b,O=C(O)C1CCCN(C1)C(=O)C2=CC=3C=C(Br)C=CC3N2
XS570635b,CC(=O)N1CCC(C1)C2=NC(=NO2)C=3C=CC(=NC3)N4N=C(C)C=C4C
XS563000b,CN1C=C(C=N1)C=2C=C(CN3CCCC(CO)(C3)C=4C=CC=CC4)ON2
XS840023b,O=C(NC1CCCC=2SC=CC21)C=3C=CC=C(C3)OC=4C=NC=CN4
XS816244b,CC=1C=CC(=NC1)NCC2CCN(CC3=NC(=NO3)C=4C=CC=CC4)C2
XS567867b,CN(C1CCCC2=C1C=NN2C)S(=O)(=O)CC=3C(F)=CC=CC3F
XS842004b,O=C(CC1=NSC=2C=CC=CC12)N3CCC(C3)C4=NC(=NO4)C5CC5
XS847983a,CC(NC(=O)CCC1=NC(=NO1)C2=CC=CS2)C(=O)N3CCOCC3
XS838456b,CC=1C=C(F)C=CC1N2CCCC(OC(=O)C=3NN=C4COCC34)C2=O
XS847979a,COC=1C=C(C=CC1OCC2CCCO2)CNC(=O)CCC3CCCC3
XS809474b,CC(OC(=O)C=1C=CC2=NC=CN=C2C1)C(=O)NC=3C=CC=4OCOC4C3
XS847978a,NS(=O)(=O)C=1C=CC=C(C1)CNC(=O)C2CC=3C=C(Cl)C=CC3O2
XS847984a,O=C(NC1CC1)C2CCCN(C2)C(=O)C=3C=CC=NC3OC=4C=CC=CC4
XS847981a,COC=1C=CC=2NC=C(C3=CCN(CC3)C(=O)C(C)S(C)(=O)=O)C2C1
XS847974a,CNC(=O)COC=1C=CC=C(C1)CC(=O)N2CCCCC2C=3N=CON3
XS399579b,O=C(CC1=CNC=2C=CC=CC12)N3CCCC3C4=NN=C5CCCCCN45
XS411647b,COC=1C=CC=CC1C2C(C(=O)NC=3C=CC=CC3)=C(C)NC4=NC=NN42
XS847975a,CC1CCCCN1CCCNC(=O)CC2=CSC(=N2)C=3C=CC=CC3
XS847972a,CNC(=O)C1CN(CC(=O)C2=C(C)NC=3C=CC=CC23)C=4C=CC=CC4O1
XS409063b,O=C(NC(CO)C1CC1)C=2C=CC=3C(=O)N(C(=O)NC3C2)C=4C=CC=CC4
XS838075b,CN(C)C=1C=CC(=CC1)S(C)(=O)=NC(=O)C2=CN=C(NC2=O)C3CC3
XS487397b,COC(=O)CC1C(=O)NCCN1CC2=NC=C(O2)C=3C=CC=C(Cl)C3
XS821371b,CCOC=1C=CC=CC1N2CC(CC2=O)C(=O)N3CCC=4C=CC=CC4C3
XS847980a,CC(=O)N1N=C(CC1C=2C=CC=CC2F)C=3C=CC(Br)=CC3
XS847971a,CCN(CC(=O)N1C=2C=CC=CC2NC(=O)CC1C)CC3=CC=CS3
XS847976a,CCOC=1C=CC=CC1NC(=O)C(C)N2CCN(CC2)C3=NC=CS3
XS847977a,CC(NC(=O)C=1C=CC(=CC1)NS(C)(=O)=O)C2=CC=3C=CC=CC3O2
XS690438b,CCN1CC(CN(C)C(=O)C=2C=NC3=CC=CC=C3N2)OC=4C=CC=CC41
XS847973a,COC=1C=CC=CC1NC(=O)C(C)N2CCN(CC=3C=CSC3)CC2
XS840700b,[O-][N+](=O)C1=CNN=C1C(=O)NCC(NCC=2C=CC=CC2)C(F)(F)F
XS847982a,CC1=NNC(C(=O)N2CCCC2CCC=3C=CC=CC3)=C1Br
XS838939b,O=C(C1CCN2N=CC=C2C1)N3CC(C3)OC=4C=CN=CC4C(F)(F)F
XS782792b,CN1C(C(=O)NC2CC(=O)N(C2)C3CCCCC3)=C(Cl)C=4C=CC=CC41
XS847993a,O=C(NCC=1C=CC=2OCOC2C1)N(CC=3C=CN=CC3)CC4CCCO4
XS847989a,O=C(CSC1=NC=2C=CC=CC2N1C=3C=CC=CC3)NCC4CCCO4
XS841007b,O=C(CC=1C=NNC1)NCC2(F)CCN(C2)C(=O)C3=CC4=CC=CN4C=N3
XS847987a,CC=1C=CC(=CC1)NC(=O)C(C)N(C)CC=2C=CC=CC2N3CCOCC3
XS838475b,CC1=C(CNC(=O)C2(N)CCS(=O)(=O)C2)SC=3C=CC(Cl)=CC13
XS847996a,CCC(CC)NC(=O)C1CN(CC2=NC(=NO2)C3CC3)C=4C=CC=CC4O1
XS337372c,O=C(NC=1C=CC(F)=CC1)C(C=2C=CC=CC2)N3CCN(C(=O)C3)C4CC4
XS840523b,CC1=CC=C(S1)C(C)N(C)CC2=NN=C3N(C)C(=O)C=4SC=CC4N23
XS847990a,CCOC=1C=CC(=CC1)C(=O)NC(C(=O)NCC=2C=CC(F)=CC2)C(C)C
XS847992a,CC1=CC=C(S1)C2=CSC(=N2)NC(=O)C3CC(=O)N(C3)C4CCCC4
XS576136b,COC=1C=CC=C(C1)N2CCCC(C2)NC(=O)NC=3N=C4C=CC=CN4N3
XS838463b,COC=1C=CC=C(C1)CC(C)NC=2C=NC3=CC(=CC=C3N2)S(N)(=O)=O
XS847995a,CC(C=1C=CC(=CC1)N2C=NC=N2)N(C)CC(=O)NC=3C=CC=C(Cl)C3
XS686002b,N#CC=1C=CC(=CC1)NC(=O)C2CCCN(C2)C=3N=CC=CC3C(F)(F)F
XS847985a,CC(CN1CCOCC1)NC(=O)CSC2=NC=C(C=3C=CC=CC3)N2C
XS847991a,CC1SC=2C=CC(=CC2NC1=O)C(=O)NC=3C=CC(=CN3)N4CCCC4
XS839813b,CC1CC=2C=C(C=CC2O1)S(=O)(=O)NCC=3C=CN=C(C3)N4C=CC=N4
XS758172b,NS(=O)(=O)C1=CC=C(CNC(=O)NC2CCC=3C=C(F)C=CC32)S1
XS847988a,CC(NC(=O)C=1C=NN(C)C1CC=2C=CC=CC2)C=3C=CC=4NC(=O)NC4C3
XS838398b,CCOC(=O)CC(NC=1N=CC(Br)=CN1)C=2C=CC(F)=CC2
XS847994a,CC(NC(=O)CN1C=NC=2SC=3CCCC3C2C1=O)C=4C=CC(F)=CC4
XS838649b,CCOC(=O)C(C=1C=NN(C)C1)N(C)C2=CC(=O)N3C=CC=C(OC)C3=N2
XS839067b,O=C(NCC=1C=C(Cl)C=C(Cl)C1O)C2CC3=CNC=C3S2(=O)=O
XS848004a,CC(=O)N1CCC(CC1)C(=O)N(CC=2C=CC=CC2)C3CCS(=O)(=O)C3
XS848007a,CC1=CC=2C(=CC=CC2N1)CNC(=O)N3CCC(C3)N(C)CC=4C=CC=CC4
XS839407b,O=C1NC(CC2=NC(=NO2)C=3C=CC(=CC3)N4CCOCC4)C=5C=CC=CC15
XS433897b,O=C(CC1=NNC(=O)C=2C=CC=CC12)NCC(C3=CC=CS3)N4CCCC4
XS848003a,O=C(CCC1=CNC=2C=CC=CC12)N(CC3=CC=CO3)C4CCS(=O)(=O)C4
XS848002a,CC1CCC=2SC(=CC2C1)C(=O)NC3CCN(CC3)C4=NC=CN(C)C4=O
XS677670b,CCC(C)N1N=CC(C(=O)NC2CCN(CC=3C=CC=NC3)CC2)=C1C4CC4
XS837407b,CCCS(=O)(=O)N1CCC(CC1)NC(=O)N2CC3(CC=CC3)C2C(C)C
XS848006a,CC(NC(=O)C=1C=C(N=C2ON=C(C=3C=CC=CC3)C12)C4CC4)C=5C=CC=CN5
XS444686b,CN(C=1C=CC=CC1NC(=O)NC2CC(C)(C)C=3C=CC=CC32)S(C)(=O)=O
XS403588b,O=C(NC=1C=CC(=O)N(C1)CC=2C=CC=CC2Cl)C3CCCS3(=O)=O
XS838186b,CC1=NC(COC=2C=CC=CC2C(=O)NC=3C=NN(C3C)C4CCOC4)=NO1
XS848005a,CC(C)C(C=1C=CC=CC1)N2CCN(CC2)C(=O)C3=NNC=4N=CNC(=O)C34
XS838874b,CC1(C)CC(CN1C(=O)C2=CC=NC3=CC=NN23)NC(=O)C=4NN=CC4Cl
XS847997a,CN1CCN(CC=2C=CC=CC21)C(=O)C=3CC(C(N)=O)N(N3)C=4C=CC=CC4
XS625545b,COC=1C=CC(Br)=CC1CNC2CCCN(C2)C=3C=CC=NN3
XS848001a,COC=1C=C(C=CC1OC(C)C)C(=O)N2CCCC2C3=NC=4C=CC=CC4N3
XS695166b,CC(NC(=O)CCNC(=O)NC=1C=CC=CC1)C=2C=CC(Cl)=CC2Cl
XS353995b,CCOC(=O)C1CCCN(C1)C(=O)C2=CC=3C(=O)N4C=CC=CC4=NC3S2
XS840673b,CCN(C(=O)C1=CN(CC)C=2N=C(C)C=CC2C1=O)C3CCS(=O)(=O)C3
XS847999a,CCN1CC(CN(C)CC(=O)NC=2C=CC=C(C2)SC)OC=3C=CC=CC31
XS840037b,O=C(C=1C=CC(=CC1)C2=CN=CO2)N3CCC(CO)(CC=4C=CC(F)=CC4)C3
XS848000a,CCC(C)NC(=O)COC(=O)C1=NN(C=2C=CC=CC2)C(=O)C=3C=CC=CC13
XS837079c,CC=1C=CC2=NC(=CN2C1)C(=O)NC(CS(=O)(=O)N(C)C)C(F)(F)F
XS837052b,COC=1C=C(C=C2OCCOC12)C3=NC(CC=4C=CN=CC4)=NN3C(C)C(C)C
XS848017a,CC1CCCN(CC(=O)NC=2C=C(C=CC2Cl)S(=O)(=O)N3CCCC3)C1
XS848019a,CC(NC(=O)C=1C=CC(=CC1)CN2N=NC=3C=CC=CC32)C(=O)N4CCCCC4
XS842120b,COC=1C=C(N=C(N1)NC2CCN(C2)C=3C=NNC(=O)C3Cl)C(F)(F)F
XS389328b,O=C(C=1C=CC=C(Cl)C1)N(CC=2C=CC(Cl)=CC2)C3CCS(=O)(=O)C3
XS848010a,CC1=CC=2C(=NC=NC2S1)N3CCN(CC3)C(=O)C4CCN5C(C)=NC=C5C4
XS841324b,CCCC1=C(C=NN1C=2C=C(C)C=CN2)NC(=O)NCC3CCC4(CCCC4)O3
XS848013a,CN1N=CC(=C1C(=O)NCC(C2=CNC=3C=CC=CC23)C=4C=CC=CC4)C5CCC5
XS838230b,O=C(NC=1C=C(F)C=C(C1)N2CCOCC2)N3CCCC(CN4C=CN=N4)C3
XS848012a,CC1=NOC(COC2CN(C2)C(=O)NC3CCC=4NC=5C=CC(C)=CC5C4C3)=N1
XS837086b,O=C(NC=1C=CC(=CC1)S(=O)(=O)NCC2CC2)N3CCN4CCCCC4C3
XS848011a,CC(C1=NC(=NO1)C2=CC=CS2)N3CCN(CC3)C(=O)C=4C=NN5CCCC45
XS848018a,CC(NC(=O)C=1C=C(C2=CC=CO2)N3C=NC(C(N)=O)=C3N1)C=4C=CC=C(F)C4
XS848015a,CC(NC(=O)NCC=1C=CC=NC1N2CCOCC2)C=3C=CC4=CC=CC=C4C3
XS672504b,CCN(C(=O)C=1C=C(CN2C=C(C)C=N2)ON1)C3CCN(C3=O)C=4C=CC=CC4
XS848014a,CCN(C(=O)C=1C=CC=CC1OCC=2C=CC(F)=CC2)C3CCS(=O)(=O)C3
XS848020a,CS(=O)(=O)CC1=NC=2C=CC=CC2N1CC(=O)N3CCCC3C4CCCC4
XS797704b,O=C(NC=1C=CC=C(C1)S(=O)(=O)N2CCCC2)C3CC=4C=CC=CC4S3
XS848009a,COC=1C=CC(=CC1F)C=2CC(CNC(=O)C3=CNN=C3C=4C=CN=CC4)ON2
XS840376b,COC=1C=CC=2C(=COC2C1)CC(=O)OC(C)C(=O)NC=3C=CC(=CC3)C(N)=O
XS837488b,NS(=O)(=O)C=1C=CC(C(=O)N2CCC(C(F)(F)F)C3(CCC3)C2)=C(F)C1
XS848016a,O=C(NCC(C1=CNC=2C=CC=CC12)C=3C=CC=CC3)C4=CN5C=CNC(=O)C5=N4
XS841334b,NCC1=CN(N=N1)C2CCCN(C2)S(=O)(=O)C=3C=C(F)C4=CC=CC=C4C3
XS840684b,CC(C=1C=CC(=CC1)S(N)(=O)=O)N(C)C=2N=CC(=C(N2)NC3CC3)[N+]([O-])=O
XS848008a,O=C(C=1C=NN(C1C(F)F)C=2C=CN=CC2)N3CCCCCC3C=4N=CON4
XS848023a,CCOC(=O)C1=C(COC(=O)C=2C=C(F)C(F)=CC2Cl)NC(=O)NC1CC
XS848027a,COC=1C=CC=CC1CNC(=O)C(NS(=O)(=O)C=2C=CC=C(Cl)C2)C(C)C
XS848025a,FC(F)(F)C1(CCN(CC2=NN=C3COCCN23)C1)C4=NC(=NO4)C=5C=CC=CN5
XS840778b,COC=1C=CC(=CC1)CCS(=O)(=O)NCC(C)N2CCN(CC2)C=3C=CC=CC3
XS841608b,CC1=NC(=NO1)C(NC(=O)NC=2C=C(C=CC2C)N3C=NN=N3)C=4C=CC=CC4F
XS624419b,COC=1C=C(C=C(C1)C=2C=CC=C(N2)NC(=O)C3CCN(CC(F)(F)F)C3)OC
XS837924b,NS(=O)(=O)C1CCN(C1)S(=O)(=O)C=2C=C3NC(=O)CCCC3=CC2Cl
XS838190b,CS(=O)(=O)C=1C=CC=NC1C(=O)NC2CCN(C2)C=3C=CC(=CC3)C(F)(F)F
XS848029a,CSC=1C=CC(=CC1)N2CC(CC2=O)C(=O)NCC=3C=CC(=CC3)CN4C=CN=C4
XS848031a,CCOC=1C(Cl)=CC(=CC1OC)C(=O)NC(CN2CCCC2=O)C=3C=CC=CC3
XS838312b,CC(C)(C)C(CNC(=O)C1=CN2CCCCC2=C1)NC(=O)C=3C=C(CCO)ON3
XS848032a,O=C(C=1C=CC=2C(=O)NN=CC2C1)N3CCN(CC3)C(=O)C4CCOC=5C=CC=CC54
XS848026a,NC(=O)NC(CC(=O)NC=1C=CC=CC1N2CCCCC2)C=3C=CC(Cl)=CC3
XS836740b,CC=1N=C2C=CC=CC2=C(C)C1CC(=O)N(C)C(C)C=3C=CC(=CC3)N4C=NC=N4
XS848030a,O=C(NCCN1CCN(CC1)C=2C=CC=CC2)C3CCCN(C3)C(=O)N4CCCC4
XS848028a,O=C(CN1C=NC=2C=CC=CC2C1=O)N(CC=3C=CC=CC3)C4CCS(=O)(=O)C4
XS692869b,CC(C=1C=CC(=CC1)N2C=NC=N2)N(C)CC(=O)NC=3C=CC(=CC3)OC(F)(F)F
XS848021a,COC(=O)CC(NC(=O)C=1C=C(OC)C=2OCCOC2C1)C=3C=CC(=CC3)OC
XS841458b,CC1=NN(C)C(C)=C1C=2C=C(NN2)C(=O)N3CCCC3C=4C=CC=C5OCCOC45
XS842216b,CC(=O)N1CCCCC1C(=O)OCC2=COC(=N2)C=3C=CC(=CC3)S(C)(=O)=O
XS840786b,CC(NC=1C=CC=C(C1)NS(C)(=O)=O)C(=O)NC=2C=CC(=CC2Cl)[N+]([O-])=O
XS848024a,O=C(NC1=CC(=NN1C=2C=CC=CC2)C3CC3)C4CC(=O)N(CCC=5C=CC=CC5)C4
XS838930b,CC=1C=CC(=CC1)N2C=C(N=N2)C3CCN(C(=O)C4=CN5CCOCC5=C4)C63CC6
XS839923b,O=C(CN1N=C(C=CC1=O)N2C=NC=N2)N3N=C(CC3C4=CC=CO4)C5=CC=CO5
XS848022a,COC=1C=CC(=CC1)C2=CC(=NN2C=3C=CC=CC3)C(=O)N4CCN(C)C(=O)C4C
XS848037a,CCOC(=O)C1=C(COC(=O)CCC2=CNC=3C=CC=CC23)NC(=O)NC1C=4C=CC=CC4
XS848051a,O=C(CCN1CCN(CC1)C(=O)C2=CC=3SC=CC3N2)NC4COC=5C=CC(F)=CC54
XS836949b,CC1CN(CC=2C=CC=CC21)C(=O)NCC=3C=CC=CC3CS(=O)(=O)N4CCOCC4
XS848047a,CCOC(=O)C=1C=CC=C(C1)OCC(O)CN2C(=O)C(C#N)=C3CCCCCN3C2=O
XS848043a,O=C(C1CC(=O)NC=2C=CC=CC21)N3CCN(CC3)S(=O)(=O)C=4C=CC=CC4Cl
XS848046a,CC(=O)NC=1C=CC(=CC1)S(=O)(=O)NCC(=O)N2CCCC2C3=NC=4C=CC=CC4S3
XS679818b,CCN(C(=O)C1=CN(CC=2C=CC=CC2)N=C1C=3C=CC(C)=CC3)C4CCS(=O)(=O)C4
XS848041a,CC1=CC(=NO1)NC(=O)C(C=2C=CC=CC2)N3CCC(CC3)C(=O)NC=4C=CC=CC4O
XS840616b,C=C(C)CN(CC)C(=O)COC(=O)C12CCC(=O)N2C=3C=CC=CC3C(=O)N1C4CC4
XS848040a,CC(OC(=O)C=1C=CC=CC1NS(C)(=O)=O)C(=O)NC=2C=C(Cl)C=CC2Cl
XS848050a,CC1(C)CC(CO)(CNC(C2=NSC=C2Br)C3=NN=NN3C4CC(F)(F)C4)C1
XS848052a,CC=1C=CC(=CC1)C2=NN=C(O2)C(C)N3CCN(CCOC=4C=CC(Cl)=CC4)CC3
XS848035a,CCOC(=O)C1CCCN(CC(=O)NC2=C(C#N)C(C)=C(C)N2CC=3C=CC(F)=CC3)C1
XS848039a,CCN1C(=NC=2C=C(C=CC21)S(=O)(=O)N3CCCCC3)SCC4CCCCO4
XS848045a,O=C(CSC1=NN=C(CC=2C=CC=CC2)O1)N(C3CCS(=O)(=O)C3)C4CCCCC4
XS848038a,CCCC(NC(=O)CC1=CN(N=C1C=2C=CC(=CC2)OC)C=3C=CC=CC3)C4=NN=NN4
XS837134b,CC=1C=NN(C1)C2CN(C2)C(=O)C3CN(CCO3)S(=O)(=O)C=4C=CC=CC4Cl
XS848034a,CCOC(=O)C1=C(C)N(CC2=CC=CS2)C(=O)NC1C=3C=C(OC)C(OC)=C(C3)OC
XS848044a,CC1=CC=CC(C)=C1N2CC(CC2=O)C3=NC=4C=CC=CC4N3CC(=O)N5CCCCCC5
XS848049a,O=C1C=2C=CC=CC2NC(C=3C=CC=CC3Br)N1CCCN4CCOCC4
XS841790b,O=C(C1CCC(=O)N(CC=2C=CC=CC2)C1)N3CCC=4C(=CC=CC4C3)CC=5N=NNN5
XS848042a,O=C(C=1C=CC=2N=CN(C=3C=CC(Cl)=CC3)C2C1)N4CCCN(CC5CCCO5)CC4
XS848048a,CC(C)N1N=CC=2C(=CC(=NC21)C3=CC=CO3)C(=O)NC(C)CCN4CCN(CC4)C=5C=CC=CC5
XS837410b,CC(C)C=1C=CC=C(C1)CNC(=O)NC2CCCN(C2)S(=O)(=O)N3CCOCC3
F9000603e,CC(CO)N(C)C=1N=CC(Cl)=CN1
XS848061a,CC1CCCN(C1)C(=O)NC=2C=CC=CC2
XS848055a,CCC1=CC=C(S1)C(=O)N2CCOC(C)C2
XS848056a,CCC(C)NC(=O)C=1C=CC(=NC1)OC
XS848060a,CC=1OC=CC1C(=O)NC(C)C=2C=NN(C)C2C
XS841074b,CC(C#N)CN(C)C(=O)C=C1CCCCC1
XS840199b,O=C(NC=1C=NC=C(Cl)C1)NC2C=CCCC2
XS402853b,O=C(NC1CCCOC=2C=CC=CC21)C3CCC3
XS838146b,CC1(F)CCN(C1)C(=O)NC=2C=CSC2
XS841989b,CN1N=C(C=C1N)C2CCCOC2
XS848064a,CS(=O)(=O)N1CCC(C1)C=2C=CC=CC2
XS848059a,OCC1CCCN(C1)C=2N=CN=C3SC=CC23
XS842727b,CNCC(C)OC=1C=CC(=CC1)C(F)(F)F
XS838519b,COCC(C)NC=1N=C(O)N=C2C=CC=NC12
XS848053a,CC(C(=O)O)N1CCC=2C=CC=CC2C1
XS848058a,CC(OC=1C=CC=C(F)C1)C(=O)N2CCCC2
XS848057a,CNC1CCCN(C1)C=2C=CC(C#N)=C(C)N2
XS848063a,CC=1C=CC=C(C1)NC(=O)NC(C)C2=CC=CO2
XS848054a,CC=1C=CC(=NC1)NC(=O)CC2C=CCC2
XS841956b,CCOC1(CCOC1)C(=O)NC2=NN=CS2
XS838470b,CC1(C=CCC1)C(=O)NC2=CC=CC3=NC=CN23
XS838193b,O=C(NCCC1=NNC(=O)N1)C2C=CCC2
XS848062a,CC(C(N)=O)N1CCC(CC=2C=CC=CC2)CC1
XS709752b,COC=1C=CC=CC1CCN(C)C2CCNC2=O
XS840738b,FC1(F)CC21CCN(C2)C3=CC=CC4=NN=CN34
XS836918b,CC(O)(CO)CN1CCC=2C=CC=CC2CC1
XS848074a,CC(NC(=O)C1=CC=CO1)C(=O)NC=2C=CC=CC2
XS785709b,N#CC=1C=CC(=CC1)OCC(=O)NCC2CCCO2
XS848071a,CC(OC=1C=CC=C(Cl)C1)C(=O)N2CCCCC2
XS840752b,COC=1C=CC=C(C1)OC(C)CNC=2N=CC=CN2
XS762514b,NC(=O)C1(O)CCCN(C1)C=2C=CC3=CC=CC=C3N2
XS848073a,CC=1C=CC(=CC1C)CC(=O)NC(C)C=2C=CC=CN2
XS836766b,CC=1C(=CC=CC1C(N)=O)NC(=O)NC(C)C(C)C
XS608570b,CC(C)C=1C=CC(=CC1)C(=O)NC2CCCNC2=O
XS632222b,CCC=1C=C(NN1)C(=O)N2CCC(C2)C=3C=CC=CC3
XS848075a,CC1CCC(C)(C)N1C(=O)C2=CNC=3N=CN=CC23
XS848072a,CC1CC(F)(F)CCN1CC=2C=CC=C(N2)C(=O)O
XS841711b,CC(C)C=1N=NN(C)C1NC(=O)C(F)C2CCC2
XS422233b,CNCC1CCCN(C1)C(=O)C=2C=CC(C)=C(F)C2
XS848066a,CC1CN(CCN1)C(=O)C=2C=CC(Cl)=C(Cl)C2
XS848076a,CN1N=CC=C1NC(=O)C2NCCOC=3C=CC=CC32
XS756842b,O=C(NC=1C=CNN1)C2CC=3C=C(Cl)C=CC3O2
XS685976b,CC(CO)NS(=O)(=O)C=1C=CC=2OCCOC2C1
XS848067a,CC1(O)CCCN(C1)C(=O)C=2C=CC=3OCCC3C2
XS848069a,CC(C(=O)NC=1C=CC=CC1)N2C=NC=3C=CC=CC32
XS848077a,CC1=CC=C(O1)C(=O)NC2CCOC=3C=CC=CC32
XS848070a,CC=1C=CC(=CC1C)SC(C)C(=O)NC(N)=O
XS848079a,CC1CCN(C1)C(=O)C=2C=CC=CC2OCC(N)=O
XS841282b,CC=1SC(=CC1[N+]([O-])=O)C(=O)NC(C)C(C)C
XS848065a,CC=1C=CC=C2NC(C=3C=CC=CN3)N(C)C(=O)C12
XS837865b,CC(NC=1C=CC=C2OCOC12)C=3C=CC=C(C#N)C3
XS848078a,FC(F)(F)C1CCC2=NN=C(C=3C=CC=CN3)N2C1
XS848068a,NC(=O)C1=CN(N=C1C2CCCNC2)C=3C=CC=CC3
XS848082a,CCC(C)NC(=O)COC(=O)C=1C=CC=2OCOC2C1
XS838421b,CCC(C)C=1C=CC=CC1NCC2=NC(=CN2)COC
XS838556b,CCS(=O)(=NC(=O)C=1C=NN(C)C1)C=2C=CC=CC2
XS848087a,CC(=O)N1CCN(CC1)C(=O)CC(C)C=2C=CC=CC2
XS839590b,CC=1N=NSC1C(C)NC=2C=CC=C(C(N)=O)C2C
XS848084a,CC(C=1C=CC=CC1)N(C)C(=O)C=2C=NN3C=CC=NC23
XS848080a,CN1C=NC(=C1)C(=O)N2CCCC2C=3C=CC(F)=CC3
XS553771b,CC1=C(C=NN1C)C(=O)NCC2CCCC=3C=CC=CC32
XS839373b,CC(CN1C=CC=N1)NC=2C=CC(=C(F)C2)N3C=CC=N3
XS836818b,CCS(=O)(=O)C=1C=CC=CC1NCC2CCC=CO2
XS848086a,CC=1SC=2N=CN=C(NC(C)C=3C=CC=CN3)C2C1C
XS185676c,CC1=CC(=NO1)C2CCCN2C=3N=CN=C4C3C=NN4C
XS848085a,NS(=O)(=O)N1CCCC1C2=NC=3C=CC=CC3S2
XS848088a,NC(=O)NC(CC=1C=CC=CC1)C(=O)NC2CCCC2
XS711076b,CC(=O)NC=1C=CC(=CC1)OCC(=O)NC(C)C(C)C
XS848091a,O=C(NCCC1=CC=CS1)C2CC(=O)N(C2)C3CC3
XS848090a,COCC(=O)NC(CC(=O)OC)C=1C=CC(Cl)=CC1
XS842537b,CC(C)OC=1C=CC=C(N1)C(=O)OC(C)C(C)(C)C#N
XS848081a,CC1CCCCN1C(=O)CN2C(=O)ON=C2C(C)(C)C
XS848089a,CC(CNC(=O)C=1C=CC(=CC1)C(N)=O)C=2C=CC=CC2
XS837820b,CC1CN(CCS1)C(=O)C=2N=CC=C3C=CN(C)C23
XS842620b,CC(N)C1=NC=C(S1)C(=O)NC=2C=NNC2C(N)=O
XS392529b,CC(NC(=O)C=1C=C(NN1)C2CC2)C3=NN=C4CCCN34
XS573658b,CN1C=C(C=N1)NC2CCN(C2=O)C=3C=CC=CC3F
XS848083a,CC(NC(=O)C1=CC=2CCCCC2S1)C=3C=CC=CN3
XS837807b,C#CC=1C=CC=NC1N2CCCC(CC2)C=3C=CN=CC3
XS836887b,CC1=NOC=2N=C(C)C=C(C12)N3CCCC(C3)C4CCC4
XS445767b,CN1C(CNCC2CCCN3C=CN=C23)=NC=4C=CC=CC41
XS848095a,CC(=O)N1CCCCC1C2=NC(=CN2)C=3C=CC=C(F)C3
XS624970b,CC1=NN(C)C(C)=C1C(=O)N2CCOCC2C=3N=CON3
XS848100a,COC=1C=CC=C(C(=O)NC(C)CN2C=CC=N2)C1OC
XS848104a,CCOC=1C=CC(=CC1)C(=O)N(CC)C2CC(=O)NC2=O
XS842167b,CC(C)C1CCCCCN1C(=O)NCC=2C=CC(=O)NN2
XS848093a,CC(NC=1N=CN=C2C=CC=C(F)C12)C=3C=CC=C(C#N)C3
XS839388b,CC1=NSC=2N=CN=C(C12)N3CC(C)NC(=O)C43CC4
XS570397b,CN1C=NN=C1CN2CCCC(C2)C3=NC=4C=CC=CC4O3
XS848094a,O=C(C1CCCN1)N2CCC(CC2)OCC=3C=CC=CC3
XS848092a,CN1C=C(C=N1)C2CCCN2C(=O)C=3C=CC=4C=CNC4C3
XS480157b,CC(C)N1C=NN=C1C2CCCN(C2)C=3C=CC=C(C#N)N3
XS494099b,CC(CN1N=CC=2C=CC=CC21)C(=O)NC=3C=CC(F)=CC3
XS840547b,COC(=O)C=1C=CC(F)=C(C1)NC(=O)C(C)N2C=CC=C2
XS848096a,COC=1C=CC(=CC1OC)CCNC(=O)C2CC=CCC2
XS754551b,CC=1C=C(C#N)C=NC1C(=O)N2CCCC2CN3C=CC=N3
XS676246b,FC=1C=CC=CC1CNC(CN2C=NC=N2)C=3C=CC=CC3
XS848103a,CC(C)CC(NC(=O)CN(C)CC(N)=O)C=1C=CC=CC1
XS839361b,CN1C(=O)C2(CCOCC2)NC1C=3C=CN(N3)C4CCC4
XS848101a,CC(NCC(=O)NC=1C=CC=CC1Cl)C=2C=CC=CC2
XS848102a,CC(C1=NC(=NO1)C2CC2)N(C)CCOC=3C=CC=CC3
XS552773b,CC1=NC(=CN1C)S(=O)(=O)N2CCCC2C3=CC=CO3
XS848099a,CC(OC=1C=CC=CC1)C(=O)N2CC(=O)NC=3C=CC=CC32
XS848097a,CC(NC(=O)C1=CC=CO1)C=2C=CC(=CC2)S(N)(=O)=O
XS848098a,CCCCC(=O)NC(CC1=CNC=2C=CC=CC12)C(=O)O
XS840183b,COCC(NC(=O)NC=1N=CN(C)N1)C=2C=CC(F)=CC2
XS793821b,CC1=CC=C(C(=O)NC2CCOC=3C(F)=CC=CC32)C(=O)N1
XS848105a,NC(=O)C1CCCCN1CC2=NC=C(O2)C=3C=CC(F)=CC3
XS848115a,CCC(=O)NC1CCCN(C1)C(=O)NC=2C=CC=C(C2)OC
XS621783c,CC1=CC(=NN1)C2CCCN(C2)C(=O)C3=CC(=NO3)C(C)C
XS848113a,CNS(=O)(=O)C=1C=CC=C(C1)C(=O)N(C)C(C)COC
XS840027b,O=S1(=O)CCC(CNC=2N=CC=C(N2)C=3C=NC=CN3)C1
XS848112a,CC(=O)N1CCN(CC1)C(=O)C2CC=3C=CC=CC3C(=O)O2
XS848109a,COC=1C=CC(C(=O)NCC(C)C=2C=CC=CC2)=C(C1)OC
XS841565b,CC1(CCN1C(=O)C2CC3=CSC=C3C2)C4CCCCC4
XS848114a,CC=1C=C(C)C=C(C1)OCCN(C)CC(O)CN2C=CC=N2
EL001816c,CC=1C=CC=C(C(N)=O)C1OCC2=NOC=3CCC(C)CC23
XS837942b,CC=1C=NN(C1)CC(C)NS(=O)(=O)CC2=NOC=C2C
XS842648b,CC(NC(=O)C1=CC(=NN1)C2=CC=CS2)C=3C=CN(C)N3
XS838864b,CS1(=O)=NCC=2C(=CC=CC21)C=3C=CN4N=C(N)N=C4C3
XS848106a,CC1=CC(=NN1)C2CCCN(C2)C(=O)CC=3C=CC(C)=NC3
XS848111a,COC=1C=CC(OC)=C(C1)S(=O)(=O)N2CCCC(C)C2
XS593055b,COC=1C=CC=CC1CCNC(=O)C2CC(=O)N(C2)C(C)C
XS779901b,CCNC(=O)N1CCCC(C1)C2=NNC(=N2)C=3C=CC=CC3
XS848110a,CNC(=O)NC(=O)C(C)SC=1N=C2C=CC=CC2=NC1C
AR000927b,CCC(=O)NC1CCCN(C1)C=2N=CN=C3SC(C)=CC23
XS841063b,CC(C)(C)C(=O)NCCC(=O)OC1CCCS(=O)(=O)C1
XS744454b,CC(=O)NC1CCCN(C1)C=2C=CC3=NN=C(C4CC4)N3N2
XS505076b,CC=1C=CC(=CC1F)C2=NOC(=N2)C(C)NC=3C=NN(C)C3
XS848108a,O=C(NC1CCN(CC=2C=CC=CC2)C1)C=3C=CC(=O)NN3
XS848107a,CC(C)N1CCC(C1=O)N(C)CCOC=2C=CC=C(C#N)C2
XS841243b,CC(NC(=O)C=1C=CC(F)=C2C=CSC12)C3=CC=NN3C
XS848129a,CCOC(=O)NC1CCCN(C1)S(=O)(=O)C=2C=CC=CC2
XS848123a,CCN(CC)C(=O)NC=1C=CC=C(C1)CS(=O)C(C)(C)C
XS841114b,CN1C=CC=2C(=CC=NC21)C(=O)N3CCC(C3)S(=O)(=O)F
XS848128a,CC(N)C(=O)N1CCN(CC1)C=2C=CC(Br)=CN2
XS848124a,CC(C)C=1C=CC(=CC1)CC2CCN(C2)C(=O)C3=CN=C(N)O3
XS848130a,O=C(C1=NNC=2N=CC=CC12)N3CCCC3C=4C=CC=CC4F
XS841269b,CC1CS(=O)(=O)CCN1C(=O)C=2C=CC=3SC=CC3C2
XS848120a,O=C(O)C1CCN(C1)C(=O)C(C=2C=CC=CC2)C=3C=CC=CC3
XS848122a,NC(=O)C1CCCN(C1)C=2N=CN=C3NC4=CC(F)=CC=C4C23
XS842021b,CC(CC1CCCC1)C(=O)N2CCC3(CNC(=O)N3C)CC2
XS842260b,CC1=CN=C(O1)C(C)NC=2C=CN=C3C=C(C=CC23)OC(C)C
XS838253b,NC(=O)C=1C=NC(=CN1)NC(CC=2C=CC=CC2)C3=CC=CO3
XS848121a,COC(=O)C1CCCCN1CC2=CC(=O)N3C=CSC3=N2
XS848127a,O=C(NC=1C=CC=NC1)N(CC=2C=CC=NC2)CC3CCCO3
XS848116a,CN1C=C(C=N1)C2CCCN2C(=O)COC=3C=CC(C#N)=CC3
XS848118a,O=C(O)C1CN(C(=O)C=2C=CC=3NC=CC3C2)C=4C=CC=CC41
XS848131a,CC(C1=NC=2C=CC=CC2S1)N(C)C(=O)C=3C=CC=C(F)C3
XS848119a,CCCC(C)C=1C=C(NS(=O)(=O)C=2C=CC(C)=CC2)NN1
XS840304b,CCN1C(=O)C(=NC=2C=CC=CC21)N(C)C(C)C=3C=CC=CN3
XS848117a,CC=1C=CC(C#N)=C(N1)N2CCCC(C2)C(=O)NC3(C#N)CC3
XS837305b,CC(C)(C)C=1N=CC(=CN1)NS(=O)(=O)CC2CCCOC2
XS848125a,COC=1C=CC=C(C1)COCC(=O)NCC(C)N2CCCC2
XS735979b,CC=1C=CC2=NC(C)=CC(C(=O)NC3CCC(=O)NC3=O)=C2C1
XS848126a,COC=1C=CC=C(C1)S(=O)(=O)C(C)C(=O)N2CCOCC2
XS662272b,CC1=CC(C)=NN1CC2CCCN2CC=3C=CC=C(C3)C(N)=O
XS840713b,CC=1CC(CNS(=O)(=O)C2=CSC=3C=CC=CC23)ON1
XS539267b,CC1=NN2CC(CCC2=N1)NCCS(=O)(=O)C=3C=CC=CC3
XS848139a,CC(C1=NC(=NO1)C2CC2)N3CCN(CC4=CSC=N4)CC3
XS848133a,CC(C1=CC=CS1)N(C)C(=O)C=2C=CC=3NC(=O)COC3C2
XS733134b,CCOC=1N=CC=CC1C(=O)NCC2COC=3C=CC=CC3O2
XS739075b,CCC1=CC(C)=C(O1)C(=O)N2CCN(CC)C(C2)C3=NC=CN3
XS848137a,CCC=1N=NSC1C(=O)NC(C)C=2C=CC=C(C2)OC(C)C
XS596432b,NC(=O)C1CCN(C1)C(=O)C2=CSC(CC=3C=CC=CC3)=N2
XS787800b,CC=1N=NC(NCC(O)COC=2C=CC=C(F)C2)=C(C#N)C1C
XS848141a,O=C(CN1CCC(CNC=2C=CC=CN2)C1)NCC3=CC=CO3
XS848132a,CC1=CC(=NN1C2CCCCC2)C(=O)NC3CCC(=O)N(C)C3
XS841974b,COC1=NSC=C1NC(=O)C=2C=CC(=CC2)C3CCC(=O)N3
XS841766b,O=C(C1=CC=C(S1)C2=NOC(=O)N2)N3CCCCC3C4CC4
XS837069b,NC(=O)C1COCCN1C=2N=CC=C(N2)OC=3C=CC(F)=CC3
XS840015b,CC=1C=C(OC1C(=O)NC(C(=O)O)C2CCCCC2)C(F)F
XS840248b,CN1CCN(CC21CCOC2)C=3C=CC4=C(Cl)C=CC=C4N3
XS500468b,CCC1=C(C=NN1CC(C)C)C(=O)N2CCN3C(=O)NCC3C2
XS848134a,CC=1C=CC=C2C(=O)N(C=NC12)CCC(=O)NCC3CCCO3
XS848136a,CCN(CC)C(CNC(=O)C=1C=CC=C(C)N1)C=2C=CSC2
XS848138a,CC1=C(SC=2C=CC(F)=CC12)C(=O)NC3CCCCNC3=O
XS785841b,CC(C1=NC(=NO1)C(C)(C)C)N2CCN(CC2)S(C)(=O)=O
XS768524b,CC1CN(CCO1)C2CCN(CC=3C=CC=4C=NNC4C3)CC2
XS848135a,CCCNC(=O)C(C)NC(=O)C1=CC(=NN1C)C=2C=CC=NC2
XS840312b,CC=1C=CN=C(CN2CC(C)CS2(=O)=O)C1Br
XS848140a,O=C(NCC=1C=CN=C(C1)OC2CCCCC2)C3CCC(=O)N3
XS840079b,C=CCOC=1C=CC=NC1C(=O)N2CCOC3(CCCOC3)C2
XS848148a,O=C(C1=CN2C=CC=CC2=N1)N3CCCCCC3C=4C=CN=CC4
XS848149a,O=C(C=1C=NC=CN1)N2CCCC2C=3C=CC(Cl)=C(Cl)C3
XS839730b,CC1C2=CC=CN2CCN1CC3=CSC(CC=4C=CC=CC4)=N3
XS400789b,CC1=CC(=NO1)NC(=O)C(OC(=O)CCC2CCCC2)C(C)C
XS811527b,COC=1C=C(C)C=CC1NC(C(=O)N2CCCC2)C=3C=CC=CC3
XS848144a,CC=1C=CC=C(N1)NC(=O)C2COCC(=O)N2CC=3C=CC=CC3
XS836815b,O=C1CC(CNS(=O)(=O)C2=CC=CS2)C=3C=CC=CC3N1
XS745568b,O=C(NC(CC(F)(F)F)C=1C=CC=CC1)C=2C=NN3CCCC23
XS837485b,COC(=O)C(CC1CCCCC1)OC(=O)C2=CN(N=N2)C(C)C
XS836506b,CCS(N)(=O)=NC(=O)COCC=1C=CC(=CC1)C(F)(F)F
XS824026b,O=C(C=1C=CC(O)=NC1)N2CCCC2C3=NC=4C=CC=CC4S3
XS521027b,CNC(=O)C=1C=CC=C(C1)NC(=O)C2SCCC=3C=CC=CC32
XS848146a,CCCC(C)NC(=O)C1=CSC(COC=2C=CC(F)=CC2)=N1
XS848147a,CC=1C=CC=CC1C(=O)NC=2C=CC(=CC2)NC(=O)C3CCCO3
XS477574b,CC1=NC(=NO1)C2CCCN2C(=O)CC3=CN4C=CC=C(C)C4=N3
XS848143a,CCCCC1=NC(=CS1)CN2CCOC(CN3C=NC=N3)C2
XS848142a,O=C(C=1C=CN=C(C1)N2C=CN=C2)N3CCCC(C3)N4C=CC=N4
XS840042b,CC1CN(CC2(CCOCC2)O1)S(=O)(=O)C=3C=CC=CC3N
XS848150a,O=C(NCC1=CC=2C=CC=CC2N1)C3CC(=O)N(C3)C4CCCC4
XS828263b,CC1=NC(=NO1)C2CCCN(C2)C(=O)CCC=3C=CC(C#N)=CC3
XS837512b,CC1CN(C(=O)NC=2C=CC=C3C(=O)NCCC23)C=4C=CC=CC41
XS839076b,CC=1SC=2N=NN(CC3CC4(CCOCC4)O3)C(=O)C2C1C
XS837290b,COC(=O)C(C)(C(=O)OC)C(C)NC(=O)C1=CN=CC(=N1)OC
XS838055b,CN1CC(CC1=O)NS(=O)(=O)C=2C=CC(=NC2)C(F)(F)F
XS848145a,O=C(C1CCCO1)N2CCN(CC2)S(=O)(=O)C=3C=CC=CC3
XS839747b,CS(=N)(=O)CCNC(=O)C=1C=C(Cl)C=CC1OC(F)F
XS848156a,CC1=NN(C(C)=C1NC(=O)CN2CCCCC2C)C=3C=CC=CC3
XS644183b,CC(C)C1=NOC(=N1)C(C)NC=2C=CC=C(C2)N3CCCCC3=O
XS596621b,CCC1=NOC(CCCC(=O)NC2CCCCC=3C=CC=CC32)=N1
XS842165b,COC(=O)C(C)CS(=O)(=O)N1CCN(C)C=2C=C(F)C=CC21
XS338010b,CN1C=NN=C1CC2(O)CCCN(CC=3C=CC(C#N)=CC3F)C2
XS838954b,CC1C(=O)N(C)CN1C(=O)NC=2C=CC=C(F)C2S(C)(=O)=O
XS840452b,CS(=O)(=O)N1N=C(CC1C2=CC=C(Cl)O2)C=3C=CSC3
XS837372b,O=S1(=O)CCC(C1)C2=NN=C(N2)C=3C=CC(=CC3)C(F)(F)F
XS839058b,O=C(NC=1C=CC=2SCC(=O)NC2C1)C3CCN4N=CC=C4C3
XS840922b,CC(NC=1N=CN=C2C=NC=CC12)C=3C=NN(C3)CC=4C=CC=CC4
XS838732b,CC1(C)CC(O)=C2C(C1)=NC3=NON=C3NC2C=4C=CC=C(F)C4
XS848152a,CCN(C)C(=O)NC=1C=CC(=CC1)S(=O)(=O)NC(C)COC
XS594807b,NC(=O)C1CCN(C1)C(=O)CCCC2=NC(=NO2)C=3C=CC=CC3
XS848158a,CC1=C(N=NN1C=2C=CC(C)=CC2)C(=O)N3CCCCC3C(N)=O
XS848151a,CN(CC(=O)NC=1C=CC(F)=C(Cl)C1)C2CCCCNC2=O
XS520706b,CC1=NN(C)C(C)=C1CC(=O)N2CCCC2CC=3C=CC=C(F)C3
XS848157a,CC1=NC=2C=C(C=CC2O1)NC(=O)C3CCCN(C3)C(=O)C(C)C
XS471933b,CC(CC1=CC=CS1)NC(=O)C=2C=C(C=CN2)N3CCOCC3
XS848153a,CC(C)C1CN(C)CCN1C(=O)C2=CC=NC3=C(C=NN23)C(N)=O
XS558980b,CC=1N=C(C=2CC(CCC2N1)C(=O)N3CCCCC3)C(F)(F)F
XS814262b,CC1=CSC(=N1)N2CCN(CC2)C(=O)C3CC=4C=CC=CC4O3
XS848154a,COC=1C=CC=C2NC=C(CC(=O)N3CCOCC3(C)C4CC4)C12
XS848155a,CNC(=O)C=1C=CC=C(C1)C(=O)N2CCCC(C2)C3=CN=CN3C
XS840665b,FC=1C=CC=2OC(=NC2C1)N3CCCC3C4=NC=5CCCCC5N4
XS840009b,COC=1C=CC=C2CC(CCC12)NC(=O)CN3C=C(F)C=CC3=O
XS839851b,CN1N=CC=C1C2CCCN(CC3=NN=C(S3)C(F)(F)F)C2
XS848165a,O=C(NC=1C=CC(=NC1)N2CCOCC2)NC3CCCCNC3=O
XS837921b,COC(=O)C1(CCN(C1)S(=O)(=O)C=2N=CC=CC2Cl)OC
XS848164a,O=C(CC1CN2C(=NC=3C=CC=CC32)NC1=O)NC4CCCCC4
XS848166a,CC(CN1CCCC1=O)NCC=2C=NN(C2)C=3C=CC(Cl)=CC3
XS848159a,CC=1C=CC(=CC1)C=2C=C(ON2)C(=O)N3CCCC(C3)N4C=CC=N4
XS837646b,CC(NC(=O)C=1C=CC(=CC1)N2C=NC=3C=CC=CC32)C=4N=NNN4
XS126901c,COC=1C=CC(=CC1OC)C2=CSC(=N2)NC(=O)C3CCCO3
XS840440b,CC1=NC(=CN1CC(=O)N2CC(C)SC=3C=CC=CC32)[N+]([O-])=O
XS836571b,CCN1N=C(C)C(=C1NC2CC(=O)N(CC(F)(F)F)C2)[N+]([O-])=O
XS848162a,O=C(NC1=NC=C(S1)C2CCOCC2)NC3CCC43CCCC4
XS837763b,CCOC=1C=CC=NC1S(=O)(=O)N2CC=3C=CC=CC3C2CC
XS394672b,O=C(NCC(C1=CC=CS1)N2CCOCC2)C=3C=CC(O)=NC3
XS848163a,CC(NS(=O)(=O)C=1C=CC=2OCC(=O)NC2C1)C=3C=CN=CC3
XS793461b,OC(COC=1C=CC(F)=CC1)CN2CCN(CC2)C=3N=CC=CN3
XS837185b,COC=1C=CC=2CC(C=3C=CC=CC3)N(CCN4C=NC=N4)CC2C1
XS848160a,COCC(C)NC(=O)CSC1=NC(CC=2C=CC=CC2)=C(C)N1
XS836605b,O=C(C1CCS(=O)(=O)C1)N(CC=2C=CSC2)C=3C=CC=CC3
XS332124b,CC=1C=NN(C1)CCC(=O)N2CCCC(C2)C3=NOC(=N3)C(C)C
XS837324b,CN1C=C(Br)C(CS(=O)(=O)CC2CCCOC2)=N1
XS848167a,O=C(C=1C=CC(=NC1)N2C=CN=C2)N3CCCC3C=4C=CC=C(F)C4
XS755048b,O=S(=O)(CC=1C=CC(F)=CC1)NC=2C=CC(=NN2)C3CCCN3
XS840722b,CC1(C)COC(CCN(CC=2C=NNC2)C=3N=CN=CC3Cl)C1
XS848161a,CCN1C(=O)C=2C=CC=NC2N=C1SCC(=O)NC(C)C(C)C
XS836622b,C=1C=CC2=C(C1)OC3(CCCC3)CC2NC=4N=CC=C5N=CC=CC45
XS838425b,COC(=O)C(NC(=O)CCCN1C(=O)NNC1=O)C=2C=CC=CC2
XS337970b,CC(C)C=1NN=CC1C(=O)N2CCCC(O)(CC3=NN=CN3C)C2
XS841809b,CC=1C=CC=CC1CN2C=CC(=N2)NC(=O)C3CCN4N=NC=C4C3
XS839518b,CCN1N=C(C=C1C2CC2)NC(=O)CC3CS(=O)(=O)CCN3C
XS838271b,COC=1C=C2CCCCC2=CC1OCC(=O)N=S(C)(=O)N(C)C
XS848169a,O=C(O)C(NC(=O)C=1C=CN(N1)C=2C=CC(F)=CC2)C=3C=CC=CC3
XS848178a,O=S(=O)(C=1C=CC(Cl)=CC1)N2CCSC2C=3C=CC=CC3
XS848172a,CN(C(=O)C=1C=CC(=NC1)N2CCOCC2)C3CCS(=O)(=O)C3
XS837516b,CC=1C=C(C=2N=NNN2)C(=O)NC1C(=O)NC3(C)CCC(F)(F)C3
XS848170a,O=C(COC=1C=C(Cl)C=CC1Cl)NC2CCS(=O)(=O)C2
XS848175a,O=C(COC=1C=CC=2CCCC2C1)NC3CCCC=4NC(=O)C=CC43
XS834409b,CC(C)N1N=CC=2C=C(C=NC21)C(=O)N3CCCC3C=4C=NN(C)C4
XS662104b,COC=1C=CC(F)=CC1C(C)NC(=O)CCN2C(C)=CSC2=O
XS841040b,CC1=CC=C(CN(C)S(=O)(=O)N2CCCC2CN3C=CN=C3)O1
XS848168a,CN1C=CC=C1C(=O)NC(CC=2C=CC=CC2)C(=O)N3CCCCC3
XS848179a,O=C(CCC1=NC(=NO1)C=2C=CC=CC2)NC3CCC4=NC=CN4C3
XS848176a,O=C(NCC1CCOC1)C=2C=NC(OCC(F)(F)F)=C(Cl)C2
XS839691b,CCC(C#N)S(=O)(=O)N1CCN(CCC=2C=CC(F)=CC2)CC1
XS839775b,CN1C=C(C=N1)C2CCN(C2)C=3N=CC(Cl)=CC3Br
XS841055b,CC(C)C=1N=C2CCC(CN2N1)NCC3=CC(=NO3)C=4C=CC=CC4
XS848173a,CC1CC(=O)NC=2C=CC(=CC2N1)C(=O)NCCCC=3C=CC=CC3
XS840970b,N#CC=1C=C2C=CC(F)=CC2=NC1N3CCC(CC3)C4COC(=O)N4
XS848171a,CC1=NC(=NO1)C2CCCCCN2C(=O)CN3N=CC=4C=CC=CC43
XS837022b,CC=1C=C2N=CN(C2=CC1C)C(C)C3=NC(=CS3)C=4C=NN(C)C4
XS691175b,O=C(NC=1C=CC(=CN1)N2CCOCC2)C3COC=4C=CC=CC4C3
XS848174a,CC1=CC(=CC(F)=C1)S(=O)(=O)NCC2=NN=C(N2)C3CCOC3
XS848177a,O=C(C1=CC=2C=CC=CC2N1)N3CC4(C3)CCN(C4)C5CCNC5=O
XS842392b,CC1=NC=C(S1)C(C)NC(=O)CC=2SC=CC2Br
XS596036b,CCNC(=O)CNC(=O)C=1C=COC1CN2C=3C=CC=CC3CC2C
XS837546b,CC=1C=C(C=CC1CN(C)C(C)C(=O)O)N2C=CC(=N2)C(F)(F)F
XS848187a,O=S(=O)(N1CCCC1C=2C=C(F)C=CC2F)N3CCCCCC3
XS577040b,COCC1(CCCN1C(=O)COC=2C=CC(Cl)=C(F)C2)C(N)=O
XS848181a,CC(CO)CCCNC(=O)C=1C=NC=C(C1)C=2C=CC=3OCCC3C2
XS474261b,CCN(C)C=1C=CC=C(C1)NC(=O)N2CCC(CC=3C=NN(C)C3)C2
XS637709b,COCC=1C=CC(=CC1)C(=O)NCC(C2=CC=C(C)O2)N3CCCC3
XS848190a,O=C(NCC1CCCO1)C=2C=C(Br)C=3OCCOC3C2
XS842662b,COCCOC=1N=C(C=C2C=CC=CC12)C(=O)N3CCC(C3)C(N)=O
XS848186a,COC=1N=CC=CC1CNC(=O)C2CC(=O)N(C2)C=3C=CC=CC3F
XS848189a,CN1N=CC=2C(=NC=NC21)N3CCCC(C3)C(=O)NC4CCCCC4
XS848182a,O=C(NCC1CCCN1CC=2C=CC=CC2)C=3SC=NC3C4CC4
XS708785b,O=C(NCCCN1C=NC=2C=CC=CC21)C3CC(=O)N(CC4CC4)C3
XS848185a,CC(OC(=O)C=1C=CC=2C=NNC2C1)C(=O)NCC=3C=CC(F)=CC3
XS848188a,CC(C)OC=1C=CC(=CC1)NC(=O)C2CC(=O)NC=3C=C(F)C=CC32
XS848184a,CCC=1N=CC(=CN1)CN2CCCC(O)(CC3=NC(=NO3)C4CC4)C2
XS836834b,N#CCCN(C(=O)C1CC21CCOCC2)C=3C=CC=4OCCOC4C3
XS409980b,COCC1(CCCN1C(=O)C=2C=CC(=CC2)CN3C=CN=C3)C(N)=O
XS836801b,CC(C(=O)N1CC2(CCCC2)C=3C=CC=C(Cl)C31)S(C)(=O)=O
XS848183a,NC(=O)C1CCCN1C(=O)C=2C=CC(=CC2)NC(=O)C3=CC=CS3
XS680512b,CN(C)S(=O)(=O)C=1C=CC(=CC1)NC(=O)C2CCC=3C=CC=CC32
XS840307b,CC1(CCN(CCO1)S(=O)(=O)CCC=2C=NOC2)C(F)(F)F
XS443609b,O=C(CC1C(=O)NC=2C=CC=CC21)N3CCN(CC3)C4=NC=CS4
XS848180a,CC(CNC(=O)CC=1C=CC=C(C1)C(F)(F)F)N2CCN(C)CC2
XS841024b,CC1(COC=2C=CC=CC2O1)C(=O)NCC3=NC=4CCOCC4S3
XS839177b,COC=1C=CC=2CC(NC2N1)C3=NC(CN4C=NC=5C=CC=CC54)=NO3
XS838984b,COC(=O)C=1C=NC=C(N1)NC2CCC=3C(=CC(F)=CC32)C(=O)OC
XS848198a,COC=1C=CC(OC)=C(C1)C2CCCN2CC(=O)NC3=CC(C)=NO3
XS837167b,CC(C)N(C(=O)C(C)S(=O)(=O)C=1C=CC2=CC=CC=C2N1)C(C)C
XS840062b,CC=1C=CC=CC1CS(=O)(=O)N2CCN3C(=NN=C3C2C)C(C)C
XS840759b,CCC(=O)N1CCCC(C1)C(=O)OCCC2=CNN=C2C(F)(F)F
XS840591b,NC(=O)C1(O)CCN(C1)S(=O)(=O)C=2C=C(Cl)C=C3CCOC23
XS335231b,CC(=O)NC1(CCN(CC2=CN(N=C2C)C(C)C)C1)C3=NC(C)=NO3
XS848194a,CC=1C=CC=C2NC=C(CC(=O)NC(C)C3=NC=4C=CC=CC4N3C)C12
XS848197a,CC(OC(=O)C=1C=CC=C(C1)NS(=O)(=O)C=2C=CC=CC2)C(N)=O
XS840751b,CC(C(=O)NC=1C=CC=CC1CN2CCC=3C=CC=CC32)N4C=NC=N4
XS848192a,CCN(CC)C=1C=CC(=CN1)C(=O)N2CCCC(C2)C3=NC=CS3
XS848195a,CN1C=CN=C1C(NC(=O)C2=CC=3C=CC=CC3O2)C=4C=CC(F)=CC4
XS848191a,O=C(NCC(C=1C=CC=CC1)N2CCOCC2)C=3C=CC=C(F)C3F
XS836557b,CC(C(=O)N1CCCC1)N2CCN(CC2)C=3N=CC=4COCCC4N3
XS773417b,CCOC=1C=CC=CC1OCC(=O)N2CCCCC2C3=NNC(C)=N3
XS848199a,CCC(C)N(CC=1C=CC=CC1)C(=O)C=2C=CC=CC2S(C)(=O)=O
XS841299b,CN(CCNC(=O)C1COC=2C=CC(Cl)=CC21)C(=O)C3=COC=N3
XS840168b,CC1=NNC(C)=C1C2COCCN2C(=O)C3=CC=4COCCC4S3
XS615580b,CC=1C=CC(=CC1)CC(=O)NC(C)C=2C=CC=CC2NS(C)(=O)=O
XS848200a,CC1(C)CCC(NC(=O)C2=CC=C(O2)S(N)(=O)=O)C=3C=CC=CC31
XS848196a,CC(OC(=O)C=1C=CC(Cl)=C(C1)S(C)(=O)=O)C(=O)NC2CC2
XS704948b,CC(=O)NC1=NC(=CS1)C(=O)N2CCCC2C3=NOC(=N3)C4CC4
XS848193a,CC1=CC(C)=NN1C2CCCN(C2)C(=O)CC=3C=CC=C4C=CC=NC34
XS838626b,CC=1C=C(CN(CC2C=CCC2)C(=O)CC(=O)OC(C)(C)C)N(C)N1
XS836709b,CC=1C=C(CS(=O)(=O)N2CCN(CC(F)(F)F)CC(C)C2)ON1
XS731079b,CN1C=NN=C1CC2(O)CCCN(C2)C(=O)C=3C=CC=4C=CCCC4C3
XS848206a,CN1N=C(N=C1O)C(=O)NC2CCCC3=C2C=NN3CC=4C=CC=CC4
XS848202a,CN(C)C=1C=NC(=CN1)C(=O)N2CCCCC2C3=CC=4C=CC=CC4N3
XS848209a,CC(C)N1C(=O)C=2C=CC=CC2NC1C3=CNN=C3C=4C=CC(F)=CC4
XS839163b,CC1=CC=CC(C)=C1N2C(=O)CC(C2=O)N3CCC=4C=CN=C(O)C4C3
XS839640b,N#CC1=C2NC=3C=CC=CC3N2C(=O)NC1(C=4C=CC=CC4)C(F)(F)F
XS842288b,O=C(NC1CCCC=2OC=CC21)N3CCCN4C=5C=CC=CC5C=C4C3
XS848204a,O=C(NC=1C=CC(=CC1)C2=NN=C3CCCCCCN23)C4CC=CCC4
XS848203a,CC1OC=2C=CC=CC2N(CCC(=O)OCC=3C=CC(C#N)=CC3)C1=O
XS839848b,CN(C)S(C)(=O)=NC(=O)C=1C=CC(=CC1)NC(=O)C2=CCCCC2
XS577825b,CCC=1C=C(NN1)C(=O)N2CCCC(C2)C3=NC(=CN3C)C(F)(F)F
XS389242b,O=C(NC(CC=1C=CC=CC1)C(=O)NC=2C=CC=NC2)C3=CC=CS3
XS558142b,CC1=NN(C=2C=CC=CC2)C=3SC(=CC13)C(=O)NC4CCN(C)C4=O
XS839839b,CC1=NN(C)C(C)=C1C(NC(=O)C=2C=NN3N=CC=CC23)C(F)(F)F
XS841958b,CC1=NC(=C(CN2C(=O)CC3(CCSC3)C2=O)S1)C(F)(F)F
XS848208a,CC=1C=C(N2CCCC(C2)N3CCCC3)N4N=C(N=C4N1)C(F)(F)F
XS330354b,CC(OC=1C=CC=C(C1)CO)C(=O)N2CCC(CC2)NC=3C=CC=NN3
XS129043c,CC(=O)NC(CC(=O)NC1=NC=2C=CC(C)=CC2S1)C=3C=CC=CC3
XS836637b,N#CC=1N=CC=C(N1)N2CCC3(CC2)OCCC3NC(=O)C=4C=CON4
XS796424b,O=C(NC1CCCN(C1)C=2N=CC=CN2)C3(CC3)C=4C=CC(Cl)=CC4
XS848201a,CC=1C=CC(=CC1)CNC(=O)C(C)N2CCN(CC2)C(=O)C3=CC=CO3
XS841688b,CC=1C=NN(C1)C=2C=CC=C(N2)N3CCCC(C3)C=4OC=NC4C(=O)O
XS848207a,CCC1=CC(=NN1C)C(=O)N2CCCC(CC2)NC=3C=CC=C(C3)CC
XS848205a,CC(C)CCC(C)NC(=O)CS(=O)(=O)CC=1C=CC(=CC1)C(C)C
XS839366b,NC(=O)C1CC(=O)NCCN1C=2N=CN=C3C(Br)=CNC23
XS848216a,CC=1C=C(C(=O)N2CC(C)(C)C2C3=NC=CN3CC=4C=CC=CC4)N(C)N1
XS840571b,CN(C)C=1C=CC2=CC(=CC=C2N1)NC(=O)C3CC(=NO3)C=4C=CN=CC4
XS636401b,CC1=NOC(CC2(O)CCCN(CC3=NN=C(C4CC4)N3C5CC5)C2)=N1
XS848215a,CC(NC(=O)C=1C=CC=CC1)C(=O)NCC=2C=CC=CC2CN3C=CC=N3
XS848210a,CC1OC=2C=CC(=CC2NC1=O)NC(=O)CN3C(=O)C=4C=CC=CC4C3=O
XS848220a,CC(NC(=O)CC=1C=CC=2OCCOC2C1)C=3C=CC(=CC3)N4C=CN=C4
XS848218a,COC=1C=CC=CC1C(C)NC(=O)C=2C=CC(=CC2)S(=O)(=O)N(C)C
XS848224a,CC(=O)N1CCN(CC2=NC=3SC=4CC(C)CCC4C3C(=O)N2)CC1
XS848226a,O=C(NCC=1C=CC(=CC1)OC(F)F)C2CC(=O)N(CC3=CC=CO3)C2
XS848222a,COC=1C=C2CCN(CC(O)COCC=3C=CC=CC3)CC2=CC1OC
XS070395b,CN1C=CN=C1C(NC(=O)NC=2C=CC=C(Cl)C2)C=3C=CC=C(F)C3
XS836531b,CC=1C=CC(=NC1)OC=2C=CC(=CC2)C(=O)N3CC(CS(C)(=N)=O)C3
XS848214a,CC(=O)NC=1C=CC(=CC1)C(=O)OC(C)C(=O)NC=2C=CC(Cl)=CN2
XS848211a,CC=1OC(=NC1CC(=O)N2C=3C=CC=CC3N(C)CCC2C)C4=CC=CO4
XS848213a,CC(=O)NC=1C=CC(=CC1)OC(C)C(=O)NC=2C=C(Cl)C=C(Cl)C2
XS562723b,CC1=NOC(=N1)C2CC(=O)N(C2)C3CN(C3)C(=O)C=4OC=CC4C(C)C
XS838293b,CC=1C=CC=C(C(=O)N2CC(CC(C)NC(=O)CC=3N=CNN3)C2)C1F
XS848212a,O=C(C=1C=CC=CC1Cl)N2CCCC2C=3C=CC=4OCCCOC4C3
XS848225a,O=C(NC=1C=CC=CC1OC=2C=CC=CC2)C3CC(=O)N(C3)C4CCCC4
XS730063b,CC1=NN(C)C(C)=C1CCC(=O)N2CCN(CC2)C(C)C(=O)NC3CC3
XS848219a,CN(CC1COC=2C=CC=CC2O1)C(=O)CN3C=NC=4C=CC=CC4C3=O
XS848217a,CCCC(C)NC(=O)C=1C=CC(Cl)=C(C1)S(=O)(=O)NC(C)(C)C
XS837003b,O=C(NC=1C=CC=C(C1)CC(F)(F)F)NC=2C=CC(=NN2)C3CCOC3
XS848223a,CC(C)CCC(C)NC(=O)CS(=O)(=O)CC=1C=CC(F)=CC1Cl
XS848221a,COC=1C=CC(=CC1)C2CCCN2C(=O)C=3C=NC=C(Br)C3
TD001572e,CC=1C=C(C)C=C(C1)C(=O)N2CCCC(C2)C(=O)N(C)C3=NC=CS3
XS737273b,COC=1C=CC=C(C1)NC(=O)NCC=2C=CC=C(C2)NC(=O)C3CCCO3
XS848239a,CC=1C=CC(=CC1)NC(=O)NCC(O)COC=2C=CC=C(C2)C(F)(F)F
XS837774b,C=CCOC(C)CNC(=O)C1(C)CCN(CC1)C=2C=CC(Cl)=CC2C#N
XS836958b,CC=1C=C(C=CC1F)N2C=C(COC(=O)C3CCC=4N=NN(C)C4C3)N=N2
XS837642b,CC(=O)NC(C)C1=CC=C(S1)S(=O)(=O)NC=2C=CC(F)=CC2C#N
XS848234a,COCC1=CSC(=C1)C(=O)N2CCC=3NC=NC3C2C=4C=CC(F)=CC4
XS841620b,CN1C(CO)=NN=C1C2CCCN(C2)C=3N=CC(=CN3)OC=4C=CC=CC4
XS848227a,O=C(NC=1C=CC=CC1CN2CCCC2=O)NC3CCC=4C=CC(F)=CC43
XS495038b,CCN1N=NC=2C=C(C=CC21)C(=O)N3CCNCC3C=4C=CC=C(Cl)C4
XS848229a,CC1CN(C(=O)C2=CN=C(S2)C=3N=CC=CN3)C=4C=C(Cl)C=CC4O1
XS848241a,CC1=CC(=NO1)NC(=O)C(C)NC=2C=CC(=CC2)CCN3CCSCC3
XS583183b,CC(C)C(NCC=1C=CC(=NC1)N(C)C(C)C)C=2C=CC=3OCCOC3C2
XS848232a,COC=1C=CC(=CC1)N2C=CN=C2SC(C)C(=O)NCC=3C=CC=CC3
XS848238a,COC(=O)C=1C(CNC(=O)C(N)C=2C=C(C)C=C(C)C2)=NN3CCCCC13
XS848231a,CC=1C=C(Cl)C=CC1OCC(=O)OCC(=O)N2C=3C=CC=CC3CC2C
XS848237a,CC(=O)N1CC(OC=2C=CC=CC21)C(=O)NC=3C=CC=C(Br)C3
XS838478b,CC1=NN(C)C=2CCC(CC12)NC(=O)NC=3C=CC=4C5=CC=CC=C5CC4C3
XS841883b,O=C(NC(C=1C=CC=CC1)C(F)F)N2CCC3(CCC3)S(=O)(=O)CC2
XS848230a,CC1=NOC(=N1)C=2C=CC=CC2C(=O)N3CCC4(C3)C(=O)NC=5C=CC=CC54
XS848233a,CC=1C=CC(=CC1)C(CC(=O)O)NC(=O)C=2C=CC=C(C2)CS(C)(=O)=O
XS848236a,CCC(CC)C(NC(=O)CN1C=NC2=C(C=NN2C)C1=O)C3=CC=CS3
XS841952b,CC1CN(CCN1C(=O)COC(F)F)C(=O)C=2C(F)=CC=C3OC=CC23
XS848228a,CC(NC(=O)CN(C)CC=1C=CC=CC1N2CCOCC2)C=3C=CC=CC3
MR045205b,CC(NC(=O)C1CCC1)C(=O)NCC=2C=CN=C(C2)OC=3C=CC=CC3F
XS848240a,CC(=O)N(C)C=1C=CC(=CC1)NC(=O)C=2C=CC(=CC2)OCC3CCCO3
XS848249a,O=C1C=2C=CC=CC2NC(C3=CNN=C3C4=CC=CS4)N1CC5=CC=CO5
XS842517b,O=C(N1CCCC(C1)S(=O)(=O)NC2CCCC2)C(F)(F)C3(O)CCC3
XS167058d,COC=1C=C2CCN(CC2=CC1OC)C(=O)C3COC=4C=CC(Cl)=CC4C3
XS840674b,COC=1C=CC(OC)=C(C1)C2SCCN2S(=O)(=O)C=3C=CC=C(C)C3
XS848251a,COC=1C=CC=C(C1)CN(C)C(=O)C=2CC(C(N)=O)N(N2)C=3C=CC(F)=CC3
XS848252a,COC=1C=CC=C(C1)C(CNC(=O)C(=O)C2=C(C)NC=3C=CC=CC23)N(C)C
XS842258b,O=S(=O)(C=1C=CC=2CCCC2C1)N3CCCC(C3)C4=NN=C5C=CC=CN45
XS825811b,CCCNC(=O)C1CN(C(=O)C2=CN3C(C)=CC=CC3=N2)C=4C=CC=CC4O1
XS838481b,COC=1C=CC=CC1C2=NN=C(CC(=O)N3CC=4C=CC(F)=CC4CC3C)O2
XS848254a,CC=1C=CC(=CC1)C2=NOC(CS(=O)(=O)C(C)C(=O)NC3CCCC3)=N2
XS848243a,CN(CC=1C=CC=CC1)C2CCCN(CC3=NC=4C=CC=CC4C(=O)N3)CC2
XS848253a,CC1=NC2=C(C#N)C=NN2C(C)=C1CCC(=O)NC(C)C3=CC=4C=CC=CC4O3
XS848246a,CC(CNC(=O)COC(=O)CC1=NNC(=O)C=2C=CC=CC12)C=3C=CC=CC3
XS848248a,CC=1C(Cl)=CC=CC1NC(=O)C(C)N2CCC(CC2)C(=O)N3CCCC3
XS848256a,CC1=CC(=CC(F)=C1)C(=O)NC2CN(CC32CC3)C(=O)C=4C=CC(CO)=NC4
XS839014b,CC(C)N1N=NN=C1C=2C=CC=C(C2)NC(=O)NCC3CN(C(=O)O3)C4CC4
XS782835b,CC1=C(C=NN1C=2C=C(C)C=CC2C)NC(=O)N3CCNC(=O)C3CC(C)C
XS848250a,CC(CC1=NC(=NO1)C=2C=CC=CC2)NC(=O)N3CCCC4=C(C=NN4C)C3
XS557502b,CCC1CN(C=2C=CC=CC2O1)S(=O)(=O)C=3C=CC4=C(C3)CCN4C(C)=O
XS848242a,NS(=O)(=O)C=1C=CC(=CC1)CNC(=O)C2COC=3C=CC(Cl)=CC3C2
XS848247a,CN1C(=O)CN(C1C=2C=CC=CC2)S(=O)(=O)C=3C=CC=4NC(=O)CCC4C3
XS837218b,COCC(NC(=O)NC1(CCCC1)C=2C=CC=3OCCOC3C2)C4=CC=CO4
XS848257a,CC(NC(=O)CCN1C(=O)OC=2C=CC=CC21)C=3C=CC(=CC3)N4C=CN=C4
XS848255a,CCNS(=O)(=O)C=1C=CC(F)=C(C1)C(=O)NC2CCOC=3C=CC=CC32
XS848245a,CNC(=O)NC(=O)C(C)OC(=O)C=1OC=2C=CC(Br)=CC2C1C
XS848244a,CCC1=NN(C)C(CC)=C1CNC=2C=CC(=CC2)C3(CC)CCC(=O)NC3=O
XS839139b,COC(=O)C(NC(=O)CN1N=NC=2C=CC=CC21)C=3C=CC(OC)=C(Cl)C3
XS848265a,CN1CCN(CC(NC(=O)C2=CSC(=N2)C=3C=NNC3)C=4C=CC=CC4)CC1
XS552119b,CC=1C=CC(=CC1)C2CCCCN2S(=O)(=O)C=3C=NN(C3)C4CCOCC4
XS848258a,O=C(CN1CC(CCN2CCCC2=O)C=3C=CC=CC31)NC=4C=CC=C(Cl)C4
XS836492b,O=C(C1=C(N=C2C=NC=CN12)C(F)F)N3CCOCC3C=4C=C(F)C=C(F)C4
XS336027b,O=C(NC1CCC2=NC(=CN2C1)C=3C=CC(F)=CC3F)C4=COC(=N4)C5CCC5
XS440172b,CC1=NN2CC(CCC2=N1)NC(=O)NC=3C=CC(C)=CC3OCC=4C=CC=CC4
XS337639b,O=C(C1=CSC(=N1)C=2C=NN(C2)C=3C=CC=CC3)N4CCC5(CNC(=O)C5)C4
XS836826b,CC(COC=1C=CC=C(F)C1)NC(=O)C=2C=CC(=C(C2)[N+]([O-])=O)S(N)(=O)=O
XS841414b,O=C(CN1N=CC=2C=CC=CC21)N(CC(F)(F)F)C3CCCC=4C=CC=NC43
XS648981b,CCN(CC=1C=CN=CC1)C(=O)NCC(C2=CNC=3C=CC=CC23)C=4C=CC=CC4
XS602204b,COC=1C=CC(=CC1)CN(CC=2C=CC(=CC2)SC)C3CCS(=O)(=O)C3
XS839664b,COC=1C=C2CCCNC(=O)C2=CC1S(=O)(=O)NC(C3CC3)C4(O)COC4
XS848259a,O=C(C=1C=NN(C1)C=2C=CC(F)=CC2F)N3CCCC(C3)N4CCCCCC4
XS837648b,OCC1(CCC=2C=C(Br)C=CC21)NCC=3C=CC(=CC3)N4C=NC=N4
XS838155b,CCC=1C=CC(=CC1)C(C=2C=CC=NC2)N(CC)C(=O)C3=CN4CCOCC4=N3
XS838101c,COC(=O)C=1C=C(C)C=2C=C(NC2C1)C(=O)NC3CCN(C3)C4=CC(C)=NN4C
XS848262a,COC1=CC=CC2=C(C=NN12)C(=O)N3CCC4(CC4NC(=O)C5=CCCC5)CC3
XS848264a,COC=1C=C(C=CC1OCC2CCCO2)CNC(=O)CC=3C=CC=CC3Cl
XS012456d,COC1=CC(=CC(OC)=C1OC)CC(=O)N2CCN(CC2)C(=O)C3CCCO3
XS848260a,CC(OC(=O)C=1C=CC(=CC1)N2C(=O)CCC2=O)C(=O)N3CCC=4C=CC=CC43
XS848268a,CC(C)C(NC(=O)C=1C=CC=C(C1)S(=O)(=O)NC2CC2)C=3C=CC(F)=CC3
XS848263a,O=C1C=2C=CC=C(C2CN1C3CCC(=O)NC3=O)N4C=C(N=N4)C5CCCCC5
XS848267a,CC=1C=CC(Cl)=CC1N2CCN(CC(=O)NC3(C)CCS(=O)(=O)C3)CC2
XS848261a,CC(OC(=O)C=1C=CC=CC1S(C)(=O)=O)C(=O)NC=2C=CC(=CC2)C(N)=O
XS837893b,CC1=C(C(=O)N2CCC=3C(Br)=CC=CC3C2)C(C)N4N=NN=C4N1C
XS572626b,CC=1C=C(NC(=O)CN(CC=2C=CC=C(F)C2)C3CC3)N(N1)C4CCS(=O)(=O)C4
XS848276a,CCC=1C=CC=CC1N2CC(CC2=O)C(=O)N3CCN(CC3)C=4C=CC=C(C4)OC
XS848281a,COC=1C=CC(C(=O)NCC(C=2C=CC=CC2Cl)N3CCCC3)=C(OC)C1OC
XS555434b,CC1=NC=2CCCC(C2S1)N(C)S(=O)(=O)C=3C=C(C)C=CC3Br
XS848278a,CCOC=1C=CC(=CC1)S(=O)(=O)NCCC(=O)NC(C)C=2C=CC=C(Cl)C2
XS848270a,CN(C(=O)C=1C=CC(=CC1)C(=O)NC=2C=NN(C2)CC3CCCO3)C=4C=CC=CC4
XS848269a,COC=1C=C(C=CC1OC(F)F)CN(C)C(C)C(=O)NC=2SC=CC2C(N)=O
XS437067b,CCN(CC1=NC=2C=C(Cl)C=CC2C(=O)N1)CC(O)COC=3C=CC(F)=CC3
XS848271a,CCOC=1C=CC(=CC1OC)C(=O)OC(C)C(=O)NCC=2C=CC=3OCOC3C2
XS848284a,C#CC(C)(C)C(=O)NCCCC=1C=CC=2C(=O)N(C(=O)C2C1)C3CCC(=O)NC3=O
XS848282a,O=C(NCC=1C=CC(=CC1)CN2C=CN=C2)C3CC(=O)N(C3)C=4C=CC=5CCCC5C4
XS848285a,CN1C=C(C=N1)N(C(=O)C=2C=CC=CC2)C(C(=O)NC3CCCCC3)C=4C=CC=CN4
XS848283a,CCN(CC)S(=O)(=O)NCC=1C=CC=2CN(C(=O)C2C1)C3CCC(=O)NC3=O
XS848274a,CC=1C=C(N2CCCC(C2)C(=O)N3CCOCC3)N4C(=NC=5C=CC=CC54)C1C#N
XS848280a,CN(CC(=O)NCC(C=1C=CC=CC1)N2CCCC2)S(=O)(=O)C=3C=CC(F)=CC3
XS848279a,O=C(NC=1C=CC(=CC1)OCC=2C=CC=CC2)C3CC(=O)N(CC=4C=CC=CC4)C3
XS848273a,COC=1C=C(C=C(C1)C=2CC(C=3C=CC(Cl)=C(F)C3)N(N2)S(C)(=O)=O)OC
XS838804b,CNC(=O)C1=CC=C2C(C)N(CCN12)C(=O)CN3CCN(C)C=4C=C(F)C=CC43
XS837611b,COC=1C=C2CCN(CC2=CC1C)C(C(=O)O)C=3C=CC(F)=C(Br)C3
XS839016b,O=C(CC1CC2(CC2)CO1)NC3(CCCCC3)C(=O)NC=4C=C5COCCN5N4
XS848272a,CC=1C=CC(=CC1)OCCC(=O)OC(C)C(=O)NC=2C=CC(=CC2)S(N)(=O)=O
XS848275a,CC(C)(C)C=1C=C(NC(=O)CSCC=2C=CC=CC2)N(N1)C3CCS(=O)(=O)C3
XS848277a,CCN(CC)S(=O)(=O)C=1C=CC(=CC1)NC(=O)CN(C)C2CCC=3C=CC=CC32
XS848290a,CN1N=CC(C(=O)NC2CC3(CCN(C)CC3)OC=4C=CC=CC42)=C1CC=5C=CC=CC5
XS841630b,COC=1C=CC=C(C1)C2=CCN(C2)C(=O)C(C)(NC(C)=O)C=3C=CC(=CC3)S(C)(=O)=O
XS842121b,CC(CN(C)C(=O)C=1C=CC(=CC1N)S(C)(=O)=O)OC=2C=CC(Cl)=C(Cl)C2
XS848298a,COC(=O)CC1C(=O)NCCN1C(=O)CSC2=NN=C(O2)C3=CNC=4C=CC=CC34
XS848300a,CC1=CC(C)=NN1C=2C=CC(=CC2)CC(=O)N3CCCC3C=4C=CC=5OCCCOC5C4
XS848289a,O=C(C1CCCC=2NN=CC21)N3CCCN(CC3)S(=O)(=O)C=4C=CC=5OCCOC5C4
XS841609b,CC=1C=C(NC(C2=NC(=NO2)C3=NN=CN3)C(C)(C)C)N4N=C(N=C4N1)C(F)(F)F
XS842682b,CC1CC=2C=C(C=CC2N1S(C)(=O)=O)C3=CSC(CC4=CN5C=CC=CC5=N4)=N3
XS836479b,CN1C=C(C(=O)NC(C=2C=CC=C(F)C2)C=3C=CC=C(Br)C3)C(=O)N(C)C1=O
XS848288a,CCN(CC)C(=O)C=1C=CC=C(C1)NC(=O)C2CCCN(C2)S(=O)(=O)C3=CC=CS3
XS838098b,CC=1N=C2C=CC(Cl)=CC2=CC1C(=O)NCC=3C=CC(=NC3)N4CCCCC4CCO
XS838237b,CC1(C)CC(=C2C(C1)=NN(C=3C=CC=CC3)P2(=S)NC=4C=CC=CN4)N5CCCC5
XS840387b,CCC(C)C=1C=CC(=CC1)S(=O)(=O)N2CCN(CC3=CC(=O)N(C)C(=O)N3C)CC2
XS848294a,CC(=O)N1CCC(CC1)C(=O)NCC(C2=CNC=3C=CC=CC23)C=4C=CC=CC4Cl
XS838968b,CC=1N=C(OC1C=2C=CC(Cl)=CC2)C(C)N3CCN(CC4=NOC(=N4)C5CC5)CC3
XS838868b,CCCNC(=O)C(C=1C=CN=CC1Br)N(CC)CC=2C=CC=C3OCOC23
XS848296a,CN1C(CNC=2C=CC=C(C2)C(=O)NC(CO)C=3C=CC=C(F)C3)=NN=C1C=4C=CN=CN4
XS848291a,CC(C)CC(C(=O)N1CCN(CC2=NC=3C=CC=CC3C(=O)N2)CC1)N4C(=O)C=5C=CC=CC5C4=O
XS848293a,COC=1C=CC=C(C1)N2CC(CC2=O)C(=O)N3CCCN(CC3)S(=O)(=O)C=4C(C)=NOC4C
XS848295a,COC=1C=CC(=CC1S(=O)(=O)N2CCCCC2)NC(=O)CN3C=4C=CC=CC4CC3C
XS848292a,CCN(CC)C(CN1C(=O)NC=2C=C(C=CC2C1=O)C(=O)OC)C=3C=CC=C(C3)OC
XS848297a,O=C(C1=CC(=NN1C=2C=CC=CC2)C3CC3)N4CCN(CC4)C(=O)C5COC=6C=CC=CC6O5
XS848299a,O=C(NCC=1C=CC=CC1F)C=2C=CC=C(C2)NC(=O)N3CCCC(C3)N4CCCC4
XS848301a,COC=1C=CC(=CC1)C(CN2CCN(C)CC2)NC(=O)C3=CSC(=N3)C=4C=NNC4
XS848287a,CC1=NC2=C(C#N)C=NN2C(C)=C1CCC(=O)NC(CC(C)C)C(=O)N3CCC(O)CC3
XS776866b,CC(C)CN1CC(CC1=O)C(=O)NCC2(CCOCC2)C=3C=CC(Br)=CC3
XS839553b,CC(NC(=O)C1=CSN=N1)C(C)(F)F
XS837753b,O=C1C=CC(F)=CN1CC2CCCOC2
XS838468b,CC=1C=NN(C)C1NC(=O)C2CC=3C=CC=CC32
XS848305a,CC1=C(C=NN1C)C(=O)NC(C)C2=CC=CS2
XS848308a,CC1=CSC(=N1)NC(=O)C2CCCNC2
XS848307a,CCC(C(=O)N1CCC(N)CC1)C=2C=CC=CC2
XS848310a,O=C(NC1CCCCNC1=O)C=2C=CC(=O)NN2
XS848313a,O=C(NCC=1C=CC=CC1F)C2CCCN2
XS836846b,O=C1OCCC1NC=2C=CC=3OCCCC3C2
XS838384b,OC=1C=NC(=NC1)NCCOC2CC2(F)F
XS841789b,CC1=NN(CC2CCCC3(CC3)C2)C(=O)N1C
XS842597b,CC1NC(=O)C2(CCCC2)NC1=O
XS848311a,CC(O)CNC(=O)C1=CC=2CCCCC2S1
XS841878b,CC(CNC=1C=CC(C#N)=CC1)C2=NC=CS2
XS842170b,O=C(N1CCCC1CF)N2CCOCC2
XS058644c,CCOC=1C=CC(=CC1)NC2CCCCNC2=O
MT289386b,CN1C(=NC=2C=CC=CC21)C3CCCN3
XS848303a,CCC(N)C(=O)NC=1C=CC=2CCCC2C1
XS041621c,O=C(O)C1CCCCN1CC=2C=CC=C(F)C2
XS848302a,CNCC(=O)N1C=2C=CC=CC2NC(=O)CC1C
XS842716b,CC=1C=C(F)C=CC1NC(C)CC2=CC=NO2
XS667143b,CC=1C=CC(=CN1)NC(=O)N2CCC(C2)C3CC3
XS840191b,CNS(=O)(=O)N1CCC(C)C(F)(F)C1
XS848309a,CC1=NOC(=N1)C(C)SC=2N=C(C)C=C(N)N2
XS848304a,CCC(C)NC(=O)C=1C=C(ON1)C2CC2
XS848312a,CCC(C)NC(=O)C1=CC=2C=CC=CC2C(=O)N1
XS848306a,O=C(NCC=1C=CC=CC1)C2CCCO2
XS837287b,CC(C(=O)N(C)CC(F)F)C=1C=CC(=CC1)N(C)C
XS848318a,CN1C=CC=C1C2COCCN2C(=O)C=3C=CC=NC3
XS848315a,CNC(=O)CCN(C)C(C)C1=NC(=NO1)C(C)C
XS848323a,NC1CCCN(C1)C(=O)C=2C=C(Cl)C=CC2Cl
XS848325a,CC=1C=C(C)C=C(C1)C(=O)N2CCCC(C2)C(=O)O
XS729062b,NC1CCCN(C1)C(=O)C=2C=CC(=CC2)OC(F)F
XS637235b,CCC(C)NC(=O)NC=1C=NN(C1)C=2C=CC=CC2
XS836734b,CC1=CC(C(=O)NNC(=O)C2CC=CCC2)=C(C)O1
XS848317a,CC(C)(C)NC(=O)N1CCCCCC1C2=CC=CO2
XS841394b,CC(NS(C)(=O)=O)C(=O)NC1(CC1)C2(C)CC2
XS838106b,CC(C)N1C(=O)CC(NC=2N=CC=NC2F)C1=O
XS848322a,CCCC(C)N(C)CC1=NC(=NO1)C=2C=CC=NC2
XS848316a,CCNC(=O)N(C)C1CCCC=2N=C(C)SC21
XS848321a,CCC(C)NS(=O)(=O)C=1C=CC(OC)=C(C)C1
XS725051b,CCN(CC=1C=CC(OC)=C(F)C1)C(=O)CC(C)N
XS848314a,N#CC=1C=CC(=CC1)OCCN2CCCC2C(N)=O
XS848324a,CC(OC=1C=CC(C#N)=CC1)C(=O)NC=2C=CNN2
XS578246b,COC=1C=CC=CC1CN(C)C(=O)C2CSCN2
XS848319a,O=C(NCC=1C=CC=NC1N2C=CN=C2)C3CCCO3
XS757383b,CC1C2=CC=CN2CCN1C(=O)C=3C=CC=C(C#N)C3
XS605996b,CC=1C=C(ON1)C(=O)N2CC(C)OC=3C=CC=CC32
XS842302b,C#CCC(NC(=O)C=1C=NC2=CC=CC=C2N1)C(N)=O
XS730713b,CNC1CCCN(C1)C(=O)C=2N=CC=C3C=CC=CC23
XS848320a,CC(C)C(C)NC(=O)NC=1C=CC=CC1CC(N)=O
XS842554b,CC(NC(=O)NC1=NN=CS1)C=2C=CC(C#N)=CC2
XS400381b,CC1=NC(=CS1)CCNC(=O)C2CCC(=O)NC2
XS848328a,O=C(NC1CCOC2(CCC2)C1)C=3C=CC=4C=CNC4C3
XS842062b,CC1=CN=C(S1)C(C)NC(=O)C=2C=C3CCCN3N2
XS848335a,O=C(C1CC(=O)N(CC2=CC=CO2)C1)N3CCCCC3
XS837384b,OCC=1C=C(F)C=CC1NCC2CCCC(F)(F)C2
XS588503b,CCC1C(=O)NCCN1C(=O)CSC=2C=CC=CC2
XS848338a,COC=1C=CC(=CC1)CNC(=O)C(NC(C)=O)C(C)C
XS848327a,O=C(C1=CSC=N1)N2CCCC2CCC=3C=CC=CC3
XS848331a,CNC(=O)NC1CN(C1)C(=O)C(C)C=2C=CC=C(C)C2
XS839711b,CC(C(=O)N(C)C1=CC=NN1C)C2=CC=C(Cl)S2
XS848339a,CC(C)OC=1N=CC=CC1CNC(=O)CC2C=CCC2
XS682057b,COC=1N=CC=CC1NC(=O)C2COC=3C=CC=CC3C2
XS698873b,CC1=NNC=C1CNC(C)C=2C=CC=C(C2)OC(C)C
XS848336a,CC1C=2C=CSC2CCN1CC3=NC(=NO3)C4CC4
XS848329a,CC=1C=CN=C(N1)NC2CCCN(C2)C3=NC=CNC3=O
XS582843b,CC(=O)N1CC(C1)C(=O)NC2CCC=3C(O)=CC=CC32
XS176626b,CC1C2=CC=CN2CCN1CCC(=O)NC=3C=CC=CC3
XS482787b,O=C(O)C=1C=CC(=NC1)N2CCC(CC=3C=CC=CC3)C2
XS848330a,CC1CC=2C=CC=CC2N1C(=O)CSC=3N=CC=CN3
XS848333a,CNC1CCCN(C1)C(=O)CCC=2C=CC=CC2Cl
XS848340a,CN1C(CN2CCCC(O)C2)=NC=3C=C(Cl)C=CC31
XS848326a,O=C(C1CCNC1)N2CCN(CC2)C=3C=CC=CC3F
XS848332a,NC(=O)C1CCCCN1CC2=CC(=NO2)C=3C=CC=CC3
XS838707b,COC(=O)C1CN(CC=2NN=CC21)C=3N=CC=NC3F
XS848337a,CCCC(C)NC(=O)C=1C=NN(C1C)C=2C=CC=C(C)C2
XS848341a,CCN1C=C(C=N1)NC(=O)NC(C)C(=O)NC(C)(C)C
XS848355a,CC1=CC(=NO1)NC(=O)NC(C)C(=O)NCC(F)(F)F
XS837340b,CC=1C=C(C=C(C#N)N1)NCC2(O)CCCS(=O)(=O)C2
XS848345a,CC1=NOC(=N1)C2CCCN(C2)C=3C=CN=C(N3)C(C)C
XS837510b,COC1CC=2C=CC(=CC2C1)NC3=CC(C)=NC4=NC=NN34
XS848349a,O=C(NCC1CCCCC1(F)F)C2=CC=CC3=NC=CN23
XS848347a,CC(C(=O)NC1CC1)N2C=NC3=C2C(=O)N(C)C(=O)N3C
XS848357a,COC=1C=CC(=CC1)CCN2CCN(CC2)C(C)C(N)=O
XS841034b,COC(=O)C=1OC(=CC1C)CN(C)C(C)C=2C=CC=NC2
XS848351a,CC1=NOC(=C1C(=O)NCC(C)N2CCOCC2)C(C)C
XS848342a,CC1=CC(=NO1)NC(=O)C(C)SC=2C=CC(C)=CC2C
XS154265c,CC1=NOC(CN(C)C(C)C2=NC=3C=CC=CC3S2)=N1
XS426774b,CCN1CCOC(CNC=2N=CC=C(N2)C(F)(F)F)C1
XS848354a,O=C(NCC1CC=2C=CC=CC21)NC=3C=CC=4OCOC4C3
XS848356a,CC1=NOC(=N1)C2CCCN(C2)C(=O)NC3CCCCC3
XS838444b,ClC=1C=CC(=NC1)N2C=C(N=N2)C3CC43CCNCC4
UB028314b,NC(CNC(=O)C1=CNC=C1C=2C=CC(F)=CC2)C3CC3
XS839828b,CC1=CC=C(O1)C2CCCN2C=3C=NC=C(N3)OCCO
XS848348a,OC1CCCN(C1)C=2C=CC3=NN=C(N3N2)C(F)(F)F
XS848346a,COC=1C=CC=CC1CC2CCCN2C(=O)CNC3CC3
XS836625b,C#CC=1C=NC(=NC1)NCCC(C(F)F)N2CCOCC2
XS848350a,COC=1C=CC=2CCCC(CC2C1)NC=3C=C(C#N)N=CN3
XS848343a,CC(C)(C)C1=NN=C(CN2CCCC2CN3C=NC=N3)O1
XS676722b,O=C(NC=1C=CC(=CC1)OCC2CCCO2)C3CCCC3
XS848344a,CC=1C=CC=C(C1)C2=NOC(CNC(C)CN3C=CC=N3)=N2
XS848353a,CCC=1C=CC(=CC1)NC(C)C(=O)N(C)CC=2C=CC=CC2
XS390039b,OC(COC=1C=CC=CC1)CN2CCC(CC2)C=3C=NNC3
XS549553b,CCC1=CN=C(CN2N=C(C)C(=C2C)C3COCCN3C)O1
XS842010b,CCC(NC(=O)C=1C=NN2C(=CC=CC12)OC)C(F)(F)F
XS848367a,CCCNC(C)C(=O)NC=1C=CC=2CCCN(C(C)=O)C2C1
XS839907b,CNC=1N=C(C)C=C(N1)C(=O)N2CCN(C3CC3)C(C#N)C2
XS839400b,CC(C)N1C=NC(=C1)CNC(C)C=2C=C(NN2)C(F)(F)F
XS848361a,CC=1C=NN(C1)CC2CCCCN2C(=O)C=3C=CN=C(C)N3
XS740764b,CC1=CSC=C1NC(=O)N2CCN(C)C(C2)C3=NC=CN3
XS848364a,CC(SC1=NN=C(O1)C2CCCCC2)C(=O)NC(N)=O
XS848360a,CC=1C=CC(=CN1)CC(=O)N2CCCCC2CN3C=CC=N3
XS848362a,CC=1C=CC=2NN=C(C(=O)N3CCN(CCO)C(C)C3)C2C1
XS848359a,CN1N=C(C=CC1=O)C(=O)N2CCCC(C2)C3=NC=CS3
XS839618b,CCN(CCOC=1C=CC=CC1)C(C)CS(=O)(=O)CC
XS848358a,COC=1C=CC(=CC1OC)S(=O)(=O)NC2CCCNC2
XS848369a,O=C(NCC=1C=CNN1)NCC(C2=CC=CO2)N3CCCC3
XS788972b,CC1CCCCN1C(=O)CCNC(=O)C=2C=CC(=O)N(C)C2
XS848363a,CC=1C=CC(=CC1)C2=CN=C(CCC(=O)OC(C)C(N)=O)O2
XS661424b,COC=1C=C(C)C(=CC1C)S(=O)(=O)NCC2CCCO2
XS848370a,CC1=NN(C)C(C)=C1NC(=O)C(C)SC=2C=CC(C)=CC2
XS837166b,COC=1C=CN=C(N1)NNC(=O)C2CCCC=3C=CC=CC32
XS837325b,CC1=NC2=C(CCCC2C3=NC(=NO3)C=4N=CC=CN4)S1
XS653391b,CN(C)S(=O)(=O)NC1CCN(C1)C=2C=CC(F)=CC2F
XS848366a,CCN1C=C(C=N1)C(=O)N2CCCC(CC3=NC=CS3)C2
XS838450b,CN1CCC(OC(=O)C=2C=CC=C3N=C(O)C(O)=NC23)C1=O
XS848368a,NC(=O)C1CCN(C1)C(=O)C2=CC=C(O2)C=3C=CC(F)=CC3
XS848365a,CCS(=O)(=O)N1CCC(CC1)NC(=O)C2CC=CCC2
XS837656b,COCC(CS(=O)(=O)C=1C=C(C)C=NC1OC)C(C)C
XS848381a,CC=1C=CC(=CC1)CC(=O)N2C=3C=CC=CC3CC2CC(=O)O
XS840855b,COC=1C=CC=CC1CC(C)N(C)C=2C=CC3=NC=CN=C3N2
XS842194b,ClC=1C=C(C=C2OCOC12)C3=NC(=NO3)C4COCCN4
XS840749b,CC1=CC=C(CC(C)NC(=O)CC=2C(C)=NOC2Cl)S1
XS848371a,O=C(C1CC=2C=CC=CC2O1)N3CCN(CC3)C=4N=CC=CN4
XS848372a,CC1CN(C)C=2C=CC=CC2CN1C(=O)NCC=3C=CN=CC3
XS848374a,NC=1N=C(N=C2C=CC=CC12)NC3CCOC4(CCCCC4)C3
XS848379a,CCC(C)NC(=O)CSC1=NC=2C=CSC2C(=O)N1C
XS839735b,CC1=CC(=NO1)OCC(=O)N2CCCCC2C3=NC=CS3
HL003866b,O=C(C1=CC=2C=CC=CC2C(=O)N1)N3CCC4(CNC(=O)C4)C3
XS848373a,N#CC=1C=C(N=C2C=CC=CC12)NCC(O)CN3CCOCC3
XS848377a,CN1C=C(C=N1)C(=O)NC(C2=NC=CN2C)C=3C=CC=C(F)C3
XS713227b,CC=1C=C(N=C(C)N1)N2CCCC2C=3C=CC=4OCCOC4C3
XS848380a,COC=1C=CC(=C(C1)OC)C2CCCN2C=3C=C(C)N=C(C)N3
XS848385a,COC=1C=CC(=CC1)C2CCN(C2)C(=O)CC=3C=CC=C(F)C3
XS841985b,CC=1C=CC2=C(N1)OCCN2S(=O)(=O)CC3CCCCO3
XS848378a,CCOC=1C=CC=CC1C(=O)OCC(=O)NCC2CCCO2
XS842640b,CC1=NNC=2N=CC(=CC12)CNC3CCSC=4C=CC=CC43
XS839476b,COC1=NN2C=CC=NC2=C1C=3C=CC(=CC3)C4CCC(=O)N4
XS848376a,CCC(OC(=O)C=1C=CC=CC1F)C(=O)NC=2C=C(C)ON2
XS333340b,CC1=NN(C)C=2N=CC(=CC12)NC(=O)C(N)CC=3C=CC=CC3
XS848375a,CC1CC=2C=CC=CC2N1C(=O)C=3C=CC=4NC(=O)CCC4C3
XS848384a,COC=1C=CC(C)=CC1CN(C)C(=O)C(NC(C)=O)C(C)C
XS848382a,CC=1C=CC(Cl)=C(C1)OC(C)C(=O)N(C)C2=NC=CS2
XS848383a,CC=1C=C(ON1)C(=O)NC(C)C=2C=CC(Br)=CC2
XS838381b,OC=1N=NC(=C2C=CC=CC12)N3CCCC(C3)C4=NN=CS4
XS838374b,COC=1C=CC(=CC1NC2COC3(C2)CCOCC3)C(C)(C)C
XS848389a,CC1=C(C=CN1C)C(=O)N2CCC(C2)NC=3C=CC=C(Cl)C3
XS848393a,CC(C)C=1C=CC=C(C1)CNC(=O)C2CCC3=NNC(=O)N3C2
XS842557b,O=S(=O)(CC=1C=CC=CC1)N2CCCC2C=3N=CC=C(O)N3
XS848391a,CC1=NOC=2N=C(C)C=C(C(=O)N3CCOC(C3)C4CCC4)C12
XS571475b,CC=1N=C(C=CC1C(=O)N2CCCC(O)(CC(N)=O)C2)C3CC3
XS848390a,O=C(C1CC=2C=CC=CC2O1)N3CCC=4NC=5C=CC=CC5C4C3
XS670047b,COCC1(CCCN1C(=O)C=2C=CC=CC2OC3CC3)C(N)=O
XS848392a,CC=1C=CC(C)=C(C1)CS(=O)CCC(=O)NC=2C=CC=CC2
XS731500b,CC1CN(CC2CCCCC2)CCN1C=3C=CC4=NN=CN4N3
XS848394a,CC(NC(=O)C=1C=CN(C)C(=O)C1)C=2C=CC=3OCCOC3C2
XS848398a,CC1=NOC(C)=C1CC(=O)N2CCCC2C=3C=CC=C(Cl)C3
XS768270b,CC(C)N1C=C(C=N1)S(=O)(=O)N(C)C2CCC=3C=CC=CC32
XS837677b,CC(C)(OCC(F)(F)F)C(=O)NC1CS(=O)(=O)C1(C)C
XS836468b,CC(C)C(C)(NS(=O)(=O)C=1C=CC=CC1C(F)F)C(N)=O
XS848388a,O=C(NC=1C=CC(F)=C(Cl)C1)C2CC(=O)NC=3C=CC=CC32
XS840477b,CC1=CC(=NO1)NC(=O)C(C)OC=2C=CC=3C=CC(=O)OC3C2
XS810530b,CC(=O)NC1=NC(=CS1)CN2CCCC(C2)C3=CC=NN3C
XS848397a,COCC(C)N(C)C(=O)C=1C=C(N=C2C1C(C)=NN2C)C(C)C
XS848395a,COC=1C=CC(=CC1)N2CCN(CC2)C(=O)C(C)N3C=NC=N3
XS848399a,O=C(CC1C=CCC1)NC2=NC=3C=C4OCCOC4=CC3S2
XS848387a,CCN1CCN(CC1)C(C)CN2C(=O)NC=3C=CC=CC3C2=O
XS848386a,O=C(NC=1C=CC=C(C1)C2=CC=CS2)NC3CCCNC3=O
XS848396a,CC=1C=C(NC(=O)C2CC(=O)N(C2)C=3C=CC=CC3F)N(C)N1
XS841938b,C=1C=CC(=NC1)C=2C=CC=C(C2)CNC3COCC=4C=CC=CC43
XS848400a,CCCC1CCCN(CC1)C(=O)C2=CC(=NN2)C3=CC=CS3
XS848411a,C=1C=CC(=CC1)CN2CCCC(C2)NCC=3C=CC=C4OCOC34
XS842166b,COC(=O)C(C)CS(=O)(=O)NC=1C=NOC1C=2C=CC=CC2
XS798183b,CC(=O)NC=1C=CC(=CC1)C(=O)NC2CCSC=3C=CC=CC32
XS848408a,CC1CN(CCO1)C(=O)C2=CSC(=N2)C=3C=CC(Cl)=CC3
XS848404a,CCC1=NC(C)=C(S1)C(=O)N2CCCC(C2)C3=NOC(C)=N3
XS840596b,COC(=O)C=1C=CC(OC(C)C)=C(C1)NC(C)C(=O)NC(N)=O
XS836681b,CN1C=2C=CC=CC2C(=O)NC1C=3C=NN(C3)C=4C=CC(F)=CC4
XS848415a,COC=1C=CC=C(C(=O)NC(C)C2=CC=3C=CC=CC3O2)C1OC
XS848405a,O=C(NCC=1C=CN=CC1)C2COCC(=O)N2CC=3C=CC=CC3
XS841986b,COC=1C=CC(=C(C)C1)S(=O)(=O)N2CCCC32CCNC3=O
XS433109b,CCC1=NOC=2N=CC(=CC12)C(=O)N3CCCC(C3)C4=CC=NN4
XS417459b,CC=1C=CC=NC1C2=NOC(=N2)C3CC(C)(C)OC=4C=CC=CC43
XS848409a,CC(C)C=1C=CC(=CC1)NC(=O)CC(NC(N)=O)C=2C=CC=CC2
XS721646b,CC1=NOC(=N1)C2CCCN2C(=O)C3=CC=4C(C)=CC(C)=CC4N3
XS848412a,COC=1C=CC(=CC1)C2CCCN2S(=O)(=O)C3=CC=CS3
XS848406a,CCCN(CC(=O)NC(=O)NC)CC1COC=2C=CC=CC2O1
XS848407a,CC(C)N1C=NC(=C1)S(=O)(=O)N2CC(C)OC=3C=CC=CC32
XS848402a,CC=1C=CC=C(C1)CN2CCCC2C=3C=CC=4OCCCOC4C3
XS848414a,CC=1C=C(C(=O)NC(C)C=2C=CC(Br)=CC2)N(C)N1
XS848413a,CCOCCNC(=O)N1CCCC1C=2C=C(C=CC2OC)OC
XS848403a,CC=1C=CC(=CN1)C(=O)N2CCCC2C=3C=CC=C4OCCOC34
XS553205b,CC1=NOC(=N1)C2CCN(C2)S(=O)(=O)C=3C=CC=C(F)C3C
XS753260b,CC=1C=C(NN1)C2CCCN(C2)C(=O)C=3C=C(F)C(F)=CC3F
XS848401a,CC1=NN(C)C(C)=C1C(C)NC(=O)NC=2C=CC=C(C2)C(F)F
XS848410a,N#CC=1C=CC(=CC1)NC(=O)NCC2CCN(C2)C=3C=CC=CC3
XS848422a,CCC(C)NC(=O)C=1C=C(N=C2C1C=NN2CC)C3=CC=CS3
XS707130b,CC=1N=C(C)N(CC2CN(CC=3C=CC(C#N)=CC3F)CCO2)N1
XS836824b,COCC=1C=C(N=C(C)N1)NC2CCCC=3C=CC(=CC3C2)OC
XS848419a,CC=1C=NN(C1)CC2CCCCN2CC3=NN=C(O3)C4=CC=CO4
XS842693b,CC1=CSC(=N1)C2CCCN(CC=3C=CC=C4NC(=O)OC34)C2
XS805251b,O=C(C=1C=C(Cl)C=C(Cl)C1)N2CCOCC2C=3N=CON3
XS579945b,CC=1C=CC=C(C1)CS(=O)CC2=COC(=N2)C=3C=CC(F)=CC3
XS837843b,CCCS(=O)(=O)NC=1C=CC=C(C1)NC(=O)NC(C)COC
XS839809b,CC(NCC=1C=CC=NC1OC=2C=CC=C(F)C2)C3=CC=NN3C
XS842532b,CCNC(=O)C(C)NS(=O)(=O)C=1C=C2OC(=O)NC2=CC1F
XS848420a,CC=1C=CC(=CC1)OCCNC(=O)C2CCCN2S(C)(=O)=O
XS848417a,NC(=O)CCC1CCCN(C1)C(=O)CC2=CSC=3C=CC=CC23
XS684055b,O=C(C=1C=C(ON1)C2=CC=CS2)N3CCCC(C3)N4C=CC=N4
XS848426a,N#CC=1C=CC(=CC1)OCCN2CCN(CC2)C(=O)C3CCCO3
XS848421a,COC=1C=CC2=C(C1)C(C(=O)NCC(O)C3CC3)=C(C)N2C4CC4
XS848418a,CCCCN1N=C(C=CC1=O)C(=O)N2CCCC(C2)N3C=NC=N3
XS705621b,O=C(C1=CC(=NN1)C2=CC=CS2)N3CCCC3CN4C=CC=N4
XS839953b,CC(C)(C)CCS(=O)(=O)N1CCNC(=O)C1C2=CC=CS2
XS842599b,CC1CN(C(=O)C2=CC(Cl)=CN2C)C=3C=CC=CC3N(C)C1=O
XS848427a,CN(CC(=O)NC(C)(C)C)C(=O)C(C=1C=CC=CC1)N2C=CC=N2
XS848424a,CC1=NN(N=C1C(=O)N(CC2CCOC2)C3CC3)C=4C=CC=CC4
XS848423a,CC1=CC(=NO1)NC(=O)NCC(C=2C=CC=CC2)N3CCOCC3
XS848416a,CC1CCCN(C1)C(=O)C2CCN(CC2)C=3C=CC(C#N)=CC3F
XS838002b,CC(CC#N)N1N=CC2=C(NC=3C=CC=C(Br)C32)C1=O
XS837701b,O=C(CC1CCN(CC(F)(F)F)C1)NC=2C=NC=C3CCCC23
XS848425a,CC1=C(NC(=O)C2CCC(=O)NC2)C(=O)N(C=3C=CC=CC3)N1C
XS840658b,CNC(=O)C(C)CN(C)C(=O)NC=1C=CC=CC1C2=CC=CS2
XS848436a,O=C1C=2C=CSC2N=CN1CC(O)COC=3C=CC(Cl)=CC3
XS848438a,CC=1C=CC=C(C1)NC(C)C(=O)NC=2C=CC(=CC2)S(N)(=O)=O
XS848434a,N#CC1CCN(CC1(F)F)C(=O)CNC(=O)NCC=2C=CC=CC2
XS848442a,N#CC=1C=CC=CC1C=2C=CC=CC2C(=O)NC3CCN(C3)C4CC4
XS848440a,CCOC=1C=CC(=CC1)C2NC(=O)NC(C)=C2C(=O)OCCOC
XS701361b,CCC1C(=O)NCCN1C(=O)NC=2C=C(F)C=C(C2)N3CCCC3
XS848428a,CC1=C(C=NN1C=2C=CC=CC2)C(=O)NC(C(=O)O)C=3C=CC=CC3
XS775393b,CC=1N=C(C)N(CC2CCCN(CCOC=3C=CC(F)=CC3)C2)N1
XS848439a,CC1CCCN(CC(=O)NC=2C=C(Cl)C=CC2N3C=NC=N3)C1
XS848437a,CC(C)C1=NOC(CCCC(=O)N2CCC=3SC=CC3C2C)=N1
XS838082b,N#CC1CN(CCO1)C=2N=CC(Cl)=C(N2)NC=3C=CC(F)=CC3
XS842385b,CC=1C=C(N)N2N=CC(C(=O)NC(C)C=3C(F)=CN=CC3F)=C2N1
XS848443a,CC(C1=NC(=NO1)C2CC2)N3CCC(CC3)C4=CC=NN4CCO
XS611146b,CC(NC(=O)C=1C=CC=C(Br)C1)C2=NN=C3CCCN23
XS836841b,COC(=O)C1=CN(N=N1)C2CCCN(CC3=NC(=NO3)N(C)C)C2
XS848441a,CC=1C=CC=2C(=CC(=O)OC2C1)CN3CCCC3C=4C=CC(O)=CC4
XS838050b,CC=1OC(=NC1C(=O)NCCN2CCOCC2C)C=3C=NN(C)C3
XS848435a,COCC1(CCCN1CC=2C=NN(C2)C=3C=CC(F)=CC3)C(N)=O
XS840100b,CC1CN(CCN1C=2C=CN=CC2F)S(=O)(=O)C=3C=CC=CN3
XS848430a,CC=1C=C(C)C=C(C1)C(=O)NC=2C=CC(Cl)=C(C2)CS(C)=O
XS848431a,CC1CN(CCCO1)C(=O)C=2C=CC(=NC2)N3C=NC=4C=CC=CC43
XS848433a,CN(CC=1C=CC=NC1)CC2CCN(C2)C(=O)C3=CC(Cl)=CN3
XS667427b,CC=1OC(=NC1C(=O)N2CCOCC32CCOC3)C4=CC=CS4
XS848432a,COC=1C=CC=CC1NC(=O)NC2CCSC=3C(F)=CC=CC32
XS548567b,CC=1C=CC(C(=O)N2CCCC(O)(C2)C(N)=O)=C(Br)C1
XS848453a,O=C(CN1CCCC1C=2C=CC(Cl)=CC2)N3CCC=4C=CC=CC43
XS848450a,CC(SC=1N=CN=C2C1C=NN2C)C(=O)C3=CNC=4C=CC=CC34
XS848445a,O=C(NC=1C=CC(=CC1)C(F)(F)F)N2CCCCC2C=3C=NNC3
XS848459a,CCN(CC=1C=CC=CC1)C(=O)NC2CC(=O)N(C2)C=3C=CC=CC3
XS839635b,N#CC=1C=NC2=C(F)C=CC(Cl)=C2C1NC3CCS(=O)(=O)C3
XS848447a,CC=1C=CC(=CC1)OC=2C=CC=CC2CNC(=O)C3CCNC(=O)C3
XS848458a,CC(C(=O)NC=1C=CC(=CC1)C(N)=O)N(C)CCCC=2C=CC=CC2
XS848451a,CC=1NC=2C=CC(=CC2C1C)C(=O)N3CCNCC3C=4C=NN(C)C4
XS841988b,O=C(NC=1C=CC=C2NC=CC12)C(=O)N3CCCCC3C=4C=NNC4
XS848452a,CNC(=O)C1CCCCN1S(=O)(=O)C=2C=NN(C2)C3CCCC3
XS848448a,CC1=NC(=NO1)C2CCCCCN2C(=O)NC=3C=C(C#N)C=CC3C
XS848456a,O=C(NCC1CC=2C=CC=CC2O1)NC=3C=CC=NC3N4CCCC4
XS839063b,CC(C)N1C=NN=C1C2CCCN(C2)C(=O)C=3C=NC=4NC=CC4C3
XS839100b,O=C(CN1CCOC2(CCSC2)C1)NCC=3C=CC=C(Cl)C3
XS848449a,N#CC=1C=CC=NC1N2CCN(CC2)C(=O)C3CCC4=NC=CN4C3
XS842604b,CC(CN1C=CC=N1)NC(=O)C2=CC=3COC=4C=CC=CC4C3S2
XS848446a,CC1=CC=C(O1)C2CCCN2S(=O)(=O)N(C)CC3=NC=CN3C
XS848461a,CC(C(=O)NCC1=NN=C2CCCN12)C=3C(Cl)=CC=CC3Cl
XS393557b,CC1=CN2N=C(SC2=N1)N3CCC(CNC=4C=CC(C#N)=CN4)C3
XS848454a,CCC=1C=CC(=CC1)OCC(=O)N2CCCC(C2)NS(C)(=O)=O
XS848460a,COC(=O)C(NC(=O)C1=CC=CO1)C=2C=CC(Br)=CC2
XS848444a,CN1C=C(C=N1)C(=O)N2CCCCC2C=3C=CC(=CC3)C(F)(F)F
XS848457a,CN1CCC(CC1=O)C(=O)NC=2C=CC(=O)N(C2)CC=3C=CC=CC3
XS848455a,O=C(NCC1(CCSC1)N2CCOCC2)NC=3C=CC(F)=CC3
XS676185b,CC1=NOC(=N1)C(C)S(=O)(=O)CC2=CSC(=N2)C3CCCC3
XS838620b,CN1C=CC=C1CCC(=O)N(CCN2C=CN=N2)CC3CC=CCC3
XS839320b,COC=1C=NC(=CN1)CN(CC2CC32CCC3)C(=O)C4=CC(C)=NO4
XS838661b,COC(=O)C=1C=C(C#N)C=CC1N2CC(CC32CCCC3)C(=O)OC
XS665866b,CC=1C=CC=C(C1)OCCNC(=O)CN2CCCC(C2)C3=CC=NN3
XS848472a,CCCC(=O)N1CCC(CC1)C(=O)NC2CCCCC=3C=CC=CC32
XS848470a,CC(NC(=O)CCNC(=O)C1=CC=CO1)C=2C=CC=3OCCOC3C2
XS837223b,O=C(NCC=1C=CN=C(C1)OC2CCOC2)C3=COC(CC4CC4)=N3
XS690318b,CC(NC(=O)C=1C=COC1)C(=O)N2CCC(CC=3C=CC=CC3)CC2
XS840238b,CCOC=1C(F)=CC=CC1C(=O)N2CC(=O)NCC2C=3C=CC=CC3
XS839466b,CC(OC=1C=CN=C(C1)NCC2=CON=C2C3CCC3)C(F)(F)F
XS548492b,CC1CN(C(=O)C=2C=CC3=C(C2)N=NN3C)C=4C=C(Cl)C=CC4O1
XS848468a,COC=1C=CC=CC1CNC(=O)C2CCCN2C(=O)C3=CC=CS3
XS840509b,CC1=C(C=NN1C)C(C)NC(=O)C2=CC=3C=C(C=CC3S2)[N+]([O-])=O
XS848467a,COC=1C=CC(Br)=C(C1)C(=O)OC(C)C(=O)NC2CC2
XS848463a,O=C(CCCOC=1C=CC=CC1)N2CCCC2C3=NOC(=N3)C4CC4
XS848465a,COC=1C=CC=CC1C(C)NC(=O)CN2C=NC=3C=CSC3C2=O
XS848464a,CC1=CN=C(O1)C=2C=CC=C(C2)NC(=O)NC(CO)CC3CCCC3
XS681936b,CC1=CC(C)=NN1C=2C=CC(=CN2)C(=O)NC(C)CN3CCOCC3
XS560122b,CCCC(=O)NCC1CCCN(C1)C(=O)C=2C=NC3=CC=CC=C3N2
XS848469a,NC(=O)C1CCCN(C1)C(=O)C=2C=C(Br)C=CC2Cl
XS839198b,COCC(C)(O)CN1N=C(C=C(C1=O)C(F)(F)F)C=2C=CC=CC2
XS848466a,O=C1NCCCCC1SC2=NC=3CCCCC3N2C=4C=CC=CC4
XS848471a,CCC=1C=CC(=CC1)OCC(O)CN(C)C=2N=CN=C3C2C=NN3C
XS588683b,COC=1C=CC=CC1C(=O)NC(C2=NOC(C)=N2)C=3C=CC=CC3F
XS848462a,COC(=O)N1CCCC(C1)NC(=O)NC=2C=CC(=CC2)OC(F)F
XS848485a,CCCN(CCOC=1C=CC=CC1F)C(C)C(=O)NC=2C=CC=CC2
XS848481a,O=C(NC=1C=CC(=O)N(C1)CC=2C=CC=CC2)C3CCS(=O)(=O)C3
XS848475a,COC(=O)CC(NC(=O)NC=1C=CN=CC1)C=2C=CC(=CC2)SC
XS848478a,O=C(NCC1=NC(=CS1)C(F)(F)F)C2CC=3C=CC=C(F)C3O2
XS836677b,O=S(=O)(C1CCN(C1)C=2C=CN=C3C(F)=CC=CC23)N4CCCC4
XS848476a,CC(=O)N1CCCCC1CC(=O)N2CCCN(CC2)C=3C=CC=NN3
XS678658b,CC(C)(C)C1=NOC(CCC(=O)N2CCCC(C2)C3=NC=CS3)=N1
XS738418b,CCN(C(=O)C=1C=C2C=CC=CC2=C(N1)OC)C3CCS(=O)(=O)C3
XS837186b,O=S(=O)(C=1C=CC=2CCCCC2C1)N3CCCCC3C=4N=CON4
XS848479a,CN1CC=2C=CC=CC2C(C1)NC(=O)C=3C=NN(C3)CC=4C=CC=CC4
XS842067b,COC(=O)C(C)(CC1=CCCCC1)NC(=O)C=2C=CC(=CN2)C(N)=O
XS803053b,COC=1C=CC=C(C1)CN(C)C(=O)CC(NC(C)=O)C2=CC=CS2
XS848477a,COC=1C=C(C=C(C1)OC)CCC(=O)N2CCC=3SC=CC3C2C
XS848482a,CC=1C=CC(=NC1)NC(=O)C2CCCN(C2)C=3N=CN=C4C=CC=CC34
XS848480a,CCOC=1C(Br)=CC(=CC1OC)C(=O)NC(C)COC
XS840940b,O=C(NCC=1C=CC(=C(F)C1)C2CC2)NC(CO)C=3C=CC(F)=CC3
XS848473a,COC=1C=CC(=CC1)CCC(=O)N2CCCC(CNC(=O)C(C)C)C2
XS848474a,CC=1C=CC(=CC1)OCCN(C)C(C)C=2C=CC(=CC2)S(N)(=O)=O
XS842672b,O=C1C=C(CN2CCCC3(CCCC=4C=CC=CC43)C2)NC5=CC=NN15
XS447278b,CC1=NC(=NO1)C(NS(=O)(=O)C=2C=CC(C)=CC2)C=3C=NN(C)C3
XS836496b,CC1=CC=C(O1)C=2C=C(C(=O)NC(C)C=3N=NNN3)C4=CC=CC=C4N2
XS837539b,COC(=O)C1=CN=C2N=C(C=CN12)NC(CF)C=3C=CC(Cl)=CC3
XS837096b,CC(NC(=O)NC=1C=CC(=CC1)N2N=CC=3C=CC=CC32)C=4N=CNN4
XS837175b,NC=1N=CC(Cl)=CC1S(=O)(=O)NCCCOCC2CCCO2
XS848484a,CNC(=O)NC(=O)C(C)NCC1(CCCCC1)C=2C=CC(=CC2)OC
XS848494a,CC=1C=CC(=CC1)C2=NN=C(CCC(=O)NC(C)C(=O)N3CCCC3)O2
XS838878b,O=C(CC=1C=COC1)N(CC2=NC=C3C=CC=CN23)CC4CC54CCC5
XS848491a,CCCC1=NC(=CS1)CN(C)C(C)C=2C=CC(=CC2)S(C)(=O)=O
XS837889b,N#CC=1C=NC(=CN1)N2CC(CNC(=O)C3=COC=N3)OC4(CCC4)C2
XS837043b,CC(C)OC=1C=NC=CC1NC(=O)C(C(=O)OC(C)(C)C)C(C)(C)C
XS742942b,CCN1CCN(C(=O)C(NC(=O)C2=CC=CO2)C(C)C)C=3C=CC=CC31
XS764690b,CN1C=CC(=N1)N2CCCC(NC(=O)C3(CCC3)C=4C=CC=CC4)C2=O
XS848487a,CC=1C=NN(C1)CC2CCCCN2C(=O)C3=CN=CN3C=4C=CC=CC4
XS848490a,CC1=CC(=NO1)NC(=O)C(C)SCC(=O)NCC=2C=CC=CC2F
XS839583b,CCC(C)(C)C1=NN=C(NC2CCS(=O)(=O)C=3C=CC(F)=CC32)O1
XS848492a,O=C(NC=1C=CC(Cl)=CC1Cl)C2CCCN2C(=O)C=3C=COC3
XS848486a,CC=1C=CC(=CC1)C(C)C(=O)OCC2=CC(=O)N3C=C(Cl)C=CC3=N2
XS517856b,CN1N=NC=C1C(=O)NC2CCN(C2)C=3C=CC=C(C3)OC(F)(F)F
XS815266b,CC=1N=C(NC(=O)C1CC(=O)NC(C)C2=CC=CS2)C=3C=CC=CN3
XS571658b,COCC1=NNC(=N1)C2CCCCN2C(=O)CC=3C(F)=CC=CC3F
XS839069b,CC1CN(C(=O)C=2C=CC(Cl)=C(C2)S(C)(=O)=O)C=3C=CC=NC31
XS767548b,CC=1C=CC=2NC(=CC2C1)C(=O)N3CCN(CC4CCCCN4C)CC3
XS841814b,CN1C(CO)=NC=2C=C(C=CC21)C(=O)NC3CCCC=4C=CC=C(F)C43
XS841329b,CC1=NC2=CC(O)=NN2C(C)=C1CCC(=O)NC3CCC=4C=NNC4C3
XS842467b,OCC1(CC=2C=CC(F)=CC2)CCN(C1)C=3C=CC=C(N3)N4C=CN=C4
XS838144b,COCC(C)S(=O)(=O)NCC=1C=CC(=CC1)CN2C=CC=CC2=O
XS840669b,CC(C)N1C=CC=C1C(=O)NC(C)C=2C=CC=CC2NS(C)(=O)=O
XS587403b,CC=1N=C2C=CC=CC2=C(NC(=O)C3CC(=O)N(C3)C(C)C)C1C(C)C
XS848488a,CN1C(=O)CC(C1=O)N2CCN(CC3=NC=4C=CC=CC4C(=O)N3)CC2
XS848501a,CCC(NC(=O)CC1=CC(OC)=C(OC)C(=C1)OC)C=2C=CC(C)=CC2
XS707137b,COC=1C=CC=C(C1)N2CC(CC2=O)C(=O)NC=3C=CC=C(Cl)C3C
XS848507a,O=C(C=1C=C(NN1)C=2C=CC=CC2)N(CC=3C=CC=NC3)CC4CCCO4
XS848503a,CNC(=O)CN1C=2C=CC=CC2C(=O)N(C)C1C3=CC=4C=CC=CC4OC3
XS848497a,CN1C=C(C=N1)C2=CNC=C2C(=O)N3CCN(C)C(CC=4C=CC=CC4)C3
XS148592c,[O-][N+](=O)C=1C=CC2=C(C1)CCN2C(=O)CN3CCCC3C4=CC=CS4
XS848498a,COC=1C=CC(=CC1F)CN(C)C(=O)C2CC(=O)NC=3C=C(F)C=CC32
XS848502a,COC=1C=CC(=CC1OC)C2CCCN2CC3=NC(=NO3)C=4C=CC=CC4
XS848508a,CC(C(=O)NC=1C=C(F)C=CC1F)N2CCCN(CC2)C3=NC=CS3
XS848509a,COC1=CN(N=C1C(=O)NC(C)C(=O)N2CCOCC2)C=3C=CC=CC3
XS848499a,O=C(NCC=1C=CC=CC1OC(F)F)NCC2COC=3C=CC=CC3O2
XS557463b,O=C1CCCN1CC(O)CN2CCN(CC2)C3=NC=4C=CC=CC4S3
XS848505a,CC(C(=O)NC=1C=CC(=CC1)S(N)(=O)=O)N2CCCC=3C=CC=CC32
XS848504a,CN(CC1CCS(=O)(=O)C1)C(=O)C2=CC(=NN2C3CC3)C(F)(F)F
XS813299b,CC=1C=CC(=CC1)OCC(=O)NC(C)C=2C=CC=C(C2)NS(C)(=O)=O
XS848495a,COC=1C=CC(=CC1)C2CCCCCN2C(=O)COC=3C=CC(C#N)=CC3
XS840894b,CC(C)C(NC(=O)C=1C=CC(=CC1)N2NC(=O)NC2=O)C3=NN=CN3C
XS837933b,CC1=CC(=CN(C)C1=O)C(=O)NC2(C)CCN(C2)C=3N=CN=C(C)C3F
XS837306b,CC(C)(C)C1CCCN(C1)C=2N=CC(=CC2C(F)(F)F)S(N)(=O)=O
XS848500a,O=C(C=1C=CC=C(Br)C1)N2CCN(CC2)C(=O)C3CCCO3
XS840776b,CC=1C=CC=C(C1S(=O)(=O)NC(C)C2=NN=C3C=CC=CN23)[N+]([O-])=O
XS484314b,CCN1C=C(C(=O)N2CCCC(C2)N3C=NC=N3)C(=N1)C4CCOCC4
XS848506a,COC(CNC=1C=CN2N=CC(Br)=C2N1)CC=3C=CC=CC3
XS848496a,CC=1N=C(SCC(=O)NCC2CCCO2)C=3C=4CCCC4SC3N1
XS173944b,O=C(NC=1C=CC(Br)=CC1)C2CCCN2C(=O)C3=CC=CO3
XS848515a,CC(SC1=NC=2C=C(C=CC2O1)S(=O)(=O)N3CCCCC3)C(N)=O
XS839413b,CC(CN(C)C(=O)C=1C=C(OCC2CC2)C3=CC=CC=C3N1)C4=NN=NN4
XS848525a,CCN1C(=O)N(CC(=O)NC(C)CC=2C(F)=CC=CC2F)C=3C=CC=CC31
XS848519a,CCCN1C(=O)N(CC(O)COCC=2C=CC=CC2Cl)C=3C=CC=CC31
XS848518a,CCOC=1C=CC(=CC1)C(C)NC(=O)C=2C=CC(=NC2)OCC(F)(F)F
XS848523a,CN(C=1C=CC=CC1)S(=O)(=O)C=2C=CC=C(C2)C(=O)OCC3CCCO3
XS738833b,CNC(=O)C(NS(=O)(=O)C=1C=CC=2NC(=O)CCC2C1)C=3C=CC=CC3
XS848522a,O=C(CN1C=NC=2SC=CC2C1=O)NC(C=3C=CC=CC3)C(F)(F)F
XS848511a,O=C(C1=CC=2CCCCC2S1)N3CCCC3C=4C=CC=5OCCOC5C4
XS848524a,CCOC=1C=C(C=CC1OC)C(=O)N2CCNC(=O)CC2C=3C=CC=CC3
XS848521a,O=S(=O)(NCC(C1=CC=CO1)N2CCCCC2)C=3C=CC(F)=C(F)C3
XS443684b,CC=1C=CC(=CC1F)CNC(=O)C2CCN(CC2)C(C)C=3C=CC=CC3F
XS722287b,O=C1C=2C=CC=CC2C=NN1CC(O)COC=3C=CC(Br)=CC3
XS785093b,CC(NC(=O)C=1C=CC=CC1N2CCCC2=O)C3=NC(=CS3)C(C)(C)C
XS848513a,CCCCN1C(=O)C=2C=CC(=CC2C1=O)C(=O)OCC(=O)NC(C)C(C)C
XS848514a,COC(=O)C=1C=CC(=CC1)C(=O)OC(C)C(=O)N2CCC=3C=CC=CC3C2
XS836725b,CCCCN(C(=O)CN1C(=O)C(=CC=C1C(F)(F)F)C(N)=O)C(C)CC
XS837610b,[O-][N+](=O)C=1C=CC=C(C1)N2CCC(OC(=O)C3=CC=4COCCC4N3)C2=O
XS838770b,COC=1C=CC(=CC1)C2=CN=C(CCC(=O)N3CCC4(CCC(=O)N4)C3)O2
XS839119b,CC(C(=O)OCCN1C=NC=CC1=O)C=2C=CC(Br)=C(F)C2
XS848516a,CC=1C=CC=C2N=C(OC12)C3CCN(CC3)C(=O)NCCC4CCC(=O)N4
XS837650b,O=C(CN1C=CC=2C=CC=CC21)NC(CO)C=3C=CC(Br)=CC3
XS848517a,O=C(NC1CCCN(C1=O)C2CCCCC2)C3(CCCC3)C=4C=CC=NC4
XS848520a,CC(C)C(=O)N1CCCC(C1)C(=O)NCC(=O)NC=2C=CC(F)=C(F)C2
XS848512a,CN1CCN(CC1)C=2C=CC(=CN2)NC(=O)C3CCC=4C(Cl)=CC=CC43
XS848527a,CN1N=CC=2C(=NC=NC21)N3CCN(CC3)C(=O)C4COC=5C=CC=CC5O4
XS848537a,O=C(CCC1=NC=2C=CC=CC2N1)NCC3CCCCN3CC=4C=CC=CC4
XS848533a,COC=1C=CC=C(C1)C(=O)N(CC=2SC=CC2C)C3CCS(=O)(=O)C3
XS659002b,COC=1C=CC(CN(C)C(C)C(=O)NC=2C=CC=3OCCOC3C2)=C(C1)OC
XS837057b,COC=1C=C(C)C(=CC1OC)S(=O)(=O)NC(C=2N=CC=C(C)N2)C3CC3
XS848534a,CC(NC(=O)NC=1C=CC(F)=CC1C#N)C=2C=CC=C(C2)NS(C)(=O)=O
XS848538a,CCN1C(=NC=2C=CC=CC21)SC(C(=O)N3CCOCC3)C=4C=CC=CC4
XS848532a,CSCCC(NC(=O)C=1C=CC=CC1Cl)C(=O)N2CCCCCCC2
XS678009b,CC1CC(=O)N(C)C=2C=CC(=CC21)NS(=O)(=O)C=3C=C(F)C=C(Cl)C3
XS837501b,O=C1CN=C(C=2C=CC=CC2)C=3C=C(C=CC3N1)C=4C=NN(N4)C5CCCCO5
XS837827b,CN(C)C=1C=CC(=CC1)C(=O)N(C)C(C(=O)O)C=2C=C(Cl)C=C(Cl)C2
XS052822e,COCC(C)NC(=O)C1=CN(N=C1C=2C=CC=C(C2)OC)C=3C=CC(F)=CC3
XS848535a,CCN(CC)CC=1C=CC(=CC1)C(=O)NCC2CCN(C2)C=3C=CC(F)=CC3
XS732029b,O=C(NC1CCOC=2C(Cl)=CC=CC21)C3CCN(CC=4C=CC=CC4)CC3
XS848529a,CC(SCC=1C=CC=C(C1)S(=O)(=O)N(C)C)C(=O)NC=2C=CC=CC2
XS848530a,CC(C)C(NC(=O)C=1C=CC=CC1F)C(=O)N2CCN(CC2)C=3N=CC=CN3
XS838494b,C=CC1(CCC1)C(=O)NC2CN(CC=3C=CC=CC32)C(=O)C=4C=C(O)N=CN4
XS838289b,CC1CCC=2C=CC=CC2N1C(=O)CCNC=3C=C(N=C(N)N3)N4C=CC=N4
XS848526a,COC(=O)C=1C=CC(=CC1)C(=O)OC(C)C(=O)NC=2C=CC=3OCCOC3C2
XS848536a,CC(OC(=O)CC1=NN(C)C(=O)C=2C=CC=CC12)C(=O)NCC=3C=CC=CC3
XS693398b,COC=1C=CC(=CC1)C2CCCN2C(=O)CC=3C=C(Cl)C=4OCCOC4C3
XS432544b,O=C(NC=1C=CC(=CC1)OC=2C=CC=CC2)C(=O)NC3CCC=4NN=CC4C3
XS810683b,CCCC(NC(=O)CN1C(=O)N(CC)C(=O)C=2C=CC=CC21)C=3C=CC=CC3
XS837447b,O=C(NC=1C=CC=2CCS(=O)(=O)C2C1)C3CN(CC=4C=CC=CC4)CCO3
XS848528a,CC=1C=CC(=NC1)N2CCC(CC2)NC(=O)N3CC(C)(C)C3C4=NC=CN4C
XS848540a,CSC1=NC=C(C(=O)OC(C(=O)NC(N)=O)C(C)C)N1C=2C=CC(F)=CC2
XS848544a,COC=1C=CC(=CC1OC)CNC(=O)CC(NC(N)=O)C=2C=CC=CC2Cl
XS068672b,COC=1C=CC=CC1C(=O)NC(CCSC)C(=O)NCC=2C=CC(F)=CC2
XS684885b,CC1=CC=CN2C(=O)C=C(CN3CCCC3C=4C=CC=C(Br)C4)N=C12
XS690394b,N#CC=1C=CC=CC1CN2CCCC(C2)C(=O)NC=3C=CC(Br)=CN3
XS495185b,CC1(C)CN(C(=O)C=2N=C3NCCCN3N2)C1C4=NC=CN4CC=5C=CC=CC5
XS848541a,CN1C=C(C=2C=CC=CC21)C3CCN(C3)C(=O)C=4C=NN(C)C4CC=5C=CC=CC5
XS848539a,CC1=CC(=NN1C(C)C2CC2)C(=O)N3CCN(CC3)C=4N=CN=C5SC=CC45
XS848543a,C=C(C)CN1C(=NC=2C=CC=CC21)C3CC(=O)N(C3)C=4C=C(Cl)C=CC4OC
XS848545a,O=C(NC1CN(CC2(CCC2)C1)C(=O)C=3C=CNN3)C=4C=NC5=CC=CC=C5C4
XS841726b,CC(NC(=O)C=1C=CC=CC1S(C)(=O)=O)C2=CN(N=N2)C=3N=CC(F)=CN3
XS839965b,CC1(CC=2C=CC(=CC2)OC(F)(F)F)CCCN1S(=O)(=O)N3CCCC3
XS842153b,COC(=O)C1=CC(=CN1C)NC(=O)N2CCC3(CC3C(=O)N4CCCC4)CC2
XS842287b,CC1=NN(C=C1CNCC2CCS(=O)(=O)C=3C=CC=CC32)C=4C=CC=CC4F
XS848547a,COC=1C=CC(OC)=C(C1)C2CCCN2C(=O)COC=3C=CC(Cl)=CC3C
XS848542a,CC=1C=CC=CC1C=2CC(C=3C=NC4=CC=CC=C4N3)N(N2)C(=O)CCC(=O)O
XS132489c,O=C(NC=1C=CC=CC1N2CCCCC2)C3CC(=O)N(C3)C=4C=CC=CC4Cl
XS789594b,COC=1C=CC(=CC1)C2CCCCCN2C(=O)C=3C=CC(=CC3)N4CCCC4=O
XS841914b,CCN1C(C)=NC=2C=C(C=CC21)C(=O)N3N=C(CCOC)CC3(O)C(F)(F)F
XS837908b,COC=1C=CC=C2CCC(C(=O)N3CCC=4N=CN=C(C4C3)N5CCOCC5)C12
XS848546a,CC=1C=CC(=CC1)N2CC(CC2=O)C3=NC=4C=CC=CC4N3CC(=O)NC(C)C
XS839916b,O=C(NC1CN(CC2(CCC2)C1)C(=O)C3=CNN=N3)C=4C=CC=5N=CSC5C4
XS840194b,CC(C=1C=CC=CC1)N2C=CC(=N2)NC(=O)N(C)CC3=NN=C4CCOCCN34
XS786608b,O=C(NCC(C1=CC=CO1)N2CCCCC2)C=3SC=4C=CC=CC4C3Cl
XS837108b,CCOC(=O)C1=C(C)NC2=C(C#N)C(=NN2C1C=3C=CC=CC3)N4CCOCC4
XS848566a,CCCC(=O)NC1CCCN(C1)C(=O)CCC2=NC=C(O2)C=3C=CC(=CC3)OC
XS848559a,CC=1C=C(C)C(=C(C)C1)S(=O)(=O)N2CCN(CC2)C(C)C(=O)NC=3C=CC=CC3
XS542691b,CC(C)OC1CCN(CC1)C(=O)C2CCCN(C2)C(=O)CCOC=3C=CC=CC3
XS848564a,CC=1C=CC=2NC(=NC2C1)C3CCCN3C(=O)C=4C=CC(=C(C)C4)N5CCNC5=O
XS848552a,CC1CC=2C=CC=CC2N1CC=3C=COC3C(=O)N4CCC5(CCN(C)C5=O)CC4
XS848556a,CC1=NN(C(C)=C1NC(=O)C2CC(=O)N(C2)C=3C=CC=4CCCC4C3)C=5C=CC=CC5
XS840481b,CCN(C(=O)COC(=O)C1CCCO1)C=2C(=O)NC(=O)N(CC=3C=CC=CC3)C2N
XS837824b,O=S(=O)(CCNS(=O)(=O)C=1C=CC=CC1)NC2CC=3C=CC(Cl)=CC3C2
XS848548a,CC1=NC(=NN1C=2C=CC=CC2)C(=O)NC3CC4(CCN(C)CC4)OC=5C=CC=CC53
XS848553a,CC(OC(=O)C1=CN(N=C1C=2C=CC(Cl)=CC2)C=3C=CC=CC3)C(=O)NC(N)=O
XS848562a,CCNC(=O)CN(C)C(=O)CC(NC(=O)C=1C=CC=CC1Cl)C=2C=CC=CC2
XS848565a,CCOC=1C=CC(=CC1)C2CCCN2C(=O)C=3C=CC(=CC3)OCC4=CSC=N4
XS848560a,COC=1C=CC(=CC1)NC(=O)C2=C(C)NC(=O)NC2C=3C=CC=C(C3)C(F)(F)F
XS848557a,O=C(O)C=1C=CC=CC1CCC(=O)N2CCCC2CN3C=C(N=N3)C4=CN=CS4
XS848549a,CC(NC(=O)CN1CCCN(CC1)S(=O)(=O)C=2C=CC(F)=CC2)C=3C=CC=CC3
XS837729d,CCN1C(=O)NC=2C=C(C=CC2C1=O)C(=O)NC(C=3C=NN(C)C3)C=4C=CC(F)=CC4
XS080626b,COC=1C=CC(=CC1OC)C=2CC(C=3C=CC4=NC=CN=C4C3)N(N2)C(=O)C(C)C
XS848558a,CNC(=O)C1CN(C(=O)CCCOC=2C=CC(C#N)=CC2OC)C=3C=CC=CC3O1
XS848550a,COC=1C=CC(=CC1)C2CCCCCN2C(=O)CCCNC(=O)C=3C=CSC3
XS838062b,CN1C(CNC(=O)N2CCCCC2CNS(C)(=O)=O)=NC=3C=CC=C(Cl)C31
XS100326c,COC=1C=CC(=CC1)C(CNC(=O)C=2C=CC(Br)=CC2)N3CCCC3
XS848563a,COC=1C(Cl)=CC(=CC1Cl)C(=O)NCC2CCCN(CC=3C=CC=CC3)C2
XS848561a,CC(C#N)(NC(=O)CN1CCN(CC1)S(=O)(=O)C=2C=CC=CC2Cl)C3CC3
XS848551a,COC=1C=C2CCN(C(=O)C=3C=C(C)N=C4C=CC=CC34)C(CC(=O)O)C2=CC1OC
XS848554a,CC(C)(C)NC(=O)CNC(=O)C1CCCN1S(=O)(=O)C2=CC=C(Cl)S2
XS848577a,CCCNC(=O)C=1C=CC=CC1NC(=O)C2CC(=O)N(C2)C=3C=CC=4OCCOC4C3
XS848571a,CC1=CC(CN2CCN(CC(=O)NC3=C(C#N)C(C)=C(C)N3CC4CCCO4)CC2)=NO1
XS848574a,CN1CCN(CC1)C=2C=CC(=CN2)NC(=O)C(CC3=CNC=4C=CC=CC34)NC(=O)C5=CC=CS5
XS848585a,O=C(C1CCCN1C2=NS(=O)(=O)C=3C=CC=CC23)N4CCN(CC5=CC=C(Cl)S5)CC4
XS848576a,COC=1C=CC(=C(C1)OC)N2CC(CC2=O)C(=O)NC=3C=CC(OC)=C(C3)OC(F)F
XS848567a,COC=1C=CC(=CC1)C(CNC(=O)CN2CCN(CC2)C(=O)C3CC3)C4=CNC=5C=CC=CC45
XS840606b,CC1=NC=2C=C(C=CC2N1C)C(=O)NNC(=O)C(C)OC=3C=CC=C(Br)C3
XS848578a,O=C(C=1C=CC(=CC1)S(=O)(=O)N2CCCC2)N3CCCC3C=4C=CC=5OCCOC5C4
XS840030b,COC=1C=CC(=CC1S(=O)(=O)NC(C)C)C2=NC(=NO2)C3CCCN(C3)C(C)=O
XS848582a,CC(=O)NC(CC(=O)N1CCN(CC(=O)NC=2C=CC(F)=CC2)CC1)C=3C=CC=CC3
XS842650b,CN1C=C(C(=O)N(C)C1=O)S(=O)(=O)NC(COC=2C=CC=CC2F)C=3C=CC=CC3
XS848572a,COC=1C=CC(=CC1S(=O)(=O)N2CCCC2)C(=O)OC(C)C(=O)N3CCC(C)CC3
XS848583a,COCCN1C=C(C=CC1=O)C(=O)NCC(C2=CNC=3C=CC=CC23)C=4C=CC=CC4Cl
XS848573a,CS(=O)(=O)NC=1C=CC=C(C1)C=2CC(C=3C=CC4=NC=CN=C4C3)N(N2)S(C)(=O)=O
XS848568a,CC1=NN(C(C)=C1C2C(=O)NCCN2CC(=O)N(C)CC3=CC=CS3)C=4C=CC=CC4
XS848581a,CC1CC=2C=C(C=CC2O1)CCNC(=O)C(=O)N3CCC(CC3)C4=CNC=5C=CC=CC45
XS838788b,CC(CN(CC=1C=CC=CC1)C(=O)C=2OC=3C=CC=CC3C2CS(C)(=O)=O)C(=O)O
XS848569a,CCCN(C(=O)C1=CSC(=N1)C=2C=CC(OC)=C(C2)OC)C3CCS(=O)(=O)C3
XS842161b,O=C(C=1C=CC=NC1NC=2C=CC=C(C2)C(F)(F)F)N3CCCC(C3)N4C=C(CO)N=N4
XS837078b,COCCC1(CC1)C(=O)N2CCC(CC2)S(C)(=O)=NC(=O)C=3C=CC=4N=NN(C)C4C3
XS848579a,CC(C)C=1N=CC=C(N1)N(C)CC2CCCN(C2)C(=O)C=3NC=4C=CC=CC4C3Cl
XS848570a,CC1=NN(CC(C)C)C(C)=C1CCC(=O)N2CCCCC2C3=NC=4C=CC=CC4S3
XS798610b,CC(C)C(NC(=O)C1=CC=CS1)C(=O)N2CCN(CC2)C=3N=CN=C4C3C=NN4C
XS848580a,COC=1C=C2CCN(CC(=O)NC(=O)NC3CCCC3)C(C4=CC=CS4)C2=CC1OC
XS848575a,CC(=O)N1CCC(CC1)(C(=O)OCC(=O)NC2CCCC=3C=CC=CC32)C=4C=CC=CC4
XS839288b,CC(C=1N=CC=CN1)N(C)C=2N=CN=C(F)C2F
XS838589b,CC1=NNC=2N=C3C(=CC12)CCCC3C
F9000674c,CC(CO)N(C)C=1N=CC=CC1F
XS848592a,COC=1C=CC=C(C1)CNC(C)CN2C=CC=N2
XS383259c,O=C(NC=1C=CC=2OCCOC2C1)C3CCCO3
XS842256b,CC(C(=O)NCC1CCCC1)S(C)(=O)=O
XS387398b,CC(C(=O)NC=1C=CC=CC1)N2CCOCC2
XS842383b,CC(C(=O)N1CCCOCC1)C(F)(F)F
XS837489b,CCN1N=CC=C1C2NC(=O)CN2CC
XS848591a,CC1=NOC(=N1)C(C)SC=2C=CC=CN2
XS006128e,COC(=O)C(F)C1=NC=2C=CC=CC2C(=O)N1
XS848595a,COC=1C=C(C=CC1C)C(=O)N2CCNCC2C
XS520569b,CC=1N=C(C)N(CC(O)COC=2C=CC=CC2)N1
XS848588a,CN(CC1=CC=CO1)C(C(N)=O)C=2C=CC=CC2
XS838391b,CC=1C2=NC=CC=C2N=C3CC(C)CNC(=O)C13
XS848586a,CC=1C=C(C=CC1F)C(=O)NC2CCNC2
XS837226b,O=C(NCC1=CC=CS1)C2CC2(F)F
XS848593a,CCCC(C)NC(=O)NC=1C=CC=2CCCC2C1
XS839847b,CN(CC1=CC=NS1)CC2CCSC2
XS842159b,O=C(CC=1C=COC1)N2CCCC2CF
XS848587a,CC=1C=C(N=C(N1)C(C)C)SC(C)C(N)=O
XS848590a,CC1CCCCN1C(=O)C=2C=CC(N)=CC2
XS836940b,O=C(CN1C=CN=N1)N2CCCC32CCOC3=O
XS841892b,CC=1SC=CC1CC(=O)NC(C)C2(C)CC2
XS841309b,O=C1ON=C(C=2C=CC=CN2)N1C3C=CCCC3
XS393571b,COC=1C=CC(=CN1)NC(=O)NC(C)C=2C=CC=CN2
XS839430b,CC1=NSC(C(=O)NC2CC32CCOCC3)=C1N
XS848605a,CC(C)C(C)NC(=O)C1=CN(N=N1)C=2C=CC=CC2
XS848601a,CCCC(C)NC(=O)CN1C(=O)OC=2C=CC=CC21
XS848604a,COCC=1C=CC=C(C1)NC(C)C(=O)NC(C)(C)C
XS848603a,O=C(NC1CCCC=2OC=CC21)C=3C=CC(O)=NC3
XS848602a,CC(C)CNC(=O)C(C)NC=1C=CC=C(C1)C(N)=O
XS848597a,CN(C(=O)C=1C=C(O)N=C2C=CC=CC12)C3CCNC3
XS848598a,CC=1OC=CC1C(=O)N2CCCC(C2)N3C=NC=N3
XS841349b,O=C(NC1CC21CCC(F)(F)CC2)C3=CN=NS3
XS565852b,CC=1C=C(N=C(C)N1)N2CCCC2C=3C=CC(N)=NN3
XS842463b,CCCS(=O)(=O)NCC(C)OC=1C=CC=CC1
XS836694b,CN(C(=O)N1CCOCC21CCOC2)C3CCCC3
XS848606a,CN(CC1=CN2C=CC=CC2=C1C#N)CC3CCCO3
XS554996b,CC(C)(C)CC(=O)N1CCC(C1)NC=2C=CC=CC2
XS717870b,CC1CCCN(C1)C(=O)C=2C=CC(=CC2)NC(N)=O
XS394332b,CC(NC(=O)C=1C=CC=CC1)C2=NN=C3C=CC=CN23
XS838418b,CN1C=CN=C1C2=NOC(=N2)C3CCC4=CC=NN4C3
XS627637b,O=C(O)C1CCCN(C1)C=2N=CN=C3C=CSC23
XS841805b,O=C(O)C1(CCC2(CCCC2)C1)N3C=C(Cl)C=N3
XS841311b,OC=1C=C(N=C(N1)C2CCOC2)C3CC(F)(F)C3
XS848600a,NC1CCN(C1)C(=O)CC=2C=CC(Cl)=C(Cl)C2
XS848596a,CC1CN(CCCO1)C(=O)C2=NNC=3C=CC=CC23
XS848599a,CC(C(N)=O)N(C)CC1=NC=2CCCCC2S1
XS841708b,CCC1=CC=2C(=NC=NC2S1)NC(C)(CC)CO
XS841850b,CC1(C)C(CCN1C(N)=O)C=2C=CC=CC2Cl
XS848611a,O=C(NCCOC=1C=CC=CC1)C2CCC=3NN=CC3C2
XS848609a,CCN1C(=NC=2C=CC=CC21)SC3CCN(C)C3=O
XS848614a,COC(=O)C=1C=CC=C(C1)NC(=O)N2CCCC(C)C2
XS766764b,O=C(CC=1C=CC=C(O)C1)N2CCN3C(=O)CCC3C2
XS848618a,CC(C)C(C)(C#N)NC(=O)CNC=1C=CC=CC1Cl
XS848619a,CSC=1C=CC=C(C1)NC(=O)C2CCCN2C(C)=O
XS848617a,CC(C)CCCC(C)NC(=O)C=1C=CC=C2OCOC12
XS838403b,CS(=N)(=O)C=1C=NC=C(N1)N2CCCC3(CCC3)C2
XS848615a,O=C(NC=1C=CC=C(Br)C1)C2CCC(=O)N2
XS848610a,O=S(=O)(NCC1CCCN1)C=2C=CC=CC2Cl
XS848616a,CC(=O)NC=1C=CC=C(C1)NC(=O)N2CCCC(C)C2
XS684243b,CC1=NN=C2CCC(CN12)NC(=O)C=3SC=NC3C
XS848613a,CNC1CCCN(C1)C(=O)C=2C=CC=C3C=CC(C)=NC23
XS848620a,CCN(CC(C)C#N)C(=O)C1=CC=2C=CC=CC2OC1=O
XS848607a,CC=1C=CC=CC1CN(C)C(=O)C2CCS(=O)(=O)C2
XS749572b,CCN(C)C(=O)N1CCC2(C1)CCC=3C=CC=CC3O2
XS519851b,CC1=NOC(C)=C1NC(=O)CC2CCCC=3C=CC=CC32
XS848621a,CCOC(=O)C=1C=CC(=CC1)NC(=O)CC2C=CCC2
XS589560b,O=C1C(CCN1C=2C=CC=CC2F)N3C=C(N=N3)C4CC4
XS837322b,COCC(NC1=NC(=CO1)C(=O)O)C=2C=CC(F)=CC2
XS848612a,CC(SC=1C=CC=CN1)C(=O)NC=2C=CC=C(C#N)C2
XS848608a,CCC1C(=O)NCCN1C(=O)C=2C=CC=C3C=CC=CC23
XS842710b,O=C(CCC1=CSC=N1)N2CCC(C2)C3=CC=NN3
XS726389b,CCOC=1C=C(N=CN1)N(C)CC2CCN(C2)C(C)=O
XS839698b,CC(CC1=CC=CS1)NC(=O)C=2C=CC=C3NC=NC23
XS713314b,CNC=1C=CC(=CN1)C(=O)N2CCCC(C2)C3=NN=CN3
XS017360e,O=C(O)C(C1=CN2C=C(Cl)C=CC2=N1)C=3C=CC=CC3
XS848628a,CC=1C=CC(=CC1C#N)C(=O)N2CCC(C2)C=3C=NN(C)C3
XS840216b,CC(C1=NC=CS1)S(=O)(=O)CC2(C)CCCCC2
XS736466b,COCCS(=O)(=O)N1CCCC(C1)C2=NC(C)=NO2
XS840611b,CC(CC1=CC=CO1)NC(=O)NC=2C=NN(C2)CC(N)=O
XS837618b,C#CCC(C(=O)NC1(CCC(C)(C)CC1)C(N)=O)C2CC2
XS848627a,COC=1C=CC=C(C1)NC(=O)C(C)OC=2C=CC=CC2C#N
XS848634a,COC=1C=CC=C(C1)NC(=O)NCC2CCN(C2)C(C)C
XS848631a,CC(NC(=O)CN1CCCCCCC1=O)C=2C=CC=NC2
XS848624a,CC(C(=O)NC(C)(C)C)N(C)CCOC=1C=CC(F)=CC1
XS553195b,O=C(CC=1C=CC(F)=CC1)N2CCCCC2C=3C=NNC3
XS330240b,COCC1(CCCN1CC2=CN(N=N2)C(C)(C)C)C(N)=O
XS842399b,CCOC(=O)C1CCCCN1CC2=C(N=CN2C)[N+]([O-])=O
XS837636b,C#CCN(CC=1C=CC=CC1)CC2CC3(CCCC3)C(=O)O2
XS842124b,C#CCN(CCC=1C=CC=CC1F)C2CCS(=O)(=O)C2
XS842202b,CC=1N=NSC1CNC(=O)N2CC=3C=CC=CC3C2C
XS848622a,CCC1=NC(=NO1)C2CCCN(C2)C(=O)C=3C=C(C)ON3
XS848625a,COC1=CC(=CC(=C1)C(=O)NC2CCC=3C=CC=CC32)OC
XS848632a,CCN(CC1CCOC1)C(=O)CC2=NOC=3C=CC=CC23
XS848633a,CC1=NOC(C)=C1CNC(=O)C(C)OC=2C=CC=CC2F
XS848629a,CC1=NOC(=N1)C2CN(CC=3N=CC=CC3C)CCN2C
XS848623a,CC1(C)C(=O)NCCN1C(=O)C2CSC=3C=CC=CC32
XS570359b,CC1=C(C=NN1C)C(C)NC(=O)N(C)CC2CCCCC2
XS566463b,COCC(CO)NC(=O)C1=CNC=C1C2=CC=C(C)S2
XS557357b,NC(=O)CC1(O)CCCN(CC=2C=CC=CC2C3CC3)C1
XS848626a,CN(CC1=CC=CO1)C(=O)C2=CN(C)N=C2C3CCOC3
XS848630a,O=C(NCC1CCCCC1(F)F)C=2C=NN3C=CC=CC23
XS635420b,C1=NN2CC(CCC2=N1)NCC3=CC(=NO3)C=4C=CC=CC4
XS848640a,CC1CCCN(C1)C(=O)CSC2=NC=3C=CC=CC3N2C
XS848652a,CC1=NN(C)C(C)=C1CC(=O)NCCC(C)C=2C=CC=CC2
XS848636a,CC1=CSC(=N1)C2CCCCN2C(=O)CCN3C=CN=N3
XS841703b,O=C(O)C1=CC(=CN1)C(=O)NC(C=2C=CC(F)=CC2)C3CC3
XS848646a,CC(C(N)=O)N1CCN(CC=2C=CC(F)=CC2Cl)CC1
XS848648a,CC(C1=NC(=NO1)C2CC2)N3CCN(CC3)C=4N=CC=CN4
XS848649a,NC(=O)C1CCN(C1)C(=O)CC2=NNC(=O)C=3C=CC=CC23
XS848650a,CC=1N=C(SC1C(=O)NCC2CCCO2)C=3N=CC=CN3
XS848653a,CC1=CC(=NO1)NC(=O)C(C)N2CCN3C(C)=C(C)N=C3C2
XS848641a,CCOC=1C=C(C=CC1C)NC(=O)N2CCCC(C2)C(N)=O
XS839406b,CCN1CCOCC1C(=O)N2CCN3C2=NC=4C=CC=CC43
XS848645a,CC=1C=CC(=CC1F)NC(=O)C(C)OC=2C=CC(C#N)=CC2
XS848639a,CCCOC=1C=C(C)C(C)=CC1S(=O)(=O)NCC(C)O
XS848643a,CC(C)C1CCCN1C(=O)CC=2C=CC(=CC2)N3C=NN=C3
XS848638a,CC1=CC(=NN1)C2CCCN(C2)C(=O)C=3N=COC3C(C)C
XS848644a,CC1=NC(=NC(C)=C1C)SCC(=O)NC(C)(C#N)C2CC2
XS848635a,O=C(CN1CCCC(O)C1)NCCC2=CNC=3C=CC=CC23
XS800022b,CC1C(=O)NCCN1C(=O)NC=2C=CC(=CC2)C(F)(F)F
XS848651a,CC(OC=1C=CC(F)=CC1)C(=O)NC=2C=CC(=CC2)C(=O)O
XS836536b,CCN1OCC(C1=O)N2CC=3C=NN(C=4C=CC=CC4)C3C2
XS848647a,O=C(NCCCN1C=NC=N1)NCC2CC=3C=CC=CC3O2
XS666097b,CC(=O)NC(C(=O)N1CCN(CC1)C=2C=CC=CN2)C(C)C
XS839626b,C#CCN(C(=O)C(C)S(=O)(=O)C(C)C)C1CCCCC1
XS848642a,CC(C)C1=NN=C2C(C)N(CC3=CN(N=N3)C(C)C)CCN12
XS848637a,COC=1C=CC=2SC(C(=O)NC3CCCOC3)=C(C)C2C1
XS589454b,CC1=NOC(=N1)C(C)NC(=O)C=2C=CC(=NC2)OCC3CC3
XS837031b,O=C(NC(C1=NC=CS1)C2CC2)C3=NC=CN4C=CN=C34
XS842285b,CC=1C=CN(N1)C=2C=CC(=CC2)C(=O)NC(C)CC3=CNC=N3
XS848655a,CC(C1=CC=2C=CC=CC2O1)N(C)C(=O)CC=3C=CC=CC3O
XS848664a,CC(C(=O)NC=1C=CC=CC1)N2CCN(CC2)C=3C=CC=CN3
XS841020b,CC1=NOC(C)=C1COC(=O)C(C=2C=CC=CC2)N3C=CC=N3
XS848660a,C1=CC=2C(=NC=NC2S1)NC3CCN(CC=4C=CC=CC4)C3
XS842444b,O=C(N1CCC(C1)C=2C=CC3=CC=CN=C3N2)C4(O)CCCC4
XS838650b,CC1(C)C(CCS1(=O)=O)C2=NC(=NO2)NC=3C=CC=CC3
XS840622b,CC=1C=CC=CC1C(C)NC(=O)C2=CSC(=N2)C3=NN=CN3
XS583188b,CCN1C=C(C=N1)CNC(=O)C2CN(C)C(=O)C=3C=CC=CC32
XS392618b,CCC1=NOC(=N1)C(C)SC2=NC(C)=C(CC(N)=O)S2
XS188269c,CC(CC(=O)NC=1C=CC(Br)=CC1)N2C=NC=N2
XS588759b,CCC(CNC(=O)CC=1C=C(C)ON1)OC=2C=CC=C(F)C2
XS848665a,CC(C#N)SC=1C=CC(=CN1)S(=O)(=O)N2CCCCC2
XS848657a,O=C(CC1=NOC=2C=CC=CC12)N3CCCC3CN4C=CC=N4
XS848666a,O=C(NC1CCC2=NC=CN2C1)C=3C=C(O)N=C4C=CC=CC34
XS848662a,COC(=O)C(C)NC(=O)C=1C=CC(=CC1)S(=O)(=O)N(C)C
XS848661a,CCOC(=O)C1CCCN(C1)C(=O)COC=2C=CC=CC2O
XS848654a,NS(=O)(=O)C1=CN=C(NC2CCCC=3C=CC=CC32)S1
XS842713b,CCC1OC2(CCN(CC2)C(=O)CC3=CCCCC3)NC1=O
XS841549b,O=C(NC1CCCC2(C1)N=N2)C=3C=NN(C3)C=4C=CC=CC4F
XS848659a,CC=1C=C(NC(=O)CN2CCCC2CC=3C=CC=CC3)N(C)N1
XS848658a,CC1=CC(=NO1)NC(=O)C(C)SCC=2C=CC=C(Cl)C2
XS828953b,CC(NC(=O)NCC=1C=CC=C(F)C1)(C(=O)O)C2=CC=CO2
XS840003b,CC1=CN2N=CC=C2C(=N1)N3CCCC(C3)NCC(F)(F)F
XS841304b,CC1CC(CNC=2C=CC=C3CN(CC23)C=4C=CC=CN4)=NO1
XS848656a,CC1CC=2C=CC=CC2N1CC(=O)NC3=CC(=NO3)C(C)(C)C
XS848669a,CC=1N=C(C=CC1NC(=O)NC(C)C2CCC2)N3CCOCC3
XS838704b,CC1(C)CC(CCO1)S(=O)(=O)CCC=2C=CC=C(Cl)C2
XS704323b,CC1CNCCN1S(=O)(=O)C=2C=CC(=CC2)S(C)(=O)=O
XS563878b,CC=1C=CC=C(C1)C2(CCCCC2)C(=O)N3CCC(C)(CN)C3
XS848668a,C1=CC(=NN=C1)NCC2CN(CC3=NC(=NO3)C4CC4)CCO2
XS390527b,CC=1OC(=NC1C(=O)N2C=3C=CC=CC3CC2C)C=4C=CC=CC4
XS781208b,CC1=NN(C(C)=C1NC(=O)NCC2CCCO2)C=3C=CC=CC3
XS848673a,COC=1C=C2CCN(CC2=CC1OC)C(=O)C3CCC(=O)NC3
XS848677a,CC=1NN=CC1CCCNC(=O)C2=CC=3CC(C)CCC3S2
XS839455b,CC1CN(CC(=O)N1)C(=O)C=2C=CC(=CC2)C3=NNC(=O)N3C
XS660734b,CCC1(CNC(=O)NC(C2=NN=C3CCCN23)C(C)C)CCC1
XS836606b,CC1=NN(C)C(C)=C1C(C)C(=O)N2CCCC=3C=CC=C(F)C32
XS841053b,[O-][N+](=O)C=1C=NN(C1)CCN2CCSC(C2)C=3C=CC=CC3
XS848667a,FC=1C=CC(=CC1F)CN2CCCC(C2)C3=NOC(=N3)C4CC4
XS848675a,CC(C=1C=CC=CC1Cl)N(C)CC2=NC(=NO2)C3=CC=CO3
XS848672a,CS(=O)(=O)NC1CCCN(C1)C(=O)NC=2C=CC=CC2F
XS848678a,CC(C)CCOC=1C=CC(=CC1)C(C)NC(=O)CN2C=NC=N2
XS848676a,CC=1C=C(ON1)C2CCCN2C(=O)CC=3C=CC=4OCOC4C3
XS848674a,CC(C)OC=1C=CC=CC1C(C)NC(=O)C=2CCC(=O)N(C)N2
XS848671a,CCCC(C)NC(=O)C=1SC=2N=C3CCCN3C(=O)C2C1C
XS848670a,CN(C)S(=O)(=O)C=1C=CC=CC1N2CCC(C2)N3C=CC=N3
XS842634b,CC1=CC(=NN1CC(=O)NC2CC32CCOCC3)C(F)(F)F
XS841898b,NC1=NOC=2C=C(C=CC12)CNC(=O)CC3CCC4(CCC4)O3
XS839842b,CC(C)C1(CNC(=O)C1)C(=O)NC=2C=C(OC(F)F)N(C)N2
XS828034b,CC1=CC(=NO1)NC(=O)CN2CCCC2C=3C=CC(Cl)=CC3
XS070659c,COC=1C=CC(O)=C(C1)C(=O)OC(C)C(=O)NC=2C=C(C)ON2
XS848680a,CCCS(=O)(=O)N1CCCC1C(=O)NC=2C=CC=C(C#N)C2
XS848694a,CC1=CC(CNC(=O)N2CCC=3C=4C=CC=CC4NC3C2C)=NO1
XS848689a,CC(=O)NCCCNC(=O)N(C)CC1COC=2C=CC=CC2O1
XS848682a,CCC1CN(C)C=2C=CC=CC2CN1C(=O)CCC=3C=CC=NC3
XS848683a,O=C(O)C1CCN(C1)C(=O)C=2C=CC=C(C2)OCC=3C=CC=CC3
XS848690a,CCOC(=O)NC(CNC(=O)CC=1C=CC(F)=CC1)CC(C)C
XS838631b,CC=1C(=CC=CC1C(=O)NC(CN)C(F)(F)F)C=2C=CC=CN2
XS848696a,CN(CC=1C=CC=CC1)CC(O)CN2C(CO)=NC=3C=CC=CC32
XS848687a,CC1=NOC(C)=C1CS(=O)CC(=O)NC=2C=CC(Cl)=CC2
XS848693a,CC1=NOC(=N1)C2CCCN(C2)S(=O)(=O)C=3C=CC(F)=CC3
XS840811b,COC=1C=CC=CC1S(=O)(=O)C(C)C(=O)NC2=CC(C)=NO2
XS848679a,O=C1C(CCN1CC=2C=CC=CC2)NCC=3C=CC=4OCCC4C3
XS836701b,O=C(NC1=NC(=NN1)C=2C=CC=3CCCC3C2)C4CCNC(=O)C4
XS848692a,CC(C)CC(C1=NC(=NO1)C2CC2)N3C(=O)C=4C=CC=CC4C3=O
XS848685a,O=C(COC=1C=CC(Cl)=CC1)N2CCOCC2C=3N=CON3
XS605977b,CS(=O)(=O)N1CCN(CC1)C(=O)C2COC=3C=CC=CC3C2
XS465363b,CC1=NOC(=N1)C2CCN(CC(=O)NC=3C=C(F)C=C(F)C3)C2
XS848684a,O=C(NC1CCN(C1=O)C=2C=CC(Cl)=C(F)C2)C=3C=CNN3
XS848695a,CC1=NOC=2N=C(C)C=C(C(=O)N3CCC(C3)C=4C=CC=CC4)C12
XS837486b,O=C(NNC(=O)C1COCCO1)C2=COC(=N2)C3CCCCC3
XS848688a,O=C(CN1N=NC=2C=CC=CC21)NCC3CCCC=4C=CC=CC43
XS848691a,CCOC=1C=CC(=CC1OCC)NC(C)C(=O)N2CCOCC2
XS848681a,CC1=NOC(C)=C1S(=O)(=O)NC(C=2C=CC(F)=CC2)C(C)C
XS840056b,COC=1C=CC(=CC1)CN(C(=O)C2CC=CCO2)C=3C=CN=CC3
XS428840b,CN(C=1N=CN=C2C=CSC12)C3CCCN(C3)C=4C=CC=NN4
XS848686a,CC=1C=CC(F)=C(C1)C(=O)NC(C(=O)O)C=2C=CC(Cl)=CC2
XS840718b,O=C(C1CCN(CC(F)(F)F)C1)N2CCCCC=3C=CC=NC32
XS848702a,CC(C)C1=NOC(CCC(=O)NC2CCSC=3C=CC=CC32)=N1
XS842656b,CC(C(=O)NC=1C=CC(=CC1)N2C=C(CO)N=N2)C=3C=CSC3
XS842156b,O=C(CN1CC(CO)CC=2C=CC=CC21)NC=3C=CC(Cl)=CN3
XS848698a,COC=1C=CC(=CC1)CCCC(=O)N2CCCC(C2)N3C=CC=N3
XS154456b,CC=1C=CC(F)=CC1NC(=O)C=2C=CC=CC2OCC3CCCO3
XS836614b,CC=1C=CC=2OC(=CC2N1)C(=O)NCC(C=3C=CSC3)N(C)C
XS751463b,CC1=NC(=NO1)C2CCCN2C(=O)C=3C=CC(=NC3)OCC4CC4
XS848699a,O=C(NCC1CCN(CC=2C=CC=CC2)C1)C=3C=C4OCCN4N3
XS848703a,CC(NC(=O)NC=1C=CC(=NC1)N2CCOCC2)C=3C=CC=CN3
XS571827b,CC1=NN(C)C=C1C(=O)N2CCN(C)C(C2)C3=NC(=NO3)C4CC4
XS848701a,O=C(NCCCN1C=CN=C1)C=2C=CC(=CC2)OCC3CCCO3
XS848697a,O=C(C1=CN(N=N1)C=2C=CC(F)=CC2)N3CCCN4CCCC4C3
XS848707a,CCC1CCC=2N=C(NC(=O)C=3C=CC4=NN=CN4C3)SC2C1
XS837005b,[O-][N+](=O)C=1C=C(Br)C(O)=C(C1)CNC2CCCOC2
XS836926b,BrC=1C=CC=2CCCC(C2C1)N3CCC=4NN=CC4C3
XS840532b,CCOC=1N=C(N=CC1Br)NC(CO)C2=CC=CO2
XS838157b,CC1CSC=2C=CC=CC2N1CC=3N=NN(CC(F)(F)F)N3
XS840603b,CC=1C=C(C=C(C1)N2CCN(C)CC2)NC(C)CC=3C=CSC3
XS550869b,COC=1C=CC2=CC(=CC=C2C1)CN3CCCC(O)(CC(N)=O)C3
XS848705a,N#CC=1C=CC=NC1NCC(C=2C=CC=C(F)C2)N3CCOCC3
XS848706a,CC=1C=CC2=NC(=CN2C1)CNC(=O)C(C(C)C)N3CCCC3=O
XS848700a,CC=1N=C2C=CC=CC2=NC1SCC(=O)NC(C)(C#N)C(C)C
XS848704a,CC1=CC=C(O1)C(C)NC(=O)NC=2C=CC(=NC2)N3CCOCC3
XS839446b,COC=1C=CC=2C=C(SC2C1)C(=O)NCC3CNC4(CCC4)C3
XS839399b,CC1=NN(C=C1NC(=O)NCC(F)C=2C=CC=C(F)C2)C(F)F
XS848720a,O=C(NC1COC=2C=CC=CC2C1)C3=CC=C(NC3=O)C4=CC=CO4
XS839697b,O=S(=O)(NC(CO)C1=CC=CO1)C=2C=CC(=NC2)C(F)(F)F
AR001927b,CC(O)CN(C)C=1N=CN=C2NC3=CC(Br)=CC=C3C12
XS842516b,CC=1N=CC2=C(CCCC2NC(=O)C=3C=CC=C(N3)N4C=CC=N4)N1
XS848709a,CC1=CSC(=N1)C(C)NC(=O)NCC=2C=CC=CC2OC(C)C
XS848711a,CC=1C=C(NC(=O)CN2CCOC(CN3N=C(C)C=C3C)C2)ON1
XS837179b,CCN(CC)S(=O)(=O)NC(CS(C)(=O)=O)C=1C=CC=CC1
XS848713a,CN1C=C(C(=O)N2CCCC2C3=NOC(=N3)C4CC4)C=5C=CC=CC51
XS660383b,CCOC=1C=C(C)C(Cl)=CC1S(=O)(=O)NCC2CCCO2
XS848710a,O=C(CCCOC=1C=CC=CC1F)N2CCCC(C2)N3C=CN=C3
XS711308b,FC(F)C1=NN=C2C=CC(=NN12)N3CC4(CCOCC4)C3C5CC5
XS848708a,CC(C)C=1N=CC(Cl)=C(N1)C(=O)N2CCCC(C2)N3C=CC=N3
XS848714a,CC=1NC=2C=CC=CC2C1CC(=O)N3CC(C(=O)O)C=4C=CC=CC43
XS848715a,CC=1C=CC(OCC(O)CN2CCN(CC2)C(=O)C3CC3)=C(C)C1
XS839918b,O=C(NC1=NC=CN2N=CC=C12)C3CC4(CO3)CCC(F)(F)CC4
XS725213b,CC(=O)N1CCCC(O)(C1)C(=O)NCCOC=2C(C)=CC=CC2C
XS848717a,CN(CC(=O)NC1CCS(=O)(=O)C1)CC=2C=CC(F)=CC2F
XS740981b,CC=1C=NN(C1)C=2C=CC(=CC2)C(=O)N3CCCC(C3)N4C=CN=C4
XS848719a,CC(C(=O)NC1CC1)S(=O)(=O)CC=2C=CC=C(C2)C(F)(F)F
XS836718b,CC(OC(=O)C1=CC(=NN1C=2C=CC=CC2)C=3C=CC=CC3)C(N)=O
XS848712a,CC=1N=C(SC1C)C2CCCN(C2)C(=O)CCC=3C=NN(C)C3
XS529906b,CC1=NN=C2CN(C)C(CN12)C(=O)NC=3C=NN(CC(C)C)C3C
XS848716a,CC1=C(N=NN1C2CCNC2)C3=NC(=NO3)C=4C=CC(F)=C(F)C4
XS836967b,CC1(C#N)CCCN(C1)C(=O)C(=O)N2CCC=3C=C(N)C=CC3C2
XS848718a,O=C(COCC1=NC=2C=CC=CC2S1)NC3CCCCNC3=O
XS841633b,CC(C)C(=O)N1CCCC(C1)C(=O)N2CCS(=O)(=O)CCO2
XS839260b,OCC1CC2(CCC2)CCN1C=3N=CC=C(COC=4C=CC=CC4)N3
XS575581b,O=C(C=1C=NC=C2C=CC=CC12)N3CCCC(C3)N4CCCCC4=O
XS848727a,CC(OCC=1C=CC=CC1)C(=O)NC2=CC(=CNC2=O)C(F)(F)F
XS848725a,CC(NS(=O)(=O)CC1(C)CCOCC1)C2=NN=C3C=CC=CN23
XS842616b,O=S(=O)(CC1CCC2(CCC2)O1)NC3(CC3)C=4C=CC(F)=CC4
XS839488b,CP(C)(=O)C1CC(=O)N(CC2=CSC=C2C(F)(F)F)C1=O
XS848726a,CCC=1C=CC(=CC1)N2CC(CC2=O)C3=NC(=NO3)C4=CC=CS4
XS842733b,CN(C)C(=O)CC1(O)CCCN(C1)C=2C(C#N)=NN=C3C=CC=CC23
XS840133b,COC=1C=CC(=CC1)N(C)C(=O)CC2(CCC=3C=CC=CC32)C(=O)O
XS848723a,CC(=O)N1C=CC=2C=CC=CC2C1CC(=O)N(C)CC3=CC=C(C)O3
XS603585b,COC=1C=CC(=CC1Br)C(=O)N2CCCC(C2)C(N)=O
XS848722a,CN1C=C(C(=O)N2CCCC(C2)N3C=CC=N3)C(=N1)C=4C=CN=CC4
XS842739b,O=C(CCN1C=CN=N1)N(C2CCS(=O)(=O)C2)C3CCCCC3
XS842496b,CC1=NNN=C1C(=O)N2CCCCC2C=3C=CC=C(C3)C(F)(F)F
XS626429b,CC1=NC(=NO1)C2CCCN(C2)C(=O)CC3=CNC=4C=C(C)C=CC34
XS821901b,CC(NC=1C=CC(=CC1)N2CCCS2(=O)=O)C(=O)NC(C)(C)C
XS848721a,CCC1=NC=2C=CC=CC2N1CC(=O)N3CCCC(C3)N4C=CC=N4
XS790770b,CCCN1C(=NC=2C=C(Cl)C=CC21)SC(C)C(=O)NC3CC3
XS848724a,CC1(C)CC(CNC2=NC=CN3N=CC(Br)=C23)CCO1
XS848728a,FC=1C=CC(=CC1)CNCC2=CN(N=N2)C3CCC=4C=CC(F)=CC43
XS841793b,CC1(C)OC2(CCCN(C2)C(=O)C(F)(F)C=3C=NC=CN3)NC1=O
XS840198b,CC(NC=1N=CC=2SC=C(Br)C2N1)C3=CC=NN3C
XS573736b,CCCC1=NOC(CCCC(=O)N2CCOC(CNC(C)=O)C2)=N1
XS838527b,CN1N=CC(C#N)=C1N2CCC(F)(C2)C=3C=CC(=CC3)C(F)(F)F
XS680912b,O=C(NC=1C=CC=2OCC(=O)NC2C1)N3CCCC3C=4C=CC=CC4
XS827843b,CC=1C=NC(=CN1)C(=O)NC(C2=NC(=NO2)C=3C=CC=CC3)C(C)C
XS848734a,CCC1=NC=2CCCC(C2S1)N(C)C(=O)C=3C=CC(=CC3)C(N)=O
XS837114b,CC=1C=CN2C=NN=C2C1NC(=O)C3CCOC=4C=CC(Cl)=CC43
XS848738a,COC=1C=CC(=CC1)C(=O)N2CCC(C2)N(C)CC=3N=CC=C(N)N3
XS848736a,CC(OC=1C=CC=CC1C(N)=O)C(=O)NC=2C=CC=3OCCOC3C2
XS848744a,CC=1C=CC(OCC2=CC=C(O2)C(=O)NC3CCCNC3=O)=C(C)C1
XS837877b,O=C1C(CCN1C=2C=CC=CC2F)NS(=O)(=O)N3CCOCC3
EW000016c,CC1=NC2=NC=NN2C(NCC3CCCN3CC4CCCCC4)=C1C
XS473294b,CN1C=NN=C1CC2(O)CCCN(C2)C(=O)C3CC=4C=CC=CC4C3
XS848729a,CC1=CSC(=N1)C2CCCCN2C(=O)C=3C=CC=C4OCCOC34
XS848735a,O=C(NC(CO)CC=1C=CC=CC1)C=2C=C3CCC(=O)NC3=CC2F
XS841250b,O=C1C(F)=CN(C(=O)N1CC=2C=CC3=CC=CC=C3N2)C4CCCO4
XS848737a,CS(=O)(=O)C=1C=CC(=CC1)C2=NOC(=N2)C3CCN4C=NC=C4C3
XS840716b,CC=1OCCCC1C(=O)NC(C)C=2C=CC(=CC2)NC(=O)NC3CC3
XS848739a,O=C(COC(=O)C=1C=CC=C(Br)C1)NCC2CCCO2
XS848730a,CCC1=NC(=NO1)C2CCCN(C2)C(=O)C(=O)NC=3C=CC=C(C)C3
XS848733a,CC1=CSC(=N1)C(NC(=O)N(CC=2C=CC=CC2)C3CC3)C4CC4
XS848731a,CCN(CC)CCN1C=C(C=N1)NC(=O)C2CCOC=3C=CC=CC32
XS848741a,O=C(NC=1C=CC(=NC1)N2CCOCC2)C3COC=4C=CC=CC4O3
XS842529b,CC(C(=O)NCC1=CC=C(S1)S(=O)(=O)N(C)C)N2C=CC=C2
XS848743a,CCC1CCCCN1C(=O)COC(=O)C2=NNC(=O)C=3C=CC=CC23
XS401578b,CC(=O)NC(C(=O)NC=1C=NC2=C(C=NN2C(C)C)C1)C3CCCC3
XS484800b,COC=1C=CC2=CC(=CC=C2C1)CNC(=O)C3CCCN(C3)C(C)=O
XS848742a,CC1C2=CC=CN2CCN1S(=O)(=O)C=3C=C(Cl)C=CC3Cl
XS848740a,O=C(C1=CN=C2CCCCN12)N3CCC(C3)NC=4C=CC=C(Cl)C4
XS848732a,CCN(CC=1C=CC=CC1)C(=O)CN2CCCCC2CN3C=NC=N3
XS839579b,CC(C(=O)NCC=1C=CC(=NC1)N2C=NC=3C=CC=CC32)N4C=NC=N4
XS834618b,CCC(C)N1N=CC=2C(=CC(C)=NC21)C(=O)N(CC)CC(=O)N(C)C
XS848752a,CCNC(=O)C1CCCN(C1)C(=O)C=2OC=3C(=CC=CC3C2C)OC
XS848748a,O=C(C=1C=CC=2NC=3CCCCCC3C2C1)N4CCC(C4)C5=CC=NN5
XS499000b,CN(C(=O)C=1C=CC(Cl)=C(F)C1)C2CCCN(C2)C=3C=CC=NN3
XS837840b,CC(C(=O)N(CC1=CC=CS1)C=2C=CC(F)=CC2F)N3C=NC=N3
XS840518b,CS(=O)(=O)NC1CC(=O)N(C1)C=2C=CC(=CC2)OC=3C=CC=CC3
XS599668b,COC=1C=CC(=CC1)C(CC(=O)NC2CCCCCCC2)NC(C)=O
XS848745a,CNC(=O)C=1C=CC=C(C1)NC(=O)CC(NC(C)=O)C2=CC=CS2
XS583355b,CNC(=O)C(CC(C)C)NC(=O)CC=1C=CC(=CC1)OC(F)(F)F
XS848749a,CC=1C=CC=2NC=C(CC(C)NC(=O)C=3C=CC4=CN(C)N=C4C3)C2C1
XS838405b,CCC(NC=1C=NN(C1)C=2C=CC=CC2Br)C3=NC=CO3
XS848747a,CC1=NN(C(C)=C1C(=O)NCC2CCS(=O)(=O)C2)C=3C=CC=CC3
XS836608b,CN1C=NC(=C1N2CCC(C2)NC(=O)NC=3C=CC(F)=CC3)[N+]([O-])=O
XS419585b,O=C(NC=1C=CN=CC1)N2CCCCC2C3=NC(=NO3)C=4C=CC=CC4
XS677912b,O=C(C1=CC=C(NC1=O)C=2C=CC=CC2)N3CCCC(C3)N4C=CC=N4
XS848751a,CC(=O)NC(C(=O)NC1=NC=C(CC=2C=CC(F)=CC2)S1)C(C)C
XS848746a,CCC(NC(=O)C=1C=CC(=CC1)CS(C)(=O)=O)C=2C=CC(C)=CC2
XS670972b,CCCN1N=C(C=CC1=O)C(=O)NC(C)C2=NN=C3CCCCCN23
XS841010b,N#CC=1C=CC(=CC1)S(=O)(=O)NC(C=2C=CC=CC2)C=3C=CN=CC3
XS704230b,O=C(NCC(C1=CC=CS1)C2=CNC=3C=CC=CC23)C=4C=CC=CN4
XS848750a,CC(C=1C=CC2=CC=CC=C2C1)N(C)CC3=NC4=C(C=NN4C)C(=O)N3
XS839160b,CN1C=C(C=N1)N2CCN(CC2)C(=O)NCC3CCC4(CCC4)CO3
XS470258b,O=C(NC=1NN=C2C=CC(F)=CC12)C3CCOC=4C=CC(Cl)=CC43
XS559794b,O=C(COC=1C=CC(=CC1)N2CCCC2=O)NC3CCCCNC3=O
XS848764a,O=C(C=1C=CC=CC1OC(F)F)N2CCCC(CN3CCCCC3)C2
XS841710b,CC1=NC(=NO1)C2CCN(C2)C(=O)NC=3C=CC(=CC3)N4C=CC(=O)N4
XS549518b,O=C(CCC1=NC=2C=CC=CC2C(=O)N1)N3CCCC3C4CCCCC4
XS622452b,O=C(C1=NNC=2C=CC=CC12)N(CC=3C=CC=C(F)C3)CC4CCCO4
XS836636b,CC(C)C(CNC(=O)C=1C=CC=NC1O)NC2=NC=C(Cl)C(=O)N2
XS848757a,CC(C)C(NC(=O)C=1C=NC2=C(C=NN2C(C)C)C1)C=3C=CC(F)=CC3
XS838175b,O=C(O)C(CC(F)F)NC(=O)C=1C=CC=C(Br)C1Cl
XS848762a,O=C(CN1N=NC=2C=CC=CC21)NC(C=3C=CC(F)=CC3)C4CCCC4
XS823300b,CC1=CC(C)=C(C)C(SCC(=O)N(C)C2CCS(=O)(=O)C2)=C1C
XS841090b,COC(=O)C(C=1C=CC(Cl)=CC1)N2CCN(CC2)S(=O)(=O)F
XS837595b,CC1(C)COC(CS(=O)(=O)NCC2=NC=C(O2)C=3C=CC=CC3)C1
XS838952b,COCC=1N=CC(C(=O)N(C)C2CCOC=3C(C)=CC(C)=CC32)=C(N)N1
XS839118b,CNS(=O)(=O)C=1C=CC(=CC1)C(C)NC2=NC(=NS2)C(C)(C)C
XS848753a,CC1=NNC(C)=C1NC(=O)C2CCN(C2=O)C=3C=CC=4OCCOC4C3
XS848761a,CCN(CC)C(CNS(=O)(=O)C=1C=CC(C)=CC1)C=2C=CSC2
XS848763a,CC(CCC=1C=CC=CC1)N2CCC(CC2)C(=O)NCC=3C=CC=CC3
XS848760a,NC(=O)COC=1C=CC(=CC1)NC(=O)C2CCCN(C2)C=3C=NC=CN3
XS719490b,NC(=O)C1CCN(C1)C=2C=NN(C(=O)C2Cl)C=3C=CC(Cl)=CC3
XS848758a,CCC=1C=CC(=CC1)OCC(=O)NC(C)C=2C=CC(=CC2)N3C=CN=C3
XS848754a,CC(C)CN1N=CC(C(=O)NC(C(N)=O)C=2C=CC=CC2)=C1C(F)F
XS631466b,O=C(CCN1C=CN=C1)N2CCCCC2C3=NC(=CN3)C=4C=CC=CC4
XS838089b,CC1=NSC(NC2CC2)=C1C(=O)NC3CCOC4(CCOCC4)C3
XS848759a,NC(=O)CN1CCC(CC1)NC(=O)NC2CCSC=3C=CC=CC32
XS848755a,COC=1C=CC=C(C(=O)OC(C)C(=O)C2=C(C)NC=3C=CC=CC23)C1O
XS543662b,O=C(C1CCCN(CC=2C=CC=CC2)C1)N3CC(C3)C=4C=C(CO)ON4
XS848756a,CCOC(=O)C1=C(COC=2C=CC(F)=CC2Cl)NC(=O)NC1CC
XS077858c,CC(C)NC(=O)NC(=O)CN1CCC=2SC=CC2C1C3=CC=CS3
XS145735d,CCOC(=O)C1=C(C)NC(C(=O)N2CCN(CC3CCCO3)CC2)=C1C
XS848776a,COCCOC=1C=CC(=CC1OC)C(C)NC(=O)CC=2C=CC(C)=CC2
XS848767a,NC(=O)C1CCCN1C(=O)C2=NN(C=3C=CC=CC3)C(=O)C=4C=CC=CC24
XS848774a,COC=1C=CC(=CC1OC)CCN(C)C(=O)C2COC=3C=CC=CC3O2
XS848775a,O=C(C1=CN2CCSCC2=C1)N3CCC(C3)NC=4C=CC=C(Cl)C4
XS838992b,BrC=1C=NC=2NC(=NC2C1)N3CCOC(C3)C4CCOCC4
XS841792b,O=C(NCC=1C=CC(=CC1)C=2N=NC=NN2)C3CCNC=4C=CC=CC4C3
XS520357b,CN(CC1CN(CCO1)C(=O)NC=2C=CN=CC2)C3=NC=CN(C)C3=O
XS848771a,OCCC(CNC1=NC=CN2N=CC(Br)=C12)C=3C=CC=CC3
XS848772a,COC=1C=CC(=CC1)C(CNC(=O)C2=CC=3C=CC=CC3O2)N4CCCC4
XS848765a,CC1=C(N=NN1C=2C=CC(F)=C(Cl)C2)C(=O)N(C)C3CCN(C)C3=O
XS848777a,CCCC(C)NC(=O)C=1C=CC=CC1NS(=O)(=O)C=2C=CC(F)=CC2
XS848769a,O=C(NCC1CCCO1)C=2C=CC=CC2C3=NC=C(O3)C=4C=CC=CC4F
XS848778a,CC(NC=1C=CC(=CC1)CCN2CCSCC2)C(=O)N3CCNC3=O
XS688599b,CCOC=1C=CC=CC1N2CC(CC2=O)C(=O)NC=3C=C(F)C=CC3F
XS848779a,CC1=NOC=2N=CC(=CC12)S(=O)(=O)NC(C=3C=CC(C)=CC3)C4CC4
XS848768a,CC(NC(=O)C=1C=CC(=CC1)S(=O)(=O)N2CCCC2)C=3C=CC=CN3
XS709226b,CCOC=1C=CC=C(C1)C(=O)N2CCC(CC2)C(=O)N3CCCC(C)C3
XS848770a,CC=1C=C2N(CC(O)COC=3C=CC4=CC=CC=C4C3)C(C)=CC(=O)N2N1
XS848766a,CCCOC=1C=CC(=CC1)CCC(=O)N2CCOCC2C3=NC(C)=NO3
XS838343b,CC1=NNC=2C=C(N=CC12)C(=O)N3CC(=O)NC=4C=CC=C5CCCC3C54
XS839933b,COC=1C=C(C)C(=CC1OC)S(=O)(=O)N2CCCC2C=3C=NN(C)C3
XS840055b,CC(NC1CN(C1)S(=O)(=O)N(C)C)C=2C=NC=C(Br)C2
XS848773a,COC=1C=CC(=CC1OC)C2CCCN2CC3=NN=C(O3)C=4C=CC=CC4
XS848789a,COCC(C)NCC(=O)NC=1C=C(C=CC1N2CCOCC2)C(F)(F)F
XS841461b,O=C1CC(CN1)C=2C=CC=C(C2)NC=3C=NC4=CC(Cl)=C(Cl)C=C4N3
XS848790a,CNC(=O)C=1C=CC(=CC1)S(=O)(=O)N2CCNC(=O)C2C=3C=CC=CC3
XS785150b,COC=1C=CC=2CN(CCOC2C1)C(=O)C3CC(=O)N(C3)C4CCCCC4
XS556543b,O=C(NCC1=NC=2C=CC=CC2S1)C3CCCN3C(=O)C4CCCCC4
XS838339b,N#CC=1C=CC(CNC(=O)NCC(CC=2C=CC=CC2Cl)C(N)=O)=NC1
XS842331b,CC(CNC(=O)C1=CC=2C=CC(Br)=CC2C(=O)N1)C3=NC=CN3
XS837658b,O=C(OCCC1COCCO1)C=2C=CC=C(C2)N3CCCNS3(=O)=O
XS150397c,CC1=NOC(C)=C1CCC(=O)NC(C2=NC=CN2C)C=3C=CC(Cl)=CC3
XS848783a,CC(NC=1C=CC(=CC1)NC(=O)C2CC2)C(=O)NC=3C=CC(F)=C(Cl)C3
XS398410b,COC=1C=C2CCN(CC2=CC1OC)C(C)C(=O)NC=3C=CC=CC3Cl
XS848785a,COC=1C=CC(=CC1)OC(C)C(=O)NCC=2C=CC(=CC2)N3CCCC3=O
XS799692b,CCC1=NOC(=N1)C(C)N(C)CC=2C=CC(=CC2)C(=O)NCC(F)(F)F
XS848788a,O=C(CN1CCCC1C2=CC=CS2)N3CCN(CC3)C=4C=CC(F)=CC4
XS848791a,CC=1C=CC=C2C(=O)N(C=NC12)CC(=O)N3CCCC(C3)NC(=O)C(C)C
XS842518b,CC=1C=CC(=CC1)C2=NN=C(CN(C)C(C)C=3C=CC(=CC3)N4C=NC=N4)O2
XS848782a,COC=1C=CC=C(C1)S(=O)(=O)N2CCC(C2)OC=3C=CC(Cl)=CC3
XS841222b,O=C(NNS(=O)(=O)C=1C=CC=CC1Cl)C2COC=3C=CC=CC3O2
XS848787a,CC(NC(C)(C)C)C(=O)NC=1C=CC(=CC1)CC2=NC=3C=CC=CC3S2
XS841680b,CC1(C)CN(CC(C)(O1)C(F)(F)F)C(=O)C=2C=NC=C(N2)N3C=CC=N3
XS848786a,CCN1CCCC1CNC(=O)C2=NN3C(=O)C=C(NC3=N2)C=4C=CC=CC4
XS836462b,O=S(=O)(C1=CC=C(S1)C2=NN=NN2)N3CCOCC(C3)C4CCC4
XS840717b,CCC1=C(C=NN1C=2C=CC(=CC2)C(F)(F)F)C(=O)OCC3CCOC3
XS848784a,CC1=NC(=CC2=NN=CN12)N3CCC4(CC4N(C)CC5=NC=CS5)CC3
XS848780a,CCC(CC)C(NC(=O)C=1N=NN(C1C)C2CCNCC2)C=3C=CC=CC3
XS559368b,O=C(NCC=1C=CC=CC1OC2CCCC2)C3CC(=O)N(CC(F)(F)F)C3
XS838011b,CC1=C(N=NN1C=2C=NN(C)C2)C(=O)N3CCCN4C=5C=CC=CC5CC4C3
XS388288b,CC(C)OC=1C=CC=C(C1)C(C)NC(=O)CCC2=NC=3C=CC=CC3C(=O)N2
XS394230b,CC(=O)NC=1C=CC(=CC1)NC(=O)C(C)OC(=O)CC2=CNC=3C=CC=CC23
XS392482b,COC=1C=CC(=CC1Br)S(=O)(=O)N2CCN3C=CC=C3C2C
XS841526b,CN1N=CC=2C=C(C=C(O)C21)C(=O)N3CCC(O)(CC=4C=CC(Cl)=CC4)C3
XS848800a,COC=1C=CC=C(C1)NC(=O)C(NCC2=NN=C3C=CC=CN23)C=4C=CC=CC4
XS848793a,CC=1C=CC(=CC1)C2=NN=C(CCC(=O)OC(C)C(=O)NC3CCCCC3)O2
XS848796a,O=C(COC=1C=CC=CC1Cl)N(CC2=CC=CO2)C3CCS(=O)(=O)C3
XS507173b,CC(C)N1C=NC(=C1)S(=O)(=O)N2CC=3C=CC=CC3C(C2)C=4C=CC=CC4
XS688630b,CC=1C=CC(=CC1)CN(C)C(=O)CN2CCCC(C2)C(=O)NC=3C=CC=CN3
XS848798a,CC=1C=CC(C)=C(C1)CS(=O)(=O)C(C)C(=O)N(C)CC=2C=CC=C(F)C2
XS840936b,O=C(COC=1C=CC(=CC1Cl)C=2N=NNN2)NC3CC(=O)N(C3)C4CC4
XS679812b,COC1=CC(=CC(=C1)OC)NC(=O)C2CCCN2C=3N=CN=C4C=CC=CC34
XS012145d,CCOC=1C=CC=2OC(C(=O)N3CCN(CC3)C(=O)C4CCCO4)=C(C)C2C1
XS799110b,CC(C)N1N=CC=2C(=CC(=NC21)C3CC3)C(=O)N(C)C4CCS(=O)(=O)C4
XS199193c,CC(=O)NC=1C=CC=C(C1)C=2CC(C3=CC=CS3)N(N2)C(=O)C4=CC=CO4
XS848792a,CN1C=CN=C1C(NC(=O)CCNC(=O)C=2C=CC=CC2)C=3C=CC=CC3F
XS848797a,CSC=1C=CC(=CC1)N2CC(CC2=O)C(=O)NCCNC(=O)C3=CC=CO3
XS842694b,O=C1CC(CN1C=2C(F)=CC=CC2F)C3=NC(=NO3)C=4C=NN5CCCNC45
XS848799a,CCOC(=O)CSC=1NC(=O)CC(C=2C=CC(=CC2)OC(F)F)C1C#N
XS848795a,CC1=NOC(C)=C1S(=O)(=O)NC(C2=NC=CN2C)C=3C=CC(Cl)=CC3
XS841522b,O=C(CN1C=CC=2C=CN(CC=3C=CC=CC3F)C2C1=O)NCC4CCOC4
XS848794a,CC1=CC(=NC2=C(C)C=CC=C12)SCC(=O)NC3(C)CCS(=O)(=O)C3
XS848810a,CC(C1=NC=2C=CC=CC2N1C(F)F)N3CCN(CC(=O)N4CCCC4)CC3
XS848812a,O=C(NC=1C=CC=C(C1)C2CCC(=O)N2)C=3C=CC(=CN3)OC=4C=CC=C(F)C4
XS848805a,CC1=NN(C=C1C=2C=CC=CC2)CC(=O)NC3CC(C)(C)OC=4C=C(F)C=CC43
XS632570b,CC1=NN(CC=2C=CC=CC2)C(C)=C1C3COCCN3C(=O)C4=CC=C(C#N)N4
XS836760b,N#CC=1C=CC(=CC1)CNC=2C=C(Cl)C=CC2C(=O)N3CCCCC3CCO
XS848803a,CC=1C=C(N(C)N1)N2CCC(NC(=O)COC=3C=CC=C(C3)C(F)(F)F)C2=O
XS848808a,CC(O)CNC1=NC=2C=CC=CC2N1CC(=O)NC=3C=CC(=CC3)C(F)(F)F
XS848807a,CN1N=CC=2C(=O)N(C=NC21)CCC(=O)NC(C3=CC=CS3)C=4C=CC=CC4
XS848806a,CCC1CCCN1C(=O)C(=O)N2CCN(CC2)C(=O)C3=CC=4OC=CC4S3
XS837105b,CC=1C=CC(OCC(=O)N2CCCC2C=3C=CC=4OCCOC4C3)=C(N1)[N+]([O-])=O
XS848813a,CC(C)NC(=O)N1CCCC(C1)C(=O)NC2=C3CCCC3=NN2C=4C=CC=CC4
XS830899b,CCN(CC(=O)NC1CCS(=O)(=O)C1)C(=O)C2=CC=3C(F)=CC=CC3S2
XS848802a,COC=1C=CC(=CC1OC)C2CC(=NN2C(=O)CCC(=O)O)C=3C=CSC3
XS848801a,CC1=CC=C(O1)C(CNC(=O)CC=2C=CC(Br)=CC2)N3CCCC3
XS848814a,CC1=CN(C)N=C1C(=O)NC2CN(CCC32CCC3)C(=O)C=4C=CC(C)=C(F)C4
XS786706b,COC=1C=CC(=CN1)NC(=O)C(NS(=O)(=O)C=2C=CC(Cl)=CC2)C(C)C
XS848811a,CCN(CC)S(=O)(=O)C=1C=CC(=CC1)C(=O)NC(C)C=2C=CC=CC2Cl
XS412674b,CC(C)(C)C=1C=CC=CC1OCC(=O)N2CCCC(C2)C3=NN=C4C=CC=CN34
XS841806b,COCC(C)C(=O)N1CCOC2(CCN(CC2)C(=O)CC3CC(F)(F)C3)C1
XS848809a,NC=1N=CN=C2C1N=CN2CCC(=O)N3CCCC4(CCCC=5C=CC=CC54)C3
XS842576b,CCCN(CC(=O)NC1CCCC=2C=CC=CC21)CC3=NN=C(O3)C4=CC=CO4
XS578269b,CC=1N=C(SC1C(=O)N2CCN(CC2)C(C)C=3C=CC=NC3)C=4C=NN(C)C4
XS842404b,CC=1SC(=NC1C=2C=CC=CC2F)C(C)(C)NC(=O)C3CCC=4NC=NC4C3
XS848804a,CC=1C=C(C(=O)N2CCCC(C2)S(=O)(=O)N3CCC=4C=CC=CC43)N(C)N1
XS842208b,O=C(NC1CCCC2=CN(CC(F)(F)F)N=C21)C3=CN(N=N3)C=4C=CC=CC4
XS757617b,CC=1N=C(SC1C(=O)NC2CCN(C2=O)C=3C=CC(C)=CC3)C=4C=NN(C)C4
XS848819a,CC(OC(=O)C1CCN(CC1)S(=O)(=O)C=2C=CC=CC2)C(=O)NC3CCCC3
XS848821a,CN(CCC=1C=CC=CC1)C(=O)C=2C=NN3CCC(CNC(=O)C=4C=CC=NC4)CC23
XS074349b,CC=1C=CC(=CC1NC(=O)CNC(C)C=2C=CC=CC2)S(=O)(=O)N3CCCCC3
XS848825a,CC(C(=O)N(C)C1CCCCC1)S(=O)(=O)CC2=CSC(=N2)C3=CC=CS3
XS848824a,CC=1C=CC(C)=C(C1)OCC(O)CN2C(=O)C=3C=NN(C=4C=CC=CC4)C3N=C2C
XS848823a,COC=1C=CC(=CC1)C(NC(=O)C=2C=NN(C2C)C=3C=CC(F)=CC3)C4=NC=CN4C
XS848826a,COC1=CC(=CC(OC)=C1OC)C(C)NC(=O)C=2C=CC(=O)N(N2)C=3C=CC=CC3
XS848830a,O=C(CCN1C(=O)OC=2C=C(Cl)C=CC21)N3CCCC3CC=4C=CC=C(F)C4
XS700314b,CC1=CC=CC(C)=C1NC(=O)CNC(=O)C(C)N(C)CC(=O)NC=2C=CC(F)=CC2
XS848817a,CC1CC(=O)NC=2C=CC=CC2N1C(=O)CN(C)CCOC=3C=CC=C(Cl)C3
XS848828a,COC=1C=CC(CN(C)CC(=O)N2CCC(C)SC=3C=CC=CC32)=C(C1)OC
XS848815a,CC(C)C(=O)NCC1CCCN(CC2=NN=C(O2)C=3C=CC(Cl)=CC3Cl)C1
XS635967b,CC(C)(C)C1=NOC(CCC(=O)NC2CCOC=3C(Br)=CC=CC32)=N1
XS848827a,COC=1C=CC(=CC1F)NC(=O)C2CC(=O)N(CCC=3C=CC(OC)=C(C3)OC)C2
XS478894b,CC1=CC(=C(C)S1)S(=O)(=O)N2CCN(CC2)C(=O)C(C(C)C)N3C=NC=N3
XS839737b,CCCS(=O)(=O)NC=1C=CC(=C(C1)OC)S(=O)(=O)N(C)CC2CCOC2
XS848816a,O=S(=O)(NC(CN1CCOCC1)C=2C=CC=CC2)C=3C=C(Cl)C=C(Cl)C3
XS848831a,CC=1C=C(NC(=O)CN2CCCC2C=3C=CC=4OCCOC4C3)N(N1)C=5C=CC=CC5
XS848829a,COC=1C=CC(=CC1)C2CCCN2CC(=O)NCC(=O)NC=3C=CC(F)=C(F)C3F
XS842128b,CC(O)(CN1C=CC=CC1=O)C(=O)NCC=2C=CC(=CC2)N3CCCS3(=O)=O
XS848820a,COC=1C=CC=2CC(C=3C=CC=CC3)N(CC2C1)C(=O)NC=4C=NC(=NC4)N(C)C
XS841844b,CC(NC(=O)C=1N=C2NS(=O)(=O)C=3C=CC=CC3N2N1)C=4C=CC=C(Cl)C4
XS836778b,O=C(CC1CCS(=O)(=O)C1)OCC(=O)N2C=3C=CC=CC3CCC=4C=CC=CC42
XS848832a,COC=1C=C2CCN(C(=O)C=3C=C4C=CC=CC4=NC3C)C(CC(=O)O)C2=CC1OC
XS848818a,CCOC=1C=CC(=CC1)N2CC(CC2=O)C(=O)N3CCN(CC3)C=4C=CC=C(C)C4
XS848850a,NC(=O)C(NC(=O)C=1C=CC(=NC1)N2CCCCCC2)C=3C=CC=C(Br)C3
XS848834a,CC(SC1=NN=C(C2CC2)N1CC3=CC=CO3)C(=O)N4CCN(CC4)C=5C=CC=CC5
XS848848a,CCN1C(=O)C(=O)NC=2C=C(C=CC21)C(=O)NC(C=3C=CC=4OCCOC4C3)C(C)C
XS840348b,O=C(NCC=1C=CC=CC1OCC(F)(F)F)N2CCCC(CC2)N3CCCS3(=O)=O
XS840609b,[O-][N+](=O)C=1C=C(C=CC1N2CCOCC2)C(=O)NC(CN3C=NC=N3)C=4C=CC=CC4
XS848846a,COC=1C=CC(=CC1)C=2CC(C3=CC=CO3)N(N2)C(=O)CN4CCN(CC4)C(=O)C5=CC=CS5
XS848845a,CC1=CC=C(O1)C2=NN(C=C2C(=O)N3CCCC(CNS(C)(=O)=O)C3)C=4C=CC=CC4
XS848849a,CC=1N=C(NC(=O)C1CCC(=O)NC2CCC(C)(C)C=3C=CC=CC32)N4CCOCC4
XS848835a,CC(=O)NC=1C=CC(=CC1)C(=O)OC(C)C(=O)NC=2C=CC=C(C2)S(=O)(=O)N(C)C
XS841318b,CN1C=CN=C1C(NC(=O)CC=2C=C(Cl)C=3OCCCOC3C2)C=4C=CC(F)=CC4
XS840430b,COCC(C)NC(=O)C=1C=C(C=CC1N2CCOCC2)S(=O)(=O)N3CCCCC3
XS848840a,COC=1C=CC(=CC1OC)C2CCCN2CC(=O)N(CC3=CC=CO3)CC=4C=CC=CC4
XS848837a,COC=1C=CC(=CC1)C(CNC(=O)C=2C=CC(C)=C(C2)NC(=O)C3=CC=CO3)N4CCCC4
XS848833a,CC=1NC=2C=CC=CC2C1C(=O)C(C)N3CCN(CC3)S(=O)(=O)C=4C=CC(C#N)=CC4
XS836753b,CCOC(=O)C1=C(CN2CCN(CC2)C=3C=C(C)N=C(N3)C(C)C)NC(=O)NC1CC
XS848838a,CC(C)CN1CCOC(CNC(=O)C=2C=CC=C(C2)S(=O)(=O)N3CCNC(=O)C3)C1
XS848842a,O=C(NC=1C=CC=C(Br)C1)C=2C=CC=3CN(C(=O)C3C2)C4CCC(=O)NC4=O
XS848839a,CC(=O)NC(CC1=CNC=2C=CC=CC12)C(=O)N3CCC(CC3)C4=NC=5C=CC=CC5S4
XS848841a,CCCC=1C=CC(=CC1)N2CC(CC2=O)C(=O)N3CCC(CC3)C4=NN=C5C=CC=CN45
XS848836a,CN(C)S(=O)(=O)C=1C=CC(=C(C1)C(=O)NC2CCCC=3C=CC=CC32)N4CCCC4
XS680482b,CC(C)C(NS(=O)(=O)C1=CC=CS1)C(=O)NCC2(CCCCC2)N3CCOCC3
XS837899b,O=C1C=C(NC(=O)N1)C2CCN(CC3=COC(=N3)C=4C=CC(F)=C(C4)C(F)(F)F)C2
XS848843a,CC=1C=CC=CC1N2N=CC(C(=O)N3CCCC(C3)C4=NN=C5C=CC=CN45)=C2C6CC6
XS181683b,CN1C=CN=C1C(NC(=O)CC=2C=C(Cl)C=3OCCCOC3C2)C=4C=CC(Cl)=CC4
XS848844a,CC(C)N1N=CC=C1NC(=O)C(C)N2CCN(CC2)S(=O)(=O)C3=CC=CC4=NSN=C34
XS848859a,CCCC(C)(N)C(=O)NCC1=NC(C)=CS1
XS848855a,O=C(NC=1C=NNC1)C2COC=3C=CC=CC3C2
XS837852b,O=C(C1CCCCO1)N2CCCN3N=NN=C23
XS838400b,FC=1C=NC=C(N1)N2CCC(C2)C(F)F
XS841984b,COC=1C=CC(=CC1F)C(C)NC2=NN=C(C)O2
XS840800b,C=1C=CC(=CC1)C=2CC3C=4C=CC=CC4OCN3N2
XS848860a,CCN(C(=O)NC1CC1)C(C)C=2C=CC=C(O)C2
XS848856a,C1=CC=2OCCOC2C(=C1)C3CCCN3
XS839950b,CC1=CC(=NS1)C(=O)N(C)C(C)CCO
XS848854a,COC=1C=CC=CC1C2=CN(CC(C)O)N=N2
XS783654b,CN1C=CN=C1CN2CCCC2CN3C=CC=N3
XS848857a,CC1=NNC=C1CNC(C)C=2C=CC(Cl)=CC2
XS848862a,CC(C)CNC(=O)N1CCC(C1)C=2C=CC=CC2
XS848858a,CNC(=O)NC(=O)C(C)N1CCC=2C=CC=CC21
XS848853a,CC(NC(=O)C1CCCC1)C=2C=CC=CN2
XS848852a,CNC(=O)N1CCCC1C=2C=CC(F)=CC2
XS837471b,CN1N=CN=C1C(=O)NCC2CC2(C)C
XS840860b,C1=CNC(=N1)C2=NC(=CS2)C3CCOC3
XS841094b,CC#CC(=O)NCCC1(O)CCCOC1
XS838231b,CC1CSCCCN1C(=O)CC2=CN=CN2
XS848851a,CN1N=CC=C1CS(=O)C=2C=CC(O)=CC2
XS837201b,CNC(=O)N1CC(C)CC(C)(C)C1
BD008867b,CCC(C)NC=1N=CN=C2C=CC=CC12
XS848861a,COC(=O)C=1C=CC(=CC1)N2CCNC(C)C2
XS838096b,CC(NC1=CC(=O)NC(=O)N1)C=2C=CC=CC2
XS848878a,CC1=CN2CC(CCC2=N1)NC(=O)C=3C=COC3C
XS838667b,CC=1N=C(NCCC2CCC(C)(C)CO2)OC1C#N
XS842439b,COC(=O)C=1C=NC=C(N1)N2CCSCCC2C
XS848864a,CCC(C#N)NC(=O)CC=1C=CC(=CC1)N2C=NN=N2
XS848872a,CC(C(N)=O)N1CCN(CC1)C(=O)N2CCCCC2
XS842580b,CC1CN(CC2=CN=CS2)CCN1CC(C)(C)O
XS848866a,CN(C(=O)CC=1C=CC=CC1Cl)C2CCNC2
XS848875a,N#CC=1C=CC(=CC1)C(=O)N2CCCC(C2)C(N)=O
XS848867a,CCC1C(=O)NCCN1C(=O)C=2C=CC=C3C=CNC23
XS848873a,CCCC(C)NC(=O)C=1C=CC(=NC1)N2C=CC=N2
XS848870a,COC(=O)C1CCCN(C1)C(=O)NC=2C=CC=CC2
XS031801c,CCOC(=O)C=1C=NN(C1N)C2CCS(=O)(=O)C2
XS848868a,CNCC1CCCN(C1)C(=O)CC=2C=CC=C(C)C2
XS848871a,CC(NC=1C=CC2=NN=NN2N1)C=3C=CC=CC3F
XS848876a,CCNC(=O)CN1CCCC1C=2C=CC(Cl)=CC2
PK009098b,CC1=CC(=NO1)NC(=O)C(C)SC=2C=CC=CN2
XS510004b,CCN1CC(CC1=O)C2=NC(CC=3C=CC=NC3)=NO2
XS840151b,NC(=O)C1=NC=C(NC(=O)CC2CCCO2)S1
XS848879a,CC1=CN2CC(CCC2=N1)NC(=O)C=3N=COC3C
XS837334b,CC=1C=C(Br)C(=O)N(CC(C)C(C)C)N1
XS839412b,N#CCC1(O)CCN(C1)C(=O)C2=CC=C(O2)[N+]([O-])=O
XS848877a,CC=1C=C(F)C=CC1NC(=O)C(C)OCC(C)C
XS848865a,NC(=O)N1CCCC(C1)C(=O)NCC=2C=CC=CC2
XS848869a,CCC(C)NC(=O)COC=1C=CC(=CC1)C(=O)OC
XS848874a,CC=1NC=2C=CC(=CC2C1C)C(=O)N3CCCC(C)C3
XS837493b,OCC1CC(F)(F)CN1CC2=CNC=3N=CC=NC23
XS840053b,CC(NC(=O)C1=NC=NN1)C2=NNC=3C=CC=CC23
XS848894a,CC(NC(=O)CNC(=O)C1CCCC1)C=2C=CC=CC2
XS848882a,O=C(COC=1C=CC=CC1F)NC2CCC(=O)NC2=O
XS848886a,CCC1=CN=C(NC(=O)C2CCCC=3NN=NC32)S1
XS848888a,CCC(OC=1C=CC=CC1)C(=O)N(C)CC=2C=CC=NC2
XS848887a,O=C(NC=1C=CC=CC1O)C2CC=3C=CC=CC3C(=O)O2
XS848884a,CC=1C=C(C)N(CC(O)COC=2C=CC=C3NC=CC23)N1
XS848890a,O=C(NCC=1C=CC=2OCCOC2C1)C3CC=CCC3
XS848889a,CC1CCCCN1C(=O)C=2C=NC=C(Br)C2
XS848897a,CCC(NCC=1C(C)=NOC1C)C=2C=CC=C(Cl)C2
XS036984c,CC(=O)NC=1C=CC=C(C1)NC(C)C(=O)N2CCCC2
XS848885a,CCOC=1N=CC=CC1C(=O)NC2CCC=3C=CC=CC32
XS848880a,O=C(CC1=CC=CS1)N2CCCC(C2)N3C=CN=C3
XS848896a,CN(CC1=CC=C(Cl)S1)C(=O)C2CCC(=O)NC2
XS848899a,CC=1C=CC(Cl)=CC1S(=O)(=O)NC2CCNC2
XS660335b,CCOC=1C=CC(=CC1)S(=O)(=O)NCC2CCCO2
XS664747b,CC=1C=CC(O)=C(C1)C(=O)N2CCN3C(=O)CCC3C2
XS848891a,CC(C(=O)NC1=NC(=CS1)C(C)(C)C)N2C=NC=N2
XS848895a,CC=1C=CC(=CC1)OCC(=O)NC2CCCCNC2=O
XS848881a,CC1=NC(=CN1)C(=O)N2CCCCC2C3=NC=CS3
XS840770b,C=CCNC(=O)CS(=O)(=O)C(CC)C=1C=CC=CC1
XS724934b,COC=1C=CN=C(C1)NC(=O)C2CCOC=3C=CC=CC32
XS838149b,CC=1C=[N+]([O-])C=CC1N2CCCC(C2)NC=3C=CC=CC3
XS605444b,CN1CCC(NC(=O)C2=CC(=NN2C)C(C)(C)C)C1=O
XS848892a,O=C1C=C(CN2CCCCC(CO)C2)C=3C=CC=CC3N1
XS848893a,CC1=NOC(C)=C1CN(C)C(=O)C2CC=3C=CC=CC3O2
XS848883a,CC=1C=CC(C)=C(C1)OCCCN2CCCC2C(=O)O
XS848898a,CC=1C=C(N)N=C(N1)SCC(=O)N2CCCCC2C
XS840320b,C#CCC(NC=1N=C2C=CC=CC2=NC1F)C(=O)OCC
XS840225b,CC1=NOC=2N=CN=C(C12)N(C)C(C)CC3=CC=CS3
XS396859b,C1=CN(CC2CN(CCO2)C=3N=CN=C4C=CC=CC34)N=C1
XS848900a,N#CC=1C=CC=C(C1)C(=O)N2CCC(C2)NC=3C=CC=CC3
XS848905a,O=C(C1CCCO1)N2CCN(CC2)C=3N=CC=CC3Cl
XS848904a,CCC=1C=CC(=CC1F)NC(=O)C2CCN3C=NC=C3C2
XS384839b,O=C(C=1C=CC=CC1)N2CCCC2C(=O)N3CCOCC3
XS839543b,C=CCCOC(C)C(=O)N1CC=2C=NNC2CC(C)(C)C1
XS848907a,O=C(C=1C=CC=2OCOC2C1)N3CCCC3C=4C=CN=CC4
XS848906a,CC1CCCN(C1)C(=O)C2=CC=C(NC(=O)C3CC3)S2
XS848909a,O=C(C1COC=2C=CC=CC2C1)N(CC3=CC=CO3)C4CC4
XS557443b,COC=1C=CC(=CC1)C(NC(=O)NC2(C)CCC2)C3CC3
XS419497b,CC(NC(=O)CC1=CN2C=CSC2=N1)C3=CC=CS3
XS599189b,N#CC=1C=CC(=CC1)CCC(=O)NC2CCC3=NC=CN3C2
XS630725b,CC1=NOC(=N1)C2CN(CCN2C)C(=O)C3=CC=CN3C
XS848908a,COCC(C)NS(=O)(=O)C=1C=CC(C)=C2N=CC=CC12
XS848910a,O=C(NCC1=CC=CS1)NC(CO)CC=2C=CC=CC2
XS802773b,CC=1C=CN=C(N1)N2CCCC(C2)C3=NOC(=N3)C(C)C
SG000100d,CCN1CCN(CC1)C(C)CNC(=O)NC=2C=C(C)ON2
XS848903a,COC=1C=CC(=NN1)C(=O)N2CCCC2C3=NOC(C)=N3
XS671763b,COC=1C=CC(=CN1)NC(=O)CN2CCCCC(O)C2=O
XS848901a,NC(=O)C=1C=CC=C(C1)CNC2CCCOC=3C=CC=CC32
XS837359b,CC1=CC(CNC2=NN=C(O2)C3CC43CCOCC4)=NO1
XS837292b,C#CCOCCC(=O)N1CCC2(C1)CCCC=3C=CC=CC32
XS839925b,COCC1CCCCN(C1)C(=O)NCCC2=NN=NN2C
XS848902a,OCC(NC=1N=CC(Br)=CN1)C=2C=CC=CC2
XS783754b,CCC=1C=CC=NC1NC(=O)C2CC(=O)N(C2)C(C)(C)C
XS848918a,CC1=NN(C)C(C)=C1CCC(=O)NCC(C)C=2C=CC=CC2
XS840549b,CCC1=NSC(=N1)NC(C)C2=NC=3C=CC=CC3N2CC
XS848915a,O=C(CN1C=C(C=CC1=O)C(F)(F)F)NCC2CCCO2
XS840389b,CC(C)N(C(=O)C(C)NC=1C=CC=2NC(=O)NC2C1)C(C)C
XS848911a,CC1=NN(C)C(C)=C1NC(=O)CN2C=3C=CC=CC3CC2C
XS684671b,CC1=CC(=NN1)C2CCCN(C2)C(=O)CC3=CSC(C)=N3
XS716648b,CC1=CSC=2N=C(C)N=C(NC3CCCN(C3)C(N)=O)C12
XS848919a,CCC=1OC=NC1C(=O)N2CC(C=3C=NN(C)C3)C(C)(C)C2
XS840705b,O=C(NCC1CCCCC1(F)F)C2=CSC3=NC=CN23
XS848917a,CC(C(=O)NC(=O)NC1CC1)N(C)CCOC=2C=CC=CC2
XS837926b,COCC=1C=C(N(C)C(C)C=2C=CC=CN2)N3N=CN=C3N1
XS848912a,CC=1C=NN(C1)CC2CCCN2C(=O)CCC3=CC=CS3
XS507530b,O=C(NC1CC1)C2CCCN2C=3C=CC(=CN3)C(F)(F)F
XS803898b,COC=1C=CC=CC1NC(=O)NC2CCCC3=C2C=NN3C
XS848921a,COC=1C=CC=C(C1)CC(=O)N2CCN(CC2)C(C)CC#N
XS652418b,CC1=CC(=NO1)C(=O)NC2CCCN(C=3C=CC=NC3)C2=O
XS580739b,CC(=O)N1CCC(C1)C(=O)NC=2C=NC=NC2N3CCCC3
XS732139b,CC1=NOC(=N1)C(NC(=O)C=2C=CN=CC2)C3CCOCC3
XS837586b,CC1(C)CCOC(=O)C1NC(=O)C2=NNC=3N=CNC(=O)C23
XS848914a,N#CC=1C=CC(=CC1)SC2CCN(C2=O)C3CCOCC3
XS840145b,O=C(NCC1CCCCC1(F)F)N2CCN3N=CN=C3C2
XS838713b,O=C(O)C1=CCC(C1)NCC=2C=CC=CC2N3CCCCC3
XS848920a,CC1=CC=C(C(=O)N2CCC(C2)C=3C=C(O)N=C(N)N3)N1C
XS841992b,O=C(CC(N1C=CN=C1)C(F)(F)F)NCCC2=CC=CO2
XS848916a,CC=1C=CC=CC1NC(=O)C(C)OC(=O)CC=2C=CSC2
XS848913a,CCC1(O)CCN(CC1)C(=O)CC(C=2C=CC=CC2)C(C)C
XS842433b,CC1CC(=NO1)NC(=O)C(C)(C)OC=2C(F)=CC=CC2F
XS469142b,CCC=1C=CSC1C(=O)N2CCCC(C2)C3=NNC(=O)O3
XS841615b,CC(CN(C)S(=O)(=O)CC=1C=CC(F)=CC1)C2=NN=NN2
XS848922a,CN(C(=O)CC1=CNC=2C=CC=CC12)C3CCS(=O)(=O)C3
XS605734b,CC1=CSC(=O)N1CC(=O)NC(C)C=2C=CC=C(Cl)C2
XS848926a,CCC1=C(C=NN1C=2C=CC(C)=CC2)C(=O)N3CCOC(C)C3
XS841547b,C1=COC(=C1)C2N(CC32CCOCC3)C4=CN=CC5=NC=NN45
XS842312b,CC=1C=CC2=CC(=CN=C2C1)NC(=O)C=3C=NN(C3)CC(C)N
XS838662b,CNC=1C=NN(C(=O)C1Br)C(C)C=2C=CC=CN2
XS848923a,CC1=CC(C)=NN1C=2C=NC=C(N2)N3CCN4CCCCC4C3
XS848927a,CC(OC=1C=CC=CC1)C(=O)NC=2C=CC=NC2N3C=CC=N3
XS836572b,CC1CCN(CC2=CN=C3C=NC=CN23)C=4C=CC=CC4S1
XS848930a,CC1=NN(CC(C)C)C(C)=C1CC(=O)N2CCC(C2)C(N)=O
XS848928a,CCN1CC(CC1=O)C(=O)NC=2C=NC(=NC2)C=3C=CC=CC3
XS409080b,CCC1=CSC(=N1)C2CCCN(C2)C=3N=CN=C4NC=CC34
XS848929a,CC(=O)N1CCCC(C1)C2=NN=C3C=CC(=CN23)C(F)(F)F
XS837968b,O=S(=O)(CC=1C=CC=CN1)NC(CF)C=2C=CC(F)=CC2
XS839365b,N#CC=1C=CC(=CN1)N2CCCC(C2)NC/C=C/C3=CC=CO3
XS716343b,CN(CC=1C=CSC1)C(=O)C2CC(=O)N(C2)C3CCCC3
XS194241d,O=C1CC(CN1C=2C=CC=C(Cl)C2)C3=NC=4C=CC=CC4N3
XS848924a,O=C(C=1C=CC=2CCCC2C1)N3CCC(O)(CN4C=CN=N4)C3
XS842366b,CC(NC(=O)C1=CNN=C1C=2C=CC=CC2)C3=NN=C(N)S3
XS839486b,O=S(=O)(CC=1C=NC=C(C1)C(F)(F)F)CC2CCOC2
XS716172b,N#CC=1C=CN=C(C1)N2CCN(CC2)C(=O)C3CCC(=O)NC3
XS842704b,CC(C1CC1)N2N=C(CCC2=O)C=3C=CC=4NC(=O)CCC4C3
XS848931a,COC=1C=CC(=CC1)OCC(O)CN2C(=O)CC(C)(C)C2=O
XS848925a,O=S(=O)(NCCC1CCCO1)C=2C=CC=3CCCCC3C2
XS848941a,CC(CNC(=O)C=1C=CC=NC1N2CCOCC2)N3CCCC3
XS837338b,O=C(CC=1C=NSC1)N2CCCCC2C3(N=N3)C(F)(F)F
XS848933a,C1=CN(CC2CN(CC3=NC(=NO3)C=4C=COC4)CCO2)N=C1
XS550664b,CC1=NN(C)C(C)=C1CNC(=O)C2NCCOC=3C=CC=CC32
XS848936a,O=C(CCC1=NC=C(O1)C=2C=CC(F)=CC2)NCC3CCCO3
XS837268b,CC(C)C=1C=C(NC(=O)CN2CCCC(C2)C(F)(F)F)ON1
XS836819b,CC(C)C1N(CC21CCCC2)C3=C(C#N)C(=O)N(C)C(=O)N3C
XS848935a,O=C(C=1C=C(NN1)C2CC2)N3CCCC(O)(CN4C=CN=N4)C3
XS848939a,CCN1C(=O)C=2C=CC=CC2NC1C3=CC(C(=O)OC)=C(C)O3
XS848938a,CC(C)N1N=C(C(=O)NCC2CCCO2)C=3C=CC=CC3C1=O
XS848942a,O=C(NCC=1C=CN=C(C1)OC2CCCC2)C3CCC(=O)NC3
XS848943a,CC(C(N)=O)N1CCN(CC1)S(=O)(=O)C=2C=CC=CC2F
XS848932a,CC(NC(=O)CN1CCCCCC1)C=2C=CC=3CCCCC3C2
XS848934a,CC1=NC(=CS1)CC(=O)N2CCCC2C3=NOC(=N3)C4CC4
XS848940a,CCN1C=NN=C1CNC(=O)C2COC=3C=CC(Cl)=CC3C2
XS785182b,CC1CCN(CC2CCCN(C2)C(=O)NC=3C=NN(C)C3)CC1
XS848937a,CCOC=1C=CC(=CC1)C(C)NC(=O)CN2NC(=O)C=CC2=O
XS819004b,CC(=O)NC1=NC(=CS1)C(=O)N2CCCC2CN3C=CC=N3
XS742167b,CCC1=CSC(=N1)C2CCCN(C2)C(=O)C=3C(C)=NOC3C
XS333944b,COC=1C=CN=C(N1)N2CCN(CC2)C(=O)C(C)N3C=NC=N3
XS396286b,CCC=1N=CN=C(C1F)N2CCCC(C2)C=3C=C(NN3)C(N)=O
XS840931b,CCN(CC=1N=CN(N1)C=2C=CC=CC2)C3CCS(=O)(=O)C3
XS629335b,CCN1N=C(C=C1C2CC2)NC(=O)C3CN4C(C)=NN=C4CN3
XS836723b,CC1CCCN(C1)C(=O)CN(C)S(=O)(=O)C2=CC=CS2
XS841587b,CC1(C)CC(CN1C2=NN=NN2CC=3C=CON3)S(C)(=O)=O
XS838395b,COC(=O)C1CCC2(CN(C2)C=3N=CC=C(N3)OC(C)C)CO1
XS713764b,CC(C(=O)NCC=1C=CC=2OCOC2C1)N3CCC=4C=CC=CC43
XS848946a,CN1C=CN=C1C(NC(=O)NC=2C=CC=NC2)C=3C=CC=CC3F
XS841704b,CN(C(=O)NCCN1N=NC=2C=CC=CC21)C3CCC(F)(F)C3
XS836469b,CC(NC=1C=CC=C(C1)C=2NN=C3CCOCC23)C=4C=CN=CC4
XS841670b,O=C(CC1CC=2C=CC=CC2NC1=O)NC3=CN(CC4CC4)N=N3
XS839190b,O=C1C=NC=2C=CC=C(Cl)C2N1CC3CCCS(=O)(=O)C3
XS642222b,O=C(CCN1CCCC1CN2C=CC=N2)N3CCC=4C=CC=CC43
XS636791b,O=C(NCC1CCCO1)C2=CC=C(S2)C=3C=CC(Cl)=CC3
XS848945a,CN(C(=O)C1=CC=2C=CC=CC2N1)C3CCN(C3)S(C)(=O)=O
XS445463b,COC=1C=CC(Cl)=CC1NC(=O)C(C)OC=2C=CC(F)=CC2
XS838583b,CC=1NN=C(CN(CC2C=CCC2)C3=CC=NC4=CC=NN34)C1C
XS841029b,O=S(=O)(F)C=1C=NC(=CN1)NC2CCN(C2)C=3N=CC=CN3
XS848944a,CC(C=1C=CC(F)=CC1)N(C)CC(=O)NC=2C=C(F)C=CC2F
XS848947a,CC(C(=O)NC=1C=CC=CC1)N2CCN(CC2)C=3C=CC(O)=CC3
XS841241b,CC=1C=CC(=CC1)S(=O)(=O)NCCN(C)CC=2CC(C)ON2
XS615642b,O=C(NCC(F)(F)F)C1CCCN1C=2C=NC3=CC=CC=C3N2
XS841514b,O=C(NC=1C=CC=C(C1)N2C=CNC2=O)C3CCS(=O)(=O)N3
XS837216b,CN1N=CC=C1C(=O)N2CCC=3C=CC=CC3C2(C)C(F)(F)F
XS699714b,O=C(C(C=1C=CC=CC1)N2CCC=3C=CC=CC32)N4CCOCC4
XS681772b,COC=1C=CC=C(C1)C2CCCN2C(=O)C=3C=CC=C4C=NNC34
XS842085b,CC1=NC=2CC(CCC2N1)C(=O)NC=3C=CC=4OCC(=O)NC4C3
XS841118b,CC=1C=CC(=CC1NC(=O)C(C)C=2C=NN(C)C2)S(=O)(=O)F
XS798674b,CN1C=CN=C1C(NCC=2C=NN(C2)C(C)(C)C)C=3C=CC=CC3
XS842052b,CC=1C=CC2=C(C=CN=C2C1Cl)NCC3CN(C(=O)O3)C4CC4
XS840309b,CC(C1=NC(=NO1)C2=CC=CS2)N3C=NC=4SC=CC4C3=O
XS848949a,OC1CCCN(CC2=NN=C(O2)C3=CC=C(Br)O3)C1
XS848956a,CC=1C=C(NC(=O)C=2C=CC=C(C2)NC(=O)C3CCCO3)N(C)N1
XS839036b,CC1=CC(C)=NC(NCC(C)S(=O)(=O)C=2C=CC=CC2)=C1C#N
XS848955a,CC1=NOC(CC2(O)CCCN(CC=3C=CC=C4C=COC34)C2)=N1
XS769908b,CC1CC2(CN1C(=O)C3=CC(=NO3)C=4C=CC=CN4)CCNCC2
XS842735b,NC(=O)C1CSCCN1C(=O)C=2C=NC=C(C2)C=3C=CC=CN3
XS848948a,COCC1=NC(=CS1)C(=O)N2CCCCC2CC=3C=CC=CC3
XS836685b,CC(C)(C)C(NC(=O)CN1C=NC(C#N)=C1C#N)C2=CC=CS2
XS848950a,CCN1C(CN2CCCC2C3=NOC(C)=N3)=NC=4C=C(F)C=CC41
XS742081b,CC(C)C1C(=O)NCCN1C(=O)NC=2C=NN(C2)C=3C=CC=CC3
XS840526b,CC1CN(CCN1C2=NC=CS2)C=3N=CC=C(N3)C(F)(F)F
XS848957a,CCOC=1N=CC=CC1CNC(=O)N2CCCC2C3=CC=CS3
XS848960a,O=C(CNC(=O)C1CC=2C=C(Cl)C=CC2O1)NC=3C=CC=NC3
XS842708b,CC(C)N1C=NC=2C=CC(=CC21)CNC(=O)C3(CC3(C)C)C(=O)O
XS848959a,CCN1CC(CC1=O)C(=O)N(C)CC2=NC=3C=CC=CC3N2CC
XS838559b,C1=CN=C(N=C1)N2CCC(CC2)C3=NN=C(NCC4CCCO4)O3
XS848958a,CC1=NN=C2C=CC(=NN12)N3CCN(CC3)C(C)C(=O)NC4CC4
XS820111b,O=C(NCCC1=NN=CN1C2CC2)C3SCCC=4C=CC=CC43
XS848951a,CCC1=NC(=NO1)C2CCCN2CC3=NC=CN3CC(F)(F)F
XS842377b,O=C1NC(NC=2C=CC=CC12)C3=CNN=C3C4=CC=5C=CC=CC5O4
XS848952a,COC=1C=CC(NC(=O)NC(CCCO)C=2C=CC=CC2)=C(C)C1
XS838731b,CC=1C=CC=C2C1NC(=O)C23NC(C)(C)C(=O)N3CC4CCCC4
XS848954a,CCN1C(=O)N(CC(=O)N2CCCC(C2)C(N)=O)C=3C=CC=CC31
XS475430b,O=C(C=1C=CN(N1)C=2C=CC=CC2)N3CCCCC3CN4C=CC=N4
XS848966a,CN1C(=CC=2C=CC=CC21)C(=O)N3CCCC3C4=NOC(=N4)C5CC5
XS848971a,COC=1C=CN=C(N1)N2CCCN(CC2)C(=O)C3CC(=O)N(C)C3
XS848970a,CC1=NOC(=N1)C2CCCN(C2)C(=O)CN3CCC=4C=CC=CC43
XS837146b,C=CCN(CC=C)C(=O)N1CC=2C=C(Cl)C=CC2C(C1)C(=O)O
XS848961a,CC1=CN2N=C(SC2=N1)N3CCOC(CN4N=C(C)N=C4C)C3
XS848968a,CCN(CC)C(CNC(=O)C=1C=C(ON1)C2CC2)C=3C=CSC3
XS841506b,CC(OC=1C=CC(C#N)=CC1)C(=O)NC=2C=CC=CC2N3C=CN=C3
XS848967a,CC(NC(=O)CC(C)(C)C)C(=O)NCCC=1C=CC=2OCCC2C1
XS660698b,O=C(O)CC(NC(=O)C=1C=CN(N1)C=2C=CC=CC2)C=3C=CC=CC3
XS478409b,COCC=1C=CC=CC1CNC(=O)CN2CCCCC(OC)C2=O
XS848964a,CC(C)(C)NC(=O)CSC1=NN=C(O1)C2CCS(=O)(=O)C2
XS848965a,CCC1=CSC(=N1)C2CCCN(C2)C(=O)CCCN3C=CC=N3
XS848962a,CCC1=NN2C(=O)C=C(CNC(C)CN3C=C(C)C=N3)N=C2S1
XS521295b,CC(NC(=O)C1=CC=CN1)C=2C=C(F)C=CC2N3CCC(O)CC3
XS840467b,COC(=O)C(NC(=O)C1=CC(=O)C=2C=CC=CC2N1)C=3C=CC=CC3
XS837978b,O=C(O)C(CC=1C=COC1)NS(=O)(=O)C=2C=CC=C(C2)C3CC3
XS848969a,CC(OC=1C=CC(Cl)=CC1)C(=O)NC2=NC(=NN2)C(F)(F)F
XS839039b,O=S1(=O)CCC(C1)C2=CN(CC=3N=COC3C(F)(F)F)N=N2
XS431231b,CCN1CCN(CC1C2=NC=CN2C)C(=O)NC=3C=C(C)N(C)N3
XS842002b,CCC1=NN2CCCC(NC=3N=CN=C4C=5C=CC=CC5OC34)C2=N1
XS598427b,CC(C=1C=CN=CC1)N(C)C(=O)NC=2C=CC=C(N2)OCC(F)F
XS836825b,CC=1C=C(O)N=C(N1)C(C)N2CCS(=O)(=O)C=3C=CC=CC3C2
XS553729b,COC=1C=CC=2C=C(NC2C1)C(=O)N(C(C)C=3C=CC=NC3)C4CC4
XS755024b,COC=1C=C(C=CC1Cl)C(=O)N2CCCC2C=3C=CC(N)=NN3
XS848963a,CCCOC1CCCN(C1)C(=O)CC2=COC(=N2)C3=CC=CS3
XS840140b,O=C(O)C(CNS(=O)(=O)C=1C=CC=CC1Cl)C=2C=CC=CC2
XS842487b,CC1CCCN(C1)S(=O)(=O)NC=2C=CC(=CC2)N3N=NNC3=O
XS848973a,CCC(NC(=O)CN1C(=O)C=2C=CC=NC2C1=O)C=3C=CC(C)=CC3
XS785596b,COC=1C=CC=C(C1)C(=O)NC(CN2CCCC2=O)C=3C=CC=CC3
XS581946b,CC1=NN(N=C1C(=O)N2CCCC(C2)N3C=CC=N3)C=4C=CC=CC4
XS848984a,CCC=1C=CC=2C(=COC2C1)CC(=O)NC3CCC4=NC(C)=CN4C3
XS737753b,CC=1C=CC(=CC1)C2CCCN2C(=O)NCC=3C(=O)NC(C)=CC3C
XS842214b,COC1=NSC=C1S(=O)(=O)N(C=2C=CC=CC2)C3CCOC3
XS848978a,O=C(NCC1CCC(=O)O1)C2=CNC=3N=CC(Br)=CC23
XS842000b,CN1N=C(C=2C=C(C=NC21)C(=O)NC3(C)CC=CCC3)C(F)(F)F
XS848975a,CCC=1C=CC(=CC1)NC(=O)CC2CN(CC=3C=CC=CC3)CCO2
XS848983a,CC(CCNC(=O)CN1C=NC2=C(C=NN2C)C1=O)C=3C=CC=CC3
XS848981a,CC(NC(=O)CN1N=C(C=CC1=O)C=2C=CC=CC2)C3=CC=CS3
XS848976a,CC1=NNC(C)=C1C2CCCCCN2C(=O)C=3C=CN4C=CN=C4C3
XS848972a,O=C(C=1C=C(NN1)C=2C=CC(F)=CC2)N3CCCC(C3)N4C=CC=N4
XS848977a,COC=1C=CC=C(C1)C(NC(=O)NC=2C=CC=NC2)C3=NC=CN3C
XS848979a,CC(NC=1C=CC=C(C1)NS(C)(=O)=O)C2=NC(=NO2)C(C)(C)C
XS784748b,OC1(CN2C=CN=N2)CCCN(CC=3C=CC=CC3C(F)(F)F)C1
XS848982a,CC(=O)N1CC(OC=2C=CC=CC21)C(=O)NC=3C=CC=4OCOC4C3
XS848980a,CCN(CCNC(=O)NC1CCS(=O)(=O)C1)C=2C=CC=C(C)C2
XS841478b,CN1C=NC=2C(=NC(=NC21)NC(=O)C3CCC43CCC4)C(F)(F)F
XS842615b,COC=1C=CC=C2C1CCC2NS(=O)(=O)C=3SC(C)=NC3C
XS838234b,C=CN1C=C(C=N1)CN2CCCC(C2)S(=O)(=O)N3CCOCC3
XS836627b,COC=1C=CC=2CC(CCCC2C1)NC=3N=CN=C4SC(C)=NC34
XS848974a,CN(CCC#N)C(=O)CN1CCSCC1C=2C=CC(Cl)=CC2
XS581990b,CC=1N=C2C(C(=O)NN2C)=C(C)C1CC(=O)NC(C)C=3C=CC=CC3
XS842266b,CC1(C)CC(CCNC(=O)CC=2C=CC(=CC2)N3C=NN=C3)C(=O)N1
XS836984b,NC1=CC(C(=O)NC(CCO)C=2C=CC=CC2)=C3CCCCN3C1=O
XS848988a,CC(C)C(=O)NCC1CCCN(C1)C(=O)C=2C=CC3=C(C2)N=CN3C
XS848994a,CC=1C=CC=C(C1)OCCNC(=O)N2CCCC(C2)C3=NN=CN3C
XS841425b,COC(=O)C=1C=CC=C2C1OCCN2C(=O)C(C)N3N=C(C)C=C3C
XS848985a,CC=1N=C(C)N(N1)C2CCCN(C2)C(=O)CN(C)CC=3C=CC=CC3
XS848990a,O=C(NC=1C=CC=C(Br)C1)C2CC(=O)NC=3C=CC=CC32
XS839122b,CC1(C)COC(CNS(=O)(=O)C=2C=CC=C3SC=NC23)CN1
XS836602b,CC1CCCN(C1)S(=O)(=O)C=2C=C3OCCOC3=CC2[N+]([O-])=O
XS848991a,CC(C)CN1CCOC(CNC(=O)C2=CC=3C=CC=CC3NC2=O)C1
XS848995a,CCCC(C)NC(=O)COC(=O)C=1C=CC=NC1OC=2C=CC=CC2
XS848987a,CCC(CNC(=O)C=1C=CC2=NN=C(C(F)F)N2C1)C=3C=CC=CC3
XS159308d,CCOC(=O)CN1C(=NC=2C=CC=CC21)C(C)NC(=O)C3=CC=CO3
XS848992a,CC(NC(=O)C1=NNC=2C=CC=CC12)C=3C=CC(=CC3)S(N)(=O)=O
XS848998a,COC=1C=CC(=CC1Br)C(=O)OC(C)C(=O)NC2CC2
XS837737b,CC(C=1C=C(F)C=CC1F)N(C)C(=O)C=2C=CC=3C(=O)C=COC3C2
XS840898b,CN(C)C(=O)C(NC(=O)C=1C=CN2CCSCC12)C=3C=CC=CC3
XS848993a,CCC(C)NC(=O)C1CCN(CC1)C=2OC(=NC2C#N)C3=CC=CO3
XS841059b,CC(=O)N1CSCC1C2=NC(=NO2)C3=CC=C(Br)O3
XS848986a,COC=1C=CC(=CC1)C2CCN(C2)C(=O)C=3N=CC=CC3OC(C)C
XS848989a,O=C(NC=1C=CC=CC1C(=O)OC2CCCCNC2=O)C3=CC=CO3
XS548772b,O=C(NC1CCCN(C1)C=2C=CC=CC2F)C=3C=CC=C4OCOC34
XS848997a,CC1=NN=C(O1)N2CCN(CC2C)C(=O)C=3C(C)=NN4C=CC=NC34
XS841739b,CC(C=1C=CC=C(O)C1)N(C)CCS(=O)(=O)C=2C=CC(C#N)=CC2
XS839998b,O=C(NCC1(CCCC1)C=2C=CC=C(Cl)C2F)C3(O)CCOC3
XS848996a,CC(C)CN1CC(CC1=O)C(=O)NC=2C=CN(CC=3C=CC=CC3)N2
XS821452b,O=C(CCC=1C=CC(F)=CC1)N2CCCC2C(=O)NC3=NC=CS3
XS599535b,CC(C)C1=NOC(=N1)C(NC(=O)NC=2C=CC=NC2)C3CCOCC3
XS392458b,CC1CC=2C=CC=CC2N1C(=O)C3=CC=C(O3)S(=O)(=O)NC4CC4
XS849001a,COCCN1CCC(C1)NC(=O)C2(CCCC2)C=3C=CC=C(C3)OC
XS849006a,CC(NC(=O)C=1C=CC=CC1)C(=O)NCC=2C=CC=NC2N3C=CN=C3
XS838951b,O=C(O)C1COC2(C1)CCN(CC2)C3=NN=C(S3)C=4C=CC=CC4
XS663480b,CCC=1SC(=CC1C)C(=O)N2CCCC2C(=O)NC3=NC=CS3
XS849004a,CCOC(=O)C=1C=C(C=2C=CC=CC2OCC)N(N1)C3CCCOC3
XS836545b,O=C1CCC2CN(CC3=NN=C(O3)C=4C=CC=C5C=CC=CC45)CCN12
XS848999a,CC1C=2C=CSC2CCN1CC3=CC(=O)N4C=C(Cl)C=CC4=N3
XS849011a,CC(CCC=1C=CC=CC1)NC(=O)C=2C=CC=C(C2)CS(C)(=O)=O
XS849009a,CC=1C=CC(NC(=O)NC2CCCC3=C2C=NN3CCO)=C(Cl)C1
XS849007a,CC1=CSC(CNC(=O)NC(C)C=2C=CC=3OCCCOC3C2)=N1
XS849008a,O=C(NCC1NCCC=2C=CC=CC21)C=3N=CN=C4C3C=CN4C5CC5
XS837841b,CC1=NN(C)C(N)=C1C(=O)N(C)C(C)C=2C=CC(=CC2)C=3C=CC=CC3
XS708482b,O=C(CN1C=C(N=N1)C2CC2)N3CCCC3C=4C=CC=C5C=CC=CC45
XS849010a,CC(=O)NCCC1=CC=C(S1)S(=O)(=O)N(C)C(C)CC(C)C
XS849002a,CN1CCOC(CN(C(=O)CC=2C=CC=CC2F)C3=NC=CS3)C1
XS849005a,CCN(CC)C(CNC(=O)C=1N=CC=NC1N)C=2C=CC=CC2Cl
XS849000a,CC=1C=C(C)N(N1)C2CCCN(C2)C(=O)CCC3=NC(=NO3)C(C)C
XS836816b,CCS(=O)(=O)C=1C=C(F)C=CC1NC(=O)NC(CO)CCOC
XS841551b,CC1=NNC(CN2CC(NC(=O)CC=3C=CC(=O)NC3)C(C)(C)C2)=N1
XS838832b,CC1(O)CNC(=O)N(CCOCC=2C=CC(Cl)=CC2Cl)C1=O
XS849003a,CC(C)CN1C=C(C=N1)C(=O)N2CCCC2C(=O)N3CCN(C)CC3
XS839035b,CC(NC(=O)C(C)(C)C=1C=CC(F)=CC1F)C=2N=CC=C(N2)C(F)F
XS839410b,CC1=NOC=2N=C(C=C(C(=O)N3CC4=NNC=C4C3C(N)=O)C12)C(C)C
XS849012a,N#CC=1C=CC(NCC=2C=CC(=CC2)N3CCCC(C3)C(N)=O)=C(F)C1
XS837769b,CC=1C=C(NN1)C(=O)NC(C)CN(C)C2=NN=NN2C=3C=CC(C)=CC3
XS720268b,CC(NC(=O)CCCC1=NC=2C=CC=CC2C(=O)N1)C=3C=CC(F)=CC3
XS849013a,COC=1C=CC(=CC1)C(CNC(=O)NC=2C=CC=NC2)N3CCOCC3
XS838949b,CC=1N=CC(CNC(=O)NC(C)(CC=2C=CC=CC2)C(F)F)=C(O)N1
XS849014a,COC=1C=CC(C(=O)OC(C)C(=O)C2=C(C)NC=3C=CC=CC23)=C(O)C1
XS841839b,N#CC1=C(N=C2C=CC=CN12)N3CCC4(CC4C(=O)N5CCCC5)CC3
XS836635b,O=C(NCC=1C=CC=2NC(=O)CC2C1)NC=3C=NN(C3)CC4CCCO4
XS837643b,COC(=O)C=1C=CC=C(N1)NC(=O)NC(C2=NN=CN2)C=3C=CC=CC3
DR001752c,CC(C)(C)OC(=O)C=1C=C(C=CC1O)C(=O)N2CCCC(O)(CO)C2
XS849019a,CC(NC(=O)CC=1C=CC=CC1Cl)C=2C=CC=C(C2)S(N)(=O)=O
XS842093b,CC=1N=C2C=CC=CN2C(=O)C1CCNC3CCC=4C=CC=CC4OC3
XS837227b,CC1=CSC(=N1)C2COCCN2S(=O)(=O)C=3C=CC(C#N)=NC3
XS849017a,CC1=NN(CC(O)COC=2C=CC=3OCOC3C2)C(=O)C=4C=CC=CC14
XS849016a,CC(NC(=O)CCC1CCCC1)C=2C=CC(=CC2)OCC=3C=CC=NC3
XS412704b,O=C(NC=1C=CC=C2C=NC=CC12)N3CCCC3C=4C=CC=C(Cl)C4
XS849015a,O=C(NCCC=1C=CC=CC1)NC(CN2CCOCC2)C=3C=CC=CC3
XS830861b,CC=1C=CC(OCC(O)CN2C(=NC=3C=CC=CC32)NCCO)=C(C)C1
XS839165b,NS(=O)(=O)C=1C=C(Cl)C=C(Cl)C1OCCC2COCCO2
XS839945b,CS(=O)(=O)C=1C=C(C=CC1Cl)NC(=O)NCC2CCCC32CC3
XS837594b,O=C(NNC(=O)C=1C=CN(N1)C2CC2(F)F)C3=CN4CCCCC4=N3
XS849018a,CSCC1=NC=2C=CC=CC2N1CC(=O)NCC3CN(C)CCO3
XS838842b,CCOC=1C=CC(=CC1)CC(C)C2=NC(=NO2)C3=CN(C)C(=O)NC3=O
XS598565b,CC1CCCN(C1)S(=O)(=O)C=2C=CC(Br)=CC2Cl
XS838724b,O=C(C1CCCN2C=NN=C12)N3CCC=4N=C(N=CC4C3)C=5C=CC=CC5
XS849035a,CC(NC(=O)C1=CNC=2C=C(F)C=CC12)C=3C=CC(=CC3)N4CCNC4=O
XS849029a,CCN1C(=O)C(=O)NC=2C=C(C=CC21)C(=O)NC(C)CCC=3C=CC=CC3
XS849020a,CC(=O)N1CCN(CC1)C(=O)C=2C=CC3=C(C2)CC(C)N3S(C)(=O)=O
XS838945b,COC=1C=CC(=CC1Br)C(N)CC(=O)N(C)CC2=CNC=N2
XS840697b,CC(NCC(C)(C)C=1C=CC=2OCCOC2C1)C=3C=CC(=NC3)C(F)F
XS849023a,N#CC=1C=CC(=CC1)OCC(=O)N2CCCC(C2)C(=O)NC=3C=CC=CC3
XS849022a,CCOC=1C=CC(=CC1)OCC(=O)NCC(CO)CC=2C=CC(C)=CC2
XS849024a,COC=1C=CC(=CC1OC)CCC(=O)NC(CC(=O)O)C2=CC=CS2
XS839109b,CC1=CC(=NN1C)C(=O)NCC2CN(CCO2)C=3N=CC=4COCC4N3
XS849025a,O=C(NC1CC1)C(NC=2C=CC=C(Br)C2)C=3C=CC(F)=CC3
XS849028a,CCC(OC=1C=CC=CC1)C(=O)NCC=2C=CC(OC)=C(C2)C(=O)OC
XS838915b,CCC=1ON=C(C(=O)NCCNC(=O)CC2CCCC3(CCC3)O2)C1C
XS835640b,COC=1C=CC=CC1C2(CNC(=O)C3CN(C)C(=O)C=4C=CC=CC43)CC2
XS504075b,CCCC1=NC(=NN1C=2C=CC=CC2F)C(=O)N3CCOC(C3)C(N)=O
XS849033a,CC1OC=2C=CC=CC2N(CC(=O)NCCC=3C(F)=CC=CC3F)C1=O
XS849030a,COC=1C=CC(=CC1)N2CC(CC2=O)C(=O)NCCC3=CSC(C)=N3
XS849031a,CC1=NN(C)C(C)=C1S(=O)(=O)NC(C)C=2C=CC(=CC2)C(F)(F)F
XS849021a,CC=1C=CC(=CC1)C2=NOC(CN3CCN(CC(O)C(C)(C)C)CC3)=N2
XS433935b,CC(C)C(NS(=O)(=O)C=1C=CC=CC1)C(=O)NCC=2C=CC(F)=CC2
XS842115b,CC(NC(=O)C=1C=NC2=CC=CC=C2N1)C=3C=CC(=CC3)N4CCOC4=O
XS849027a,CNC(=O)C=1C=CC=C(C1)C2=NOC(=N2)C(C)N3C=CC(=N3)C(F)(F)F
XS555641b,O=C(NCC1COCCO1)C2=CC=C(S2)C3=NC=4C=CC=CC4S3
XS849034a,CCCNC(=O)C(C)NC(=O)C=1C=CC=CC1OCC=2C(C)=NOC2C
XS849026a,CC1=C(SC=2C=CC=CC12)C(=O)N3CCN(CC3)C4CC(=O)NC4=O
XS849032a,CCCS(=O)(=O)N1CCCC(C1)C(=O)NCC=2C=CC=CC2Cl
XS849042a,CCOC=1C=C2CC(C)OC2=CC1CNC(=O)C=3C=CC=C(OC)C3OC
XS591496b,CC1=NN(C(C)=C1C2COCCN2C(=O)C=3N=CN(C)N3)C=4C=CC=CC4
XS849038a,O=C(COC(=O)CC1SC=2C=CC=CC2NC1=O)NC=3C=CC=CC3F
XS849040a,COC(=O)CC(NC(=O)CC=1C=C(Cl)C=CC1OC)C2=CC=CS2
XS828520b,COC=1C=CC=2C(=COC2C1)CC(=O)N(C)CC3COC=4C=CC=CC4O3
XS390568b,CC(C(=O)NC=1C=CC=C(C1)NC(=O)C=2C=CC(F)=C(F)C2)N3C=CC=N3
XS740484b,CNC(=O)C=1C=CC=C(C1)NC(=O)C2CC(=O)N(C2)C=3C=CC(F)=C(C)C3
XS809876b,O=C(NCC=1C=CC(Cl)=CC1Cl)C2CC(=O)N(CC(F)(F)F)C2
XS841955b,CN(C)C(C1=CN=CN1C)C2=NC(=NO2)C=3C=CC=C(C3)N4CCNC4=O
XS849039a,CC(NCC1(CCOCC1)C=2C=CC=C(C2)C(F)(F)F)C3=NN=NN3C
XS849041a,COC=1C=CC(NC(=O)C2=C(C)NC(=O)NC2C3=CC=CS3)=C(C1)OC
XS837805b,COC1=CC(=CC(OC)=C1OC)C(C)NC(=O)CC=2C(=O)NC(C)=NC2C
XS837017b,CC1(C)CN(CC2(O)CCCOC2)CC=3C=CC(Br)=CC3O1
XS842033b,CC1=CC(C(=O)N2CCN(CC2)C(=O)C3CCC=4C=CC=CC4O3)=C(C)O1
XS506255b,CCC1=NN(C)C=C1C(=O)N2CCCC2C(=O)NC=3C=C(C)C=CC3OC
XS719316b,CC(=O)N1CCC=2C=C(C=CC21)NC(C)C(=O)NC=3C=CC(Cl)=CC3F
XS837508b,O=C(NC1CC=2C=C(Br)C=NC2C1)C=3C=NC=4NCCCC4C3
XS849037a,CC=1C=CC2=NC=C(CN3CCN(CC3)C(C)C(=O)NC4CCCC4)N2C1
XS841351b,CCCN1CCN(C(=O)C=2N=NN(C2C)C3CCNC3)C=4C=CC(F)=CC41
XS842690b,CC(NC(=O)N1CCN2C(=O)NN=C2C1)C=3C=CC(=CC3)OC(F)(F)F
XS839103b,O=C(CCC=1C=CC(F)=C2CCCCC12)N3CCC(CC3)C4COC(=O)N4
XS336587c,CC1(CC=2C=CC=CC2C(F)(F)F)CCCN1CC3=NC(=CO3)C(=O)O
XS837990b,O=C1C(CCN1C=2C=CC=C(Cl)C2)N3CCC(CC3)OC=4C=NC=CN4
XS849036a,CC1=CC(=NO1)NC(=O)COC(=O)C(NC(=O)C=2C=CC(C)=CC2)C(C)C
XS840192b,CCC(C)(COC=1N=CC=CC1Cl)NC(=O)C=2C=CC=3COCCC3C2
XS841500b,NC(=O)C1CCN(C(=O)CCN2NC(=O)C=3C=CC=CC3C2=O)C4(CC4)C1
XS837673b,CC1(C)CC(NC(=O)C=2C=CC=C(C2)N3N=NN=C3N)C=4C=C(F)C=CC4O1
XS840399b,CC=1C=CC2=NC(=CC(=O)N2C1)CN(CC3=CC=CO3)C4CCS(=O)(=O)C4
XS837435b,CC1=C(N=NN1C)C(=O)NCC(NC(=O)C2=COCCO2)C3CCCCC3
XS849047a,CC1=NC(=CS1)C=2C=CC3=C(C2)CCN3C(=O)C4CC(=O)N(CC(C)C)C4
XS849046a,CCC=1C=CC(=CC1)C2CNCCN2C(=O)C3=CNC(=C3)C(=O)N4CCCC4
XS636799b,CC(OC(=O)C=1C=CC=C(C1)N2C(=O)CCC2=O)C(=O)NCC3CCCCC3
XS836954b,CC1CN2N=C(C=C2C(=O)N1)C(=O)OC=3C=CC(=CC3Cl)C=4C=CC=NC4
XS849048a,COC=1C=CC=C(CN(C)C(C)C(=O)NC=2C=CC(=CC2)NC(C)=O)C1OC
XS849049a,CC(=O)NC=1C=CC(=CC1)S(=O)(=O)N(C)CC2COC=3C=CC=CC3O2
XS592109b,NS(=O)(=O)C=1C=NN(C1)CCC(=O)N2CCCC2CCC=3C=CC=CC3
XS849045a,COC(=O)CC(NC(=O)C=1C=C(Cl)C(OC)=C(C1)OC)C2=CC=CS2
XS837799b,FC(F)(F)C(CNC1=NC=CN2N=CC(Br)=C12)C=3C=CC=CC3
XS849043a,O=C(NCCC=1C=CC=CC1)C2CCCN(C2)S(=O)(=O)C3=CC=CS3
XS839479b,CS(=O)(=O)NC=1C=CC(=NC1)C(=O)N2CCC(C2)OC=3C=CC=CC3F
XS836749b,COC(=O)C1=C(C)N(CC(C)C)C(=O)NC1C=2C=CC(=C(F)C2)N3C=NC=N3
XS388636b,CC=1C=CC(=CC1F)N2CC(CC2=O)C(=O)NCC3=NC=4C=CC=CC4N3C
XS849050a,CN1C(=O)C2=C(N=CN2CC(=O)NC3CCSC=4C=CC=CC43)N(C)C1=O
XS849044a,CCC(OC(=O)C1CCN(CC1)S(C)(=O)=O)C(=O)NC=2C=CC(F)=CC2
XS548484b,COC=1C=CC=C2C(C)=C(OC12)C(=O)NC3CCCN(C=4C=CC=NC4)C3=O
XS840664b,CC(CC=1C=CC=CC1F)NC(=O)C(=O)NC=2C=CC=CC2CN3C=NC=N3
XS841795b,O=C(CC(F)(F)F)N1CCC(CC1)NC(=O)C2(O)CCC=3C=CC=CC3C2
XS849051a,CC1=CC(=NO1)NC(=O)C(OC(=O)C=2C=C(Cl)C=3OCOC3C2)C(C)C
XS840653b,CC=1OC(=NC1CC(=O)NC(C)C2=CN(N=N2)C=3C=CC=CC3)C4=CC=CO4
XS849052a,O=C(NCC=1C=CC(=NC1)N2CCCCCC2)C3CC=4C=CC=CC4C(=O)O3
XS840602b,CCOC(=O)C(C)(CNC(=O)C=1C=NN(N1)C=2C=CC=CC2)C=3C=CC=CC3
XS836644b,O=C(CCC1CCCCC1)N2CCN(CC2)C(=O)C=3CC4(CCNC4)ON3
XS849058a,O=C(C=1C=CC(=CC1)N2CCCC2=O)N3CCCC3C4=NC=5C=CC=CC5S4
XS842336b,O=C(NC1CCC=2C=C(F)C(F)=C(F)C21)N3CCC(CC3)OC=4C=NC=CN4
XS841884b,CCCC1=NC(=NN1C=2C=CC=CC2Cl)C(=O)N3CCOCC43CCOC4
XS574234b,CCOC=1C=CC(=CC1)C2=NC(=CS2)C(=O)N3CCCC(CN4C=CN=N4)C3
XS840869b,CN1N=C2CCCC2=C1C=3N=C4C=C(C#N)C(Cl)=CN4C3NCC5CCOC5
XS849060a,CCC1=NN=C(N1)C2CN(CC3=CNN=C32)C(=O)C4(CCC4)C=5C=CC=CC5C
XS839811b,CCN1CCN(CC1)C2CCN(C2)C(=O)C=3C=C(C=CC3F)N4CCCC4=O
XS817673b,CC(C)OC=1C=CC=C(C1)C(C)NC(=O)C=2C=CC=3C(=O)N(C)C(=O)N(C)C3N2
XS849054a,CC1=CC=C(O1)C(CNC(=O)NC=2C=CC(Cl)=C(Cl)C2)N3CCOCC3
XS849056a,CCN1C(CN2CCCC(CC=3C=CC(C)=CC3)C2)=NC=4C=C(C=CC41)C(=O)O
XS849062a,O=C(CNC=1C=CC=C2C(=O)N(C(=O)C12)C3CCC(=O)NC3=O)N4CCNCC4
XS840764b,COCC=1N=C2C(CCCN2N1)NS(=O)(=O)C=3C=C(Cl)C=C4CCOC34
XS849063a,COC(=O)C1=C(C)NC(=O)N=C1SCC(=O)NC(C)CCC=2C=CC=CC2
XS839641b,CCC1=NC(C)=C(S1)C(C)N(C)S(=O)(=O)C=2C=NC3=C(C2)C(C)=NN3C
XS458418b,O=S(=O)(C=1C=CC=C(Cl)C1)N2CCCC(C2)C3=NN=C4CCCCCN34
XS841362b,O=C(C=1N=C(C=2C=CC=CC2)N3CCCCCC13)N4CCN5C(=O)OCCC5C4
XS841332b,CC1=CC=CN(CC=2C(F)=CC=CC2NC(=O)N3CCC4(CCN(C)C4)C3)C1=O
XS849059a,CC=1C=CC(=CC1)N2CC(CC2=O)C(=O)N(C)CC=3C=CC(=CC3)OC(F)F
XS849055a,CC(NC(=O)C=1C=CC2=C(C1)CCN2S(C)(=O)=O)C=3C=CC=4OCOC4C3
XS712838b,CC1CCCCN1C(=O)C=2C=CC(=CC2)S(=O)(=O)N3CCCC=4C=CC=CC43
XS841584b,CC1=NN(C)C(C)=C1C2COCCN2C(=O)C3=CC=4C=CC=CC4N3CC5CC5
XS842740b,N#CC1(CS(=O)(=O)N2CCC(C2)(C3=NC(=NO3)C4CC4)C(F)(F)F)CC1
XS849057a,CC(CC(=O)N1CCC(CC1)C=2N=CC=C(N2)N3CCOCC3)C=4C=CC=NC4
XS849053a,CC=1C=C(N(C)N1)N2CCC(NC(=O)C3=CSC(CC=4C=CC=CC4)=N3)C2=O
XS849061a,CC(=O)NC1CCCN(C1)C(=O)C2CCN(CC2)C(=O)C=3C=CC(F)=CC3F
XS849078a,CN1C=CN=C1C(NC(=O)CCOC=2C=CC(Cl)=CC2)C=3C=CC(Cl)=CC3
XS849067a,CCCN1C(=O)C=2C=CC=CC2NC1C3=CN(C)N=C3C=4C=CC=5OCCCOC5C4
XS849075a,CC(CCC=1C=CC=CC1)NC(=O)C2CCN(CC2)S(=O)(=O)C3=CC=CS3
XS849079a,CC(C#N)(NC(=O)CN1CCN(CC1)S(=O)(=O)C=2C=CC=CC2C#N)C3CC3
XS849072a,CCOC1=CC(=CC(OCC)=C1OCC)C(=O)N(C)CC2COC=3C=CC=CC3O2
XS136031b,O=C(CC1=CNC=2C=CC=CC12)N(CC3=NC=4C=CC=CC4C(=O)N3)CC5CCCO5
XS849064a,CC=1C=CC(=CC1Cl)N2N=CC(C(=O)N3CCCC(C3)C4=CC=NN4)=C2C5CC5
XS849071a,O=C(CNC(=O)C1CC(=O)N(C1)C=2C=CC=CC2Cl)NC=3C=CC(F)=C(F)C3
XS841625c,CN1CCC2(CCN2C(=O)C3CCN(C3)C=4C=CC(=CC4F)C=5N=NNN5)CC1
XS849070a,COC=1C=C2CCN(C(=O)C=3C=CC=C4C=CC(C)=NC34)C(CC(=O)O)C2=CC1OC
XS849076a,CC(CC=1C=CC(Cl)=CC1)NC(=O)C=2C=C(C=CC2Cl)S(=O)(=O)N(C)C
XS161622c,COC=1C=CC(=CC1)N2CC(CC2=O)C(=O)NC3=CC(C)=NN3CC=4C=CC=CC4
XS849081a,COC=1C=CC(=CC1)C(CNC(=O)C2=CC=3CCCCC3S2)N4CCOCC4
XS849069a,COCCN(C)C=1C=NN(C(=O)C1)C2CCCN(CC=3C=CC=C(C3)OC(C)C)C2
XS849074a,CC=1C=CC=C(C1C)N2CCN(CC2)C(=O)C=3C=CC=C(C3)NC(=O)C4CCCO4
XS836745b,CS(=O)(=O)N1CC=2C=CC=CC2CC1C(=O)NNC(=O)C3=CNC=4C=CC=CC34
XS849080a,CC1=NN(N=C1C(=O)NC2CC3(CCN(C)CC3)OC=4C=CC=CC42)C=5C=CC=CC5
XS849068a,CC(OC(=O)C1=CC=CN1C)C(=O)NC=2C=CC(=CC2)S(=O)(=O)N3CCCC3
XS841606b,COC=1C=CC=CC1NC(=O)CC2=NOC(CN3CCCC(C3)C=4C=CN=CN4)=N2
XS849082a,CCOC(=O)C1=C(C)OC=2N=CN(CC(=O)NC3CCOC=4C=CC=CC43)C(=O)C12
XS841384b,CC1C2=NN=C(C3CCCC3)N2CCN1CC(=O)NC=4C=CC=5OC(F)(F)OC5C4
XS849077a,CC(C)OC=1C=CC=C(C1)C(C)NC(=O)CC2=CSC(=N2)NC(=O)C3=CC=CO3
XS841416b,O=S(=O)(C=1C=CC=CC1CN2C=NC=N2)N3CCC(C3)OC=4C=CC=C(F)C4
XS849073a,CCOC(=O)C1CCCN(C1)C=2N=CN=C3C2N=CN3CC4(CO)CCOCC4
XS849066a,CC1=CN2N=C(SC2=N1)N3CCC4(CC4C5=NN=C(O5)C=6C=CC=C(F)C6)CC3
XS849065a,O=C(C(C=1C=CC=CC1)N2CCC(CC2)C3=NC=4C=CC=CC4S3)N5CCOCC5
XS849088a,CC1=NC(=CS1)COC=2C=CC(=CC2)C(=O)NC(C)C=3C=CC(=CC3)S(C)(=O)=O
XS849084a,CC1=NN(C(C)=C1C2C(=O)NCCN2CC(=O)NCCC3=CC=CS3)C=4C=CC=CC4
XS849099a,CC(C=1C=CC(=CC1)S(C)(=O)=O)N(C)C(=O)COC=2C=CC(Br)=CC2
XS849100a,COC=1C=C(C)C(=CC1OC)C(C)NC(=O)CC=2C(C)=NN(C2C)C=3C=CC=CC3F
XS840244b,COC=1C=CC(Br)=CC1C2(CC2)C(=O)NC(C)C3=NN=C(N3)C(F)(F)F
XS849093a,CC1=NSC=2N=CC(=CC12)C(=O)N3CCCC(C3)NC(=O)CCCC=4C=CC=CC4
XS849094a,CC1=C(N=NN1C=2C=CC(F)=C(Cl)C2)C(=O)N3CCCCC3COC(=O)N4CCCC4
XS849085a,CC1=NN(C(C)=C1S(=O)(=O)N(C)CC2=CC=CO2)C(C)C(=O)N3CCC=4C=CC=CC43
XS849089a,CC(=O)N1CC(OC=2C=CC=CC21)C(=O)N3CCN(CC4=NC=5C=CC=CC5S4)CC3
XS849091a,COCCN1C(=NC=2C=CC=CC21)SC(C)C(=O)N3CCN(CC=4C=CC=CC4)CC3
XS849096a,O=C(NC(CC1=CNC=2C=CC=CC12)C(=O)NCC3=NN=C4CCCN34)C=5C=CC(F)=CC5
XS849098a,CCCC(C)NC(=O)CCC1=NC=2C=C(C=CC2N1CCC)S(=O)(=O)N3CCCC3
XS849086a,CC=1NC2=CC=NN2C(=O)C1CC(=O)NC(C)C=3C=C(F)C=CC3N4CCN(C)CC4
XS159141d,O=C(C1=CSC(=N1)C2=CC=CS2)N3CCN(CC3)C(=O)C4COC=5C=CC=CC5O4
XS849102a,CC1=NN(C(C)=C1CNC(=O)C2CCCN2C3=NS(=O)(=O)C=4C=CC=CC34)C=5C=CC=CC5
XS849083a,CC1=NN(C(C)=C1NC(=O)CN2CCN(CC2)C(=O)C3COC=4C=CC=CC4O3)C=5C=CC(C)=CC5
XS841468b,CN(C(=O)CN1C=CC=2C(=O)N(C)C(=O)N(C)C21)C(C=3C=CC(C#N)=CC3)C(F)(F)F
XS838529b,O=C(C1CC=2C=CC=CC2C(=O)O1)N3CCN(CC4=NC(=NO4)C5=CC=CS5)CC3
XS849095a,COC=1C=CC(=C(C1)OC)N2CC(CC2=O)C(=O)N3CCC(CC3)C4=CNC=5C=CC=CC45
XS849097a,CCN(CC)CC(NC(=O)CCC1=NC=C(O1)C=2C(F)=CC=CC2F)C=3C=CC=CC3
XS849101a,CCCN1C=CN=C1C(C(=O)NC=2C=CC=C(C2)OC)N3CCN(CC3)C4=CC(=NO4)C5(C)CC5
XS849092a,CCN1CCN(CC1)C2=NC=3N=CN(CC(O)COC=4C=CC(C)=CC4C)C(=O)C3S2
XS849090a,CCOC=1C=CC(=CC1)N2C(=NC=3C=CC=CC32)SCC(=O)NC4CCS(=O)(=O)C4
