mol_id,smiles,rs,scaffold
XS842605b,COC(=O)C=1C=CC(=NN1)NC2C=CCCC2,1.972,C1=CC(Nc2cccnn2)CCC1
XS843058a,CCC1CCCCN1C(=O)NC=2C=CC=C(C)C2,0.592,O=C(Nc1ccccc1)N1CCCCC1
XS838585b,O=C1C=2SC=CC2C=NN1CC3CCOC3,0.498,O=c1c2sccc2cnn1CC1CCOC1
XS843053a,CC1CCCN(C1)C=2N=CC=CC2C#N,1.552,c1ccc(N2CCCCC2)nc1
XS842627b,CCC(C(N)=O)N1C=CC(=N1)C(F)(F)F,0.524,c1cn[nH]c1
XS843050a,CCC1=NSC(=N1)NC2CNC(=O)C2,1.318,O=C1CC(Nc2ncns2)CN1
XS843059a,O=C(NC=1C=CNN1)C2COC=3C=CC=CC3C2,1.05,O=C(Nc1cc[nH]n1)C1COc2ccccc2C1
XS837370b,C=CC1CCCN1C=2N=CC=C3C=CC=NC23,0.72,c1cnc2c(N3CCCC3)nccc2c1
XS843052a,CC(NC=1N=CC=C(N1)C=2C=NC=CN2)C3CC3,1.076,c1cnc(-c2ccnc(NCC3CC3)n2)cn1
XS843054a,COC(=O)C1CC(=O)N(C1)C=2C=CC=CC2,1.666,O=C1CCCN1c1ccccc1
XS441021b,CC1=NN(C)C(C)=C1C(=O)NC2COC=3C=CC=CC32,0.906,O=C(NC1COc2ccccc21)c1cn[nH]c1
XS165904c,N#CC=1C=CC(=NC1)NCC(CO)CC2=CC=CO2,1.804,c1ccc(NCCCc2ccco2)nc1
XS841996b,C#CC(C)N(C)C(=O)NCC1(CC1)C=2C=CC=CC2C,0.536,c1ccc(C2CC2)cc1
XS843062a,CN1N=CC=2C(=NC=NC21)NC3CCC=4C=CC=CC43,2.2,c1ccc2c(c1)CCC2Nc1ncnc2[nH]ncc12
XS841943b,CC1(C)CNC(=O)C1NCC=2C=CC3=NON=C3C2,1.63,O=C1NCCC1NCc1ccc2nonc2c1
XS840220b,CC1=NN=C(O1)C(C)N(C)CCC2=NC=CS2,0.502,c1csc(CCNCc2nnco2)n1
XS843067a,CC(C(=O)NC=1C=CC(Cl)=CC1)S(C)(=O)=O,0.438,c1ccccc1
XS839908b,N#CC1CN(CCN1C2CC2)C(=O)CC3=CC=CO3,1.454,O=C(Cc1ccco1)N1CCN(C2CC2)CC1
XS840844b,CC=CCS(=O)(=O)C(C)C1=NC(=NO1)C(C)C,0.44,c1ncon1
XS837046b,O=C(NC1=NC=2SC=CC2S1)C3CC=CCC3,3.76,O=C(Nc1nc2sccc2s1)C1CC=CCC1
XS843061a,NC(=O)C1(O)CCCN(C1)C=2C=CC(Cl)=CN2,32.104,c1ccc(N2CCCCC2)nc1
XS600746b,ClC=1C=CC(=CC1)C2=NOC(=N2)C3CCCNC3,0.782,c1ccc(-c2noc(C3CCCNC3)n2)cc1
XS061098d,CC1CC=2C=CC=CC2N1C(=O)C=3C=C(Cl)C=CN3,1.154,O=C(c1ccccn1)N1CCc2ccccc21
XS843077a,CC=1C=CC(=CN1)CNC(=O)C2COC=3C=CC=CC3C2,0.74,O=C(NCc1cccnc1)C1COc2ccccc2C1
XS843069a,CC1C=2C=CSC2CCN1C(=O)C=3C=CC(C#N)=CC3,0.86,O=C(c1ccccc1)N1CCc2sccc2C1
XS840076b,CC(C1=NN=NN1C)N2C=CC(=CC2=O)C(F)(F)F,0.904,O=c1ccccn1Cc1nnn[nH]1
XS838263b,CC=1CC(C=2C=CC=CC2)N(N1)C=3C=CC(=CC3)[N+]([O-])=O,2.31,C1=NN(c2ccccc2)C(c2ccccc2)C1
XS716684b,CC=1N=CN(CC(O)COC=2C=CC=CC2)C(=O)C1C,9.65,O=c1ccncn1CCCOc1ccccc1
XS843083a,CC(SCC(=O)NC(N)=O)C=1C(F)=CC=CC1F,0.71,c1ccccc1
XS843079a,CC(C)C1=CC(=NN1)C(=O)NC2CCOC=3C=CC=CC32,2.814,O=C(NC1CCOc2ccccc21)c1cc[nH]n1
XS837307b,CN1CCC(OC(=O)C=2C=NNC2C3=CC=CS3)C1=O,5.454,O=C(OC1CCNC1=O)c1cn[nH]c1-c1cccs1
XS843093a,COCCOC=1C=CC(=CN1)NC(=O)C2CCC(=O)NC2,1.118,O=C1CCC(C(=O)Nc2cccnc2)CN1
XS546353b,CC(NC(=O)NC1=NC(=NS1)C=2C=CC=CC2)C3CC3,1.438,O=C(NCC1CC1)Nc1nc(-c2ccccc2)ns1
XS758413b,CN1N=CC2=C1CCCC2NC(=O)C3=CC=4C=CC=CC4N3,2.624,O=C(NC1CCCc2[nH]ncc21)c1cc2ccccc2[nH]1
XS599656b,CC(CNC(=O)C=1C=CC2=NC=CN=C2C1)C=3C=CC=CC3,2.688,O=C(NCCc1ccccc1)c1ccc2nccnc2c1
XS838415b,CC(C1=CC=CS1)C2=NOC(=N2)C3=CC=NN4C=CN=C34,4.386,c1csc(Cc2noc(-c3ccnn4ccnc34)n2)c1
XS843092a,O=C(NC1CCCCNC1=O)C2=CSC=3CCCCC23,13.432,O=C(NC1CCCCNC1=O)c1csc2c1CCCC2
XS840670b,O=C(NC=1C=NNC1)C2CC(=NO2)C3=CC=C(Cl)S3,6.632,O=C(Nc1cn[nH]c1)C1CC(c2cccs2)=NO1
XS677064b,CC1=CC=C(O1)C(=O)N2CCCC(O)(CN3C=CN=N3)C2,1.492,O=C(c1ccco1)N1CCCC(Cn2ccnn2)C1
XS840712b,CC1(CCCCC1(F)F)C2=NC(=NO2)N3CCOCC3,1.992,C1CCC(c2nc(N3CCOCC3)no2)CC1
XS843095a,O=C1CCC(N1)C=2C=CC(=CC2)C3=NNC=4C=CC=C(F)C34,1.724,O=C1CCC(c2ccc(-c3n[nH]c4ccccc34)cc2)N1
XS843091a,O=C1NCCCCC1SC2=NC(=CN2)C=3C=CC=CC3,0.812,O=C1NCCCCC1Sc1nc(-c2ccccc2)c[nH]1
XS838057b,CCOC(=O)C1=COC(=N1)NC2COC=3C=C(C#N)C=CC32,4.386,c1ccc2c(c1)OCC2Nc1ncco1
XS843099a,CC1=CC(C)=NN1C2CCCN(C2)C(=O)CC3=CC=CS3,0.438,O=C(Cc1cccs1)N1CCCC(n2cccn2)C1
XS840330b,CCOC(=O)C(NC(=O)C=1C=C(C)C=C(O)C1)C2=NN=NN2,0.9,O=C(NCc1nnn[nH]1)c1ccccc1
XS843102a,CC(NC(=O)C=1C=CC=CC1)C=2C=CC(=CC2)S(C)(=O)=O,0.714,O=C(NCc1ccccc1)c1ccccc1
XS560871b,CNC1CCCN(C1)C(=O)C2=CC=C(C=3C=CC=CC3)N2C,1.306,O=C(c1ccc(-c2ccccc2)[nH]1)N1CCCCC1
XS657069b,CC1=NC(=CN1)C(=O)N2CCCC(C2)C3=NOC(=N3)C(C)C,2.58,O=C(c1c[nH]cn1)N1CCCC(c2ncon2)C1
DR000792b,CC(C)CC1CCN(C1)C(=O)C=2C=CC(=CC2)N3C=CN=N3,1.756,O=C(c1ccc(-n2ccnn2)cc1)N1CCCC1
XS702260b,CCC1=NC(CN2C(=O)CC(C)(C2=O)C=3C=CC=CC3)=NO1,0.81,O=C1CC(c2ccccc2)C(=O)N1Cc1ncon1
XS843115a,O=C(NCC=1C=CC=2OCOC2C1)NC3CCS(=O)(=O)C3,1.1,O=C(NCc1ccc2c(c1)OCO2)NC1CCS(=O)(=O)C1
XS843111a,CC=1C=CC=2NC(=CC2C1)C(=O)N3CCCC(C3)N4C=CN=C4,5.732,O=C(c1cc2ccccc2[nH]1)N1CCCC(n2ccnc2)C1
XS838010b,CN(CC=1C=NNC1)C(C(=O)O)C=2C=CC(=CC2)C(F)(F)F,0.942,c1ccc(CNCc2cn[nH]c2)cc1
XS735582b,CC(C)(C)NC(=O)C1CSCN1C(=O)CC=2C=CC=CC2,1.034,O=C(Cc1ccccc1)N1CCSC1
XS837113d,COC=1C=CC2=CC(=CC=C2C1)C(=O)NC(C)C=3C=NN(C)C3,1.324,O=C(NCc1cn[nH]c1)c1ccc2ccccc2c1
XS840582b,CN1C=C(C=N1)CC(=O)NC(CO)C=2C=CC(Cl)=C(F)C2,0.796,O=C(Cc1cn[nH]c1)NCc1ccccc1
XS841268b,CN1C(=NC(=O)COCC2CCCO2)SC=3C=CC=CC31,1.426,O=C(COCC1CCCO1)N=c1[nH]c2ccccc2s1
XS836470b,CC1CCC2=NNC(C(=O)OCC3=CC=CN4N=CC=C34)=C2C1,7.02,O=C(OCc1cccn2nccc12)c1[nH]nc2c1CCCC2
XS549090b,COC=1C=CC2=C(C1)CCN2C(=O)C=3C=NN4CCC(C)CC34,8.718,O=C(c1cnn2c1CCCC2)N1CCc2ccccc21
XS842150b,O=C(NCC1CCC=CO1)C2=CC=3C(Cl)=CN=CC3S2,1.53,O=C(NCC1CCC=CO1)c1cc2ccncc2s1
XS837532b,C1=C(N=NN1C2CCC=3C=CC=NC32)C=4C=NC5=CC=CC=C5N4,22.684,c1cnc2c(c1)CCC2n1cc(-c2cnc3ccccc3n2)nn1
XS837966b,CCC1(CNC(=O)N2CCOC(CS(C)(=O)=O)C2)CCC1,1.444,O=C(NCC1CCC1)N1CCOCC1
XS420698b,CN1CC(CC1=O)C(=O)NC=2C=CC(=NC2)OCC(F)(F)F,7.524,O=C1CC(C(=O)Nc2cccnc2)CN1
XS843127a,NC(=O)C1=CC(=CN1)C(=O)N2CCC(F)(C2)C=3C=CC(F)=CC3,2.68,O=C(c1cc[nH]c1)N1CCC(c2ccccc2)C1
XS843133a,O=C(NC=1C=CC=C(F)C1)N(CC2=CC=CO2)CC3CCCO3,0.692,O=C(Nc1ccccc1)N(Cc1ccco1)CC1CCCO1
XS840112b,CC1C(=O)N(C)CCN1CC2=CSC(=N2)NC=3C=CC=CC3,3.212,O=C1CN(Cc2csc(Nc3ccccc3)n2)CCN1
XS839701b,CC1=CC=C(O1)C2CSCCN2CC=3N=NSC3Cl,1.61,c1coc(C2CSCCN2Cc2csnn2)c1
XS843139a,CC(OC=1C=CC(Cl)=CC1)C(=O)NCC2=NN=C3CCCN23,0.426,O=C(COc1ccccc1)NCc1nnc2n1CCC2
XS732695b,O=C(C=1C=CC=CC1OCC2CC2)N3CCCC(C3)N4C=CC=N4,0.422,O=C(c1ccccc1OCC1CC1)N1CCCC(n2cccn2)C1
XS843141a,N#CC=1C=CC=C(C1)NC(=O)C2CCCN(C2)C(=O)C=3C=COC3,0.554,O=C(Nc1ccccc1)C1CCCN(C(=O)c2ccoc2)C1
XS841975b,CC=1N=CSC1C2=CN(N=N2)C3CCCC=C3Br,0.764,C1=CC(n2cc(-c3cncs3)nn2)CCC1
XS841030b,COCC1C=2C=CC=CC2CN1C=3N=CC(=CN3)S(=O)(=O)F,7.882,c1cnc(N2Cc3ccccc3C2)nc1
XS685933b,O=S(=O)(NC=1C=NN(C1)CC2CCCO2)C=3C=CC=CC3F,0.75,O=S(=O)(Nc1cnn(CC2CCCO2)c1)c1ccccc1
XS841408b,CC=1N=C(C=2CC(CCC2N1)C3=NC(=NO3)C4CC4)C(F)(F)F,0.48,c1ncc2c(n1)CCC(c1nc(C3CC3)no1)C2
XS843140a,COC=1C=CC=CC1NC(=O)N(C)C(C)C2=CC=3C=CC=CC3O2,1.578,O=C(NCc1cc2ccccc2o1)Nc1ccccc1
XS601021b,CCC1=NN2CC(CCC2=N1)NCC=3C=CN(N3)C=4C=CC=CC4,1.78,c1ccc(-n2ccc(CNC3CCc4ncnn4C3)n2)cc1
XS581602b,O=C(NC=1C=CC=C(C1)C=2C=CC=3OCCC3C2)C4CNC(=O)C4,2.736,O=C1CC(C(=O)Nc2cccc(-c3ccc4c(c3)CCO4)c2)CN1
XS843137a,CC=1N=C(SC1C(=O)O)C(C)NC(=O)C=2C=CC(F)=C(C)C2,0.554,O=C(NCc1nccs1)c1ccccc1
XS841612b,CC=1C=C(NCC2CC(=NO2)C(F)(F)F)C(F)=CC1[N+]([O-])=O,1.112,C1=NOC(CNc2ccccc2)C1
XS843151a,CCN(CC)C(=O)C(C)NC(=O)C=1C=CC(=CC1)N2N=CC=C2C,4.144,c1ccc(-n2cccn2)cc1
XS483761b,N#CC=1C=C(C=CC1C(F)(F)F)N2CCCC(O)(CC(N)=O)C2,0.52,c1ccc(N2CCCCC2)cc1
XS843154a,O=C(NCC=1C=NN(C1)C=2C=CC=CC2)NC3CCCCNC3=O,1.858,O=C(NCc1cnn(-c2ccccc2)c1)NC1CCCCNC1=O
XS755929b,COC=1C=CC(=CC1)CC2CCCN2C(=O)CC=3C(C)=NOC3C,0.918,O=C(Cc1cnoc1)N1CCCC1Cc1ccccc1
XS843150a,CCC1=NC=2C=CC=CC2N1CC(O)COC=3C=CC(Cl)=CC3,1.468,c1ccc(OCCCn2cnc3ccccc32)cc1
MR045844c,CC1=CC=C(O1)C2CSCCN2C(=O)C=3C=C4N=CC=CN4N3,1.232,O=C(c1cc2ncccn2n1)N1CCSCC1c1ccco1
XS680773b,CC(NC(=O)NC=1C=CC=C(Cl)C1)C=2C=CC=3NC(=O)CC3C2,1.034,O=C1Cc2cc(CNC(=O)Nc3ccccc3)ccc2N1
XS843155a,O=C(CC1=CNC=2C=CC=CC12)N3CCN(CC3)C4CCOC4=O,12.124,O=C1OCCC1N1CCN(C(=O)Cc2c[nH]c3ccccc23)CC1
XS624222b,COCC=1C=CC=C(C1)CN2N=C(C)C(=C2C)C3CCCC(=O)N3,0.9,O=C1CCCC(c2cnn(Cc3ccccc3)c2)N1
XS836792b,COC=1N=CC(=CC1Cl)C(C)NC=2C=CC=3CCNC(=O)C3C2,0.806,O=C1NCCc2ccc(NCc3cccnc3)cc21
XS827038b,CC1=CC=C(CNC(=O)C2CC(=O)N(CC=3C=CC=CN3)C2)S1,0.58,O=C(NCc1cccs1)C1CC(=O)N(Cc2ccccn2)C1
XS842492b,CC(NC(=O)C=1C=CNN1)C=2C=CC(OC=3C=CC=NC3)=C(F)C2,1.494,O=C(NCc1ccc(Oc2cccnc2)cc1)c1cc[nH]n1
XS843163a,CC(C)CC=1C=CC(=CC1)C(C)NC(=O)CSC2=NC=CN2C,0.758,O=C(CSc1ncc[nH]1)NCc1ccccc1
XS843172a,C=1SC(=NC1CN2CCCC2CC=3C=CC=CC3)C=4N=CC=CN4,1.008,c1ccc(CC2CCCN2Cc2csc(-c3ncccn3)n2)cc1
XS843171a,COC=1C=CC=C(C1)C(=O)N2N=C(CC2C3=CC=CO3)C4=CC=CO4,0.672,O=C(c1ccccc1)N1N=C(c2ccco2)CC1c1ccco1
XS680664b,CC1=CSC(=N1)C2CCCN(C2)C(=O)CC=3C=CN(N3)C(C)C,0.44,O=C(Cc1cc[nH]n1)N1CCCC(c2nccs2)C1
XS655878b,COC=1C=CC(=CC1)C2=NC(=CO2)CS(=O)CC3CCCCC3,13.282,O=S(Cc1coc(-c2ccccc2)n1)CC1CCCCC1
XS843170a,COC=1C=CC(F)=CC1C(C)NC(=O)CN2C=CC(=O)N(C)C2=O,2.036,O=C(Cn1ccc(=O)[nH]c1=O)NCc1ccccc1
XS475199b,CC=1C=CC(=CC1C#N)C(=O)N2CCCC(C2)C3=NN=C4CCCN34,2.0,O=C(c1ccccc1)N1CCCC(c2nnc3n2CCC3)C1
XS843165a,COC=1C=CC(=CC1OC)C2CCCN2C(=O)C3=CC(Cl)=CN3,3.384,O=C(c1ccc[nH]1)N1CCCC1c1ccccc1
XS843167a,CCCC(C)NC(=O)CSCC1=NC(=NO1)C=2C=CC=CC2C,0.63,c1ccc(-c2ncon2)cc1
XS843166a,O=C1OC(=NN1CC(O)COC=2C=CC=CC2F)C3=CC=CS3,0.65,O=c1oc(-c2cccs2)nn1CCCOc1ccccc1
XS843162a,CCN(C)C(=O)C(C)NC(=O)C(C)(C)C=1C=CC=2OCCOC2C1,1.204,c1ccc2c(c1)OCCO2
XS843168a,O=C(O)CC(NC(=O)C=1C=C(NN1)C2CC2)C=3C=CC=CC3Cl,0.714,O=C(NCc1ccccc1)c1cc(C2CC2)[nH]n1
XS841113b,O=C(NC1=NC=C(S1)S(=O)(=O)F)C2(CC2)C3CCCCO3,3.746,O=C(Nc1nccs1)C1(C2CCCCO2)CC1
XS841607b,CC(C(=O)NC=1C=CC2=NSC=C2C1)N3C=CC(=N3)C(F)(F)F,6.588,O=C(Cn1cccn1)Nc1ccc2nscc2c1
XS823363b,O=C(NCC1CC=2C=CC=CC2O1)C=3C=CC=NC3N4CCCCC4,0.632,O=C(NCC1Cc2ccccc2O1)c1cccnc1N1CCCCC1
XS695035b,CC=1C=CC=C(C1C)N2CC(CC2=O)C(=O)NCC=3C=CC(F)=CC3,0.554,O=C(NCc1ccccc1)C1CC(=O)N(c2ccccc2)C1
XS825870b,CC1=C(OC=2C=CC(F)=CC12)C(=O)NC(C)C3=NN=C4C=CC=CN34,0.688,O=C(NCc1nnc2ccccn12)c1cc2ccccc2o1
XS843177a,COC=1C=C(N=CN1)C2=NOC(=N2)C3CC(C)(C)OC=4C=CC=CC43,0.894,c1ccc2c(c1)OCCC2c1nc(-c2ccncn2)no1
XS813863b,CC=1C=C(SC1C)C(=O)N(C)C(C)C=2C=CC(=CC2)N3C=NC=N3,15.596,O=C(NCc1ccc(-n2cncn2)cc1)c1cccs1
XS843176a,CC(C)N1CCC(NS(=O)(=O)CC2=NOC=3C=CC=CC23)C1=O,0.842,O=C1NCCC1NS(=O)(=O)Cc1noc2ccccc12
XS843186a,COC=1C=CC(=CC1)CCC(C)NC(=O)CC2=NOC=3C=CC=CC23,2.76,O=C(Cc1noc2ccccc12)NCCCc1ccccc1
XS728659b,O=C(C=1C=NN2CCCCC12)N3CCCC(CO)(C3)C=4C=CC=CC4,4.002,O=C(c1cnn2c1CCCC2)N1CCCC(c2ccccc2)C1
XS843179a,CC1=NC=2C=CC(=CC2S1)NC(=O)C(C)NC(=O)C=3C=CC=CC3,5.358,O=C(CNC(=O)c1ccccc1)Nc1ccc2ncsc2c1
XS843182a,CC(NC(=O)NCC=1C=CC(=NC1)N2C=CC=N2)C=3C=CC=C(F)C3,1.148,O=C(NCc1ccccc1)NCc1ccc(-n2cccn2)nc1
XS843184a,CNC(=O)C1CN(CCOC=2C=CC=C(C#N)C2)C=3C=CC=CC3O1,2.74,c1ccc(OCCN2CCOc3ccccc32)cc1
XS840823b,CC(CC1=CC=CS1)C(=O)N2CCN(CC2)C(=O)C=3C=CN=CC3,1.378,O=C(CCc1cccs1)N1CCN(C(=O)c2ccncc2)CC1
XS843194a,CC=1C=CC(Cl)=CC1NC(=O)C2CC(=O)N(CC=3C=CC=CN3)C2,0.406,O=C(Nc1ccccc1)C1CC(=O)N(Cc2ccccn2)C1
XS843195a,CCCOC=1C=CC=CC1NC(=O)C2CC(=NO2)C=3C=CC=C(F)C3,2.414,O=C(Nc1ccccc1)C1CC(c2ccccc2)=NO1
XS843196a,COC=1C=CC(=CC1)N2CC(CC2=O)C(=O)NC=3C=CC=NC3OC,7.25,O=C(Nc1cccnc1)C1CC(=O)N(c2ccccc2)C1
XS837397b,CC1=NC(=NO1)C(C)S(=O)(=O)C2=NC(=CS2)C3CCCCC3,1.034,O=S(=O)(Cc1ncon1)c1nc(C2CCCCC2)cs1
XS838814b,CN1N=NC(CN2CC(CS2(=O)=O)C=3C=CC=CC3)=C1C(F)F,0.798,O=S1(=O)CC(c2ccccc2)CN1Cc1c[nH]nn1
XS628045b,CCOC=1C=CC(=CC1)NC(=O)C(C)NC(=O)COC=2C=CC=CC2,1.504,O=C(COc1ccccc1)NCC(=O)Nc1ccccc1
XS843188a,CCNC(=O)CCC(=O)NC(C)C=1C=CC(=CC1)N2N=C(C)C=C2C,0.58,c1ccc(-n2cccn2)cc1
XS843193a,CCN1C=C(C#N)C(=O)N(CC(O)COC=2C=CC(C)=CC2C)C1=O,1.44,O=c1cc[nH]c(=O)n1CCCOc1ccccc1
XS839705b,CCCCS(=O)(=O)NC=1C=CC(=CC1)NC(C)C2=NN=C(C)O2,1.356,c1ccc(NCc2nnco2)cc1
XS843187a,CC(C)N(CC(=O)NC1CCS(=O)(=O)C1)C=2C=CC(Cl)=CC2,1.188,O=C(CNc1ccccc1)NC1CCS(=O)(=O)C1
XS641335b,O=C(NC1CCN(CC=2C=CC=CC2)C1=O)C=3N=CC=C4C=CC=CC34,18.836,O=C(NC1CCN(Cc2ccccc2)C1=O)c1nccc2ccccc12
XS843200a,CC(C)C(=O)N1CCC(CC1)C(=O)N2CCCCCC2C3=CC=CO3,2.72,O=C(C1CCNCC1)N1CCCCCC1c1ccco1
XS839299b,N#CC=1C=CC(=NN1)N(CCC2CC=CC2)CC(CO)C=3C=CC=CC3,2.628,C1=CCC(CCN(CCc2ccccc2)c2cccnn2)C1
XS843203a,COC=1C=CC(Cl)=CC1NC(=O)C(C)OC=2C=CC=CC2C(N)=O,0.402,O=C(COc1ccccc1)Nc1ccccc1
XS832132b,CC(NC=1C=CC=CC1)C(=O)NC=2C=CC=C(C2)S(=O)(=O)N(C)C,0.898,O=C(CNc1ccccc1)Nc1ccccc1
XS836559b,CC(NC(=O)CC1=CN(C)C=2C=CC=CC12)C=3C=CC=4NC(=O)NC4C3,0.898,O=C(Cc1c[nH]c2ccccc12)NCc1ccc2[nH]c(=O)[nH]c2c1
XS836610b,O=C1C=2C=CC=CC2NC(C=3C=CNN3)N1C=4C=CC=5OCCOC5C4,0.936,O=C1c2ccccc2NC(c2cc[nH]n2)N1c1ccc2c(c1)OCCO2
XS843199a,CC=1N=C(NC(=O)C2COCC(=O)N2CC=3C=CC=CC3)SC1C,3.908,O=C(Nc1nccs1)C1COCC(=O)N1Cc1ccccc1
XS843205a,CC(C)C=1C=CC(=CC1)OCCNC(=O)C(C)NC(=O)C2=CC=CO2,3.218,O=C(CNC(=O)c1ccco1)NCCOc1ccccc1
XS837477b,COC=1C=CC(C(=O)NCC(C)(O)CCO)=C(N)C1Br,0.87,c1ccccc1
XS841940b,O=C(NCC(F)C1CCNCC1)C=2C=CC(=CC2Cl)N3C=CC=N3,15.132,O=C(NCCC1CCNCC1)c1ccc(-n2cccn2)cc1
XS840472b,CC(CC=1C=CC=CC1)OC(=O)CCC2=NC3=C(N2)C(=O)NC(=O)N3C,10.286,O=C(CCc1nc2[nH]c(=O)[nH]c(=O)c2[nH]1)OCCc1ccccc1
XS843213a,O=C(CCCN1C(=O)OC=2C=CC=CC21)NC3CCCC=4C=CC=CC43,0.766,O=C(CCCn1c(=O)oc2ccccc21)NC1CCCc2ccccc21
XS842419b,CN(CC(=O)N1CCC(CC=2C=NN(C)C2)C1)C=3N=CN=C4N=CNC34,4.48,O=C(CNc1ncnc2nc[nH]c12)N1CCC(Cc2cn[nH]c2)C1
XS841640b,CC(NC(=O)C=1C=CC(F)=C2CCOC12)C=3C=CC(=CC3)N4C=NC=N4,11.798,O=C(NCc1ccc(-n2cncn2)cc1)c1cccc2c1OCC2
XS837609b,CC(NC(=O)N1CCOC=2C=CC=C(F)C2C1)C=3C=CC=4NN=CC4C3,0.478,O=C(NCc1ccc2[nH]ncc2c1)N1CCOc2ccccc2C1
XS757104b,O=C(CC1=CNC=2N=CC=CC12)N3CCCC(CO)(C3)C=4C=CC=CC4,1.172,O=C(Cc1c[nH]c2ncccc12)N1CCCC(c2ccccc2)C1
XS842362b,CC1=NN(C)C(=C1C(=O)NC2CCC=3C=CC=CC3OC2)N4C=CC=N4,3.946,O=C(NC1CCc2ccccc2OC1)c1cn[nH]c1-n1cccn1
XS843211a,CN1N=CC(C(=O)NCC2CCCN(C2)C(N)=O)=C1CC=3C=CC=CC3,0.424,O=C(NCC1CCCNC1)c1cn[nH]c1Cc1ccccc1
XS843218a,CN1N=CC=C1C(NC(=O)C2=CC=3C=CC(Cl)=C(F)C3N2)C(=O)O,1.204,O=C(NCc1ccn[nH]1)c1cc2ccccc2[nH]1
XS840985b,O=C(CCC1=NC(=NO1)C2=CC=CO2)OC(C3=CCCC3)C(F)(F)F,0.518,O=C(CCc1nc(-c2ccco2)no1)OCC1=CCCC1
XS774830b,CCC1=C(C=NN1C=2C=CC=C(Cl)C2)C(=O)NC3CCOC(C)(C)C3,1.554,O=C(NC1CCOCC1)c1cnn(-c2ccccc2)c1
XS444952b,CCC=1N=C(NC(=O)CCN2C(=O)C(C)OC=3C=CC=CC32)SC1C,1.522,O=C(CCN1C(=O)COc2ccccc21)Nc1nccs1
XS843222a,COC=1C=CC(=CC1)C(CNC(=O)C2=NNC=3C=CC=CC23)N4CCCC4,0.85,O=C(NCC(c1ccccc1)N1CCCC1)c1n[nH]c2ccccc12
XS843220a,CC(C)C(NC(=O)C=1C=CC(F)=CC1)C(=O)N2CCC=3SC=CC3C2,7.66,O=C(NCC(=O)N1CCc2sccc2C1)c1ccccc1
XS843223a,CC1CCCN(C1)S(=O)(=O)N2CCC(CC2)NC(=O)C=3C=CC=CC3,0.46,O=C(NC1CCN(S(=O)(=O)N2CCCCC2)CC1)c1ccccc1
XS836549b,CCC=1OC(C)=CC1C(=O)NC2CCN(C(=O)C=3N=CN(C)N3)C2(C)C,0.444,O=C(NC1CCN(C(=O)c2nc[nH]n2)C1)c1ccoc1
XS837716b,CN(CC1CCCCC21CCC2)C3=NC=CN4C(=NN=C34)C=5C=NC=CN5,1.45,c1cnc(-c2nnc3c(NCC4CCCCC45CCC5)nccn23)cn1
XS843224a,CC(C(=O)NC=1C=CC=C(C1)NC(=O)CC=2C=CC(F)=CC2)N3C=CC=N3,2.566,O=C(Cc1ccccc1)Nc1cccc(NC(=O)Cn2cccn2)c1
XS836746b,CC=1C=CC(=CC1)S(=O)(=O)N(C)CC(=O)NNC(=O)C2CC=CCC2,6.666,O=C(CNS(=O)(=O)c1ccccc1)NNC(=O)C1CC=CCC1
XS074923c,COC=1C=CC(=CC1)S(=O)(=O)NC(C)C=2C=CC(=CC2)N3C=CN=C3,1.45,O=S(=O)(NCc1ccc(-n2ccnc2)cc1)c1ccccc1
XS841098b,COC=1C=CC(=CC1Cl)N(C#N)C(C)C(=O)N2CCN(CC2)C(C)=O,0.578,O=C(CNc1ccccc1)N1CCNCC1
XS843226a,CC=1C=NN(C)C1C(=O)NCC(C2=CNC=3C=CC=CC23)C=4C=CC=CC4,0.748,O=C(NCC(c1ccccc1)c1c[nH]c2ccccc12)c1ccn[nH]1
XS839608b,CC1CC=2C=C(C=C(Cl)C2O1)CC3=NC4=CN(N=C4C(=O)N3)C(F)F,1.15,O=c1[nH]c(Cc2ccc3c(c2)CCO3)nc2c[nH]nc12
XS843225a,COCCOC=1C=CC(=CC1OC)C(C)NC(=O)CC=2C(C)=NOC2C,0.576,O=C(Cc1cnoc1)NCc1ccccc1
DR002926c,C=C1COCC1NC(=O)C(=O)N(CCO)CC=2C=CC(Cl)=C(Cl)C2,1.112,C=C1COCC1NC(=O)C(=O)NCc1ccccc1
XS839010b,FCC1(CNC=2C=C(C=3C=CC=CC3)N4N=CN=C4N2)CC51CCOCC5,0.922,c1ccc(-c2cc(NCC3CC34CCOCC4)nc3ncnn23)cc1
XS837706b,CC1CN(CCN1C(=O)C2=CN=C3C=CC=CN3C2=O)C=4C=CC(F)=CN4,14.814,O=C(c1cnc2ccccn2c1=O)N1CCN(c2ccccn2)CC1
XS635896b,CC(OC=1C=CC(Br)=CC1)C(=O)NCC2=NC(=CS2)CO,0.46,O=C(COc1ccccc1)NCc1nccs1
XS057963g,CCC1C=2C=CSC2CCN1CC3=NC=4C=CC(Cl)=CC4N3CCO,2.28,c1ccc2[nH]c(CN3CCc4sccc4C3)nc2c1
XS843235a,CC1=NN(C)C=C1C2CCCN2S(=O)(=O)CCC3=NOC=4C=CC=CC34,1.052,O=S(=O)(CCc1noc2ccccc12)N1CCCC1c1cn[nH]c1
XS843240a,CCCC1=NC(CN2CC(OC=3C=CC=CC32)C(=O)N4CCCCC4)=NO1,2.052,O=C(C1CN(Cc2ncon2)c2ccccc2O1)N1CCCCC1
XS843232a,CN(CC1CCC2=NC(=CN2C1)C(F)(F)F)C=3N=CC(C#N)=CC3Cl,0.306,c1ccc(NCC2CCc3nccn3C2)nc1
XS843233a,CC1=NC=2CCCC(C2S1)N(C)C(=O)C3=NN(C)C=C3Br,0.402,O=C(NC1CCCc2ncsc21)c1cc[nH]n1
XS843230a,CC(CN1CCN(C)CC1)NC=2N=NC(=CC2C(F)(F)F)C3=CC=CO3,0.67,c1coc(-c2ccc(NCCN3CCNCC3)nn2)c1
XS004799e,CCC(C)N1CCC(=O)N(CC(=O)NCC=2C=CC(=CC2)C(=O)OC)C1=O,1.11,O=C(CN1C(=O)CCNC1=O)NCc1ccccc1
XS843237a,COC=1C=CC(=CC1)S(=O)(=O)N2CCCC2C3=NC=4C=CC=CC4S3,7.306,O=S(=O)(c1ccccc1)N1CCCC1c1nc2ccccc2s1
XS843231a,CN(CCOC=1C=CC(F)=CC1)C(=O)C=2C=CC(=CC2)OCC3CCCO3,1.092,O=C(NCCOc1ccccc1)c1ccc(OCC2CCCO2)cc1
XS843236a,CC(CC1=CNC=2C=CC(F)=CC12)NC(=O)C3=CC=4COCCC4NC3=O,5.556,O=C(NCCc1c[nH]c2ccccc12)c1cc2c([nH]c1=O)CCOC2
XS838734b,CC1CN(C=2C=CC=CC2N1)S(=O)(=O)C=3C=CC=4OCCNC(=O)C4C3,0.784,O=C1NCCOc2ccc(S(=O)(=O)N3CCNc4ccccc43)cc21
XS841600b,COC=1C=CC(=CC1OC)CC(C)(CO)NC(=O)C2=NNC=3N=CC=CC23,4.266,O=C(NCCc1ccccc1)c1n[nH]c2ncccc12
XS843245a,CCCN1C(=O)N(CCC(=O)NC2CCCC=3C=CC=CC32)C=4C=CC=CC41,0.65,O=C(CCn1c(=O)[nH]c2ccccc21)NC1CCCc2ccccc21
XS830032b,COC=1C=CC(=CC1NC(=O)C(C)OC=2C=CC=C(Cl)C2)S(N)(=O)=O,0.668,O=C(COc1ccccc1)Nc1ccccc1
XS840568b,CC(COC=1C=CC=C(F)C1)NC(=O)NCC2=CN3C=C(Cl)C=CC3=N2,0.822,O=C(NCCOc1ccccc1)NCc1cn2ccccc2n1
XS839779b,O=C(CNC(=O)C1=CC=C(Br)O1)N2CCC(C2)C=3C=CC=CN3,3.218,O=C(NCC(=O)N1CCC(c2ccccn2)C1)c1ccco1
XS843246a,CC=1C=CC(=CC1NC(=O)C2=CC=CO2)C(=O)OC(C)C(=O)NC3CCCC3,2.47,O=C(COC(=O)c1cccc(NC(=O)c2ccco2)c1)NC1CCCC1
XS843251a,CCOC=1C=CC(=CC1OCC)CCNC(=O)C2CC=3C=CC=CC3C(=O)O2,0.54,O=C1OC(C(=O)NCCc2ccccc2)Cc2ccccc21
XS843242a,COCC1=C(SC=2C=CC=CC12)C(=O)NC(C)C=3C=CC(OC)=C(C3)OC,1.19,O=C(NCc1ccccc1)c1cc2ccccc2s1
XS841031b,CCN1C=C(C=N1)C2C=3NC=4C=CC(=CC4C3CCN2S(=O)(=O)F)OC,3.128,c1ccc2c3c([nH]c2c1)C(c1cn[nH]c1)NCC3
XS843255a,COC=1C=C(C=CC1OC(F)F)C(=O)OC(C)C(=O)NC2(C#N)CCCCC2,0.842,O=C(COC(=O)c1ccccc1)NC1CCCCC1
XS840871b,COC=1C=CC(Cl)=C(C1)N2C=C(N=N2)C(C)N(C)CC=3N=CC(F)=CC3C,0.368,c1ccc(-n2cc(CNCc3ccccn3)nn2)cc1
XS843266a,NC(=O)C1CCN(C1)C(=O)C=2C=CC(=NC2)OC=3C=CC(Br)=CC3,8.732,O=C(c1ccc(Oc2ccccc2)nc1)N1CCCC1
XS843264a,CCN1CC(CN(C)C(=O)C2=CSC(=N2)C=3C=NN(C)C3)OC=4C=CC=CC41,1.746,O=C(NCC1CNc2ccccc2O1)c1csc(-c2cn[nH]c2)n1
XS843267a,O=C(CC1=CSC(=N1)C=2C=CC(=CC2)C(F)(F)F)NC3CCCCNC3=O,4.386,O=C(Cc1csc(-c2ccccc2)n1)NC1CCCCNC1=O
XS843258a,CC=1C=CC=C(C1C)N2CC(CC2=O)C(=O)NC=3C=CC(=NC3)N4CCOCC4,14.502,O=C(Nc1ccc(N2CCOCC2)nc1)C1CC(=O)N(c2ccccc2)C1
XS843265a,COC=1C=CC(=CC1OC)C=2CC(C3=CC=CS3)N(N2)C(=O)CCC(=O)O,0.71,c1ccc(C2=NNC(c3cccs3)C2)cc1
XS837856b,O=C(CC(N1C=CC=N1)C(F)(F)F)N2CCCN(CC2)S(=O)(=O)C3CC3,1.148,O=C(CCn1cccn1)N1CCCN(S(=O)(=O)C2CC2)CC1
XS843268a,CC=1C=C(C)C2=C(N1)SC=3C(=O)N(C=NC32)CC(=O)NC(C)C4=CC=CS4,2.828,O=C(Cn1cnc2c(sc3ncccc32)c1=O)NCc1cccs1
XS841574b,CC1CC2(CCC2)CN1C(=O)NC=3C=CC=CC3CS(=O)(=O)C=4C=CC=CC4,0.498,O=C(Nc1ccccc1CS(=O)(=O)c1ccccc1)N1CCC2(CCC2)C1
EL002138c,COC(=O)CC1CC2(CO1)CCN(CC2)C=3C=C(C=C(N3)C(F)(F)F)CO,1.036,c1ccc(N2CCC3(CCOC3)CC2)nc1
XS843260a,CS(=O)(=O)N1CC=2C=CC=CC2CC1C(=O)N3CCN(CC3)C=4C=CC=CC4,10.76,O=C(C1Cc2ccccc2CN1)N1CCN(c2ccccc2)CC1
XS843270a,CCN1C(CNC(=O)C2CC(=O)N(C2)C=3C=CC=4OCCOC4C3)=NC=5C=CC=CC51,0.614,O=C(NCc1nc2ccccc2[nH]1)C1CC(=O)N(c2ccc3c(c2)OCCO3)C1
XS840420b,CC1=NN(C)C(C)=C1NC(=O)C(C)OC(=O)C=2C=C(Cl)C=3OCCCOC3C2,1.284,O=C(COC(=O)c1ccc2c(c1)OCCCO2)Nc1cn[nH]c1
XS843276a,CC=1N=C(C)N(N1)C=2C=CC(=CC2)C(=O)N3CCOCC3CC4=CNC=5C=CC=CC45,3.198,O=C(c1ccc(-n2cncn2)cc1)N1CCOCC1Cc1c[nH]c2ccccc12
XS843269a,CC(=O)NC(CC(=O)N(C)CC1=NC=2C=CC=CC2C(=O)N1)C=3C=CC(Cl)=CC3,0.842,O=C(CCc1ccccc1)NCc1nc2ccccc2c(=O)[nH]1
XS843282a,CC=1C=CC=CC1NC(=O)C2=C(C)NC3=NC(CCCO)=NN3C2C=4C=CC=C(F)C4,0.922,O=C(Nc1ccccc1)C1=CNc2ncnn2C1c1ccccc1
XS843277a,O=C(CC1SC=2C=CC=CC2NC1=O)NC3=NC(=CS3)CN4CCCCC4,1.062,O=C(CC1Sc2ccccc2NC1=O)Nc1nc(CN2CCCCC2)cs1
XS843283a,COC1=CC(=CC(OC)=C1OC)C(C)NC(=O)C=2SC(=NC2C)C=3C=CC=CN3,1.09,O=C(NCc1ccccc1)c1cnc(-c2ccccn2)s1
XS843286a,COC=1C=CC(OC)=C(C1)NC(=O)CNC(C(=O)NC=2C=CC=CC2)C=3C=CC=CC3,1.13,O=C(CNC(C(=O)Nc1ccccc1)c1ccccc1)Nc1ccccc1
XS843273a,CC=1C=CC2=NC(=CC(=O)N2C1)COC(=O)C(C)CC=3C=CC(Br)=CC3,2.438,O=C(CCc1ccccc1)OCc1cc(=O)n2ccccc2n1
XS840856b,CC=1C=NC(=C(C1)[N+]([O-])=O)N2CCCC(C2)N3N=CC(=CC3=O)N4CCOCC4,3.298,O=c1cc(N2CCOCC2)cnn1C1CCCN(c2ccccn2)C1
XS840692b,CCOC(=O)CC(NC(=O)C=1C=CC=2C(=O)N(C)C(=O)C2C1)C=3C=CC=CC3OC,1.236,O=C(NCc1ccccc1)c1ccc2c(c1)C(=O)NC2=O
XS843275a,CC1=NOC(=N1)C(NC(=O)C=2C=CC(=C(F)C2)N3CCOCC3)C4CCOCC4,0.574,O=C(NC(c1ncno1)C1CCOCC1)c1ccc(N2CCOCC2)cc1
XS840767b,CC(C)CN1CC(CC1=O)C(=O)N(CC=2C=CC=CC2[N+]([O-])=O)CC(F)(F)F,0.996,O=C1CC(C(=O)NCc2ccccc2)CN1
XS719146b,O=C(NC1CCN(C1)C=2C=CC(Cl)=C(F)C2)N3CCC(CC3)N4CCNC4=O,1.228,O=C(NC1CCN(c2ccccc2)C1)N1CCC(N2CCNC2=O)CC1
XS053489d,O=C(NC=1C=CC(=NC1)N2CCC=3SC=CC3C2)C4CCCN(C4)C(=O)C5=CC=CO5,2.804,O=C(Nc1ccc(N2CCc3sccc3C2)nc1)C1CCCN(C(=O)c2ccco2)C1
XS841225b,CS(=O)(=O)C=1C=CC(=CC1)OCCCC(=O)NC2(CCC=3C=CC=CC32)C(F)(F)F,0.402,O=C(CCCOc1ccccc1)NC1CCc2ccccc21
XS843298a,COC=1C=CC(=CC1)C(CNS(=O)(=O)C=2C=CC=3OCCCOC3C2)N4CCCCC4,1.376,O=S(=O)(NCC(c1ccccc1)N1CCCCC1)c1ccc2c(c1)OCCCO2
XS843303a,COC1=NN(C)C=2N=C(C)C(CCC(=O)N3CCCC(C3)C(=O)NCC4CC4)=C(C)C12,1.092,O=C(NCC1CC1)C1CCCN(C(=O)CCc2cnc3[nH]ncc3c2)C1
XS843293a,CC=1C=CC(=CC1)C2=NOC(CN3CCN(CC3)C(=O)C=4C=CC=5SC(C)C(=O)NC5C4)=N2,3.682,O=C1CSc2ccc(C(=O)N3CCN(Cc4nc(-c5ccccc5)no4)CC3)cc2N1
XS838789b,CC1=NN(C(C)=C1C2C(=O)NCCN2CC3=NN4C(=O)C=C(C)N=C4S3)C=5C=CC=CC5,1.626,O=C1NCCN(Cc2nn3c(=O)ccnc3s2)C1c1cnn(-c2ccccc2)c1
XS843296a,COC1=CC(=CC(OC)=C1OC)C(C)NC(=O)C=2C=C(N=C3C2C(C)=NN3C)C(C)C,0.438,O=C(NCc1ccccc1)c1ccnc2[nH]ncc12
XS843295a,O=C(NC(CC=1C=CC=CC1)C(=O)N2CCN(CC3=NC=4C=CC=CC4S3)CC2)C5=CC=CS5,2.454,O=C(NC(Cc1ccccc1)C(=O)N1CCN(Cc2nc3ccccc3s2)CC1)c1cccs1
XS843289a,NC(=O)C(C=1C=CC(Cl)=CC1)N2CCN(CC2)C=3N=CC(=CC3Cl)C(F)(F)F,1.172,c1ccc(CN2CCN(c3ccccn3)CC2)cc1
XS840537b,COC1=CC(=CC(OC)=C1OC)C(NC(=O)COC=2C=CC=CC2C#N)C(F)(F)F,0.592,O=C(COc1ccccc1)NCc1ccccc1
XS843292a,COC=1C=CC(=CC1)C2=NOC(CN3CCN(CC3)C(=O)CC4SC=5C=CC=CC5NC4=O)=N2,7.652,O=C1Nc2ccccc2SC1CC(=O)N1CCN(Cc2nc(-c3ccccc3)no2)CC1
XS837240b,CC1CCC=2N=C(N)C(C#N)=CC2C1,1.192,c1cnc2c(c1)CCCC2
XS842037b,O=C1CC2CCCN2C=3C=CC=CC3N1,4.542,O=C1CC2CCCN2c2ccccc2N1
XS842548b,CC(CC(=O)N1CCCCO1)C2CCCCC2,0.346,O=C(CCC1CCCCC1)N1CCCCO1
XS843309a,CC1=NN=C2CC(C)(C)C(CN12)C=3C=CC=CC3,0.722,c1ccc(C2CCc3nncn3C2)cc1
XS837540b,COC(C)CN1C=C(Br)C=NC1=O,0.722,O=c1nccc[nH]1
XS837932b,N#CC1(CCCC1)C(=O)NC(CO)CCF,1.502,C1CCCC1
XS843316a,O=C(OCC1CC(=O)N(C1)C2CC2)C3=CC=CS3,0.904,O=C(OCC1CC(=O)N(C2CC2)C1)c1cccs1
XS839673b,CCC1(CO)CCCN1C(=O)NCC(C)(C)OC,1.17,C1CCNC1
XS842414b,CC1CCCN1S(=O)(=O)NCC2=NC=CS2,1.418,O=S(=O)(NCc1nccs1)N1CCCC1
XS843317a,C=1C=CC(=CC1)C2(CC2)C3=NC(=NO3)C4CCOC4,2.81,c1ccc(C2(c3nc(C4CCOC4)no3)CC2)cc1
XS843326a,COC=1C=CC=CC1C2NC(=O)C=3C=CC=C(C)C3N2,0.728,O=C1NC(c2ccccc2)Nc2ccccc21
XS843319a,O=C(CN1C=CC=N1)NC2CCOC=3C=CC=CC32,1.488,O=C(Cn1cccn1)NC1CCOc2ccccc21
XS841667b,CC1=CC=C(O1)C=2C=CC(C)=C(C2)NC3CCNC3=O,0.636,O=C1NCCC1Nc1cccc(-c2ccco2)c1
XS843325a,CN1CC(NCC1=O)C2=NC(=NO2)C=3C=CC=CC3,1.502,O=C1CNC(c2nc(-c3ccccc3)no2)CN1
XS843327a,CCNC(=O)NC(=O)C(C)NC=1C=CC=CC1OC,2.264,c1ccccc1
XS841721b,O=S(=O)(CC=1C=C(ON1)C2CCCC2)C3CCOC3,4.568,O=S(=O)(Cc1cc(C2CCCC2)on1)C1CCOC1
XS838594b,CC(NC=1C=NC=2OCOC2C1)C3=NC=4C=CC=CC4O3,3.954,c1ccc2oc(CNc3cnc4c(c3)OCO4)nc2c1
XS841669b,O=C(CCC(F)F)NC1CCOCC21CCCCC2,0.716,C1CCC2(CC1)CCCOC2
XS843339a,CC=1C=C(C(=O)NC2CCCOC=3C=CC=CC32)N(C)N1,0.556,O=C(NC1CCCOc2ccccc21)c1ccn[nH]1
XS843332a,CC1C2=CC=CN2CCN1C(=O)C=3C=CC(F)=C(F)C3,0.884,O=C(c1ccccc1)N1CCn2cccc2C1
MR041161c,O=C1OC(=NC1CC=2C=CC=CC2)NCC=3C=CC=CN3,2.746,O=C1OC(NCc2ccccn2)=NC1Cc1ccccc1
XS843337a,CC(C)C1=NC(=CS1)C2NC(=O)C=3C=CC=CC3N2,1.86,O=C1NC(c2cscn2)Nc2ccccc21
XS838300c,O=C1CC(CN1)C2=CC=C(S2)C=3C=CC=C4C=CNC34,0.484,O=C1CC(c2ccc(-c3cccc4cc[nH]c34)s2)CN1
XS561632b,COC(=O)C1CCC2=NN=C(CC3CCCC3)N2CC1,0.7,C1CCc2nnc(CC3CCCC3)n2CC1
XS837551b,FC1(F)CC21COCCN(C2)C=3N=CC=4SC=CC4N3,0.894,c1cc2nc(N3CCOCC4(CC4)C3)ncc2s1
XS839459b,CN(C=1N=CC(=CN1)OC(F)F)C(CO)CC2CCC2,10.078,c1cnc(NCCC2CCC2)nc1
XS838401b,CN(CC1CC=2C=CC=CC2CO1)C=3N=CC=NC3CC#N,1.332,c1ccc2c(c1)COC(CNc1cnccn1)C2
XS843349a,CC1=NOC(C)=C1CC(=O)NC(C)C=2C=C(C)C=CC2C,0.386,O=C(Cc1cnoc1)NCc1ccccc1
XS843346a,CCCNC(=O)NC(=O)CN(C)C1CCC=2C=CC=CC21,6.768,c1ccc2c(c1)CCC2
XS767682b,CC1=CSC(=N1)C2CCCN(C2)C(=O)C=3C=CN=CC3,2.922,O=C(c1ccncc1)N1CCCC(c2nccs2)C1
XS700849b,O=C(C1=CC=2C=CC=CC2N1)N3CCCC3C=4C=CC=CC4,5.8,O=C(c1cc2ccccc2[nH]1)N1CCCC1c1ccccc1
XS398655b,O=C(NCC=1C=CNN1)NC2CCSC=3C=CC=CC32,0.48,O=C(NCc1cc[nH]n1)NC1CCSc2ccccc21
XS843358a,CC(CN1C=CC=N1)NC(=O)NCC=2C=CC=3OCOC3C2,1.922,O=C(NCCn1cccn1)NCc1ccc2c(c1)OCO2
XS843355a,COCC(C)NC(=O)C1=CC=2COC=3C=CC=CC3C2S1,1.934,c1ccc2c(c1)OCc1ccsc1-2
XS671334b,CC(C)C=1N=C2CCC(CN2N1)NCC3=NN=C(O3)C(C)C,0.72,c1nc2n(n1)CC(NCc1nnco1)CC2
XS843360a,CC(C)(C)C=1C=CC(=CC1)C2CCCN2C(=O)C=3C=CNN3,2.424,O=C(c1cc[nH]n1)N1CCCC1c1ccccc1
XS843351a,CC=1C=NN(C1)CC2CCCCN2C(=O)CC3=CC=CS3,1.344,O=C(Cc1cccs1)N1CCCCC1Cn1cccn1
XS639224b,CC(C)(CNC(=O)C1CCN2C=NC=C2C1)C3CCCCC3,1.596,O=C(NCCC1CCCCC1)C1CCn2cncc2C1
XS843353a,CC(SC=1N=C2N=CC=CN2N1)C(=O)N3CCC(C)CC3,1.132,O=C(CSc1nc2ncccn2n1)N1CCCCC1
XS840857b,C1=CC(=CS1)C=2N=NN(CC3CCC4(CCCCC4)O3)N2,0.424,c1cc(-c2nnn(CC3CCC4(CCCCC4)O3)n2)cs1
XS838432b,COC(CO)COC=1C=C2C=NNC2=CC1Br,0.968,c1ccc2[nH]ncc2c1
XS843371a,CCNC(=O)C=1C=CC(NC(=O)NCC2CCCO2)=C(C)C1,0.598,O=C(NCC1CCCO1)Nc1ccccc1
XS815289b,CC(NC(=O)NC=1C=CC=CC1)C=2C=CC(=CC2)N3C=CN=C3,1.262,O=C(NCc1ccc(-n2ccnc2)cc1)Nc1ccccc1
XS843363a,N#CC(NC(=O)C=1C=CC=C(N1)N2C=CC=N2)C3CCCCC3,0.732,O=C(NCC1CCCCC1)c1cccc(-n2cccn2)n1
XS394874b,O=C(CC=1N=C2N=CC=CN2N1)NC3CCCC=4C=CC=CC43,0.806,O=C(Cc1nc2ncccn2n1)NC1CCCc2ccccc21
XS673471b,O=C(CC=1C=CC=2OCCC2C1)N3CCCC(C3)N4C=CC=N4,3.342,O=C(Cc1ccc2c(c1)CCO2)N1CCCC(n2cccn2)C1
XS843361a,CCC1C(=O)NCCN1C(=O)C=2C=NN(C2C)C=3C=CC=CC3,0.808,O=C1CN(C(=O)c2cnn(-c3ccccc3)c2)CCN1
XS843368a,CN1N=NC=C1CC(=O)NC2CCN(CC=3C=CC=CC3)C2=O,0.836,O=C(Cc1cnn[nH]1)NC1CCN(Cc2ccccc2)C1=O
XS581609b,CC(C1CC1)N(C(=O)CN2C=NC(=N2)C=3C=CC=CC3)C4CC4,2.15,O=C(Cn1cnc(-c2ccccc2)n1)N(CC1CC1)C1CC1
XS843364a,O=C1C=2C=CC=CC2N=CN1CC(O)COCC=3C=CC=CC3,17.272,O=c1c2ccccc2ncn1CCCOCc1ccccc1
XS841976b,NC(=O)C1=NN=C(S1)N2CCC(C2)OC=3C=CC=CC3F,1.558,c1ccc(OC2CCN(c3nncs3)C2)cc1
XS843367a,OCC(NC1=NC(=NO1)C2CCC2)C=3C=CC(Cl)=C(F)C3,2.936,c1ccc(CNc2nc(C3CCC3)no2)cc1
XS838592b,CCN1C(=O)N(CC)C=2C=C(C=CC21)NC(C)C3=NC=C(C)O3,0.594,O=c1[nH]c2ccc(NCc3ncco3)cc2[nH]1
XS838440b,FC=1C=CC=C(C1)OCC2=NOC(=N2)C3CCCC4=NN=CN43,5.12,c1ccc(OCc2noc(C3CCCc4nncn43)n2)cc1
XS840031b,CN1CCC(NC(=O)CN2C=C(C=N2)[N+]([O-])=O)C=3C=CC=CC31,2.02,O=C(Cn1cccn1)NC1CCNc2ccccc21
XS843384a,CCOC(=O)C1(CCCCC1)NC(=O)C2CC=3C=CC=CC3O2,1.152,O=C(NC1CCCCC1)C1Cc2ccccc2O1
XS836768b,CC1=NC(=CS1)C2=CNC(=C2)C(=O)NC3CCCCNC3=O,9.0,O=C(NC1CCCCNC1=O)c1cc(-c2cscn2)c[nH]1
XS640905b,CC(OC(=O)C1CCN(CC1)C2=NC=3C=CC=CC3O2)C(N)=O,1.016,c1ccc2oc(N3CCCCC3)nc2c1
XS549527b,NC(=O)C1CCN(C1)C(=O)NC2=NC(=CS2)C=3C=CC=CC3,1.69,O=C(Nc1nc(-c2ccccc2)cs1)N1CCCC1
XS843381a,CC1CN(CCN1C(=O)C=2C=CC=CC2F)C=3C=CC=C(F)C3,1.744,O=C(c1ccccc1)N1CCN(c2ccccc2)CC1
XS804920b,CCC=1OC=NC1C(=O)N2CCCC(C2)C3=NC(C)=C(C)S3,0.538,O=C(c1cocn1)N1CCCC(c2nccs2)C1
XS843378a,CC(C=1C=CC(F)=CC1)N(C)CC2=NN=C(O2)C3=CC=CS3,1.19,c1ccc(CNCc2nnc(-c3cccs3)o2)cc1
XS843376a,CCC1(C)COCCN1C(=O)C2CCN(CC2)C=3C=NC=CN3,15.154,O=C(C1CCN(c2cnccn2)CC1)N1CCOCC1
XS838981b,CCOC(=O)C=1C=NN2C=CC=C2C1N(C)CC3(O)CCOC3,1.098,c1cc2c(NCC3CCOC3)ccnn2c1
XS838970b,CC=1C=CC=CC1OC(C)C(=O)NC2=NC(=NN2)C(F)(F)F,4.664,O=C(COc1ccccc1)Nc1ncn[nH]1
XS843395a,O=C(COC=1C=CC=CC1)N2CCCC2C3=NC=4C=CC=CC4N3,0.7,O=C(COc1ccccc1)N1CCCC1c1nc2ccccc2[nH]1
XS157694d,CC=1C=CC(=CC1)C2=NN=C(O2)C(C)NC=3C=CC=4OCOC4C3,1.618,c1ccc(-c2nnc(CNc3ccc4c(c3)OCO4)o2)cc1
XS843397a,CC(NC(=O)C=1C=CC=CC1F)C=2C=CC(=CC2)S(N)(=O)=O,1.126,O=C(NCc1ccccc1)c1ccccc1
XS843400a,O=C(C1=CN(CC=2C=CC=CC2)N=N1)N3CCCC3C4CCCC4,15.148,O=C(c1cn(Cc2ccccc2)nn1)N1CCCC1C1CCCC1
XS842275b,COC=1C(=CC=C2C=CC=CC12)CN3CCC(C3)C4=NOC(C)=N4,1.474,c1ccc2cc(CN3CCC(c4ncon4)C3)ccc2c1
XS843392a,CN1C=C(C=N1)N2CCC(C2)NC(=O)C3=CC=4C=CC=CC4S3,5.348,O=C(NC1CCN(c2cn[nH]c2)C1)c1cc2ccccc2s1
XS838967b,CC1=CSC(=N1)C2COCCN2CCC=3C=CC=4OCCC4C3,0.384,c1csc(C2COCCN2CCc2ccc3c(c2)CCO3)n1
XS843402a,COC=1C=CC(Cl)=CC1N2CCC(C2)NC(=O)C=3C=CC=NC3,1.424,O=C(NC1CCN(c2ccccc2)C1)c1cccnc1
XS843412a,CCOC=1N=CC=CC1C(=O)N(CC)C(C)C=2C=CC=C(C2)OC,0.442,O=C(NCc1ccccc1)c1cccnc1
XS843408a,CC1=C(OC=2C(C)=CC=CC12)C(=O)N3CCOCC3C=4N=CON4,0.786,O=C(c1cc2ccccc2o1)N1CCOCC1c1ncon1
XS840845b,CC(NC(=O)NC=1C=CC(=C(Cl)C1)N2C=CC=N2)C=3C=CON3,12.47,O=C(NCc1ccon1)Nc1ccc(-n2cccn2)cc1
XS843404a,O=C(NCC=1C=COC1)C2CCCN2C=3N=CN=C4SC=CC34,3.454,O=C(NCc1ccoc1)C1CCCN1c1ncnc2sccc12
XS841263b,CC=1C=CC(=CC1)C2=NC=C(CN3CCN4C(=O)NCC4C3)S2,2.116,O=C1NCC2CN(Cc3cnc(-c4ccccc4)s3)CCN12
XS843417a,CC1=CN2CC(CCC2=N1)NC(=O)CC=3C=CC=4OCCOC4C3,0.878,O=C(Cc1ccc2c(c1)OCCO2)NC1CCc2nccn2C1
XS843407a,O=C(C=1C=C(Cl)C=CN1)N(CCC=2C=CC=CC2)C3CCOC3,0.852,O=C(c1ccccn1)N(CCc1ccccc1)C1CCOC1
XS843415a,CC1=NOC(=N1)C2CCCN(C2)C(=O)COC=3C=C(C)C=CC3C,7.456,O=C(COc1ccccc1)N1CCCC(c2ncno2)C1
XS839213b,COCC(C)(O)CN1C=NC2=C(C=NN2C=3C=CC=CC3F)C1=O,0.422,O=c1[nH]cnc2c1cnn2-c1ccccc1
XS560353b,CC1=NOC(CC2(O)CCCN(C2)C=3C=C(Cl)C=CC3C#N)=N1,1.402,c1ccc(N2CCCC(Cc3ncno3)C2)cc1
XS717949b,CC(C)C1=CSC(=N1)NC(=O)C2CC(=O)N(CC(F)(F)F)C2,1.764,O=C1CC(C(=O)Nc2nccs2)CN1
XS838372b,CC(C)CN(CC(C=1C=CON1)C2CC2)C(=O)C3=CC=CC(=O)N3,7.456,O=C(NCC(c1ccon1)C1CC1)c1cccc(=O)[nH]1
XS843420a,CC=1NC=2C=CC(=CC2C1C)C(=O)NC(C)C3=NN=C4C=CC=CN34,0.692,O=C(NCc1nnc2ccccn12)c1ccc2[nH]ccc2c1
XS490466b,CNC(=O)C1CN(CCO1)C(=O)C=2C=CC(Cl)=C3N=CC=CC23,0.506,O=C(c1cccc2ncccc12)N1CCOCC1
XS840493b,COC=1N=CN=CC1NC(=O)C(=O)NC(C)C=2C=C(C)SC2C,0.744,O=C(NCc1ccsc1)C(=O)Nc1cncnc1
XS836488b,COC=1N=CN=CC1NC(=O)N2CCC(C(F)(F)F)C(C)(C)C2,0.67,O=C(Nc1cncnc1)N1CCCCC1
XS840349b,[O-][N+](=O)C=1C=C(Cl)C=C(NC(=O)C2CCC=3C=NNC3C2)C1O,2.51,O=C(Nc1ccccc1)C1CCc2cn[nH]c2C1
XS675814b,CCC(CC(=O)N(CC=1C=CN=CC1)C2CC2)C=3C=CC(=CC3)OC,1.024,O=C(CCc1ccccc1)N(Cc1ccncc1)C1CC1
XS656924b,CC=1C=NN(C1)CC2CN(CC3=CC(=NO3)C=4C=CC=CC4)CCO2,3.6,c1ccc(-c2cc(CN3CCOC(Cn4cccn4)C3)on2)cc1
XS843434a,O=C(CCC1CC=2C=CC=CC2NC1=O)NCCC=3C=CC(F)=CC3,1.296,O=C(CCC1Cc2ccccc2NC1=O)NCCc1ccccc1
XS840578b,O=C(NCC1=NN=CN1C2CC2)NC(C=3C=CC=CC3)C(F)(F)F,0.564,O=C(NCc1ccccc1)NCc1nncn1C1CC1
XS843430a,C1=CN(CC2CN(CC3=CSC(=N3)C=4C=CC=CC4)CCO2)N=C1,0.776,c1ccc(-c2nc(CN3CCOC(Cn4cccn4)C3)cs2)cc1
XS763434b,O=S1(=O)CCC(CC2=NN=C(O2)SCCC=3C=CC=CC3)C1,7.726,O=S1(=O)CCC(Cc2nnc(SCCc3ccccc3)o2)C1
XS842732b,C#CCCN(CC)C(=O)C(C)C(=O)NC=1C=C(Cl)C=C(Cl)C1,1.67,c1ccccc1
XS841413b,O=C(C1=CC2=CC=CN2C=N1)N3CCCC(C3)C4=NOC(=N4)C5CC5,0.348,O=C(c1cc2cccn2cn1)N1CCCC(c2noc(C3CC3)n2)C1
XS838634b,CN1C=CC2=C1CCN(C(=O)CC3=CC=NN3)C2C=4N=CC=CC4F,0.656,O=C(Cc1ccn[nH]1)N1CCc2[nH]ccc2C1c1ccccn1
XS836853b,CC=1C(=NNC1NC(=O)C2CC=3C=C(F)C=CC3O2)C=4C=CN=CC4,2.674,O=C(Nc1cc(-c2ccncc2)n[nH]1)C1Cc2ccccc2O1
XS837482b,CCOC(=O)C=1N=NNC1C2CCCN2C(=O)COCC3CCC3,4.364,O=C(COCC1CCC1)N1CCCC1c1cnn[nH]1
XS837414b,CC(C)(C)OC(=O)C1=CC(=NN1)NC(=O)CC2OCCCC2(C)C,13.472,O=C(CC1CCCCO1)Nc1cc[nH]n1
XS843438a,CC(C)C(NC(=O)COC=1C=CC=NC1)C=2C=CC=3OCCOC3C2,0.46,O=C(COc1cccnc1)NCc1ccc2c(c1)OCCO2
XS836909b,CC=1C=CN=C(N1)OC=2C=CC(=CC2)NC(=O)C(C(=O)O)C(C)(C)C,1.496,c1ccc(Oc2ncccn2)cc1
XS841046b,O=C(CN1C(=O)CSC=2C=CC=CC21)OC3CCS(=O)(=O)C3,1.52,O=C(CN1C(=O)CSc2ccccc21)OC1CCS(=O)(=O)C1
XS840413b,O=C(CNC=1C=CC=2OCCOC2C1)N3CCCC3C4=CC=CS4,2.73,O=C(CNc1ccc2c(c1)OCCO2)N1CCCC1c1cccs1
XS841539b,CC1(CCS(=O)(=O)C1)NC(=O)C=2C=NC(=NC2N)C3CCCC3,0.894,O=C(NC1CCS(=O)(=O)C1)c1cnc(C2CCCC2)nc1
XS841258b,CC1CCC=2C(=CSC2C1)C(=O)N3CCC4=NN(C)C(=O)C=C4C3,1.8,O=C(c1csc2c1CCCC2)N1CCc2n[nH]c(=O)cc2C1
XS841356b,CC1COC2(CCCC2)CN1C(=O)C=3C=CC=C(C3)C4=CSC=N4,0.578,O=C(c1cccc(-c2cscn2)c1)N1CCOC2(CCCC2)C1
XS842393b,CC1=C(C=NN1C)C(=O)OC2CCC=3NC=4C=CC(Cl)=CC4C3C2,3.184,O=C(OC1CCc2[nH]c3ccccc3c2C1)c1cn[nH]c1
XS843442a,CC=1N=CN(C1C)C=2C=CC(=CC2)NC(=O)C(C)NC(=O)C(C)(C)C,5.378,c1ccc(-n2ccnc2)cc1
XS840702b,CC=1N=C(SC1C(C)N(C)C(=O)CC=2C=CON2)C=3C=CC=CC3,2.322,O=C(Cc1ccon1)NCc1cnc(-c2ccccc2)s1
XS843448a,O=C(C=1N=CN=C2N=CNC12)N3CCCC(C3)C4=CC=5C=CC=CC5N4,0.576,O=C(c1ncnc2nc[nH]c12)N1CCCC(c2cc3ccccc3[nH]2)C1
XS843450a,CS(=O)(=O)C=1C=CC(=CN1)NC(=O)NC(C=2C=CC=CC2)C3CC3,0.71,O=C(Nc1cccnc1)NC(c1ccccc1)C1CC1
XS839969b,CC1=NN(C)C(C)=C1OCC2=NC(=NO2)C3CC(=O)N(CC4CC4)C3,6.066,O=C1CC(c2noc(COc3cn[nH]c3)n2)CN1CC1CC1
XS177382b,COC(=O)CCCNC(=O)C1CC(=O)N(C1)C=2C=CC=3CCCC3C2,3.686,O=C1CCCN1c1ccc2c(c1)CCC2
XS843449a,CCCOC=1C=CC(=CC1OCCC)C(=O)NC2CCCCNC2=O,4.464,O=C(NC1CCCCNC1=O)c1ccccc1
XS840328b,COC(=O)C(CNC=1C=CC(C#N)=NN1)CC=2C=CC=C3C=CC=CC23,1.82,c1cnnc(NCCCc2cccc3ccccc23)c1
XS841431b,ClC1=C(SC=2C=CC=CC12)C3=NN=C(O3)C4CC54CCOCC5,0.66,c1ccc2sc(-c3nnc(C4CC45CCOCC5)o3)cc2c1
XS841930b,COC=1C=CC=C(C1)COC2CCN(C2)C3=NC=NN4C(C#N)=CC=C34,3.45,c1ccc(COC2CCN(c3ncnn4cccc34)C2)cc1
XS842186b,CN(CC=CC=1C=CC=CC1)C(=O)CN2CCCC(C2=O)C(F)(F)F,1.114,O=C(CN1CCCCC1=O)NCC=Cc1ccccc1
XS843457a,COC=1C=CC=CC1C(=O)N2CCN(CC2)C(C#N)C=3C=CC(F)=CC3,0.56,O=C(c1ccccc1)N1CCN(Cc2ccccc2)CC1
XS836786b,CC(OC=1C=CC=CC1F)C(=O)NN=CC=2C=NN(N2)C=3C=CC=CC3,0.606,O=C(COc1ccccc1)NN=Cc1cnn(-c2ccccc2)n1
XS843459a,OC(COC=1C=CC=2CCCC2C1)CN3CCN(CC3)C=4C=CC=CC4,0.876,c1ccc(N2CCN(CCCOc3ccc4c(c3)CCC4)CC2)cc1
XS843455a,CC=1C=CN(N1)C=2C=CC(=CC2)C(=O)N3CCCCC3CN4C=CC=N4,2.98,O=C(c1ccc(-n2cccn2)cc1)N1CCCCC1Cn1cccn1
XS407112b,O=C(NCC=1C=CC(=CC1)OCC=2C=CC=C(F)C2)C3CCNC(=O)C3,0.422,O=C1CC(C(=O)NCc2ccc(OCc3ccccc3)cc2)CCN1
XS843458a,COC=1C=CC(OC)=C(C1)NC(=O)C(C)N2C(=O)C=3C=CC=CC3C2=O,1.94,O=C(CN1C(=O)c2ccccc2C1=O)Nc1ccccc1
XS576153b,CC1=NOC=2N=CN=C(NC3CCN(C3=O)C=4C(C)=CC(C)=CC4C)C12,1.152,O=C1C(Nc2ncnc3oncc23)CCN1c1ccccc1
XS837074b,O=C(CNS(=O)(=O)C1CCCOC1)NC=2C=CC(F)=C(F)C2F,1.978,O=C(CNS(=O)(=O)C1CCCOC1)Nc1ccccc1
XS837778b,CN1C(=CC=2C=C(Br)C=NC21)C(=O)N3CCOC(CF)C3,12.358,O=C(c1cc2cccnc2[nH]1)N1CCOCC1
XS640868b,CCC=1N=CN=C(C1F)N(C)CC2CCC3=NC(=CN3C2)C(F)(F)F,0.638,c1cc(NCC2CCc3nccn3C2)ncn1
XS626902b,CN1CCC(C2=NC(=NO2)C=3C=CC(=CN3)OCC(F)F)S1(=O)=O,4.352,O=S1(=O)NCCC1c1nc(-c2ccccn2)no1
XS843464a,CC=1N=C(SC1C(=O)OCC(=O)NCC2CCCO2)C=3C=CSC3,2.802,O=C(COC(=O)c1cnc(-c2ccsc2)s1)NCC1CCCO1
XS843465a,CC(C(=O)N1CCC(CC1)C2=NC(=NN2)C=3C=CC=CC3)C=4C=NC=NC4,2.782,O=C(Cc1cncnc1)N1CCC(c2nc(-c3ccccc3)n[nH]2)CC1
XS569498b,O=C1CC(CN1CC(F)(F)F)C2=NC(CN3C=NC=4C=CC=CC43)=NO2,2.188,O=C1CC(c2nc(Cn3cnc4ccccc43)no2)CN1
XS589969b,CC(C1=NC(=NO1)C=2C=CC=C3NC=CC23)S(=O)(=O)C4CCOCC4,2.332,O=S(=O)(Cc1nc(-c2cccc3[nH]ccc23)no1)C1CCOCC1
XS838768b,CC(C)(CN1CCN(CC1)C=2C=CC=CC2)NCC(F)C3CCOCC3,5.49,c1ccc(N2CCN(CCNCCC3CCOCC3)CC2)cc1
XS839431b,COC(CC=1C=CC=CC1)CS(=O)(=O)NC2=NN(C)C=3CCOCC23,0.422,O=S(=O)(CCCc1ccccc1)Nc1n[nH]c2c1COCC2
XS696795b,CCCC1=CC(=O)NC(=N1)SCC(=O)N(CC)C2CCS(=O)(=O)C2,2.128,O=C(CSc1nccc(=O)[nH]1)NC1CCS(=O)(=O)C1
XS843475a,CC=1C=C(C=CC1Cl)C(=O)N2CCS(=O)(=O)CC2C=3C=NN(C)C3,1.998,O=C(c1ccccc1)N1CCS(=O)(=O)CC1c1cn[nH]c1
XS843482a,CCN(CC)C(CNC(=O)C=1C=NC2=C(C1)C(C)=NN2C)C=3C=CSC3,2.14,O=C(NCCc1ccsc1)c1cnc2[nH]ncc2c1
XS148277b,CNC(=O)C1CN(C(=O)COC(=O)C=2C=CC=CC2C)C=3C=CC=CC3O1,3.616,O=C(OCC(=O)N1CCOc2ccccc21)c1ccccc1
XS843485a,COC=1C=CC(=C(C1)OC)C2CCCN2C(=O)COC=3C=CC=C(Cl)C3,4.044,O=C(COc1ccccc1)N1CCCC1c1ccccc1
XS843470a,CC=1SC=2N=CN(CCC(=O)NC(C)C=3C=CC=C(O)C3)C(=O)C2C1C,1.614,O=C(CCn1cnc2sccc2c1=O)NCc1ccccc1
XS842105b,O=C(NCCC=1C=C(F)C=C2COCOC12)C3CC(=NO3)C=4C=CC=CC4,6.23,O=C(NCCc1cccc2c1OCOC2)C1CC(c2ccccc2)=NO1
XS843474a,COC=1C=C(F)C=C(C1)CNC(=O)N2CCC3(C2)C(=O)NC=4C=CC=CC43,1.556,O=C(NCc1ccccc1)N1CCC2(C1)C(=O)Nc1ccccc12
XS843500a,CN1C=C(C=N1)CC(CNC(=O)C=2N=CC=C3C=4C=CC=CC4NC23)C(N)=O,13.006,O=C(NCCCc1cn[nH]c1)c1nccc2c1[nH]c1ccccc12
XS843488a,O=C1NC(CN2CCCC(C2)C3=NNC(=N3)C=4C=CC=CC4)=NC=5C=CC=CC15,9.51,O=c1[nH]c(CN2CCCC(c3n[nH]c(-c4ccccc4)n3)C2)nc2ccccc12
XS841083b,C=CCNC(=O)CN1CCN(CC1)C(=O)C2COC=3C=CC(Cl)=CC3C2,15.044,O=C(C1COc2ccccc2C1)N1CCNCC1
XS843490a,CC(OC=1C=CC=C(C1)N2C=NN=N2)C(=O)NC=3C=C(Cl)C=C(Cl)C3,1.396,O=C(COc1cccc(-n2cnnn2)c1)Nc1ccccc1
XS841515b,CCOC(=O)C1CN(CC21COC2)S(=O)(=O)C=3C=CC(=NC3)C(C)(C)C,16.114,O=S(=O)(c1cccnc1)N1CCC2(COC2)C1
XS394839b,CC1=CSC2=NC(=CC(=O)N12)CN3CCCC3C4=NC=5C=CC=CC5S4,4.04,O=c1cc(CN2CCCC2c2nc3ccccc3s2)nc2sccn12
XS839540b,CC(CS(C)(=O)=O)NC(=O)C1=CSC(=N1)C=2C=CC3=C(C2)CCN3C,0.776,c1csc(-c2ccc3c(c2)CCN3)n1
XS843494a,CN(CCOC=1C=CC(Cl)=CC1)C(=O)C2CC(=O)N(CC=3C=CC=CC3)C2,1.654,O=C(NCCOc1ccccc1)C1CC(=O)N(Cc2ccccc2)C1
XS843487a,CC(=O)NC=1C=CC(=CC1)NC(=O)C(C)OC(=O)CCCOC=2C=CC=CC2,6.752,O=C(COC(=O)CCCOc1ccccc1)Nc1ccccc1
XS840921b,COCC=1N=C(C=CC1Cl)NC(=O)NC2CCN(C2=O)C=3C=CN(C)N3,0.978,O=C(Nc1ccccn1)NC1CCN(c2cc[nH]n2)C1=O
XS843497a,CC1=NC(C(=O)NC(C)C=2N=CC=C(N2)C(F)(F)F)=C(O1)C=3C=CC=CC3,2.09,O=C(NCc1ncccn1)c1ncoc1-c1ccccc1
XS840498b,CC(NC(=O)CCN1C=NC=N1)C(=O)N2CCN(CC2)C=3C=CC=C(Cl)C3,4.63,O=C(CCn1cncn1)NCC(=O)N1CCN(c2ccccc2)CC1
XS740955c,CC(C(=O)NCC(=O)NC=1C=CC(F)=C(F)C1F)N2CCCC=3C=CC=CC32,1.486,O=C(CN1CCCc2ccccc21)NCC(=O)Nc1ccccc1
XS843509a,CC1=C(C=NN1C2CCN(C)CC2)NC(=O)C=3C=C(NN3)C(C)C=4C=CC=CC4,3.092,O=C(Nc1cnn(C2CCNCC2)c1)c1cc(Cc2ccccc2)[nH]n1
XS843507a,COC=1C=C2C=CC=CC2=CC1C(=O)NCC(C3=CC=CS3)N4CCOCC4,2.426,O=C(NCC(c1cccs1)N1CCOCC1)c1ccc2ccccc2c1
XS843506a,O=C(CCC1=NC=2C=CC=CC2S1)N3CCCC3C=4C=CC=5OCCOC5C4,18.306,O=C(CCc1nc2ccccc2s1)N1CCCC1c1ccc2c(c1)OCCO2
XS843512a,CCN(CC(=O)NC1CCS(=O)(=O)C1)S(=O)(=O)C=2C=CC(C)=CC2C,1.708,O=C(CNS(=O)(=O)c1ccccc1)NC1CCS(=O)(=O)C1
XS840485b,NC(=O)NC(CC(=O)OCC=1C=C(Cl)C=2OCCOC2C1)C=3C=CC=CC3,0.672,O=C(CCc1ccccc1)OCc1ccc2c(c1)OCCO2
XS397301b,CC=1C=CC(=CC1)S(=O)(=O)N2CCCC(C2)C(=O)N3CCCC=4C=CC=CC43,0.978,O=C(C1CCCN(S(=O)(=O)c2ccccc2)C1)N1CCCc2ccccc21
XS843526a,CC1=C(C(=O)N2CCOCC2)C(NC(=O)N1CC=3C=CC=CC3)C=4C=CC=CC4F,1.25,O=C1NC(c2ccccc2)C(C(=O)N2CCOCC2)=CN1Cc1ccccc1
XS843525a,CCOC(=O)C1=C(CN(C)CC=2C=CC=C(F)C2)NC(=O)NC1C3=CC=CS3,1.684,O=C1NC(CNCc2ccccc2)=CC(c2cccs2)N1
XS843517a,CCC=1C=CC(=CC1)C2CCCN(C2)C(=O)C3=NN(C=C3CCCO)C=4C=CC=CC4,2.528,O=C(c1ccn(-c2ccccc2)n1)N1CCCC(c2ccccc2)C1
XS591063b,CC1=CC(C)=NN1C(C)CC(=O)N2CCN(CC2)S(=O)(=O)C=3C=CC(C)=CC3,0.67,O=C(CCn1cccn1)N1CCN(S(=O)(=O)c2ccccc2)CC1
XS840461b,CCOC(=O)C1=C(COC(=O)C2=C(C)OC(=C2C#N)N3C=CC=C3)NC(=O)NC1C,0.836,O=C1NCC=C(COC(=O)c2coc(-n3cccc3)c2)N1
XS336210b,O=C(CCOCC1CC1)N2CCC(C2)(C3=NC(=NO3)C=4C=CN=CC4)C(F)(F)F,2.386,O=C(CCOCC1CC1)N1CCC(c2nc(-c3ccncc3)no2)C1
XS843520a,CCOC=1C=CC(=CC1OCC)C(C)NC(=O)C=2C=CC=3C(=O)N4CCCC4=NC3C2,4.596,O=C(NCc1ccccc1)c1ccc2c(=O)n3c(nc2c1)CCC3
XS838064b,CCOC=1C(Cl)=CC(=CC1OC)CNC(=O)C2CCN(C2)C=3C=CC=CC3F,0.834,O=C(NCc1ccccc1)C1CCN(c2ccccc2)C1
XS843540a,COC=1C=CC(=CC1S(=O)(=O)N2CCCCC2)NC(=O)C3CC(=O)N(C3)C(C)C,1.708,O=C1CC(C(=O)Nc2cccc(S(=O)(=O)N3CCCCC3)c2)CN1
XS840864b,CC(C)NS(=O)(=O)C=1C=CC(=CC1)NC(=O)C(C)OC(=O)C2=CN3C=CC=CC3=N2,3.616,O=C(COC(=O)c1cn2ccccc2n1)Nc1ccccc1
XS843531a,COC=1C=CC(=CC1)C2CCCCCN2CC(=O)NC=3C=C(C=CC3OC)NC(C)=O,1.238,O=C(CN1CCCCCC1c1ccccc1)Nc1ccccc1
XS843534a,CC(C)C(NC1=NS(=O)(=O)C=2C=CC=CC12)C(=O)N3CCN(CC3)C=4C=CC=CC4O,0.806,O=C(CNC1=NS(=O)(=O)c2ccccc21)N1CCN(c2ccccc2)CC1
XS843528a,CCS(=O)(=O)NC=1C=CC(=CC1)C=2CC(C=3C=CC=CC3C)N(N2)S(=O)(=O)CC,2.832,c1ccc(C2=NNC(c3ccccc3)C2)cc1
XS841528b,CN(CCO)CCNS(=O)(=O)C=1C=NC(=C(F)C1)N2CC(C(F)F)C3(CCC3)C2,7.75,c1ccc(N2CCC3(CCC3)C2)nc1
XS840313b,CC=1C=CC(=CC1)C(CF)NC2=NC=CS2,0.914,c1ccc(CNc2nccs2)cc1
XS840843b,CC(NCC#N)C=1C(Cl)=CC=C(F)C1Cl,0.616,c1ccccc1
XS837254b,CC1CCNC(=O)C2=CC(Br)=CN21,0.502,O=C1NCCCn2cccc21
XS843548a,CC1CN(CCO1)C(=O)C2(C#N)CCCC2,0.462,O=C(C1CCCC1)N1CCOCC1
XS840143b,C=CCN1CCC(OC=2C=NC=NC2)C1=O,3.02,O=C1NCCC1Oc1cncnc1
XS843552a,CC(CN1C=CC=N1)NC(=O)NC=2C=CC=CC2,0.918,O=C(NCCn1cccn1)Nc1ccccc1
XS836969b,CC1=NSC(=N1)NC(C)C=2C=CNN2,6.908,c1nsc(NCc2cc[nH]n2)n1
XS838617b,CC1(C)CC(CCNC2=CC=C(C#N)S2)CO1,1.996,c1csc(NCCC2CCOC2)c1
XS838221b,CC(C)C(C)C(=O)NC=1N=CC=C2C=CNC12,0.624,c1cc2cc[nH]c2cn1
XS836866b,CCC1CCNC=2C=C(C=CC21)[N+]([O-])=O,0.872,c1ccc2c(c1)CCCN2
XS843561a,COC=1C=CC(=CC1)NC(C(N)=O)C=2C=CC=CC2,1.406,c1ccc(CNc2ccccc2)cc1
XS843560a,CC(C)C(C(=O)NC=1C=CN=CC1F)C=2C=CC=CC2,0.518,O=C(Cc1ccccc1)Nc1ccncc1
XS820419b,CC(C(=O)N1CCOC=2C=CC=CC21)N3C=CC=N3,1.152,O=C(Cn1cccn1)N1CCOc2ccccc21
XS842610b,CC(NC(=O)C1=CN2C=CC=NC2=N1)C3=CC=CS3,1.768,O=C(NCc1cccs1)c1cn2cccnc2n1
XS841764b,N#CC=1C=C(CN2CCC(F)(C#N)C2)C(F)=CC1F,0.576,c1ccc(CN2CCCC2)cc1
XS839093b,O=C(OC1CCC2(CCC2)C1)C=3C=CC4=CN=CN4C3,0.642,O=C(OC1CCC2(CCC2)C1)c1ccc2cncn2c1
XS843564a,CCNC(=O)NC(=O)C(C)NC=1C=CC(=NC1)OC,13.236,c1ccncc1
XS838536b,CC1=NC(C)=C(O1)C2=CSC(CC3CCCO3)=N2,0.462,c1ncc(-c2csc(CC3CCCO3)n2)o1
XS843563a,C=C(C)CC(C)C(=O)NC=1C=C(C(=O)OC)N(C)N1,6.448,c1cn[nH]c1
XS840047b,CCOC(=O)C(CC=1C=CN=C(N1)OC)NC(C)=O,1.402,c1cncnc1
XS836869b,CCOC(=O)C1CC(=O)NN1C=2N=CC=CC2Cl,0.506,O=C1CCN(c2ccccn2)N1
XS595182b,CC1=CC(CS(=O)CC=2C=C(C)C=CC2C)=NO1,0.998,O=S(Cc1ccccc1)Cc1ccon1
XS843559a,CN1CCC(OC=2C=CC(Cl)=C(Cl)C2)C1=O,1.076,O=C1NCCC1Oc1ccccc1
XS843562a,O=C1CC(CO)CN1C=2C=CC(=CC2)C=3C=CN=CC3,8.442,O=C1CCCN1c1ccc(-c2ccncc2)cc1
XS843565a,COC=1C=CC(=CN1)NC(C)C2=NC(=NO2)C3CC3,1.866,c1cncc(NCc2nc(C3CC3)no2)c1
XS838145b,CC1CN(CC=2C=CN=CC2C#N)CC=3C=CC=CC3O1,8.568,c1ccc2c(c1)CN(Cc1ccncc1)CCO2
XS757511b,CC(C(=O)NC=1C=CC(Cl)=CN1)N2CCNC(=O)C2,1.248,O=C1CN(CC(=O)Nc2ccccn2)CCN1
XS779579b,CCC=1C=CN=C(C1)C(=O)NC2CC(=O)N(C2)C3CC3,1.018,O=C(NC1CC(=O)N(C2CC2)C1)c1ccccn1
XS842154b,COCC(C)OC(=O)C=1N=COC1C=2C=CC(C)=CC2,0.672,c1ccc(-c2cnco2)cc1
XS843571a,CC(C)C1(CO)CCCN(C1)C=2N=CN=C3N=CNC23,2.988,c1nc(N2CCCCC2)c2[nH]cnc2n1
XS843578a,CC(=O)N1N=C(CC1C2=CC=CS2)C=3C=CC=CC3O,4.338,c1ccc(C2=NNC(c3cccs3)C2)cc1
XS843574a,CCOC(=O)C1CCCN(C1)C(=O)C=2C=CC(C#N)=CC2,0.768,O=C(c1ccccc1)N1CCCCC1
XS843567a,CC(=O)N1N=C(CC1C2=CC=C(C)O2)C=3C=CSC3,0.692,c1coc(C2CC(c3ccsc3)=NN2)c1
XS006184e,CC1C=2C=CSC2CCN1C=3N=CN=C4C3C=NN4C,10.148,c1nc(N2CCc3sccc3C2)c2cn[nH]c2n1
XS843568a,O=C(NC1CCC(=O)NC1=O)C=2C=CC3=CC=CC=C3N2,4.568,O=C1CCC(NC(=O)c2ccc3ccccc3n2)C(=O)N1
XS837192b,CC1N(CC2=NN=NN2CC(F)(F)F)CCOC1(C)C,0.39,C1CN(Cc2nnn[nH]2)CCO1
XS840544b,CC=1N=C(C=CC1[N+]([O-])=O)NC(=O)C(C)C2=CC=CS2,2.202,O=C(Cc1cccs1)Nc1ccccn1
XS838672b,CCOC(=O)C1=NN=C(O1)N2CCC(C(=O)OC)C32CC3,3.364,c1nnc(N2CCCC23CC3)o1
XS843587a,CC(C)OC=1N=CC=CC1CNC(=O)C(C)N2C=NC=N2,1.042,O=C(Cn1cncn1)NCc1cccnc1
XS843591a,CC=1C=CC(=CC1C)S(=O)(=O)NC(C)CN2C=NC=N2,1.426,O=S(=O)(NCCn1cncn1)c1ccccc1
XS843583a,OC1CCCN(C1)C2=NC(=NS2)C=3C=C(F)C=C(F)C3,3.402,c1ccc(-c2nsc(N3CCCCC3)n2)cc1
XS841825b,CC1=CC=C(S1)C(=O)N2CCCC(C2)C3=NN=CS3,1.808,O=C(c1cccs1)N1CCCC(c2nncs2)C1
XS839340b,N#CC=1N=C(C=CC1F)NC2COC=3C=CC=C(Cl)C32,2.98,c1ccc(NC2COc3ccccc32)nc1
XS837999b,CC(C)OC=1C=NC(=NC1)N2CCOC(C)(C2)C(F)F,2.346,c1cnc(N2CCOCC2)nc1
XS720787b,CC(NC(=O)C=1C=C(NN1)C=2C=CC=CC2)C=3C=CC=CN3,5.636,O=C(NCc1ccccn1)c1cc(-c2ccccc2)[nH]n1
XS843592a,O=C(C1=NNC=2C=CC=CC12)N3CCC(C3)C=4C=CC=CC4,3.096,O=C(c1n[nH]c2ccccc12)N1CCC(c2ccccc2)C1
XS843579a,O=C(C1=CNC=2N=CC=CC12)N3CCCC(C3)N4C=CC=N4,1.12,O=C(c1c[nH]c2ncccc12)N1CCCC(n2cccn2)C1
XS657338b,CC1=NOC(C)=C1NC(=O)NC2CCN(C2)C=3C=CC=CC3,1.21,O=C(Nc1cnoc1)NC1CCN(c2ccccc2)C1
XS839655b,CC(NC=1C=CN(N1)C=2C=CC(Cl)=CC2)C3=NN=NN3C,0.404,c1ccc(-n2ccc(NCc3nnn[nH]3)n2)cc1
XS843599a,CCCCCC(C)NC(=O)C1=NN(C)C(=O)C=2C=CC=CC12,5.438,O=c1[nH]ncc2ccccc12
XS391752b,COC=1C=CC=CC1NC(=O)N2CCCC2C3=CC(C)=NO3,0.902,O=C(Nc1ccccc1)N1CCCC1c1ccno1
XS505985b,CCC=1C=C(SC1C)C(=O)N2CCCC(C2)N3C=NC=N3,1.056,O=C(c1cccs1)N1CCCC(n2cncn2)C1
XS444244b,CC1=NOC=2N=CN=C(NCC(C)OC=3C=CC=C(F)C3)C12,0.538,c1ccc(OCCNc2ncnc3oncc23)cc1
XS466359b,CCOC=1N=CC=CC1NC(=O)NC2CCS(=O)(=O)C2,0.526,O=C(Nc1cccnc1)NC1CCS(=O)(=O)C1
XS659632b,CCC1CCC=2SC(=CC2C1)C(=O)NCCN3C=CN=C3,0.74,O=C(NCCn1ccnc1)c1cc2c(s1)CCCC2
XS843610a,CC=1C=CC(=CC1)C(C)(C)C(=O)N2CCCC(C2)C=3N=NNN3,2.23,O=C(Cc1ccccc1)N1CCCC(c2nn[nH]n2)C1
XS843606a,CC(C)C1=NN=C2CN(CCN12)C(=O)C3CC=4C=CC=CC4O3,1.024,O=C(C1Cc2ccccc2O1)N1CCn2cnnc2C1
XS838156b,COCC(C)S(=O)(=O)NCC1=NOC(=N1)C=2C=CC=CC2,1.712,c1ccc(-c2ncno2)cc1
XS745213b,O=C(C=1C=NC2=CC=CC=C2N1)N3CCCC(C3)N4C=CC=N4,5.006,O=C(c1cnc2ccccc2n1)N1CCCC(n2cccn2)C1
XS843614a,OCC1CC21CCN(CC2)C3=NC=4C=CC(Cl)=CC4S3,1.946,c1ccc2sc(N3CCC4(CC3)CC4)nc2c1
XS838581b,NC(=O)C=1C(F)=CC=CC1N2CCC3(CCC=4C=CC=CC43)C2,0.5,c1ccc(N2CCC3(CCc4ccccc43)C2)cc1
XS838800b,O=C(NCC1=CC=CN2C=CN=C12)C=3C=C(NN3)C4CCOC4,5.926,O=C(NCc1cccn2ccnc12)c1cc(C2CCOC2)[nH]n1
XS839873b,CC(C(=O)NC=1C=CC=C(C1)NC(=O)NN(C)C)C(C)(C)C,0.604,c1ccccc1
XS839986b,CC1C=2C=CC=CC2CN1C(=O)CCC=3C=CC=C(C3)[N+]([O-])=O,0.738,O=C(CCc1ccccc1)N1Cc2ccccc2C1
XS628207b,O=C(CCCOC=1C=CC=CC1)N2CCCC(C2)N3C=NC=N3,2.102,O=C(CCCOc1ccccc1)N1CCCC(n2cncn2)C1
XS837582b,CC(C)(F)C(C)(F)CN1C=C(N=N1)C=2C=C(F)N=CC2Cl,2.566,c1cc(-c2c[nH]nn2)ccn1
XS842278b,CC(NCC=1C=C2C=CC=CN2N1)C=3C=CN(N3)C=4C=CC=CC4,1.306,c1ccc(-n2ccc(CNCc3cc4ccccn4n3)n2)cc1
XS836878b,O=C(CCOC=1C=CC=CC1)N2CCOCC2C3=CC(=O)NN3,3.364,O=C(CCOc1ccccc1)N1CCOCC1c1cc(=O)[nH][nH]1
XS837060b,CC(CCN1C=NC=N1)NS(=O)(=O)C=2C=NC=C(Cl)C2,7.062,O=S(=O)(NCCCn1cncn1)c1cccnc1
XS839089b,CCC=1N=CN=C(NC(C2=NC=CS2)C=3C=CC=CC3)C1F,0.518,c1ccc(C(Nc2ccncn2)c2nccs2)cc1
XS748994b,CN1C=C(C=N1)S(=O)(=O)N2CCCC2CCC=3C=CC=CC3,10.366,O=S(=O)(c1cn[nH]c1)N1CCCC1CCc1ccccc1
XS843624a,CC1=NN(C)C(C)=C1NC(=O)C(C)OC(=O)C=2C=CC(C)=CC2,3.006,O=C(COC(=O)c1ccccc1)Nc1cn[nH]c1
XS843616a,CCOC(=O)C=1CC(C(=O)NCCOC)N(N1)C=2C=CC=CC2,0.942,C1=NN(c2ccccc2)CC1
XS697677b,CC1=CSC(=N1)NC(=O)C2CC(=O)N(CC=3C=CC=CN3)C2,3.662,O=C(Nc1nccs1)C1CC(=O)N(Cc2ccccn2)C1
XS756172b,CC=1C=CC=CC1C2=NOC(CS(=O)CC3CCCCC3)=N2,0.76,O=S(Cc1nc(-c2ccccc2)no1)CC1CCCCC1
XS837443b,CC(C)CC1=NOC(CN=S2(=O)CCNC=3C=CC=CC32)=N1,1.25,O=S1(=NCc2ncno2)CCNc2ccccc21
XS838748b,O=C(NC1C=CS(=O)(=O)C1)C=2C=CC(=NC2)C=3C=CSC3,6.162,O=C(NC1C=CS(=O)(=O)C1)c1ccc(-c2ccsc2)nc1
XS843621a,CC1=NN(C=C1C(C)NC(=O)NCC=2C=NN(C)C2)C(C)(C)C,0.466,O=C(NCc1cn[nH]c1)NCc1cn[nH]c1
XS838754b,O=C(CCN1CC=2C=CC=CC2C1=O)NC3CCCC=4C=COC43,0.692,O=C(CCN1Cc2ccccc2C1=O)NC1CCCc2ccoc21
XS838333b,CC(=O)NC(C)C1=NC(=NO1)C=2C=CN=C(C2)OC=3C=CC=CC3,0.924,c1ccc(Oc2cc(-c3ncon3)ccn2)cc1
XS843631a,CC=1C=CC=C(C1C)N(C)C(=O)C2CCCN(C2)C=3N=CC=CN3,1.212,O=C(Nc1ccccc1)C1CCCN(c2ncccn2)C1
XS837771b,CC1CN(C(=O)CN2C=C(C=N2)C3CC3)C=4C=CC=CC4NC1=O,1.212,O=C1CCN(C(=O)Cn2cc(C3CC3)cn2)c2ccccc2N1
XS841534b,C1=CN2CC(CCC2=N1)C3=NC(=NO3)C=4C=NC=5C=CSC5C4,0.648,c1cn2c(n1)CCC(c1nc(-c3cnc4ccsc4c3)no1)C2
XS837429c,N#CC=1C=CC(=NC1N2CCCCC2C=3C=CNN3)C(F)(F)F,0.48,c1ccc(N2CCCCC2c2cc[nH]n2)nc1
XS748649b,CN1C=C(Cl)C=C1C(=O)N2CCCC(CC(C)(C)C(N)=O)C2,1.04,O=C(c1ccc[nH]1)N1CCCCC1
XS558039b,O=C(C1SCCC=2SC=CC21)N3CCN(C(=O)C3)C4CC4,2.172,O=C(C1SCCc2sccc21)N1CCN(C2CC2)C(=O)C1
XS595414b,COC=1C=CC2=C(C1)CCCC2CNC(=O)NCC=3C=CN=CC3,0.816,O=C(NCc1ccncc1)NCC1CCCc2ccccc21
XS751620b,CC1=NOC(CC2(O)CCCN(CC=3C=CC=C4C=CNC34)C2)=N1,11.956,c1cc(CN2CCCC(Cc3ncno3)C2)c2[nH]ccc2c1
XS718243b,CCOC=1C=CC=C2C=C(COC12)C(=O)NC(C)CN3C=CC=N3,0.98,O=C(NCCn1cccn1)C1=Cc2ccccc2OC1
XS599217b,CC(C)N1CCCC(C1=O)N2CCN(CC2)C=3C=CC(C#N)=CN3,2.532,O=C1NCCCC1N1CCN(c2ccccn2)CC1
XS838660b,CN1C=CC(=C1)CN(CCC=2C=COC2)C(=O)C3OCCC3(C)C,0.866,O=C(C1CCCO1)N(CCc1ccoc1)Cc1cc[nH]c1
XS843637a,O=C(NC1CCCNC1=O)C2=CSC(CCC=3C=CC=CC3)=N2,2.408,O=C(NC1CCCNC1=O)c1csc(CCc2ccccc2)n1
XS842674b,CC=1N=CC=NC1N2CCN(CC2)C(=O)C3CCC=4C=NNC4C3,8.042,O=C(C1CCc2cn[nH]c2C1)N1CCN(c2cnccn2)CC1
XS843633a,O=C1CC2(CCCCC2)C(=O)N1CC(O)COCC=3C=CC=CC3,12.588,O=C1CC2(CCCCC2)C(=O)N1CCCOCc1ccccc1
XS687317b,CC1CC(=O)NC=2C=CC=CC2N1C(=O)CSC=3N=CC=CN3,0.816,O=C1CCN(C(=O)CSc2ncccn2)c2ccccc2N1
XS843634a,COC1=C(C(C)=NN1C)C2CCCN2C(=O)C=3C=CC(=NC3)OC,4.324,O=C(c1cccnc1)N1CCCC1c1cn[nH]c1
XS843638a,CN1C=CN=C1C(NC(=O)C=2C=CC=3NC=NC3C2)C=4C=CC=CC4,11.912,O=C(NC(c1ccccc1)c1ncc[nH]1)c1ccc2[nH]cnc2c1
XS741074b,N#CC=1C=CSC1N2CCC(C2=O)N3CCN(C(=O)C3)C4CC4,5.55,O=C1C(N2CCN(C3CC3)C(=O)C2)CCN1c1cccs1
XS840343c,CCOC(=O)C(CC=1C=CN=C(F)C1)NS(=O)(=O)N(C)CC,0.622,c1ccncc1
XS843648a,CC(NC=1C=CC=2OCCOC2C1)C(=O)NC=3C=CC(Cl)=CN3,4.16,O=C(CNc1ccc2c(c1)OCCO2)Nc1ccccn1
XS843657a,CC(NC(=O)NC=1C=CC=NC1N2CCOCC2)C=3C=CC=CC3,11.956,O=C(NCc1ccccc1)Nc1cccnc1N1CCOCC1
XS843651a,CS(=O)(=O)N1N=C(CC1C=2C=CC=CC2)C=3C=CC(Cl)=CC3,6.366,c1ccc(C2=NNC(c3ccccc3)C2)cc1
XS839283b,COC(=O)C1=COC(=C1)C2=NOC(=N2)C=3C=NN(C3)C4CC4(F)F,8.766,c1coc(-c2noc(-c3cnn(C4CC4)c3)n2)c1
XS789450b,O=C(NCCNC=1N=CC=CN1)C2COC=3C=CC(Cl)=CC3C2,4.75,O=C(NCCNc1ncccn1)C1COc2ccccc2C1
XS843645a,CC=1N=C(NC(=O)CN2CCCCC2CN3C=NC=N3)SC1C,1.404,O=C(CN1CCCCC1Cn1cncn1)Nc1nccs1
XS843649a,CN1N=CC(C(=O)NC2CCC=3NN=CC3C2)=C1CC=4C=CC=CC4,1.654,O=C(NC1CCc2[nH]ncc2C1)c1cn[nH]c1Cc1ccccc1
XS426151b,CC=1C=CC(=CC1)C2=NN=C(O2)C(C)NC=3C=CC(C)=C(C3)C(N)=O,0.672,c1ccc(NCc2nnc(-c3ccccc3)o2)cc1
XS843646a,CCC1=CC=C(O1)C(=O)NCC(C)N(C)C(=O)C2=CC=C(CC)O2,0.962,O=C(NCCNC(=O)c1ccco1)c1ccco1
XS843653a,CC=1C=CC(OCCNC(=O)C2CC(=O)N(CC(C)C)C2)=C(C)C1,0.674,O=C1CC(C(=O)NCCOc2ccccc2)CN1
XS390683b,CC=1C=CC(=CC1)CCC(=O)N2CCCC2C3=NC=4C=CC=CC4N3,0.682,O=C(CCc1ccccc1)N1CCCC1c1nc2ccccc2[nH]1
XS839754b,CC(C)C(NC=1C=CC2=NN=NN2N1)C3=NC(=NO3)C=4C=CC=CC4,1.154,c1ccc(-c2noc(CNc3ccc4nnnn4n3)n2)cc1
XS837654b,CN(C(=O)COCC1CCCNC1)C=2C=CC(=CC2)C=3C=CC=CC3,1.4,O=C(COCC1CCCNC1)Nc1ccc(-c2ccccc2)cc1
XS843665a,O=C(C1=CN=C2C=CC=CN12)N3CCC(C3)NC=4C=CC=C(Cl)C4,4.66,O=C(c1cnc2ccccn12)N1CCC(Nc2ccccc2)C1
XS840618b,O=C(NC=1C=CC=NC1N2C=CC=N2)C3CSC=4C=CC=CC4O3,0.392,O=C(Nc1cccnc1-n1cccn1)C1CSc2ccccc2O1
XS843666a,CCOC=1C=CC=2C=C(NC2C1)C(=O)N3CCCC(C3)C(F)(F)F,1.002,O=C(c1cc2ccccc2[nH]1)N1CCCCC1
XS843661a,COC=1C=CC=CC1C2(CC2)C(=O)N3CCCC(C3)C=4C=C(C)NN4,0.462,O=C(N1CCCC(c2cc[nH]n2)C1)C1(c2ccccc2)CC1
XS837148b,N#CC=1N=C(C=CC1Cl)N2CCN(CC2)C3CCS(=O)(=O)C3,3.05,O=S1(=O)CCC(N2CCN(c3ccccn3)CC2)C1
XS843662a,O=C(C(NC=1C=CC=2OCCOC2C1)C=3C=CC=CC3)N4CCCC4,4.224,O=C(C(Nc1ccc2c(c1)OCCO2)c1ccccc1)N1CCCC1
XS839929b,COC(=O)C=1SC=2C=CC=C(F)C2C1NC(=O)C3COCCO3,0.656,O=C(Nc1csc2ccccc12)C1COCCO1
XS836656b,CC1=CC=CN2C=C(N=C12)C=3C=CC(=CC3)NC(C)CS(C)(=O)=O,1.234,c1ccc(-c2cn3ccccc3n2)cc1
XS742145b,O=C1CC=2C=C(C=CC2N1)NC3CCN(C3=O)C=4C=CC=C(Cl)C4,11.718,O=C1Cc2cc(NC3CCN(c4ccccc4)C3=O)ccc2N1
XS843675a,CC=1C=CC(C)=C(C1)OCC(=O)NC(C)C=2C=CC=3OCCOC3C2,1.784,O=C(COc1ccccc1)NCc1ccc2c(c1)OCCO2
XS604071b,CCCN1N=C(C=CC1=O)C(=O)N2CCCCCC2C3=CC=CN3C,0.73,O=C(c1ccc(=O)[nH]n1)N1CCCCCC1c1ccc[nH]1
XS843672a,COC(=O)C=1C=CC(=CC1)NC(=O)C2CC(=O)N(CC(F)(F)F)C2,7.428,O=C1CC(C(=O)Nc2ccccc2)CN1
XS843670a,CCCCN1N=C(C=CC1=O)C(=O)N2CCCC(C2)C=3C=C(C)NN3,0.884,O=C(c1ccc(=O)[nH]n1)N1CCCC(c2cc[nH]n2)C1
XS757531b,COC=1C=CC(=CC1OC)C2CCCN2C(=O)CN3C=CC=NC3=O,2.156,O=C(Cn1cccnc1=O)N1CCCC1c1ccccc1
XS843686a,CC(C)(C)C(=O)N1N=C(CC1C=2C=CC3=NC=CN=C3C2)C4=CC=CO4,6.718,c1coc(C2=NNC(c3ccc4nccnc4c3)C2)c1
XS401541b,O=C(CCC1=NC=C(O1)C=2C=CC(F)=CC2)NC3CCCCNC3=O,3.87,O=C(CCc1ncc(-c2ccccc2)o1)NC1CCCCNC1=O
XS840314b,COC(CS(=O)(=O)NC=1C=C(Cl)C=NC1OC(C)C)C2CC2,0.942,O=S(=O)(CCC1CC1)Nc1cccnc1
XS840424b,COC=1C=C(OC)C=2NC(=CC2C1)C(=O)OC(C)C(=O)NC(C)(C)C,0.46,c1ccc2[nH]ccc2c1
XS839802b,C#CC=1C=NC=C(C1)C(=O)NCC(C)N(C)C(=O)C=2C=NC=C(C#C)C2,14.02,O=C(NCCNC(=O)c1cccnc1)c1cccnc1
XS843684a,CN1C(=O)C2=C(N=CN2CC(O)COC=3C=CC(F)=CC3)N(C)C1=O,2.98,O=c1[nH]c(=O)c2c(ncn2CCCOc2ccccc2)[nH]1
XS843685a,NC(=O)C1=CC(=CN1)C(=O)N2CCCC2CC=3C(F)=CC=CC3Cl,3.46,O=C(c1cc[nH]c1)N1CCCC1Cc1ccccc1
XS843683a,CSC=1N=CC=CC1C(=O)OC(C)C(=O)NC2(C#N)CCCCC2,1.752,O=C(COC(=O)c1cccnc1)NC1CCCCC1
XS839581b,COC=1N=CC(=CN1)CN(CC(C)(F)C(C)C)C=2C=NC(C#N)=CN2,1.37,c1cnc(NCc2cncnc2)cn1
XS840186b,CCNC(=O)NC(=O)C(C)N1CCN(CC1)C2=NC=3C=CC=CC3O2,3.732,c1ccc2oc(N3CCNCC3)nc2c1
XS843681a,COC=1C=CC=CC1CC(=O)N2CC=3C=CC=CC3C(C2)N4C=CC=N4,0.558,O=C(Cc1ccccc1)N1Cc2ccccc2C(n2cccn2)C1
XS839736b,CC=1N=C(C)N(N1)C2CCCN(C2)C(=O)C3=CSC(CC(C)C)=N3,1.156,O=C(c1cscn1)N1CCCC(n2cncn2)C1
XS739390b,CN1N=C(C=C1NC(=O)NC2CCN(C2)C=3C=CC=CC3)C4=CC=CO4,8.084,O=C(Nc1cc(-c2ccco2)n[nH]1)NC1CCN(c2ccccc2)C1
XS843687a,CNC(=O)C1CN(CC2=NN=C(O2)C=3C=CC=CC3)C=4C=CC=CC4O1,1.6,c1ccc(-c2nnc(CN3CCOc4ccccc43)o2)cc1
XS843691a,O=C(NCC1CC(=O)NC=2C=CC=CC21)N(CC=3C=CC=CC3)C4CC4,1.482,O=C1CC(CNC(=O)N(Cc2ccccc2)C2CC2)c2ccccc2N1
XS843693a,COC(=O)CC(NC(=O)C1=CN=C2C=CC=CN2C1=O)C=3C=CC=CC3,1.392,O=C(NCc1ccccc1)c1cnc2ccccn2c1=O
XS843696a,COCCCC(=O)N(C)C(C)C=1C=CC=C(C1)NC(=O)C=2C=CC=CC2,1.208,O=C(Nc1ccccc1)c1ccccc1
XS843690a,O=C(C1CC21CCNCC2)N3CCC(CC3)C4=NC=5C=CC=CC5S4,1.518,O=C(C1CC12CCNCC2)N1CCC(c2nc3ccccc3s2)CC1
XS841373b,O=C(OCC1=NN=C(O1)C2CCOCC2)C3CC43CCC(F)(F)CC4,1.994,O=C(OCc1nnc(C2CCOCC2)o1)C1CC12CCCCC2
XS576980b,O=C(NC=1C=NC=2CCOCC2C1)C3CC(=O)N(C3)C=4C=CC=CC4F,9.708,O=C(Nc1cnc2c(c1)COCC2)C1CC(=O)N(c2ccccc2)C1
XS843698a,O=C(CC=1C=NC2=CC=CC=C2C1)N3CCCC3C=4C=C(F)C=CC4F,3.288,O=C(Cc1cnc2ccccc2c1)N1CCCC1c1ccccc1
XS443484b,CCOC(=O)C1CCN(CC1)C2CC(=O)N(C2=O)C=3C(C)=CC=CC3C,3.938,O=C1CC(N2CCCCC2)C(=O)N1c1ccccc1
XS839991b,CN1C=C(C=N1)N2CCC(NC(=O)N3CCC=C(C3)C=4C=CC=CC4)C2=O,5.396,O=C(NC1CCN(c2cn[nH]c2)C1=O)N1CCC=C(c2ccccc2)C1
XS843709a,CC(C(=O)NCC1CCCCC1)S(=O)(=O)CC=2C=CC=C(Cl)C2,3.074,O=C(CS(=O)(=O)Cc1ccccc1)NCC1CCCCC1
XS837606b,CC1C=2C=NC=CC2CCN1C(=O)C3=CSC(=N3)N(C)C=4C=CC=CC4,10.482,O=C(c1csc(Nc2ccccc2)n1)N1CCc2ccncc2C1
XS843703a,CC(C1=NC(CN2C=CC=CC2=O)=NO1)C=3C=CC(Br)=CC3,2.34,O=c1ccccn1Cc1noc(Cc2ccccc2)n1
XS843710a,O=C(NCCOC=1C=CC=C(Cl)C1)C2CCCN(C2)C=3C=NC=CN3,4.608,O=C(NCCOc1ccccc1)C1CCCN(c2cnccn2)C1
XS843711a,CC(OC=1C=CC=C(C1)C(C)(C)C)C(=O)NC=2C=CC(=NC2)N3C=CN=C3,0.368,O=C(COc1ccccc1)Nc1ccc(-n2ccnc2)nc1
XS843702a,CC1(C)CN(CC1C=2C=CC=CC2)C(=O)CC=3C=NN(C3)C=4C=CC=CC4,4.13,O=C(Cc1cnn(-c2ccccc2)c1)N1CCC(c2ccccc2)C1
MR045484b,CC(C)(C(=O)NC1CCN(C1)C(=O)C=2C=CC3=CC=CN=C3C2)C(F)F,0.984,O=C(c1ccc2cccnc2c1)N1CCCC1
XS843705a,CN1N=CC(C(=O)NC2CCN(C)C=3C=CC=CC32)=C1CC=4C=CC=CC4,3.732,O=C(NC1CCNc2ccccc21)c1cn[nH]c1Cc1ccccc1
XS839638b,NC(=O)C1CCCN(CC2=NN=C(O2)C3=CC=C(Br)S3)C1,3.554,c1csc(-c2nnc(CN3CCCCC3)o2)c1
XS825159b,COC=1C=C(C=CC1OC(C)C)C(=O)NC(C)C=2C=CC(=CC2)NC(N)=O,0.672,O=C(NCc1ccccc1)c1ccccc1
XS843722a,CC=1C=C(ON1)C2CCCN2CC3=CC(=O)OC=4C=C(C)C(=CC34)C(C)C,0.33,O=c1cc(CN2CCCC2c2ccno2)c2ccccc2o1
XS843716a,COC=1C=CC(=CC1)CN(C)C(=O)C=2C=NN3CCC(CNC(C)=O)CC23,1.29,O=C(NCc1ccccc1)c1cnn2c1CCCC2
XS843723a,CC=1C=CC(=CC1Cl)NC(C)C(=O)NC=2C=CC(=CC2)S(N)(=O)=O,0.54,O=C(CNc1ccccc1)Nc1ccccc1
XS133002b,COC=1C=C(C=CC1OCC=2C=CC(Cl)=CC2)C(=O)NCC3CCCO3,1.75,O=C(NCC1CCCO1)c1ccc(OCc2ccccc2)cc1
XS839296b,COC(=O)C(F)C1CC2(C1)CCN(CC2)C=3N=NC(OC)=C4C=CC=CC34,1.096,c1ccc2c(N3CCC4(CCC4)CC3)nncc2c1
XS842030b,CC=1N=C(CC(C)C)OC1C(=O)NC(C)CN2N=CC=3C=CC=CC3C2=O,0.828,O=C(NCCn1ncc2ccccc2c1=O)c1cnco1
XS840614b,COC(=O)C1=C(C)NC(C(=O)NC2CCCC3=C2C=NN3C(C)(C)C)=C1C,1.136,O=C(NC1CCCc2[nH]ncc21)c1ccc[nH]1
XS390679b,CC1=C(C=NN1C=2C=CC=CC2F)C(=O)NCC3CCN(C3)C=4C=CC=CC4,1.79,O=C(NCC1CCN(c2ccccc2)C1)c1cnn(-c2ccccc2)c1
XS843742a,O=C(NCC1=CC=C(O1)C=2C=CC(Cl)=CC2)C3CC(=O)N(C3)C4CCCC4,8.566,O=C(NCc1ccc(-c2ccccc2)o1)C1CC(=O)N(C2CCCC2)C1
XS843730a,CC1CC=2C=CC=CC2N1C(=O)COC(=O)CN3C(=O)C=4C=CC=CC4C3=O,6.074,O=C(CN1C(=O)c2ccccc2C1=O)OCC(=O)N1CCc2ccccc21
XS843740a,COC=1C=CC(OC)=C(C1)C(C)NC(=O)CN2C=NC=3C=CC(C)=CC3C2=O,1.694,O=C(Cn1cnc2ccccc2c1=O)NCc1ccccc1
XS843741a,CC=1C=CC(Cl)=C(C1)OC(C)C(=O)NC=2C=C(C=CC2C)S(C)(=O)=O,1.038,O=C(COc1ccccc1)Nc1ccccc1
XS843727a,O=C1C(CCN1C=2C=CC=CC2)NS(=O)(=O)C=3C=CC=CC3C(F)(F)F,3.978,O=C1C(NS(=O)(=O)c2ccccc2)CCN1c1ccccc1
XS838875b,O=C(NCC1CN(C(=O)O1)C=2C=CC=CC2)N3CCC=4C(O)=CC=C(F)C4C3,1.004,O=C(NCC1CN(c2ccccc2)C(=O)O1)N1CCc2ccccc2C1
XS839812b,CC(C)C1CN(C(=O)CCCS(=O)(=O)N2CCCC2)C=3C=CC=CC3N1,1.91,O=C(CCCS(=O)(=O)N1CCCC1)N1CCNc2ccccc21
XS743635b,CC1=NN(C)C(C)=C1C=2C=C(NN2)C(=O)N3CCCC(C)(C3)C=4C=CC=CC4,0.52,O=C(c1cc(-c2cn[nH]c2)n[nH]1)N1CCCC(c2ccccc2)C1
XS837858b,CC1=NC(C)=C(S1)S(=O)(=O)N2CCC(C(F)(F)F)C3(CCOCC3)C2,1.0,O=S(=O)(c1cncs1)N1CCCC2(CCOCC2)C1
XS840911b,CCC=1C=C(CC(=O)N2CCCC2(C)CNC(=O)C=3C=CC=4NN=NC4C3)ON1,1.384,O=C(NCC1CCCN1C(=O)Cc1ccno1)c1ccc2[nH]nnc2c1
XS584869b,CC=1N=C(NC(=O)C2(C)CCC(=O)NC2)SC1CC=3C=CC(F)=C(F)C3F,0.654,O=C1CCC(C(=O)Nc2ncc(Cc3ccccc3)s2)CN1
XS836731b,O=C(O)C(CC(=O)NC=1C=CC(=CC1Cl)C(F)(F)F)C=2C=CC(F)=CC2,0.884,O=C(CCc1ccccc1)Nc1ccccc1
XS837692b,CC=1C=CC=2NC=3CCC(CC3C2C1)NC(=O)N(C)CC4=CN5CCCCC5=N4,0.7,O=C(NCc1cn2c(n1)CCCC2)NC1CCc2[nH]c3ccccc3c2C1
XS841572b,CC1=C(Br)C(=NN1C(C)C2=NC(=NO2)C=3CCON3)C(F)(F)F,0.402,c1cnn(Cc2nc(C3=NOCC3)no2)c1
XS840059b,COC=1C=C(C)C=C(C)C1S(=O)(=O)N2CCCC(C2)OC=3N=CC=CC3F,1.292,O=S(=O)(c1ccccc1)N1CCCC(Oc2ccccn2)C1
XS575091b,CC(=O)N1CCN(C(=O)NC=2C=CN(N2)C=3N=CC=CC3C(F)(F)F)C(C)C1,17.484,O=C(Nc1ccn(-c2ccccn2)n1)N1CCNCC1
XS843764a,CC(C)C(NC(=O)CC1=NN(C)C(=O)C=2C=CC=CC12)C=3C=CC=4OCCCOC4C3,4.236,O=C(Cc1n[nH]c(=O)c2ccccc12)NCc1ccc2c(c1)OCCCO2
XS843753a,CCN1N=NC=2C=C(C=CC21)C(=O)N3CC(OC=4C=CC=CC43)C(=O)N5CCCCC5,6.532,O=C(C1CN(C(=O)c2ccc3[nH]nnc3c2)c2ccccc2O1)N1CCCCC1
XS836977b,CN1C=C(C=N1)N2CCCC(OC=3C=C(Br)C=C(C3)C(F)(F)F)C2=O,1.88,O=C1C(Oc2ccccc2)CCCN1c1cn[nH]c1
XS843759a,CCN1C(=NC=2C=CC=CC21)NC(=O)C3CCCN(C3)S(=O)(=O)C=4C=CC=CC4,2.82,O=C(Nc1nc2ccccc2[nH]1)C1CCCN(S(=O)(=O)c2ccccc2)C1
XS394837b,O=C(C=1C=CC(=CC1)N2CCCC2=O)N3CCCC(C3)C4=NC=5C=CC=CC5S4,1.848,O=C(c1ccc(N2CCCC2=O)cc1)N1CCCC(c2nc3ccccc3s2)C1
XS843757a,CC1=C(C=NN1C=2C=CC(C)=CC2)C(C)NS(=O)(=O)C=3C=CC=4OCCOC4C3,3.408,O=S(=O)(NCc1cnn(-c2ccccc2)c1)c1ccc2c(c1)OCCO2
XS673284b,O=C(CCOCC1CC1)N2CCC(C2)(C3=NC(=NO3)C=4C=CC=NC4)C(F)(F)F,2.18,O=C(CCOCC1CC1)N1CCC(c2nc(-c3cccnc3)no2)C1
XS843782a,CCN1CCN(CC1)C=2C=CC(F)=CC2C(C)NC(=O)C3=NN4C(C)=CC(C)=NC4=N3,1.136,O=C(NCc1ccccc1N1CCNCC1)c1nc2ncccn2n1
XS843771a,CC=1C=CC(=CC1C)S(=O)(=O)N2CCC(CC2)C(=O)OCC(=O)N3CCCC(C)C3,2.556,O=C(OCC(=O)N1CCCCC1)C1CCN(S(=O)(=O)c2ccccc2)CC1
XS843780a,CC1=CC=CN2C(=O)C=3C=C(C(=O)NCC4CCCO4)C(=N)N(CC5=CC=CO5)C3N=C12,6.416,N=c1c(C(=O)NCC2CCCO2)cc2c(=O)n3ccccc3nc2n1Cc1ccco1
XS843769a,CN1C(=O)C2=C(N=CN2CC(=O)N3CCC=4SC=CC4C3C=5C=CC=CC5)N(C)C1=O,4.822,O=C(Cn1cnc2[nH]c(=O)[nH]c(=O)c21)N1CCc2sccc2C1c1ccccc1
XS837993b,CCS(=O)(=O)NC=1C=CC(=CC1OC)NC(=O)NC(C)C=2C=CC=C(C2)C(F)(F)F,0.676,O=C(NCc1ccccc1)Nc1ccccc1
XS843781a,COC=1C=CC(=CC1)C(CNC(=O)COC2=NNC(=O)C=3C=CC=CC23)N4CCCC4,1.31,O=C(COc1n[nH]c(=O)c2ccccc12)NCC(c1ccccc1)N1CCCC1
XS836917b,O=C(NC1CCCC(F)(F)C1)C=2CCON2,2.416,O=C(NC1CCCCC1)C1=NOCC1
XS843793a,CC=1N=CSC1C(=O)NCC2CCCO2,1.64,O=C(NCC1CCCO1)c1cncs1
XS842046b,N#CC=1C=NC(NC2CC32CC3)=C(F)C1,2.11,c1ccc(NC2CC23CC3)nc1
YT000055c,NC=1C=CC=CC1N2CC(OC2=O)C(F)(F)F,3.854,O=C1OCCN1c1ccccc1
XS839989b,[O-][N+](=O)C=1C=CC(=NC1)NC2CC=CCC2,0.426,C1=CCC(Nc2ccccn2)CC1
XS841149b,COC(=O)C1CC=2C(F)=CC=C(F)C2C(=O)O1,2.536,O=C1OCCc2ccccc21
XS843786a,O=C(NC1CC1)C2CCC=3C=CC=CC3O2,1.17,O=C(NC1CC1)C1CCc2ccccc2O1
XS837977b,CN1N=NN(CC2CCCCCO2)C1=O,0.73,O=c1[nH]nnn1CC1CCCCCO1
XS843794a,CCC1=CN=C(NC(=O)C2(C)C=CCCC2)S1,3.308,O=C(Nc1nccs1)C1C=CCCC1
XS841174b,N#CC=1C=CC(Cl)=CC1NC2CNC(=O)C2,1.694,O=C1CC(Nc2ccccc2)CN1
XS843796a,O=C(NC1CCC(=O)NC1=O)C2=CC=3C=CC=CC3O2,1.822,O=C1CCC(NC(=O)c2cc3ccccc3o2)C(=O)N1
XS838021b,CCN1C=NN=C1NC(=O)C=2CC(ON2)C(C)(C)C,1.904,O=C(Nc1nnc[nH]1)C1=NOCC1
XS839753b,COC(C)C(=O)NC=1C=C(C)C=CC1Br,0.576,c1ccccc1
XS843804a,CN1N=C(CCC1=O)C(=O)N2CCC2C=3C=CC=CC3,0.692,O=C1CCC(C(=O)N2CCC2c2ccccc2)=NN1
XS842567b,CC1COCCN1C(=O)NC=2C=CC(F)=CC2C#N,0.464,O=C(Nc1ccccc1)N1CCOCC1
XS662629b,O=C(C=1C=NC=C(O)C1)N2CCC(C2)C=3C=CC=CC3,0.594,O=C(c1cccnc1)N1CCC(c2ccccc2)C1
XS838503b,C1=NNC=2N=CN=C(NC3CSC=4C=CC=CC43)C12,0.46,c1ccc2c(c1)SCC2Nc1ncnc2[nH]ncc12
XS843806a,CC=1N=C2CCC(CN2N1)NC3=NC=4C=CC=CC4S3,0.462,c1ccc2sc(NC3CCc4ncnn4C3)nc2c1
XS841546b,CC(C)C(C1=NN=C(O1)C=2C=CC=CN2)C=3C=CC=CC3,0.518,c1ccc(Cc2nnc(-c3ccccn3)o2)cc1
XS674007b,CC(NC(=O)C=1C=CC(Cl)=CC1)C(=O)N2CCCC2,0.96,O=C(NCC(=O)N1CCCC1)c1ccccc1
XS843813a,CCC1CN(CCO1)C(=O)C=2C=NN(C2)C=3C=CC=CC3,5.97,O=C(c1cnn(-c2ccccc2)c1)N1CCOCC1
XS842440b,NC(=O)C1COCCN1CC=2C(F)=CC=CC2[N+]([O-])=O,1.234,c1ccc(CN2CCOCC2)cc1
XS843815a,COCC(C)N(C)C(=O)C=1C=NC2=C(C1)C(C)=NN2C,0.546,c1cnc2[nH]ncc2c1
XS840668b,CC1=C(C=NN1C)C(=O)OCC2CCOC=3C=CC=CC32,2.858,O=C(OCC1CCOc2ccccc21)c1cn[nH]c1
XS840285b,CC=1C=CC(=CC1)N2C(=O)CSC2C3=CC=CS3,0.564,O=C1CSC(c2cccs2)N1c1ccccc1
XS843820a,CCC(C)SC=1C=CC(NC(=O)NCCO)=C(C)C1,1.114,c1ccccc1
XS839591b,CC1C=2SC=CC2CCN1C=3C=CN=C4N=CC=NC34,1.332,c1cnc2c(N3CCc4ccsc4C3)ccnc2n1
XS843808a,CC=1C=CC=C(C1)OCC(=O)NC2CCC(=O)NC2=O,0.904,O=C1CCC(NC(=O)COc2ccccc2)C(=O)N1
XS843816a,O=C(NC=1C=CC=CN1)C2CC(=O)N(C2)C=3C=CC=CC3,7.296,O=C(Nc1ccccn1)C1CC(=O)N(c2ccccc2)C1
XS839375b,CCC(NCCC1=NOC=2C=C(F)C=CC12)C3=NC=CO3,3.624,c1ccc2c(CCNCc3ncco3)noc2c1
XS077100b,CC1=CC(=NO1)NC(=O)C(C)N(C)CC=2C=CC(F)=CC2,1.454,O=C(CNCc1ccccc1)Nc1ccon1
XS842452b,O=C(CN1CCSC(C1)C=2C=CC=CC2)N3CCCC3,1.268,O=C(CN1CCSC(c2ccccc2)C1)N1CCCC1
XS842687b,CC1=CSC(=C1)C(=O)N2CCC(F)(F)CC2C(=O)O,1.306,O=C(c1cccs1)N1CCCCC1
XS838725b,C1=NN=C2C=CC(=CN12)C3=NOC(=N3)C4CCC5(CCC5)C4,0.96,c1cc2nncn2cc1-c1noc(C2CCC3(CCC3)C2)n1
XS843829a,CC1=CC(CSC(C)C(=O)N(C)C=2C=CC=CC2)=NO1,2.362,O=C(CSCc1ccon1)Nc1ccccc1
XS843827a,COC=1C=CC=C(C1)NC(=O)C(C)N2CCC=3C=CC=CC32,1.04,O=C(CN1CCc2ccccc21)Nc1ccccc1
XS843825a,CC=1C=CC=CC1CS(=O)(=O)C(C)C(=O)NCC(C)C,0.518,c1ccccc1
XS843828a,NC1=NC(C=2C=CC(Cl)=CC2)N3C(=NC=4C=CC=CC43)N1,0.938,C1=NC(c2ccccc2)n2c(nc3ccccc32)N1
XS843826a,O=C(C=1C=C(Cl)C=CN1)N2CCCC2C=3C=CSC3,3.808,O=C(c1ccccn1)N1CCCC1c1ccsc1
XS843821a,O=C(CN1CSCC1=O)N2CCCC(C2)N3C=CC=N3,5.708,O=C1CSCN1CC(=O)N1CCCC(n2cccn2)C1
XS837711b,CC1=CC=C(NC(=O)NC2CCC=3N=CSC3C2)S1,7.386,O=C(Nc1cccs1)NC1CCc2ncsc2C1
XS836475b,CC1CCCCN1NC(=O)C=2C=NN(C)C2N3C=CC=C3,1.306,O=C(NN1CCCCC1)c1cn[nH]c1-n1cccc1
XS843823a,CC1=NC(CN2CCCC(C2)C3=NOC(=N3)C4CC4)=NO1,3.268,c1nc(CN2CCCC(c3noc(C4CC4)n3)C2)no1
XS812346b,CC(C)C(C(=O)NCC=1C=CC=NC1)C=2C=CC(Cl)=CC2,0.722,O=C(Cc1ccccc1)NCc1cccnc1
XS843832a,CC(NC=1C=CC(=CC1)OC=2C=CC=CC2)C(=O)NC(N)=O,9.274,c1ccc(Oc2ccccc2)cc1
XS786327b,CC1=CC(=NO1)NC(=O)NCC2CCN(C2)C=3C=CC=CC3,5.642,O=C(NCC1CCN(c2ccccc2)C1)Nc1ccon1
XS555994b,CC1=NOC(=N1)C2CCN(C2)C(=O)COC=3C=CC=CC3F,0.844,O=C(COc1ccccc1)N1CCC(c2ncno2)C1
XS841212b,COC(=O)CN1C=CC(=N1)NC(C)C2=NC=3C=CC=CC3O2,0.844,c1ccc2oc(CNc3cc[nH]n3)nc2c1
XS628205b,CC1=NNC(C)=C1CC(=O)N2CCCC2CC=3C=CC=CC3,0.722,O=C(Cc1cn[nH]c1)N1CCCC1Cc1ccccc1
XS839551b,CCC1=CSC(=N1)C(C)NC2=NC3=C(C=NN3C)C(=O)N2,1.134,O=c1[nH]c(NCc2nccs2)nc2[nH]ncc12
XS593592b,O=C(O)C(CNC(=O)CC=1C=CC=CC1F)C=2C=CC=CC2,0.442,O=C(Cc1ccccc1)NCCc1ccccc1
XS843834a,CC(NC=1C=NN(C1)C(C)(C)C)C(=O)NCC=2C=CC=CC2,0.878,O=C(CNc1cn[nH]c1)NCc1ccccc1
XS475564b,CC1=NC=C(CC(=O)N2CCC(CC=3C=CC(F)=CC3)C2)O1,1.056,O=C(Cc1cnco1)N1CCC(Cc2ccccc2)C1
XS839332b,CN1C(=O)C2(CCOCC2)NC1C=3C=CC=4SC=NC4C3,10.046,O=C1NC(c2ccc3scnc3c2)NC12CCOCC2
XS843845a,CC=1C=NN(C1)C2CCCN(C2)C(=O)C3=CN4C=CC=CC4=N3,1.078,O=C(c1cn2ccccc2n1)N1CCCC(n2cccn2)C1
XS843853a,CC(CN1C=CC=N1)NC(=O)C2=CC=C(NC2=O)C3=CC=CO3,3.73,O=C(NCCn1cccn1)c1ccc(-c2ccco2)[nH]c1=O
XS559570b,CC1=NN(C)C=2N=CC(=CC12)NC(=O)C3CC(=O)N(C3)C4CC4,8.38,O=C(Nc1cnc2[nH]ncc2c1)C1CC(=O)N(C2CC2)C1
XS843844a,CC1=CC(=NO1)NC(=O)C(C)OC(=O)C2=CC=3C=CC=CC3N2,2.542,O=C(COC(=O)c1cc2ccccc2[nH]1)Nc1ccon1
XS843846a,CC1CC=2C=CC=CC2N1C(=O)COC=3C=CC=CC3C(N)=O,0.424,O=C(COc1ccccc1)N1CCc2ccccc21
XS811881b,O=C(C=1C=C(NN1)C2=CC=CO2)N3CCCC(C3)N4C=CC=N4,8.478,O=C(c1cc(-c2ccco2)[nH]n1)N1CCCC(n2cccn2)C1
XS839179b,CCC1=NOC(C)=C1C2=NOC(CC3CCCS3(=O)=O)=N2,9.888,O=S1(=O)CCCC1Cc1nc(-c2cnoc2)no1
XS450327b,O=C(C=1C=CN=C(C1)N2C=CC=N2)N3CCOCC3CC4CC4,0.58,O=C(c1ccnc(-n2cccn2)c1)N1CCOCC1CC1CC1
XS843843a,CC(C)C1=NC(=NO1)C2CCCN(C2)C=3N=CN=C4CCCC34,2.814,c1nc2c(c(N3CCCC(c4ncon4)C3)n1)CCC2
XS838419b,FC(C1=NC(=NO1)C2=COC=N2)N3C=C(Br)C=N3,1.634,c1cnn(Cc2nc(-c3cocn3)no2)c1
XS837725b,COC(=O)C=1C=CN=C(N1)NC(C)C=2C=CC=3OCCCC3C2,2.328,c1cnc(NCc2ccc3c(c2)CCCO3)nc1
XS839483b,C1=NC=C2C=CN=C(N3CCCC(CC3)OC=4C=CC=CC4)N12,3.758,c1ccc(OC2CCCN(c3nccc4cncn34)CC2)cc1
XS843856a,CC(C)C=1C=CC(=CC1F)NC(=O)NC2CCC3=NC=NN3C2,22.578,O=C(Nc1ccccc1)NC1CCc2ncnn2C1
XS422942b,CC(C1=NC(=NO1)C2CC2)N3CCN(CC3)C=4C=CC=CC4O,0.816,c1ccc(N2CCN(Cc3nc(C4CC4)no3)CC2)cc1
XS842201b,ClC=1C=CC2=C(CCC2NC=3C=CC4=NN=NN4N3)C1Cl,1.222,c1ccc2c(c1)CCC2Nc1ccc2nnnn2n1
XS840530b,CC(C)C=1C=CC(C=CCC(=O)NC2CCN(C2)C(N)=O)=CC1,0.556,O=C(CC=Cc1ccccc1)NC1CCNC1
XS843859a,CCOC=1C=CC(=CC1)NC(=O)NC(C)C=2C=CC(F)=C(F)C2,0.9,O=C(NCc1ccccc1)Nc1ccccc1
XS838668b,CC1=NOC(=N1)C(C)NC=2C=CN(CC=3C=CC(Cl)=CC3)N2,0.886,c1ccc(Cn2ccc(NCc3ncno3)n2)cc1
XS841749b,CC1(C)CNC(=O)C1NC(=O)C=2C=CC(=CC2)OC(F)(F)F,1.098,O=C(NC1CCNC1=O)c1ccccc1
XS843860a,O=S(=O)(NC1CCS(=O)(=O)C1)C=2C=CC=3CCCC3C2,1.324,O=S1(=O)CCC(NS(=O)(=O)c2ccc3c(c2)CCC3)C1
XS837072b,CCC1CN(CCS1)C=2C=CC(=CC2F)S(=O)(=O)NC,1.322,c1ccc(N2CCSCC2)cc1
XS837181b,CC(C)C1=NN(C)C=2SC(=CC12)C3=NC(=NO3)C4CCOC4,3.812,c1n[nH]c2sc(-c3nc(C4CCOC4)no3)cc12
XS842628b,FC=1C=CC=2OC(=NC2C1)NC=3C=CC(=CC3)OC4CCOC4,1.924,c1ccc2oc(Nc3ccc(OC4CCOC4)cc3)nc2c1
XS838876b,COC(=O)C(NC1=NN(C)C=2N=CC=NC12)C=3C=CC(F)=CC3,3.782,c1ccc(CNc2n[nH]c3nccnc23)cc1
XS840527b,COC(=O)C=1C=CC=C(C1C)S(=O)(=O)NC(C)C=2N=CNN2,0.544,O=S(=O)(NCc1nc[nH]n1)c1ccccc1
XS838410b,COC(=O)C=1C=C(C=CC1Cl)CN2C=C(C=N2)C3CC3(F)F,0.632,c1ccc(Cn2cc(C3CC3)cn2)cc1
XS640941b,CC(NC(=O)N1CCC=2C=CC=CC2C1)C=3C=CC=4OCOC4C3,3.17,O=C(NCc1ccc2c(c1)OCO2)N1CCc2ccccc2C1
XS474140b,CC=1C=CC=2C(=O)N(C(=O)C2C1)C(C)C(=O)NC=3C=CN=C(C)N3,3.554,O=C(CN1C(=O)c2ccccc2C1=O)Nc1ccncn1
XS611893b,CC(C)N1N=CC=2C(=O)N(C=NC21)CC(O)CCC=3C=CC=CC3,2.73,O=c1c2cn[nH]c2ncn1CCCCc1ccccc1
XS841259b,C=CCOC(C)C(=O)NC=1N=C2C=CC(Br)=CN2N1,1.146,c1ccn2ncnc2c1
XS069747b,COC=1C=CC(=CC1)NC(C)C(=O)NC=2C=CC(F)=CC2Cl,1.056,O=C(CNc1ccccc1)Nc1ccccc1
XS842551b,CC(NC1=C(C(=O)N(C)C=2C=CC=CC12)[N+]([O-])=O)C=3C=CC=CC3,0.478,O=c1cc(NCc2ccccc2)c2ccccc2[nH]1
XS837053b,CC=1C=C(C=C(C1C)S(=O)(=O)N(C)C(C)C(F)F)C(=O)O,0.614,c1ccccc1
XS841784b,COC=1N=C(SC1C)C2=CN(N=N2)C(C)C(=O)N3CCCC3,2.42,O=C(Cn1cc(-c2nccs2)nn1)N1CCCC1
XS843867a,COC=1C=CC(=CC1)C(=O)NC(C)C=2C=CC(=CC2)N3C=CN=C3,0.836,O=C(NCc1ccc(-n2ccnc2)cc1)c1ccccc1
XS841335b,O=C(O)C12CCC(CC1)(CC2)NC(=O)C3CCCCC(F)(F)C3,0.844,O=C(NC12CCC(CC1)CC2)C1CCCCCC1
XS843875a,CC(=O)NC(CC(=O)NC=1C=C(C)C=CN1)C=2C=CC(Cl)=CC2,2.18,O=C(CCc1ccccc1)Nc1ccccn1
XS733529b,O=C(NCC1=NC=C(O1)C=2C=CC=CC2)NC3CCCCNC3=O,3.53,O=C(NCc1ncc(-c2ccccc2)o1)NC1CCCCNC1=O
XS843881a,O=C(CCN1C(=O)CCC1=O)NC(C=2C=CC=CC2)C3CCCC3,0.808,O=C(CCN1C(=O)CCC1=O)NC(c1ccccc1)C1CCCC1
XS836558b,COC(=O)C=1C=CC=2N=C(SC2C1)N3CCC(C3)C4=NN=CN4,6.276,c1ccc2sc(N3CCC(c4nnc[nH]4)C3)nc2c1
XS843871a,CC(=O)N1CCCN(CC1)C(=O)NC2CCCCC=3C=CC=CC32,1.002,O=C(NC1CCCCc2ccccc21)N1CCCNCC1
XS838959b,O=C1CCC(NC2=NC=3C=CC=C(OC(F)F)C3S2)C(=O)N1,2.786,O=C1CCC(Nc2nc3ccccc3s2)C(=O)N1
XS843876a,CC(OC(=O)C=1C=CC=C(O)C1)C(=O)N2CCC=3SC=CC3C2,0.98,O=C(OCC(=O)N1CCc2sccc2C1)c1ccccc1
XS843873a,COC=1C=C(C=C2OCCOC12)CNCC3CCCN4C=CN=C34,14.398,c1cn2c(n1)C(CNCc1ccc3c(c1)OCCO3)CCC2
XS843880a,CNC(=O)NC(=O)C(NC=1C=CC=2OCOC2C1)C=3C=CC=CC3,21.806,c1ccc(CNc2ccc3c(c2)OCO3)cc1
XS843874a,CCN(C(=O)NC=1C=NN(C)C1)C2CCN(C2=O)C=3C=CC=CC3,9.174,O=C(Nc1cn[nH]c1)NC1CCN(c2ccccc2)C1=O
XS843882a,CC(=O)N1N=C(CC1C=2C=CC=C3N=CC=NC23)C=4C=CC(C)=CC4,23.282,c1ccc(C2=NNC(c3cccc4nccnc34)C2)cc1
XS484266b,COC=1C=CC(=CC1)CN2CCC(NC(=O)C=3C=NN(C)N3)C2=O,2.726,O=C(NC1CCN(Cc2ccccc2)C1=O)c1cn[nH]n1
XS787182b,CC=1C=CC=2CC(SC2C1)C(=O)N(C)CC3=NN=C4CCCN34,0.768,O=C(NCc1nnc2n1CCC2)C1Cc2ccccc2S1
XS841432b,CN1C=C(C=N1)CC2CCN(C2)C(=O)C34CC5CC(CC(C5)C4)C3,0.678,O=C(N1CCC(Cc2cn[nH]c2)C1)C12CC3CC(CC(C3)C1)C2
XS843872a,CC1=NN(C)C(C)=C1C2CCCN2C(=O)C=3C=CC=C4OCOC34,1.218,O=C(c1cccc2c1OCO2)N1CCCC1c1cn[nH]c1
XS435613b,NC=1N=CC=C(N1)C2CCCN(C2)C(=O)NC=3C=C(F)C=C(F)C3,2.42,O=C(Nc1ccccc1)N1CCCC(c2ccncn2)C1
XS843893a,COC=1C=CC(=CC1)C2CCCN2S(=O)(=O)C=3C(C)=NOC3C,2.5,O=S(=O)(c1cnoc1)N1CCCC1c1ccccc1
XS658261b,O=C(CC=1C=CC(=CC1)N2C=CC=N2)N3CCCC(C3)N4C=CC=N4,5.546,O=C(Cc1ccc(-n2cccn2)cc1)N1CCCC(n2cccn2)C1
XS843892a,CC(=O)N1CCCC(C1)C(=O)NCCC=2C=CC(=CC2)OC(C)C,2.092,O=C(NCCc1ccccc1)C1CCCNC1
XS843886a,CC=1C=CC(=CC1)NC(=O)C(C)OC(=O)CN2CCCCCC2=O,0.922,O=C(COC(=O)CN1CCCCCC1=O)Nc1ccccc1
XS740185b,CC1CCN(CC1)C=2C=CC(=CN2)C(=O)NC3CCOC(C)(C)C3,3.462,O=C(NC1CCOCC1)c1ccc(N2CCCCC2)nc1
XS843884a,CCC1=NC(=NO1)C2CCCN2C(=O)C3=CC=C(CNC(C)=O)O3,4.338,O=C(c1ccco1)N1CCCC1c1ncon1
XS843885a,CC=1C=CC=CC1C(CC(=O)O)NC(=O)C=2C=C(C(C)C)N(C)N2,14.398,O=C(NCc1ccccc1)c1cc[nH]n1
XS840780b,CCN(C(=O)CC=1C(Cl)=CC=CC1OC)C(C)C=2C=CC=NC2,1.042,O=C(Cc1ccccc1)NCc1cccnc1
XS438933b,NC(=O)C1CCCN(C1)S(=O)(=O)C=2C=NN(C2)C=3C=CC=CC3,1.556,O=S(=O)(c1cnn(-c2ccccc2)c1)N1CCCCC1
XS683976b,O=C(NC=1C=CN=C(C1)OC2CCOC2)C=3C=CC(F)=CC3Cl,3.574,O=C(Nc1ccnc(OC2CCOC2)c1)c1ccccc1
XS843905a,O=C(NCC1(CC1)C=2C=CC=CC2)C3CC(=O)NC=4C=C(F)C=CC43,2.556,O=C1CC(C(=O)NCC2(c3ccccc3)CC2)c2ccccc2N1
XS843903a,CN1C=C(C=N1)CC2CCN(C2)C(=O)C3(CC=4C=CC=CC4)CCC3,0.788,O=C(N1CCC(Cc2cn[nH]c2)C1)C1(Cc2ccccc2)CCC1
XS146008c,O=C(C=1C=CN=CC1)N(CC2CCCO2)C3=NC=4C=CC=CC4S3,16.5,O=C(c1ccncc1)N(CC1CCCO1)c1nc2ccccc2s1
XS843904a,CC1=CC(=NO1)NC(=O)C(NC=2C=CC=C(C2)CO)C=3C=CC=CC3,6.166,O=C(Nc1ccon1)C(Nc1ccccc1)c1ccccc1
XS843901a,CC=1C=CC(=CC1)C2=NN=C(CN3CCOC(CN4C=CC=N4)C3)O2,16.664,c1ccc(-c2nnc(CN3CCOC(Cn4cccn4)C3)o2)cc1
XS417123b,CC=1C=CC(=C(C1)OCC(=O)NC2(C)CCS(=O)(=O)C2)C(C)C,5.852,O=C(COc1ccccc1)NC1CCS(=O)(=O)C1
XS843906a,O=C(NCC=1C=CC(=NC1)OCC2CC2)C3COC=4C=CC=CC4O3,2.47,O=C(NCc1ccc(OCC2CC2)nc1)C1COc2ccccc2O1
XS840129b,CC=1C(Cl)=CN=CC1NC(=O)N2CC3(CCOCC3)C2C(C)C,1.304,O=C(Nc1cccnc1)N1CC2(CCOCC2)C1
XS660062b,COC=1C(Cl)=C(Cl)C=CC1S(=O)(=O)N2CCCCC2C,1.496,O=S(=O)(c1ccccc1)N1CCCCC1
XS839291b,O=C1NN=C(C=C1N2CC(C=3C=CNN3)C4(CCC4)C2)C(F)(F)F,8.716,O=c1[nH]nccc1N1CC(c2cc[nH]n2)C2(CCC2)C1
XS836838b,O=C(CC1SC=2C=CC=CC2NC1=O)NC=3C=CC=4NN=CC4C3,1.908,O=C(CC1Sc2ccccc2NC1=O)Nc1ccc2[nH]ncc2c1
XS624133b,CC=1C=CC=2C(=COC2C1C)CC(=O)N3CCCC3C=4C=NN(C)C4,0.948,O=C(Cc1coc2ccccc12)N1CCCC1c1cn[nH]c1
XS843902a,COC(=O)C=1C=CC=C(C1)NCC(=O)N(C)C2CCS(=O)(=O)C2,4.812,O=C(CNc1ccccc1)NC1CCS(=O)(=O)C1
XS843899a,O=C(C1=CC=2CCCC2NC1=O)N3CCCC(CC3)C=4C=CC=CC4,0.422,O=C(c1cc2c([nH]c1=O)CCC2)N1CCCC(c2ccccc2)CC1
XS843897a,CC=1C=CC(C)=C(C1)OCC(O)CN2N=C(C=CC2=O)N3C=CN=C3,4.688,O=c1ccc(-n2ccnc2)nn1CCCOc1ccccc1
XS843914a,CC=1C=CC=C(C1)C(=O)NC(C(=O)NCCCN2C=CC=N2)C(C)C,1.114,O=C(CNC(=O)c1ccccc1)NCCCn1cccn1
XS843918a,O=C(NCC=1C=CC=C2OCOC12)C3CC(=NO3)C=4C=CC=C(F)C4,3.85,O=C(NCc1cccc2c1OCO2)C1CC(c2ccccc2)=NO1
XS692036b,CC=1C(=CC=CC1NC(=O)NC2CCC3=NC=NN3C2)COC(C)C,0.502,O=C(Nc1ccccc1)NC1CCc2ncnn2C1
XS838408b,COC=1C=C(N=C2C=CC=CC12)C(=O)OCC3CCCC4(CCC4)O3,2.74,O=C(OCC1CCCC2(CCC2)O1)c1ccc2ccccc2n1
XS843912a,O=S(=O)(CC1=COC(=N1)C=2C=CC=C(Cl)C2)CC3CCCO3,3.97,O=S(=O)(Cc1coc(-c2ccccc2)n1)CC1CCCO1
XS843916a,CN1C(=O)C=CN(CC(=O)NC(C=2C=CC=CC2)C3CCCC3)C1=O,0.922,O=C(Cn1ccc(=O)[nH]c1=O)NC(c1ccccc1)C1CCCC1
XS843915a,CCOC=1C=CC(=CC1)NC(C)C2=NC=3SC(C)=C(C)C3C(=O)N2,3.836,O=c1[nH]c(CNc2ccccc2)nc2sccc12
XS718763b,CC=1C=C(C)N2N=CC(C(=O)NC(C)CC=3C=CC=CC3Cl)=C2N1,0.68,O=C(NCCc1ccccc1)c1cnn2cccnc12
XS836464b,CN1N=NC(=N1)N2CCC(C2)C3CCN(CC3)C(=O)C4CCCCC4,14.664,O=C(C1CCCCC1)N1CCC(C2CCN(c3nn[nH]n3)C2)CC1
XS390451b,CC(C(=O)NC1=NC=C(CC=2C=CC=C(Cl)C2)S1)N3C=CN=C3,3.52,O=C(Cn1ccnc1)Nc1ncc(Cc2ccccc2)s1
XS837378b,CC(CC1=NOC(=N1)C2(CC2)C=3C=CC=4OCOC4C3)P(C)(C)=O,1.574,c1noc(C2(c3ccc4c(c3)OCO4)CC2)n1
XS839840b,CC(C)CCOC(C)C(=O)N1CCN2C(=O)N(CC(F)F)N=C2C1,0.844,O=c1[nH]nc2n1CCNC2
XS837354b,CC1=NC(=NO1)C(C)S(=O)(=O)CCN2C=C(Br)C=N2,2.746,O=S(=O)(CCn1cccn1)Cc1ncon1
XS838681b,COC=1C=CC(=CC1O)CC(C)NC2=NC=C(O2)C(=O)OC(C)(C)C,1.574,c1ccc(CCNc2ncco2)cc1
XS841481b,O=C(NC1(CCC1)C2=NN=CN2)C3CCS(=O)(=O)C=4C=CC=CC43,0.686,O=C(NC1(c2nnc[nH]2)CCC1)C1CCS(=O)(=O)c2ccccc21
XS736210b,CCC(=O)N1CCCC(C1)C(=O)NC2=NC=3C=C(Cl)C=CC3N2C,2.234,O=C(Nc1nc2ccccc2[nH]1)C1CCCNC1
XS843925a,CC(NC(=O)C1=CC=2C(=O)N3C=CC=CC3=NC2N1C)C=4C=CC=CC4,1.422,O=C(NCc1ccccc1)c1cc2c(=O)n3ccccc3nc2[nH]1
XS839874b,COC1=C(C=NN1C)C(=O)N(C)C(C)C2=NC=3C=C(Cl)C=CC3N2,0.654,O=C(NCc1nc2ccccc2[nH]1)c1cn[nH]c1
XS843923a,O=C(C=1C=CC=C2NC=CC12)N3CCCC(C3)N4CCCS4(=O)=O,1.312,O=C(c1cccc2[nH]ccc12)N1CCCC(N2CCCS2(=O)=O)C1
XS842480b,[O-][N+](=O)C=1C(=O)N2C=CC=CC2=NC1N3CCCC3CC=4C=CC=CC4,1.192,O=c1cc(N2CCCC2Cc2ccccc2)nc2ccccn12
XS843931a,CC=1C=CC(=CC1)C=2N=NN(CC(=O)NC3CCCC43CCOCC4)N2,1.486,O=C(Cn1nnc(-c2ccccc2)n1)NC1CCCC12CCOCC2
XS740789b,CCC=1C=CC(=CC1)C(C)NC(=O)CN2C=C(C=CC2=O)C(F)(F)F,1.71,O=C(Cn1ccccc1=O)NCc1ccccc1
XS843932a,CC1=NC(C(=O)N2CCC(C2)NC=3C=CC=C(Cl)C3)=C4C=CC=CN14,1.36,O=C(c1ncn2ccccc12)N1CCC(Nc2ccccc2)C1
XS843929a,CC(C)(C)C(=O)NCC(=O)N1CCC=2SC=CC2C1C=3C=CC=CC3,0.906,c1ccc(C2NCCc3sccc32)cc1
XS465992b,CCOC=1C=CC(=CC1)C2CCCN2C(=O)NC=3C=CC=4OCOC4C3,1.184,O=C(Nc1ccc2c(c1)OCO2)N1CCCC1c1ccccc1
XS838976b,CC1CN(CCN1C=2N=CC=C(N2)C=3C=NC=CN3)C=4C=CC=C(F)C4,8.37,c1ccc(N2CCN(c3nccc(-c4cnccn4)n3)CC2)cc1
XS841935b,O=C(NCC1(O)CCS(=O)(=O)C1)C=2C=CC=C(C2)OC3CCCC3,1.21,O=C(NCC1CCS(=O)(=O)C1)c1cccc(OC2CCCC2)c1
XS840449b,CS(=O)(=O)CC(NC=1N=C2C=CC=CN2C1[N+]([O-])=O)C=3C=CC=CC3,1.244,c1ccc(CNc2cn3ccccc3n2)cc1
XS843943a,CC(NC(=O)C1CCC1)C(=O)NC=2C=CC=C(C2)CN3CCCCC3=O,0.808,O=C(CNC(=O)C1CCC1)Nc1cccc(CN2CCCCC2=O)c1
XS836995b,CC1=C(C=NN1C=2C=CC(F)=CC2)C(C)NC=3C=C(N=CN3)N4C=CN=C4,1.022,c1ccc(-n2cc(CNc3cc(-n4ccnc4)ncn3)cn2)cc1
XS843954a,OC(COC=1C=CC=C(C1)C(F)(F)F)CN2C=CC(=N2)C=3C=CC=NC3,1.038,c1ccc(OCCCn2ccc(-c3cccnc3)n2)cc1
XS186260b,CCOC=1C=CC(=CC1)CC(=O)N(C)C(C)C=2C=CC(=CC2)N3C=NC=N3,13.952,O=C(Cc1ccccc1)NCc1ccc(-n2cncn2)cc1
XS146357b,O=C(C1CC(=O)N(CC=2C=CC=CC2)C1)N3CCN(CC3)C=4N=CC=CN4,2.814,O=C1CC(C(=O)N2CCN(c3ncccn3)CC2)CN1Cc1ccccc1
XS774508b,CC1=CC(=NO1)NC(=O)C(C)N2CCN(CC2)C=3C=CC(C#N)=CC3F,3.642,O=C(CN1CCN(c2ccccc2)CC1)Nc1ccon1
XS843955a,CN(CC(=O)NC=1C=CC=2OC(F)(F)OC2C1)C3CCS(=O)(=O)C3,2.206,O=C(CNC1CCS(=O)(=O)C1)Nc1ccc2c(c1)OCO2
XS843952a,O=C(NCC(C1=CNC=2C=CC=CC12)C=3C=CC=CC3)N4CCCC54CC5,2.04,O=C(NCC(c1ccccc1)c1c[nH]c2ccccc12)N1CCCC12CC2
XS843944a,O=C(CC1(O)CCCCC1)N2CCCC(C2)C3=NC=4CCCCC4S3,1.964,O=C(CC1CCCCC1)N1CCCC(c2nc3c(s2)CCCC3)C1
XS843948a,CC(C)COC(=O)C12CCC(=O)N2C=3C=CC=CC3C(=O)N1CC(C)C,0.98,O=C1NC2CCC(=O)N2c2ccccc21
XS843950a,CC(C)C(CNC(=O)C1=CC(=CNC1=O)C(F)(F)F)N2CCOCC2,10.42,O=C(NCCN1CCOCC1)c1ccc[nH]c1=O
XS837015c,O=C(C1=CC=2C=CC(F)=CC2S1)N3CCCCC3CCN4C=CN=N4,0.696,O=C(c1cc2ccccc2s1)N1CCCCC1CCn1ccnn1
XS837637b,NC=1N=CN(CC(=O)N2CCCC2C=3C=CC=C(C3F)C(F)(F)F)N1,1.572,O=C(Cn1cncn1)N1CCCC1c1ccccc1
XS394163b,CN(CC1=NC=2C=CC=CC2C(=O)N1)C(C(=O)NC(N)=O)C=3C=CC=CC3,1.016,O=c1[nH]c(CNCc2ccccc2)nc2ccccc12
XS838983b,CC(CC=1C=NN(C)C1)CN(CC=2C=CC(C#N)=CC2)C=3C=C(C#N)N=CN3,1.188,c1ccc(CN(CCCc2cn[nH]c2)c2ccncn2)cc1
XS545746b,O=C(N1CCC(C1)OCC=2C=CN=CC2)C3(CCOCC3)C=4C=CC=CC4,1.326,O=C(N1CCC(OCc2ccncc2)C1)C1(c2ccccc2)CCOCC1
XS841553b,COC1(CCCCC1)C(F)(F)C(=O)N(CC2CCCO2)C=3C=CN=NC3,4.58,O=C(CC1CCCCC1)N(CC1CCCO1)c1ccnnc1
XS839464b,COC(=O)C1(CCN(C1)C2=NC(C#N)=CO2)C=3C=CC(Br)=CC3,2.706,c1ccc(C2CCN(c3ncco3)C2)cc1
XS842493b,CC(C=1C=CC(=CC1)S(N)(=O)=O)N(C)CC2=CC(=NO2)C=3C=CC=CC3,1.252,c1ccc(CNCc2cc(-c3ccccc3)no2)cc1
XS662803b,CC(CNC(=O)C1=CSC(=N1)C=2C=NN(C)C2)N3CCC=4C=CC=CC43,0.622,O=C(NCCN1CCc2ccccc21)c1csc(-c2cn[nH]c2)n1
XS843965a,COC=1C=CC(=CC1OCC(N)=O)NC(C)C2=NC(=NO2)C3=CC=CS3,8.758,c1ccc(NCc2nc(-c3cccs3)no2)cc1
XS843962a,CCS(=O)(=O)N1N=C(CC1C=2C=CC3=NC=CN=C3C2)C4=CC=CS4,2.55,c1csc(C2=NNC(c3ccc4nccnc4c3)C2)c1
XS843979a,COCCOC=1C=CC(=CC1OC)C(C)NC(=O)CN2N=NC=3C=CC=CC32,0.67,O=C(Cn1nnc2ccccc21)NCc1ccccc1
XS843980a,CC1=NNC=2C=NC(=CC12)C(=O)NC(CO)C=3C=CC(F)=C(C3)C(F)(F)F,0.498,O=C(NCc1ccccc1)c1cc2cn[nH]c2cn1
XS389996b,COC=1C=CC=C(C(N)=O)C1OCC(=O)N(C)CC2COC=3C=CC=CC3O2,1.28,O=C(COc1ccccc1)NCC1COc2ccccc2O1
XS843972a,CCN1N=CC=2C=C(C(=O)N(C(C)C)C3CCCC=4C=CC=NC43)C(C)=NC21,1.094,O=C(NC1CCCc2cccnc21)c1cnc2[nH]ncc2c1
XS841518b,COC(=O)C1CCC2(CCC2)N(C1)C(=O)C=3N=CN4C3COC=5C=CC=CC54,2.158,O=C(c1ncn2c1COc1ccccc1-2)N1CCCCC12CCC2
HL001122b,CC(NC(=O)C=1C=NN(C)C1CC=2C=CC=CC2)C=3C=CC(=CC3)C=4N=NNN4,2.708,O=C(NCc1ccc(-c2nn[nH]n2)cc1)c1cn[nH]c1Cc1ccccc1
XS518416b,CC1=C(C=NN1C)C(C)NC(=O)N2CCC(CC2)OC=3C=CC(F)=CC3F,0.998,O=C(NCc1cn[nH]c1)N1CCC(Oc2ccccc2)CC1
XS843971a,CC(=O)N1CCN(CC1)S(=O)(=O)C2CCCN(C2)C(=O)C=3C=CC=CC3,2.19,O=C(c1ccccc1)N1CCCC(S(=O)(=O)N2CCNCC2)C1
XS179513d,CCN1CC(CN(C)C(=O)C=2C=NN3C(C)=CC(C)=NC23)OC=4C=CC=CC41,1.69,O=C(NCC1CNc2ccccc2O1)c1cnn2cccnc12
XS431184b,CC(C)CNC(=O)C(C)SC=1C=CC(=CN1)S(=O)(=O)N2CCOCC2,1.118,O=S(=O)(c1cccnc1)N1CCOCC1
XS837343b,O=C(C=1C=CC=2NCCOCC2C1)N3CCCC(CC4(N=N4)C(F)(F)F)C3,0.884,O=C(c1ccc2c(c1)COCCN2)N1CCCC(CC2N=N2)C1
XS833465b,COC=1C=CC(=C(C1)OC)C2CCCN2C(=O)C=3C=CC=4NC(=O)CCC4C3,0.654,O=C1CCc2cc(C(=O)N3CCCC3c3ccccc3)ccc2N1
XS843991a,COCCOC=1C=CC(=CC1C)S(=O)(=O)N2CCCC(C2)C3=NC(C)=NO3,6.804,O=S(=O)(c1ccccc1)N1CCCC(c2ncno2)C1
XS843982a,CN1C(=CC=2C=CC=CC21)C(=O)NC(CC=3C=CC=CC3)C(=O)N4CCCCC4,1.868,O=C(NC(Cc1ccccc1)C(=O)N1CCCCC1)c1cc2ccccc2[nH]1
XS843984a,O=C(NC=1C=CC(=CC1)C2=NN=C3CCCCCN23)C4COC=5C=CC=CC5O4,2.972,O=C(Nc1ccc(-c2nnc3n2CCCCC3)cc1)C1COc2ccccc2O1
XS843986a,O=C(C(NC=1C=CC(=CC1)N2CCCS2(=O)=O)C=3C=CC=CC3)N4CCCC4,4.818,O=C(C(Nc1ccc(N2CCCS2(=O)=O)cc1)c1ccccc1)N1CCCC1
XS515065b,COC=1C=CC(=CC1)C2(CNC(=O)C(C)N3CCC=4C=CC=CC43)CCOCC2,0.366,O=C(CN1CCc2ccccc21)NCC1(c2ccccc2)CCOCC1
XS837303b,CC1(CCNC(=O)C1)C(=O)NC2=NC(=CS2)C3=CC=C(Br)S3,12.204,O=C1CC(C(=O)Nc2nc(-c3cccs3)cs2)CCN1
XS843983a,CC(C)N1N=NC(C(=O)N2CCC(C2)NC=3C=CC=C(C#N)C3)=C1C(F)(F)F,1.986,O=C(c1c[nH]nn1)N1CCC(Nc2ccccc2)C1
XS843994a,CCCC(=O)NC1CCCN(C1)C(=O)C=2C=NN(C2C)C=3C=CC=C(Cl)C3,0.462,O=C(c1cnn(-c2ccccc2)c1)N1CCCCC1
XS844004a,CC(C)(C)C=1C=CC(=CC1)CCNC(=O)NC(CN2CCCC2=O)C=3C=CC=CC3,0.5,O=C(NCCc1ccccc1)NC(CN1CCCC1=O)c1ccccc1
XS844006a,COC=1C=CC(=CC1)NC=2C=CC(=CC2)NC(=O)C3CC(=O)N(CC4=CC=CO4)C3,16.752,O=C(Nc1ccc(Nc2ccccc2)cc1)C1CC(=O)N(Cc2ccco2)C1
XS843999a,COC1=CC(OC)=C(Cl)C=C1N2CC(CC2=O)C(=O)OCC=3C=CC(C#N)=CC3,2.532,O=C(OCc1ccccc1)C1CC(=O)N(c2ccccc2)C1
XS844002a,CC(C(=O)NC=1C=CC=C(C1)NS(=O)(=O)C=2C=CC(Cl)=CC2)N3C=CC=N3,12.266,O=C(Cn1cccn1)Nc1cccc(NS(=O)(=O)c2ccccc2)c1
XS836942b,CC=1C=CC(=CC1NS(C)(=O)=O)C(=O)N2CCCC2C=3C=CC=4OCOC4C3,21.458,O=C(c1ccccc1)N1CCCC1c1ccc2c(c1)OCO2
XS842357b,O=C(CC1COCCN1CC(F)(F)F)N2CCS(=O)(=O)C3(CCCCC3)C2,6.126,O=C(CC1COCCN1)N1CCS(=O)(=O)C2(CCCCC2)C1
XS840415b,COC(=O)C=1C=NC(NC(C)C2=CC=3C=CC=CC3O2)=C(C1)S(=O)(=O)N4CCOCC4,0.718,O=S(=O)(c1cccnc1NCc1cc2ccccc2o1)N1CCOCC1
XS841215b,CC1=CC=C(O1)C2CSCCN2C(=O)CC3=CSC(=N3)NC(=O)C=4C=COC4C,6.9,O=C(Nc1nc(CC(=O)N2CCSCC2c2ccco2)cs1)c1ccoc1
XS844015a,COC=1C=CC(=CC1)CN(CC2=CSC(=N2)C3=CC=C(C)O3)C4CCS(=O)(=O)C4,3.004,O=S1(=O)CCC(N(Cc2ccccc2)Cc2csc(-c3ccco3)n2)C1
XS844010a,COC(=O)CCN1C(=O)C2=C(N=C3N(C(C)=C(C)N32)C(C)C=4C=CC=CC4)N(C)C1=O,0.932,O=c1[nH]c(=O)c2c(nc3n(Cc4ccccc4)ccn23)[nH]1
XS844016a,CCN(CC)S(=O)(=O)C=1C=CC(Cl)=C(C1)NC(=O)C(C)N2CCC=3C=CC=CC32,2.37,O=C(CN1CCc2ccccc21)Nc1ccccc1
XS841367b,O=S1(=O)NC(CN2CCOCC2C=3C=CC(=CC3)C(F)(F)F)=NC=4C=CC=CC41,0.708,O=S1(=O)NC(CN2CCOCC2c2ccccc2)=Nc2ccccc21
XS390915b,CC(C1=NC=2C=CC=CC2C(=O)N1)N3CCCN(CC3)S(=O)(=O)C=4C=CC(F)=CC4,1.252,O=c1[nH]c(CN2CCCN(S(=O)(=O)c3ccccc3)CC2)nc2ccccc12
XS842681b,CN1C(=NC=2C=CC=CC21)C3CCCCN3C(=O)CCCOC=4C=CC=5NC(=O)CCC5C4,1.094,O=C1CCc2cc(OCCCC(=O)N3CCCCC3c3nc4ccccc4[nH]3)ccc2N1
XS840373b,[O-][N+](=O)C=1C=C(Cl)C=CC1NC(=O)CN(CC2=CC=CO2)C3CCS(=O)(=O)C3,1.056,O=C(CN(Cc1ccco1)C1CCS(=O)(=O)C1)Nc1ccccc1
XS844013a,CC(C)C1=NOC(=N1)C(C)N2CCN(CC2)S(=O)(=O)C3=CC=C(Br)S3,4.058,O=S(=O)(c1cccs1)N1CCN(Cc2ncno2)CC1
XS842525b,N#CCN1CCCC(O)(C1)C(=O)N2CCCC2,0.614,O=C(C1CCCNC1)N1CCCC1
XS844030a,O=C(NC1CCCCNC1=O)C=2C=CC=CC2,0.44,O=C(NC1CCCCNC1=O)c1ccccc1
XS715214b,CC1C=2C=CC=CC2CCN1C=3C=NC(C#N)=CN3,1.948,c1ccc2c(c1)CCN(c1cnccn1)C2
XS844025a,CCCC(=O)N1CCCC1C=2C=CC=C(C2)OC,1.228,c1ccc(C2CCCN2)cc1
XS839333b,CC1(CC1)C2CN(CCO2)C3=NN=C(N)S3,1.192,c1nnc(N2CCOC(C3CC3)C2)s1
XS844024a,CC1=CSC(=N1)SC2CCCCNC2=O,1.052,O=C1NCCCCC1Sc1nccs1
XS844033a,CNC(=O)C1CC(=O)N(C1)C=2C=CC(F)=CC2,0.838,O=C1CCCN1c1ccccc1
XS838131b,CC1=NSC(=N1)NC2CC32CCCC3,4.68,c1nsc(NC2CC23CCCC3)n1
XS844045a,CC1=C(C=NN1C)C(=O)OC(C)C(=O)NC2CC2,0.626,O=C(COC(=O)c1cn[nH]c1)NC1CC1
XS839432b,CN1CCC(C(=O)NC2=CC=CN3N=CC=C23)C1=O,0.462,O=C1NCCC1C(=O)Nc1cccn2nccc12
XS177501c,O=C(NCC1CCCO1)C=2C=CC=C3C=CC=NC23,0.576,O=C(NCC1CCCO1)c1cccc2cccnc12
XS569891b,CN1CC(CC1=O)C(=O)NC=2C=CC(Cl)=C(F)C2,2.896,O=C1CC(C(=O)Nc2ccccc2)CN1
XS844040a,CC1CNC=2C=CC=CC2N(CC=3C=CC=CC3)C1=O,1.23,O=C1CCNc2ccccc2N1Cc1ccccc1
XS844047a,CCC(C)NC(=O)NC=1C=CC(=NC1)N2C=CC=N2,0.862,c1ccc(-n2cccn2)nc1
XS840522b,COC=1C=CN=C(N1)N2CCC=3SC=CC3C2C,1.016,c1cnc(N2CCc3sccc3C2)nc1
XS844049a,CN(C(=O)C1=CC=CS1)C2CCS(=O)(=O)C2,0.5,O=C(NC1CCS(=O)(=O)C1)c1cccs1
XS841191b,CC1(C)CN(CCO1)C(C#N)C=2C=CC(Cl)=CC2,0.692,c1ccc(CN2CCOCC2)cc1
XS844048a,COC=1C=CC(=CC1)NC(C)C(=O)NC=2C=CC=CC2,1.206,O=C(CNc1ccccc1)Nc1ccccc1
XS838227b,NC=1C=C(Br)C=CC1OCC2CCOC2,1.24,c1ccc(OCC2CCOC2)cc1
XS622274b,O=C(O)C1CCN(C1)C(=O)C2=CC=3C=CC=CC3S2,0.73,O=C(c1cc2ccccc2s1)N1CCCC1
XS842146b,O=C(CN1CCOC(C1)C2CCC2)NC=3C=NC=CN3,1.58,O=C(CN1CCOC(C2CCC2)C1)Nc1cnccn1
XS844055a,CN(C(=O)C1CC(=O)N(C1)C2CCCC2)C3CCCC3,4.938,O=C(NC1CCCC1)C1CC(=O)N(C2CCCC2)C1
XS844060a,CCCNC(=O)C(C)NC(=O)NC=1C=CC=CC1CC,1.178,c1ccccc1
XS582257b,CNC(=O)NC(=O)C(C)SCC=1C=CC=C(C1)OC,0.634,c1ccccc1
XS603964b,CC=1C=C(NC(=O)C2CC=3C=CC=CC3C(=O)O2)N(C)N1,0.442,O=C1OC(C(=O)Nc2ccn[nH]2)Cc2ccccc21
XS844057a,O=C(NCC(O)C1CCCC1)C2=CC=3C=CC=NC3N2,3.894,O=C(NCCC1CCCC1)c1cc2cccnc2[nH]1
XS841287b,CCN(CC(C)C#N)C=1C=NC2=CC(F)=C(F)C=C2N1,1.138,c1ccc2nccnc2c1
MT276485b,CC1CCCN(C1)S(=O)(=O)NCCC=2C=CC=CC2,0.71,O=S(=O)(NCCc1ccccc1)N1CCCCC1
XS388677b,O=S(=O)(C=1C=CC=CC1)N2CCCC(C2)C(F)(F)F,1.288,O=S(=O)(c1ccccc1)N1CCCCC1
XS844077a,O=C(NCC=1C=CC=2OCCC2C1)C3CC=4C=CC=CC4O3,1.908,O=C(NCc1ccc2c(c1)CCO2)C1Cc2ccccc2O1
XS841718b,CC(CC=1C=CC(F)=C(F)C1)C(=O)NCCN2C=CN=N2,0.408,O=C(CCc1ccccc1)NCCn1ccnn1
XS841085b,CN(CC12CCC(CC1)C2)C(=O)CC3C=CS(=O)(=O)C3,5.564,O=C(CC1C=CS(=O)(=O)C1)NCC12CCC(CC1)C2
XS844066a,CC(OC(=O)COC=1C=CC=CC1C#N)C(=O)NC2CC2,0.644,O=C(COC(=O)COc1ccccc1)NC1CC1
XS844076a,O=C(NC1CCCNC1=O)C2=CC=3C(F)=CC=CC3S2,2.206,O=C(NC1CCCNC1=O)c1cc2ccccc2s1
XS844069a,CCC(C)C=1C=CC(=CC1)S(=O)(=O)N2CCNC(=O)C2,0.786,O=C1CN(S(=O)(=O)c2ccccc2)CCN1
XS400945b,O=C(C1=NNC=2C=CC=CC12)N3CCCC(C3)N4C=CC=N4,3.55,O=C(c1n[nH]c2ccccc12)N1CCCC(n2cccn2)C1
XS842210b,CC1(C)CC(CO1)S(=O)(=O)CC=2C=NN(C2)CCF,10.384,O=S(=O)(Cc1cn[nH]c1)C1CCOC1
XS844072a,COC=1C=CC(=CC1)CC(=O)NC(C)CCC2=CC=CO2,1.094,O=C(Cc1ccccc1)NCCCc1ccco1
XS558118b,O=C(O)C1CCCN(CC2=NC(=NO2)C=3C=CC(F)=CC3)C1,3.746,c1ccc(-c2noc(CN3CCCCC3)n2)cc1
XS844081a,CN1C=CN=C1SC2CCN(C2=O)C=3SC=CC3C#N,1.152,O=C1C(Sc2ncc[nH]2)CCN1c1cccs1
XS841636b,FC(F)CC(CNC=1C=CC=2COCC2C1)C=3C=CC=CC3,2.27,c1ccc(CCNc2ccc3c(c2)COC3)cc1
XS838420b,CC(C1CCC1)N2NC(=O)CC3(CC=4C=CC=CC4C3)C2=O,1.234,O=C1CC2(Cc3ccccc3C2)C(=O)N(CC2CCC2)N1
XS841779b,CC(C)C(NC(=O)C1=COC=2C=C(O)C=CC12)C3=CNN=N3,0.386,O=C(NCc1c[nH]nn1)c1coc2ccccc12
XS844092a,COC=1C=CC(=CN1)NC(=O)NCC2CC=3C=CC=CC3O2,0.978,O=C(NCC1Cc2ccccc2O1)Nc1cccnc1
XS844080a,CC=1C=CC=C(NC(C)C(=O)NC=2C=CC(Cl)=CN2)C1C,0.66,O=C(CNc1ccccc1)Nc1ccccn1
XS842423b,COCCN(C)C(=O)C(C)C1=CC=C(Br)S1,0.48,c1ccsc1
XS844091a,O=C(NCCC=1C=CC=2OCCOC2C1)C3CCC(=O)NC3,0.538,O=C1CCC(C(=O)NCCc2ccc3c(c2)OCCO3)CN1
XS844085a,CC=1C=CC(=CN1)C(=O)OC(C)C(=O)NCC=2C=CC=CC2,0.92,O=C(COC(=O)c1cccnc1)NCc1ccccc1
XS844079a,CC(C)(C)C=1C=C(NN1)C(=O)N2CCCC(C2)N3C=CC=N3,1.054,O=C(c1ccn[nH]1)N1CCCC(n2cccn2)C1
XS838071b,CN1C=C(N=N1)NC(=O)NC(C=2C=CC=CC2)C(F)(F)F,0.48,O=C(NCc1ccccc1)Nc1c[nH]nn1
XS837007b,FC1(F)CCC(C1)C2=NC(CC=3C=CC=4C=NNC4C3)=NO2,0.748,c1cc2cn[nH]c2cc1Cc1noc(C2CCCC2)n1
XS844104a,O=C(NC=1C=C(F)C=CC1F)N2CCCC(C2)N3CCCC3,9.872,O=C(Nc1ccccc1)N1CCCC(N2CCCC2)C1
XS844103a,CC(NC(=O)N1CCC(CC1)C=2C=CC=CC2)C3=NN=CN3C,0.76,O=C(NCc1nnc[nH]1)N1CCC(c2ccccc2)CC1
XS808755b,CC1=CC(=NN1)C2CCCN(C2)C(=O)C=3C=CN=C(N3)C4CC4,0.422,O=C(c1ccnc(C2CC2)n1)N1CCCC(c2cc[nH]n2)C1
XS838422b,CC1=NN=C(O1)C(C)N2C=C(CN3C=CC=4C=CC=CC43)N=N2,0.69,c1ccc2c(c1)ccn2Cc1cn(Cc2nnco2)nn1
XS839922b,O=C(NCC1CCC=2C=CC=CC2N1)C=3C=CN4C=NC=C4C3,2.012,O=C(NCC1CCc2ccccc2N1)c1ccn2cncc2c1
XS716325b,CC=1C=C(ON1)C(=O)NC(CN2CCCC2=O)C=3C=CC=CC3,0.884,O=C(NC(CN1CCCC1=O)c1ccccc1)c1ccno1
XS422083b,CC1C=2C=CSC2CCN1C(=O)COC=3C=CC(C#N)=CC3,2.466,O=C(COc1ccccc1)N1CCc2sccc2C1
XS570872b,CC=1C=CC=CC1C(=O)N2CCCC(C2)C3=NNC(=N3)C4CC4,0.406,O=C(c1ccccc1)N1CCCC(c2n[nH]c(C3CC3)n2)C1
XS839342b,CC(CNC1=NC=NS1)OC=2C=CC=C(Br)C2,0.998,c1ccc(OCCNc2ncns2)cc1
XS612090b,COC=1C=CC=CC1C2=NOC(CC(C)C=3C(C)=NNC3C)=N2,0.462,c1ccc(-c2noc(CCc3cn[nH]c3)n2)cc1
XS838276b,C1=CSC(=C1)C=2C=NC=C(N2)NCC3COC=4C=CC=CC43,0.918,c1csc(-c2cncc(NCC3COc4ccccc43)n2)c1
XS844116a,CC(CNC(=O)NCC=1C=COC1)N2CCC=3SC=CC3C2,0.408,O=C(NCCN1CCc2sccc2C1)NCc1ccoc1
XS837962b,O=S1(=O)CCC2(C1)CN(CCO2)C=3C(F)=CN=CC3Cl,1.75,O=S1(=O)CCC2(CN(c3ccncc3)CCO2)C1
XS844113a,COC(=O)C=1C=CC(=CC1)OCC(=O)N2CCCC(C2)C(N)=O,1.172,O=C(COc1ccccc1)N1CCCCC1
XS837143b,CC(O)(CNC1=CC(=O)NC=2C=NC=CC12)CC3CCCCC3,1.152,O=c1cc(NCCCC2CCCCC2)c2ccncc2[nH]1
XS525094b,CN1C=CC(=N1)NC(=O)NC2CCCN(C2)C=3C=CC=CC3F,0.69,O=C(Nc1cc[nH]n1)NC1CCCN(c2ccccc2)C1
XS844108a,O=C(NC=1C=CC(F)=CN1)N2CCOC(CC=3C=CC=CC3)C2,5.19,O=C(Nc1ccccn1)N1CCOC(Cc2ccccc2)C1
XS844112a,CC1=CN=C(NC(=O)C(C)N2C(=O)C=3C=CC=CC3C2=O)S1,1.784,O=C(CN1C(=O)c2ccccc2C1=O)Nc1nccs1
XS836663b,CCOC1=NN=C(CN2CC(CC=3C=CC=CC32)C(N)=O)S1,1.978,c1ccc2c(c1)CCCN2Cc1nncs1
XS654029b,CC1=NN(C)C(C)=C1CCC(=O)N2CCCC(C2)N3C=NC=N3,0.49,O=C(CCc1cn[nH]c1)N1CCCC(n2cncn2)C1
XS836566b,O=C(C1COC=2C=CC(Cl)=CC2C1)N3CCCN4N=CN=C34,4.24,O=C(C1COc2ccccc2C1)N1CCCn2ncnc21
XS844107a,COC=1C=CC(=CC1OC)C(=O)N(C)C(C)C=2C=CC(F)=CC2,0.846,O=C(NCc1ccccc1)c1ccccc1
XS583123b,CC(OC=1N=CC=CC1C(=O)NCC2(C)CCC2)C(F)(F)F,0.44,O=C(NCC1CCC1)c1cccnc1
XS844128a,CC(CC=1C=CC(Cl)=CC1Cl)NC(=O)CCN2C=NC=N2,0.384,O=C(CCn1cncn1)NCCc1ccccc1
XS844122a,COC=1C=CC(=CN1)NC(C)C(=O)NC=2C=CC(F)=C(F)C2F,4.242,O=C(CNc1cccnc1)Nc1ccccc1
XS842566b,CCCC1=NON=C1NS(=O)(=O)C=2C=CC=C3CC(C)OC23,3.13,O=S(=O)(Nc1cnon1)c1cccc2c1OCC2
XS838648b,COC=1C=CC(=CC1OC(F)F)NC(C)C2CS(=O)(=O)C2,1.248,O=S1(=O)CC(CNc2ccccc2)C1
XS839750b,CC(C1=NC=2C=CC=CC2S1)N(C)CC=3N=NSC3Cl,0.426,c1ccc2sc(CNCc3csnn3)nc2c1
XS556831b,O=C(NCC1=CC=CO1)N2CCCC3(C=CC=4C=CC=CC4O3)C2,1.344,O=C(NCc1ccco1)N1CCCC2(C=Cc3ccccc3O2)C1
XS844126a,CC(C)C(C(=O)N1CCC(CC1)C(=O)O)C=2C=CC(Cl)=CC2,0.614,O=C(Cc1ccccc1)N1CCCCC1
XS693228b,CC=1C=CC=CC1C(C)NC(=O)C2=CSC(=N2)C=3C=NN(C)C3,0.96,O=C(NCc1ccccc1)c1csc(-c2cn[nH]c2)n1
XS844117a,O=C(CC=1C=CC=2CCCCC2C1)N3CCCC(C3)N4C=NC=N4,2.544,O=C(Cc1ccc2c(c1)CCCC2)N1CCCC(n2cncn2)C1
XS331437c,O=C(COC=1C=CC=2CCCC2C1)N3CCCC3CN4C=CC=N4,1.162,O=C(COc1ccc2c(c1)CCC2)N1CCCC1Cn1cccn1
XS840334b,O=C(NCC1OC(=O)CC21CCC2)NC=3C=CC4=CC=CC=C4N3,0.866,O=C(NCC1OC(=O)CC12CCC2)Nc1ccc2ccccc2n1
XS803664b,CC(C)C1=CSC(=N1)NC(=O)C2CCCN(C2)C=3C=NC=CN3,2.51,O=C(Nc1nccs1)C1CCCN(c2cnccn2)C1
XS688665b,COC=1C=CC=CC1C2CN(CCN2)C(=O)C=3C=C(ON3)C4CC4,2.802,O=C(c1cc(C2CC2)on1)N1CCNC(c2ccccc2)C1
PK014822b,CC=1C=CC(=CC1NCC(=O)N2CCCC(C)C2)NC(=O)C3CC3,0.308,O=C(Nc1cccc(NCC(=O)N2CCCCC2)c1)C1CC1
XS844139a,CC=1C=CC=C2C(=O)NC(NC12)C3=CSC(=N3)C=4C=CSC4,6.164,O=C1NC(c2csc(-c3ccsc3)n2)Nc2ccccc21
XS844138a,CC1=NC=2C=C(C=CC2O1)NC(=O)C(C)OC=3C=CC(Cl)=CC3,1.822,O=C(COc1ccccc1)Nc1ccc2ocnc2c1
XS840555b,CC(OC(=O)C1=CC=CO1)C(=O)NC=2N=CC(Cl)=CC2Cl,0.942,O=C(COC(=O)c1ccco1)Nc1ccccn1
XS838988b,CC(NC(=O)CC=1C=CC=C2C=3C=CC=CC3NC12)C=4C=NC=CN4,0.788,O=C(Cc1cccc2c1[nH]c1ccccc12)NCc1cnccn1
XS844131a,CC=1C=C(N(C)N1)N2CCC(C2=O)N3CCOC=4C=CC=CC4C3,5.186,O=C1C(N2CCOc3ccccc3C2)CCN1c1ccn[nH]1
XS844140a,CC(C)CCOC=1C=CC(=CC1)C(C)NC(=O)CCN2C=NC=N2,2.016,O=C(CCn1cncn1)NCc1ccccc1
XS844132a,CCN1N=NC=2C=C(C=CC21)C(=O)OC(C)C(=O)NC3CCCC3,2.478,O=C(COC(=O)c1ccc2[nH]nnc2c1)NC1CCCC1
XS605855b,CC(=O)N1CCC=2C=C(C=CC21)NC(C)C(=O)NC=3C=C(C)ON3,11.232,O=C(CNc1ccc2c(c1)CCN2)Nc1ccon1
XS844137a,CC(=O)NC1CCCN(C1)C(=O)C=2C=CC(=CC2)SC(F)F,0.584,O=C(c1ccccc1)N1CCCCC1
XS844129a,O=C(C1=CN=C2SC=CN2C1=O)N3CCCC(C3)N4C=CC=N4,6.178,O=C(c1cnc2sccn2c1=O)N1CCCC(n2cccn2)C1
XS697655b,COC=1C=CC=2NC=C(CCNC(=O)C3CC=4C=CC=CC4O3)C2C1,0.69,O=C(NCCc1c[nH]c2ccccc12)C1Cc2ccccc2O1
XS844151a,NC(=O)C1CCN(C1)C(=O)C2=CC=C(S2)C=3C=CC(Cl)=CC3,2.584,O=C(c1ccc(-c2ccccc2)s1)N1CCCC1
XS840208b,CC=1N=CC=2CC(CCC2N1)NC(=O)N(CC=3C=COC3)C4CC4,5.186,O=C(NC1CCc2ncncc2C1)N(Cc1ccoc1)C1CC1
XS841418b,CC(COC1CCCC1)CS(=O)(=O)N2CC3(C2)CCCOC3,1.888,O=S(=O)(CCCOC1CCCC1)N1CC2(CCCOC2)C1
XS842441b,CC=1C=CC(C)=C(C1)C(=O)N2CCN(CC2)C(C#N)C=3C=CC=CC3,1.04,O=C(c1ccccc1)N1CCN(Cc2ccccc2)CC1
XS838740b,CC(C=1C=CC(F)=CC1)S(=O)(=O)N(C)CC=2C=CC(C#N)=NC2,1.762,O=S(=O)(Cc1ccccc1)NCc1cccnc1
XS844154a,CN1N=CC=2C(=O)NC(CN(C3CC3)C4CCC=5C=CC=CC54)=NC21,1.002,O=c1[nH]c(CN(C2CC2)C2CCc3ccccc32)nc2[nH]ncc12
XS840335b,COC(=O)CC1CN(C(=O)C=2C=CC(=NN2)N(C)C)C3(CC3)CO1,1.966,O=C(c1cccnn1)N1CCOCC12CC2
XS540853b,CC=1C=C(N)N(N1)C=2C=C(N=CN2)N3CCCC3CC=4C=CC=CC4,1.962,c1ccc(CC2CCCN2c2cc(-n3cccn3)ncn2)cc1
XS844152a,CC(NC(=O)NC=1C=CC(F)=CC1F)C=2C=CC=3OCCOC3C2,2.536,O=C(NCc1ccc2c(c1)OCCO2)Nc1ccccc1
XS841232b,CC1(C)CN(CC=2C=CC(F)=CC21)C(=O)CC3C=CS(=O)(=O)C3,1.728,O=C(CC1C=CS(=O)(=O)C1)N1CCc2ccccc2C1
XS844169a,COC(=O)C=1C=CC(=CC1)S(=O)(=O)NC(C)C(=O)N2CCCC2,8.922,O=C(CNS(=O)(=O)c1ccccc1)N1CCCC1
XS844157a,CC1=CC(=NO1)NC(=O)C(C)NC=2C=CC(Br)=C(C)C2,5.718,O=C(CNc1ccccc1)Nc1ccon1
XS839947b,O=C(NCC=1C=CC2=CC=CC=C2C1)NC3CCCC43CCOCC4,0.516,O=C(NCc1ccc2ccccc2c1)NC1CCCC12CCOCC2
XS839586b,CN(C)C(=O)N1CCN(C(=O)C(F)OC=2C=CC=NC2)C(C)(C)C1,3.842,O=C(COc1cccnc1)N1CCNCC1
XS844178a,CCN(CC)C=1C=CC(=CN1)C(=O)N2CCCC(C2)C3=NC(C)=NO3,1.764,O=C(c1cccnc1)N1CCCC(c2ncno2)C1
XS844177a,CCC(=O)NC=1C=CC=C(C1)C(=O)NC(CC)C=2C=CC=CC2OC,0.632,O=C(NCc1ccccc1)c1ccccc1
XS844171a,CCN1C=NN=C1C2CCCN(C2)C(=O)NC=3C(C)=CC(C)=CC3C,0.7,O=C(Nc1ccccc1)N1CCCC(c2nnc[nH]2)C1
XS836924b,CCCCS(=O)(=O)NCC(=O)N1CC(C)OC=2C=C(F)C=CC21,17.384,c1ccc2c(c1)NCCO2
XS844173a,COC=1C=CC(C(=O)NC2CCC=3NN=CC3C2)=C(C1)OCC4CC4,0.672,O=C(NC1CCc2[nH]ncc2C1)c1ccccc1OCC1CC1
XS844175a,CC1=C(SC=2N=C(C)N=C(C)C12)C(=O)NC(C)CCC3=CC=CO3,2.364,O=C(NCCCc1ccco1)c1cc2cncnc2s1
XS837070b,CCCCN(C)S(=O)(=O)N1CC(OC=2C=CC=CC21)C(=O)NC,0.614,c1ccc2c(c1)NCCO2
XS839979b,COCC1=NNC(=N1)C2CCCCN2C=3C=CC(=NN3)C(F)(F)F,1.534,c1cnnc(N2CCCCC2c2ncn[nH]2)c1
XS838530b,BrC=1C=CC=C2N=C(C=CC12)NC3CCC4=NN=NN4C3,0.922,c1ccc2nc(NC3CCc4nnnn4C3)ccc2c1
XS844176a,COC(=O)C1=C(C)N(CC=2C=CC=CC2)C(=O)NC1C=3C=CSC3,1.606,O=C1NC(c2ccsc2)C=CN1Cc1ccccc1
XS844186a,O=C(NC=1C=CC=CC1N2C=CC=N2)C3CC(=O)N(C3)C=4C=CC=CC4,6.112,O=C(Nc1ccccc1-n1cccn1)C1CC(=O)N(c2ccccc2)C1
XS642409b,O=C(O)CC(NC(=O)C=1C=CC=CC1Br)C=2C=CC=CC2,0.428,O=C(NCc1ccccc1)c1ccccc1
XS838892b,CC=1C=C(Cl)C=CC1OCCNC(=O)C2(C#N)CC32CCOCC3,1.114,O=C(NCCOc1ccccc1)C1CC12CCOCC2
XS844188a,CN(CC(=O)N1N=C(CC1C2=CC=CO2)C3=CC=CO3)C=4C=CC=CC4,0.792,O=C(CNc1ccccc1)N1N=C(c2ccco2)CC1c1ccco1
XS841337b,CN1N=C2CCCCC2=C1NC(=O)N3CCCCCC3C(F)(F)F,0.406,O=C(Nc1[nH]nc2c1CCCC2)N1CCCCCC1
XS844182a,C1=COC(=C1)C2=NN=C(CN3CCCCC3C4=CC=5C=CC=CC5N4)O2,1.516,c1coc(-c2nnc(CN3CCCCC3c3cc4ccccc4[nH]3)o2)c1
XS841796b,CN1C=C(C=N1)C2=CC=C(S2)C3NC(C)(C)C(=O)N3CC(C)(C)C,0.634,O=C1CNC(c2ccc(-c3cn[nH]c3)s2)N1
XS554496b,CC=1C=CC=C(C1)CC2=CN=C(NC(=O)CN3CCOC(C)C3)S2,1.152,O=C(CN1CCOCC1)Nc1ncc(Cc2ccccc2)s1
XS841690b,CN1N=NC=2C(=NC=NC21)N3CCCC3(C)CC4=CC(Cl)=CS4,2.076,c1csc(CC2CCCN2c2ncnc3[nH]nnc23)c1
XS844205a,N#CC=1C=CC=C(C1)NC2CCN(C2)C(=O)C3=NNC=4CCSCC34,3.024,O=C(c1n[nH]c2c1CSCC2)N1CCC(Nc2ccccc2)C1
XS844198a,O=C(C=1C=CC=2OCOC2C1)N3CCCC3C4=NC=5C=CC=CC5S4,2.05,O=C(c1ccc2c(c1)OCO2)N1CCCC1c1nc2ccccc2s1
XS841361b,O=C(C=1C=CC(=CC1)C2=NN=NN2)N3CCCCC(C3)C4CCOCC4,3.762,O=C(c1ccc(-c2nnn[nH]2)cc1)N1CCCCC(C2CCOCC2)C1
XS844204a,O=C(CCC1=NC=2C=CC=CC2O1)NCC3CCN(C3)C=4C=CC=CC4,0.992,O=C(CCc1nc2ccccc2o1)NCC1CCN(c2ccccc2)C1
XS844192a,CN(C(=O)C1=CC=C(O1)C=2C=CC=CC2Cl)C3CCS(=O)(=O)C3,0.858,O=C(NC1CCS(=O)(=O)C1)c1ccc(-c2ccccc2)o1
XS844202a,O=C(NC=1C=CC=C(Cl)C1F)C2CCCN(C2)C(=O)C=3C=COC3,1.114,O=C(Nc1ccccc1)C1CCCN(C(=O)c2ccoc2)C1
XS844197a,O=C(O)C(CC1=CNC=2C=CC=CC12)NC(=O)NCC=3C=CC(F)=CC3,2.09,O=C(NCCc1c[nH]c2ccccc12)NCc1ccccc1
XS844200a,CC1=C(C=CN1CC=2C=CC=CC2)C(=O)N3CCC(O)(C3)C(F)(F)F,0.382,O=C(c1ccn(Cc2ccccc2)c1)N1CCCC1
XS842618b,COC(CC=1C=CC=CC1)CS(=O)(=O)NC=2C=NN(C2)C3CCCC3,1.382,O=S(=O)(CCCc1ccccc1)Nc1cnn(C2CCCC2)c1
XS844211a,C=C(C)CN1C(=NC=2C=CC=CC21)C3CC(=O)N(C3)C=4C=C(C)C=CC4C,0.5,O=C1CC(c2nc3ccccc3[nH]2)CN1c1ccccc1
XS844222a,CC1=NC=2C=C(C=CC2O1)NC(C)C(=O)NC=3C=CC(=CC3)C(F)(F)F,3.352,O=C(CNc1ccc2ocnc2c1)Nc1ccccc1
XS844215a,CC=1C=CC(=CC1C)SCCNC(=O)C2CCCN(C2)C(=O)C(C)C,0.538,O=C(NCCSc1ccccc1)C1CCCNC1
XS428312b,O=C(NC(CC(F)(F)F)C=1C=CC=CC1)C=2C=CN=C(C2)N3C=NC=N3,1.21,O=C(NCc1ccccc1)c1ccnc(-n2cncn2)c1
XS844221a,O=C1CSC(C2=CN(N=C2C=3C=CC=CC3)C=4C=CC=CC4)N1CCO,2.112,O=C1CSC(c2cn(-c3ccccc3)nc2-c2ccccc2)N1
XS844212a,CCN(CC=1C=CC=2OCOC2C1)C(=O)C(C)CC=3C(C)=NN(C)C3C,15.108,O=C(CCc1cn[nH]c1)NCc1ccc2c(c1)OCO2
XS428127b,O=C1C(CCN1CC=2C=CC=CC2)NS(=O)(=O)C=3C=CC(F)=CC3F,1.516,O=C1C(NS(=O)(=O)c2ccccc2)CCN1Cc1ccccc1
XS841430b,CCN(CC(C)C#N)S(=O)(=O)N1CC=2C=CC=CC2C=3C=CC=CC3C1,0.424,c1ccc2c(c1)CNCc1ccccc1-2
XS844227a,CC=1C=CC(=CC1)NC(=O)CN(C)C(C)C(=O)N(C)C2(C#N)CCCCC2,0.39,O=C(CNCC(=O)NC1CCCCC1)Nc1ccccc1
XS838476b,CC(C(=O)N1CCC=2C=CC=CC2C1)S(=O)(=O)CC3=CN(N=N3)C4CC4,4.634,O=C(CS(=O)(=O)Cc1cn(C2CC2)nn1)N1CCc2ccccc2C1
XS844230a,CC=1C=CC(=CC1)OC(C)C(=O)NCC=2C=CC(=CC2)C(=O)N3CCCC3,0.46,O=C(COc1ccccc1)NCc1ccc(C(=O)N2CCCC2)cc1
XS844236a,COCC=1C=CC(=CC1)C(=O)N2CCCC(C2)C(=O)NC=3C=CC(C)=CN3,10.368,O=C(Nc1ccccn1)C1CCCN(C(=O)c2ccccc2)C1
XS814389b,CC1=NC=2C=C(C=CC2O1)NC(C)C(=O)NC=3C=CC(=CC3)S(N)(=O)=O,1.67,O=C(CNc1ccc2ocnc2c1)Nc1ccccc1
XS844228a,CN1C=NC(=N1)C=2C=CC(=CC2)OCC(O)COCC=3C=CC(Cl)=CC3,1.43,c1ccc(COCCCOc2ccc(-c3nc[nH]n3)cc2)cc1
XS807459b,COC=1C=CC(OC)=C(C1)C2CCCN2CC3=NC(=NO3)C=4C=CSC4,0.424,c1ccc(C2CCCN2Cc2nc(-c3ccsc3)no2)cc1
XS844229a,CC(OC(=O)CN1C=NC=2C=CC=CC2C1=O)C(=O)NC=3C=CC=CC3F,4.502,O=C(COC(=O)Cn1cnc2ccccc2c1=O)Nc1ccccc1
XS841923b,CC1(C)C(CCS1(=O)=O)C(=O)N2CCC3(CCC=4C=CC=CC4C3)CC2,1.09,O=C(C1CCS(=O)(=O)C1)N1CCC2(CCc3ccccc3C2)CC1
XS844235a,COC(=O)C1=C(C)N(C)C(=O)N(C)C1C=2C=CC(Br)=CC2F,0.444,O=C1NC=CC(c2ccccc2)N1
XS151297c,O=C(NC=1C=CC(Cl)=C(C1)C(F)(F)F)C2CC(=O)NC=3C=CC=CC32,1.268,O=C1CC(C(=O)Nc2ccccc2)c2ccccc2N1
XS838299b,O=C(C1CCNC=2C=C(F)C=CC21)N3CCC4=C(C3)NC=5C=CC(F)=CC54,2.514,O=C(C1CCNc2ccccc21)N1CCc2c([nH]c3ccccc23)C1
XS844243a,O=C(NC1CCCN(C1)C(=O)N2CCCC2)C3=CC=4C(F)=CC=C(F)C4N3,2.274,O=C(NC1CCCN(C(=O)N2CCCC2)C1)c1cc2ccccc2[nH]1
XS329128b,COCC1=NN2CC(CCC2=N1)NC(=O)C=3C=CC(=CC3)CCC(F)(F)F,0.404,O=C(NC1CCc2ncnn2C1)c1ccccc1
XS842127b,CC1=CC(C(=O)NC(C=2C=CN(C)C2)C(F)(F)F)=C(C)N1C3=NC=CS3,0.48,O=C(NCc1cc[nH]c1)c1ccn(-c2nccs2)c1
XS844241a,CN1N=CC(C(=O)NC2CC3(CCC3)OC=4C=CC=CC42)=C1CC=5C=CC=CC5,2.596,O=C(NC1CC2(CCC2)Oc2ccccc21)c1cn[nH]c1Cc1ccccc1
XS844247a,COC(=O)C1=C(C)N(C)C(=O)N(C)C1C=2C=CC=C(C2)OCC=3C=CC=CC3,0.5,O=C1NC=CC(c2cccc(OCc3ccccc3)c2)N1
XS428107b,O=C(NC1=CC=NN1CC=2C=CC(Cl)=CC2)C3CC(=O)NC=4C=CC=CC43,2.8,O=C1CC(C(=O)Nc2ccnn2Cc2ccccc2)c2ccccc2N1
XS840612b,CC(=O)NC1=NC(=CS1)COC(=O)C=2C=CC=3SC(C)C(=O)NC3C2,2.998,O=C1CSc2ccc(C(=O)OCc3cscn3)cc2N1
XS844248a,COC=1C=CC(=CC1)C(CNC(=O)C2CCOCC2)C3=CNC=4C=CC=CC34,0.73,O=C(NCC(c1ccccc1)c1c[nH]c2ccccc12)C1CCOCC1
XS844249a,CCC(NC(=O)C=1C=CC(=CC1)S(=O)(=O)NCCC#N)C=2C=CC(C)=CC2,0.516,O=C(NCc1ccccc1)c1ccccc1
XS706770b,COC=1C=CC(Cl)=CC1NC(=O)CN(C)CC2COC=3C=CC=CC3O2,0.594,O=C(CNCC1COc2ccccc2O1)Nc1ccccc1
XS838886b,O=C(NC=1C=CC2=C(C1)CCC(=O)N2CC3CCC3)C4CCC5=NN=CN5C4,1.536,O=C(Nc1ccc2c(c1)CCC(=O)N2CC1CCC1)C1CCc2nncn2C1
XS844240a,CNC(=O)NC(=O)C(C)OC(=O)C1=CC=C(O1)C=2C=CC=C(C2)C(F)(F)F,7.844,c1ccc(-c2ccco2)cc1
XS836714b,CC1=NC(CN2CCN(CC2)C(=O)C(C)N3C(=O)C=4C=CC(C)=CC4C3=O)=NO1,4.504,O=C(CN1C(=O)c2ccccc2C1=O)N1CCN(Cc2ncon2)CC1
XS840352b,CC1=CC=C(O1)C2=NC(C)=C(S2)C(=O)NC(C)C=3C=CC=4OCC(=O)NC4C3,16.97,O=C1COc2ccc(CNC(=O)c3cnc(-c4ccco4)s3)cc2N1
XS844256a,CC1=NC2=NC(=NN2C(C)=C1CC(=O)N(C)C(C)C=3C=CC=CC3)C(F)(F)F,1.83,O=C(Cc1cnc2ncnn2c1)NCc1ccccc1
XS844257a,O=C(NCCNC=1N=CC(=CC1Cl)C(F)(F)F)C2CC(=O)N(C2)C3CC3,1.418,O=C(NCCNc1ccccn1)C1CC(=O)N(C2CC2)C1
XS009563e,O=C(CN1C=NC=2SC=CC2C1=O)N3CCCC3C4=NC=5C=CC=CC5S4,3.016,O=C(Cn1cnc2sccc2c1=O)N1CCCC1c1nc2ccccc2s1
XS844262a,CC1=CC(C(=O)N2CCCC(C2)C(=O)NCC3CC3)=C(C)N1CC=4C=CC=CN4,0.384,O=C(NCC1CC1)C1CCCN(C(=O)c2ccn(Cc3ccccn3)c2)C1
XS840107b,CC(CN(C)C(=O)C=1C=CC(F)=C2C=CC=CC12)NC(=O)CCCN3C=CC=N3,0.69,O=C(CCCn1cccn1)NCCNC(=O)c1cccc2ccccc12
XS837616b,CN(C(=O)N1CCCC1COC=2C=CC(=CC2F)S(N)(=O)=O)C3CCCC3,0.424,O=C(NC1CCCC1)N1CCCC1COc1ccccc1
XS838747b,CC1=NN(C(C)=C1C2COCCN2C3=CC(=O)OC=4C=CC=CC34)C=5C=CC=CC5,0.652,O=c1cc(N2CCOCC2c2cnn(-c3ccccc3)c2)c2ccccc2o1
XS837739b,CC1=NC=CN1C=2C=CC(=CC2)C(C)NC(=O)C3=CC=4CC(C)(C)CCC4NC3=O,0.992,O=C(NCc1ccc(-n2ccnc2)cc1)c1cc2c([nH]c1=O)CCCC2
XS844278a,COC=1C=CC(=CC1)NC(=O)NC(=O)CN(CC2=CC=CS2)CC3CCCO3,1.028,O=C(CN(Cc1cccs1)CC1CCCO1)NC(=O)Nc1ccccc1
XS844277a,CC=1C=CC(NC(=O)CN2CCN(CC2)C(=O)C3COC=4C=CC=CC4O3)=C(C)C1,0.7,O=C(CN1CCN(C(=O)C2COc3ccccc3O2)CC1)Nc1ccccc1
XS844266a,CC1=NOC(C)=C1S(=O)(=O)N2CCC(CC2)C(=O)NC(C)C=3C=CC=CC3C,0.672,O=C(NCc1ccccc1)C1CCN(S(=O)(=O)c2cnoc2)CC1
XS844269a,O=C(C=1C=NN(C1)CC(F)(F)F)N2CCC(C2)NC=3C=CC=C(Br)C3,3.372,O=C(c1cn[nH]c1)N1CCC(Nc2ccccc2)C1
XS838538b,C#CCCCOCC(=O)NC=1C=CC=C2C(=O)N(C(C)=NC12)C3CCC(=O)NC3=O,1.872,O=C1CCC(n2cnc3ccccc3c2=O)C(=O)N1
XS844285a,CC(C)C(=O)NC(CC1=CNC=2C=CC=CC12)C(=O)N3CCC(CC3)C(=O)N4CCCCCC4,1.594,O=C(CCc1c[nH]c2ccccc12)N1CCC(C(=O)N2CCCCCC2)CC1
XS844287a,CC=1C=CC(=CC1)S(=O)(=O)N2CCN(CC(=O)NC(C)C=3C=CC=C(Cl)C3)CC2,1.114,O=C(CN1CCN(S(=O)(=O)c2ccccc2)CC1)NCc1ccccc1
XS844282a,CN1CCN(CC1)C=2C=CC(=CN2)NC(=O)C(CC=3C=CC=CC3)NC(=O)C4=CC=CS4,1.268,O=C(NC(Cc1ccccc1)C(=O)Nc1ccc(N2CCNCC2)nc1)c1cccs1
XS840363b,COC(=O)C(C)N1C(=O)C2=C(N=C3N(C(C)=C(C)N32)C=4C=C(C)C=C(C)C4)N(C)C1=O,1.896,O=c1[nH]c(=O)c2c(nc3n(-c4ccccc4)ccn23)[nH]1
XS844292a,CCCN1C=CC=C1C(=O)NCC(NC(=O)C2=CN=C(NC)S2)C=3C=CC=C(Cl)C3,2.582,O=C(NCC(NC(=O)c1cncs1)c1ccccc1)c1ccc[nH]1
XS828000b,COC=1C=C(Cl)C(C)=CC1N2C(=O)CC(C2=O)N3CCN(CC3)C=4C=CC(O)=CC4,2.056,O=C1CC(N2CCN(c3ccccc3)CC2)C(=O)N1c1ccccc1
XS840460b,O=C(CCN1N=C(OC1=O)C2=CC=CS2)N3CCCC3C4=NC=5C=CC=CC5S4,1.314,O=C(CCn1nc(-c2cccs2)oc1=O)N1CCCC1c1nc2ccccc2s1
XS844290a,COC=1C=CC(=CC1)C2CC(=NN2C(=O)C3=CC=CO3)C=4C=CC(=CC4)NS(C)(=O)=O,2.73,O=C(c1ccco1)N1N=C(c2ccccc2)CC1c1ccccc1
XS842190b,O=S(=O)(C=1SC=CC1Br)N2CCCC(C2)N3N=CC=C3C(F)(F)F,0.46,O=S(=O)(c1cccs1)N1CCCC(n2cccn2)C1
XS844302a,COC(=O)C1CN(C(C)=O)C=2C=CC=CC2O1,1.5,c1ccc2c(c1)NCCO2
XS844300a,CC1=NOC(CN(C)C(C)C=2C=CC(F)=CC2)=N1,0.81,c1ccc(CNCc2ncno2)cc1
XS844306a,CCC(C)NC(=O)NC=1C=CC(=CC1)C(=O)OC,0.482,c1ccccc1
XS844310a,CC1=NOC(=N1)C(C)NC(=O)CC2CC2,6.356,O=C(CC1CC1)NCc1ncno1
BD008397b,CC1C(=O)NC=2C=CC(=CC21)C3=CSC(N)=N3,1.264,O=C1Cc2cc(-c3cscn3)ccc2N1
XS840050b,CC=1N=C(N=C2NN=CC12)N3CCOCC3C,0.694,c1n[nH]c2nc(N3CCOCC3)ncc12
XS841979b,CC=1N=NC(=NC1C)N2CCC3(CCC3(C)C)C2,1.324,c1cnc(N2CCC3(CCC3)C2)nn1
XS837200b,CC=1CC(C)C(=O)N(N1)C=2C=NN(C)C2,0.58,O=C1CCC=NN1c1cn[nH]c1
XS844297a,CC(C)C1=NSC(=N1)NC2CCN(C)C2=O,1.55,O=C1NCCC1Nc1ncns1
XS844315a,CCCC(C)NC(=O)C=1N=C(OC1C)C=2C=CC=CC2,1.368,c1ccc(-c2ncco2)cc1
XS844320a,CC(NC(=O)NC1CCCCCC1)C2=NN=CN2C,0.39,O=C(NCc1nnc[nH]1)NC1CCCCCC1
XS844312a,CC=1C=C(N=C2C=CC=CC12)SC3CCN(C)C3=O,0.522,O=C1NCCC1Sc1ccc2ccccc2n1
XS844317a,O=C1CN(CC(O)COC=2C=CC(F)=CC2)CCN1,2.222,O=C1CN(CCCOc2ccccc2)CCN1
XS844318a,CC1=CC=C(S1)C(=O)NC(C)C=2C=NN(C)C2C,0.524,O=C(NCc1cn[nH]c1)c1cccs1
XS844319a,CCCNC(=O)C(C)NC(=O)C=1SC=NC1C,1.388,c1cscn1
XS839854b,CCC1(C)CCN(C1)C(=O)CCC2=CN=CS2,0.844,O=C(CCc1cncs1)N1CCCC1
XS841637b,O=C(C1=NNC=C1F)N2CCCC3(CCSC3)C2,1.48,O=C(c1cc[nH]n1)N1CCCC2(CCSC2)C1
XS474743b,CC1=NOC(=N1)C2COCCN2CC3=CC=CS3,1.46,c1csc(CN2CCOCC2c2ncno2)c1
XS844341a,CC=1C=CC=C(C(=O)N2CCC(C2)C=3C=CC=CC3)C1N,1.464,O=C(c1ccccc1)N1CCC(c2ccccc2)C1
XS844327a,NC(=O)C1CCCN(C1)C=2N=CC(Br)=CN2,21.682,c1cnc(N2CCCCC2)nc1
XS844333a,CCCC(C)NC(=O)C=1C=CC(=CC1)C2=NC(C)=NO2,0.732,c1ccc(-c2ncno2)cc1
XS582001b,CC1=CC(C)=C(O1)C(=O)N2CCC(C2)C3=NC(C)=NO3,0.462,O=C(c1ccco1)N1CCC(c2ncno2)C1
XS844336a,CC=1C=CC=CC1NC(=O)CNC2CCS(=O)(=O)C2,1.362,O=C(CNC1CCS(=O)(=O)C1)Nc1ccccc1
XS507144b,O=C1NCCCCC1NS(=O)(=O)C=2C=CC(F)=CC2,3.132,O=C1NCCCCC1NS(=O)(=O)c1ccccc1
XS839566b,CN(C(=O)NC=1C=CC(F)=CN1)C2CC(C)(C)OC2=O,3.028,O=C(Nc1ccccn1)NC1CCOC1=O
XS839622b,CC(NC(=O)C12CC3CC(CC(C3)C2)C1)C(=O)N(C)C,0.786,C1C2CC3CC1CC(C2)C3
XS587242b,CC=1OC=CC1C(=O)N2CCOC(CN3C=CN=N3)C2,0.546,O=C(c1ccoc1)N1CCOC(Cn2ccnn2)C1
XS844356a,CC=1C=CC(O)=C(C1)C(=O)N2CCCC(CCC(=O)O)C2,0.674,O=C(c1ccccc1)N1CCCCC1
XS844353a,CC1=C(C=NN1C)C(C)NC(=O)C2=CC=3CCCC3S2,0.54,O=C(NCc1cn[nH]c1)c1cc2c(s1)CCC2
XS841781b,CCN(C(=O)C1=CC=NN1C2CC2(F)F)C=3C=NN(C)C3,0.758,O=C(Nc1cn[nH]c1)c1ccnn1C1CC1
XS844349a,CC(C)C1CCCCCN1C(=O)C=2C=NC(N)=C(Cl)C2,1.386,O=C(c1cccnc1)N1CCCCCC1
XS841307b,O=C1CC(CNC=2N=C(O)C3=CC=C(Cl)C=C3N2)CN1,3.536,O=C1CC(CNc2ncc3ccccc3n2)CN1
XS642402b,CC=1C=CC=2C(=COC2C1C)CC(=O)NCC3CCCO3,1.292,O=C(Cc1coc2ccccc12)NCC1CCCO1
XS844351a,CC=1C=C(Cl)C=CC1OC(C)C(=O)NCC2=CC=CO2,1.132,O=C(COc1ccccc1)NCc1ccco1
XS718326b,CC(C)(C)C=1N=CSC1C(=O)N2CCCC(C2)C(=O)O,1.142,O=C(c1cncs1)N1CCCCC1
XS840281b,COC=1C=CC=C(C1)CNC(=O)NCC2CC(Cl)=NO2,1.826,O=C(NCc1ccccc1)NCC1CC=NO1
XS736996b,O=C1CSC2(C(=O)NC=3C=CC=CC32)N1C=4C=CC=CC4,0.404,O=C1CSC2(C(=O)Nc3ccccc32)N1c1ccccc1
XS844345a,O=C1C=2C=CC=CC2NC(C=3C=CNN3)N1C=4C=CC=CC4,0.618,O=C1c2ccccc2NC(c2cc[nH]n2)N1c1ccccc1
XS674700b,COCC1(CCCN1C(=O)C=2OC=CC2C(C)C)C(N)=O,0.444,O=C(c1ccco1)N1CCCC1
XS844371a,COC1=CC(=CC(=C1)OC)CNC(C)C=2C=CC(Cl)=CC2,0.952,c1ccc(CNCc2ccccc2)cc1
XS837135b,CC=1C(Cl)=C(CN2CC(=O)NC(C)C2)N=C3C=CC=CC13,0.634,O=C1CN(Cc2ccc3ccccc3n2)CCN1
XS844372a,CC1=CN2CC(CCC2=N1)NC(=O)C3=NOC=4CCCCC34,2.082,O=C(NC1CCc2nccn2C1)c1noc2c1CCCC2
XS839317b,C=1N=CN(CCC2=CN(CCC3CCCCC43CC4)N=N2)N1,1.002,c1ncn(CCc2cn(CCC3CCCCC34CC4)nn2)n1
XS844362a,CC=1C=NC(=CN1)C(=O)OC(C)C(=O)N(C)C=2C=CC=CC2,4.842,O=C(COC(=O)c1cnccn1)Nc1ccccc1
XS836670b,CCOC=1C=NC(=CN1)C(=O)NC(C)C2=NN=NN2C3CC3,9.63,O=C(NCc1nnnn1C1CC1)c1cnccn1
XS844364a,O=C(NCC1=CC=CS1)C2CCCN(C2)C=3C=NC=CN3,1.308,O=C(NCc1cccs1)C1CCCN(c2cnccn2)C1
XS844370a,CCS(=O)C=1C=CC=CC1C(=O)NCCC=2C=CC=CC2,0.422,O=C(NCCc1ccccc1)c1ccccc1
XS839012b,CC(NC=1C=C(C#N)C2=CC=CC=C2N1)C3=NN=C4CCCN34,0.982,c1ccc2nc(NCc3nnc4n3CCC4)ccc2c1
XS844384a,COC=1C=CC=C2C=C(COC12)C(=O)NC(C)C=3C=CC=CN3,2.23,O=C(NCc1ccccn1)C1=Cc2ccccc2OC1
XS838905b,CC(CC(=O)NCCC=1C=CC=2NN=CC2C1)C=3C=NN(C)C3,0.522,O=C(CCc1cn[nH]c1)NCCc1ccc2[nH]ncc2c1
XS844380a,CC(CN1C=CC=N1)NC(=O)CCC2=NC(=NO2)C(C)(C)C,1.488,O=C(CCc1ncno1)NCCn1cccn1
XS839271b,COC=1C=NC(=CN1)CNC=2C=CC(=CC2)OC3CC3(F)F,0.976,c1cnc(CNc2ccc(OC3CC3)cc2)cn1
XS705199b,O=S(=O)(C=1C=CC=CC1F)N2CCCC(C2)C3=CC=NN3,2.074,O=S(=O)(c1ccccc1)N1CCCC(c2ccn[nH]2)C1
XS844373a,O=C(NC1CCCN(C1)C(=O)C=2C=CC=CC2)C=3C=CC=CN3,1.114,O=C(NC1CCCN(C(=O)c2ccccc2)C1)c1ccccn1
XS844383a,CCOC(=O)NC(C(=O)N1CCCN(CC1)C(C)=O)C(C)C,1.632,C1CNCCNC1
XS844377a,CC1(CC(=O)N(NC1=O)C2CCCC2)C=3C=CC(Cl)=CC3,8.946,O=C1NN(C2CCCC2)C(=O)CC1c1ccccc1
XS841649b,CC(CC1=NC=2C=CC=CC2S1)NC=3C=CC4=NN=NN4N3,4.502,c1ccc2sc(CCNc3ccc4nnnn4n3)nc2c1
XS836803b,N#CC1CN(CCN1C2CC2)C=3N=CN=CC3Br,1.334,c1cc(N2CCN(C3CC3)CC2)ncn1
XS399078b,O=C(O)CC(NC(=O)COC=1C=CC=C(F)C1)C=2C=CC=CC2,0.502,O=C(COc1ccccc1)NCc1ccccc1
XS842233b,CC(NC1=NN=C(S1)C=2C=CC=CC2Cl)C3=NN=CN3C,2.058,c1ccc(-c2nnc(NCc3nnc[nH]3)s2)cc1
XS841960b,CC1CN(CCC=2C=CC(Cl)=CC21)C=3C=NC(=CN3)C(N)=O,0.678,c1ccc2c(c1)CCN(c1cnccn1)CC2
XS837509b,COCCC1(C)CN(CCO1)C=2N=CC=C(N2)C3=CC=NN3C,0.406,c1cc(-c2ccnc(N3CCOCC3)n2)[nH]n1
XS574111b,CC(NC1=NC=NC2=NN(C)C=C12)C=3C=CC(=CC3)OC(F)F,0.66,c1ccc(CNc2ncnc3n[nH]cc23)cc1
XS539261b,CC=1N=C2CCC(CN2N1)NCC=3C=C(ON3)C4=CC=CS4,7.714,c1csc(-c2cc(CNC3CCc4ncnn4C3)no2)c1
XS844394a,CC(=O)NC=1C=CC(=CC1)NC(C)C(=O)NC=2C=CC=CC2F,1.156,O=C(CNc1ccccc1)Nc1ccccc1
XS837145b,CCC1=NN=C(NCC2CCCC=3C=CC(=CC32)C(=O)OC)O1,2.212,c1ccc2c(c1)CCCC2CNc1nnco1
XS844405a,N#CC=1C=CC(=CC1)COC(=O)CC2OC=3C=CC=CC3NC2=O,0.96,O=C(CC1Oc2ccccc2NC1=O)OCc1ccccc1
XS838582b,N#CC=1C=C(N=CN1)N(CC=2C=C3CCCN3N2)CC4C=CCC4,1.4,C1=CC(CN(Cc2cc3n(n2)CCC3)c2ccncn2)CC1
XS680437b,COC=1C=CC=CC1N2CC(CC2=O)C3=NC=4C=C(C)C=CC4N3,4.442,O=C1CC(c2nc3ccccc3[nH]2)CN1c1ccccc1
XS839149b,CC1=NC=2C(=CC=CC2O1)NC(=O)C3(CCOC3)C=4C=CC=CC4,0.424,O=C(Nc1cccc2ocnc12)C1(c2ccccc2)CCOC1
XS838049b,O=C1CCC(=NN1C2CCCS(=O)(=O)C2)C=3C=CC=C(F)C3,1.692,O=C1CCC(c2ccccc2)=NN1C1CCCS(=O)(=O)C1
XS844416a,COC=1C=CC(=CC1)CNC(=O)C2CC(=O)N(CC(F)(F)F)C2,0.944,O=C1CC(C(=O)NCc2ccccc2)CN1
XS844413a,CC=1C=NC(=NC1C)N2CCCC(O)(CC3=NC(=NO3)C4CC4)C2,2.268,c1cnc(N2CCCC(Cc3nc(C4CC4)no3)C2)nc1
XS844412a,CC1=CC(=O)N2N=C(NC(C)C=3C=CC=4OCOC4C3)SC2=N1,9.712,O=c1ccnc2sc(NCc3ccc4c(c3)OCO4)nn12
XS844410a,CC1=NOC(=N1)C=2C=CC=NC2N3CCCC(C3)N4CCCC4=O,0.616,O=C1CCCN1C1CCCN(c2ncccc2-c2ncno2)C1
XS844415a,O=C(CCNC(=O)NC1CCCCC1)NC2CCC=3C=CC=CC32,0.594,O=C(CCNC(=O)NC1CCCCC1)NC1CCc2ccccc21
XS609631b,NC(=O)C=1C=CC=C(C1)OCC(=O)N2CCCC(C2)N3C=CC=N3,1.562,O=C(COc1ccccc1)N1CCCC(n2cccn2)C1
XS598548b,CNC(=O)C1=CC=C(CN(C)C2CCN(C2=O)C=3C=CC=CC3)O1,0.878,O=C1C(NCc2ccco2)CCN1c1ccccc1
XS837760b,O=C(NC(CCO)C=1C=CC(F)=CC1F)C=2N=CC=C3NC=CC23,3.954,O=C(NCc1ccccc1)c1nccc2[nH]ccc12
XS844417a,COC1=CC(=CC(OC)=C1C)C(=O)NC2CCCC3=C2C=NN3C,2.288,O=C(NC1CCCc2[nH]ncc21)c1ccccc1
XS655000b,O=C(NCCNC=1C=NC=CN1)C2CC(=O)NC=3C=C(F)C=CC32,4.578,O=C1CC(C(=O)NCCNc2cnccn2)c2ccccc2N1
XS785060b,CC=1N=C2N=C(C)C=C(N3CCCC3C=4C=CC(Cl)=CC4)N2N1,1.77,c1ccc(C2CCCN2c2ccnc3ncnn23)cc1
XS840562b,CC1=CC(CC(C)NC(=O)NC=2C=CC3=C(C2)OC(=O)N3C)=NN1,5.808,O=C(NCCc1cc[nH]n1)Nc1ccc2[nH]c(=O)oc2c1
XS838177b,CC=1C=CC(=CC1N2CCOC2=O)NC(=O)C(C)C=3C=NC=NC3,1.144,O=C(Cc1cncnc1)Nc1cccc(N2CCOC2=O)c1
XS475208b,O=C(NCCC=1C=CC=CN1)C2CCCN(C2)C(=O)N3CCCC3,1.068,O=C(NCCc1ccccn1)C1CCCN(C(=O)N2CCCC2)C1
XS844428a,CCCC(C)NC(=O)CSC=1C=CC(=NN1)N2N=C(C)C=C2C,0.442,c1cnnc(-n2cccn2)c1
XS839247b,CCC(NC=1C=NN(C1)C2=NC=CS2)C=3C=C(Cl)C=CC3O,2.468,c1ccc(CNc2cnn(-c3nccs3)c2)cc1
XS844429a,N#CC=1C=CC=C(C1)NC2CCN(C2)C(=O)C=3NN=C4CCCCC34,2.122,O=C(c1[nH]nc2c1CCCC2)N1CCC(Nc2ccccc2)C1
XS841678b,CN1C=CC(=N1)NC(=O)N2CCCC(C2)C3=NC=4CCCC4S3,1.112,O=C(Nc1cc[nH]n1)N1CCCC(c2nc3c(s2)CCC3)C1
XS844434a,CC(NC(=O)CC1=CNC=2C=CC=CC12)C=3C=CC=4OCCOC4C3,0.634,O=C(Cc1c[nH]c2ccccc12)NCc1ccc2c(c1)OCCO2
XS844427a,CCN(C)C(=O)C(C)NC(=O)NC=1C=CC=C(C1)N2CCOCC2,2.652,c1ccc(N2CCOCC2)cc1
XS844432a,CCN(C(=O)C(C)S(=O)(=O)CC1=CC(C)=NO1)C=2C=CC=CC2,12.86,O=C(CS(=O)(=O)Cc1ccno1)Nc1ccccc1
XS844426a,CC(=O)NC=1C=CC(=CC1)NC(=O)C(C)OC(=O)C2CCCCC2,0.71,O=C(COC(=O)C1CCCCC1)Nc1ccccc1
XS838365b,CC=1C=C(C(=O)NCC#CC2CCCCO2)N(N1)C3CCOCC3,0.732,O=C(NCC#CC1CCCCO1)c1ccnn1C1CCOCC1
XS836812b,O=C1CSC=2N=CN=C(C2N1)N3CCOC(CN4C=CC=N4)C3,1.326,O=C1CSc2ncnc(N3CCOC(Cn4cccn4)C3)c2N1
XS844433a,NS(=O)(=O)C=1C=NC(=NC1)N2CCCC(CC=3C=CC=CC3)C2,7.992,c1ccc(CC2CCCN(c3ncccn3)C2)cc1
XS839304b,CN(C)C=1C=C(F)C=C(C1)NC(=O)C2CCN(C2)S(=O)(=O)F,0.404,O=C(Nc1ccccc1)C1CCNC1
XS836568b,COC(=O)C=1C=C(C(C)=CC1NCC(C)C2=NN=CN2C)[N+]([O-])=O,0.834,c1ccc(NCCc2nnc[nH]2)cc1
XS534403b,N#CC=1C=CC(=C(Br)C1)N2CCCC(O)(CC(N)=O)C2,0.406,c1ccc(N2CCCCC2)cc1
XS840354b,FC(F)(F)C1=CN2CC(CNC=3C=CC4=NN=NN4N3)CCC2=N1,0.884,c1cn2c(n1)CCC(CNc1ccc3nnnn3n1)C2
XS840551b,CC=1C=C(C)C=2OCCC(NC3=NC=C(S3)S(N)(=O)=O)C2C1,2.268,c1ccc2c(c1)OCCC2Nc1nccs1
PK010306b,CNC(=O)NC(=O)C(C)SC=1N=C(C)N=C2SC(C)=C(C)C12,1.932,c1ncc2ccsc2n1
XS844439a,N#CC=1C=CC(=C(C1)C(F)(F)F)N2CCC(O)(CN3C=CN=N3)C2,0.616,c1ccc(N2CCC(Cn3ccnn3)C2)cc1
XS844441a,COC=1C=NC=C(N1)C2=NOC(=N2)C3CC(C)(C)OC=4C=CC=CC43,3.342,c1ccc2c(c1)OCCC2c1nc(-c2cnccn2)no1
XS844453a,O=C(NC1CCOC2(CCOCC2)C1)C=3C=NC4=CC=C(F)C=C4C3,10.468,O=C(NC1CCOC2(CCOCC2)C1)c1cnc2ccccc2c1
XS844451a,CC=1OC(=NC1CN2C(=O)CC3(CCSC3)C2=O)C=4C=CC=CC4,12.182,O=C1CC2(CCSC2)C(=O)N1Cc1coc(-c2ccccc2)n1
XS431997b,CCN(CC)C(CNC(=O)C1=CC=C(C)NC1=O)CC=2C=CC=CC2,2.102,O=C(NCCCc1ccccc1)c1ccc[nH]c1=O
XS734292b,N#CC=1C=CC=NC1NCC2CCN(CCC(=O)NC3CCCC3)C2,0.746,O=C(CCN1CCC(CNc2ccccn2)C1)NC1CCCC1
XS837780b,CC=1C(Cl)=CC2=C(CCCN2C(=O)CC3COC(=O)C3)C1Cl,2.734,O=C1CC(CC(=O)N2CCCc3ccccc32)CO1
XS844458a,COCC1(CCCN1S(=O)(=O)C=2C=C(C)C=CC2OC)C(N)=O,1.002,O=S(=O)(c1ccccc1)N1CCCC1
XS841483b,CCOC(=O)C=1SC=2N=CN=C(C2C1C)N(C)C3CCN(C)C3=O,2.342,O=C1NCCC1Nc1ncnc2sccc12
XS840259b,O=S(=O)(C=1C(Cl)=CC=C(F)C1F)N2CCC(C2)C=3C=CON3,0.386,O=S(=O)(c1ccccc1)N1CCC(c2ccon2)C1
XS844472a,COC=1C=CC=CC1C(C)NC(=O)C(=O)NC=2C=NC3=CC=CC=C3C2,3.724,O=C(NCc1ccccc1)C(=O)Nc1cnc2ccccc2c1
XS844466a,NC(=O)C1CCN(C1)C(=O)C=2C=CC(=CC2)OC=3C=CC(F)=C(F)C3,2.442,O=C(c1ccc(Oc2ccccc2)cc1)N1CCCC1
XS841881b,CCOC=1C=CC=CC1C(=O)NCC(=O)N2CCC(C)C3(CCC3)C2,1.272,O=C(NCC(=O)N1CCCC2(CCC2)C1)c1ccccc1
XS844468a,COC=1C=C(C=CC1OCC(=O)NC(C)C=2C=CC(F)=CC2)C(=O)O,0.462,O=C(COc1ccccc1)NCc1ccccc1
XS388809b,CCCC(NC(=O)COC=1C=CC=2NC(=O)CCC2C1)C=3C=CC=CC3,1.484,O=C(COc1ccc2c(c1)CCC(=O)N2)NCc1ccccc1
XS422700b,CC=1C=CC=CC1C2CCN(C2)C(=O)C=3C=CC(=CC3)N4CCNC4=O,1.072,O=C(c1ccc(N2CCNC2=O)cc1)N1CCC(c2ccccc2)C1
XS844484a,COC=1C=CC=CC1N2CCN(CC2)C(=O)C(C)OC=3C=CC=C(C)C3,0.618,O=C(COc1ccccc1)N1CCN(c2ccccc2)CC1
XS844483a,CC1=C(C)N(C=2N=CN=C(C12)N3CCC(C3)N4CCCC4)C5CCCC5,1.224,c1nc(N2CCC(N3CCCC3)C2)c2ccn(C3CCCC3)c2n1
XS844489a,COC=1C=CC(=CC1F)C(=O)NC(C)C=2C=CC(=CC2)S(N)(=O)=O,0.85,O=C(NCc1ccccc1)c1ccccc1
XS844490a,CC(C=1C=CC(=CC1)N2C=NC=N2)N(C)C(=O)C=3C=CC=4OCOC4C3,16.494,O=C(NCc1ccc(-n2cncn2)cc1)c1ccc2c(c1)OCO2
XS844486a,CC=1C=CC(F)=C2NC(=CC12)C(=O)N3CCC3CNC(=O)C=4C=COC4,6.754,O=C(NCC1CCN1C(=O)c1cc2ccccc2[nH]1)c1ccoc1
XS839663b,CC1=CON=C1CN(CC2CCCC32CC3)C=4C=CC5=NC=CN=C5N4,0.464,c1cnc2nc(N(Cc3ccon3)CC3CCCC34CC4)ccc2n1
XS456735b,CC1(CCCC1)C(=O)N2CCC3(C2)CN(CC=4C=CC=CC4)C(=O)CO3,1.508,O=C1COC2(CCN(C(=O)C3CCCC3)C2)CN1Cc1ccccc1
XS844478a,CC(C)OC=1C=CC(=CC1)C(=O)OCC(=O)N2C=3C=CC=CC3CC2C,5.188,O=C(OCC(=O)N1CCc2ccccc21)c1ccccc1
XS844494a,CC=1OC(=NC1C(=O)OCC(=O)NC(C)C=2C=CC=CC2)C=3C=CC=CC3,1.66,O=C(COC(=O)c1coc(-c2ccccc2)n1)NCc1ccccc1
XS829492b,CC(=O)NC=1C=CC(=CC1)NC(=O)C(C)OC(=O)CC=2C=CC(F)=CC2,2.076,O=C(COC(=O)Cc1ccccc1)Nc1ccccc1
XS783173b,CC(C)C1=NC(=NN1C=2C=CC=C(F)C2)C(=O)NC3CCOC(C)(C)C3,0.614,O=C(NC1CCOCC1)c1ncn(-c2ccccc2)n1
XS838995b,CCC1=CNN=C1C(=O)N2CCC(CN(C)C(=O)CC3=CC=C(C)O3)C2,0.5,O=C(Cc1ccco1)NCC1CCN(C(=O)c2cc[nH]n2)C1
XS463055b,CC(NC(=O)C=1C=CC(=NC1)S(N)(=O)=O)C23CC4CC(CC(C4)C3)C2,1.576,O=C(NCC12CC3CC(CC(C3)C1)C2)c1cccnc1
XS172542b,CC1=NC=2C=CC(=CC2S1)NC(=O)C3CC(=O)N(C3)C=4C=CC(C)=CC4,18.006,O=C(Nc1ccc2ncsc2c1)C1CC(=O)N(c2ccccc2)C1
XS130641b,CCOC=1C=CC=CC1OCC(=O)N(C)C(C)C2=NC=3C=CC=CC3S2,1.502,O=C(COc1ccccc1)NCc1nc2ccccc2s1
XS844511a,O=C(NC1CCCC2=C1C=NN2CC=3C=CC=CC3)C=4C=CC(F)=C(F)C4,2.39,O=C(NC1CCCc2c1cnn2Cc1ccccc1)c1ccccc1
XS844513a,O=C(COC=1C=CC(=CC1)C(F)(F)F)NCC2COC=3C=CC=CC3O2,0.486,O=C(COc1ccccc1)NCC1COc2ccccc2O1
XS841967b,COC=1C=C(F)C(=CC1OC)C(C)NC(=O)N2CC3(CC3)C=4C=CC=CC42,1.078,O=C(NCc1ccccc1)N1CC2(CC2)c2ccccc21
XS838916b,COCN1N=CC=C1CN2CCNC(=O)C2C=3C=CC(=CC3)C(F)(F)F,1.538,O=C1NCCN(Cc2ccn[nH]2)C1c1ccccc1
XS844512a,COC=1C=CC=C(C1)CCC(=O)NC(CN2CCCC2=O)C=3C=CC=CC3,0.902,O=C(CCc1ccccc1)NC(CN1CCCC1=O)c1ccccc1
XS838808b,O=S1(=O)CC(C2=NC(=NO2)C=3C=CN=C(C3)N4CCCCC4)C5(CC5)C1,1.558,O=S1(=O)CC(c2nc(-c3ccnc(N4CCCCC4)c3)no2)C2(CC2)C1
XS844508a,CNC(=O)NC(=O)C(C)SC1=NN=C(COC=2C=CC=CC2Cl)O1,4.0,c1ccc(OCc2nnco2)cc1
XS839106b,CN1C(=O)N(CCCOC2CCOC2)C(=O)C=3C=CC(=NC31)C(F)(F)F,2.624,O=c1[nH]c2ncccc2c(=O)n1CCCOC1CCOC1
XS838710b,COC=1C=CC(C)=CC1NC(=O)C(C)N2C=C(CN3N=C(C)N=C3C)N=N2,0.424,O=C(Cn1cc(Cn2cncn2)nn1)Nc1ccccc1
XS844523a,CN(C(=O)C1CCCN(C1)C=2C=NC=CN2)C(C=3C=CC=CC3)C=4C=CC=CC4,1.542,O=C(NC(c1ccccc1)c1ccccc1)C1CCCN(c2cnccn2)C1
XS844525a,CCC=1C=CC=CC1NC(=O)CN(C)C(C)C(=O)NC=2C=CC=3OCOC3C2,1.882,O=C(CNCC(=O)Nc1ccc2c(c1)OCO2)Nc1ccccc1
XS844519a,COCC1=NC(=NO1)C2COCCN2C(=O)C3=CC=C(C=4C=CC=CC4)N3C,1.21,O=C(c1ccc(-c2ccccc2)[nH]1)N1CCOCC1c1ncon1
XS844529a,CCOC=1C=C2CC(C)OC2=C3NC(=CC13)C(=O)NC=4C=CC=NC4OCC,3.7,O=C(Nc1cccnc1)c1cc2ccc3c(c2[nH]1)OCC3
XS842338b,CC(NC(=O)C=1NN=C2C=C(C=CC12)OC(F)(F)F)C3CS(=O)(=O)C3,1.5,O=C(NCC1CS(=O)(=O)C1)c1[nH]nc2ccccc12
XS844515a,O=C(NC1CCCCCC1)C2CCCN(C2)S(=O)(=O)CC=3C=CC=CC3,4.62,O=C(NC1CCCCCC1)C1CCCN(S(=O)(=O)Cc2ccccc2)C1
XS844522a,O=C(NC1CCS(=O)(=O)C=2C=CC=CC21)C3(CCCC3)C=4C=CC(F)=CC4,0.886,O=C(NC1CCS(=O)(=O)c2ccccc21)C1(c2ccccc2)CCCC1
XS844521a,CC(NC(=O)CN1C(=NC=2C=CC=CC21)C3=CSC=N3)C=4C=CC(F)=CC4,0.614,O=C(Cn1c(-c2cscn2)nc2ccccc21)NCc1ccccc1
XS780004b,CC1(C)CN(C(=O)C=2C=CC(=CC2)CN3C(=O)CCC3=O)C1C=4C=CC=CC4,6.246,O=C1CCC(=O)N1Cc1ccc(C(=O)N2CCC2c2ccccc2)cc1
XS839111b,CC=1C=CC(=CC1)C2(C)CCN(C2)C(=O)NCC=3C=NN4C=CN(C)C(=O)C34,1.736,O=C(NCc1cnn2cc[nH]c(=O)c12)N1CCC(c2ccccc2)C1
XS844516a,COC=1C=CC=C(C1)NC(=O)CN(CC2=CC=CO2)C3CCS(=O)(=O)C3,0.926,O=C(CN(Cc1ccco1)C1CCS(=O)(=O)C1)Nc1ccccc1
XS842193b,CC=1C=CC=C(C1)C(NC(=O)C2CCN(CC2)C=3C=NC=CN3)C=4C=CC=CN4,7.19,O=C(NC(c1ccccc1)c1ccccn1)C1CCN(c2cnccn2)CC1
XS844517a,COC(=O)CC(NC(=O)C=1C=CC=C(C1)N2CCCC2=O)C=3C=CC(C)=CC3,1.156,O=C(NCc1ccccc1)c1cccc(N2CCCC2=O)c1
XS577962b,CCCN1N=CC(C(=O)NC2CCN(C2=O)C=3C=CC(Cl)=CC3)=C1C4CC4,14.458,O=C(NC1CCN(c2ccccc2)C1=O)c1cn[nH]c1C1CC1
XS838764b,O=C(CC=1C=CC=2OCCCOC2C1)NC3CC=4C=CC(=CC4C3)C=5N=NNN5,0.846,O=C(Cc1ccc2c(c1)OCCCO2)NC1Cc2ccc(-c3nn[nH]n3)cc2C1
XS844532a,COC=1C=CC=CC1C(NC(=O)CC2=CNC=3C=C(F)C=CC23)C=4C=CC=CN4,1.458,O=C(Cc1c[nH]c2ccccc12)NC(c1ccccc1)c1ccccn1
XS844533a,CCOC(=O)C1=C(CSC=2C=CC(F)=CC2)NC(=O)NC1C3=CC=CS3,1.212,O=C1NC(CSc2ccccc2)=CC(c2cccs2)N1
XS844530a,N#CC=1N=C(OC1NCC(C=2C=CC=CC2)N3CCOCC3)C=4C=CC=CC4F,0.848,c1ccc(-c2ncc(NCC(c3ccccc3)N3CCOCC3)o2)cc1
XS396124b,COC=1C=CC(=CC1)C2=CSC(=N2)NC(=O)C3CC(=O)N(CC4=CC=CO4)C3,7.266,O=C(Nc1nc(-c2ccccc2)cs1)C1CC(=O)N(Cc2ccco2)C1
XS722501b,NC(=O)C1=CN(CC(=O)NC(CC=2C=CC=CC2)C=3C=CC=CC3)C=4C=CC=CC14,1.018,O=C(Cn1ccc2ccccc21)NC(Cc1ccccc1)c1ccccc1
XS844542a,CCN1C(=NC=2C=CC=CC21)SCC(=O)N3C=4C=CC=CC4NC(=O)CC3C,2.906,O=C1CCN(C(=O)CSc2nc3ccccc3[nH]2)c2ccccc2N1
XS836894b,COC(=O)C=1C(Cl)=CC=C(NC(=O)NCC(C)(C)C2(O)CCOC2)C1F,1.556,O=C(NCCC1CCOC1)Nc1ccccc1
XS838283b,NS(=O)(=O)C=1C=CC(=CC1)CC2=CN=C(NC(=O)C3CCCC=4NN=CC43)S2,27.45,O=C(Nc1ncc(Cc2ccccc2)s1)C1CCCc2[nH]ncc21
XS841614b,CC(CNC(=O)C=1C=CC(=NC1)N2CCOCC3(CCC3)C2)C4=NC=5C=CC=CC5O4,1.778,O=C(NCCc1nc2ccccc2o1)c1ccc(N2CCOCC3(CCC3)C2)nc1
XS844550a,CC(OC=1C=CC(Br)=CC1)C(=O)NCC=2C=CC=C(C2)NC(=O)C3CC3,0.5,O=C(COc1ccccc1)NCc1cccc(NC(=O)C2CC2)c1
XS844544a,CC(C(=O)NC=1C=CC(F)=C(F)C1)N2CCN(CC2)S(=O)(=O)C3=CC=CS3,1.404,O=C(CN1CCN(S(=O)(=O)c2cccs2)CC1)Nc1ccccc1
XS844556a,CC1=C(NC(C(=O)N2CCCCC2)C=3C=CC=CC3)C(=O)N(C=4C=CC=CC4)N1C,0.77,O=C(C(Nc1c[nH]n(-c2ccccc2)c1=O)c1ccccc1)N1CCCCC1
MR043144c,CC(NC(=O)C1=CNN=C1C=2C=CC(Cl)=CC2)C=3C=CC=C(C3)NS(C)(=O)=O,0.424,O=C(NCc1ccccc1)c1c[nH]nc1-c1ccccc1
XS432184b,CS(=O)(=O)C=1C=CC(=CC1)C(=O)N2CCCC(C2)C3=NC=4C=CC=CC4S3,4.53,O=C(c1ccccc1)N1CCCC(c2nc3ccccc3s2)C1
XS844555a,CCCC(C)NC(=O)CN1CCN(CC1)S(=O)(=O)C=2C=CC=3OCCOC3C2,1.346,O=S(=O)(c1ccc2c(c1)OCCO2)N1CCNCC1
XS844573a,CC(=O)NC(CC=1C=CC=2OCOC2C1)C(=O)N3CCC(CC3)C(=O)N4CCCCCC4,2.69,O=C(CCc1ccc2c(c1)OCO2)N1CCC(C(=O)N2CCCCCC2)CC1
XS839316b,CC(C)C1=NOC=C1CN(C)C=2C(F)=CC=C3C(=O)N(C(=O)C23)C4CCC(=O)NC4=O,3.826,O=C1CCC(N2C(=O)c3cccc(NCc4cnoc4)c3C2=O)C(=O)N1
XS837766b,O=C(C=1N=COC1C=2C=CC=3OCCOC3C2)N4CCCC(C4)C5=NN=C6CCCCCN56,1.884,O=C(c1ncoc1-c1ccc2c(c1)OCCO2)N1CCCC(c2nnc3n2CCCCC3)C1
XS844563a,COCCC1=NSC(=N1)N2CCC(C2)(C3=NC(=NO3)C=4C=CC=CN4)C(F)(F)F,0.732,c1ccc(-c2noc(C3CCN(c4ncns4)C3)n2)nc1
XS844570a,CCOC=1C=CC=CC1N2CCN(CC(=O)NC(C)C=3C=CC(Br)=CC3)CC2,0.758,O=C(CN1CCN(c2ccccc2)CC1)NCc1ccccc1
XS844564a,CCOC=1C=C(C=CC1OCC(=O)N2CCOCC2)C(=O)N3CCCC3C4=NC=5C=CC=CC5S4,7.144,O=C(COc1ccc(C(=O)N2CCCC2c2nc3ccccc3s2)cc1)N1CCOCC1
XS844568a,O=S(=O)(C=1C=CC=2OCCCOC2C1)N3CCN(CC(O)COC=4C=CC=CC4)CC3,8.814,O=S(=O)(c1ccc2c(c1)OCCCO2)N1CCN(CCCOc2ccccc2)CC1
XS844559a,CCOC=1C=CC(=CC1)S(=O)(=O)N2CCN(CC2)C(C)C(=O)NC3CCCCCC3,1.212,O=C(CN1CCN(S(=O)(=O)c2ccccc2)CC1)NC1CCCCCC1
XS844844a,CC(CC1=CC=CO1)NC(=O)C=2C=CC(O)=NC2,0.408,O=C(NCCc1ccco1)c1cccnc1
XS844845a,O=C(NC=1C=NNC1)C2COC=3C=CC=CC3O2,1.02,O=C(Nc1cn[nH]c1)C1COc2ccccc2O1
XS842123b,NC(C1=NNC(=N1)C2=CC=CS2)C(F)(F)F,4.232,c1csc(-c2ncn[nH]2)c1
XS840558b,CC1CSC=2C=CC(Cl)=CC2NC1=O,0.798,O=C1CCSc2ccccc2N1
XS839712b,CC(C)N(C)S(=O)(=O)NCC1CCCO1,0.498,C1CCOC1
XS837568b,CN1C=CC=C(OC2CCC3(CCC3)C2)C1=O,0.4,O=c1[nH]cccc1OC1CCC2(CCC2)C1
XS844860a,CC(CN1C=CC=N1)NC(=O)NCC2=CC=CS2,1.376,O=C(NCCn1cccn1)NCc1cccs1
XS844855a,CN(CC=1C=CC(=CC1)C(N)=O)C(=O)CC2C=CCC2,0.46,O=C(CC1C=CCC1)NCc1ccccc1
XS841038b,CCN(CC(C)C#N)C(=O)CN1N=CSC1=O,1.414,O=c1[nH]ncs1
XS844856a,CCCCNC(=O)CS(=O)CC=1C=CC=C(C)C1,1.188,c1ccccc1
XS717280b,CC(SC1=NC=C(O1)C=2C=CC(F)=CC2)C(N)=O,5.426,c1ccc(-c2cnco2)cc1
XS844850a,CC1C2=CC=CN2CCN1C(=O)NC=3C=CC=NC3,0.564,O=C(Nc1cccnc1)N1CCn2cccc2C1
XS842561b,O=C(NCC1CCCC21CC2)C=3N=CN=C4NC=NC34,1.152,O=C(NCC1CCCC12CC2)c1ncnc2[nH]cnc12
XS844854a,CCOC=1C=CC(=CC1)C(=O)NC(C)C=2C=CN=CC2,0.814,O=C(NCc1ccncc1)c1ccccc1
XS844852a,CC=1C=CC(=NC1)NC(=O)C2CC=3C=CC=CC3S2,1.808,O=C(Nc1ccccn1)C1Cc2ccccc2S1
XS844858a,CC1CCCCN1S(=O)(=O)NCC=2C=CC=CC2,1.19,O=S(=O)(NCc1ccccc1)N1CCCCC1
XS844863a,O=C(O)C1CCCN(C1)C2=NC=3C=CC=CC3S2,0.482,c1ccc2sc(N3CCCCC3)nc2c1
XS645014b,O=C(O)C1CC(=O)N(CC2=CSC=3C=CC=CC23)C1,1.266,O=C1CCCN1Cc1csc2ccccc12
XS844874a,CC=1C=NC(=CN1)C(=O)NCC(C)N(C)C=2C=CC=CC2,2.972,O=C(NCCNc1ccccc1)c1cnccn1
XS587833b,O=C(C=1C=COC1)N2CCCC(O)(CN3C=CN=N3)C2,1.944,O=C(c1ccoc1)N1CCCC(Cn2ccnn2)C1
XS844864a,CCC1=CC=C(O1)C(=O)N2CCCC(C2)C3=CC=NN3,0.306,O=C(c1ccco1)N1CCCC(c2ccn[nH]2)C1
XS837672b,O=C(NC1=NC(=NS1)C2CC2)C3CC=4C=CN=CC4C3,2.578,O=C(Nc1nc(C2CC2)ns1)C1Cc2ccncc2C1
XS838005b,CCC(C)C=1C=C(ON1)C(=O)N2CCC=3NN=CC3C2,0.87,O=C(c1ccno1)N1CCc2[nH]ncc2C1
XS844866a,O=C(CN1C=CC=N1)NCC2COC=3C=CC=CC3O2,1.75,O=C(Cn1cccn1)NCC1COc2ccccc2O1
XS842232b,CC1C(=O)N(C)CN1S(=O)(=O)CC2CC3(CCC3)C2,2.84,O=C1CN(S(=O)(=O)CC2CC3(CCC3)C2)CN1
XS844875a,O=C(C=1C=CC=NC1)N2CCCCC2C=3C=CC(O)=NC3,1.498,O=C(c1cccnc1)N1CCCCC1c1cccnc1
XS841791b,CCOC=1C=C(N=CN1)N2CCS(=O)(=O)CC(C)C2,3.054,O=S1(=O)CCCN(c2ccncn2)CC1
XS841741b,NCC1CC=2C=C(F)C=CC2N(C1)C(=O)C3=CN=CS3,1.206,O=C(c1cncs1)N1CCCc2ccccc21
XS742046b,COC=1C=CC(=CC1)CC(=O)N2CCCC(O)(C2)C(N)=O,1.182,O=C(Cc1ccccc1)N1CCCCC1
XS844884a,CN(C(=O)COC1CCCC1)C2CCCC=3C=CC=CC32,1.544,O=C(COC1CCCC1)NC1CCCc2ccccc21
XS840676b,COC=1C=C(C#N)C=CC1OCC(=O)N(C)CC(C)C#N,1.474,c1ccccc1
XS838543b,COC=1C=CC(=CC1C)C2CCCN(C2)C3=NC=NN3C,0.57,c1ccc(C2CCCN(c3ncn[nH]3)C2)cc1
XS844886a,COC=1C=CC(=CC1)C=2CC(C=3C=CC=CC3)N(N2)C(C)=O,3.346,c1ccc(C2=NNC(c3ccccc3)C2)cc1
XS842142b,CC1CN(CC2(CCC2)O1)C3=NC=C(S3)C(F)(F)F,2.444,c1csc(N2CCOC3(CCC3)C2)n1
XS844885a,CC(NC(=O)C=1C=CC=NC1)C=2C=CC=3NC(=O)CCC3C2,0.874,O=C1CCc2cc(CNC(=O)c3cccnc3)ccc2N1
XS844882a,CN(C(=O)C=1C=CC=C2C=NNC12)C3CCS(=O)(=O)C3,1.818,O=C(NC1CCS(=O)(=O)C1)c1cccc2cn[nH]c12
XS828778b,CN1C=C(C=N1)CC(=O)N2CCCC(C2)C3=NC=CS3,2.358,O=C(Cc1cn[nH]c1)N1CCCC(c2nccs2)C1
XS840086b,CC1=CC(CC(C)NC=2N=CC=C(N2)C=3C=NC=CN3)=NN1,0.48,c1cnc(-c2ccnc(NCCc3cc[nH]n3)n2)cn1
XS844878a,CC1=CSC(=N1)C2CCCCN2C(=O)C3=CC=CN3C,0.582,O=C(c1ccc[nH]1)N1CCCCC1c1nccs1
XS844880a,CC=1C=NN(C1)C2CCCN(C2)C(=O)C=3OC=C(C)C3C,0.848,O=C(c1ccco1)N1CCCC(n2cccn2)C1
XS840403b,CC=1C=CC(C(=O)NNC(C(N)=O)C=2C=CC=CC2)=C(C)C1,0.554,O=C(NNCc1ccccc1)c1ccccc1
XS842654b,CN(C(=O)N1CCCCC1(C)C(N)=O)C=2C=CC(F)=CC2,0.422,O=C(Nc1ccccc1)N1CCCCC1
XS842076b,CC1=NN=C(S1)C(C)S(=O)(=O)C=2C=CC(C)=C(C)C2,0.614,O=S(=O)(Cc1nncs1)c1ccccc1
XS438879b,O=S1(=O)CCC(C1)N2N=NN=C2C=3C=CC(Cl)=CC3,4.848,O=S1(=O)CCC(n2nnnc2-c2ccccc2)C1
XS724871b,CCC=1C=CC(=CC1)C2CCN(C2)C(=O)CC=3C=C(C)ON3,1.832,O=C(Cc1ccon1)N1CCC(c2ccccc2)C1
XS837285b,C#CC=1C=CC=C(C1)C(=O)NC2(CCCOC2)C=3C=CC=CC3,1.254,O=C(NC1(c2ccccc2)CCCOC1)c1ccccc1
XS663162b,O=C(NC=1C=CC(=NC1)OC=2C=CC=CC2)C3CCCOC3,11.914,O=C(Nc1ccc(Oc2ccccc2)nc1)C1CCCOC1
XS844896a,CC=1C=CC=NC1NC(=O)C2CC(=NO2)C=3C=CC=C(F)C3,11.74,O=C(Nc1ccccn1)C1CC(c2ccccc2)=NO1
XS838043b,CC(NC(=O)C=1N=NN(C)C1C(F)(F)F)C2=CSC=N2,0.48,O=C(NCc1cscn1)c1c[nH]nn1
XS844890a,COC=1C=CC(=CC1)C2CCCN2C(=O)C=3CCC(=O)NN3,2.28,O=C1CCC(C(=O)N2CCCC2c2ccccc2)=NN1
XS844889a,COC=1C=CC(=CC1F)C(C)NC(=O)NCC=2C=CC=CC2,0.592,O=C(NCc1ccccc1)NCc1ccccc1
XS656675b,CC1=NOC(CC2(O)CCCN(CC=3C=CN=CC3F)C2)=N1,0.486,c1cc(CN2CCCC(Cc3ncno3)C2)ccn1
XS838389c,O=C(O)C1CC=2C=C(C=NC2C1)C3=CSC(=C3)C(F)(F)F,3.79,c1cc(-c2cnc3c(c2)CCC3)cs1
XS838406b,CCCN1N=CN=C1CS(=O)(=O)CC2CCC(F)(F)C2,0.748,O=S(=O)(Cc1ncn[nH]1)CC1CCCC1
XS842632b,CC(OC(=O)C=1C=CC=C2N=NNC12)C(=O)NC=3N=CC=CN3,10.902,O=C(COC(=O)c1cccc2nn[nH]c12)Nc1ncccn1
XS844908a,COC=1C=CC(=CC1)C(NC(=O)C=2C=CN(C)C(=O)C2)C3CC3,0.98,O=C(NC(c1ccccc1)C1CC1)c1cc[nH]c(=O)c1
XS844901a,CN(CC1CCCN1C=2C=CC=NN2)C=3N=CN=C4CCCC34,0.466,c1cnnc(N2CCCC2CNc2ncnc3c2CCC3)c1
XS844909a,CC1=CN=C(NC(=O)C2CC(=O)N(CC(F)(F)F)C2)S1,7.738,O=C1CC(C(=O)Nc2nccs2)CN1
XS844923a,O=C(NCCC=1C=CC=CC1F)C2CCCN(C2)C(=O)C3CC3,0.44,O=C(NCCc1ccccc1)C1CCCN(C(=O)C2CC2)C1
XS844921a,CC=1C=NC2=C(C=CC=C2C1)S(=O)(=O)NCCC3CCCO3,0.346,O=S(=O)(NCCC1CCCO1)c1cccc2cccnc12
XS593212b,CCN(C)C(=O)C(C)NC(=O)CC1=CNC=2C=CC(=CC12)OC,10.87,c1ccc2[nH]ccc2c1
XS844916a,CN1CCN(C(=O)C2=CC=3C=CC=CC3N2)C(C1)C=4C=CC=CC4,0.968,O=C(c1cc2ccccc2[nH]1)N1CCNCC1c1ccccc1
XS837989b,CC=1C=CC(=NN1)N2CCCC(C2)NC=3N=CN=C(N)C3Cl,1.55,c1cnnc(N2CCCC(Nc3ccncn3)C2)c1
XS844920a,CC(NC(=O)C1(CC1)C(=O)O)C=2C=CC(=CC2)SC(F)F,0.69,O=C(NCc1ccccc1)C1CC1
XS398425b,COC=1C=CC=CC1NC(=O)C(C)OC(=O)C=2C(C)=NOC2C,0.792,O=C(COC(=O)c1cnoc1)Nc1ccccc1
XS581950b,CN1C(=O)C=CN(CC(=O)N2CCCC(C2)N3C=CC=N3)C1=O,2.07,O=C(Cn1ccc(=O)[nH]c1=O)N1CCCC(n2cccn2)C1
XS714865b,CC1(C)CC(CCO1)NC(=O)NC=2C=NN(C2)CC(F)(F)F,1.126,O=C(Nc1cn[nH]c1)NC1CCOCC1
XS840466b,CC=1C=C(C)C(NC(=O)C(C)OC(=O)C2=COCCO2)=C(C)C1,2.012,O=C(COC(=O)C1=COCCO1)Nc1ccccc1
XS840185b,O=C(NCC1(CO)CCOCC1)NC2CSC=3C=CC=CC32,1.15,O=C(NCC1CCOCC1)NC1CSc2ccccc21
XS844925a,CCC=1N=C(CCNC(=O)C2CC(=O)N(C2)C3CC3)SC1C,3.956,O=C(NCCc1nccs1)C1CC(=O)N(C2CC2)C1
XS825855b,COC=1C=CC(=CC1)CNC(=O)CC2OC=3C=CC=CC3NC2=O,0.478,O=C(CC1Oc2ccccc2NC1=O)NCc1ccccc1
XS844930a,CCCC(C)NC(=O)CSCC1=CSC(=N1)C2=CC=CO2,0.576,c1coc(-c2nccs2)c1
XS844932a,COC=1N=CC=CC1NC(=O)CCC2CC=3C=CC=CC3NC2=O,3.896,O=C(CCC1Cc2ccccc2NC1=O)Nc1cccnc1
XS844937a,CC(C)C(C(=O)NCCOC=1C=CC(F)=CC1)N2CCCC2=O,1.59,O=C(CN1CCCC1=O)NCCOc1ccccc1
XS844936a,CC1=NOC(=N1)C(C)NS(=O)(=O)C=2C=CC(=CC2)C(C)(C)C,2.594,O=S(=O)(NCc1ncno1)c1ccccc1
XS841111b,CC(CNC(=O)C1=CC=2C=CC=CC2C(=O)N1C)S(=O)(=O)F,10.562,O=c1[nH]ccc2ccccc12
XS844933a,CCNC(=O)NC(=O)C(C)NC=1C=C(OC)C(OC)=C(C1)OC,0.892,c1ccccc1
XS840383b,CC(=O)N1N=C(CC1C=2C=CC=C3C=CC=NC23)C4=CC=CS4,3.83,c1csc(C2=NNC(c3cccc4cccnc34)C2)c1
XS844928a,N#CC=1C=CN=C(C1)NCC=2C=CC=C(C2)COCC3CCCO3,0.614,c1ccc(NCc2cccc(COCC3CCCO3)c2)nc1
XS676099b,O=C(C1=CNC=2C=C(Cl)C=CC12)N3CCCC(C3)N4C=CC=N4,1.74,O=C(c1c[nH]c2ccccc12)N1CCCC(n2cccn2)C1
XS839033b,CCN1CCCC(C1=O)N2C=C(N=N2)C3=C4CCCCC4=NN3C,5.048,O=C1NCCCC1n1cc(-c2[nH]nc3c2CCCC3)nn1
XS844939a,CCCCOC=1C=CC(=CC1)C(=O)N2CCCC(C2)N3C=NC=N3,1.752,O=C(c1ccccc1)N1CCCC(n2cncn2)C1
XS844938a,COC1=CC(=CC(OC)=C1C)C(=O)N2CCCC(C2)N3C=NC=N3,1.036,O=C(c1ccccc1)N1CCCC(n2cncn2)C1
XS841875b,CC(C(=O)NC=1N=CN(CC=2C=CC(Cl)=CC2)N1)N3C=NC=N3,2.038,O=C(Cn1cncn1)Nc1ncn(Cc2ccccc2)n1
XS680227b,C1=CN(CC2CCCCN2CC3=NC(=NO3)C=4C=CSC4)N=C1,1.54,c1cnn(CC2CCCCN2Cc2nc(-c3ccsc3)no2)c1
XS559839b,CCC(=O)N1CCCCC1C(=O)N2CCN(C)C=3C=CC=CC3C2,2.966,O=C(C1CCCCN1)N1CCNc2ccccc2C1
XS839676b,O=C1OC(CN2C=NC=3C=CSC3C2=O)CN1C=4C=CC=CC4,6.464,O=C1OC(Cn2cnc3ccsc3c2=O)CN1c1ccccc1
XS756934b,CCC=1C=CC(=CC1)OCC(=O)NC(C(=O)NC)C=2C=CC=CC2,5.044,O=C(COc1ccccc1)NCc1ccccc1
XS761145b,NC(=O)CC1(O)CCCN(C1)C(=O)C2(CCC2)C=3C=CC=C(F)C3,0.734,O=C(N1CCCCC1)C1(c2ccccc2)CCC1
XS789715b,O=C(NC=1C=CC=C(Br)C1)C2COC=3C=CC=CC3O2,2.966,O=C(Nc1ccccc1)C1COc2ccccc2O1
XS586888b,CN1N=NC=C1CC(=O)NC2CCN(C2=O)C=3C=CC=CC3Cl,1.3,O=C(Cc1cnn[nH]1)NC1CCN(c2ccccc2)C1=O
XS678138b,CC=1N=C(CN2CC(=O)N(C)C(C)C2)OC1C=3C=CC(Cl)=CC3,2.824,O=C1CN(Cc2ncc(-c3ccccc3)o2)CCN1
XS836912b,CC1CS(=O)(=O)CCN1C(=O)C=2C=CC=C(C2N)C(F)(F)F,0.668,O=C(c1ccccc1)N1CCS(=O)(=O)CC1
XS844948a,COC=1C=CC(=CC1OC)C(=O)NC(C2=NC=C(C)S2)C3CC3,0.808,O=C(NC(c1nccs1)C1CC1)c1ccccc1
XS842623b,CC(NCC=1C=C2OCOC2=CC1[N+]([O-])=O)C=3C=CC=C(Cl)C3,2.294,c1ccc(CNCc2ccc3c(c2)OCO3)cc1
XS844947a,O=C(CCOC=1C=CC=CC1F)N2CCCCC2C3=NC=CS3,8.362,O=C(CCOc1ccccc1)N1CCCCC1c1nccs1
XS548574b,O=C(CN1CCNC(=O)C1)NC(C=2C=CC(F)=CC2)C3CCCC3,0.404,O=C1CN(CC(=O)NC(c2ccccc2)C2CCCC2)CCN1
XS844952a,O=C(NCCC1=CNC=2C=CC=CC12)C3CC(=NO3)C=4C=CN=CC4,10.598,O=C(NCCc1c[nH]c2ccccc12)C1CC(c2ccncc2)=NO1
XS844955a,CC=1C=CC=2N=CN(CC(=O)N3C=4C=CC=CC4CC3C)C(=O)C2C1,6.316,O=C(Cn1cnc2ccccc2c1=O)N1CCc2ccccc21
XS844954a,COC=1C=CC=CC1C2=CC(=NO2)C(=O)N(C)C(C)C=3C=CC=CC3,6.042,O=C(NCc1ccccc1)c1cc(-c2ccccc2)on1
XS805022b,COC=1C=CC(Cl)=CC1C(=O)N2CCCC(C2)C3=NC(C)=NO3,1.868,O=C(c1ccccc1)N1CCCC(c2ncno2)C1
XS844951a,CC(C)OC=1C=CC(=CC1)C(=O)OCC(=O)NC(C)(C#N)C(C)C,0.67,c1ccccc1
XS776371b,CC1=NC(=NN1)C2CCCCN2C(=O)CC=3C=CC(F)=CC3Cl,0.402,O=C(Cc1ccccc1)N1CCCCC1c1nc[nH]n1
XS844945a,CC1=C(C=NN1C=2C=CC=CC2)C(=O)N3CCCC(C3)N4C=CC=N4,5.67,O=C(c1cnn(-c2ccccc2)c1)N1CCCC(n2cccn2)C1
XS844946a,CCC1=NC(=CS1)CC(=O)N2CCCC(C2)N3N=C(C)N=C3C,1.396,O=C(Cc1cscn1)N1CCCC(n2cncn2)C1
XS750754b,CC(=O)NC1(CCN(C1)C=2N=CC(C)=C(C)N2)C3=NC(C)=CS3,0.426,c1cnc(N2CCC(c3nccs3)C2)nc1
XS842631b,NC(=O)C1CC(=NN1C=2C=CC=CC2)C3=NC(=NO3)C=4C=CSC4,5.4,c1ccc(N2CCC(c3nc(-c4ccsc4)no3)=N2)cc1
XS744912b,O=C(C=1C=CC(=NN1)N2CCCC2)N3CCCC3CC=4C=CC=CC4,3.386,O=C(c1ccc(N2CCCC2)nn1)N1CCCC1Cc1ccccc1
XS837233b,CC1(CN(C1)C(=O)NC2CC=CCC2)C3=NN=C(O3)C=4C=CC=NC4,0.826,O=C(NC1CC=CCC1)N1CC(c2nnc(-c3cccnc3)o2)C1
XS844957a,CCCOCC(=O)NC(C)C=1C=C(F)C=CC1N2CCC(O)CC2,0.446,c1ccc(N2CCCCC2)cc1
XS844956a,COCC1=C(OC=2C=CC=CC12)C(=O)N3CCCC(C3)N4C=CC=N4,0.462,O=C(c1cc2ccccc2o1)N1CCCC(n2cccn2)C1
XS840436b,CC(NC(=O)C=1C=COC1)C(=O)NC=2C=CC=C(C2)C3=NN=CN3C,0.388,O=C(CNC(=O)c1ccoc1)Nc1cccc(-c2nnc[nH]2)c1
XS628803b,CC(NC(=O)CCC=1C=CC=2OCOC2C1)C3=NN=C4C=CC=CN34,0.766,O=C(CCc1ccc2c(c1)OCO2)NCc1nnc2ccccn12
XS822867b,O=C(CCN1C(=O)OC=2C=CC=CC21)N3CCCC(C3)C4=CC=NN4,11.994,O=C(CCn1c(=O)oc2ccccc21)N1CCCC(c2ccn[nH]2)C1
XS813226b,CN1C=C(C=N1)C2CCCN2C(=O)C3=CN=C(S3)C=4N=CC=CN4,14.078,O=C(c1cnc(-c2ncccn2)s1)N1CCCC1c1cn[nH]c1
XS841775b,O=S(=O)(CC=1C=CC(Cl)=CC1N2C=NC=N2)C3CCCOC3,3.228,O=S(=O)(Cc1ccccc1-n1cncn1)C1CCCOC1
MR042915c,O=C1C(CCN1CC(F)(F)F)N2C(=O)SC=3C=CC=CC3C2=O,3.25,O=C1NCCC1n1c(=O)sc2ccccc2c1=O
XS840382b,COC(=O)C1=C(C)NC(=O)NC1C=2C=C(Br)C=CC2F,0.65,O=C1NC=CC(c2ccccc2)N1
XS705606b,CC=1C=CC=CC1C2(CCC2)C(=O)N3CCCC(C3)N4CCNC4=O,1.036,O=C1NCCN1C1CCCN(C(=O)C2(c3ccccc3)CCC2)C1
XS844971a,C=1C=CC(=CC1)C2=NN=C(O2)C3CCC4=NN=C(C=5C=CC=CC5)N4C3,7.314,c1ccc(-c2nnc(C3CCc4nnc(-c5ccccc5)n4C3)o2)cc1
XS841284b,COC=1C=C(ON1)C(=O)NC(C)C=2C=CC(=C(F)C2)N3C=CN=C3C,2.624,O=C(NCc1ccc(-n2ccnc2)cc1)c1ccno1
XS599228b,CCC1=C(C=NN1C(C)(C)C)C(=O)N2CCC(C2)NC=3C=CC=CC3,0.632,O=C(c1cn[nH]c1)N1CCC(Nc2ccccc2)C1
XS844967a,CC(NC(=O)NCCCN1C=CC=N1)C=2C=CC=3OCC(=O)NC3C2,1.806,O=C1COc2ccc(CNC(=O)NCCCn3cccn3)cc2N1
XS844974a,COC=1C=CC=C2C(C)=C(OC12)C(=O)N3CCCC(CO)(C3)C(C)C,2.724,O=C(c1cc2ccccc2o1)N1CCCCC1
XS745907b,FC=1C=CC=CC1C2=NN=C3C=CC(=NN23)N4CCOC(C4)C(F)F,0.438,c1ccc(-c2nnc3ccc(N4CCOCC4)nn23)cc1
XS844976a,CNC(=O)C1CCCCN1C(=O)C=2SC=3N=C(C)C=C(C)C3C2C,0.518,O=C(c1cc2cccnc2s1)N1CCCCC1
XS557394b,CCN1CC(CC1=O)C2=NC(=NO2)C=3SC=4C=CC=CC4C3Cl,5.964,O=C1CC(c2nc(-c3cc4ccccc4s3)no2)CN1
XS844975a,COCC1=C(OC=2C=CC=CC12)C(=O)NC(C)C=3C=CC(F)=C(F)C3,0.654,O=C(NCc1ccccc1)c1cc2ccccc2o1
XS838817b,CCN(CC(C)C#N)C(=O)CN1C=NC=2C=C(F)C(=CC2C1=O)OC,6.322,O=c1[nH]cnc2ccccc12
XS838870b,CC1C=2C=CC=C(Br)C2CCN1CC(=O)NC=3C=CON3,1.402,O=C(CN1CCc2ccccc2C1)Nc1ccon1
XS840763b,COC=1C=CC(=CC1)C(C)C(=O)N(C)C=2C=CC(Br)=CN2,4.142,O=C(Cc1ccccc1)Nc1ccccn1
XS703595b,CCS(=O)(=O)C=1C=CC(=CC1)C(=O)N2CCCC2CN3C=CC=N3,0.612,O=C(c1ccccc1)N1CCCC1Cn1cccn1
XS712338b,NC(=O)C1CCCN(C1)C(=O)C=2C=NN(C2)CC=3C=CC=CC3Cl,1.4,O=C(c1cnn(Cc2ccccc2)c1)N1CCCCC1
XS554642b,O=C(CCC=1C=CC(Cl)=CC1)N2CCCC(O)(CN3C=CN=N3)C2,0.596,O=C(CCc1ccccc1)N1CCCC(Cn2ccnn2)C1
XS837152b,CC(NC=1C=CC=2NC(=O)CCCC2C1)C3=NN=NN3C=4C=CC=CC4,0.574,O=C1CCCc2cc(NCc3nnnn3-c3ccccc3)ccc2N1
XS844983a,CC1=NC(=CS1)CC2=NN=C(O2)SCC(=O)N3CCCCC3C,1.39,O=C(CSc1nnc(Cc2cscn2)o1)N1CCCCC1
XS838392b,CC(NC=1C=C(Br)C=2OCCCOC2C1)C3=NC=CS3,0.728,c1csc(CNc2ccc3c(c2)OCCCO3)n1
XS840322b,COC(=O)C=1C=CC(=NN1)N2CC3(CCC(F)(F)CC3)C2C(=O)OC,16.098,c1cnnc(N2CC3(CCCCC3)C2)c1
XS841386b,CN1CC(CNC1=O)OC(=O)CC2C=3C=CC=CC3OC=4C=CC=CC42,0.862,O=C1NCC(OC(=O)CC2c3ccccc3Oc3ccccc32)CN1
XS844980a,CC=1NC(C(=O)N2CCNC(=O)C2C(C)C)=C(C)C1C(=O)OC(C)C,1.418,O=C1CN(C(=O)c2ccc[nH]2)CCN1
XS844987a,COC(=O)C1=C(C)N(C)C(=O)N(C)C1C2=CC(=CS2)C=3C=CC=CC3,0.956,O=C1NC=CC(c2cc(-c3ccccc3)cs2)N1
XS550873b,O=C(C=1C=C(NN1)C2=CC=CO2)N3CCC(C(F)(F)F)C4(CCC4)C3,1.848,O=C(c1cc(-c2ccco2)[nH]n1)N1CCCC2(CCC2)C1
XS844988a,COC=1C=CC(CCC(=O)NC2CCC=3C=CC=CC32)=C(OC)C1OC,0.384,O=C(CCc1ccccc1)NC1CCc2ccccc21
XS577261b,CCC1=CC=C(O1)C2CCCCCN2C(=O)C3=CC=NN3CC(F)F,0.596,O=C(c1ccn[nH]1)N1CCCCCC1c1ccco1
XS839541b,FC(F)(F)C1(CCN(C1)C=2C=CC=CN2)C3=NC(CN4C=NC=N4)=NO3,0.426,c1ccc(N2CCC(c3nc(Cn4cncn4)no3)C2)nc1
XS621776b,O=C(NCC1CCN(CC(F)(F)F)C1)C2=CSC(=N2)C=3C=COC3,0.676,O=C(NCC1CCNC1)c1csc(-c2ccoc2)n1
XS844996a,CCN(CC)C(=O)N1CCCC(C1)C(=O)NCCC=2C=CC(Cl)=CC2,0.384,O=C(NCCc1ccccc1)C1CCCNC1
XS175995d,CCCC(=O)N1CCN(CC1)C(C)C2=NC(=NO2)C=3C=CC(Cl)=CC3,3.776,c1ccc(-c2noc(CN3CCNCC3)n2)cc1
XS838766b,CC(NC=1C=NN(C1)CCN2CCOC2=O)C3=CC(=NN3)C(F)(F)F,0.524,O=C1OCCN1CCn1cc(NCc2ccn[nH]2)cn1
XS840561b,COC(=O)C(CC=1C=CC(F)=CC1)NC=2C=CC(=CC2)NS(C)(=O)=O,1.326,c1ccc(CCNc2ccccc2)cc1
XS844997a,CCNC(=O)NC(=O)CN1CCN(CC1)C(=O)CC(C)C=2C=CC=CC2,3.674,O=C(CCc1ccccc1)N1CCNCC1
XS842136b,CC=1C=C(C(=O)OCC2=CC(=O)N(C)C(=O)N2C)C=3NCCC(C)C3C1,4.37,O=C(OCc1cc(=O)[nH]c(=O)[nH]1)c1cccc2c1NCCC2
XS840878b,CC=1C=C(N(C)N1)N2CCC(C2)NC(=O)N3CC=4N=CC=C(Cl)C4C3,13.766,O=C(NC1CCN(c2ccn[nH]2)C1)N1Cc2cccnc2C1
XS844999a,CC1=NC(=CS1)COC=2C=CC(=CC2)C(=O)OC(C)C(=O)NC3CC3,2.33,O=C(COC(=O)c1ccc(OCc2cscn2)cc1)NC1CC1
XS845008a,CN1N=CC2=C1CCN(C2C(=O)N3CCOCC4(CC4)C3)S(C)(=O)=O,1.15,O=C(C1NCCc2[nH]ncc21)N1CCOCC2(CC2)C1
XS845015a,O=C(NC=1C=CC=2OC(F)(F)OC2C1)C3CC(=O)N(CC=4C=CC=CC4)C3,8.344,O=C(Nc1ccc2c(c1)OCO2)C1CC(=O)N(Cc2ccccc2)C1
XS845005a,COC=1C=CC(=CC1F)C(C)NC(=O)C=2SC=3N=C(C)N=C(C)C3C2C,2.276,O=C(NCc1ccccc1)c1cc2cncnc2s1
XS845004a,CC=1C=CC(=CC1)CC2=NC(=CS2)C(=O)NC3CCOC4(CCCC4)C3,0.902,O=C(NC1CCOC2(CCCC2)C1)c1csc(Cc2ccccc2)n1
XS845007a,O=C(NC1CS(=O)(=O)CC=2C=CC=CC21)C=3C=CC(=NC3)C(F)(F)F,4.3,O=C(NC1CS(=O)(=O)Cc2ccccc21)c1cccnc1
XS845011a,CCC=1C=CC(=CC1)C(C)NC(=O)CN(C)CC(=O)NC=2C=CC=C(F)C2,0.576,O=C(CNCC(=O)Nc1ccccc1)NCc1ccccc1
XS809992b,CC=1C=CC=C(NC=2C=CC=CC2C(=O)N(C)C3CCS(=O)(=O)C3)C1C,1.226,O=C(NC1CCS(=O)(=O)C1)c1ccccc1Nc1ccccc1
XS845009a,CC=1C=CC(=CC1)OCC(O)CN2C(=O)C=3C=4CCCC4SC3N=C2C,9.022,O=c1c2c3c(sc2ncn1CCCOc1ccccc1)CCC3
XS840918b,CC1CN(CCN1C=2C=CC(=CC2)C(F)(F)F)C(=O)C=3C=COC3CN,1.726,O=C(c1ccoc1)N1CCN(c2ccccc2)CC1
XS841896b,CC(=O)N1CCCC(C1)C2=NC(=CS2)CN3C(=O)C=4C=CC=CC4C3=O,2.2,O=C1c2ccccc2C(=O)N1Cc1csc(C2CCCNC2)n1
XS845010a,COC=1C=CC(Cl)=CC1CS(=O)(=O)CC(=O)NC(C)CCC(C)C,0.538,c1ccccc1
XS741490b,CC1=NN(CC(=O)NC2CCC(C)(C)C=3C=CC=CC32)C(=O)C=4C=CC=CC14,2.408,O=C(Cn1ncc2ccccc2c1=O)NC1CCCc2ccccc21
XS845013a,O=C(CN1C=CC=NC1=O)NC(C=2C=CC(Br)=CC2)C3CCC3,1.92,O=C(Cn1cccnc1=O)NC(c1ccccc1)C1CCC1
XS845018a,CC1(C)C(=O)NCCN1C(=O)C2CCCN(C2)C(=O)CCOC=3C=CC=CC3,1.342,O=C1CN(C(=O)C2CCCN(C(=O)CCOc3ccccc3)C2)CCN1
XS845023a,COC=1C=CC=2N=C(NC(=O)C3CC(=O)N(CC=4C=CC=CC4)C3)SC2C1,4.486,O=C(Nc1nc2ccccc2s1)C1CC(=O)N(Cc2ccccc2)C1
XS845016a,N#CC(CC=1C=CC=CC1)NC(=O)C=2C=CC=C(C2)N3N=CC=C3C(F)(F)F,0.538,O=C(NCCc1ccccc1)c1cccc(-n2cccn2)c1
XS752918b,O=C(CN1CCCC=2C=CC=CC21)N(C3CCCC3)C4CCS(=O)(=O)C4,0.98,O=C(CN1CCCc2ccccc21)N(C1CCCC1)C1CCS(=O)(=O)C1
XS845030a,COC=1C=CC(Cl)=CC1NC(=O)C(C)NC=2C=CC3=C(C2)CCN3C(C)=O,2.442,O=C(CNc1ccc2c(c1)CCN2)Nc1ccccc1
XS845027a,O=C1C=2C=CC(=CC2CN1C3CCC(=O)NC3=O)C=4C=NC=5OCCNC5C4,27.234,O=C1CCC(N2Cc3cc(-c4cnc5c(c4)NCCO5)ccc3C2=O)C(=O)N1
XS147555b,COC=1C=CC(=C(C1)OC)C2CCCN2C(=O)C=3C=CC(=CC3)N4C=CC=N4,5.946,O=C(c1ccc(-n2cccn2)cc1)N1CCCC1c1ccccc1
XS845020a,CC=1C=C(SC1C)S(=O)(=O)N2CCN(C)C(C2)C3=NC(=NO3)C4CC4,7.994,O=S(=O)(c1cccs1)N1CCNC(c2nc(C3CC3)no2)C1
XS841512b,CC=1C=C(N(C)N1)N2CCCC(C2)NS(=O)(=O)C=3C=C4C=NNC4=CC3C,0.422,O=S(=O)(NC1CCCN(c2ccn[nH]2)C1)c1ccc2[nH]ncc2c1
XS840339b,O=C(NCC1=NC=2C(=CN=C3C=CC=CC23)N1)C4CC=5C(F)=CC=CC5C(=O)O4,1.378,O=C1OC(C(=O)NCc2nc3c(cnc4ccccc43)[nH]2)Cc2ccccc21
XS845031a,CC1=C(N=NN1C=2C=CC=C3C=NC=CC23)C(=O)NC4CCCOC=5C=CC=CC54,7.262,O=C(NC1CCCOc2ccccc21)c1cn(-c2cccc3cnccc23)nn1
XS845033a,CC1=C(C=NN1C2CCCC2)NC(=O)C3(C)CCCN(C3)C(=O)C=4C=CC=CC4,2.366,O=C(Nc1cnn(C2CCCC2)c1)C1CCCN(C(=O)c2ccccc2)C1
XS837491b,CC=1C=NN(C1)CC2CN(CCO2)C=3C=CC(=CN3)S(=O)(=O)NCC4CC4,1.688,O=S(=O)(NCC1CC1)c1ccc(N2CCOC(Cn3cccn3)C2)nc1
XS841563b,CC(NC(=O)NC=1C=CC=C2CN(CC(F)(F)F)CC12)C3=NN=NN3C4CC4,0.632,O=C(NCc1nnnn1C1CC1)Nc1cccc2c1CNC2
XS845032a,COC=1C=CC(=C(C1)OC)C2CCCN2C(=O)CC3=COC(=N3)C=4C=CC=CC4,5.342,O=C(Cc1coc(-c2ccccc2)n1)N1CCCC1c1ccccc1
XS837178b,O=C(CN1CCC=2C=C(Br)C=C(F)C21)NC3CCS(=O)(=O)C3,1.156,O=C(CN1CCc2ccccc21)NC1CCS(=O)(=O)C1
XS845041a,CCOC=1C=CC=CC1NC(=O)CN2CCCC2C=3C=CC=4OCCCOC4C3,0.46,O=C(CN1CCCC1c1ccc2c(c1)OCCCO2)Nc1ccccc1
XS845034a,COC(=O)C(C=1C=CC(F)=CC1)N2CCN(CC2)C(=O)NC=3C=CC(F)=CC3,0.328,O=C(Nc1ccccc1)N1CCN(Cc2ccccc2)CC1
XS845039a,CC(NC(=O)C=1C=CC=C(C1)S(=O)(=O)NC=2C=CC(F)=CC2)C=3C=CC=CN3,1.072,O=C(NCc1ccccn1)c1cccc(S(=O)(=O)Nc2ccccc2)c1
XS845037a,O=C(C1=NC=C2C(F)=CC=CN12)N3CCN(CC(O)COC=4C=CC=CC4)CC3,1.878,O=C(c1ncc2ccccn12)N1CCN(CCCOc2ccccc2)CC1
XS841319b,CC=1C=CC(=CC1F)NS(=O)(=O)CCNC(=O)C(C)OC=2C=CC(F)=CC2,1.962,O=C(COc1ccccc1)NCCS(=O)(=O)Nc1ccccc1
XS842638b,CN(C(C=1C=CC=CC1)C=2C=CC=CN2)S(=O)(=O)C=3C=CC(F)=C(F)C3F,0.708,O=S(=O)(NC(c1ccccc1)c1ccccn1)c1ccccc1
XS838109b,OC1(CN2C=NC=3C(=NC=NC32)N4CCC(CC4)OC=5C=NC=CN5)CCOC1,3.604,c1cnc(OC2CCN(c3ncnc4c3ncn4CC3CCOC3)CC2)cn1
XS836765b,O=C(C1CC(=NO1)C=2C=CC=C(F)C2)N3CCC(CC3)C4=NC=5C=CC=CC5O4,5.108,O=C(C1CC(c2ccccc2)=NO1)N1CCC(c2nc3ccccc3o2)CC1
XS845043a,CCN1C(=NC=2C=C(C=CC21)S(N)(=O)=O)SC(CC=3C=CC=CC3)C(=O)OC,0.976,c1ccc(CCSc2nc3ccccc3[nH]2)cc1
XS845055a,COC=1C=CC(=CC1F)C(C)NC(=O)CC2=CSC(=N2)NC(=O)C=3C=COC3C,3.794,O=C(Cc1csc(NC(=O)c2ccoc2)n1)NCc1ccccc1
XS845058a,CC=1C=CC(OC(C)C(=O)N2CCN(CC2)C3=NC=CS3)=C(Br)C1,1.848,O=C(COc1ccccc1)N1CCN(c2nccs2)CC1
XS845050a,COC=1C=C(C=C(Cl)C1OC(C)C)C(=O)NC(C)C=2C=CC(=CC2)N3C=CN=C3,0.506,O=C(NCc1ccc(-n2ccnc2)cc1)c1ccccc1
XS845046a,O=C(COC(=O)C1CC(=O)N(CCC=2C=CC=CC2)C1)NC=3C=CC=C(Cl)C3,8.748,O=C(COC(=O)C1CC(=O)N(CCc2ccccc2)C1)Nc1ccccc1
XS606111b,COC=1C=CC=CC1NC(=O)C(C)S(=O)(=O)CC=2C=CC(Cl)=C(Cl)C2,4.768,O=C(CS(=O)(=O)Cc1ccccc1)Nc1ccccc1
XS845059a,COC=1C=CC(=CC1)N2CCN(CC2)C(=O)C(NC(=O)C3=CC=CS3)C(C)C,2.514,O=C(NCC(=O)N1CCN(c2ccccc2)CC1)c1cccs1
XS838032b,CC(CO)(NC(=O)NC1=NN(C=2C=CC(F)=CC2)C=3CCCC13)C=4C=CC=C(O)C4,0.964,O=C(NCc1ccccc1)Nc1nn(-c2ccccc2)c2c1CCC2
XS840406b,COC=1C=CC(Cl)=CC1NC(=O)C(C)OC(=O)CCN2C(=O)OC=3C=CC=CC32,5.236,O=C(COC(=O)CCn1c(=O)oc2ccccc21)Nc1ccccc1
XS845048a,CCN1C(=O)NC(C=2C=CC=C(Cl)C2Cl)C(C(=O)NC=3C=C(C)ON3)=C1C,1.5,O=C1NC=C(C(=O)Nc2ccon2)C(c2ccccc2)N1
XS841583b,O=S(=O)(C=1C=CC=C2N=CC=CC12)N(CC3CCCO3)C=4C=CC(Br)=CN4,0.736,O=S(=O)(c1cccc2ncccc12)N(CC1CCCO1)c1ccccn1
XS845068a,CCCCN1C(=NC=2C=C(C=CC21)S(N)(=O)=O)SCC(=O)N3CCCCC3C,0.864,O=C(CSc1nc2ccccc2[nH]1)N1CCCCC1
XS840689b,COC=1C=CC=CC1NC(=O)C2=C(C)NC3=NC(=NN3C2C=4C=CC=CN4)C5=CC=CO5,1.468,O=C(Nc1ccccc1)C1=CNc2nc(-c3ccco3)nn2C1c1ccccn1
XS845066a,CN(C(=O)C=1C=C(N=C2C1C=NN2CC=3C=CC=NC3)C=4C=CC=NC4)C5CCSC5,1.006,O=C(NC1CCSC1)c1cc(-c2cccnc2)nc2c1cnn2Cc1cccnc1
XS845065a,CC1=NC2=NC(=NN2C(C)=C1CCC(=O)NCC3COC=4C=CC=CC4O3)C(F)(F)F,2.058,O=C(CCc1cnc2ncnn2c1)NCC1COc2ccccc2O1
XS840457b,COC=1C=CC(=CC1Cl)NCCN2N=C(C)C(C)N3C2=NC4=C3C(=O)N(C)C(=O)N4C,1.748,O=c1[nH]c(=O)c2c(nc3n2CC=NN3CCNc2ccccc2)[nH]1
XS838618b,CC=1N=CC(NC2CCCSC2)=C(C)N1,2.23,c1ncc(NC2CCCSC2)cn1
XS839931b,CCC1=NC(CN2CCOCC2C(N)=O)=NO1,0.962,c1nc(CN2CCOCC2)no1
XS842271b,CC(NC=1C=CC(=CC1F)[N+]([O-])=O)C(C)(C)O,3.812,c1ccccc1
XS842712b,CC1CN(C=2N=CC(=CN2)[N+]([O-])=O)C(C)(C)C1,3.078,c1cnc(N2CCCC2)nc1
XS570307b,CCN(CC1CCCO1)C(=O)NC=2C=CN=CC2,2.376,O=C(NCC1CCCO1)Nc1ccncc1
XS845358a,CNC(C)C(=O)N1CC=2C=CC=CC2C1,0.448,c1ccc2c(c1)CNC2
XS840326b,CCOC(=O)C(C)NC=1C=CC(Cl)=CC1,2.676,c1ccccc1
XS845352a,CCOC=1C=CC=CC1NC(=O)C2CCCO2,2.156,O=C(Nc1ccccc1)C1CCCO1
XS836865b,COC(=O)C1CC=2C(O)=CC=CC2N1,5.696,c1ccc2c(c1)CCN2
XS840385b,CCC(C)NC(=O)C1=CC=2C=CC=CC2OC1=O,3.172,O=c1ccc2ccccc2o1
XS840338b,COC(=O)C(C)N1C=C(N=N1)C2=NNC=3C=CC=CC23,1.0,c1ccc2c(-c3c[nH]nn3)n[nH]c2c1
XS592620b,CC1CC=2C=CC=CC2N1C(=O)C=3C=CNC(=O)C3,0.656,O=C(c1cc[nH]c(=O)c1)N1CCc2ccccc21
XS435294b,CC1=CN2N=C(SC2=N1)N3CCCC(C3)C(N)=O,4.258,c1cn2nc(N3CCCCC3)sc2n1
XS845367a,COC(=O)C1=C(C)NC(=O)NC1C2=CC=C(C)S2,1.406,O=C1NC=CC(c2cccs2)N1
XS845365a,CC1CC=2C=CC=CC2N1C(=O)C=3C=CC(=O)N(C)N3,1.424,O=C(c1ccc(=O)[nH]n1)N1CCc2ccccc21
XS156422b,COC=1C=CC(=CC1)CC(=O)NC(C)C=2C=CC=NC2,0.538,O=C(Cc1ccccc1)NCc1cccnc1
XS841037b,CC1=NN(C)C(C(=O)OC(C)C(C)C)=C1[N+]([O-])=O,0.462,c1cn[nH]c1
XS845373a,CC=1C=CC=CC1C2=NN=C(O2)SC3CCOC3=O,2.55,O=C1OCCC1Sc1nnc(-c2ccccc2)o1
XS402087b,CC(NC(=O)C=1C=CC(C#N)=CC1)C=2C=CC(Cl)=CC2,2.138,O=C(NCc1ccccc1)c1ccccc1
XS736263b,CCC(C(N)=O)N1CCN(CC1)C=2C=CC=C(Cl)C2,1.368,c1ccc(N2CCNCC2)cc1
XS845378a,CC(NC(=O)CCC1=NC(=NO1)C=2C=CN=CC2)C3CC3,0.402,O=C(CCc1nc(-c2ccncc2)no1)NCC1CC1
XS839385b,C=1C=C2OCOC2=CC1CC3=NN=C(O3)C4CCOC4,1.038,c1cc2c(cc1Cc1nnc(C3CCOC3)o1)OCO2
XS837562b,CCC(C)(C)NC1=NN=C(O1)C2CCS(=O)(=O)C2,1.856,O=S1(=O)CCC(c2nnco2)C1
XS837195b,COC=1C=CC(=CN1)NC(C)C2=CN(N=N2)C3COC3,3.342,c1cncc(NCc2cn(C3COC3)nn2)c1
XS845375a,CC=1C=CC(=CC1F)C2=NOC(=N2)C3CCCOCC3,1.282,c1ccc(-c2noc(C3CCCOCC3)n2)cc1
XS842236b,CN1CCCC(NC=2C=NC=C(C#N)N2)C=3C=CC=CC31,1.368,c1ccc2c(c1)NCCCC2Nc1cnccn1
XS839239b,CN(C)C(=O)C1CCN1C(=O)C=2C=CC=C3CCNC23,2.93,O=C(c1cccc2c1NCC2)N1CCC1
XS845384a,COC=1C=C(C=CC1C)CC(=O)NC2CCC=3C=CC=CC32,0.732,O=C(Cc1ccccc1)NC1CCc2ccccc21
XS839351b,CCC(NC1=NC=2C=CC=NC2S1)C3=NC=C(C)S3,5.51,c1cnc2sc(NCc3nccs3)nc2c1
XS839910b,CC1=NN(CCC2CCNC2=O)C=3C=CC(=CC13)[N+]([O-])=O,2.512,O=C1NCCC1CCn1ncc2ccccc21
XS836491b,CC1CN(CC=2C=C(Cl)C3=CC=CC=C3C2O)CCO1,0.578,c1ccc2cc(CN3CCOCC3)ccc2c1
XS845388a,CCOC(=O)C1CCCN(C1)S(=O)(=O)C=2C=CC=CC2,11.838,O=S(=O)(c1ccccc1)N1CCCCC1
XS520318b,CCN1CC(CC1=O)C(=O)NC=2C=CSC2C(=O)OC,6.42,O=C1CC(C(=O)Nc2ccsc2)CN1
XS505177b,NC(=O)C=1C=CC(=CC1)NC(=O)C2CCC=3N=CN=CC3C2,0.974,O=C(Nc1ccccc1)C1CCc2ncncc2C1
XS155662b,CC=1C=CC(C)=C(C1)NC(C(=O)NC2CC2)C=3C=CC=CC3,0.692,O=C(NC1CC1)C(Nc1ccccc1)c1ccccc1
XS845389a,COC=1C=CC(=CN1)NC(=O)NC(CO)C=2C=CC=CC2,3.672,O=C(NCc1ccccc1)Nc1cccnc1
XS839101b,CC(C(=O)N(CCC#N)CCC#N)C=1C=CC=C2C=CC=CC12,0.384,c1ccc2ccccc2c1
XS845401a,CC(CN1C=CC=N1)NC(=O)CCC=2C=CC=3OCOC3C2,1.596,O=C(CCc1ccc2c(c1)OCO2)NCCn1cccn1
XS418652b,CC=1C=CC=NC1NC(=O)C2CC(=O)NC=3C=C(F)C=CC32,3.086,O=C1CC(C(=O)Nc2ccccn2)c2ccccc2N1
XS839465b,CC=1N=C(OC1C#N)N2CCC=3C=CC(Cl)=C(F)C3C2C,1.052,c1ccc2c(c1)CCN(c1ncco1)C2
XS036223d,CCC(C(=O)NC=1C=C(C)ON1)N2CCC=3SC=CC3C2,1.624,O=C(CN1CCc2sccc2C1)Nc1ccon1
XS525933b,CC=1NN=CC1C(=O)N2CCCC2C=3C=CC=4OCOC4C3,0.596,O=C(c1cn[nH]c1)N1CCCC1c1ccc2c(c1)OCO2
XS845394a,CC1=CSC(=N1)C2CCCCN2C(=O)C=3C=NC(C)=CN3,0.616,O=C(c1cnccn1)N1CCCCC1c1nccs1
XS842533b,O=C(CN1C=C(C=N1)NC2CCCC=3OC=CC32)NCCO,0.684,c1cc2c(o1)CCCC2Nc1cn[nH]c1
XS845404a,CC1=CC(C(=O)NC(C)C2CC2)=C(C)N1CC3=CC=CS3,0.346,O=C(NCC1CC1)c1ccn(Cc2cccs2)c1
XS840753b,CC(OC=1C=CC(=CC1)OC=2C=CC=C(F)C2C#N)C(N)=O,0.864,c1ccc(Oc2ccccc2)cc1
XS845396a,CN1CCCC2(CCN(C2)C3=NC=4C=CC=CC4S3)C1=O,3.14,O=C1NCCCC12CCN(c1nc3ccccc3s1)C2
XS840038b,CC1=NN(C)C(C)=C1CC(C)C2=NC(=NO2)C3=CN=CS3,2.794,c1ncc(-c2noc(CCc3cn[nH]c3)n2)s1
XS839389b,CC(C)(C)N1N=NN=C1COC=2C=CC(=CC2)C3CC3(F)F,1.792,c1cc(C2CC2)ccc1OCc1nnn[nH]1
XS336224b,COC1CCCCN(CC(=O)N(C)CC=2C=NN(C)C2)C1=O,0.802,O=C(CN1CCCCCC1=O)NCc1cn[nH]c1
XS845407a,COCC(=O)NC(C)C=1SC(=NC1C)C=2C=CC=CC2F,0.576,c1ccc(-c2nccs2)cc1
XS845411a,CCCNC(=O)C(C)NC(=O)CCCC1=NC(=NO1)C(C)C,3.814,c1ncon1
XS152846b,CC(NC(=O)COC=1C=CC=C(F)C1)C2=NC=3C=CC=CC3N2,0.51,O=C(COc1ccccc1)NCc1nc2ccccc2[nH]1
XS840414b,CC(C)OC=1N=CC=CC1CNC(=O)NC(C)CC2=CC=CO2,0.672,O=C(NCCc1ccco1)NCc1cccnc1
XS845422a,CN1N=CC=2C(=O)N(C=NC21)CC(O)COCC=3C=CC=CC3,6.832,O=c1c2cn[nH]c2ncn1CCCOCc1ccccc1
XS839615b,O=C(OCC1CCC=2C=CC=CC21)C=3C=CC=C(N3)N4C=CN=C4,0.79,O=C(OCC1CCc2ccccc21)c1cccc(-n2ccnc2)n1
XS839882b,CC(NC=1C=C2NC(=O)OC2=CC1Cl)C3=NN=NN3C4CC4,1.27,O=c1[nH]c2cc(NCc3nnnn3C3CC3)ccc2o1
XS708576b,CC=1N=C(CC2CC2)SC1C(=O)NC3COC=4C=CC=CC43,0.81,O=C(NC1COc2ccccc21)c1cnc(CC2CC2)s1
XS443766b,O=C(O)C1CN(C(=O)C=2C=C(Cl)C=CC2F)C=3C=CC=CC31,0.616,O=C(c1ccccc1)N1CCc2ccccc21
XS845423a,COCC1=C(OC=2C=CC=CC12)C(=O)NC(C)C3=CC=CS3,0.75,O=C(NCc1cccs1)c1cc2ccccc2o1
XS845424a,CC=1C=C(C)N2N=C(N=C2N1)C(=O)NC(C)CC3=CC=CS3,5.41,O=C(NCCc1cccs1)c1nc2ncccn2n1
XS728848b,CNC(=O)CCCC(=O)N1CCCCCC1C=2C=CC=C(C)C2,0.538,c1ccc(C2CCCCCN2)cc1
XS838044b,CN1N=CC=2C(=NC=NC21)NC=3C=CC(=CC3)OC4CC4(F)F,1.114,c1nc(Nc2ccc(OC3CC3)cc2)c2cn[nH]c2n1
XS475765b,CC=1C=C(NC(=O)NC2CCCN(C2)C=3C=CC=CC3F)ON1,0.462,O=C(Nc1ccno1)NC1CCCN(c2ccccc2)C1
XS845420a,CCCC1=NOC(CN2CCCC(C2)C=3C=C(NN3)C(N)=O)=N1,33.34,c1noc(CN2CCCC(c3cc[nH]n3)C2)n1
XS579084b,O=C(NC=1C=CC(=CC1)C=2C=CC=CC2)C3CCN4C=CN=C4C3,4.764,O=C(Nc1ccc(-c2ccccc2)cc1)C1CCn2ccnc2C1
XS838427b,CC1=NC(=CC(=N1)NCC2CCCC(F)(F)CC2)N3C=NC=N3,0.798,c1nc(NCC2CCCCCC2)cc(-n2cncn2)n1
XS838888b,COC=1C=CC=2N=C(CN3NC(=O)CC3C=4C=CC=CC4)NC2N1,0.468,O=C1CC(c2ccccc2)N(Cc2nc3cccnc3[nH]2)N1
XS837795b,CC=1C=C(Br)C=C2C(=NNC12)C(=O)N3CCC3CF,2.254,O=C(c1n[nH]c2ccccc12)N1CCC1
XS836956b,O=C(NC1=NN=CS1)C2CC(=O)N(C2)C=3C=CC(F)=C(F)C3,12.046,O=C(Nc1nncs1)C1CC(=O)N(c2ccccc2)C1
XS845433a,CC1=CC(=O)N2N=C(NCCCOCC3CCCO3)SC2=N1,1.024,O=c1ccnc2sc(NCCCOCC3CCCO3)nn12
XS845435a,O=C(NC=1C=CC=CC1F)NC(C=2C=CC=CC2)C=3C=CN=CC3,0.546,O=C(Nc1ccccc1)NC(c1ccccc1)c1ccncc1
XS845429a,COC=1C=CC(=CC1OC)C2=NN=C(O2)SCC3CCCO3,4.726,c1ccc(-c2nnc(SCC3CCCO3)o2)cc1
XS845431a,CC=1C=C(F)C=2CC(NC2C1)C(=O)NCC3(CO)CC(C)(C)C3,2.464,O=C(NCC1CCC1)C1Cc2ccccc2N1
XS845432a,CNC(=O)CN1C=2C=CC=CC2C(=O)N(C)C1C=3C=CC=CC3O,0.818,O=C1NC(c2ccccc2)Nc2ccccc21
XS575856b,O=S(=O)(C=1C=CC(F)=CC1)N2CCC(O)(CN3C=CN=N3)C2,0.546,O=S(=O)(c1ccccc1)N1CCC(Cn2ccnn2)C1
XS837271b,CCOC(=O)C1=CCC(C1)NC(=O)C=2C(F)=CC=C3OCOC23,0.444,O=C(NC1CC=CC1)c1cccc2c1OCO2
XS845436a,CC1=NNC(C)=C1C2NC=3C=CC=CC3C(=O)N2CC4=CC=CO4,0.926,O=C1c2ccccc2NC(c2cn[nH]c2)N1Cc1ccco1
XS841655b,CC1CN(CC=2C=C(Cl)C=C3COCOC23)C4(COC4)CO1,1.966,c1cc2c(c(CN3CCOCC34COC4)c1)OCOC2
XS845447a,CC1=NC(COC=2C=CC(=CC2)C(=O)N3CCCC(C)CC3)=NO1,1.76,O=C(c1ccc(OCc2ncon2)cc1)N1CCCCCC1
XS597649b,CC1=NN=C(O1)C2COCCN2C(=O)COC=3C(C)=CC=CC3C,0.962,O=C(COc1ccccc1)N1CCOCC1c1nnco1
XS845442a,O=C(CCCC=1C=CC=CC1)N2CCCC(C2)C(=O)NCC3CC3,0.98,O=C(NCC1CC1)C1CCCN(C(=O)CCCc2ccccc2)C1
XS712564b,CCN1C=NN=C1CNC(=O)CN2C(=O)C(C)OC=3C=CC=CC32,9.68,O=C(CN1C(=O)COc2ccccc21)NCc1nnc[nH]1
XS845437a,CC1=NN(C)C=2SC(=CC12)C(=O)N3CCCC(C3)N4C=CC=N4,1.578,O=C(c1cc2cn[nH]c2s1)N1CCCC(n2cccn2)C1
XS845440a,CC(NC=1C=CC(=CC1)NC(=O)C2=CC=CO2)C(=O)N3CCCC3,5.024,O=C(Nc1ccc(NCC(=O)N2CCCC2)cc1)c1ccco1
XS558408b,COC=1C=CC=C2C1CCC2(N)C(=O)NCC=3C(C)=NN(C)C3C,3.43,O=C(NCc1cn[nH]c1)C1CCc2ccccc21
XS845441a,COC=1C=C(C=C(Cl)C1OC)C(=O)N2C=3C=CC=CC3CC2C,2.476,O=C(c1ccccc1)N1CCc2ccccc21
XS845439a,O=C(C=1C=CC=C(F)C1)N2CCCC2C=3C=CC=4OCCOC4C3,2.082,O=C(c1ccccc1)N1CCCC1c1ccc2c(c1)OCCO2
XS845449a,CC(C)C1=NC=CN1C2CCCN(C2)C(=O)C=3C=C(ON3)C4CC4,3.43,O=C(c1cc(C2CC2)on1)N1CCCC(n2ccnc2)C1
XS845455a,O=C(CCC1CCCO1)NC2=NC=C(CC=3C=CC=CC3F)S2,9.472,O=C(CCC1CCCO1)Nc1ncc(Cc2ccccc2)s1
XS845453a,CC(=O)NC(C(=O)N1CCN(CC1)C2=NC=CS2)C3CCCC3,1.598,O=C(CC1CCCC1)N1CCN(c2nccs2)CC1
XS837943b,CN1CC2(CCN(CC2)S(=O)(=O)C3CCOC3)C=4C=CC=CC41,3.382,O=S(=O)(C1CCOC1)N1CCC2(CC1)CNc1ccccc12
XS845450a,CC1=CC=C(O1)C2=CC=C(S2)C(=O)N3CCCCC3CC(N)=O,2.156,O=C(c1ccc(-c2ccco2)s1)N1CCCCC1
XS839047b,FC=1C=CC(=CC1)CN2C=C(C=N2)OCC3CC4(CCOCC4)O3,2.21,c1ccc(Cn2cc(OCC3CC4(CCOCC4)O3)cn2)cc1
XS839653b,O=C(O)C1CCN2C(=NN=C2C1)C=3SC=4C=CC=CC4C3Cl,1.616,c1ccc2sc(-c3nnc4n3CCCC4)cc2c1
XS845451a,CC(OC(=O)C=1C=CC(=O)N(C1)CC=2C=CC=CC2Cl)C(N)=O,0.482,O=c1ccccn1Cc1ccccc1
XS838838b,COC=1C=C(C=CN1)CCN2C(=O)NCC(C2=O)C3CCCCC3,4.074,O=C1NCC(C2CCCCC2)C(=O)N1CCc1ccncc1
XS839225b,N#CC1=NC=CN1C2CCN(C2=O)C=3C=CC=C(C3)OC(F)(F)F,0.384,O=C1C(n2ccnc2)CCN1c1ccccc1
XS845460a,CC(OC=1C=CC(F)=CC1)C(=O)NC=2C=CC=C(C2)S(C)(=O)=O,0.422,O=C(COc1ccccc1)Nc1ccccc1
XS845464a,O=C(NC1CC(=O)N(C1)C=2C=CC(Cl)=C(F)C2)C3=CC=CS3,1.868,O=C(NC1CC(=O)N(c2ccccc2)C1)c1cccs1
XS713562b,COC=1C=CC=C(C1)C2CCCN2S(=O)(=O)N3CCCCCC3,3.522,O=S(=O)(N1CCCCCC1)N1CCCC1c1ccccc1
XS845465a,CC1CCCCN1C(=O)COC(=O)C=2C=CC(=CC2)S(C)(=O)=O,2.584,O=C(OCC(=O)N1CCCCC1)c1ccccc1
XS840368b,CC=1OC(=C(C#N)C1C(=O)NC(C)C=2C=CC(F)=CC2)N3C=CC=C3,4.168,O=C(NCc1ccccc1)c1coc(-n2cccc2)c1
XS573881b,OC1(CN2C=CN=N2)CCCN(CC3=NC(=NO3)C=4C=CC=CC4)C1,6.034,c1ccc(-c2noc(CN3CCCC(Cn4ccnn4)C3)n2)cc1
XS732058b,CCOC=1N=C(C)C=CC1C(=O)NC(C)C=2C=CC=3NC(=O)CC3C2,1.618,O=C1Cc2cc(CNC(=O)c3cccnc3)ccc2N1
XS845479a,CC1=NC=2C=CC=CC2N1CC(=O)NC(C)C=3C=CC4=CC=CC=C4C3,0.626,O=C(Cn1cnc2ccccc21)NCc1ccc2ccccc2c1
XS845485a,CC1=NC=2C=CC=CC2C(=O)N1CCCC(=O)N3CCCC(C)CC3,1.298,O=C(CCCn1cnc2ccccc2c1=O)N1CCCCCC1
XS727384b,CC=1C=CC(=NC1)NC(=O)C2CCCN(C2)C(=O)C=3C=CC(F)=CN3,1.714,O=C(Nc1ccccn1)C1CCCN(C(=O)c2ccccn2)C1
XS845477a,O=C(C=1C(F)=CC=CC1F)N2CCCC(C2)C3=NN=C4C=CC=CN34,0.982,O=C(c1ccccc1)N1CCCC(c2nnc3ccccn23)C1
XS845474a,CC=1C=C(F)C=C2NC(=CC12)C(=O)NC3CCN(C3)C=4C=NN(C)C4,7.938,O=C(NC1CCN(c2cn[nH]c2)C1)c1cc2ccccc2[nH]1
XS527408b,CC1=NN(C)C(C)=C1CC(C)NC(=O)NCC=2C=CC(=CC2)C3CC3,0.48,O=C(NCCc1cn[nH]c1)NCc1ccc(C2CC2)cc1
XS840267b,O=C(NC=1C=CC(=CN1)OC(F)F)N2CCN3C(=O)OCCC3C2,3.434,O=C(Nc1ccccn1)N1CCN2C(=O)OCCC2C1
XS845482a,CCN(CC1COC=2C=CC=CC2O1)C(=O)NCC=3C=CC=C(F)C3,0.672,O=C(NCc1ccccc1)NCC1COc2ccccc2O1
XS390851b,N#CC=1C=CC=CC1CN(CC2=CC=CS2)C3CCS(=O)(=O)C3,0.64,O=S1(=O)CCC(N(Cc2ccccc2)Cc2cccs2)C1
XS845488a,CN1C=CN=C1C(NC(=O)C2=CC=C(Cl)S2)C=3C=CC=CC3F,0.862,O=C(NC(c1ccccc1)c1ncc[nH]1)c1cccs1
XS810177b,O=C(COC=1C=CC(F)=CC1F)NC2CCCN(C2)C=3N=CC=CN3,0.864,O=C(COc1ccccc1)NC1CCCN(c2ncccn2)C1
XS722648b,COCCN1C=C(C=N1)NC(=O)N2CCCC2C=3C=CC(=CC3)OC,2.152,O=C(Nc1cn[nH]c1)N1CCCC1c1ccccc1
XS845486a,CCOC=1C=CC=CC1C(=O)NC(C)C=2C=CC(=CC2)S(C)(=O)=O,1.466,O=C(NCc1ccccc1)c1ccccc1
XS839982b,CC(C(=O)N(C)C)S(=O)(=O)NC=1C=CC=NC1NC=2C=CC=CC2,1.088,c1ccc(Nc2ccccn2)cc1
XS845489a,CCCNC=1C=CC(=CC1)CNC(=O)C(C)OC=2C=CC(Cl)=CC2,0.598,O=C(COc1ccccc1)NCc1ccccc1
XS845491a,CC1=CC=C(CNC(=O)C2CCCN(C2)C(=O)C3=CC=CS3)S1,0.964,O=C(NCc1cccs1)C1CCCN(C(=O)c2cccs2)C1
XS841209b,CNC(=O)C=1C=CC=C(C1)NC(C)C(=O)NC23CC4CC(CC(C4)C3)C2,0.732,O=C(CNc1ccccc1)NC12CC3CC(CC(C3)C1)C2
XS787633b,CCOC=1C=CC=2OC(C(=O)NC(C(N)=O)C=3C=CC=CC3)=C(C)C2C1,1.826,O=C(NCc1ccccc1)c1cc2ccccc2o1
XS845500a,CC(OC(=O)C=1C=CC(=CC1)CCNS(C)(=O)=O)C(=O)NC2CC2,0.954,O=C(COC(=O)c1ccccc1)NC1CC1
XS845504a,O=C(NCCC1CCCO1)C=2C=NC3=C(C=NN3CC=4C=CC=CC4)C2,2.41,O=C(NCCC1CCCO1)c1cnc2c(cnn2Cc2ccccc2)c1
XS845505a,CCN(CC)C(CNC(=O)NCC=1C=CC=C(C#N)C1)C=2C=CSC2,1.532,O=C(NCCc1ccsc1)NCc1ccccc1
XS841810b,O=C(NC=1C=CC=2C(=O)N(CC3CC3)C(=O)C2C1)C4CCCC5=CC=NN54,7.4,O=C(Nc1ccc2c(c1)C(=O)N(CC1CC1)C2=O)C1CCCc2ccnn21
XS845512a,O=C(C1=NOC=2CCCCCC12)N3CCC(C3)NC=4C=CC=C(Cl)C4,3.824,O=C(c1noc2c1CCCCC2)N1CCC(Nc2ccccc2)C1
XS841811b,CC(C)C=1C=CC(=CC1)OCC(=O)NC=2C=NN(C2)C3CNCCOC3,1.738,O=C(COc1ccccc1)Nc1cnn(C2CNCCOC2)c1
XS838138b,COC=1C=CC=CC1N2CCC(C2)NS(=O)(=O)C3=CC(C)=C(C)S3,4.018,O=S(=O)(NC1CCN(c2ccccc2)C1)c1cccs1
XS738604b,COC=1C=CC=C(C1)N2CCN(CC2)C(C)C(=O)NC(=O)NCC(C)C,11.904,c1ccc(N2CCNCC2)cc1
XS845509a,O=C(C1=CN=C2C=CC=CN12)N3CCCC(C3)N4C=CC(=N4)C(F)(F)F,2.228,O=C(c1cnc2ccccn12)N1CCCC(n2cccn2)C1
XS845518a,CC(C)(C)C(NC(=O)NC=1C=CC=2OCCCOC2C1)C3=CC=CS3,1.174,O=C(NCc1cccs1)Nc1ccc2c(c1)OCCCO2
XS845516a,CCC(C(=O)N1CCN(CC1)C2=CC(C)=NC3=NC=NN23)C=4C=CC=CC4,2.74,O=C(Cc1ccccc1)N1CCN(c2ccnc3ncnn23)CC1
XS436764b,CC(=O)NC=1C=CC(C)=C(C1)S(=O)(=O)N2CCOCC(C2)C3CCC3,0.598,O=S(=O)(c1ccccc1)N1CCOCC(C2CCC2)C1
XS427802b,CC1CCN(CC1)C(=O)C2CCCN(C2)C(=O)NC=3C=CC(F)=CC3F,1.138,O=C(Nc1ccccc1)N1CCCC(C(=O)N2CCCCC2)C1
XS845520a,CC1=CSC(=O)N1CCC(=O)OC(C)C(=O)NC=2C=CC=C(C#N)C2,1.64,O=C(COC(=O)CCn1ccsc1=O)Nc1ccccc1
XS845513a,O=C(NCC=1C=CC=CN1)C2CCCN(C2)C(=O)C=3C=CC(Cl)=CC3,0.98,O=C(NCc1ccccn1)C1CCCN(C(=O)c2ccccc2)C1
XS839175b,O=C(O)CN1N=C(C=C1C2=CN(CCC3CCCC3(F)F)N=N2)C4CC4,2.144,c1c(C2CC2)n[nH]c1-c1cn(CCC2CCCC2)nn1
XS840231b,CCNS(=O)(=O)C1CCN(C1)C(=O)NC2=NC(=NS2)C(C)(C)C,0.538,O=C(Nc1ncns1)N1CCCC1
XS845514a,CC=1C=CC=C(C1)N2CCN(CC2)C(=O)C3CCCN(C3)C(=O)C(C)C,1.85,O=C(C1CCCNC1)N1CCN(c2ccccc2)CC1
XS837790b,CC(NC(=O)NC=1C=C(F)C=C(C1)S(N)(=O)=O)C=2C=CC(Cl)=CC2,0.73,O=C(NCc1ccccc1)Nc1ccccc1
XS845530a,COC1=CC(=CC(OC)=C1OC)CC(=O)NC2CCSC=3C=CC=CC32,0.984,O=C(Cc1ccccc1)NC1CCSc2ccccc21
XS153922b,COC=1C=CC(=CN1)CNC(=O)C(C)NC(=O)C=2C=CC(=CC2)C(C)(C)C,7.132,O=C(CNC(=O)c1ccccc1)NCc1cccnc1
XS845523a,CC=1C=CC(=CC1F)C(=O)N2CCN(CC2)C(=O)C3CCC=4C=NNC4C3,8.37,O=C(c1ccccc1)N1CCN(C(=O)C2CCc3cn[nH]c3C2)CC1
XS408617b,COC1=CC(=CC(=C1)C(=O)NCC(C)C2=NC(=NO2)C=3C=CC=CC3)OC,10.706,O=C(NCCc1nc(-c2ccccc2)no1)c1ccccc1
XS845528a,CC(NC(=O)CCCC1=NN=C(O1)C=2C=CC=CC2)C=3C=CC(F)=C(F)C3,0.848,O=C(CCCc1nnc(-c2ccccc2)o1)NCc1ccccc1
XS839212b,COC=1C=CC(=CN1)NC(=O)NC(CS(=O)(=O)N(C)C)C(F)(F)F,1.228,c1ccncc1
XS845522a,CS(=O)(=O)N1CCCC1C(=O)NC2=NC=3C(=CC=C4C=CC=CC34)S2,5.57,O=C(Nc1nc2c(ccc3ccccc32)s1)C1CCCN1
XS839545b,O=C(CC1=NOC(=N1)C2CCCC=3NN=NC32)N(CC(F)(F)F)C4CC4,1.712,O=C(Cc1noc(C2CCCc3[nH]nnc32)n1)NC1CC1
XS838313b,O=C(NC=1C=CC=CC1CC=2C=CC=CN2)C(=O)NC3CCC=4C=CC=NC43,2.636,O=C(Nc1ccccc1Cc1ccccn1)C(=O)NC1CCc2cccnc21
XS334772c,CC1=CC=C(CNC(=O)N2CCC(C2)OC=3C=CC(Cl)=CC3)C(=O)N1C,0.658,O=C(NCc1ccc[nH]c1=O)N1CCC(Oc2ccccc2)C1
XS845531a,COC(=O)CC(NC(=O)C1=CSC(=N1)C=2N=CC=CN2)C=3C=CC=CC3,0.58,O=C(NCc1ccccc1)c1csc(-c2ncccn2)n1
XS845544a,CCS(=O)(=O)NC=1C=CC(=CC1)C=2CC(C3=CC=CS3)N(N2)C(C)=O,9.442,c1ccc(C2=NNC(c3cccs3)C2)cc1
XS842090b,CCNC(=O)NC(=O)C(C)NC=1C=CC(OCC)=C(C1)S(=O)(=O)N(C)C,0.982,c1ccccc1
XS840517b,CC(C)C(NC(=O)C12CC3CC(CC(C3)C2)C1)C(=O)NCCC=4N=CN(C)N4,5.218,O=C(CNC(=O)C12CC3CC(CC(C3)C1)C2)NCCc1nc[nH]n1
XS333363b,CN1N=CC=C1N2CCCC(C2=O)N(CC=3C=CC(C#N)=CC3)S(C)(=O)=O,0.846,O=C1C(NCc2ccccc2)CCCN1c1ccn[nH]1
XS845536a,CC=1C=C(Cl)C=CC1OC(C)C(=O)OCC2=CC(=O)N3C=CSC3=N2,4.862,O=C(COc1ccccc1)OCc1cc(=O)n2ccsc2n1
XS845542a,CC=1C=CC(=CC1)N2CC(CC2=O)C(=O)NC3=CC=NN3CC4=CC=CS4,11.51,O=C(Nc1ccnn1Cc1cccs1)C1CC(=O)N(c2ccccc2)C1
XS838012b,CC(C)C1N(CC21CCOCC2)C(=O)C=3C=NNC3C=4C=CC=5OCOC5C4,0.632,O=C(c1cn[nH]c1-c1ccc2c(c1)OCO2)N1CC2(CCOCC2)C1
XS838539b,CC1=NN(C=C1CNC(=O)N2CCCC3(CCC=4C=CC=CC4O3)C2)CCO,0.502,O=C(NCc1cn[nH]c1)N1CCCC2(CCc3ccccc3O2)C1
XS841729b,CC1=NSC(=N1)N2CCN(CC2)C(C)C(=O)NCC=3C=CC(Cl)=CC3,0.672,O=C(CN1CCN(c2ncns2)CC1)NCc1ccccc1
XS845549a,CC=1C=CC(=CC1)N2CC(CC2=O)C(=O)OCC(=O)NC=3C=CC(F)=CC3F,9.168,O=C(COC(=O)C1CC(=O)N(c2ccccc2)C1)Nc1ccccc1
XS011798e,O=C(COC=1C=CC(F)=CC1Br)NCC2COC=3C=CC=CC3O2,0.888,O=C(COc1ccccc1)NCC1COc2ccccc2O1
XS842029b,CC1=CSC(CN(CC2CCCO2)C(=O)C=3NC=4C=CC=CC4C3Cl)=N1,1.168,O=C(c1cc2ccccc2[nH]1)N(Cc1nccs1)CC1CCCO1
XS845546a,CC(C)(C)N1N=CN=C1CSC2=NC=C(C=3C=CC=CC3)N2CC4CCCO4,1.0,c1ccc(-c2cnc(SCc3ncn[nH]3)n2CC2CCCO2)cc1
XS166090d,CCN1CCN(CC1)C=2C=CC=CC2NC(=O)C3COC=4C=CC(Cl)=CC4C3,0.764,O=C(Nc1ccccc1N1CCNCC1)C1COc2ccccc2C1
XS845554a,O=C(NCC=1C=CC=C(C1)OCC(F)(F)F)C2CCCN(C2)C=3C=NC=CN3,1.772,O=C(NCc1ccccc1)C1CCCN(c2cnccn2)C1
XS845547a,O=C(NCC=1C=CC(=NC1)OCC(F)(F)F)C2CC32CCS(=O)(=O)CC3,0.386,O=C(NCc1cccnc1)C1CC12CCS(=O)(=O)CC2
XS845552a,CC(C=1C=CC(Cl)=CC1)N(C)C(=O)C2CCN(CC2)C(=O)C3=CC=CS3,0.796,O=C(NCc1ccccc1)C1CCN(C(=O)c2cccs2)CC1
XS840422b,O=C(N=C1SC=CN1CC=2C=CC=CC2F)C3CCCN(C3)C=4C=NC=CN4,0.468,O=C(N=c1sccn1Cc1ccccc1)C1CCCN(c2cnccn2)C1
XS840000b,CC=1C=CC(=C(C)C1)N2C=C(C=N2)NC(=O)N3CCCCC3CS(C)(=O)=O,1.078,O=C(Nc1cnn(-c2ccccc2)c1)N1CCCCC1
XS845545a,CC1=CN=C(S1)C2CCCCN2C(=O)C=3C=CC(=C(F)C3)N4CCOCC4,3.078,O=C(c1ccc(N2CCOCC2)cc1)N1CCCCC1c1nccs1
XS840932b,COC=1C=NC=C(C1)C(=O)NCC2CCN(CC2(F)F)C(=O)CN3C=CC=N3,2.422,O=C(NCC1CCN(C(=O)Cn2cccn2)CC1)c1cccnc1
XS845558a,O=C(O)CCC(=O)N1N=C(CC1C2=CC=CO2)C=3C=CC(Br)=CC3,0.97,c1ccc(C2=NNC(c3ccco3)C2)cc1
XS845563a,CCNC(=O)NC(=O)C(C)OC(=O)C1=CC=2C(C)=NN(CC=3C=CC=CC3)C2S1,9.668,c1ccc(Cn2ncc3ccsc32)cc1
XS845566a,CC1=NN(C(C)=C1CN(C)C(=O)C2CC(=O)NC=3C=C(F)C=CC32)C=4C=CC=CC4,2.718,O=C1CC(C(=O)NCc2cnn(-c3ccccc3)c2)c2ccccc2N1
XS845573a,O=C(NC1=NC=2CCCC2S1)C3CC(=O)N(CC=4C=CC=C(C4)C(F)(F)F)C3,8.984,O=C(Nc1nc2c(s1)CCC2)C1CC(=O)N(Cc2ccccc2)C1
XS845570a,CC(OC=1C=CC=C(Cl)C1)C(=O)N2CCN(CC2)S(=O)(=O)C=3C=CC=CC3,3.324,O=C(COc1ccccc1)N1CCN(S(=O)(=O)c2ccccc2)CC1
XS845574a,COC=1C=CC(=CC1NC(C)C(=O)N2CCCC2)S(=O)(=O)N3CCCCCC3,0.77,O=C(CNc1cccc(S(=O)(=O)N2CCCCCC2)c1)N1CCCC1
XS699816b,COC=1C=C2CCN(C(=O)C3=CN4C=CC=CC4=N3)C(C5=CC=CS5)C2=CC1OC,1.376,O=C(c1cn2ccccc2n1)N1CCc2ccccc2C1c1cccs1
XS845571a,CCOC=1C=CC(=CC1)S(=O)(=O)NC=2C=CC=C(C2)C(=O)NCC3CCCO3,1.08,O=C(NCC1CCCO1)c1cccc(NS(=O)(=O)c2ccccc2)c1
XS845561a,COC=1C=CC=C(C1)N2CC(CC2=O)C3=NC=4C=CC=CC4N3CC=5C=CC=CC5C,4.81,O=C1CC(c2nc3ccccc3n2Cc2ccccc2)CN1c1ccccc1
XS845560a,O=C(CCCC1=CNC=2C=CC=CC12)N3CCCCC3C4=NC=5C=CC=CC5S4,2.402,O=C(CCCc1c[nH]c2ccccc12)N1CCCCC1c1nc2ccccc2s1
XS845567a,CC=1C=C(CN2CCN(CC2)C(=O)CC3SC=4C=CC(Cl)=CC4NC3=O)ON1,7.582,O=C1Nc2ccccc2SC1CC(=O)N1CCN(Cc2ccno2)CC1
XS845577a,CC(NC(=O)CCC1=NC(=NO1)C=2C=CC=CC2)C=3C=CC(=CC3)S(N)(=O)=O,0.594,O=C(CCc1nc(-c2ccccc2)no1)NCc1ccccc1
XS840986b,COC=1C=CC=C2CC(OC12)C(=O)N3CCCN(CC3)C(=O)C=4N=NN(C)C4C(F)F,3.728,O=C(c1c[nH]nn1)N1CCCN(C(=O)C2Cc3ccccc3O2)CC1
XS845589a,CC1(C)CNC(=O)C2=NN(C=C2OCC=CCNCCC(=O)N3CCCC31)C=4C=CC=CC4,2.036,O=C1NCCC2CCCN2C(=O)CCNCC=CCOc2cn(-c3ccccc3)nc21
XS836597b,CC(NS(=O)(=O)C1=CN=C(S1)C=2C=CC(Br)=CC2)C=3C=CN=CC3,5.532,O=S(=O)(NCc1ccncc1)c1cnc(-c2ccccc2)s1
XS837176b,CC1=NC(C)=C(S1)C(C)NC(=O)NC=2C=C(Br)C=CC2N3CCOCC3,0.73,O=C(NCc1cncs1)Nc1ccccc1N1CCOCC1
XS841208b,CCCN1C(=O)N(CC(=O)OC(C)C(=O)NCC=2C=CC=3OCOC3C2)C=4C=CC=CC41,0.56,O=C(COC(=O)Cn1c(=O)[nH]c2ccccc21)NCc1ccc2c(c1)OCO2
XS839660b,CC=1C=CC(=CC1)S(=O)(=O)N2CCCN(CC2)C(=O)NCC3CC=4C=CC=CC4O3,0.934,O=C(NCC1Cc2ccccc2O1)N1CCCN(S(=O)(=O)c2ccccc2)CC1
XS840040b,CCC(C(=O)N1CCN(CC2=NOC(C)=N2)CC1)N3N=NC(=N3)C=4C=CC(Cl)=CC4,1.362,O=C(Cn1nnc(-c2ccccc2)n1)N1CCN(Cc2ncon2)CC1
XS845584a,CC1=NOC(C)=C1COC=2C=CC(=CC2)CC(=O)N3CCCC3C=4C=CC=5OCCOC5C4,3.368,O=C(Cc1ccc(OCc2cnoc2)cc1)N1CCCC1c1ccc2c(c1)OCCO2
XS845579a,COC=1C=CC(=CC1)C(CNC(=O)CN2CCN(CC2)C=3C=CC=CC3)C4=CNC=5C=CC=CC45,0.5,O=C(CN1CCN(c2ccccc2)CC1)NCC(c1ccccc1)c1c[nH]c2ccccc12
XS797473b,CCOC=1C=CC=CC1NC(=O)C=2C=CC(OC)=C(C2)S(=O)(=O)N3CCCCC3C,1.816,O=C(Nc1ccccc1)c1cccc(S(=O)(=O)N2CCCCC2)c1
XS519257b,COC=1C=CC(=CN1)NC(=O)N2CCCC(C)C2,0.538,O=C(Nc1cccnc1)N1CCCCC1
XS174947b,CCNC(=O)C=1C=C(OC)C=2OC(C)CC2C1,0.404,c1ccc2c(c1)CCO2
XS845600a,O=C(NC1CCS(=O)(=O)C1)C2CCCCC2,0.43,O=C(NC1CCS(=O)(=O)C1)C1CCCCC1
XS845594a,CCC(=O)NC=1SC=2CC(C)CCC2C1C#N,5.416,c1cc2c(s1)CCCC2
XS845604a,O=C1NCCCC1NC2=NC=3C=CC=CC3S2,1.248,O=C1NCCCC1Nc1nc2ccccc2s1
XS758596b,CC(CO)NC(=O)C=1C=C(O)N=C2C=CC=CC12,5.268,c1ccc2ncccc2c1
XS841025b,CCOC(=O)C(C(N)=O)C=1C=CC=CC1,0.428,c1ccccc1
XS845603a,O=C(C1=CC=CN1)N2CCCC2C3CCCC3,9.978,O=C(c1ccc[nH]1)N1CCCC1C1CCCC1
XS839234b,CC(=O)NC(C)C(=O)N1CCCC21CCCC2,1.474,C1CCC2(C1)CCCN2
XS839384b,C=CCN1CCC(NC2=CN(C)N=C2OC)C1=O,0.84,O=C1NCCC1Nc1cn[nH]c1
XS838019b,C1=CN2C=CC=C(C=3C=NN(C3)C4CCCCO4)C2=N1,1.038,c1cc(-c2cnn(C3CCCCO3)c2)c2nccn2c1
XS845612a,NC(=O)C1CCCN(C1)C=2C=NC3=CC=CC=C3N2,8.92,c1ccc2nc(N3CCCCC3)cnc2c1
XS695821b,CC(C)(C)N1C=C(C=N1)NC(C(N)=O)C=2C=CC=CC2,0.74,c1ccc(CNc2cn[nH]c2)cc1
XS836897b,COC=1C=CC(O)=C(C1)NC(=O)C2CCC3(C2)N=N3,0.554,O=C(Nc1ccccc1)C1CCC2(C1)N=N2
XS838676b,O=C1C(CCN1CCF)NC=2N=CC=3NN=CC3N2,2.458,O=C1NCCC1Nc1ncc2[nH]ncc2n1
XS618904b,CC1=CC(=NO1)NC(=O)CC(C)N2N=C(C)C=C2C,0.774,O=C(CCn1cccn1)Nc1ccon1
XS845610a,CC(NC(=O)C1=CN(C)N=C1C2CC2)C=3N=CNN3,0.686,O=C(NCc1nc[nH]n1)c1c[nH]nc1C1CC1
XS428549b,CCNC(=O)N1CCCC(C1)C2=NOC(CC)=N2,0.466,c1nc(C2CCCNC2)no1
XS839051b,CCN1C=C(C=N1)NC2CCCC=3C=C(F)C(F)=CC32,0.556,c1ccc2c(c1)CCCC2Nc1cn[nH]c1
XS845625a,O=C(NC=1C=CC=CC1)C2CC(=O)N(CC(F)(F)F)C2,2.366,O=C1CC(C(=O)Nc2ccccc2)CN1
XS621796b,CCCNC(=O)C1CCCN(C1)C(=O)C=2N=COC2C,0.546,O=C(c1cocn1)N1CCCCC1
XS838606b,O=C1CC(C=2C=CC=CC2)C=3C=CC4=CC=CC=C4C3N1,4.428,O=C1CC(c2ccccc2)c2ccc3ccccc3c2N1
XS745789b,CN(CC=1C=CC(F)=CC1Cl)C(=O)C2CCC(=O)N2,0.806,O=C1CCC(C(=O)NCc2ccccc2)N1
XS845621a,COC=1C=CC=CC1C2=NN=C(O2)SC(C)C(N)=O,1.366,c1ccc(-c2nnco2)cc1
XS845629a,O=C1C=2C=CC=CC2NC(C=3C=CC=CC3F)N1C4CC4,0.384,O=C1c2ccccc2NC(c2ccccc2)N1C1CC1
XS845624a,CC(SC1=NC=CN1C)C2=NC(=NO2)C3=CC=CO3,1.034,c1coc(-c2noc(CSc3ncc[nH]3)n2)c1
XS845620a,CC=1C=CC(=CC1)C2=CSC(=N2)SC(C)C(N)=O,1.62,c1ccc(-c2cscn2)cc1
XS836789b,CN(CC=1N=NN(C)N1)C(C=2C=CC=CC2)C(F)(F)F,0.828,c1ccc(CNCc2nn[nH]n2)cc1
XS842080b,CCC=1N=NC(=NC1CC)N2CCCC(C2)C3=CC=NN3,1.112,c1cnc(N2CCCC(c3ccn[nH]3)C2)nn1
XS841693b,O=C(NCC1CCS1)NC=2C=CC(=CC2)C(F)(F)F,0.422,O=C(NCC1CCS1)Nc1ccccc1
XS845632a,C1=CN(CC2CN(CC3=NC(=NO3)C4CC4)CCO2)N=C1,0.478,c1cnn(CC2CN(Cc3nc(C4CC4)no3)CCO2)c1
XS760298b,CCN(CC)C=1C=CC(=CN1)CNC(=O)CC2C=CCC2,0.832,O=C(CC1C=CCC1)NCc1cccnc1
XS654968b,O=C(NCC=1C=CC=2OCCOC2C1)NCC3CCCO3,0.422,O=C(NCc1ccc2c(c1)OCCO2)NCC1CCCO1
XS845640a,COC=1C=C(C=CN1)CNC(=O)C2CC(=O)N(C2)C(C)C,1.346,O=C1CC(C(=O)NCc2ccncc2)CN1
XS845639a,CC(C)C(NC(=O)C1=CC=CO1)C(=O)NC=2C=CC=NC2,1.968,O=C(CNC(=O)c1ccco1)Nc1cccnc1
XS845634a,CC=1C=CC(=NC1)NC(=O)C(C)NC(=O)C2=CC=CS2,8.352,O=C(CNC(=O)c1cccs1)Nc1ccccn1
XS845633a,CC(C)(CO)CCCNC(=O)C1CC=2C=CC=C(F)C2O1,0.538,c1ccc2c(c1)CCO2
XS842185b,CC1CCS(=O)(=O)CCN1CC=2C=CC=C3OCOC23,0.67,O=S1(=O)CCCN(Cc2cccc3c2OCO3)CC1
XS816774b,CC=1C=NN(C1)CC2CCCCN2C(=O)C=3C=CSC3,3.092,O=C(c1ccsc1)N1CCCCC1Cn1cccn1
XS845643a,CC=1C=CC=CC1CN(C)CC(=O)NC(C)C2=CC=CS2,0.63,O=C(CNCc1ccccc1)NCc1cccs1
XS845654a,O=C(C=1C=NC=CN1)N2CCN3C=CC=C3C2C=4C=CC=CC4,1.852,O=C(c1cnccn1)N1CCn2cccc2C1c1ccccc1
XS692439b,CC=1C=NN(C1)CC(C)NCC2=NC(=NO2)C3=CC=CS3,1.246,c1csc(-c2noc(CNCCn3cccn3)n2)c1
XS845646a,CN1CC(CC1=O)C(=O)NC=2C=CC=3N=C(OC3C2)C4CC4,7.154,O=C1CC(C(=O)Nc2ccc3nc(C4CC4)oc3c2)CN1
XS845658a,O=C(NC1CCCNC1=O)C=2SC=CC2C=3C=CC=CC3,0.596,O=C(NC1CCCNC1=O)c1sccc1-c1ccccc1
XS845647a,O=S(CC1=CN2C=C(Cl)C=C(Cl)C2=N1)CC3CC3,2.782,O=S(Cc1cn2ccccc2n1)CC1CC1
XS845652a,CCCC1=NSC(=N1)NC2CCC=3C=CC=CC3NC2=O,0.962,O=C1Nc2ccccc2CCC1Nc1ncns1
XS845653a,CCOC=1C=CC=2N=C(NC(=O)C3CCC(=O)N3)SC2C1,10.822,O=C1CCC(C(=O)Nc2nc3ccccc3s2)N1
XS837653b,CC1(C)CC1(C#N)C(=O)N2CCN(CC(F)(F)CO)CC2,1.598,O=C(C1CC1)N1CCNCC1
XS845645a,CC=1C=CC(=CN1)CC(=O)N2CCCC(C2)C3=NC=CS3,1.272,O=C(Cc1cccnc1)N1CCCC(c2nccs2)C1
XS845673a,CC1=NN2C(=O)C=C(CN3C=4C=CC=CC4CC3C)N=C2S1,4.082,O=c1cc(CN2CCc3ccccc32)nc2scnn12
XS845666a,O=C1NCCCCC1NS(=O)(=O)C=2C=CC=3OCCC3C2,0.71,O=C1NCCCCC1NS(=O)(=O)c1ccc2c(c1)CCO2
XS845670a,CC1=CSC2=NC(=CC(=O)N12)CN3C=4C=CC=CC4CC3C,4.618,O=c1cc(CN2CCc3ccccc32)nc2sccn12
XS425824b,C=1N=CN(CC2CCCN2CC3=CN(N=N3)C=4C=CC=CC4)N1,0.406,c1ccc(-n2cc(CN3CCCC3Cn3cncn3)nn2)cc1
XS839560b,CCN(C=1N=CC(=C(N)N1)[N+]([O-])=O)C(C)C(=O)OC(C)(C)C,1.098,c1cncnc1
XS337440b,COCCN1C=CC(=N1)NC(=O)CN2CCCCC(O)C2=O,2.358,O=C(CN1CCCCCC1=O)Nc1cc[nH]n1
XS845661a,CN1C=C(C=N1)N2CCC(C2)NC(=O)N3CC=4C=CC=CC4C3,3.478,O=C(NC1CCN(c2cn[nH]c2)C1)N1Cc2ccccc2C1
XS845664a,CCC=1C=CC(=CC1)N2CC(CC2=O)C(=O)NCC3=CC=CO3,1.11,O=C(NCc1ccco1)C1CC(=O)N(c2ccccc2)C1
XS697498b,COC=1C=C(C#N)C=CC1OCC(=O)NC(C)C=2C=CC=CC2,1.25,O=C(COc1ccccc1)NCc1ccccc1
XS837909c,O=C1NC(NC=2C=NC=CC12)C3=CN=C(S3)C=4C=CSC4,4.604,O=C1NC(c2cnc(-c3ccsc3)s2)Nc2cnccc21
XS840538b,COC(=O)C1CCC2=C(C=NN2CC=3C=CC(F)=CC3C#N)C1,2.382,c1ccc(Cn2ncc3c2CCCC3)cc1
XS840150b,CC(CNC(=O)N1CCC2(CCCCC2)CC1)C=3C=CC=CN3,0.91,O=C(NCCc1ccccn1)N1CCC2(CCCCC2)CC1
XS793141b,CN1N=CC=2C(=NC=NC21)NC3CCSC=4C(F)=CC=CC43,2.176,c1ccc2c(c1)SCCC2Nc1ncnc2[nH]ncc12
XS840818b,CC(CC=1C=CSC1)N(C)C(=O)C=2C=CC=C(C2O)[N+]([O-])=O,1.368,O=C(NCCc1ccsc1)c1ccccc1
XS845683a,CC1=CC(=NO1)NC(=O)N(CC=2C=CC=CC2)CC3CCCO3,1.79,O=C(Nc1ccon1)N(Cc1ccccc1)CC1CCCO1
XS817134b,O=C(C1CC(=O)NC=2C=CC=CC21)N3CCCCC=4C=CC=CC43,5.564,O=C1CC(C(=O)N2CCCCc3ccccc32)c2ccccc2N1
XS845677a,CC(=O)NC(CC1=CNC=2C=C(F)C=CC12)C(=O)N3CC(C)C3,1.126,O=C(CCc1c[nH]c2ccccc12)N1CCC1
XS845675a,CCC1=NC(=NO1)C2CCCN(C2)C(=O)NC=3C=CC=C(F)C3,4.568,O=C(Nc1ccccc1)N1CCCC(c2ncon2)C1
XS845674a,CC(NC(=O)CNC=1C=CC(C#N)=CC1)C=2C=CC(F)=CC2F,0.786,O=C(CNc1ccccc1)NCc1ccccc1
XS836822b,COC=1N=CN=C(C1NC(=O)NC(C)C=2C=NN(C)C2)N(C)C,0.686,O=C(NCc1cn[nH]c1)Nc1cncnc1
XS818969b,CCCC1=NC(C)=C(S1)C(=O)N2CCCC2C=3C=CN=CC3,2.166,O=C(c1cncs1)N1CCCC1c1ccncc1
XS619604b,O=C(NC=1C=C(F)C=CC1OCC2CCCO2)C=3C=CC=CN3,1.07,O=C(Nc1ccccc1OCC1CCCO1)c1ccccn1
XS399995b,CN(CC1=NN=C2CCCN12)C(=O)NC3CCCC=4C=CC=CC43,0.506,O=C(NCc1nnc2n1CCC2)NC1CCCc2ccccc21
XS387680b,O=C(NC1CCCCNC1=O)C=2C=C(N=C3C=CC=CC23)C4CC4,2.208,O=C(NC1CCCCNC1=O)c1cc(C2CC2)nc2ccccc12
XS837093b,CC(C(=O)N1CC(C1)S(=O)(=O)NC2CCCC2)N3C=CC=N3,2.84,O=C(Cn1cccn1)N1CC(S(=O)(=O)NC2CCCC2)C1
XS666637b,C1=CN(CC2CCCCN2CC3=NC(=NO3)C=4C=CC=NC4)N=C1,2.446,c1cncc(-c2noc(CN3CCCCC3Cn3cccn3)n2)c1
DR004222b,CC1=NNC(C)=C1C2COCCN2C(=O)C=3C=CC(F)=CC3F,0.738,O=C(c1ccccc1)N1CCOCC1c1cn[nH]c1
XS841560b,CC=1C=CC(C)=C(C1)N2C=NC(=O)N2C(C)C3=NC(=NO3)C4CC4,0.406,O=c1ncn(-c2ccccc2)n1Cc1nc(C2CC2)no1
XS839573b,CC1=C2C=NN(C(=O)C2=C(C)N1C)C(C)C=3C=CC(=CC3)C(=O)O,6.152,O=c1c2c[nH]cc2cnn1Cc1ccccc1
XS845687a,CCN1N=NC=2C=C(C=CC21)C(=O)NC(C)CCC=3C=CC=CC3,2.152,O=C(NCCCc1ccccc1)c1ccc2[nH]nnc2c1
XS388378b,CNC(=O)CN(C)C1CC(=O)N(CC=2C=CC(Cl)=CC2)C1=O,2.812,O=C1CCC(=O)N1Cc1ccccc1
XS755398b,CC(CNC(=O)C1=CSC(=C1)S(N)(=O)=O)C=2C=CC=CC2,0.444,O=C(NCCc1ccccc1)c1ccsc1
XS842049b,CC=1C=CC(=CC1)C2=NN=C(NC(=O)C(C)OC=3C=CC=NC3)N2,6.652,O=C(COc1cccnc1)Nc1nnc(-c2ccccc2)[nH]1
XS841009b,O=C(C1=CC(=NO1)C=2C=CC=C(F)C2)N3CCN4CCCCC4C3,5.168,O=C(c1cc(-c2ccccc2)no1)N1CCN2CCCCC2C1
MR045073b,CC1=CC(=NO1)C2CCCN2S(=O)(=O)C=3C(F)=CC=CC3F,1.342,O=S(=O)(c1ccccc1)N1CCCC1c1ccon1
MR044811c,COC=1C=CC=C(C1)N2CCC(CNC(=O)C=3C=CC=C(F)C3)C2,1.748,O=C(NCC1CCN(c2ccccc2)C1)c1ccccc1
XS171332b,CC(NC(=O)C=1C=C(F)C=CC1F)C=2C=CC(=CC2)N3C=NC=N3,15.862,O=C(NCc1ccc(-n2cncn2)cc1)c1ccccc1
XS806860b,CC1=NOC(C)=C1CN(C)C(=O)C2CC(=O)N(C2)C=3C=CC=CC3,1.252,O=C(NCc1cnoc1)C1CC(=O)N(c2ccccc2)C1
XS787903b,COCCN1CCNC(=O)C1C=2C(C)=NN(C2C)C=3C=CC=CC3,1.054,O=C1NCCNC1c1cnn(-c2ccccc2)c1
XS839269b,CP(C)(=O)C=1C=CC(=NC1)N2CCC(CC2)C3OCC3(F)F,2.718,c1ccc(N2CCC(C3CCO3)CC2)nc1
XS837557b,COC=1C=CC(=CC1OC)C(NCC2=CNN=C2C)C(F)(F)F,0.546,c1ccc(CNCc2cn[nH]c2)cc1
XS845688a,O=C1OC(=NN1CC(O)COC=2C=CC(F)=CC2)C=3C=CC=CC3,0.846,O=c1oc(-c2ccccc2)nn1CCCOc1ccccc1
XS745351b,CC(C)(C)CC(=O)NCC(=O)N1CC2(CCC2)C1C=3C=CC=CC3,1.176,c1ccc(C2NCC23CCC3)cc1
XS845692a,CC(C(=O)NC1CCCCC1)S(=O)(=O)CC=2C=CC(F)=CC2,2.21,O=C(CS(=O)(=O)Cc1ccccc1)NC1CCCCC1
XS839538b,CC=1N=NC(=C(C#N)C1C)N2CCCC(C2)C3=NC(=NO3)N(C)C,4.228,c1cnnc(N2CCCC(c3ncno3)C2)c1
XS840351b,CS(=O)(=O)NCC1CCCN(C1)C=2C=CC(C#N)=C(Cl)C2,1.096,c1ccc(N2CCCCC2)cc1
XS838013b,CC1C2=NN=CN2CCN1C(=O)CN3C=C(N=N3)C=4C=CSC4,5.73,O=C(Cn1cc(-c2ccsc2)nn1)N1CCn2cnnc2C1
XS845691a,O=C(NCC(C1=CC=CS1)N2CCCC2)C=3C=C(NN3)C4CC4,2.732,O=C(NCC(c1cccs1)N1CCCC1)c1cc(C2CC2)[nH]n1
XS841627b,CC1CN(CC=2C=CC(=CC2)C3=CN=CO3)C=4C=CC=CC4NC1=O,12.222,O=C1CCN(Cc2ccc(-c3cnco3)cc2)c2ccccc2N1
XS406582b,COC=1C=CC=CC1C2=NC(=CS2)CN3CCCC3C(C)(C)O,10.362,c1ccc(-c2nc(CN3CCCC3)cs2)cc1
XS845705a,CCC=1C=CC(=CC1)C=2CC(C3=CC=CS3)N(N2)S(C)(=O)=O,6.886,c1ccc(C2=NNC(c3cccs3)C2)cc1
XS845700a,CC=1C=COC1C(=O)NC2CCCC3=C2C=NN3CC=4C=CC=CC4,1.578,O=C(NC1CCCc2c1cnn2Cc1ccccc1)c1ccco1
XS838548b,N#CC=1C=CC(=C(Br)C1)N2C=C(N=N2)C3CCCOC3,5.41,c1ccc(-n2cc(C3CCCOC3)nn2)cc1
XS818539b,CC(=O)NC(CC(=O)N(CC1=CC=CO1)C2CC2)C3=CC=CS3,3.61,O=C(CCc1cccs1)N(Cc1ccco1)C1CC1
XS845707a,COC=1C=CC(=CN1)N(C)C(=O)C(C)NC(=O)CC2CCCCC2,3.382,O=C(CC1CCCCC1)NCC(=O)Nc1cccnc1
XS845697a,CC=1N=C(SC(C)C(=O)N2CCNC2=O)N(C1C)C3CCCC3,2.918,O=C(CSc1nccn1C1CCCC1)N1CCNC1=O
XS845702a,CC(CN1C=CC=N1)NC(=O)C=2C=C(Cl)C=3OCCCOC3C2,2.02,O=C(NCCn1cccn1)c1ccc2c(c1)OCCCO2
XS532584b,CC(C)CCC1=NOC(CN2CCCC(O)(CN3C=CN=N3)C2)=N1,6.098,c1cn(CC2CCCN(Cc3ncno3)C2)nn1
XS839702b,CCC=1C=CC=C2C(=CNC12)CCNS(=O)(=O)CC3CCOC3,0.5,O=S(=O)(CC1CCOC1)NCCc1c[nH]c2ccccc12
XS070062b,COC=1C=CC=CC1C(C)NC(=O)C=2C=CC=CC2Br,0.384,O=C(NCc1ccccc1)c1ccccc1
XS845711a,CC1=NNC(C)=C1C2COCCN2C(=O)C3=CC(C)=CC4=CNN=C34,8.736,O=C(c1cccc2c[nH]nc12)N1CCOCC1c1cn[nH]c1
XS505389b,CN(CC1=NC(=NO1)C=2C=COC2)C3CCCN(C3)C=4C=CC=NN4,0.636,c1cnnc(N2CCCC(NCc3nc(-c4ccoc4)no3)C2)c1
XS845715a,O=C(COC(=O)C1=CC=2C(F)=CC=CC2S1)NCC3CCCO3,1.76,O=C(COC(=O)c1cc2ccccc2s1)NCC1CCCO1
XS845708a,CC=1C=CC(=CC1)C2=NC(CN3CCCC(CN4C=NC=N4)C3)=NO2,1.592,c1ccc(-c2nc(CN3CCCC(Cn4cncn4)C3)no2)cc1
XS837294b,CC1=NN=C2C(CCCN12)NS(=O)(=O)C3=CN=C(S3)C4CC4,0.82,O=S(=O)(NC1CCCn2cnnc21)c1cnc(C2CC2)s1
XS845714a,CC(C)OC=1C=C(C=CN1)C(=O)NC=2C=CC=C(C2)C3CCC(=O)N3,14.3,O=C1CCC(c2cccc(NC(=O)c3ccncc3)c2)N1
XS845716a,CC1=C(C=CN1C(C)C)C(=O)N2CCC(C2)NC=3C=CC=C(C#N)C3,0.656,O=C(c1cc[nH]c1)N1CCC(Nc2ccccc2)C1
XS845720a,CC=1C=CC(=CC1C)C2CCCN2C(=O)C=3C=C(F)C=C4NC=NC34,1.46,O=C(c1cccc2[nH]cnc12)N1CCCC1c1ccccc1
XS838685b,CN(C1=NC=2N=CC=NC2S1)C3CCC=4C=CC=CC4N(C)C3=O,0.562,O=C1Nc2ccccc2CCC1Nc1nc2nccnc2s1
XS841747b,O=C(NCCN1C(=O)COC=2C=CC=CC21)C3CCC=4NN=CC4C3,2.166,O=C(NCCN1C(=O)COc2ccccc21)C1CCc2[nH]ncc2C1
XS836691b,CC(NCCN1C(=O)C=2C=CC=CC2C1=O)C=3C=CC(C#N)=CC3F,0.936,O=C1c2ccccc2C(=O)N1CCNCc1ccccc1
XS845713a,CC1=NOC(=N1)C2CN(CCN2C)C(=O)C=3C=CC=C(Cl)C3F,1.036,O=C(c1ccccc1)N1CCNC(c2ncno2)C1
XS845717a,CC(C)COC=1C=CC(=CC1)S(=O)(=O)NC(C)CN2C=CC=N2,0.5,O=S(=O)(NCCn1cccn1)c1ccccc1
XS845719a,CCC=1C=CC=C(C1)NC2CCN(C2)C(=O)C=3C=NN(C3)C4CCC4,0.894,O=C(c1cnn(C2CCC2)c1)N1CCC(Nc2ccccc2)C1
XS528862b,O=C(C1=CSC(=N1)C=2C=COC2)N3CCC=4C=CC=CC4C3CO,2.796,O=C(c1csc(-c2ccoc2)n1)N1CCc2ccccc2C1
XS845709a,CCCNC(=O)CNC(=O)NC1CCN(C1)C=2C=CC=C(Cl)C2,5.934,c1ccc(N2CCCC2)cc1
XS838113b,COC=1C=CC2=C(N1)N(C)CCN2C(=O)C3CCC4=NC(C)=NN4C3,1.228,O=C(C1CCc2ncnn2C1)N1CCNc2ncccc21
XS839364b,FC=1C=C(Br)C=C(N1)NC2CCCOC32CCOCC3,0.5,c1ccc(NC2CCCOC23CCOCC3)nc1
XS554086b,CCC1=NOC(CCCC(=O)N2CCCCC2CC=3C=CC=CC3)=N1,4.158,O=C(CCCc1ncno1)N1CCCCC1Cc1ccccc1
XS845723a,O=C(NC1CCN(C1)C=2C=CC=C(Cl)C2)C=3C=CC4=NN=CN4C3,3.922,O=C(NC1CCN(c2ccccc2)C1)c1ccc2nncn2c1
XS845728a,O=C(CC=1C=CC(Cl)=CC1)NCC(C=2C=CC=CC2)N3CCCC3,1.572,O=C(Cc1ccccc1)NCC(c1ccccc1)N1CCCC1
XS845727a,CC=1C=CC(=CC1)C(=O)OCC(=O)NCC2COC=3C=CC=CC3O2,0.546,O=C(COC(=O)c1ccccc1)NCC1COc2ccccc2O1
XS845726a,CCCC1=NOC(=N1)C(C)N2CCC(CC2)C3=NC=4C=CC=CC4O3,10.512,c1ccc2oc(C3CCN(Cc4ncno4)CC3)nc2c1
XS845721a,O=C(NCC(O)COC=1C=CC(F)=CC1)C=2C=CC(F)=CC2Cl,1.422,O=C(NCCCOc1ccccc1)c1ccccc1
XS842688b,CC(N1CCN(CC1)C(=O)N2CCS(=O)(=O)CC2)C(F)(F)F,3.498,O=C(N1CCNCC1)N1CCS(=O)(=O)CC1
XS788710b,CC=1C=CC(NC(=O)CN(C)CC2COC=3C=CC=CC3O2)=C(F)C1,0.442,O=C(CNCC1COc2ccccc2O1)Nc1ccccc1
XS535120b,CCC(OC=1C=CC=CC1F)C(=O)N2CCC(CC2)C=3C=CN=CN3,1.44,O=C(COc1ccccc1)N1CCC(c2ccncn2)CC1
XS845724a,CN1C=CN=C1C(NC(=O)C=2C=C(Cl)C=CC2F)C=3C=CC=CC3,0.626,O=C(NC(c1ccccc1)c1ncc[nH]1)c1ccccc1
XS156497b,CC1=CN=C(NC(=O)C2CCCN(C2)C(=O)NC=3C=CC=CC3)S1,17.954,O=C(Nc1nccs1)C1CCCN(C(=O)Nc2ccccc2)C1
XS845731a,COC=1C=CC(=CC1)S(=O)CC2=NN=NN2CCC=3C=CC=CC3,5.506,O=S(Cc1nnnn1CCc1ccccc1)c1ccccc1
XS012737e,COCCN1C(=O)CC(C1=O)N2CCN(CC2)C=3C=CC=C(C)C3C,5.91,O=C1CC(N2CCN(c3ccccc3)CC2)C(=O)N1
XS742991b,O=C(CS(=O)CC1=CSC(=N1)C2CCCC2)NC=3C=CC=CC3,1.648,O=C(CS(=O)Cc1csc(C2CCCC2)n1)Nc1ccccc1
XS838488b,O=C(NCC(C=1C=CC(Cl)=CC1)N2CCCC2)C=3N=CC=CC3O,1.892,O=C(NCC(c1ccccc1)N1CCCC1)c1ccccn1
XS845742a,O=C(C=1C=CN2N=NC=C2C1)N3CCCC(C3)C4=CNC=5C=CC=CC45,0.908,O=C(c1ccn2nncc2c1)N1CCCC(c2c[nH]c3ccccc23)C1
XS669914b,CC1=NN(CC(C)C)C(C)=C1CC(=O)N2CCCC(C2)N3C=NC=N3,0.448,O=C(Cc1cn[nH]c1)N1CCCC(n2cncn2)C1
XS845741a,CC(C1CC1)N(C)C(=O)C2=CC(=NN2)C=3C=CC(Br)=CC3,2.482,O=C(NCC1CC1)c1cc(-c2ccccc2)n[nH]1
XS837355b,O=C1NC=CN=C1N2CCC(C2)NC3=NC=4N=CC(Cl)=CC4S3,22.138,O=c1[nH]ccnc1N1CCC(Nc2nc3ncccc3s2)C1
XS600065b,CCC(NC(=O)CCC1=NN=C(O1)C=2C=CSC2)C3CCCCC3,0.596,O=C(CCc1nnc(-c2ccsc2)o1)NCC1CCCCC1
XS840613c,CC=1N=C2C=CC(=CC2=NC1C)C(=O)NC(C)C=3C=CC=C(C3)[N+]([O-])=O,1.772,O=C(NCc1ccccc1)c1ccc2nccnc2c1
XS679112b,O=C(NC1CC1)C=2C=C(N=C3C=CC=CC23)SC4CCCCNC4=O,6.314,O=C(NC1CC1)c1cc(SC2CCCCNC2=O)nc2ccccc12
XS845754a,O=C(NC=1C=NC=C2C=CC=CC12)C3CC(=O)NC=4C=CC(Cl)=CC43,4.496,O=C1CC(C(=O)Nc2cncc3ccccc23)c2ccccc2N1
XS565191b,CC(C)OC=1C=CC=C(C1)CC(=O)NC2CCCC3=CN(N=C32)C(C)C,0.538,O=C(Cc1ccccc1)NC1CCCc2c[nH]nc21
XS706910b,CC(NC(=O)C1CCN(CC1)C=2C=CC(C#N)=CN2)C=3C=CC=C(O)C3,0.996,O=C(NCc1ccccc1)C1CCN(c2ccccn2)CC1
XS840693b,CN(C1CC(C)(C)OC1=O)S(=O)(=O)C=2C=CC=C(C2)N3C=CN=N3,1.438,O=C1OCCC1NS(=O)(=O)c1cccc(-n2ccnn2)c1
XS814928b,CC1=NN(C)C=2N=C(C)C(CCC(=O)NC(C)C3=CC=CS3)=C(C)C12,0.652,O=C(CCc1cnc2[nH]ncc2c1)NCc1cccs1
XS405178b,O=C(NC=1C=CC(=CC1)OC2CCCC2)N3CCCC(C3)C4=NC=CN4,1.422,O=C(Nc1ccc(OC2CCCC2)cc1)N1CCCC(c2ncc[nH]2)C1
XS845756a,CC=1C=C(NC(=O)C(C)N(C)CC2=CC(Br)=CS2)ON1,6.58,O=C(CNCc1cccs1)Nc1ccno1
XS845755a,CCC=1C=CC(=CC1)NC(=O)C(C)NC=2C=CC(=CC2)N3CCCC3=O,3.904,O=C(CNc1ccc(N2CCCC2=O)cc1)Nc1ccccc1
XS837712b,CC(C)(C)C=1OC=NC1CNC(=O)NC=2C=CC(=CC2)C3(C)CC3(F)F,1.246,O=C(NCc1cocn1)Nc1ccc(C2CC2)cc1
XS613666b,COC=1C=CC(Cl)=CC1N2CCC(C2)NC(=O)CC=3C=CC(C)=CC3,0.974,O=C(Cc1ccccc1)NC1CCN(c2ccccc2)C1
XS667491b,CC=1C=C(C)N(N1)C=2C=CC(Cl)=C(N2)C(=O)NC3CCN(C)C(=O)C3,1.596,O=C1CC(NC(=O)c2cccc(-n3cccn3)n2)CCN1
XS845763a,CC1COC=2C=CC=CC2CN1C(=O)C=3C=CC(=O)N(C3)C=4C=NN(C)C4,4.34,O=C(c1ccc(=O)n(-c2cn[nH]c2)c1)N1CCOc2ccccc2C1
XS845769a,CC(CC1CCC1)C(=O)N2CC(CNC(=O)CC=3C=C(ON3)C4CC4)C2,0.594,O=C(Cc1cc(C2CC2)on1)NCC1CN(C(=O)CCC2CCC2)C1
XS841524b,COC=1C=C(C(=O)N2CCC32CCCS(=O)(=O)C3)C4=CC=CC=C4N1,1.3,O=C(c1ccnc2ccccc12)N1CCC12CCCS(=O)(=O)C2
XS845760a,CC(CC(=O)N1CCC(C)(CC1)C=2C=CC=CC2)NC(=O)C=3C=CC=CC3,5.71,O=C(NCCC(=O)N1CCC(c2ccccc2)CC1)c1ccccc1
XS699540b,CC(=O)NC(C(=O)OCC1=NC2=C(C)C=CC=C2C(=O)N1)C3CCCC3,0.482,O=C(CC1CCCC1)OCc1nc2ccccc2c(=O)[nH]1
XS845761a,CC(NC(=O)C1=CC=2C=C(F)C=CC2N1)C=3C=NN(C3)CC=4C=CC=CC4,3.108,O=C(NCc1cnn(Cc2ccccc2)c1)c1cc2ccccc2[nH]1
XS838831b,CC(C(=O)NC=1C=CC(=CC1)C(C)(C)C)N2C=C(COC3COC3)N=N2,4.718,O=C(Cn1cc(COC2COC2)nn1)Nc1ccccc1
XS837987b,CCC1=NC=2CCCC(C2S1)N(C)S(=O)(=O)C=3C=CC=CC3OC,0.748,O=S(=O)(NC1CCCc2ncsc21)c1ccccc1
XS181966e,COC=1N=CC=CC1CNC(=O)NC(CC=2C=CC=CC2)C=3C=CC=CC3,0.71,O=C(NCc1cccnc1)NC(Cc1ccccc1)c1ccccc1
XS771954b,CC=1C=CC(=CC1F)C2=NOC(=N2)C(C)N3CCOCC4(CCOCC4)C3,1.054,c1ccc(-c2noc(CN3CCOCC4(CCOCC4)C3)n2)cc1
XS845775a,CNS(=O)(=O)C=1C=CC(=CC1)C(=O)N2CCCC2C=3C=CC=C(C3)OC,0.748,O=C(c1ccccc1)N1CCCC1c1ccccc1
XS778895b,CC(=O)N1CCCCC1C(=O)NCC2CCN(CC2)C(=O)C=3C=CC=CC3,1.312,O=C(NCC1CCN(C(=O)c2ccccc2)CC1)C1CCCCN1
XS796792b,CCN(C1CCS(=O)(=O)C1)S(=O)(=O)C=2C=CC=3OCCCOC3C2,2.018,O=S1(=O)CCC(NS(=O)(=O)c2ccc3c(c2)OCCCO3)C1
XS694761b,CC1=NN(CC=2C=CC=CC2Cl)C(C)=C1C(=O)NC3CCCCNC3=O,3.44,O=C(NC1CCCCNC1=O)c1cnn(Cc2ccccc2)c1
XS551019b,COC=1C=CC(=CC1)C(CO)N(C)S(=O)(=O)C=2C=CC=C3C=NC=CC23,1.402,O=S(=O)(NCc1ccccc1)c1cccc2cnccc12
XS839127b,CC1=NN=NN1C=2C=CC(=CC2)C(=O)NC(C)COC=3C=CC(F)=CC3F,0.616,O=C(NCCOc1ccccc1)c1ccc(-n2cnnn2)cc1
XS845778a,CC=1C=CC(=CC1)C=2C=C(NN2)C(=O)N3CCCC(C3)C(=O)NCC4CC4,2.31,O=C(NCC1CC1)C1CCCN(C(=O)c2cc(-c3ccccc3)n[nH]2)C1
XS845774a,CC(OC=1C=CC(C#N)=CC1)C(=O)N(C)CC2=NC=3C=CSC3C(=O)N2,2.13,O=C(COc1ccccc1)NCc1nc2ccsc2c(=O)[nH]1
XS838348b,CC(C)(C)C=1CC(ON1)C(=O)NC=2C=CC(=CC2)C3=NN=C4CCCCN34,3.934,O=C(Nc1ccc(-c2nnc3n2CCCC3)cc1)C1CC=NO1
XS839436b,CN(C(C(N)=O)C=1C=CC=C(F)C1)S(=O)(=O)C2=CSC=3C=CC=CC23,0.558,O=S(=O)(NCc1ccccc1)c1csc2ccccc12
XS845787a,CN1C(=NN=C1N2CCC(C)(F)C2)C=3C=C(ON3)C=4C=CC=5OCCOC5C4,1.872,c1cc2c(cc1-c1cc(-c3nnc(N4CCCC4)[nH]3)no1)OCCO2
XS845792a,COC=1C=C(C=CC1OCC=2C=CN=CC2)C(C)NC(=O)C=3N=CC=NC3N,1.188,O=C(NCc1ccc(OCc2ccncc2)cc1)c1cnccn1
XS845783a,CC(C(=O)NC=1C=CC=C(F)C1)N2CCN(CC2)C=3N=CN=C4C3C=NN4C,16.756,O=C(CN1CCN(c2ncnc3[nH]ncc23)CC1)Nc1ccccc1
XS845789a,CC=1C=CC(OC(C)C(=O)NCC2=NN=C3C=CC=CN23)=C(Br)C1,0.884,O=C(COc1ccccc1)NCc1nnc2ccccn12
XS845791a,CCNC(=O)COC=1C=CC=C(C1)C(C)NC(=O)C=2C=CC=3N=CSC3C2,0.518,O=C(NCc1ccccc1)c1ccc2ncsc2c1
XS845793a,CNC(=O)NC(=O)C(C)SC1=NN=C(C2=CNC=3C=CC=CC23)N1C4CC4,4.188,c1ccc2c(-c3nncn3C3CC3)c[nH]c2c1
XS845786a,CN1C(=O)C=2C=CC(=CC2C1=O)C(=O)NCC(C=3C=CC=CC3)N4CCCC4,2.42,O=C(NCC(c1ccccc1)N1CCCC1)c1ccc2c(c1)C(=O)NC2=O
XS845782a,COC=1C=CC(F)=C2NC(=CC12)C(=O)N3CCN(CC=4C=CC=CC4)CC3C,1.892,O=C(c1cc2ccccc2[nH]1)N1CCN(Cc2ccccc2)CC1
XS764874b,CC1=NOC(C)=C1S(=O)(=O)N2CCN(CC2)C(=O)C(C)C=3C=CC=NC3,1.288,O=C(Cc1cccnc1)N1CCN(S(=O)(=O)c2cnoc2)CC1
XS056720e,CC1=CC(=NO1)NC(=O)C(C=2C=CC=CC2)N3CCN(CC3)C(=O)C4=CC=CO4,1.73,O=C(Nc1ccon1)C(c1ccccc1)N1CCN(C(=O)c2ccco2)CC1
XS845796a,CC1=NN(C)C=2SC(=CC12)C(=O)NC(C)CN3CCN(CC3)C=4C=CC=CC4,0.666,O=C(NCCN1CCN(c2ccccc2)CC1)c1cc2cn[nH]c2s1
XS845800a,COC=1C=CC=C(C1)C2CCCN2S(=O)(=O)C=3C=CC=CC3Br,6.916,O=S(=O)(c1ccccc1)N1CCCC1c1ccccc1
XS845806a,CC1=CC=C(S1)S(=O)(=O)N2CCCC(C2)C(=O)N(C)C=3C=CC=CC3F,2.642,O=C(Nc1ccccc1)C1CCCN(S(=O)(=O)c2cccs2)C1
XS845799a,O=C(NCCC=1C=CC=2NC=CC2C1)N3CCCC(C3)N4CCCS4(=O)=O,0.402,O=C(NCCc1ccc2[nH]ccc2c1)N1CCCC(N2CCCS2(=O)=O)C1
XS845802a,CC1=NOC=2N=C(C=C(C(=O)OC(C)C(=O)N3CCCC3)C12)C=4C=CC(F)=CC4,4.444,O=C(OCC(=O)N1CCCC1)c1cc(-c2ccccc2)nc2oncc12
XS845805a,O=C(C1CCCN(CC(F)(F)F)C1)N2CC=C(CC2)C3=CNC=4N=CC=CC34,1.096,O=C(C1CCCNC1)N1CC=C(c2c[nH]c3ncccc23)CC1
XS845803a,CC(=O)NCC=1C=CC(=CC1)S(=O)(=O)N(C)CC2COC=3C=CC=CC3O2,2.276,O=S(=O)(NCC1COc2ccccc2O1)c1ccccc1
XS840977b,CCOCC=1N=C(C=2N=NN(C2C)C=3C=CC(F)=C(F)C3)N(N1)C(C)C4CC4,3.12,c1ccc(-n2cc(-c3ncnn3CC3CC3)nn2)cc1
XS837875b,CCN1C(=NN=C1N2CCC=3C=CC=CC3C2)C4CC=5C=C(F)C=CC5NC4=O,0.942,O=C1Nc2ccccc2CC1c1nnc(N2CCc3ccccc3C2)[nH]1
XS845795a,CC(SC=1C=CC(=CN1)S(=O)(=O)N(C)C)C(=O)NC(=O)NC(C)(C)C,3.446,c1ccncc1
XS845819a,O=C(CC=1C=CC=CC1)N2CCCC(C2)C(=O)NC=3C=CC(=C(F)C3)N4C=CC=N4,1.012,O=C(Nc1ccc(-n2cccn2)cc1)C1CCCN(C(=O)Cc2ccccc2)C1
XS056501d,CC=1N=C2C=CC=CC2=NC1COC(=O)C(C)N3C(=O)C=4C=CC=C(C4C3=O)[N+]([O-])=O,8.806,O=C(CN1C(=O)c2ccccc2C1=O)OCc1cnc2ccccc2n1
XS842500b,CC(NC(=O)C=1C=NN(C)C1C#N)C2=NC(=CS2)C=3C=CC(Cl)=CC3Cl,5.702,O=C(NCc1nc(-c2ccccc2)cs1)c1cn[nH]c1
XS388181b,CN1C=CN=C1C(NC(=O)C2=CN=C3SCCN3C2=O)C=4C=CC(Cl)=CC4,1.802,O=C(NC(c1ccccc1)c1ncc[nH]1)c1cnc2n(c1=O)CCS2
XS840025b,CCOC=1C=CC(=CC1)NC=2N=CC=CC2C(=O)OC(C)CN(C)S(C)(=O)=O,0.466,c1ccc(Nc2ccccn2)cc1
XS845809a,CCC=1C(=CN=C2C1C(=O)N(C)C(=O)N2C)C(=O)NCC(C)N(C)C=3C=CC=CC3,1.84,O=C(NCCNc1ccccc1)c1cnc2[nH]c(=O)[nH]c(=O)c2c1
XS845812a,CC(NC(=O)CCC1=NC=C(O1)C=2C=CC(F)=CC2F)C=3C=CC=4OCOC4C3,3.01,O=C(CCc1ncc(-c2ccccc2)o1)NCc1ccc2c(c1)OCO2
XS845818a,COC=1C=C(C=CC1OC(=O)C2=CC=CO2)C3NC(=O)NC(C)=C3C(=O)OC(C)C,0.98,O=C1NC=CC(c2ccc(OC(=O)c3ccco3)cc2)N1
XS837573b,CCC(C)(COC=1N=CC=CC1Cl)NS(=O)(=O)CC=2C=C(ON2)C(C)(C)C,2.158,O=S(=O)(Cc1ccon1)NCCOc1ccccn1
XS845814a,O=C(NCC=1C=CC(=CC1)CN2CCC=3C=CC=CC32)C4CC(=O)NC=5C=CC=CC54,9.336,O=C1CC(C(=O)NCc2ccc(CN3CCc4ccccc43)cc2)c2ccccc2N1
XS845835a,O=C1C=C(CN2CCCC2C=3C=CC=4OCCCOC4C3)N=C5C=CC(Br)=CN15,4.706,O=c1cc(CN2CCCC2c2ccc3c(c2)OCCCO3)nc2ccccn12
XS845834a,CCC(=O)N1N=C(CC1C=2C(F)=CC=CC2Cl)C=3C=CC(=CC3)NS(C)(=O)=O,0.64,c1ccc(C2=NNC(c3ccccc3)C2)cc1
XS047217c,CC(C)N(C(=O)CN1C(=NC=2C=CC=CC21)C3CC(=O)N(C3)C=4C=CC=CC4F)C=5C=CC=CC5,1.134,O=C(Cn1c(C2CC(=O)N(c3ccccc3)C2)nc2ccccc21)Nc1ccccc1
XS845832a,COCCOC(=O)C1=C(C)N(C(=O)NC1C=2C=CC(=CC2)C(=O)OC)C=3C=CC=CC3,2.136,O=C1NC(c2ccccc2)C=CN1c1ccccc1
XS841675b,CC1(C)CC2(CCO1)NC(=O)C=3C=CC=CC3N2,0.484,O=C1NC2(CCOCC2)Nc2ccccc21
XS845851a,O=C(C1=CC=CO1)N2CCCC(C2)C(F)(F)F,0.594,O=C(c1ccco1)N1CCCCC1
XS845844a,CC1CN(CCO1)C=2N=CN=C3C=CC=CC23,0.41,c1ccc2c(N3CCOCC3)ncnc2c1
XS837449b,O=C(C1CCOC1)N2CCN3N=CC=C23,5.214,O=C(C1CCOC1)N1CCn2nccc21
XS845841a,CC(C#N)SC1=NN=C(O1)C=2C=CC(F)=CC2,2.21,c1ccc(-c2nnco2)cc1
XS845850a,O=C(NCC1CCOC1)C2=CN3C=CC=CC3=N2,0.808,O=C(NCC1CCOC1)c1cn2ccccc2n1
XS845848a,CC1CC=2C=CC=CC2N1C(=O)C3=CC=CO3,1.96,O=C(c1ccco1)N1CCc2ccccc21
XS837487b,O=C1NCCC1N2CCOCC(F)(F)C2,2.168,O=C1NCCC1N1CCCOCC1
XS845840a,COCC1CCN(C1)C=2C=CN=C3C=CSC23,0.486,c1cc(N2CCCC2)c2sccc2n1
XS841639b,CCN1CN(CC1=O)C(=O)C2CC32CCCC3,3.842,O=C1CN(C(=O)C2CC23CCCC3)CN1
XS841194b,CC1(COC(=O)N1)C=2C=CC=C(C2)[N+]([O-])=O,1.14,O=C1NC(c2ccccc2)CO1
XS837257b,CC1CNC(=O)C=2C=CC=C(Br)C21,0.594,O=C1NCCc2ccccc21
XS845846a,CC(NC=1N=CN=C2C1C=NN2C)C3CC3,2.322,c1nc(NCC2CC2)c2cn[nH]c2n1
XS845842a,CCC1CCN(C1)C2=NC(=CO2)C(=O)O,9.008,c1coc(N2CCCC2)n1
XS845862a,CC(C=1C=CC(=CC1)N2C=NC=N2)N(C)C(=O)C3CC3,5.184,O=C(NCc1ccc(-n2cncn2)cc1)C1CC1
XS845856a,CC(CCC1=CC=CO1)NC=2N=CN=C3C2C=NN3C,3.686,c1coc(CCCNc2ncnc3[nH]ncc23)c1
XS840882b,CC1=CC(=NO1)C2CCCN2C3=CC=CC4=NN=CN34,0.41,c1cc(N2CCCC2c2ccon2)n2cnnc2c1
XS837862b,CCC(NC(=O)C1=CN(N=N1)C(C)(C)C)C(F)F,1.23,c1c[nH]nn1
XS163410b,NC(=O)C(NC=1C=CC(Cl)=CC1)C=2C=CC=CC2,3.83,c1ccc(CNc2ccccc2)cc1
XS079187b,CC=1OC=CC1C2=NN=C(O2)SC(C)C(N)=O,1.846,c1cc(-c2nnco2)co1
XS837352b,COC=1N=CC(=CC1C)C=2C=CC(=CC2)C(C)C(=O)O,5.686,c1ccc(-c2cccnc2)cc1
XS840175b,CCN(CC=1N=NNN1)C(=O)CC2CC(C)(C)CO2,0.698,O=C(CC1CCCO1)NCc1nn[nH]n1
XS840427b,CC=1N=C(C)N(CC(C)C(=O)NC2=NC=CS2)N1,9.418,O=C(CCn1cncn1)Nc1nccs1
XS845867a,CC(OC=1C=CC=C(Cl)C1)C(=O)NC=2C=CC=CC2,1.65,O=C(COc1ccccc1)Nc1ccccc1
XS397241b,COC=1C=CC=CC1C(C)NC(=O)C=2C=CC=CC2F,0.882,O=C(NCc1ccccc1)c1ccccc1
XS838655b,CC=1C=CC=CC1N2C=C(C=N2)OCC3CCC(=O)NC3,2.22,O=C1CCC(COc2cnn(-c3ccccc3)c2)CN1
XS733093b,CC1C(=O)NCCN1C(=O)C=2C=CC=C(C2)C(F)(F)F,0.604,O=C1CN(C(=O)c2ccccc2)CCN1
XS842448b,OC1(CNC=2C=CC(=CN2)C(F)(F)F)CCSC1,1.058,c1ccc(NCC2CCSC2)nc1
XS842164b,CN1CCCCC(C(=O)N2CC(C2)OC(F)F)C1=O,0.78,O=C1NCCCCC1C(=O)N1CCC1
XS845882a,CC(NC=1C=CC=2NC(=O)CCC2C1)C(=O)N3CCCC3,0.814,O=C1CCc2cc(NCC(=O)N3CCCC3)ccc2N1
XS838683b,FC=1C=C(F)C=C(C1)C(F)CNC2=NC=CC3=CN=CN23,3.692,c1ccc(CCNc2nccc3cncn23)cc1
XS845883a,COC=1C=CC=C(C1)CC(=O)NC2(C)CCS(=O)(=O)C2,0.562,O=C(Cc1ccccc1)NC1CCS(=O)(=O)C1
XS840222b,COCCC(CO)NC(=O)C=1C=CC2=CC=CC(O)=C2C1,0.68,c1ccc2ccccc2c1
XS838459b,CC1CN(CC2=CNN=C21)C=3C(F)=C(Cl)C=CC3C#N,2.12,c1ccc(N2CCc3n[nH]cc3C2)cc1
XS841381b,CC1=CC(=O)NC(=N1)NCC2CSC=3C=CC=CC3O2,0.71,O=c1ccnc(NCC2CSc3ccccc3O2)[nH]1
XS845880a,CC(C(=O)NCCC=1C=CC=2OCOC2C1)N3C=CC=N3,32.728,O=C(Cn1cccn1)NCCc1ccc2c(c1)OCO2
XS829006b,CC(=O)N1CC(=O)NC=2C=C(C)C=CC2C1C=3C=CC=CC3,0.978,O=C1CNC(c2ccccc2)c2ccccc2N1
XS840548b,CC(C)C(C1=NC(=NO1)N(C)C)N2CCCS2(=O)=O,0.52,O=S1(=O)CCCN1Cc1ncno1
XS845886a,CC=1SC=2N=CN=C(C2C1C)N3CCCC(C3)C(=O)O,2.228,c1nc(N2CCCCC2)c2ccsc2n1
XS845901a,CC(NS(=O)(=O)C=1C=CC=C(F)C1)C(=O)N2CCCC2,3.65,O=C(CNS(=O)(=O)c1ccccc1)N1CCCC1
XS845893a,CC(=O)NC(C(=O)N(C)C1=NC=2C=CC=CC2S1)C(C)C,2.326,c1ccc2scnc2c1
XS435449b,CC(NC(=O)C=1C=CC=NC1)C=2C=CC(=CC2)S(N)(=O)=O,1.818,O=C(NCc1ccccc1)c1cccnc1
XS587583b,NC=1N=C(CSC2CCCCNC2=O)N=C3C=CC=CC13,3.324,O=C1NCCCCC1SCc1ncc2ccccc2n1
XS839040b,O=C1C2=CC=CN2C=NN1CCC(C=3C=CC=CC3)C(F)F,5.42,O=c1c2cccn2cnn1CCCc1ccccc1
XS845896a,CCCNC(=O)C(C)SC=1C=CC(Br)=CN1,1.02,c1ccncc1
XS448878b,CC=1C=CC=CC1C2CCN(C2)C(=O)C3=CNC=4N=CC=CC34,0.848,O=C(c1c[nH]c2ncccc12)N1CCC(c2ccccc2)C1
XS805428b,CC1=CSC(=N1)C2CCCCN2C(=O)C=3C=CC(C)=NC3,0.708,O=C(c1cccnc1)N1CCCCC1c1nccs1
XS845898a,CSC=1C=CC(=CC1)C(C)NC(=O)NCC=2C=CC=CC2,1.246,O=C(NCc1ccccc1)NCc1ccccc1
XS605165b,CCCC1=NN(C(=O)O1)C2CCN(C2=O)C=3C=CC(C)=CC3,1.17,O=C1C(n2ncoc2=O)CCN1c1ccccc1
XS142909b,CC(NC(=O)CCC1=CC=CS1)C2=NC=3C=CC=CC3N2,1.57,O=C(CCc1cccs1)NCc1nc2ccccc2[nH]1
XS638371b,CC=1C=C(C)C=C(C1)NC(C)C(=O)NCCC2=CC=CS2,1.402,O=C(CNc1ccccc1)NCCc1cccs1
XS806396b,CC(SC=1C=CC(Cl)=CC1)C(=O)N2CCNC(=O)C2,1.592,O=C1CN(C(=O)CSc2ccccc2)CCN1
XS845904a,COC=1C=C(C#N)C=CC1OC(C)C(=O)NC=2C=CC=C(C)C2,0.384,O=C(COc1ccccc1)Nc1ccccc1
XS842629b,CC(CC=1C=CSC1)N(C)C(=O)NC=2C=CC=3C=CNC3C2,0.538,O=C(NCCc1ccsc1)Nc1ccc2cc[nH]c2c1
XS836466b,CC(NC(=O)C=1OC=CC1COC=2C=CC=CC2)C=3C=CON3,1.442,O=C(NCc1ccon1)c1occc1COc1ccccc1
XS845906a,CC1=CSC(=N1)SCC(=O)NC2CCS(=O)(=O)C2,1.186,O=C(CSc1nccs1)NC1CCS(=O)(=O)C1
XS845912a,CC(C(=O)N(C)CCOC=1C=CC(Cl)=CC1)N2C=NC=N2,0.786,O=C(Cn1cncn1)NCCOc1ccccc1
XS845910a,CC1=NOC(CN(C)C(C)C=2C=CC(=CC2)S(C)(=O)=O)=N1,4.132,c1ccc(CNCc2ncno2)cc1
XS837895b,COC(=O)C1=CSC(=C1)NC(=O)C2(C)CCN(C2)C(C)=O,1.346,O=C(Nc1cccs1)C1CCNC1
XS840405b,CC1CC=2C=CC=CC2N1CCC(=O)NC=3SC=CC3C#N,6.176,O=C(CCN1CCc2ccccc21)Nc1cccs1
XS133813b,CC=1C=CC(=CC1C)NC(C)C(=O)NC=2C=CC=3OCOC3C2,3.174,O=C(CNc1ccccc1)Nc1ccc2c(c1)OCO2
XS845914a,CCCC(C)(NC(=O)C=1C=C(Cl)C=2OCOC2C1)C(=O)O,0.404,c1ccc2c(c1)OCO2
XS839522b,N#CC1CN(CCO1)C(=O)C2(CC(F)(F)C2)C=3C=CC=CC3,2.13,O=C(N1CCOCC1)C1(c2ccccc2)CCC1
XS845916a,CC1=NC(=NO1)C2CCCN(C2)C(=O)C=3C=CC=C4OCOC34,3.476,O=C(c1cccc2c1OCO2)N1CCCC(c2ncon2)C1
XS845927a,CC1C(=O)NC=2C=CC=CC2CN1C(=O)C3=CNC=4N=CC=CC34,0.444,O=C1CN(C(=O)c2c[nH]c3ncccc23)Cc2ccccc2N1
XS845917a,CN1CC(CCC1=O)NC(=O)C=2C=CC=C(C2)OC3CCCC3,1.824,O=C1CCC(NC(=O)c2cccc(OC3CCCC3)c2)CN1
XS735540b,CC1=NN2CC(CCC2=N1)C(=O)NCCC=3C=CC=CC3Cl,4.434,O=C(NCCc1ccccc1)C1CCc2ncnn2C1
XS845919a,CCC1CCCCN1C(=O)COC=2C=CC=C3CC(C)(C)OC23,0.402,O=C(COc1cccc2c1OCC2)N1CCCCC1
XS504831b,COC=1C=CC(=NN1)C(=O)NC(C=2C=CC(F)=CC2)C(C)(C)C,0.598,O=C(NCc1ccccc1)c1cccnn1
XS454254b,CC1=NC=C(CN2CCCNC(=O)C2CC=3C=CC=CC3)S1,0.768,O=C1NCCCN(Cc2cncs2)C1Cc1ccccc1
XS838877b,COC=1C=C(F)C=C(C1)C2=NOC(=N2)N3CCCC43CCNC4,1.504,c1ccc(-c2noc(N3CCCC34CCNC4)n2)cc1
XS722029b,CCN(C(=O)C1CCS(=O)(=O)C1)C2=NC=3C=CC=CC3S2,8.85,O=C(Nc1nc2ccccc2s1)C1CCS(=O)(=O)C1
XS845939a,CC(CCNC(=O)CN(C)C=1C=CC(C#N)=CN1)C=2C=CC=CC2,2.414,O=C(CNc1ccccn1)NCCCc1ccccc1
XS478850b,FC=1C=CC(=CC1)C2CCCN2CC3=NC(=NO3)C=4C=CC=NC4,0.608,c1ccc(C2CCCN2Cc2nc(-c3cccnc3)no2)cc1
XS845934a,CCC(NC=1C=CC(OC)=C(Cl)C1)C(=O)NC=2C=C(C)ON2,5.166,O=C(CNc1ccccc1)Nc1ccon1
BD009740c,CC=1C=C(N2CCCC2C=3C=CC=4OCOC4C3)N5N=CN=C5N1,0.768,c1cc(N2CCCC2c2ccc3c(c2)OCO3)n2ncnc2n1
XS836849b,CCC1=NOC=2N=CC(=CC12)C(=O)NC3CCC4=NC(C)=CN4C3,10.056,O=C(NC1CCc2nccn2C1)c1cnc2oncc2c1
XS701546b,CC=1C=CC(=CC1)NC(=O)NC(C)C=2C=CC(=CC2)N3C=NC=N3,4.972,O=C(NCc1ccc(-n2cncn2)cc1)Nc1ccccc1
XS837082b,[O-][N+](=O)C1=CN=C2C=CC(=NN12)NCC3CCOC=4C=CC=CC43,3.262,c1ccc2c(c1)OCCC2CNc1ccc2nccn2n1
XS845937a,CC(CCC1=CC=CO1)NC(=O)C=2C=CC(=CC2)S(C)(=O)=O,0.384,O=C(NCCCc1ccco1)c1ccccc1
XS838004b,O=S(=O)(C1CC1(F)F)N2CCN(CC2)C3=NC(O)=CS3,5.422,O=S(=O)(C1CC1)N1CCN(c2nccs2)CC1
XS837530b,CN1C(=NC=2C=CC=C(Br)C21)N3CCC(C3)C(=O)O,0.742,c1ccc2[nH]c(N3CCCC3)nc2c1
XS839064b,CCN1N=NC=2CC(CCC21)C(=O)NC=3C=C4CCCCC4=CN3,6.828,O=C(Nc1cc2c(cn1)CCCC2)C1CCc2[nH]nnc2C1
XS506128b,CC(C)CN1C=NN=C1C2CCCN2C=3N=CN=C4C3C=NN4C,0.75,c1nc(N2CCCC2c2nnc[nH]2)c2cn[nH]c2n1
XS839259b,O=C1NC(=NC=2CCCCC12)N3CCOC=4C=CC=CC4C3CO,0.964,O=c1[nH]c(N2CCOc3ccccc3C2)nc2c1CCCC2
XS334956b,CC1=NOC(CC2(O)CCCN(C2)C(=O)C=3C=CNC3C4CC4)=N1,1.128,O=C(c1cc[nH]c1C1CC1)N1CCCC(Cc2ncno2)C1
XS842074b,CC=1N=C(C)N(CC2CN(CCO2)C=3N=NC(C)=C(C)C3C#N)N1,3.016,c1cnnc(N2CCOC(Cn3cncn3)C2)c1
XS845950a,O=C(CCCNC(=O)C1CC1)N2CCCCC2CC=3C=CC=CC3,0.824,O=C(NCCCC(=O)N1CCCCC1Cc1ccccc1)C1CC1
XS845948a,CC(C)C1=NOC(CCCC(=O)NC(C)C=2C=CC(C#N)=CC2)=N1,2.458,O=C(CCCc1ncno1)NCc1ccccc1
XS845947a,CC=1C=CC(=CN1)CNC(=O)C2CCCN(C2)C(=O)N3CCCC3,0.862,O=C(NCc1cccnc1)C1CCCN(C(=O)N2CCCC2)C1
XS584343b,O=C(CC1=CNC=2C=C(F)C=CC12)NC3CCC(=O)NC43CCC4,1.57,O=C(Cc1c[nH]c2ccccc12)NC1CCC(=O)NC12CCC2
XS841395b,CC(CN1C=CC=N1)NCC2=NC(=NO2)C=3C=CC=4OCOC4C3,2.262,c1cnn(CCNCc2nc(-c3ccc4c(c3)OCO4)no2)c1
XS709595b,CC(NC(=O)CSC=1C=CC=CC1)C=2C=CC=3OCCOC3C2,2.38,O=C(CSc1ccccc1)NCc1ccc2c(c1)OCCO2
XS841876b,CCN1C=C(C=N1)C2CSCCN2CC=3C=CC=C(C#N)C3F,2.094,c1ccc(CN2CCSCC2c2cn[nH]c2)cc1
XS845951a,COC(=O)C(C=1C=C(F)C=CC1F)N(C)C(=O)C=2C=CN=C(C)N2,0.786,O=C(NCc1ccccc1)c1ccncn1
XS838443b,CCC1=CN=C(N1)C(=O)N(CC2=CC=C(CC)O2)CC3CCOC3,1.074,O=C(c1ncc[nH]1)N(Cc1ccco1)CC1CCOC1
XS845954a,CC1=NOC(N)=C1C(=O)OC(C)C(=O)NC=2C=CC(=CC2)C(C)C,2.228,O=C(COC(=O)c1cnoc1)Nc1ccccc1
XS845962a,CC(C1=CC=CS1)N(C)C(=O)NCC=2C=CC=3OCCOC3C2,1.984,O=C(NCc1ccc2c(c1)OCCO2)NCc1cccs1
XS837068b,CCS(=O)(=O)CC(C)N(C)C(=O)NCC=1C=C(F)C=C(F)C1,0.81,c1ccccc1
XS845965a,CCC=1C=CC=C(C1)NC2CCN(C2)C(=O)C=3N=CN4C=CC=CC34,1.402,O=C(c1ncn2ccccc12)N1CCC(Nc2ccccc2)C1
XS841095b,COC=1C=CC=C(C(=O)N2CCC(C2)S(=O)(=O)F)C1[N+]([O-])=O,0.498,O=C(c1ccccc1)N1CCCC1
XS332659b,CN1C=C(C=N1)C2=NC=C(S2)C(=O)N3CCCCC3CC(N)=O,6.38,O=C(c1cnc(-c2cn[nH]c2)s1)N1CCCCC1
XS845961a,CC=1C=CC(=CC1)OC(C)C(=O)NC=2C=CC(=CC2)S(C)(=O)=O,2.984,O=C(COc1ccccc1)Nc1ccccc1
XS839860b,CC=1N=CC=C(N1)N2CCOCC2C=3C=CC(Br)=CC3,1.094,c1ccc(C2COCCN2c2ccncn2)cc1
XS845970a,CC=1C=CC=CC1CC(=O)NC(C2=NC=CN2C)C=3C=CC(F)=CC3,0.804,O=C(Cc1ccccc1)NC(c1ccccc1)c1ncc[nH]1
XS837592b,O=C(NCC1CNC(=O)O1)C=2C=NC=C3C(=CC=CC23)C(F)(F)F,0.542,O=C1NCC(CNC(=O)c2cncc3ccccc23)O1
XS841662b,O=C(O)C=1C=CC=C(C1)CN2N=C3C=4C=CSC4CCC3CC2=O,3.588,O=C1CC2CCc3sccc3C2=NN1Cc1ccccc1
XS836591b,CC=1C=CC(=CC1)C=2N=NN(N2)C(C)C3=NN=C(O3)C4=CC=CS4,2.8,c1ccc(-c2nnn(Cc3nnc(-c4cccs4)o3)n2)cc1
XS845969a,CCN1N=C(C)C(CNC=2C=CC(Cl)=C(C2)CS(C)=O)=C1C,1.246,c1ccc(NCc2cn[nH]c2)cc1
XS845967a,CC=1C=NN(C1)CC2CCCCN2C(=O)C=3C=CC4=C(C3)N=NN4C,14.448,O=C(c1ccc2[nH]nnc2c1)N1CCCCC1Cn1cccn1
XS837950b,CC=1C=CC(=CC1)C=2CC(CNS(=O)(=O)N(C)C3CCC3)ON2,3.07,O=S(=O)(NCC1CC(c2ccccc2)=NO1)NC1CCC1
XS845973a,CC(C)CN1C=CC=C(C2=NC(=NO2)C3CC=4C=CC(F)=CC43)C1=O,3.596,O=c1[nH]cccc1-c1nc(C2Cc3ccccc32)no1
XS837882b,CC(C(=O)NC=1C=CC(=CC1)OCC=2C=CC=CC2)N3OC=CC3=O,3.23,O=C(Cn1occc1=O)Nc1ccc(OCc2ccccc2)cc1
XS845976a,CC1=NN=C2CCC(CN12)NC(=O)C=3C=CC(=CC3)C4CCCCC4,0.884,O=C(NC1CCc2nncn2C1)c1ccc(C2CCCCC2)cc1
XS841399b,CCOC(=O)C=1C=NC(=NC1C)N2CC3(CCC3)C2C=4C=CC=NC4,7.374,c1cnc(N2CC3(CCC3)C2c2cccnc2)nc1
XS842375b,CCC1=NN2CCCC(NC3=NC(=NO3)C=4C=CC=C(C4)OC)C2=N1,1.016,c1ccc(-c2noc(NC3CCCn4ncnc43)n2)cc1
XS845987a,O=C(CCNC(=O)NCC1CCCC=2C=CC=CC21)N3CCCCC3,2.15,O=C(NCCC(=O)N1CCCCC1)NCC1CCCc2ccccc21
XS845980a,COC=1C=C(C=C(Cl)C1OC)C(=O)OCC(=O)NC(C)C(C)C,0.576,c1ccccc1
XS837432b,O=C(NCCC1=NC=2C=C(Cl)C=CC2N1)C3CC=4C=CC(F)=CC43,0.64,O=C(NCCc1nc2ccccc2[nH]1)C1Cc2ccccc21
XS563664b,NC(=O)CCC1CCCN(C1)C(=O)C2=CN=C(S2)C=3C=CC=CN3,25.726,O=C(c1cnc(-c2ccccn2)s1)N1CCCCC1
XS845979a,COC=1C=CC=CC1N2CC(CC2=O)C(=O)N(C)CC=3C=NN(C)C3,0.658,O=C(NCc1cn[nH]c1)C1CC(=O)N(c2ccccc2)C1
XS839147b,CC(C(=O)OC(C)(C)C)C1=NC(=NO1)C=2C=CN=C(C2)N3C=CN=C3,6.246,c1cn(-c2cc(-c3ncon3)ccn2)cn1
XS483145b,CS(=O)(=O)CC(NCC=1C=CC=C(Cl)C1F)C=2C=CC=CC2,0.712,c1ccc(CNCc2ccccc2)cc1
XS845977a,COC=1C=CC=C(C1)N2CCC(CNC(=O)NC=3C=CC=CC3F)C2,0.724,O=C(NCC1CCN(c2ccccc2)C1)Nc1ccccc1
XS146064b,CC(NC(=O)CN1CCN(CC1)C=2C=CC=CN2)C=3C=CC(F)=CC3,26.22,O=C(CN1CCN(c2ccccn2)CC1)NCc1ccccc1
XS836836b,COC=1C=CC(=CC1)CC=2C(C)=NC(=NC2C)N3CCNC(=O)C3C,0.406,O=C1CN(c2ncc(Cc3ccccc3)cn2)CCN1
XS837405b,COC(=O)C1=CC(=CS1)S(=O)(=O)N2CCC(C2)N3C=CN=N3,1.076,O=S(=O)(c1ccsc1)N1CCC(n2ccnn2)C1
XS836832b,CC=1C(Cl)=CN=C(NC2CCCN(C2=O)C=3C=CC=NC3)C1C#N,2.058,O=C1C(Nc2ccccn2)CCCN1c1cccnc1
XS846003a,COCCCCNC(=O)N1CCCC(C1)C2=NC=3C=CC=CC3S2,0.906,c1ccc2sc(C3CCCNC3)nc2c1
XS845989a,CN(C(=O)C=1C=CC=C(C#N)C1)C(C=2C=CC=C(F)C2)C=3C=CC=CN3,1.324,O=C(NC(c1ccccc1)c1ccccn1)c1ccccc1
XS846002a,O=C(NCCNC=1N=CC=CN1)NC2CCSC=3C=CC(F)=CC32,1.576,O=C(NCCNc1ncccn1)NC1CCSc2ccccc21
XS845990a,O=C(CCCOC=1C=CC=CC1Cl)N2CCCC(C2)C3=CC=NN3,1.568,O=C(CCCOc1ccccc1)N1CCCC(c2ccn[nH]2)C1
XS845994a,CC(NC=1C=NN(C1)C=2C=CC=CC2Br)C(=O)NC3CC3,0.616,O=C(CNc1cnn(-c2ccccc2)c1)NC1CC1
XS705734b,CN(CC1=NN=C(O1)C2CC2)C3CCN(C3=O)C=4C=CC=CC4Cl,0.402,O=C1C(NCc2nnc(C3CC3)o2)CCN1c1ccccc1
XS001336d,O=C(CCC1=CNC=2C=CC=CC12)NC3CCN(CC=4C=CC=CC4)C3,1.202,O=C(CCc1c[nH]c2ccccc12)NC1CCN(Cc2ccccc2)C1
XS845998a,O=C(CS(=O)CC1=CSC(=N1)C=2C=CC=CC2)NC3CCCC3,2.14,O=C(CS(=O)Cc1csc(-c2ccccc2)n1)NC1CCCC1
XS837723b,CC=1C=C(C)N(N1)C=2C=CN=C(N2)NC(C)C=3C=CC=4C=CN(C)C4C3,1.52,c1cnn(-c2ccnc(NCc3ccc4cc[nH]c4c3)n2)c1
XS846019a,CN1C(=NC=2C=CC=CC21)C3CCCCN3S(=O)(=O)C=4C=CC=CC4,0.636,O=S(=O)(c1ccccc1)N1CCCCC1c1nc2ccccc2[nH]1
XS420030b,CC=1C=CC=CC1C(C)(C)CNC(=O)C2CC(=O)N(CC(F)(F)F)C2,0.46,O=C1CC(C(=O)NCCc2ccccc2)CN1
XS840866b,O=C(NCCOC(=O)C1CC(=O)N(C1)C=2C=CC=CC2)C=3C=CN=CC3,4.226,O=C(NCCOC(=O)C1CC(=O)N(c2ccccc2)C1)c1ccncc1
XS836592b,CC(NC=1C=CC(=CC1)OC=2C=CC=C3C=CC=NC23)C(=O)NC(N)=O,3.232,c1ccc(Oc2cccc3cccnc23)cc1
XS846017a,O=S1(=O)CC(C2=NC(=NO2)C=3C=CC4=CC=CC=C4N3)C5(CCC5)C1,3.962,O=S1(=O)CC(c2nc(-c3ccc4ccccc4n3)no2)C2(CCC2)C1
XS846011a,CC(C)C(NS(=O)(=O)C=1C=CC=CC1)C(=O)NC=2C=CC(F)=CC2,0.634,O=C(CNS(=O)(=O)c1ccccc1)Nc1ccccc1
XS846009a,O=C(CSC1=NC=CN1C=2C=CC(Cl)=CC2)NCC3CCCO3,1.576,O=C(CSc1nccn1-c1ccccc1)NCC1CCCO1
XS846013a,COC(=O)C=1C=CC=C(C1)NC(=O)C2CC(=O)N(CC=3C=CC=CC3)C2,4.572,O=C(Nc1ccccc1)C1CC(=O)N(Cc2ccccc2)C1
XS846010a,CC(C)(N)C1=NOC=C1C(=O)N2CCCC(CCCC=3C=CC=CC3)C2,8.518,O=C(c1cnoc1)N1CCCC(CCCc2ccccc2)C1
XS550923b,O=C(NC1CCN(C1=O)C=2C=CC=CC2Cl)C=3ON=C4CCCCC34,6.776,O=C(NC1CCN(c2ccccc2)C1=O)c1onc2c1CCCC2
XS846034a,COC1=CN(N=C1C(=O)NC(C)C=2C=CC(F)=C(F)C2)C=3C=CC=CC3,2.302,O=C(NCc1ccccc1)c1ccn(-c2ccccc2)n1
XS846028a,O=C(NC1CC1)C(CC=2C=CC=CC2)NS(=O)(=O)C=3C=CC=CC3F,0.522,O=C(NC1CC1)C(Cc1ccccc1)NS(=O)(=O)c1ccccc1
XS846023a,O=C(CCC(=O)N1CCC(=N1)C=2C=CC=CC2)NC3CCC=4C=CC=CC43,1.642,O=C(CCC(=O)N1CCC(c2ccccc2)=N1)NC1CCc2ccccc21
XS837681b,O=C(C1CC1(F)F)N2CC3(C2)CN(C3)C=4N=CC(Br)=CN4,3.216,O=C(C1CC1)N1CC2(C1)CN(c1ncccn1)C2
XS846021a,O=C(C=1C=CC(=NC1)N2CCCCCC2)N3CCC(C3)NC=4C=CC=CC4,4.1,O=C(c1ccc(N2CCCCCC2)nc1)N1CCC(Nc2ccccc2)C1
XS846024a,CC(NC=1C=CC(=CC1)N2CCCC2=O)C(=O)NC=3C=CC(F)=C(F)C3,2.844,O=C(CNc1ccc(N2CCCC2=O)cc1)Nc1ccccc1
XS842591b,CC1=CC=CC(C)=C1N2C=C(N=N2)C(C)NC(=O)C=3C=CC=4OCOC4C3,3.022,O=C(NCc1cn(-c2ccccc2)nn1)c1ccc2c(c1)OCO2
XS846025a,CC(C)C(NC(=O)C1=CC=CO1)C(=O)N2CCN(CC2)C=3N=CC=CN3,16.274,O=C(NCC(=O)N1CCN(c2ncccn2)CC1)c1ccco1
XS846026a,CCCC(C)NC(=O)CC1=CC=C(S1)S(=O)(=O)N2CCOCC2,0.576,O=S(=O)(c1cccs1)N1CCOCC1
XS836465b,O=C(CC=1C=C(ON1)C=2C=CC=CC2Cl)OCC3CC4(CCC4)C(=O)O3,4.464,O=C(Cc1cc(-c2ccccc2)on1)OCC1CC2(CCC2)C(=O)O1
XS846037a,CC1CCCN(C1)C2=NC3=C(C(=O)N(C)C(=O)N3C)N2CC=4C=CC=CC4,0.664,O=c1[nH]c(=O)c2c(nc(N3CCCCC3)n2Cc2ccccc2)[nH]1
XS812758b,CC=1C=CC=CC1CN2CCN(CC2)C(C)C(=O)NC=3C(F)=CC=CC3F,1.656,O=C(CN1CCN(Cc2ccccc2)CC1)Nc1ccccc1
XS846040a,CC(NC=1C=CC=C(C1)CN2CCOC2=O)C(=O)NC=3C=CC(F)=C(F)C3,0.556,O=C(CNc1cccc(CN2CCOC2=O)c1)Nc1ccccc1
XS546733b,OC(COC=1C=CC(Cl)=CC1)CN2N=C(C=3C=NC=CC32)C(F)(F)F,5.86,c1ccc(OCCCn2ncc3cnccc32)cc1
XS583251b,CN1C(CNC(=O)N2CCC(F)(F)C(CO)C2)=NC=3C=CC=C(Cl)C31,1.35,O=C(NCc1nc2ccccc2[nH]1)N1CCCCC1
XS836583b,CN(CC1COC=2C=CC=CC2O1)S(=O)(=O)N3CCC=4C=CC=CC4C3,1.178,O=S(=O)(NCC1COc2ccccc2O1)N1CCc2ccccc2C1
XS846045a,O=C(NC=1C=CC=C(C1)C(F)(F)F)C2CC(=O)N(CCC=3C=CC=CC3)C2,2.716,O=C(Nc1ccccc1)C1CC(=O)N(CCc2ccccc2)C1
XS840883b,BrC=1C=CN2C(NC3CCOC3)=C(N=C2C1)C=4C=C(ON4)C5CC5,4.12,c1ccn2c(NC3CCOC3)c(-c3cc(C4CC4)on3)nc2c1
XS773499b,CC(=O)N1CCCCC1C(=O)NC=2C=CC(=CC2)C3=NC=4C=CC=CC4N3C,1.768,O=C(Nc1ccc(-c2nc3ccccc3[nH]2)cc1)C1CCCCN1
XS839158b,CN1CCN(C(C#N)C1)S(=O)(=O)C=2C=CC(=CC2)OCC3CCCCC3,7.14,O=S(=O)(c1ccc(OCC2CCCCC2)cc1)N1CCNCC1
XS846042a,CCOC=1C=C(C=CC1OC)C(=O)N2CCCC(C2)C(=O)N(C)CCOC,0.69,O=C(c1ccccc1)N1CCCCC1
XS837023b,CC=1C=NN(C1)C=2C=CC(=CC2F)NC(=O)N3CCCC(C3)C4=NNC(C)=N4,1.016,O=C(Nc1ccc(-n2cccn2)cc1)N1CCCC(c2nc[nH]n2)C1
XS846046a,CN(CC=1C=CC(=CC1)C(C)(C)C)C(=O)C2CC(=O)N(CC=3C=CC=CN3)C2,1.156,O=C(NCc1ccccc1)C1CC(=O)N(Cc2ccccn2)C1
XS836722b,CC(NS(=O)(=O)C=1C=CC=CC1F)C(=O)N2CC=C(CC2)C=3C=CC=CC3,5.296,O=C(CNS(=O)(=O)c1ccccc1)N1CC=C(c2ccccc2)CC1
XS846062a,CC=1C=CC=C(NC(=O)CN(C)C(C)C(=O)NC=2C=CC=3OCCOC3C2)C1C,1.23,O=C(CNCC(=O)Nc1ccc2c(c1)OCCO2)Nc1ccccc1
XS842132b,CCOC(=O)C1CC=2C=C(C=CC2O1)S(=O)(=O)N(C)C=3C=CC=C(N3)OC,1.606,O=S(=O)(Nc1ccccn1)c1ccc2c(c1)CCO2
XS594528b,CN1N=CC=C1N2CCCC(C2=O)N(CC=3C=CC(Cl)=CC3)S(C)(=O)=O,0.884,O=C1C(NCc2ccccc2)CCCN1c1ccn[nH]1
XS839485b,CC1=CC(=CC(C)=C1OCC=2C=CC=NC2)C(=O)N3CC=4C=NC=NC4C(C)C3,0.808,O=C(c1ccc(OCc2cccnc2)cc1)N1CCc2ncncc2C1
XS846057a,CC=1C=CC=C(C1)C(=O)NCC(=O)NC(CC2=CNC=3C=C(F)C=CC23)C(=O)O,0.828,O=C(CNC(=O)c1ccccc1)NCCc1c[nH]c2ccccc12
XS122494b,COC=1C=CC=CC1N2CCN(CC2)C(C)C(=O)NC=3C=CC(F)=C(F)C3F,0.64,O=C(CN1CCN(c2ccccc2)CC1)Nc1ccccc1
XS839112b,CC1CC(=O)N(C)C=2C=CC(=CC21)NCC3=CN(N=N3)C=4C=CC(F)=C(Cl)C4,0.706,O=C1CCc2cc(NCc3cn(-c4ccccc4)nn3)ccc2N1
XS846054a,COC(=O)CC(NC(=O)C1=CN(C)C=2C=CC=CC12)C=3C=CC(OC)=C(C3)OC,1.114,O=C(NCc1ccccc1)c1c[nH]c2ccccc12
XS840242b,CC(C)OC=1C=CC(=CC1Cl)NC(=O)N2CCCC(C2)C=3C=CN=C(N)N3,0.692,O=C(Nc1ccccc1)N1CCCC(c2ccncn2)C1
XS836872b,CCC(NC(=O)NC=1C=CC=C(C1)OCCS(C)(=O)=O)C=2C=NN(C2)CC,1.19,O=C(NCc1cn[nH]c1)Nc1ccccc1
XS846053a,CC=1C=CC=C(C1)CN2C(=NC=3C=CC=CC32)C4CC(=O)N(C4)C=5C=CC=CC5F,3.784,O=C1CC(c2nc3ccccc3n2Cc2ccccc2)CN1c1ccccc1
XS824458b,CCC(OC=1C=CC=CC1)C(=O)N2CCC(CC2)C(=O)NC=3C=CC=4OCOC4C3,2.474,O=C(Nc1ccc2c(c1)OCO2)C1CCN(C(=O)COc2ccccc2)CC1
XS840479b,CC(OC(=O)CN(C)S(=O)(=O)C=1C=CC(F)=CC1)C(=O)N2CCC=3C=CC=CC32,3.918,O=C(CNS(=O)(=O)c1ccccc1)OCC(=O)N1CCc2ccccc21
XS840384b,CC1C=2C=CSC2CCN1C=3C=CC(=CC3[N+]([O-])=O)S(=O)(=O)NC(C)(C)C,0.78,c1ccc(N2CCc3sccc3C2)cc1
XS699102b,CC=1C=CC(=CC1)NC(=O)C(C)OC(=O)CCNS(=O)(=O)C=2C=CC(C)=CC2,2.798,O=C(COC(=O)CCNS(=O)(=O)c1ccccc1)Nc1ccccc1
XS842647b,CC(C1=NC=2C=CC=CC2N1C(F)F)N3CCN(CC3)C=4N=CN=C5C4C=NN5C,1.428,c1ccc2[nH]c(CN3CCN(c4ncnc5[nH]ncc45)CC3)nc2c1
XS846077a,COC=1C=CC(=CC1OC)C2CC(=NN2C(C)=O)C=3C=CC(=CC3)NS(C)(=O)=O,3.642,c1ccc(C2=NNC(c3ccccc3)C2)cc1
XS841433b,COC=1C=CC(=CC1)C(NC(=O)C2CCN(CC2)C3=CN=CC4=NN=NN34)C(C)C,4.272,O=C(NCc1ccccc1)C1CCN(c2cncc3nnnn23)CC1
XS846071a,O=C(COC=1C=C(Cl)C=CC1Cl)NCC(C=2C=CC=CC2)N3CCOCC3,2.42,O=C(COc1ccccc1)NCC(c1ccccc1)N1CCOCC1
XS846066a,CN(CC=1C=CC(=CC1)N2CCOCC2)C(=O)C3CC(=O)N(C3)C=4C=CC=CC4F,2.602,O=C(NCc1ccc(N2CCOCC2)cc1)C1CC(=O)N(c2ccccc2)C1
XS846072a,COCC(C)NC(=O)C=1C=CC=C(C1)S(=O)(=O)NC=2C=CC=C(C2)C(F)(F)F,0.516,O=S(=O)(Nc1ccccc1)c1ccccc1
XS846078a,CC(SC=1C=CC(=CN1)S(=O)(=O)N2CCCCC2)C(=O)NCC=3C=CC=CC3,1.304,O=C(CSc1ccc(S(=O)(=O)N2CCCCC2)cn1)NCc1ccccc1
XS846073a,CN1CCN(CCCNC(=O)C=2C=C(F)C(F)=CC2Cl)C(C1)C=3C=CC=CC3,1.656,O=C(NCCCN1CCNCC1c1ccccc1)c1ccccc1
XS846092a,CC(C1=NC(=NO1)C=2C=CC=C(C2)C(F)(F)F)N3CCN(CC3)C(=O)C=4C=CC=5NN=NC5C4,0.82,O=C(c1ccc2[nH]nnc2c1)N1CCN(Cc2nc(-c3ccccc3)no2)CC1
XS840289b,CC1C2=CC=CN2CCN1C(=O)CCC3=NC=4C=C(C=CC4N3C)S(=O)(=O)N(C)C,2.5,O=C(CCc1nc2ccccc2[nH]1)N1CCn2cccc2C1
XS841460b,O=C(CCCS(=O)(=O)C=1C=CC(Cl)=CC1)NC(CO)C=2C=CC(=CC2)C(F)(F)F,2.44,O=C(CCCS(=O)(=O)c1ccccc1)NCc1ccccc1
XS836752b,CN(CC(=O)N1N=C(CC1C2=CC=CO2)C3=CC=CO3)CC4=NC=5C=CC=CC5C(=O)N4,0.538,O=C(CNCc1nc2ccccc2c(=O)[nH]1)N1N=C(c2ccco2)CC1c1ccco1
XS846094a,O=C(NC=1C=CC(F)=C(F)C1F)C2CCCN(C2)C3=NS(=O)(=O)C=4C=CC=CC34,1.094,O=C(Nc1ccccc1)C1CCCN(C2=NS(=O)(=O)c3ccccc32)C1
XS846089a,COC=1C=CC(=CC1NC(=O)C2CC(=O)N(C2)C=3C=CC=CC3OC)S(=O)(=O)N4CCCCCC4,0.846,O=C(Nc1cccc(S(=O)(=O)N2CCCCCC2)c1)C1CC(=O)N(c2ccccc2)C1
XS846085a,CC(OC(=O)C=1C=C(C=CC1N2CCOCC2)S(=O)(=O)N(C)C)C(=O)N3CCCC3,3.82,O=C(OCC(=O)N1CCCC1)c1ccccc1N1CCOCC1
XS839024b,COC=1C=CC(=CC1)CN(CCO)C(=O)NC2CCCC=3C=4C=C(C=CC4NC32)OC,1.408,O=C(NCc1ccccc1)NC1CCCc2c1[nH]c1ccccc21
XS840442b,COC(=O)C1=CC=C(O1)C(C)N2CCN(CC2)S(=O)(=O)C=3C=C(C=CC3C)[N+]([O-])=O,4.47,O=S(=O)(c1ccccc1)N1CCN(Cc2ccco2)CC1
XS842601b,CCN1N=C(CCC1=O)C(=O)N2CCC=3C=C(OC)C(=CC3C2C4=CC=CS4)OC,1.794,O=C1CCC(C(=O)N2CCc3ccccc3C2c2cccs2)=NN1
XS846083a,CN(C(=O)COC(=O)C=1C=C(N=C2C=CC=CC12)C=3C=CC=CC3)C4CCS(=O)(=O)C4,1.512,O=C(COC(=O)c1cc(-c2ccccc2)nc2ccccc12)NC1CCS(=O)(=O)C1
XS840166b,CCC=1C=C(N=C(C)N1)N2CCC(CC2)S(C)(=O)=NC(=O)C=3C=CC=4CCOC4C3,0.758,O=C(N=[SH](=O)C1CCN(c2ccncn2)CC1)c1ccc2c(c1)OCC2
XS840228b,CC1(C)CC1C(=O)NCC2=CC=NO2,0.508,O=C(NCc1ccno1)C1CC1
XS839284b,CC=1N=C(SC1C#N)N2CCCC2C#N,1.21,c1csc(N2CCCC2)n1
XS846100a,CC=1C=CC(O)=C(C1)C(=O)NCC2CCCO2,6.674,O=C(NCC1CCCO1)c1ccccc1
XS846099a,O=C1NC(NC=2C=CC=CC12)C=3C=CC=CC3,0.982,O=C1NC(c2ccccc2)Nc2ccccc21
XS837455b,CN1CC(=O)NC1C=2C=CC=C3CC(C)(C)OC23,1.116,O=C1CNC(c2cccc3c2OCC3)N1
XS841164b,COC1CNC=2C=CC(Br)=CC2C1,2.014,c1ccc2c(c1)CCCN2
XS839955b,COC(CNC=1C=C(C#N)C=CN1)C(C)(C)C,0.422,c1ccncc1
XS771648b,CN1C=C(C=N1)C2CCCN2C(=O)C3=CC=CO3,0.808,O=C(c1ccco1)N1CCCC1c1cn[nH]c1
XS846110a,COC=1C=CC(=CN1)NC(C)C(=O)NC(C)(C)C,2.18,c1ccncc1
XS837597b,CC=1CCN(CC1C)C(=O)C(C)C=2C=NC=C(F)C2,1.1,O=C(Cc1cccnc1)N1CC=CCC1
XS841928b,FC1(F)CC1CN2C=NC(COC=3C=CC=CC3)=N2,0.422,c1ccc(OCc2ncn(CC3CC3)n2)cc1
XS846105a,CC=1N=C2CCC(CN2N1)NC3=NC=4C=CC=CC4O3,0.618,c1ccc2oc(NC3CCc4ncnn4C3)nc2c1
XS741422b,O=C1NCCCC1NC=2N=CC=C(N2)C(F)(F)F,6.146,O=C1NCCCC1Nc1ncccn1
XS838291b,C1=CC2=CN=CC(OCCC3CCCCO3)=C2N=C1,9.178,c1cnc2c(OCCC3CCCCO3)cncc2c1
XS840099b,CC(CN1C(=O)OC=2C=CC=NC21)C3CCCCC3,0.576,O=c1oc2cccnc2n1CCC1CCCCC1
XS840148b,[O-][N+](=O)C=1C=CC(NCC2CCOC2)=C3C=NNC13,1.402,c1cc(NCC2CCOC2)c2cn[nH]c2c1
XS839090b,CCC(C)C1=CC=C(C(=O)NC=2C=CN(C)N2)C(=O)N1,0.772,O=C(Nc1cc[nH]n1)c1ccc[nH]c1=O
XS846113a,O=C(COC=1C=CC=NC1)N2CCCC(C2)N3C=CC=N3,4.066,O=C(COc1cccnc1)N1CCCC(n2cccn2)C1
XS846121a,CC(SC=1C=CC(Cl)=CN1)C(=O)N2CCCCC2,1.788,O=C(CSc1ccccn1)N1CCCCC1
XS842140b,CC1C(=O)N(C)CCN1C2=NN=C(S2)C=3C=CON3,4.488,O=C1CN(c2nnc(-c3ccon3)s2)CCN1
XS846125a,CC=1C=C(NC(=O)NC(C)C=2C=CC(C#N)=CC2)N(C)N1,0.82,O=C(NCc1ccccc1)Nc1ccn[nH]1
XS846120a,COC(=O)C=1OC=CC1C2NC=3C=CC=CC3C(=O)N2C,1.598,O=C1NC(c2ccoc2)Nc2ccccc21
XS846119a,CCOC=1C=CC(=CC1)C(=O)NC2CCC=3C=CC=CC32,1.212,O=C(NC1CCc2ccccc21)c1ccccc1
XS846116a,O=C(NC=1C=CC=2N=CSC2C1)C3CCNC(=O)C3,2.846,O=C1CC(C(=O)Nc2ccc3ncsc3c2)CCN1
XS840733b,CN1C(=NN=C1N2CCC(F)(F)C2)C3CCCS3,0.818,C1CSC(c2nnc(N3CCCC3)[nH]2)C1
XS516353b,CN1N=NC=C1C(=O)N2CCCC(C)(C2)C=3C=CC=CC3,1.58,O=C(c1cnn[nH]1)N1CCCC(c2ccccc2)C1
XS741779b,O=C(NCC=1C=CC=CC1F)NC2CCC3=NC=NN3C2,1.544,O=C(NCc1ccccc1)NC1CCc2ncnn2C1
XS846133a,CC(NC=1C=CC=2OCCCOC2C1)C(=O)N3CCCC3,0.346,O=C(CNc1ccc2c(c1)OCCCO2)N1CCCC1
XS836931b,CC(OC=1C=CC(=CC1)C=2C=CC3=NC=CC=C3C2)C(=O)O,2.226,c1ccc(-c2ccc3ncccc3c2)cc1
XS839397b,CCN1CCCC(CNC=2N=CN=C3OCCOC23)C1=O,0.868,O=C1NCCCC1CNc1ncnc2c1OCCO2
XS846135a,CC(NC=1N=CN=C2C1C=NN2C)C(=O)N3CCCCC3,0.904,O=C(CNc1ncnc2[nH]ncc12)N1CCCCC1
XS401524b,CC1=CC=CC(C)=C1N2C(=O)CC(NC=3C=CC=CC3)C2=O,1.098,O=C1CC(Nc2ccccc2)C(=O)N1c1ccccc1
XS725144b,CCC=1N=NSC1C(=O)N2C=3C=CC=CC3OCC2C,0.812,O=C(c1cnns1)N1CCOc2ccccc21
XS838700b,FC1(F)CC1N2N=CC=C2C3=NC(=NO3)N4CCOCC4,0.654,c1cc(-c2nc(N3CCOCC3)no2)n(C2CC2)n1
XS846130a,O=C(NC1=NC=C(CCO)S1)C2CCCC=3NN=CC32,9.854,O=C(Nc1nccs1)C1CCCc2[nH]ncc21
XS841978b,CC1=CC=C(S1)C(C)C(=O)N2CCC(CC2)C=3N=CON3,2.482,O=C(Cc1cccs1)N1CCC(c2ncon2)CC1
XS846141a,CC1C2=CC=CN2CCN1C(=O)CC=3C=CC=C4C=CC=CC34,0.468,O=C(Cc1cccc2ccccc12)N1CCn2cccc2C1
XS156106b,CC(C(=O)NC=1C=CC=CC1C#N)N2CCC=3C=CC=CC3C2,0.412,O=C(CN1CCc2ccccc2C1)Nc1ccccc1
XS838929b,O=C1C(=NC=CN1C2CC2)NC=3C=CC(=CC3)C4CC4(F)F,15.342,O=c1c(Nc2ccc(C3CC3)cc2)nccn1C1CC1
XS838411b,N#CC=1C=CC2=CC=CC=C2C1OCC(F)C3CCOCC3,1.418,c1ccc2c(OCCC3CCOCC3)cccc2c1
XS744058b,CC1C2=CC=CN2CCN1C(=O)CNC(=O)CC3CCCC3,2.856,O=C(CC1CCCC1)NCC(=O)N1CCn2cccc2C1
XS842057b,CC=1SC(=O)N(CC(=O)NC(C)C2=CSN=N2)C1C,0.638,O=C(Cn1ccsc1=O)NCc1csnn1
XS846143a,CC=1C=CC(=CN1)C(=O)NC(C2=CC=CS2)C3CCCC3,1.006,O=C(NC(c1cccs1)C1CCCC1)c1cccnc1
XS838208b,CC=1C=CC(=CC1)OCCN2CC=3NC(=O)NC(C)C3C2=O,1.156,O=C1NCC2=C(CN(CCOc3ccccc3)C2=O)N1
XS562928b,COC=1C=CC=CC1C2=NOC(=N2)C3CSCN3C(C)=O,2.1,c1ccc(-c2noc(C3CSCN3)n2)cc1
XS846152a,O=C(CN1C=CC=N1)N2CCCC2C=3C=CC=4OCCOC4C3,2.468,O=C(Cn1cccn1)N1CCCC1c1ccc2c(c1)OCCO2
XS846150a,CC1=NC(CN2CCCC(C2)N(C)C=3N=CC=CC3C#N)=NO1,2.254,c1ccc(NC2CCCN(Cc3ncon3)C2)nc1
XS576226b,CC1(C)CN(CC(COC=2C=CC=CC2)O1)C(=O)CC(N)=O,0.85,c1ccc(OCC2CNCCO2)cc1
XS836903b,NS(=O)(=O)C1CCCN(C1)C(=O)N2CCC(F)(F)CC2,0.934,O=C(N1CCCCC1)N1CCCCC1
XS839468b,C1=CC(=CO1)C=2C=CC(=CC2)NC3=NC(=NS3)C4CCOC4,8.208,c1cc(-c2ccc(Nc3nc(C4CCOC4)ns3)cc2)co1
XS837936b,[O-][N+](=O)C=1C=CC=CC1NC(=O)CNC(CO)C(F)(F)F,2.968,c1ccccc1
XS841218b,CC=1C=CC=C(OC(C)C(=O)NN=C2CCN3C=CC=C23)C1C,1.0,O=C(COc1ccccc1)NN=C1CCn2cccc21
XS839790b,[O-][N+](=O)C=1C=CC(O)=CC1C(=O)NC2CCC=3C=CC=CC3C2,3.544,O=C(NC1CCc2ccccc2C1)c1ccccc1
XS846157a,O=C(C1CCC(=O)NC1)N(CC2=CC=CO2)CC=3C=CC=CC3,0.788,O=C1CCC(C(=O)N(Cc2ccccc2)Cc2ccco2)CN1
XS400725b,CC1=NOC(=N1)C(C)N2CCN(CC2)C=3N=CN=C4NC=CC34,4.372,c1noc(CN2CCN(c3ncnc4[nH]ccc34)CC2)n1
XS629957b,O=C(C=1C=CC=2CCCCC2C1)N3CCCC(C3)C4=CC=NN4,0.51,O=C(c1ccc2c(c1)CCCC2)N1CCCC(c2ccn[nH]2)C1
XS801043b,CCOC=1C=C(C=CC1Cl)S(=O)(=O)NCC2CCCO2,0.382,O=S(=O)(NCC1CCCO1)c1ccccc1
XS846164a,CCOC=1C=CC(=CC1)CC(=O)OC(C)C(=O)NC2CCCC2,1.118,O=C(COC(=O)Cc1ccccc1)NC1CCCC1
XS846167a,CCOC=1C=CC=C2NC(=CC12)C(=O)NCC(C)(O)C3CCC3,0.832,O=C(NCCC1CCC1)c1cc2ccccc2[nH]1
XS846162a,CCN1C=C(C=N1)C(=O)NC2CCN(C2)C=3C=CC=C(Cl)C3,0.776,O=C(NC1CCN(c2ccccc2)C1)c1cn[nH]c1
XS846165a,NC(=O)C(NC(=O)CC=1C=CC=C2C=CC=NC12)C=3C=CC=CC3,0.44,O=C(Cc1cccc2cccnc12)NCc1ccccc1
XS846171a,COC=1C=CC(OC)=C(C1)C2CCCN2C(=O)C3=CC(C)=NN3,0.864,O=C(c1ccn[nH]1)N1CCCC1c1ccccc1
XS842637b,CN1C=C(C=N1)CC2CCN(C2)C=3C=C(C=CC3[N+]([O-])=O)CO,1.252,c1ccc(N2CCC(Cc3cn[nH]c3)C2)cc1
XS593083b,CC1=NOC(=N1)C(C)N2CCN(CC2)C(=O)C=3C=CC=C(F)C3,0.576,O=C(c1ccccc1)N1CCN(Cc2ncno2)CC1
XS846161a,CC1=CC(=NN1)C2CCCN(C2)C(=O)COC=3C=CC=C(F)C3,0.844,O=C(COc1ccccc1)N1CCCC(c2cc[nH]n2)C1
XS846166a,O=C(COC=1C=CC=C(Cl)C1)NCC2CCS(=O)(=O)C2,1.482,O=C(COc1ccccc1)NCC1CCS(=O)(=O)C1
XS846170a,CCC(C(=O)NC1=NC(=CS1)CC(=O)OC)C=2C=CC=CC2,0.598,O=C(Cc1ccccc1)Nc1nccs1
XS841520b,CC1(C)CC(CCS1(=O)=O)NC=2N=CC=3CCCCCC3N2,5.238,O=S1(=O)CCC(Nc2ncc3c(n2)CCCCC3)CC1
XS807212b,CC1=CN(CC(=O)N2CCCC2C=3C=NN(C)C3)C=4C=CC=CC14,1.154,O=C(Cn1ccc2ccccc21)N1CCCC1c1cn[nH]c1
XS837199b,CS(=O)(=O)N1CCCCC1C(=O)NC=2C=NC=3NN=CC3C2,19.41,O=C(Nc1cnc2[nH]ncc2c1)C1CCCCN1
XS617080b,CN(C(=O)NC=1C=CN=CC1)C2CCCN(C=3C=CC=CC3)C2=O,5.074,O=C(Nc1ccncc1)NC1CCCN(c2ccccc2)C1=O
XS589112b,CC1=CC(=NN1C(C)(C)C)C(=O)NC(CCO)C2CCCCC2,0.884,O=C(NCC1CCCCC1)c1cc[nH]n1
XS838551b,N#CC1(CC2=CN(CC3COCCC3(F)F)N=N2)CCCCC1,5.96,c1c(CC2CCCCC2)nnn1CC1CCCOC1
XS837463b,CCC(OC=1C=CC=CC1F)C(=O)NC=2N=NN(C)C2C(F)F,1.81,O=C(COc1ccccc1)Nc1c[nH]nn1
XS846182a,CC(C)C1=NC=2C=C(C=CC2O1)NC(C(N)=O)C=3C=CC(F)=CC3,2.958,c1ccc(CNc2ccc3ocnc3c2)cc1
XS840520b,COCC(C)NC(=O)C1=CC=2C(=O)N3C=C(C)C=CC3=NC2S1,7.478,O=c1c2ccsc2nc2ccccn12
XS846185a,CCOC=1C=CC=CC1C2=CC(=NN2)C(=O)N3CCC(C)(CN)C3,1.656,O=C(c1cc(-c2ccccc2)[nH]n1)N1CCCC1
XS838813b,CC=1C=C(N=NC1C(F)(F)F)N2CCCC(C2)C3=NNC(=O)O3,4.102,O=c1[nH]nc(C2CCCN(c3cccnn3)C2)o1
XS846183a,CC=1C=CC(=CC1)CC(CO)CNC(=O)CCOC=2C=CC=CC2,0.692,O=C(CCOc1ccccc1)NCCCc1ccccc1
XS840311b,O=C(NC1=NN=C(S1)C(F)F)NC2CCCC32CCCCC3,2.602,O=C(Nc1nncs1)NC1CCCC12CCCCC2
XS837430b,COC=1C=CC(=CC1)C2=CC(=NN2)N(C)CC3CCC4(COC4)O3,10.69,c1ccc(-c2cc(NCC3CCC4(COC4)O3)n[nH]2)cc1
XS846189a,CCC=1C=CC(=CC1)NC(=O)C(C)NC=2C=CC=3OCCOC3C2,0.414,O=C(CNc1ccc2c(c1)OCCO2)Nc1ccccc1
XS144793d,COC=1C=CC(C)=CC1NC(C)C(=O)NC(=O)NC=2C=CC=CC2,1.126,O=C(CNc1ccccc1)NC(=O)Nc1ccccc1
XS846181a,CC(C)N1CC(CC1=O)NC=2N=CN=C3SC=4CCCCC4C23,0.578,O=C1CC(Nc2ncnc3sc4c(c23)CCCC4)CN1
XS658617b,CC1=NOC(=N1)C2CCCN(C2)C(=O)CC=3C=CC=4OCOC4C3,5.258,O=C(Cc1ccc2c(c1)OCO2)N1CCCC(c2ncno2)C1
XS608713b,CC1=NOC(=N1)C2CCCN(C2)C(=O)C=3C=CC(=NC3)OC(C)C,1.836,O=C(c1cccnc1)N1CCCC(c2ncno2)C1
XS846191a,COCC1(CCCN1S(=O)(=O)C=2C=CC=C(Cl)C2)C(N)=O,0.714,O=S(=O)(c1ccccc1)N1CCCC1
XS759569b,CC(NC(=O)CCOC=1C=CC=CC1Cl)C2=NN=C3CCCN23,0.506,O=C(CCOc1ccccc1)NCc1nnc2n1CCC2
XS570951b,CC1=NOC(=N1)C2CN(CCN2C)C(=O)COC=3C=CC=CC3F,0.712,O=C(COc1ccccc1)N1CCNC(c2ncno2)C1
XS653369b,CC1=CC(CS(=O)(=O)CC(=O)NC(C)C=2C=CC(F)=CC2)=NO1,17.032,O=C(CS(=O)(=O)Cc1ccon1)NCc1ccccc1
XS841582b,NC=1N=CC(=CC1Cl)C(=O)N2CCC(F)(C2)C=3C=CC=CC3F,6.336,O=C(c1cccnc1)N1CCC(c2ccccc2)C1
XS677872b,CC(C)C=1N=C2CCC(CN2N1)NCC3=NC(=NO3)C=4C=CC=NC4,7.544,c1cncc(-c2noc(CNC3CCc4ncnn4C3)n2)c1
XS400444b,CC1=NNC(C)=C1C2CCCCCN2C(=O)NC=3C=CC(C#N)=CC3,0.966,O=C(Nc1ccccc1)N1CCCCCC1c1cn[nH]c1
XS837879b,COC(CS(=O)(=O)NC=1C=NC=2NC=CC2C1C)C3CCCC3,1.542,O=S(=O)(CCC1CCCC1)Nc1cnc2[nH]ccc2c1
XS837683b,O=C(C=1C=CC2=CN=NN2C1)N3CCCC(C3)OC=4N=CC=CC4F,0.748,O=C(c1ccc2cnnn2c1)N1CCCC(Oc2ccccn2)C1
XS399939b,CC1=NC(=CS1)C2=CC(=CO2)C(=O)N3CCCC(C3)N4C=CC=N4,6.982,O=C(c1coc(-c2cscn2)c1)N1CCCC(n2cccn2)C1
XS839571b,CN(CC=1C=COC1)S(=O)(=O)CC2CCC3(CCOCC3)CO2,4.054,O=S(=O)(CC1CCC2(CCOCC2)CO1)NCc1ccoc1
XS846207a,CC1=NC(=CS1)C=2C=CC=CC2NC(=O)NC3CCC(=O)N(C)C3,0.556,O=C1CCC(NC(=O)Nc2ccccc2-c2cscn2)CN1
XS846206a,CC=1C=C(C)N(N1)C=2C=CC(=CC2)C(=O)OCC(=O)NC(C)C(C)C,0.75,c1ccc(-n2cccn2)cc1
XS722878b,CC1=CC(C)=NN1C=2C=CC(=CC2)CC(=O)NC3CCCCNC3=O,2.236,O=C(Cc1ccc(-n2cccn2)cc1)NC1CCCCNC1=O
XS696509b,O=C(NC=1C=CC=NC1N2C=NC=N2)C3CC=4C=C(Cl)C=CC4O3,1.5,O=C(Nc1cccnc1-n1cncn1)C1Cc2ccccc2O1
XS846209a,CN1N=CC=2C(=O)NC(CN3CCOC=4C=CC=CC4C3CO)=NC21,1.384,O=c1[nH]c(CN2CCOc3ccccc3C2)nc2[nH]ncc12
XS837961b,CC(CNC=1C(F)=CN=CC1Cl)C=2C=CC(=CC2)S(C)(=O)=O,6.208,c1ccc(CCNc2ccncc2)cc1
XS846214a,O=C(NC=1C=CC=CC1)C(=O)NC2CCN(C2)C=3C=CC(F)=CC3F,20.056,O=C(Nc1ccccc1)C(=O)NC1CCN(c2ccccc2)C1
XS840154b,C=1C=C2C(CCCN2N1)NC=3N=CN=C4C3N=NN4CC=5C=CC=CC5,8.04,c1ccc(Cn2nnc3c(NC4CCCn5nccc54)ncnc32)cc1
XS768800b,COC1CCCCN(CC(=O)NC2=NC=3C=C(F)C=CC3N2C)C1=O,1.732,O=C(CN1CCCCCC1=O)Nc1nc2ccccc2[nH]1
XS837971b,CN1N=CC=C1CS(=O)(=O)NC(CC2CCCC2)C=3C=CC=CC3,1.85,O=S(=O)(Cc1ccn[nH]1)NC(CC1CCCC1)c1ccccc1
XS846218a,CC1CC=2C=CC=CC2N1C(=O)C=3C=CC(Cl)=C(C3)S(C)(=O)=O,0.642,O=C(c1ccccc1)N1CCc2ccccc21
XS836472b,O=C(NCC1CC(=NO1)C(F)(F)F)C=2N=C(N=CC2Cl)C3CC3,0.846,O=C(NCC1CC=NO1)c1ccnc(C2CC2)n1
XS846232a,CC(NC(=O)C1CCCC1)C(=O)NCCC=2C=CC(=CC2)N3C=CC=N3,17.236,O=C(CNC(=O)C1CCCC1)NCCc1ccc(-n2cccn2)cc1
XS669016b,CN(CC=1C=CC=NC1)C(=O)C2CCCN(C2)C(=O)CC=3C=CC=CC3,1.13,O=C(NCc1cccnc1)C1CCCN(C(=O)Cc2ccccc2)C1
XS836886b,CC=1C=CC2=NC=C(C#N)C(OCC3=NN=C(O3)C4CCCOC4)=C2C1,2.12,c1ccc2c(OCc3nnc(C4CCCOC4)o3)ccnc2c1
XS846230a,COC=1C=C(Cl)C(C)=CC1NC(C)C(=O)NC2=NC(C)=C(C)S2,0.698,O=C(CNc1ccccc1)Nc1nccs1
XS846231a,CC=1C=C(C)N2N=C(CC(=O)NC(C=3C=CC(F)=CC3)C(C)C)N=C2N1,1.6,O=C(Cc1nc2ncccn2n1)NCc1ccccc1
XS846227a,CN1C=C(N=C1C2CCCN(C2)C=3N=CN=C4NN=CC34)C(F)(F)F,2.034,c1c[nH]c(C2CCCN(c3ncnc4[nH]ncc34)C2)n1
XS846237a,CN1C(CCNC(=O)C2CC=3C=CC=C(F)C3O2)=NC=4C(F)=CC=CC41,0.654,O=C(NCCc1nc2ccccc2[nH]1)C1Cc2ccccc2O1
XS846240a,COCCN1C(=O)C=2C=CC=CC2NC31C(=O)NC=4C=CC(=CC43)C(C)C,0.672,O=C1NC2(Nc3ccccc31)C(=O)Nc1ccccc12
XS837451b,CC=1N=CC(C(=O)NC=2C=CC(OC(C)C(=O)O)=C(F)C2)=C(N1)C(C)C,0.73,O=C(Nc1ccccc1)c1cncnc1
XS846245a,O=C(C1=C(N=C2C=NC=CN12)C(F)F)N3CCCC(COC(F)F)C3,5.212,O=C(c1cnc2cnccn12)N1CCCCC1
XS609792b,COC=1C=CC(=C(C1)OC)C(C)NC(=O)NCC=2C=CC=3OCOC3C2,0.692,O=C(NCc1ccccc1)NCc1ccc2c(c1)OCO2
XS846248a,CC=1C=CC=CC1C=2CC(C=3C=CC=C4N=CC=NC34)N(N2)S(C)(=O)=O,1.864,c1ccc(C2=NNC(c3cccc4nccnc34)C2)cc1
XS846238a,O=C(CN1CCCCC1)N2N=C(CC2C=3C=CSC3)C=4C=CSC4,1.088,O=C(CN1CCCCC1)N1N=C(c2ccsc2)CC1c1ccsc1
XS840795b,CC1=NNC(C)=C1C(C)C(=O)OCC(=O)NC=2C(C)=CC(C)=CC2Cl,0.58,O=C(COC(=O)Cc1cn[nH]c1)Nc1ccccc1
XS846249a,CCC1=NC(=CS1)C2NC(=O)CN2CC=3C=CC(Br)=CC3,4.896,O=C1CN(Cc2ccccc2)C(c2cscn2)N1
XS839617b,O=C(CC1=CSC=2C=CC(Cl)=CC12)N3CCOCC3C=4N=CON4,1.822,O=C(Cc1csc2ccccc12)N1CCOCC1c1ncon1
XS838350b,O=C(CCC=1C=CC(Br)=CC1F)N2CCC3(CC3(F)F)C2,3.602,O=C(CCc1ccccc1)N1CCC2(CC2)C1
XS839195b,O=C1OC(CN2C=C(N=N2)C=3C=CC=C(CO)N3)CN1C4CCCCC4,2.422,O=C1OC(Cn2cc(-c3ccccn3)nn2)CN1C1CCCCC1
XS846243a,CCN1C(=O)N(CC(O)COC=2C=CC=C3C=CC=CC23)C=4C=CC=CC41,1.95,O=c1[nH]c2ccccc2n1CCCOc1cccc2ccccc12
XS846247a,CCC=1C=CC=C(C1)NC2CCN(C2)C(=O)C=3C=C(N(C)N3)C(F)(F)F,0.422,O=C(c1cc[nH]n1)N1CCC(Nc2ccccc2)C1
XS389436b,COC=1C=CC(=CC1)CN(C(=O)NC=2C=CC=CC2)C3CCS(=O)(=O)C3,2.008,O=C(Nc1ccccc1)N(Cc1ccccc1)C1CCS(=O)(=O)C1
XS846255a,CN1C=CC=C1C2CCCCCN2C(=O)CNC(=O)NCC=3C=CC=CC3,2.304,O=C(NCC(=O)N1CCCCCC1c1ccc[nH]1)NCc1ccccc1
XS762709b,CC=1C=C(F)C=CC1C2C(=O)NCCN2C(=O)C3=CSC(CC(C)C)=N3,0.75,O=C1NCCN(C(=O)c2cscn2)C1c1ccccc1
XS846258a,O=C(NC=1C=CC=C(C1)C2CCC(=O)N2)C=3C=CC=C(C3)OC=4C=CC=CN4,18.8,O=C1CCC(c2cccc(NC(=O)c3cccc(Oc4ccccn4)c3)c2)N1
XS134711b,O=C(NC1=NC(=CS1)C2=CC=CS2)C3CC(=O)N(CC4=CC=CO4)C3,8.872,O=C(Nc1nc(-c2cccs2)cs1)C1CC(=O)N(Cc2ccco2)C1
XS846252a,COCCN1C=C2CCCC(NC(=O)CC3=CNC=4C(C)=CC=CC34)C2=N1,0.694,O=C(Cc1c[nH]c2ccccc12)NC1CCCc2c[nH]nc21
XS838861b,CC1C=2C=CC(O)=CC2CCN1C(=O)CCN3C=NC=4C=C(F)C(F)=CC43,0.558,O=C(CCn1cnc2ccccc21)N1CCc2ccccc2C1
XS836703b,O=S(=O)(CC1CCCC=2C=CC=CC21)NCCN3CCCS3(=O)=O,0.576,O=S(=O)(CC1CCCc2ccccc21)NCCN1CCCS1(=O)=O
XS838802b,CN1C(=O)C=CC2=C1CCCC2NC=3C=CC(=CC3)S(=O)(=O)C(F)F,1.6,O=c1ccc2c([nH]1)CCCC2Nc1ccccc1
XS837929b,CN1N=C(C=C1OC(F)F)C(=O)NC2CS(=O)(=O)CC=3C=CC=CC32,1.502,O=C(NC1CS(=O)(=O)Cc2ccccc21)c1cc[nH]n1
XS846262a,CC(C)(C)N1N=C(C=C1C2CC2)C(=O)N3CCCC3C=4C=CC=5OCOC5C4,1.024,O=C(c1cc(C2CC2)[nH]n1)N1CCCC1c1ccc2c(c1)OCO2
XS846268a,COC=1C=C2CCN(CC2=CC1OC)C3CC(=O)N(C3=O)C=4C=CC=CC4F,4.428,O=C1CC(N2CCc3ccccc3C2)C(=O)N1c1ccccc1
XS841016b,COC=1C=CC(=CC1S(=O)(=O)N(C)C)C(=O)N(C)C(C)C=2C=CC=CC2,0.75,O=C(NCc1ccccc1)c1ccccc1
XS421434b,CC=1N=C(NC(=O)C1CC(=O)NC(C)CCC=2C=CC=CC2)C=3C=CC=CN3,3.958,O=C(Cc1cnc(-c2ccccn2)[nH]c1=O)NCCCc1ccccc1
XS846272a,CCOC=1C=CC(=CC1)OCCC(=O)NC(C)C=2C=CC(=CC2)N3C=NC=N3,10.804,O=C(CCOc1ccccc1)NCc1ccc(-n2cncn2)cc1
XS846270a,COC=1C=CC(=CC1OCC(N)=O)NC(C)C(=O)NC=2C=CC(F)=C(F)C2,1.06,O=C(CNc1ccccc1)Nc1ccccc1
XS842705b,CN(C)C1=NOC(=N1)C2CCCN(C2)C(=O)C3=CSC(=N3)C=4C=NN(C)C4,0.978,O=C(c1csc(-c2cn[nH]c2)n1)N1CCCC(c2ncno2)C1
XS465179b,CCNS(=O)(=O)C=1C=CC(C)=C(C1)C(=O)N2CCCCC2C3=CC=NN3C,0.654,O=C(c1ccccc1)N1CCCCC1c1ccn[nH]1
XS836698b,CC(NC(=O)CN1C=NC=2C=CC(Br)=CC2C1=O)C3=NC=NN3C,4.084,O=C(Cn1cnc2ccccc2c1=O)NCc1ncn[nH]1
XS841323b,CC1(C)CN(C1C2=NC=CN2C=3C=CC(F)=CC3)S(=O)(=O)CC4(C#N)CC4,1.48,O=S(=O)(CC1CC1)N1CCC1c1nccn1-c1ccccc1
XS705652b,FC=1C=CC=C(C1)C2=NN=C(O2)C3CC43CCN(CC5=NC(=NO5)C6CC6)CC4,2.09,c1ccc(-c2nnc(C3CC34CCN(Cc3nc(C5CC5)no3)CC4)o2)cc1
XS838588b,CC=1C=CC2=CC=3CC4(C(=O)N(C)C(=O)N(C)C4=O)C5CCCCN5C3N=C2C1,2.038,O=C1NC(=O)C2(Cc3cc4ccccc4nc3N3CCCCC32)C(=O)N1
XS846275a,CC(=O)N1C=CC=2C=CC=CC2C1CC(=O)N(C)CC3=NC=4C=CC=CC4N3C,1.01,O=C(CC1NC=Cc2ccccc21)NCc1nc2ccccc2[nH]1
XS846277a,O=C(O)C1CC=2C=CC=CC2CN1C(=O)C3CCN(CC3)C=4C=CC(Cl)=CN4,1.164,O=C(C1CCN(c2ccccn2)CC1)N1CCc2ccccc2C1
XS838046b,CC=1N=C(COC(C)(C)C)OC1C(=O)NC(C)C=2C=CC(Br)=CN2,3.368,O=C(NCc1ccccn1)c1cnco1
XS839992b,COC=1C=CC(=CC1S(C)(=O)=O)NC(=O)N2CC(CC=3C=CC=CC32)OC,0.56,O=C(Nc1ccccc1)N1CCCc2ccccc21
XS846291a,CC(OC(=O)CCNS(=O)(=O)C=1C=CC(F)=C(F)C1)C(=O)NC2CCCCC2,0.674,O=C(COC(=O)CCNS(=O)(=O)c1ccccc1)NC1CCCCC1
XS846289a,COC(=O)CC(NC(=O)CCC=1C(C)=NC2=NC=NN2C1C)C=3C=CC(Cl)=CC3,0.98,O=C(CCc1cnc2ncnn2c1)NCc1ccccc1
XS846300a,COC1=CC(CNC(=O)C2CC(=O)N(C2)C=3C=CC=C(C)C3C)=C(C=C1OC)OC,15.144,O=C(NCc1ccccc1)C1CC(=O)N(c2ccccc2)C1
XS514853b,CN1N=C2CCCCC2=C1C(=O)N3CCCC(C3)NC=4C=CC=C(Br)C4,1.694,O=C(c1[nH]nc2c1CCCC2)N1CCCC(Nc2ccccc2)C1
XS715959b,COC=1C=CC(=CC1)C2CCCN2C(=O)CN(C)S(=O)(=O)C=3C=CC(Cl)=CC3,4.0,O=C(CNS(=O)(=O)c1ccccc1)N1CCCC1c1ccccc1
XS836776b,COC=1C=CC(Br)=CC1CN(C)C(=O)C(C)N2C=NC=3C=CC=CC32,0.48,O=C(Cn1cnc2ccccc21)NCc1ccccc1
XS841482b,O=C(O)C(CC1=CNC=2C=CC=CC12)NC(=O)NCC3=NC=C(O3)C=4C=CC=CC4,2.468,O=C(NCCc1c[nH]c2ccccc12)NCc1ncc(-c2ccccc2)o1
XS687220b,CC=1C=CC(=CC1C)S(=O)(=O)NCCC(=O)N2CCCC2C3=NC=4C=CC=CC4S3,4.954,O=C(CCNS(=O)(=O)c1ccccc1)N1CCCC1c1nc2ccccc2s1
XS842636b,CC(C)N1N=CC=2C=C(C=NC21)NC(=O)C(C=3C=CC(Cl)=CC3Cl)N4CCOCC4,1.628,O=C(Nc1cnc2[nH]ncc2c1)C(c1ccccc1)N1CCOCC1
XS171199b,CCN1CC(CN(C)C(=O)CCC2=NC3=C(C=NN3C=4C=CC=CC4)C(=O)N2)OC=5C=CC=CC51,0.71,O=C(CCc1nc2c(cnn2-c2ccccc2)c(=O)[nH]1)NCC1CNc2ccccc2O1
XS846321a,O=C1CC(CN1)NC=2N=CN=C3SC=CC23,0.51,O=C1CC(Nc2ncnc3sccc23)CN1
XS838465b,CC(NC=1C=CC=2NN=NC2C1)C3=CC=CS3,1.246,c1csc(CNc2ccc3[nH]nnc3c2)c1
XS846326a,CC(CCC1=CC=CO1)NC(=O)N2CCCC2,0.424,O=C(NCCCc1ccco1)N1CCCC1
XS039482c,O=C(NC1CCS(=O)(=O)C1)C=2C=CC=CC2,0.702,O=C(NC1CCS(=O)(=O)C1)c1ccccc1
XS840450b,CCC1(C)NC(=O)C=2C=CC=CC2NC1=O,1.152,O=C1CNC(=O)c2ccccc2N1
XS846327a,O=C1NC(NC=2C=CC=CC12)C=3C=CSC3,0.958,O=C1NC(c2ccsc2)Nc2ccccc21
XS846332a,CC1=CN=C(NC(=O)CC2C=CCC2)S1,0.312,O=C(CC1C=CCC1)Nc1nccs1
XS846328a,COC=1C=CC(=CC1)OCCN2CCCC(C)C2,0.838,c1ccc(OCCN2CCCCC2)cc1
XS846322a,CC(C(=O)N1CCNC(=O)CC1)C=2C=CC=CC2,0.39,O=C1CCN(C(=O)Cc2ccccc2)CCN1
XS838434b,FC=1C=NC=C(N1)N2CCOCC3(CC3(F)F)C2,3.684,c1cnc(N2CCOCC3(CC3)C2)cn1
XS846335a,CC(C1=CC=CS1)N(C)C(=O)NC=2C=CC=CC2,0.654,O=C(NCc1cccs1)Nc1ccccc1
XS846337a,COCC(C)NC(=O)C1=CN=C2SC=CN2C1=O,1.18,O=c1ccnc2sccn12
XS739460b,CN1CCC(NC(=O)CC=2C=CC=C(Cl)C2)C1=O,0.484,O=C(Cc1ccccc1)NC1CCNC1=O
XS837900b,O=C(C1C=CCC1)N2CCC(CC2)C3=NNC(=O)O3,1.978,O=C(C1C=CCC1)N1CCC(c2n[nH]c(=O)o2)CC1
XS846333a,CC(NC=1C=CC=2OCCOC2C1)C(=O)NC(N)=O,5.102,c1ccc2c(c1)OCCO2
XS840525b,CCCC1=NN=C(NC2CCN(C2=O)C(C)C)S1,0.538,O=C1NCCC1Nc1nncs1
XS840180b,C=1NN=C2CCCN(CC3CC=4C=CC=CC4O3)C12,0.46,c1ccc2c(c1)CC(CN1CCCc3n[nH]cc31)O2
XS842698b,O=C(NC1CC21CCC2)N3CC(CC4=CC=CO4)C3,0.576,O=C(NC1CC12CCC2)N1CC(Cc2ccco2)C1
XS837194b,CC1CSCCN1C(=O)N(C)C2CCOCC2,0.384,O=C(NC1CCOCC1)N1CCSCC1
XS697141b,CC=1C=NC(=CN1)C(=O)NC(C)C2=NN=C3C=CC=CN23,1.386,O=C(NCc1nnc2ccccn12)c1cnccn1
XS846354a,CC(NC(=O)C=1C=CC(=O)NN1)C=2C=C(F)C=CC2F,1.862,O=C(NCc1ccccc1)c1ccc(=O)[nH]n1
XS846359a,CC1=CC(=NO1)C(=O)NC(C=2C=CC=CC2)C(F)(F)F,1.268,O=C(NCc1ccccc1)c1ccon1
XS846347a,CC1=NN=C(CNC(=O)C(C=2C=CC=CC2)C3CC3)N1C,0.526,O=C(NCc1nnc[nH]1)C(c1ccccc1)C1CC1
XS846357a,O=C(NC1=NC=2C=CC=CC2S1)C3CCC(=O)NC3,1.926,O=C1CCC(C(=O)Nc2nc3ccccc3s2)CN1
XS840187b,CC(COCC(F)(F)F)NC=1C=CC(C#N)=CC1F,0.904,c1ccccc1
XS846352a,CC1=NOC=2N=CN=C(C12)N3CCC4(CNC(=O)C4)C3,1.776,O=C1CC2(CCN(c3ncnc4oncc34)C2)CN1
XS846346a,CC(C)N1C=NC(=C1)S(=O)(=O)NC2CCCC2(C)C,1.366,O=S(=O)(NC1CCCC1)c1c[nH]cn1
XS846358a,CCC1CCCCN1S(=O)(=O)C=2C=CC(C)=C(C)C2,0.384,O=S(=O)(c1ccccc1)N1CCCCC1
XS846348a,CC(NC(=O)C=1C=CN(N1)C2CCCC2)C=3N=CON3,0.596,O=C(NCc1ncon1)c1ccn(C2CCCC2)n1
XS623854b,C=1N=CN(CC2CCCN(CC3=NN=C(O3)C4CC4)C2)N1,0.428,c1ncn(CC2CCCN(Cc3nnc(C4CC4)o3)C2)n1
XS842151b,COC(=O)C1CC=2C(C)=CC=CC2N1CC3=CSN=N3,0.942,c1ccc2c(c1)CCN2Cc1csnn1
XS727505b,CC1=NOC(CN2CCC(C2)OCC=3C(C)=NOC3C)=N1,0.776,c1noc(CN2CCC(OCc3cnoc3)C2)n1
XS846364a,CC(NC=1C=CC=2OC(F)(F)OC2C1)C(=O)NC(N)=O,2.42,c1ccc2c(c1)OCO2
XS846369a,CCC1=NOC(CN2CCCC2C=3C=CC=C(C3)OC)=N1,11.228,c1ccc(C2CCCN2Cc2ncno2)cc1
XS842474b,CNC(=O)NC(=O)C(C)N1C(=O)C2=CC=CC3=CC=CC1=C23,0.712,O=C1Nc2cccc3cccc1c23
XS846363a,O=C(CCC1=NC=CS1)N2CCCC(C2)N3C=CC=N3,3.002,O=C(CCc1nccs1)N1CCCC(n2cccn2)C1
XS838360b,COC(=O)C(C=1C=CC=CC1)N2C=CC=3C=CC=CC3C2=O,1.156,O=c1c2ccccc2ccn1Cc1ccccc1
XS588956b,CN(CC1=NC(=NO1)C(C)(C)C)C2CCS(=O)(=O)C2,0.594,O=S1(=O)CCC(NCc2ncno2)C1
XS846374a,CC(C(=O)N(C)C1CCCCC1)S(=O)(=O)C2CCCC2,0.96,O=C(CS(=O)(=O)C1CCCC1)NC1CCCCC1
XS779673b,O=C(CCC=1C=CC=CC1O)N2CCOCC2C=3N=CON3,0.446,O=C(CCc1ccccc1)N1CCOCC1c1ncon1
XS708563b,CC(OC=1C=CC(=CC1)CC(=O)O)C(=O)NC2CCCCC2,6.958,O=C(COc1ccccc1)NC1CCCCC1
XS846387a,CC(NS(=O)(=O)C=1C=CC=2OCCC2C1)C=3C=CN=CC3,0.93,O=S(=O)(NCc1ccncc1)c1ccc2c(c1)CCO2
XS691618b,O=C(CC=1C=CC=NC1)N2CCCC2C3=NOC(=N3)C4CC4,6.67,O=C(Cc1cccnc1)N1CCCC1c1noc(C2CC2)n1
XS846385a,CC1=NOC(=N1)C(C)NC=2C=CC=3OC(=NC3C2)C(C)(C)C,2.428,c1noc(CNc2ccc3ocnc3c2)n1
XS846377a,CN(C1CCN(C1=O)C=2C=CC=CC2Cl)S(C)(=O)=O,0.864,O=C1CCCN1c1ccccc1
XS846378a,CC1C=2C=CSC2CCN1C(=O)C=3C=CC=4OCOC4C3,2.338,O=C(c1ccc2c(c1)OCO2)N1CCc2sccc2C1
XS842110b,CC1CN(CC2=NN=NN2CC(F)(F)F)CC3=CNN=C31,1.912,c1[nH]nc2c1CN(Cc1nnn[nH]1)CC2
XS846379a,CC=1C=CC(=CC1C)NC(C)C(=O)NC=2SC=CC2C#N,0.52,O=C(CNc1ccccc1)Nc1cccs1
XS840473b,CC(C)C1=NC(=CS1)C(C)NC=2N=CC(=C(N)N2)[N+]([O-])=O,1.348,c1cnc(NCc2cscn2)nc1
XS814338b,CC=1C=CC=C(C1)C(=O)NC(C(=O)NC=2C=CN=CC2)C(C)C,1.376,O=C(CNC(=O)c1ccccc1)Nc1ccncc1
XS839958b,CC(C)(C)C1=NOC(CCC(=O)N2CCC3(CCOC3)C2)=N1,2.29,O=C(CCc1ncno1)N1CCC2(CCOC2)C1
XS841635b,CC(C1=CSN=N1)N2CCN(CC2)C=3C=CC(F)=CC3F,0.752,c1ccc(N2CCN(Cc3csnn3)CC2)cc1
XS841722b,C=C1C=2C=CC=CC2C(=O)N1C(C)C(=O)N=C3SC=CN3C,0.598,C=C1c2ccccc2C(=O)N1CC(=O)N=c1[nH]ccs1
XS837513b,N#CC=1C=CC=C(C1)OC=2C=CN=C(N2)NC3CCC(=O)NC3,1.944,O=C1CCC(Nc2nccc(Oc3ccccc3)n2)CN1
XS840456b,CC1=NN(C)C(C)=C1C(=O)OC(C)C(=O)NC(=O)NC2CC2,1.228,O=C(COC(=O)c1cn[nH]c1)NC(=O)NC1CC1
XS450896b,O=C(C=1ON=C2CCCCC12)N3CCCC3CC=4C=CC=CC4,15.714,O=C(c1onc2c1CCCC2)N1CCCC1Cc1ccccc1
XS846391a,CC1(C)CN(CC1C=2C=CC=CC2)C(=O)NCC=3C=CC=NC3,1.168,O=C(NCc1cccnc1)N1CCC(c2ccccc2)C1
XS596365b,O=C(O)C=1C=CC(=CC1)CNC(=O)C2COC=3C=CC=CC3C2,4.166,O=C(NCc1ccccc1)C1COc2ccccc2C1
XS428172b,CC1=NOC=2N=CN=C(NC3CCCN(C3)C4=CC=NN4C)C12,1.384,c1cc(N2CCCC(Nc3ncnc4oncc34)C2)[nH]n1
XS606791b,O=C(CCOC=1C=CC=C(F)C1)N2CCCC(C2)C3=CC=NN3,8.332,O=C(CCOc1ccccc1)N1CCCC(c2ccn[nH]2)C1
XS781778b,CC1=NC2=C(CCCC2CNC(=O)C=3SC=CC3C#N)S1,0.654,O=C(NCC1CCCc2scnc21)c1cccs1
XS837377b,CC1=CN=C(S1)C2CCCCN2CC3=NC=4N=CC=CC4O3,0.98,c1cnc2nc(CN3CCCCC3c3nccs3)oc2c1
XS846409a,COC1=C(NC=2C=CC=CC12)C(=O)N3CCOCC3CC4CC4,2.324,O=C(c1cc2ccccc2[nH]1)N1CCOCC1CC1CC1
XS846410a,CC1=NC(=NN1C=2C=CC(F)=CC2)C(=O)NCCC3CCCO3,0.636,O=C(NCCC1CCCO1)c1ncn(-c2ccccc2)n1
XS584627b,NC(=O)CCC1CCCN(C1)C(=O)C=2C=CC=3N=CSC3C2,0.792,O=C(c1ccc2ncsc2c1)N1CCCCC1
XS846404a,COC=1C=CC(=CC1)C=2C=C(NN2)C(=O)N(C)CC(O)C3CC3,4.25,O=C(NCCC1CC1)c1cc(-c2ccccc2)n[nH]1
XS846405a,O=C(NCC1CCCO1)C=2C=CC=C(C2)OCC3=CSC=N3,4.454,O=C(NCC1CCCO1)c1cccc(OCc2cscn2)c1
XS846415a,CC=1C=CC(C)=C(OCC(O)CN2C(=O)CC(C)(C)C2=O)C1C,1.272,O=C1CCC(=O)N1CCCOc1ccccc1
XS837804b,CCOC1(CNC(=O)CN2C=NC(=C2)C(F)(F)F)CCOC1,0.74,O=C(Cn1ccnc1)NCC1CCOC1
XS846420a,COC1CC=2C=CC(=CC2C1)NC(=O)C=3C=CC(=CC3)OC(C)C,2.012,O=C(Nc1ccc2c(c1)CCC2)c1ccccc1
XS846424a,COC=1C=CC(=CC1)CC(=O)N2CCCC(C2)NS(C)(=O)=O,1.938,O=C(Cc1ccccc1)N1CCCCC1
XS846419a,COCC1=NOC(=N1)C(C)N(C)CCOC=2C=CC(Cl)=CC2,3.288,c1ccc(OCCNCc2ncno2)cc1
XS846416a,COC=1C=CC(NC(C)C2=NN=C(O2)C=3C=CC=CC3)=C(C1)OC,3.382,c1ccc(NCc2nnc(-c3ccccc3)o2)cc1
XS547436b,O=S(CC=1C=CC=C(F)C1)CC=2C=C(F)C=C3COCOC23,0.558,O=S(Cc1ccccc1)Cc1cccc2c1OCOC2
XS815047b,CC(OC(=O)C=1SC=2C=CC=CC2C1Cl)C(=O)NC3CC3,0.98,O=C(COC(=O)c1cc2ccccc2s1)NC1CC1
XS846423a,COC1=CC(OC)=C(C=C1C(=O)NC(C)C2=CC=CS2)OC,1.058,O=C(NCc1cccs1)c1ccccc1
XS836620b,CC1=CC(C)=NN1C=2C=NC=C(N2)NC3CCC4=NC(C)=NN4C3,1.268,c1cnn(-c2cncc(NC3CCc4ncnn4C3)n2)c1
XS593297b,CC1=NN2CC(CCC2=N1)NCC3=CC=C(OC=4C=CC=CC4)O3,2.758,c1ccc(Oc2ccc(CNC3CCc4ncnn4C3)o2)cc1
XS846421a,COC=1C=C(F)C=CC1NC(=O)C(C)C2=CN(C)C=3C=CC=CC23,0.634,O=C(Cc1c[nH]c2ccccc12)Nc1ccccc1
XS846430a,CC(NC(=O)NCC1=CC=CS1)C=2C=CC=3OCC(=O)NC3C2,2.19,O=C1COc2ccc(CNC(=O)NCc3cccs3)cc2N1
XS846434a,COC=1C=CC(=CN1)NC(=O)NC2CCCN(C2)C=3N=CC=CN3,2.676,O=C(Nc1cccnc1)NC1CCCN(c2ncccn2)C1
XS608968b,O=C1C(CCN1C=2C=CC=CC2)SC3=NC(=O)C=CN3C4CC4,3.41,O=C1C(Sc2nc(=O)ccn2C2CC2)CCN1c1ccccc1
XS837855b,COC(=O)C=1C=CN=C(C1[N+]([O-])=O)N2CCC(C2)C=3N=CC=CN3,4.036,c1ccc(N2CCC(c3ncccn3)C2)nc1
XS671935b,COC=1C=C(C=C(C1)C(=O)N2CCC(C2)NC=3C=CC=CC3)OC,0.504,O=C(c1ccccc1)N1CCC(Nc2ccccc2)C1
XS846429a,CCOC=1N=CC=CC1C2=NOC(=N2)C(NC(C)=O)C3CCCC3,1.308,c1cncc(-c2noc(CC3CCCC3)n2)c1
XS841815b,CC(C)OC=1C=CC(=CC1)C(C)NC(=O)C=2N=CC=NC2C(N)=O,0.49,O=C(NCc1ccccc1)c1cnccn1
XS542866b,COC=1C=CC(=CC1)C2CCN(C2)C(=O)C=3C=C4OCCCN4N3,1.406,O=C(c1cc2n(n1)CCCO2)N1CCC(c2ccccc2)C1
XS846428a,CC(NC=1C=CC=C(C1)C(N)=O)C(=O)N(C)CC=2C=CC=C(F)C2,0.652,O=C(CNc1ccccc1)NCc1ccccc1
XS839221b,COC1=CC(=NC(=N1)C2=CN(N=N2)C(C)C=3C=CC=C(C#N)C3)OC,0.56,c1ccc(Cn2cc(-c3ncccn3)nn2)cc1
XS846441a,O=C(NC=1C=CC(=CC1)NC=2C=CC=CC2)C3CC(=O)N(C3)C4CC4,12.572,O=C(Nc1ccc(Nc2ccccc2)cc1)C1CC(=O)N(C2CC2)C1
XS840077b,O=S(=O)(CC=1C(F)=CC=CC1Cl)NC2CC32CCOCC3,1.058,O=S(=O)(Cc1ccccc1)NC1CC12CCOCC2
XS619601b,O=C(CCC=1C=CC(Cl)=CC1)N2CCCC(C2)C3=NC(=O)NN3,2.48,O=C(CCc1ccccc1)N1CCCC(c2nc(=O)[nH][nH]2)C1
XS846443a,CC=1C=CC=CC1CC(=O)NC(C)C=2C=CC(=CC2)S(N)(=O)=O,0.878,O=C(Cc1ccccc1)NCc1ccccc1
XS846447a,CC(O)CN(CC(=O)NC(=O)NCC(F)(F)F)C=1C=CC=CC1,0.634,c1ccccc1
XS846437a,COC(=O)C(NC(=O)C=1C=C(NN1)C2CC2)C=3C=C(F)C=CC3F,1.998,O=C(NCc1ccccc1)c1cc(C2CC2)[nH]n1
XS846438a,CC(C)C=1C=CC(=CC1)C2=NOC(CCC(=O)OC(C)C(N)=O)=N2,3.774,c1ccc(-c2ncon2)cc1
XS842225b,CC=1C=CC=C2NC(C=3C=NC(=NC3)N4CCOCC4)N(C)C(=O)C12,1.04,O=C1NC(c2cnc(N3CCOCC3)nc2)Nc2ccccc21
XS837214b,CC=1N=C(N=CC1C(=O)N(C)C(C)C2=CC=CS2)C=3C=CC=CC3,0.994,O=C(NCc1cccs1)c1cnc(-c2ccccc2)nc1
XS636875b,O=C(CNC(=O)C(SC=1C=CC=CC1)C=2C=CC=CC2)NC3CC3,0.52,O=C(CNC(=O)C(Sc1ccccc1)c1ccccc1)NC1CC1
XS798169b,COC=1C=CC(=CC1OC)C(=O)N2C=3C=CC=CC3NC(=O)CC2C,3.17,O=C1CCN(C(=O)c2ccccc2)c2ccccc2N1
XS691424b,CC=1C=NN(C1)CC2CCCCN2C(=O)C=3C=C(ON3)C4=CC=CO4,2.318,O=C(c1cc(-c2ccco2)on1)N1CCCCC1Cn1cccn1
XS838812b,N#CC=1C=CC=C2C=C(C=NC12)OCC(=O)N3CCCC(C3)C(N)=O,0.712,O=C(COc1cnc2ccccc2c1)N1CCCCC1
XS838500b,CN1N=NN=C1C=2C=CC=CC2NC(=O)C3CC=4C=CC(Cl)=CC43,1.598,O=C(Nc1ccccc1-c1nnn[nH]1)C1Cc2ccccc21
XS846459a,CN1C=C(C=N1)C2CCCN2C(=O)C3=CSC(=N3)C4=CC=CS4,1.544,O=C(c1csc(-c2cccs2)n1)N1CCCC1c1cn[nH]c1
XS578994b,O=C(NC(C1=NC=CS1)C2CC2)N3CCN(CC3)C=4C=CC=CC4,1.984,O=C(NC(c1nccs1)C1CC1)N1CCN(c2ccccc2)CC1
XS846464a,CC=1C=C(NC(=O)C2CC(=O)N(C2)C=3C=CC=4OCOC4C3)N(C)N1,7.57,O=C(Nc1ccn[nH]1)C1CC(=O)N(c2ccc3c(c2)OCO3)C1
XS192423c,CN1C(=NC=2C=CC=CC21)C3CC(=O)N(C3)C=4C=CC=C5C=CC=CC45,1.5,O=C1CC(c2nc3ccccc3[nH]2)CN1c1cccc2ccccc12
XS842501b,COCC1(CCC1)S(=O)(=O)NC2COC=3C(=CC=CC3C2)OC,3.774,O=S(=O)(NC1COc2ccccc2C1)C1CCC1
XS846456a,CCC1=NOC(=N1)C(C)N2CCN(CC2)C(=O)CC=3C=CC(C)=CC3,1.272,O=C(Cc1ccccc1)N1CCN(Cc2ncno2)CC1
XS828141b,COC=1C=CC(=C(C1)OC)C2CCCN2C3=NN4C=C(C)N=C4S3,0.384,c1ccc(C2CCCN2c2nn3ccnc3s2)cc1
XS567938b,CCC(CC)N1N=CC(C(=O)N2CC(C)OC=3C=C(C)C=CC32)=C1C,0.404,O=C(c1cn[nH]c1)N1CCOc2ccccc21
XS840765b,COCCNC(=O)NC1CCN(C1)C=2C=CC=CC2Br,0.48,c1ccc(N2CCCC2)cc1
XS846460a,O=C1NC(CN2CCCC2CN3C=CC=N3)=NC=4C=CC(Cl)=CC14,3.062,O=c1[nH]c(CN2CCCC2Cn2cccn2)nc2ccccc12
XS846458a,CCN1C=NN=C1CNC(=O)C(C)OC=2C=C(Cl)C=C(Cl)C2,0.386,O=C(COc1ccccc1)NCc1nnc[nH]1
XS842520b,CC(C)N1C=C2C=C(C=CC2=N1)NC(=O)NCC(C)C3=NC=CS3,0.52,O=C(NCCc1nccs1)Nc1ccc2n[nH]cc2c1
XS842645b,CN(CC(=O)NC(C)(C)C)C(=O)C1CSCN1C(=O)C(C)(C)C,0.656,C1CSCN1
XS846466a,CC1=CC=C(C(=O)NC(C)CCC=2C=CC(=CC2)OC(C)C)C(=O)N1,1.32,O=C(NCCCc1ccccc1)c1ccc[nH]c1=O
XS838640b,COC=1C=C(C=CC1OCC2CCC=3C=CC=CC3O2)S(C)(=O)=O,0.916,c1ccc(OCC2CCc3ccccc3O2)cc1
XS837374b,FC=1C(Cl)=CC=CC1CN2CCC(CC=3N=NNN3)C(F)(F)C2,0.884,c1ccc(CN2CCC(Cc3nn[nH]n3)CC2)cc1
XS837282b,CC1=CN=C(S1)C(C)NC(=O)C2=CC=3SC(C)=C(C(=O)O)C3N2,3.416,O=C(NCc1nccs1)c1cc2sccc2[nH]1
XS784675b,CC1=NNC(C)=C1C2COCCN2C(=O)CCC=3C=CC(Cl)=CC3,0.578,O=C(CCc1ccccc1)N1CCOCC1c1cn[nH]c1
XS487443b,O=C(CCOC=1C=CC=CC1F)N2CCCC(O)(CN3C=CN=N3)C2,2.978,O=C(CCOc1ccccc1)N1CCCC(Cn2ccnn2)C1
XS837170b,O=S1(=O)CCC(C1)NCC2=CC=C(O2)C3=NC=4C=CC=CC4S3,1.0,O=S1(=O)CCC(NCc2ccc(-c3nc4ccccc4s3)o2)C1
XS840769b,CCS(=O)(=O)CCN1C=CC(=N1)NC2CCCCC=3C=CC=CC32,0.952,c1ccc2c(c1)CCCCC2Nc1cc[nH]n1
XS394916b,CC(=O)N1CC(OC=2C=CC=CC21)C(=O)NC=3C=CC=C4N=CC=CC34,0.906,O=C(Nc1cccc2ncccc12)C1CNc2ccccc2O1
XS840828b,CN(CC(=O)N1CCC(=N1)C=2C=CC=CC2)C3CCCC=4C=CC=CC43,1.268,O=C(CNC1CCCc2ccccc21)N1CCC(c2ccccc2)=N1
XS846469a,COC=1C=CC(NC(C)C(=O)N(C)CC=2C=CC=C(F)C2)=C(C1)OC,1.288,O=C(CNc1ccccc1)NCc1ccccc1
XS616644b,COC=1C=CC(CNC(=O)NC(C)C=2C(C)=NN(C)C2C)=C(C1)OC,2.694,O=C(NCc1ccccc1)NCc1cn[nH]c1
XS846484a,CCC(=O)N1CCCC(C1)C(=O)NC=2C=C(OC)C(OC)=C(C2)OC,0.54,O=C(Nc1ccccc1)C1CCCNC1
XS838170b,CC1CCC=2C(=CSC2C1)C3=NC(=NO3)C(C)(C)NS(C)(=O)=O,3.664,c1noc(-c2csc3c2CCCC3)n1
XS846481a,CC(C=1C=CC(=CC1)S(C)(=O)=O)N(C)C(=O)NC=2C=CC=CC2F,4.852,O=C(NCc1ccccc1)Nc1ccccc1
XS719199b,O=S(=O)(NC1CCCN(C1)C=2N=CC=CN2)C=3C(F)=CC=CC3F,2.23,O=S(=O)(NC1CCCN(c2ncccn2)C1)c1ccccc1
XS837910b,COC=1C=CC=2C(N)=NN(C(=O)C3CCOC=4C=CC(Cl)=CC43)C2C1,0.524,O=C(C1CCOc2ccccc21)n1ncc2ccccc21
XS839435b,CC1=NC(C(=O)NC2CCC3=NN=NN3C2)=C(CC=4C=CC=CC4)S1,2.652,O=C(NC1CCc2nnnn2C1)c1ncsc1Cc1ccccc1
XS837503b,COC=1C=CC=2CCN(CC(C)C2C1)C(=O)N3CCCC=4C=CC=NC43,1.58,O=C(N1CCc2ccccc2CC1)N1CCCc2cccnc21
XS837887b,O=C(NCC1=CC=2CCCC2NC1=O)NCC3CCCCS3(=O)=O,2.786,O=C(NCc1cc2c([nH]c1=O)CCC2)NCC1CCCCS1(=O)=O
XS846477a,COC=1C=CC=C(C1)C2=NOC(=N2)C(C)NC(=O)CCCN3C=CC=C3,2.972,O=C(CCCn1cccc1)NCc1nc(-c2ccccc2)no1
XS782215b,O=C(NC(C=1C=CC(Cl)=CC1)C2CC2)C=3C=CC=CC3N4C=NN=N4,1.04,O=C(NC(c1ccccc1)C1CC1)c1ccccc1-n1cnnn1
XS584148b,CCCC1C(=O)NCCN1S(=O)(=O)C=2C=CC=C3CC(C)(C)OC23,0.422,O=C1CN(S(=O)(=O)c2cccc3c2OCC3)CCN1
XS846479a,CN1N=CC=2C(=CC=NC21)N3CC(COC=4C=CC=CC4)OC(C)(C)C3,2.37,c1ccc(OCC2CN(c3ccnc4[nH]ncc34)CCO2)cc1
XS836774b,O=C(NCCCOCC1CCCO1)N2CCN(CC2)C=3N=CC=CN3,0.382,O=C(NCCCOCC1CCCO1)N1CCN(c2ncccn2)CC1
XS836947b,CC1=NOC(=N1)C=2C=CC=C(C2)NC(=O)NC3CCC=4C=CC=CC4OC3,3.848,O=C(Nc1cccc(-c2ncno2)c1)NC1CCc2ccccc2OC1
XS846493a,CCN(CC)C(=O)C(NS(=O)(=O)C=1C=CC2=CC=CC=C2C1)C(C)C,0.52,c1ccc2ccccc2c1
XS846488a,CCCC(C#N)NC(=O)C=1C=C(C)N=C2C1C=NN2CC=3C=CC(C)=CC3,0.596,c1ccc(Cn2ncc3cccnc32)cc1
XS394335b,O=C(CCN1C(=O)CCC1=O)NCC2CCN(C2)C=3C=CC(Cl)=CC3,1.736,O=C(CCN1C(=O)CCC1=O)NCC1CCN(c2ccccc2)C1
XS841845b,CCCC(=O)N1CSCC1C(=O)N2CCN3CCOC=4C=CC=C2C43,2.78,O=C(C1CSCN1)N1CCN2CCOc3cccc1c32
XS846490a,O=C(NCC=1C=CC=NC1)N2CCC=3C=CC=CC3C2CC=4C=CC=CC4,1.252,O=C(NCc1cccnc1)N1CCc2ccccc2C1Cc1ccccc1
XS837413b,CC(CNC(=O)C1=CC(=CNC1=O)C(F)(F)F)N2CCC=3C=CC=CC32,2.118,O=C(NCCN1CCc2ccccc21)c1ccc[nH]c1=O
XS837970b,CC=1C=CC(=CC1)N2N=C(Br)CC2C(=O)NC=3C=CN(C)N3,10.266,O=C(Nc1cc[nH]n1)C1CC=NN1c1ccccc1
XS846504a,CNC(=O)NC(=O)C(C)OC(=O)C=1C=CC=C(C1)OCC=2C(C)=NOC2C,4.88,c1ccc(OCc2cnoc2)cc1
XS837726b,CC1CC(CNC(=O)NC=2C=CC(=C(C2)CC3COC3)C(F)(F)F)=NO1,0.788,O=C(NCC1=NOCC1)Nc1cccc(CC2COC2)c1
XS846513a,O=C(NCC1(CC1)C=2C=CC(F)=CC2)C3CCCN(C3)C(=O)N4CCCC4,0.732,O=C(NCC1(c2ccccc2)CC1)C1CCCN(C(=O)N2CCCC2)C1
XS846508a,CC(=O)NC(CC(=O)NCC1(CC1)C=2C=CC=CC2)C=3C=CC(Cl)=CC3,0.538,O=C(CCc1ccccc1)NCC1(c2ccccc2)CC1
XS846511a,CC1=C(C=NN1C=2C=CC(F)=CC2)C(=O)NCC3COC=4C=CC=CC4O3,1.6,O=C(NCC1COc2ccccc2O1)c1cnn(-c2ccccc2)c1
XS846509a,COC=1C=CC(=CC1S(=O)(=O)N(C)C)C(=O)N2C=3C=CC=CC3CC2C,0.75,O=C(c1ccccc1)N1CCc2ccccc21
XS846507a,CCOC=1C=CC(=CC1)C(C)NC(=O)C=2C=C(C)N=C3C2C=NN3C(C)C,1.386,O=C(NCc1ccccc1)c1ccnc2[nH]ncc12
XS841536b,CC=1OC=NC1C(=O)N2CCC3(C2)CCCN(C3)C=4N=C(C)N=C(C)C4C,2.032,O=C(c1cocn1)N1CCC2(CCCN(c3ccncn3)C2)C1
XS846519a,O=C(OCC1=CC(=O)N2C=CC=CC2=N1)C=3C=CC=CC3OCC4CCCO4,11.078,O=C(OCc1cc(=O)n2ccccc2n1)c1ccccc1OCC1CCCO1
XS846523a,COC=1C=CC=CC1C=2CC(C=3C=CC=CC3Cl)N(N2)C(=O)CCC(=O)O,0.544,c1ccc(C2=NNC(c3ccccc3)C2)cc1
XS838373b,O=C1C(CCN1C2CCOCC2)NC=3C=CC(=CC3)N4N=NC=5C=CC=CC54,2.19,O=C1C(Nc2ccc(-n3nnc4ccccc43)cc2)CCN1C1CCOCC1
XS837089b,CC(N1CCN(CC1)S(=O)(=O)CC=2C=C(Cl)C=CC2F)C(F)(F)F,5.054,O=S(=O)(Cc1ccccc1)N1CCNCC1
XS822139b,CC1=CSC2=NC(=CC(=O)N12)CN3CCCC3C=4C=CC=5OCCOC5C4,3.136,O=c1cc(CN2CCCC2c2ccc3c(c2)OCCO3)nc2sccn12
XS846524a,COC=1C=CC=C(C1)OCC(=O)NCC(C2=CC=CS2)N3CCOCC3,0.558,O=C(COc1ccccc1)NCC(c1cccs1)N1CCOCC1
XS808166b,COC=1C=CC(=CC1OC)C2CCCN2C(=O)C=3C=NC4=C(C3)C(C)=NN4C,2.756,O=C(c1cnc2[nH]ncc2c1)N1CCCC1c1ccccc1
XS073732b,O=C(CNC=1C=CC=CC1Cl)N(C=2C=CC=CC2)C3CCS(=O)(=O)C3,4.454,O=C(CNc1ccccc1)N(c1ccccc1)C1CCS(=O)(=O)C1
XS479754b,CCOC(=O)C1CCCN(C1)C(=O)CC=2SC(C)=NC2C=3C=CC(C)=CC3,0.868,O=C(Cc1scnc1-c1ccccc1)N1CCCCC1
XS846521a,CC=1C=CC=C2SC(=NC12)NC(=O)C3CC(=O)N(CCC=4C=CC=CC4)C3,14.332,O=C(Nc1nc2ccccc2s1)C1CC(=O)N(CCc2ccccc2)C1
XS565417b,CC=1C=CC=CC1C2=NC(CN(C)C3CCN(CC=4C=CC=CC4)C3=O)=NO2,3.696,O=C1C(NCc2noc(-c3ccccc3)n2)CCN1Cc1ccccc1
XS846529a,CS(=O)(=O)CC1=CC=C(O1)C(=O)N2CCCCC2CCCC=3C=CC=CC3,2.158,O=C(c1ccco1)N1CCCCC1CCCc1ccccc1
XS846537a,CC(NC(=O)C1CC1)C(=O)NCC2=CN(N=C2C=3C=CC=CC3)C=4C=CC=CC4,5.752,O=C(CNC(=O)C1CC1)NCc1cn(-c2ccccc2)nc1-c1ccccc1
XS846540a,CC=1C=CC=C(C1)NC(=O)C(C)OC(=O)C=2C=CC3=NS(=O)(=O)CCN3C2,3.228,O=C(COC(=O)C1=CN2CCS(=O)(=O)N=C2C=C1)Nc1ccccc1
XS846532a,CCOC=1C=CC=2C=C(NC2C1)C(=O)N3CCCC(CNC(=O)C4=CC=CO4)C3,1.212,O=C(NCC1CCCN(C(=O)c2cc3ccccc3[nH]2)C1)c1ccco1
XS846535a,CC(NC(=O)C=1C=CC(=CC1)N2C(=O)CCC2=O)C=3C=CC(Cl)=CC3Cl,2.536,O=C(NCc1ccccc1)c1ccc(N2C(=O)CCC2=O)cc1
XS846539a,COC=1C=CC=CC1OCC(=O)N(CC2=CC=CS2)C3CCS(=O)(=O)C3,1.234,O=C(COc1ccccc1)N(Cc1cccs1)C1CCS(=O)(=O)C1
XS846533a,CCC(NC(=O)CCC1=NC=C(O1)C=2C=CC(Cl)=CC2)C=3C=CC(=CC3)OC,2.578,O=C(CCc1ncc(-c2ccccc2)o1)NCc1ccccc1
XS546908b,CN1N=CC2=C1CCCC2NC=3C=NN(C(=O)C3Cl)C=4C=CC(F)=CC4F,0.5,O=c1cc(NC2CCCc3[nH]ncc32)cnn1-c1ccccc1
XS839643b,CN1C=C(C=N1)N2CCCC(C2)NS(=O)(=O)CCC=3C=CC=4OCCC4C3,1.282,O=S(=O)(CCc1ccc2c(c1)CCO2)NC1CCCN(c2cn[nH]c2)C1
XS841541b,COC=1C=CC=CC1NC(=O)C2=C(C)NC(=O)NC2C=3C=CC=4N=C(C)SC4C3,1.538,O=C1NC=C(C(=O)Nc2ccccc2)C(c2ccc3ncsc3c2)N1
XS842684b,O=C(OCC1=NN=C(O1)C=2C=CC(Cl)=CC2)C3CCCN(C3)C(=O)N4CCCC4,3.728,O=C(OCc1nnc(-c2ccccc2)o1)C1CCCN(C(=O)N2CCCC2)C1
XS388410b,CC(C)(CNC(=O)C1CCCN(C1)C=2C=NC=CN2)C=3C=CC(Br)=CC3,5.778,O=C(NCCc1ccccc1)C1CCCN(c2cnccn2)C1
XS846542a,O=C1NC(CN(CC=2C=CC(=CC2)C(F)(F)F)CC3CCCO3)=NC=4C=CC=CC14,0.524,O=c1[nH]c(CN(Cc2ccccc2)CC2CCCO2)nc2ccccc12
XS837834b,O=C(O)CC(NC(=O)CCN1N=C2C=CC=CN2C1=O)C=3C=CC4=CC=CC=C4C3,0.9,O=C(CCn1nc2ccccn2c1=O)NCc1ccc2ccccc2c1
XS846551a,CN1C(CCC(N)=O)=NN=C1SC(C(=O)C2=CNC=3C=CC=CC23)C=4C=CC=CC4,0.866,O=C(c1c[nH]c2ccccc12)C(Sc1nnc[nH]1)c1ccccc1
XS846548a,COC=1C=CC(OC)=C(C1)C2NC(=O)NC(C)=C2C(=O)NC=3C=CC=C(Cl)C3,0.654,O=C1NC=C(C(=O)Nc2ccccc2)C(c2ccccc2)N1
XS836773b,CCCS(=O)(=O)N1CCCC(C1)C(=O)NC2=NN=C(N2)C=3C=CC=CC3OC,13.332,O=C(Nc1nnc(-c2ccccc2)[nH]1)C1CCCNC1
XS846549a,CN(CCCOC=1C=CC(F)=CC1)C(=O)C2CCCN(C2)C(=O)CC=3C=CC=CC3,3.062,O=C(NCCCOc1ccccc1)C1CCCN(C(=O)Cc2ccccc2)C1
XS840967b,CC=CCC(=O)NCC1=CC=2C=C(C=NC2O1)C(=O)N3CCC(C)(CC(=O)OC)C3,2.12,O=C(c1cnc2occc2c1)N1CCCC1
XS140362b,COC=1C=CC=2C(=COC2C1)CC(=O)NC(C3=NC=CN3C)C=4C=CC(Cl)=CC4,1.58,O=C(Cc1coc2ccccc12)NC(c1ccccc1)c1ncc[nH]1
XS841002b,FC(F)(F)C=1C=CC2=NN=C(C3CCCN(C3)C4=NN=NN4C=5C=CC=CC5)N2C1,0.732,c1ccc(-n2nnnc2N2CCCC(c3nnc4ccccn34)C2)cc1
XS838194b,O=C(CC1=CSC(CC=2C=CC(F)=CC2)=N1)NC3CCOC4(CCCCC4)C3,7.654,O=C(Cc1csc(Cc2ccccc2)n1)NC1CCOC2(CCCCC2)C1
XS846544a,CC1=NN(CC(C)C)C=2SC(=CC12)C(=O)NC(C)C=3C=CC(=CC3)S(N)(=O)=O,0.844,O=C(NCc1ccccc1)c1cc2cn[nH]c2s1
XS846567a,COC=1C=CC(=CC1OC)C2CCCN2C(=O)NCC=3C=CC=C(C3)CN4CCCC4,1.536,O=C(NCc1cccc(CN2CCCC2)c1)N1CCCC1c1ccccc1
XS846560a,COC(=O)C1=CC=C(N1)C(=O)N2CCOCC2C=3C(C)=NN(C3C)C=4C=CC=CC4F,2.652,O=C(c1ccc[nH]1)N1CCOCC1c1cnn(-c2ccccc2)c1
XS841018b,CN1C=CC(=C1)C(=O)NC=2C=CC=CC2N3CCN(CC3)C(=O)C(F)C4(O)CCCC4,1.396,O=C(Nc1ccccc1N1CCN(C(=O)CC2CCCC2)CC1)c1cc[nH]c1
XS620532b,COC=1C=CC=CC1N2CCC(C2=O)N3CCCN(CC3)C(=O)C=4C=CC(Cl)=CC4,1.748,O=C(c1ccccc1)N1CCCN(C2CCN(c3ccccc3)C2=O)CC1
XS846558a,CCCCC=1C=CC(=CC1)N2CC(CC2=O)C3=NC=4C=CC=CC4N3CC(=O)N5CCCCCC5,1.154,O=C(Cn1c(C2CC(=O)N(c3ccccc3)C2)nc2ccccc21)N1CCCCCC1
XS846556a,CC=1C=CC2=NC=CC=C2C1S(=O)(=O)N3CCNC(=O)C3C=4C=CC(=CC4)C(F)(F)F,1.156,O=C1NCCN(S(=O)(=O)c2cccc3ncccc23)C1c1ccccc1
XS846559a,CC(C)CN1C(=NN=C1C2=CC=CO2)SC3CCCCN(C(=O)C=4C=CC(F)=CC4)C3=O,5.21,O=C(c1ccccc1)N1CCCCC(Sc2nnc(-c3ccco3)[nH]2)C1=O
XS837014b,CC(OC(=O)CN1C(=O)NC(=O)C=2C=CC=CC21)C(=O)N3CCN(CC3)C=4N=CC=CN4,14.832,O=C(Cn1c(=O)[nH]c(=O)c2ccccc21)OCC(=O)N1CCN(c2ncccn2)CC1
XS846580a,CNC(=O)NC(=O)C(C)NC=1C=CC=C(C)C1,3.654,c1ccccc1
XS846578a,CC(NC=1N=CC=CN1)C=2C=CC(C#N)=CC2,1.154,c1ccc(CNc2ncccn2)cc1
XS846576a,CC(OC=1C=CC=CC1)C(=O)N2CCNC(=O)C2,1.788,O=C1CN(C(=O)COc2ccccc2)CCN1
XS846569a,O=C(NC=1C=CC=CC1)N2CCCC(O)C2,1.612,O=C(Nc1ccccc1)N1CCCCC1
XS841820b,CCN(C(=O)C1CC=2C=CC=CC2S1)C3CC3,0.674,O=C(NC1CC1)C1Cc2ccccc2S1
XS837207b,O=C1NCCC1N2C=C(N=N2)C=3C=CSC3,1.87,O=C1NCCC1n1cc(-c2ccsc2)nn1
XS846571a,O=C(NC=1C=CC=CC1)C2CCS(=O)(=O)C2,2.6,O=C(Nc1ccccc1)C1CCS(=O)(=O)C1
XS678514b,CC1(C)CCC(NC(=O)C=2C=COC2)C=3C=CC=CC31,0.638,O=C(NC1CCCc2ccccc21)c1ccoc1
XS836514b,CC1(C)CN(CC2(CCOC2)O1)C(=O)CC(F)F,0.43,C1COC2(CCOC2)CN1
XS838558b,CC(CC=1C=CC=CC1)NC2=NN=C(O2)C=3C=CON3,0.714,c1ccc(CCNc2nnc(-c3ccon3)o2)cc1
XS838121b,CC1CC2(CCC2)CN1C3=NN=C(S3)C(F)F,2.632,c1nnc(N2CCC3(CCC3)C2)s1
XS846585a,CC1CSCCN1C(=O)C=2C=C3OCCN3N2,0.712,O=C(c1cc2n(n1)CCO2)N1CCSCC1
XS846586a,CC(NC=1N=CN=C2C1C=NN2C)C=3C=CC(F)=CC3,1.616,c1ccc(CNc2ncnc3[nH]ncc23)cc1
XS841757b,CC(NC=1C=CC=C2C=CNC12)C=3C=CC(C#N)=CC3,1.0,c1ccc(CNc2cccc3cc[nH]c23)cc1
XS837537b,CCC1CC=NN1C=2N=CC(=CC2Cl)C(=O)OC,0.978,C1=NN(c2ccccn2)CC1
XS837197b,CC1C(=O)N(C)CN1CC=2C=NC=C3C=CC=CC23,0.648,O=C1CN(Cc2cncc3ccccc23)CN1
XS846587a,CC(C)NC(=O)C1CC(=O)N(CC=2C=CC=CC2)C1,0.798,O=C1CCCN1Cc1ccccc1
XS840218b,COC=1C=CC(=NC1)N(C)C(=O)C2CCCOCC2,0.544,O=C(Nc1ccccn1)C1CCCOCC1
XS838224b,CC(COC=1C=CC=CC1)OC(=O)CC=2C=NC=NC2,1.598,O=C(Cc1cncnc1)OCCOc1ccccc1
XS760238b,CC1=NN2CC(CCC2=N1)NC=3N=CC=CC3C#N,3.482,c1ccc(NC2CCc3ncnn3C2)nc1
XS840854b,O=C(CN(CC1=CC=CO1)C2CC2)NCC3CCCO3,0.466,O=C(CN(Cc1ccco1)C1CC1)NCC1CCCO1
XS846600a,COC=1C=CC=C(C1)CN(C)C(=O)C(C)N2C=NC=N2,0.54,O=C(Cn1cncn1)NCc1ccccc1
XS838974b,COC=1C=CC(=CC1)CC(C)N(C)C=2C=CC(F)=NN2,1.022,c1ccc(CCNc2cccnn2)cc1
XS846598a,CN1C=C(C=N1)S(=O)(=O)N2CCCC2C3=CC=CO3,2.538,O=S(=O)(c1cn[nH]c1)N1CCCC1c1ccco1
XS846596a,CC=1C=NN(C1)C2CN(C2)C(C)C3=NC(=NO3)C4CC4,1.926,c1cnn(C2CN(Cc3nc(C4CC4)no3)C2)c1
XS836477b,COC1=NN=C(NC(=O)N2CC(C)(C)C2C(C)C)S1,2.672,O=C(Nc1nncs1)N1CCC1
XS842188b,CN1C(=O)OC=2C=C(NC(=O)C3CC43CC4)C(F)=CC21,0.714,O=C(Nc1ccc2[nH]c(=O)oc2c1)C1CC12CC2
XS839869b,COC=1C=CC=CC1CNC(C)CN2N=C(C)OC2=O,0.964,O=c1ocnn1CCNCc1ccccc1
XS846597a,O=C(C=1C=CC=2NC=CC2C1)N3CCCC3C4CCCC4,2.04,O=C(c1ccc2[nH]ccc2c1)N1CCCC1C1CCCC1
XS582468b,O=C(CN1N=NC(=N1)C=2C=CC=CC2)NCC3CCCO3,0.806,O=C(Cn1nnc(-c2ccccc2)n1)NCC1CCCO1
XS846604a,CC1=NC(C)=C(O1)C(=O)N2CCC=3C=C(F)C=CC3C2C,0.788,O=C(c1cnco1)N1CCc2ccccc2C1
XS846609a,CCN(CC1=CC=CS1)C(=O)NC2CCCCNC2=O,0.674,O=C(NCc1cccs1)NC1CCCCNC1=O
XS846610a,CCOC=1N=CC=CC1NC(=O)NC2CCCCNC2=O,1.21,O=C(Nc1cccnc1)NC1CCCCNC1=O
XS073085b,CC1=CN=C(NC(=O)C(C)OC=2C=CC(C#N)=CC2)S1,3.844,O=C(COc1ccccc1)Nc1nccs1
XS841656b,CC=1C=C(NC(=O)NC(C)C2=CSC(=N2)C3CC3)ON1,1.306,O=C(NCc1csc(C2CC2)n1)Nc1ccno1
XS841948b,O=C(CNC1(CC1)C2CCOC2)NC=3C=C(F)C=C(F)C3,0.96,O=C(CNC1(C2CCOC2)CC1)Nc1ccccc1
XS838531b,O=C1SC(=NN1CCC2CCCCO2)C=3C=CN=CC3,4.17,O=c1sc(-c2ccncc2)nn1CCC1CCCCO1
XS839900b,N#CC1=CCCC(C1)OC(=O)CN2CCCCCCC2=O,1.442,O=C(CN1CCCCCCC1=O)OC1CC=CCC1
XS841894b,CC(C(=O)N1CC=2C=CC(O)=CC2C3(CC3)C1)N4C=CC=N4,0.466,O=C(Cn1cccn1)N1Cc2ccccc2C2(CC2)C1
XS837659b,CCC1(CC1)S(=O)(=O)NCC2CCOCC32CCCC3,4.29,O=S(=O)(NCC1CCOCC12CCCC2)C1CC1
XS846617a,CSC=1N=C(C=C(C(=O)OC(C)C(N)=O)C1C#N)C2CC2,0.902,c1ccc(C2CC2)nc1
XS846622a,O=C(NCC1CCCCC1)C2CC(=NO2)C=3C=CC=C(F)C3,1.934,O=C(NCC1CCCCC1)C1CC(c2ccccc2)=NO1
XS846619a,O=C(C1=CC=CO1)N2CCCC2C3=NC=4C=CC=CC4S3,2.636,O=C(c1ccco1)N1CCCC1c1nc2ccccc2s1
XS846618a,O=C(C1CCC=2NN=NC2C1)N3CCC4(CCCCC4)CC3,19.866,O=C(C1CCc2[nH]nnc2C1)N1CCC2(CCCCC2)CC1
XS846624a,CCN(CC1=NC(=NO1)C=2C=CC(C)=C(F)C2)CC(C)C#N,0.744,c1ccc(-c2ncon2)cc1
XS837521b,COCC1(CCCO1)C(=O)NC2=CN=C3C=CC=CN3C2=O,1.624,O=C(Nc1cnc2ccccn2c1=O)C1CCCO1
XS846621a,CC1CN(CCO1)C2=NN3C=C(N=C3S2)C=4C=CC=CC4,1.444,c1ccc(-c2cn3nc(N4CCOCC4)sc3n2)cc1
XS846613a,NC(=O)C1CCCCN1CC2=NC(=NO2)C=3C=CC(F)=CC3,1.324,c1ccc(-c2noc(CN3CCCCC3)n2)cc1
XS820576b,CC1=CC=C(O1)C2=NC(=CS2)C(=O)NC(C)C=3C=CN=CC3,0.874,O=C(NCc1ccncc1)c1csc(-c2ccco2)n1
XS846627a,CC1(CCCN(C1)C(=O)C=2C=C(ON2)C3CC3)C=4C=CC=CC4,11.102,O=C(c1cc(C2CC2)on1)N1CCCC(c2ccccc2)C1
XS846636a,CCCN1C(=O)C=2C=CC=CC2NC1C=3C=CC(O)=C(C3)OC,0.48,O=C1NC(c2ccccc2)Nc2ccccc21
XS846626a,CC=1C=C(C)C=C(C1)C(C)NC(=O)C=2C(=O)N(C)N=C(C)C2C,0.442,O=C(NCc1ccccc1)c1ccn[nH]c1=O
XS846631a,CC=1C=C2OC=C(CC(=O)NC(C)C=3C=CC=CN3)C2=CC1C,2.672,O=C(Cc1coc2ccccc12)NCc1ccccn1
XS846635a,CN(C(=O)NC1CCCC1)C(C=2C=CC=CC2)C=3C=CC=CN3,0.98,O=C(NC1CCCC1)NC(c1ccccc1)c1ccccn1
XS794253b,O=C(C1CC=2C=CC=CC2C(=O)O1)N(CC3=CC=CO3)C4CC4,1.674,O=C1OC(C(=O)N(Cc2ccco2)C2CC2)Cc2ccccc21
XS836483b,COC(CCO)CNS(=O)(=O)C=1C=CC2=C(C=CN2C)C1,0.79,c1ccc2[nH]ccc2c1
XS797857b,CC=1N=C2C=CC(=CC2=NC1C)C(=O)OC(C)C(=O)NC3CC3,1.232,O=C(COC(=O)c1ccc2nccnc2c1)NC1CC1
XS840639b,CCOC=1N=CC(=CC1Cl)C(=O)NC(C)C2=NC=CS2,2.342,O=C(NCc1nccs1)c1cccnc1
XS711969b,CC=1C=CC=CC1CN(C)C(=O)C2CCCN2S(C)(=O)=O,1.326,O=C(NCc1ccccc1)C1CCCN1
XS837953b,CN1C(=O)CCC(NC(=O)NCCC2=CCCCCC2)C1=O,1.614,O=C1CCC(NC(=O)NCCC2=CCCCCC2)C(=O)N1
XS635352b,CCCC=1C=C(NC2CCC3=NC(C)=NN3C2)N4N=CN=C4N1,0.816,c1cc(NC2CCc3ncnn3C2)n2ncnc2n1
XS846645a,CCC=1C=CC(=CC1)C2=CSC(=N2)NC(=O)C(C)NC(C)=O,1.52,c1ccc(-c2cscn2)cc1
XS839602b,CC=1N=C(N=C2SC(N)=NC12)N3CCCC4(CCC(=O)N4)C3,0.928,O=C1CCC2(CCCN(c3ncc4ncsc4n3)C2)N1
XS846647a,CC1=CC=C(CN(C)CC(=O)NC(C)C=2C=CC(C)=C(C)C2)O1,0.51,O=C(CNCc1ccco1)NCc1ccccc1
XS846650a,O=C1OCCC1N2CCC(CC2)C3=NC=4C=C(Cl)C=CC4O3,12.002,O=C1OCCC1N1CCC(c2nc3ccccc3o2)CC1
XS846649a,CCC(=O)N1CCCC(C1)C(=O)NC=2C=CC(F)=C(F)C2F,0.922,O=C(Nc1ccccc1)C1CCCNC1
XS846643a,CC=1C=CC=CC1C(=O)OC(C)C(=O)NC2(C#N)CCCCC2,0.616,O=C(COC(=O)c1ccccc1)NC1CCCCC1
XS811886b,COC=1C=CC=C(C1)C(=O)OC(C)C(=O)NCC2CCCCC2,0.748,O=C(COC(=O)c1ccccc1)NCC1CCCCC1
XS552854b,CC=1C=CC(C2=NOC(=N2)C(C)NC(=O)C=3C=COC3)=C(F)C1,0.944,O=C(NCc1nc(-c2ccccc2)no1)c1ccoc1
XS726755b,COC=1C=CC(=CC1F)CC(=O)N2CCCC(C2)N3C=CC=N3,3.692,O=C(Cc1ccccc1)N1CCCC(n2cccn2)C1
XS846648a,CCN(CC)C(CNC(=O)NC=1C=CC=CN1)C=2C=CSC2,4.41,O=C(NCCc1ccsc1)Nc1ccccn1
XS841599b,CCNC(=O)CN(CC)S(=O)(=O)CC1CCCCC1(F)F,3.442,C1CCCCC1
XS842568b,O=C(O)C1(CC=CCC1)C(=O)N2CCC=3SC(Cl)=CC3C2,1.026,O=C(C1CC=CCC1)N1CCc2sccc2C1
XS749511b,CNC1CCCN(C1)C(=O)C=2C=CC(OC)=C(C2)C=3C=CC=CC3,1.576,O=C(c1cccc(-c2ccccc2)c1)N1CCCCC1
XS720331b,COC=1C=C(C=CC1C)C(=O)N2CCCC(C2)NS(C)(=O)=O,0.408,O=C(c1ccccc1)N1CCCCC1
XS839055b,CC(NC=1C=C2OCCCCN2N1)C3=NC=C(O3)C=4C=CC=CC4,21.52,c1ccc(-c2cnc(CNc3cc4n(n3)CCCCO4)o2)cc1
XS474281b,CC=1NN=CC1C(=O)NC(C=2C=CC=C(Cl)C2)C=3C=CC=CN3,0.636,O=C(NC(c1ccccc1)c1ccccn1)c1cn[nH]c1
XS837812b,COC(=O)C(CC=1C=CC=CC1)OC(=O)C=2C=CN=C3NC=CC23,1.076,O=C(OCCc1ccccc1)c1ccnc2[nH]ccc12
XS846665a,COC=1C=CC(=CN1)NC(C)C(=O)NC=2C=CC=3OCCOC3C2,13.172,O=C(CNc1cccnc1)Nc1ccc2c(c1)OCCO2
XS840329b,CCOC(=O)C1CN(CC21CC2)C=3C=C(N=C(C)N3)N4C=NC=N4,1.292,c1nc(N2CCC3(CC3)C2)cc(-n2cncn2)n1
XS846669a,CC1C=2NC=3C=CC=CC3C2CCN1C(=O)COC4CCCCC4,8.258,O=C(COC1CCCCC1)N1CCc2c([nH]c3ccccc23)C1
XS846660a,CCNC(=O)NC(=O)C(C)NC=1C=CC(C)=C(C1)OCC(F)F,3.714,c1ccccc1
XS837849b,CC(CS(C)(=O)=O)NS(=O)(=O)C=1C=CC=C(Cl)C1F,0.522,c1ccccc1
XS575705c,CC(C)C=1C=CC(=CC1)C(=O)N2CCC(C2)C=3C=C(O)N=C(N)N3,1.422,O=C(c1ccccc1)N1CCC(c2ccncn2)C1
XS839117b,CC1=NOC(C)=C1C2=CN(N=N2)C3CCN(C=4C=NN(C)C4)C3=O,5.04,O=C1C(n2cc(-c3cnoc3)nn2)CCN1c1cn[nH]c1
XS494499b,CCC(CC)N1N=CC(C(=O)N2CC(CO)C=3C=CC=CC32)=C1C,0.424,O=C(c1cn[nH]c1)N1CCc2ccccc21
XS846674a,CC(C(=O)NC(C)(C)C)S(=O)(=O)CC1=NOC(=N1)C(C)(C)C,1.308,c1ncon1
XS846678a,CNC(=O)NC(=O)C(C)NC=1C=CC=C(C1)CN2CCCCC2=O,1.288,O=C1CCCCN1Cc1ccccc1
XS657796b,O=C(NC=1C=CC=C(Cl)C1)C2CCCN(C2)C(=O)N3CCCC3,0.444,O=C(Nc1ccccc1)C1CCCN(C(=O)N2CCCC2)C1
XS836607b,COC=1C=CC(=CN1)NC(C(N)=O)C=2C=CC(Br)=CC2,1.902,c1ccc(CNc2cccnc2)cc1
XS839052b,CC(NC=1C=CC2=NSN=C2C1)C=3C=CC(=CC3)S(C)(=O)=O,2.594,c1ccc(CNc2ccc3nsnc3c2)cc1
XS846672a,CC=1C=C(NC(=O)C2CC=3C=CC=CC3O2)N(N1)C=4C=CC(C)=CC4,1.038,O=C(Nc1ccnn1-c1ccccc1)C1Cc2ccccc2O1
XS846673a,O=C(NCC1CCCC=2C=CC=CC21)C=3NN=CC3C=4C=CN=CC4,0.622,O=C(NCC1CCCc2ccccc21)c1[nH]ncc1-c1ccncc1
XS703678b,CC(NC(=O)C=1C=CC=CC1Cl)C=2C=CC=C(C2)S(N)(=O)=O,0.504,O=C(NCc1ccccc1)c1ccccc1
XS846680a,O=C(NCC=1C=CC=NC1)N2CCCC2C=3C=CC=C4OCCOC34,2.37,O=C(NCc1cccnc1)N1CCCC1c1cccc2c1OCCO2
XS839886b,CC=1N=C(N=C(C1C)N2CCN3C(=O)N(C)CC3C2)C=4C=CC=NC4,0.87,O=C1NCC2CN(c3ccnc(-c4cccnc4)n3)CCN12
XS737993b,CC=1C=CC(F)=C2C1CCCN2CC(=O)NC3CCS(=O)(=O)C3,0.444,O=C(CN1CCCc2ccccc21)NC1CCS(=O)(=O)C1
XS554043b,CC=1C=CC(=CC1)CC(=O)NC(C)C2=NC(=CS2)C=3C=CN=CC3,2.098,O=C(Cc1ccccc1)NCc1nc(-c2ccncc2)cs1
XS846682a,CC1CCCCN1C(=O)C=2C=CC(=CC2)C3=NOC(=N3)C(F)(F)F,1.022,O=C(c1ccc(-c2ncon2)cc1)N1CCCCC1
XS846691a,CC1=NN(C)C=2N=CC(=CC12)S(=O)(=O)N3CCC3C=4C=CC=CC4,2.134,O=S(=O)(c1cnc2[nH]ncc2c1)N1CCC1c1ccccc1
XS713599b,CN1C=C(C=N1)CC2CCN(C2)C(=O)C=3C=CC(=NC3)OCC4CC4,1.754,O=C(c1ccc(OCC2CC2)nc1)N1CCC(Cc2cn[nH]c2)C1
XS702535b,CCCN1N=C(C(=O)NC2CCCCNC2=O)C=3C=CC=CC3C1=O,2.15,O=C(NC1CCCCNC1=O)c1n[nH]c(=O)c2ccccc12
XS846695a,CC=1N=C(COC=2C=CC(C)=CC2)SC1C(=O)N3CCCC(C)C3,8.38,O=C(c1cnc(COc2ccccc2)s1)N1CCCCC1
XS840486b,CC(OC=1C=CC(F)=CC1)C(=O)OCC=2C=C(ON2)C=3C=CC=CC3,2.072,O=C(COc1ccccc1)OCc1cc(-c2ccccc2)on1
XS774367b,CC1=NOC(=N1)C2CCN(C2)C(=O)C=3C=NN(C3C)C4CCCCC4,4.2,O=C(c1cnn(C2CCCCC2)c1)N1CCC(c2ncno2)C1
XS724790b,CC(C)C1=NC(=NO1)C2COCCN2C(=O)C3=CC=4N=CC=CC4O3,4.954,O=C(c1cc2ncccc2o1)N1CCOCC1c1ncon1
XS841380b,CCC=1N=CN=C(C1F)N2CCN(CC3CCCS3(=O)=O)CC2,11.974,O=S1(=O)CCCC1CN1CCN(c2ccncn2)CC1
XS846705a,CC(=O)N1CCN(CC1)C(=O)C(C)NC=2C=CC=3N=C(C)SC3C2,2.942,O=C(CNc1ccc2ncsc2c1)N1CCNCC1
XS837872b,COC(=O)C1=CSC=C1NC(=O)N2CCCC(C2)N3C=C(C)C=N3,3.462,O=C(Nc1ccsc1)N1CCCC(n2cccn2)C1
XS840707b,CC(CN1C=CC=N1)(C(=O)O)N2C=C(C=N2)CC=3C=CC(F)=CC3F,0.772,c1ccc(Cc2cnn(CCn3cccn3)c2)cc1
XS846706a,O=C(NC=1C=CC=C(Cl)C1F)C2CC(=O)N(CC=3C=CC=CC3)C2,2.64,O=C(Nc1ccccc1)C1CC(=O)N(Cc2ccccc2)C1
XS842747b,O=C(NC1CCOC2(CCCCC2)C1)N(CC3=CC=CS3)C4CC4,1.392,O=C(NC1CCOC2(CCCCC2)C1)N(Cc1cccs1)C1CC1
XS846704a,CC(C)N1CCC(C1=O)N2CCN(CC2)C=3N=CN=C4SC=CC34,1.908,O=C1NCCC1N1CCN(c2ncnc3sccc23)CC1
XS557104b,O=C(NC(C=1C=CC=CC1)C(F)(F)F)C=2C=C(ON2)C=3C=CC=NC3,10.798,O=C(NCc1ccccc1)c1cc(-c2cccnc2)on1
XS060386e,CN1C=NN=C1C2CCCN(C2)C=3N=CC(=CC3Cl)C(F)(F)F,0.886,c1ccc(N2CCCC(c3nnc[nH]3)C2)nc1
XS640542b,CC=1C=NC(=NC1C)N2CCN(CC2)C(C)C(=O)N3CCCCCC3,2.234,O=C(CN1CCN(c2ncccn2)CC1)N1CCCCCC1
XS746063b,CC=1C=CC=C(NC(=O)CN2CCN(CC2)C(=O)C3CCCO3)C1C,5.192,O=C(CN1CCN(C(=O)C2CCCO2)CC1)Nc1ccccc1
XS840657b,COC(=O)C1=C(C)N(CC2=CC=CS2)C(=O)NC1C3=CSC=N3,1.328,O=C1NC(c2cscn2)C=CN1Cc1cccs1
XS840581b,O=S(=O)(NC(C1=NC=CS1)C2CC2)C3=CC=4C=CC=CC4OC3,0.872,O=S(=O)(NC(c1nccs1)C1CC1)C1=Cc2ccccc2OC1
XS842075b,CCC(CO)NC=1C=CC(=CN1)S(=O)(=O)N(CC)C=2C=CC=CC2,1.0,O=S(=O)(Nc1ccccc1)c1cccnc1
XS680637b,O=C(C1=CN2C=CC=CC2=N1)N3CCCC3C4=NC=5C=CC=CC5S4,2.232,O=C(c1cn2ccccc2n1)N1CCCC1c1nc2ccccc2s1
XS846715a,COC=1C=CC(=CC1NC(=O)NC(C)C=2C=C(C)C=CC2C)NC(C)=O,0.732,O=C(NCc1ccccc1)Nc1ccccc1
XS838978b,COC=1C=C(C=C2OCCOC12)C(=O)N3CC(C(F)F)C4(CCC4)C3,0.79,O=C(c1ccc2c(c1)OCCO2)N1CCC2(CCC2)C1
XS841953b,NCCC1CN(CC=2C=CC(=NN2)OCC(F)(F)F)C=3C=CC=CC31,1.32,c1cnnc(CN2CCc3ccccc32)c1
XS846717a,COC1=CC(CNC(C)C=2C=C(F)C=CC2OC)=C(C=C1OC)OC,1.5,c1ccc(CNCc2ccccc2)cc1
XS840245b,CC1=NN(CC(F)F)C(C)=C1C(=O)NC2CC=3C=CC(Cl)=CC3C2,0.56,O=C(NC1Cc2ccccc2C1)c1cn[nH]c1
XS846719a,CC(C1=NC(=NO1)C2CC2)S(=O)(=O)C=3C=CC(Br)=CC3,0.504,O=S(=O)(Cc1nc(C2CC2)no1)c1ccccc1
XS328332b,CN1N=C(CN2CCCCC(NC(=O)CC3CCC3)C2=O)N(C)C1=O,2.942,O=C(CC1CCC1)NC1CCCCN(Cc2n[nH]c(=O)[nH]2)C1=O
XS841355b,CCC=1N=COC1C(=O)N2CCN(CC32CCC3)C(=O)C(F)C(C)C,0.576,O=C(c1cnco1)N1CCNCC12CCC2
XS839061b,CC(COCC=1C=CC=CC1)CN2C=C(N=N2)C=3C=NN4CCCOC34,0.5,c1ccc(COCCCn2cc(-c3cnn4c3OCCC4)nn2)cc1
XS846714a,CSCC(C)(O)CNC(=O)C=1C=C(C=CN1)C=2C=NC=3NC=CC3C2,5.766,c1cc(-c2cnc3[nH]ccc3c2)ccn1
XS840868b,CC=1C=CC=C(C1)N2N=C3CSCC3=C2NC(=O)C(C)N4C=NC=N4,0.998,O=C(Cn1cncn1)Nc1c2c(nn1-c1ccccc1)CSC2
XS641748b,CCC1=CC=2C(=NC=NC2S1)N3CCN(CC3)C4CCS(=O)(=O)C4,2.354,O=S1(=O)CCC(N2CCN(c3ncnc4sccc34)CC2)C1
XS846721a,COC=1C=CC=C(C1)C2(CNC(=O)N3CCCC3C=4C=CC=C(C)N4)CC2,1.036,O=C(NCC1(c2ccccc2)CC1)N1CCCC1c1ccccn1
XS846725a,COC=1C=CC=CC1C(CNC(=O)NC=2C=CC(F)=CC2)N3CCCC3,1.638,O=C(NCC(c1ccccc1)N1CCCC1)Nc1ccccc1
XS840035b,COC=1C=CC2=NC(=C(C)N=C2C1)N3CCC4(C3)C(=O)NC=5C=CC=CC54,10.334,O=C1Nc2ccccc2C12CCN(c1cnc3ccccc3n1)C2
XS708953b,CCC1CCCCN1C(=O)C2=CC=3C=C(Br)C=CC3OC2=O,2.648,O=C(c1cc2ccccc2oc1=O)N1CCCCC1
XS846728a,CCOC(=O)C=1C=NN2C(O)=CC(CN3CCCC3C=4C=CC=CC4)=NC12,1.194,c1ccc(C2CCCN2Cc2ccn3nccc3n2)cc1
XS846720a,O=C(CN1N=C(OC1=O)C2=CC=CS2)N3CCCC3C4=CC=CS4,5.06,O=C(Cn1nc(-c2cccs2)oc1=O)N1CCCC1c1cccs1
XS846734a,CC=1N=C(SC1C(=O)N2CCCCC2C3=NC=4C=CC=CC4O3)N(C)C,0.886,O=C(c1cncs1)N1CCCCC1c1nc2ccccc2o1
XS841813b,CCN1OCC(C1=O)N2CCN(CC2)C(=O)C=3SC=4C=CC=CC4C3C,3.908,O=C1NOCC1N1CCN(C(=O)c2cc3ccccc3s2)CC1
XS837506b,O=C(CN1N=NN=C1C=2C=CSC2)N3CCCC3C=4C=CC=C(Cl)C4,1.498,O=C(Cn1nnnc1-c1ccsc1)N1CCCC1c1ccccc1
XS846735a,CC=1C=CC(=CC1F)C(=O)N2CCOCC2C3=NC(=NO3)C=4C=CC=CC4,4.782,O=C(c1ccccc1)N1CCOCC1c1nc(-c2ccccc2)no1
XS837406b,O=C(N1CCN2N=NC=C2C1)C3(O)CCC=4C=C(Br)C=CC4C3,1.98,O=C(C1CCc2ccccc2C1)N1CCn2nncc2C1
XS798578b,C#CCNC(=O)C(CC1=CNC=2C=CC=CC12)NC(=O)OCC=3C=CC=CC3,1.524,O=C(NCCc1c[nH]c2ccccc12)OCc1ccccc1
XS838038b,CC=1N=C(C)N(N1)C2CCCN(C2)S(=O)(=O)CC=3C=CC=C(Cl)C3,1.924,O=S(=O)(Cc1ccccc1)N1CCCC(n2cncn2)C1
XS839310b,O=S1(=O)CCN(CCC1C=2C=CC=CC2)C=3N=CC=NC3C(F)(F)F,2.238,O=S1(=O)CCN(c2cnccn2)CCC1c1ccccc1
XS838083b,COC(=O)C1CCC2=NN=C(C3=CC=C(COC=4C=CC=CC4)O3)N2CC1,0.636,c1ccc(OCc2ccc(-c3nnc4n3CCCCC4)o2)cc1
EL002171c,CC(C)C=1C=C(CO)N=C(N1)N2CCC(CC2)C3C(=O)NC=4C=CC=CC43,1.464,O=C1Nc2ccccc2C1C1CCN(c2ncccn2)CC1
XS846733a,CC=1C=C(N=CN1)N2CCCC(C2)NC(=O)C3=CC(=NN3)C4CCCCC4,11.304,O=C(NC1CCCN(c2ccncn2)C1)c1cc(C2CCCCC2)n[nH]1
XS846746a,COC=1C=CC(=CC1)C2CCCCCN2C(=O)C=3C=CC=C(C3)S(C)(=O)=O,1.886,O=C(c1ccccc1)N1CCCCCC1c1ccccc1
XS846747a,CC=1C=CC=C(C1)NC(=O)C(C)OC(=O)C=2C=CC(=CC2)N3C(=O)CCC3=O,1.078,O=C(COC(=O)c1ccc(N2C(=O)CCC2=O)cc1)Nc1ccccc1
XS846750a,N#CC=1C=CC(=CC1)OCC(=O)N2CCCC(C2)C3=NC=4C=CC=CC4S3,3.492,O=C(COc1ccccc1)N1CCCC(c2nc3ccccc3s2)C1
XS836630b,NC1CC=2C=CC(=CC2C1)C(=O)NCC=3C=CC=C(C3)COCC(F)(F)F,1.656,O=C(NCc1ccccc1)c1ccc2c(c1)CCC2
XS846752a,O=C(NC(C1=CC=CS1)C2CCCC2)C3CCN(CC3)C(=O)C=4C=COC4,0.634,O=C(NC(c1cccs1)C1CCCC1)C1CCN(C(=O)c2ccoc2)CC1
XS839647b,CC(CNC(=O)NC=1C=CC=C(C1)OC=2C=NC=CN2)N(C)C=3C=CC=CC3,2.884,O=C(NCCNc1ccccc1)Nc1cccc(Oc2cnccn2)c1
XS846744a,CSCC1=NC=2C=CC=CC2N1CC(=O)NC(C)C3=CC=4C=CC=CC4O3,1.038,O=C(Cn1cnc2ccccc21)NCc1cc2ccccc2o1
XS846753a,COCC(NC1=NC=CN2N=CC(Br)=C12)C=3C=CC=C(Cl)C3,2.352,c1ccc(CNc2nccn3nccc23)cc1
XS549851b,O=C(NCC1CCN(CC(F)(F)F)C1)C=2C=C(NN2)C=3C=CC=CC3Cl,1.972,O=C(NCC1CCNC1)c1cc(-c2ccccc2)[nH]n1
XS846756a,CC(C)OC(=O)CC(NC(=O)C=1C=CC(=CC1)N2CCCC2=O)C=3C=CC=CC3,2.7,O=C(NCc1ccccc1)c1ccc(N2CCCC2=O)cc1
XS846760a,CC1=NC(=CS1)C=2C=C(C(=O)OC(C)C(=O)C3=CNC=4C=CC=CC34)N(C)C2,0.774,O=C(OCC(=O)c1c[nH]c2ccccc12)c1cc(-c2cscn2)c[nH]1
XS717052b,O=C(CCC1=NC(=NO1)C=2N=CC=CN2)NC3CCCN(C3)C=4C=CC=CC4F,1.076,O=C(CCc1nc(-c2ncccn2)no1)NC1CCCN(c2ccccc2)C1
XS774865c,CN1CCN(CC21CCOC2)C3=NN4C=C(N=C4S3)C=5C=CC(Cl)=CC5,5.26,c1ccc(-c2cn3nc(N4CCNC5(CCOC5)C4)sc3n2)cc1
XS836586b,COC(=O)C=1C=C(Cl)C(=CC1OC)NC(=O)N2CCC=3SC=CC3C2C,2.95,O=C(Nc1ccccc1)N1CCc2sccc2C1
XS846764a,CC(C1=NC=2C=CC=CC2S1)N(C)CC(=O)NC=3C=CC=4OCCCOC4C3,2.224,O=C(CNCc1nc2ccccc2s1)Nc1ccc2c(c1)OCCCO2
XS846755a,COC=1C=CC(=C(C1)OC)C2CCCN2C(=O)CCNC(=O)C=3C=CSC3,1.442,O=C(NCCC(=O)N1CCCC1c1ccccc1)c1ccsc1
XS846757a,COC=1C=CC=C(C1)C=2CC(C=3C=C(C=CC3OC)OC)N(N2)S(C)(=O)=O,2.98,c1ccc(C2=NNC(c3ccccc3)C2)cc1
XS842245b,CC(C)C(=O)N1N=C(CC1C=2C=CSC2)C=3C=CC=C(C3)NS(C)(=O)=O,1.018,c1ccc(C2=NNC(c3ccsc3)C2)cc1
XS797745b,CCCNC(=O)C1CN(CC2=CC(=O)N3C(C)=CSC3=N2)C=4C=CC=CC4O1,3.212,O=c1cc(CN2CCOc3ccccc32)nc2sccn12
EL001965b,CCC1(CC1)C(=O)N2CCC(C)(CNC(=O)C=3N=CC=C(N3)N4C=CC(C)=N4)C2,0.75,O=C(NCC1CCN(C(=O)C2CC2)C1)c1nccc(-n2cccn2)n1
XS145616c,COC=1C=CC(=CC1)N2C(=O)C(CCC(=O)NC(C)C3=CC=CO3)=NC=4C=CC=CC42,1.31,O=C(CCc1nc2ccccc2n(-c2ccccc2)c1=O)NCc1ccco1
XS846772a,CCCC(C)NC(=O)C1CCN(CC1)S(=O)(=O)C=2C=C(Cl)C=CC2Cl,0.444,O=S(=O)(c1ccccc1)N1CCCCC1
XS846771a,CC1=NOC=2N=C(C=C(C(=O)OC(C)C(=O)NC=3C=CC(F)=CC3F)C12)C4CC4,1.888,O=C(COC(=O)c1cc(C2CC2)nc2oncc12)Nc1ccccc1
XS846774a,CCCCC1=NOC(=N1)C(C)SC2=NC=3C=C(C=CC3N2CC)S(N)(=O)=O,1.594,c1ccc2[nH]c(SCc3ncno3)nc2c1
XS787392b,COC=1C=CC(=CC1NC(=O)C(C)OC=2C=CC=CC2)S(=O)(=O)N3CCOCC3,1.078,O=C(COc1ccccc1)Nc1cccc(S(=O)(=O)N2CCOCC2)c1
XS836664b,COC1=CC(OC)=C(OC)C=2NC(=CC12)C(=O)N(C)C3CCCC=4N=C(C)SC43,10.904,O=C(NC1CCCc2ncsc21)c1cc2ccccc2[nH]1
XS846796a,O=C(NCC1CC1)C2CCCN(C2)C(=O)C3=CN(N=C3C4=CC=CS4)C=5C=CC=CC5,1.92,O=C(NCC1CC1)C1CCCN(C(=O)c2cn(-c3ccccc3)nc2-c2cccs2)C1
XS846784a,CC1CCN(CC1)C(=O)C(CC=2C=CC=CC2)NS(=O)(=O)C=3C=CC=4OCCOC4C3,2.79,O=C(C(Cc1ccccc1)NS(=O)(=O)c1ccc2c(c1)OCCO2)N1CCCCC1
XS840959b,O=C(CN(C(=O)C1CCCC2(CCC2)O1)C3CCC3)NCC=4C=CN=C(C4)OC5CCC5,1.094,O=C(CN(C(=O)C1CCCC2(CCC2)O1)C1CCC1)NCc1ccnc(OC2CCC2)c1
XS846793a,COCCN(CC(=O)NC1CCCC=2C=CC=CC21)CC3=NN=C(O3)C4=CC=CS4,1.154,O=C(CNCc1nnc(-c2cccs2)o1)NC1CCCc2ccccc21
XS842746b,CC(NC(=O)C=1NN=C2C=CC=CC12)C(=O)N3CCN4C(CC=5C=CC=CC5)=NN=C4C3,1.77,O=C(NCC(=O)N1CCn2c(Cc3ccccc3)nnc2C1)c1[nH]nc2ccccc12
XS695936b,CC(NC(=O)CN1CCCN(CC1)C=2C=CC(=CN2)C(F)(F)F)C=3C=CC(F)=CC3,0.506,O=C(CN1CCCN(c2ccccn2)CC1)NCc1ccccc1
XS846805a,CC(C)NC(=O)C1CCCCN1S(C)(=O)=O,0.43,C1CCNCC1
XS842596b,COC(=O)C1CCC2=NC(N)=NN2C1,5.616,c1nc2n(n1)CCCC2
XS842020b,O=C1NC(=NC=2C=CC=C(F)C12)C3CCCS3,10.69,O=c1[nH]c(C2CCCS2)nc2ccccc12
XS846802a,CNC(=O)C1CC=2C=C(Cl)C=CC2O1,1.574,c1ccc2c(c1)CCO2
XS840804b,CC1CCC=2C(C#N)=C(N=CN(C)C)SC2C1,0.58,c1cc2c(s1)CCCC2
XS846800a,C1=NN=C(N1)C2CCCN(C2)C=3N=CC=CN3,0.86,c1cnc(N2CCCC(c3nnc[nH]3)C2)nc1
XS846801a,CCC(NC(=O)N1CCC1)C2=NOC(C)=N2,0.642,O=C(NCc1ncon1)N1CCC1
XS846813a,C1=CSC(=C1)C2=NOC(=N2)C3COCCN3,1.874,c1csc(-c2noc(C3COCCN3)n2)c1
XS842431b,C=CCNC(=O)NC(C)C=1C=CC=C(O)C1,0.622,c1ccccc1
XS837321b,O=C1CCC(N1)C2=NN=C(N2)C3=CC=CS3,9.614,O=C1CCC(c2nnc(-c3cccs3)[nH]2)N1
XS846808a,CC(C(=O)NC=1C=CC=CC1)N2C=NC=N2,1.638,O=C(Cn1cncn1)Nc1ccccc1
XS840541b,C#CCC(NC=1N=CC(Br)=CN1)C(N)=O,8.842,c1cncnc1
BD008890b,CC(NC=1N=CN=C2C1C=NN2C)C=3C=CC=CN3,1.634,c1ccc(CNc2ncnc3[nH]ncc23)nc1
XS846814a,O=C(NC=1C=CC=CC1)C2CCOC=3C=CC=CC32,1.152,O=C(Nc1ccccc1)C1CCOc2ccccc21
XS838698b,OCC1CC2(CCCC2)CN1C=3C=CN=C(F)C3F,0.67,c1cc(N2CCC3(CCCC3)C2)ccn1
XS837353b,CC(C(=O)O)N1C=C(N=N1)C2=CC=C(Cl)S2,0.76,c1csc(-c2c[nH]nn2)c1
XS846821a,CCNC(=O)C1CC(=NO1)C2=CC=C(Cl)S2,1.044,c1csc(C2=NOCC2)c1
XS846822a,NC=1C=CC=2C(=O)N(C(=O)C2C1)C3CCCNC3=O,3.234,O=C1NCCCC1N1C(=O)c2ccccc2C1=O
XS846815a,CC1CN(CCCO1)C=2N=C(N)C3=CC=CC=C3N2,0.66,c1ccc2nc(N3CCCOCC3)ncc2c1
XS507488b,O=C(NCCC=1C=CC=CC1)C2CCS(=O)(=O)C2,0.776,O=C(NCCc1ccccc1)C1CCS(=O)(=O)C1
XS836594b,CC(N(C)C(=O)CN1C=NC(=N1)[N+]([O-])=O)C(C)(C)C,1.514,c1nc[nH]n1
XS842200b,CN1N=CC=C1C2CCCN(C2)C3=CN=CC4=NN=CN34,0.824,c1cc(C2CCCN(c3cncc4nncn34)C2)[nH]n1
XS585120b,CC1(CCN(C1)C(=O)C=2C=CC(Cl)=CC2F)C(=O)O,1.612,O=C(c1ccccc1)N1CCCC1
XS839396b,CC(C1=CC=CS1)C2=NOC(CN3C=CC(N)=N3)=N2,0.462,c1csc(Cc2noc(Cn3cccn3)n2)c1
XS846834a,O=C(NCC=1C=CC(=NC1)N2C=NC=N2)C3CCCO3,3.912,O=C(NCc1ccc(-n2cncn2)nc1)C1CCCO1
XS842359b,CC(NC=1C=CC=C(C1)C2=NN=CN2)C=3C=CC(F)=CC3,1.364,c1ccc(CNc2cccc(-c3nnc[nH]3)c2)cc1
XS846835a,O=C(C=1C=CN=CC1)N2CCCC2CC=3C=CC(F)=CC3,0.636,O=C(c1ccncc1)N1CCCC1Cc1ccccc1
XS839746b,CC(C)S(C)(=O)=NC(=O)C1=CC(=NN1C)C(F)F,0.852,c1cn[nH]c1
XS837342b,COC(CN(C)C1=NC=C(Cl)C(=O)N1)C2CCCC2,0.556,O=c1ccnc(NCCC2CCCC2)[nH]1
XS846849a,COC=1C=CC(F)=CC1C(C)NC(=O)NCCCC(N)=O,0.508,c1ccccc1
XS773668b,NC(=O)C1(O)CCCN(C1)C(=O)CCC=2C=CC(F)=CC2,5.354,O=C(CCc1ccccc1)N1CCCCC1
XS846848a,CC(NC=1C=CC=2OCC(=O)NC2C1)C(=O)N3CCCC3,0.922,O=C1COc2ccc(NCC(=O)N3CCCC3)cc2N1
XS846850a,CC(=O)N1N=C(CC1C=2C=CC(F)=CC2)C3=CC=CS3,1.332,c1ccc(C2CC(c3cccs3)=NN2)cc1
XS569359b,CC=1C=C(C(=O)N2CCCC(C)(CO)C2)C3=NNC=C3C1,1.022,O=C(c1cccc2c[nH]nc12)N1CCCCC1
XS846842a,CC=1C=CC(SCC(=O)NC(C)(C#N)C2CC2)=C(C)C1,0.482,O=C(CSc1ccccc1)NCC1CC1
XS846843a,CSC=1N=CC=CC1C(=O)NC(C)C=2C=CC(F)=CC2,0.748,O=C(NCc1ccccc1)c1cccnc1
XS574179b,CCN1C=C(C=N1)C(=O)N2CCCCC2C3=NNC(C)=N3,0.854,O=C(c1cn[nH]c1)N1CCCCC1c1nc[nH]n1
XS846847a,CCOCCCC(=O)NC1CCSC=2C=CC(F)=CC21,0.73,c1ccc2c(c1)CCCS2
XS841931b,CC1CN(CC2=NN=C(S2)C3CCC3)S(=O)(=O)C1,4.576,O=S1(=O)CCCN1Cc1nnc(C2CCC2)s1
XS811517b,COC=1C=CC=CC1CN(C(=O)C2CCC(=O)NC2)C3CC3,1.906,O=C1CCC(C(=O)N(Cc2ccccc2)C2CC2)CN1
XS846852a,CCC1=CC=C(O1)C(=O)N2CCCC2C=3C(C)=NN(C)C3C,0.806,O=C(c1ccco1)N1CCCC1c1cn[nH]c1
XS846855a,CN1CCC(C(=O)NC2=C3CCCC3=CC=4CCCC24)C1=O,3.276,O=C1NCCC1C(=O)Nc1c2c(cc3c1CCC3)CCC2
XS846859a,CN(CC=1C=CC(O)=CC1)C(=O)C2COC=3C=CC=CC3O2,0.386,O=C(NCc1ccccc1)C1COc2ccccc2O1
XS846862a,CC=1C=CC(C)=C(C1)OCCC(=O)N2CCCC(C2)C(=O)O,1.232,O=C(CCOc1ccccc1)N1CCCCC1
XS840443b,C#CCC(NS(=O)(=O)C1=CC=2C=CC=CC2CC1)C(N)=O,0.424,C1=Cc2ccccc2CC1
XS628343b,CC=1C=CC(=CC1C)OCCCC(=O)NC2CCC(=O)NC2,0.462,O=C1CCC(NC(=O)CCCOc2ccccc2)CN1
XS846864a,CC1C=2C=CSC2CCN1C(=O)C=3C=CC(=CN3)C(N)=O,0.982,O=C(c1ccccn1)N1CCc2sccc2C1
XS837959b,O=C(CNC(CO)C(F)(F)F)NC=1C=CC=2CCCC2C1,0.498,c1ccc2c(c1)CCC2
XS841106b,O=C(CN1C=C(N=N1)C2CC2)N3CCC(C3)S(=O)(=O)F,0.734,O=C(Cn1cc(C2CC2)nn1)N1CCCC1
XS841487b,O=C(NCC1CCC=2C=NNC2C1)C3=CC=4NC=CC4S3,0.464,O=C(NCC1CCc2cn[nH]c2C1)c1cc2[nH]ccc2s1
XS846865a,CC=1C=CC=2C(=COC2C1C)CC(=O)NC3CCCNC3=O,2.31,O=C(Cc1coc2ccccc12)NC1CCCNC1=O
XS846853a,CCNC(=O)COC=1N=CN=C2SC=3CC(C)CCC3C12,0.562,c1ncc2c3c(sc2n1)CCCC3
XS846868a,CC=1C=CC=C(C1)C(=O)N2CCCC(C2)N3C=C(C=N3)C(=O)O,1.33,O=C(c1ccccc1)N1CCCC(n2cccn2)C1
XS846878a,CC(C)N1CC(CC1=O)C(=O)NC=2C=CC(Cl)=C(Cl)C2,6.304,O=C1CC(C(=O)Nc2ccccc2)CN1
XS846872a,CC=1C=CC(=CC1C)C2=CN=C(CCC(=O)NC(C)C3CC3)O2,0.616,O=C(CCc1ncc(-c2ccccc2)o1)NCC1CC1
XS839005b,COC=1C=CC=C2CN(CCOC12)C(=O)C(F)C(F)(F)F,0.694,c1ccc2c(c1)CNCCO2
XS832537b,COC=1C=CC=2CN(CCOC2C1)C(C(=O)O)C=3C=CC=CC3,0.898,c1ccc(CN2CCOc3ccccc3C2)cc1
XS846883a,COC=1C=CC(OC)=C(C1)C(C)NC(=O)CC=2C=CC=C(N)C2,1.13,O=C(Cc1ccccc1)NCc1ccccc1
XS483599b,CC1=NN2CC(CCC2=N1)NC3=C(C#N)C(=O)N(C)C(=O)N3C,9.938,O=c1cc(NC2CCc3ncnn3C2)[nH]c(=O)[nH]1
XS839686b,CC=1C=CC(=CC1)C2CC(=NN2S(C)(=O)=O)C3CCCCC3,2.5,c1ccc(C2CC(C3CCCCC3)=NN2)cc1
XS617124b,CC(C1=NC(=NO1)C=2C=CC(Cl)=CC2)S(=O)(=O)CCO,0.578,c1ccc(-c2ncon2)cc1
XS846892a,COC(=O)CC(NC(=O)C=1C=NC=CN1)C=2C=CC(Cl)=CC2,1.718,O=C(NCc1ccccc1)c1cnccn1
XS846890a,CCC1=NOC(=N1)C(C)N(C)CC(=O)NC=2C=CC=C(C)C2C,0.712,O=C(CNCc1ncno1)Nc1ccccc1
XS579521b,CC=1C=CC=CC1C(C)(C)CNC(=O)C2CCCN(C2)C(N)=O,0.484,O=C(NCCc1ccccc1)C1CCCNC1
XS840848b,COC=1C=C(C(F)=CC1[N+]([O-])=O)N2CCCC(C2)N3C=CC=N3,2.41,c1ccc(N2CCCC(n3cccn3)C2)cc1
XS846886a,CC1=NC2=C(CCCC2CN(C)C(=O)C=3C=NN(C)C3N)S1,0.422,O=C(NCC1CCCc2scnc21)c1cn[nH]c1
XS667747b,O=C(CCOC=1C=CC=CC1F)N2CCCC(C2)N3C=CC=N3,6.812,O=C(CCOc1ccccc1)N1CCCC(n2cccn2)C1
XS846888a,O=C(COC=1C=CC=C(Cl)C1)NC(C=2C=CC=CC2)C3CC3,2.026,O=C(COc1ccccc1)NC(c1ccccc1)C1CC1
XS716886b,NC(=O)C=1C=CC(=NC1)N2CCCC2C=3C=CC=4OCCOC4C3,1.71,c1ccc(N2CCCC2c2ccc3c(c2)OCCO3)nc1
XS846895a,O=S(=O)(NCCCN1C=NC=N1)N2CCCC2C3=CC=CO3,0.89,O=S(=O)(NCCCn1cncn1)N1CCCC1c1ccco1
XS840975b,C#CC(CC=1C=CC(F)=CC1F)N(C)C(=O)CN2NN=NC2=O,1.464,O=C(Cn1[nH]nnc1=O)NCCc1ccccc1
XS846897a,CC1=NN=C(C=2C=CC=C(C#N)C2)N1C3CCCN(C3=O)C(C)C,5.812,O=C1NCCCC1n1cnnc1-c1ccccc1
XS846905a,CC1=CC(C)=NN1CC=2C=CC=C(C2)C(=O)N3CCCC3C(C)C,0.826,O=C(c1cccc(Cn2cccn2)c1)N1CCCC1
XS842126b,CC(NC(=O)C1=NOC2=C1CCC=3C=CC=CC23)C4=CN(C)N=N4,8.2,O=C(NCc1c[nH]nn1)c1noc2c1CCc1ccccc1-2
XS842368b,OCC1CC2(CO1)CCN(CC2)C=3C=NC(=CN3)C=4C=CC=CC4,1.064,c1ccc(-c2cnc(N3CCC4(CCOC4)CC3)cn2)cc1
XS839023b,CC(CC1(O)CCC1)NC(=O)C=2SC=3N=CC=CC3C2Cl,0.616,O=C(NCCC1CCC1)c1cc2cccnc2s1
XS846902a,COC(=O)C=1C=CC=C(C1)NC(=O)C2CC(=NO2)C=3C=CC=CC3,7.178,O=C(Nc1ccccc1)C1CC(c2ccccc2)=NO1
XS400784b,C1=CN(CC2CN(CC3=COC(=N3)C=4C=CC=CC4)CCO2)N=C1,1.206,c1ccc(-c2nc(CN3CCOC(Cn4cccn4)C3)co2)cc1
XS846893a,CN1C(=O)C=2C=CC=CC2NC1C3=CC=C(Br)S3,0.384,O=C1NC(c2cccs2)Nc2ccccc21
XS842701b,O=C(NC1CCNC1)C=2C=NC(=CN2)C=3C=CC(=CC3)C4CCC4,1.844,O=C(NC1CCNC1)c1cnc(-c2ccc(C3CCC3)cc2)cn1
XS846900a,CC1(CCS(=O)(=O)C1)NC(=O)CN(CC2=CC=CO2)C3CC3,1.636,O=C(CN(Cc1ccco1)C1CC1)NC1CCS(=O)(=O)C1
XS846910a,COC1=CN(N=C1C(=O)OC2CCCCNC2=O)C=3C=CC=CC3,2.792,O=C(OC1CCCCNC1=O)c1ccn(-c2ccccc2)n1
XS846907a,CCN1C=C(C=N1)C(=O)NC2CCCN(CC=3C=CC=CC3)C2=O,0.46,O=C(NC1CCCN(Cc2ccccc2)C1=O)c1cn[nH]c1
XS834466b,NC(=O)COC=1C=CC=C(C1)C(=O)N2CCCC2CN3C=CC=N3,1.394,O=C(c1ccccc1)N1CCCC1Cn1cccn1
XS664415b,O=C1C=2C=CC=CC2C=NN1CC(O)COCC=3C=CC=CC3F,0.618,O=c1c2ccccc2cnn1CCCOCc1ccccc1
XS542307b,CC(OC=1C=CC=CC1)C(=O)NC=2C=CC(=CN2)N3CCOCC3,4.73,O=C(COc1ccccc1)Nc1ccc(N2CCOCC2)cn1
XS842453b,CC=1C=C(N(C)N1)N2CCC(C2=O)N3N=C(OC3=O)C4=CC=CO4,1.81,O=C1C(n2nc(-c3ccco3)oc2=O)CCN1c1ccn[nH]1
XS846914a,COC=1C=C(C=C2OCCOC12)C(=O)NC(C)C=3C=CC=CC3C,0.56,O=C(NCc1ccccc1)c1ccc2c(c1)OCCO2
XS427977b,COC=1C=CC(=CC1)NC(=O)N2CCC(C2)C=3C=CC(=CC3)OC,1.286,O=C(Nc1ccccc1)N1CCC(c2ccccc2)C1
XS846919a,CCCC(C)NC(=O)C1=CN(N=C1C=2C=CC=NC2)C=3C=CC=CC3,2.48,c1ccc(-n2ccc(-c3cccnc3)n2)cc1
XS838636b,COC1=CC=CN2C(=O)C=C(N=C12)NC(C)C=3SC=CC3Cl,0.56,O=c1cc(NCc2cccs2)nc2ccccn12
XS796415b,CC=1C=C(C(=O)N(C)C2CCS(=O)(=O)C2)C3=CC=C(F)C=C3N1,1.394,O=C(NC1CCS(=O)(=O)C1)c1ccnc2ccccc12
XS839339b,CC(C)C(NC(=O)NC=1C=CC=2OCCOC2N1)C=3C=NN(C)C3,0.654,O=C(NCc1cn[nH]c1)Nc1ccc2c(n1)OCCO2
XS846920a,CC(NC=1C=CC(=CC1)OC=2C=CC=CC2C#N)C(=O)N3CCCC3,1.832,O=C(CNc1ccc(Oc2ccccc2)cc1)N1CCCC1
XS790571b,CN1C=NN=C1C2CCCN(C2)C(=O)COC=3C=CC(Cl)=CC3,0.424,O=C(COc1ccccc1)N1CCCC(c2nnc[nH]2)C1
XS846915a,CC=1C=CC=CC1C2CCN(C2)C(=O)C=3C=CC(=NC3)N4C=CN=C4,5.138,O=C(c1ccc(-n2ccnc2)nc1)N1CCC(c2ccccc2)C1
XS846922a,O=C(NCC1(CCCCC1)C=2C=CC(Cl)=CC2)C3CCC(=O)N3,0.924,O=C1CCC(C(=O)NCC2(c3ccccc3)CCCCC2)N1
XS535035b,COCC1=NNC(=N1)C2CCCCN2C(=O)C=3C=CC(Cl)=CN3,2.024,O=C(c1ccccn1)N1CCCCC1c1ncn[nH]1
XS782224b,CC(C)(C)C=1C=C(NC(=O)CN2CCCC2CN3C=CC=N3)ON1,0.622,O=C(CN1CCCC1Cn1cccn1)Nc1ccno1
XS608427b,CC(=O)NC(CC(=O)N(CC(F)(F)F)C1CC1)C2=CC=CS2,5.548,O=C(CCc1cccs1)NC1CC1
XS838218b,CN1N=NC=C1CC(=O)NC2CN(CC2(C)C)C=3C=C(F)N=CN3,2.264,O=C(Cc1cnn[nH]1)NC1CCN(c2ccncn2)C1
XS838790b,N#CC1(CCOC1)OCCN2C=C(N=N2)C=3C=NC4=CC=CC=C4N3,1.752,c1ccc2nc(-c3cn(CCOC4CCOC4)nn3)cnc2c1
XS842003b,CS(=O)(=O)NC=1C=CC(F)=CC1C(=O)NC2CC32CCCCC3,3.026,O=C(NC1CC12CCCCC2)c1ccccc1
XS619654b,CC1=NOC(=N1)C2CCCN(C2)C(=O)C=3C=CC=CC3C(F)(F)F,0.882,O=C(c1ccccc1)N1CCCC(c2ncno2)C1
XS846931a,CC=1C=CC(=CC1F)C2=NOC(CS(=O)(=O)CC3CCCO3)=N2,8.6,O=S(=O)(Cc1nc(-c2ccccc2)no1)CC1CCCO1
XS734815b,O=C(CC=1C=CC=CC1O)N2CCCC2C3=NC=4C=CC=CC4S3,1.544,O=C(Cc1ccccc1)N1CCCC1c1nc2ccccc2s1
XS846933a,CN(CC1COC=2C=CC=CC2O1)C(=O)C=3C=CC(=NC3)NC4CC4,2.226,O=C(NCC1COc2ccccc2O1)c1ccc(NC2CC2)nc1
XS469353b,CC(=O)NC1(CCN(C1)C=2N=CC(Cl)=CC2F)C3=NOC(C)=N3,1.48,c1ccc(N2CCC(c3ncon3)C2)nc1
XS846926a,CC(C)CN1N=CN=C1CN2C(=O)CC3(CCC=4C=CC=CC43)C2=O,0.998,O=C1CC2(CCc3ccccc32)C(=O)N1Cc1ncn[nH]1
XS842671b,CN1CCC(C(=O)NC(C)(C)C=2C=C(ON2)C(F)F)S1(=O)=O,0.682,O=C(NCc1ccon1)C1CCNS1(=O)=O
XS846944a,CC(C)C1=NOC(CS(=O)(=O)C(C)C2=NC(=NO2)C(C)(C)C)=N1,0.73,O=S(=O)(Cc1ncno1)Cc1ncno1
XS461793b,CCC(NC(=O)C=1C(C)=NN2C(C)=CC(C)=NC12)C3=NC(C)=CS3,1.582,O=C(NCc1nccs1)c1cnn2cccnc12
XS846935a,CC=1N=C(SC1C(C)NC(=O)C2(C)CCOCC2)C=3C=CC=CC3,0.672,O=C(NCc1cnc(-c2ccccc2)s1)C1CCOCC1
XS846934a,CC(C)C(=O)NCC1CCCN(C1)C(=O)C2=CC=3C=CC=CC3N2C,0.404,O=C(c1cc2ccccc2[nH]1)N1CCCCC1
XS846939a,COC=1C=CC=CC1C(NC(=O)NC2CCCCC2)C3=NC=CN3C,1.614,O=C(NC1CCCCC1)NC(c1ccccc1)c1ncc[nH]1
XS677634b,COC=1C=CC(=CC1)OCC(O)CN2C=NC=3C=C(F)C=CC3C2=O,18.338,O=c1c2ccccc2ncn1CCCOc1ccccc1
XS787581b,COC=1C=C(C=CC1OCCO)C(C)NC=2N=NC(C)=C(C)C2C#N,0.958,c1ccc(CNc2cccnn2)cc1
XS841801b,O=C(C1CSC=2C=CC=CC2O1)N3CCC(CC4=CN=NN4)CC3,3.712,O=C(C1CSc2ccccc2O1)N1CCC(Cc2cnn[nH]2)CC1
XS842547b,CN1C=CC(=C1)C(NC(=O)CCC(=O)NC2CCCC2)C(F)(F)F,0.562,O=C(CCC(=O)NC1CCCC1)NCc1cc[nH]c1
XS842570b,CC(NS(=O)(=O)C=1C=CC=C(Cl)C1)C(=O)NC2=NC=CS2,0.826,O=C(CNS(=O)(=O)c1ccccc1)Nc1nccs1
XS805655b,CSC=1C=CC(=CC1)CN(C)C(C)C2=NN=C(O2)C3=CC=CS3,2.548,c1ccc(CNCc2nnc(-c3cccs3)o2)cc1
XS846951a,CC1=NOC(CCCC(=O)NC2CCCOC=3C=C(Cl)C=CC32)=N1,2.098,O=C(CCCc1ncno1)NC1CCCOc2ccccc21
XS846952a,COC(=O)CC(NC(=O)C=1SC(C)=NC1C)C=2C=CC(=CC2)OC,0.518,O=C(NCc1ccccc1)c1cncs1
XS846950a,CC1=NOC(=N1)C=2C=CC=NC2N3CCC(CC3)OCC4CCCO4,2.508,c1cnc(N2CCC(OCC3CCCO3)CC2)c(-c2ncno2)c1
XS846957a,CC(OC(=O)C1CCN(CC1)C=2C=CC(=CN2)C(F)(F)F)C(N)=O,3.332,c1ccc(N2CCCCC2)nc1
XS846949a,CCCN1C(=NC=2C=CC=CC21)C3CC(=O)N(CCC=4C=CC=CC4)C3,0.328,O=C1CC(c2nc3ccccc3[nH]2)CN1CCc1ccccc1
XS358679c,O=C(NC=1C=CC=2N=C(OC2C1)C=3C=CC(F)=CC3)C4CCNC(=O)C4,14.14,O=C1CC(C(=O)Nc2ccc3nc(-c4ccccc4)oc3c2)CCN1
XS841047b,COCCC(NC=1C=C(C#N)C2=CC(Cl)=CC=C2N1)C3=CC=C(C)O3,0.952,c1coc(CNc2ccc3ccccc3n2)c1
XS838820b,CC(C)C1=NOC(CCC(=O)NC(C(=O)O)C=2C=CC=CC2Cl)=N1,0.538,O=C(CCc1ncno1)NCc1ccccc1
XS846958a,CC(NC(=O)CN(C)CC=1C=CC(Cl)=CC1Cl)C2=CC=CS2,0.696,O=C(CNCc1ccccc1)NCc1cccs1
XS841312b,N#CC=1C=CC(=CC1)C(CF)NC(=O)C2=CC=3C(=O)NCCCC3S2,1.636,O=C(NCc1ccccc1)c1cc2c(s1)CCCNC2=O
XS474827b,CC1=NOC(=N1)C2CCCN(C2)C(=O)NC=3C=CC=CC3C(F)(F)F,1.402,O=C(Nc1ccccc1)N1CCCC(c2ncno2)C1
XS846960a,CCOC(=O)N1CCC(CC1)NC(=O)C(C)OC=2C=CC(=CC2)OC,1.386,O=C(COc1ccccc1)NC1CCNCC1
XS803006b,COCC1=NC(=NO1)C2CCCCCN2S(=O)(=O)C=3C=CC=NC3,11.534,O=S(=O)(c1cccnc1)N1CCCCCC1c1ncon1
XS846961a,CC=1C=CC=C(C1)C2=NOC(CNC3(CO)COC=4C=CC=CC4C3)=N2,2.06,c1ccc(-c2noc(CNC3COc4ccccc4C3)n2)cc1
MR045527c,CC(CCNC(=O)C=1C=CC2=CC=CN=C2C1)N(C)C(=O)C3=COC=N3,0.67,O=C(NCCCNC(=O)c1cocn1)c1ccc2cccnc2c1
XS846965a,CC=1C=CC2=NC(=CC(=O)N2C1)CN3CCCCC3C(=O)N4CCCC4,4.686,O=C(C1CCCCN1Cc1cc(=O)n2ccccc2n1)N1CCCC1
XS846979a,O=C(NCCC1=CNC=2C=C(F)C(Cl)=CC12)C3CCCS3(=O)=O,3.578,O=C(NCCc1c[nH]c2ccccc12)C1CCCS1(=O)=O
XS846969a,CC(C(=O)NC=1C=C(F)C=CC1F)N2CCN(CC2)C(=O)C3=CC=CO3,1.078,O=C(CN1CCN(C(=O)c2ccco2)CC1)Nc1ccccc1
XS846976a,NC(=O)C(NC(=O)C1=NN(C=2C=CC=CC2)C=3CCCC13)C=4C=CC=CC4,2.014,O=C(NCc1ccccc1)c1nn(-c2ccccc2)c2c1CCC2
XS449397b,CC(C)N1N=CC=2C=C(C=NC21)C(=O)NC3(CO)COC=4C=CC=CC4C3,1.81,O=C(NC1COc2ccccc2C1)c1cnc2[nH]ncc2c1
XS841234b,CC(C(=O)N(C)C)S(=O)(=O)NC1=NC2=C(CCC=3C=CC=CC23)S1,0.712,c1ccc2c(c1)CCc1scnc1-2
XS691082b,O=C(NC=1C=CC=CN1)C2CCCN2C(=O)C=3C=CC(Cl)=C(Cl)C3,8.998,O=C(Nc1ccccn1)C1CCCN1C(=O)c1ccccc1
XS846977a,CC(OC(=O)C1=CC=C(CN2C=CC=CC2=O)O1)C(=O)NC=3C=CC=CC3,0.614,O=C(COC(=O)c1ccc(Cn2ccccc2=O)o1)Nc1ccccc1
XS837458b,CC(C1=NC=C(O1)C(C)(C)C)S(=O)(=O)CC=2C=CC=C3C=CC=CC23,1.062,O=S(=O)(Cc1ncco1)Cc1cccc2ccccc12
XS839218b,O=C1NC=2C=CC=CC2N1C3=CCN(CC3)C4=NC(=NS4)C5CCOC5,1.782,O=c1[nH]c2ccccc2n1C1=CCN(c2nc(C3CCOC3)ns2)CC1
XS841507b,O=C(C1CCCN(C1)S(=O)(=O)CC=2C=CC=CC2)N3CCOCCN3,3.194,O=C(C1CCCN(S(=O)(=O)Cc2ccccc2)C1)N1CCOCCN1
XS798318b,CC(C)C(NC(=O)C1=CC=CS1)C(=O)NCC2=NC=3C=CC=CC3N2C,1.93,O=C(CNC(=O)c1cccs1)NCc1nc2ccccc2[nH]1
XS839576b,CC(C)(C)OC(=O)C=1C=CC=C(C1)CCNC=2C=CC(=CN2)S(C)(=N)=O,2.49,c1ccc(CCNc2ccccn2)cc1
XS836633b,CC(C(=O)N1CCN2C(=NN=C2C1)C(F)(F)F)C=3C=CC(F)=C(Cl)C3,0.902,O=C(Cc1ccccc1)N1CCn2cnnc2C1
XS837773b,COC(=O)C=1C=C(Br)C(=CC1OC)CN2C(=O)CC(C)C2=O,1.71,O=C1CCC(=O)N1Cc1ccccc1
XS842008b,COC(=O)C=1C=CC(=CC1)C(NC(=O)N2CCN3C=CN=C23)C(F)(F)F,1.074,O=C(NCc1ccccc1)N1CCn2ccnc21
XS842149b,CC1=CC(C)=CC(=C1)N2CCC(C(=O)OCC3=NC=C(O3)C(C)(C)C)C2=O,2.994,O=C(OCc1ncco1)C1CCN(c2ccccc2)C1=O
XS846990a,COC=1C=CC(=CC1)C2CCCN2C(=O)CNC(=O)C=3C=CC=CC3Cl,3.17,O=C(NCC(=O)N1CCCC1c1ccccc1)c1ccccc1
XS846988a,CC(OC(=O)C1=CN=CN1C=2C=CC(F)=CC2)C(=O)NCC=3C=CC=CC3,1.364,O=C(COC(=O)c1cncn1-c1ccccc1)NCc1ccccc1
XS846983a,COC=1C=CC(=CC1)C2CCCN2C(=O)C=3C=CC=C(C3)NS(C)(=O)=O,5.314,O=C(c1ccccc1)N1CCCC1c1ccccc1
XS846991a,COC(=O)C=1C=CC=CC1OCC(=O)NC(C)C=2C=C(C=CC2OC)OC,0.712,O=C(COc1ccccc1)NCc1ccccc1
XS791151b,COC(=O)CC(NC(=O)CC1=CNC=2C=CC=CC12)C=3C=CC(Cl)=CC3,0.866,O=C(Cc1c[nH]c2ccccc12)NCc1ccccc1
XS503607b,CN1N=CC=C1C2CCCN(CCC3=NC(=NO3)C=4C=CC(Cl)=CC4)C2,0.858,c1ccc(-c2noc(CCN3CCCC(c4ccn[nH]4)C3)n2)cc1
XS841426b,NS(=O)(=O)C=1C=C(C=CC1N2CCCC(C2)N3C=CN=N3)C(F)(F)F,2.418,c1ccc(N2CCCC(n3ccnn3)C2)cc1
XS842380b,O=C(C=1C=C2C=CN=CC2=CC1F)N3CCCC(C3)N4CCCS4(=O)=O,2.18,O=C(c1ccc2cnccc2c1)N1CCCC(N2CCCS2(=O)=O)C1
XS846999a,COC=1C=CC(=CC1)OCCC(=O)N2CCCC2C3=NC=4C=CC=CC4S3,1.998,O=C(CCOc1ccccc1)N1CCCC1c1nc2ccccc2s1
XS839709b,CC(C=1C=CC=C(C1)[N+]([O-])=O)N(C)C(=O)NCCCN2C=CC=3C=CC=CC32,1.226,O=C(NCCCn1ccc2ccccc21)NCc1ccccc1
XS847006a,CC(C)C(NC(=O)C=1C=CC=2C(=O)N3CCCC3=NC2C1)C=4C=CC(F)=CC4,2.502,O=C(NCc1ccccc1)c1ccc2c(=O)n3c(nc2c1)CCC3
XS839278b,CC=1N=C(SC1C#N)N2CCOC=3C=C(Br)C=CC3C2CO,5.886,c1ccc2c(c1)CN(c1nccs1)CCO2
XS692758b,O=C(NCC=1C=CC(=NC1)N2C=CC=N2)C3CC(=O)N(C3)C=4C=CC=CC4F,1.926,O=C(NCc1ccc(-n2cccn2)nc1)C1CC(=O)N(c2ccccc2)C1
XS846995a,O=C(CN1C(=O)OC=2C=CC=CC21)N3CCCC3C=4C=CC=5OCCOC5C4,2.488,O=C(Cn1c(=O)oc2ccccc21)N1CCCC1c1ccc2c(c1)OCCO2
XS484103b,O=S(=O)(NC1CCOC=2C=CC=CC21)C=3C=CC(=NC3)OCC(F)(F)F,2.312,O=S(=O)(NC1CCOc2ccccc21)c1cccnc1
XS847001a,CC=1C=CC(=CC1)OCCCC(=O)NC(C)C=2C=CC(=CC2)S(N)(=O)=O,0.962,O=C(CCCOc1ccccc1)NCc1ccccc1
XS841601b,CC=1C=CC2=C(C1)NC(NS2(=O)=O)C(=O)NCC3=NC(=CS3)C4CC4,1.042,O=C(NCc1nc(C2CC2)cs1)C1Nc2ccccc2S(=O)(=O)N1
XS846992a,CCC(C)C=1C=C(ON1)C(=O)N2CCN(CC2)C=3N=C(C)N=C4C3C=NN4C,2.362,O=C(c1ccno1)N1CCN(c2ncnc3[nH]ncc23)CC1
XS839681b,CC(NC(=O)NC=1C=C(C#N)C(Br)=CN1)C=2C=CC(F)=C(F)C2,4.658,O=C(NCc1ccccc1)Nc1ccccn1
XS842031b,COC=1C=CC=CC1C(NC(=O)NC=2C=NN(C2)CC(F)F)C=3C=CC=CN3,7.784,O=C(Nc1cn[nH]c1)NC(c1ccccc1)c1ccccn1
XS708146b,CN(CC=1C=NN(C)C1)C(=O)C2CC(=O)N(C2)C=3C=CC=C(Br)C3,4.786,O=C(NCc1cn[nH]c1)C1CC(=O)N(c2ccccc2)C1
XS838318b,CC1CC2(CN1C(=O)C(=O)NC=3C=CC=CC3OC=4C=CC=CC4)CCOCC2,1.214,O=C(Nc1ccccc1Oc1ccccc1)C(=O)N1CCC2(CCOCC2)C1
XS847013a,CCOC(=O)C1CCCN(C1)C(=O)C=2C=C(N=C3ON=C(C)C23)C=4C=CC=CC4,3.196,O=C(c1cc(-c2ccccc2)nc2oncc12)N1CCCCC1
XS847020a,CC1=NN(C(C)=C1CN(C)C(=O)C(C)OC=2C=CC(C#N)=CC2)C=3C=CC=CC3,0.732,O=C(COc1ccccc1)NCc1cnn(-c2ccccc2)c1
XS847014a,O=C(CN1C(=O)COC=2C=CC=CC21)N3CCCC3C4=NC=5C=CC=CC5S4,2.826,O=C1COc2ccccc2N1CC(=O)N1CCCC1c1nc2ccccc2s1
XS841982b,CC(CC=1C=CC(=CC1)OC(F)(F)F)C(=O)N2CCC(CC2)C3=CC(O)=NO3,2.018,O=C(CCc1ccccc1)N1CCC(c2ccno2)CC1
XS839791c,CCN1C=C(C=N1)NC(=O)NCCN=S(=O)(C=2C=CC=CC2)C(F)(F)F,1.112,O=C(NCCN=[SH](=O)c1ccccc1)Nc1cn[nH]c1
XS847012a,COC=1C=CC(C=2CC(C=3C=CC=CC3Cl)N(N2)S(C)(=O)=O)=C(C1)OC,1.5,c1ccc(C2=NNC(c3ccccc3)C2)cc1
XS847022a,CC=1C=C(C(=O)NC(C)CC=2C(F)=CC=CC2F)C=3N=C4CCCCCN4C3N1,0.566,O=C(NCCc1ccccc1)c1ccnc2c1nc1n2CCCCC1
XS847021a,CC=1C=CC2=NC(=CC(=O)N2C1)CN3CCCC3C=4C=CC=5OCCCOC5C4,4.234,O=c1cc(CN2CCCC2c2ccc3c(c2)OCCCO3)nc2ccccn12
XS847026a,CCC(CC)N1N=CC(NC(=O)N2CCOCC2CC3=CNC=4C=CC=CC34)=C1C,0.536,O=C(Nc1cn[nH]c1)N1CCOCC1Cc1c[nH]c2ccccc12
XS847025a,O=C(C=1C=CC=2NC(=O)CCC2C1)N3CCC(C3)NC=4C=CC=C(Br)C4,0.674,O=C1CCc2cc(C(=O)N3CCC(Nc4ccccc4)C3)ccc2N1
XS840969c,CC(NC(=O)CCCN1N=NC(=N1)C=2C=CC=CC2)C=3C=CC(=CC3)N4C=NC=N4,14.47,O=C(CCCn1nnc(-c2ccccc2)n1)NCc1ccc(-n2cncn2)cc1
XS847031a,CC(NC(=O)CN(C1CC1)S(=O)(=O)C=2C=CC=NC2)C=3C=CC4=CC=CC=C4C3,5.794,O=C(CN(C1CC1)S(=O)(=O)c1cccnc1)NCc1ccc2ccccc2c1
XS847029a,CC1CC=2C=CC=CC2N1CC(=O)NC=3C=CC=C(C3)S(=O)(=O)N4CCOCC4,1.394,O=C(CN1CCc2ccccc21)Nc1cccc(S(=O)(=O)N2CCOCC2)c1
XS841220b,CN(C)C=1C=CC2=C(C1)OCCN2C(=O)C=3CCC(=O)N(N3)C4CCS(=O)(=O)C4,4.244,O=C(C1=NN(C2CCS(=O)(=O)C2)C(=O)CC1)N1CCOc2ccccc21
XS847033a,COC(=O)C=1C=CC=2NC=3CCN(CC3C2C1)C(=O)C4CCCN(C4)C(=O)C(C)C,2.588,O=C(C1CCCNC1)N1CCc2[nH]c3ccccc3c2C1
XS841498b,COCC=1N=CC=C(N1)C2CCCN(C2)C=3N=CC(=CC3Cl)C(=O)NC4CCCC4,0.878,O=C(NC1CCCC1)c1ccc(N2CCCC(c3ccncn3)C2)nc1
XS847045a,CC1=NOC(C)=C1COC=2C=CC(=CC2)CC(=O)NC(C)C=3C=CC(=CC3)N4C=CN=C4,1.092,O=C(Cc1ccc(OCc2cnoc2)cc1)NCc1ccc(-n2ccnc2)cc1
XS847042a,CC1=NN(C(C)=C1S(=O)(=O)N(C)CC2=CC=CO2)C(C)C(=O)N3CCN(CC3)C=4C=CC=CC4,0.926,O=C(Cn1cc(S(=O)(=O)NCc2ccco2)cn1)N1CCN(c2ccccc2)CC1
XS847044a,CC(C)C(NC(=O)NCC1=CC=C(S1)S(=O)(=O)N2CCOCC2)C=3C=CC=CC3,0.518,O=C(NCc1ccccc1)NCc1ccc(S(=O)(=O)N2CCOCC2)s1
XS847052a,CC(NC(=O)CN(CC=1C=CC=CC1)S(C)(=O)=O)C=2C=CC(Br)=CC2,2.006,O=C(CNCc1ccccc1)NCc1ccccc1
XS840499b,CC1=C(C=NNC(=O)C2CCCN(C2)S(=O)(=O)C=3C=CC(C)=CC3)C=C(C#N)N1C,3.536,O=C(NN=Cc1cc[nH]c1)C1CCCN(S(=O)(=O)c2ccccc2)C1
XS847055a,COC=1C=CC(=CC1)CCN2C(=O)C=3C=CC=CC3NC2C=4C=NN(C4)C=5C=CC=CC5,9.248,O=C1c2ccccc2NC(c2cnn(-c3ccccc3)c2)N1CCc1ccccc1
XS847040a,CC=1N=CC=2CC(CCC2N1)NC(=O)C=3C=C(N=C4ON=C(C34)C5CC5)C=6C=CC=CC6,2.11,O=C(NC1CCc2ncncc2C1)c1cc(-c2ccccc2)nc2onc(C3CC3)c12
XS839053b,CC(=O)NC1(CCOC1)C(F)F,1.13,C1CCOC1
XS837940b,COC=1N=CC=NC1N2CCC3(CCOC3)C2,0.462,c1cnc(N2CCC3(CCOC3)C2)cn1
XS839552b,O=C(NCC=CC=1C=CC=NC1)C2CCCOC2,2.594,O=C(NCC=Cc1cccnc1)C1CCCOC1
XS847068a,N#CC=1C=CC(=NC1)NC2CCCNC2=O,28.556,O=C1NCCCC1Nc1ccccn1
XS598338b,CCC(C)NC(=O)C1=CN=C2C=CC=CN2C1=O,0.624,O=c1ccnc2ccccn12
XS847056a,CC(=O)N1CCCC(C1)N2C=C(C)C=N2,1.128,c1cnn(C2CCCNC2)c1
XS847064a,CC=1C=CC=C(NC(C)C(=O)NC2CC2)C1C,0.444,O=C(CNc1ccccc1)NC1CC1
XS840137b,CCC1(C)CN(CCO1)C(=O)C2=CNN=N2,1.266,O=C(c1c[nH]nn1)N1CCOCC1
XS781314b,CC(NC=1C=NN(C1)C(C)(C)C)C(=O)NC2CC2,0.632,O=C(CNc1cn[nH]c1)NC1CC1
XS847069a,CCOC=1C=CC=2C=C(NC2C1)C(=O)NC(C#N)CC,1.156,c1ccc2[nH]ccc2c1
XS523308b,CCC1=NSC(=N1)N2CCC(C2)C=3C=CC=CN3,0.462,c1ccc(C2CCN(c3ncns3)C2)nc1
XS847080a,CC1=C(C=NN1C)C(C)NC(=O)C=2C=CC=CC2F,0.798,O=C(NCc1cn[nH]c1)c1ccccc1
XS847071a,CC1=NC(CN2CCOC(CN3C=CC=N3)C2)=NO1,0.508,c1cnn(CC2CN(Cc3ncon3)CCO2)c1
XS447902b,CC=1C=C(C)C=C(C1)C(=O)NC(C)C=2C=CN=CC2,1.106,O=C(NCc1ccncc1)c1ccccc1
XS847074a,O=C(O)C1CCN(C1)C2=NC(=NO2)C=3C=CC=CC3,0.982,c1ccc(-c2noc(N3CCCC3)n2)cc1
XS847076a,CC1CCC=2C=CC=CC2N1CC3=NC(=NO3)C4CC4,0.444,c1ccc2c(c1)CCCN2Cc1nc(C2CC2)no1
XS839161b,CCOC(=O)C(CO)CN1C=CN=C1C(F)(F)F,0.624,c1c[nH]cn1
XS847072a,CN(C(=O)NC1CCC=2C=NNC2C1)C3CCCC3,0.41,O=C(NC1CCCC1)NC1CCc2cn[nH]c2C1
XS839761b,CC(C)CC1=NN=C(O1)C(C)N2C=C(C=N2)[N+]([O-])=O,1.402,c1cnn(Cc2nnco2)c1
XS841937b,CNC(=O)C1CCN(CC=2C=CC=CC2)CC1(F)F,0.77,c1ccc(CN2CCCCC2)cc1
XS841260b,C#CCOC=1C=C(F)C=CC1NC2CCN(C)C2=O,0.614,O=C1NCCC1Nc1ccccc1
XS654852b,O=C(COC=1C=CC(F)=CC1)N2CCCC2CO,1.08,O=C(COc1ccccc1)N1CCCC1
XS847087a,CC1=CN=C(NC(=O)C(C)OCC=2C=CC=CC2)S1,2.09,O=C(COCc1ccccc1)Nc1nccs1
XS847085a,CC=1C=CC(=CC1)C2CCCN2C(=O)NC=3C=CC=NC3,0.722,O=C(Nc1cccnc1)N1CCCC1c1ccccc1
XS847084a,CC(C)(C)CC(=O)N1CC=2C=CC=CC2CC1C(=O)O,0.382,c1ccc2c(c1)CCNC2
XS837848b,CC=1N=NSC1CN2CCCCCC2C(F)(F)F,0.556,c1nnsc1CN1CCCCCC1
XS547649b,CC1=C(Cl)C(=NN1C)C(=O)N2CC(C)OCC2(C)C,0.618,O=C(c1cc[nH]n1)N1CCOCC1
XS838423b,O=C1NCCOCC1NC=2N=CC=C(C2F)C(F)F,3.538,O=C1NCCOCC1Nc1ccccn1
XS847083a,CC=1C=CC=C(C1)NC(C)C(=O)NCC2=CC=CS2,0.478,O=C(CNc1ccccc1)NCc1cccs1
XS847091a,COC=1C=CC2=CC(=CC=C2C1)C(C)C(=O)N3CCCC3,0.83,O=C(Cc1ccc2ccccc2c1)N1CCCC1
XS847082a,CC(=O)N1N=C(CC1C=2C=CC=CC2C)C=3C=CSC3,0.56,c1ccc(C2CC(c3ccsc3)=NN2)cc1
XS824247b,CC(NC(=O)CN(C)C=1C=CC=CC1)C=2C=CC(F)=CC2,0.48,O=C(CNc1ccccc1)NCc1ccccc1
XS847088a,COC=1C=CC(=CC1)CC(=O)NC2CCCCNC2=O,0.998,O=C(Cc1ccccc1)NC1CCCCNC1=O
XS842173b,CN1N=CC=2C(=O)N=C(NC(=O)C3(C)C=CCC3)NC21,0.48,O=C(Nc1nc(=O)c2cn[nH]c2[nH]1)C1C=CCC1
XS841605b,O=C1C=C(N=CN1CC2CCC3(CCC3)CO2)C(F)F,0.954,O=c1ccncn1CC1CCC2(CCC2)CO1
XS837567b,C1=NN(C=C1C=2C=CN=CN2)CCC3CCCCC43CC4,9.498,c1cc(-c2cnn(CCC3CCCCC34CC4)c2)ncn1
XS470969b,O=C(C=1C=NC2=C(F)C=CC(F)=C2C1)N3CCCC(O)C3,9.64,O=C(c1cnc2ccccc2c1)N1CCCCC1
XS847103a,CC1CCCCN1C(=O)CSC2=NN=C(O2)C(C)(C)C,1.98,O=C(CSc1nnco1)N1CCCCC1
XS847097a,N#CC=1C=CC(=CC1)OCC(O)CN2C=NC=3C=CC=CC32,8.06,c1ccc(OCCCn2cnc3ccccc32)cc1
XS840261b,CC=1N=C(C(Cl)=CC1C#N)N2CCC(C2)C=3C=CON3,0.864,c1ccc(N2CCC(c3ccon3)C2)nc1
XS838248b,CCC(C1=NN=CN1)N2C=C(CC(C)(C)C(=O)OC)N=N2,1.776,c1cn(Cc2nnc[nH]2)nn1
XS839346b,CC=1C=NC=2N=C(NC3CCC4=NN=CN4C3)SC2N1,1.092,c1cnc2sc(NC3CCc4nncn4C3)nc2n1
XS837569b,CCOC(=O)C1=C(C)C=NN(CCOC2CCOC2)C1=O,0.828,O=c1cccnn1CCOC1CCOC1
XS816929b,O=C(C=1C=CC=2CCCC2C1)N3CCCC(C3)N4C=NC=N4,1.462,O=C(c1ccc2c(c1)CCC2)N1CCCC(n2cncn2)C1
XS847102a,CCN1CC(CC1=O)C(=O)NC=2C=CC(=CC2)OC(C)C,8.848,O=C1CC(C(=O)Nc2ccccc2)CN1
XS847100a,O=C(NC=1C=CC=C(F)C1)N2CCCC2C=3C=CSC3,0.654,O=C(Nc1ccccc1)N1CCCC1c1ccsc1
XS784847b,COC=1C=CC=C(C1)CCC(=O)NC2CCC(=O)NC2=O,1.516,O=C1CCC(NC(=O)CCc2ccccc2)C(=O)N1
XS847098a,CN(CC1COC=2C=CC=CC2O1)C=3C=CC4=NN=CN4N3,0.874,c1ccc2c(c1)OCC(CNc1ccc3nncn3n1)O2
XS566000b,CC1=NOC(=N1)C2CCN(C2)C(=O)C3=CNN=C3C4CC4,5.902,O=C(c1c[nH]nc1C1CC1)N1CCC(c2ncno2)C1
XS839394b,CC1=NN(C(C)=C1NC(CF)C2=CN=NN2C)C(C)(C)C,0.586,c1n[nH]cc1NCc1cnn[nH]1
XS179264b,O=C(NCC1CCCO1)C=2C=CC(=NC2)N3CCCCCC3,4.418,O=C(NCC1CCCO1)c1ccc(N2CCCCCC2)nc1
XS840190b,C=1C=CC(=NC1)C2=NN=NN2CC3CCC4(CCCCC4)O3,2.256,c1ccc(-c2nnnn2CC2CCC3(CCCCC3)O2)nc1
XS586078b,CCC=1C=CC=2OC=C(C(=O)NC3C(=O)OCC3(C)C)C2C1,2.004,O=C(NC1CCOC1=O)c1coc2ccccc12
XS847115a,CC=1C=CC(=CN1)C(=O)N2CCCC(C2)C(=O)NCC3CC3,1.774,O=C(NCC1CC1)C1CCCN(C(=O)c2cccnc2)C1
XS393239b,O=C(COC=1C=C(Cl)C=CC1Cl)NCC2CCCO2,1.64,O=C(COc1ccccc1)NCC1CCCO1
XS842068b,CCS(=O)(=O)CC(C)N(C)C=1C=CC(F)=CC1[N+]([O-])=O,0.402,c1ccccc1
XS847114a,COCC(C)NC(=O)CCCC1=NN=C(O1)C=2C=CC=CC2,0.46,c1ccc(-c2nnco2)cc1
XS836563b,CC(N(C)C(=O)C1=CC=C(NC1=O)C2=CC=CO2)C(C)(C)C,3.15,O=c1cccc(-c2ccco2)[nH]1
XS718657b,COC=1C=CC=C(C1)C(=O)NC(CC(=O)O)C=2C=CC=CC2,0.52,O=C(NCc1ccccc1)c1ccccc1
XS847116a,CC=1C=CC=C(C1)OCCCCC(=O)N2CCC(C2)C(N)=O,0.48,O=C(CCCCOc1ccccc1)N1CCCC1
XS847117a,CC1CCCCN1S(=O)(=O)C=2C=NN(C2)C=3C=CC=CC3,0.782,O=S(=O)(c1cnn(-c2ccccc2)c1)N1CCCCC1
XS847112a,CC(C)N1CC(CC1=O)C(=O)NC=2C=CC(F)=CC2Cl,1.56,O=C1CC(C(=O)Nc2ccccc2)CN1
XS847124a,CCN(CC1CCOC1)C(=O)CCC2=NC(=NO2)C(C)(C)C,0.672,O=C(CCc1ncno1)NCC1CCOC1
XS847125a,NC(=O)C1CCN(C1)C(=O)CCC2=NC=C(O2)C=3C=CC=CC3,1.074,O=C(CCc1ncc(-c2ccccc2)o1)N1CCCC1
XS329124b,CC=1C=C(NC(=O)C(C)N(C)CC=2C(F)=CC=CC2F)ON1,1.894,O=C(CNCc1ccccc1)Nc1ccno1
XS842429b,CCN1N=C(C)C(CNC(=O)N2CCCC(O)(C2)C3CC3)=N1,0.72,O=C(NCc1cn[nH]n1)N1CCCC(C2CC2)C1
XS840841b,COC(CNC(=O)N1CCC(CC1)C2=CC=NN2)C(C)(C)C,3.558,c1cc(C2CCNCC2)[nH]n1
XS800112b,CCOC(=O)C=1C=NC(=NC1N)SC2CCCCNC2=O,1.428,O=C1NCCCCC1Sc1ncccn1
XS572003b,COC1CCCCN(CC(=O)NCC=2C=CC=CC2F)C1=O,0.62,O=C(CN1CCCCCC1=O)NCc1ccccc1
XS847121a,CC=1C=CC=CC1CNC(=O)CC(NC(N)=O)C=2C=CC=CC2,0.792,O=C(CCc1ccccc1)NCc1ccccc1
XS837229b,CCC1C=2C=C(F)C(F)=CC2CCN1C3=NC=CN4N=NN=C34,0.994,c1ccc2c(c1)CCN(c1nccn3nnnc13)C2
XS840089b,O=C1C=2SC=3N=CC=CC3C2N=CN1CCOC4CCOC4,0.918,O=c1c2sc3ncccc3c2ncn1CCOC1CCOC1
XS847132a,O=C(NC1CCOC2(CCOCC2)C1)C3=CC=4C=CC=CC4O3,1.58,O=C(NC1CCOC2(CCOCC2)C1)c1cc2ccccc2o1
DR004224b,CC1=NNC(C)=C1C2COCCN2C(=O)CC=3C=CC=CC3F,0.756,O=C(Cc1ccccc1)N1CCOCC1c1cn[nH]c1
XS847138a,CCC1CCC=2SC(=CC2C1)C(=O)NCC3=NN=CN3CC,1.946,O=C(NCc1nnc[nH]1)c1cc2c(s1)CCCC2
XS847139a,COC=1C=CC2=C(C1)CCCN2C(=O)NC3CCCCNC3=O,0.79,O=C1NCCCCC1NC(=O)N1CCCc2ccccc21
XS847136a,NC=1C=CN=CC1C(=O)NC2CCN(C2)C=3C(F)=CC=CC3F,0.728,O=C(NC1CCN(c2ccccc2)C1)c1cccnc1
XS847140a,CCC(C)(C)NC(=O)CN1CCNC(=O)CC1C=2C=CC=CC2,0.584,O=C1CC(c2ccccc2)NCCN1
XS791220b,COC=1C(Cl)=CC(=CC1Cl)NC(=O)C2CC(=O)N(C)C2,2.168,O=C1CC(C(=O)Nc2ccccc2)CN1
XS787457b,CCN(C(=O)CN1C=CC(=O)NC1=O)C(C)C=2C=CC(F)=CC2,1.98,O=C(Cn1ccc(=O)[nH]c1=O)NCc1ccccc1
XS839885b,CC(NC(=O)NC=1C=CC=2CCC3=CC=CC1C32)C=4C=NN(C)C4,0.978,O=C(NCc1cn[nH]c1)Nc1ccc2c3c(cccc13)CC2
XS838743b,CC1=CSC=2N=CN=C(NCC34COC(=O)N4CCOC3)C12,0.732,O=C1OCC2(CNc3ncnc4sccc34)COCCN12
XS847135a,CC1=NC2=C(CCCC2CNC(=O)NCC3=CNN=C3C)S1,0.43,O=C(NCc1cn[nH]c1)NCC1CCCc2scnc21
XS847150a,CC1=NN(C)C=2N=CC(=CC12)NC(=O)N3CCC3C=4C=CC=CC4,1.5,O=C(Nc1cnc2[nH]ncc2c1)N1CCC1c1ccccc1
XS847152a,CCC1=NOC=2N=CC(=CC12)C(=O)NC3CCCC4=C3C=NN4C,4.738,O=C(NC1CCCc2[nH]ncc21)c1cnc2oncc2c1
XS847151a,CC=1C=NC(=CN1)C(=O)NC(CN2CCCC2=O)C=3C=CC=CC3,0.384,O=C(NC(CN1CCCC1=O)c1ccccc1)c1cnccn1
XS837705b,CC1CN(C(=O)C=2C=CC=C3OCOC23)C=4C=CC=CC4NC1=O,1.17,O=C1CCN(C(=O)c2cccc3c2OCO3)c2ccccc2N1
XS847143a,CC=1C=NN(C1)CC2CCCCN2C(=O)C3=CC=4C=CC=CC4N3,5.926,O=C(c1cc2ccccc2[nH]1)N1CCCCC1Cn1cccn1
XS847148a,CC=1C=C(Cl)C=CC1N2C=C(N=N2)C3CCCS(=O)(=O)C3,3.346,O=S1(=O)CCCC(c2cn(-c3ccccc3)nn2)C1
XS838431b,COC(=O)C(NC=1N=C(F)C=CC1C#N)C2CC=3C=CC=CC3C2,0.958,c1ccc(NCC2Cc3ccccc3C2)nc1
XS836668b,CC(NC=1C=CC(Cl)=CC1Cl)C(=O)N2CCC3(CCC3)C2,0.526,O=C(CNc1ccccc1)N1CCC2(CCC2)C1
XS836695b,O=S(=O)(CCCC=1C=NNC1)C2CCC=3C(Cl)=CC=CC32,2.368,O=S(=O)(CCCc1cn[nH]c1)C1CCc2ccccc21
XS840082b,CCN1N=C(C)C(CN2N=NC(=N2)C3(CCCN3)C(F)(F)F)=N1,0.866,c1n[nH]nc1Cn1nnc(C2CCCN2)n1
XS847155a,CC1=CN=C(CS(=O)CC=2C=CC(F)=C(Br)C2)O1,2.462,O=S(Cc1ccccc1)Cc1ncco1
XS839675b,CC1=CC(C)=NN1C=2C=CC(=CC2)CCNC(=O)C(C)NC(N)=O,3.31,c1ccc(-n2cccn2)cc1
XS837964b,COC=1C=C(SN1)S(=O)(=O)NC2CCC3=NC(C)=NN3C2,4.192,O=S(=O)(NC1CCc2ncnn2C1)c1ccns1
XS800375b,O=C1C=2C=CC=NC2N=CN1CC(O)COCC=3C=CC=CC3F,23.348,O=c1c2cccnc2ncn1CCCOCc1ccccc1
XS847163a,CC=1OC=CC1C(=O)NCC(=O)N2CCCC2C=3C=CC(F)=CC3,0.498,O=C(NCC(=O)N1CCCC1c1ccccc1)c1ccoc1
XS847160a,CCN1CC(CC1=O)C(=O)NC=2C(C)=NN(C2C)C=3C=CC=CC3,1.732,O=C1CC(C(=O)Nc2cnn(-c3ccccc3)c2)CN1
XS838827b,CC1=CC(=O)NC=2C(C)=C(C=CC12)OCC3CC4(CCOCC4)O3,7.252,O=c1ccc2ccc(OCC3CC4(CCOCC4)O3)cc2[nH]1
XS837345b,CS(=N)(=O)C=1C=CC=C(C1)CNC2=CC=NC3=C(Cl)C=NN23,0.656,c1ccc(CNc2ccnc3ccnn23)cc1
XS839142b,CC=1N=C(SC1C)S(=O)(=O)N(C)C2CCC=3C=CC=CC3C2,1.092,O=S(=O)(NC1CCc2ccccc2C1)c1nccs1
XS847169a,COC(=O)C(C)OC(=O)C=1C=CC=C(C1)NC(=O)C2=CC=CS2,3.724,O=C(Nc1ccccc1)c1cccs1
XS690664b,O=C(O)C1CC=2C=CC=CC2N1C(=O)C=3C=CN(N3)C=4C=CC=CC4,1.01,O=C(c1ccn(-c2ccccc2)n1)N1CCc2ccccc21
XS847181a,CC(CCNC(=O)CN1C=NC=2C=CC=CC2C1=O)C=3C=CC=CC3,1.136,O=C(Cn1cnc2ccccc2c1=O)NCCCc1ccccc1
XS847168a,CN1C=C(C(=O)N(C)C1=O)C2NC3(CCCC3)C(=O)N2CC4CC4,1.61,O=C1N(CC2CC2)C(c2c[nH]c(=O)[nH]c2=O)NC12CCCC2
XS847166a,CC=1C=CC(=CC1S(N)(=O)=O)NC(=O)C2CC=3C=CC=CC3O2,1.482,O=C(Nc1ccccc1)C1Cc2ccccc2O1
XS847176a,O=C(NCCC=1C=CC=C(Cl)C1)C2CCCN(C2)C(=O)C3CC3,0.712,O=C(NCCc1ccccc1)C1CCCN(C(=O)C2CC2)C1
XS841489b,COC=1C=CC=CC1CC2=NN=C(N2C)N3CC(C)C=4C=CC=CC43,0.636,c1ccc(Cc2nnc(N3CCc4ccccc43)[nH]2)cc1
XS838102b,CN1C=CC(=N1)N2C=C(CN3CCCC3(C)CC=4C=CC=CC4)N=N2,1.426,c1ccc(CC2CCCN2Cc2cn(-c3cc[nH]n3)nn2)cc1
XS839530b,NC=1C=CC(=NN1)C2CCCN2CC3=NC(=NO3)C=4C=CC=CC4F,1.112,c1ccc(-c2noc(CN3CCCC3c3cccnn3)n2)cc1
XS841120b,CCOC1=C(C=NN1C=2C=CC=CC2)C(=O)NC3CCCN(C#N)C3,0.844,O=C(NC1CCCNC1)c1cnn(-c2ccccc2)c1
XS847188a,CC(NC(=O)NC=1C=CC=C(C1)CN2CCOC2=O)C=3C=CC=CC3,3.244,O=C(NCc1ccccc1)Nc1cccc(CN2CCOC2=O)c1
XS847190a,CC(C1=NC(=NO1)C2CC2)N3CCCN(CC3)C=4N=CC=CC4C#N,1.01,c1ccc(N2CCCN(Cc3nc(C4CC4)no3)CC2)nc1
XS839715b,C=CCCOC(C)C(=O)OC1CCN(CC1)C=2C=CC(Cl)=CN2,4.536,c1ccc(N2CCCCC2)nc1
XS837613b,CC(C)C(F)C(=O)N1CC2(CC(C2)NC(=O)CC(C)(C)C3CC3)C1,8.44,O=C(CCC1CC1)NC1CC2(CNC2)C1
XS579973b,CC=1SC=2N=C(CSC(C)C(=O)NC3CC3)NC(=O)C2C1C,1.75,O=C(CSCc1nc2sccc2c(=O)[nH]1)NC1CC1
XS847187a,O=C(CC1SC=2C=CC=CC2NC1=O)N3CCC=4C=CC=CC4C3,0.91,O=C1Nc2ccccc2SC1CC(=O)N1CCc2ccccc2C1
XS847182a,CC=1C=C(NC(=O)C(C)NC=2C=CC(C)=C(C2)OCC(F)F)ON1,2.324,O=C(CNc1ccccc1)Nc1ccno1
XS839859b,CC1CCC=2C=CC=CC2N1C(=O)COC=3C=CC=4COC(=O)C4C3,1.05,O=C1OCc2ccc(OCC(=O)N3CCCc4ccccc43)cc21
XS838078b,O=C1OCCN1CCS(=O)(=O)N2CCCC(C2)C=3C=CC=CC3,3.808,O=C1OCCN1CCS(=O)(=O)N1CCCC(c2ccccc2)C1
XS838430b,CC(C1=CC=CO1)C2=NOC(CN3C(=O)CCOC=4C=CC=CC43)=N2,0.904,O=C1CCOc2ccccc2N1Cc1nc(Cc2ccco2)no1
XS847193a,CCC1=NC=CN1C2CCCN(C2)C(=O)COCCC=3C=CC=CC3,19.084,O=C(COCCc1ccccc1)N1CCCC(n2ccnc2)C1
XS419529b,CN1C=CN=C1C(NC(=O)C=2C=C(Cl)C=CN2)C=3C=CC=C(F)C3,1.404,O=C(NC(c1ccccc1)c1ncc[nH]1)c1ccccn1
XS847194a,CC1=NOC(=N1)C2COCCN2C=3N=CN=C4C3C=NN4C(C)(C)C,1.388,c1noc(C2COCCN2c2ncnc3[nH]ncc23)n1
XS561106b,CC1OC=2C=CC=CC2N(CCC3=NC(=NO3)C=4C=CSC4)C1=O,2.106,O=C1COc2ccccc2N1CCc1nc(-c2ccsc2)no1
XS456289b,CC1=NN(C=2N=CC(=CC12)C=3C=CC(C)=NC3)C4CCS(=O)(=O)C4,2.382,O=S1(=O)CCC(n2ncc3cc(-c4cccnc4)cnc32)C1
XS847192a,CC(=O)N1CCC(CC1)NC(=O)N2CCCCC2CC=3C=CC=CC3,1.594,O=C(NC1CCNCC1)N1CCCCC1Cc1ccccc1
XS838863b,O=C(NCC=1N=CC=CC1Cl)NCC2CC32CCC(F)(F)CC3,0.5,O=C(NCc1ccccn1)NCC1CC12CCCCC2
XS841728b,O=C(O)CC=1SC=CC1C(=O)N2CC=3C=CC=C4CCCC(C2)C43,0.926,O=C(c1ccsc1)N1Cc2cccc3c2C(CCC3)C1
XS847196a,O=C(O)C12CC(C1)(C2)NC(=O)NC3CC4(CCC4)OC=5C=CC=CC53,3.534,O=C(NC1CC2(CCC2)Oc2ccccc21)NC12CC(C1)C2
XS838426b,CN(C)S(C)(=O)=NCC1CCN(CC1)C2=NSC(=N2)C3CC3,0.904,C1CCN(c2nsc(C3CC3)n2)CC1
XS838359b,COC(=O)CC1CN(C=2C=NC=C(N2)C(F)(F)F)C3(CCC3)CO1,6.222,c1cnc(N2CCOCC23CCC3)cn1
XS837157b,CN(CC1CCOC1)S(=O)(=O)C2=CC=3C=C(Cl)C=CC3S2,2.576,O=S(=O)(NCC1CCOC1)c1cc2ccccc2s1
XS847211a,COCC(=O)NC1CCN(CC1)C(C)C2=NC(=NO2)C=3C=CC=CC3,1.058,c1ccc(-c2noc(CN3CCCCC3)n2)cc1
XS847214a,COC=1C=C(C=C2OCCOC12)C(=O)N3CCCC3C4=CC=CS4,1.556,O=C(c1ccc2c(c1)OCCO2)N1CCCC1c1cccs1
XS840488b,CN1C(=O)C(C#N)=C(NC2CCSC=3C(F)=CC=CC32)N(C)C1=O,0.576,O=c1cc(NC2CCSc3ccccc32)[nH]c(=O)[nH]1
XS847207a,O=C(NC1(CCCC1)C(=O)NCC2CC2)C3CC=4C=C(F)C=CC4O3,7.568,O=C(NC1(C(=O)NCC2CC2)CCCC1)C1Cc2ccccc2O1
XS840355b,CC=1N=C(COC(=O)C(C)OC=2C=CC(C#N)=CC2)N=C3C=CC=CC13,2.446,O=C(COc1ccccc1)OCc1ncc2ccccc2n1
XS840471b,CC(NC(=O)C=1SC=CC1S(=O)(=O)C(F)F)C=2C=CN=CC2,0.672,O=C(NCc1ccncc1)c1cccs1
XS847201a,CC1=CC=C(S1)S(=O)(=O)N2CSCC2C(=O)NC(C)(C)C,4.934,O=S(=O)(c1cccs1)N1CCSC1
XS389833b,CC(C1=NC=2C=CC=CC2S1)N(C)CC3=CC(=O)N4C=CC=CC4=N3,1.052,O=c1cc(CNCc2nc3ccccc3s2)nc2ccccn12
XS847219a,CC(OC(=O)CC=1C=CC=C2C=CC=NC12)C(=O)NC=3C=CC=CC3F,1.174,O=C(COC(=O)Cc1cccc2cccnc12)Nc1ccccc1
XS847223a,CCOC(=O)NC1CCCN(C1)C(=O)C=2C=C(OC)C(C)=C(C2)OC,0.44,O=C(c1ccccc1)N1CCCCC1
XS839108b,CC=1C=CC=2CCC(NC=3N=C4CCS(=O)(=O)CC4=CC3C#N)C2C1,2.076,O=S1(=O)CCc2nc(NC3CCc4ccccc43)ccc2C1
XS820544b,CC=1C=CC=C(C1)CNC(=O)N2CCCC(C2)C3=NN=C4C=CC=CN34,0.498,O=C(NCc1ccccc1)N1CCCC(c2nnc3ccccn23)C1
XS842051b,CC(NC=1C=CC(=CC1)OC=2C=CC=CC2C#N)C(=O)N3CCOCC3,5.754,O=C(CNc1ccc(Oc2ccccc2)cc1)N1CCOCC1
XS847218a,COC(=O)CC(NC(=O)C=1CCC(=O)N(C)N1)C=2C=CC(Cl)=CC2,1.786,O=C1CCC(C(=O)NCc2ccccc2)=NN1
XS837861b,CC1(C)CC(C(=O)NC=2N=CN(N2)C3CCCCC3)C=4C=CC=CC4O1,7.134,O=C(Nc1ncn(C2CCCCC2)n1)C1CCOc2ccccc21
XS841933b,N#CC=1C=NC=C(N1)NC2CCC3=CN(CCCC(F)(F)F)N=C3C2,3.874,c1cnc(NC2CCc3c[nH]nc3C2)cn1
XS400333b,CC(NC(=O)C=1N=C(N=CC1Cl)N2CCOCC2)C=3C=CC=CC3F,1.038,O=C(NCc1ccccc1)c1ccnc(N2CCOCC2)n1
XS847232a,COC=1C=CC=CC1C2CC(=NN2C(=O)C3=CC=CO3)C=4C=CC=CC4O,1.758,O=C(c1ccco1)N1N=C(c2ccccc2)CC1c1ccccc1
XS847240a,CC=1C=CC=C(C1)C2(CC2)C(=O)NC(C)C=3C=CC(=CC3)S(C)(=O)=O,0.98,O=C(NCc1ccccc1)C1(c2ccccc2)CC1
XS838185b,COC=1N=CC=C(N1)C(=O)N2CC3(C2)CCCC3NC=4N=CC=NC4F,0.578,O=C(c1ccncn1)N1CC2(CCCC2Nc2cnccn2)C1
XS830827b,CCN(C1CCS(=O)(=O)C1)S(=O)(=O)C=2C(C)=C(C)C=C(C)C2C,3.224,O=S1(=O)CCC(NS(=O)(=O)c2ccccc2)C1
XS847239a,CC=1N=C(SC1C(=O)NC(C)C2=NN=CN2C)C=3C=CC(Cl)=CC3,0.73,O=C(NCc1nnc[nH]1)c1cnc(-c2ccccc2)s1
XS788651b,COC=1C=CC=C(C1)N2CCN(CC2)C(=O)C(C)OC=3C=CC(C#N)=CC3,4.112,O=C(COc1ccccc1)N1CCN(c2ccccc2)CC1
XS839533b,CC(C(=O)NC=1C=CC(=C2C=CN=CC12)N3CCCCC3)S(C)(=O)=O,2.746,c1cc(N2CCCCC2)c2ccncc2c1
XS847238a,COC=1C=C(C=CC1NC(C)=O)NC(C)C(=O)NC=2C=CC(F)=C(F)C2,1.042,O=C(CNc1ccccc1)Nc1ccccc1
XS847229a,CC=1C=CC(=CC1C)C2=NN=C(O2)C(C)NC=3C=CC(=CC3)OCC(N)=O,5.864,c1ccc(NCc2nnc(-c3ccccc3)o2)cc1
XS839104b,CN1C=2C=CC=CC2C(CS1(=O)=O)NC=3N=CC=C(N3)C(F)(F)F,1.098,O=S1(=O)CC(Nc2ncccn2)c2ccccc2N1
XS841652b,CC1CN(CCC21CCN(CC2)C(=O)C3=CSC=C3F)C(=O)C4CC4,2.394,O=C(c1ccsc1)N1CCC2(CC1)CCN(C(=O)C1CC1)CC2
XS847236a,CCCN1CCN(CC(=O)NC(C)C=2C=CC(=CC2)C=3C=CC=CC3)CC1,1.112,O=C(CN1CCNCC1)NCc1ccc(-c2ccccc2)cc1
XS847253a,CSC=1N=C2N=C(C)C(CC(=O)N(C)C(C)C=3C=CC=CC3)=C(C)N2N1,0.784,O=C(Cc1cnc2ncnn2c1)NCc1ccccc1
XS847252a,O=C1C=2C=CC=CC2NC(C=3C=C(Cl)C=4OCCCOC4C3)N1C5CC5,0.406,O=C1c2ccccc2NC(c2ccc3c(c2)OCCCO3)N1C1CC1
XS080731f,COC=1C=CC=CC1NC(=O)C(C)NC=2C=CC(=CC2)C3=CSC(C)=N3,0.91,O=C(CNc1ccc(-c2cscn2)cc1)Nc1ccccc1
XS839562b,COC=1C=CC(=CC1)C2(CC3(CCC3)C2)C(=O)N(C)CC(C)C4=NN=NN4,0.98,O=C(NCCc1nnn[nH]1)C1(c2ccccc2)CC2(CCC2)C1
XS847249a,COC=1C=CC=CC1NC(=O)N2CCCC2C=3C=CC=4OCCCOC4C3,0.802,O=C(Nc1ccccc1)N1CCCC1c1ccc2c(c1)OCCCO2
XS839027b,COC=1C=C(Cl)C(=CC1Cl)C2=CN(N=N2)C(C)C3=NN=C(C)S3,1.354,c1ccc(-c2cn(Cc3nncs3)nn2)cc1
XS838830b,CN1CCN(C(=O)C2OCCOC32CCC3)C=4C=CC(=CC41)C(F)(F)F,0.52,O=C(C1OCCOC12CCC2)N1CCNc2ccccc21
XS847248a,CNC(=O)C1=CC=2C(=O)N3C=CC=C(C)C3=NC2N(CC4CCCO4)C1=N,3.284,N=c1ccc2c(=O)n3ccccc3nc2n1CC1CCCO1
XS841008b,CC(NC=1C=CC(=C2C=CC=NC12)[N+]([O-])=O)C=3C=CC(=CC3)S(C)(=O)=O,1.632,c1ccc(CNc2cccc3cccnc23)cc1
XS847251a,CC(C)C=1C=C(C(=O)NC(C)C(=O)N2CCCC2)C=3C=NN(C3N1)C(C)C,1.654,O=C(NCC(=O)N1CCCC1)c1ccnc2[nH]ncc12
XS847247a,COC(=O)C=1C=CC=CC1S(=O)(=O)N2CC(OC=3C=CC=CC32)C(N)=O,0.536,O=S(=O)(c1ccccc1)N1CCOc2ccccc21
XS847241a,CC1=CC(C)=NC=2SC(=CC12)C(=O)NC3CCN(C=4C=NN(C)C4)C3=O,28.082,O=C(NC1CCN(c2cn[nH]c2)C1=O)c1cc2cccnc2s1
XS837625b,CC(C=1C=CC=CC1)N2C=C(C=N2)NS(=O)(=O)C=3SC=CC3Cl,0.594,O=S(=O)(Nc1cnn(Cc2ccccc2)c1)c1cccs1
XS847254a,COC=1C=CC(=CC1)C2=NC(=CS2)C(=O)NC(C)C=3C=CC=CC3OC,1.156,O=C(NCc1ccccc1)c1csc(-c2ccccc2)n1
XS837744b,FC(F)C1=NN=C2C=CC(=NN12)NC3CC=4C=C(Br)C=NC4C3,8.192,c1cnc2c(c1)CC(Nc1ccc3nncn3n1)C2
XS847255a,CC(CN1CCCC1=O)NC(=O)C2CCN(CC2)C3=NC=4C=CC=CC4S3,0.998,O=C(NCCN1CCCC1=O)C1CCN(c2nc3ccccc3s2)CC1
XS847260a,CC(C(=O)NCC=1C=CC=CC1)S(=O)(=O)CC=2C=CC(=CC2)C(F)(F)F,3.934,O=C(CS(=O)(=O)Cc1ccccc1)NCc1ccccc1
XS847259a,CCOC=1C=CC(=CC1)N2CC(CC2=O)C(=O)NC3=NC(=CS3)C(C)(C)C,4.116,O=C(Nc1nccs1)C1CC(=O)N(c2ccccc2)C1
XS531726b,CC1=CN=C(S1)C(NS(=O)(=O)C=2C=CC(=CC2)OCC(F)F)C3CC3,2.232,O=S(=O)(NC(c1nccs1)C1CC1)c1ccccc1
XS837772b,CS(=O)(=NC(=O)C1CCN(CC1)C=2C=CC(C#N)=CN2)C=3C=CC=C(F)C3,1.294,O=C(N=[SH](=O)c1ccccc1)C1CCN(c2ccccn2)CC1
XS838693b,COC(=O)C(NC=1C=CC(=CC1)OCCS(C)(=O)=O)C=2C=CC=C(C)C2,11.522,c1ccc(CNc2ccccc2)cc1
XS847277a,O=C(CC1=CSC(=N1)C2=CC=CO2)NC(CN3CCCC3=O)C=4C=CC=CC4,0.616,O=C(Cc1csc(-c2ccco2)n1)NC(CN1CCCC1=O)c1ccccc1
XS839575b,CC=1N=CSC1CCS(=O)(=O)NC2C=3C=CC=CC3CC42CCOCC4,1.306,O=S(=O)(CCc1cncs1)NC1c2ccccc2CC12CCOCC2
XS847280a,O=C(C=1N=CN2CCOCC12)N3CCC(C3)NC=4C=CC=C(Br)C4,2.914,O=C(c1ncn2c1COCC2)N1CCC(Nc2ccccc2)C1
XS847278a,CC(C)C(NC1=NS(=O)(=O)C=2C=CC=CC12)C(=O)NCC=3C=CC=CC3F,0.882,O=C(CNC1=NS(=O)(=O)c2ccccc21)NCc1ccccc1
XS847265a,O=C(C1CN(CC=2C=C(ON2)C3=CC=CO3)C=4C=CC=CC4O1)N5CCCCC5,2.756,O=C(C1CN(Cc2cc(-c3ccco3)on2)c2ccccc2O1)N1CCCCC1
XS847293a,CC1=NC(=NN1C=2C=CC(F)=CC2)C(=O)NC(CN3CCCC3=O)C=4C=CC=CC4,1.174,O=C(NC(CN1CCCC1=O)c1ccccc1)c1ncn(-c2ccccc2)n1
XS847294a,CCNC(=O)NC(=O)C(C)NC=1C=CC(OCC)=C(C1)S(=O)(=O)N(CC)CC,0.996,c1ccccc1
XS847288a,CC(OC(=O)CCCNS(=O)(=O)C=1C=CC(F)=CC1)C(=O)N2CCCCC2,5.732,O=C(CCCNS(=O)(=O)c1ccccc1)OCC(=O)N1CCCCC1
XS744578b,CC(C)C(NC(=O)CCS(=O)(=O)C=1C=CC=2OCCOC2C1)C=3C=CC(F)=CC3,2.94,O=C(CCS(=O)(=O)c1ccc2c(c1)OCCO2)NCc1ccccc1
XS153007b,CC(=O)N1CCC=2C=C(C=CC21)NC(=O)C(C)OC=3C=CC(Br)=CC3,2.076,O=C(COc1ccccc1)Nc1ccc2c(c1)CCN2
XS841508b,FC(F)C1=NN=C2C=CC(=NN12)N3CCCC(C3)C4=NNC(=N4)C5CCCCC5,3.378,c1cc2nncn2nc1N1CCCC(c2n[nH]c(C3CCCCC3)n2)C1
XS847284a,CCN1C(CN2CCCCC2C3=NN=C(O3)C4CCOCC4)=NC=5C(F)=CC=CC51,0.326,c1ccc2[nH]c(CN3CCCCC3c3nnc(C4CCOCC4)o3)nc2c1
XS847287a,O=S(=O)(C=1C=CC(OC(F)F)=C(F)C1)N2CCC3(C2)CCC=4C=CC=CC4O3,0.484,O=S(=O)(c1ccccc1)N1CCC2(CCc3ccccc3O2)C1
XS847297a,CCN(CC1COC=2C=CC=CC2O1)C(=O)NCC=3C=CC(=CC3)S(=O)(=O)NC,2.192,O=C(NCc1ccccc1)NCC1COc2ccccc2O1
XS840462c,CCOC(=O)C1=C(CN2CCC=3C=CC=CC32)NC(=O)NC1C=4C=CC=CC4OC(F)F,4.39,O=C1NC(CN2CCc3ccccc32)=CC(c2ccccc2)N1
XS847313a,CC(C)CNC(=O)C1CCCN(CC2=CC(=O)N3C(=CSC3=N2)C=4C=CC=CC4)C1,1.364,O=c1cc(CN2CCCCC2)nc2scc(-c3ccccc3)n12
XS847300a,CN1N=CC(C(=O)NC2COC=3C=C(F)C(Br)=CC32)=C1CC=4C=CC=CC4,7.386,O=C(NC1COc2ccccc21)c1cn[nH]c1Cc1ccccc1
XS847302a,CC(NC(=O)CCC1=NC=C(O1)C=2C=CC(F)=CC2F)C=3C=CC(=CC3)N4C=NC=N4,12.37,O=C(CCc1ncc(-c2ccccc2)o1)NCc1ccc(-n2cncn2)cc1
XS847299a,COC=1C=CC=2NC(=NC2C1)SCC(=O)N(C3CCS(=O)(=O)C3)C4CCCCC4,1.058,O=C(CSc1nc2ccccc2[nH]1)N(C1CCCCC1)C1CCS(=O)(=O)C1
XS842728b,CC(OC=1C=CC(F)=CC1)C(=O)NC=2C=CC(=CC2N3CCOCC3)N4CCOCC4,0.918,O=C(COc1ccccc1)Nc1ccc(N2CCOCC2)cc1N1CCOCC1
XS393077b,CC=1C=C(NC(=O)C2CC(=O)NC=3C=CC=CC32)N(N1)C=4C=CC=C(Br)C4,1.978,O=C1CC(C(=O)Nc2ccnn2-c2ccccc2)c2ccccc2N1
XS847298a,N#CC=1C=CC=CC1S(=O)(=O)N2CCN(CC2)C(C(=O)N3CCCC3)C=4C=CC=CC4,1.782,O=C(C(c1ccccc1)N1CCN(S(=O)(=O)c2ccccc2)CC1)N1CCCC1
XS847310a,CC(C1=NC(=NO1)C=2C=CC=CC2)N3CCN(CC3)C(=O)CC4=NNC(=O)C=5C=CC=CC45,2.85,O=C(Cc1n[nH]c(=O)c2ccccc12)N1CCN(Cc2nc(-c3ccccc3)no2)CC1
XS146656c,CC(C)C(NC(=O)C=1C=CC=CC1F)C(=O)NNC(=O)CC2=NC=3C=CC=CC3N2C,3.996,O=C(CNC(=O)c1ccccc1)NNC(=O)Cc1nc2ccccc2[nH]1
XS847306a,CC(=O)NC(CC1=CNC=2C=CC=CC12)C(=O)NC=3C=CC=C(C3)C4=NN=C5CCCCCN45,2.75,O=C(CCc1c[nH]c2ccccc12)Nc1cccc(-c2nnc3n2CCCCC3)c1
XS847326a,CC1=NOC(CN2CCCC2C3=CC=CS3)=N1,1.288,c1csc(C2CCCN2Cc2ncno2)c1
XS847327a,CN(CC1COC=2C=CC=CC2O1)C(=O)C3CC3,0.5,O=C(NCC1COc2ccccc2O1)C1CC1
XS847325a,O=C(NCC1CCCO1)C=2C=CC=NC2O,1.494,O=C(NCC1CCCO1)c1cccnc1
XS841167b,COC(=O)C(F)CC=1C=CC=C(N)C1,0.836,c1ccccc1
XS847320a,CNC(=O)CC1CCOC=2C=CC=CC21,0.622,c1ccc2c(c1)CCCO2
XS847322a,CC1CC=2C=CC=CC2N1C(=O)NC3CC3,0.632,O=C(NC1CC1)N1CCc2ccccc21
XS842472b,CCC(C)NC=1C=CC(=CC1[N+]([O-])=O)C(N)=O,3.086,c1ccccc1
XS847318a,CCCCCC(=O)N1CCCC(C1)N2C=NC=N2,1.128,c1ncn(C2CCCNC2)n1
XS841833b,CC(C)C1=NN=C(O1)N2CCSCC2C,0.5,c1nnc(N2CCSCC2)o1
XS837038b,CC=1CC(ON1)C(=O)N2CC(C2)OC(F)F,0.772,O=C(C1CC=NO1)N1CCC1
XS847328a,COCCN1CC(CC1=O)C(=O)NCC(C)C,0.608,O=C1CCCN1
XS847329a,O=C(NC1=NN=CN1)C2COC=3C=CC=CC3C2,3.912,O=C(Nc1nnc[nH]1)C1COc2ccccc2C1
XS847339a,COCC(C)NC1=NC(=CS1)C=2C=CC(F)=CC2,2.502,c1ccc(-c2cscn2)cc1
XS444696b,CC=1C=CC=CC1NC(=O)C(C)NC=2C=CC=CC2,0.766,O=C(CNc1ccccc1)Nc1ccccc1
XS841743b,CCN1N=NC=C1CN2C(=O)CC(C)(C2=O)C(C)C,1.288,O=C1CCC(=O)N1Cc1cnn[nH]1
XS839500b,N#CC1=CC=CC(C#N)=C1N2CC(C2)C3CCOC3,0.582,c1ccc(N2CC(C3CCOC3)C2)cc1
XS837002b,CCCC1CCCN(CC1)C=2C=CN=C3NN=C(C)C23,1.09,c1cc(N2CCCCCC2)c2cn[nH]c2n1
XS847336a,CC=1C=C(Cl)C=CC1NC(=O)C2CCC(=O)N2,2.288,O=C1CCC(C(=O)Nc2ccccc2)N1
XS669308b,CC(NC=1C=CC=CC1)C(=O)NC=2C=CC=C(C#N)C2,3.114,O=C(CNc1ccccc1)Nc1ccccc1
XS838479b,CN1C=CC(=C1)C2=CC(=NN2)C(=O)N3CCC3CF,4.638,O=C(c1cc(-c2cc[nH]c2)[nH]n1)N1CCC1
XS837914b,FC1(F)CCCC1CCN2N=NC=3CCCCC32,2.834,C1CCc2c(nnn2CCC2CCCC2)C1
XS837142b,CC(NC=1N=CC=2COCC2N1)C=3C=CC=C(F)C3,3.638,c1ccc(CNc2ncc3c(n2)COC3)cc1
XS841676b,CC1=C(C=NN1C(C)C)NC(=O)C(C)C=2N=CC=CN2,0.766,O=C(Cc1ncccn1)Nc1cn[nH]c1
XS847352a,CC1=NOC(=N1)C(C)N2CCN(CC2)C=3C=NC=CN3,19.916,c1cnc(N2CCN(Cc3ncno3)CC2)cn1
XS847345a,CC(C)N1CCC(SC=2C=CN=C3C=CC=CC23)C1=O,1.554,O=C1NCCC1Sc1ccnc2ccccc12
XS847347a,CC(C)COC(=O)N1C=2C=CC=CC2NC(=O)CC1C,1.094,O=C1CCNc2ccccc2N1
XS847342a,CC1=CC(=NO1)NC(=O)C(C)OC=2C=CC=CC2Cl,0.462,O=C(COc1ccccc1)Nc1ccon1
XS847353a,CCC1=CC=C(S1)C(=O)N2CCN3C=CC=C3C2C,1.858,O=C(c1cccs1)N1CCn2cccc2C1
XS847348a,CC(C=1C=CC(F)=CC1)N(C)C(=O)NC=2C=CC=NC2,0.92,O=C(NCc1ccccc1)Nc1cccnc1
XS653082b,CC(NC(=O)CN1C=NC=N1)C=2C=CC3=CC=CC=C3C2,1.174,O=C(Cn1cncn1)NCc1ccc2ccccc2c1
XS842183b,CC(OC=1C=CC2=CC=CC=C2C1)C(=O)N3CCOCC3,0.866,O=C(COc1ccc2ccccc2c1)N1CCOCC1
XS836537b,CC=1OC(=NC1CN2NC(=O)CC2C)C3=CC=CS3,0.824,O=C1CCN(Cc2coc(-c3cccs3)n2)N1
XS840514b,COC(=O)CC(C)C(=O)N1CCC(CC1)N2C=CC=C2,1.786,c1ccn(C2CCNCC2)c1
XS847341a,CC=1C=CC(=CC1)CC(=O)N2CCCC(C2)C3=CC=NN3,0.71,O=C(Cc1ccccc1)N1CCCC(c2ccn[nH]2)C1
XS840001b,N#CC1=CC=C(S1)C(=O)N2CCCC3(CCOC3)C2,1.776,O=C(c1cccs1)N1CCCC2(CCOC2)C1
XS838881b,O=C1C=C(OCCC2CCOC2)C=3C=CC(F)=CC3O1,2.052,O=c1cc(OCCC2CCOC2)c2ccccc2o1
XS840999b,FC(C=1C=CC=C(C1)C=2C=NC3=CC=NN3C2)C(F)(F)F,6.712,c1ccc(-c2cnc3ccnn3c2)cc1
XS837784b,COC=1C=CC=C(C1)C2(F)CCN(C2)C=3C=C(N)N=CN3,1.026,c1ccc(C2CCN(c3ccncn3)C2)cc1
XS847358a,CC1=NOC(=N1)C2COCCN2CC=3C=C(O)C=C(F)C3,0.712,c1ccc(CN2CCOCC2c2ncno2)cc1
XS839411b,O=C(NCC1CCCCC1(F)F)C=2C=CC=3CCOC3C2,4.174,O=C(NCC1CCCCC1)c1ccc2c(c1)OCC2
XS841668b,CCN(C(=O)C(C)C=1C=NC=CN1)C=2C=CC=C(Cl)C2,0.692,O=C(Cc1cnccn1)Nc1ccccc1
XS847355a,CCC1=CC=C(O1)C(=O)N2CCCC(C2)C3=NOC(C)=N3,0.554,O=C(c1ccco1)N1CCCC(c2ncon2)C1
XS847360a,O=C(CN1C(=O)COC=2C=CC=CC21)NCC3CCCO3,0.498,O=C(CN1C(=O)COc2ccccc21)NCC1CCCO1
XS847361a,O=S(=O)(C=1C=CC=CC1)N2CCCC2C=3C=CN=CC3,1.546,O=S(=O)(c1ccccc1)N1CCCC1c1ccncc1
XS631984b,CC(=O)N1CCCC(CNC(=O)C=2C=CC(=CN2)C(C)C)C1,1.582,O=C(NCC1CCCNC1)c1ccccn1
XS847375a,CC(C)(C)N1C=C(C=N1)C(=O)NC(C(N)=O)C=2C=CC=CC2,0.718,O=C(NCc1ccccc1)c1cn[nH]c1
XS718945b,O=C(NCC1CC1)C2CCCN(C2)C=3N=CN=C4NC=CC34,0.748,O=C(NCC1CC1)C1CCCN(c2ncnc3[nH]ccc23)C1
XS847367a,COC=1C=CC=CC1NC(C)C(=O)NC=2C=CC(Cl)=CN2,1.568,O=C(CNc1ccccc1)Nc1ccccn1
XS838712b,O=C(OCC=1C=CC=CC1)C2CN(C2)C(=O)C3CC43CCC4,2.85,O=C(OCc1ccccc1)C1CN(C(=O)C2CC23CCC3)C1
XS394334b,CC1=NOC(CN2CCCC(C2)C3=NC=4C=CC=CC4O3)=N1,2.184,c1ccc2oc(C3CCCN(Cc4ncno4)C3)nc2c1
XS841298b,CC=1N=C(C(=O)OCC2CC3(CCC3)CO2)C=4C=CNC4N1,5.502,O=C(OCC1CC2(CCC2)CO1)c1ncnc2[nH]ccc12
XS841360b,CCC=1OC(=CC1C)C(=O)N2CCCC3(CNC(=O)N3)CC2,0.578,O=C1NCC2(CCCN(C(=O)c3ccco3)CC2)N1
XS788206b,O=C(NC1CC1)C(SC=2C=CC=CN2)C=3C=CC(F)=CC3,0.536,O=C(NC1CC1)C(Sc1ccccn1)c1ccccc1
XS842171b,COCCOCC(C)NC=1C=C(OC)C(Cl)=CC1OC,3.44,c1ccccc1
XS847371a,CC(CC(=O)NC=1C=CC=C(O)C1)(C(=O)O)C=2C=CC=CC2,0.426,O=C(CCc1ccccc1)Nc1ccccc1
XS847381a,CSCCC(NC(=O)C=1C=CC=C(C)C1)C(=O)NC(C)C,0.384,c1ccccc1
XS533793b,CCCNC(=O)CCNC(=O)NC1CCCC21CCOCC2,0.428,C1CCC2(C1)CCOCC2
XS847384a,COC=1C=CC=C(C1)CCNC(=O)NC2CCS(=O)(=O)C2,1.004,O=C(NCCc1ccccc1)NC1CCS(=O)(=O)C1
XS653343b,CCOC=1N=CC=CC1NC(=O)NC(C=2C=CC=CC2)C3CC3,0.48,O=C(Nc1cccnc1)NC(c1ccccc1)C1CC1
XS401809b,CC1=NN(C)C=2N=CC(=CC12)NC(=O)C(C)OC=3C=CC=CC3,0.966,O=C(COc1ccccc1)Nc1cnc2[nH]ncc2c1
XS841338b,[O-][N+](=O)C1=CC(=CS1)C2NC(=O)C=3C=CC(Cl)=CC3N2,1.042,O=C1NC(c2ccsc2)Nc2ccccc21
PY000396b,OC(COC=1C=CC=CC1)CN2CCN(CC2)C=3C=CC=CC3,0.706,c1ccc(OCCCN2CCN(c3ccccc3)CC2)cc1
XS823872b,CC(C=1C=CN=CC1)N(C)C(=O)C2=CC(=NO2)C=3C=CC=CC3,2.788,O=C(NCc1ccncc1)c1cc(-c2ccccc2)no1
XS847378a,O=C(NC1CCOC1)C=2C=C(N=C3C=CC=CC23)C4=CC=CO4,0.48,O=C(NC1CCOC1)c1cc(-c2ccco2)nc2ccccc12
XS847376a,O=C(C1=CC=2C=CC=CC2N1)N3CCN(CC4CCCO4)CC3,3.168,O=C(c1cc2ccccc2[nH]1)N1CCN(CC2CCCO2)CC1
XS420885b,COC=1N=CC=CC1CNC(=O)C2CC(=O)NC=3C=CC=CC32,3.108,O=C1CC(C(=O)NCc2cccnc2)c2ccccc2N1
XS847385a,CC(NCC1=NN=C(O1)C=2C=CC=CC2)C=3C=CC(Cl)=CC3,1.612,c1ccc(CNCc2nnc(-c3ccccc3)o2)cc1
XS838834b,O=C1CC2(CCSC2)C(=O)N1CC3=NN=C4CCCCCN34,1.688,O=C1CC2(CCSC2)C(=O)N1Cc1nnc2n1CCCCC2
XS837614b,CCC(NC(=O)C=1N=NC2=C(F)C=CC=C2C1O)C3CCCC3,4.178,O=C(NCC1CCCC1)c1cc2ccccc2nn1
XS837669b,CC1CCN(CC1)C(=O)N2CCN3CCS(=O)(=O)CC3C2,0.384,O=C(N1CCCCC1)N1CCN2CCS(=O)(=O)CC2C1
XS847394a,CC(C)CCCNC(=O)NC(C)C=1C=CC(=CC1)N2C=CN=C2,0.686,c1ccc(-n2ccnc2)cc1
XS638857b,O=C(CC=1C=CC=C2C=CC=NC12)N3CCCC3CN4C=CC=N4,0.422,O=C(Cc1cccc2cccnc12)N1CCCC1Cn1cccn1
XS847398a,CCNC(=O)NC(=O)C(C)N1CCC=2C=CC(=CC2C1)OCC,7.642,c1ccc2c(c1)CCNC2
XS550327b,COCCN1C=C(C=N1)NC(=O)NC2COC=3C=CC=CC3C2,0.384,O=C(Nc1cn[nH]c1)NC1COc2ccccc2C1
XS847396a,COC=1C=CC(NC(C)C(=O)NC=2C=CC(C)=CC2)=C(C1)OC,0.786,O=C(CNc1ccccc1)Nc1ccccc1
XS691393b,CC1=CC=C(CNC(=O)N2CCCC(C2)C3=NN=CN3C)S1,0.742,O=C(NCc1cccs1)N1CCCC(c2nnc[nH]2)C1
XS847389a,CC(C)CNC(=O)C(C)SC1=NC=CN1CC=2C=CC=CN2,2.448,c1ccc(Cn2ccnc2)nc1
XS847393a,CC1=CN=C(NC(=O)CN2C(=O)C(C)OC=3C=CC=CC32)S1,1.4,O=C(CN1C(=O)COc2ccccc21)Nc1nccs1
XS847387a,CC=1C=C(C=CC1F)S(=O)(=O)N2CCCC2C=3C=CC=NC3,4.508,O=S(=O)(c1ccccc1)N1CCCC1c1cccnc1
XS842107b,CN1C=NN=C1C2CCCN2C3=NC=4C=CC=CC4N5N=NN=C35,3.318,c1ccc2c(c1)nc(N1CCCC1c1nnc[nH]1)c1nnnn12
XS839758b,CS(=O)(=O)CC(NCC=1C=CN=CC1Cl)C=2C=CC=CC2,2.686,c1ccc(CNCc2ccncc2)cc1
XS847399a,CCC(=O)N1N=C(CC1C=2C=CC=CC2O)C=3C=CC=C(C3)OC,1.254,c1ccc(C2=NNC(c3ccccc3)C2)cc1
XS847402a,CC=1C=CC(=CC1)CNC(=O)C(C)N2N=NC(=N2)C=3C=CC=CC3,0.714,O=C(Cn1nnc(-c2ccccc2)n1)NCc1ccccc1
XS847404a,CC(OC=1C=CC(Br)=CC1)C(=O)N2CCC(C)CC2,1.544,O=C(COc1ccccc1)N1CCCCC1
XS837713b,C#CCC(OC(=O)CCC=1C=NC=C(Br)C1)C2CC2,1.504,O=C(CCc1cccnc1)OCC1CC1
XS842195b,CC=1C=CC(=CC1)CC2CCCN(C2)C(=O)CN3C=CC=NC3=O,0.808,O=C(Cn1cccnc1=O)N1CCCC(Cc2ccccc2)C1
XS847405a,O=C(C=1C=NN(C1C(F)(F)F)C=2C=CC=CN2)N3CCC3CO,0.526,O=C(c1cnn(-c2ccccn2)c1)N1CCC1
XS838906b,C1=NNC=2C=C(C=CC12)C3=CN(N=N3)C4C=5C=CC=CC5CC64CC6,4.67,c1ccc2c(c1)CC1(CC1)C2n1cc(-c2ccc3cn[nH]c3c2)nn1
XS847417a,CC=1C=CC(=CC1)CN2CC(CC2=O)C(=O)NCC3=CC=CS3,0.518,O=C(NCc1cccs1)C1CC(=O)N(Cc2ccccc2)C1
XS837382b,COC(=O)C1CCCC2(CN(C2)C=3N=C(N=CC3C#N)C4CC4)O1,0.622,c1cc(N2CC3(CCCCO3)C2)nc(C2CC2)n1
XS847415a,CC(NC(=O)CCCN1C(=O)OC=2C=CC=CC21)C3=CC=CS3,0.978,O=C(CCCn1c(=O)oc2ccccc21)NCc1cccs1
XS837232b,NC(=O)C1CCN(C1)C=2C=CC(=C(F)C2Br)[N+]([O-])=O,2.384,c1ccc(N2CCCC2)cc1
XS847418a,O=C1NC(NC=2C=CC=CC12)C=3C=CC(=CC3)OCC=4C=CC=NC4,2.912,O=C1NC(c2ccc(OCc3cccnc3)cc2)Nc2ccccc21
XS847407a,CC=1C=CC=2OC(=CC2C1)C(=O)N3CCCC3CN4CCCCC4,1.416,O=C(c1cc2ccccc2o1)N1CCCC1CN1CCCCC1
XS847410a,O=C(O)C1CCN(C1)C(=O)C=2C=CC=NC2NC=3C=CC=C(F)C3,0.654,O=C(c1cccnc1Nc1ccccc1)N1CCCC1
XS840608b,COC=1C=C(C)C(=CC1OC)C(C)NC=2N=NC(C)=C(C)C2C#N,0.422,c1ccc(CNc2cccnn2)cc1
XS847421a,O=C(CC=1C=CC=C(F)C1)N2CCCC(C2)C3=NN=C4CCCN34,0.546,O=C(Cc1ccccc1)N1CCCC(c2nnc3n2CCC3)C1
XS838464b,CC(NC=1N=CN=C2C1N=CN2C=3C=CC=CC3)C=4C=CC(O)=NC4,1.404,c1ccc(-n2cnc3c(NCc4cccnc4)ncnc32)cc1
XS847430a,CC1=CC=C(CNC(=O)NC2CCCC3=C2C=NN3CCO)S1,0.698,O=C(NCc1cccs1)NC1CCCc2[nH]ncc21
XS838639b,BrC=1C(=CC=C2NN=CC12)NCC3CC43CCOCC4,0.638,c1cc2[nH]ncc2cc1NCC1CC12CCOCC2
XS847422a,O=C(C=1C=CC(=NC1)N2C=CC=N2)N3CCCCC3CN4C=CC=N4,10.908,O=C(c1ccc(-n2cccn2)nc1)N1CCCCC1Cn1cccn1
XS819229b,CCOC=1C=CC(C#N)=CC1NC(C(=O)NC2CC2)C=3C=CC=CC3,0.73,O=C(NC1CC1)C(Nc1ccccc1)c1ccccc1
XS847428a,CC(C)(C(=O)O)C1CCCN(C1)C(=O)C=2N=CN=C3C=CSC23,8.358,O=C(c1ncnc2ccsc12)N1CCCCC1
XS838165b,CC(CN(C)S(=O)(=O)C=1C=CC=2CCCC2C1)C3=NC=CS3,0.738,O=S(=O)(NCCc1nccs1)c1ccc2c(c1)CCC2
XS578806b,CN1C=CC(=N1)N2CCCC(NC(=O)NCC3=NC=CS3)C2=O,7.758,O=C(NCc1nccs1)NC1CCCN(c2cc[nH]n2)C1=O
XS420061b,O=C(C=1C=CC(=CC1)C2=CN=CO2)N3CCCCC3CN4C=CC=N4,2.404,O=C(c1ccc(-c2cnco2)cc1)N1CCCCC1Cn1cccn1
XS847429a,COC(=O)CC1=CSC(=N1)NC(=O)C2COC=3C=CC=CC3C2,3.476,O=C(Nc1nccs1)C1COc2ccccc2C1
XS175329b,COC=1C=CC=CC1NC(=O)C(C)OC(=O)C2=CN3C=CC=CC3=N2,2.502,O=C(COC(=O)c1cn2ccccc2n1)Nc1ccccc1
XS837528b,C=CCN(CC=C)S(=O)(=O)NCC(C)(C(=O)O)C=1C=CC=CC1,1.112,c1ccccc1
XS839196b,COCCC(NC(=O)N(CC(C)(C)C)C=1C=CC=C(C)N1)C(N)=O,0.408,c1ccncc1
XS847433a,CC=1C=CC=CC1C2=NOC(CN3CCCC(CN4C=NC=N4)C3)=N2,1.268,c1ccc(-c2noc(CN3CCCC(Cn4cncn4)C3)n2)cc1
XS836487b,COC=1N=CC(=CC1Cl)C(=O)N2CCC(O)(CN3C=CN=N3)C2,5.862,O=C(c1cccnc1)N1CCC(Cn2ccnn2)C1
XS847439a,CCC(CO)NC(=O)C=1C=CC(=CC1)S(=O)(=O)N2CCCCC2,0.884,O=S(=O)(c1ccccc1)N1CCCCC1
XS847435a,CC1(C)CN(CC2(CCOC2)O1)C(=O)CC=3C=NC4=CC=CC=C4C3,2.81,O=C(Cc1cnc2ccccc2c1)N1CCOC2(CCOC2)C1
XS839912b,CS(=O)(=NC(=O)C1(CCC1)C(=O)NC2CC2)C=3C=CC(F)=CC3,0.388,O=C(N=[SH](=O)c1ccccc1)C1(C(=O)NC2CC2)CCC1
XS847436a,O=C(NC1CCS(=O)(=O)C1)C=2C=CC(=NC2)OCC(F)(F)F,2.576,O=C(NC1CCS(=O)(=O)C1)c1cccnc1
XS840503b,CC(C(=O)NC=1C=CC=CC1[N+]([O-])=O)N2CCC=3N=CNC(=O)C3C2,1.114,O=C(CN1CCc2nc[nH]c(=O)c2C1)Nc1ccccc1
XS847445a,CC(C(=O)NC=1C=CC(C#N)=CC1)N2CCN(CC2)C3=NC=CS3,2.552,O=C(CN1CCN(c2nccs2)CC1)Nc1ccccc1
XS847455a,CCN(CC=1C=CC(F)=C(F)C1)C(=O)CC2C(=O)NC=3C=CC=CC32,2.624,O=C(CC1C(=O)Nc2ccccc21)NCc1ccccc1
XS840342b,COC(=O)C1(COC=2C=CC=CC2C1)NS(=O)(=O)N3CC(F)C3,1.134,O=S(=O)(NC1COc2ccccc2C1)N1CCC1
XS847443a,CC(NC(=O)C=1C=CC=C(Br)C1Cl)C=2C=NN(C)C2,0.868,O=C(NCc1cn[nH]c1)c1ccccc1
XS847446a,COCC1=CC(=NO1)C2CN(C2)C(=O)C3COC=4C=C(C)C(C)=CC43,2.148,O=C(C1COc2ccccc21)N1CC(c2ccon2)C1
XS847450a,CN(CC=1C=CC=C(Cl)C1)C(=O)C2(C)CC=3C=CC=CC3C(=O)O2,0.852,O=C1OC(C(=O)NCc2ccccc2)Cc2ccccc21
XS847444a,CC(SC=1N=C(N=C2C=CC=CC12)C3CC3)C(=O)N4CCNC4=O,0.67,O=C(CSc1nc(C2CC2)nc2ccccc12)N1CCNC1=O
XS841697b,CN1N=CC(NC(=O)NC2COC=3C=CC(Cl)=CC32)=C1C(F)F,0.384,O=C(Nc1cn[nH]c1)NC1COc2ccccc21
XS838442b,COCC(C)CN(CC=1C=CN(C)C1)C(=O)C2=CC=3N=CC=NC3N2,3.092,O=C(NCc1cc[nH]c1)c1cc2nccnc2[nH]1
XS847451a,CC(OC(=O)C1=CN(C)C=2C=CC=CC12)C(=O)NCC3CCCCC3,3.272,O=C(COC(=O)c1c[nH]c2ccccc12)NCC1CCCCC1
XS847459a,COC=1C=CC=C(C1)CC(=O)NC(C)C=2C=CC(=CC2)S(N)(=O)=O,0.856,O=C(Cc1ccccc1)NCc1ccccc1
XS796244b,CC=1C=CC(=CC1S(C)(=O)=O)C(=O)NCC2CC=3C=CC=CC3O2,0.848,O=C(NCC1Cc2ccccc2O1)c1ccccc1
XS839462b,CN(C)C=1C=CC(=CC1)S(C)(=O)=NCC=2C=C(F)C=C3CCOC23,0.882,O=[SH](=NCc1cccc2c1OCC2)c1ccccc1
XS837284b,O=C1NCCCCC1N2C=C(CNS(=O)(=O)C=3C=CC=CC3)N=N2,3.146,O=C1NCCCCC1n1cc(CNS(=O)(=O)c2ccccc2)nn1
XS847467a,CC1=C(C=NN1C=2C=CC=CN2)C(=O)N3CCC(C3)C=4C=CC=CC4C,1.186,O=C(c1cnn(-c2ccccn2)c1)N1CCC(c2ccccc2)C1
XS847458a,NC1=NC2=NC=3C=CC=CC3N2C(N1)C=4C=CC(OC(F)F)=C(F)C4,0.864,C1=Nc2nc3ccccc3n2C(c2ccccc2)N1
XS838436b,NS(=O)(=O)CCC1CCCCN1C=2N=CC(=CN2)C=3C=CC=CC3,1.092,c1ccc(-c2cnc(N3CCCCC3)nc2)cc1
XS837788c,CC(NC(=O)CC=1C=C(ON1)C=2C=CC=CC2Cl)C3=NNC(N)=N3,1.174,O=C(Cc1cc(-c2ccccc2)on1)NCc1nc[nH]n1
XS847460a,COC=1C=CC(=CC1)C(=O)NC(C(=O)NC2=NC(C)=CS2)C(C)C,2.386,O=C(CNC(=O)c1ccccc1)Nc1nccs1
XS081432b,CC=1C=CC(=CC1)S(=O)(=O)N2CCN(CC2)C(=O)C3CC=CCC3,1.3,O=C(C1CC=CCC1)N1CCN(S(=O)(=O)c2ccccc2)CC1
XS840748b,O=S(=O)(NC1CCCC1)C=2C=CC(=NC2)NN=CC3CC=CCC3,3.392,O=S(=O)(NC1CCCC1)c1ccc(NN=CC2CC=CCC2)nc1
XS842505b,CC=1C=C(C)C=C(C1)N2N=CC(CN3CCC=4C=CC=CC4C(N)C3)=N2,1.268,c1ccc(-n2ncc(CN3CCc4ccccc4CC3)n2)cc1
XS842036b,CS(=O)(=O)N1CCCC(CN2N=NN=C2C=CC=3C=CC=CC3)C1,2.704,C(=Cc1nnnn1CC1CCCNC1)c1ccccc1
XS847479a,CC1=NC2=NC=NN2C(C)=C1CCC(=O)NCCC(C)C=3C=CC=CC3,1.368,O=C(CCc1cnc2ncnn2c1)NCCCc1ccccc1
XS847471a,CC=1OC(=NC1CC(=O)N2CCCC2C=3C=CC=CC3)C4=CC=CS4,0.774,O=C(Cc1coc(-c2cccs2)n1)N1CCCC1c1ccccc1
XS559248b,CC(C)C=1C=CC(=CC1)C2=NOC(CCC(=O)NC3CCC(=O)NC3)=N2,4.932,O=C1CCC(NC(=O)CCc2nc(-c3ccccc3)no2)CN1
XS847476a,O=C1NC(CN2CCCC2C3=CC=CS3)=NC=4SC=5CCCC5C14,4.178,O=c1[nH]c(CN2CCCC2c2cccs2)nc2sc3c(c12)CCC3
XS823784b,O=C(CCC1=NC(=NO1)C=2C=CC=CC2)N3CCCC3C4=CC=CS4,2.73,O=C(CCc1nc(-c2ccccc2)no1)N1CCCC1c1cccs1
XS847473a,COC(=O)CNC(=O)C(C)OC(=O)C=1C=CC(=NC1C)C=2C=CC=CC2,1.78,c1ccc(-c2ccccn2)cc1
XS836996b,O=C(CN1C=CC=NC1=O)NC2CC3(CCOCC3)OC=4C=CC=CC42,2.564,O=C(Cn1cccnc1=O)NC1CC2(CCOCC2)Oc2ccccc21
XS847477a,CC1=C(C=NN1C=2C=CC=CC2)C(C)NC(=O)C=3NN=C4CCCCC34,1.022,O=C(NCc1cnn(-c2ccccc2)c1)c1[nH]nc2c1CCCC2
XS840255b,CC1CN(C(=O)C=2C=NC(=CN2)OCC3CC3)C=4C=NC=CC4NC1=O,0.702,O=C1CCN(C(=O)c2cnc(OCC3CC3)cn2)c2cnccc2N1
XS838273b,CC=1C=CC(Br)=C(C1)CNC(=O)NCC2(CO)CCOC2,4.362,O=C(NCc1ccccc1)NCC1CCOC1
XS847469a,CCCN1N=CC(C(=O)N2CCC(C2)S(=O)(=O)NCC)=C1C3CC3,1.24,O=C(c1cn[nH]c1C1CC1)N1CCCC1
XS847478a,CC(CCNC(=O)CCN1C=NC=2C=CC=CC2C1=O)C=3C=CC=CC3,1.374,O=C(CCn1cnc2ccccc2c1=O)NCCCc1ccccc1
XS836896b,COC(=O)C=1C=CC(=CC1)C(=O)OC(C)CS(=O)(=O)N2CCCC2,5.094,O=C(OCCS(=O)(=O)N1CCCC1)c1ccccc1
XS847474a,CC(C)(C)C=1C=CC(O)=C(C1)NC(=O)C2CCCN(C2)C=3C=NC=CN3,2.334,O=C(Nc1ccccc1)C1CCCN(c2cnccn2)C1
XS839970b,COCC(C)C(=O)N1CCN(CC1)S(=O)(=O)N(C)C2CCCCC2,0.844,O=S(=O)(NC1CCCCC1)N1CCNCC1
XS140771b,COC(=O)CCCNC(=O)C1CC(=O)N(C1)C=2C=CC(=CC2OC)OC,0.562,O=C1CCCN1c1ccccc1
XS847482a,CC(C)C(NC(=O)C=1C=CC(=NC1)N2CCOCC2)C=3C=CC(F)=CC3,0.754,O=C(NCc1ccccc1)c1ccc(N2CCOCC2)nc1
XS840197b,CN(CC1=NN=C2CCOCCN12)C(=O)C3COC=4C=C(F)C=CC4C3,0.884,O=C(NCc1nnc2n1CCOCC2)C1COc2ccccc2C1
MR044862c,O=C(COC(=O)C=1C=CC2=CC=CN=C2C1)NCC3CC=4C=CC=CC4O3,12.984,O=C(COC(=O)c1ccc2cccnc2c1)NCC1Cc2ccccc2O1
XS847483a,CCC=1C=CC(=CC1)C2CNCCN2C(=O)C=3C=CC(=NC3)C(F)(F)F,9.536,O=C(c1cccnc1)N1CCNCC1c1ccccc1
XS847488a,O=C(NCC1CC1)NC2CC(=O)N(C2)C=3C=CC(=CC3)OC=4C=CC=CC4,14.002,O=C(NCC1CC1)NC1CC(=O)N(c2ccc(Oc3ccccc3)cc2)C1
XS421732b,CC=1C=CC(=CC1C(=O)NC2=NC=3CCC(C)CC3S2)S(N)(=O)=O,1.694,O=C(Nc1nc2c(s1)CCCC2)c1ccccc1
XS806805b,O=C(COC=1C=CC=CC1F)N2CCCC2C=3C=CC=4OCCCOC4C3,2.448,O=C(COc1ccccc1)N1CCCC1c1ccc2c(c1)OCCCO2
XS710987b,COC=1C=CC(=CC1)C2CCCN2S(=O)(=O)C=3C=CC(=CC3)NC(C)=O,1.408,O=S(=O)(c1ccccc1)N1CCCC1c1ccccc1
XS847502a,CC=1C=C(NC(=O)C2=CC=3C=CC(C)=CC3N2)N(N1)C4CCS(=O)(=O)C4,2.066,O=C(Nc1ccnn1C1CCS(=O)(=O)C1)c1cc2ccccc2[nH]1
XS837687b,O=C(NCC(CO)C=1C=CC=C(Cl)C1)NC=2C=CC=NC2C3=CC=CO3,0.844,O=C(NCCc1ccccc1)Nc1cccnc1-c1ccco1
XS847490a,COC=1C=CC(=CC1)C(NC(=O)NCC=2C=CC=3OCCOC3C2)C(C)C,1.156,O=C(NCc1ccccc1)NCc1ccc2c(c1)OCCO2
XS842281b,CN(C(=O)CN1CSCC1=O)C(C=2C=CC(Cl)=CC2)C=3N=CC=CN3,3.852,O=C(CN1CSCC1=O)NC(c1ccccc1)c1ncccn1
XS847492a,CS(=O)(=O)N1CCCC1C(=O)NC2=NC=3C=C4OCOC4=CC3S2,1.244,O=C(Nc1nc2cc3c(cc2s1)OCO3)C1CCCN1
XS842229b,COCC=1C=C(NC2CCCC3=CN(N=C32)C4CCCC4)N5N=CN=C5N1,3.506,c1cc(NC2CCCc3cn(C4CCCC4)nc32)n2ncnc2n1
XS840827b,O=C(N(CC1=CC=CO1)C=2C=CC(F)=CC2F)N3CCCC3C=4C=CN=CC4,2.086,O=C(N(Cc1ccco1)c1ccccc1)N1CCCC1c1ccncc1
XS539207b,COC=1C=CC=C(C1)N2N=C(C)C(=C2C)C3COCCN3CC=4C=NN(C)N4,1.268,c1ccc(-n2cc(C3COCCN3Cc3cn[nH]n3)cn2)cc1
XS838513b,CC(C)NC(=O)C(=O)NCC1(O)CCN(C1)C(=O)C=2NC=C3CCCCC23,6.312,O=C(c1[nH]cc2c1CCCC2)N1CCCC1
XS803554b,CCOC(=O)NC(CNC(=O)C=1C=C(F)C=CC1Br)CC(C)C,0.482,c1ccccc1
XS847505a,CC1=NC=2C=C(C=CC2O1)NC(=O)N3CCCC3C=4C=CC=C5OCCOC45,2.782,O=C(Nc1ccc2ocnc2c1)N1CCCC1c1cccc2c1OCCO2
PK019081c,CC(C)C1CCCN(C1)C(=O)C=2SC=CC2S(=O)(=O)N3CCCCC3,1.1,O=C(c1sccc1S(=O)(=O)N1CCCCC1)N1CCCCC1
XS837981b,CC1=NN=NN1C=2C=C(C=CC2F)NC(=O)CC3CSC=4C=CC=CC4O3,1.568,O=C(CC1CSc2ccccc2O1)Nc1cccc(-n2cnnn2)c1
XS839484b,CC(C)S(=O)(=O)NC=1C=CC(=CN1)C(=O)NCC2CCC=3C=CC=CC3C2,0.758,O=C(NCC1CCc2ccccc2C1)c1cccnc1
XS645493b,CC=1C=CC(C)=C(OCC(O)CN2C=NC=3C(=NC=NC32)N4CCCC4)C1C,0.872,c1ccc(OCCCn2cnc3c(N4CCCC4)ncnc32)cc1
XS841906b,CC(C=1C=CC=C(C1)N2CCCS2(=O)=O)N(C)C(=O)C=3N=NN4C=CC=CC34,1.802,O=C(NCc1cccc(N2CCCS2(=O)=O)c1)c1nnn2ccccc12
XS847515a,CCC=1C=CC=C(C1)OCC(O)CN2C(CS(C)(=O)=O)=NC=3C=CC=CC32,1.002,c1ccc(OCCCn2cnc3ccccc32)cc1
XS839041b,COC=1C=CC(=CC1)C=2CC(CN3C=C(N=N3)C=4C=C(F)C=C(C4)C(=O)O)ON2,0.848,c1ccc(C2=NOC(Cn3cc(-c4ccccc4)nn3)C2)cc1
XS838094b,CC(COC1CCCC1)CS(=O)(=O)N2CCN(CC2)C(=O)C=3C=CC=CN3,1.06,O=C(c1ccccn1)N1CCN(S(=O)(=O)CCCOC2CCCC2)CC1
XS841591b,O=C(NC1CCCC=2SC=CC21)N3CCC(CC3)S(=O)(=O)N4CCCC4,0.636,O=C(NC1CCCc2sccc21)N1CCC(S(=O)(=O)N2CCCC2)CC1
XS818641b,CC(NC(=O)COC=1C=CC(=CC1)C(F)(F)F)C=2C=CC(=CC2)N3C=NC=N3,11.684,O=C(COc1ccccc1)NCc1ccc(-n2cncn2)cc1
XS847513a,CC1=CC=CC2=NC(=CN12)C(=O)OC(C)C(=O)NC=3C=CC=C(C3)C(F)(F)F,0.5,O=C(COC(=O)c1cn2ccccc2n1)Nc1ccccc1
XS847518a,NC(=O)NC(CC(=O)N1CCC(CCC=2C=CC=CC2)CC1)C=3C=CC=CC3F,0.984,O=C(CCc1ccccc1)N1CCC(CCc2ccccc2)CC1
XS847512a,CC1=NC(=NN1C=2C=CC(F)=CC2)C(=O)OC(C)C(=O)NCC3CCCCC3,0.886,O=C(COC(=O)c1ncn(-c2ccccc2)n1)NCC1CCCCC1
XS847511a,CC=1C=CC(=CC1)S(=O)(=O)CCC(=O)OC(C)C(=O)NC=2C=CC=CC2C,1.33,O=C(COC(=O)CCS(=O)(=O)c1ccccc1)Nc1ccccc1
XS842417b,COC=1C=NC=C(C1)N2CCN(CC2)C(=O)C(C)N3C=CC=4C=CC=CC4C3=O,14.782,O=C(Cn1ccc2ccccc2c1=O)N1CCN(c2cccnc2)CC1
HL001490b,CC1=CC=2C(=NC=NC2S1)N3CCN(CC3)C(=O)C4CCC=5C=NN(C)C5C4,2.624,O=C(C1CCc2cn[nH]c2C1)N1CCN(c2ncnc3sccc23)CC1
XS847526a,O=C(C1=CC=C(O1)C2=NC=3C=CC=CC3S2)N4CCN(CC4)C(=O)C5CCCO5,1.138,O=C(c1ccc(-c2nc3ccccc3s2)o1)N1CCN(C(=O)C2CCCO2)CC1
XS674619b,CC(NC(=O)CNC(=O)C12CC3CC(CC(C3)C2)C1)C=4C=CC(=CC4)N5C=CN=C5,1.882,O=C(CNC(=O)C12CC3CC(CC(C3)C1)C2)NCc1ccc(-n2ccnc2)cc1
XS838515b,CC(NC=1C=CC(=CC1S(=O)(=O)N2CCOCC2)[N+]([O-])=O)C3=NN=C4CCCN34,0.63,O=S(=O)(c1ccccc1NCc1nnc2n1CCC2)N1CCOCC1
XS836521b,CC=1C=CC2=NC(=CC(=O)N2C1)COC(=O)C(CC=3C=CC(O)=CC3)C(F)(F)F,2.9,O=C(CCc1ccccc1)OCc1cc(=O)n2ccccc2n1
XS080469b,COC=1C=CC(=CC1)N2CCN(CC2)C(C)C(=O)NC=3C=CC(=CC3)C(F)(F)F,0.656,O=C(CN1CCN(c2ccccc2)CC1)Nc1ccccc1
HL000863b,CCC(=O)N1N=C(CC1C=2C=CC=CC2OC)C=3C=CC=C(C3)NS(C)(=O)=O,2.508,c1ccc(C2=NNC(c3ccccc3)C2)cc1
XS847533a,CC1=NN(C(C)=C1CC(=O)NC(C)C=2C=CC=C(F)C2)C=3C=CC(=CN3)C(F)(F)F,0.792,O=C(Cc1cnn(-c2ccccn2)c1)NCc1ccccc1
XS847535a,O=C(C=1C=CC=CC1N2C=CC=N2)N3CCN(CC3)C(=O)C4COC=5C=CC=CC5O4,2.286,O=C(c1ccccc1-n1cccn1)N1CCN(C(=O)C2COc3ccccc3O2)CC1
XS847521a,CCN1C(=O)NC=2C=C(C=CC2C1=O)C(=O)NC(C)C=3C=NN(C3)CC=4C=CC=CC4,1.938,O=C(NCc1cnn(Cc2ccccc2)c1)c1ccc2c(=O)[nH]c(=O)[nH]c2c1
XS847559a,CC=1C=CC(=CC1)CCN(C)C=2C(F)=CC=C3C(=O)N(C(=O)C23)C4CCC(=O)NC4=O,2.816,O=C1CCC(N2C(=O)c3cccc(NCCc4ccccc4)c3C2=O)C(=O)N1
XS847549a,CCOC=1C=CC(=CC1)S(=O)(=O)N2CCN(CC(O)COC=3C=CC(C)=CC3)CC2,5.392,O=S(=O)(c1ccccc1)N1CCN(CCCOc2ccccc2)CC1
XS847543a,CCOC=1C=C2CC(C)OC2=CC1NC(=O)C=3C=CC(Cl)=C(C3)S(=O)(=O)NC,2.91,O=C(Nc1ccc2c(c1)OCC2)c1ccccc1
XS841203b,COC=1C=CC(=CC1)C(CN2CCCC2)NS(=O)(=O)C=3C=CC=4CCCN(C)C4C3,0.84,O=S(=O)(NC(CN1CCCC1)c1ccccc1)c1ccc2c(c1)NCCC2
XS847545a,CC(C)N(C)S(=O)(=O)C=1C=CC=C(C1)C(=O)OC(C)C(=O)NCC2CCCCC2,1.118,O=C(COC(=O)c1ccccc1)NCC1CCCCC1
XS838015b,CC1=NC(C#N)=C(O1)N2CCN(CC2)C(=O)COC(=O)C3CCCN(CC(F)(F)F)C3,3.686,O=C(OCC(=O)N1CCN(c2cnco2)CC1)C1CCCNC1
XS847550a,CC(=O)NC(CC1=CNC=2C=CC=CC12)C(=O)N3CCC(CC3)C4=NC=5C=CC=CC5O4,2.02,O=C(CCc1c[nH]c2ccccc12)N1CCC(c2nc3ccccc3o2)CC1
XS847541a,CC(C(=O)NC1CCCCCC1)N2CCN(CC2)S(=O)(=O)C=3C=CC=C(Cl)C3,0.674,O=C(CN1CCN(S(=O)(=O)c2ccccc2)CC1)NC1CCCCCC1
XS847540a,CC=1C=C(Br)C=CC1NCC(=O)N(C=2C=CC=CC2)C3CCS(=O)(=O)C3,4.798,O=C(CNc1ccccc1)N(c1ccccc1)C1CCS(=O)(=O)C1
XS847552a,CC=1C=CC(=C(C)C1)S(=O)(=O)N2CCN(CC2)C(C)C3=NC=4C=CC=CC4C(=O)N3,2.208,O=c1[nH]c(CN2CCN(S(=O)(=O)c3ccccc3)CC2)nc2ccccc12
XS838111b,FC=1C=NC(=NC1)NC2CCSC2,1.14,c1cnc(NC2CCSC2)nc1
XS393832b,CC(NC(=O)C=1C=CC=CC1F)C=2C=CN=CC2,1.382,O=C(NCc1ccncc1)c1ccccc1
XS847572a,CCCS(=O)(=O)N1CCCC(C1)C(N)=O,1.778,C1CCNCC1
XS836867b,CS1(=O)=NC(=O)C=2C=CC=CC21,0.934,O=C1N=[SH](=O)c2ccccc21
XS840294b,COCC(C)(CO)CNC(=O)C1=NC=CN1,6.244,c1c[nH]cn1
XS661471b,CC(OC=1C=CC=C(F)C1)C(=O)NC2=NN=CN2,2.294,O=C(COc1ccccc1)Nc1nnc[nH]1
XS842367b,CC(=C(F)C1=NC(=NO1)C(C)N2C=CN=C2)C3CC3,1.032,C(=CC1CC1)c1nc(Cn2ccnc2)no1
XS837080b,CC(CO)CNC(=O)NC1=NN=C(N1)C(F)(F)F,2.228,c1nnc[nH]1
XS589104b,CN1N=NC=C1C(=O)NC(C=2C=CC=CC2)C3CCC3,0.442,O=C(NC(c1ccccc1)C1CCC1)c1cnn[nH]1
XS847581a,COC=1C=CC=C(C1)C(=O)N2CCCCC2CCO,1.388,O=C(c1ccccc1)N1CCCCC1
XS847579a,CN(CC(F)(F)F)C(=O)C1CCC=2C=CC=NC21,0.72,c1cnc2c(c1)CCC2
XS837099b,CCC(NC=1N=CC(Cl)=CN1)C2=NC(C)=NN2,1.684,c1cnc(NCc2ncn[nH]2)nc1
XS847578a,N#CC=1C=CN=C(C1)N2CCCC(C2)OC(=O)C3CC3,3.356,O=C(OC1CCCN(c2ccccn2)C1)C1CC1
XS621243b,CC(C(=O)N1CCCC=2C=CC=C(O)C21)N3C=NC=N3,0.39,O=C(Cn1cncn1)N1CCCc2ccccc21
XS847575a,COC=1C=CC=C(C1)C2NC3(CCCC3)C(=O)N2C,5.424,O=C1NC(c2ccccc2)NC12CCCC2
XS847580a,O=C(C=1C=CC=CC1F)N2CCCC2C=3C=CN=CC3,3.38,O=C(c1ccccc1)N1CCCC1c1ccncc1
XS847593a,CCOC(=O)NC(C(=O)NC=1C=CC(C)=CC1)C(C)C,0.932,c1ccccc1
XS847588a,CN1C=NC=C1C(=O)N2CCCC2C=3C=CC=C(F)C3,0.702,O=C(c1cnc[nH]1)N1CCCC1c1ccccc1
XS826466b,CCC(OC=1C=CC=CC1F)C(=O)NC=2C=C(C)ON2,1.192,O=C(COc1ccccc1)Nc1ccon1
XS729371b,CC=1C=CC(C#N)=C(N1)N2CCC(O)(CN3C=CN=N3)C2,0.85,c1ccc(N2CCC(Cn3ccnn3)C2)nc1
XS842289b,[O-][N+](=O)C=1C=CC(=NC1)N2CCCC(C2)C3=CNN=N3,8.132,c1ccc(N2CCCC(c3c[nH]nn3)C2)nc1
XS841735b,COC1=NN(C)C=C1C(=O)NC(C)C2=NN=C(C)S2,0.814,O=C(NCc1nncs1)c1cn[nH]c1
XS837331b,CC(NC(=O)C=1SC=2C=CC=CC2C1Cl)C(=O)O,0.728,c1ccc2sccc2c1
XS838254b,FC=1C=CC=C2SC(=NC12)NC3CCC=4C=CC=NC43,1.56,c1cnc2c(c1)CCC2Nc1nc2ccccc2s1
XS847589a,COC=1C=CC=CC1NC(=O)C(C)OC=2C=CC=C(C)C2,1.382,O=C(COc1ccccc1)Nc1ccccc1
XS708141b,O=C(CC=1C=CC=C(F)C1)N2CCCC(C2)N3C=NC=N3,1.348,O=C(Cc1ccccc1)N1CCCC(n2cncn2)C1
XS546431b,NC(=O)C1(O)CCCN(C1)C=2N=CC=C(N2)C(F)(F)F,1.956,c1cnc(N2CCCCC2)nc1
XS847604a,CCNC(=O)NC(=O)C(C)N(C)CC=1C=CC=CC1Cl,0.87,c1ccccc1
XS839235b,CC(=O)N1CCCN(CC1)C(=O)C2(CC2(F)F)C(F)F,1.482,O=C(C1CC1)N1CCCNCC1
XS648938b,CCOC(=O)C1CCCN(CCCOC=2C=CC=CC2)C1,0.624,c1ccc(OCCCN2CCCCC2)cc1
XS847609a,CC(=O)NC=1C=CC(=CC1)NC(C)C(=O)N2CCCCCC2,3.44,O=C(CNc1ccccc1)N1CCCCCC1
XS575296b,CCN(C(=O)C1=CC(=NO1)C2CC2)C(C)CS(C)(=O)=O,2.33,c1cc(C2CC2)no1
XS406810b,O=C1CCCC(CC2=NC(CC=3C=CC=CC3Cl)=NO2)N1,0.71,O=C1CCCC(Cc2nc(Cc3ccccc3)no2)N1
XS847612a,CN1C(=O)NC=2C=C(C=CC21)C(=O)N3CCOCC3C4CC4,2.02,O=C(c1ccc2[nH]c(=O)[nH]c2c1)N1CCOCC1C1CC1
XS838895b,NC=1N=C(CNC2CCCOC32CCC3)N=C4C=CC=CC14,2.726,c1ccc2nc(CNC3CCCOC34CCC4)ncc2c1
XS840593b,COCC(C)NC(=O)CS(=O)(=O)C=1C=CC=C(C1)OC,0.868,c1ccccc1
XS847619a,CC1=CC=C(C(=O)NC(C)CC=2C=CC(Cl)=CC2)C(=O)N1,5.366,O=C(NCCc1ccccc1)c1ccc[nH]c1=O
XS847608a,C1=CC(=CS1)C2=NOC(CNC3CCC4=NC=NN4C3)=N2,16.278,c1nc2n(n1)CC(NCc1nc(-c3ccsc3)no1)CC2
XS841236b,CC1CCCCN1S(=O)(=O)NCCCN2CCCC2=O,1.178,O=C1CCCN1CCCNS(=O)(=O)N1CCCCC1
XS841686b,CC1(CNCC1(F)F)C2=NC(CC3=CSC=C3F)=NO2,2.81,c1cc(Cc2noc(C3CCNC3)n2)cs1
XS847616a,CC1=CC(CN(C)C(=O)C2CC(=O)N(C2)C3CCCC3)=NO1,3.02,O=C(NCc1ccon1)C1CC(=O)N(C2CCCC2)C1
XS838687b,CCOC=1C=C(F)C=C(C1)C(C)NC2=NC=NN3C=CN=C23,2.976,c1ccc(CNc2ncnn3ccnc23)cc1
XS847621a,CC(NC(=O)C=1C=NC=C(Br)C1)C2=CC=CS2,8.552,O=C(NCc1cccs1)c1cccnc1
XS847623a,CC(C(=O)N1CCC=2C=CC=CC21)N3CCCC=4C=CC=CC43,1.466,O=C(CN1CCCc2ccccc21)N1CCc2ccccc21
XS836937b,NC=1C=CC=C(N1)C(=O)NC=2C=CC(=CN2)C(F)C(F)(F)F,1.166,O=C(Nc1ccccn1)c1ccccn1
XS837394b,COC(=O)C=1C=NC(NC(C)C=2N=CC=C(C)N2)=C(Cl)C1,0.646,c1ccc(NCc2ncccn2)nc1
XS839592b,CC=1C(Br)=CN=CC1C2NC(=O)CN2CC(C)C,2.192,O=C1CNC(c2cccnc2)N1
XS837745b,CC=1C(=CN=C2NC=CC12)NC(=O)C3=CC=C4C(C)NCCN34,10.756,O=C(Nc1cnc2[nH]ccc2c1)c1ccc2n1CCNC2
XS839593b,COC=1C=CC(=NC1C)C2NC(C)(C)C(=O)N2C=3C=CC=CC3,0.716,O=C1CNC(c2ccccn2)N1c1ccccc1
XS847620a,CC(OC=1C=CC=CC1)C(=O)N2CCN(CC2)C=3N=CC=CN3,7.532,O=C(COc1ccccc1)N1CCN(c2ncccn2)CC1
XS184148c,CC=1C=CC2=C(C1)CCCN2C(=O)C3COC=4C=CC=CC4O3,1.0,O=C(C1COc2ccccc2O1)N1CCCc2ccccc21
XS527772b,O=C(O)C1=COC(=C1)C(=O)N2CCCC2CCC=3C=CC=CC3,2.84,O=C(c1ccco1)N1CCCC1CCc1ccccc1
XS711427b,CN1N=CC2=C1CCCC2NC(=O)C=3C=C(Cl)C=CC3F,1.634,O=C(NC1CCCc2[nH]ncc21)c1ccccc1
XS847642a,CCC(=O)NC=1C=CC(=CC1)NC(C)C(=O)NC2=CC(C)=NO2,4.86,O=C(CNc1ccccc1)Nc1ccno1
XS837150b,O=C1NC(NC=2C=CC=CC12)C=3C=CC(=CC3)OC=4C=NC=CN4,3.296,O=C1NC(c2ccc(Oc3cnccn3)cc2)Nc2ccccc21
XS847646a,O=C1CC(CNC=2N=CN=C3N=CNC23)CN1CC=4C=CC=CC4,2.11,O=C1CC(CNc2ncnc3nc[nH]c23)CN1Cc1ccccc1
XS847645a,O=C1C(CCN1C=2C=CC=CC2F)NC=3C=CC4=NC=CN=C4N3,0.766,O=C1C(Nc2ccc3nccnc3n2)CCN1c1ccccc1
XS847654a,O=C(NCC1CCCO1)C=2C=CC=C(C2)S(=O)(=O)NC3CC3,0.52,O=C(NCC1CCCO1)c1cccc(S(=O)(=O)NC2CC2)c1
XS840792b,C#CCNC(=O)C(C)N1CCN(CC1)C=2SC=CC2[N+]([O-])=O,0.78,c1csc(N2CCNCC2)c1
XS815250b,NC(=O)NC(CC(=O)N1CCCCCC1)C=2C=CC=CC2Cl,0.424,O=C(CCc1ccccc1)N1CCCCCC1
XS847653a,CC=1C=CC=C(C1)C2=NOC(CN(C)C3CCS(=O)(=O)C3)=N2,4.7,O=S1(=O)CCC(NCc2nc(-c3ccccc3)no2)C1
XS583781b,O=S(CC=1C=CC=C(Cl)C1)CC=2C=CC=C3OCCOC23,1.186,O=S(Cc1ccccc1)Cc1cccc2c1OCCO2
XS847652a,CCCOC=1C=CC=C(C1)NCC(=O)NC2CCS(=O)(=O)C2,11.432,O=C(CNc1ccccc1)NC1CCS(=O)(=O)C1
XS836938b,CS(=O)(=NC(=O)C=1N=CN=CC1Cl)C=2C=C(F)C=CC2F,0.636,O=C(N=[SH](=O)c1ccccc1)c1ccncn1
XS842235b,CC=1C=C(NC(=O)C(C)NC=2C=CN(CC=3C=CC=CN3)N2)ON1,1.858,O=C(CNc1ccn(Cc2ccccn2)n1)Nc1ccno1
XS847662a,CC1=CC=C(S1)C(=O)NC(CN2CCCC2=O)C=3C=CC=CC3,1.37,O=C(NC(CN1CCCC1=O)c1ccccc1)c1cccs1
XS559154b,COC=1C=CC=C(C1)CCC(=O)N2CCCCC2CN3C=CC=N3,2.854,O=C(CCc1ccccc1)N1CCCCC1Cn1cccn1
XS847660a,COC(=O)C=1C=CC=C(C1)NC(=O)C2CCCN(C2)C(=O)C3CC3,1.56,O=C(Nc1ccccc1)C1CCCN(C(=O)C2CC2)C1
XS837630b,CN(C=1C=NN(C)C1)S(=O)(=O)CC2CCC3(CCCCC3)O2,0.526,O=S(=O)(CC1CCC2(CCCCC2)O1)Nc1cn[nH]c1
DR002394c,CC1=CC=C(CCNC(=O)C=2C=CC=C3NC(=O)C(C)NC23)S1,2.862,O=C1CNc2c(cccc2C(=O)NCCc2cccs2)N1
XS840779b,CC=1C(=CC=CC1C(=O)N(C)CC=2C=NC=CN2)NC(C)C(C)C,0.882,O=C(NCc1cnccn1)c1ccccc1
XS538341b,COCC1(CCCN1C(=O)CC=2C=CC=C(Cl)C2F)C(N)=O,1.004,O=C(Cc1ccccc1)N1CCCC1
XS839336b,FC=1C=C2OCCC2=CC1CNC=3C=CC(=NC3)OC4CCOC4,0.982,c1cc2c(cc1CNc1ccc(OC3CCOC3)nc1)CCO2
XS839129b,O=C(O)C1CC(=O)N(C1)C=2C=CC(=CC2)C=3C=CC=CC3C(F)F,2.156,O=C1CCCN1c1ccc(-c2ccccc2)cc1
XS847670a,CC=1C=CC=C(OC(C)C(=O)NC2=NC(=CS2)CC(N)=O)C1C,0.498,O=C(COc1ccccc1)Nc1nccs1
XS847669a,CCC(CC)C(CNC(=O)NC=1C=CC(=CC1)OC)N2CCCC2,0.836,O=C(NCCN1CCCC1)Nc1ccccc1
XS129691c,CC=1C=CC=C(C1)N2CCN(CC2C)C(=O)C3=CN4C=CC=CC4=N3,0.99,O=C(c1cn2ccccc2n1)N1CCN(c2ccccc2)CC1
XS645660b,CC1=NC2=C(CCCC2CN(C)C(=O)CN3N=CN(C)C3=O)S1,0.814,O=C(Cn1nc[nH]c1=O)NCC1CCCc2scnc21
XS572705b,O=C(O)C1CCCN(C1)C(=O)C2=CC=C(O2)C=3C=CC=CC3Cl,0.83,O=C(c1ccc(-c2ccccc2)o1)N1CCCCC1
XS841388b,O=S(=O)(CCN1C=NN=N1)N2CC3CCCN3C=4C=CC=CC42,1.026,O=S(=O)(CCn1cnnn1)N1CC2CCCN2c2ccccc21
XS847668a,O=C(C=1C=C(C=CN1)C=2C=NC=3NC=CC3C2)N4CCCC4CCO,7.516,O=C(c1cc(-c2cnc3[nH]ccc3c2)ccn1)N1CCCC1
XS847666a,CCC1=NC(=NO1)C2CCCN2C(=O)CCC3=NC(=NO3)C4CC4,0.38,O=C(CCc1nc(C2CC2)no1)N1CCCC1c1ncon1
XS836601b,CC(CC#N)N(C)C(=O)C=1C=NC(OCC(F)(F)F)=C(Cl)C1,3.504,c1ccncc1
XS847682a,CC(C)NC(=O)NC=1C=CC=C(C1)C(=O)N2CCC2C=3C=CC=CC3,0.556,O=C(c1ccccc1)N1CCC1c1ccccc1
XS331504b,COC1CCCCN(CC(=O)NC=2C=NN(CC(C)C)C2C)C1=O,0.698,O=C(CN1CCCCCC1=O)Nc1cn[nH]c1
XS847677a,O=C(NC=1C=CC(=CC1)OC(F)F)N2CCCCC2C=3N=CNN3,0.968,O=C(Nc1ccccc1)N1CCCCC1c1nc[nH]n1
XS847681a,CC(NC(=O)CCCC1=CC=CS1)C=2C=CC(=CC2)N3C=CN=C3,3.006,O=C(CCCc1cccs1)NCc1ccc(-n2ccnc2)cc1
XS840205b,CC1=NOC(C)=C1C(C)C(=O)N(C)CC=2C=C(NN2)C=3C=CC=CC3,0.3,O=C(Cc1cnoc1)NCc1cc(-c2ccccc2)[nH]n1
XS847680a,CC(C)C(NC=1N=CN=C2C1C=NN2C)C=3C=CC=4OCCOC4C3,8.714,c1nc(NCc2ccc3c(c2)OCCO3)c2cn[nH]c2n1
XS847675a,CC(C1=NC(=NO1)C=2C=CC=CC2)N3CCN4C(=NN=C4C3)C5CC5,2.912,c1ccc(-c2noc(CN3CCn4c(nnc4C4CC4)C3)n2)cc1
XS613406b,CCC=1N=NSC1C(=O)NC(C)C=2C=CC(Br)=CC2,2.382,O=C(NCc1ccccc1)c1cnns1
XS837605b,CC1(C)CC(CCO1)NS(=O)(=O)C=2C=NC3=CC=C(F)C=C3C2,1.852,O=S(=O)(NC1CCOCC1)c1cnc2ccccc2c1
XS840791b,CC(C=1C=NN(C)C1)N(C)C(=O)NC=2C=CC(=C(Cl)C2)[N+]([O-])=O,1.094,O=C(NCc1cn[nH]c1)Nc1ccccc1
XS847694a,CC(C1CC1)N(C)C(=O)CC2=CSC(=N2)C=3C=CC=4OCOC4C3,0.764,O=C(Cc1csc(-c2ccc3c(c2)OCO3)n1)NCC1CC1
XS788111b,O=C(NCC1(CC1)C=2C=CC(Cl)=CC2)NC3CCS(=O)(=O)C3,0.708,O=C(NCC1(c2ccccc2)CC1)NC1CCS(=O)(=O)C1
XS847687a,CC(C)C1=CC(=NN1C(C)(C)C)C(=O)N2CCCC2C=3C=NN(C)C3,0.572,O=C(c1cc[nH]n1)N1CCCC1c1cn[nH]c1
XS839582b,C=1C=CC(=CC1)CN2CCOC(CC3=NC(=NO3)C4=COCCO4)C2,2.032,C1=C(c2noc(CC3CN(Cc4ccccc4)CCO3)n2)OCCO1
XS816039b,CCOC=1C=CC=CC1NC(=O)CC(NC(C)=O)C=2C=CC(C)=CC2,1.094,O=C(CCc1ccccc1)Nc1ccccc1
XS847688a,CC(OC(=O)CCC1=CC=C(O1)C=2C=CC=CC2)C(=O)NC(C)(C)C,1.91,c1ccc(-c2ccco2)cc1
XS637624b,COC=1C=CC(OC)=C(C1)C2CCCN2C(=O)C=3C=C(ON3)C4CC4,1.698,O=C(c1cc(C2CC2)on1)N1CCCC1c1ccccc1
XS816495b,CC1=NC(=NO1)C=2C=CC(=CC2)OCC(=O)N(C(C)C3CC3)C4CC4,3.69,O=C(COc1ccc(-c2ncon2)cc1)N(CC1CC1)C1CC1
XS836827b,CC(=O)N1CCC(NC=2C=CC=C(F)C2C#N)C=3C=CC(F)=CC3C1,0.422,c1ccc(NC2CCNCc3ccccc32)cc1
XS847698a,CN1C=C(C=N1)CC2CC(=O)N(CCOC=3C=CC(Cl)=CC3)C2=O,5.708,O=C1CC(Cc2cn[nH]c2)C(=O)N1CCOc1ccccc1
XS839037b,O=C(COCC1=NN=CN1)NC(C=2C=CC=CC2)C3(O)CCCCC3,3.116,O=C(COCc1nnc[nH]1)NC(c1ccccc1)C1CCCCC1
XS847697a,CC=1C=C(N(C)N1)N2CCC(NC(=O)C3=CN=C(S3)C(C)C)C2=O,9.3,O=C(NC1CCN(c2ccn[nH]2)C1=O)c1cncs1
XS847704a,COCC(C)N(C)C(=O)NC=1C=CC=NC1OC=2C=CC(=CC2)OC,0.564,c1ccc(Oc2ccccn2)cc1
XS428515b,COC=1C=C(C=C2OCCOC12)C(=O)N3CCCC3C=4C=CSC4,1.242,O=C(c1ccc2c(c1)OCCO2)N1CCCC1c1ccsc1
XS847699a,CC(NC(=O)NCCC=1C=CC=CC1)C=2C=CC(=CC2)S(C)(=O)=O,1.578,O=C(NCCc1ccccc1)NCc1ccccc1
XS840850b,[O-][N+](=O)C=1C=NC=C(Br)C1NCC2(CCO)CCOC2,0.67,c1cc(NCC2CCOC2)ccn1
XS847695a,O=C1C=2C=CC=CC2NC(C=3C=NN(C3)CC=4C=CC=CC4)N1C5CC5,1.23,O=C1c2ccccc2NC(c2cnn(Cc3ccccc3)c2)N1C1CC1
XS847703a,CC(NC(=O)C=1N=C(N=CC1Cl)N2CCCCC2)C=3C=CN=CC3,1.3,O=C(NCc1ccncc1)c1ccnc(N2CCCCC2)n1
XS847700a,CCC(C)NS(=O)(=O)C=1C=CC(=CC1)C(=O)NC=2C=CC(C)=CN2,1.172,O=C(Nc1ccccn1)c1ccccc1
XS847705a,CCCC(=O)N1CCCCC1C(=O)NCC=2C=CC(=NC2)OC(C)C,0.46,O=C(NCc1cccnc1)C1CCCCN1
XS839755b,CC(C)C1CN(C(=O)C=2C=CC=C(N2)N3C=CN=C3)C=4C=CC=CC4N1,0.426,O=C(c1cccc(-n2ccnc2)n1)N1CCNc2ccccc21
XS837161b,CC(CCS(C)(=O)=O)NC(=O)NCCC=1C=CC=C2C=CC=CC12,0.83,c1ccc2ccccc2c1
XS847710a,CC(OC(=O)C=1C=C(O)N=C2C=CC=CC12)C(=O)N(C)C=3C=CC=CC3,3.622,O=C(COC(=O)c1ccnc2ccccc12)Nc1ccccc1
XS827461b,NC(=O)C1CN(C(=O)C2=CC=C(Br)O2)C=3C=CC=CC3O1,0.808,O=C(c1ccco1)N1CCOc2ccccc21
XS847709a,COCC(C)NC(=O)CCN1C=NC=2SC=3CCCCC3C2C1=O,2.906,O=c1[nH]cnc2sc3c(c12)CCCC3
XS742246b,O=C(NC=1C=CC(=CN1)N2CCOCC2)NC3CCCC=4C=CC=CC43,6.522,O=C(Nc1ccc(N2CCOCC2)cn1)NC1CCCc2ccccc21
XS847716a,CC=1C=C(ON1)C2CCCN2C(=O)CCC3=NC(=NO3)C=4C=CN=CC4,4.132,O=C(CCc1nc(-c2ccncc2)no1)N1CCCC1c1ccno1
XS820454b,CC=1C=CC=2N=CN(CC(=O)NC(C=3C=CC=CC3)C(C)C)C(=O)C2C1,1.538,O=C(Cn1cnc2ccccc2c1=O)NCc1ccccc1
XS619153b,COC1CCCCN(CC(=O)NC2=CN(C)N=C2C=3C=CC=CC3)C1=O,0.484,O=C(CN1CCCCCC1=O)Nc1c[nH]nc1-c1ccccc1
XS847720a,CCC=1C=C(SC1C)C(=O)NC2CCCN(C3=CC(C)=NN3C)C2=O,0.366,O=C(NC1CCCN(c2ccn[nH]2)C1=O)c1cccs1
XS839145c,CC(C)C(O)(C(=O)N(C)CC1=CN=C2C=CC(Cl)=CN12)C(F)(F)F,12.354,c1ccn2ccnc2c1
XS797768b,CC(OC(=O)CN1C=NC=2C=CC=CC2C1=O)C(=O)NCC=3C=CC=CC3,1.196,O=C(COC(=O)Cn1cnc2ccccc2c1=O)NCc1ccccc1
XS839068b,CC1(C)CCC=2C=CC=C(C2O1)S(=O)(=O)N3CCOC3C(F)(F)F,0.496,O=S(=O)(c1cccc2c1OCCC2)N1CCOC1
XS839355b,CCC1=CN=C(CN(CC2CC=3C=CC=CC3O2)C=4C=C(C#N)N=CN4)O1,0.396,c1ccc2c(c1)CC(CN(Cc1ncco1)c1ccncn1)O2
XS847725a,NC(=O)C1CN(C(=O)C=2C=CC=CC2Br)C=3C=CC=CC3O1,0.808,O=C(c1ccccc1)N1CCOc2ccccc21
XS840567b,CC(NC(=O)CN(CC(=O)N(C)C)CC(F)(F)F)C=1C=CC(F)=CC1,0.522,c1ccccc1
XS676696b,CC=1C=CC(=CC1)S(=O)(=O)N2CCCCC2C(=O)NCC3=CC=CO3,3.336,O=C(NCc1ccco1)C1CCCCN1S(=O)(=O)c1ccccc1
XS841687b,COC=1C=CC(=CC1)N2CCCC(NC=3C=CC=C4OCCCOC34)C2=O,4.334,O=C1C(Nc2cccc3c2OCCCO3)CCCN1c1ccccc1
XS396634b,CC(NC(=O)C=1C=CC(Cl)=C(Cl)C1)C=2C=CC(=CC2)S(N)(=O)=O,1.442,O=C(NCc1ccccc1)c1ccccc1
XS691325b,CN(CC1COC=2C=CC=CC2O1)C(=O)CCNC(=O)NC=3C=CC=CC3,1.332,O=C(CCNC(=O)Nc1ccccc1)NCC1COc2ccccc2O1
XS847734a,CCOC(=O)C=1C=CC(=NC1)N2CCCC(C2)C3=NN=C4CCCCCN34,3.464,c1ccc(N2CCCC(c3nnc4n3CCCCC4)C2)nc1
XS842077b,O=S(=O)(NC1CCOC=2C=CC=CC21)C=3C=CC=CC3CN4C=NC=N4,7.988,O=S(=O)(NC1CCOc2ccccc21)c1ccccc1Cn1cncn1
XS836998b,O=C(C=1ON=C2CCCCC12)N3CCCC(C3)C4=NC=5C=CC=CC5S4,4.466,O=C(c1onc2c1CCCC2)N1CCCC(c2nc3ccccc3s2)C1
XS847731a,O=C(C=1NC=2C=CC=CC2C1Cl)N3CCCC(COC=4C=CC=CC4)C3,1.004,O=C(c1cc2ccccc2[nH]1)N1CCCC(COc2ccccc2)C1
XS839181b,CC(NC=1C=C(C(F)F)N(C)N1)C(=O)NC=2C=CC(=CC2)S(N)(=O)=O,1.318,O=C(CNc1cc[nH]n1)Nc1ccccc1
XS836523b,CNC(=O)C=1C=CC=C(C1)NC(=O)C(C)OC(=O)C=2C=CC=C3C=CN=CC23,1.394,O=C(COC(=O)c1cccc2ccncc12)Nc1ccccc1
XS847744a,COC(=O)C=1C=CC(C)=C(C1)NC(=O)C2CCCN(C2)C(=O)C3=CC=CS3,0.66,O=C(Nc1ccccc1)C1CCCN(C(=O)c2cccs2)C1
XS840101b,O=C(C1CC1)N2CCN(CCC32CCOCC3)C(=O)C4CCC=5C=CC=NC54,1.22,O=C(C1CCc2cccnc21)N1CCN(C(=O)C2CC2)C2(CCOCC2)CC1
XS847750a,O=C(CCCNC(=O)C1CC1)N2CCCC2C=3C=CC(Br)=CC3,0.89,O=C(NCCCC(=O)N1CCCC1c1ccccc1)C1CC1
XS847741a,CC1=C(NC(=O)C(C)OC=2C=CC=CC2C#N)C(=O)N(C=3C=CC=CC3)N1C,0.502,O=C(COc1ccccc1)Nc1c[nH]n(-c2ccccc2)c1=O
XS838518b,COCC=1C=CC(=CC1)S(=O)(=O)N(CC2=NC=CO2)CC(C)C3CCC3,0.572,O=S(=O)(c1ccccc1)N(CCC1CCC1)Cc1ncco1
XS847758a,CCN(C(=O)C=1SC=2N=C(N=C(C)C2C1C)C3CC3)C4CCS(=O)(=O)C4,4.052,O=C(NC1CCS(=O)(=O)C1)c1cc2cnc(C3CC3)nc2s1
XS847753a,CC=1C=C(C)N2N=C(N=C2N1)SC(C)C(=O)N3CCN(CC3)C=4C=CC=CC4,7.348,O=C(CSc1nc2ncccn2n1)N1CCN(c2ccccc2)CC1
XS847752a,COC=1C=CC(=CC1)C2=NN=C(O2)C(C)N3CCN(CC3)C=4C=CC(=CC4)OC,8.6,c1ccc(-c2nnc(CN3CCN(c4ccccc4)CC3)o2)cc1
XS847759a,CN(CC1=NC=2C=CC=CC2C(=O)N1)C(=O)C3CCCN3C(=O)C4=CC=CS4,13.402,O=C(NCc1nc2ccccc2c(=O)[nH]1)C1CCCN1C(=O)c1cccs1
XS812743b,CC=1C=C(NC(=O)C=2C=CC=C(Br)C2)N(N1)C3CCS(=O)(=O)C3,0.866,O=C(Nc1ccnn1C1CCS(=O)(=O)C1)c1ccccc1
XS840149b,CN(C(=O)C1CCN(C1)S(=O)(=O)C2=CC=CC3=NN(C)N=C23)C=4C=CC=CC4,0.564,O=C(Nc1ccccc1)C1CCN(S(=O)(=O)c2cccc3n[nH]nc23)C1
XS839685b,COCC(=O)N1N=C(CC1C=2C=NC3=CC=CC=C3N2)C=4C=CC=5OCOC5C4,3.418,c1ccc2nc(C3CC(c4ccc5c(c4)OCO5)=NN3)cnc2c1
XS438619b,CC(C=1C=CC(=CC1)N2C=NC=N2)N(C)C(=O)CC=3C=CC(Cl)=C(Cl)C3,7.946,O=C(Cc1ccccc1)NCc1ccc(-n2cncn2)cc1
XS768144b,COC=1C=CC=C(C1)C2(CCC2)C3=NOC(=N3)C4CC(=O)N(C4)C=5C=NN(C)C5,7.354,O=C1CC(c2nc(C3(c4ccccc4)CCC3)no2)CN1c1cn[nH]c1
XS836957b,O=S(=O)(CC1CCOC1)N2CCC(CC2)C3=NC(=CS3)C=4C=CC=CC4,3.498,O=S(=O)(CC1CCOC1)N1CCC(c2nc(-c3ccccc3)cs2)CC1
XS131319b,COC(=O)C1=CC(=CC(=C1)C(=O)OC)OCC(=O)NC2CCCC=3C=CC=CC32,1.074,O=C(COc1ccccc1)NC1CCCc2ccccc21
XS847767a,O=C(CCC1=CNC=2C=CC=CC12)N3CC(OC=4C=CC=CC43)C(=O)N5CCCCC5,2.096,O=C(C1CN(C(=O)CCc2c[nH]c3ccccc23)c2ccccc2O1)N1CCCCC1
XS847783a,CC1=NN(C(C)=C1CN(C)C(=O)CC2SC=3C=CC=CC3NC2=O)C=4C=CC=CC4,2.114,O=C(CC1Sc2ccccc2NC1=O)NCc1cnn(-c2ccccc2)c1
HL003593c,CC(C1=NN=C(O1)C=2C=CC(Cl)=CC2Cl)N(C)CC3=CN4CCCCC4=N3,0.956,c1ccc(-c2nnc(CNCc3cn4c(n3)CCCC4)o2)cc1
XS805803b,O=C(CCNC(=O)C=1C=CC(Cl)=CC1)N2CCCC2C3=NC=4C=CC=CC4S3,1.508,O=C(NCCC(=O)N1CCCC1c1nc2ccccc2s1)c1ccccc1
XS847782a,CCOC=1C=CC=CC1C=2CC(C=3C=CC4=NC=CN=C4C3)N(N2)C(=O)CCC(=O)O,2.804,c1ccc(C2=NNC(c3ccc4nccnc4c3)C2)cc1
XS847775a,CC(OC(=O)C1=CN(N=C1C2=CC=CS2)C=3C=CC=CC3)C(=O)N4CCOCC4,2.406,O=C(OCC(=O)N1CCOCC1)c1cn(-c2ccccc2)nc1-c1cccs1
XS847770a,CN(C(=O)C=1C=C2C=CC=CN2C1)C3CCCN(CC3)C(=O)C=4C=C5C=CC=CN5C4,4.128,O=C(NC1CCCN(C(=O)c2cc3ccccn3c2)CC1)c1cc2ccccn2c1
XS714539b,COC=1C=CC(=CC1)CC(NC(=O)CC2=CN3C=CSC3=N2)C=4C=CC(=CC4)OC,0.576,O=C(Cc1cn2ccsc2n1)NC(Cc1ccccc1)c1ccccc1
XS702357b,CCN(CC1=NC=2C=CC=CC2C(=O)N1)C(=O)C3CC(=O)N(C3)C=4C=CC(C)=CC4,4.658,O=C(NCc1nc2ccccc2c(=O)[nH]1)C1CC(=O)N(c2ccccc2)C1
XS847778a,COC=1C=CC(=CC1C(=O)NCC2CCCO2)S(=O)(=O)N3CCC=4C=CC=CC43,1.312,O=C(NCC1CCCO1)c1cccc(S(=O)(=O)N2CCc3ccccc32)c1
XS847773a,CC(=O)NCC1CCN2N=CC(C(=O)NCC3=CSC(=N3)C=4C=CC=CC4)=C2C1,0.932,O=C(NCc1csc(-c2ccccc2)n1)c1cnn2c1CCCC2
XS836761b,CC(C=1C=CC(=CC1)N2C=NC=N2)N(C)CC3=NC=4C=5C=CC=CC5OC4C(=O)N3,8.558,O=c1[nH]c(CNCc2ccc(-n3cncn3)cc2)nc2c1oc1ccccc12
XS847780a,CC(NC(=O)C=1C=NN(C)C1CC=2C=CC=CC2)C=3C=CC=C(C3)N4CCNC4=O,1.162,O=C(NCc1cccc(N2CCNC2=O)c1)c1cn[nH]c1Cc1ccccc1
XS162182b,COC=1C=CC(=CC1Cl)NC(=O)C(C=2C=CC=CC2)N3CCN(CC3)C=4N=CC=CN4,1.364,O=C(Nc1ccccc1)C(c1ccccc1)N1CCN(c2ncccn2)CC1
XS847792a,CCN(C(=O)C=1C=C(C2=CC=CO2)N(N1)C=3C=CC(Cl)=CC3)C4CCS(=O)(=O)C4,1.604,O=C(NC1CCS(=O)(=O)C1)c1cc(-c2ccco2)n(-c2ccccc2)n1
AR001605b,O=C1NC(CN2CCCC2C=3C=CC=4OCCCOC4C3)=NC=5SC=C(C6=CC=CO6)C15,19.712,O=c1[nH]c(CN2CCCC2c2ccc3c(c2)OCCCO3)nc2scc(-c3ccco3)c12
XS847798a,CCCN1C(=O)C=2C=CC=CC2NC1C=3C=CC(OCC4=CSC(C)=N4)=C(C3)OC,1.46,O=C1NC(c2ccc(OCc3cscn3)cc2)Nc2ccccc21
XS847799a,O=C(CN1C(=NC=2C=CC=CC21)SC(F)F)N3CCCC(C3)C4=NC=5C=CC=CC5S4,0.898,O=C(Cn1cnc2ccccc21)N1CCCC(c2nc3ccccc3s2)C1
XS836860b,COC=1C=CC(NC(=O)C(C)N2CCN(CC2)C=3C=CN=C(N3)N(C)C)=C(C1)[N+]([O-])=O,1.004,O=C(CN1CCN(c2ccncn2)CC1)Nc1ccccc1
XS847786a,CC(SC1=NN=C(C=2C=CC=NC2)N1C3CC3)C(=O)N4CCN(CC4)C=5C=CC=CC5,12.656,O=C(CSc1nnc(-c2cccnc2)n1C1CC1)N1CCN(c2ccccc2)CC1
XS383087b,O=C(NCC1CCCO1)C=2C=CC=CC2,0.91,O=C(NCC1CCCO1)c1ccccc1
XS847803a,COC=1C=CC=2NC(=NC2C1)SC(C)C(N)=O,0.55,c1ccc2[nH]cnc2c1
XS847808a,CC=1N=NC(=C(C#N)C1C)N2CCCC(CO)C2,0.518,c1cnnc(N2CCCCC2)c1
XS847801a,CN1CCC(NC2=NC(=NO2)C3CC3)C1=O,2.012,O=C1NCCC1Nc1nc(C2CC2)no1
XS410818b,O=C(NC=1C=CC=CC1)C2CC=3C=CC=CC3O2,3.902,O=C(Nc1ccccc1)C1Cc2ccccc2O1
XS842069b,FC(F)C=1C=NC(=NC1)NC2CC32CC3,2.484,c1cnc(NC2CC23CC3)nc1
XS847805a,CC=1C=NC=C(C1)C=2C=CC=3OC(CO)CC3C2,1.174,c1cncc(-c2ccc3c(c2)CCO3)c1
XS847813a,N#CC=1C(F)=CC=CC1N2CCCC2C(N)=O,11.298,c1ccc(N2CCCC2)cc1
XS847802a,O=C1CC(CN1)C2=CNC=3C=CC=CC23,11.748,O=C1CC(c2c[nH]c3ccccc23)CN1
XS847809a,C1=CC=2N=CN=C(NCCC3CCCO3)C2S1,1.424,c1nc(NCCC2CCCO2)c2sccc2n1
XS847811a,CC1=CC(=NO1)C(=O)N2CCCCC2C,1.442,O=C(c1ccon1)N1CCCCC1
XS001598d,O=C(NCCC=1C=CC(F)=CC1)C2CCCO2,1.112,O=C(NCCc1ccccc1)C1CCCO1
XS838702b,CNC(=O)C1CC(F)(F)CS1,0.844,C1CCSC1
XS838250b,CCC1=CSC(=N1)NC(C)C2=NC=CC(=O)N2,0.488,O=c1ccnc(CNc2nccs2)[nH]1
XS460606b,O=C(O)C1=COC(=N1)N2CCC(C2)C=3C=CC=CC3,10.982,c1ccc(C2CCN(c3ncco3)C2)cc1
XS836513b,CC1=NN(C)C=2OCCN(C(=O)C3CC3(F)F)C12,1.574,O=C(C1CC1)N1CCOc2[nH]ncc21
XS838356b,C#CCOC=1C=CC=C(C1)OCCOC2CC2(F)F,0.772,c1ccc(OCCOC2CC2)cc1
XS847820a,N#CC=1C=CC(=NC1)NCC2COC=3C=CC=CC3O2,0.49,c1ccc(NCC2COc3ccccc3O2)nc1
XS437030b,O=C(C=1C=CC(=CC1)N2C=CC=N2)N3CCCC(O)C3,1.386,O=C(c1ccc(-n2cccn2)cc1)N1CCCCC1
XS847819a,O=C(CSC=1C=CC=CN1)NCC2CCCO2,0.576,O=C(CSc1ccccn1)NCC1CCCO1
XS847817a,CCCC(C)NC(=O)C=1C=CC=2NC(=O)CCC2C1,0.384,O=C1CCc2ccccc2N1
XS569900b,CC1CN(CC(=O)N1C)C2=NC(=NO2)C=3C=CC=CC3,1.904,O=C1CN(c2nc(-c3ccccc3)no2)CCN1
XS530563b,O=C(C=1C=CC(F)=CC1)N2CCCC2C=3C=CC=NC3,1.004,O=C(c1ccccc1)N1CCCC1c1cccnc1
XS847821a,O=C(NC1=NC=CS1)C2CC(=O)NC=3C=CC=CC32,5.348,O=C1CC(C(=O)Nc2nccs2)c2ccccc2N1
XS847815a,C1=CC=C(C=C1)NC2CCCN(C2)C=3N=CC=CN3,1.762,c1ccc(NC2CCCN(c3ncccn3)C2)cc1
XS464952b,O=C(NC1CCCC2(CC2)C1)C3=CC=CN4C=NN=C34,0.576,O=C(NC1CCCC2(CC2)C1)c1cccn2cnnc12
XS186794c,O=C(C=1C=CC=CN1)N2CCCC2C=3C=CN=CC3,0.384,O=C(c1ccccn1)N1CCCC1c1ccncc1
XS847827a,CC(NC=1C=CC=2OCOC2C1)C(=O)N3CCCC3,1.614,O=C(CNc1ccc2c(c1)OCO2)N1CCCC1
XS847836a,CC(C)CCCNC(=O)NC(C)C=1C=CC(C#N)=CC1,0.594,c1ccccc1
XS836705b,CC=1N=CSC1C(=O)N2CCC(=O)N3CCCCC23,3.102,O=C1CCN(C(=O)c2cncs2)C2CCCCN12
XS837949b,O=C1C=2N=CSC2N=CN1CCC3CCCC3(F)F,1.904,O=c1c2ncsc2ncn1CCC1CCCC1
XS841537b,ClC=1C=NC(NC2CCN3N=CN=C3C2)=C(Cl)C1,0.986,c1ccc(NC2CCn3ncnc3C2)nc1
XS842486b,CC1CCN(C1)C(=O)NC=2C=C3C(=O)N(C)CCN3N2,2.392,O=C1NCCn2nc(NC(=O)N3CCCC3)cc21
XS841832b,CC=1C=CC(C)=C(C1)CC(=O)NC(C)C2=NN=CS2,0.406,O=C(Cc1ccccc1)NCc1nncs1
XS847837a,COC=1C=CC(=CC1F)C(=O)OC(C)C(=O)NC2CC2,0.864,O=C(COC(=O)c1ccccc1)NC1CC1
XS417021b,CC1=NOC=2N=CN=C(C12)N3CCCC3C=4C=NN(C)C4,0.788,c1nc(N2CCCC2c2cn[nH]c2)c2cnoc2n1
XS465484b,COC=1C=CC=CC1CC(=O)NC(CO)C=2C=CC=CC2,0.884,O=C(Cc1ccccc1)NCc1ccccc1
XS847853a,CC1=CC=C(CNC(=O)C2COC=3C=CC=CC3C2)S1,1.972,O=C(NCc1cccs1)C1COc2ccccc2C1
XS847843a,CC=1C=C2OC=C(CC(=O)OC3CCOC3=O)C2=CC1C,1.538,O=C(Cc1coc2ccccc12)OC1CCOC1=O
XS399691b,CC=1C=CC(=CC1F)NC(C)C2=NN=C(O2)C=3C=CC=CC3,0.388,c1ccc(NCc2nnc(-c3ccccc3)o2)cc1
XS847847a,COC=1C=CC(C)=CC1C(C)NC=2N=CN=C3C2C=NN3C,0.422,c1ccc(CNc2ncnc3[nH]ncc23)cc1
XS847840a,O=C(C1=CC=2C=CC=CC2N1)N3CCCC3CN4C=CC=N4,1.368,O=C(c1cc2ccccc2[nH]1)N1CCCC1Cn1cccn1
XS847855a,COC1=CC(CNC(=O)C2CCCO2)=C(C=C1OC)OC,1.098,O=C(NCc1ccccc1)C1CCCO1
XS840246b,FC(F)COCCC1=NC(=NO1)C2CCCCC2(F)F,9.614,c1nc(C2CCCCC2)no1
XS723432b,O=C(O)CC(NC(=O)C=1C=CC=CC1Cl)C=2C=CC=CC2,0.444,O=C(NCc1ccccc1)c1ccccc1
XS838647c,CC1=CC(=NO1)C(C)N(C)C2=NC=3C=CC(C)=CC3C(=O)N2,1.556,O=c1[nH]c(NCc2ccon2)nc2ccccc12
XS847857a,CC1=CC(=NN1)C2CCCN(C2)C(=O)C3=C(C)OC(C)=C3C,0.48,O=C(c1ccoc1)N1CCCC(c2cc[nH]n2)C1
XS847858a,O=C(NCCC=1C=CC=CC1F)C2=CNN=C2C3CCOC3,0.598,O=C(NCCc1ccccc1)c1c[nH]nc1C1CCOC1
XS847861a,COC=1C=CC(NC(=O)CC(C)C=2C=CC=CC2)=C(C1)OC,0.52,O=C(CCc1ccccc1)Nc1ccccc1
XS841336b,O=C(NC1CCCC21CCOCC2)C(F)(F)C3(O)CCC3,0.754,O=C(CC1CCC1)NC1CCCC12CCOCC2
XS847866a,CC1=NOC(C)=C1CC(=O)OC(C)C(=O)NC=2C=CC=CC2,0.654,O=C(COC(=O)Cc1cnoc1)Nc1ccccc1
XS847865a,CC(NC(=O)CN(C)CC=1C=CC(F)=CC1)C=2C=CC=CC2,1.484,O=C(CNCc1ccccc1)NCc1ccccc1
XS847856a,CC1=NOC(C)=C1CCC(=O)N2CCCC(C2)N3C=CC=N3,0.808,O=C(CCc1cnoc1)N1CCCC(n2cccn2)C1
XS847860a,CC(=O)NC=1C=CC=CC1OC(C)C(=O)NC2CCCCC2,0.792,O=C(COc1ccccc1)NC1CCCCC1
XS836561b,CC(NS(C)(=O)=O)C(=O)N(C)CCOC=1C=CC=CC1,0.386,c1ccccc1
XS842212b,CC1=NSC(NC(=O)C2CCCC3=NN(C)C=C32)=C1C#N,1.208,O=C(Nc1ccns1)C1CCCc2n[nH]cc21
XS547927b,CC1(O)CCN(C1)S(=O)(=O)C=2C=CC=3OCCOC3C2,1.752,O=S(=O)(c1ccc2c(c1)OCCO2)N1CCCC1
XS838063b,N#CC1(CC21CCCC2)C(=O)NCC3=NC(=CS3)C(N)=O,1.404,O=C(NCc1nccs1)C1CC12CCCC2
XS847876a,CC1=CSC(CNC(=O)C2CC(=O)N(C2)C3CCCC3)=N1,1.118,O=C(NCc1nccs1)C1CC(=O)N(C2CCCC2)C1
XS847871a,O=C(C1=CC=2C=CC=CC2O1)N3CCCC(CN4C=CN=N4)C3,1.078,O=C(c1cc2ccccc2o1)N1CCCC(Cn2ccnn2)C1
XS847881a,CC(C)CC=1C=CC(=CC1)C(NC(=O)CN2C=NC=N2)C3CC3,0.866,O=C(Cn1cncn1)NC(c1ccccc1)C1CC1
XS821024b,COC=1C=CC(=CC1F)NC(=O)C(C)NC(=O)CC(C)(C)C,0.52,c1ccccc1
XS847878a,COC=1C=CC(=CN1)NC(C)C(=O)NC=2C(C)=CC(C)=CC2C,6.896,O=C(CNc1cccnc1)Nc1ccccc1
XS840131b,COCC=1N=CC=C(N1)NC(=O)N2CC=3C=CC=CC3CC2C,1.0,O=C(Nc1ccncn1)N1CCc2ccccc2C1
XS837163b,CN(C(=O)C1COCCO1)C2C=3C=CC=CC3C=4C=CC=CC42,3.182,O=C(NC1c2ccccc2-c2ccccc21)C1COCCO1
XS847880a,CC1=CC(=NO1)NC(=O)C2CC(=O)N(C2)C=3C=CC=C(C)C3C,7.132,O=C(Nc1ccon1)C1CC(=O)N(c2ccccc2)C1
XS840677b,CC1CC=2C=CC=CC2N1C(=O)C3=CN=C4SC=CN4C3=O,4.376,O=C(c1cnc2sccn2c1=O)N1CCc2ccccc21
XS847873a,CSCCCNC(=O)N1CCOC(CC=2C=CC=CC2)C1,0.54,c1ccc(CC2CNCCO2)cc1
XS810228b,CC1=CC(=NO1)NC(=O)C(C)S(=O)(=O)C=2C=CC(F)=CC2,1.636,O=C(CS(=O)(=O)c1ccccc1)Nc1ccon1
XS847872a,CC(OC(=O)C1=CSC(=N1)C=2C=CC(Cl)=CC2)C(N)=O,5.736,c1ccc(-c2nccs2)cc1
XS847870a,O=C(NC(C=1C=CC=CC1)C2CC2)N3CCS(=O)(=O)CC3,0.756,O=C(NC(c1ccccc1)C1CC1)N1CCS(=O)(=O)CC1
XS847875a,N#CC=1C=CC=CC1OCC(=O)NC2CCCC=3C=CC=CC32,0.578,O=C(COc1ccccc1)NC1CCCc2ccccc21
XS847884a,CC(NC(=O)CSC=1N=CC=CN1)C=2C=CC=3OCOC3C2,0.558,O=C(CSc1ncccn1)NCc1ccc2c(c1)OCO2
XS847885a,CC(NC(=O)COC(=O)CC=1C=CC(F)=CC1)C=2C=CC=CC2,0.884,O=C(COC(=O)Cc1ccccc1)NCc1ccccc1
XS847882a,CC(C)C1=CSC(=N1)C2CCCN(C2)C(=O)C3=CC=CN3C,0.518,O=C(c1ccc[nH]1)N1CCCC(c2nccs2)C1
XS642044b,CC1=CN=C(S1)C(NC(=O)C=2C=CC(=CC2)C(=O)O)C3CC3,0.98,O=C(NC(c1nccs1)C1CC1)c1ccccc1
XS838963b,CC=1C=C(N2CCC(C)(C#N)C2)N3C=4C=CC=CC4N=C3C1C#N,0.482,c1ccc2c(c1)nc1cccc(N3CCCC3)n12
XS847889a,CCN1CC(CC1=O)C(=O)NCC=2C=CC(=CC2)COC(C)C,0.424,O=C1CC(C(=O)NCc2ccccc2)CN1
XS837892b,CC(C(=O)NCC1=NN=NN1C2CC2)C=3C=CC=C(C3)[N+]([O-])=O,0.71,O=C(Cc1ccccc1)NCc1nnnn1C1CC1
XS847888a,CC(C)C1=NOC(=N1)C(C)NC=2C=CC=C(C2)N3CCOC3=O,1.06,O=C1OCCN1c1cccc(NCc2ncno2)c1
XS565074b,CC(C)C(=O)NC=1C=C(C=CN1)C(=O)N2CCOCC2C3CC3,1.002,O=C(c1ccncc1)N1CCOCC1C1CC1
XS847895a,CN1C(=O)C=2C=3CCCC3SC2N=C1SC4CCOC4=O,1.68,O=C1OCCC1Sc1nc2sc3c(c2c(=O)[nH]1)CCC3
XS542556b,CC=1C=CC(=NC1)C(=O)N2CCCCC2C3=NC=4C=CC=CC4O3,2.052,O=C(c1ccccn1)N1CCCCC1c1nc2ccccc2o1
XS847901a,CC1=CN2CC(CCC2=N1)NC(=O)C3=CN(N=N3)C=4C=CC=CC4,1.546,O=C(NC1CCc2nccn2C1)c1cn(-c2ccccc2)nn1
XS847897a,COCC(C)NC(=O)CC=1SC(C)=NC1C=2C=CC(F)=CC2,0.386,c1ccc(-c2cscn2)cc1
XS838615b,FC(F)(F)C1=NN=NN1C2CCN(C2)C=3N=CC=4CCCC4N3,1.326,c1nc(N2CCC(n3cnnn3)C2)nc2c1CCC2
XS841246b,CC(C(=O)N(C)C)S(=O)(=O)N1CC(COC=2C=CC=CC2)C1,0.868,c1ccc(OCC2CNC2)cc1
XS782166b,COC=1C=CC(=CC1OC)C(C)NC(=O)C2=CN3C=CC=CC3=N2,0.578,O=C(NCc1ccccc1)c1cn2ccccc2n1
XS805716b,O=C(CCC1=CC=CO1)N2CCCC2C3=NC=4C=CC=CC4S3,2.738,O=C(CCc1ccco1)N1CCCC1c1nc2ccccc2s1
XS419557b,COC=1C=C2N=C(C)SC2=CC1NC(=O)N3CCCC(O)C3,1.406,O=C(Nc1ccc2ncsc2c1)N1CCCCC1
XS847900a,CCCC(C(=O)NCCC(=O)NC=1C=CC=CN1)C=2C=CC=CC2,0.634,O=C(Cc1ccccc1)NCCC(=O)Nc1ccccn1
XS659795b,CCOC=1C=CC=CC1NC(C)C(=O)N2CCC=3C=CC=CC3C2,9.49,O=C(CNc1ccccc1)N1CCc2ccccc2C1
XS847896a,CC1=NOC(CC2(O)CCCN(C2)C=3N=C(C)N=C(C)C3F)=N1,1.66,c1cc(N2CCCC(Cc3ncno3)C2)ncn1
XS540579b,CC=1C=CC=C2C(=CNC12)CC(=O)N3CCCCC3C=4N=CON4,0.424,O=C(Cc1c[nH]c2ccccc12)N1CCCCC1c1ncon1
XS841957b,CC(C)C(NC=1C=CC(=CC1)S(=O)(=O)C(F)(F)F)C(N)=O,0.462,c1ccccc1
XS847904a,CCC(NC(=O)C=1C=CC=NC1C)C2=NC(=CS2)C(F)(F)F,0.588,O=C(NCc1nccs1)c1cccnc1
XS837533b,O=C(O)C=1C=NC(NCC(F)C(F)(F)F)=C(Br)C1,1.214,c1ccncc1
XS847902a,CCC1=NOC(=N1)C(C)N2CCN(CC2)C=3C=CC(C#N)=CC3F,2.82,c1ccc(N2CCN(Cc3ncno3)CC2)cc1
XS549824b,CC1=CSC(=N1)C(C)NC(=O)CN2C(=O)C=NC=3C=CC=CC32,1.134,O=C(Cn1c(=O)cnc2ccccc21)NCc1nccs1
XS847905a,CC1=NN(C)C(C)=C1C2COCCN2C(=O)CC=3C=CC=CC3C,0.498,O=C(Cc1ccccc1)N1CCOCC1c1cn[nH]c1
XS847909a,O=S(=O)(NCCC1CCCO1)C=2C=CC=3OCCCOC3C2,3.056,O=S(=O)(NCCC1CCCO1)c1ccc2c(c1)OCCCO2
XS841110b,CC(C)(C(=O)N1CCC(CS(=O)(=O)F)C1)C=2C=CC=C(F)C2,0.732,O=C(Cc1ccccc1)N1CCCC1
XS837520b,COC(=O)C=1C=CN(CC2=CN(CC(C)(F)C(C)(C)F)N=N2)N1,1.866,c1cnn(Cc2c[nH]nn2)c1
XS847907a,CNC(=O)CC1(O)CCCN(C1)S(=O)(=O)C=2C=CC=C(F)C2,1.318,O=S(=O)(c1ccccc1)N1CCCCC1
XS847928a,CC1=NN=C2CCC(CN12)NCC=3C=CC=C(C3)OC=4C=CC=CC4,1.17,c1ccc(Oc2cccc(CNC3CCc4nncn4C3)c2)cc1
XS847926a,CC=1NC2=NC=NN2C(C=3C=CC=CN3)C1C(=O)NC=4C=CC=CN4,1.712,O=C(Nc1ccccn1)C1=CNc2ncnn2C1c1ccccn1
XS641468b,COC=1C=CC(=CC1)C2CCCN2C(=O)CN3N=NC=4C=CC=CC43,2.452,O=C(Cn1nnc2ccccc21)N1CCCC1c1ccccc1
XS836518b,CC(CN(C)C(=O)CC12CC3CC(CC(C3)C2)C1)C4=NC=CS4,0.854,O=C(CC12CC3CC(CC(C3)C1)C2)NCCc1nccs1
XS593730b,CCCN1C=C(C=N1)C(=O)N2CCOCC2C3=NN=C(O3)C(C)C,2.348,O=C(c1cn[nH]c1)N1CCOCC1c1nnco1
XS847916a,CC=1C=CC(=CC1OCC(F)F)NC(=O)NC(C)C=2C=CN=CC2,0.8,O=C(NCc1ccncc1)Nc1ccccc1
XS847922a,COC=1C=CC(C)=CC1C2=CSC(=N2)NC(=O)C(C)NC(C)=O,5.302,c1ccc(-c2cscn2)cc1
XS847915a,CC(NC=1C=CC2=NN=NN2N1)C=3C=CC(=CC3)OC=4C=CC=CC4,5.482,c1ccc(Oc2ccc(CNc3ccc4nnnn4n3)cc2)cc1
XS830643b,CC=1N=C(COC=2C=CC(C)=CC2)SC1C(=O)OC(C)C(N)=O,14.93,c1ccc(OCc2nccs2)cc1
XS836542b,CC(CNC(=O)CC=1C=CC(Cl)=CN1)(C(=O)O)C=2C=CC=CC2,0.558,O=C(Cc1ccccn1)NCCc1ccccc1
XS621326b,CC=1C=CC=C(C1)S(=O)(=O)C(C)C2=NN=NN2C3CCCCC3,0.886,O=S(=O)(Cc1nnnn1C1CCCCC1)c1ccccc1
XS413381b,CC=1C=C(C)N(N1)C2CCCN(C2)C(=O)C=3C=NC4=NNC(C)=C4C3,1.844,O=C(c1cnc2n[nH]cc2c1)N1CCCC(n2cccn2)C1
XS847935a,CCOC(=O)C=1C(C)=C(C)SC1NC(=O)C2CC(=O)N(CC)C2,8.014,O=C1CC(C(=O)Nc2cccs2)CN1
XS847934a,CCN(CC=1C=CC=2OCOC2C1)S(=O)(=O)N3CCCC(C)C3,0.642,O=S(=O)(NCc1ccc2c(c1)OCO2)N1CCCCC1
XS847937a,CCC(C)NC(=O)CS(=O)(=O)CC=1C=CC(=CC1)C(F)(F)F,2.492,c1ccccc1
XS834367b,CC(C=1C=CC=NC1)N(C)CC2=CSC(COC=3C=CC=CC3)=N2,0.41,c1ccc(OCc2nc(CNCc3cccnc3)cs2)cc1
XS840775b,CCC1=CC=C(O1)C(COC)NC(=O)C=2C=CC(=NC2)N3C=CN=C3,1.618,O=C(NCc1ccco1)c1ccc(-n2ccnc2)nc1
XS847933a,O=C(C=1C=NC=CN1)N(CC2CCCO2)C3=NC=4C=CC=CC4S3,4.106,O=C(c1cnccn1)N(CC1CCCO1)c1nc2ccccc2s1
XS684178b,CC=1C=CC2=NC(=CC(=O)N2C1)CN3CCOC(CN4C=CC=N4)C3,1.744,O=c1cc(CN2CCOC(Cn3cccn3)C2)nc2ccccn12
XS518126b,CN(C(=O)C=1C=CN=C(C1)OC2CCOC2)C3CC=4C=CC=CC4C3,0.776,O=C(NC1Cc2ccccc2C1)c1ccnc(OC2CCOC2)c1
XS847936a,CC(OC=1C=CC(Br)=CC1)C(=O)N(C)C2=NC=CS2,4.268,O=C(COc1ccccc1)Nc1nccs1
XS841624b,O=C1CCN(CC2CCCCO2)C(=O)N1CC=3C=CC=4C=CNC4N3,4.496,O=C1CCN(CC2CCCCO2)C(=O)N1Cc1ccc2cc[nH]c2n1
XS747625b,CCOC=1C=CC=CC1C2=NOC(CNC(C)CN3C=C(C)C=N3)=N2,0.54,c1ccc(-c2noc(CNCCn3cccn3)n2)cc1
XS847944a,CCCN1N=C(C=CC1=O)C(=O)N(C)CC2COC=3C=CC=CC3O2,2.614,O=C(NCC1COc2ccccc2O1)c1ccc(=O)[nH]n1
XS847940a,CC1CN(C(=O)COC=2C=CC=CC2Cl)C=3C=CC=CC3NC1=O,1.906,O=C1CCN(C(=O)COc2ccccc2)c2ccccc2N1
XS847945a,COC=1C=C2CCN(C(=O)C3=COC(C)=N3)C(C2=CC1OC)C4CC4,1.648,O=C(c1cocn1)N1CCc2ccccc2C1C1CC1
XS497041b,COCCN1C=CC(=N1)NC(=O)N2CCCC(C2)NC=3C=CC=CC3,4.316,O=C(Nc1cc[nH]n1)N1CCCC(Nc2ccccc2)C1
XS847947a,N#CC=1C=CC=C(C1)C(=O)NCC2CCN(C2)C=3C=CC(F)=C(F)C3,1.066,O=C(NCC1CCN(c2ccccc2)C1)c1ccccc1
XS840217b,COCCCS(=O)(=O)C(C)C(=O)NC12CC3CC(CC(C3)C2)C1,3.624,C1C2CC3CC1CC(C2)C3
XS839203b,CC1(CC2=NC(COC=3C=CC=CC3F)=NO2)CCS(=O)(=O)N1,2.022,O=S1(=O)CCC(Cc2nc(COc3ccccc3)no2)N1
XS847952a,CC(OC(=O)CCC1=NC=2C=CC=CC2S1)C(=O)NC3CCCC3,0.984,O=C(COC(=O)CCc1nc2ccccc2s1)NC1CCCC1
XS847951a,CC=1OC(=CC1S(N)(=O)=O)C(=O)N2CCCC2C=3C=CC=C(C)C3,0.596,O=C(c1ccco1)N1CCCC1c1ccccc1
XS837323b,CC=1C(N)=CC(=CC1C(=O)O)C=2C=C(F)C=CC2OCC3CCCO3,2.156,c1ccc(-c2ccccc2OCC2CCCO2)cc1
XS847960a,CC=1N=CC=C(N1)C(=O)NC2CCCC3=C2C=NN3CC=4C=CC=CC4,2.554,O=C(NC1CCCc2c1cnn2Cc1ccccc1)c1ccncn1
XS847953a,COC=1C=CC=C(C1)N2CCN(CC2)C(C)C(=O)NC3=CC(C)=NO3,6.982,O=C(CN1CCN(c2ccccc2)CC1)Nc1ccno1
XS837313b,CC(C=1C=CC(F)=C(F)C1)N(C)C(=O)CN2C=NC=3CCCC3C2=O,1.02,O=C(Cn1cnc2c(c1=O)CCC2)NCc1ccccc1
XS847954a,COC=1C=CC=C(C1)C2CCCN2CC(=O)NC=3C=C(F)C=C(F)C3,1.158,O=C(CN1CCCC1c1ccccc1)Nc1ccccc1
XS839202b,O=S1(=O)C(CCN1CC=2C=CC=3OCCOC3N2)C=4C=CC=CC4,1.446,O=S1(=O)C(c2ccccc2)CCN1Cc1ccc2c(n1)OCCO2
XS842528b,CC1=NOC(C)=C1C(C)CC(=O)N=C2C=CC=CN2CC=3C=CC=CC3,1.58,O=C(CCc1cnoc1)N=c1ccccn1Cc1ccccc1
MR042486b,COC1=CC(=CC(OC)=C1OC)NC(C)C(=O)NC=2C=CC=C(C#N)C2,0.674,O=C(CNc1ccccc1)Nc1ccccc1
XS837418b,CC1(CC1)C(=O)N2CCC3(C2)CN(CCO3)C(=O)CC=4C=NSC4,1.728,O=C(Cc1cnsc1)N1CCOC2(CCN(C(=O)C3CC3)C2)C1
XS839123b,CC1=CC(=C(C)C(=C1)S(C)(=O)=O)S(=O)(=O)NC2(C#N)CC2(C)C,0.444,O=S(=O)(NC1CC1)c1ccccc1
XS847968a,CC(C(=O)N1CCC(C)CC1)N2CCN(CC=3C=CC(C#N)=CC3)CC2,3.228,O=C(CN1CCN(Cc2ccccc2)CC1)N1CCCCC1
XS847966a,CN(C(=O)CCC1=NC(=NO1)C=2C=CSC2)C3CCC=4C=CC=CC43,3.176,O=C(CCc1nc(-c2ccsc2)no1)NC1CCc2ccccc21
XS847962a,O=C(NC1CC1)C=2C=CC=C(C2)NC(=O)C3CC=4C=CC=CC4C(=O)O3,1.598,O=C(NC1CC1)c1cccc(NC(=O)C2Cc3ccccc3C(=O)O2)c1
XS570635b,CC(=O)N1CCC(C1)C2=NC(=NO2)C=3C=CC(=NC3)N4N=C(C)C=C4C,1.144,c1cnn(-c2ccc(-c3noc(C4CCNC4)n3)cn2)c1
XS840023b,O=C(NC1CCCC=2SC=CC21)C=3C=CC=C(C3)OC=4C=NC=CN4,0.54,O=C(NC1CCCc2sccc21)c1cccc(Oc2cnccn2)c1
XS567867b,CN(C1CCCC2=C1C=NN2C)S(=O)(=O)CC=3C(F)=CC=CC3F,0.578,O=S(=O)(Cc1ccccc1)NC1CCCc2[nH]ncc21
XS842004b,O=C(CC1=NSC=2C=CC=CC12)N3CCC(C3)C4=NC(=NO4)C5CC5,2.124,O=C(Cc1nsc2ccccc12)N1CCC(c2nc(C3CC3)no2)C1
XS847983a,CC(NC(=O)CCC1=NC(=NO1)C2=CC=CS2)C(=O)N3CCOCC3,1.408,O=C(CCc1nc(-c2cccs2)no1)NCC(=O)N1CCOCC1
XS841516b,O=C(CN1N=CN=N1)NC2(CC2)C3CCN(C3)C(=O)C45CCC(CC4)C5,2.228,O=C(Cn1ncnn1)NC1(C2CCN(C(=O)C34CCC(CC3)C4)C2)CC1
XS847974a,CNC(=O)COC=1C=CC=C(C1)CC(=O)N2CCCCC2C=3N=CON3,1.846,O=C(Cc1ccccc1)N1CCCCC1c1ncon1
XS847972a,CNC(=O)C1CN(CC(=O)C2=C(C)NC=3C=CC=CC23)C=4C=CC=CC4O1,0.656,O=C(CN1CCOc2ccccc21)c1c[nH]c2ccccc12
XS838075b,CN(C)C=1C=CC(=CC1)S(C)(=O)=NC(=O)C2=CN=C(NC2=O)C3CC3,3.642,O=C(N=[SH](=O)c1ccccc1)c1cnc(C2CC2)[nH]c1=O
XS821371b,CCOC=1C=CC=CC1N2CC(CC2=O)C(=O)N3CCC=4C=CC=CC4C3,0.696,O=C(C1CC(=O)N(c2ccccc2)C1)N1CCc2ccccc2C1
XS847980a,CC(=O)N1N=C(CC1C=2C=CC=CC2F)C=3C=CC(Br)=CC3,0.998,c1ccc(C2=NNC(c3ccccc3)C2)cc1
XS690438b,CCN1CC(CN(C)C(=O)C=2C=NC3=CC=CC=C3N2)OC=4C=CC=CC41,10.892,O=C(NCC1CNc2ccccc2O1)c1cnc2ccccc2n1
XS840700b,[O-][N+](=O)C1=CNN=C1C(=O)NCC(NCC=2C=CC=CC2)C(F)(F)F,0.788,O=C(NCCNCc1ccccc1)c1cc[nH]n1
XS847982a,CC1=NNC(C(=O)N2CCCC2CCC=3C=CC=CC3)=C1Br,2.964,O=C(c1ccn[nH]1)N1CCCC1CCc1ccccc1
XS782792b,CN1C(C(=O)NC2CC(=O)N(C2)C3CCCCC3)=C(Cl)C=4C=CC=CC41,1.716,O=C(NC1CC(=O)N(C2CCCCC2)C1)c1cc2ccccc2[nH]1
XS838475b,CC1=C(CNC(=O)C2(N)CCS(=O)(=O)C2)SC=3C=CC(Cl)=CC13,2.128,O=C(NCc1cc2ccccc2s1)C1CCS(=O)(=O)C1
XS847996a,CCC(CC)NC(=O)C1CN(CC2=NC(=NO2)C3CC3)C=4C=CC=CC4O1,6.968,c1ccc2c(c1)OCCN2Cc1nc(C2CC2)no1
XS337372c,O=C(NC=1C=CC(F)=CC1)C(C=2C=CC=CC2)N3CCN(C(=O)C3)C4CC4,1.346,O=C(Nc1ccccc1)C(c1ccccc1)N1CCN(C2CC2)C(=O)C1
XS840523b,CC1=CC=C(S1)C(C)N(C)CC2=NN=C3N(C)C(=O)C=4SC=CC4N23,0.66,O=c1[nH]c2nnc(CNCc3cccs3)n2c2ccsc12
XS847990a,CCOC=1C=CC(=CC1)C(=O)NC(C(=O)NCC=2C=CC(F)=CC2)C(C)C,2.018,O=C(CNC(=O)c1ccccc1)NCc1ccccc1
XS576136b,COC=1C=CC=C(C1)N2CCCC(C2)NC(=O)NC=3N=C4C=CC=CN4N3,5.82,O=C(Nc1nc2ccccn2n1)NC1CCCN(c2ccccc2)C1
XS838463b,COC=1C=CC=C(C1)CC(C)NC=2C=NC3=CC(=CC=C3N2)S(N)(=O)=O,0.964,c1ccc(CCNc2cnc3ccccc3n2)cc1
XS847995a,CC(C=1C=CC(=CC1)N2C=NC=N2)N(C)CC(=O)NC=3C=CC=C(Cl)C3,1.468,O=C(CNCc1ccc(-n2cncn2)cc1)Nc1ccccc1
XS839813b,CC1CC=2C=C(C=CC2O1)S(=O)(=O)NCC=3C=CN=C(C3)N4C=CC=N4,3.76,O=S(=O)(NCc1ccnc(-n2cccn2)c1)c1ccc2c(c1)CCO2
XS838398b,CCOC(=O)CC(NC=1N=CC(Br)=CN1)C=2C=CC(F)=CC2,3.76,c1ccc(CNc2ncccn2)cc1
XS847994a,CC(NC(=O)CN1C=NC=2SC=3CCCC3C2C1=O)C=4C=CC(F)=CC4,1.53,O=C(Cn1cnc2sc3c(c2c1=O)CCC3)NCc1ccccc1
XS838649b,CCOC(=O)C(C=1C=NN(C)C1)N(C)C2=CC(=O)N3C=CC=C(OC)C3=N2,3.136,O=c1cc(NCc2cn[nH]c2)nc2ccccn12
XS839067b,O=C(NCC=1C=C(Cl)C=C(Cl)C1O)C2CC3=CNC=C3S2(=O)=O,0.75,O=C(NCc1ccccc1)C1Cc2c[nH]cc2S1(=O)=O
XS848003a,O=C(CCC1=CNC=2C=CC=CC12)N(CC3=CC=CO3)C4CCS(=O)(=O)C4,1.6,O=C(CCc1c[nH]c2ccccc12)N(Cc1ccco1)C1CCS(=O)(=O)C1
XS848002a,CC1CCC=2SC(=CC2C1)C(=O)NC3CCN(CC3)C4=NC=CN(C)C4=O,0.702,O=C(NC1CCN(c2ncc[nH]c2=O)CC1)c1cc2c(s1)CCCC2
XS837407b,CCCS(=O)(=O)N1CCC(CC1)NC(=O)N2CC3(CC=CC3)C2C(C)C,1.502,O=C(NC1CCNCC1)N1CC2(CC=CC2)C1
XS848006a,CC(NC(=O)C=1C=C(N=C2ON=C(C=3C=CC=CC3)C12)C4CC4)C=5C=CC=CN5,1.346,O=C(NCc1ccccn1)c1cc(C2CC2)nc2onc(-c3ccccc3)c12
XS841353b,CC1(C)CC(CO1)NC(=O)C23CCC(CC2)(C3)N4C=C(N=N4)C=5C=NC=NC5,2.232,O=C(NC1CCOC1)C12CCC(n3cc(-c4cncnc4)nn3)(CC1)C2
XS403588b,O=C(NC=1C=CC(=O)N(C1)CC=2C=CC=CC2Cl)C3CCCS3(=O)=O,1.538,O=C(Nc1ccc(=O)n(Cc2ccccc2)c1)C1CCCS1(=O)=O
XS847997a,CN1CCN(CC=2C=CC=CC21)C(=O)C=3CC(C(N)=O)N(N3)C=4C=CC=CC4,3.634,O=C(C1=NN(c2ccccc2)CC1)N1CCNc2ccccc2C1
XS695166b,CC(NC(=O)CCNC(=O)NC=1C=CC=CC1)C=2C=CC(Cl)=CC2Cl,0.712,O=C(CCNC(=O)Nc1ccccc1)NCc1ccccc1
XS847999a,CCN1CC(CN(C)CC(=O)NC=2C=CC=C(C2)SC)OC=3C=CC=CC31,0.424,O=C(CNCC1CNc2ccccc2O1)Nc1ccccc1
XS840037b,O=C(C=1C=CC(=CC1)C2=CN=CO2)N3CCC(CO)(CC=4C=CC(F)=CC4)C3,10.876,O=C(c1ccc(-c2cnco2)cc1)N1CCC(Cc2ccccc2)C1
XS848012a,CC1=NOC(COC2CN(C2)C(=O)NC3CCC=4NC=5C=CC(C)=CC5C4C3)=N1,4.92,O=C(NC1CCc2[nH]c3ccccc3c2C1)N1CC(OCc2ncno2)C1
XS848011a,CC(C1=NC(=NO1)C2=CC=CS2)N3CCN(CC3)C(=O)C=4C=NN5CCCC45,5.202,O=C(c1cnn2c1CCC2)N1CCN(Cc2nc(-c3cccs3)no2)CC1
XS672504b,CCN(C(=O)C=1C=C(CN2C=C(C)C=N2)ON1)C3CCN(C3=O)C=4C=CC=CC4,12.258,O=C(NC1CCN(c2ccccc2)C1=O)c1cc(Cn2cccn2)on1
XS797704b,O=C(NC=1C=CC=C(C1)S(=O)(=O)N2CCCC2)C3CC=4C=CC=CC4S3,1.666,O=C(Nc1cccc(S(=O)(=O)N2CCCC2)c1)C1Cc2ccccc2S1
XS840376b,COC=1C=CC=2C(=COC2C1)CC(=O)OC(C)C(=O)NC=3C=CC(=CC3)C(N)=O,2.04,O=C(COC(=O)Cc1coc2ccccc12)Nc1ccccc1
XS840684b,CC(C=1C=CC(=CC1)S(N)(=O)=O)N(C)C=2N=CC(=C(N2)NC3CC3)[N+]([O-])=O,4.154,c1ccc(CNc2nccc(NC3CC3)n2)cc1
XS848008a,O=C(C=1C=NN(C1C(F)F)C=2C=CN=CC2)N3CCCCCC3C=4N=CON4,0.712,O=C(c1cnn(-c2ccncc2)c1)N1CCCCCC1c1ncon1
XS848027a,COC=1C=CC=CC1CNC(=O)C(NS(=O)(=O)C=2C=CC=C(Cl)C2)C(C)C,0.694,O=C(CNS(=O)(=O)c1ccccc1)NCc1ccccc1
XS624419b,COC=1C=C(C=C(C1)C=2C=CC=C(N2)NC(=O)C3CCN(CC(F)(F)F)C3)OC,2.576,O=C(Nc1cccc(-c2ccccc2)n1)C1CCNC1
XS838190b,CS(=O)(=O)C=1C=CC=NC1C(=O)NC2CCN(C2)C=3C=CC(=CC3)C(F)(F)F,1.126,O=C(NC1CCN(c2ccccc2)C1)c1ccccn1
XS848029a,CSC=1C=CC(=CC1)N2CC(CC2=O)C(=O)NCC=3C=CC(=CC3)CN4C=CN=C4,1.216,O=C(NCc1ccc(Cn2ccnc2)cc1)C1CC(=O)N(c2ccccc2)C1
XS848033a,CC1=CC(=CC(=C1)C(=O)NC23CC(C2)(C3)NC(=O)C4CCC5=NC=NN5C4)C(F)F,0.538,O=C(NC12CC(NC(=O)C3CCc4ncnn4C3)(C1)C2)c1ccccc1
XS848026a,NC(=O)NC(CC(=O)NC=1C=CC=CC1N2CCCCC2)C=3C=CC(Cl)=CC3,1.056,O=C(CCc1ccccc1)Nc1ccccc1N1CCCCC1
XS848021a,COC(=O)CC(NC(=O)C=1C=C(OC)C=2OCCOC2C1)C=3C=CC(=CC3)OC,1.678,O=C(NCc1ccccc1)c1ccc2c(c1)OCCO2
XS840786b,CC(NC=1C=CC=C(C1)NS(C)(=O)=O)C(=O)NC=2C=CC(=CC2Cl)[N+]([O-])=O,1.142,O=C(CNc1ccccc1)Nc1ccccc1
XS848024a,O=C(NC1=CC(=NN1C=2C=CC=CC2)C3CC3)C4CC(=O)N(CCC=5C=CC=CC5)C4,15.106,O=C(Nc1cc(C2CC2)nn1-c1ccccc1)C1CC(=O)N(CCc2ccccc2)C1
XS838930b,CC=1C=CC(=CC1)N2C=C(N=N2)C3CCN(C(=O)C4=CN5CCOCC5=C4)C63CC6,0.546,O=C(c1cc2n(c1)CCOC2)N1CCC(c2cn(-c3ccccc3)nn2)C12CC2
XS839923b,O=C(CN1N=C(C=CC1=O)N2C=NC=N2)N3N=C(CC3C4=CC=CO4)C5=CC=CO5,2.512,O=C(Cn1nc(-n2cncn2)ccc1=O)N1N=C(c2ccco2)CC1c1ccco1
XS848022a,COC=1C=CC(=CC1)C2=CC(=NN2C=3C=CC=CC3)C(=O)N4CCN(C)C(=O)C4C,2.072,O=C1CN(C(=O)c2cc(-c3ccccc3)n(-c3ccccc3)n2)CCN1
XS848039a,CCN1C(=NC=2C=C(C=CC21)S(=O)(=O)N3CCCCC3)SCC4CCCCO4,8.578,O=S(=O)(c1ccc2[nH]c(SCC3CCCCO3)nc2c1)N1CCCCC1
XS848038a,CCCC(NC(=O)CC1=CN(N=C1C=2C=CC(=CC2)OC)C=3C=CC=CC3)C4=NN=NN4,0.81,O=C(Cc1cn(-c2ccccc2)nc1-c1ccccc1)NCc1nnn[nH]1
XS848044a,CC1=CC=CC(C)=C1N2CC(CC2=O)C3=NC=4C=CC=CC4N3CC(=O)N5CCCCCC5,0.692,O=C(Cn1c(C2CC(=O)N(c3ccccc3)C2)nc2ccccc21)N1CCCCCC1
XS837410b,CC(C)C=1C=CC=C(C1)CNC(=O)NC2CCCN(C2)S(=O)(=O)N3CCOCC3,0.752,O=C(NCc1ccccc1)NC1CCCN(S(=O)(=O)N2CCOCC2)C1
F9000603e,CC(CO)N(C)C=1N=CC(Cl)=CN1,5.206,c1cncnc1
XS840199b,O=C(NC=1C=NC=C(Cl)C1)NC2C=CCCC2,0.646,O=C(Nc1cccnc1)NC1C=CCCC1
XS848058a,CC(OC=1C=CC=C(F)C1)C(=O)N2CCCC2,0.422,O=C(COc1ccccc1)N1CCCC1
XS848063a,CC=1C=CC=C(C1)NC(=O)NC(C)C2=CC=CO2,0.824,O=C(NCc1ccco1)Nc1ccccc1
XS848054a,CC=1C=CC(=NC1)NC(=O)CC2C=CCC2,1.55,O=C(CC1C=CCC1)Nc1ccccn1
XS841956b,CCOC1(CCOC1)C(=O)NC2=NN=CS2,0.898,O=C(Nc1nncs1)C1CCOC1
XS785709b,N#CC=1C=CC(=CC1)OCC(=O)NCC2CCCO2,4.58,O=C(COc1ccccc1)NCC1CCCO1
XS840752b,COC=1C=CC=C(C1)OC(C)CNC=2N=CC=CN2,1.236,c1ccc(OCCNc2ncccn2)cc1
XS848073a,CC=1C=CC(=CC1C)CC(=O)NC(C)C=2C=CC=CN2,1.66,O=C(Cc1ccccc1)NCc1ccccn1
XS608570b,CC(C)C=1C=CC(=CC1)C(=O)NC2CCCNC2=O,0.67,O=C(NC1CCCNC1=O)c1ccccc1
XS632222b,CCC=1C=C(NN1)C(=O)N2CCC(C2)C=3C=CC=CC3,2.062,O=C(c1ccn[nH]1)N1CCC(c2ccccc2)C1
XS848075a,CC1CCC(C)(C)N1C(=O)C2=CNC=3N=CN=CC23,0.468,O=C(c1c[nH]c2ncncc12)N1CCCC1
XS685976b,CC(CO)NS(=O)(=O)C=1C=CC=2OCCOC2C1,1.844,c1ccc2c(c1)OCCO2
XS848077a,CC1=CC=C(O1)C(=O)NC2CCOC=3C=CC=CC32,0.442,O=C(NC1CCOc2ccccc21)c1ccco1
XS838421b,CCC(C)C=1C=CC=CC1NCC2=NC(=CN2)COC,1.52,c1ccc(NCc2ncc[nH]2)cc1
XS838556b,CCS(=O)(=NC(=O)C=1C=NN(C)C1)C=2C=CC=CC2,0.502,O=C(N=[SH](=O)c1ccccc1)c1cn[nH]c1
XS848087a,CC(=O)N1CCN(CC1)C(=O)CC(C)C=2C=CC=CC2,1.248,O=C(CCc1ccccc1)N1CCNCC1
XS836818b,CCS(=O)(=O)C=1C=CC=CC1NCC2CCC=CO2,0.488,C1=COC(CNc2ccccc2)CC1
XS848086a,CC=1SC=2N=CN=C(NC(C)C=3C=CC=CN3)C2C1C,1.57,c1ccc(CNc2ncnc3sccc23)nc1
XS185676c,CC1=CC(=NO1)C2CCCN2C=3N=CN=C4C3C=NN4C,2.348,c1nc(N2CCCC2c2ccon2)c2cn[nH]c2n1
XS848085a,NS(=O)(=O)N1CCCC1C2=NC=3C=CC=CC3S2,0.384,c1ccc2sc(C3CCCN3)nc2c1
XS848091a,O=C(NCCC1=CC=CS1)C2CC(=O)N(C2)C3CC3,2.156,O=C(NCCc1cccs1)C1CC(=O)N(C2CC2)C1
XS848090a,COCC(=O)NC(CC(=O)OC)C=1C=CC(Cl)=CC1,0.96,c1ccccc1
XS392529b,CC(NC(=O)C=1C=C(NN1)C2CC2)C3=NN=C4CCCN34,3.07,O=C(NCc1nnc2n1CCC2)c1cc(C2CC2)[nH]n1
XS573658b,CN1C=C(C=N1)NC2CCN(C2=O)C=3C=CC=CC3F,2.172,O=C1C(Nc2cn[nH]c2)CCN1c1ccccc1
XS836887b,CC1=NOC=2N=C(C)C=C(C12)N3CCCC(C3)C4CCC4,0.904,c1cc(N2CCCC(C3CCC3)C2)c2cnoc2n1
XS848100a,COC=1C=CC=C(C(=O)NC(C)CN2C=CC=N2)C1OC,0.422,O=C(NCCn1cccn1)c1ccccc1
XS842167b,CC(C)C1CCCCCN1C(=O)NCC=2C=CC(=O)NN2,0.81,O=C(NCc1ccc(=O)[nH]n1)N1CCCCCC1
XS848093a,CC(NC=1N=CN=C2C=CC=C(F)C12)C=3C=CC=C(C#N)C3,6.342,c1ccc(CNc2ncnc3ccccc23)cc1
XS839388b,CC1=NSC=2N=CN=C(C12)N3CC(C)NC(=O)C43CC4,0.7,O=C1NCCN(c2ncnc3sncc23)C12CC2
XS570397b,CN1C=NN=C1CN2CCCC(C2)C3=NC=4C=CC=CC4O3,0.532,c1ccc2oc(C3CCCN(Cc4nnc[nH]4)C3)nc2c1
XS494099b,CC(CN1N=CC=2C=CC=CC21)C(=O)NC=3C=CC(F)=CC3,1.49,O=C(CCn1ncc2ccccc21)Nc1ccccc1
XS840547b,COC(=O)C=1C=CC(F)=C(C1)NC(=O)C(C)N2C=CC=C2,0.484,O=C(Cn1cccc1)Nc1ccccc1
XS839361b,CN1C(=O)C2(CCOCC2)NC1C=3C=CN(N3)C4CCC4,10.794,O=C1NC(c2ccn(C3CCC3)n2)NC12CCOCC2
XS848102a,CC(C1=NC(=NO1)C2CC2)N(C)CCOC=3C=CC=CC3,2.402,c1ccc(OCCNCc2nc(C3CC3)no2)cc1
XS552773b,CC1=NC(=CN1C)S(=O)(=O)N2CCCC2C3=CC=CO3,0.468,O=S(=O)(c1c[nH]cn1)N1CCCC1c1ccco1
XS848099a,CC(OC=1C=CC=CC1)C(=O)N2CC(=O)NC=3C=CC=CC32,0.498,O=C1CN(C(=O)COc2ccccc2)c2ccccc2N1
XS848105a,NC(=O)C1CCCCN1CC2=NC=C(O2)C=3C=CC(F)=CC3,0.664,c1ccc(-c2cnc(CN3CCCCC3)o2)cc1
XS840027b,O=S1(=O)CCC(CNC=2N=CC=C(N2)C=3C=NC=CN3)C1,2.4,O=S1(=O)CCC(CNc2nccc(-c3cnccn3)n2)C1
XS837942b,CC=1C=NN(C1)CC(C)NS(=O)(=O)CC2=NOC=C2C,0.482,O=S(=O)(Cc1ccon1)NCCn1cccn1
XS842648b,CC(NC(=O)C1=CC(=NN1)C2=CC=CS2)C=3C=CN(C)N3,1.63,O=C(NCc1cc[nH]n1)c1cc(-c2cccs2)n[nH]1
XS593055b,COC=1C=CC=CC1CCNC(=O)C2CC(=O)N(C2)C(C)C,1.52,O=C1CC(C(=O)NCCc2ccccc2)CN1
XS841063b,CC(C)(C)C(=O)NCCC(=O)OC1CCCS(=O)(=O)C1,3.83,O=S1(=O)CCCCC1
XS505076b,CC=1C=CC(=CC1F)C2=NOC(=N2)C(C)NC=3C=NN(C)C3,0.488,c1ccc(-c2noc(CNc3cn[nH]c3)n2)cc1
XS841243b,CC(NC(=O)C=1C=CC(F)=C2C=CSC12)C3=CC=NN3C,1.286,O=C(NCc1ccn[nH]1)c1cccc2ccsc12
XS848129a,CCOC(=O)NC1CCCN(C1)S(=O)(=O)C=2C=CC=CC2,2.014,O=S(=O)(c1ccccc1)N1CCCCC1
XS848124a,CC(C)C=1C=CC(=CC1)CC2CCN(C2)C(=O)C3=CN=C(N)O3,0.74,O=C(c1cnco1)N1CCC(Cc2ccccc2)C1
XS848116a,CN1C=C(C=N1)C2CCCN2C(=O)COC=3C=CC(C#N)=CC3,2.972,O=C(COc1ccccc1)N1CCCC1c1cn[nH]c1
XS848119a,CCCC(C)C=1C=C(NS(=O)(=O)C=2C=CC(C)=CC2)NN1,2.35,O=S(=O)(Nc1ccn[nH]1)c1ccccc1
XS837305b,CC(C)(C)C=1N=CC(=CN1)NS(=O)(=O)CC2CCCOC2,2.588,O=S(=O)(CC1CCCOC1)Nc1cncnc1
XS735979b,CC=1C=CC2=NC(C)=CC(C(=O)NC3CCC(=O)NC3=O)=C2C1,12.032,O=C1CCC(NC(=O)c2ccnc3ccccc23)C(=O)N1
XS848126a,COC=1C=CC=C(C1)S(=O)(=O)C(C)C(=O)N2CCOCC2,1.084,O=C(CS(=O)(=O)c1ccccc1)N1CCOCC1
XS539267b,CC1=NN2CC(CCC2=N1)NCCS(=O)(=O)C=3C=CC=CC3,7.034,O=S(=O)(CCNC1CCc2ncnn2C1)c1ccccc1
XS733134b,CCOC=1N=CC=CC1C(=O)NCC2COC=3C=CC=CC3O2,0.472,O=C(NCC1COc2ccccc2O1)c1cccnc1
XS787800b,CC=1N=NC(NCC(O)COC=2C=CC=C(F)C2)=C(C#N)C1C,5.564,c1ccc(OCCCNc2cccnn2)cc1
XS841766b,O=C(C1=CC=C(S1)C2=NOC(=O)N2)N3CCCCC3C4CC4,1.59,O=C(c1ccc(-c2noc(=O)[nH]2)s1)N1CCCCC1C1CC1
XS837069b,NC(=O)C1COCCN1C=2N=CC=C(N2)OC=3C=CC(F)=CC3,0.442,c1ccc(Oc2ccnc(N3CCOCC3)n2)cc1
XS785841b,CC(C1=NC(=NO1)C(C)(C)C)N2CCN(CC2)S(C)(=O)=O,1.306,c1noc(CN2CCNCC2)n1
XS840312b,CC=1C=CN=C(CN2CC(C)CS2(=O)=O)C1Br,1.298,O=S1(=O)CCCN1Cc1ccccn1
XS400789b,CC1=CC(=NO1)NC(=O)C(OC(=O)CCC2CCCC2)C(C)C,6.39,O=C(COC(=O)CCC1CCCC1)Nc1ccon1
XS811527b,COC=1C=C(C)C=CC1NC(C(=O)N2CCCC2)C=3C=CC=CC3,5.5,O=C(C(Nc1ccccc1)c1ccccc1)N1CCCC1
XS745568b,O=C(NC(CC(F)(F)F)C=1C=CC=CC1)C=2C=NN3CCCC23,0.904,O=C(NCc1ccccc1)c1cnn2c1CCC2
XS824026b,O=C(C=1C=CC(O)=NC1)N2CCCC2C3=NC=4C=CC=CC4S3,1.384,O=C(c1cccnc1)N1CCCC1c1nc2ccccc2s1
XS521027b,CNC(=O)C=1C=CC=C(C1)NC(=O)C2SCCC=3C=CC=CC32,1.25,O=C(Nc1ccccc1)C1SCCc2ccccc21
XS848147a,CC=1C=CC=CC1C(=O)NC=2C=CC(=CC2)NC(=O)C3CCCO3,1.112,O=C(Nc1ccc(NC(=O)C2CCCO2)cc1)c1ccccc1
XS828263b,CC1=NC(=NO1)C2CCCN(C2)C(=O)CCC=3C=CC(C#N)=CC3,1.452,O=C(CCc1ccccc1)N1CCCC(c2ncon2)C1
XS837512b,CC1CN(C(=O)NC=2C=CC=C3C(=O)NCCC23)C=4C=CC=CC41,0.596,O=C1NCCc2c(NC(=O)N3CCc4ccccc43)cccc21
XS838055b,CN1CC(CC1=O)NS(=O)(=O)C=2C=CC(=NC2)C(F)(F)F,1.808,O=C1CC(NS(=O)(=O)c2cccnc2)CN1
XS596621b,CCC1=NOC(CCCC(=O)NC2CCCCC=3C=CC=CC32)=N1,0.654,O=C(CCCc1ncno1)NC1CCCCc2ccccc21
XS837372b,O=S1(=O)CCC(C1)C2=NN=C(N2)C=3C=CC(=CC3)C(F)(F)F,2.664,O=S1(=O)CCC(c2nnc(-c3ccccc3)[nH]2)C1
XS839058b,O=C(NC=1C=CC=2SCC(=O)NC2C1)C3CCN4N=CC=C4C3,9.97,O=C1CSc2ccc(NC(=O)C3CCn4nccc4C3)cc2N1
XS838732b,CC1(C)CC(O)=C2C(C1)=NC3=NON=C3NC2C=4C=CC=C(F)C4,0.804,C1=C2C(=Nc3nonc3NC2c2ccccc2)CCC1
XS848152a,CCN(C)C(=O)NC=1C=CC(=CC1)S(=O)(=O)NC(C)COC,0.828,c1ccccc1
XS594807b,NC(=O)C1CCN(C1)C(=O)CCCC2=NC(=NO2)C=3C=CC=CC3,1.764,O=C(CCCc1nc(-c2ccccc2)no1)N1CCCC1
XS848157a,CC1=NC=2C=C(C=CC2O1)NC(=O)C3CCCN(C3)C(=O)C(C)C,2.23,O=C(Nc1ccc2ocnc2c1)C1CCCNC1
XS814262b,CC1=CSC(=N1)N2CCN(CC2)C(=O)C3CC=4C=CC=CC4O3,3.706,O=C(C1Cc2ccccc2O1)N1CCN(c2nccs2)CC1
XS848154a,COC=1C=CC=C2NC=C(CC(=O)N3CCOCC3(C)C4CC4)C12,2.254,O=C(Cc1c[nH]c2ccccc12)N1CCOCC1C1CC1
XS839851b,CN1N=CC=C1C2CCCN(CC3=NN=C(S3)C(F)(F)F)C2,0.404,c1cc(C2CCCN(Cc3nncs3)C2)[nH]n1
XS126901c,COC=1C=CC(=CC1OC)C2=CSC(=N2)NC(=O)C3CCCO3,3.568,O=C(Nc1nc(-c2ccccc2)cs1)C1CCCO1
XS840440b,CC1=NC(=CN1CC(=O)N2CC(C)SC=3C=CC=CC32)[N+]([O-])=O,1.65,O=C(Cn1ccnc1)N1CCSc2ccccc21
XS793461b,OC(COC=1C=CC(F)=CC1)CN2CCN(CC2)C=3N=CC=CN3,2.198,c1ccc(OCCCN2CCN(c3ncccn3)CC2)cc1
XS837185b,COC=1C=CC=2CC(C=3C=CC=CC3)N(CCN4C=NC=N4)CC2C1,1.006,c1ccc(C2Cc3ccccc3CN2CCn2cncn2)cc1
XS836605b,O=C(C1CCS(=O)(=O)C1)N(CC=2C=CSC2)C=3C=CC=CC3,2.526,O=C(C1CCS(=O)(=O)C1)N(Cc1ccsc1)c1ccccc1
XS332124b,CC=1C=NN(C1)CCC(=O)N2CCCC(C2)C3=NOC(=N3)C(C)C,3.688,O=C(CCn1cccn1)N1CCCC(c2ncon2)C1
XS848161a,CCN1C(=O)C=2C=CC=NC2N=C1SCC(=O)NC(C)C(C)C,0.406,O=c1[nH]cnc2ncccc12
XS836622b,C=1C=CC2=C(C1)OC3(CCCC3)CC2NC=4N=CC=C5N=CC=CC45,0.594,c1ccc2c(c1)OC1(CCCC1)CC2Nc1nccc2ncccc12
XS841809b,CC=1C=CC=CC1CN2C=CC(=N2)NC(=O)C3CCN4N=NC=C4C3,2.308,O=C(Nc1ccn(Cc2ccccc2)n1)C1CCn2nncc2C1
XS848175a,O=C(COC=1C=CC=2CCCC2C1)NC3CCCC=4NC(=O)C=CC43,2.092,O=C(COc1ccc2c(c1)CCC2)NC1CCCc2[nH]c(=O)ccc21
XS662104b,COC=1C=CC(F)=CC1C(C)NC(=O)CCN2C(C)=CSC2=O,0.652,O=C(CCn1ccsc1=O)NCc1ccccc1
XS848176a,O=C(NCC1CCOC1)C=2C=NC(OCC(F)(F)F)=C(Cl)C2,0.794,O=C(NCC1CCOC1)c1cccnc1
XS839775b,CN1C=C(C=N1)C2CCN(C2)C=3N=CC(Cl)=CC3Br,6.724,c1ccc(N2CCC(c3cn[nH]c3)C2)nc1
XS841055b,CC(C)C=1N=C2CCC(CN2N1)NCC3=CC(=NO3)C=4C=CC=CC4,2.292,c1ccc(-c2cc(CNC3CCc4ncnn4C3)on2)cc1
XS848173a,CC1CC(=O)NC=2C=CC(=CC2N1)C(=O)NCCCC=3C=CC=CC3,0.988,O=C1CCNc2cc(C(=O)NCCCc3ccccc3)ccc2N1
XS840970b,N#CC=1C=C2C=CC(F)=CC2=NC1N3CCC(CC3)C4COC(=O)N4,4.136,O=C1NC(C2CCN(c3ccc4ccccc4n3)CC2)CO1
XS848171a,CC1=NC(=NO1)C2CCCCCN2C(=O)CN3N=CC=4C=CC=CC43,1.32,O=C(Cn1ncc2ccccc21)N1CCCCCC1c1ncon1
XS837022b,CC=1C=C2N=CN(C2=CC1C)C(C)C3=NC(=CS3)C=4C=NN(C)C4,1.298,c1ccc2c(c1)ncn2Cc1nc(-c2cn[nH]c2)cs1
XS848174a,CC1=CC(=CC(F)=C1)S(=O)(=O)NCC2=NN=C(N2)C3CCOC3,0.39,O=S(=O)(NCc1nnc(C2CCOC2)[nH]1)c1ccccc1
XS842392b,CC1=NC=C(S1)C(C)NC(=O)CC=2SC=CC2Br,1.172,O=C(Cc1cccs1)NCc1cncs1
XS577040b,COCC1(CCCN1C(=O)COC=2C=CC(Cl)=C(F)C2)C(N)=O,0.864,O=C(COc1ccccc1)N1CCCC1
XS848181a,CC(CO)CCCNC(=O)C=1C=NC=C(C1)C=2C=CC=3OCCC3C2,2.192,c1cncc(-c2ccc3c(c2)CCO3)c1
XS848190a,O=C(NCC1CCCO1)C=2C=C(Br)C=3OCCOC3C2,5.822,O=C(NCC1CCCO1)c1ccc2c(c1)OCCO2
XS848189a,CN1N=CC=2C(=NC=NC21)N3CCCC(C3)C(=O)NC4CCCCC4,1.104,O=C(NC1CCCCC1)C1CCCN(c2ncnc3[nH]ncc23)C1
XS836801b,CC(C(=O)N1CC2(CCCC2)C=3C=CC=C(Cl)C31)S(C)(=O)=O,0.524,c1ccc2c(c1)NCC21CCCC1
XS840307b,CC1(CCN(CCO1)S(=O)(=O)CCC=2C=NOC2)C(F)(F)F,0.426,O=S(=O)(CCc1cnoc1)N1CCCOCC1
XS443609b,O=C(CC1C(=O)NC=2C=CC=CC21)N3CCN(CC3)C4=NC=CS4,5.866,O=C1Nc2ccccc2C1CC(=O)N1CCN(c2nccs2)CC1
XS841024b,CC1(COC=2C=CC=CC2O1)C(=O)NCC3=NC=4CCOCC4S3,0.564,O=C(NCc1nc2c(s1)COCC2)C1COc2ccccc2O1
XS838984b,COC(=O)C=1C=NC=C(N1)NC2CCC=3C(=CC(F)=CC32)C(=O)OC,14.732,c1ccc2c(c1)CCC2Nc1cnccn1
XS840759b,CCC(=O)N1CCCC(C1)C(=O)OCCC2=CNN=C2C(F)(F)F,8.204,O=C(OCCc1cn[nH]c1)C1CCCNC1
XS840751b,CC(C(=O)NC=1C=CC=CC1CN2CCC=3C=CC=CC32)N4C=NC=N4,4.09,O=C(Cn1cncn1)Nc1ccccc1CN1CCc2ccccc21
XS848192a,CCN(CC)C=1C=CC(=CN1)C(=O)N2CCCC(C2)C3=NC=CS3,2.016,O=C(c1cccnc1)N1CCCC(c2nccs2)C1
XS840168b,CC1=NNC(C)=C1C2COCCN2C(=O)C3=CC=4COCCC4S3,0.498,O=C(c1cc2c(s1)CCOC2)N1CCOCC1c1cn[nH]c1
XS615580b,CC=1C=CC(=CC1)CC(=O)NC(C)C=2C=CC=CC2NS(C)(=O)=O,0.674,O=C(Cc1ccccc1)NCc1ccccc1
XS848193a,CC1=CC(C)=NN1C2CCCN(C2)C(=O)CC=3C=CC=C4C=CC=NC34,0.906,O=C(Cc1cccc2cccnc12)N1CCCC(n2cccn2)C1
XS848202a,CN(C)C=1C=NC(=CN1)C(=O)N2CCCCC2C3=CC=4C=CC=CC4N3,3.114,O=C(c1cnccn1)N1CCCCC1c1cc2ccccc2[nH]1
XS839640b,N#CC1=C2NC=3C=CC=CC3N2C(=O)NC1(C=4C=CC=CC4)C(F)(F)F,0.748,O=C1NC(c2ccccc2)C=C2Nc3ccccc3N12
XS848204a,O=C(NC=1C=CC(=CC1)C2=NN=C3CCCCCCN23)C4CC=CCC4,0.31,O=C(Nc1ccc(-c2nnc3n2CCCCCC3)cc1)C1CC=CCC1
XS848203a,CC1OC=2C=CC=CC2N(CCC(=O)OCC=3C=CC(C#N)=CC3)C1=O,22.332,O=C(CCN1C(=O)COc2ccccc21)OCc1ccccc1
XS577825b,CCC=1C=C(NN1)C(=O)N2CCCC(C2)C3=NC(=CN3C)C(F)(F)F,0.446,O=C(c1ccn[nH]1)N1CCCC(c2ncc[nH]2)C1
XS389242b,O=C(NC(CC=1C=CC=CC1)C(=O)NC=2C=CC=NC2)C3=CC=CS3,2.784,O=C(NC(Cc1ccccc1)C(=O)Nc1cccnc1)c1cccs1
XS839839b,CC1=NN(C)C(C)=C1C(NC(=O)C=2C=NN3N=CC=CC23)C(F)(F)F,2.63,O=C(NCc1cn[nH]c1)c1cnn2ncccc12
XS841958b,CC1=NC(=C(CN2C(=O)CC3(CCSC3)C2=O)S1)C(F)(F)F,6.42,O=C1CC2(CCSC2)C(=O)N1Cc1cncs1
XS129043c,CC(=O)NC(CC(=O)NC1=NC=2C=CC(C)=CC2S1)C=3C=CC=CC3,1.012,O=C(CCc1ccccc1)Nc1nc2ccccc2s1
XS836637b,N#CC=1N=CC=C(N1)N2CCC3(CC2)OCCC3NC(=O)C=4C=CON4,16.78,O=C(NC1CCOC12CCN(c1ccncn1)CC2)c1ccon1
XS796424b,O=C(NC1CCCN(C1)C=2N=CC=CN2)C3(CC3)C=4C=CC(Cl)=CC4,0.39,O=C(NC1CCCN(c2ncccn2)C1)C1(c2ccccc2)CC1
XS848205a,CC(C)CCC(C)NC(=O)CS(=O)(=O)CC=1C=CC(=CC1)C(C)C,11.034,c1ccccc1
XS848215a,CC(NC(=O)C=1C=CC=CC1)C(=O)NCC=2C=CC=CC2CN3C=CC=N3,1.724,O=C(CNC(=O)c1ccccc1)NCc1ccccc1Cn1cccn1
XS848218a,COC=1C=CC=CC1C(C)NC(=O)C=2C=CC(=CC2)S(=O)(=O)N(C)C,0.846,O=C(NCc1ccccc1)c1ccccc1
XS070395b,CN1C=CN=C1C(NC(=O)NC=2C=CC=C(Cl)C2)C=3C=CC=C(F)C3,5.548,O=C(Nc1ccccc1)NC(c1ccccc1)c1ncc[nH]1
XS848211a,CC=1OC(=NC1CC(=O)N2C=3C=CC=CC3N(C)CCC2C)C4=CC=CO4,1.05,O=C(Cc1coc(-c2ccco2)n1)N1CCCNc2ccccc21
XS848212a,O=C(C=1C=CC=CC1Cl)N2CCCC2C=3C=CC=4OCCCOC4C3,5.45,O=C(c1ccccc1)N1CCCC1c1ccc2c(c1)OCCCO2
XS848225a,O=C(NC=1C=CC=CC1OC=2C=CC=CC2)C3CC(=O)N(C3)C4CCCC4,4.616,O=C(Nc1ccccc1Oc1ccccc1)C1CC(=O)N(C2CCCC2)C1
XS848219a,CN(CC1COC=2C=CC=CC2O1)C(=O)CN3C=NC=4C=CC=CC4C3=O,6.644,O=C(Cn1cnc2ccccc2c1=O)NCC1COc2ccccc2O1
XS837003b,O=C(NC=1C=CC=C(C1)CC(F)(F)F)NC=2C=CC(=NN2)C3CCOC3,1.34,O=C(Nc1ccccc1)Nc1ccc(C2CCOC2)nn1
XS848223a,CC(C)CCC(C)NC(=O)CS(=O)(=O)CC=1C=CC(F)=CC1Cl,6.328,c1ccccc1
XS848221a,COC=1C=CC(=CC1)C2CCCN2C(=O)C=3C=NC=C(Br)C3,4.64,O=C(c1cccnc1)N1CCCC1c1ccccc1
XS737273b,COC=1C=CC=C(C1)NC(=O)NCC=2C=CC=C(C2)NC(=O)C3CCCO3,0.7,O=C(NCc1cccc(NC(=O)C2CCCO2)c1)Nc1ccccc1
XS848239a,CC=1C=CC(=CC1)NC(=O)NCC(O)COC=2C=CC=C(C2)C(F)(F)F,1.36,O=C(NCCCOc1ccccc1)Nc1ccccc1
XS836958b,CC=1C=C(C=CC1F)N2C=C(COC(=O)C3CCC=4N=NN(C)C4C3)N=N2,2.564,O=C(OCc1cn(-c2ccccc2)nn1)C1CCc2nn[nH]c2C1
XS841620b,CN1C(CO)=NN=C1C2CCCN(C2)C=3N=CC(=CN3)OC=4C=CC=CC4,4.544,c1ccc(Oc2cnc(N3CCCC(c4nnc[nH]4)C3)nc2)cc1
XS848241a,CC1=CC(=NO1)NC(=O)C(C)NC=2C=CC(=CC2)CCN3CCSCC3,2.06,O=C(CNc1ccc(CCN2CCSCC2)cc1)Nc1ccon1
XS848231a,CC=1C=C(Cl)C=CC1OCC(=O)OCC(=O)N2C=3C=CC=CC3CC2C,1.064,O=C(COc1ccccc1)OCC(=O)N1CCc2ccccc21
XS838478b,CC1=NN(C)C=2CCC(CC12)NC(=O)NC=3C=CC=4C5=CC=CC=C5CC4C3,3.136,O=C(Nc1ccc2c(c1)Cc1ccccc1-2)NC1CCc2[nH]ncc2C1
XS841952b,CC1CN(CCN1C(=O)COC(F)F)C(=O)C=2C(F)=CC=C3OC=CC23,0.462,O=C(c1cccc2occc12)N1CCNCC1
XS848235a,CN1C=CSC1=NC(=O)C2CC(=O)N(C2)C=3C=CC=C(C3)C(F)(F)F,1.198,O=C(N=c1[nH]ccs1)C1CC(=O)N(c2ccccc2)C1
MR045205b,CC(NC(=O)C1CCC1)C(=O)NCC=2C=CN=C(C2)OC=3C=CC=CC3F,0.692,O=C(CNC(=O)C1CCC1)NCc1ccnc(Oc2ccccc2)c1
XS842258b,O=S(=O)(C=1C=CC=2CCCC2C1)N3CCCC(C3)C4=NN=C5C=CC=CN45,1.214,O=S(=O)(c1ccc2c(c1)CCC2)N1CCCC(c2nnc3ccccn23)C1
XS838481b,COC=1C=CC=CC1C2=NN=C(CC(=O)N3CC=4C=CC(F)=CC4CC3C)O2,1.73,O=C(Cc1nnc(-c2ccccc2)o1)N1CCc2ccccc2C1
XS848253a,CC1=NC2=C(C#N)C=NN2C(C)=C1CCC(=O)NC(C)C3=CC=4C=CC=CC4O3,1.9,O=C(CCc1cnc2ccnn2c1)NCc1cc2ccccc2o1
XS839014b,CC(C)N1N=NN=C1C=2C=CC=C(C2)NC(=O)NCC3CN(C(=O)O3)C4CC4,1.288,O=C(NCC1CN(C2CC2)C(=O)O1)Nc1cccc(-c2nnn[nH]2)c1
XS782835b,CC1=C(C=NN1C=2C=C(C)C=CC2C)NC(=O)N3CCNC(=O)C3CC(C)C,0.46,O=C1CN(C(=O)Nc2cnn(-c3ccccc3)c2)CCN1
XS837218b,COCC(NC(=O)NC1(CCCC1)C=2C=CC=3OCCOC3C2)C4=CC=CO4,0.388,O=C(NCc1ccco1)NC1(c2ccc3c(c2)OCCO3)CCCC1
XS839139b,COC(=O)C(NC(=O)CN1N=NC=2C=CC=CC21)C=3C=CC(OC)=C(Cl)C3,0.87,O=C(Cn1nnc2ccccc21)NCc1ccccc1
XS848258a,O=C(CN1CC(CCN2CCCC2=O)C=3C=CC=CC31)NC=4C=CC=C(Cl)C4,0.392,O=C(CN1CC(CCN2CCCC2=O)c2ccccc21)Nc1ccccc1
XS836826b,CC(COC=1C=CC=C(F)C1)NC(=O)C=2C=CC(=C(C2)[N+]([O-])=O)S(N)(=O)=O,0.748,O=C(NCCOc1ccccc1)c1ccccc1
XS841414b,O=C(CN1N=CC=2C=CC=CC21)N(CC(F)(F)F)C3CCCC=4C=CC=NC43,0.48,O=C(Cn1ncc2ccccc21)NC1CCCc2cccnc21
XS602204b,COC=1C=CC(=CC1)CN(CC=2C=CC(=CC2)SC)C3CCS(=O)(=O)C3,0.868,O=S1(=O)CCC(N(Cc2ccccc2)Cc2ccccc2)C1
XS848259a,O=C(C=1C=NN(C1)C=2C=CC(F)=CC2F)N3CCCC(C3)N4CCCCCC4,1.766,O=C(c1cnn(-c2ccccc2)c1)N1CCCC(N2CCCCCC2)C1
XS838101c,COC(=O)C=1C=C(C)C=2C=C(NC2C1)C(=O)NC3CCN(C3)C4=CC(C)=NN4C,8.982,O=C(NC1CCN(c2ccn[nH]2)C1)c1cc2ccccc2[nH]1
XS848262a,COC1=CC=CC2=C(C=NN12)C(=O)N3CCC4(CC4NC(=O)C5=CCCC5)CC3,1.394,O=C(NC1CC12CCN(C(=O)c1cnn3ccccc13)CC2)C1=CCCC1
XS848276a,CCC=1C=CC=CC1N2CC(CC2=O)C(=O)N3CCN(CC3)C=4C=CC=C(C4)OC,3.096,O=C(C1CC(=O)N(c2ccccc2)C1)N1CCN(c2ccccc2)CC1
XS555434b,CC1=NC=2CCCC(C2S1)N(C)S(=O)(=O)C=3C=C(C)C=CC3Br,4.344,O=S(=O)(NC1CCCc2ncsc21)c1ccccc1
XS437067b,CCN(CC1=NC=2C=C(Cl)C=CC2C(=O)N1)CC(O)COC=3C=CC(F)=CC3,4.176,O=c1[nH]c(CNCCCOc2ccccc2)nc2ccccc12
XS848282a,O=C(NCC=1C=CC(=CC1)CN2C=CN=C2)C3CC(=O)N(C3)C=4C=CC=5CCCC5C4,0.862,O=C(NCc1ccc(Cn2ccnc2)cc1)C1CC(=O)N(c2ccc3c(c2)CCC3)C1
XS848280a,CN(CC(=O)NCC(C=1C=CC=CC1)N2CCCC2)S(=O)(=O)C=3C=CC(F)=CC3,2.07,O=C(CNS(=O)(=O)c1ccccc1)NCC(c1ccccc1)N1CCCC1
XS837611b,COC=1C=C2CCN(CC2=CC1C)C(C(=O)O)C=3C=CC(F)=C(Br)C3,0.904,c1ccc(CN2CCc3ccccc3C2)cc1
XS839016b,O=C(CC1CC2(CC2)CO1)NC3(CCCCC3)C(=O)NC=4C=C5COCCN5N4,1.354,O=C(CC1CC2(CC2)CO1)NC1(C(=O)Nc2cc3n(n2)CCOC3)CCCCC1
XS842121b,CC(CN(C)C(=O)C=1C=CC(=CC1N)S(C)(=O)=O)OC=2C=CC(Cl)=C(Cl)C2,1.076,O=C(NCCOc1ccccc1)c1ccccc1
XS848300a,CC1=CC(C)=NN1C=2C=CC(=CC2)CC(=O)N3CCCC3C=4C=CC=5OCCCOC5C4,1.718,O=C(Cc1ccc(-n2cccn2)cc1)N1CCCC1c1ccc2c(c1)OCCCO2
XS848289a,O=C(C1CCCC=2NN=CC21)N3CCCN(CC3)S(=O)(=O)C=4C=CC=5OCCOC5C4,1.468,O=C(C1CCCc2[nH]ncc21)N1CCCN(S(=O)(=O)c2ccc3c(c2)OCCO3)CC1
XS840387b,CCC(C)C=1C=CC(=CC1)S(=O)(=O)N2CCN(CC3=CC(=O)N(C)C(=O)N3C)CC2,1.318,O=c1cc(CN2CCN(S(=O)(=O)c3ccccc3)CC2)[nH]c(=O)[nH]1
XS848294a,CC(=O)N1CCC(CC1)C(=O)NCC(C2=CNC=3C=CC=CC23)C=4C=CC=CC4Cl,0.404,O=C(NCC(c1ccccc1)c1c[nH]c2ccccc12)C1CCNCC1
XS848296a,CN1C(CNC=2C=CC=C(C2)C(=O)NC(CO)C=3C=CC=C(F)C3)=NN=C1C=4C=CN=CN4,1.104,O=C(NCc1ccccc1)c1cccc(NCc2nnc(-c3ccncn3)[nH]2)c1
XS848295a,COC=1C=CC(=CC1S(=O)(=O)N2CCCCC2)NC(=O)CN3C=4C=CC=CC4CC3C,1.41,O=C(CN1CCc2ccccc21)Nc1cccc(S(=O)(=O)N2CCCCC2)c1
XS776866b,CC(C)CN1CC(CC1=O)C(=O)NCC2(CCOCC2)C=3C=CC(Br)=CC3,0.872,O=C1CC(C(=O)NCC2(c3ccccc3)CCOCC2)CN1
XS839553b,CC(NC(=O)C1=CSN=N1)C(C)(F)F,2.812,c1csnn1
XS837753b,O=C1C=CC(F)=CN1CC2CCCOC2,1.234,O=c1ccccn1CC1CCCOC1
XS848305a,CC1=C(C=NN1C)C(=O)NC(C)C2=CC=CS2,1.702,O=C(NCc1cccs1)c1cn[nH]c1
XS848308a,CC1=CSC(=N1)NC(=O)C2CCCNC2,0.706,O=C(Nc1nccs1)C1CCCNC1
XS838384b,OC=1C=NC(=NC1)NCCOC2CC2(F)F,0.812,c1cnc(NCCOC2CC2)nc1
XS841878b,CC(CNC=1C=CC(C#N)=CC1)C2=NC=CS2,3.242,c1ccc(NCCc2nccs2)cc1
XS058644c,CCOC=1C=CC(=CC1)NC2CCCCNC2=O,1.676,O=C1NCCCCC1Nc1ccccc1
XS842716b,CC=1C=C(F)C=CC1NC(C)CC2=CC=NO2,0.382,c1ccc(NCCc2ccno2)cc1
XS840191b,CNS(=O)(=O)N1CCC(C)C(F)(F)C1,0.928,C1CCNCC1
XS848309a,CC1=NOC(=N1)C(C)SC=2N=C(C)C=C(N)N2,1.93,c1cnc(SCc2ncno2)nc1
XS848306a,O=C(NCC=1C=CC=CC1)C2CCCO2,0.85,O=C(NCc1ccccc1)C1CCCO1
XS848315a,CNC(=O)CCN(C)C(C)C1=NC(=NO1)C(C)C,0.478,c1ncon1
XS842056b,CC1=NC(C=CC2=NN=C(O2)C3CCOC3)=CS1,0.742,C(=Cc1nnc(C2CCOC2)o1)c1cscn1
XS729062b,NC1CCCN(C1)C(=O)C=2C=CC(=CC2)OC(F)F,0.51,O=C(c1ccccc1)N1CCCCC1
XS841394b,CC(NS(C)(=O)=O)C(=O)NC1(CC1)C2(C)CC2,0.41,C1CC1C1CC1
XS838106b,CC(C)N1C(=O)CC(NC=2N=CC=NC2F)C1=O,13.416,O=C1CC(Nc2cnccn2)C(=O)N1
XS848316a,CCNC(=O)N(C)C1CCCC=2N=C(C)SC21,2.108,c1nc2c(s1)CCCC2
XS848324a,CC(OC=1C=CC(C#N)=CC1)C(=O)NC=2C=CNN2,0.806,O=C(COc1ccccc1)Nc1cc[nH]n1
XS757383b,CC1C2=CC=CN2CCN1C(=O)C=3C=CC=C(C#N)C3,1.326,O=C(c1ccccc1)N1CCn2cccc2C1
XS605996b,CC=1C=C(ON1)C(=O)N2CC(C)OC=3C=CC=CC32,0.406,O=C(c1ccno1)N1CCOc2ccccc21
XS837384b,OCC=1C=C(F)C=CC1NCC2CCCC(F)(F)C2,0.942,c1ccc(NCC2CCCCC2)cc1
XS848338a,COC=1C=CC(=CC1)CNC(=O)C(NC(C)=O)C(C)C,10.474,c1ccccc1
XS839711b,CC(C(=O)N(C)C1=CC=NN1C)C2=CC=C(Cl)S2,0.938,O=C(Cc1cccs1)Nc1ccn[nH]1
XS482787b,O=C(O)C=1C=CC(=NC1)N2CCC(CC=3C=CC=CC3)C2,5.742,c1ccc(CC2CCN(c3ccccn3)C2)cc1
XS848330a,CC1CC=2C=CC=CC2N1C(=O)CSC=3N=CC=CN3,1.216,O=C(CSc1ncccn1)N1CCc2ccccc21
XS848332a,NC(=O)C1CCCCN1CC2=CC(=NO2)C=3C=CC=CC3,1.266,c1ccc(-c2cc(CN3CCCCC3)on2)cc1
XS838707b,COC(=O)C1CN(CC=2NN=CC21)C=3N=CC=NC3F,8.486,c1cnc(N2CCc3cn[nH]c3C2)cn1
XS848345a,CC1=NOC(=N1)C2CCCN(C2)C=3C=CN=C(N3)C(C)C,0.93,c1cc(N2CCCC(c3ncno3)C2)ncn1
XS837510b,COC1CC=2C=CC(=CC2C1)NC3=CC(C)=NC4=NC=NN34,1.134,c1cc(Nc2ccc3c(c2)CCC3)n2ncnc2n1
XS848347a,CC(C(=O)NC1CC1)N2C=NC3=C2C(=O)N(C)C(=O)N3C,3.318,O=C(Cn1cnc2[nH]c(=O)[nH]c(=O)c21)NC1CC1
XS154265c,CC1=NOC(CN(C)C(C)C2=NC=3C=CC=CC3S2)=N1,3.43,c1ccc2sc(CNCc3ncno3)nc2c1
XS848354a,O=C(NCC1CC=2C=CC=CC21)NC=3C=CC=4OCOC4C3,0.734,O=C(NCC1Cc2ccccc21)Nc1ccc2c(c1)OCO2
XS838444b,ClC=1C=CC(=NC1)N2C=C(N=N2)C3CC43CCNCC4,2.552,c1ccc(-n2cc(C3CC34CCNCC4)nn2)nc1
XS848348a,OC1CCCN(C1)C=2C=CC3=NN=C(N3N2)C(F)(F)F,0.386,c1cc2nncn2nc1N1CCCCC1
XS836625b,C#CC=1C=NC(=NC1)NCCC(C(F)F)N2CCOCC2,2.19,c1cnc(NCCCN2CCOCC2)nc1
XS848350a,COC=1C=CC=2CCCC(CC2C1)NC=3C=C(C#N)N=CN3,2.202,c1ccc2c(c1)CCCC(Nc1ccncn1)C2
XS676722b,O=C(NC=1C=CC(=CC1)OCC2CCCO2)C3CCCC3,1.328,O=C(Nc1ccc(OCC2CCCO2)cc1)C1CCCC1
XS848344a,CC=1C=CC=C(C1)C2=NOC(CNC(C)CN3C=CC=N3)=N2,2.25,c1ccc(-c2noc(CNCCn3cccn3)n2)cc1
XS848353a,CCC=1C=CC(=CC1)NC(C)C(=O)N(C)CC=2C=CC=CC2,3.352,O=C(CNc1ccccc1)NCc1ccccc1
XS848361a,CC=1C=NN(C1)CC2CCCCN2C(=O)C=3C=CN=C(C)N3,0.408,O=C(c1ccncn1)N1CCCCC1Cn1cccn1
XS848364a,CC(SC1=NN=C(O1)C2CCCCC2)C(=O)NC(N)=O,10.624,c1nnc(C2CCCCC2)o1
XS848359a,CN1N=C(C=CC1=O)C(=O)N2CCCC(C2)C3=NC=CS3,0.86,O=C(c1ccc(=O)[nH]n1)N1CCCC(c2nccs2)C1
XS788972b,CC1CCCCN1C(=O)CCNC(=O)C=2C=CC(=O)N(C)C2,0.694,O=C(NCCC(=O)N1CCCCC1)c1ccc(=O)[nH]c1
XS848363a,CC=1C=CC(=CC1)C2=CN=C(CCC(=O)OC(C)C(N)=O)O2,1.444,c1ccc(-c2cnco2)cc1
XS661424b,COC=1C=C(C)C(=CC1C)S(=O)(=O)NCC2CCCO2,0.674,O=S(=O)(NCC1CCCO1)c1ccccc1
XS837166b,COC=1C=CN=C(N1)NNC(=O)C2CCCC=3C=CC=CC32,0.596,O=C(NNc1ncccn1)C1CCCc2ccccc21
XS653391b,CN(C)S(=O)(=O)NC1CCN(C1)C=2C=CC(F)=CC2F,0.518,c1ccc(N2CCCC2)cc1
XS848368a,NC(=O)C1CCN(C1)C(=O)C2=CC=C(O2)C=3C=CC(F)=CC3,0.576,O=C(c1ccc(-c2ccccc2)o1)N1CCCC1
XS848365a,CCS(=O)(=O)N1CCC(CC1)NC(=O)C2CC=CCC2,0.5,O=C(NC1CCNCC1)C1CC=CCC1
XS837656b,COCC(CS(=O)(=O)C=1C=C(C)C=NC1OC)C(C)C,1.1,c1ccncc1
XS848381a,CC=1C=CC(=CC1)CC(=O)N2C=3C=CC=CC3CC2CC(=O)O,0.522,O=C(Cc1ccccc1)N1CCc2ccccc21
XS842194b,ClC=1C=C(C=C2OCOC12)C3=NC(=NO3)C4COCCN4,5.386,c1cc2c(cc1-c1nc(C3COCCN3)no1)OCO2
XS840749b,CC1=CC=C(CC(C)NC(=O)CC=2C(C)=NOC2Cl)S1,0.518,O=C(Cc1cnoc1)NCCc1cccs1
XS848371a,O=C(C1CC=2C=CC=CC2O1)N3CCN(CC3)C=4N=CC=CN4,7.17,O=C(C1Cc2ccccc2O1)N1CCN(c2ncccn2)CC1
XS713227b,CC=1C=C(N=C(C)N1)N2CCCC2C=3C=CC=4OCCOC4C3,1.23,c1cc(N2CCCC2c2ccc3c(c2)OCCO3)ncn1
XS848385a,COC=1C=CC(=CC1)C2CCN(C2)C(=O)CC=3C=CC=C(F)C3,1.334,O=C(Cc1ccccc1)N1CCC(c2ccccc2)C1
XS839476b,COC1=NN2C=CC=NC2=C1C=3C=CC(=CC3)C4CCC(=O)N4,4.564,O=C1CCC(c2ccc(-c3cnn4cccnc34)cc2)N1
XS848375a,CC1CC=2C=CC=CC2N1C(=O)C=3C=CC=4NC(=O)CCC4C3,1.406,O=C1CCc2cc(C(=O)N3CCc4ccccc43)ccc2N1
XS848382a,CC=1C=CC(Cl)=C(C1)OC(C)C(=O)N(C)C2=NC=CS2,0.5,O=C(COc1ccccc1)Nc1nccs1
XS838381b,OC=1N=NC(=C2C=CC=CC12)N3CCCC(C3)C4=NN=CS4,9.27,c1ccc2c(N3CCCC(c4nncs4)C3)nncc2c1
XS838374b,COC=1C=CC(=CC1NC2COC3(C2)CCOCC3)C(C)(C)C,0.578,c1ccc(NC2COC3(CCOCC3)C2)cc1
XS848389a,CC1=C(C=CN1C)C(=O)N2CCC(C2)NC=3C=CC=C(Cl)C3,0.578,O=C(c1cc[nH]c1)N1CCC(Nc2ccccc2)C1
XS848390a,O=C(C1CC=2C=CC=CC2O1)N3CCC=4NC=5C=CC=CC5C4C3,4.784,O=C(C1Cc2ccccc2O1)N1CCc2[nH]c3ccccc3c2C1
XS670047b,COCC1(CCCN1C(=O)C=2C=CC=CC2OC3CC3)C(N)=O,1.776,O=C(c1ccccc1OC1CC1)N1CCCC1
XS848394a,CC(NC(=O)C=1C=CN(C)C(=O)C1)C=2C=CC=3OCCOC3C2,1.616,O=C(NCc1ccc2c(c1)OCCO2)c1cc[nH]c(=O)c1
XS848398a,CC1=NOC(C)=C1CC(=O)N2CCCC2C=3C=CC=C(Cl)C3,0.384,O=C(Cc1cnoc1)N1CCCC1c1ccccc1
XS836468b,CC(C)C(C)(NS(=O)(=O)C=1C=CC=CC1C(F)F)C(N)=O,0.968,c1ccccc1
XS848388a,O=C(NC=1C=CC(F)=C(Cl)C1)C2CC(=O)NC=3C=CC=CC32,1.674,O=C1CC(C(=O)Nc2ccccc2)c2ccccc2N1
XS840477b,CC1=CC(=NO1)NC(=O)C(C)OC=2C=CC=3C=CC(=O)OC3C2,3.124,O=C(COc1ccc2ccc(=O)oc2c1)Nc1ccon1
XS848395a,COC=1C=CC(=CC1)N2CCN(CC2)C(=O)C(C)N3C=NC=N3,1.272,O=C(Cn1cncn1)N1CCN(c2ccccc2)CC1
XS848396a,CC=1C=C(NC(=O)C2CC(=O)N(C2)C=3C=CC=CC3F)N(C)N1,1.128,O=C(Nc1ccn[nH]1)C1CC(=O)N(c2ccccc2)C1
XS848400a,CCCC1CCCN(CC1)C(=O)C2=CC(=NN2)C3=CC=CS3,3.224,O=C(c1cc(-c2cccs2)n[nH]1)N1CCCCCC1
XS842166b,COC(=O)C(C)CS(=O)(=O)NC=1C=NOC1C=2C=CC=CC2,0.498,c1ccc(-c2ccno2)cc1
XS848408a,CC1CN(CCO1)C(=O)C2=CSC(=N2)C=3C=CC(Cl)=CC3,1.058,O=C(c1csc(-c2ccccc2)n1)N1CCOCC1
XS848404a,CCC1=NC(C)=C(S1)C(=O)N2CCCC(C2)C3=NOC(C)=N3,2.156,O=C(c1cncs1)N1CCCC(c2ncon2)C1
XS840596b,COC(=O)C=1C=CC(OC(C)C)=C(C1)NC(C)C(=O)NC(N)=O,0.536,c1ccccc1
XS836681b,CN1C=2C=CC=CC2C(=O)NC1C=3C=NN(C3)C=4C=CC(F)=CC4,7.676,O=C1NC(c2cnn(-c3ccccc3)c2)Nc2ccccc21
XS848415a,COC=1C=CC=C(C(=O)NC(C)C2=CC=3C=CC=CC3O2)C1OC,1.024,O=C(NCc1cc2ccccc2o1)c1ccccc1
XS848405a,O=C(NCC=1C=CN=CC1)C2COCC(=O)N2CC=3C=CC=CC3,0.424,O=C(NCc1ccncc1)C1COCC(=O)N1Cc1ccccc1
XS841986b,COC=1C=CC(=C(C)C1)S(=O)(=O)N2CCCC32CCNC3=O,1.288,O=C1NCCC12CCCN2S(=O)(=O)c1ccccc1
XS433109b,CCC1=NOC=2N=CC(=CC12)C(=O)N3CCCC(C3)C4=CC=NN4,3.594,O=C(c1cnc2oncc2c1)N1CCCC(c2ccn[nH]2)C1
XS417459b,CC=1C=CC=NC1C2=NOC(=N2)C3CC(C)(C)OC=4C=CC=CC43,0.524,c1ccc(-c2noc(C3CCOc4ccccc43)n2)nc1
XS848412a,COC=1C=CC(=CC1)C2CCCN2S(=O)(=O)C3=CC=CS3,4.714,O=S(=O)(c1cccs1)N1CCCC1c1ccccc1
XS848406a,CCCN(CC(=O)NC(=O)NC)CC1COC=2C=CC=CC2O1,0.52,c1ccc2c(c1)OCCO2
XS848402a,CC=1C=CC=C(C1)CN2CCCC2C=3C=CC=4OCCCOC4C3,4.45,c1ccc(CN2CCCC2c2ccc3c(c2)OCCCO3)cc1
XS848414a,CC=1C=C(C(=O)NC(C)C=2C=CC(Br)=CC2)N(C)N1,0.52,O=C(NCc1ccccc1)c1ccn[nH]1
XS848413a,CCOCCNC(=O)N1CCCC1C=2C=C(C=CC2OC)OC,1.06,c1ccc(C2CCCN2)cc1
XS842353b,CS(=O)(=O)C=1SC=CC1C2=NOC(C=CC3CCOC3)=N2,4.596,C(=CC1CCOC1)c1nc(-c2ccsc2)no1
XS753260b,CC=1C=C(NN1)C2CCCN(C2)C(=O)C=3C=C(F)C(F)=CC3F,1.058,O=C(c1ccccc1)N1CCCC(c2ccn[nH]2)C1
XS848401a,CC1=NN(C)C(C)=C1C(C)NC(=O)NC=2C=CC=C(C2)C(F)F,0.908,O=C(NCc1cn[nH]c1)Nc1ccccc1
XS848410a,N#CC=1C=CC(=CC1)NC(=O)NCC2CCN(C2)C=3C=CC=CC3,0.706,O=C(NCC1CCN(c2ccccc2)C1)Nc1ccccc1
XS707130b,CC=1N=C(C)N(CC2CN(CC=3C=CC(C#N)=CC3F)CCO2)N1,2.366,c1ccc(CN2CCOC(Cn3cncn3)C2)cc1
XS836824b,COCC=1C=C(N=C(C)N1)NC2CCCC=3C=CC(=CC3C2)OC,0.838,c1ccc2c(c1)CCCC(Nc1ccncn1)C2
XS848419a,CC=1C=NN(C1)CC2CCCCN2CC3=NN=C(O3)C4=CC=CO4,1.634,c1coc(-c2nnc(CN3CCCCC3Cn3cccn3)o2)c1
XS805251b,O=C(C=1C=C(Cl)C=C(Cl)C1)N2CCOCC2C=3N=CON3,1.446,O=C(c1ccccc1)N1CCOCC1c1ncon1
XS579945b,CC=1C=CC=C(C1)CS(=O)CC2=COC(=N2)C=3C=CC(F)=CC3,7.194,O=S(Cc1ccccc1)Cc1coc(-c2ccccc2)n1
XS837843b,CCCS(=O)(=O)NC=1C=CC=C(C1)NC(=O)NC(C)COC,1.868,c1ccccc1
XS848418a,CCCCN1N=C(C=CC1=O)C(=O)N2CCCC(C2)N3C=NC=N3,0.502,O=C(c1ccc(=O)[nH]n1)N1CCCC(n2cncn2)C1
XS848427a,CN(CC(=O)NC(C)(C)C)C(=O)C(C=1C=CC=CC1)N2C=CC=N2,0.484,c1ccc(Cn2cccn2)cc1
XS848423a,CC1=CC(=NO1)NC(=O)NCC(C=2C=CC=CC2)N3CCOCC3,3.81,O=C(NCC(c1ccccc1)N1CCOCC1)Nc1ccon1
XS848416a,CC1CCCN(C1)C(=O)C2CCN(CC2)C=3C=CC(C#N)=CC3F,0.974,O=C(C1CCN(c2ccccc2)CC1)N1CCCCC1
XS848438a,CC=1C=CC=C(C1)NC(C)C(=O)NC=2C=CC(=CC2)S(N)(=O)=O,0.52,O=C(CNc1ccccc1)Nc1ccccc1
XS848440a,CCOC=1C=CC(=CC1)C2NC(=O)NC(C)=C2C(=O)OCCOC,2.824,O=C1NC=CC(c2ccccc2)N1
XS701361b,CCC1C(=O)NCCN1C(=O)NC=2C=C(F)C=C(C2)N3CCCC3,1.25,O=C1CN(C(=O)Nc2cccc(N3CCCC3)c2)CCN1
XS848428a,CC1=C(C=NN1C=2C=CC=CC2)C(=O)NC(C(=O)O)C=3C=CC=CC3,1.252,O=C(NCc1ccccc1)c1cnn(-c2ccccc2)c1
XS848437a,CC(C)C1=NOC(CCCC(=O)N2CCC=3SC=CC3C2C)=N1,0.386,O=C(CCCc1ncno1)N1CCc2sccc2C1
XS838082b,N#CC1CN(CCO1)C=2N=CC(Cl)=C(N2)NC=3C=CC(F)=CC3,0.734,c1ccc(Nc2ccnc(N3CCOCC3)n2)cc1
XS611146b,CC(NC(=O)C=1C=CC=C(Br)C1)C2=NN=C3CCCN23,0.642,O=C(NCc1nnc2n1CCC2)c1ccccc1
XS836841b,COC(=O)C1=CN(N=N1)C2CCCN(CC3=NC(=NO3)N(C)C)C2,1.078,c1cn(C2CCCN(Cc3ncno3)C2)nn1
XS848441a,CC=1C=CC=2C(=CC(=O)OC2C1)CN3CCCC3C=4C=CC(O)=CC4,1.814,O=c1cc(CN2CCCC2c2ccccc2)c2ccccc2o1
XS840100b,CC1CN(CCN1C=2C=CN=CC2F)S(=O)(=O)C=3C=CC=CN3,2.888,O=S(=O)(c1ccccn1)N1CCN(c2ccncc2)CC1
XS848430a,CC=1C=C(C)C=C(C1)C(=O)NC=2C=CC(Cl)=C(C2)CS(C)=O,1.468,O=C(Nc1ccccc1)c1ccccc1
XS848431a,CC1CN(CCCO1)C(=O)C=2C=CC(=NC2)N3C=NC=4C=CC=CC43,3.028,O=C(c1ccc(-n2cnc3ccccc32)nc1)N1CCCOCC1
XS667427b,CC=1OC(=NC1C(=O)N2CCOCC32CCOC3)C4=CC=CS4,1.736,O=C(c1coc(-c2cccs2)n1)N1CCOCC12CCOC2
XS848432a,COC=1C=CC=CC1NC(=O)NC2CCSC=3C(F)=CC=CC32,1.426,O=C(Nc1ccccc1)NC1CCSc2ccccc21
XS848445a,O=C(NC=1C=CC(=CC1)C(F)(F)F)N2CCCCC2C=3C=NNC3,0.748,O=C(Nc1ccccc1)N1CCCCC1c1cn[nH]c1
XS848459a,CCN(CC=1C=CC=CC1)C(=O)NC2CC(=O)N(C2)C=3C=CC=CC3,0.674,O=C(NCc1ccccc1)NC1CC(=O)N(c2ccccc2)C1
XS839635b,N#CC=1C=NC2=C(F)C=CC(Cl)=C2C1NC3CCS(=O)(=O)C3,2.598,O=S1(=O)CCC(Nc2ccnc3ccccc23)C1
XS848448a,CC1=NC(=NO1)C2CCCCCN2C(=O)NC=3C=C(C#N)C=CC3C,1.386,O=C(Nc1ccccc1)N1CCCCCC1c1ncon1
XS839100b,O=C(CN1CCOC2(CCSC2)C1)NCC=3C=CC=C(Cl)C3,0.578,O=C(CN1CCOC2(CCSC2)C1)NCc1ccccc1
XS842604b,CC(CN1C=CC=N1)NC(=O)C2=CC=3COC=4C=CC=CC4C3S2,5.312,O=C(NCCn1cccn1)c1cc2c(s1)-c1ccccc1OC2
XS393557b,CC1=CN2N=C(SC2=N1)N3CCC(CNC=4C=CC(C#N)=CN4)C3,7.886,c1ccc(NCC2CCN(c3nn4ccnc4s3)C2)nc1
XS848444a,CN1C=C(C=N1)C(=O)N2CCCCC2C=3C=CC(=CC3)C(F)(F)F,8.46,O=C(c1cn[nH]c1)N1CCCCC1c1ccccc1
XS676185b,CC1=NOC(=N1)C(C)S(=O)(=O)CC2=CSC(=N2)C3CCCC3,1.64,O=S(=O)(Cc1csc(C2CCCC2)n1)Cc1ncno1
XS838661b,COC(=O)C=1C=C(C#N)C=CC1N2CC(CC32CCCC3)C(=O)OC,1.188,c1ccc(N2CCCC23CCCC3)cc1
XS665866b,CC=1C=CC=C(C1)OCCNC(=O)CN2CCCC(C2)C3=CC=NN3,1.16,O=C(CN1CCCC(c2ccn[nH]2)C1)NCCOc1ccccc1
XS837223b,O=C(NCC=1C=CN=C(C1)OC2CCOC2)C3=COC(CC4CC4)=N3,1.698,O=C(NCc1ccnc(OC2CCOC2)c1)c1coc(CC2CC2)n1
XS548492b,CC1CN(C(=O)C=2C=CC3=C(C2)N=NN3C)C=4C=C(Cl)C=CC4O1,1.978,O=C(c1ccc2[nH]nnc2c1)N1CCOc2ccccc21
XS840509b,CC1=C(C=NN1C)C(C)NC(=O)C2=CC=3C=C(C=CC3S2)[N+]([O-])=O,2.238,O=C(NCc1cn[nH]c1)c1cc2ccccc2s1
XS848464a,CC1=CN=C(O1)C=2C=CC=C(C2)NC(=O)NC(CO)CC3CCCC3,5.374,O=C(NCCC1CCCC1)Nc1cccc(-c2ncco2)c1
XS848471a,CCC=1C=CC(=CC1)OCC(O)CN(C)C=2N=CN=C3C2C=NN3C,13.282,c1ccc(OCCCNc2ncnc3[nH]ncc23)cc1
XS848475a,COC(=O)CC(NC(=O)NC=1C=CN=CC1)C=2C=CC(=CC2)SC,2.458,O=C(NCc1ccccc1)Nc1ccncc1
XS848478a,O=C(NCC1=NC(=CS1)C(F)(F)F)C2CC=3C=CC=C(F)C3O2,0.674,O=C(NCc1nccs1)C1Cc2ccccc2O1
XS678658b,CC(C)(C)C1=NOC(CCC(=O)N2CCCC(C2)C3=NC=CS3)=N1,0.984,O=C(CCc1ncno1)N1CCCC(c2nccs2)C1
XS738418b,CCN(C(=O)C=1C=C2C=CC=CC2=C(N1)OC)C3CCS(=O)(=O)C3,5.312,O=C(NC1CCS(=O)(=O)C1)c1cc2ccccc2cn1
XS842067b,COC(=O)C(C)(CC1=CCCCC1)NC(=O)C=2C=CC(=CN2)C(N)=O,0.462,O=C(NCCC1=CCCCC1)c1ccccn1
XS803053b,COC=1C=CC=C(C1)CN(C)C(=O)CC(NC(C)=O)C2=CC=CS2,1.514,O=C(CCc1cccs1)NCc1ccccc1
XS848477a,COC=1C=C(C=C(C1)OC)CCC(=O)N2CCC=3SC=CC3C2C,1.02,O=C(CCc1ccccc1)N1CCc2sccc2C1
XS447278b,CC1=NC(=NO1)C(NS(=O)(=O)C=2C=CC(C)=CC2)C=3C=NN(C)C3,0.812,O=S(=O)(NC(c1cn[nH]c1)c1ncon1)c1ccccc1
XS837539b,COC(=O)C1=CN=C2N=C(C=CN12)NC(CF)C=3C=CC(Cl)=CC3,2.324,c1ccc(CNc2ccn3ccnc3n2)cc1
XS837889b,N#CC=1C=NC(=CN1)N2CC(CNC(=O)C3=COC=N3)OC4(CCC4)C2,4.436,O=C(NCC1CN(c2cnccn2)CC2(CCC2)O1)c1cocn1
XS742942b,CCN1CCN(C(=O)C(NC(=O)C2=CC=CO2)C(C)C)C=3C=CC=CC31,1.274,O=C(NCC(=O)N1CCNc2ccccc21)c1ccco1
XS764690b,CN1C=CC(=N1)N2CCCC(NC(=O)C3(CCC3)C=4C=CC=CC4)C2=O,1.096,O=C1C(NC(=O)C2(c3ccccc3)CCC2)CCCN1c1cc[nH]n1
XS839583b,CCC(C)(C)C1=NN=C(NC2CCS(=O)(=O)C=3C=CC(F)=CC32)O1,0.772,O=S1(=O)CCC(Nc2nnco2)c2ccccc21
XS848486a,CC=1C=CC(=CC1)C(C)C(=O)OCC2=CC(=O)N3C=C(Cl)C=CC3=N2,0.772,O=C(Cc1ccccc1)OCc1cc(=O)n2ccccc2n1
XS517856b,CN1N=NC=C1C(=O)NC2CCN(C2)C=3C=CC=C(C3)OC(F)(F)F,0.462,O=C(NC1CCN(c2ccccc2)C1)c1cnn[nH]1
XS571658b,COCC1=NNC(=N1)C2CCCCN2C(=O)CC=3C(F)=CC=CC3F,0.388,O=C(Cc1ccccc1)N1CCCCC1c1ncn[nH]1
XS767548b,CC=1C=CC=2NC(=CC2C1)C(=O)N3CCN(CC4CCCCN4C)CC3,3.542,O=C(c1cc2ccccc2[nH]1)N1CCN(CC2CCCCN2)CC1
XS842467b,OCC1(CC=2C=CC(F)=CC2)CCN(C1)C=3C=CC=C(N3)N4C=CN=C4,1.39,c1ccc(CC2CCN(c3cccc(-n4ccnc4)n3)C2)cc1
XS848498a,COC=1C=CC(=CC1F)CN(C)C(=O)C2CC(=O)NC=3C=C(F)C=CC32,4.056,O=C1CC(C(=O)NCc2ccccc2)c2ccccc2N1
XS848502a,COC=1C=CC(=CC1OC)C2CCCN2CC3=NC(=NO3)C=4C=CC=CC4,1.56,c1ccc(-c2noc(CN3CCCC3c3ccccc3)n2)cc1
XS848499a,O=C(NCC=1C=CC=CC1OC(F)F)NCC2COC=3C=CC=CC3O2,0.444,O=C(NCc1ccccc1)NCC1COc2ccccc2O1
XS848505a,CC(C(=O)NC=1C=CC(=CC1)S(N)(=O)=O)N2CCCC=3C=CC=CC32,0.846,O=C(CN1CCCc2ccccc21)Nc1ccccc1
XS813299b,CC=1C=CC(=CC1)OCC(=O)NC(C)C=2C=CC=C(C2)NS(C)(=O)=O,0.634,O=C(COc1ccccc1)NCc1ccccc1
XS837306b,CC(C)(C)C1CCCN(C1)C=2N=CC(=CC2C(F)(F)F)S(N)(=O)=O,0.44,c1ccc(N2CCCCC2)nc1
XS840776b,CC=1C=CC=C(C1S(=O)(=O)NC(C)C2=NN=C3C=CC=CN23)[N+]([O-])=O,0.522,O=S(=O)(NCc1nnc2ccccn12)c1ccccc1
XS848506a,COC(CNC=1C=CN2N=CC(Br)=C2N1)CC=3C=CC=CC3,0.386,c1ccc(CCCNc2ccn3nccc3n2)cc1
XS848515a,CC(SC1=NC=2C=C(C=CC2O1)S(=O)(=O)N3CCCCC3)C(N)=O,2.63,O=S(=O)(c1ccc2ocnc2c1)N1CCCCC1
XS848519a,CCCN1C(=O)N(CC(O)COCC=2C=CC=CC2Cl)C=3C=CC=CC31,1.094,O=c1[nH]c2ccccc2n1CCCOCc1ccccc1
XS848522a,O=C(CN1C=NC=2SC=CC2C1=O)NC(C=3C=CC=CC3)C(F)(F)F,0.748,O=C(Cn1cnc2sccc2c1=O)NCc1ccccc1
XS848511a,O=C(C1=CC=2CCCCC2S1)N3CCCC3C=4C=CC=5OCCOC5C4,1.888,O=C(c1cc2c(s1)CCCC2)N1CCCC1c1ccc2c(c1)OCCO2
XS848524a,CCOC=1C=C(C=CC1OC)C(=O)N2CCNC(=O)CC2C=3C=CC=CC3,0.982,O=C1CC(c2ccccc2)N(C(=O)c2ccccc2)CCN1
XS838770b,COC=1C=CC(=CC1)C2=CN=C(CCC(=O)N3CCC4(CCC(=O)N4)C3)O2,4.194,O=C1CCC2(CCN(C(=O)CCc3ncc(-c4ccccc4)o3)C2)N1
XS839119b,CC(C(=O)OCCN1C=NC=CC1=O)C=2C=CC(Br)=C(F)C2,1.216,O=C(Cc1ccccc1)OCCn1cnccc1=O
XS837650b,O=C(CN1C=CC=2C=CC=CC21)NC(CO)C=3C=CC(Br)=CC3,2.484,O=C(Cn1ccc2ccccc21)NCc1ccccc1
XS848517a,O=C(NC1CCCN(C1=O)C2CCCCC2)C3(CCCC3)C=4C=CC=NC4,1.776,O=C1C(NC(=O)C2(c3cccnc3)CCCC2)CCCN1C1CCCCC1
XS848520a,CC(C)C(=O)N1CCCC(C1)C(=O)NCC(=O)NC=2C=CC(F)=C(F)C2,0.688,O=C(CNC(=O)C1CCCNC1)Nc1ccccc1
XS848512a,CN1CCN(CC1)C=2C=CC(=CN2)NC(=O)C3CCC=4C(Cl)=CC=CC43,1.442,O=C(Nc1ccc(N2CCNCC2)nc1)C1CCc2ccccc21
XS848538a,CCN1C(=NC=2C=CC=CC21)SC(C(=O)N3CCOCC3)C=4C=CC=CC4,1.868,O=C(C(Sc1nc2ccccc2[nH]1)c1ccccc1)N1CCOCC1
XS848532a,CSCCC(NC(=O)C=1C=CC=CC1Cl)C(=O)N2CCCCCCC2,2.042,O=C(NCC(=O)N1CCCCCCC1)c1ccccc1
XS678009b,CC1CC(=O)N(C)C=2C=CC(=CC21)NS(=O)(=O)C=3C=C(F)C=C(Cl)C3,0.484,O=C1CCc2cc(NS(=O)(=O)c3ccccc3)ccc2N1
XS837501b,O=C1CN=C(C=2C=CC=CC2)C=3C=C(C=CC3N1)C=4C=NN(N4)C5CCCCO5,1.236,O=C1CN=C(c2ccccc2)c2cc(-c3cnn(C4CCCCO4)n3)ccc2N1
XS837827b,CN(C)C=1C=CC(=CC1)C(=O)N(C)C(C(=O)O)C=2C=C(Cl)C=C(Cl)C2,2.086,O=C(NCc1ccccc1)c1ccccc1
XS052822e,COCC(C)NC(=O)C1=CN(N=C1C=2C=CC=C(C2)OC)C=3C=CC(F)=CC3,1.04,c1ccc(-c2ccn(-c3ccccc3)n2)cc1
XS848531a,CC(NC(=O)C=1C=CC=C(C1)N2C(=O)CCC2=O)C34CC5CC(CC(C5)C4)C3,1.342,O=C(NCC12CC3CC(CC(C3)C1)C2)c1cccc(N2C(=O)CCC2=O)c1
XS848530a,CC(C)C(NC(=O)C=1C=CC=CC1F)C(=O)N2CCN(CC2)C=3N=CC=CN3,8.9,O=C(NCC(=O)N1CCN(c2ncccn2)CC1)c1ccccc1
XS848540a,CSC1=NC=C(C(=O)OC(C(=O)NC(N)=O)C(C)C)N1C=2C=CC(F)=CC2,1.636,c1ccc(-n2ccnc2)cc1
XS068672b,COC=1C=CC=CC1C(=O)NC(CCSC)C(=O)NCC=2C=CC(F)=CC2,1.12,O=C(CNC(=O)c1ccccc1)NCc1ccccc1
XS848541a,CN1C=C(C=2C=CC=CC21)C3CCN(C3)C(=O)C=4C=NN(C)C4CC=5C=CC=CC5,0.47,O=C(c1cn[nH]c1Cc1ccccc1)N1CCC(c2c[nH]c3ccccc23)C1
XS848543a,C=C(C)CN1C(=NC=2C=CC=CC21)C3CC(=O)N(C3)C=4C=C(Cl)C=CC4OC,0.808,O=C1CC(c2nc3ccccc3[nH]2)CN1c1ccccc1
XS839965b,CC1(CC=2C=CC(=CC2)OC(F)(F)F)CCCN1S(=O)(=O)N3CCCC3,1.944,O=S(=O)(N1CCCC1)N1CCCC1Cc1ccccc1
XS848547a,COC=1C=CC(OC)=C(C1)C2CCCN2C(=O)COC=3C=CC(Cl)=CC3C,6.668,O=C(COc1ccccc1)N1CCCC1c1ccccc1
XS848542a,CC=1C=CC=CC1C=2CC(C=3C=NC4=CC=CC=C4N3)N(N2)C(=O)CCC(=O)O,0.618,c1ccc(C2=NNC(c3cnc4ccccc4n3)C2)cc1
XS132489c,O=C(NC=1C=CC=CC1N2CCCCC2)C3CC(=O)N(C3)C=4C=CC=CC4Cl,2.064,O=C(Nc1ccccc1N1CCCCC1)C1CC(=O)N(c2ccccc2)C1
XS789594b,COC=1C=CC(=CC1)C2CCCCCN2C(=O)C=3C=CC(=CC3)N4CCCC4=O,2.864,O=C1CCCN1c1ccc(C(=O)N2CCCCCC2c2ccccc2)cc1
XS848546a,CC=1C=CC(=CC1)N2CC(CC2=O)C3=NC=4C=CC=CC4N3CC(=O)NC(C)C,0.904,O=C1CC(c2nc3ccccc3[nH]2)CN1c1ccccc1
XS840194b,CC(C=1C=CC=CC1)N2C=CC(=N2)NC(=O)N(C)CC3=NN=C4CCOCCN34,1.118,O=C(NCc1nnc2n1CCOCC2)Nc1ccn(Cc2ccccc2)n1
XS837108b,CCOC(=O)C1=C(C)NC2=C(C#N)C(=NN2C1C=3C=CC=CC3)N4CCOCC4,1.368,C1=CC(c2ccccc2)n2nc(N3CCOCC3)cc2N1
XS848566a,CCCC(=O)NC1CCCN(C1)C(=O)CCC2=NC=C(O2)C=3C=CC(=CC3)OC,4.182,O=C(CCc1ncc(-c2ccccc2)o1)N1CCCCC1
XS542691b,CC(C)OC1CCN(CC1)C(=O)C2CCCN(C2)C(=O)CCOC=3C=CC=CC3,1.252,O=C(CCOc1ccccc1)N1CCCC(C(=O)N2CCCCC2)C1
XS848552a,CC1CC=2C=CC=CC2N1CC=3C=COC3C(=O)N4CCC5(CCN(C)C5=O)CC4,1.136,O=C(c1occc1CN1CCc2ccccc21)N1CCC2(CCNC2=O)CC1
XS848562a,CCNC(=O)CN(C)C(=O)CC(NC(=O)C=1C=CC=CC1Cl)C=2C=CC=CC2,0.466,O=C(NCc1ccccc1)c1ccccc1
XS848560a,COC=1C=CC(=CC1)NC(=O)C2=C(C)NC(=O)NC2C=3C=CC=C(C3)C(F)(F)F,0.558,O=C1NC=C(C(=O)Nc2ccccc2)C(c2ccccc2)N1
XS838062b,CN1C(CNC(=O)N2CCCCC2CNS(C)(=O)=O)=NC=3C=CC=C(Cl)C31,1.856,O=C(NCc1nc2ccccc2[nH]1)N1CCCCC1
XS100326c,COC=1C=CC(=CC1)C(CNC(=O)C=2C=CC(Br)=CC2)N3CCCC3,0.684,O=C(NCC(c1ccccc1)N1CCCC1)c1ccccc1
XS848574a,CN1CCN(CC1)C=2C=CC(=CN2)NC(=O)C(CC3=CNC=4C=CC=CC34)NC(=O)C5=CC=CS5,1.484,O=C(NC(Cc1c[nH]c2ccccc12)C(=O)Nc1ccc(N2CCNCC2)nc1)c1cccs1
XS848585a,O=C(C1CCCN1C2=NS(=O)(=O)C=3C=CC=CC23)N4CCN(CC5=CC=C(Cl)S5)CC4,2.546,O=C(C1CCCN1C1=NS(=O)(=O)c2ccccc21)N1CCN(Cc2cccs2)CC1
XS848583a,COCCN1C=C(C=CC1=O)C(=O)NCC(C2=CNC=3C=CC=CC23)C=4C=CC=CC4Cl,0.846,O=C(NCC(c1ccccc1)c1c[nH]c2ccccc12)c1ccc(=O)[nH]c1
XS848568a,CC1=NN(C(C)=C1C2C(=O)NCCN2CC(=O)N(C)CC3=CC=CS3)C=4C=CC=CC4,1.842,O=C(CN1CCNC(=O)C1c1cnn(-c2ccccc2)c1)NCc1cccs1
XS848569a,CCCN(C(=O)C1=CSC(=N1)C=2C=CC(OC)=C(C2)OC)C3CCS(=O)(=O)C3,0.804,O=C(NC1CCS(=O)(=O)C1)c1csc(-c2ccccc2)n1
XS842161b,O=C(C=1C=CC=NC1NC=2C=CC=C(C2)C(F)(F)F)N3CCCC(C3)N4C=C(CO)N=N4,1.174,O=C(c1cccnc1Nc1ccccc1)N1CCCC(n2ccnn2)C1
XS848570a,CC1=NN(CC(C)C)C(C)=C1CCC(=O)N2CCCCC2C3=NC=4C=CC=CC4S3,0.464,O=C(CCc1cn[nH]c1)N1CCCCC1c1nc2ccccc2s1
XS798610b,CC(C)C(NC(=O)C1=CC=CS1)C(=O)N2CCN(CC2)C=3N=CN=C4C3C=NN4C,18.346,O=C(NCC(=O)N1CCN(c2ncnc3[nH]ncc23)CC1)c1cccs1
XS848580a,COC=1C=C2CCN(CC(=O)NC(=O)NC3CCCC3)C(C4=CC=CS4)C2=CC1OC,2.528,O=C(CN1CCc2ccccc2C1c1cccs1)NC(=O)NC1CCCC1
XS839288b,CC(C=1N=CC=CN1)N(C)C=2N=CN=C(F)C2F,0.424,c1cnc(CNc2ccncn2)nc1
XS838589b,CC1=NNC=2N=C3C(=CC12)CCCC3C,4.776,c1n[nH]c2nc3c(cc12)CCCC3
F9000674c,CC(CO)N(C)C=1N=CC=CC1F,1.982,c1ccncc1
XS383259c,O=C(NC=1C=CC=2OCCOC2C1)C3CCCO3,2.554,O=C(Nc1ccc2c(c1)OCCO2)C1CCCO1
XS842256b,CC(C(=O)NCC1CCCC1)S(C)(=O)=O,0.484,C1CCCC1
XS848591a,CC1=NOC(=N1)C(C)SC=2C=CC=CN2,0.674,c1ccc(SCc2ncno2)nc1
XS006128e,COC(=O)C(F)C1=NC=2C=CC=CC2C(=O)N1,0.636,O=c1[nH]cnc2ccccc12
XS520569b,CC=1N=C(C)N(CC(O)COC=2C=CC=CC2)N1,8.042,c1ccc(OCCCn2cncn2)cc1
XS848588a,CN(CC1=CC=CO1)C(C(N)=O)C=2C=CC=CC2,17.46,c1ccc(CNCc2ccco2)cc1
XS838391b,CC=1C2=NC=CC=C2N=C3CC(C)CNC(=O)C13,1.048,O=C1NCCCc2nc3cccnc3cc21
XS837226b,O=C(NCC1=CC=CS1)C2CC2(F)F,0.602,O=C(NCc1cccs1)C1CC1
XS848587a,CC=1C=C(N=C(N1)C(C)C)SC(C)C(N)=O,0.506,c1cncnc1
XS848590a,CC1CCCCN1C(=O)C=2C=CC(N)=CC2,0.388,O=C(c1ccccc1)N1CCCCC1
XS393571b,COC=1C=CC(=CN1)NC(=O)NC(C)C=2C=CC=CN2,16.988,O=C(NCc1ccccn1)Nc1cccnc1
XS839430b,CC1=NSC(C(=O)NC2CC32CCOCC3)=C1N,1.328,O=C(NC1CC12CCOCC2)c1ccns1
XS848605a,CC(C)C(C)NC(=O)C1=CN(N=N1)C=2C=CC=CC2,2.526,c1ccc(-n2ccnn2)cc1
XS848601a,CCCC(C)NC(=O)CN1C(=O)OC=2C=CC=CC21,0.422,O=c1[nH]c2ccccc2o1
XS848598a,CC=1OC=CC1C(=O)N2CCCC(C2)N3C=NC=N3,0.872,O=C(c1ccoc1)N1CCCC(n2cncn2)C1
XS836694b,CN(C(=O)N1CCOCC21CCOC2)C3CCCC3,1.154,O=C(NC1CCCC1)N1CCOCC12CCOC2
XS554996b,CC(C)(C)CC(=O)N1CCC(C1)NC=2C=CC=CC2,0.634,c1ccc(NC2CCNC2)cc1
XS838418b,CN1C=CN=C1C2=NOC(=N2)C3CCC4=CC=NN4C3,0.73,c1c[nH]c(-c2noc(C3CCc4ccnn4C3)n2)n1
XS627637b,O=C(O)C1CCCN(C1)C=2N=CN=C3C=CSC23,1.838,c1nc(N2CCCCC2)c2sccc2n1
XS841805b,O=C(O)C1(CCC2(CCCC2)C1)N3C=C(Cl)C=N3,1.154,c1cnn(C2CCC3(CCCC3)C2)c1
XS841311b,OC=1C=C(N=C(N1)C2CCOC2)C3CC(F)(F)C3,1.218,c1cc(C2CCC2)nc(C2CCOC2)n1
XS848596a,CC1CN(CCCO1)C(=O)C2=NNC=3C=CC=CC23,0.406,O=C(c1n[nH]c2ccccc12)N1CCCOCC1
XS841850b,CC1(C)C(CCN1C(N)=O)C=2C=CC=CC2Cl,0.598,c1ccc(C2CCNC2)cc1
XS848611a,O=C(NCCOC=1C=CC=CC1)C2CCC=3NN=CC3C2,0.386,O=C(NCCOc1ccccc1)C1CCc2[nH]ncc2C1
XS848609a,CCN1C(=NC=2C=CC=CC21)SC3CCN(C)C3=O,1.21,O=C1NCCC1Sc1nc2ccccc2[nH]1
XS848617a,CC(C)CCCC(C)NC(=O)C=1C=CC=C2OCOC12,0.694,c1ccc2c(c1)OCO2
XS848615a,O=C(NC=1C=CC=C(Br)C1)C2CCC(=O)N2,1.678,O=C1CCC(C(=O)Nc2ccccc2)N1
XS848607a,CC=1C=CC=CC1CN(C)C(=O)C2CCS(=O)(=O)C2,1.632,O=C(NCc1ccccc1)C1CCS(=O)(=O)C1
XS589560b,O=C1C(CCN1C=2C=CC=CC2F)N3C=C(N=N3)C4CC4,7.95,O=C1C(n2cc(C3CC3)nn2)CCN1c1ccccc1
XS848612a,CC(SC=1C=CC=CN1)C(=O)NC=2C=CC=C(C#N)C2,0.904,O=C(CSc1ccccn1)Nc1ccccc1
XS848608a,CCC1C(=O)NCCN1C(=O)C=2C=CC=C3C=CC=CC23,0.444,O=C1CN(C(=O)c2cccc3ccccc23)CCN1
XS842710b,O=C(CCC1=CSC=N1)N2CCC(C2)C3=CC=NN3,1.846,O=C(CCc1cscn1)N1CCC(c2ccn[nH]2)C1
XS848628a,CC=1C=CC(=CC1C#N)C(=O)N2CCC(C2)C=3C=NN(C)C3,1.056,O=C(c1ccccc1)N1CCC(c2cn[nH]c2)C1
XS736466b,COCCS(=O)(=O)N1CCCC(C1)C2=NC(C)=NO2,11.14,c1noc(C2CCCNC2)n1
XS848627a,COC=1C=CC=C(C1)NC(=O)C(C)OC=2C=CC=CC2C#N,0.404,O=C(COc1ccccc1)Nc1ccccc1
XS848631a,CC(NC(=O)CN1CCCCCCC1=O)C=2C=CC=NC2,0.372,O=C(CN1CCCCCCC1=O)NCc1cccnc1
XS842399b,CCOC(=O)C1CCCCN1CC2=C(N=CN2C)[N+]([O-])=O,0.464,c1ncc(CN2CCCCC2)[nH]1
XS837636b,C#CCN(CC=1C=CC=CC1)CC2CC3(CCCC3)C(=O)O2,1.556,O=C1OC(CNCc2ccccc2)CC12CCCC2
XS842124b,C#CCN(CCC=1C=CC=CC1F)C2CCS(=O)(=O)C2,2.404,O=S1(=O)CCC(NCCc2ccccc2)C1
XS842202b,CC=1N=NSC1CNC(=O)N2CC=3C=CC=CC3C2C,4.346,O=C(NCc1cnns1)N1Cc2ccccc2C1
XS848622a,CCC1=NC(=NO1)C2CCCN(C2)C(=O)C=3C=C(C)ON3,7.816,O=C(c1ccon1)N1CCCC(c2ncon2)C1
XS848625a,COC1=CC(=CC(=C1)C(=O)NC2CCC=3C=CC=CC32)OC,0.848,O=C(NC1CCc2ccccc21)c1ccccc1
XS848623a,CC1(C)C(=O)NCCN1C(=O)C2CSC=3C=CC=CC32,1.554,O=C1CN(C(=O)C2CSc3ccccc32)CCN1
XS570359b,CC1=C(C=NN1C)C(C)NC(=O)N(C)CC2CCCCC2,0.384,O=C(NCc1cn[nH]c1)NCC1CCCCC1
XS848630a,O=C(NCC1CCCCC1(F)F)C=2C=NN3C=CC=CC23,1.35,O=C(NCC1CCCCC1)c1cnn2ccccc12
XS635420b,C1=NN2CC(CCC2=N1)NCC3=CC(=NO3)C=4C=CC=CC4,5.24,c1ccc(-c2cc(CNC3CCc4ncnn4C3)on2)cc1
XS848640a,CC1CCCN(C1)C(=O)CSC2=NC=3C=CC=CC3N2C,3.52,O=C(CSc1nc2ccccc2[nH]1)N1CCCCC1
XS848648a,CC(C1=NC(=NO1)C2CC2)N3CCN(CC3)C=4N=CC=CN4,15.332,c1cnc(N2CCN(Cc3nc(C4CC4)no3)CC2)nc1
XS848650a,CC=1N=C(SC1C(=O)NCC2CCCO2)C=3N=CC=CN3,1.442,O=C(NCC1CCCO1)c1cnc(-c2ncccn2)s1
XS848645a,CC=1C=CC(=CC1F)NC(=O)C(C)OC=2C=CC(C#N)=CC2,0.462,O=C(COc1ccccc1)Nc1ccccc1
XS800022b,CC1C(=O)NCCN1C(=O)NC=2C=CC(=CC2)C(F)(F)F,1.368,O=C1CN(C(=O)Nc2ccccc2)CCN1
XS836536b,CCN1OCC(C1=O)N2CC=3C=NN(C=4C=CC=CC4)C3C2,0.712,O=C1NOCC1N1Cc2cnn(-c3ccccc3)c2C1
XS589454b,CC1=NOC(=N1)C(C)NC(=O)C=2C=CC(=NC2)OCC3CC3,4.62,O=C(NCc1ncno1)c1ccc(OCC2CC2)nc1
XS848655a,CC(C1=CC=2C=CC=CC2O1)N(C)C(=O)CC=3C=CC=CC3O,0.654,O=C(Cc1ccccc1)NCc1cc2ccccc2o1
XS392618b,CCC1=NOC(=N1)C(C)SC2=NC(C)=C(CC(N)=O)S2,0.642,c1noc(CSc2nccs2)n1
XS188269c,CC(CC(=O)NC=1C=CC(Br)=CC1)N2C=NC=N2,0.94,O=C(CCn1cncn1)Nc1ccccc1
XS588759b,CCC(CNC(=O)CC=1C=C(C)ON1)OC=2C=CC=C(F)C2,1.384,O=C(Cc1ccon1)NCCOc1ccccc1
XS848665a,CC(C#N)SC=1C=CC(=CN1)S(=O)(=O)N2CCCCC2,0.664,O=S(=O)(c1cccnc1)N1CCCCC1
XS848657a,O=C(CC1=NOC=2C=CC=CC12)N3CCCC3CN4C=CC=N4,0.866,O=C(Cc1noc2ccccc12)N1CCCC1Cn1cccn1
XS848661a,CCOC(=O)C1CCCN(C1)C(=O)COC=2C=CC=CC2O,3.678,O=C(COc1ccccc1)N1CCCCC1
XS848654a,NS(=O)(=O)C1=CN=C(NC2CCCC=3C=CC=CC32)S1,2.596,c1ccc2c(c1)CCCC2Nc1nccs1
XS842713b,CCC1OC2(CCN(CC2)C(=O)CC3=CCCCC3)NC1=O,1.27,O=C1COC2(CCN(C(=O)CC3=CCCCC3)CC2)N1
XS390527b,CC=1OC(=NC1C(=O)N2C=3C=CC=CC3CC2C)C=4C=CC=CC4,1.836,O=C(c1coc(-c2ccccc2)n1)N1CCc2ccccc21
XS660734b,CCC1(CNC(=O)NC(C2=NN=C3CCCN23)C(C)C)CCC1,0.562,O=C(NCc1nnc2n1CCC2)NCC1CCC1
XS841053b,[O-][N+](=O)C=1C=NN(C1)CCN2CCSC(C2)C=3C=CC=CC3,7.084,c1ccc(C2CN(CCn3cccn3)CCS2)cc1
XS848667a,FC=1C=CC(=CC1F)CN2CCCC(C2)C3=NOC(=N3)C4CC4,0.752,c1ccc(CN2CCCC(c3noc(C4CC4)n3)C2)cc1
XS848675a,CC(C=1C=CC=CC1Cl)N(C)CC2=NC(=NO2)C3=CC=CO3,0.66,c1ccc(CNCc2nc(-c3ccco3)no2)cc1
XS848672a,CS(=O)(=O)NC1CCCN(C1)C(=O)NC=2C=CC=CC2F,0.51,O=C(Nc1ccccc1)N1CCCCC1
XS848678a,CC(C)CCOC=1C=CC(=CC1)C(C)NC(=O)CN2C=NC=N2,3.23,O=C(Cn1cncn1)NCc1ccccc1
XS848676a,CC=1C=C(ON1)C2CCCN2C(=O)CC=3C=CC=4OCOC4C3,0.806,O=C(Cc1ccc2c(c1)OCO2)N1CCCC1c1ccno1
XS848674a,CC(C)OC=1C=CC=CC1C(C)NC(=O)C=2CCC(=O)N(C)N2,0.538,O=C1CCC(C(=O)NCc2ccccc2)=NN1
XS848671a,CCCC(C)NC(=O)C=1SC=2N=C3CCCN3C(=O)C2C1C,15.31,O=c1c2ccsc2nc2n1CCC2
XS842634b,CC1=CC(=NN1CC(=O)NC2CC32CCOCC3)C(F)(F)F,0.446,O=C(Cn1cccn1)NC1CC12CCOCC2
XS839842b,CC(C)C1(CNC(=O)C1)C(=O)NC=2C=C(OC(F)F)N(C)N2,2.75,O=C1CC(C(=O)Nc2cc[nH]n2)CN1
XS070659c,COC=1C=CC(O)=C(C1)C(=O)OC(C)C(=O)NC=2C=C(C)ON2,0.936,O=C(COC(=O)c1ccccc1)Nc1ccon1
XS848683a,O=C(O)C1CCN(C1)C(=O)C=2C=CC=C(C2)OCC=3C=CC=CC3,2.218,O=C(c1cccc(OCc2ccccc2)c1)N1CCCC1
XS848693a,CC1=NOC(=N1)C2CCCN(C2)S(=O)(=O)C=3C=CC(F)=CC3,15.302,O=S(=O)(c1ccccc1)N1CCCC(c2ncno2)C1
XS836701b,O=C(NC1=NC(=NN1)C=2C=CC=3CCCC3C2)C4CCNC(=O)C4,3.646,O=C1CC(C(=O)Nc2nc(-c3ccc4c(c3)CCC4)n[nH]2)CCN1
XS848692a,CC(C)CC(C1=NC(=NO1)C2CC2)N3C(=O)C=4C=CC=CC4C3=O,0.992,O=C1c2ccccc2C(=O)N1Cc1nc(C2CC2)no1
XS605977b,CS(=O)(=O)N1CCN(CC1)C(=O)C2COC=3C=CC=CC3C2,1.572,O=C(C1COc2ccccc2C1)N1CCNCC1
XS465363b,CC1=NOC(=N1)C2CCN(CC(=O)NC=3C=C(F)C=C(F)C3)C2,1.202,O=C(CN1CCC(c2ncno2)C1)Nc1ccccc1
XS837486b,O=C(NNC(=O)C1COCCO1)C2=COC(=N2)C3CCCCC3,8.588,O=C(NNC(=O)C1COCCO1)c1coc(C2CCCCC2)n1
XS848691a,CCOC=1C=CC(=CC1OCC)NC(C)C(=O)N2CCOCC2,1.966,O=C(CNc1ccccc1)N1CCOCC1
XS848686a,CC=1C=CC(F)=C(C1)C(=O)NC(C(=O)O)C=2C=CC(Cl)=CC2,1.39,O=C(NCc1ccccc1)c1ccccc1
XS848698a,COC=1C=CC(=CC1)CCCC(=O)N2CCCC(C2)N3C=CC=N3,6.256,O=C(CCCc1ccccc1)N1CCCC(n2cccn2)C1
XS154456b,CC=1C=CC(F)=CC1NC(=O)C=2C=CC=CC2OCC3CCCO3,0.526,O=C(Nc1ccccc1)c1ccccc1OCC1CCCO1
XS840532b,CCOC=1N=C(N=CC1Br)NC(CO)C2=CC=CO2,0.558,c1cnc(NCc2ccco2)nc1
XS838157b,CC1CSC=2C=CC=CC2N1CC=3N=NN(CC(F)(F)F)N3,1.774,c1ccc2c(c1)SCCN2Cc1nn[nH]n1
XS848705a,N#CC=1C=CC=NC1NCC(C=2C=CC=C(F)C2)N3CCOCC3,1.232,c1ccc(C(CNc2ccccn2)N2CCOCC2)cc1
XS848706a,CC=1C=CC2=NC(=CN2C1)CNC(=O)C(C(C)C)N3CCCC3=O,0.81,O=C(CN1CCCC1=O)NCc1cn2ccccc2n1
XS848704a,CC1=CC=C(O1)C(C)NC(=O)NC=2C=CC(=NC2)N3CCOCC3,1.628,O=C(NCc1ccco1)Nc1ccc(N2CCOCC2)nc1
XS839399b,CC1=NN(C=C1NC(=O)NCC(F)C=2C=CC=C(F)C2)C(F)F,0.712,O=C(NCCc1ccccc1)Nc1cn[nH]c1
XS839697b,O=S(=O)(NC(CO)C1=CC=CO1)C=2C=CC(=NC2)C(F)(F)F,0.85,O=S(=O)(NCc1ccco1)c1cccnc1
XS842516b,CC=1N=CC2=C(CCCC2NC(=O)C=3C=CC=C(N3)N4C=CC=N4)N1,0.598,O=C(NC1CCCc2ncncc21)c1cccc(-n2cccn2)n1
XS660383b,CCOC=1C=C(C)C(Cl)=CC1S(=O)(=O)NCC2CCCO2,0.462,O=S(=O)(NCC1CCCO1)c1ccccc1
XS839918b,O=C(NC1=NC=CN2N=CC=C12)C3CC4(CO3)CCC(F)(F)CC4,9.336,O=C(Nc1nccn2nccc12)C1CC2(CCCCC2)CO1
XS725213b,CC(=O)N1CCCC(O)(C1)C(=O)NCCOC=2C(C)=CC=CC2C,1.672,O=C(NCCOc1ccccc1)C1CCCNC1
XS848719a,CC(C(=O)NC1CC1)S(=O)(=O)CC=2C=CC=C(C2)C(F)(F)F,0.75,O=C(CS(=O)(=O)Cc1ccccc1)NC1CC1
XS836718b,CC(OC(=O)C1=CC(=NN1C=2C=CC=CC2)C=3C=CC=CC3)C(N)=O,0.406,c1ccc(-c2ccn(-c3ccccc3)n2)cc1
XS848712a,CC=1N=C(SC1C)C2CCCN(C2)C(=O)CCC=3C=NN(C)C3,0.634,O=C(CCc1cn[nH]c1)N1CCCC(c2nccs2)C1
XS848718a,O=C(COCC1=NC=2C=CC=CC2S1)NC3CCCCNC3=O,2.69,O=C(COCc1nc2ccccc2s1)NC1CCCCNC1=O
XS839260b,OCC1CC2(CCC2)CCN1C=3N=CC=C(COC=4C=CC=CC4)N3,3.25,c1ccc(OCc2ccnc(N3CCC4(CCC4)CC3)n2)cc1
XS575581b,O=C(C=1C=NC=C2C=CC=CC12)N3CCCC(C3)N4CCCCC4=O,5.478,O=C(c1cncc2ccccc12)N1CCCC(N2CCCCC2=O)C1
XS848725a,CC(NS(=O)(=O)CC1(C)CCOCC1)C2=NN=C3C=CC=CN23,2.96,O=S(=O)(CC1CCOCC1)NCc1nnc2ccccn12
XS842616b,O=S(=O)(CC1CCC2(CCC2)O1)NC3(CC3)C=4C=CC(F)=CC4,1.098,O=S(=O)(CC1CCC2(CCC2)O1)NC1(c2ccccc2)CC1
XS842739b,O=C(CCN1C=CN=N1)N(C2CCS(=O)(=O)C2)C3CCCCC3,1.066,O=C(CCn1ccnn1)N(C1CCCCC1)C1CCS(=O)(=O)C1
XS626429b,CC1=NC(=NO1)C2CCCN(C2)C(=O)CC3=CNC=4C=C(C)C=CC34,0.634,O=C(Cc1c[nH]c2ccccc12)N1CCCC(c2ncon2)C1
XS821901b,CC(NC=1C=CC(=CC1)N2CCCS2(=O)=O)C(=O)NC(C)(C)C,1.97,O=S1(=O)CCCN1c1ccccc1
XS848728a,FC=1C=CC(=CC1)CNCC2=CN(N=N2)C3CCC=4C=CC(F)=CC43,11.324,c1ccc(CNCc2cn(C3CCc4ccccc43)nn2)cc1
XS840198b,CC(NC=1N=CC=2SC=C(Br)C2N1)C3=CC=NN3C,4.82,c1cc(CNc2ncc3sccc3n2)[nH]n1
XS573736b,CCCC1=NOC(CCCC(=O)N2CCOC(CNC(C)=O)C2)=N1,1.664,O=C(CCCc1ncno1)N1CCOCC1
XS838527b,CN1N=CC(C#N)=C1N2CCC(F)(C2)C=3C=CC(=CC3)C(F)(F)F,1.59,c1ccc(C2CCN(c3ccn[nH]3)C2)cc1
XS827843b,CC=1C=NC(=CN1)C(=O)NC(C2=NC(=NO2)C=3C=CC=CC3)C(C)C,8.27,O=C(NCc1nc(-c2ccccc2)no1)c1cnccn1
XS848734a,CCC1=NC=2CCCC(C2S1)N(C)C(=O)C=3C=CC(=CC3)C(N)=O,0.904,O=C(NC1CCCc2ncsc21)c1ccccc1
XS837114b,CC=1C=CN2C=NN=C2C1NC(=O)C3CCOC=4C=CC(Cl)=CC43,1.884,O=C(Nc1cccn2cnnc12)C1CCOc2ccccc21
XS848744a,CC=1C=CC(OCC2=CC=C(O2)C(=O)NC3CCCNC3=O)=C(C)C1,2.18,O=C(NC1CCCNC1=O)c1ccc(COc2ccccc2)o1
XS837877b,O=C1C(CCN1C=2C=CC=CC2F)NS(=O)(=O)N3CCOCC3,2.982,O=C1C(NS(=O)(=O)N2CCOCC2)CCN1c1ccccc1
XS848729a,CC1=CSC(=N1)C2CCCCN2C(=O)C=3C=CC=C4OCCOC34,0.73,O=C(c1cccc2c1OCCO2)N1CCCCC1c1nccs1
XS841250b,O=C1C(F)=CN(C(=O)N1CC=2C=CC3=CC=CC=C3N2)C4CCCO4,1.896,O=c1ccn(C2CCCO2)c(=O)n1Cc1ccc2ccccc2n1
XS840716b,CC=1OCCCC1C(=O)NC(C)C=2C=CC(=CC2)NC(=O)NC3CC3,1.462,O=C(Nc1ccc(CNC(=O)C2=COCCC2)cc1)NC1CC1
XS848739a,O=C(COC(=O)C=1C=CC=C(Br)C1)NCC2CCCO2,1.442,O=C(COC(=O)c1ccccc1)NCC1CCCO1
XS848730a,CCC1=NC(=NO1)C2CCCN(C2)C(=O)C(=O)NC=3C=CC=C(C)C3,8.654,O=C(Nc1ccccc1)C(=O)N1CCCC(c2ncon2)C1
XS848741a,O=C(NC=1C=CC(=NC1)N2CCOCC2)C3COC=4C=CC=CC4O3,11.024,O=C(Nc1ccc(N2CCOCC2)nc1)C1COc2ccccc2O1
XS848742a,CC1C2=CC=CN2CCN1S(=O)(=O)C=3C=C(Cl)C=CC3Cl,1.09,O=S(=O)(c1ccccc1)N1CCn2cccc2C1
XS848740a,O=C(C1=CN=C2CCCCN12)N3CCC(C3)NC=4C=CC=C(Cl)C4,3.102,O=C(c1cnc2n1CCCC2)N1CCC(Nc2ccccc2)C1
XS848752a,CCNC(=O)C1CCCN(C1)C(=O)C=2OC=3C(=CC=CC3C2C)OC,0.864,O=C(c1cc2ccccc2o1)N1CCCCC1
XS848748a,O=C(C=1C=CC=2NC=3CCCCCC3C2C1)N4CCC(C4)C5=CC=NN5,0.962,O=C(c1ccc2[nH]c3c(c2c1)CCCCC3)N1CCC(c2ccn[nH]2)C1
XS499000b,CN(C(=O)C=1C=CC(Cl)=C(F)C1)C2CCCN(C2)C=3C=CC=NN3,0.962,O=C(NC1CCCN(c2cccnn2)C1)c1ccccc1
XS837840b,CC(C(=O)N(CC1=CC=CS1)C=2C=CC(F)=CC2F)N3C=NC=N3,0.444,O=C(Cn1cncn1)N(Cc1cccs1)c1ccccc1
XS599668b,COC=1C=CC(=CC1)C(CC(=O)NC2CCCCCCC2)NC(C)=O,0.652,O=C(CCc1ccccc1)NC1CCCCCCC1
XS848749a,CC=1C=CC=2NC=C(CC(C)NC(=O)C=3C=CC4=CN(C)N=C4C3)C2C1,1.576,O=C(NCCc1c[nH]c2ccccc12)c1ccc2c[nH]nc2c1
XS836608b,CN1C=NC(=C1N2CCC(C2)NC(=O)NC=3C=CC(F)=CC3)[N+]([O-])=O,2.542,O=C(Nc1ccccc1)NC1CCN(c2cnc[nH]2)C1
XS419585b,O=C(NC=1C=CN=CC1)N2CCCCC2C3=NC(=NO3)C=4C=CC=CC4,2.868,O=C(Nc1ccncc1)N1CCCCC1c1nc(-c2ccccc2)no1
XS848751a,CC(=O)NC(C(=O)NC1=NC=C(CC=2C=CC(F)=CC2)S1)C(C)C,0.424,c1ccc(Cc2cncs2)cc1
XS841010b,N#CC=1C=CC(=CC1)S(=O)(=O)NC(C=2C=CC=CC2)C=3C=CN=CC3,1.268,O=S(=O)(NC(c1ccccc1)c1ccncc1)c1ccccc1
XS704230b,O=C(NCC(C1=CC=CS1)C2=CNC=3C=CC=CC23)C=4C=CC=CN4,1.022,O=C(NCC(c1cccs1)c1c[nH]c2ccccc12)c1ccccn1
XS839160b,CN1C=C(C=N1)N2CCN(CC2)C(=O)NCC3CCC4(CCC4)CO3,1.538,O=C(NCC1CCC2(CCC2)CO1)N1CCN(c2cn[nH]c2)CC1
XS470258b,O=C(NC=1NN=C2C=CC(F)=CC12)C3CCOC=4C=CC(Cl)=CC43,0.48,O=C(Nc1[nH]nc2ccccc12)C1CCOc2ccccc21
XS841710b,CC1=NC(=NO1)C2CCN(C2)C(=O)NC=3C=CC(=CC3)N4C=CC(=O)N4,2.882,O=C(Nc1ccc(-n2ccc(=O)[nH]2)cc1)N1CCC(c2ncon2)C1
XS549518b,O=C(CCC1=NC=2C=CC=CC2C(=O)N1)N3CCCC3C4CCCCC4,1.012,O=C(CCc1nc2ccccc2c(=O)[nH]1)N1CCCC1C1CCCCC1
XS848757a,CC(C)C(NC(=O)C=1C=NC2=C(C=NN2C(C)C)C1)C=3C=CC(F)=CC3,0.73,O=C(NCc1ccccc1)c1cnc2[nH]ncc2c1
XS848762a,O=C(CN1N=NC=2C=CC=CC21)NC(C=3C=CC(F)=CC3)C4CCCC4,0.806,O=C(Cn1nnc2ccccc21)NC(c1ccccc1)C1CCCC1
XS823300b,CC1=CC(C)=C(C)C(SCC(=O)N(C)C2CCS(=O)(=O)C2)=C1C,1.14,O=C(CSc1ccccc1)NC1CCS(=O)(=O)C1
XS841090b,COC(=O)C(C=1C=CC(Cl)=CC1)N2CCN(CC2)S(=O)(=O)F,1.824,c1ccc(CN2CCNCC2)cc1
XS838952b,COCC=1N=CC(C(=O)N(C)C2CCOC=3C(C)=CC(C)=CC32)=C(N)N1,0.522,O=C(NC1CCOc2ccccc21)c1cncnc1
XS848753a,CC1=NNC(C)=C1NC(=O)C2CCN(C2=O)C=3C=CC=4OCCOC4C3,9.082,O=C(Nc1cn[nH]c1)C1CCN(c2ccc3c(c2)OCCO3)C1=O
XS848761a,CCN(CC)C(CNS(=O)(=O)C=1C=CC(C)=CC1)C=2C=CSC2,19.164,O=S(=O)(NCCc1ccsc1)c1ccccc1
XS848760a,NC(=O)COC=1C=CC(=CC1)NC(=O)C2CCCN(C2)C=3C=NC=CN3,6.314,O=C(Nc1ccccc1)C1CCCN(c2cnccn2)C1
XS848758a,CCC=1C=CC(=CC1)OCC(=O)NC(C)C=2C=CC(=CC2)N3C=CN=C3,2.264,O=C(COc1ccccc1)NCc1ccc(-n2ccnc2)cc1
XS848754a,CC(C)CN1N=CC(C(=O)NC(C(N)=O)C=2C=CC=CC2)=C1C(F)F,1.73,O=C(NCc1ccccc1)c1cn[nH]c1
XS838089b,CC1=NSC(NC2CC2)=C1C(=O)NC3CCOC4(CCOCC4)C3,1.884,O=C(NC1CCOC2(CCOCC2)C1)c1cnsc1NC1CC1
XS848756a,CCOC(=O)C1=C(COC=2C=CC(F)=CC2Cl)NC(=O)NC1CC,2.268,O=C1NCC=C(COc2ccccc2)N1
XS848776a,COCCOC=1C=CC(=CC1OC)C(C)NC(=O)CC=2C=CC(C)=CC2,0.442,O=C(Cc1ccccc1)NCc1ccccc1
XS848771a,OCCC(CNC1=NC=CN2N=CC(Br)=C12)C=3C=CC=CC3,0.846,c1ccc(CCNc2nccn3nccc23)cc1
XS848769a,O=C(NCC1CCCO1)C=2C=CC=CC2C3=NC=C(O3)C=4C=CC=CC4F,1.312,O=C(NCC1CCCO1)c1ccccc1-c1ncc(-c2ccccc2)o1
XS848779a,CC1=NOC=2N=CC(=CC12)S(=O)(=O)NC(C=3C=CC(C)=CC3)C4CC4,3.586,O=S(=O)(NC(c1ccccc1)C1CC1)c1cnc2oncc2c1
XS848768a,CC(NC(=O)C=1C=CC(=CC1)S(=O)(=O)N2CCCC2)C=3C=CC=CN3,0.806,O=C(NCc1ccccn1)c1ccc(S(=O)(=O)N2CCCC2)cc1
XS709226b,CCOC=1C=CC=C(C1)C(=O)N2CCC(CC2)C(=O)N3CCCC(C)C3,6.552,O=C(c1ccccc1)N1CCC(C(=O)N2CCCCC2)CC1
XS848770a,CC=1C=C2N(CC(O)COC=3C=CC4=CC=CC=C4C3)C(C)=CC(=O)N2N1,1.312,O=c1ccn(CCCOc2ccc3ccccc3c2)c2ccnn12
XS848766a,CCCOC=1C=CC(=CC1)CCC(=O)N2CCOCC2C3=NC(C)=NO3,3.958,O=C(CCc1ccccc1)N1CCOCC1c1ncno1
XS840055b,CC(NC1CN(C1)S(=O)(=O)N(C)C)C=2C=NC=C(Br)C2,3.74,c1cncc(CNC2CNC2)c1
XS848773a,COC=1C=CC(=CC1OC)C2CCCN2CC3=NN=C(O3)C=4C=CC=CC4,0.66,c1ccc(-c2nnc(CN3CCCC3c3ccccc3)o2)cc1
XS838339b,N#CC=1C=CC(CNC(=O)NCC(CC=2C=CC=CC2Cl)C(N)=O)=NC1,1.538,O=C(NCCCc1ccccc1)NCc1ccccn1
XS848783a,CC(NC=1C=CC(=CC1)NC(=O)C2CC2)C(=O)NC=3C=CC(F)=C(Cl)C3,2.866,O=C(CNc1ccc(NC(=O)C2CC2)cc1)Nc1ccccc1
XS398410b,COC=1C=C2CCN(CC2=CC1OC)C(C)C(=O)NC=3C=CC=CC3Cl,0.488,O=C(CN1CCc2ccccc2C1)Nc1ccccc1
XS799692b,CCC1=NOC(=N1)C(C)N(C)CC=2C=CC(=CC2)C(=O)NCC(F)(F)F,0.402,c1ccc(CNCc2ncno2)cc1
XS848791a,CC=1C=CC=C2C(=O)N(C=NC12)CC(=O)N3CCCC(C3)NC(=O)C(C)C,3.384,O=C(Cn1cnc2ccccc2c1=O)N1CCCCC1
XS842518b,CC=1C=CC(=CC1)C2=NN=C(CN(C)C(C)C=3C=CC(=CC3)N4C=NC=N4)O2,6.34,c1ccc(-c2nnc(CNCc3ccc(-n4cncn4)cc3)o2)cc1
XS848782a,COC=1C=CC=C(C1)S(=O)(=O)N2CCC(C2)OC=3C=CC(Cl)=CC3,1.268,O=S(=O)(c1ccccc1)N1CCC(Oc2ccccc2)C1
XS841680b,CC1(C)CN(CC(C)(O1)C(F)(F)F)C(=O)C=2C=NC=C(N2)N3C=CC=N3,1.762,O=C(c1cncc(-n2cccn2)n1)N1CCOCC1
XS840717b,CCC1=C(C=NN1C=2C=CC(=CC2)C(F)(F)F)C(=O)OCC3CCOC3,2.62,O=C(OCC1CCOC1)c1cnn(-c2ccccc2)c1
XS848784a,CC1=NC(=CC2=NN=CN12)N3CCC4(CC4N(C)CC5=NC=CS5)CC3,2.1,c1csc(CNC2CC23CCN(c2cc4nncn4cn2)CC3)n1
XS559368b,O=C(NCC=1C=CC=CC1OC2CCCC2)C3CC(=O)N(CC(F)(F)F)C3,0.384,O=C1CC(C(=O)NCc2ccccc2OC2CCCC2)CN1
XS394230b,CC(=O)NC=1C=CC(=CC1)NC(=O)C(C)OC(=O)CC2=CNC=3C=CC=CC23,1.344,O=C(COC(=O)Cc1c[nH]c2ccccc12)Nc1ccccc1
XS841526b,CN1N=CC=2C=C(C=C(O)C21)C(=O)N3CCC(O)(CC=4C=CC(Cl)=CC4)C3,0.864,O=C(c1ccc2[nH]ncc2c1)N1CCC(Cc2ccccc2)C1
XS507173b,CC(C)N1C=NC(=C1)S(=O)(=O)N2CC=3C=CC=CC3C(C2)C=4C=CC=CC4,0.54,O=S(=O)(c1c[nH]cn1)N1Cc2ccccc2C(c2ccccc2)C1
XS679812b,COC1=CC(=CC(=C1)OC)NC(=O)C2CCCN2C=3N=CN=C4C=CC=CC34,6.738,O=C(Nc1ccccc1)C1CCCN1c1ncnc2ccccc12
XS012145d,CCOC=1C=CC=2OC(C(=O)N3CCN(CC3)C(=O)C4CCCO4)=C(C)C2C1,1.85,O=C(c1cc2ccccc2o1)N1CCN(C(=O)C2CCCO2)CC1
XS199193c,CC(=O)NC=1C=CC=C(C1)C=2CC(C3=CC=CS3)N(N2)C(=O)C4=CC=CO4,0.558,O=C(c1ccco1)N1N=C(c2ccccc2)CC1c1cccs1
XS848805a,CC1=NN(C=C1C=2C=CC=CC2)CC(=O)NC3CC(C)(C)OC=4C=C(F)C=CC43,1.372,O=C(Cn1cc(-c2ccccc2)cn1)NC1CCOc2ccccc21
XS632570b,CC1=NN(CC=2C=CC=CC2)C(C)=C1C3COCCN3C(=O)C4=CC=C(C#N)N4,0.96,O=C(c1ccc[nH]1)N1CCOCC1c1cnn(Cc2ccccc2)c1
XS848803a,CC=1C=C(N(C)N1)N2CCC(NC(=O)COC=3C=CC=C(C3)C(F)(F)F)C2=O,1.23,O=C(COc1ccccc1)NC1CCN(c2ccn[nH]2)C1=O
XS412674b,CC(C)(C)C=1C=CC=CC1OCC(=O)N2CCCC(C2)C3=NN=C4C=CC=CN34,0.52,O=C(COc1ccccc1)N1CCCC(c2nnc3ccccn23)C1
XS842576b,CCCN(CC(=O)NC1CCCC=2C=CC=CC21)CC3=NN=C(O3)C4=CC=CO4,0.404,O=C(CNCc1nnc(-c2ccco2)o1)NC1CCCc2ccccc21
XS842208b,O=C(NC1CCCC2=CN(CC(F)(F)F)N=C21)C3=CN(N=N3)C=4C=CC=CC4,2.22,O=C(NC1CCCc2c[nH]nc21)c1cn(-c2ccccc2)nn1
XS757617b,CC=1N=C(SC1C(=O)NC2CCN(C2=O)C=3C=CC(C)=CC3)C=4C=NN(C)C4,16.408,O=C(NC1CCN(c2ccccc2)C1=O)c1cnc(-c2cn[nH]c2)s1
XS848821a,CN(CCC=1C=CC=CC1)C(=O)C=2C=NN3CCC(CNC(=O)C=4C=CC=NC4)CC23,4.45,O=C(NCC1CCn2ncc(C(=O)NCCc3ccccc3)c2C1)c1cccnc1
XS848825a,CC(C(=O)N(C)C1CCCCC1)S(=O)(=O)CC2=CSC(=N2)C3=CC=CS3,1.324,O=C(CS(=O)(=O)Cc1csc(-c2cccs2)n1)NC1CCCCC1
XS635967b,CC(C)(C)C1=NOC(CCC(=O)NC2CCOC=3C(Br)=CC=CC32)=N1,0.48,O=C(CCc1ncno1)NC1CCOc2ccccc21
XS848827a,COC=1C=CC(=CC1F)NC(=O)C2CC(=O)N(CCC=3C=CC(OC)=C(C3)OC)C2,9.302,O=C(Nc1ccccc1)C1CC(=O)N(CCc2ccccc2)C1
XS478894b,CC1=CC(=C(C)S1)S(=O)(=O)N2CCN(CC2)C(=O)C(C(C)C)N3C=NC=N3,1.614,O=C(Cn1cncn1)N1CCN(S(=O)(=O)c2ccsc2)CC1
XS848816a,O=S(=O)(NC(CN1CCOCC1)C=2C=CC=CC2)C=3C=C(Cl)C=C(Cl)C3,0.726,O=S(=O)(NC(CN1CCOCC1)c1ccccc1)c1ccccc1
XS842128b,CC(O)(CN1C=CC=CC1=O)C(=O)NCC=2C=CC(=CC2)N3CCCS3(=O)=O,3.788,O=C(CCn1ccccc1=O)NCc1ccc(N2CCCS2(=O)=O)cc1
XS848820a,COC=1C=CC=2CC(C=3C=CC=CC3)N(CC2C1)C(=O)NC=4C=NC(=NC4)N(C)C,1.97,O=C(Nc1cncnc1)N1Cc2ccccc2CC1c1ccccc1
XS848832a,COC=1C=C2CCN(C(=O)C=3C=C4C=CC=CC4=NC3C)C(CC(=O)O)C2=CC1OC,0.73,O=C(c1cnc2ccccc2c1)N1CCc2ccccc2C1
XS848850a,NC(=O)C(NC(=O)C=1C=CC(=NC1)N2CCCCCC2)C=3C=CC=C(Br)C3,4.122,O=C(NCc1ccccc1)c1ccc(N2CCCCCC2)nc1
XS848834a,CC(SC1=NN=C(C2CC2)N1CC3=CC=CO3)C(=O)N4CCN(CC4)C=5C=CC=CC5,4.536,O=C(CSc1nnc(C2CC2)n1Cc1ccco1)N1CCN(c2ccccc2)CC1
XS840609b,[O-][N+](=O)C=1C=C(C=CC1N2CCOCC2)C(=O)NC(CN3C=NC=N3)C=4C=CC=CC4,1.212,O=C(NC(Cn1cncn1)c1ccccc1)c1ccc(N2CCOCC2)cc1
XS848846a,COC=1C=CC(=CC1)C=2CC(C3=CC=CO3)N(N2)C(=O)CN4CCN(CC4)C(=O)C5=CC=CS5,0.288,O=C(c1cccs1)N1CCN(CC(=O)N2N=C(c3ccccc3)CC2c2ccco2)CC1
XS848847a,CC(=O)OC12CC(C1)(C2)C(=O)NCCC3=CSC(=N3)C(NC(=O)C=4C=CC=CC4)C=5C=CC=CC5,0.978,O=C(NC(c1ccccc1)c1nc(CCNC(=O)C23CC(C2)C3)cs1)c1ccccc1
XS841318b,CN1C=CN=C1C(NC(=O)CC=2C=C(Cl)C=3OCCCOC3C2)C=4C=CC(F)=CC4,1.936,O=C(Cc1ccc2c(c1)OCCCO2)NC(c1ccccc1)c1ncc[nH]1
XS848837a,COC=1C=CC(=CC1)C(CNC(=O)C=2C=CC(C)=C(C2)NC(=O)C3=CC=CO3)N4CCCC4,2.138,O=C(NCC(c1ccccc1)N1CCCC1)c1cccc(NC(=O)c2ccco2)c1
XS848839a,CC(=O)NC(CC1=CNC=2C=CC=CC12)C(=O)N3CCC(CC3)C4=NC=5C=CC=CC5S4,2.08,O=C(CCc1c[nH]c2ccccc12)N1CCC(c2nc3ccccc3s2)CC1
XS181683b,CN1C=CN=C1C(NC(=O)CC=2C=C(Cl)C=3OCCCOC3C2)C=4C=CC(Cl)=CC4,2.14,O=C(Cc1ccc2c(c1)OCCCO2)NC(c1ccccc1)c1ncc[nH]1
XS848855a,O=C(NC=1C=NNC1)C2COC=3C=CC=CC3C2,0.522,O=C(Nc1cn[nH]c1)C1COc2ccccc2C1
XS837852b,O=C(C1CCCCO1)N2CCCN3N=NN=C23,2.74,O=C(C1CCCCO1)N1CCCn2nnnc21
XS838400b,FC=1C=NC=C(N1)N2CCC(C2)C(F)F,0.582,c1cnc(N2CCCC2)cn1
XS841984b,COC=1C=CC(=CC1F)C(C)NC2=NN=C(C)O2,0.522,c1ccc(CNc2nnco2)cc1
XS840800b,C=1C=CC(=CC1)C=2CC3C=4C=CC=CC4OCN3N2,1.55,c1ccc(C2=NN3COc4ccccc4C3C2)cc1
XS848860a,CCN(C(=O)NC1CC1)C(C)C=2C=CC=C(O)C2,0.7,O=C(NCc1ccccc1)NC1CC1
XS839950b,CC1=CC(=NS1)C(=O)N(C)C(C)CCO,1.272,c1cnsc1
XS848858a,CNC(=O)NC(=O)C(C)N1CCC=2C=CC=CC21,0.902,c1ccc2c(c1)CCN2
XS848853a,CC(NC(=O)C1CCCC1)C=2C=CC=CN2,1.024,O=C(NCc1ccccn1)C1CCCC1
XS837471b,CN1N=CN=C1C(=O)NCC2CC2(C)C,0.578,O=C(NCC1CC1)c1ncn[nH]1
XS848851a,CN1N=CC=C1CS(=O)C=2C=CC(O)=CC2,0.468,O=S(Cc1ccn[nH]1)c1ccccc1
XS838096b,CC(NC1=CC(=O)NC(=O)N1)C=2C=CC=CC2,4.212,O=c1cc(NCc2ccccc2)[nH]c(=O)[nH]1
XS838667b,CC=1N=C(NCCC2CCC(C)(C)CO2)OC1C#N,18.81,c1coc(NCCC2CCCCO2)n1
XS842439b,COC(=O)C=1C=NC=C(N1)N2CCSCCC2C,4.084,c1cnc(N2CCCSCC2)cn1
XS848873a,CCCC(C)NC(=O)C=1C=CC(=NC1)N2C=CC=N2,0.54,c1ccc(-n2cccn2)nc1
XS031801c,CCOC(=O)C=1C=NN(C1N)C2CCS(=O)(=O)C2,3.18,O=S1(=O)CCC(n2cccn2)C1
XS848871a,CC(NC=1C=CC2=NN=NN2N1)C=3C=CC=CC3F,1.268,c1ccc(CNc2ccc3nnnn3n2)cc1
PK009098b,CC1=CC(=NO1)NC(=O)C(C)SC=2C=CC=CN2,1.464,O=C(CSc1ccccn1)Nc1ccon1
XS510004b,CCN1CC(CC1=O)C2=NC(CC=3C=CC=NC3)=NO2,4.968,O=C1CC(c2nc(Cc3cccnc3)no2)CN1
XS840151b,NC(=O)C1=NC=C(NC(=O)CC2CCCO2)S1,3.23,O=C(CC1CCCO1)Nc1cncs1
XS837334b,CC=1C=C(Br)C(=O)N(CC(C)C(C)C)N1,0.578,O=c1cccn[nH]1
XS848877a,CC=1C=C(F)C=CC1NC(=O)C(C)OCC(C)C,0.462,c1ccccc1
XS848886a,CCC1=CN=C(NC(=O)C2CCCC=3NN=NC32)S1,0.796,O=C(Nc1nccs1)C1CCCc2[nH]nnc21
XS848888a,CCC(OC=1C=CC=CC1)C(=O)N(C)CC=2C=CC=NC2,1.166,O=C(COc1ccccc1)NCc1cccnc1
XS848887a,O=C(NC=1C=CC=CC1O)C2CC=3C=CC=CC3C(=O)O2,2.2,O=C1OC(C(=O)Nc2ccccc2)Cc2ccccc21
XS848884a,CC=1C=C(C)N(CC(O)COC=2C=CC=C3NC=CC23)N1,1.736,c1cc(OCCCn2cccn2)c2cc[nH]c2c1
XS848889a,CC1CCCCN1C(=O)C=2C=NC=C(Br)C2,2.56,O=C(c1cccnc1)N1CCCCC1
XS036984c,CC(=O)NC=1C=CC=C(C1)NC(C)C(=O)N2CCCC2,0.41,O=C(CNc1ccccc1)N1CCCC1
XS660335b,CCOC=1C=CC(=CC1)S(=O)(=O)NCC2CCCO2,1.89,O=S(=O)(NCC1CCCO1)c1ccccc1
XS848891a,CC(C(=O)NC1=NC(=CS1)C(C)(C)C)N2C=NC=N2,1.444,O=C(Cn1cncn1)Nc1nccs1
XS840320b,C#CCC(NC=1N=C2C=CC=CC2=NC1F)C(=O)OCC,0.71,c1ccc2nccnc2c1
XS840225b,CC1=NOC=2N=CN=C(C12)N(C)C(C)CC3=CC=CS3,0.986,c1csc(CCNc2ncnc3oncc23)c1
XS396859b,C1=CN(CC2CN(CCO2)C=3N=CN=C4C=CC=CC34)N=C1,3.732,c1ccc2c(N3CCOC(Cn4cccn4)C3)ncnc2c1
XS848905a,O=C(C1CCCO1)N2CCN(CC2)C=3N=CC=CC3Cl,1.486,O=C(C1CCCO1)N1CCN(c2ccccn2)CC1
XS848907a,O=C(C=1C=CC=2OCOC2C1)N3CCCC3C=4C=CN=CC4,4.902,O=C(c1ccc2c(c1)OCO2)N1CCCC1c1ccncc1
XS848906a,CC1CCCN(C1)C(=O)C2=CC=C(NC(=O)C3CC3)S2,2.236,O=C(Nc1ccc(C(=O)N2CCCCC2)s1)C1CC1
XS848909a,O=C(C1COC=2C=CC=CC2C1)N(CC3=CC=CO3)C4CC4,0.606,O=C(C1COc2ccccc2C1)N(Cc1ccco1)C1CC1
XS557443b,COC=1C=CC(=CC1)C(NC(=O)NC2(C)CCC2)C3CC3,0.5,O=C(NC1CCC1)NC(c1ccccc1)C1CC1
XS419497b,CC(NC(=O)CC1=CN2C=CSC2=N1)C3=CC=CS3,0.818,O=C(Cc1cn2ccsc2n1)NCc1cccs1
XS802773b,CC=1C=CN=C(N1)N2CCCC(C2)C3=NOC(=N3)C(C)C,1.634,c1cnc(N2CCCC(c3ncon3)C2)nc1
XS671763b,COC=1C=CC(=CN1)NC(=O)CN2CCCCC(O)C2=O,8.996,O=C(CN1CCCCCC1=O)Nc1cccnc1
XS837359b,CC1=CC(CNC2=NN=C(O2)C3CC43CCOCC4)=NO1,3.558,c1cc(CNc2nnc(C3CC34CCOCC4)o2)no1
XS837292b,C#CCOCCC(=O)N1CCC2(C1)CCCC=3C=CC=CC32,0.64,c1ccc2c(c1)CCCC21CCNC1
XS783754b,CCC=1C=CC=NC1NC(=O)C2CC(=O)N(C2)C(C)(C)C,1.192,O=C1CC(C(=O)Nc2ccccn2)CN1
XS684671b,CC1=CC(=NN1)C2CCCN(C2)C(=O)CC3=CSC(C)=N3,2.152,O=C(Cc1cscn1)N1CCCC(c2cc[nH]n2)C1
XS848919a,CCC=1OC=NC1C(=O)N2CC(C=3C=NN(C)C3)C(C)(C)C2,1.98,O=C(c1cocn1)N1CCC(c2cn[nH]c2)C1
XS840705b,O=C(NCC1CCCCC1(F)F)C2=CSC3=NC=CN23,0.442,O=C(NCC1CCCCC1)c1csc2nccn12
XS848917a,CC(C(=O)NC(=O)NC1CC1)N(C)CCOC=2C=CC=CC2,0.84,O=C(CNCCOc1ccccc1)NC(=O)NC1CC1
XS803898b,COC=1C=CC=CC1NC(=O)NC2CCCC3=C2C=NN3C,0.482,O=C(Nc1ccccc1)NC1CCCc2[nH]ncc21
XS848916a,CC=1C=CC=CC1NC(=O)C(C)OC(=O)CC=2C=CSC2,1.402,O=C(COC(=O)Cc1ccsc1)Nc1ccccc1
XS842433b,CC1CC(=NO1)NC(=O)C(C)(C)OC=2C(F)=CC=CC2F,0.654,O=C(COc1ccccc1)NC1=NOCC1
XS605734b,CC1=CSC(=O)N1CC(=O)NC(C)C=2C=CC=C(Cl)C2,0.48,O=C(Cn1ccsc1=O)NCc1ccccc1
XS848927a,CC(OC=1C=CC=CC1)C(=O)NC=2C=CC=NC2N3C=CC=N3,0.432,O=C(COc1ccccc1)Nc1cccnc1-n1cccn1
XS836572b,CC1CCN(CC2=CN=C3C=NC=CN23)C=4C=CC=CC4S1,0.428,c1ccc2c(c1)SCCCN2Cc1cnc2cnccn12
XS837968b,O=S(=O)(CC=1C=CC=CN1)NC(CF)C=2C=CC(F)=CC2,2.074,O=S(=O)(Cc1ccccn1)NCc1ccccc1
XS716343b,CN(CC=1C=CSC1)C(=O)C2CC(=O)N(C2)C3CCCC3,1.698,O=C(NCc1ccsc1)C1CC(=O)N(C2CCCC2)C1
XS194241d,O=C1CC(CN1C=2C=CC=C(Cl)C2)C3=NC=4C=CC=CC4N3,3.83,O=C1CC(c2nc3ccccc3[nH]2)CN1c1ccccc1
XS848924a,O=C(C=1C=CC=2CCCC2C1)N3CCC(O)(CN4C=CN=N4)C3,1.368,O=C(c1ccc2c(c1)CCC2)N1CCC(Cn2ccnn2)C1
XS839486b,O=S(=O)(CC=1C=NC=C(C1)C(F)(F)F)CC2CCOC2,6.052,O=S(=O)(Cc1cccnc1)CC1CCOC1
XS838627b,NC(=O)CC=1C=CC=CC1C2=CN(N=N2)C3C=CCCCCC3,0.93,C1=CC(n2cc(-c3ccccc3)nn2)CCCCC1
XS842704b,CC(C1CC1)N2N=C(CCC2=O)C=3C=CC=4NC(=O)CCC4C3,0.424,O=C1CCc2cc(C3=NN(CC4CC4)C(=O)CC3)ccc2N1
XS837338b,O=C(CC=1C=NSC1)N2CCCCC2C3(N=N3)C(F)(F)F,0.712,O=C(Cc1cnsc1)N1CCCCC1C1N=N1
XS848933a,C1=CN(CC2CN(CC3=NC(=NO3)C=4C=COC4)CCO2)N=C1,3.582,c1cnn(CC2CN(Cc3nc(-c4ccoc4)no3)CCO2)c1
XS848936a,O=C(CCC1=NC=C(O1)C=2C=CC(F)=CC2)NCC3CCCO3,3.29,O=C(CCc1ncc(-c2ccccc2)o1)NCC1CCCO1
XS837268b,CC(C)C=1C=C(NC(=O)CN2CCCC(C2)C(F)(F)F)ON1,1.336,O=C(CN1CCCCC1)Nc1ccno1
XS836819b,CC(C)C1N(CC21CCCC2)C3=C(C#N)C(=O)N(C)C(=O)N3C,0.444,O=c1cc(N2CC3(CCCC3)C2)[nH]c(=O)[nH]1
XS848932a,CC(NC(=O)CN1CCCCCC1)C=2C=CC=3CCCCC3C2,0.546,O=C(CN1CCCCCC1)NCc1ccc2c(c1)CCCC2
XS848940a,CCN1C=NN=C1CNC(=O)C2COC=3C=CC(Cl)=CC3C2,1.478,O=C(NCc1nnc[nH]1)C1COc2ccccc2C1
XS742167b,CCC1=CSC(=N1)C2CCCN(C2)C(=O)C=3C(C)=NOC3C,0.924,O=C(c1cnoc1)N1CCCC(c2nccs2)C1
XS333944b,COC=1C=CN=C(N1)N2CCN(CC2)C(=O)C(C)N3C=NC=N3,1.578,O=C(Cn1cncn1)N1CCN(c2ncccn2)CC1
XS396286b,CCC=1N=CN=C(C1F)N2CCCC(C2)C=3C=C(NN3)C(N)=O,9.534,c1cc(N2CCCC(c3cc[nH]n3)C2)ncn1
XS840931b,CCN(CC=1N=CN(N1)C=2C=CC=CC2)C3CCS(=O)(=O)C3,2.676,O=S1(=O)CCC(NCc2ncn(-c3ccccc3)n2)C1
XS836723b,CC1CCCN(C1)C(=O)CN(C)S(=O)(=O)C2=CC=CS2,2.286,O=C(CNS(=O)(=O)c1cccs1)N1CCCCC1
XS838395b,COC(=O)C1CCC2(CN(C2)C=3N=CC=C(N3)OC(C)C)CO1,0.584,c1cnc(N2CC3(CCCOC3)C2)nc1
XS713764b,CC(C(=O)NCC=1C=CC=2OCOC2C1)N3CCC=4C=CC=CC43,0.464,O=C(CN1CCc2ccccc21)NCc1ccc2c(c1)OCO2
XS839190b,O=C1C=NC=2C=CC=C(Cl)C2N1CC3CCCS(=O)(=O)C3,6.236,O=c1cnc2ccccc2n1CC1CCCS(=O)(=O)C1
XS636791b,O=C(NCC1CCCO1)C2=CC=C(S2)C=3C=CC(Cl)=CC3,2.36,O=C(NCC1CCCO1)c1ccc(-c2ccccc2)s1
XS841029b,O=S(=O)(F)C=1C=NC(=CN1)NC2CCN(C2)C=3N=CC=CN3,18.11,c1cnc(N2CCC(Nc3cnccn3)C2)nc1
XS699714b,O=C(C(C=1C=CC=CC1)N2CCC=3C=CC=CC32)N4CCOCC4,0.982,O=C(C(c1ccccc1)N1CCc2ccccc21)N1CCOCC1
XS681772b,COC=1C=CC=C(C1)C2CCCN2C(=O)C=3C=CC=C4C=NNC34,25.68,O=C(c1cccc2cn[nH]c12)N1CCCC1c1ccccc1
XS842052b,CC=1C=CC2=C(C=CN=C2C1Cl)NCC3CN(C(=O)O3)C4CC4,1.172,O=C1OC(CNc2ccnc3ccccc23)CN1C1CC1
XS840309b,CC(C1=NC(=NO1)C2=CC=CS2)N3C=NC=4SC=CC4C3=O,2.578,O=c1c2ccsc2ncn1Cc1nc(-c2cccs2)no1
XS839036b,CC1=CC(C)=NC(NCC(C)S(=O)(=O)C=2C=CC=CC2)=C1C#N,0.828,O=S(=O)(CCNc1ccccn1)c1ccccc1
XS848948a,COCC1=NC(=CS1)C(=O)N2CCCCC2CC=3C=CC=CC3,1.676,O=C(c1cscn1)N1CCCCC1Cc1ccccc1
XS840526b,CC1CN(CCN1C2=NC=CS2)C=3N=CC=C(N3)C(F)(F)F,6.196,c1cnc(N2CCN(c3nccs3)CC2)nc1
XS848960a,O=C(CNC(=O)C1CC=2C=C(Cl)C=CC2O1)NC=3C=CC=NC3,3.932,O=C(CNC(=O)C1Cc2ccccc2O1)Nc1cccnc1
XS838559b,C1=CN=C(N=C1)N2CCC(CC2)C3=NN=C(NCC4CCCO4)O3,2.086,c1cnc(N2CCC(c3nnc(NCC4CCCO4)o3)CC2)nc1
XS475430b,O=C(C=1C=CN(N1)C=2C=CC=CC2)N3CCCCC3CN4C=CC=N4,0.636,O=C(c1ccn(-c2ccccc2)n1)N1CCCCC1Cn1cccn1
XS848970a,CC1=NOC(=N1)C2CCCN(C2)C(=O)CN3CCC=4C=CC=CC43,0.87,O=C(CN1CCc2ccccc21)N1CCCC(c2ncno2)C1
XS848961a,CC1=CN2N=C(SC2=N1)N3CCOC(CN4N=C(C)N=C4C)C3,0.976,c1cn2nc(N3CCOC(Cn4cncn4)C3)sc2n1
XS848967a,CC(NC(=O)CC(C)(C)C)C(=O)NCCC=1C=CC=2OCCC2C1,1.23,c1ccc2c(c1)CCO2
XS660698b,O=C(O)CC(NC(=O)C=1C=CN(N1)C=2C=CC=CC2)C=3C=CC=CC3,0.654,O=C(NCc1ccccc1)c1ccn(-c2ccccc2)n1
XS478409b,COCC=1C=CC=CC1CNC(=O)CN2CCCCC(OC)C2=O,0.484,O=C(CN1CCCCCC1=O)NCc1ccccc1
XS848964a,CC(C)(C)NC(=O)CSC1=NN=C(O1)C2CCS(=O)(=O)C2,1.73,O=S1(=O)CCC(c2nnco2)C1
XS848965a,CCC1=CSC(=N1)C2CCCN(C2)C(=O)CCCN3C=CC=N3,1.866,O=C(CCCn1cccn1)N1CCCC(c2nccs2)C1
XS840467b,COC(=O)C(NC(=O)C1=CC(=O)C=2C=CC=CC2N1)C=3C=CC=CC3,0.694,O=C(NCc1ccccc1)c1cc(=O)c2ccccc2[nH]1
XS848969a,CC(OC=1C=CC(Cl)=CC1)C(=O)NC2=NC(=NN2)C(F)(F)F,2.548,O=C(COc1ccccc1)Nc1ncn[nH]1
XS839039b,O=S1(=O)CCC(C1)C2=CN(CC=3N=COC3C(F)(F)F)N=N2,0.408,O=S1(=O)CCC(c2cn(Cc3cocn3)nn2)C1
XS842002b,CCC1=NN2CCCC(NC=3N=CN=C4C=5C=CC=CC5OC34)C2=N1,1.674,c1ccc2c(c1)oc1c(NC3CCCn4ncnc43)ncnc12
XS553729b,COC=1C=CC=2C=C(NC2C1)C(=O)N(C(C)C=3C=CC=NC3)C4CC4,10.156,O=C(c1cc2ccccc2[nH]1)N(Cc1cccnc1)C1CC1
XS848963a,CCCOC1CCCN(C1)C(=O)CC2=COC(=N2)C3=CC=CS3,2.714,O=C(Cc1coc(-c2cccs2)n1)N1CCCCC1
XS785596b,COC=1C=CC=C(C1)C(=O)NC(CN2CCCC2=O)C=3C=CC=CC3,1.134,O=C(NC(CN1CCCC1=O)c1ccccc1)c1ccccc1
XS581946b,CC1=NN(N=C1C(=O)N2CCCC(C2)N3C=CC=N3)C=4C=CC=CC4,1.33,O=C(c1cnn(-c2ccccc2)n1)N1CCCC(n2cccn2)C1
XS842000b,CN1N=C(C=2C=C(C=NC21)C(=O)NC3(C)CC=CCC3)C(F)(F)F,2.096,O=C(NC1CC=CCC1)c1cnc2[nH]ncc2c1
XS848975a,CCC=1C=CC(=CC1)NC(=O)CC2CN(CC=3C=CC=CC3)CCO2,2.324,O=C(CC1CN(Cc2ccccc2)CCO1)Nc1ccccc1
XS848972a,O=C(C=1C=C(NN1)C=2C=CC(F)=CC2)N3CCCC(C3)N4C=CC=N4,2.246,O=C(c1cc(-c2ccccc2)[nH]n1)N1CCCC(n2cccn2)C1
XS842615b,COC=1C=CC=C2C1CCC2NS(=O)(=O)C=3SC(C)=NC3C,0.424,O=S(=O)(NC1CCc2ccccc21)c1cncs1
XS836627b,COC=1C=CC=2CC(CCCC2C1)NC=3N=CN=C4SC(C)=NC34,0.762,c1ccc2c(c1)CCCC(Nc1ncnc3scnc13)C2
XS848974a,CN(CCC#N)C(=O)CN1CCSCC1C=2C=CC(Cl)=CC2,2.734,c1ccc(C2CSCCN2)cc1
XS842266b,CC1(C)CC(CCNC(=O)CC=2C=CC(=CC2)N3C=NN=C3)C(=O)N1,3.336,O=C(Cc1ccc(-n2cnnc2)cc1)NCCC1CCNC1=O
XS848994a,CC=1C=CC=C(C1)OCCNC(=O)N2CCCC(C2)C3=NN=CN3C,0.386,O=C(NCCOc1ccccc1)N1CCCC(c2nnc[nH]2)C1
XS836602b,CC1CCCN(C1)S(=O)(=O)C=2C=C3OCCOC3=CC2[N+]([O-])=O,0.566,O=S(=O)(c1ccc2c(c1)OCCO2)N1CCCCC1
XS837737b,CC(C=1C=C(F)C=CC1F)N(C)C(=O)C=2C=CC=3C(=O)C=COC3C2,1.39,O=C(NCc1ccccc1)c1ccc2c(=O)ccoc2c1
XS548772b,O=C(NC1CCCN(C1)C=2C=CC=CC2F)C=3C=CC=C4OCOC34,6.708,O=C(NC1CCCN(c2ccccc2)C1)c1cccc2c1OCO2
XS848996a,CC(C)CN1CC(CC1=O)C(=O)NC=2C=CN(CC=3C=CC=CC3)N2,1.814,O=C1CC(C(=O)Nc2ccn(Cc3ccccc3)n2)CN1
XS392458b,CC1CC=2C=CC=CC2N1C(=O)C3=CC=C(O3)S(=O)(=O)NC4CC4,1.094,O=C(c1ccc(S(=O)(=O)NC2CC2)o1)N1CCc2ccccc21
XS849001a,COCCN1CCC(C1)NC(=O)C2(CCCC2)C=3C=CC=C(C3)OC,1.016,O=C(NC1CCNC1)C1(c2ccccc2)CCCC1
XS838951b,O=C(O)C1COC2(C1)CCN(CC2)C3=NN=C(S3)C=4C=CC=CC4,11.338,c1ccc(-c2nnc(N3CCC4(CCCO4)CC3)s2)cc1
XS836545b,O=C1CCC2CN(CC3=NN=C(O3)C=4C=CC=C5C=CC=CC45)CCN12,0.842,O=C1CCC2CN(Cc3nnc(-c4cccc5ccccc45)o3)CCN12
XS849009a,CC=1C=CC(NC(=O)NC2CCCC3=C2C=NN3CCO)=C(Cl)C1,0.44,O=C(Nc1ccccc1)NC1CCCc2[nH]ncc21
XS849007a,CC1=CSC(CNC(=O)NC(C)C=2C=CC=3OCCCOC3C2)=N1,1.808,O=C(NCc1ccc2c(c1)OCCCO2)NCc1nccs1
XS708482b,O=C(CN1C=C(N=N1)C2CC2)N3CCCC3C=4C=CC=C5C=CC=CC45,4.952,O=C(Cn1cc(C2CC2)nn1)N1CCCC1c1cccc2ccccc12
XS838832b,CC1(O)CNC(=O)N(CCOCC=2C=CC(Cl)=CC2Cl)C1=O,0.422,O=C1CCNC(=O)N1CCOCc1ccccc1
XS849012a,N#CC=1C=CC(NCC=2C=CC(=CC2)N3CCCC(C3)C(N)=O)=C(F)C1,0.682,c1ccc(NCc2ccc(N3CCCCC3)cc2)cc1
XS841839b,N#CC1=C(N=C2C=CC=CN12)N3CCC4(CC4C(=O)N5CCCC5)CC3,4.698,O=C(C1CC12CCN(c1cn3ccccc3n1)CC2)N1CCCC1
XS836635b,O=C(NCC=1C=CC=2NC(=O)CC2C1)NC=3C=NN(C3)CC4CCCO4,1.232,O=C1Cc2cc(CNC(=O)Nc3cnn(CC4CCCO4)c3)ccc2N1
XS837227b,CC1=CSC(=N1)C2COCCN2S(=O)(=O)C=3C=CC(C#N)=NC3,9.79,O=S(=O)(c1cccnc1)N1CCOCC1c1nccs1
XS849017a,CC1=NN(CC(O)COC=2C=CC=3OCOC3C2)C(=O)C=4C=CC=CC14,2.104,O=c1c2ccccc2cnn1CCCOc1ccc2c(c1)OCO2
XS849016a,CC(NC(=O)CCC1CCCC1)C=2C=CC(=CC2)OCC=3C=CC=NC3,2.22,O=C(CCC1CCCC1)NCc1ccc(OCc2cccnc2)cc1
XS839945b,CS(=O)(=O)C=1C=C(C=CC1Cl)NC(=O)NCC2CCCC32CC3,2.166,O=C(NCC1CCCC12CC2)Nc1ccccc1
XS837594b,O=C(NNC(=O)C=1C=CN(N1)C2CC2(F)F)C3=CN4CCCCC4=N3,4.128,O=C(NNC(=O)c1ccn(C2CC2)n1)c1cn2c(n1)CCCC2
XS849022a,CCOC=1C=CC(=CC1)OCC(=O)NCC(CO)CC=2C=CC(C)=CC2,4.304,O=C(COc1ccccc1)NCCCc1ccccc1
XS839109b,CC1=CC(=NN1C)C(=O)NCC2CN(CCO2)C=3N=CC=4COCC4N3,1.196,O=C(NCC1CN(c2ncc3c(n2)COC3)CCO1)c1cc[nH]n1
XS849025a,O=C(NC1CC1)C(NC=2C=CC=C(Br)C2)C=3C=CC(F)=CC3,0.772,O=C(NC1CC1)C(Nc1ccccc1)c1ccccc1
XS838915b,CCC=1ON=C(C(=O)NCCNC(=O)CC2CCCC3(CCC3)O2)C1C,1.056,O=C(CC1CCCC2(CCC2)O1)NCCNC(=O)c1ccon1
XS849030a,COC=1C=CC(=CC1)N2CC(CC2=O)C(=O)NCCC3=CSC(C)=N3,8.758,O=C(NCCc1cscn1)C1CC(=O)N(c2ccccc2)C1
XS849027a,CNC(=O)C=1C=CC=C(C1)C2=NOC(=N2)C(C)N3C=CC(=N3)C(F)(F)F,5.896,c1ccc(-c2noc(Cn3cccn3)n2)cc1
XS555641b,O=C(NCC1COCCO1)C2=CC=C(S2)C3=NC=4C=CC=CC4S3,2.398,O=C(NCC1COCCO1)c1ccc(-c2nc3ccccc3s2)s1
XS849032a,CCCS(=O)(=O)N1CCCC(C1)C(=O)NCC=2C=CC=CC2Cl,2.564,O=C(NCc1ccccc1)C1CCCNC1
XS849042a,CCOC=1C=C2CC(C)OC2=CC1CNC(=O)C=3C=CC=C(OC)C3OC,1.092,O=C(NCc1ccc2c(c1)OCC2)c1ccccc1
XS828520b,COC=1C=CC=2C(=COC2C1)CC(=O)N(C)CC3COC=4C=CC=CC4O3,2.104,O=C(Cc1coc2ccccc12)NCC1COc2ccccc2O1
XS390568b,CC(C(=O)NC=1C=CC=C(C1)NC(=O)C=2C=CC(F)=C(F)C2)N3C=CC=N3,10.634,O=C(Cn1cccn1)Nc1cccc(NC(=O)c2ccccc2)c1
XS809876b,O=C(NCC=1C=CC(Cl)=CC1Cl)C2CC(=O)N(CC(F)(F)F)C2,0.536,O=C1CC(C(=O)NCc2ccccc2)CN1
XS837017b,CC1(C)CN(CC2(O)CCCOC2)CC=3C=CC(Br)=CC3O1,1.538,c1ccc2c(c1)CN(CC1CCCOC1)CCO2
XS719316b,CC(=O)N1CCC=2C=C(C=CC21)NC(C)C(=O)NC=3C=CC(Cl)=CC3F,0.876,O=C(CNc1ccc2c(c1)CCN2)Nc1ccccc1
XS842690b,CC(NC(=O)N1CCN2C(=O)NN=C2C1)C=3C=CC(=CC3)OC(F)(F)F,0.602,O=C(NCc1ccccc1)N1CCn2c(n[nH]c2=O)C1
XS840192b,CCC(C)(COC=1N=CC=CC1Cl)NC(=O)C=2C=CC=3COCCC3C2,0.974,O=C(NCCOc1ccccn1)c1ccc2c(c1)CCOC2
XS840399b,CC=1C=CC2=NC(=CC(=O)N2C1)CN(CC3=CC=CO3)C4CCS(=O)(=O)C4,1.666,O=c1cc(CN(Cc2ccco2)C2CCS(=O)(=O)C2)nc2ccccn12
XS837435b,CC1=C(N=NN1C)C(=O)NCC(NC(=O)C2=COCCO2)C3CCCCC3,3.544,O=C(NC(CNC(=O)c1c[nH]nn1)C1CCCCC1)C1=COCCO1
XS636799b,CC(OC(=O)C=1C=CC=C(C1)N2C(=O)CCC2=O)C(=O)NCC3CCCCC3,2.736,O=C(COC(=O)c1cccc(N2C(=O)CCC2=O)c1)NCC1CCCCC1
XS592109b,NS(=O)(=O)C=1C=NN(C1)CCC(=O)N2CCCC2CCC=3C=CC=CC3,1.73,O=C(CCn1cccn1)N1CCCC1CCc1ccccc1
XS849043a,O=C(NCCC=1C=CC=CC1)C2CCCN(C2)S(=O)(=O)C3=CC=CS3,3.416,O=C(NCCc1ccccc1)C1CCCN(S(=O)(=O)c2cccs2)C1
XS836749b,COC(=O)C1=C(C)N(CC(C)C)C(=O)NC1C=2C=CC(=C(F)C2)N3C=NC=N3,0.81,O=C1NC=CC(c2ccc(-n3cncn3)cc2)N1
XS849044a,CCC(OC(=O)C1CCN(CC1)S(C)(=O)=O)C(=O)NC=2C=CC(F)=CC2,1.884,O=C(COC(=O)C1CCNCC1)Nc1ccccc1
XS548484b,COC=1C=CC=C2C(C)=C(OC12)C(=O)NC3CCCN(C=4C=CC=NC4)C3=O,1.838,O=C(NC1CCCN(c2cccnc2)C1=O)c1cc2ccccc2o1
XS840664b,CC(CC=1C=CC=CC1F)NC(=O)C(=O)NC=2C=CC=CC2CN3C=NC=N3,0.964,O=C(NCCc1ccccc1)C(=O)Nc1ccccc1Cn1cncn1
XS841795b,O=C(CC(F)(F)F)N1CCC(CC1)NC(=O)C2(O)CCC=3C=CC=CC3C2,1.018,O=C(NC1CCNCC1)C1CCc2ccccc2C1
XS840653b,CC=1OC(=NC1CC(=O)NC(C)C2=CN(N=N2)C=3C=CC=CC3)C4=CC=CO4,10.296,O=C(Cc1coc(-c2ccco2)n1)NCc1cn(-c2ccccc2)nn1
XS840602b,CCOC(=O)C(C)(CNC(=O)C=1C=NN(N1)C=2C=CC=CC2)C=3C=CC=CC3,4.612,O=C(NCCc1ccccc1)c1cnn(-c2ccccc2)n1
XS849058a,O=C(C=1C=CC(=CC1)N2CCCC2=O)N3CCCC3C4=NC=5C=CC=CC5S4,12.014,O=C1CCCN1c1ccc(C(=O)N2CCCC2c2nc3ccccc3s2)cc1
XS574234b,CCOC=1C=CC(=CC1)C2=NC(=CS2)C(=O)N3CCCC(CN4C=CN=N4)C3,0.688,O=C(c1csc(-c2ccccc2)n1)N1CCCC(Cn2ccnn2)C1
XS839382b,CC(NC(=O)COC(=O)C1=CC(=CN1C)[N+]([O-])=O)C23CC4CC(CC(C4)C3)C2,3.176,O=C(COC(=O)c1ccc[nH]1)NCC12CC3CC(CC(C3)C1)C2
XS840764b,COCC=1N=C2C(CCCN2N1)NS(=O)(=O)C=3C=C(Cl)C=C4CCOC34,0.77,O=S(=O)(NC1CCCn2ncnc21)c1cccc2c1OCC2
XS849063a,COC(=O)C1=C(C)NC(=O)N=C1SCC(=O)NC(C)CCC=2C=CC=CC2,1.54,O=C(CSc1cc[nH]c(=O)n1)NCCCc1ccccc1
XS839641b,CCC1=NC(C)=C(S1)C(C)N(C)S(=O)(=O)C=2C=NC3=C(C2)C(C)=NN3C,1.614,O=S(=O)(NCc1cncs1)c1cnc2[nH]ncc2c1
XS458418b,O=S(=O)(C=1C=CC=C(Cl)C1)N2CCCC(C2)C3=NN=C4CCCCCN34,1.038,O=S(=O)(c1ccccc1)N1CCCC(c2nnc3n2CCCCC3)C1
XS841332b,CC1=CC=CN(CC=2C(F)=CC=CC2NC(=O)N3CCC4(CCN(C)C4)C3)C1=O,1.23,O=C(Nc1ccccc1Cn1ccccc1=O)N1CCC2(CCNC2)C1
XS849059a,CC=1C=CC(=CC1)N2CC(CC2=O)C(=O)N(C)CC=3C=CC(=CC3)OC(F)F,1.154,O=C(NCc1ccccc1)C1CC(=O)N(c2ccccc2)C1
XS849055a,CC(NC(=O)C=1C=CC2=C(C1)CCN2S(C)(=O)=O)C=3C=CC=4OCOC4C3,1.356,O=C(NCc1ccc2c(c1)OCO2)c1ccc2c(c1)CCN2
XS712838b,CC1CCCCN1C(=O)C=2C=CC(=CC2)S(=O)(=O)N3CCCC=4C=CC=CC43,0.622,O=C(c1ccc(S(=O)(=O)N2CCCc3ccccc32)cc1)N1CCCCC1
XS841584b,CC1=NN(C)C(C)=C1C2COCCN2C(=O)C3=CC=4C=CC=CC4N3CC5CC5,1.768,O=C(c1cc2ccccc2n1CC1CC1)N1CCOCC1c1cn[nH]c1
XS842740b,N#CC1(CS(=O)(=O)N2CCC(C2)(C3=NC(=NO3)C4CC4)C(F)(F)F)CC1,1.306,O=S(=O)(CC1CC1)N1CCC(c2nc(C3CC3)no2)C1
XS849053a,CC=1C=C(N(C)N1)N2CCC(NC(=O)C3=CSC(CC=4C=CC=CC4)=N3)C2=O,1.448,O=C(NC1CCN(c2ccn[nH]2)C1=O)c1csc(Cc2ccccc2)n1
XS849078a,CN1C=CN=C1C(NC(=O)CCOC=2C=CC(Cl)=CC2)C=3C=CC(Cl)=CC3,2.038,O=C(CCOc1ccccc1)NC(c1ccccc1)c1ncc[nH]1
XS849075a,CC(CCC=1C=CC=CC1)NC(=O)C2CCN(CC2)S(=O)(=O)C3=CC=CS3,1.676,O=C(NCCCc1ccccc1)C1CCN(S(=O)(=O)c2cccs2)CC1
XS849064a,CC=1C=CC(=CC1Cl)N2N=CC(C(=O)N3CCCC(C3)C4=CC=NN4)=C2C5CC5,3.202,O=C(c1cnn(-c2ccccc2)c1C1CC1)N1CCCC(c2ccn[nH]2)C1
XS849076a,CC(CC=1C=CC(Cl)=CC1)NC(=O)C=2C=C(C=CC2Cl)S(=O)(=O)N(C)C,0.518,O=C(NCCc1ccccc1)c1ccccc1
XS161622c,COC=1C=CC(=CC1)N2CC(CC2=O)C(=O)NC3=CC(C)=NN3CC=4C=CC=CC4,22.686,O=C(Nc1ccnn1Cc1ccccc1)C1CC(=O)N(c2ccccc2)C1
XS841384b,CC1C2=NN=C(C3CCCC3)N2CCN1CC(=O)NC=4C=CC=5OC(F)(F)OC5C4,1.538,O=C(CN1CCn2c(nnc2C2CCCC2)C1)Nc1ccc2c(c1)OCO2
XS849077a,CC(C)OC=1C=CC=C(C1)C(C)NC(=O)CC2=CSC(=N2)NC(=O)C3=CC=CO3,1.348,O=C(Cc1csc(NC(=O)c2ccco2)n1)NCc1ccccc1
XS849073a,CCOC(=O)C1CCCN(C1)C=2N=CN=C3C2N=CN3CC4(CO)CCOCC4,2.112,c1nc(N2CCCCC2)c2ncn(CC3CCOCC3)c2n1
XS849066a,CC1=CN2N=C(SC2=N1)N3CCC4(CC4C5=NN=C(O5)C=6C=CC=C(F)C6)CC3,8.934,c1ccc(-c2nnc(C3CC34CCN(c3nn5ccnc5s3)CC4)o2)cc1
XS849088a,CC1=NC(=CS1)COC=2C=CC(=CC2)C(=O)NC(C)C=3C=CC(=CC3)S(C)(=O)=O,2.138,O=C(NCc1ccccc1)c1ccc(OCc2cscn2)cc1
XS849084a,CC1=NN(C(C)=C1C2C(=O)NCCN2CC(=O)NCCC3=CC=CS3)C=4C=CC=CC4,1.21,O=C(CN1CCNC(=O)C1c1cnn(-c2ccccc2)c1)NCCc1cccs1
XS849093a,CC1=NSC=2N=CC(=CC12)C(=O)N3CCCC(C3)NC(=O)CCCC=4C=CC=CC4,5.894,O=C(CCCc1ccccc1)NC1CCCN(C(=O)c2cnc3sncc3c2)C1
XS849085a,CC1=NN(C(C)=C1S(=O)(=O)N(C)CC2=CC=CO2)C(C)C(=O)N3CCC=4C=CC=CC43,0.926,O=C(Cn1cc(S(=O)(=O)NCc2ccco2)cn1)N1CCc2ccccc21
XS159141d,O=C(C1=CSC(=N1)C2=CC=CS2)N3CCN(CC3)C(=O)C4COC=5C=CC=CC5O4,1.068,O=C(c1csc(-c2cccs2)n1)N1CCN(C(=O)C2COc3ccccc3O2)CC1
XS838529b,O=C(C1CC=2C=CC=CC2C(=O)O1)N3CCN(CC4=NC(=NO4)C5=CC=CS5)CC3,3.718,O=C1OC(C(=O)N2CCN(Cc3nc(-c4cccs4)no3)CC2)Cc2ccccc21
