mol_id,smiles,rs,scaffold
XS843058a,CCC1CCCCN1C(=O)NC=2C=CC=C(C)C2,0.84,O=C(Nc1ccccc1)N1CCCCC1
XS842627b,CCC(C(N)=O)N1C=CC(=N1)C(F)(F)F,0.388,c1cn[nH]c1
XS843059a,O=C(NC=1C=CNN1)C2COC=3C=CC=CC3C2,0.682,O=C(Nc1cc[nH]n1)C1COc2ccccc2C1
XS843054a,COC(=O)C1CC(=O)N(C1)C=2C=CC=CC2,1.236,O=C1CCCN1c1ccccc1
XS441021b,CC1=NN(C)C(C)=C1C(=O)NC2COC=3C=CC=CC32,0.536,O=C(NC1COc2ccccc21)c1cn[nH]c1
XS843065a,CN1N=CC2=C1CCCC2NC(=O)C=3C=CC(O)=NC3,0.768,O=C(NC1CCCc2[nH]ncc21)c1cccnc1
XS841996b,C#CC(C)N(C)C(=O)NCC1(CC1)C=2C=CC=CC2C,0.822,c1ccc(C2CC2)cc1
XS839514b,O=C(N1CC=2C=CC=CC2CO1)C3(O)CCSC3,0.536,O=C(C1CCSC1)N1Cc2ccccc2CO1
XS843063a,CC(NC(=O)C=1C=CC=CC1)C(=O)NC=2C=CC=CC2,5.68,O=C(CNC(=O)c1ccccc1)Nc1ccccc1
XS843062a,CN1N=CC=2C(=NC=NC21)NC3CCC=4C=CC=CC43,3.752,c1ccc2c(c1)CCC2Nc1ncnc2[nH]ncc12
XS779015b,COC=1C=CC=C(C1)CNC(=O)C2CCC(=O)NC2,2.122,O=C1CCC(C(=O)NCc2ccccc2)CN1
XS820591b,CC=1C=CC(=CC1)NC(=O)NC(CO)C=2C=CC=CC2,0.398,O=C(NCc1ccccc1)Nc1ccccc1
XS843067a,CC(C(=O)NC=1C=CC(Cl)=CC1)S(C)(=O)=O,0.606,c1ccccc1
XS839908b,N#CC1CN(CCN1C2CC2)C(=O)CC3=CC=CO3,0.97,O=C(Cc1ccco1)N1CCN(C2CC2)CC1
XS061098d,CC1CC=2C=CC=CC2N1C(=O)C=3C=C(Cl)C=CN3,0.846,O=C(c1ccccn1)N1CCc2ccccc21
XS843073a,CNC=1N=C(C)C=C(N1)C(=O)NC(C)C2CCOCC2,0.382,O=C(NCC1CCOCC1)c1ccncn1
XS843071a,CCC(C)(NC(=O)C=1C=C(C)N=CN1)C2=NC=CS2,1.656,O=C(NCc1nccs1)c1ccncn1
XS552967b,CCC1CN(C(=O)C=2OC(C)=NC2C)C=3C=CC=CC3O1,0.556,O=C(c1cnco1)N1CCOc2ccccc21
XS838263b,CC=1CC(C=2C=CC=CC2)N(N1)C=3C=CC(=CC3)[N+]([O-])=O,1.872,C1=NN(c2ccccc2)C(c2ccccc2)C1
XS843084a,CC(NC(=O)C1=NNC(=O)C=2C=CC=CC12)C3=CC=CO3,0.438,O=C(NCc1ccco1)c1n[nH]c(=O)c2ccccc12
XS716684b,CC=1N=CN(CC(O)COC=2C=CC=CC2)C(=O)C1C,0.702,O=c1ccncn1CCCOc1ccccc1
XS393537b,O=C(O)CC(NC(=O)C1CCCC1)C=2C=CC(F)=CC2,0.382,O=C(NCc1ccccc1)C1CCCC1
XS838593b,COCC1=NSC(CN2CC(C)C=3C=CC=CC32)=N1,0.462,c1ccc2c(c1)CCN2Cc1ncns1
XS837307b,CN1CCC(OC(=O)C=2C=NNC2C3=CC=CS3)C1=O,1.426,O=C(OC1CCNC1=O)c1cn[nH]c1-c1cccs1
XS546353b,CC(NC(=O)NC1=NC(=NS1)C=2C=CC=CC2)C3CC3,0.664,O=C(NCC1CC1)Nc1nc(-c2ccccc2)ns1
XS843094a,CC(C)OC=1C=CC(=CC1)C=2C=CC(=CC2)C3COC(=O)N3,2.952,O=C1NC(c2ccc(-c3ccccc3)cc2)CO1
XS758413b,CN1N=CC2=C1CCCC2NC(=O)C3=CC=4C=CC=CC4N3,1.384,O=C(NC1CCCc2[nH]ncc21)c1cc2ccccc2[nH]1
XS599656b,CC(CNC(=O)C=1C=CC2=NC=CN=C2C1)C=3C=CC=CC3,0.588,O=C(NCCc1ccccc1)c1ccc2nccnc2c1
XS838415b,CC(C1=CC=CS1)C2=NOC(=N2)C3=CC=NN4C=CN=C34,0.66,c1csc(Cc2noc(-c3ccnn4ccnc34)n2)c1
XS746901b,CC1=CSC(=N1)C2COCCN2CC=3C=CC=C(O)C3,0.572,c1ccc(CN2CCOCC2c2nccs2)cc1
XS677064b,CC1=CC=C(O1)C(=O)N2CCCC(O)(CN3C=CN=N3)C2,0.404,O=C(c1ccco1)N1CCCC(Cn2ccnn2)C1
XS843095a,O=C1CCC(N1)C=2C=CC(=CC2)C3=NNC=4C=CC=C(F)C34,0.398,O=C1CCC(c2ccc(-c3n[nH]c4ccccc34)cc2)N1
XS843107a,CN1C=CC(=C1)C(=O)N2CCCCC2C=3NN=CC3C(N)=O,0.464,O=C(c1cc[nH]c1)N1CCCCC1c1ccn[nH]1
XS843099a,CC1=CC(C)=NN1C2CCCN(C2)C(=O)CC3=CC=CS3,1.56,O=C(Cc1cccs1)N1CCCC(n2cccn2)C1
XS843103a,CC=1C=CC=C(C1)NC(=O)NC2CCSC=3C=CC=CC32,0.682,O=C(Nc1ccccc1)NC1CCSc2ccccc21
XS843104a,O=C(NC1CCCCNC1=O)C=2N=CC=CC2C(F)(F)F,1.7,O=C(NC1CCCCNC1=O)c1ccccn1
DR000792b,CC(C)CC1CCN(C1)C(=O)C=2C=CC(=CC2)N3C=CN=N3,1.398,O=C(c1ccc(-n2ccnn2)cc1)N1CCCC1
XS843106a,CN1N=NC=C1CC(=O)N2CCCC2C=3C=CC(Cl)=CC3,0.608,O=C(Cc1cnn[nH]1)N1CCCC1c1ccccc1
XS702260b,CCC1=NC(CN2C(=O)CC(C)(C2=O)C=3C=CC=CC3)=NO1,1.624,O=C1CC(c2ccccc2)C(=O)N1Cc1ncon1
XS843118a,O=C(NC1CCCC2=C1C=NN2CC=3C=CC=CC3)N4CCC4,1.314,O=C(NC1CCCc2c1cnn2Cc1ccccc1)N1CCC1
XS843119a,O=C(CC1=CNC=2C=CC=CC12)N3CCCC(C3)C(F)(F)F,4.696,O=C(Cc1c[nH]c2ccccc12)N1CCCCC1
XS843116a,COC=1C=C(C=CC1OC(C)C(=O)NC2CCCC2)C(=O)O,0.414,O=C(COc1ccccc1)NC1CCCC1
XS735582b,CC(C)(C)NC(=O)C1CSCN1C(=O)CC=2C=CC=CC2,0.65,O=C(Cc1ccccc1)N1CCSC1
XS840582b,CN1C=C(C=N1)CC(=O)NC(CO)C=2C=CC(Cl)=C(F)C2,0.75,O=C(Cc1cn[nH]c1)NCc1ccccc1
XS837438b,CN=S(C)(=O)C=1C=CC=C(C1)NC(=O)C=2N=C(C)OC2C,0.4,O=C(Nc1ccccc1)c1cocn1
XS841268b,CN1C(=NC(=O)COCC2CCCO2)SC=3C=CC=CC31,0.852,O=C(COCC1CCCO1)N=c1[nH]c2ccccc2s1
XS837367c,CN1N=CC=2C=CC(=CC21)CNC=3C=CC=CC3C4CC4(F)F,1.024,c1ccc(C2CC2)c(NCc2ccc3cn[nH]c3c2)c1
XS549090b,COC=1C=CC2=C(C1)CCN2C(=O)C=3C=NN4CCC(C)CC34,1.738,O=C(c1cnn2c1CCCC2)N1CCc2ccccc21
XS837532b,C1=C(N=NN1C2CCC=3C=CC=NC32)C=4C=NC5=CC=CC=C5N4,0.486,c1cnc2c(c1)CCC2n1cc(-c2cnc3ccccc3n2)nn1
XS843132a,CC(C)NC(=O)NCC=1C=CC(=CC1)N2CCCC(C2)C(N)=O,0.86,c1ccc(N2CCCCC2)cc1
XS843127a,NC(=O)C1=CC(=CN1)C(=O)N2CCC(F)(C2)C=3C=CC(F)=CC3,0.876,O=C(c1cc[nH]c1)N1CCC(c2ccccc2)C1
XS838679b,COC(=O)C1CCC=2C=C(C=CC2N1CC3=CCCOC3)OC,0.99,C1=C(CN2CCCc3ccccc32)COCC1
XS843129a,O=C(NCCC=1C=CC=2OCOC2C1)NC3CCCCNC3=O,1.24,O=C(NCCc1ccc2c(c1)OCO2)NC1CCCCNC1=O
XS843128a,CCOC(=O)CN1C(=NC=2C=CC=CC21)C3CC(=O)N(CC)C3,1.966,O=C1CC(c2nc3ccccc3[nH]2)CN1
XS841434b,N#CC=1C=C(C=CC1C(F)(F)F)N2CCCC(C2)N3C=NC=N3,0.664,c1ccc(N2CCCC(n3cncn3)C2)cc1
XS843139a,CC(OC=1C=CC(Cl)=CC1)C(=O)NCC2=NN=C3CCCN23,0.65,O=C(COc1ccccc1)NCc1nnc2n1CCC2
XS740366b,NC(=O)C1CCN(C1)C(=O)C2=CC(=NN2C=3C=CC=CC3)C4CC4,3.122,O=C(c1cc(C2CC2)nn1-c1ccccc1)N1CCCC1
XS843142a,CC(C=1C=CC=CC1)N(C(=O)CN2N=CC=3N=CC=CC32)C4CC4,0.4,O=C(Cn1ncc2ncccc21)N(Cc1ccccc1)C1CC1
XS841819b,CC=1C=CC=CC1C2C(=O)NCCN2C3=NN=C(S3)C(F)F,1.462,O=C1NCCN(c2nncs2)C1c1ccccc1
XS843141a,N#CC=1C=CC=C(C1)NC(=O)C2CCCN(C2)C(=O)C=3C=COC3,0.672,O=C(Nc1ccccc1)C1CCCN(C(=O)c2ccoc2)C1
XS841030b,COCC1C=2C=CC=CC2CN1C=3N=CC(=CN3)S(=O)(=O)F,0.462,c1cnc(N2Cc3ccccc3C2)nc1
XS843135a,O=C(NC=1C=CC(F)=CC1)NC(CN2C=NC=N2)C=3C=CC=CC3,0.378,O=C(Nc1ccccc1)NC(Cn1cncn1)c1ccccc1
XS843140a,COC=1C=CC=CC1NC(=O)N(C)C(C)C2=CC=3C=CC=CC3O2,0.67,O=C(NCc1cc2ccccc2o1)Nc1ccccc1
XS841612b,CC=1C=C(NCC2CC(=NO2)C(F)(F)F)C(F)=CC1[N+]([O-])=O,1.014,C1=NOC(CNc2ccccc2)C1
XS843151a,CCN(CC)C(=O)C(C)NC(=O)C=1C=CC(=CC1)N2N=CC=C2C,1.618,c1ccc(-n2cccn2)cc1
XS843154a,O=C(NCC=1C=NN(C1)C=2C=CC=CC2)NC3CCCCNC3=O,1.99,O=C(NCc1cnn(-c2ccccc2)c1)NC1CCCCNC1=O
XS755929b,COC=1C=CC(=CC1)CC2CCCN2C(=O)CC=3C(C)=NOC3C,0.514,O=C(Cc1cnoc1)N1CCCC1Cc1ccccc1
MR045844c,CC1=CC=C(O1)C2CSCCN2C(=O)C=3C=C4N=CC=CN4N3,1.17,O=C(c1cc2ncccn2n1)N1CCSCC1c1ccco1
XS127715b,O=C(NC1CCCC=2C=CC=CC21)C=3C=NC=C(Br)C3,1.094,O=C(NC1CCCc2ccccc21)c1cccnc1
XS624222b,COCC=1C=CC=C(C1)CN2N=C(C)C(=C2C)C3CCCC(=O)N3,1.002,O=C1CCCC(c2cnn(Cc3ccccc3)c2)N1
XS836792b,COC=1N=CC(=CC1Cl)C(C)NC=2C=CC=3CCNC(=O)C3C2,0.418,O=C1NCCc2ccc(NCc3cccnc3)cc21
XS842492b,CC(NC(=O)C=1C=CNN1)C=2C=CC(OC=3C=CC=NC3)=C(F)C2,0.438,O=C(NCc1ccc(Oc2cccnc2)cc1)c1cc[nH]n1
XS843172a,C=1SC(=NC1CN2CCCC2CC=3C=CC=CC3)C=4N=CC=CN4,1.346,c1ccc(CC2CCCN2Cc2csc(-c3ncccn3)n2)cc1
XS843158a,CCC(C)(C)NC(=O)CS(=O)CC1=CC(=NO1)C=2C=CC=CC2,0.62,c1ccc(-c2ccon2)cc1
XS842744b,NC1=NN2C=CC=CC2=C1C(=O)NCC3(CO)CCC=4C=CC=CC43,0.438,O=C(NCC1CCc2ccccc21)c1cnn2ccccc12
XS655878b,COC=1C=CC(=CC1)C2=NC(=CO2)CS(=O)CC3CCCCC3,0.764,O=S(Cc1coc(-c2ccccc2)n1)CC1CCCCC1
XS843170a,COC=1C=CC(F)=CC1C(C)NC(=O)CN2C=CC(=O)N(C)C2=O,0.514,O=C(Cn1ccc(=O)[nH]c1=O)NCc1ccccc1
XS841493b,CC(=O)NCC1CCN(C=2N=CN=C3C(F)=C(F)C=CC23)C41CC4,0.386,c1ccc2c(N3CCCC34CC4)ncnc2c1
XS843165a,COC=1C=CC(=CC1OC)C2CCCN2C(=O)C3=CC(Cl)=CN3,5.368,O=C(c1ccc[nH]1)N1CCCC1c1ccccc1
XS843164a,CCC(OC(=O)C1=CSC(=N1)C=2C=CC(=CC2)OC)C(=O)OC,1.172,c1ccc(-c2nccs2)cc1
XS839881b,CC1CN(CC2(CCC2)O1)C(=O)C3=CN(C)N=C3C4=CC=CS4,1.004,O=C(c1c[nH]nc1-c1cccs1)N1CCOC2(CCC2)C1
XS841113b,O=C(NC1=NC=C(S1)S(=O)(=O)F)C2(CC2)C3CCCCO3,0.532,O=C(Nc1nccs1)C1(C2CCCCO2)CC1
XS841607b,CC(C(=O)NC=1C=CC2=NSC=C2C1)N3C=CC(=N3)C(F)(F)F,0.452,O=C(Cn1cccn1)Nc1ccc2nscc2c1
XS695035b,CC=1C=CC=C(C1C)N2CC(CC2=O)C(=O)NCC=3C=CC(F)=CC3,2.246,O=C(NCc1ccccc1)C1CC(=O)N(c2ccccc2)C1
XS825870b,CC1=C(OC=2C=CC(F)=CC12)C(=O)NC(C)C3=NN=C4C=CC=CN34,0.58,O=C(NCc1nnc2ccccn12)c1cc2ccccc2o1
XS813863b,CC=1C=C(SC1C)C(=O)N(C)C(C)C=2C=CC(=CC2)N3C=NC=N3,0.498,O=C(NCc1ccc(-n2cncn2)cc1)c1cccs1
XS843186a,COC=1C=CC(=CC1)CCC(C)NC(=O)CC2=NOC=3C=CC=CC23,1.474,O=C(Cc1noc2ccccc12)NCCCc1ccccc1
XS728659b,O=C(C=1C=NN2CCCCC12)N3CCCC(CO)(C3)C=4C=CC=CC4,1.084,O=C(c1cnn2c1CCCC2)N1CCCC(c2ccccc2)C1
XS843182a,CC(NC(=O)NCC=1C=CC(=NC1)N2C=CC=N2)C=3C=CC=C(F)C3,0.76,O=C(NCc1ccccc1)NCc1ccc(-n2cccn2)nc1
XS839517b,CN1C=C(C=2C=CC=CC21)C3CCN(C3)C=4C=NC=C(N4)OCCO,1.126,c1ccc2c(C3CCN(c4cnccn4)C3)c[nH]c2c1
XS843184a,CNC(=O)C1CN(CCOC=2C=CC=C(C#N)C2)C=3C=CC=CC3O1,1.86,c1ccc(OCCN2CCOc3ccccc32)cc1
XS843189a,CCOC=1C=C(C=CC1C)NC(=O)NC2CCCN3N=C(CC)N=C23,1.388,O=C(Nc1ccccc1)NC1CCCn2ncnc21
XS841499b,CCOC(=O)C=1C=CN=NC1N2CCC=3C=CC(=CC3C(C)C2)OC,3.806,c1cnnc(N2CCc3ccccc3CC2)c1
XS843194a,CC=1C=CC(Cl)=CC1NC(=O)C2CC(=O)N(CC=3C=CC=CN3)C2,0.4,O=C(Nc1ccccc1)C1CC(=O)N(Cc2ccccn2)C1
XS843197a,CNC(=O)C(NC(=O)C=1C=CC(=O)N(CCOC)N1)C=2C=CC=CC2,7.966,O=C(NCc1ccccc1)c1ccc(=O)[nH]n1
XS843195a,CCCOC=1C=CC=CC1NC(=O)C2CC(=NO2)C=3C=CC=C(F)C3,4.514,O=C(Nc1ccccc1)C1CC(c2ccccc2)=NO1
XS843196a,COC=1C=CC(=CC1)N2CC(CC2=O)C(=O)NC=3C=CC=NC3OC,5.876,O=C(Nc1cccnc1)C1CC(=O)N(c2ccccc2)C1
XS837397b,CC1=NC(=NO1)C(C)S(=O)(=O)C2=NC(=CS2)C3CCCCC3,0.834,O=S(=O)(Cc1ncon1)c1nc(C2CCCCC2)cs1
XS628045b,CCOC=1C=CC(=CC1)NC(=O)C(C)NC(=O)COC=2C=CC=CC2,3.062,O=C(COc1ccccc1)NCC(=O)Nc1ccccc1
XS843193a,CCN1C=C(C#N)C(=O)N(CC(O)COC=2C=CC(C)=CC2C)C1=O,0.836,O=c1cc[nH]c(=O)n1CCCOc1ccccc1
XS176579b,CC1=CN=C(NC(=O)C2CC(=O)N(C2)C=3C=CC=4CCCC4C3)S1,6.436,O=C(Nc1nccs1)C1CC(=O)N(c2ccc3c(c2)CCC3)C1
XS843191a,O=C(NCC1=CC=CO1)C2CC(=O)N(C2)C=3C=CC=4OCCOC4C3,2.54,O=C(NCc1ccco1)C1CC(=O)N(c2ccc3c(c2)OCCO3)C1
XS839705b,CCCCS(=O)(=O)NC=1C=CC(=CC1)NC(C)C2=NN=C(C)O2,0.458,c1ccc(NCc2nnco2)cc1
XS693881b,CC=1N=C(SC(C)C=2C=CC(F)=C(Cl)C2)SC1CC(N)=O,0.344,c1ccc(CSc2nccs2)cc1
XS641335b,O=C(NC1CCN(CC=2C=CC=CC2)C1=O)C=3N=CC=C4C=CC=CC34,2.136,O=C(NC1CCN(Cc2ccccc2)C1=O)c1nccc2ccccc12
XS837888b,CC1=NC(C)=C(S1)C(C)NC(=O)NCC2=CC=3CCCCC3S2,1.216,O=C(NCc1cncs1)NCc1cc2c(s1)CCCC2
XS843207a,CC(C=1C=CC(=CC1)N2C=NC=N2)N(C)C(=O)C3=CC=4C=CC=CC4O3,0.678,O=C(NCc1ccc(-n2cncn2)cc1)c1cc2ccccc2o1
XS526362b,CCC1=C(C=NN1C=2C=CC=CC2Cl)NC(=O)C3CN(C)CCO3,1.418,O=C(Nc1cnn(-c2ccccc2)c1)C1CNCCO1
XS837916b,O=S1(=O)CC(CNC2=NC(=NS2)C3CCCC3)C=4C=CC=CC41,0.664,O=S1(=O)CC(CNc2nc(C3CCCC3)ns2)c2ccccc21
XS843200a,CC(C)C(=O)N1CCC(CC1)C(=O)N2CCCCCC2C3=CC=CO3,0.554,O=C(C1CCNCC1)N1CCCCCC1c1ccco1
XS843203a,COC=1C=CC(Cl)=CC1NC(=O)C(C)OC=2C=CC=CC2C(N)=O,0.778,O=C(COc1ccccc1)Nc1ccccc1
XS836610b,O=C1C=2C=CC=CC2NC(C=3C=CNN3)N1C=4C=CC=5OCCOC5C4,0.856,O=C1c2ccccc2NC(c2cc[nH]n2)N1c1ccc2c(c1)OCCO2
XS137916b,COC=1C=CC(=CC1Cl)NC(=O)CC(NC(C)=O)C=2C=CC=CC2,0.378,O=C(CCc1ccccc1)Nc1ccccc1
XS843199a,CC=1N=C(NC(=O)C2COCC(=O)N2CC=3C=CC=CC3)SC1C,0.934,O=C(Nc1nccs1)C1COCC(=O)N1Cc1ccccc1
XS843205a,CC(C)C=1C=CC(=CC1)OCCNC(=O)C(C)NC(=O)C2=CC=CO2,0.76,O=C(CNC(=O)c1ccco1)NCCOc1ccccc1
XS841542b,CC1=NOC(C)=C1CC(C)NC=2C=CC=C(N2)N3C=NC=4C=CC=CC43,0.764,c1cc(NCCc2cnoc2)nc(-n2cnc3ccccc32)c1
XS155429b,COC=1C=CC=CC1NC(=O)C(C)OC(=O)CCC=2C(C)=NOC2C,0.954,O=C(COC(=O)CCc1cnoc1)Nc1ccccc1
XS843217a,CC1CC=2C=CC=CC2N1CC3=NN=C4N(C)C(=O)C=5SC=CC5N34,2.252,O=c1[nH]c2nnc(CN3CCc4ccccc43)n2c2ccsc12
XS841640b,CC(NC(=O)C=1C=CC(F)=C2CCOC12)C=3C=CC(=CC3)N4C=NC=N4,0.458,O=C(NCc1ccc(-n2cncn2)cc1)c1cccc2c1OCC2
XS836504b,CC(C)C(F)C(=O)NC=1C=CC=C(C1)NC(=O)C=2C=C(O)C=C(C#N)C2,3.806,O=C(Nc1ccccc1)c1ccccc1
XS757104b,O=C(CC1=CNC=2N=CC=CC12)N3CCCC(CO)(C3)C=4C=CC=CC4,0.794,O=C(Cc1c[nH]c2ncccc12)N1CCCC(c2ccccc2)C1
XS843212a,CC=1C=C(C=CC1N2CCCC2=O)NC(C)C(=O)NC=3C=CC(F)=CC3,0.764,O=C(CNc1ccc(N2CCCC2=O)cc1)Nc1ccccc1
XS843208a,CC(C)N1C(=NC=2C=CC=CC21)C3CCCN(C3)C(=O)C=4C=NC=CN4,1.27,O=C(c1cnccn1)N1CCCC(c2nc3ccccc3[nH]2)C1
XS843218a,CN1N=CC=C1C(NC(=O)C2=CC=3C=CC(Cl)=C(F)C3N2)C(=O)O,0.458,O=C(NCc1ccn[nH]1)c1cc2ccccc2[nH]1
XS774830b,CCC1=C(C=NN1C=2C=CC=C(Cl)C2)C(=O)NC3CCOC(C)(C)C3,0.646,O=C(NC1CCOCC1)c1cnn(-c2ccccc2)c1
XS843220a,CC(C)C(NC(=O)C=1C=CC(F)=CC1)C(=O)N2CCC=3SC=CC3C2,1.4,O=C(NCC(=O)N1CCc2sccc2C1)c1ccccc1
XS836549b,CCC=1OC(C)=CC1C(=O)NC2CCN(C(=O)C=3N=CN(C)N3)C2(C)C,0.65,O=C(NC1CCN(C(=O)c2nc[nH]n2)C1)c1ccoc1
XS423604b,O=C(NC=1C=CC(F)=CC1)N2CCCC(C2)C3=NN=C4CCCCCN34,1.07,O=C(Nc1ccccc1)N1CCCC(c2nnc3n2CCCCC3)C1
XS836555b,O=C(OCC1CC2(CO1)CCOCC2)C=3C(Cl)=CC(F)=CC3Cl,0.668,O=C(OCC1CC2(CCOCC2)CO1)c1ccccc1
XS330437b,CCOC=1C=CC=CC1C=2C=CC=C(C2)C(=O)NC(CCOC)C(=O)O,0.72,c1ccc(-c2ccccc2)cc1
XS843226a,CC=1C=NN(C)C1C(=O)NCC(C2=CNC=3C=CC=CC23)C=4C=CC=CC4,1.17,O=C(NCC(c1ccccc1)c1c[nH]c2ccccc12)c1ccn[nH]1
XS843225a,COCCOC=1C=CC(=CC1OC)C(C)NC(=O)CC=2C(C)=NOC2C,0.842,O=C(Cc1cnoc1)NCc1ccccc1
XS839010b,FCC1(CNC=2C=C(C=3C=CC=CC3)N4N=CN=C4N2)CC51CCOCC5,0.626,c1ccc(-c2cc(NCC3CC34CCOCC4)nc3ncnn23)cc1
XS635896b,CC(OC=1C=CC(Br)=CC1)C(=O)NCC2=NC(=CS2)CO,0.718,O=C(COc1ccccc1)NCc1nccs1
XS057963g,CCC1C=2C=CSC2CCN1CC3=NC=4C=CC(Cl)=CC4N3CCO,0.574,c1ccc2[nH]c(CN3CCc4sccc4C3)nc2c1
XS714599b,CCN1C=C(C#N)C(=O)N(CC(=O)NC(C)C=2C=CC(=CC2)C(C)C)C1=O,0.666,O=C(Cn1c(=O)cc[nH]c1=O)NCc1ccccc1
XS843234a,CCC1=CC(=CC(=O)N1)C(=O)N2CCC(C2)(C3=NC(C)=NO3)C(F)(F)F,0.498,O=C(c1cc[nH]c(=O)c1)N1CCC(c2ncno2)C1
XS843235a,CC1=NN(C)C=C1C2CCCN2S(=O)(=O)CCC3=NOC=4C=CC=CC34,1.008,O=S(=O)(CCc1noc2ccccc12)N1CCCC1c1cn[nH]c1
XS743573b,CCN(C(=O)C1=CC=C(S1)C=2C=CC(F)=CC2)C3CCS(=O)(=O)C3,1.492,O=C(NC1CCS(=O)(=O)C1)c1ccc(-c2ccccc2)s1
XS843240a,CCCC1=NC(CN2CC(OC=3C=CC=CC32)C(=O)N4CCCCC4)=NO1,1.408,O=C(C1CN(Cc2ncon2)c2ccccc2O1)N1CCCCC1
XS842657b,CCOC(=O)C=1C=NN(CCN2CCCC(C2)C3=NOC(=N3)C4CC4)C1N,3.182,c1cnn(CCN2CCCC(c3noc(C4CC4)n3)C2)c1
XS843237a,COC=1C=CC(=CC1)S(=O)(=O)N2CCCC2C3=NC=4C=CC=CC4S3,2.54,O=S(=O)(c1ccccc1)N1CCCC1c1nc2ccccc2s1
XS842303b,CCC(C(=O)N1CCOC=2C=CC(=CC21)C(F)(F)F)C=3C(C)=NOC3C,0.916,O=C(Cc1cnoc1)N1CCOc2ccccc21
XS843231a,CN(CCOC=1C=CC(F)=CC1)C(=O)C=2C=CC(=CC2)OCC3CCCO3,0.418,O=C(NCCOc1ccccc1)c1ccc(OCC2CCCO2)cc1
XS843236a,CC(CC1=CNC=2C=CC(F)=CC12)NC(=O)C3=CC=4COCCC4NC3=O,0.83,O=C(NCCc1c[nH]c2ccccc12)c1cc2c([nH]c1=O)CCOC2
XS840568b,CC(COC=1C=CC=C(F)C1)NC(=O)NCC2=CN3C=C(Cl)C=CC3=N2,1.406,O=C(NCCOc1ccccc1)NCc1cn2ccccc2n1
XS843246a,CC=1C=CC(=CC1NC(=O)C2=CC=CO2)C(=O)OC(C)C(=O)NC3CCCC3,0.396,O=C(COC(=O)c1cccc(NC(=O)c2ccco2)c1)NC1CCCC1
XS474938b,CC(C)N(C)S(=O)(=O)C=1C=CC(=CC1)NC(=O)N2CCCC2C3CCC3,0.674,O=C(Nc1ccccc1)N1CCCC1C1CCC1
XS840008b,N#CC1=C(N=NN1C(C(N)=O)C=2C=CC=C(Br)C2)C=3C=CC=CC3,0.952,c1ccc(Cn2cc(-c3ccccc3)nn2)cc1
XS843253a,CC(OC(=O)C=1C=CC(=CC1)CN2C(=O)CCC2=O)C(=O)N3CCC(C)CC3,0.638,O=C(OCC(=O)N1CCCCC1)c1ccc(CN2C(=O)CCC2=O)cc1
XS843251a,CCOC=1C=CC(=CC1OCC)CCNC(=O)C2CC=3C=CC=CC3C(=O)O2,0.868,O=C1OC(C(=O)NCCc2ccccc2)Cc2ccccc21
XS843252a,CC=1C=CC=C(C1)NC(=O)C(C)SC=2C=CC(=CN2)S(=O)(=O)N(C)C,1.086,O=C(CSc1ccccn1)Nc1ccccc1
XS843242a,COCC1=C(SC=2C=CC=CC12)C(=O)NC(C)C=3C=CC(OC)=C(C3)OC,0.708,O=C(NCc1ccccc1)c1cc2ccccc2s1
XS843249a,CC(NC(=O)C=1C=CC(=CC1)N2CCCC2=O)C=3C=CC(=CC3)S(N)(=O)=O,0.432,O=C(NCc1ccccc1)c1ccc(N2CCCC2=O)cc1
XS841031b,CCN1C=C(C=N1)C2C=3NC=4C=CC(=CC4C3CCN2S(=O)(=O)F)OC,0.928,c1ccc2c3c([nH]c2c1)C(c1cn[nH]c1)NCC3
XS843255a,COC=1C=C(C=CC1OC(F)F)C(=O)OC(C)C(=O)NC2(C#N)CCCCC2,0.436,O=C(COC(=O)c1ccccc1)NC1CCCCC1
XS843264a,CCN1CC(CN(C)C(=O)C2=CSC(=N2)C=3C=NN(C)C3)OC=4C=CC=CC41,4.496,O=C(NCC1CNc2ccccc2O1)c1csc(-c2cn[nH]c2)n1
XS843261a,CC=1N=C(CC=2C=CC=CC2)SC1C(=O)N3CCC4=C(C=NN4C)C3C(N)=O,1.706,O=C(c1cnc(Cc2ccccc2)s1)N1CCc2[nH]ncc2C1
XS843267a,O=C(CC1=CSC(=N1)C=2C=CC(=CC2)C(F)(F)F)NC3CCCCNC3=O,0.598,O=C(Cc1csc(-c2ccccc2)n1)NC1CCCCNC1=O
XS843258a,CC=1C=CC=C(C1C)N2CC(CC2=O)C(=O)NC=3C=CC(=NC3)N4CCOCC4,5.432,O=C(Nc1ccc(N2CCOCC2)nc1)C1CC(=O)N(c2ccccc2)C1
XS837856b,O=C(CC(N1C=CC=N1)C(F)(F)F)N2CCCN(CC2)S(=O)(=O)C3CC3,0.4,O=C(CCn1cccn1)N1CCCN(S(=O)(=O)C2CC2)CC1
XS836814b,COC=1C=CC=C2CC(COC12)C(=O)NC=3C=C(Cl)C=C(C(N)=O)C3OC,7.126,O=C(Nc1ccccc1)C1COc2ccccc2C1
XS843259a,CC=1C=CC(=CC1S(=O)(=O)N2CCCCC2)NC(=O)C(NC(N)=O)C(C)C,0.566,O=S(=O)(c1ccccc1)N1CCCCC1
XS843268a,CC=1C=C(C)C2=C(N1)SC=3C(=O)N(C=NC32)CC(=O)NC(C)C4=CC=CS4,5.972,O=C(Cn1cnc2c(sc3ncccc32)c1=O)NCc1cccs1
XS841574b,CC1CC2(CCC2)CN1C(=O)NC=3C=CC=CC3CS(=O)(=O)C=4C=CC=CC4,0.86,O=C(Nc1ccccc1CS(=O)(=O)c1ccccc1)N1CCC2(CCC2)C1
XS014968e,COC=1C=CC(C)=CC1N2CC(CC2=O)C(=O)NN3C=NC=4C=CC=CC4C3=O,3.454,O=C(Nn1cnc2ccccc2c1=O)C1CC(=O)N(c2ccccc2)C1
XS843270a,CCN1C(CNC(=O)C2CC(=O)N(C2)C=3C=CC=4OCCOC4C3)=NC=5C=CC=CC51,1.484,O=C(NCc1nc2ccccc2[nH]1)C1CC(=O)N(c2ccc3c(c2)OCCO3)C1
XS840420b,CC1=NN(C)C(C)=C1NC(=O)C(C)OC(=O)C=2C=C(Cl)C=3OCCCOC3C2,0.306,O=C(COC(=O)c1ccc2c(c1)OCCCO2)Nc1cn[nH]c1
XS843278a,CC(C)(C)C=1C=C(NC(=O)C=2C=CC=3OCOC3C2)N(N1)C4CCS(=O)(=O)C4,1.53,O=C(Nc1ccnn1C1CCS(=O)(=O)C1)c1ccc2c(c1)OCO2
XS843284a,O=S(=O)(C=1C=CC=2OCCOC2C1)N3CCCC3C=4C=CC=5OCCOC5C4,0.986,O=S(=O)(c1ccc2c(c1)OCCO2)N1CCCC1c1ccc2c(c1)OCCO2
XS843276a,CC=1N=C(C)N(N1)C=2C=CC(=CC2)C(=O)N3CCOCC3CC4=CNC=5C=CC=CC45,0.754,O=C(c1ccc(-n2cncn2)cc1)N1CCOCC1Cc1c[nH]c2ccccc12
XS843271a,CCN1CC(CN(C)C(=O)C=2C(C)=NN(CC=3C=CC=CC3)C2C)OC=4C=CC=CC41,1.614,O=C(NCC1CNc2ccccc2O1)c1cnn(Cc2ccccc2)c1
XS843269a,CC(=O)NC(CC(=O)N(C)CC1=NC=2C=CC=CC2C(=O)N1)C=3C=CC(Cl)=CC3,0.686,O=C(CCc1ccccc1)NCc1nc2ccccc2c(=O)[nH]1
XS843283a,COC1=CC(=CC(OC)=C1OC)C(C)NC(=O)C=2SC(=NC2C)C=3C=CC=CN3,1.748,O=C(NCc1ccccc1)c1cnc(-c2ccccn2)s1
XS843286a,COC=1C=CC(OC)=C(C1)NC(=O)CNC(C(=O)NC=2C=CC=CC2)C=3C=CC=CC3,0.514,O=C(CNC(C(=O)Nc1ccccc1)c1ccccc1)Nc1ccccc1
XS843273a,CC=1C=CC2=NC(=CC(=O)N2C1)COC(=O)C(C)CC=3C=CC(Br)=CC3,0.378,O=C(CCc1ccccc1)OCc1cc(=O)n2ccccc2n1
XS843274a,CC=1C=CC=CC1C(=O)N2CCC(CC2)C(=O)OC(C)C(=O)N(C)C=3C=CC=CC3,0.364,O=C(COC(=O)C1CCN(C(=O)c2ccccc2)CC1)Nc1ccccc1
XS840856b,CC=1C=NC(=C(C1)[N+]([O-])=O)N2CCCC(C2)N3N=CC(=CC3=O)N4CCOCC4,1.702,O=c1cc(N2CCOCC2)cnn1C1CCCN(c2ccccn2)C1
XS840692b,CCOC(=O)CC(NC(=O)C=1C=CC=2C(=O)N(C)C(=O)C2C1)C=3C=CC=CC3OC,0.84,O=C(NCc1ccccc1)c1ccc2c(c1)C(=O)NC2=O
XS843272a,CCC1C=2C=CSC2CCN1C(=O)C=3C=CC(=CC3)S(=O)(=O)N(CC)CC,0.904,O=C(c1ccccc1)N1CCc2sccc2C1
XS840767b,CC(C)CN1CC(CC1=O)C(=O)N(CC=2C=CC=CC2[N+]([O-])=O)CC(F)(F)F,2.34,O=C1CC(C(=O)NCc2ccccc2)CN1
XS719146b,O=C(NC1CCN(C1)C=2C=CC(Cl)=C(F)C2)N3CCC(CC3)N4CCNC4=O,1.336,O=C(NC1CCN(c2ccccc2)C1)N1CCC(N2CCNC2=O)CC1
XS053489d,O=C(NC=1C=CC(=NC1)N2CCC=3SC=CC3C2)C4CCCN(C4)C(=O)C5=CC=CO5,0.966,O=C(Nc1ccc(N2CCc3sccc3C2)nc1)C1CCCN(C(=O)c2ccco2)C1
XS841225b,CS(=O)(=O)C=1C=CC(=CC1)OCCCC(=O)NC2(CCC=3C=CC=CC32)C(F)(F)F,0.588,O=C(CCCOc1ccccc1)NC1CCc2ccccc21
XS843303a,COC1=NN(C)C=2N=C(C)C(CCC(=O)N3CCCC(C3)C(=O)NCC4CC4)=C(C)C12,1.222,O=C(NCC1CC1)C1CCCN(C(=O)CCc2cnc3[nH]ncc3c2)C1
XS843293a,CC=1C=CC(=CC1)C2=NOC(CN3CCN(CC3)C(=O)C=4C=CC=5SC(C)C(=O)NC5C4)=N2,1.508,O=C1CSc2ccc(C(=O)N3CCN(Cc4nc(-c5ccccc5)no4)CC3)cc2N1
XS838324b,CC1(C)CC2=C(C=NN2C=3C=CC=CC3Cl)CN(C1)C(=O)C4CCCC=5NN=CC54,2.91,O=C(C1CCCc2[nH]ncc21)N1CCCc2c(cnn2-c2ccccc2)C1
XS843296a,COC1=CC(=CC(OC)=C1OC)C(C)NC(=O)C=2C=C(N=C3C2C(C)=NN3C)C(C)C,1.41,O=C(NCc1ccccc1)c1ccnc2[nH]ncc12
XS843294a,CN(CC=1C=CC=C(Cl)C1Cl)C(=O)C=2CCC(=O)N(N2)C3CCS(=O)(=O)C3,0.552,O=C(NCc1ccccc1)C1=NN(C2CCS(=O)(=O)C2)C(=O)CC1
XS427984b,CCCN1N=C(C(=O)N(CC2=CC=CO2)C3CCS(=O)(=O)C3)C=4C=CC=CC4C1=O,0.88,O=C(c1n[nH]c(=O)c2ccccc12)N(Cc1ccco1)C1CCS(=O)(=O)C1
XS843295a,O=C(NC(CC=1C=CC=CC1)C(=O)N2CCN(CC3=NC=4C=CC=CC4S3)CC2)C5=CC=CS5,2.434,O=C(NC(Cc1ccccc1)C(=O)N1CCN(Cc2nc3ccccc3s2)CC1)c1cccs1
XS843289a,NC(=O)C(C=1C=CC(Cl)=CC1)N2CCN(CC2)C=3N=CC(=CC3Cl)C(F)(F)F,1.988,c1ccc(CN2CCN(c3ccccn3)CC2)cc1
XS838202b,CC(CNC=1C=CC(=CC1[N+]([O-])=O)S(N)(=O)=O)C2=NC=3C=CC=CC3N2C(F)F,0.344,c1ccc(NCCc2nc3ccccc3[nH]2)cc1
XS840537b,COC1=CC(=CC(OC)=C1OC)C(NC(=O)COC=2C=CC=CC2C#N)C(F)(F)F,5.92,O=C(COc1ccccc1)NCc1ccccc1
XS843292a,COC=1C=CC(=CC1)C2=NOC(CN3CCN(CC3)C(=O)CC4SC=5C=CC=CC5NC4=O)=N2,8.624,O=C1Nc2ccccc2SC1CC(=O)N1CCN(Cc2nc(-c3ccccc3)no2)CC1
F9000697d,CC1CCCCN1C(=O)C=2C=NC=CN2,4.154,O=C(c1cnccn1)N1CCCCC1
XS843311a,CC(NC(=O)C=1C=CC=C(C#N)C1)C=2C=CC=CC2,9.566,O=C(NCc1ccccc1)c1ccccc1
XS842037b,O=C1CC2CCCN2C=3C=CC=CC3N1,1.032,O=C1CC2CCCN2c2ccccc2N1
XS843307a,CCC(C)NC(=O)CN1C=NC=2C=CC=CC21,10.504,c1ccc2[nH]cnc2c1
XS843314a,CC=1C=CC=C(N1)NC(=O)C2CCC(=O)NC2,1.182,O=C1CCC(C(=O)Nc2ccccn2)CN1
XS843309a,CC1=NN=C2CC(C)(C)C(CN12)C=3C=CC=CC3,3.38,c1ccc(C2CCc3nncn3C2)cc1
XS843318a,CCN(CC=1C=CC=CN1)C2CCN(C2=O)C(C)C,0.578,O=C1NCCC1NCc1ccccn1
XS843324a,CC(SC1=NC=2SC=CC2C(=O)N1C)C(N)=O,0.61,O=c1[nH]cnc2sccc12
XS761063b,CC(NC(=O)C1=CC=CS1)C(=O)NC=2C=CNN2,0.77,O=C(CNC(=O)c1cccs1)Nc1cc[nH]n1
XS841667b,CC1=CC=C(O1)C=2C=CC(C)=C(C2)NC3CCNC3=O,0.646,O=C1NCCC1Nc1cccc(-c2ccco2)c1
XS843325a,CN1CC(NCC1=O)C2=NC(=NO2)C=3C=CC=CC3,0.512,O=C1CNC(c2nc(-c3ccccc3)no2)CN1
XS592682b,CNC(=O)NC1CCCN(C1)C=2C=CC=CC2Cl,0.838,c1ccc(N2CCCCC2)cc1
XS843327a,CCNC(=O)NC(=O)C(C)NC=1C=CC=CC1OC,1.648,c1ccccc1
XS838594b,CC(NC=1C=NC=2OCOC2C1)C3=NC=4C=CC=CC4O3,2.388,c1ccc2oc(CNc3cnc4c(c3)OCO4)nc2c1
XS840011b,CC(C1=NN=NN1C)N2CCC=3C=CC=C(Cl)C3C2,0.39,c1ccc2c(c1)CCN(Cc1nnn[nH]1)C2
XS843332a,CC1C2=CC=CN2CCN1C(=O)C=3C=CC(F)=C(F)C3,0.358,O=C(c1ccccc1)N1CCn2cccc2C1
XS766623b,CCC=1C=CC=C(C1)CC(=O)NC2CCCC=3C=NNC32,0.99,O=C(Cc1ccccc1)NC1CCCc2cn[nH]c21
XS531363b,CC1=NOC(C)=C1C(=O)NCC2CCCC=3C=CC=CC32,1.674,O=C(NCC1CCCc2ccccc21)c1cnoc1
XS843335a,CC1=NOC(=N1)C(C)S(=O)(=O)CC=2C=CC=CC2C,1.836,O=S(=O)(Cc1ccccc1)Cc1ncno1
XS838493b,CC1(C)C=CC=2C=CC=C(NC(=O)C3CCNC3=O)C2O1,1.392,O=C1NCCC1C(=O)Nc1cccc2c1OCC=C2
XS843337a,CC(C)C1=NC(=CS1)C2NC(=O)C=3C=CC=CC3N2,1.124,O=C1NC(c2cscn2)Nc2ccccc21
XS838300c,O=C1CC(CN1)C2=CC=C(S2)C=3C=CC=C4C=CNC34,0.452,O=C1CC(c2ccc(-c3cccc4cc[nH]c34)s2)CN1
XS561632b,COC(=O)C1CCC2=NN=C(CC3CCCC3)N2CC1,0.676,C1CCc2nnc(CC3CCCC3)n2CC1
XS843333a,O=C(NCC=1C=CC=CC1)NCC2CC=3C=CC=CC3O2,1.282,O=C(NCc1ccccc1)NCC1Cc2ccccc2O1
XS843340a,CN1C=C(C=N1)C2CCCN2C(=O)C3=NNC=4C=CC=CC34,0.748,O=C(c1n[nH]c2ccccc12)N1CCCC1c1cn[nH]c1
XS187127c,CC(NC(=O)C=1N=CC=NC1N)C=2C=CC3=CC=CC=C3C2,2.022,O=C(NCc1ccc2ccccc2c1)c1cnccn1
XS843350a,O=C(NC1CCCNC1=O)C=2C=CC=C(Br)C2,1.28,O=C(NC1CCCNC1=O)c1ccccc1
XS843349a,CC1=NOC(C)=C1CC(=O)NC(C)C=2C=C(C)C=CC2C,0.412,O=C(Cc1cnoc1)NCc1ccccc1
XS632893b,CC1=CC=C(C(=O)N2CCC(O)(CN3C=CN=N3)C2)N1C,0.502,O=C(c1ccc[nH]1)N1CCC(Cn2ccnn2)C1
XS843347a,O=C(NC1(CC1)C2CCCCO2)C=3C=CN=C4C=CC=CC34,4.602,O=C(NC1(C2CCCCO2)CC1)c1ccnc2ccccc12
XS733493b,CC1CC=2C=CC=CC2N1CC(=O)NC=3C=CC=C(C#N)C3,0.57,O=C(CN1CCc2ccccc21)Nc1ccccc1
XS700849b,O=C(C1=CC=2C=CC=CC2N1)N3CCCC3C=4C=CC=CC4,7.36,O=C(c1cc2ccccc2[nH]1)N1CCCC1c1ccccc1
XS398655b,O=C(NCC=1C=CNN1)NC2CCSC=3C=CC=CC32,0.296,O=C(NCc1cc[nH]n1)NC1CCSc2ccccc21
XS840120b,COC(=O)C1SCCN1C(=O)C=2C=CC(C#N)=C(C)N2,0.57,O=C(c1ccccn1)N1CCSC1
XS843355a,COCC(C)NC(=O)C1=CC=2COC=3C=CC=CC3C2S1,0.664,c1ccc2c(c1)OCc1ccsc1-2
XS843360a,CC(C)(C)C=1C=CC(=CC1)C2CCCN2C(=O)C=3C=CNN3,2.51,O=C(c1cc[nH]n1)N1CCCC1c1ccccc1
XS843356a,O=C(NC(C=1C=CC=CC1)C=2C=CC=CN2)C=3C=CC(O)=NC3,0.836,O=C(NC(c1ccccc1)c1ccccn1)c1cccnc1
XS194226d,CCOC=1C=CC(=CC1)NC(=O)CC(C)N2N=C(C)C=C2C,0.99,O=C(CCn1cccn1)Nc1ccccc1
XS761917b,CCCC1=NC(CN2CCNC(=O)C2C=3C=CC=CC3)=NO1,1.048,O=C1NCCN(Cc2ncon2)C1c1ccccc1
XS836673b,COCC(C)C(=O)NC1=NNC=2C=CC(=CC12)C(F)(F)F,1.07,c1ccc2[nH]ncc2c1
XS843353a,CC(SC=1N=C2N=CC=CN2N1)C(=O)N3CCC(C)CC3,0.926,O=C(CSc1nc2ncccn2n1)N1CCCCC1
XS843352a,CC(NC(=O)NC=1C=CC=NC1)C=2C=CC=3OCCOC3C2,3.166,O=C(NCc1ccc2c(c1)OCCO2)Nc1cccnc1
XS815289b,CC(NC(=O)NC=1C=CC=CC1)C=2C=CC(=CC2)N3C=CN=C3,0.964,O=C(NCc1ccc(-n2ccnc2)cc1)Nc1ccccc1
XS843363a,N#CC(NC(=O)C=1C=CC=C(N1)N2C=CC=N2)C3CCCCC3,0.85,O=C(NCC1CCCCC1)c1cccc(-n2cccn2)n1
XS843362a,COC=1C=CC=CC1CNC(=O)C23CCC(=O)N3CCS2,0.588,O=C1CCC2(C(=O)NCc3ccccc3)SCCN12
XS840398b,CC(=NNC(=O)C(C)OC=1C=CC(C#N)=CC1)C=2C=CC=NC2,0.47,O=C(COc1ccccc1)NN=Cc1cccnc1
XS673471b,O=C(CC=1C=CC=2OCCC2C1)N3CCCC(C3)N4C=CC=N4,1.128,O=C(Cc1ccc2c(c1)CCO2)N1CCCC(n2cccn2)C1
XS842462b,CN1C=C(C=N1)C2CC(=NN2C)C=3C=CC=4OCC(=O)NC4C3,10.812,O=C1COc2ccc(C3=NNC(c4cn[nH]c4)C3)cc2N1
XS843365a,CC(C)(CC(=O)N1CCCN2C=3C=CC=CC3CC2C1)C4CC4,1.024,O=C(CCC1CC1)N1CCCN2c3ccccc3CC2C1
XS843361a,CCC1C(=O)NCCN1C(=O)C=2C=NN(C2C)C=3C=CC=CC3,1.182,O=C1CN(C(=O)c2cnn(-c3ccccc3)c2)CCN1
XS843368a,CN1N=NC=C1CC(=O)NC2CCN(CC=3C=CC=CC3)C2=O,0.636,O=C(Cc1cnn[nH]1)NC1CCN(Cc2ccccc2)C1=O
XS581609b,CC(C1CC1)N(C(=O)CN2C=NC(=N2)C=3C=CC=CC3)C4CC4,0.652,O=C(Cn1cnc(-c2ccccc2)n1)N(CC1CC1)C1CC1
XS838440b,FC=1C=CC=C(C1)OCC2=NOC(=N2)C3CCCC4=NN=CN43,0.952,c1ccc(OCc2noc(C3CCCc4nncn43)n2)cc1
XS840031b,CN1CCC(NC(=O)CN2C=C(C=N2)[N+]([O-])=O)C=3C=CC=CC31,3.374,O=C(Cn1cccn1)NC1CCNc2ccccc21
XS843384a,CCOC(=O)C1(CCCCC1)NC(=O)C2CC=3C=CC=CC3O2,1.352,O=C(NC1CCCCC1)C1Cc2ccccc2O1
XS836768b,CC1=NC(=CS1)C2=CNC(=C2)C(=O)NC3CCCCNC3=O,1.522,O=C(NC1CCCCNC1=O)c1cc(-c2cscn2)c[nH]1
XS640905b,CC(OC(=O)C1CCN(CC1)C2=NC=3C=CC=CC3O2)C(N)=O,0.61,c1ccc2oc(N3CCCCC3)nc2c1
XS549527b,NC(=O)C1CCN(C1)C(=O)NC2=NC(=CS2)C=3C=CC=CC3,4.466,O=C(Nc1nc(-c2ccccc2)cs1)N1CCCC1
XS804920b,CCC=1OC=NC1C(=O)N2CCCC(C2)C3=NC(C)=C(C)S3,0.992,O=C(c1cocn1)N1CCCC(c2nccs2)C1
XS841538b,CC=1C=CC=2NC=3CCC(CC3C2C1)NS(=O)(=O)C4(C)CC4,1.31,O=S(=O)(NC1CCc2[nH]c3ccccc3c2C1)C1CC1
XS838981b,CCOC(=O)C=1C=NN2C=CC=C2C1N(C)CC3(O)CCOC3,0.8,c1cc2c(NCC3CCOC3)ccnn2c1
XS843388a,CC1=NN2CC(CCC2=N1)NC=3C=C(C)N=C(N3)C=4C=CN=CC4,1.896,c1cc(-c2nccc(NC3CCc4ncnn4C3)n2)ccn1
XS837558b,O=C(C1CC2(CC2)CO1)N(C=3C=CC=C4C=CC=NC34)C5CCC5,0.57,O=C(C1CC2(CC2)CO1)N(c1cccc2cccnc12)C1CCC1
XS843394a,COC=1C=CC(=CC1)C2CCCCCN2C(=O)NC=3C=CC=NC3,0.762,O=C(Nc1cccnc1)N1CCCCCC1c1ccccc1
XS843386a,CCC(CC)(CNC(=O)C(C)NC(N)=O)C=1C=CC(Cl)=CC1,0.47,c1ccccc1
XS841907b,COC=1C=C(C)C(=CC1C(F)(F)F)NC(C)CS(C)(=O)=O,0.44,c1ccccc1
XS843387a,CC1(CC(=O)N(CC(N)=O)C1=O)C=2C=CC(Br)=CC2,0.99,O=C1CC(c2ccccc2)C(=O)N1
XS746320b,CC=1C=CC=CC1C2CCN(C2)C3=C(C#N)C(=O)N(C)C(=O)N3C,3.932,O=c1cc(N2CCC(c3ccccc3)C2)[nH]c(=O)[nH]1
XS843397a,CC(NC(=O)C=1C=CC=CC1F)C=2C=CC(=CC2)S(N)(=O)=O,0.542,O=C(NCc1ccccc1)c1ccccc1
XS843393a,CC1COC=2C=CC=CC2CN1C(=O)C3=CC=CN4C(=O)NN=C34,0.59,O=C(c1cccn2c(=O)[nH]nc12)N1CCOc2ccccc2C1
XS843400a,O=C(C1=CN(CC=2C=CC=CC2)N=N1)N3CCCC3C4CCCC4,1.298,O=C(c1cn(Cc2ccccc2)nn1)N1CCCC1C1CCCC1
XS843392a,CN1C=C(C=N1)N2CCC(C2)NC(=O)C3=CC=4C=CC=CC4S3,1.622,O=C(NC1CCN(c2cn[nH]c2)C1)c1cc2ccccc2s1
XS838967b,CC1=CSC(=N1)C2COCCN2CCC=3C=CC=4OCCC4C3,0.4,c1csc(C2COCCN2CCc2ccc3c(c2)CCO3)n1
XS843402a,COC=1C=CC(Cl)=CC1N2CCC(C2)NC(=O)C=3C=CC=NC3,1.196,O=C(NC1CCN(c2ccccc2)C1)c1cccnc1
XS839694b,CC(NC(=O)NCC1=COCCO1)C=2C=CC=C(Cl)C2Cl,0.554,O=C(NCC1=COCCO1)NCc1ccccc1
XS843403a,COCCN1C=C(C=CC1=O)C(=O)N2CCCC(C2)N3C=CC=N3,0.502,O=C(c1ccc(=O)[nH]c1)N1CCCC(n2cccn2)C1
XS328121b,COCC1(CCCN1C(=O)C=2C=CC(=CC2)C3CCCC3)C(N)=O,1.19,O=C(c1ccc(C2CCCC2)cc1)N1CCCC1
XS839213b,COCC(C)(O)CN1C=NC2=C(C=NN2C=3C=CC=CC3F)C1=O,0.458,O=c1[nH]cnc2c1cnn2-c1ccccc1
XS560353b,CC1=NOC(CC2(O)CCCN(C2)C=3C=C(Cl)C=CC3C#N)=N1,0.52,c1ccc(N2CCCC(Cc3ncno3)C2)cc1
XS838372b,CC(C)CN(CC(C=1C=CON1)C2CC2)C(=O)C3=CC=CC(=O)N3,7.902,O=C(NCC(c1ccon1)C1CC1)c1cccc(=O)[nH]1
XS843420a,CC=1NC=2C=CC(=CC2C1C)C(=O)NC(C)C3=NN=C4C=CC=CN34,1.162,O=C(NCc1nnc2ccccn12)c1ccc2[nH]ccc2c1
XS840493b,COC=1N=CN=CC1NC(=O)C(=O)NC(C)C=2C=C(C)SC2C,0.768,O=C(NCc1ccsc1)C(=O)Nc1cncnc1
XS841385b,CCC1=CC=C(O1)C2CC(=O)NC3=NN(CC=4C=CC=CC4)C(C)=C32,0.73,O=C1CC(c2ccco2)c2cn(Cc3ccccc3)nc2N1
XS836488b,COC=1N=CN=CC1NC(=O)N2CCC(C(F)(F)F)C(C)(C)C2,0.398,O=C(Nc1cncnc1)N1CCCCC1
XS840349b,[O-][N+](=O)C=1C=C(Cl)C=C(NC(=O)C2CCC=3C=NNC3C2)C1O,2.224,O=C(Nc1ccccc1)C1CCc2cn[nH]c2C1
XS838460b,COC=1C=CC(=CC1Cl)CCC(=O)N2CCC3(C2)CC=CCO3,0.998,O=C(CCc1ccccc1)N1CCC2(CC=CCO2)C1
XS675814b,CCC(CC(=O)N(CC=1C=CN=CC1)C2CC2)C=3C=CC(=CC3)OC,0.5,O=C(CCc1ccccc1)N(Cc1ccncc1)C1CC1
XS842016b,COC(=O)C(CS(=O)(=O)NC=1C=C(C)N(C)N1)C=2C=CC=CC2,0.358,O=S(=O)(CCc1ccccc1)Nc1cc[nH]n1
XS656924b,CC=1C=NN(C1)CC2CN(CC3=CC(=NO3)C=4C=CC=CC4)CCO2,0.344,c1ccc(-c2cc(CN3CCOC(Cn4cccn4)C3)on2)cc1
XS843431a,CC(NC=1C=CC=CC1C#N)C=2C=C(F)C=CC2N3CCC(O)CC3,0.62,c1ccc(NCc2ccccc2N2CCCCC2)cc1
XS840578b,O=C(NCC1=NN=CN1C2CC2)NC(C=3C=CC=CC3)C(F)(F)F,0.924,O=C(NCc1ccccc1)NCc1nncn1C1CC1
XS763434b,O=S1(=O)CCC(CC2=NN=C(O2)SCCC=3C=CC=CC3)C1,0.546,O=S1(=O)CCC(Cc2nnc(SCCc3ccccc3)o2)C1
XS843436a,CC(=O)NC1=CC=CC(C(=O)NC2(CCOC2)C=3C=CC=CC3)=C1C,0.72,O=C(NC1(c2ccccc2)CCOC1)c1ccccc1
XS837033b,CNC(=O)C=1C=CC=C(N1)C(=O)NC(C)C2=CC=3C=CC=CC3S2,8.362,O=C(NCc1cc2ccccc2s1)c1ccccn1
XS838634b,CN1C=CC2=C1CCN(C(=O)CC3=CC=NN3)C2C=4N=CC=CC4F,1.414,O=C(Cc1ccn[nH]1)N1CCc2[nH]ccc2C1c1ccccn1
XS836853b,CC=1C(=NNC1NC(=O)C2CC=3C=C(F)C=CC3O2)C=4C=CN=CC4,0.89,O=C(Nc1cc(-c2ccncc2)n[nH]1)C1Cc2ccccc2O1
XS837482b,CCOC(=O)C=1N=NNC1C2CCCN2C(=O)COCC3CCC3,0.472,O=C(COCC1CCC1)N1CCCC1c1cnn[nH]1
XS843443a,CN1C(=O)C(C#N)=C(NC2CCCN(C2)C=3N=CC=CN3)N(C)C1=O,0.8,O=c1cc(NC2CCCN(c3ncccn3)C2)[nH]c(=O)[nH]1
XS836909b,CC=1C=CN=C(N1)OC=2C=CC(=CC2)NC(=O)C(C(=O)O)C(C)(C)C,0.42,c1ccc(Oc2ncccn2)cc1
XS843441a,CNC(=O)C=1C=CC(=CC1)NC(=O)N2CCCCC2C3=CC=C(C)O3,0.856,O=C(Nc1ccccc1)N1CCCCC1c1ccco1
XS840413b,O=C(CNC=1C=CC=2OCCOC2C1)N3CCCC3C4=CC=CS4,0.808,O=C(CNc1ccc2c(c1)OCCO2)N1CCCC1c1cccs1
XS837801c,OC=1C=CC=2CCC(NC=3C=CN4N=CC(Br)=C4N3)C2C1,2.082,c1ccc2c(c1)CCC2Nc1ccn2nccc2n1
XS842706b,CC(C1=NN=NN1C2CCCCC2)N3N=NC(=N3)C=4C=CC=C(F)C4,1.156,c1ccc(-c2nnn(Cc3nnnn3C3CCCCC3)n2)cc1
XS841356b,CC1COC2(CCCC2)CN1C(=O)C=3C=CC=C(C3)C4=CSC=N4,0.814,O=C(c1cccc(-c2cscn2)c1)N1CCOC2(CCCC2)C1
XS842393b,CC1=C(C=NN1C)C(=O)OC2CCC=3NC=4C=CC(Cl)=CC4C3C2,1.75,O=C(OC1CCc2[nH]c3ccccc3c2C1)c1cn[nH]c1
XS840702b,CC=1N=C(SC1C(C)N(C)C(=O)CC=2C=CON2)C=3C=CC=CC3,1.47,O=C(Cc1ccon1)NCc1cnc(-c2ccccc2)s1
XS843450a,CS(=O)(=O)C=1C=CC(=CN1)NC(=O)NC(C=2C=CC=CC2)C3CC3,1.686,O=C(Nc1cccnc1)NC(c1ccccc1)C1CC1
XS838100b,O=C(C=1C=CC=2NN=NC2N1)N3CCC(C3)NC4=NC=5C=CC=CC5O4,0.39,O=C(c1ccc2[nH]nnc2n1)N1CCC(Nc2nc3ccccc3o2)C1
XS843445a,O=C(NC=1C=CC(=O)N(C1)CC=2C=CC=CC2Cl)C3CCCOC3,1.61,O=C(Nc1ccc(=O)n(Cc2ccccc2)c1)C1CCCOC1
XS177382b,COC(=O)CCCNC(=O)C1CC(=O)N(C1)C=2C=CC=3CCCC3C2,3.214,O=C1CCCN1c1ccc2c(c1)CCC2
XS843449a,CCCOC=1C=CC(=CC1OCCC)C(=O)NC2CCCCNC2=O,2.298,O=C(NC1CCCCNC1=O)c1ccccc1
XS841431b,ClC1=C(SC=2C=CC=CC12)C3=NN=C(O3)C4CC54CCOCC5,0.738,c1ccc2sc(-c3nnc(C4CC45CCOCC5)o3)cc2c1
XS840607b,CC1=CC=C(S1)C(C)NC(=O)NC2=CC(=CNC2=O)C(F)(F)F,0.708,O=C(NCc1cccs1)Nc1ccc[nH]c1=O
XS838670b,CC1=NOC=2N=C(NC(C)C=3C=CC=C(C3)S(C)(=O)=O)NC(=O)C12,0.456,O=c1[nH]c(NCc2ccccc2)nc2oncc12
XS841930b,COC=1C=CC=C(C1)COC2CCN(C2)C3=NC=NN4C(C#N)=CC=C34,0.394,c1ccc(COC2CCN(c3ncnn4cccc34)C2)cc1
XS842186b,CN(CC=CC=1C=CC=CC1)C(=O)CN2CCCC(C2=O)C(F)(F)F,1.014,O=C(CN1CCCCC1=O)NCC=Cc1ccccc1
XS836786b,CC(OC=1C=CC=CC1F)C(=O)NN=CC=2C=NN(N2)C=3C=CC=CC3,1.94,O=C(COc1ccccc1)NN=Cc1cnn(-c2ccccc2)n1
XS420230b,CC(=O)NC1C(=O)N(CCCOC=2C=CC=CC2)C=3C(C)=CC(C)=CC31,1.066,O=C1Cc2ccccc2N1CCCOc1ccccc1
XS407112b,O=C(NCC=1C=CC(=CC1)OCC=2C=CC=C(F)C2)C3CCNC(=O)C3,1.036,O=C1CC(C(=O)NCc2ccc(OCc3ccccc3)cc2)CCN1
XS843458a,COC=1C=CC(OC)=C(C1)NC(=O)C(C)N2C(=O)C=3C=CC=CC3C2=O,1.526,O=C(CN1C(=O)c2ccccc2C1=O)Nc1ccccc1
XS576153b,CC1=NOC=2N=CN=C(NC3CCN(C3=O)C=4C(C)=CC(C)=CC4C)C12,8.362,O=C1C(Nc2ncnc3oncc23)CCN1c1ccccc1
XS389288b,CCOC=1C(Cl)=CC(=CC1Cl)C(=O)NC2CCS(=O)(=O)C2,0.698,O=C(NC1CCS(=O)(=O)C1)c1ccccc1
XS838429b,CC=1C=CC=CC1C2=NN=C(CS(=O)(=O)CC3CCC(F)(F)C3)O2,18.34,O=S(=O)(Cc1nnc(-c2ccccc2)o1)CC1CCCC1
XS679741b,COC=1C=CC(OC)=C(C1)C2CCCN2C(=O)C3=CNC=4C=CC=CC34,1.59,O=C(c1c[nH]c2ccccc12)N1CCCC1c1ccccc1
XS843468a,CSC=1N=C(C)C(CCC(=O)NC(C)C=2C=CC=C(Cl)C2)=C(C)N1,0.39,O=C(CCc1cncnc1)NCc1ccccc1
XS843466a,CS(=O)(=O)N1CC=2C=CC=CC2CC1C(=O)NCCC=3C=CC=CN3,0.546,O=C(NCCc1ccccn1)C1Cc2ccccc2CN1
XS640868b,CCC=1N=CN=C(C1F)N(C)CC2CCC3=NC(=CN3C2)C(F)(F)F,0.734,c1cc(NCC2CCc3nccn3C2)ncn1
XS334393b,CCOC=1N=C(C)C=CC1C(=O)N2CCCC(O)(CC3=NN=CN3C)C2,0.712,O=C(c1cccnc1)N1CCCC(Cc2nnc[nH]2)C1
XS839580b,CCN1N=C(C)C=2N=C(NC(=O)C21)C3CC(=O)N(CCC=4C=CC=CC4)C3,1.552,O=C1CC(c2nc3cn[nH]c3c(=O)[nH]2)CN1CCc1ccccc1
XS626902b,CN1CCC(C2=NC(=NO2)C=3C=CC(=CN3)OCC(F)F)S1(=O)=O,0.414,O=S1(=O)NCCC1c1nc(-c2ccccn2)no1
XS840480b,COC(=O)C=1C=C(OC1C)C2NC3=CC(OC)=C(C=C3C(=O)N2C)OC,4.298,O=C1NC(c2ccco2)Nc2ccccc21
XS722134b,CC1=CC=CC(C)=C1NC(=O)C(C)N(C)CC2=NC=3C=CC=CC3C(=O)N2,0.61,O=C(CNCc1nc2ccccc2c(=O)[nH]1)Nc1ccccc1
XS335175b,CC1=NOC(=N1)C2CCCN(C2)C(=O)CNC(=O)C=3C=CC(F)=C(F)C3,0.438,O=C(NCC(=O)N1CCCC(c2ncno2)C1)c1ccccc1
XS843465a,CC(C(=O)N1CCC(CC1)C2=NC(=NN2)C=3C=CC=CC3)C=4C=NC=NC4,0.844,O=C(Cc1cncnc1)N1CCC(c2nc(-c3ccccc3)n[nH]2)CC1
XS843469a,CNC(=O)C1CCCCN1S(=O)(=O)C=2C=NN(C2)CC=3C=CC=CC3,1.124,O=S(=O)(c1cnn(Cc2ccccc2)c1)N1CCCCC1
XS549349b,CCC1=C(C=NN1CC(C)C)C(=O)NC2CCOC=3C(Cl)=CC=CC32,1.926,O=C(NC1CCOc2ccccc21)c1cn[nH]c1
XS589969b,CC(C1=NC(=NO1)C=2C=CC=C3NC=CC23)S(=O)(=O)C4CCOCC4,0.67,O=S(=O)(Cc1nc(-c2cccc3[nH]ccc23)no1)C1CCOCC1
XS843476a,CC(=O)NC=1C=CC=C(C1)C(=O)OCC(=O)NC(C)C=2C=CC(Cl)=CC2,0.554,O=C(COC(=O)c1ccccc1)NCc1ccccc1
XS838884b,NC(=O)C=1C=C(Cl)C=C(C1)S(=O)(=O)N2CCOCCC2C(F)F,0.856,O=S(=O)(c1ccccc1)N1CCCOCC1
XS843472a,CC=1C=CN2N=CC(C(=O)NC3CCN(C3=O)C=4C=CC=C(Cl)C4)=C2N1,2.654,O=C(NC1CCN(c2ccccc2)C1=O)c1cnn2cccnc12
XS843475a,CC=1C=C(C=CC1Cl)C(=O)N2CCS(=O)(=O)CC2C=3C=NN(C)C3,3.11,O=C(c1ccccc1)N1CCS(=O)(=O)CC1c1cn[nH]c1
XS840902b,O=C(NC=1C=NC=2CCCC2C1)NC3CCN(C3=O)C=4C(F)=CC=CC4F,3.416,O=C(Nc1cnc2c(c1)CCC2)NC1CCN(c2ccccc2)C1=O
XS843471a,CC(C)(C)NC(=O)CNC(=O)C1CC(=O)N(C1)C=2C=CC=3OCCOC3C2,1.654,O=C1CCCN1c1ccc2c(c1)OCCO2
XS148277b,CNC(=O)C1CN(C(=O)COC(=O)C=2C=CC=CC2C)C=3C=CC=CC3O1,0.722,O=C(OCC(=O)N1CCOc2ccccc21)c1ccccc1
XS843485a,COC=1C=CC(=C(C1)OC)C2CCCN2C(=O)COC=3C=CC=C(Cl)C3,0.438,O=C(COc1ccccc1)N1CCCC1c1ccccc1
XS843470a,CC=1SC=2N=CN(CCC(=O)NC(C)C=3C=CC=C(O)C3)C(=O)C2C1C,1.31,O=C(CCn1cnc2sccc2c1=O)NCc1ccccc1
XS843480a,CCC=1C=CC(=CC1)N2CC(CC2=O)C(=O)NCCC=3C=CC=CC3OC,5.094,O=C(NCCc1ccccc1)C1CC(=O)N(c2ccccc2)C1
XS842105b,O=C(NCCC=1C=C(F)C=C2COCOC12)C3CC(=NO3)C=4C=CC=CC4,0.444,O=C(NCCc1cccc2c1OCOC2)C1CC(c2ccccc2)=NO1
XS843500a,CN1C=C(C=N1)CC(CNC(=O)C=2N=CC=C3C=4C=CC=CC4NC23)C(N)=O,1.092,O=C(NCCCc1cn[nH]c1)c1nccc2c1[nH]c1ccccc12
XS561721b,CC1(C)CCC=2C=CC=CC2C1NC(=O)C=3C=CC=C(N3)C(=O)N4CCCC4,0.69,O=C(NC1CCCc2ccccc21)c1cccc(C(=O)N2CCCC2)n1
XS841083b,C=CCNC(=O)CN1CCN(CC1)C(=O)C2COC=3C=CC(Cl)=CC3C2,1.662,O=C(C1COc2ccccc2C1)N1CCNCC1
XS841515b,CCOC(=O)C1CN(CC21COC2)S(=O)(=O)C=3C=CC(=NC3)C(C)(C)C,0.478,O=S(=O)(c1cccnc1)N1CCC2(COC2)C1
XS394839b,CC1=CSC2=NC(=CC(=O)N12)CN3CCCC3C4=NC=5C=CC=CC5S4,1.018,O=c1cc(CN2CCCC2c2nc3ccccc3s2)nc2sccn12
XS839540b,CC(CS(C)(=O)=O)NC(=O)C1=CSC(=N1)C=2C=CC3=C(C2)CCN3C,0.612,c1csc(-c2ccc3c(c2)CCN3)n1
XS843494a,CN(CCOC=1C=CC(Cl)=CC1)C(=O)C2CC(=O)N(CC=3C=CC=CC3)C2,0.552,O=C(NCCOc1ccccc1)C1CC(=O)N(Cc2ccccc2)C1
XS843487a,CC(=O)NC=1C=CC(=CC1)NC(=O)C(C)OC(=O)CCCOC=2C=CC=CC2,1.036,O=C(COC(=O)CCCOc1ccccc1)Nc1ccccc1
XS843497a,CC1=NC(C(=O)NC(C)C=2N=CC=C(N2)C(F)(F)F)=C(O1)C=3C=CC=CC3,0.512,O=C(NCc1ncccn1)c1ncoc1-c1ccccc1
XS843511a,CCOC(=O)C=1SC(=NC1C)NC(=O)C2CCCN(C2)C(=O)N(CC)CC,0.688,O=C(Nc1nccs1)C1CCCNC1
XS740955c,CC(C(=O)NCC(=O)NC=1C=CC(F)=C(F)C1F)N2CCCC=3C=CC=CC32,4.694,O=C(CN1CCCc2ccccc21)NCC(=O)Nc1ccccc1
XS843509a,CC1=C(C=NN1C2CCN(C)CC2)NC(=O)C=3C=C(NN3)C(C)C=4C=CC=CC4,1.032,O=C(Nc1cnn(C2CCNCC2)c1)c1cc(Cc2ccccc2)[nH]n1
XS843507a,COC=1C=C2C=CC=CC2=CC1C(=O)NCC(C3=CC=CS3)N4CCOCC4,1.056,O=C(NCC(c1cccs1)N1CCOCC1)c1ccc2ccccc2c1
XS843506a,O=C(CCC1=NC=2C=CC=CC2S1)N3CCCC3C=4C=CC=5OCCOC5C4,1.87,O=C(CCc1nc2ccccc2s1)N1CCCC1c1ccc2c(c1)OCCO2
XS797544b,CC(C)(C)C=1C=CC(=CC1)CCC(=O)N2CCCC(C2)C3=NN=C4C=CC=CN34,1.552,O=C(CCc1ccccc1)N1CCCC(c2nnc3ccccn23)C1
XS840485b,NC(=O)NC(CC(=O)OCC=1C=C(Cl)C=2OCCOC2C1)C=3C=CC=CC3,2.644,O=C(CCc1ccccc1)OCc1ccc2c(c1)OCCO2
XS837689c,O=C(NNC1=NC(=NO1)C=2C=CN=CC2)C3CC(=O)N(C3)C=4C=CC=CC4Cl,2.366,O=C(NNc1nc(-c2ccncc2)no1)C1CC(=O)N(c2ccccc2)C1
XS397301b,CC=1C=CC(=CC1)S(=O)(=O)N2CCCC(C2)C(=O)N3CCCC=4C=CC=CC43,0.652,O=C(C1CCCN(S(=O)(=O)c2ccccc2)C1)N1CCCc2ccccc21
XS839107b,CC=1C=C(C=CC1NC(=O)C2CCCC=3C=C(O)C=CC32)OCC(=O)NC(N)=O,1.504,O=C(Nc1ccccc1)C1CCCc2ccccc21
XS843525a,CCOC(=O)C1=C(CN(C)CC=2C=CC=C(F)C2)NC(=O)NC1C3=CC=CS3,0.678,O=C1NC(CNCc2ccccc2)=CC(c2cccs2)N1
XS843517a,CCC=1C=CC(=CC1)C2CCCN(C2)C(=O)C3=NN(C=C3CCCO)C=4C=CC=CC4,2.154,O=C(c1ccn(-c2ccccc2)n1)N1CCCC(c2ccccc2)C1
XS843519a,CN(C(=O)CN1C(=O)C=2C=C(Cl)C(Cl)=CC2C1=O)C3CCS(=O)(=O)C3,13.448,O=C(CN1C(=O)c2ccccc2C1=O)NC1CCS(=O)(=O)C1
XS840897b,CN1C=C(C=N1)N2N=C(N=C2C3CCC4=NNC(=O)C=C4C3)C=5C=CC(Cl)=CC5,5.868,O=c1cc2c(n[nH]1)CCC(c1nc(-c3ccccc3)nn1-c1cn[nH]c1)C2
XS843523a,CC1=NC(COC=2C=CC(=CC2)C(=O)NC(CN3CCCC3=O)C=4C=CC=CC4)=NO1,0.668,O=C(NC(CN1CCCC1=O)c1ccccc1)c1ccc(OCc2ncon2)cc1
XS840939b,NS(=O)(=O)C1(CCC1)C(=O)N2CCCC(C2)C(=O)N3CCC=4C=CC=CC4CC3,1.568,O=C(C1CCCN(C(=O)C2CCC2)C1)N1CCc2ccccc2CC1
XS688354b,CCOC=1C=CC=CC1N2CC(CC2=O)C(=O)N3CCCC=4C=C(C=CC4C3)OC,0.956,O=C(C1CC(=O)N(c2ccccc2)C1)N1CCCc2ccccc2C1
XS840461b,CCOC(=O)C1=C(COC(=O)C2=C(C)OC(=C2C#N)N3C=CC=C3)NC(=O)NC1C,0.646,O=C1NCC=C(COC(=O)c2coc(-n3cccc3)c2)N1
XS336210b,O=C(CCOCC1CC1)N2CCC(C2)(C3=NC(=NO3)C=4C=CN=CC4)C(F)(F)F,0.588,O=C(CCOCC1CC1)N1CCC(c2nc(-c3ccncc3)no2)C1
XS836850b,CC1=NOC(C)=C1CNC(=O)CN2CC(C)CN(CC=3C=CC=CC3)C=4C=CC=CC42,0.402,O=C(CN1CCCN(Cc2ccccc2)c2ccccc21)NCc1cnoc1
XS838064b,CCOC=1C(Cl)=CC(=CC1OC)CNC(=O)C2CCN(C2)C=3C=CC=CC3F,3.824,O=C(NCc1ccccc1)C1CCN(c2ccccc2)C1
XS843532a,CC(OC(=O)C=1C=CC(=CC1)S(=O)(=O)N2CCCC2)C(=O)NCC3CCCCC3,0.624,O=C(COC(=O)c1ccc(S(=O)(=O)N2CCCC2)cc1)NCC1CCCCC1
XS552816b,O=C(NCC=1C=CC(Cl)=CC1)C2CN(CCO2)S(=O)(=O)C=3C=CC=CC3Cl,0.518,O=C(NCc1ccccc1)C1CN(S(=O)(=O)c2ccccc2)CCO1
XS843533a,O=C(NC=1C=CC=CC1)C2CCCN(C2)C(=O)C=3C=CC(=O)N(CCOC=4C=CC=CC4)N3,1.15,O=C(Nc1ccccc1)C1CCCN(C(=O)c2ccc(=O)n(CCOc3ccccc3)n2)C1
XS647256b,O=C(CC1SC=2C=CC=CC2NC1=O)N3CCN(CCOC=4C=CC=CC4Cl)CC3,1.582,O=C1Nc2ccccc2SC1CC(=O)N1CCN(CCOc2ccccc2)CC1
XS843540a,COC=1C=CC(=CC1S(=O)(=O)N2CCCCC2)NC(=O)C3CC(=O)N(C3)C(C)C,1.162,O=C1CC(C(=O)Nc2cccc(S(=O)(=O)N3CCCCC3)c2)CN1
XS843543a,CN1C=C(C=N1)S(=O)(=O)NCC(NC(=O)C2(CC2)C=3C=CC(Cl)=CC3Cl)C=4C=CC=CC4,0.8,O=C(NC(CNS(=O)(=O)c1cn[nH]c1)c1ccccc1)C1(c2ccccc2)CC1
XS840864b,CC(C)NS(=O)(=O)C=1C=CC(=CC1)NC(=O)C(C)OC(=O)C2=CN3C=CC=CC3=N2,0.912,O=C(COC(=O)c1cn2ccccc2n1)Nc1ccccc1
XS843545a,CC(=O)NC1=CC(=CC(=C1)C(=O)N2CCCC2C=3C=CC=4OCCCOC4C3)NC(C)=O,0.632,O=C(c1ccccc1)N1CCCC1c1ccc2c(c1)OCCCO2
XS804479b,CC(NC1=NS(=O)(=O)C=2C=CC=CC12)C(=O)N3CCN(CC3)C(=O)C4=CC=CS4,1.568,O=C(CNC1=NS(=O)(=O)c2ccccc21)N1CCN(C(=O)c2cccs2)CC1
XS843534a,CC(C)C(NC1=NS(=O)(=O)C=2C=CC=CC12)C(=O)N3CCN(CC3)C=4C=CC=CC4O,0.572,O=C(CNC1=NS(=O)(=O)c2ccccc21)N1CCN(c2ccccc2)CC1
XS836748b,CC(=O)N1C=CC=2C=CC=CC2C1CC(=O)NCC3=NN=C4C=CC(=CN34)C(F)(F)F,1.404,O=C(CC1NC=Cc2ccccc21)NCc1nnc2ccccn12
XS843542a,CC1CC(=O)NC=2C=CC=CC2N1C(=O)COC(=O)C=3C=C(Br)C=CC3N,4.068,O=C1CCN(C(=O)COC(=O)c2ccccc2)c2ccccc2N1
XS843538a,CN1C=NC2=C1C(=O)N(CC(=O)N3CCCC3C4=NC=5C=CC=CC5S4)C(=O)N2C,1.724,O=C(Cn1c(=O)[nH]c2nc[nH]c2c1=O)N1CCCC1c1nc2ccccc2s1
XS843528a,CCS(=O)(=O)NC=1C=CC(=CC1)C=2CC(C=3C=CC=CC3C)N(N2)S(=O)(=O)CC,1.774,c1ccc(C2=NNC(c3ccccc3)C2)cc1
XS843549a,CC(O)CNC1=NS(=O)(=O)C=2C=CC=CC12,0.426,O=S1(=O)N=Cc2ccccc21
XS843552a,CC(CN1C=CC=N1)NC(=O)NC=2C=CC=CC2,0.384,O=C(NCCn1cccn1)Nc1ccccc1
XS820419b,CC(C(=O)N1CCOC=2C=CC=CC21)N3C=CC=N3,0.394,O=C(Cn1cccn1)N1CCOc2ccccc21
XS843566a,NC(=O)C1CCCN(C1)C(=O)C=2C=CC=3C=CNC3C2,0.65,O=C(c1ccc2cc[nH]c2c1)N1CCCCC1
XS842175b,CN1CCC(NC(=O)C=2N=CN=CC2Cl)C1=O,0.798,O=C(NC1CCNC1=O)c1ccncn1
XS798805b,O=C(NC1=NC=2C=CC=CC2N1)C3CCC(=O)NC3,0.774,O=C1CCC(C(=O)Nc2nc3ccccc3[nH]2)CN1
XS595182b,CC1=CC(CS(=O)CC=2C=C(C)C=CC2C)=NO1,1.54,O=S(Cc1ccccc1)Cc1ccon1
XS843565a,COC=1C=CC(=CN1)NC(C)C2=NC(=NO2)C3CC3,1.168,c1cncc(NCc2nc(C3CC3)no2)c1
XS843569a,O=C(CCCC=1C=CC=CC1)NC2CCC(=O)NC2=O,0.488,O=C1CCC(NC(=O)CCCc2ccccc2)C(=O)N1
XS838145b,CC1CN(CC=2C=CN=CC2C#N)CC=3C=CC=CC3O1,0.75,c1ccc2c(c1)CN(Cc1ccncc1)CCO2
XS757511b,CC(C(=O)NC=1C=CC(Cl)=CN1)N2CCNC(=O)C2,0.402,O=C1CN(CC(=O)Nc2ccccn2)CCN1
XS842154b,COCC(C)OC(=O)C=1N=COC1C=2C=CC(C)=CC2,1.906,c1ccc(-c2cnco2)cc1
XS843571a,CC(C)C1(CO)CCCN(C1)C=2N=CN=C3N=CNC23,0.534,c1nc(N2CCCCC2)c2[nH]cnc2n1
XS843570a,CCCCC(C)C(=O)NC1=CNN=C1C2=NC=CS2,0.57,c1csc(-c2cc[nH]n2)n1
XS843573a,CSCCC(NC(=O)C1=CC=CO1)C(=O)NC(C)C,0.392,c1ccoc1
XS843578a,CC(=O)N1N=C(CC1C2=CC=CS2)C=3C=CC=CC3O,0.928,c1ccc(C2=NNC(c3cccs3)C2)cc1
XS843574a,CCOC(=O)C1CCCN(C1)C(=O)C=2C=CC(C#N)=CC2,0.374,O=C(c1ccccc1)N1CCCCC1
XS843568a,O=C(NC1CCC(=O)NC1=O)C=2C=CC3=CC=CC=C3N2,1.046,O=C1CCC(NC(=O)c2ccc3ccccc3n2)C(=O)N1
XS843581a,CC(=O)N1CCN(CC1)C(=O)C(C)SC=2C=COC2C,2.11,O=C(CSc1ccoc1)N1CCNCC1
XS843591a,CC=1C=CC(=CC1C)S(=O)(=O)NC(C)CN2C=NC=N2,0.46,O=S(=O)(NCCn1cncn1)c1ccccc1
XS843590a,CCC(NC(=O)C=1C=CC=2NN=NC2C1)C=3C=CC(C)=CC3,0.476,O=C(NCc1ccccc1)c1ccc2[nH]nnc2c1
XS839340b,N#CC=1N=C(C=CC1F)NC2COC=3C=CC=C(Cl)C32,0.634,c1ccc(NC2COc3ccccc32)nc1
XS720787b,CC(NC(=O)C=1C=C(NN1)C=2C=CC=CC2)C=3C=CC=CN3,1.698,O=C(NCc1ccccn1)c1cc(-c2ccccc2)[nH]n1
XS843592a,O=C(C1=NNC=2C=CC=CC12)N3CCC(C3)C=4C=CC=CC4,0.882,O=C(c1n[nH]c2ccccc12)N1CCC(c2ccccc2)C1
XS843579a,O=C(C1=CNC=2N=CC=CC12)N3CCCC(C3)N4C=CC=N4,0.886,O=C(c1c[nH]c2ncccc12)N1CCCC(n2cccn2)C1
XS657338b,CC1=NOC(C)=C1NC(=O)NC2CCN(C2)C=3C=CC=CC3,0.296,O=C(Nc1cnoc1)NC1CCN(c2ccccc2)C1
XS843599a,CCCCCC(C)NC(=O)C1=NN(C)C(=O)C=2C=CC=CC12,0.532,O=c1[nH]ncc2ccccc12
XS843605a,CCC(CC)C(=O)NCC1CCN(C1)C=2C=CC=CC2OC,0.408,c1ccc(N2CCCC2)cc1
XS843593a,CCC1=CSC(=N1)C2CCCN(C2)C(=O)CN3C=NC=N3,0.478,O=C(Cn1cncn1)N1CCCC(c2nccs2)C1
XS391752b,COC=1C=CC=CC1NC(=O)N2CCCC2C3=CC(C)=NO3,1.944,O=C(Nc1ccccc1)N1CCCC1c1ccno1
XS505985b,CCC=1C=C(SC1C)C(=O)N2CCCC(C2)N3C=NC=N3,1.568,O=C(c1cccs1)N1CCCC(n2cncn2)C1
XS840516b,CC=1C=CC=C(C1)NC(=O)N(C)C(C)CC=2C=CC(O)=CC2,0.38,O=C(NCCc1ccccc1)Nc1ccccc1
XS843595a,CC=1C=CC=C(N1)NC(=O)NC(CCCO)C=2C=CC=CC2,0.418,O=C(NCc1ccccc1)Nc1ccccn1
XS843594a,O=C(CCC1=CNC=2C=CC=CC12)NC3CCC(=O)NC3=O,1.356,O=C1CCC(NC(=O)CCc2c[nH]c3ccccc23)C(=O)N1
XS843604a,CCN1CC(CC1=O)C(=O)NCCNC=2N=CC=CC2C#N,0.444,O=C1CC(C(=O)NCCNc2ccccn2)CN1
XS466359b,CCOC=1N=CC=CC1NC(=O)NC2CCS(=O)(=O)C2,0.554,O=C(Nc1cccnc1)NC1CCS(=O)(=O)C1
XS836973b,CCOCN1N=NC(C(=O)N(C)C(C)C=2C=CC=CC2)=C1N,0.4,O=C(NCc1ccccc1)c1c[nH]nn1
XS841602b,O=C(NC=1C=CC(=CC1)C2=CC(=O)NN2)C3CC(=NO3)C4CC4,0.896,O=C(Nc1ccc(-c2cc(=O)[nH][nH]2)cc1)C1CC(C2CC2)=NO1
XS840540b,O=C(NC1CCCNC1=O)N2CCOC=3C=CC(Cl)=CC32,0.686,O=C1NCCCC1NC(=O)N1CCOc2ccccc21
XS841004b,CC(C(=O)N(CC=1C=CC=CC1)C=2C=CC=CN2)N3C=CC=N3,0.41,O=C(Cn1cccn1)N(Cc1ccccc1)c1ccccn1
XS843615a,CC=1C=C(C)N(N1)C=2C=CC(=CN2)NC(=O)C3CCC(=O)NC3,0.41,O=C1CCC(C(=O)Nc2ccc(-n3cccn3)nc2)CN1
XS838581b,NC(=O)C=1C(F)=CC=CC1N2CCC3(CCC=4C=CC=CC43)C2,0.514,c1ccc(N2CCC3(CCc4ccccc43)C2)cc1
XS836457b,CS(=N)(=O)C=1C=CC(=CC1)OCC2=NC=3CCCCC3O2,0.474,c1ccc(OCc2nc3c(o2)CCCC3)cc1
XS839873b,CC(C(=O)NC=1C=CC=C(C1)NC(=O)NN(C)C)C(C)(C)C,0.8,c1ccccc1
XS838268b,CS(=N)(=O)CC1(CC(F)(F)C1)NC(=O)C=2C=CC(N)=CC2,1.16,O=C(NC1CCC1)c1ccccc1
XS843617a,CC=1N=C(C)N(N1)C2CCCN(C2)C(=O)C=3C=C(C)C=CC3F,0.63,O=C(c1ccccc1)N1CCCC(n2cncn2)C1
XS628207b,O=C(CCCOC=1C=CC=CC1)N2CCCC(C2)N3C=NC=N3,1.236,O=C(CCCOc1ccccc1)N1CCCC(n2cncn2)C1
XS837582b,CC(C)(F)C(C)(F)CN1C=C(N=N1)C=2C=C(F)N=CC2Cl,1.206,c1cc(-c2c[nH]nn2)ccn1
XS836878b,O=C(CCOC=1C=CC=CC1)N2CCOCC2C3=CC(=O)NN3,0.898,O=C(CCOc1ccccc1)N1CCOCC1c1cc(=O)[nH][nH]1
XS841973b,COC=1C=CC=C2C=C(OC12)C(=O)N(C)CC(C)C3=NN=NN3,0.418,O=C(NCCc1nnn[nH]1)c1cc2ccccc2o1
XS839089b,CCC=1N=CN=C(NC(C2=NC=CS2)C=3C=CC=CC3)C1F,0.522,c1ccc(C(Nc2ccncn2)c2nccs2)cc1
XS748994b,CN1C=C(C=N1)S(=O)(=O)N2CCCC2CCC=3C=CC=CC3,0.742,O=S(=O)(c1cn[nH]c1)N1CCCC1CCc1ccccc1
XS843616a,CCOC(=O)C=1CC(C(=O)NCCOC)N(N1)C=2C=CC=CC2,0.694,C1=NN(c2ccccc2)CC1
XS843622a,CC=1C=C(C)C=C(C1)N2C=CN=C2SC(C)C(=O)NC(N)=O,0.48,c1ccc(-n2ccnc2)cc1
XS838748b,O=C(NC1C=CS(=O)(=O)C1)C=2C=CC(=NC2)C=3C=CSC3,7.918,O=C(NC1C=CS(=O)(=O)C1)c1ccc(-c2ccsc2)nc1
XS843621a,CC1=NN(C=C1C(C)NC(=O)NCC=2C=NN(C)C2)C(C)(C)C,0.596,O=C(NCc1cn[nH]c1)NCc1cn[nH]c1
XS838754b,O=C(CCN1CC=2C=CC=CC2C1=O)NC3CCCC=4C=COC43,0.494,O=C(CCN1Cc2ccccc2C1=O)NC1CCCc2ccoc21
XS712677b,COC(=O)C1CCCCN1S(=O)(=O)C=2C=CC=3OCCC3C2,0.398,O=S(=O)(c1ccc2c(c1)CCO2)N1CCCCC1
XS838333b,CC(=O)NC(C)C1=NC(=NO1)C=2C=CN=C(C2)OC=3C=CC=CC3,0.376,c1ccc(Oc2cc(-c3ncon3)ccn2)cc1
XS837771b,CC1CN(C(=O)CN2C=C(C=N2)C3CC3)C=4C=CC=CC4NC1=O,2.36,O=C1CCN(C(=O)Cn2cc(C3CC3)cn2)c2ccccc2N1
XS837429c,N#CC=1C=CC(=NC1N2CCCCC2C=3C=CNN3)C(F)(F)F,0.754,c1ccc(N2CCCCC2c2cc[nH]n2)nc1
XS837224b,COC=1C=CC=C2C1CCC2NC(=O)NC=3C=CC=4C=CNC4C3,1.04,O=C(Nc1ccc2cc[nH]c2c1)NC1CCc2ccccc21
XS841836b,COC=1C=CC=C(C1OC)C2CC(=O)NC3=NC=4C=CC=CC4N32,4.412,O=C1CC(c2ccccc2)n2c(nc3ccccc32)N1
XS843625a,CC=1C=C(C)N2N=C(N=C2N1)C(=O)N3CCCC(C3)N4C=NC=N4,3.188,O=C(c1nc2ncccn2n1)N1CCCC(n2cncn2)C1
XS558039b,O=C(C1SCCC=2SC=CC21)N3CCN(C(=O)C3)C4CC4,1.28,O=C(C1SCCc2sccc21)N1CCN(C2CC2)C(=O)C1
XS838298b,CC(C)N1C=C2C=CC=C(C(=O)N3CCNC(=O)C3C(N)=O)C2=N1,0.736,O=C1CN(C(=O)c2cccc3c[nH]nc23)CCN1
XS718243b,CCOC=1C=CC=C2C=C(COC12)C(=O)NC(C)CN3C=CC=N3,0.83,O=C(NCCn1cccn1)C1=Cc2ccccc2OC1
XS738525b,COC=1C=CC(=CC1)OCC(O)CN2C=NC=3C=NC=CC3C2=O,0.878,O=c1c2ccncc2ncn1CCCOc1ccccc1
XS843642a,CCCC1=NOC(CCCC(=O)NCC2CC=3C=CC=CC3O2)=N1,4.728,O=C(CCCc1ncno1)NCC1Cc2ccccc2O1
XS843637a,O=C(NC1CCCNC1=O)C2=CSC(CCC=3C=CC=CC3)=N2,2.04,O=C(NC1CCCNC1=O)c1csc(CCc2ccccc2)n1
XS843643a,CC(=O)NC(CC(=O)NCC=1C=CN=CC1)C=2C=CC(Cl)=CC2,0.82,O=C(CCc1ccccc1)NCc1ccncc1
XS842674b,CC=1N=CC=NC1N2CCN(CC2)C(=O)C3CCC=4C=NNC4C3,0.842,O=C(C1CCc2cn[nH]c2C1)N1CCN(c2cnccn2)CC1
XS664951b,CC(C)CC1C(=O)NCCN1C(=O)C=2C=NN(C2)C=3C=CN=CC3,1.824,O=C1CN(C(=O)c2cnn(-c3ccncc3)c2)CCN1
XS687317b,CC1CC(=O)NC=2C=CC=CC2N1C(=O)CSC=3N=CC=CN3,0.894,O=C1CCN(C(=O)CSc2ncccn2)c2ccccc2N1
XS843634a,COC1=C(C(C)=NN1C)C2CCCN2C(=O)C=3C=CC(=NC3)OC,0.402,O=C(c1cccnc1)N1CCCC1c1cn[nH]c1
XS843638a,CN1C=CN=C1C(NC(=O)C=2C=CC=3NC=NC3C2)C=4C=CC=CC4,12.146,O=C(NC(c1ccccc1)c1ncc[nH]1)c1ccc2[nH]cnc2c1
XS741074b,N#CC=1C=CSC1N2CCC(C2=O)N3CCN(C(=O)C3)C4CC4,1.622,O=C1C(N2CCN(C3CC3)C(=O)C2)CCN1c1cccs1
XS843651a,CS(=O)(=O)N1N=C(CC1C=2C=CC=CC2)C=3C=CC(Cl)=CC3,2.158,c1ccc(C2=NNC(c3ccccc3)C2)cc1
XS837894b,O=C(CC1=NNC=2C=CC=CC12)NC3CCOC4(CCOCC4)C3,4.728,O=C(Cc1n[nH]c2ccccc12)NC1CCOC2(CCOCC2)C1
XS843649a,CN1N=CC(C(=O)NC2CCC=3NN=CC3C2)=C1CC=4C=CC=CC4,0.438,O=C(NC1CCc2[nH]ncc2C1)c1cn[nH]c1Cc1ccccc1
XS843655a,CS(=O)(=O)N1CCCC(C1)C(=O)N(CC#N)CC=2C=CC=CC2,0.796,O=C(NCc1ccccc1)C1CCCNC1
XS426151b,CC=1C=CC(=CC1)C2=NN=C(O2)C(C)NC=3C=CC(C)=C(C3)C(N)=O,0.802,c1ccc(NCc2nnc(-c3ccccc3)o2)cc1
XS843658a,COCCNC(=O)CNC(=O)CC1CCCC=2C=C(C=CC21)OC,0.4,c1ccc2c(c1)CCCC2
XS843653a,CC=1C=CC(OCCNC(=O)C2CC(=O)N(CC(C)C)C2)=C(C)C1,2.136,O=C1CC(C(=O)NCCOc2ccccc2)CN1
XS837174b,CC1=NOC(C)=C1C(C)C(=O)N(C)C=2C=CC=CC2S(C)(=O)=O,0.382,O=C(Cc1cnoc1)Nc1ccccc1
XS839754b,CC(C)C(NC=1C=CC2=NN=NN2N1)C3=NC(=NO3)C=4C=CC=CC4,0.382,c1ccc(-c2noc(CNc3ccc4nnnn4n3)n2)cc1
XS843652a,CCN(C(=O)C=1C=CC=2NC(C)=C(C)C2C1)C3CCS(=O)(=O)C3,0.648,O=C(NC1CCS(=O)(=O)C1)c1ccc2[nH]ccc2c1
XS843656a,CC=1C=CC=CC1C2CCCN2C(=O)C=3C=CC(=CC3)N4C=NN=N4,4.092,O=C(c1ccc(-n2cnnn2)cc1)N1CCCC1c1ccccc1
XS843665a,O=C(C1=CN=C2C=CC=CN12)N3CCC(C3)NC=4C=CC=C(Cl)C4,3.528,O=C(c1cnc2ccccn12)N1CCC(Nc2ccccc2)C1
XS840618b,O=C(NC=1C=CC=NC1N2C=CC=N2)C3CSC=4C=CC=CC4O3,1.658,O=C(Nc1cccnc1-n1cccn1)C1CSc2ccccc2O1
XS843666a,CCOC=1C=CC=2C=C(NC2C1)C(=O)N3CCCC(C3)C(F)(F)F,1.482,O=C(c1cc2ccccc2[nH]1)N1CCCCC1
XS695960b,CC=1C=C(ON1)C2CCCN2C(=O)C3=CN=C(S3)C=4C=CC=CC4,2.608,O=C(c1cnc(-c2ccccc2)s1)N1CCCC1c1ccno1
XS843664a,CC=1NC(C(=O)NC2CCC=3C=CC=CC32)=C(C)C1C(=O)OC(C)C,2.25,O=C(NC1CCc2ccccc21)c1ccc[nH]1
XS795144b,O=C(CN1C(=O)COC=2C=CC=CC21)N3CCCC(C3)N4C=CC=N4,0.658,O=C(CN1C(=O)COc2ccccc21)N1CCCC(n2cccn2)C1
XS843662a,O=C(C(NC=1C=CC=2OCCOC2C1)C=3C=CC=CC3)N4CCCC4,1.948,O=C(C(Nc1ccc2c(c1)OCCO2)c1ccccc1)N1CCCC1
XS843659a,CC=1N=C(C)N(N1)C2CCCN(C2)C(=O)C3=CC=4N=C(C)C=CC4O3,0.916,O=C(c1cc2ncccc2o1)N1CCCC(n2cncn2)C1
XS843676a,O=C(CCCNC(=O)C1=CC=CS1)NC2CCCC=3C=CC=CC32,0.858,O=C(CCCNC(=O)c1cccs1)NC1CCCc2ccccc21
XS742145b,O=C1CC=2C=C(C=CC2N1)NC3CCN(C3=O)C=4C=CC=C(Cl)C4,1.196,O=C1Cc2cc(NC3CCN(c4ccccc4)C3=O)ccc2N1
XS843675a,CC=1C=CC(C)=C(C1)OCC(=O)NC(C)C=2C=CC=3OCCOC3C2,0.492,O=C(COc1ccccc1)NCc1ccc2c(c1)OCCO2
XS604071b,CCCN1N=C(C=CC1=O)C(=O)N2CCCCCC2C3=CC=CN3C,1.128,O=C(c1ccc(=O)[nH]n1)N1CCCCCC1c1ccc[nH]1
XS843679a,O=C(NC1CCCCC=2C=CC=CC21)C3=CN=C4SCCN4C3=O,0.594,O=C(NC1CCCCc2ccccc21)c1cnc2n(c1=O)CCS2
XS843671a,CNC(=O)C1(COC)CCCN1S(=O)(=O)C=2C=C(F)C=CC2C,0.364,O=S(=O)(c1ccccc1)N1CCCC1
XS837230b,CCN1C=NN=C1CNS(=O)(=O)CC(CC=2C=CC=CC2)OC,0.382,O=S(=O)(CCCc1ccccc1)NCc1nnc[nH]1
XS843673a,O=C(CN1C=NC=2C=3C=CC=CC3OC2C1=O)NCCC4CCCO4,0.564,O=C(Cn1cnc2c(oc3ccccc32)c1=O)NCCC1CCCO1
XS843682a,CCOC=1C=C(Cl)C=CC1CNC(=O)NC2CCC3=NC=NN3C2,0.428,O=C(NCc1ccccc1)NC1CCc2ncnn2C1
XS693648b,COC=1C=CC(C)=CC1N2CC(CC2=O)C(=O)N(C)C3=NC=CS3,2.898,O=C(Nc1nccs1)C1CC(=O)N(c2ccccc2)C1
XS840424b,COC=1C=C(OC)C=2NC(=CC2C1)C(=O)OC(C)C(=O)NC(C)(C)C,0.864,c1ccc2[nH]ccc2c1
XS839802b,C#CC=1C=NC=C(C1)C(=O)NCC(C)N(C)C(=O)C=2C=NC=C(C#C)C2,0.364,O=C(NCCNC(=O)c1cccnc1)c1cccnc1
XS839581b,COC=1N=CC(=CN1)CN(CC(C)(F)C(C)C)C=2C=NC(C#N)=CN2,1.158,c1cnc(NCc2cncnc2)cn1
XS840186b,CCNC(=O)NC(=O)C(C)N1CCN(CC1)C2=NC=3C=CC=CC3O2,0.912,c1ccc2oc(N3CCNCC3)nc2c1
XS843681a,COC=1C=CC=CC1CC(=O)N2CC=3C=CC=CC3C(C2)N4C=CC=N4,2.104,O=C(Cc1ccccc1)N1Cc2ccccc2C(n2cccn2)C1
XS839427b,CC(C)C(C(N)=O)N1C=C(C=N1)C=2C=CC(=C(C#N)C2)S(C)(=O)=O,0.408,c1ccc(-c2cn[nH]c2)cc1
XS737312b,CN1C(=NC=2C=CC=CC21)C(NC(=O)NC=3C=NNC3)C=4C=CC=CC4,1.586,O=C(Nc1cn[nH]c1)NC(c1ccccc1)c1nc2ccccc2[nH]1
XS843689a,CC1=NN=C2CN(CC(=O)NC(C)C=3C=CC4=CC=CC=C4C3)CCN12,2.542,O=C(CN1CCn2cnnc2C1)NCc1ccc2ccccc2c1
XS843697a,COC=1C=C2C(=CC1NC(=O)C(C)N3CCOCC3)OC4=CC=CC=C42,2.258,O=C(CN1CCOCC1)Nc1ccc2c(c1)oc1ccccc12
XS739390b,CN1N=C(C=C1NC(=O)NC2CCN(C2)C=3C=CC=CC3)C4=CC=CO4,5.336,O=C(Nc1cc(-c2ccco2)n[nH]1)NC1CCN(c2ccccc2)C1
XS843688a,CC1=C(OC=2C=CC(Br)=CC12)C(=O)N3CCC(C3)C(=O)O,0.614,O=C(c1cc2ccccc2o1)N1CCCC1
XS837420b,CC(CN(C)C(=O)C1C=2C=CC=CC2OC=3C=CC=CC31)C4=NN=NN4,1.0,O=C(NCCc1nnn[nH]1)C1c2ccccc2Oc2ccccc21
XS840982b,O=C(NC(C1CCCC1)C(F)(F)F)N2CC(C2)C3CS(=O)(=O)C3,0.4,O=C(NCC1CCCC1)N1CC(C2CS(=O)(=O)C2)C1
XS843691a,O=C(NCC1CC(=O)NC=2C=CC=CC21)N(CC=3C=CC=CC3)C4CC4,0.9,O=C1CC(CNC(=O)N(Cc2ccccc2)C2CC2)c2ccccc2N1
XS843693a,COC(=O)CC(NC(=O)C1=CN=C2C=CC=CN2C1=O)C=3C=CC=CC3,1.05,O=C(NCc1ccccc1)c1cnc2ccccn2c1=O
XS843694a,COC=1C=CC(C)=CC1N2CC(CC2=O)C(=O)NCCC=3C=CC=CC3,3.286,O=C(NCCc1ccccc1)C1CC(=O)N(c2ccccc2)C1
XS843696a,COCCCC(=O)N(C)C(C)C=1C=CC=C(C1)NC(=O)C=2C=CC=CC2,0.484,O=C(Nc1ccccc1)c1ccccc1
XS837236b,O=C(COC=1C=CC(Cl)=C2C=CC=NC12)NC3CCC=4NN=CC4C3,0.71,O=C(COc1cccc2cccnc12)NC1CCc2[nH]ncc2C1
XS576980b,O=C(NC=1C=NC=2CCOCC2C1)C3CC(=O)N(C3)C=4C=CC=CC4F,2.692,O=C(Nc1cnc2c(c1)COCC2)C1CC(=O)N(c2ccccc2)C1
XS843698a,O=C(CC=1C=NC2=CC=CC=C2C1)N3CCCC3C=4C=C(F)C=CC4F,1.276,O=C(Cc1cnc2ccccc2c1)N1CCCC1c1ccccc1
XS602186b,CC(C)N1CC(CC1=O)C(=O)NCCC=2C=C(F)C=C3COCOC23,0.79,O=C1CC(C(=O)NCCc2cccc3c2OCOC3)CN1
XS839991b,CN1C=C(C=N1)N2CCC(NC(=O)N3CCC=C(C3)C=4C=CC=CC4)C2=O,4.346,O=C(NC1CCN(c2cn[nH]c2)C1=O)N1CCC=C(c2ccccc2)C1
XS843709a,CC(C(=O)NCC1CCCCC1)S(=O)(=O)CC=2C=CC=C(Cl)C2,0.53,O=C(CS(=O)(=O)Cc1ccccc1)NCC1CCCCC1
XS843712a,CC=1N=CSC1C(=O)NC(CC(=O)OC(C)C)C=2C=CC=CC2Cl,0.494,O=C(NCc1ccccc1)c1cncs1
XS843707a,CSC=1C=CC=C(C1)N2CC(CC2=O)C(=O)NCC=3C=CC(F)=CC3,1.986,O=C(NCc1ccccc1)C1CC(=O)N(c2ccccc2)C1
XS840983b,N#CC=1C=CC(=CC1)C(CF)NC(=O)C=2N=CN=C(O)C2Br,0.808,O=C(NCc1ccccc1)c1ccncn1
XS843706a,CN1C=NN=C1CC2(O)CCCN(C2)C(=O)C3=CC=4C(F)=CC=CC4N3,0.61,O=C(c1cc2ccccc2[nH]1)N1CCCC(Cc2nnc[nH]2)C1
XS838290b,COC(=O)C1CCC2=NC(=NN2C1)NC(=O)C=3C=CC=C4C=CC(C)=NC34,1.38,O=C(Nc1nc2n(n1)CCCC2)c1cccc2cccnc12
XS837606b,CC1C=2C=NC=CC2CCN1C(=O)C3=CSC(=N3)N(C)C=4C=CC=CC4,1.012,O=C(c1csc(Nc2ccccc2)n1)N1CCc2ccncc2C1
XS843703a,CC(C1=NC(CN2C=CC=CC2=O)=NO1)C=3C=CC(Br)=CC3,0.746,O=c1ccccn1Cc1noc(Cc2ccccc2)n1
XS843710a,O=C(NCCOC=1C=CC=C(Cl)C1)C2CCCN(C2)C=3C=NC=CN3,0.576,O=C(NCCOc1ccccc1)C1CCCN(c2cnccn2)C1
XS838696b,CC=1C=CN=C2C(=CC=CC12)S(=O)(=O)N3CC(=O)N4CCOCC4C3,1.62,O=C1CN(S(=O)(=O)c2cccc3cccnc23)CC2COCCN12
XS781846b,CC=1C=CC=CC1CNC(=O)C2C=3C=NN(C)C3CCN2S(C)(=O)=O,0.37,O=C(NCc1ccccc1)C1NCCc2[nH]ncc21
MR045484b,CC(C)(C(=O)NC1CCN(C1)C(=O)C=2C=CC3=CC=CN=C3C2)C(F)F,0.4,O=C(c1ccc2cccnc2c1)N1CCCC1
XS843705a,CN1N=CC(C(=O)NC2CCN(C)C=3C=CC=CC32)=C1CC=4C=CC=CC4,0.558,O=C(NC1CCNc2ccccc21)c1cn[nH]c1Cc1ccccc1
XS838718b,CN(C(=O)C=1C=C2N=CNC2=CN1)C3CCN(C3=O)C=4C=CC=CC4Cl,1.242,O=C(NC1CCN(c2ccccc2)C1=O)c1cc2nc[nH]c2cn1
XS825159b,COC=1C=C(C=CC1OC(C)C)C(=O)NC(C)C=2C=CC(=CC2)NC(N)=O,0.356,O=C(NCc1ccccc1)c1ccccc1
XS843725a,CC(=O)NC(CC(=O)NC=1C=CC=2OCCOC2C1)C=3C=CC(Cl)=CC3,1.106,O=C(CCc1ccccc1)Nc1ccc2c(c1)OCCO2
XS736593b,COCC1CCN(CC(=O)N2CCCC2C=3C=CC=4OCCOC4C3)CC1,0.984,O=C(CN1CCCCC1)N1CCCC1c1ccc2c(c1)OCCO2
XS839374b,CCOC(=O)C=1C=C2CN(CCN2C1)C3CC(=O)N(C3=O)C4CCOCC4,0.956,O=C1CC(N2CCn3cccc3C2)C(=O)N1C1CCOCC1
XS843717a,CCC(C(=O)NC=1C=CC(=CC1)OC)N(C)CC2=NC=3C=CC=CC3S2,0.68,O=C(CNCc1nc2ccccc2s1)Nc1ccccc1
XS840614b,COC(=O)C1=C(C)NC(C(=O)NC2CCCC3=C2C=NN3C(C)(C)C)=C1C,0.798,O=C(NC1CCCc2[nH]ncc21)c1ccc[nH]1
XS390679b,CC1=C(C=NN1C=2C=CC=CC2F)C(=O)NCC3CCN(C3)C=4C=CC=CC4,0.502,O=C(NCC1CCN(c2ccccc2)C1)c1cnn(-c2ccccc2)c1
XS843742a,O=C(NCC1=CC=C(O1)C=2C=CC(Cl)=CC2)C3CC(=O)N(C3)C4CCCC4,2.422,O=C(NCc1ccc(-c2ccccc2)o1)C1CC(=O)N(C2CCCC2)C1
XS843730a,CC1CC=2C=CC=CC2N1C(=O)COC(=O)CN3C(=O)C=4C=CC=CC4C3=O,1.312,O=C(CN1C(=O)c2ccccc2C1=O)OCC(=O)N1CCc2ccccc21
XS843738a,CNC(=O)C=1C=CC(=CC1)S(=O)(=O)N2CCN(C)C(=O)C2C=3C=CC=CC3,0.766,O=C1NCCN(S(=O)(=O)c2ccccc2)C1c1ccccc1
XS843740a,COC=1C=CC(OC)=C(C1)C(C)NC(=O)CN2C=NC=3C=CC(C)=CC3C2=O,0.902,O=C(Cn1cnc2ccccc2c1=O)NCc1ccccc1
XS843735a,CN(C(=O)C1=CC(=CNC1=O)C(F)(F)F)C2CCN(C2=O)C=3C=CC=CC3,0.428,O=C(NC1CCN(c2ccccc2)C1=O)c1ccc[nH]c1=O
XS843737a,NC(=O)C1CCCN(C1)C(=O)C=2C=CC(=CC2)S(=O)(=O)N3CCCCC3,0.57,O=C(c1ccc(S(=O)(=O)N2CCCCC2)cc1)N1CCCCC1
XS030849e,CC1=CC(=NO1)NC(C=2C=CC=C(C2)[N+]([O-])=O)C=3C=CC4=CC=CN=C4C3O,1.298,c1ccc(C(Nc2ccon2)c2ccc3cccnc3c2)cc1
XS843741a,CC=1C=CC(Cl)=C(C1)OC(C)C(=O)NC=2C=C(C=CC2C)S(C)(=O)=O,0.478,O=C(COc1ccccc1)Nc1ccccc1
XS843736a,O=C(NC=1C=CC=C(C1)N2C=NN=N2)C3CC(=O)N(CCC=4C=CC=CC4)C3,1.464,O=C(Nc1cccc(-n2cnnn2)c1)C1CC(=O)N(CCc2ccccc2)C1
XS843727a,O=C1C(CCN1C=2C=CC=CC2)NS(=O)(=O)C=3C=CC=CC3C(F)(F)F,0.414,O=C1C(NS(=O)(=O)c2ccccc2)CCN1c1ccccc1
XS743635b,CC1=NN(C)C(C)=C1C=2C=C(NN2)C(=O)N3CCCC(C)(C3)C=4C=CC=CC4,0.998,O=C(c1cc(-c2cn[nH]c2)n[nH]1)N1CCCC(c2ccccc2)C1
XS843746a,CC(C)NS(=O)(=O)C=1C=CC(=CC1)C(=O)NC(C=2C=CC(F)=CC2)C(C)C,0.796,O=C(NCc1ccccc1)c1ccccc1
XS840911b,CCC=1C=C(CC(=O)N2CCCC2(C)CNC(=O)C=3C=CC=4NN=NC4C3)ON1,0.782,O=C(NCC1CCCN1C(=O)Cc1ccno1)c1ccc2[nH]nnc2c1
XS584869b,CC=1N=C(NC(=O)C2(C)CCC(=O)NC2)SC1CC=3C=CC(F)=C(F)C3F,1.066,O=C1CCC(C(=O)Nc2ncc(Cc3ccccc3)s2)CN1
XS843747a,O=C(NC1CCCC=2C=CC=CC21)C=3C=CC=C(C3)S(=O)(=O)N4CCCCC4,1.778,O=C(NC1CCCc2ccccc21)c1cccc(S(=O)(=O)N2CCCCC2)c1
XS842241b,CCC=1N=CC=2CCN(CC2N1)C(C)C(=O)NC=3C=C(C)C(Cl)=CC3OC,0.37,O=C(CN1CCc2cncnc2C1)Nc1ccccc1
XS843752a,CN1CCCC=2C=C(C=CC21)CNC(=O)C=3C=CC=C(C3)NC(=O)C4CCCO4,0.672,O=C(NCc1ccc2c(c1)CCCN2)c1cccc(NC(=O)C2CCCO2)c1
XS836731b,O=C(O)C(CC(=O)NC=1C=CC(=CC1Cl)C(F)(F)F)C=2C=CC(F)=CC2,0.514,O=C(CCc1ccccc1)Nc1ccccc1
XS843750a,O=C(NC1CCN(C1)C(=O)C2=CC=3C(O)=CC=CC3N2)C=4C=CN5N=CC=C5C4,3.892,O=C(NC1CCN(C(=O)c2cc3ccccc3[nH]2)C1)c1ccn2nccc2c1
XS840962b,CC1=CC(=CS1)C(=O)N2CCC3(CCC3)C(C2)NC(=O)C4=CC=CN(C)C4=O,1.608,O=C(NC1CN(C(=O)c2ccsc2)CCC12CCC2)c1ccc[nH]c1=O
XS837692b,CC=1C=CC=2NC=3CCC(CC3C2C1)NC(=O)N(C)CC4=CN5CCCCC5=N4,0.886,O=C(NCc1cn2c(n1)CCCC2)NC1CCc2[nH]c3ccccc3c2C1
XS843751a,O=C(NCC1CC1)C2CCCN(C2)S(=O)(=O)C=3C=CC=4OCC(=O)NC4C3,0.532,O=C1COc2ccc(S(=O)(=O)N3CCCC(C(=O)NCC4CC4)C3)cc2N1
XS842207b,CC1CCN(C=2C=C(Cl)C=CC2S1)S(=O)(=O)C3=CN(C)C(=O)N(C)C3=O,1.678,O=c1[nH]cc(S(=O)(=O)N2CCCSc3ccccc32)c(=O)[nH]1
XS843764a,CC(C)C(NC(=O)CC1=NN(C)C(=O)C=2C=CC=CC12)C=3C=CC=4OCCCOC4C3,3.034,O=C(Cc1n[nH]c(=O)c2ccccc12)NCc1ccc2c(c1)OCCCO2
XS843754a,CC(=O)N1C=2C=CC(=CC2CC1C)S(=O)(=O)NC=3C=CC=CC3OC(F)(F)F,0.524,O=S(=O)(Nc1ccccc1)c1ccc2c(c1)CCN2
XS843762a,CNC(=O)C(NC(=O)C=1C=C(C)C(C)=C(C1)S(=O)(=O)N(C)C)C=2C=CC=CC2,0.804,O=C(NCc1ccccc1)c1ccccc1
DR002694b,CN1C=C(C=N1)N2CC(CC2=O)C(=O)N3CCC(CC3)C4=CNC=5C=CC(F)=CC45,3.916,O=C(C1CC(=O)N(c2cn[nH]c2)C1)N1CCC(c2c[nH]c3ccccc23)CC1
XS843753a,CCN1N=NC=2C=C(C=CC21)C(=O)N3CC(OC=4C=CC=CC43)C(=O)N5CCCCC5,0.628,O=C(C1CN(C(=O)c2ccc3[nH]nnc3c2)c2ccccc2O1)N1CCCCC1
XS836977b,CN1C=C(C=N1)N2CCCC(OC=3C=C(Br)C=C(C3)C(F)(F)F)C2=O,2.482,O=C1C(Oc2ccccc2)CCCN1c1cn[nH]c1
XS843755a,CC(SC1=NC2=C(C=NN2C=3C=CC=C(Cl)C3)C(=O)N1)C(=O)N4CCNC4=O,1.03,O=C(CSc1nc2c(cnn2-c2ccccc2)c(=O)[nH]1)N1CCNC1=O
XS843759a,CCN1C(=NC=2C=CC=CC21)NC(=O)C3CCCN(C3)S(=O)(=O)C=4C=CC=CC4,0.804,O=C(Nc1nc2ccccc2[nH]1)C1CCCN(S(=O)(=O)c2ccccc2)C1
XS843761a,O=C(NC1CCOC=2C=CC=CC21)C=3C=CC(=CC3)S(=O)(=O)N4CCOCC4,3.512,O=C(NC1CCOc2ccccc21)c1ccc(S(=O)(=O)N2CCOCC2)cc1
XS843757a,CC1=C(C=NN1C=2C=CC(C)=CC2)C(C)NS(=O)(=O)C=3C=CC=4OCCOC4C3,0.864,O=S(=O)(NCc1cnn(-c2ccccc2)c1)c1ccc2c(c1)OCCO2
XS842290b,CCC1=NOC=2N=CC(=CC12)S(=O)(=O)N3CCOCC3C4=NOC(=N4)C(C)C,3.268,O=S(=O)(c1cnc2oncc2c1)N1CCOCC1c1ncon1
XS673284b,O=C(CCOCC1CC1)N2CCC(C2)(C3=NC(=NO3)C=4C=CC=NC4)C(F)(F)F,0.41,O=C(CCOCC1CC1)N1CCC(c2nc(-c3cccnc3)no2)C1
XS838845b,CC(C)OCC1CN(CCO1)C=2N=CN=C(C2Cl)N3CCN4N=C(C=C4C3)C5CCC5,1.086,c1nc(N2CCOCC2)cc(N2CCn3nc(C4CCC4)cc3C2)n1
XS843774a,CCC=1C=CC(=CC1)S(=O)(=O)NCC=2C=CC=3C(=O)N(CC3C2)C4CCC(=O)NC4=O,1.928,O=C1CCC(N2Cc3cc(CNS(=O)(=O)c4ccccc4)ccc3C2=O)C(=O)N1
XS843770a,CC=1C=CC=2OC=C(CC(=O)N(CC=3C=CC=CC3Cl)C4CCS(=O)(=O)C4)C2C1,1.06,O=C(Cc1coc2ccccc12)N(Cc1ccccc1)C1CCS(=O)(=O)C1
XS843771a,CC=1C=CC(=CC1C)S(=O)(=O)N2CCC(CC2)C(=O)OCC(=O)N3CCCC(C)C3,0.634,O=C(OCC(=O)N1CCCCC1)C1CCN(S(=O)(=O)c2ccccc2)CC1
XS843776a,O=C(N1CCOC1=O)N2CCC(C#CC=3C=CC=C4C(=O)N(CC34)C5CCC(=O)NC5=O)CC2,1.872,O=C1CCC(N2Cc3c(C#CC4CCN(C(=O)N5CCOC5=O)CC4)cccc3C2=O)C(=O)N1
XS843769a,CN1C(=O)C2=C(N=CN2CC(=O)N3CCC=4SC=CC4C3C=5C=CC=CC5)N(C)C1=O,5.072,O=C(Cn1cnc2[nH]c(=O)[nH]c(=O)c21)N1CCc2sccc2C1c1ccccc1
XS837993b,CCS(=O)(=O)NC=1C=CC(=CC1OC)NC(=O)NC(C)C=2C=CC=C(C2)C(F)(F)F,0.584,O=C(NCc1ccccc1)Nc1ccccc1
XS814399b,CCC(=O)N1CCCC(C1)C(=O)NC=2C=C(C=CC2OC)S(=O)(=O)N3CCCCC3,0.79,O=C(Nc1cccc(S(=O)(=O)N2CCCCC2)c1)C1CCCNC1
XS843779a,COC=1C=CC(=CC1S(=O)(=O)N2CCCC2)C(=O)NC3CCSC=4C=CC=CC43,1.106,O=C(NC1CCSc2ccccc21)c1cccc(S(=O)(=O)N2CCCC2)c1
XS843772a,CCOC=1C=CC(=CC1)S(=O)(=O)N2CCC(CC2)C(=O)NC3CCCC=4C=CC=CC43,1.186,O=C(NC1CCCc2ccccc21)C1CCN(S(=O)(=O)c2ccccc2)CC1
XS843767a,CC(OC(=O)C=1C=CC(F)=CC1N)C(=O)N2CC(=O)NC=3C=C(C=CC32)C(F)(F)F,0.618,O=C1CN(C(=O)COC(=O)c2ccccc2)c2ccccc2N1
XS836917b,O=C(NC1CCCC(F)(F)C1)C=2CCON2,0.618,O=C(NC1CCCCC1)C1=NOCC1
XS843785a,COC=1C=C(OC)C(=C(C1)OC)C2CCCN2,3.206,c1ccc(C2CCCN2)cc1
XS843783a,CC1C(=O)NCCN1C(=O)C=2C=CC(F)=CC2,0.852,O=C1CN(C(=O)c2ccccc2)CCN1
YT000055c,NC=1C=CC=CC1N2CC(OC2=O)C(F)(F)F,0.982,O=C1OCCN1c1ccccc1
XS428367b,CC(NC=1N=CN=C2C1C=NN2C)C3=CC=CO3,0.382,c1coc(CNc2ncnc3[nH]ncc23)c1
XS841174b,N#CC=1C=CC(Cl)=CC1NC2CNC(=O)C2,0.53,O=C1CC(Nc2ccccc2)CN1
XS582530b,CC1=C(C=NN1C)C(C)NC(=O)C=2C=NC(C)=CN2,0.384,O=C(NCc1cn[nH]c1)c1cnccn1
XS843796a,O=C(NC1CCC(=O)NC1=O)C2=CC=3C=CC=CC3O2,0.958,O=C1CCC(NC(=O)c2cc3ccccc3o2)C(=O)N1
XS402413b,O=C(C1CCC(=O)NC1)N2CCC=3SC=CC3C2,0.422,O=C1CCC(C(=O)N2CCc3sccc3C2)CN1
XS498329b,CN1C=CC=C1C(=O)NC2CCC=3C(O)=CC=CC32,0.396,O=C(NC1CCc2ccccc21)c1ccc[nH]1
XS843799a,CN(CC=1C=CC=C(F)C1)C(C(N)=O)C=2C=CC=CC2,1.02,c1ccc(CNCc2ccccc2)cc1
XS843797a,NC(=O)C1CCN(C1)C(=O)C=2C=CC=3C=CNC3N2,0.466,O=C(c1ccc2cc[nH]c2n1)N1CCCC1
XS843806a,CC=1N=C2CCC(CN2N1)NC3=NC=4C=CC=CC4S3,0.898,c1ccc2sc(NC3CCc4ncnn4C3)nc2c1
XS843812a,CC=1NC2=NC=NN2C(C=3C=CC=C(F)C3)C1C(N)=O,0.76,C1=CC(c2ccccc2)n2ncnc2N1
XS841546b,CC(C)C(C1=NN=C(O1)C=2C=CC=CN2)C=3C=CC=CC3,2.514,c1ccc(Cc2nnc(-c3ccccn3)o2)cc1
XS843817a,COC=1C=CC=CC1NC(=O)NC(C)C2=CC=C(C)O2,1.506,O=C(NCc1ccco1)Nc1ccccc1
XS674007b,CC(NC(=O)C=1C=CC(Cl)=CC1)C(=O)N2CCCC2,0.618,O=C(NCC(=O)N1CCCC1)c1ccccc1
XS843813a,CCC1CN(CCO1)C(=O)C=2C=NN(C2)C=3C=CC=CC3,0.4,O=C(c1cnn(-c2ccccc2)c1)N1CCOCC1
XS842440b,NC(=O)C1COCCN1CC=2C(F)=CC=CC2[N+]([O-])=O,0.446,c1ccc(CN2CCOCC2)cc1
XS798831b,CNC(=O)C(NC(=O)C1=CC=CS1)C=2C=CC=CC2,0.554,O=C(NCc1ccccc1)c1cccs1
XS840285b,CC=1C=CC(=CC1)N2C(=O)CSC2C3=CC=CS3,6.876,O=C1CSC(c2cccs2)N1c1ccccc1
XS837341b,CCOC(=O)C1CC21CCN(CC2)C=3C(=O)C(=O)C3N,0.766,O=c1cc(N2CCC3(CC2)CC3)c1=O
XS843816a,O=C(NC=1C=CC=CN1)C2CC(=O)N(C2)C=3C=CC=CC3,3.442,O=C(Nc1ccccn1)C1CC(=O)N(c2ccccc2)C1
XS839375b,CCC(NCCC1=NOC=2C=C(F)C=CC12)C3=NC=CO3,0.456,c1ccc2c(CCNCc3ncco3)noc2c1
XS843827a,COC=1C=CC=C(C1)NC(=O)C(C)N2CCC=3C=CC=CC32,1.274,O=C(CN1CCc2ccccc21)Nc1ccccc1
XS563550b,CC(=O)N1CC(C1)NC(=O)C2(O)CCC=3C=CC=CC3C2,4.484,O=C(NC1CNC1)C1CCc2ccccc2C1
XS843826a,O=C(C=1C=C(Cl)C=CN1)N2CCCC2C=3C=CSC3,1.084,O=C(c1ccccn1)N1CCCC1c1ccsc1
XS843821a,O=C(CN1CSCC1=O)N2CCCC(C2)N3C=CC=N3,0.754,O=C1CSCN1CC(=O)N1CCCC(n2cccn2)C1
XS837711b,CC1=CC=C(NC(=O)NC2CCC=3N=CSC3C2)S1,0.724,O=C(Nc1cccs1)NC1CCc2ncsc2C1
XS843823a,CC1=NC(CN2CCCC(C2)C3=NOC(=N3)C4CC4)=NO1,0.534,c1nc(CN2CCCC(c3noc(C4CC4)n3)C2)no1
XS812346b,CC(C)C(C(=O)NCC=1C=CC=NC1)C=2C=CC(Cl)=CC2,0.916,O=C(Cc1ccccc1)NCc1cccnc1
XS841042b,NC(=O)C1CSCCN1S(=O)(=O)C=2C=CC=CC2F,0.376,O=S(=O)(c1ccccc1)N1CCSCC1
XS786327b,CC1=CC(=NO1)NC(=O)NCC2CCN(C2)C=3C=CC=CC3,0.614,O=C(NCC1CCN(c2ccccc2)C1)Nc1ccon1
XS843833a,CC(C)(C)C(=O)NC1CCC2=NN=C(C=3C=CC=CC3)N2C1,0.518,c1ccc(-c2nnc3n2CCCC3)cc1
XS843835a,COCC1=CC=C(O1)C2CCCN2C(=O)NC=3C=CN=CC3,0.656,O=C(Nc1ccncc1)N1CCCC1c1ccco1
XS628205b,CC1=NNC(C)=C1CC(=O)N2CCCC2CC=3C=CC=CC3,0.394,O=C(Cc1cn[nH]c1)N1CCCC1Cc1ccccc1
XS842509b,CC(C(=O)N(C)C=1C=CC=CC1)N2CCCC=3OC=CC3C2,10.988,O=C(CN1CCCc2occc2C1)Nc1ccccc1
XS843838a,CC(NC=1C=CC=2OC(=NC2C1)C3CC3)C(=O)N4CCCC4,2.21,O=C(CNc1ccc2oc(C3CC3)nc2c1)N1CCCC1
XS843842a,O=C(NC=1C=CC=CC1)C2CSCN2C(=O)C=3C=CC=CC3,0.928,O=C(Nc1ccccc1)C1CSCN1C(=O)c1ccccc1
XS559570b,CC1=NN(C)C=2N=CC(=CC12)NC(=O)C3CC(=O)N(C3)C4CC4,1.232,O=C(Nc1cnc2[nH]ncc2c1)C1CC(=O)N(C2CC2)C1
XS843844a,CC1=CC(=NO1)NC(=O)C(C)OC(=O)C2=CC=3C=CC=CC3N2,0.684,O=C(COC(=O)c1cc2ccccc2[nH]1)Nc1ccon1
XS843851a,CC=1C=CC=C(N1)NC(=O)C2CC(=O)N(CC=3C=CC=CC3)C2,0.67,O=C(Nc1ccccn1)C1CC(=O)N(Cc2ccccc2)C1
XS843846a,CC1CC=2C=CC=CC2N1C(=O)COC=3C=CC=CC3C(N)=O,1.714,O=C(COc1ccccc1)N1CCc2ccccc21
XS843849a,CC(=O)NC=1C=CC(=CC1)CNC(=O)C(NC(C)=O)C(C)C,2.746,c1ccccc1
XS838419b,FC(C1=NC(=NO1)C2=COC=N2)N3C=C(Br)C=N3,0.742,c1cnn(Cc2nc(-c3cocn3)no2)c1
XS837725b,COC(=O)C=1C=CN=C(N1)NC(C)C=2C=CC=3OCCCC3C2,1.546,c1cnc(NCc2ccc3c(c2)CCCO3)nc1
XS839483b,C1=NC=C2C=CN=C(N3CCCC(CC3)OC=4C=CC=CC4)N12,6.386,c1ccc(OC2CCCN(c3nccc4cncn34)CC2)cc1
XS842201b,ClC=1C=CC2=C(CCC2NC=3C=CC4=NN=NN4N3)C1Cl,0.834,c1ccc2c(c1)CCC2Nc1ccc2nnnn2n1
XS843859a,CCOC=1C=CC(=CC1)NC(=O)NC(C)C=2C=CC(F)=C(F)C2,1.284,O=C(NCc1ccccc1)Nc1ccccc1
XS838668b,CC1=NOC(=N1)C(C)NC=2C=CN(CC=3C=CC(Cl)=CC3)N2,0.554,c1ccc(Cn2ccc(NCc3ncno3)n2)cc1
XS550692b,CC1=NN(C)C=C1C(C)NC(=O)C2=CNN=C2C3CCOCC3,0.584,O=C(NCc1cn[nH]c1)c1c[nH]nc1C1CCOCC1
XS841749b,CC1(C)CNC(=O)C1NC(=O)C=2C=CC(=CC2)OC(F)(F)F,1.856,O=C(NC1CCNC1=O)c1ccccc1
XS837181b,CC(C)C1=NN(C)C=2SC(=CC12)C3=NC(=NO3)C4CCOC4,0.412,c1n[nH]c2sc(-c3nc(C4CCOC4)no3)cc12
XS838876b,COC(=O)C(NC1=NN(C)C=2N=CC=NC12)C=3C=CC(F)=CC3,0.456,c1ccc(CNc2n[nH]c3nccnc23)cc1
XS843861a,CC(C)C=1C=CC(=CC1)NC(=O)NC(CC=2C=COC2)C(=O)O,0.472,O=C(NCCc1ccoc1)Nc1ccccc1
XS840527b,COC(=O)C=1C=CC=C(C1C)S(=O)(=O)NC(C)C=2N=CNN2,0.424,O=S(=O)(NCc1nc[nH]n1)c1ccccc1
XS843868a,CCC1CN(CCO1)C(=O)CN2N=C(OC2=O)C3=CC=CS3,6.708,O=C(Cn1nc(-c2cccs2)oc1=O)N1CCOCC1
XS593008b,CCC1CN(C)C=2C=CC=CC2CN1C(=O)C=3C=CC(=O)N(C)C3,1.122,O=C(c1ccc(=O)[nH]c1)N1CCNc2ccccc2C1
XS841277b,CC(C)(C)NC(=O)C1CCCCN1CC(=O)NC2=NN=CS2,0.562,O=C(CN1CCCCC1)Nc1nncs1
XS575039b,CN(C(=O)C1=COC(=N1)C2CCOCC2)C3CCC=4C=CC=CC43,0.534,O=C(NC1CCc2ccccc21)c1coc(C2CCOCC2)n1
XS640941b,CC(NC(=O)N1CCC=2C=CC=CC2C1)C=3C=CC=4OCOC4C3,0.456,O=C(NCc1ccc2c(c1)OCO2)N1CCc2ccccc2C1
XS837561b,CCOC(=O)C1=CNN=C1OCC2CCC3(CCOCC3)CO2,1.53,c1cc(OCC2CCC3(CCOCC3)CO2)n[nH]1
XS843862a,CC(NC(=O)CN1C(=O)CCCC=2C=CC=CC21)C=3C=CC=CC3,0.498,O=C(CN1C(=O)CCCc2ccccc21)NCc1ccccc1
XS474140b,CC=1C=CC=2C(=O)N(C(=O)C2C1)C(C)C(=O)NC=3C=CN=C(C)N3,2.372,O=C(CN1C(=O)c2ccccc2C1=O)Nc1ccncn1
XS841259b,C=CCOC(C)C(=O)NC=1N=C2C=CC(Br)=CN2N1,0.442,c1ccn2ncnc2c1
XS069747b,COC=1C=CC(=CC1)NC(C)C(=O)NC=2C=CC(F)=CC2Cl,1.014,O=C(CNc1ccccc1)Nc1ccccc1
XS841784b,COC=1N=C(SC1C)C2=CN(N=N2)C(C)C(=O)N3CCCC3,1.282,O=C(Cn1cc(-c2nccs2)nn1)N1CCCC1
XS841335b,O=C(O)C12CCC(CC1)(CC2)NC(=O)C3CCCCC(F)(F)C3,0.516,O=C(NC12CCC(CC1)CC2)C1CCCCCC1
XS841871b,O=C(NCC1=CSC=C1Cl)NC2CCOCC32CCCC3,0.484,O=C(NCc1ccsc1)NC1CCOCC12CCCC2
XS843875a,CC(=O)NC(CC(=O)NC=1C=C(C)C=CN1)C=2C=CC(Cl)=CC2,0.83,O=C(CCc1ccccc1)Nc1ccccn1
XS733529b,O=C(NCC1=NC=C(O1)C=2C=CC=CC2)NC3CCCCNC3=O,4.69,O=C(NCc1ncc(-c2ccccc2)o1)NC1CCCCNC1=O
XS843879a,CC=1C=C(NC(=O)NC(C)C=2C=CC=3OCCCOC3C2)N(C)N1,0.668,O=C(NCc1ccc2c(c1)OCCCO2)Nc1ccn[nH]1
XS840634b,CN1C(=NNC(=O)C2CC(=O)N(C2)C3CC3)SC=4C=CC=CC41,1.414,O=C(NN=c1[nH]c2ccccc2s1)C1CC(=O)N(C2CC2)C1
XS843878a,CN(C(=O)C1CC(=O)N(CCC=2C=CC=CC2)C1)C3=NC=CS3,3.758,O=C(Nc1nccs1)C1CC(=O)N(CCc2ccccc2)C1
XS843880a,CNC(=O)NC(=O)C(NC=1C=CC=2OCOC2C1)C=3C=CC=CC3,4.856,c1ccc(CNc2ccc3c(c2)OCO3)cc1
XS843874a,CCN(C(=O)NC=1C=NN(C)C1)C2CCN(C2=O)C=3C=CC=CC3,1.254,O=C(Nc1cn[nH]c1)NC1CCN(c2ccccc2)C1=O
XS843882a,CC(=O)N1N=C(CC1C=2C=CC=C3N=CC=NC23)C=4C=CC(C)=CC4,1.356,c1ccc(C2=NNC(c3cccc4nccnc34)C2)cc1
XS484266b,COC=1C=CC(=CC1)CN2CCC(NC(=O)C=3C=NN(C)N3)C2=O,1.024,O=C(NC1CCN(Cc2ccccc2)C1=O)c1cn[nH]n1
XS787182b,CC=1C=CC=2CC(SC2C1)C(=O)N(C)CC3=NN=C4CCCN34,1.012,O=C(NCc1nnc2n1CCC2)C1Cc2ccccc2S1
XS843895a,CC(NC1=NS(=O)(=O)C=2C=CC=CC12)C(=O)NC=3C=CN(C)N3,0.998,O=C(CNC1=NS(=O)(=O)c2ccccc21)Nc1cc[nH]n1
XS435613b,NC=1N=CC=C(N1)C2CCCN(C2)C(=O)NC=3C=C(F)C=C(F)C3,0.604,O=C(Nc1ccccc1)N1CCCC(c2ccncn2)C1
XS843893a,COC=1C=CC(=CC1)C2CCCN2S(=O)(=O)C=3C(C)=NOC3C,0.734,O=S(=O)(c1cnoc1)N1CCCC1c1ccccc1
XS843891a,CC(NC(=O)CC=1C=CC=2OCCOC2C1)C=3C=CC(F)=C(F)C3,0.726,O=C(Cc1ccc2c(c1)OCCO2)NCc1ccccc1
XS583973b,CN(C(=O)C1=CC=CS1)C2CCN(C2=O)C=3C=CC=CC3Cl,2.88,O=C(NC1CCN(c2ccccc2)C1=O)c1cccs1
XS843884a,CCC1=NC(=NO1)C2CCCN2C(=O)C3=CC=C(CNC(C)=O)O3,4.75,O=C(c1ccco1)N1CCCC1c1ncon1
XS840780b,CCN(C(=O)CC=1C(Cl)=CC=CC1OC)C(C)C=2C=CC=NC2,0.36,O=C(Cc1ccccc1)NCc1cccnc1
XS551305b,COCC1(CCCN1CC=2C=CC(C)=CC2Br)C(N)=O,1.528,c1ccc(CN2CCCC2)cc1
XS146008c,O=C(C=1C=CN=CC1)N(CC2CCCO2)C3=NC=4C=CC=CC4S3,1.01,O=C(c1ccncc1)N(CC1CCCO1)c1nc2ccccc2s1
XS843906a,O=C(NCC=1C=CC(=NC1)OCC2CC2)C3COC=4C=CC=CC4O3,0.42,O=C(NCc1ccc(OCC2CC2)nc1)C1COc2ccccc2O1
XS660062b,COC=1C(Cl)=C(Cl)C=CC1S(=O)(=O)N2CCCCC2C,2.88,O=S(=O)(c1ccccc1)N1CCCCC1
XS839291b,O=C1NN=C(C=C1N2CC(C=3C=CNN3)C4(CCC4)C2)C(F)(F)F,0.85,O=c1[nH]nccc1N1CC(c2cc[nH]n2)C2(CCC2)C1
XS836838b,O=C(CC1SC=2C=CC=CC2NC1=O)NC=3C=CC=4NN=CC4C3,1.028,O=C(CC1Sc2ccccc2NC1=O)Nc1ccc2[nH]ncc2c1
XS624133b,CC=1C=CC=2C(=COC2C1C)CC(=O)N3CCCC3C=4C=NN(C)C4,0.91,O=C(Cc1coc2ccccc12)N1CCCC1c1cn[nH]c1
XS843897a,CC=1C=CC(C)=C(C1)OCC(O)CN2N=C(C=CC2=O)N3C=CN=C3,1.502,O=c1ccc(-n2ccnc2)nn1CCCOc1ccccc1
XS843918a,O=C(NCC=1C=CC=C2OCOC12)C3CC(=NO3)C=4C=CC=C(F)C4,2.212,O=C(NCc1cccc2c1OCO2)C1CC(c2ccccc2)=NO1
XS843908a,CCOC=1C=CC(=CC1)C(=O)OCC(=O)NC2CCS(=O)(=O)C2,0.462,O=C(COC(=O)c1ccccc1)NC1CCS(=O)(=O)C1
XS692036b,CC=1C(=CC=CC1NC(=O)NC2CCC3=NC=NN3C2)COC(C)C,0.408,O=C(Nc1ccccc1)NC1CCc2ncnn2C1
XS838408b,COC=1C=C(N=C2C=CC=CC12)C(=O)OCC3CCCC4(CCC4)O3,0.382,O=C(OCC1CCCC2(CCC2)O1)c1ccc2ccccc2n1
XS843912a,O=S(=O)(CC1=COC(=N1)C=2C=CC=C(Cl)C2)CC3CCCO3,1.186,O=S(=O)(Cc1coc(-c2ccccc2)n1)CC1CCCO1
XS843916a,CN1C(=O)C=CN(CC(=O)NC(C=2C=CC=CC2)C3CCCC3)C1=O,1.656,O=C(Cn1ccc(=O)[nH]c1=O)NC(c1ccccc1)C1CCCC1
XS843910a,CC=1C=CC=CC1N2CCN(CC2)C(=O)C(C)OC=3C=CC(F)=CC3,0.446,O=C(COc1ccccc1)N1CCN(c2ccccc2)CC1
XS842555b,CC=1C=C(OCC(=O)NC(C)C2=CC=CS2)C3=CC=CC(F)=C3N1,0.38,O=C(COc1ccnc2ccccc12)NCc1cccs1
XS837919b,COCC1CCN(C1)S(=O)(=O)NC=2C=C(F)C=C3CCCOC23,8.52,O=S(=O)(Nc1cccc2c1OCCC2)N1CCCC1
XS843917a,CC=1C=C(ON1)C2CCCN2C(=O)C3=CSC(=N3)C=4C=NN(C)C4,1.174,O=C(c1csc(-c2cn[nH]c2)n1)N1CCCC1c1ccno1
XS843915a,CCOC=1C=CC(=CC1)NC(C)C2=NC=3SC(C)=C(C)C3C(=O)N2,0.78,O=c1[nH]c(CNc2ccccc2)nc2sccc12
XS836464b,CN1N=NC(=N1)N2CCC(C2)C3CCN(CC3)C(=O)C4CCCCC4,0.594,O=C(C1CCCCC1)N1CCC(C2CCN(c3nn[nH]n3)C2)CC1
XS840808b,CC(C=1C=CC=CN1)N(CC=2C=CC=CC2)C(=O)C3=CC(=CN3)C(N)=O,1.868,O=C(c1ccc[nH]1)N(Cc1ccccc1)Cc1ccccn1
XS501875b,COC1CCCCN(CC(=O)N2CCC(CC2)C3=CC=NN3C)C1=O,0.384,O=C(CN1CCCCCC1=O)N1CCC(c2ccn[nH]2)CC1
XS837354b,CC1=NC(=NO1)C(C)S(=O)(=O)CCN2C=C(Br)C=N2,0.58,O=S(=O)(CCn1cccn1)Cc1ncon1
XS843927a,O=C(CCC1=NC(=NO1)C=2C=CC=CC2)NC3CCOC=4C=CC=CC43,7.262,O=C(CCc1nc(-c2ccccc2)no1)NC1CCOc2ccccc21
XS843922a,CC(OC(=O)C=1C(F)=CC=CC1F)C(=O)NC=2C=CC(=CC2)C(N)=O,0.458,O=C(COC(=O)c1ccccc1)Nc1ccccc1
XS843924a,CCOC=1C=CC(=CC1)N2CC(CC2=O)C(=O)NC3=NC=C(C)S3,6.756,O=C(Nc1nccs1)C1CC(=O)N(c2ccccc2)C1
XS838681b,COC=1C=CC(=CC1O)CC(C)NC2=NC=C(O2)C(=O)OC(C)(C)C,0.872,c1ccc(CCNc2ncco2)cc1
XS840891b,CN1N=C(N=C1CC2COCC=3C=CC=CC32)C4=NC=CN5N=CC=C45,0.56,c1ccc2c(c1)COCC2Cc1nc(-c2nccn3nccc23)n[nH]1
XS736210b,CCC(=O)N1CCCC(C1)C(=O)NC2=NC=3C=C(Cl)C=CC3N2C,4.402,O=C(Nc1nc2ccccc2[nH]1)C1CCCNC1
XS840648b,CC=1C=C(NC(=O)C(C)N2CCC3=NN(C(=O)C=C3C2)C(C)C)ON1,0.48,O=C(CN1CCc2n[nH]c(=O)cc2C1)Nc1ccno1
XS843925a,CC(NC(=O)C1=CC=2C(=O)N3C=CC=CC3=NC2N1C)C=4C=CC=CC4,2.28,O=C(NCc1ccccc1)c1cc2c(=O)n3ccccc3nc2[nH]1
XS839874b,COC1=C(C=NN1C)C(=O)N(C)C(C)C2=NC=3C=C(Cl)C=CC3N2,1.084,O=C(NCc1nc2ccccc2[nH]1)c1cn[nH]c1
XS843921a,CN1C=C(C=N1)CC2CCN(C2)C(=O)NCCCC=3C=CC=C(F)C3,0.798,O=C(NCCCc1ccccc1)N1CCC(Cc2cn[nH]c2)C1
XS839899b,CN(CC1=NC(=CS1)C(F)(F)F)C(=O)C2CCC3=NN=CN3C2,0.87,O=C(NCc1nccs1)C1CCc2nncn2C1
XS843923a,O=C(C=1C=CC=C2NC=CC12)N3CCCC(C3)N4CCCS4(=O)=O,0.336,O=C(c1cccc2[nH]ccc12)N1CCCC(N2CCCS2(=O)=O)C1
XS533570b,CC1=NN=C2CNC(CN12)C(=O)N3CCN(CC3)C=4C=CC=CC4F,1.042,O=C(C1Cn2cnnc2CN1)N1CCN(c2ccccc2)CC1
XS842480b,[O-][N+](=O)C=1C(=O)N2C=CC=CC2=NC1N3CCCC3CC=4C=CC=CC4,0.922,O=c1cc(N2CCCC2Cc2ccccc2)nc2ccccn12
XS843931a,CC=1C=CC(=CC1)C=2N=NN(CC(=O)NC3CCCC43CCOCC4)N2,2.714,O=C(Cn1nnc(-c2ccccc2)n1)NC1CCCC12CCOCC2
XS843940a,CCCN(C(=O)CC1=CN2C=CSC2=N1)C3CCC=4C=CC=CC4C3,1.036,O=C(Cc1cn2ccsc2n1)NC1CCc2ccccc2C1
XS843932a,CC1=NC(C(=O)N2CCC(C2)NC=3C=CC=C(Cl)C3)=C4C=CC=CN14,0.466,O=C(c1ncn2ccccc12)N1CCC(Nc2ccccc2)C1
XS840439b,CNC(=O)NC(=O)C(C)OC(=O)C=1SC=2N=C(C)NC(=O)C2C1C,0.8,O=c1[nH]cnc2sccc12
XS840247b,CC(CNC(=O)C1CC2(CSC2)C1)C=3C=CC(Br)=CC3,0.434,O=C(NCCc1ccccc1)C1CC2(CSC2)C1
XS843929a,CC(C)(C)C(=O)NCC(=O)N1CCC=2SC=CC2C1C=3C=CC=CC3,0.734,c1ccc(C2NCCc3sccc32)cc1
XS843939a,CC=1C=CC(=CC1)C=2N=NN(CC(=O)NC(C)C(=O)N3CCCCC3)N2,1.316,O=C(Cn1nnc(-c2ccccc2)n1)NCC(=O)N1CCCCC1
XS465992b,CCOC=1C=CC(=CC1)C2CCCN2C(=O)NC=3C=CC=4OCOC4C3,1.844,O=C(Nc1ccc2c(c1)OCO2)N1CCCC1c1ccccc1
XS843937a,O=C1CC(C(=O)N1C=2C=CC=CC2)N3CCN(CC=4C=CC=CC4)CC3,5.308,O=C1CC(N2CCN(Cc3ccccc3)CC2)C(=O)N1c1ccccc1
XS783080b,CC1C2=NN=C(C3CCCC3)N2CCN1C(=O)N(C)CC=4C=CC=CC4,1.546,O=C(NCc1ccccc1)N1CCn2c(nnc2C2CCCC2)C1
XS843928a,CC=1C=CC=CC1C(C)NC(=O)COC=2C=CC(=CC2)N3CCCC3=O,0.932,O=C(COc1ccc(N2CCCC2=O)cc1)NCc1ccccc1
XS840449b,CS(=O)(=O)CC(NC=1N=C2C=CC=CN2C1[N+]([O-])=O)C=3C=CC=CC3,2.048,c1ccc(CNc2cn3ccccc3n2)cc1
XS838327b,CC1=NN(C(C)=C1C2CCC(=O)N2)C=3C=CC=CC3S(=O)(=O)N(C)C,0.748,O=C1CCC(c2cnn(-c3ccccc3)c2)N1
XS836995b,CC1=C(C=NN1C=2C=CC(F)=CC2)C(C)NC=3C=C(N=CN3)N4C=CN=C4,1.498,c1ccc(-n2cc(CNc3cc(-n4ccnc4)ncn3)cn2)cc1
XS843954a,OC(COC=1C=CC=C(C1)C(F)(F)F)CN2C=CC(=N2)C=3C=CC=NC3,0.43,c1ccc(OCCCn2ccc(-c3cccnc3)n2)cc1
XS841769b,COC=1C=C(C=C(Cl)C1O)C(=O)NC(C)C2=NC=3CCCCC3S2,2.612,O=C(NCc1nc2c(s1)CCCC2)c1ccccc1
XS843953a,CC=1C=CC(=CC1)C(=O)N(CC=2C=CC=C(F)C2)C3CCS(=O)(=O)C3,0.958,O=C(c1ccccc1)N(Cc1ccccc1)C1CCS(=O)(=O)C1
XS843952a,O=C(NCC(C1=CNC=2C=CC=CC12)C=3C=CC=CC3)N4CCCC54CC5,1.392,O=C(NCC(c1ccccc1)c1c[nH]c2ccccc12)N1CCCC12CC2
XS843948a,CC(C)COC(=O)C12CCC(=O)N2C=3C=CC=CC3C(=O)N1CC(C)C,0.854,O=C1NC2CCC(=O)N2c2ccccc21
XS837015c,O=C(C1=CC=2C=CC(F)=CC2S1)N3CCCCC3CCN4C=CN=N4,0.89,O=C(c1cc2ccccc2s1)N1CCCCC1CCn1ccnn1
XS394163b,CN(CC1=NC=2C=CC=CC2C(=O)N1)C(C(=O)NC(N)=O)C=3C=CC=CC3,0.5,O=c1[nH]c(CNCc2ccccc2)nc2ccccc12
XS843959a,CCNC(=O)C(C)OC(=O)C1=NN(C=2C=CC(F)=CC2)C=3CCCCCC13,0.518,c1ccc(-n2ncc3c2CCCCC3)cc1
XS838983b,CC(CC=1C=NN(C)C1)CN(CC=2C=CC(C#N)=CC2)C=3C=C(C#N)N=CN3,0.498,c1ccc(CN(CCCc2cn[nH]c2)c2ccncn2)cc1
DR001136c,CC=1C=CC=C(C1)C(CC(=O)NCC=2C=CC=3NCCOC3C2)NC(N)=O,1.308,O=C(CCc1ccccc1)NCc1ccc2c(c1)OCCN2
XS843961a,COC=1C=CC(=CC1)N2CC(CC2=O)C(=O)NC3=NN=C(N3)C(F)(F)F,0.518,O=C(Nc1nnc[nH]1)C1CC(=O)N(c2ccccc2)C1
XS839464b,COC(=O)C1(CCN(C1)C2=NC(C#N)=CO2)C=3C=CC(Br)=CC3,0.52,c1ccc(C2CCN(c3ncco3)C2)cc1
XS662803b,CC(CNC(=O)C1=CSC(=N1)C=2C=NN(C)C2)N3CCC=4C=CC=CC43,0.904,O=C(NCCN1CCc2ccccc21)c1csc(-c2cn[nH]c2)n1
XS843967a,COC=1C=CC(=CC1F)C(C)NC(=O)C=2C=CC=C(C2)N3C(=O)CCC3=O,0.682,O=C(NCc1ccccc1)c1cccc(N2C(=O)CCC2=O)c1
XS838307b,CC(C(=O)N1CCN(CC1)C=2C=CC=CC2S(N)(=O)=O)C=3C=CC=CN3,0.746,O=C(Cc1ccccn1)N1CCN(c2ccccc2)CC1
XS843965a,COC=1C=CC(=CC1OCC(N)=O)NC(C)C2=NC(=NO2)C3=CC=CS3,3.5,c1ccc(NCc2nc(-c3cccs3)no2)cc1
XS843962a,CCS(=O)(=O)N1N=C(CC1C=2C=CC3=NC=CN=C3C2)C4=CC=CS4,3.884,c1csc(C2=NNC(c3ccc4nccnc4c3)C2)c1
XS830336b,COC=1C=CC(OC)=C(C1)C(C)NC(=O)CNC(=O)C=2C=CC=CC2Cl,0.818,O=C(CNC(=O)c1ccccc1)NCc1ccccc1
XS843979a,COCCOC=1C=CC(=CC1OC)C(C)NC(=O)CN2N=NC=3C=CC=CC32,0.35,O=C(Cn1nnc2ccccc21)NCc1ccccc1
XS843975a,COC1=CC(=CC(OC)=C1OC)C(=O)NC(C)C(=O)NC2=NC=C(C)S2,1.244,O=C(CNC(=O)c1ccccc1)Nc1nccs1
XS843972a,CCN1N=CC=2C=C(C(=O)N(C(C)C)C3CCCC=4C=CC=NC43)C(C)=NC21,2.676,O=C(NC1CCCc2cccnc21)c1cnc2[nH]ncc2c1
XS518416b,CC1=C(C=NN1C)C(C)NC(=O)N2CCC(CC2)OC=3C=CC(F)=CC3F,0.594,O=C(NCc1cn[nH]c1)N1CCC(Oc2ccccc2)CC1
XS843973a,CCC(=O)N1N=C(CC1C=2C=CC(C)=CC2)C=3C=CC=CC3NS(C)(=O)=O,1.346,c1ccc(C2=NNC(c3ccccc3)C2)cc1
XS837343b,O=C(C=1C=CC=2NCCOCC2C1)N3CCCC(CC4(N=N4)C(F)(F)F)C3,0.648,O=C(c1ccc2c(c1)COCCN2)N1CCCC(CC2N=N2)C1
XS843969a,CC=1C=CC=CC1N2C=C(C=N2)C(=O)NC(CC(=O)O)C=3C=CC(Cl)=CC3,0.816,O=C(NCc1ccccc1)c1cnn(-c2ccccc2)c1
XS843987a,CCC=1C=CC=CC1C(=O)NC=2C=CC=C3C(=O)N(CC23)C4CCC(=O)NC4=O,0.574,O=C1CCC(N2Cc3c(NC(=O)c4ccccc4)cccc3C2=O)C(=O)N1
XS843982a,CN1C(=CC=2C=CC=CC21)C(=O)NC(CC=3C=CC=CC3)C(=O)N4CCCCC4,4.462,O=C(NC(Cc1ccccc1)C(=O)N1CCCCC1)c1cc2ccccc2[nH]1
XS840346b,CC(C)C1C(=O)NCCN1C(=O)NC=2C=CN(N2)C=3N=CC=CC3C(F)(F)F,1.804,O=C1CN(C(=O)Nc2ccn(-c3ccccn3)n2)CCN1
XS843989a,CNC(=O)CN1C=2C=CC=CC2C(=O)N(C)C1C3=CC(Br)=CS3,0.832,O=C1NC(c2cccs2)Nc2ccccc21
XS843984a,O=C(NC=1C=CC(=CC1)C2=NN=C3CCCCCN23)C4COC=5C=CC=CC5O4,0.458,O=C(Nc1ccc(-c2nnc3n2CCCCC3)cc1)C1COc2ccccc2O1
XS843985a,CC(CCC=1C=CC=CC1F)C(=O)NC=2C=CC=3NC(=O)CS(=O)(=O)C3C2,0.422,O=C(CCCc1ccccc1)Nc1ccc2c(c1)S(=O)(=O)CC(=O)N2
XS843986a,O=C(C(NC=1C=CC(=CC1)N2CCCS2(=O)=O)C=3C=CC=CC3)N4CCCC4,2.514,O=C(C(Nc1ccc(N2CCCS2(=O)=O)cc1)c1ccccc1)N1CCCC1
XS515065b,COC=1C=CC(=CC1)C2(CNC(=O)C(C)N3CCC=4C=CC=CC43)CCOCC2,1.478,O=C(CN1CCc2ccccc21)NCC1(c2ccccc2)CCOCC1
XS839614b,COCCOC(=O)C1=C(C)OC(N)=C(C#N)C1C=2C=CC(Br)=CC2,0.424,C1=CC(c2ccccc2)C=CO1
XS837303b,CC1(CCNC(=O)C1)C(=O)NC2=NC(=CS2)C3=CC=C(Br)S3,1.064,O=C1CC(C(=O)Nc2nc(-c3cccs3)cs2)CCN1
XS843990a,O=C1C=2C=CC=C(NS(=O)(=O)C3=CC=CO3)C2CN1C4CCC(=O)NC4=O,1.008,O=C1CCC(N2Cc3c(NS(=O)(=O)c4ccco4)cccc3C2=O)C(=O)N1
XS843983a,CC(C)N1N=NC(C(=O)N2CCC(C2)NC=3C=CC=C(C#N)C3)=C1C(F)(F)F,0.706,O=C(c1c[nH]nn1)N1CCC(Nc2ccccc2)C1
XS844001a,CC12CCC(=O)N2C=3C=CC=CC3C(=O)N1CC(=O)N4CCN(CC4)C=5N=CC=CN5,1.492,O=C(CN1C(=O)c2ccccc2N2C(=O)CCC12)N1CCN(c2ncccn2)CC1
XS844006a,COC=1C=CC(=CC1)NC=2C=CC(=CC2)NC(=O)C3CC(=O)N(CC4=CC=CO4)C3,1.48,O=C(Nc1ccc(Nc2ccccc2)cc1)C1CC(=O)N(Cc2ccco2)C1
XS843998a,CC=1N=C(SC1C(=O)N(C)C2CCS(=O)(=O)C2)C=3C=CC(=CC3)C(F)(F)F,0.792,O=C(NC1CCS(=O)(=O)C1)c1cnc(-c2ccccc2)s1
XS843996a,CC(OC(=O)C=1C=CC(Cl)=C(C1)S(N)(=O)=O)C(=O)NC=2C=CC(Cl)=CC2,0.426,O=C(COC(=O)c1ccccc1)Nc1ccccc1
XS837585b,COC(=O)C1CC=2C=CC(Br)=CC2CN1CC3=CN4C=CC=C(F)C4=N3,0.882,c1ccc2c(c1)CCN(Cc1cn3ccccc3n1)C2
XS842357b,O=C(CC1COCCN1CC(F)(F)F)N2CCS(=O)(=O)C3(CCCCC3)C2,0.948,O=C(CC1COCCN1)N1CCS(=O)(=O)C2(CCCCC2)C1
XS841215b,CC1=CC=C(O1)C2CSCCN2C(=O)CC3=CSC(=N3)NC(=O)C=4C=COC4C,1.188,O=C(Nc1nc(CC(=O)N2CCSCC2c2ccco2)cs1)c1ccoc1
XS840404b,CC1=CC(=C(C)O1)C2=NN=C(CN(C)CC=3C(C)=NN(C3C)C4CCS(=O)(=O)C4)O2,1.098,O=S1(=O)CCC(n2cc(CNCc3nnc(-c4ccoc4)o3)cn2)C1
XS844018a,COC=1C=CC=C2CC(OC12)C(=O)OCC(=O)N3CCN(CC(=O)NC=4C(C)=CC=CC4C)CC3,2.684,O=C(CN1CCN(C(=O)COC(=O)C2Cc3ccccc3O2)CC1)Nc1ccccc1
XS840678b,COC=1C=CC(=CC1)C=2CC(C3=CC=CO3)N(N2)C(=O)COC(=O)C=4C(C)=NOC4N,0.41,O=C(OCC(=O)N1N=C(c2ccccc2)CC1c1ccco1)c1cnoc1
XS844008a,CC(C)NC(=O)NCC=1C=CC(=CC1)C(=O)NCC(C)C2=NC=3C=CC=CC3N2C(F)F,0.572,O=C(NCCc1nc2ccccc2[nH]1)c1ccccc1
XS844021a,CC1=CC(C)=C(C)C(=C1C)S(=O)(=O)N2CCC(CC2)C(=O)N3CCCC(C3)C(=O)O,0.318,O=C(C1CCN(S(=O)(=O)c2ccccc2)CC1)N1CCCCC1
XS390915b,CC(C1=NC=2C=CC=CC2C(=O)N1)N3CCCN(CC3)S(=O)(=O)C=4C=CC(F)=CC4,2.026,O=c1[nH]c(CN2CCCN(S(=O)(=O)c3ccccc3)CC2)nc2ccccc12
XS840373b,[O-][N+](=O)C=1C=C(Cl)C=CC1NC(=O)CN(CC2=CC=CO2)C3CCS(=O)(=O)C3,0.498,O=C(CN(Cc1ccco1)C1CCS(=O)(=O)C1)Nc1ccccc1
XS844017a,CCCC=1C=CC(=CC1)S(=O)(=O)NC=2C=CC=3C(=O)N(CC3C2)C4CCC(=O)NC4=O,2.064,O=C1CCC(N2Cc3cc(NS(=O)(=O)c4ccccc4)ccc3C2=O)C(=O)N1
XS844030a,O=C(NC1CCCCNC1=O)C=2C=CC=CC2,0.382,O=C(NC1CCCCNC1=O)c1ccccc1
XS715214b,CC1C=2C=CC=CC2CCN1C=3C=NC(C#N)=CN3,1.346,c1ccc2c(c1)CCN(c1cnccn1)C2
XS836997b,CC(NC=1C=CC=CC1)C2=NN=CN2,0.484,c1ccc(NCc2nnc[nH]2)cc1
XS844024a,CC1=CSC(=N1)SC2CCCCNC2=O,0.65,O=C1NCCCCC1Sc1nccs1
XS844033a,CNC(=O)C1CC(=O)N(C1)C=2C=CC(F)=CC2,1.248,O=C1CCCN1c1ccccc1
XS839432b,CN1CCC(C(=O)NC2=CC=CN3N=CC=C23)C1=O,1.406,O=C1NCCC1C(=O)Nc1cccn2nccc12
XS177501c,O=C(NCC1CCCO1)C=2C=CC=C3C=CC=NC23,0.546,O=C(NCC1CCCO1)c1cccc2cccnc12
XS844044a,CC(=O)N1C=2C=CC(=CC2CC1C)S(N)(=O)=O,0.768,c1ccc2c(c1)CCN2
XS844043a,CC(C1=CC=CS1)N(C)C(=O)C=2C=CC(O)=NC2,0.612,O=C(NCc1cccs1)c1cccnc1
XS837638b,CN(C(=O)C1CCCC=2C=CC=CC21)C3=NC=CS3,0.402,O=C(Nc1nccs1)C1CCCc2ccccc21
XS536410b,O=C(C=1C=CC=CN1)N(C=2C=CC=CC2)C3CCOC3,0.9,O=C(c1ccccn1)N(c1ccccc1)C1CCOC1
XS844040a,CC1CNC=2C=CC=CC2N(CC=3C=CC=CC3)C1=O,0.344,O=C1CCNc2ccccc2N1Cc1ccccc1
XS840522b,COC=1C=CN=C(N1)N2CCC=3SC=CC3C2C,0.342,c1cnc(N2CCc3sccc3C2)nc1
XS844048a,COC=1C=CC(=CC1)NC(C)C(=O)NC=2C=CC=CC2,0.412,O=C(CNc1ccccc1)Nc1ccccc1
XS838227b,NC=1C=C(Br)C=CC1OCC2CCOC2,0.47,c1ccc(OCC2CCOC2)cc1
XS622274b,O=C(O)C1CCN(C1)C(=O)C2=CC=3C=CC=CC3S2,0.586,O=C(c1cc2ccccc2s1)N1CCCC1
XS822293b,CC(NC(=O)NC=1C=CC=C(F)C1)C(=O)N2CCCC2,0.552,O=C(NCC(=O)N1CCCC1)Nc1ccccc1
XS844053a,CC1CCN(C1)C(=O)C2=CN(C)N=C2C3CCCCC3,1.698,O=C(c1c[nH]nc1C1CCCCC1)N1CCCC1
XS844055a,CN(C(=O)C1CC(=O)N(C1)C2CCCC2)C3CCCC3,0.818,O=C(NC1CCCC1)C1CC(=O)N(C2CCCC2)C1
XS582257b,CNC(=O)NC(=O)C(C)SCC=1C=CC=C(C1)OC,1.398,c1ccccc1
XS844052a,CC=1C=CC=C2NC(C=3C=CC=C(C#N)C3)N(C)C(=O)C12,0.496,O=C1NC(c2ccccc2)Nc2ccccc21
XS818931b,CC1=CC(=NO1)C2CCCN2C(=O)NC=3C=CC=C(C)C3,0.49,O=C(Nc1ccccc1)N1CCCC1c1ccon1
XS844063a,COC=1C=CC(OC)=C(C1)C(C)NCC=2C=CC(C#N)=CC2,14.482,c1ccc(CNCc2ccccc2)cc1
XS388677b,O=S(=O)(C=1C=CC=CC1)N2CCCC(C2)C(F)(F)F,0.588,O=S(=O)(c1ccccc1)N1CCCCC1
XS844077a,O=C(NCC=1C=CC=2OCCC2C1)C3CC=4C=CC=CC4O3,0.456,O=C(NCc1ccc2c(c1)CCO2)C1Cc2ccccc2O1
XS844068a,CCC(CNC(=O)NC1=CC(C)=NN1C)C=2C=CC=CC2,0.628,O=C(NCCc1ccccc1)Nc1ccn[nH]1
XS580838b,O=C(C1CCC(=O)NC1)N2CCN(CC2)C=3N=CC=CN3,0.692,O=C1CCC(C(=O)N2CCN(c3ncccn3)CC2)CN1
XS844066a,CC(OC(=O)COC=1C=CC=CC1C#N)C(=O)NC2CC2,0.842,O=C(COC(=O)COc1ccccc1)NC1CC1
XS844076a,O=C(NC1CCCNC1=O)C2=CC=3C(F)=CC=CC3S2,1.656,O=C(NC1CCCNC1=O)c1cc2ccccc2s1
XS006096e,CC(CC1=NC=2C=CC=CC2S1)(C(=O)O)C=3C=CC=CC3,0.61,c1ccc(CCc2nc3ccccc3s2)cc1
XS185697b,N#CC=1C=CC(=CC1)NC(=O)N2CCCC2C=3C=CC=NC3,0.5,O=C(Nc1ccccc1)N1CCCC1c1cccnc1
XS837450b,CC(C=1C=C(Cl)C=CC1Cl)N2CCN3N=CN=C3C2,0.342,c1ccc(CN2CCn3ncnc3C2)cc1
XS844075a,CCC=1N=NSC1C(=O)NCC(CC)C=2C=CC=CC2,0.638,O=C(NCCc1ccccc1)c1cnns1
XS844083a,CCC1(CC)CN(C(=O)C(C)N2C=NC=N2)C=3C=CC=CC31,0.318,O=C(Cn1cncn1)N1CCc2ccccc21
XS841636b,FC(F)CC(CNC=1C=CC=2COCC2C1)C=3C=CC=CC3,0.862,c1ccc(CCNc2ccc3c(c2)COC3)cc1
XS844090a,CC=1C=C(NC(=O)NC2CCSC=3C=CC=CC32)N(C)N1,1.168,O=C(Nc1ccn[nH]1)NC1CCSc2ccccc21
XS844080a,CC=1C=CC=C(NC(C)C(=O)NC=2C=CC(Cl)=CN2)C1C,0.864,O=C(CNc1ccccc1)Nc1ccccn1
XS842423b,COCCN(C)C(=O)C(C)C1=CC=C(Br)S1,0.418,c1ccsc1
XS844085a,CC=1C=CC(=CN1)C(=O)OC(C)C(=O)NCC=2C=CC=CC2,0.452,O=C(COC(=O)c1cccnc1)NCc1ccccc1
XS838071b,CN1C=C(N=N1)NC(=O)NC(C=2C=CC=CC2)C(F)(F)F,0.688,O=C(NCc1ccccc1)Nc1c[nH]nn1
XS844102a,ClC=1C=CC(=CC1)C2C=C(NC3=NN=NN32)C=4C=CN=CC4,1.04,C1=C(c2ccncc2)Nc2nnnn2C1c1ccccc1
XS838422b,CC1=NN=C(O1)C(C)N2C=C(CN3C=CC=4C=CC=CC43)N=N2,0.38,c1ccc2c(c1)ccn2Cc1cn(Cc2nnco2)nn1
XS839922b,O=C(NCC1CCC=2C=CC=CC2N1)C=3C=CN4C=NC=C4C3,1.402,O=C(NCC1CCc2ccccc2N1)c1ccn2cncc2c1
XS716325b,CC=1C=C(ON1)C(=O)NC(CN2CCCC2=O)C=3C=CC=CC3,0.524,O=C(NC(CN1CCCC1=O)c1ccccc1)c1ccno1
XS422083b,CC1C=2C=CSC2CCN1C(=O)COC=3C=CC(C#N)=CC3,0.778,O=C(COc1ccccc1)N1CCc2sccc2C1
XS837584b,O=C(NNC(=O)C1CC=2C=CC=CC2O1)C3=CN=C(O3)C4CC4,3.402,O=C(NNC(=O)C1Cc2ccccc2O1)c1cnc(C2CC2)o1
XS612090b,COC=1C=CC=CC1C2=NOC(CC(C)C=3C(C)=NNC3C)=N2,0.358,c1ccc(-c2noc(CCc3cn[nH]c3)n2)cc1
XS726467b,COC=1C=CC=C(C1)N2CC(CC2=O)NC(=O)C=3C=CC=CC3,2.58,O=C(NC1CC(=O)N(c2ccccc2)C1)c1ccccc1
XS837962b,O=S1(=O)CCC2(C1)CN(CCO2)C=3C(F)=CN=CC3Cl,0.984,O=S1(=O)CCC2(CN(c3ccncc3)CCO2)C1
XS525094b,CN1C=CC(=N1)NC(=O)NC2CCCN(C2)C=3C=CC=CC3F,0.568,O=C(Nc1cc[nH]n1)NC1CCCN(c2ccccc2)C1
XS844108a,O=C(NC=1C=CC(F)=CN1)N2CCOC(CC=3C=CC=CC3)C2,0.688,O=C(Nc1ccccn1)N1CCOC(Cc2ccccc2)C1
XS844112a,CC1=CN=C(NC(=O)C(C)N2C(=O)C=3C=CC=CC3C2=O)S1,2.558,O=C(CN1C(=O)c2ccccc2C1=O)Nc1nccs1
XS784763b,OC(CNCC=1C=CC=2OCOC2C1)COC=3C=CC(F)=CC3,8.928,c1ccc(OCCCNCc2ccc3c(c2)OCO3)cc1
XS654029b,CC1=NN(C)C(C)=C1CCC(=O)N2CCCC(C2)N3C=NC=N3,0.444,O=C(CCc1cn[nH]c1)N1CCCC(n2cncn2)C1
XS844107a,COC=1C=CC(=CC1OC)C(=O)N(C)C(C)C=2C=CC(F)=CC2,0.686,O=C(NCc1ccccc1)c1ccccc1
XS840142b,CC=1N=C(NC(=O)C1C)C=2C=CC(=NC2)N3CCCC(C)(F)C3,3.534,O=c1ccnc(-c2ccc(N3CCCCC3)nc2)[nH]1
XS583123b,CC(OC=1N=CC=CC1C(=O)NCC2(C)CCC2)C(F)(F)F,0.66,O=C(NCC1CCC1)c1cccnc1
XS844128a,CC(CC=1C=CC(Cl)=CC1Cl)NC(=O)CCN2C=NC=N2,0.436,O=C(CCn1cncn1)NCCc1ccccc1
XS844122a,COC=1C=CC(=CN1)NC(C)C(=O)NC=2C=CC(F)=C(F)C2F,0.396,O=C(CNc1cccnc1)Nc1ccccc1
XS816070b,CC(C)CNC(=O)C(C)NC=1C=CC(F)=C(C1)NC(=O)C2CC2,0.668,O=C(Nc1ccccc1)C1CC1
XS838648b,COC=1C=CC(=CC1OC(F)F)NC(C)C2CS(=O)(=O)C2,0.374,O=S1(=O)CC(CNc2ccccc2)C1
XS474522b,O=C(C=1C=CC=2OCC(=O)NC2C1)N3CCCC(C3)N4C=CC=N4,0.526,O=C1COc2ccc(C(=O)N3CCCC(n4cccn4)C3)cc2N1
XS844119a,CC(C)C(NC(=O)CN1C=NC=2C=CC=CC21)C=3C=CC(F)=CC3,0.902,O=C(Cn1cnc2ccccc21)NCc1ccccc1
XS839750b,CC(C1=NC=2C=CC=CC2S1)N(C)CC=3N=NSC3Cl,0.442,c1ccc2sc(CNCc3csnn3)nc2c1
XS556831b,O=C(NCC1=CC=CO1)N2CCCC3(C=CC=4C=CC=CC4O3)C2,0.42,O=C(NCc1ccco1)N1CCCC2(C=Cc3ccccc3O2)C1
XS693228b,CC=1C=CC=CC1C(C)NC(=O)C2=CSC(=N2)C=3C=NN(C)C3,0.438,O=C(NCc1ccccc1)c1csc(-c2cn[nH]c2)n1
XS844117a,O=C(CC=1C=CC=2CCCCC2C1)N3CCCC(C3)N4C=NC=N4,1.11,O=C(Cc1ccc2c(c1)CCCC2)N1CCCC(n2cncn2)C1
XS844125a,CN1C=NN=C1C2CCCN(C2)S(=O)(=O)C=3C=CC=CC3N,1.016,O=S(=O)(c1ccccc1)N1CCCC(c2nnc[nH]2)C1
XS331437c,O=C(COC=1C=CC=2CCCC2C1)N3CCCC3CN4C=CC=N4,0.354,O=C(COc1ccc2c(c1)CCC2)N1CCCC1Cn1cccn1
XS330370b,COCC1(CCCN1C(=O)C2=CC(=NN2C)C(C)(C)C)C(N)=O,0.634,O=C(c1ccn[nH]1)N1CCCC1
XS844120a,CC(NC(=O)C=1C=CC=CC1)C(=O)NCC2(CC2)C=3C=CC=CC3,0.41,O=C(CNC(=O)c1ccccc1)NCC1(c2ccccc2)CC1
XS844139a,CC=1C=CC=C2C(=O)NC(NC12)C3=CSC(=N3)C=4C=CSC4,1.908,O=C1NC(c2csc(-c3ccsc3)n2)Nc2ccccc21
XS844135a,COC=1N=CC=CC1C(=O)NC(C)C=2C=CC=3OCC(=O)NC3C2,1.022,O=C1COc2ccc(CNC(=O)c3cccnc3)cc2N1
XS575269b,CC1=NN(C)C=C1C(=O)N2CCCCC2C3=NN=C(O3)C4CCC4,0.382,O=C(c1cn[nH]c1)N1CCCCC1c1nnc(C2CCC2)o1
XS844140a,CC(C)CCOC=1C=CC(=CC1)C(C)NC(=O)CCN2C=NC=N2,1.302,O=C(CCn1cncn1)NCc1ccccc1
XS844129a,O=C(C1=CN=C2SC=CN2C1=O)N3CCCC(C3)N4C=CC=N4,0.722,O=C(c1cnc2sccn2c1=O)N1CCCC(n2cccn2)C1
XS840941b,CN1CC(CC1=O)C(=O)N2CCC3(CCC=4C=CC=CC4O3)CC2,2.084,O=C1CC(C(=O)N2CCC3(CCc4ccccc4O3)CC2)CN1
XS697655b,COC=1C=CC=2NC=C(CCNC(=O)C3CC=4C=CC=CC4O3)C2C1,1.764,O=C(NCCc1c[nH]c2ccccc12)C1Cc2ccccc2O1
XS844141a,CC=1C=CC=C2SC(=NC12)NC(=O)NC3CC(=O)N(C3)C(C)C,10.446,O=C1CC(NC(=O)Nc2nc3ccccc3s2)CN1
XS844146a,CC1=C(SC=2N=C(C)NC(=O)C12)C(=O)OC(C)C(=O)NC3CC3,0.794,O=C(COC(=O)c1cc2c(=O)[nH]cnc2s1)NC1CC1
XS844151a,NC(=O)C1CCN(C1)C(=O)C2=CC=C(S2)C=3C=CC(Cl)=CC3,0.424,O=C(c1ccc(-c2ccccc2)s1)N1CCCC1
XS844145a,COCC(C)NC(=O)C1=CSC(=N1)C=2C=CC(OC)=C(C2)OC,0.476,c1ccc(-c2nccs2)cc1
XS840335b,COC(=O)CC1CN(C(=O)C=2C=CC(=NN2)N(C)C)C3(CC3)CO1,0.726,O=C(c1cccnn1)N1CCOCC12CC2
XS540853b,CC=1C=C(N)N(N1)C=2C=C(N=CN2)N3CCCC3CC=4C=CC=CC4,1.382,c1ccc(CC2CCCN2c2cc(-n3cccn3)ncn2)cc1
XS844166a,CC1=CC(C)=CC(=C1)C2(CC2)C(=O)NC3CCCC=4NC(=O)C=CC43,1.702,O=C(NC1CCCc2[nH]c(=O)ccc21)C1(c2ccccc2)CC1
XS837626b,O=C(O)C(CNCC=1C=C(NN1)C=2C=CC=CC2)OC=3C=CC=CC3,0.776,c1ccc(OCCNCc2cc(-c3ccccc3)[nH]n2)cc1
XS844162a,CC(=O)NC=1C=CC=CC1OCC(=O)NC2CCCC=3C=CC=CC32,0.77,O=C(COc1ccccc1)NC1CCCc2ccccc21
XS844157a,CC1=CC(=NO1)NC(=O)C(C)NC=2C=CC(Br)=C(C)C2,0.818,O=C(CNc1ccccc1)Nc1ccon1
XS844161a,CC1=CC=NC2=NC(=NN12)C(=O)OC(C)C(=O)NCC=3C=CC=CC3,1.472,O=C(COC(=O)c1nc2ncccn2n1)NCc1ccccc1
XS844164a,O=C(NC1CCCN(C1)C=2N=CC=CN2)C3=CC=4CCCC4NC3=O,0.55,O=C(NC1CCCN(c2ncccn2)C1)c1cc2c([nH]c1=O)CCC2
XS844159a,CC(C)C1=CC(=NO1)C(=O)N2CCCCC2C3=CC=4C=CC=CC4N3,1.454,O=C(c1ccon1)N1CCCCC1c1cc2ccccc2[nH]1
XS839947b,O=C(NCC=1C=CC2=CC=CC=C2C1)NC3CCCC43CCOCC4,2.6,O=C(NCc1ccc2ccccc2c1)NC1CCCC12CCOCC2
XS837803b,CN1C=NC=2N=C(N=C(O)C21)NCC3(CCC(=O)N3)C=4C=CC=CC4,0.994,O=C1CCC(CNc2ncc3[nH]cnc3n2)(c2ccccc2)N1
XS839586b,CN(C)C(=O)N1CCN(C(=O)C(F)OC=2C=CC=NC2)C(C)(C)C1,0.88,O=C(COc1cccnc1)N1CCNCC1
XS844178a,CCN(CC)C=1C=CC(=CN1)C(=O)N2CCCC(C2)C3=NC(C)=NO3,0.726,O=C(c1cccnc1)N1CCCC(c2ncno2)C1
XS841544b,CN1N=NC=2CC(CCC21)NC(=O)N3CCN4N=C(C=C4C3)C5CC5,0.558,O=C(NC1CCc2[nH]nnc2C1)N1CCn2nc(C3CC3)cc2C1
XS839186b,CC1=CON=C1NC(=O)N2CCCC(CNS(=O)(=O)C(C)C)C2,0.574,O=C(Nc1ccon1)N1CCCCC1
XS844171a,CCN1C=NN=C1C2CCCN(C2)C(=O)NC=3C(C)=CC(C)=CC3C,1.874,O=C(Nc1ccccc1)N1CCCC(c2nnc[nH]2)C1
XS844174a,COC1=CC(OC)=C(C=C1C(=O)NC2CCCC=3C=CC=CC32)OC,3.428,O=C(NC1CCCc2ccccc21)c1ccccc1
XS844173a,COC=1C=CC(C(=O)NC2CCC=3NN=CC3C2)=C(C1)OCC4CC4,0.562,O=C(NC1CCc2[nH]ncc2C1)c1ccccc1OCC1CC1
XS838129b,[O-][N+](=O)C1=NN(C=C1Br)CC2CCC3(CCCCC3)O2,0.608,c1cnn(CC2CCC3(CCCCC3)O2)c1
XS841991b,CC1=CSC(=N1)C(NC(=O)C=2C=C3C(=O)NC=NC3=CN2)C4CC4,0.512,O=C(NC(c1nccs1)C1CC1)c1cc2c(=O)[nH]cnc2cn1
XS844175a,CC1=C(SC=2N=C(C)N=C(C)C12)C(=O)NC(C)CCC3=CC=CO3,2.1,O=C(NCCCc1ccco1)c1cc2cncnc2s1
XS694601b,CC(NC(=O)C=1C=CC=2SCCC(=O)NC2C1)C=3C=CC(F)=CC3,0.756,O=C1CCSc2ccc(C(=O)NCc3ccccc3)cc2N1
XS838530b,BrC=1C=CC=C2N=C(C=CC12)NC3CCC4=NN=NN4C3,0.644,c1ccc2nc(NC3CCc4nnnn4C3)ccc2c1
XS844176a,COC(=O)C1=C(C)N(CC=2C=CC=CC2)C(=O)NC1C=3C=CSC3,0.824,O=C1NC(c2ccsc2)C=CN1Cc1ccccc1
XS844184a,CC=1N=CC=2CC(CCC2N1)NC(=O)C=3C=C(Cl)C=4OCOC4C3,0.552,O=C(NC1CCc2ncncc2C1)c1ccc2c(c1)OCO2
XS844186a,O=C(NC=1C=CC=CC1N2C=CC=N2)C3CC(=O)N(C3)C=4C=CC=CC4,5.198,O=C(Nc1ccccc1-n1cccn1)C1CC(=O)N(c2ccccc2)C1
XS838892b,CC=1C=C(Cl)C=CC1OCCNC(=O)C2(C#N)CC32CCOCC3,0.44,O=C(NCCOc1ccccc1)C1CC12CCOCC2
XS844190a,CCCCN(C(=O)CC1C=CCC1)C=2C(=O)NC(=O)N(CCC)C2N,0.974,O=C(CC1C=CCC1)Nc1c[nH]c(=O)[nH]c1=O
XS844188a,CN(CC(=O)N1N=C(CC1C2=CC=CO2)C3=CC=CO3)C=4C=CC=CC4,1.604,O=C(CNc1ccccc1)N1N=C(c2ccco2)CC1c1ccco1
XS844182a,C1=COC(=C1)C2=NN=C(CN3CCCCC3C4=CC=5C=CC=CC5N4)O2,0.648,c1coc(-c2nnc(CN3CCCCC3c3cc4ccccc4[nH]3)o2)c1
XS841796b,CN1C=C(C=N1)C2=CC=C(S2)C3NC(C)(C)C(=O)N3CC(C)(C)C,6.02,O=C1CNC(c2ccc(-c3cn[nH]c3)s2)N1
XS841690b,CN1N=NC=2C(=NC=NC21)N3CCCC3(C)CC4=CC(Cl)=CS4,0.772,c1csc(CC2CCCN2c2ncnc3[nH]nnc23)c1
XS794456b,COC1=CN(N=C1C(=O)NCC2CCS(=O)(=O)C2)C=3C=CC=CC3,0.456,O=C(NCC1CCS(=O)(=O)C1)c1ccn(-c2ccccc2)n1
XS844205a,N#CC=1C=CC=C(C1)NC2CCN(C2)C(=O)C3=NNC=4CCSCC34,0.698,O=C(c1n[nH]c2c1CSCC2)N1CCC(Nc2ccccc2)C1
XS844198a,O=C(C=1C=CC=2OCOC2C1)N3CCCC3C4=NC=5C=CC=CC5S4,3.568,O=C(c1ccc2c(c1)OCO2)N1CCCC1c1nc2ccccc2s1
XS841361b,O=C(C=1C=CC(=CC1)C2=NN=NN2)N3CCCCC(C3)C4CCOCC4,0.448,O=C(c1ccc(-c2nnn[nH]2)cc1)N1CCCCC(C2CCOCC2)C1
XS844192a,CN(C(=O)C1=CC=C(O1)C=2C=CC=CC2Cl)C3CCS(=O)(=O)C3,0.594,O=C(NC1CCS(=O)(=O)C1)c1ccc(-c2ccccc2)o1
XS844202a,O=C(NC=1C=CC=C(Cl)C1F)C2CCCN(C2)C(=O)C=3C=COC3,0.678,O=C(Nc1ccccc1)C1CCCN(C(=O)c2ccoc2)C1
XS844201a,CCN(C(=O)CN1C=NC=2SC=CC2C1=O)C3CCS(=O)(=O)C3,2.184,O=C(Cn1cnc2sccc2c1=O)NC1CCS(=O)(=O)C1
XS844197a,O=C(O)C(CC1=CNC=2C=CC=CC12)NC(=O)NCC=3C=CC(F)=CC3,1.21,O=C(NCCc1c[nH]c2ccccc12)NCc1ccccc1
XS844200a,CC1=C(C=CN1CC=2C=CC=CC2)C(=O)N3CCC(O)(C3)C(F)(F)F,0.816,O=C(c1ccn(Cc2ccccc2)c1)N1CCCC1
XS058229c,FC(F)(F)C1=NN=C2C=CC(=NN12)NC3CCN(CC=4C=CC=CC4)C3,9.292,c1ccc(CN2CCC(Nc3ccc4nncn4n3)C2)cc1
XS844220a,COC=1C=CC=C(C1OC)C2NC=3C=CC=CC3C(=O)N2CC4=CC=CO4,1.734,O=C1c2ccccc2NC(c2ccccc2)N1Cc1ccco1
XS837700b,CN1C=NC=2C(=NNC2C1=O)C(=O)N3CCOCC3C=4C=CC=CC4F,0.872,O=C(c1n[nH]c2c(=O)[nH]cnc12)N1CCOCC1c1ccccc1
XS844225a,CCOC(=O)C1=C(COC(=O)C2=CC=CO2)NC(=O)NC1C3=CC=CO3,2.078,O=C1NC(COC(=O)c2ccco2)=CC(c2ccco2)N1
XS844211a,C=C(C)CN1C(=NC=2C=CC=CC21)C3CC(=O)N(C3)C=4C=C(C)C=CC4C,3.038,O=C1CC(c2nc3ccccc3[nH]2)CN1c1ccccc1
XS844215a,CC=1C=CC(=CC1C)SCCNC(=O)C2CCCN(C2)C(=O)C(C)C,0.552,O=C(NCCSc1ccccc1)C1CCCNC1
XS840425b,CN(C(=O)CC=1C=C(Cl)C=C2COCOC12)C3CCS(=O)(=O)C3,1.356,O=C(Cc1cccc2c1OCOC2)NC1CCS(=O)(=O)C1
XS844213a,CC(NC(=O)C=1C=CC=2OCCOC2C1)C=3C=CC(=CC3)S(N)(=O)=O,1.622,O=C(NCc1ccccc1)c1ccc2c(c1)OCCO2
XS428312b,O=C(NC(CC(F)(F)F)C=1C=CC=CC1)C=2C=CN=C(C2)N3C=NC=N3,1.096,O=C(NCc1ccccc1)c1ccnc(-n2cncn2)c1
XS844221a,O=C1CSC(C2=CN(N=C2C=3C=CC=CC3)C=4C=CC=CC4)N1CCO,1.234,O=C1CSC(c2cn(-c3ccccc3)nc2-c2ccccc2)N1
XS844216a,CCCC(NC(=O)NC1=CC(OC)=C(OC)C(=C1)OC)C=2C=CC=CC2,0.888,O=C(NCc1ccccc1)Nc1ccccc1
XS441117b,CC1=NNC(C)=C1C2CCCN2C(=O)NC=3C=C(Cl)C=C4CCOC34,1.342,O=C(Nc1cccc2c1OCC2)N1CCCC1c1cn[nH]c1
XS838476b,CC(C(=O)N1CCC=2C=CC=CC2C1)S(=O)(=O)CC3=CN(N=N3)C4CC4,0.662,O=C(CS(=O)(=O)Cc1cn(C2CC2)nn1)N1CCc2ccccc2C1
XS844230a,CC=1C=CC(=CC1)OC(C)C(=O)NCC=2C=CC(=CC2)C(=O)N3CCCC3,0.44,O=C(COc1ccccc1)NCc1ccc(C(=O)N2CCCC2)cc1
XS841923b,CC1(C)C(CCS1(=O)=O)C(=O)N2CCC3(CCC=4C=CC=CC4C3)CC2,3.73,O=C(C1CCS(=O)(=O)C1)N1CCC2(CCc3ccccc3C2)CC1
XS836994b,COC=1C=CC(=CC1Br)C(C)NC(=O)C=2C=CC3=NN=NN3C2,0.992,O=C(NCc1ccccc1)c1ccc2nnnn2c1
XS844235a,COC(=O)C1=C(C)N(C)C(=O)N(C)C1C=2C=CC(Br)=CC2F,0.65,O=C1NC=CC(c2ccccc2)N1
XS838299b,O=C(C1CCNC=2C=C(F)C=CC21)N3CCC4=C(C3)NC=5C=CC(F)=CC54,2.1,O=C(C1CCNc2ccccc21)N1CCc2c([nH]c3ccccc23)C1
XS842445b,CNS(=O)(=O)C1CCN(C1)C(=O)C=2N=C(OC2C3CC3)C=4C=CC=CC4,0.514,O=C(c1nc(-c2ccccc2)oc1C1CC1)N1CCCC1
XS844242a,CC1CN(CC2(CCOCC2)O1)C(=O)C3=CNN=C3C4=CC=5C=CC=CC5O4,1.732,O=C(c1c[nH]nc1-c1cc2ccccc2o1)N1CCOC2(CCOCC2)C1
XS844245a,COC=1C=CC=CC1NC(=O)C=2C=CC(=CC2)NC(=O)C(NC(C)=O)C(C)C,0.452,O=C(Nc1ccccc1)c1ccccc1
XS844243a,O=C(NC1CCCN(C1)C(=O)N2CCCC2)C3=CC=4C(F)=CC=C(F)C4N3,0.548,O=C(NC1CCCN(C(=O)N2CCCC2)C1)c1cc2ccccc2[nH]1
XS840358b,O=C(N1CCN(CC1)C2CC(=O)N(C2=O)C3CC3)C45CC6CC(CC(C6)C5)C4,1.392,O=C1CC(N2CCN(C(=O)C34CC5CC(CC(C5)C3)C4)CC2)C(=O)N1C1CC1
XS329128b,COCC1=NN2CC(CCC2=N1)NC(=O)C=3C=CC(=CC3)CCC(F)(F)F,1.796,O=C(NC1CCc2ncnn2C1)c1ccccc1
XS844241a,CN1N=CC(C(=O)NC2CC3(CCC3)OC=4C=CC=CC42)=C1CC=5C=CC=CC5,1.532,O=C(NC1CC2(CCC2)Oc2ccccc21)c1cn[nH]c1Cc1ccccc1
XS844247a,COC(=O)C1=C(C)N(C)C(=O)N(C)C1C=2C=CC=C(C2)OCC=3C=CC=CC3,0.898,O=C1NC=CC(c2cccc(OCc3ccccc3)c2)N1
XS428107b,O=C(NC1=CC=NN1CC=2C=CC(Cl)=CC2)C3CC(=O)NC=4C=CC=CC43,1.054,O=C1CC(C(=O)Nc2ccnn2Cc2ccccc2)c2ccccc2N1
XS844239a,COC=1C=CC=2OC(C(=O)OCC(=O)NC3CCS(=O)(=O)C3)=C(C)C2C1,1.03,O=C(COC(=O)c1cc2ccccc2o1)NC1CCS(=O)(=O)C1
XS844248a,COC=1C=CC(=CC1)C(CNC(=O)C2CCOCC2)C3=CNC=4C=CC=CC34,1.432,O=C(NCC(c1ccccc1)c1c[nH]c2ccccc12)C1CCOCC1
XS839007b,COC1COC2=C(C=NN2C1)C(=O)NC=3C=CC=4C=NNC4C3Br,1.07,O=C(Nc1ccc2cn[nH]c2c1)c1cnn2c1OCCC2
XS844255a,CC(SC=1N=CC=CC1Cl)C(=O)NC=2C=CC=C(C2)S(=O)(=O)N(C)C,0.888,O=C(CSc1ccccn1)Nc1ccccc1
XS844253a,CCOC(=O)C1=C(COC(=O)C2=CC=CS2)NC(=O)NC1C3=CC=CS3,1.53,O=C1NC(COC(=O)c2cccs2)=CC(c2cccs2)N1
XS841052b,CC(C=1C=CC=C(C1)S(N)(=O)=O)N(C)C(=O)NCCCOCC2=CC=CO2,0.612,O=C(NCCCOCc1ccco1)NCc1ccccc1
XS840352b,CC1=CC=C(O1)C2=NC(C)=C(S2)C(=O)NC(C)C=3C=CC=4OCC(=O)NC4C3,0.516,O=C1COc2ccc(CNC(=O)c3cnc(-c4ccco4)s3)cc2N1
XS844256a,CC1=NC2=NC(=NN2C(C)=C1CC(=O)N(C)C(C)C=3C=CC=CC3)C(F)(F)F,0.736,O=C(Cc1cnc2ncnn2c1)NCc1ccccc1
XS840107b,CC(CN(C)C(=O)C=1C=CC(F)=C2C=CC=CC12)NC(=O)CCCN3C=CC=N3,0.626,O=C(CCCn1cccn1)NCCNC(=O)c1cccc2ccccc12
XS837616b,CN(C(=O)N1CCCC1COC=2C=CC(=CC2F)S(N)(=O)=O)C3CCCC3,1.112,O=C(NC1CCCC1)N1CCCC1COc1ccccc1
XS838065b,COC=1C=CC=CC1C(NC(=O)C=2C=CC3=C(C2)NC(=O)N3C)C4=NOC(C)=N4,0.656,O=C(NC(c1ccccc1)c1ncon1)c1ccc2[nH]c(=O)[nH]c2c1
XS844254a,CN(C(=O)COC(=O)CC=1C(Cl)=CC=CC1Cl)C2CCS(=O)(=O)C2,0.496,O=C(COC(=O)Cc1ccccc1)NC1CCS(=O)(=O)C1
XS838747b,CC1=NN(C(C)=C1C2COCCN2C3=CC(=O)OC=4C=CC=CC34)C=5C=CC=CC5,1.644,O=c1cc(N2CCOCC2c2cnn(-c3ccccc3)c2)c2ccccc2o1
XS170381d,CC1=NC(COC=2C=CC=CC2C(=O)NC(C)C=3C=CC=CC3Br)=NO1,0.786,O=C(NCc1ccccc1)c1ccccc1OCc1ncon1
XS844270a,O=C(NC1CCCC1)C=2C=CC=CC2NC(=O)C3CC(=O)N(CCC=4C=CC=CC4)C3,2.506,O=C(NC1CCCC1)c1ccccc1NC(=O)C1CC(=O)N(CCc2ccccc2)C1
XS844277a,CC=1C=CC(NC(=O)CN2CCN(CC2)C(=O)C3COC=4C=CC=CC4O3)=C(C)C1,0.518,O=C(CN1CCN(C(=O)C2COc3ccccc3O2)CC1)Nc1ccccc1
XS574272b,O=C(NC1CC(=O)N(C1)C2CCCCC2)C=3N=COC3C=4C=CC=5OCCOC5C4,4.196,O=C(NC1CC(=O)N(C2CCCCC2)C1)c1ncoc1-c1ccc2c(c1)OCCO2
XS839687b,CC(=O)N1CCC=2C=C(C=CC21)C(=O)NCC(C)C3=NC=4C=CC=CC4N3C(F)F,2.748,O=C(NCCc1nc2ccccc2[nH]1)c1ccc2c(c1)CCN2
XS844266a,CC1=NOC(C)=C1S(=O)(=O)N2CCC(CC2)C(=O)NC(C)C=3C=CC=CC3C,1.936,O=C(NCc1ccccc1)C1CCN(S(=O)(=O)c2cnoc2)CC1
XS838538b,C#CCCCOCC(=O)NC=1C=CC=C2C(=O)N(C(C)=NC12)C3CCC(=O)NC3=O,0.9,O=C1CCC(n2cnc3ccccc3c2=O)C(=O)N1
XS844287a,CC=1C=CC(=CC1)S(=O)(=O)N2CCN(CC(=O)NC(C)C=3C=CC=C(Cl)C3)CC2,0.65,O=C(CN1CCN(S(=O)(=O)c2ccccc2)CC1)NCc1ccccc1
XS844284a,CN(C)S(=O)(=O)C=1C=CC(Cl)=C(C1)C(=O)N2CCCC2C(=O)NC3CCN(CC3)C4CC4,1.546,O=C(NC1CCN(C2CC2)CC1)C1CCCN1C(=O)c1ccccc1
XS840363b,COC(=O)C(C)N1C(=O)C2=C(N=C3N(C(C)=C(C)N32)C=4C=C(C)C=C(C)C4)N(C)C1=O,0.628,O=c1[nH]c(=O)c2c(nc3n(-c4ccccc4)ccn23)[nH]1
XS844286a,CCN(CC)CC=1C=CC=C(C1)CNC(=O)C2CC=3C=CC=CC3CN2S(=O)(=O)CC,2.006,O=C(NCc1ccccc1)C1Cc2ccccc2CN1
XS844292a,CCCN1C=CC=C1C(=O)NCC(NC(=O)C2=CN=C(NC)S2)C=3C=CC=C(Cl)C3,0.746,O=C(NCC(NC(=O)c1cncs1)c1ccccc1)c1ccc[nH]1
XS840359b,CC1=CC(C)=C(C)C(=C1C)S(=O)(=O)N2CCN(CC2)C(=O)C3CCS(=O)(=O)C3,1.24,O=C(C1CCS(=O)(=O)C1)N1CCN(S(=O)(=O)c2ccccc2)CC1
XS840460b,O=C(CCN1N=C(OC1=O)C2=CC=CS2)N3CCCC3C4=NC=5C=CC=CC5S4,3.136,O=C(CCn1nc(-c2cccs2)oc1=O)N1CCCC1c1nc2ccccc2s1
XS844290a,COC=1C=CC(=CC1)C2CC(=NN2C(=O)C3=CC=CO3)C=4C=CC(=CC4)NS(C)(=O)=O,3.444,O=C(c1ccco1)N1N=C(c2ccccc2)CC1c1ccccc1
XS842190b,O=S(=O)(C=1SC=CC1Br)N2CCCC(C2)N3N=CC=C3C(F)(F)F,0.958,O=S(=O)(c1cccs1)N1CCCC(n2cccn2)C1
XS844293a,CC=1C=CC=C(NC(=O)C=2C=CC=C(C2)N3C=C(N=N3)C4CCCS(=O)(=O)C4)C1C,1.568,O=C(Nc1ccccc1)c1cccc(-n2cc(C3CCCS(=O)(=O)C3)nn2)c1
XS844299a,CC1C=2C=CSC2CCN1C(=O)NC3CC3,0.88,O=C(NC1CC1)N1CCc2sccc2C1
XS844310a,CC1=NOC(=N1)C(C)NC(=O)CC2CC2,8.528,O=C(CC1CC1)NCc1ncno1
XS844305a,CC(=O)NC(C)C=1C=CC=C(C1)OC(F)F,0.384,c1ccccc1
BD008397b,CC1C(=O)NC=2C=CC(=CC21)C3=CSC(N)=N3,1.362,O=C1Cc2cc(-c3cscn3)ccc2N1
XS838077b,CC1CN(CC2=CC=CN2C(F)F)CC(=O)N1,0.568,O=C1CN(Cc2ccc[nH]2)CCN1
XS018838b,O=C(C1CCCO1)N2CC(=O)NC=3C=CC=CC32,0.652,O=C1CN(C(=O)C2CCCO2)c2ccccc2N1
XS844312a,CC=1C=C(N=C2C=CC=CC12)SC3CCN(C)C3=O,0.5,O=C1NCCC1Sc1ccc2ccccc2n1
XS844324a,NC=1C=CC(=CC1)NC(=O)C2CC=3C=CC=CC3S2,2.346,O=C(Nc1ccccc1)C1Cc2ccccc2S1
XS844318a,CC1=CC=C(S1)C(=O)NC(C)C=2C=NN(C)C2C,1.066,O=C(NCc1cn[nH]c1)c1cccs1
XS788332b,O=C(CCC=1C=CC=NC1)NC2CCC=3C=CC=CC32,0.52,O=C(CCc1cccnc1)NC1CCc2ccccc21
XS841637b,O=C(C1=NNC=C1F)N2CCCC3(CCSC3)C2,0.39,O=C(c1cc[nH]n1)N1CCCC2(CCSC2)C1
XS844314a,NC(=O)C1CCCN1S(=O)(=O)C=2C=CC=CC2,0.598,O=S(=O)(c1ccccc1)N1CCCC1
XS837346b,CC(COC=1C=CC=CC1OC=2N=CC=CN2)C3CC3,0.324,c1cnc(Oc2ccccc2OCCC2CC2)nc1
XS844321a,CC(NC(=O)CN1C=CC=CC1=O)C2=CC=CS2,0.596,O=C(Cn1ccccc1=O)NCc1cccs1
XS844327a,NC(=O)C1CCCN(C1)C=2N=CC(Br)=CN2,0.392,c1cnc(N2CCCCC2)nc1
XS740954b,NC(=O)C1CN(CC2=CC=C(O2)C=3C=CC=CC3)CCO1,10.212,c1ccc(-c2ccc(CN3CCOCC3)o2)cc1
XS844335a,CC(NC(=O)C=1C=CC=C(C1)C(=O)O)C2=CC=CS2,0.52,O=C(NCc1cccs1)c1ccccc1
XS839566b,CN(C(=O)NC=1C=CC(F)=CN1)C2CC(C)(C)OC2=O,0.846,O=C(Nc1ccccn1)NC1CCOC1=O
XS844340a,N#CC=1C=CC(=CC1)C(=O)N2CCCC2C=3C=CC=CN3,1.188,O=C(c1ccccc1)N1CCCC1c1ccccn1
XS844334a,CC(C(=O)NC(C)(C)C)S(=O)(=O)CC=1C=CC=CC1,0.584,c1ccccc1
XS628580b,COC=1C=CC=C(C1)C(C)C(=O)N2CCC=3NN=CC3C2,0.4,O=C(Cc1ccccc1)N1CCc2[nH]ncc2C1
XS844352a,COC=1C=CC(=CC1)NC(=O)NC(C)C=2C=NN(C)C2C,1.176,O=C(NCc1cn[nH]c1)Nc1ccccc1
XS844353a,CC1=C(C=NN1C)C(C)NC(=O)C2=CC=3CCCC3S2,1.034,O=C(NCc1cn[nH]c1)c1cc2c(s1)CCC2
XS840281b,COC=1C=CC=C(C1)CNC(=O)NCC2CC(Cl)=NO2,0.552,O=C(NCc1ccccc1)NCC1CC=NO1
XS844345a,O=C1C=2C=CC=CC2NC(C=3C=CNN3)N1C=4C=CC=CC4,0.342,O=C1c2ccccc2NC(c2cc[nH]n2)N1c1ccccc1
XS674700b,COCC1(CCCN1C(=O)C=2OC=CC2C(C)C)C(N)=O,0.764,O=C(c1ccco1)N1CCCC1
XS844362a,CC=1C=NC(=CN1)C(=O)OC(C)C(=O)N(C)C=2C=CC=CC2,1.792,O=C(COC(=O)c1cnccn1)Nc1ccccc1
XS837335b,CC=1C=C(NC(=O)C(C)N2N=NC=3C=CC=CC3C2=O)ON1,1.348,O=C(Cn1nnc2ccccc2c1=O)Nc1ccno1
XS785151b,O=C(O)C1=CSC(CNC(=O)C2CC=3C=CC=CC3O2)=N1,0.624,O=C(NCc1nccs1)C1Cc2ccccc2O1
XS836670b,CCOC=1C=NC(=CN1)C(=O)NC(C)C2=NN=NN2C3CC3,0.972,O=C(NCc1nnnn1C1CC1)c1cnccn1
XS844364a,O=C(NCC1=CC=CS1)C2CCCN(C2)C=3C=NC=CN3,0.55,O=C(NCc1cccs1)C1CCCN(c2cnccn2)C1
XS844370a,CCS(=O)C=1C=CC=CC1C(=O)NCCC=2C=CC=CC2,1.648,O=C(NCCc1ccccc1)c1ccccc1
XS841116b,CC(CN(C)C(=O)C=1C=CC=C2C=CN=CC12)S(=O)(=O)F,1.35,c1ccc2cnccc2c1
XS838905b,CC(CC(=O)NCCC=1C=CC=2NN=CC2C1)C=3C=NN(C)C3,0.462,O=C(CCc1cn[nH]c1)NCCc1ccc2[nH]ncc2c1
XS839271b,COC=1C=NC(=CN1)CNC=2C=CC(=CC2)OC3CC3(F)F,0.614,c1cnc(CNc2ccc(OC3CC3)cc2)cn1
XS844373a,O=C(NC1CCCN(C1)C(=O)C=2C=CC=CC2)C=3C=CC=CN3,0.4,O=C(NC1CCCN(C(=O)c2ccccc2)C1)c1ccccn1
XS844383a,CCOC(=O)NC(C(=O)N1CCCN(CC1)C(C)=O)C(C)C,0.558,C1CNCCNC1
XS844377a,CC1(CC(=O)N(NC1=O)C2CCCC2)C=3C=CC(Cl)=CC3,0.632,O=C1NN(C2CCCC2)C(=O)CC1c1ccccc1
XS841649b,CC(CC1=NC=2C=CC=CC2S1)NC=3C=CC4=NN=NN4N3,0.38,c1ccc2sc(CCNc3ccc4nnnn4n3)nc2c1
XS844375a,NC(=O)CN1C=C(N=N1)C(=O)N2CCCC(C2)C=3C=CC=CC3,0.628,O=C(c1c[nH]nn1)N1CCCC(c2ccccc2)C1
XS839390b,FCC(NC=1N=CC=NC1F)C=2C=CC=C(Br)C2,0.532,c1ccc(CNc2cnccn2)cc1
XS842233b,CC(NC1=NN=C(S1)C=2C=CC=CC2Cl)C3=NN=CN3C,1.06,c1ccc(-c2nnc(NCc3nnc[nH]3)s2)cc1
XS501927b,CCCCC1=NOC(CN2CCNC(=O)C2C=3C=CC=CC3)=N1,1.182,O=C1NCCN(Cc2ncno2)C1c1ccccc1
XS685762b,CN1C=NN=C1C2CCCN(C2)C(=O)NCC=3C=CC=C(F)C3,0.938,O=C(NCc1ccccc1)N1CCCC(c2nnc[nH]2)C1
XS844392a,CCCN(CC=1C=CC(C)=CC1)C(=O)C(C)NC(=O)C(C)(C)C,0.456,c1ccccc1
XS844395a,NC(=O)C1CCN(C1)C(=O)C=2C=NN(C2)C=3C=CC(Cl)=CC3,1.982,O=C(c1cnn(-c2ccccc2)c1)N1CCCC1
XS844393a,O=C(C1CCCO1)N2CCN(CC2)C=3N=CN=C4SC=CC34,0.742,O=C(C1CCCO1)N1CCN(c2ncnc3sccc23)CC1
XS841472b,CCC=1C=C(CNC(=O)NC2CCCOC32CCOCC3)NN1,0.442,O=C(NCc1ccn[nH]1)NC1CCCOC12CCOCC2
XS638213b,CCCC(=O)NC(CN1C=NC=2C=CC=CC21)C=3C=CC(F)=CC3,0.556,c1ccc(CCn2cnc3ccccc32)cc1
XS844397a,COC(=O)C(C)CNC(=O)C=1C=NN(C1)C=2C=CC=CC2Cl,0.704,c1ccc(-n2cccn2)cc1
XS839149b,CC1=NC=2C(=CC=CC2O1)NC(=O)C3(CCOC3)C=4C=CC=CC4,1.09,O=C(Nc1cccc2ocnc12)C1(c2ccccc2)CCOC1
XS745740b,NC(=O)C1=CN(N=N1)C2CCN(CC=3C=CC(Cl)=C(F)C3)C2,1.648,c1ccc(CN2CCC(n3ccnn3)C2)cc1
XS838049b,O=C1CCC(=NN1C2CCCS(=O)(=O)C2)C=3C=CC=C(F)C3,4.008,O=C1CCC(c2ccccc2)=NN1C1CCCS(=O)(=O)C1
XS844416a,COC=1C=CC(=CC1)CNC(=O)C2CC(=O)N(CC(F)(F)F)C2,0.822,O=C1CC(C(=O)NCc2ccccc2)CN1
XS844412a,CC1=CC(=O)N2N=C(NC(C)C=3C=CC=4OCOC4C3)SC2=N1,1.364,O=c1ccnc2sc(NCc3ccc4c(c3)OCO4)nn12
XS844410a,CC1=NOC(=N1)C=2C=CC=NC2N3CCCC(C3)N4CCCC4=O,1.768,O=C1CCCN1C1CCCN(c2ncccc2-c2ncno2)C1
XS551348b,CC=1C=CN(N1)C=2C=CC(=NN2)N3CCCC(C3)N4CCCC4=O,0.52,O=C1CCCN1C1CCCN(c2ccc(-n3cccn3)nn2)C1
XS598548b,CNC(=O)C1=CC=C(CN(C)C2CCN(C2=O)C=3C=CC=CC3)O1,0.926,O=C1C(NCc2ccco2)CCN1c1ccccc1
XS844414a,CN1C=NN=C1CC2(O)CCCN(C2)C(=O)C=3C=COC3C4CC4,0.716,O=C(c1ccoc1C1CC1)N1CCCC(Cc2nnc[nH]2)C1
XS844417a,COC1=CC(=CC(OC)=C1C)C(=O)NC2CCCC3=C2C=NN3C,3.082,O=C(NC1CCCc2[nH]ncc21)c1ccccc1
XS655000b,O=C(NCCNC=1C=NC=CN1)C2CC(=O)NC=3C=C(F)C=CC32,3.39,O=C1CC(C(=O)NCCNc2cnccn2)c2ccccc2N1
XS841908b,CC(C(N)=O)S(=O)(=O)CC1=COC(=N1)C=2C=CC=C(Cl)C2,0.476,c1ccc(-c2ncco2)cc1
XS840562b,CC1=CC(CC(C)NC(=O)NC=2C=CC3=C(C2)OC(=O)N3C)=NN1,0.408,O=C(NCCc1cc[nH]n1)Nc1ccc2[nH]c(=O)oc2c1
XS838177b,CC=1C=CC(=CC1N2CCOC2=O)NC(=O)C(C)C=3C=NC=NC3,0.382,O=C(Cc1cncnc1)Nc1cccc(N2CCOC2=O)c1
XS741264b,CC1=CC=CN2C=C(CC(=O)N3CCCC3CC=4C=CC=CC4)N=C12,0.686,O=C(Cc1cn2ccccc2n1)N1CCCC1Cc1ccccc1
XS839247b,CCC(NC=1C=NN(C1)C2=NC=CS2)C=3C=C(Cl)C=CC3O,6.58,c1ccc(CNc2cnn(-c3nccs3)c2)cc1
XS844429a,N#CC=1C=CC=C(C1)NC2CCN(C2)C(=O)C=3NN=C4CCCCC34,1.024,O=C(c1[nH]nc2c1CCCC2)N1CCC(Nc2ccccc2)C1
XS841678b,CN1C=CC(=N1)NC(=O)N2CCCC(C2)C3=NC=4CCCC4S3,0.476,O=C(Nc1cc[nH]n1)N1CCCC(c2nc3c(s2)CCC3)C1
XS844434a,CC(NC(=O)CC1=CNC=2C=CC=CC12)C=3C=CC=4OCCOC4C3,1.352,O=C(Cc1c[nH]c2ccccc12)NCc1ccc2c(c1)OCCO2
XS839146b,NS(=O)(=O)C=1C=NC(=NC1)N2CCSC(C2)C=3C=CC=CC3,3.222,c1ccc(C2CN(c3ncccn3)CCS2)cc1
XS844435a,COCCN1C=C(C(=O)NC2CCC=3C=CC=CC32)C=4C=CC=CC41,1.906,O=C(NC1CCc2ccccc21)c1c[nH]c2ccccc12
XS844427a,CCN(C)C(=O)C(C)NC(=O)NC=1C=CC=C(C1)N2CCOCC2,0.324,c1ccc(N2CCOCC2)cc1
XS844426a,CC(=O)NC=1C=CC(=CC1)NC(=O)C(C)OC(=O)C2CCCCC2,0.548,O=C(COC(=O)C1CCCCC1)Nc1ccccc1
XS335265b,COC=1C=CC=CC1OCC(=O)N2CCOC(CN3C=CN=N3)C2,1.406,O=C(COc1ccccc1)N1CCOC(Cn2ccnn2)C1
XS844437a,CC1C(=O)NCCN1S(=O)(=O)C2=CC=C(Br)S2,0.416,O=C1CN(S(=O)(=O)c2cccs2)CCN1
XS740072b,CCC=1C=CC(=CC1)C(C)NC(=O)CCC2=NC(=NO2)C3=NN=CN3,0.388,O=C(CCc1nc(-c2nnc[nH]2)no1)NCc1ccccc1
XS844444a,CC=1C=C(C)N2N=C(C=C2N1)C(=O)NC3CCN(C3)C=4C=NN(C)C4,1.748,O=C(NC1CCN(c2cn[nH]c2)C1)c1cc2ncccn2n1
XS840354b,FC(F)(F)C1=CN2CC(CNC=3C=CC4=NN=NN4N3)CCC2=N1,0.482,c1cn2c(n1)CCC(CNc1ccc3nnnn3n1)C2
XS840551b,CC=1C=C(C)C=2OCCC(NC3=NC=C(S3)S(N)(=O)=O)C2C1,0.376,c1ccc2c(c1)OCCC2Nc1nccs1
PK010306b,CNC(=O)NC(=O)C(C)SC=1N=C(C)N=C2SC(C)=C(C)C12,0.906,c1ncc2ccsc2n1
XS844446a,CC=1C=CC(=CC1C)C2CCCN2C(=O)CC=3C(=O)NC(C)=NC3C,0.5,O=C(Cc1cnc[nH]c1=O)N1CCCC1c1ccccc1
XS808799b,CC=1C=CC(C)=C(OCC(O)CN2C=NC=3N=CC=CC3C2=O)C1C,8.288,O=c1c2cccnc2ncn1CCCOc1ccccc1
XS844441a,COC=1C=NC=C(N1)C2=NOC(=N2)C3CC(C)(C)OC=4C=CC=CC43,0.602,c1ccc2c(c1)OCCC2c1nc(-c2cnccn2)no1
XS844455a,COC=1C=CC(C(=O)OC(C)C(=O)NC=2C=CC(C)=CC2)=C(C1)OC,0.708,O=C(COC(=O)c1ccccc1)Nc1ccccc1
XS844457a,COCCNS(=O)(=O)C=1C=CC(=CC1)C(=O)OC2CCOC2=O,0.382,O=C(OC1CCOC1=O)c1ccccc1
XS838753b,CC1=NC=2C=C(C=CC2S1)NC(=O)C=3N=NN(C3C)C4CCOC4,0.692,O=C(Nc1ccc2scnc2c1)c1cn(C2CCOC2)nn1
XS844450a,O=C(C=1C=CC(=NC1)N2CCOCC2)N3CCCC(C3)N4C=CC=N4,0.722,O=C(c1ccc(N2CCOCC2)nc1)N1CCCC(n2cccn2)C1
XS844451a,CC=1OC(=NC1CN2C(=O)CC3(CCSC3)C2=O)C=4C=CC=CC4,0.386,O=C1CC2(CCSC2)C(=O)N1Cc1coc(-c2ccccc2)n1
XS844459a,CCCCOC=1C=CC=2C=C(NC2C1)C(=O)NC3CCCCNC3=O,1.876,O=C(NC1CCCCNC1=O)c1cc2ccccc2[nH]1
XS844463a,O=C(NCCC=1C=CC=C(O)C1)C=2C=CC(=CC2)OCC3CCCO3,0.61,O=C(NCCc1ccccc1)c1ccc(OCC2CCCO2)cc1
XS844458a,COCC1(CCCN1S(=O)(=O)C=2C=C(C)C=CC2OC)C(N)=O,0.528,O=S(=O)(c1ccccc1)N1CCCC1
XS842593b,CC(NC(=O)C1=CC=CS1)C(=O)NC=2C=NC=CC2N3C=CC=N3,0.392,O=C(CNC(=O)c1cccs1)Nc1cnccc1-n1cccn1
XS844467a,CC=1C=CC(=CC1)C2=NN=C(CCC(=O)NC3CCC=4C=CC=CC43)O2,1.698,O=C(CCc1nnc(-c2ccccc2)o1)NC1CCc2ccccc21
XS844473a,CC=1C=CC=CC1C(C)NC(=O)C2=CNN3C2=NC(=O)C=4C=CC=CC43,1.782,O=C(NCc1ccccc1)c1c[nH]n2c1nc(=O)c1ccccc12
XS844469a,CC1=CC(=NO1)NC(=O)C(C)NC=2C=CC(=CC2C)N3CCOCC3,1.21,O=C(CNc1ccc(N2CCOCC2)cc1)Nc1ccon1
XS841483b,CCOC(=O)C=1SC=2N=CN=C(C2C1C)N(C)C3CCN(C)C3=O,0.576,O=C1NCCC1Nc1ncnc2sccc12
XS844472a,COC=1C=CC=CC1C(C)NC(=O)C(=O)NC=2C=NC3=CC=CC=C3C2,0.834,O=C(NCc1ccccc1)C(=O)Nc1cnc2ccccc2c1
XS844465a,CNC(=O)C1CCCCN1C(=O)CC=2N=C(OC2C)C=3C=CSC3,1.004,O=C(Cc1coc(-c2ccsc2)n1)N1CCCCC1
XS844466a,NC(=O)C1CCN(C1)C(=O)C=2C=CC(=CC2)OC=3C=CC(F)=C(F)C3,0.38,O=C(c1ccc(Oc2ccccc2)cc1)N1CCCC1
XS844464a,CC(C)(C)C1=NC(=CS1)CC(=O)NC(C)(C(N)=O)C=2C=CC=CC2,1.644,O=C(Cc1cscn1)NCc1ccccc1
XS763404b,O=C(CNC(=O)C1COC=2C=CC(Cl)=CC2C1)NC=3C=CC=NC3,0.694,O=C(CNC(=O)C1COc2ccccc2C1)Nc1cccnc1
XS388809b,CCCC(NC(=O)COC=1C=CC=2NC(=O)CCC2C1)C=3C=CC=CC3,0.722,O=C(COc1ccc2c(c1)CCC(=O)N2)NCc1ccccc1
XS838280b,O=C(NC1CCN(C1=O)C=2C=CNN2)C3=CC=C(CC=4C=CC=CC4)N3,1.066,O=C(NC1CCN(c2cc[nH]n2)C1=O)c1ccc(Cc2ccccc2)[nH]1
XS844479a,CN(CC1CCC2=NC(=CN2C1)C(F)(F)F)C(=O)NC=3C=NN(C)C3,0.568,O=C(NCC1CCc2nccn2C1)Nc1cn[nH]c1
XS565052b,CCC=1C=C(NC2CCCN(C2=O)C=3C=CC=CC3F)N4N=CN=C4N1,1.892,O=C1C(Nc2ccnc3ncnn23)CCCN1c1ccccc1
XS844490a,CC(C=1C=CC(=CC1)N2C=NC=N2)N(C)C(=O)C=3C=CC=4OCOC4C3,0.384,O=C(NCc1ccc(-n2cncn2)cc1)c1ccc2c(c1)OCO2
XS844478a,CC(C)OC=1C=CC(=CC1)C(=O)OCC(=O)N2C=3C=CC=CC3CC2C,2.17,O=C(OCC(=O)N1CCc2ccccc21)c1ccccc1
XS844494a,CC=1OC(=NC1C(=O)OCC(=O)NC(C)C=2C=CC=CC2)C=3C=CC=CC3,0.974,O=C(COC(=O)c1coc(-c2ccccc2)n1)NCc1ccccc1
XS829492b,CC(=O)NC=1C=CC(=CC1)NC(=O)C(C)OC(=O)CC=2C=CC(F)=CC2,0.602,O=C(COC(=O)Cc1ccccc1)Nc1ccccc1
XS844501a,CC(C)NC(=O)C=1C=CC(Cl)=C(C1)NC(=O)C2CC(=O)N(C2)C(C)C,0.382,O=C1CC(C(=O)Nc2ccccc2)CN1
XS844504a,COC=1C=C(C=C2OCCOC12)C(=O)OCC(=O)NC(C)(C#N)C(C)C,2.384,c1ccc2c(c1)OCCO2
XS838099b,CC(C=1C=CC=C(Cl)C1)N(C)C(=O)CCN2C=C(C#N)C(=O)NC2=O,0.802,O=C(CCn1ccc(=O)[nH]c1=O)NCc1ccccc1
XS842160b,COC1=C(OC=2C=CC=CC12)C3=NOC(CC4CCCS(=O)(=O)C4)=N3,0.66,O=S1(=O)CCCC(Cc2nc(-c3cc4ccccc4o3)no2)C1
XS844498a,CC1CC(=O)NC=2C=CC=CC2N1C(=O)CN3C(=O)C=4C=CC=CC4C3=O,1.364,O=C1CCN(C(=O)CN2C(=O)c3ccccc3C2=O)c2ccccc2N1
XS844496a,NC(=O)C=1C=CC(=CC1Cl)NC(C(=O)N2CCCC2)C=3C=CC=CC3,1.922,O=C(C(Nc1ccccc1)c1ccccc1)N1CCCC1
XS837645b,O=C(CC1=NN2C=CC=NC2=N1)N3CCC3(C=4C=CC=CC4)C(F)(F)F,0.474,O=C(Cc1nc2ncccn2n1)N1CCC1c1ccccc1
XS844492a,COC=1C=CC(OC)=C(C1)NC(=O)CC2C=3C=CC=CC3C=CN2C(C)=O,0.576,O=C(CC1NC=Cc2ccccc21)Nc1ccccc1
XS844503a,CC=1C(F)=CC=C2NC(=CC12)C(=O)NC(C=3C=CC=NC3)C=4C=CC=CN4,0.908,O=C(NC(c1cccnc1)c1ccccn1)c1cc2ccccc2[nH]1
XS172542b,CC1=NC=2C=CC(=CC2S1)NC(=O)C3CC(=O)N(C3)C=4C=CC(C)=CC4,6.268,O=C(Nc1ccc2ncsc2c1)C1CC(=O)N(c2ccccc2)C1
XS826483b,COC=1C=CC(=CC1)N2CC(CC2=O)C(=O)NC=3SC(C)=C(C)C3C#N,7.422,O=C(Nc1cccs1)C1CC(=O)N(c2ccccc2)C1
XS130641b,CCOC=1C=CC=CC1OCC(=O)N(C)C(C)C2=NC=3C=CC=CC3S2,0.752,O=C(COc1ccccc1)NCc1nc2ccccc2s1
XS839725b,CC1=CSC(=N1)C2CSCCN2CC=3C=C(O)N4N=CC(C#N)=C4N3,0.634,c1csc(C2CSCCN2Cc2ccn3nccc3n2)n1
XS844511a,O=C(NC1CCCC2=C1C=NN2CC=3C=CC=CC3)C=4C=CC(F)=C(F)C4,4.196,O=C(NC1CCCc2c1cnn2Cc1ccccc1)c1ccccc1
XS540349b,CC=1C=CC2=C(C1)C(=O)N(C)C3=NN=C(CN4CCCC4C=5C=CC=CC5)N32,0.43,O=c1[nH]c2nnc(CN3CCCC3c3ccccc3)n2c2ccccc12
XS838916b,COCN1N=CC=C1CN2CCNC(=O)C2C=3C=CC(=CC3)C(F)(F)F,0.584,O=C1NCCN(Cc2ccn[nH]2)C1c1ccccc1
XS844512a,COC=1C=CC=C(C1)CCC(=O)NC(CN2CCCC2=O)C=3C=CC=CC3,0.688,O=C(CCc1ccccc1)NC(CN1CCCC1=O)c1ccccc1
XS842498b,CC(NC(=O)C1=CN(N=N1)C=2C=CC=C(Br)C2)C=3N=CN(C)N3,2.298,O=C(NCc1nc[nH]n1)c1cn(-c2ccccc2)nn1
XS838808b,O=S1(=O)CC(C2=NC(=NO2)C=3C=CN=C(C3)N4CCCCC4)C5(CC5)C1,0.576,O=S1(=O)CC(c2nc(-c3ccnc(N4CCCCC4)c3)no2)C2(CC2)C1
XS842512b,CC1=NC(=CO1)C=2C=CC(=CC2)S(=O)(=O)NC3CCC(=O)NC43CCC4,2.768,O=C1CCC(NS(=O)(=O)c2ccc(-c3cocn3)cc2)C2(CCC2)N1
XS844508a,CNC(=O)NC(=O)C(C)SC1=NN=C(COC=2C=CC=CC2Cl)O1,0.868,c1ccc(OCc2nnco2)cc1
XS782354b,COC=1C=CC(=CC1)CNC(=O)CN(C)C(C)C2=NC=3C=CC=CC3S2,1.888,O=C(CNCc1nc2ccccc2s1)NCc1ccccc1
XS170837e,CC1=CC(=C(C)S1)C=2C=C(C(=O)NCC3CCCO3)C=4C(C)=NOC4N2,0.432,O=C(NCC1CCCO1)c1cc(-c2ccsc2)nc2oncc12
XS844509a,CCOC(=O)CN1C(=O)C2=C(N=C3N(C(C)=C(C)N32)C(C)CC)N(C)C1=O,0.602,O=c1[nH]c(=O)c2c(nc3[nH]ccn32)[nH]1
XS844523a,CN(C(=O)C1CCCN(C1)C=2C=NC=CN2)C(C=3C=CC=CC3)C=4C=CC=CC4,1.834,O=C(NC(c1ccccc1)c1ccccc1)C1CCCN(c2cnccn2)C1
XS844528a,CC(NC(=O)CN1C=NC=2C=3C=CC=CC3OC2C1=O)C=4C=CC(F)=CC4F,0.708,O=C(Cn1cnc2c(oc3ccccc32)c1=O)NCc1ccccc1
XS844519a,COCC1=NC(=NO1)C2COCCN2C(=O)C3=CC=C(C=4C=CC=CC4)N3C,0.84,O=C(c1ccc(-c2ccccc2)[nH]1)N1CCOCC1c1ncon1
XS844515a,O=C(NC1CCCCCC1)C2CCCN(C2)S(=O)(=O)CC=3C=CC=CC3,1.206,O=C(NC1CCCCCC1)C1CCCN(S(=O)(=O)Cc2ccccc2)C1
XS844522a,O=C(NC1CCS(=O)(=O)C=2C=CC=CC21)C3(CCCC3)C=4C=CC(F)=CC4,1.08,O=C(NC1CCS(=O)(=O)c2ccccc21)C1(c2ccccc2)CCCC1
XS844521a,CC(NC(=O)CN1C(=NC=2C=CC=CC21)C3=CSC=N3)C=4C=CC(F)=CC4,1.996,O=C(Cn1c(-c2cscn2)nc2ccccc21)NCc1ccccc1
XS780004b,CC1(C)CN(C(=O)C=2C=CC(=CC2)CN3C(=O)CCC3=O)C1C=4C=CC=CC4,0.846,O=C1CCC(=O)N1Cc1ccc(C(=O)N2CCC2c2ccccc2)cc1
XS837456b,CC=1NC=2C=CC(=CC2C1C)C(=O)N(C)C(C)C=3C=CC(=CC3)S(N)(=O)=O,0.458,O=C(NCc1ccccc1)c1ccc2[nH]ccc2c1
XS837777b,N#CC=1C=CC(=CC1)NC(=O)C2CSCN2C(=O)C(F)(F)C3(O)CCC3,1.752,O=C(Nc1ccccc1)C1CSCN1C(=O)CC1CCC1
XS844516a,COC=1C=CC=C(C1)NC(=O)CN(CC2=CC=CO2)C3CCS(=O)(=O)C3,0.518,O=C(CN(Cc1ccco1)C1CCS(=O)(=O)C1)Nc1ccccc1
XS839829b,COC=1N=CC=C2CCCN(C(=O)C=3C=NN(C3)C4CCS(=O)(=O)C4)C12,0.566,O=C(c1cnn(C2CCS(=O)(=O)C2)c1)N1CCCc2ccncc21
XS844517a,COC(=O)CC(NC(=O)C=1C=CC=C(C1)N2CCCC2=O)C=3C=CC(C)=CC3,1.138,O=C(NCc1ccccc1)c1cccc(N2CCCC2=O)c1
XS577962b,CCCN1N=CC(C(=O)NC2CCN(C2=O)C=3C=CC(Cl)=CC3)=C1C4CC4,1.288,O=C(NC1CCN(c2ccccc2)C1=O)c1cn[nH]c1C1CC1
XS844527a,COC=1C=C2NC(C3=CSC(=N3)C=4C=CC=CN4)N(C)C(=O)C2=CC1OC,5.742,O=C1NC(c2csc(-c3ccccn3)n2)Nc2ccccc21
XS844520a,CNC(=O)C1CCCCN1C(=O)C=2N=NN(CC=3C=CC(F)=CC3F)C2C,0.512,O=C(c1cn(Cc2ccccc2)nn1)N1CCCCC1
XS844532a,COC=1C=CC=CC1C(NC(=O)CC2=CNC=3C=C(F)C=CC23)C=4C=CC=CN4,0.744,O=C(Cc1c[nH]c2ccccc12)NC(c1ccccc1)c1ccccn1
XS695060b,CC=1C=CC(=CC1)S(=O)(=O)NCCC(=O)NC2CCSC=3C=CC=CC32,0.786,O=C(CCNS(=O)(=O)c1ccccc1)NC1CCSc2ccccc21
XS844533a,CCOC(=O)C1=C(CSC=2C=CC(F)=CC2)NC(=O)NC1C3=CC=CS3,0.544,O=C1NC(CSc2ccccc2)=CC(c2cccs2)N1
XS836508b,O=C(NCC1CC2(CCNCC2)C(=O)O1)NC3=CC(Cl)=C(F)C(Cl)=C3,6.352,O=C(NCC1CC2(CCNCC2)C(=O)O1)Nc1ccccc1
XS396124b,COC=1C=CC(=CC1)C2=CSC(=N2)NC(=O)C3CC(=O)N(CC4=CC=CO4)C3,0.918,O=C(Nc1nc(-c2ccccc2)cs1)C1CC(=O)N(Cc2ccco2)C1
XS722501b,NC(=O)C1=CN(CC(=O)NC(CC=2C=CC=CC2)C=3C=CC=CC3)C=4C=CC=CC14,0.818,O=C(Cn1ccc2ccccc21)NC(Cc1ccccc1)c1ccccc1
XS844542a,CCN1C(=NC=2C=CC=CC21)SCC(=O)N3C=4C=CC=CC4NC(=O)CC3C,1.862,O=C1CCN(C(=O)CSc2nc3ccccc3[nH]2)c2ccccc2N1
XS844536a,O=C(CCC1CCNC1)NC2=NC=C(CC=3C=CC(Br)=CC3)S2,6.426,O=C(CCC1CCNC1)Nc1ncc(Cc2ccccc2)s1
XS837709b,COCC=1C=C(O)N=C(N1)N2CCC(C2)NC(=O)C=3C=CC=4CNC(=O)NC4C3,1.666,O=C1NCc2ccc(C(=O)NC3CCN(c4ncccn4)C3)cc2N1
XS844538a,CC(C)C(NC(=O)C1=CN(N=N1)C=2C=CC=3OCCOC3C2)C=4C=CC(F)=CC4,1.22,O=C(NCc1ccccc1)c1cn(-c2ccc3c(c2)OCCO3)nn1
XS844546a,COC=1C=CC(=CC1)CN(C)C(=O)COC(=O)C=2C=CC=3SC(C)C(=O)NC3C2,2.642,O=C(COC(=O)c1ccc2c(c1)NC(=O)CS2)NCc1ccccc1
XS838283b,NS(=O)(=O)C=1C=CC(=CC1)CC2=CN=C(NC(=O)C3CCCC=4NN=CC43)S2,0.68,O=C(Nc1ncc(Cc2ccccc2)s1)C1CCCc2[nH]ncc21
XS841614b,CC(CNC(=O)C=1C=CC(=NC1)N2CCOCC3(CCC3)C2)C4=NC=5C=CC=CC5O4,1.12,O=C(NCCc1nc2ccccc2o1)c1ccc(N2CCOCC3(CCC3)C2)nc1
XS844550a,CC(OC=1C=CC(Br)=CC1)C(=O)NCC=2C=CC=C(C2)NC(=O)C3CC3,0.38,O=C(COc1ccccc1)NCc1cccc(NC(=O)C2CC2)c1
XS838173b,CCS(=O)(=O)N1CC(=O)NC=2C=CC(Br)=CC2C1C=3C=CC=CC3,1.192,O=C1CNC(c2ccccc2)c2ccccc2N1
XS673054b,O=S(=O)(C=1C=CC(=CC1)C2=CSC(=N2)NCC3CCCO3)N4CCCCC4,0.908,O=S(=O)(c1ccc(-c2csc(NCC3CCCO3)n2)cc1)N1CCCCC1
XS414347b,O=C(C=1C=CC2=CC=CC=C2N1)N3CC(OC=4C=CC=CC43)C(=O)N5CCCCC5,2.644,O=C(C1CN(C(=O)c2ccc3ccccc3n2)c2ccccc2O1)N1CCCCC1
XS844556a,CC1=C(NC(C(=O)N2CCCCC2)C=3C=CC=CC3)C(=O)N(C=4C=CC=CC4)N1C,9.028,O=C(C(Nc1c[nH]n(-c2ccccc2)c1=O)c1ccccc1)N1CCCCC1
XS839316b,CC(C)C1=NOC=C1CN(C)C=2C(F)=CC=C3C(=O)N(C(=O)C23)C4CCC(=O)NC4=O,0.858,O=C1CCC(N2C(=O)c3cccc(NCc4cnoc4)c3C2=O)C(=O)N1
XS842329b,CC=1C=COC1CN(C)S(=O)(=O)C=2C=CC=C3C(=O)N(CC23)C4CCC(=O)NC4=O,1.202,O=C1CCC(N2Cc3c(cccc3S(=O)(=O)NCc3ccco3)C2=O)C(=O)N1
XS844563a,COCCC1=NSC(=N1)N2CCC(C2)(C3=NC(=NO3)C=4C=CC=CN4)C(F)(F)F,0.614,c1ccc(-c2noc(C3CCN(c4ncns4)C3)n2)nc1
XS844571a,O=C1C=2C=CC=C(NS(=O)(=O)C=3C=CC(=CC3)C(F)(F)F)C2CN1C4CCC(=O)NC4=O,1.2,O=C1CCC(N2Cc3c(NS(=O)(=O)c4ccccc4)cccc3C2=O)C(=O)N1
XS393791b,O=C(NC1=NC=C(CC=2C=CC(=CC2)OC(F)(F)F)S1)C3CC(=O)N(C3)C4CC4,1.386,O=C(Nc1ncc(Cc2ccccc2)s1)C1CC(=O)N(C2CC2)C1
XS844564a,CCOC=1C=C(C=CC1OCC(=O)N2CCOCC2)C(=O)N3CCCC3C4=NC=5C=CC=CC5S4,2.824,O=C(COc1ccc(C(=O)N2CCCC2c2nc3ccccc3s2)cc1)N1CCOCC1
XS844572a,O=C(CC=1C=CC=CC1)NC=2C=C(C=CC2F)NC(=O)C3CC(=O)NC=4C=C(F)C=CC43,0.604,O=C(Cc1ccccc1)Nc1cccc(NC(=O)C2CC(=O)Nc3ccccc32)c1
XS837442b,CC=1C=C(Cl)C=CC1C2=CCN(CC2)C(=O)C(=O)NCC3(C)CCS(=O)(=O)N3C,0.594,O=C(NCC1CCS(=O)(=O)N1)C(=O)N1CC=C(c2ccccc2)CC1
MR043185b,CC(NC(=O)C1=CNN=C1C=2C=CC=CC2F)C=3C=CC(=CC3)NC(=O)C=4C=CN=CC4,0.656,O=C(Nc1ccc(CNC(=O)c2c[nH]nc2-c2ccccc2)cc1)c1ccncc1
XS844586a,O=C(NC=1C=CNN1)C2CC=3C=CC=CC3S2,0.508,O=C(Nc1cc[nH]n1)C1Cc2ccccc2S1
XS844587a,O=C(NC1CCCNC1=O)C=2N=CC=CC2O,1.224,O=C(NC1CCCNC1=O)c1ccccn1
XS844576a,CC1NC(=O)C=2C=CC=CC2N(C)C1=O,10.444,O=C1CNC(=O)c2ccccc2N1
XS837169b,CC(C(N)=O)S(=O)(=O)C=1C=CC=CC1Cl,0.464,c1ccccc1
XS844575a,CCC(C)NC(=O)C=1OC=CC1C=2C=CC=CC2,0.584,c1ccc(-c2ccoc2)cc1
XS844594a,O=C(NC1CCC(=O)NC1=O)C=2C=CC=C(Cl)C2,0.496,O=C1CCC(NC(=O)c2ccccc2)C(=O)N1
XS844589a,CCCC=1C=C(O)N=C(N1)SC(CC)C(N)=O,1.536,c1cncnc1
XS844603a,O=C(NC1CCSC=2C=CC=CC21)C=3C=CC=CN3,0.42,O=C(NC1CCSc2ccccc21)c1ccccn1
XS844591a,O=C(C=1C=NC=CN1)N2CCCC(C2)N3C=NC=N3,0.832,O=C(c1cnccn1)N1CCCC(n2cncn2)C1
XS476933b,CC1=CC=C(O1)C(=O)N2CCCC(C2)N3C=NC=N3,0.914,O=C(c1ccco1)N1CCCC(n2cncn2)C1
XS837156b,N#CC=1C=NN(C(=O)C2COC=3C=CC=CC32)C1N,0.766,O=C(C1COc2ccccc21)n1cccn1
XS844612a,O=C(O)CC(NC(=O)C=1C=CSC1)C=2C=CC=CC2,0.44,O=C(NCc1ccccc1)c1ccsc1
XS844620a,CC(C(=O)NCC=1C=CC=CC1)N2CCC=3C=CC=CC32,1.346,O=C(CN1CCc2ccccc21)NCc1ccccc1
XS844616a,CS(=O)(=O)N1CCCC(C1)C(=O)NC2CCCC2,0.536,O=C(NC1CCCC1)C1CCCNC1
XS421656b,CN1N=NC=C1CC(=O)N2CCCC2CC=3C=CC=CC3,0.374,O=C(Cc1cnn[nH]1)N1CCCC1Cc1ccccc1
XS836910b,CC(C1=CNC=2C=CC=CC12)C3=NOC(=N3)C4=NC=NN4,2.566,c1ccc2c(Cc3noc(-c4ncn[nH]4)n3)c[nH]c2c1
XS837241b,CC(CCO)N1C(=NC=2C=C(N)C=CC21)C(F)(F)F,1.454,c1ccc2[nH]cnc2c1
XS844610a,N#CC(NC(=O)C1=NNC=2C=CC=CC12)C3CCCCC3,0.536,O=C(NCC1CCCCC1)c1n[nH]c2ccccc12
XS844619a,O=C(NC1CCCCNC1=O)N2CCC=3C=CC=CC32,2.332,O=C1NCCCCC1NC(=O)N1CCc2ccccc21
XS411097b,O=C(NC1CCC=2C=CC=CC21)C3=NNC=4C=CC=CC34,0.57,O=C(NC1CCc2ccccc21)c1n[nH]c2ccccc12
XS844617a,CNC(=O)C=1C=CC(NC(=O)NC(C)C(C)C)=C(C)C1,0.442,c1ccccc1
XS844627a,CN(CC1COC=2C=CC=CC2O1)C(=O)C3=CC=CS3,0.632,O=C(NCC1COc2ccccc2O1)c1cccs1
XS414447b,COC=1C=CC=CC1C(C)NC(=O)C=2NN=C3C=CC=CC23,1.108,O=C(NCc1ccccc1)c1[nH]nc2ccccc12
XS723997b,CC1=CC(C(=O)N2CCCC(C2)N3C=NC=N3)=C(C)S1,0.96,O=C(c1ccsc1)N1CCCC(n2cncn2)C1
XS844623a,CN1C=C2C(CCCC2NC=3C=CC(=CN3)C(F)(F)F)=N1,0.416,c1ccc(NC2CCCc3n[nH]cc32)nc1
XS844625a,COC=1C=CC=C(C1)C2CCCN2C(=O)NC=3C=CC=CC3,0.968,O=C(Nc1ccccc1)N1CCCC1c1ccccc1
XS844628a,N#CC=1C=CC(=CC1)NC(=O)N2CCCC2C3=CC=CS3,0.912,O=C(Nc1ccccc1)N1CCCC1c1cccs1
XS844626a,COCC1(CCCN1C(=O)C=2C=NN(C2)C(C)C)C(N)=O,0.676,O=C(c1cn[nH]c1)N1CCCC1
XS839264b,CC(C)C(C1=NC(=NO1)C=2C=CN=C(F)C2)N3C=NN=C3,3.86,c1cc(-c2noc(Cn3cnnc3)n2)ccn1
XS430521b,COC=1C=CC=CC1C(C)NC(=O)C2=CC=3C=CC=CC3N2,0.978,O=C(NCc1ccccc1)c1cc2ccccc2[nH]1
XS842199b,CCS(=O)(=O)C=1C=CC(=CC1)N(C)C(C)C=2C=CC=CN2,0.44,c1ccc(NCc2ccccn2)cc1
NC002127c,N#CC1=C(N)OC=2C(=CC=C3C=CC=NC32)C1C=4C=CC=CC4,3.692,C1=CC(c2ccccc2)c2ccc3cccnc3c2O1
XS844637a,CCN(CC(=O)NC(C)(C)C)C(=O)C1CC(=O)N(CC)C1,0.504,O=C1CCCN1
XS839714b,COC(=O)C(C)CN(C)C(=O)C1=CN=CN1C=2C=CC=CC2,0.382,c1ccc(-n2ccnc2)cc1
XS844638a,CCOC=1C=CC=CC1NC(=O)NC(C)C=2C=CC(F)=CC2,4.002,O=C(NCc1ccccc1)Nc1ccccc1
XS844633a,CN(C(=O)C=1C=CC(Cl)=CC1F)C2CCS(=O)(=O)C2,0.722,O=C(NC1CCS(=O)(=O)C1)c1ccccc1
XS844634a,CC=1N=C(CC(C)C)OC1C(=O)NC2CCC=3C=CC=CC32,0.858,O=C(NC1CCc2ccccc21)c1cnco1
XS754033b,O=C(NCC(O)C1CCCCC1)C=2C=NC3=CC=CC=C3N2,0.732,O=C(NCCC1CCCCC1)c1cnc2ccccc2n1
XS842519b,CCOC=1C=CC(=CC1CO)NC(C)C=2C=CC=CC2Cl,2.956,c1ccc(CNc2ccccc2)cc1
XS840260b,COCOCCCNC(=O)N1CCCC(C1)C(=O)NC2CC2,0.522,O=C(NC1CC1)C1CCCNC1
XS844652a,O=C(O)C=1C=CC=2CCC(NC(=O)C=3NC=CC3C4CC4)C2C1,2.156,O=C(NC1CCc2ccccc21)c1[nH]ccc1C1CC1
XS840729b,CC(C)(C)C1=NC(=CO1)C2=NC(COCC3CCOC3)=NO2,0.362,c1nc(-c2nc(COCC3CCOC3)no2)co1
XS836804b,CN1C=CC(=N1)N2CCC(NC=3C=CC=4OC(=O)NC4C3)C2=O,0.372,O=C1C(Nc2ccc3oc(=O)[nH]c3c2)CCN1c1cc[nH]n1
XS844648a,COC=1C=CC(=CN1)NC(=O)CC(NC(C)=O)C=2C=CC=CC2,1.13,O=C(CCc1ccccc1)Nc1cccnc1
XS844653a,CC(C)(C)C1=NNC=C1C2NC=3C=CC=CC3C(=O)N2C4CC4,1.904,O=C1c2ccccc2NC(c2cn[nH]c2)N1C1CC1
XS841327b,CC=1C=CC=2SN=C(C(=O)NC(C)C=3C=CC=C(O)C3)C2C1,0.458,O=C(NCc1ccccc1)c1nsc2ccccc12
XS844651a,CC1=CC=C(CNC(=O)C2CC=3C=C(Cl)C=CC3O2)S1,0.858,O=C(NCc1cccs1)C1Cc2ccccc2O1
XS844650a,CC(C)CN1CC(CC1=O)C(=O)NCCNC=2N=CC=CN2,0.524,O=C1CC(C(=O)NCCNc2ncccn2)CN1
XS427169b,CC1=NC(C)=C(S1)C(C)NC(=O)C2(CC2)C=3C=CC(F)=CC3,0.508,O=C(NCc1cncs1)C1(c2ccccc2)CC1
XS844654a,O=C(CC1=CNC=2C=CC=CC12)N3CCC(C3)NC=4C=CC=CC4,0.508,O=C(Cc1c[nH]c2ccccc12)N1CCC(Nc2ccccc2)C1
XS839463b,CC1C=2SC=CC2CCN1C3=NC=C(O3)C(=O)OC(C)(C)C,0.628,c1coc(N2CCc3ccsc3C2)n1
XS844663a,COC1=CC(=CC(OC)=C1OC)C(=O)NC(C)C=2C=CC=CN2,0.498,O=C(NCc1ccccn1)c1ccccc1
XS844655a,O=C(C=1C=CC=2N=CSC2C1)N(C3CC3)C4CC(=O)NC4=O,1.094,O=C1CC(N(C(=O)c2ccc3ncsc3c2)C2CC2)C(=O)N1
XS337811b,CC(C)COC(C)C(=O)N1CCC(CN)(CC1)C=2C=CC=CC2,13.294,c1ccc(C2CCNCC2)cc1
XS817276b,CC=1C=CC=CC1CS(=O)(=O)C(C)C(=O)NC=2C=CC=CC2,1.434,O=C(CS(=O)(=O)Cc1ccccc1)Nc1ccccc1
XS844660a,COC=1C=CC(OC)=C(C1)C2CCCN2C(=O)CN3C=NN=N3,0.582,O=C(Cn1cnnn1)N1CCCC1c1ccccc1
XS844661a,COC1=NN(C)C=C1NC(=O)N2CCC(CC=3C=CC=CC3)C2,4.854,O=C(Nc1cn[nH]c1)N1CCC(Cc2ccccc2)C1
XS841289b,NC=1N=CN=CC1C(=O)OCC2CN(CCO2)C=3C=CC=CC3,0.7,O=C(OCC1CN(c2ccccc2)CCO1)c1cncnc1
XS844670a,CN(CCO)C(=O)C=1CC(C=2C=CC=CC2)N(N1)C=3C=CC=CC3,0.588,C1=NN(c2ccccc2)C(c2ccccc2)C1
XS838807b,C=C1CC2(C1)NC(=O)C(CC=3C=C(Cl)C=C(Cl)C3)NC2=O,0.728,C=C1CC2(C1)NC(=O)C(Cc1ccccc1)NC2=O
XS794446b,CC1=CC(=NO1)NC(=O)C(C)N2CCN(CC2)C3=NC=CS3,0.706,O=C(CN1CCN(c2nccs2)CC1)Nc1ccon1
XS844671a,CC(NC(=O)CN1CCSCC1)C=2C=CC=3OCCOC3C2,0.6,O=C(CN1CCSCC1)NCc1ccc2c(c1)OCCO2
XS844673a,COCCN1C=C(C=N1)NC(=O)C2CC=3C=C(Cl)C=CC3O2,1.466,O=C(Nc1cn[nH]c1)C1Cc2ccccc2O1
XS842079b,CC=1C=CC(=CC1C2=NC=CO2)NC(C)CS(=O)(=O)N(C)C,0.478,c1ccc(-c2ncco2)cc1
XS841112b,CC1=NOC=2C=C(C=CC12)C(=O)N3CCCC3CS(=O)(=O)F,0.912,O=C(c1ccc2cnoc2c1)N1CCCC1
XS837149b,CCN1C(=O)C2(CCCCC2)NC1C3=CN=C(S3)C(C)(C)C,0.784,O=C1NC(c2cncs2)NC12CCCCC2
XS844669a,CC1=CC(=NO1)NC(=O)C(C)S(=O)(=O)CC=2C=CC=CC2C,0.46,O=C(CS(=O)(=O)Cc1ccccc1)Nc1ccon1
XS844676a,N#CC1(CCCC1)NC(=O)C=2CC(C(N)=O)N(N2)C=3C=CC=CC3,7.666,O=C(NC1CCCC1)C1=NN(c2ccccc2)CC1
XS844686a,O=C(NCCC=1C=CC=C(F)C1)NC2CCSC=3C=CC=CC32,1.314,O=C(NCCc1ccccc1)NC1CCSc2ccccc21
XS844689a,CC=1C=CC(=CC1)C=2C=C(ON2)C(=O)N(CC3CCOC3)C4CC4,0.782,O=C(c1cc(-c2ccccc2)no1)N(CC1CCOC1)C1CC1
XS844681a,COCCN1C=CC(=N1)NC(=O)N2CCC(CC=3C=CC=CC3)C2,1.838,O=C(Nc1cc[nH]n1)N1CCC(Cc2ccccc2)C1
XS837215b,CC1=CC=C(O1)C2COCCN2C=3N=CN=C4C=C(F)C(F)=CC34,1.51,c1coc(C2COCCN2c2ncnc3ccccc23)c1
XS392897b,O=C(NCCC=1C=CC=C(O)C1)C2CCCN(C2)C=3N=CC=CN3,0.378,O=C(NCCc1ccccc1)C1CCCN(c2ncccn2)C1
XS507244b,COC=1C=CC(=CC1)C2CCCCCN2C(=O)NC=3C=C(C)ON3,0.744,O=C(Nc1ccon1)N1CCCCCC1c1ccccc1
XS842495b,CC1COCCN(C1)C(=O)C=2C=NC(=CN2)OCC=3C=CC=CC3,0.712,O=C(c1cnc(OCc2ccccc2)cn1)N1CCCOCC1
XS844683a,CC1=CC(=NO1)NC(=O)C(C)NC=2C=CC(=CC2)N3CCCC3=O,0.626,O=C(CNc1ccc(N2CCCC2=O)cc1)Nc1ccon1
XS839207b,CS(=O)(=O)C=1C=NC(NC2CCCN3C=NN=C23)=C(Cl)C1,4.116,c1ccc(NC2CCCn3cnnc32)nc1
XS841879b,O=C(O)C1=COC(=N1)N2CCC(C(F)(F)F)C3(CCOCC3)C2,0.744,c1coc(N2CCCC3(CCOCC3)C2)n1
XS844698a,CC=1NC=2C=CC(=CC2C1C)C(=O)NCC3COC=4C=CC=CC4O3,0.52,O=C(NCC1COc2ccccc2O1)c1ccc2[nH]ccc2c1
XS393778b,N#CC=1C=CC(=CC1)NC(=O)N2CCNC(=O)CC2C=3C=CC=CC3,1.108,O=C1CC(c2ccccc2)N(C(=O)Nc2ccccc2)CCN1
XS844702a,CC1CC=2C=CC=CC2N1C(=O)C=3C=CC(=CC3)CN4CCCC4=O,1.276,O=C1CCCN1Cc1ccc(C(=O)N2CCc3ccccc32)cc1
XS844697a,FC(F)(F)C=1C=C2C(=NC=CN2N1)N3CCCC3C=4C=CC=NC4,0.374,c1cncc(C2CCCN2c2nccn3nccc23)c1
XS844691a,CCC1CCCCN1C(=O)CSC2=NN3C(C)=CC(C)=NC3=N2,0.79,O=C(CSc1nc2ncccn2n1)N1CCCCC1
XS815852b,CC1=CC=C(CNC(=O)NC2CCCN(C2)C=3N=CC=CN3)S1,0.634,O=C(NCc1cccs1)NC1CCCN(c2ncccn2)C1
XS844707a,CCOC(=O)C=1C=CC(=NC1)N2CCCC2C=3C=CC=4OCOC4C3,1.342,c1ccc(N2CCCC2c2ccc3c(c2)OCO3)nc1
XS844704a,O=C(CN1N=NC=2C=CC=CC2C1=O)N3CCCC(C3)N4C=CC=N4,1.634,O=C(Cn1nnc2ccccc2c1=O)N1CCCC(n2cccn2)C1
XS844715a,CC1CCCCN1C(=O)CCNC(=O)CCC=2C=C(F)C=CC2F,0.302,O=C(CCc1ccccc1)NCCC(=O)N1CCCCC1
XS844706a,CCOC=1C=CC(=CC1F)CNC(=O)NC(C)C(=O)NC(C)(C)C,0.374,c1ccccc1
XS640166b,CC(CC=1C=CC2=CC=CC=C2C1)NC(=O)CCN3C(=O)CCC3=O,0.816,O=C(CCN1C(=O)CCC1=O)NCCc1ccc2ccccc2c1
XS844705a,O=C(C1=CN=C(S1)C=2C=NC=CN2)N3CCCC(C3)N4C=CC=N4,1.618,O=C(c1cnc(-c2cnccn2)s1)N1CCCC(n2cccn2)C1
XS061103e,CC(=O)NC=1C=CC(=CC1)CC(=O)NC(C=2C=CC(F)=CC2)C(C)C,0.888,O=C(Cc1ccccc1)NCc1ccccc1
XS838142b,COC=1C=CC=C(C1)C(C)C(=O)N2CCC=3C(C#N)=C(N)SC3C2,0.606,O=C(Cc1ccccc1)N1CCc2ccsc2C1
XS844723a,COC=1C=CC(C(=O)N2CCCC(C2)NS(C)(=O)=O)=C(C1)OC,1.092,O=C(c1ccccc1)N1CCCCC1
XS844716a,O=S(=O)(CC1CCCCO1)NCC2=CN3C=C(Cl)C=CC3=N2,0.648,O=S(=O)(CC1CCCCO1)NCc1cn2ccccc2n1
XS836581b,CS(=O)(=O)N1CCCC(C1)C(=O)NC23CC4CC(CC(C4)C3)C2,0.878,O=C(NC12CC3CC(CC(C3)C1)C2)C1CCCNC1
XS844724a,COC=1C=CC=CC1N2CCN(CC2)C(=O)NC(C)CN3C=CC=N3,0.488,O=C(NCCn1cccn1)N1CCN(c2ccccc2)CC1
XS844722a,O=S(=O)(C=1C=CC=CC1)N2CCCC(C2)C3=NC=4C=CC=CC4O3,0.63,O=S(=O)(c1ccccc1)N1CCCC(c2nc3ccccc3o2)C1
XS844717a,O=C(CN1C=NC=2SC=CC2C1=O)N3CCCC(C3)N4C=CC=N4,2.532,O=C(Cn1cnc2sccc2c1=O)N1CCCC(n2cccn2)C1
XS844727a,CC(C)CCOC=1C=CC(=CC1)C(C)NC(=O)C=2C=CC(=O)N(C)N2,1.68,O=C(NCc1ccccc1)c1ccc(=O)[nH]n1
XS844721a,COC=1C=CC=CC1CNC(=O)C=2C=CC(=CC2)OCC3CCCO3,0.854,O=C(NCc1ccccc1)c1ccc(OCC2CCCO2)cc1
XS844718a,CCC(C)(NC(=O)CCC1=NN=C(O1)C2CCCC2)C=3C=CC=CC3,0.492,O=C(CCc1nnc(C2CCCC2)o1)NCc1ccccc1
XS592538b,CC=1C=CN(N1)C=2C=CC(=NN2)N3CCCC(C3)C(=O)NCC4CC4,2.704,O=C(NCC1CC1)C1CCCN(c2ccc(-n3cccn3)nn2)C1
XS844719a,O=C(C=1C=NC2=CC=CC=C2N1)N3CCCC3C4=NC=5C=CC=CC5N4,0.67,O=C(c1cnc2ccccc2n1)N1CCCC1c1nc2ccccc2[nH]1
XS844740a,NS(=O)(=O)C=1C=NC(=NC1)N2CCC3(C2)C(=O)NC=4C=CC=CC43,0.562,O=C1Nc2ccccc2C12CCN(c1ncccn1)C2
XS844738a,CC(C=1C=CC=CC1)N(C)C(=O)CS(=O)(=O)CC=2C=CC=C(F)C2,0.97,O=C(CS(=O)(=O)Cc1ccccc1)NCc1ccccc1
XS844737a,CNC(=O)C1CCCCN1C(=O)CCCC2=NC=3C=CC=CC3S2,0.862,O=C(CCCc1nc2ccccc2s1)N1CCCCC1
XS839980b,CC(NC(=O)C=1C=CC(=CC1Cl)N2C=NN=N2)C=3C=NC=C(F)C3,0.922,O=C(NCc1cccnc1)c1ccc(-n2cnnn2)cc1
XS837369b,CN(C(=O)NCC=1C=CC(=CC1)C2=CC=NN2)C3CCS(=O)(=O)C3,0.674,O=C(NCc1ccc(-c2ccn[nH]2)cc1)NC1CCS(=O)(=O)C1
XS645194b,CC(C)(C)C=1C=CC(=CC1)C2(CCC2)C(=O)N3CCOC(C3)C(N)=O,0.44,O=C(N1CCOCC1)C1(c2ccccc2)CCC1
XS844734a,CC=1SC=2N=CN(CC(O)COC=3C=CC(F)=CC3)C(=O)C2C1C,1.284,O=c1c2ccsc2ncn1CCCOc1ccccc1
XS837891b,CC1CC=2NN=CC2CN(C1)C=3C=CC(=NN3)C(=O)NC=4C=CC=CC4,2.088,O=C(Nc1ccccc1)c1ccc(N2CCCc3[nH]ncc3C2)nn1
XS836830b,CC=1C=CC(=CC1)S(=O)(=O)N(C)C=2C=CC(=CC2)OC3CCOC3,3.79,O=S(=O)(Nc1ccc(OC2CCOC2)cc1)c1ccccc1
XS789866b,O=C(CNC(=O)C=1C=CC=2OCOC2C1)NC3CCCC=4C=CC=CC43,0.646,O=C(CNC(=O)c1ccc2c(c1)OCO2)NC1CCCc2ccccc21
XS837844b,CCN(CC)C(=O)C1CSCN1C(=O)C=2N=NN3CCCCCC23,1.818,O=C(c1nnn2c1CCCCC2)N1CCSC1
XS493098b,O=C(NC1CCCN(C1=O)C=2C=CC=CC2F)C=3C=NN4CCCCC34,1.102,O=C(NC1CCCN(c2ccccc2)C1=O)c1cnn2c1CCCC2
XS058267c,COC1=CN(N=C1C(=O)N2CCCC(C2)C(F)(F)F)C=3C=CC=CC3,0.75,O=C(c1ccn(-c2ccccc2)n1)N1CCCCC1
XS844746a,CC=1C=C(C=CC1C(=O)O)NC(=O)C=2C=CN=C(C2)N3CCCCC3C,1.126,O=C(Nc1ccccc1)c1ccnc(N2CCCCC2)c1
XS838211b,CCOC(=O)C=1C=NC2=C(C(C)=NN2C)C1N3CCC(C3)N4C=NC=N4,1.106,c1cc(N2CCC(n3cncn3)C2)c2cn[nH]c2n1
XS842614b,COC=1C=C2CCN(CC2=CC1OC)C3SC=4C=CC=CC4NC3=O,2.184,O=C1Nc2ccccc2SC1N1CCc2ccccc2C1
XS839131b,CN1CCN(C(CN)C1)S(=O)(=O)C2=CSC(=N2)C=3C=CC=CC3,1.314,O=S(=O)(c1csc(-c2ccccc2)n1)N1CCNCC1
XS844756a,CC=1C=CC(=CC1)CN2CCC(NC(=O)C=3C=NC4=C(C3)N=CN4C)C2=O,1.014,O=C(NC1CCN(Cc2ccccc2)C1=O)c1cnc2[nH]cnc2c1
XS844758a,O=C(NCC1CCCO1)C=2C=CC=C(C2)CN3C(=O)C=4C=CC=CC4C3=O,6.292,O=C(NCC1CCCO1)c1cccc(CN2C(=O)c3ccccc3C2=O)c1
XS844752a,CCC(CCNC(=O)C=1C=CC(OC)=C(OC)C1OC)N2CCCC2=O,0.508,O=C(NCCCN1CCCC1=O)c1ccccc1
XS840739b,CC(NC(=O)N1CCN2C=CC=C2C1)C3(CCC3)C=4C=CC(Cl)=CC4,1.564,O=C(NCC1(c2ccccc2)CCC1)N1CCn2cccc2C1
XS812725b,COC=1C=C(Cl)C(C)=CC1NC(=O)C2CC(=O)N(CC(F)(F)F)C2,1.472,O=C1CC(C(=O)Nc2ccccc2)CN1
XS837869b,N#CC=1C=CC(=C(F)C1)N2CCC(C2)C(=O)N3CCOCC=4C=CC=CC43,0.716,O=C(C1CCN(c2ccccc2)C1)N1CCOCc2ccccc21
XS844753a,CC=1C(Cl)=CC=CC1NCC(=O)N2C=3C=CC=CC3NC(=O)CC2C,2.456,O=C1CCN(C(=O)CNc2ccccc2)c2ccccc2N1
XS840735b,O=C(NC=1C=NN(C1)C=2N=CC=CN2)N3CCCC3CC=4C=CC=C(F)C4,8.944,O=C(Nc1cnn(-c2ncccn2)c1)N1CCCC1Cc1ccccc1
XS839434b,FC1=CC(=CC(F)=C1F)C2=CN(CC3CCCC4(CCOCC4)O3)N=N2,0.762,c1ccc(-c2cn(CC3CCCC4(CCOCC4)O3)nn2)cc1
XS844772a,O=C(CNC=1C=CC=CC1F)N2CCCC2C=3C=CC=4OCCCOC4C3,1.032,O=C(CNc1ccccc1)N1CCCC1c1ccc2c(c1)OCCCO2
XS844760a,O=C(NC1CCN(C1=O)C=2C=CC=C(C2)OC(F)(F)F)N3CCOCC3,1.79,O=C(NC1CCN(c2ccccc2)C1=O)N1CCOCC1
XS844769a,CC(C)S(=O)(=O)C=1C=CC=CC1C(=O)NC(C)C=2C=CC(F)=C(F)C2,0.896,O=C(NCc1ccccc1)c1ccccc1
XS844763a,CC(C)C(NC(=O)C=1C=CC(Cl)=CC1Cl)C(=O)NC=2C=CN(C)N2,0.562,O=C(CNC(=O)c1ccccc1)Nc1cc[nH]n1
XS839174b,CCC=1C=C(C(C)=CC1OC)S(=O)(=O)NC2=CC=CN(C2=O)C(C)C#N,0.9,O=c1[nH]cccc1NS(=O)(=O)c1ccccc1
XS844770a,CC=1C=C2OC=C(CC(=O)N3CCCC(C3)C(=O)NCC4CC4)C2=CC1C,0.974,O=C(NCC1CC1)C1CCCN(C(=O)Cc2coc3ccccc23)C1
XS844774a,CCOC=1C=CC(=CC1)C(=O)NC(C=2C=CC=3OCCCOC3C2)C(C)C,0.37,O=C(NCc1ccc2c(c1)OCCCO2)c1ccccc1
XS844761a,CC1(C)CCC=2C=CC=CC2C1NC(=O)CCC3=NC=4C=CC=CC4C(=O)N3,0.798,O=C(CCc1nc2ccccc2c(=O)[nH]1)NC1CCCc2ccccc21
XS685878b,CC(C(=O)NC=1C=CC(Cl)=CC1)S(=O)(=O)CC=2C=CC=CC2Cl,1.15,O=C(CS(=O)(=O)Cc1ccccc1)Nc1ccccc1
XS844764a,O=C1CCC=2C=C(C=CC2N1)S(=O)(=O)N3CCCC3CC=4C=CC=CC4,0.816,O=C1CCc2cc(S(=O)(=O)N3CCCC3Cc3ccccc3)ccc2N1
XS168807d,CCNC(=O)C(C)NC(=O)C=1SC(=NC1C=2C=CC=CC2)C3=CC=CO3,0.446,c1ccc(-c2csc(-c3ccco3)n2)cc1
XS844773a,CS(=O)(=O)NC(CC(=O)NC=1C=CC=C(Cl)C1)C=2C=CC(F)=CC2,0.394,O=C(CCc1ccccc1)Nc1ccccc1
XS844775a,CCOC=1C=C(C=CC1Br)S(=O)(=O)N2CCCCC2CC,0.638,O=S(=O)(c1ccccc1)N1CCCCC1
XS844787a,COC=1C=CC(=CC1)C2CCCN2C(=O)CCC3=NC=4C=CC=CC4C(=O)N3,4.446,O=C(CCc1nc2ccccc2c(=O)[nH]1)N1CCCC1c1ccccc1
XS716569b,CCC=1C=CC(=CC1)N2CC(CC2=O)C(=O)N3CCN(CC3)C=4C=CC=CN4,9.054,O=C(C1CC(=O)N(c2ccccc2)C1)N1CCN(c2ccccn2)CC1
XS546662b,O=C(NC=1C=CC=NC1)N2CCCC(C2)C3=NC(=NO3)C=4C=CC(Cl)=CC4,0.62,O=C(Nc1cccnc1)N1CCCC(c2nc(-c3ccccc3)no2)C1
XS840122b,COC=1C=CC=2CC(COC2C1)NC(=O)NCC=3C=CC=NC3N4C=CN=C4,0.942,O=C(NCc1cccnc1-n1ccnc1)NC1COc2ccccc2C1
XS844778a,CC=1NC2=NC(=NN2C(C=3C=CN=CC3)C1C(N)=O)SCC=4C=CC=CC4,5.808,C1=CC(c2ccncc2)n2nc(SCc3ccccc3)nc2N1
XS844785a,CC(=O)NC=1C=CC(=CC1)S(=O)(=O)NC(C)C(=O)NC2CCCCCC2,0.496,O=C(CNS(=O)(=O)c1ccccc1)NC1CCCCCC1
XS566776b,O=C(C1CC(=O)N(C1)C=2C=CC(F)=CC2)N3CCOCC4(CCOCC4)C3,3.246,O=C(C1CC(=O)N(c2ccccc2)C1)N1CCOCC2(CCOCC2)C1
XS844793a,O=C(NCCC=1C=CC=C(O)C1)C=2CCC(=O)N(N2)C3CCS(=O)(=O)C3,0.396,O=C(NCCc1ccccc1)C1=NN(C2CCS(=O)(=O)C2)C(=O)CC1
XS844788a,CN1CCN2N=CC(C(=O)NC3CCOC=4C=CC=CC4C3)=C2S1(=O)=O,0.396,O=C(NC1CCOc2ccccc2C1)c1cnn2c1S(=O)(=O)NCC2
XS836556b,OCC1=CN(N=N1)C2CCCN(C2)C=3C=CC4=C(Cl)C=CC(Cl)=C4N3,0.598,c1ccc2nc(N3CCCC(n4ccnn4)C3)ccc2c1
XS844789a,O=C(NC1=CC=NN1C2CCCCC2)C3CC(=O)N(C3)C=4C=CC=C(Cl)C4,1.32,O=C(Nc1ccnn1C1CCCCC1)C1CC(=O)N(c2ccccc2)C1
XS844786a,O=C(C=1C=CC=C(C1)OC=2C=CC=CC2)N3CCN(CC3)C(=O)C4CCCO4,0.472,O=C(c1cccc(Oc2ccccc2)c1)N1CCN(C(=O)C2CCCO2)CC1
XS840553b,CC(OC(=O)C=1C=CC(Br)=C(C1)S(=O)(=O)N(C)C)C(N)=O,0.376,c1ccccc1
XS844783a,CC(=O)NCC1CCN2N=CC(C(=O)NCC=3C=CC(=CC3F)C4CC4)=C2C1,0.708,O=C(NCc1ccc(C2CC2)cc1)c1cnn2c1CCCC2
XS844784a,COC(=O)CC(NC(=O)C=1C=CC(=NC1)N2CCOCC2)C=3C=CC(C)=CC3,1.744,O=C(NCc1ccccc1)c1ccc(N2CCOCC2)nc1
XS837396b,CN1C=C2C(CCCC2NC(=O)C3=CN=C(S3)C=4C=CC=5OCOC5C4)=N1,20.49,O=C(NC1CCCc2n[nH]cc21)c1cnc(-c2ccc3c(c2)OCO3)s1
XS844791a,CCNC(=O)C=1C=CC(=CC1)NC(=O)C2CCCN(C2)C(=O)C3=CC=CS3,0.64,O=C(Nc1ccccc1)C1CCCN(C(=O)c2cccs2)C1
XS844798a,CN(CC=1C=CC(=CC1)C(=O)NC2CC2)C(=O)C3CC(=NO3)C=4C=CC=C(F)C4,4.318,O=C(NC1CC1)c1ccc(CNC(=O)C2CC(c3ccccc3)=NO2)cc1
XS844803a,CCOC(=O)C1=C(CN2C=NC=3SC=4CCCC4C3C2=O)NC(=O)NC1C,19.86,O=C1NCC=C(Cn2cnc3sc4c(c3c2=O)CCC4)N1
XS837527b,COC=1C=CC=C(C1)NC=2C=CC(=NC2)NC(=O)NC3CC=4C=CC=C(O)C4C3,4.006,O=C(Nc1ccc(Nc2ccccc2)cn1)NC1Cc2ccccc2C1
XS836775b,COC=1C=CC(=CC1)N2C(=O)C=3C=CC=CC3N(C)C2C=4N=C(C)N5C=CC=CC45,14.478,O=C1c2ccccc2NC(c2ncn3ccccc23)N1c1ccccc1
XS840501b,NC(=O)NC(CC=1C=CC=CC1)C(=O)NNC(=O)COC=2C=CC=CC2Cl,0.592,O=C(CCc1ccccc1)NNC(=O)COc1ccccc1
XS427749b,O=S(=O)(C=1C=CC(=NC1)NC2CCCN(C2)C=3N=CC=CN3)N4CCCC4,1.88,O=S(=O)(c1ccc(NC2CCCN(c3ncccn3)C2)nc1)N1CCCC1
XS844797a,CNC(=O)CN1C=2C=CC=CC2C(=O)N(C)C1C3=CC=C(O3)C=4C=CC(F)=CC4,1.348,O=C1NC(c2ccc(-c3ccccc3)o2)Nc2ccccc21
XS841331b,CN1N=CC=C1C=2C=CC(=CC2)CNC(=O)N3CC4(CCC4)C3C5CCOCC5,0.458,O=C(NCc1ccc(-c2ccn[nH]2)cc1)N1CC2(CCC2)C1C1CCOCC1
XS844800a,CN(C=1C=CC=CC1)C=2C=CC=CC2NC(=O)C3CC(=O)NC=4C=C(F)C=CC43,1.812,O=C1CC(C(=O)Nc2ccccc2Nc2ccccc2)c2ccccc2N1
XS844802a,CC1=CC(CNC(=O)C2CC(=O)N(C2)C=3C=CC(Br)=C(C)C3)=NO1,2.362,O=C(NCc1ccon1)C1CC(=O)N(c2ccccc2)C1
XS549794b,O=S(=O)(CC=1C(Cl)=CC=CC1Cl)N2CCCCC2C3=NC=CS3,0.478,O=S(=O)(Cc1ccccc1)N1CCCCC1c1nccs1
XS840953b,O=C(NCCNC(=O)C1COC=2C=C(Cl)C=CC2O1)C3=CN4C=CC=CC4=C3,1.072,O=C(NCCNC(=O)C1COc2ccccc2O1)c1cc2ccccn2c1
XS844819a,CCOC=1C=CC=CC1CNC(=O)C2CCCN(C2)S(=O)(=O)C=3C=CC=CC3,1.28,O=C(NCc1ccccc1)C1CCCN(S(=O)(=O)c2ccccc2)C1
XS709151b,CC1CC=2C=CC=CC2N1C(=O)C=3C=CC(F)=C(C3)S(=O)(=O)N4CCOCC4,1.694,O=C(c1cccc(S(=O)(=O)N2CCOCC2)c1)N1CCc2ccccc21
XS844806a,CC1=C(N=NN1CCOC=2C=CC(F)=CC2)C(=O)NC3CCCOC=4C=CC=CC43,1.0,O=C(NC1CCCOc2ccccc21)c1cn(CCOc2ccccc2)nn1
XS838840b,NC=1C(Br)=C(C(F)=CC1[N+]([O-])=O)N2CCN3C(=O)C(=O)NCC3C2,0.556,O=C1NCC2CN(c3ccccc3)CCN2C1=O
XS844809a,CCCN(C(=O)C=1C=CC(=CC1)S(=O)(=O)N2CCCC2)C3CCS(=O)(=O)C3,2.392,O=C(NC1CCS(=O)(=O)C1)c1ccc(S(=O)(=O)N2CCCC2)cc1
XS840529b,COCC1=NC(=CS1)C(=O)N2CCNC(=O)C2C=3C=CC=CC3Br,2.008,O=C1NCCN(C(=O)c2cscn2)C1c1ccccc1
XS836939b,C=1C=C(OC1COC=2C=CC=CC2)C3=NN=C(O3)C4CCCN(C4)C=5C=NC=CN5,0.74,c1ccc(OCc2ccc(-c3nnc(C4CCCN(c5cnccn5)C4)o3)o2)cc1
XS844807a,COC=1C=CC=C2CCC(C(=O)NC=3C=CC(=CN3)N4CCN(CC4)C(=O)C5CC5)C12,1.664,O=C(Nc1ccc(N2CCN(C(=O)C3CC3)CC2)cn1)C1CCc2ccccc21
XS842824b,COC(=O)CC(NC(=O)C=1C=CC2=C(C1)CCN2C(C)=O)C=3C=CC(Cl)=CC3,0.612,O=C(NCc1ccccc1)c1ccc2c(c1)CCN2
XS844831a,CC=1C=CC(C)=C(C1)OC=2C=CC(=CN2)CNC(=O)C3CCCN(C3)C(=O)N4CCCC4,1.06,O=C(NCc1ccc(Oc2ccccc2)nc1)C1CCCN(C(=O)N2CCCC2)C1
XS829315b,CC=1C=CC(=CC1)S(=O)(=O)CCC(=O)N2CCCC2C=3C=CC=4OCCCOC4C3,1.944,O=C(CCS(=O)(=O)c1ccccc1)N1CCCC1c1ccc2c(c1)OCCCO2
XS836733c,CC(C1=NC=2C=C(Cl)C=CC2N1CC=3C=CC=CC3)N4CCN(CC4)S(C)(=O)=O,3.554,c1ccc(Cn2c(CN3CCNCC3)nc3ccccc32)cc1
XS844821a,CC(C)N(CC(=O)N1C=2C=CC=CC2NC(=O)CC1C)CC3=NC=4C=CC=CC4C(=O)N3,1.02,O=C1CCN(C(=O)CNCc2nc3ccccc3c(=O)[nH]2)c2ccccc2N1
XS844833a,CC=1OC=CC1C(=O)NC2=NC(=CS2)CC(=O)NCC3CCN(C3)C=4C=CC=CC4,0.592,O=C(Cc1csc(NC(=O)c2ccoc2)n1)NCC1CCN(c2ccccc2)C1
XS844826a,CC(C)(C)C=1C=C(NC(=O)CC=2C=CC(Cl)=C(Cl)C2)N(N1)C3CCS(=O)(=O)C3,0.998,O=C(Cc1ccccc1)Nc1ccnn1C1CCS(=O)(=O)C1
XS844834a,CC(C1=NC=2C=CC=CC2S1)N(C)C(=O)C3CCN(CC3)C4=NS(=O)(=O)C=5C=CC=CC45,0.99,O=C(NCc1nc2ccccc2s1)C1CCN(C2=NS(=O)(=O)c3ccccc32)CC1
XS842658b,CCN1C(=O)N(CC)C=2N=C(C=CC21)NC(=O)CCC(=O)NC(C)C=3C=C(C)C=CC3C,1.128,O=C(CCC(=O)Nc1ccc2[nH]c(=O)[nH]c2n1)NCc1ccccc1
XS844822a,CN(C(=O)COC(=O)C=1C2=CC=CC=C2N=C3CCCCCC13)C4CCS(=O)(=O)C4,1.15,O=C(COC(=O)c1c2c(nc3ccccc13)CCCCC2)NC1CCS(=O)(=O)C1
XS844820a,CC(SC1=NN=C(O1)C2=CNC=3C=CC=CC23)C(=O)N4CCN(CC4)S(=O)(=O)C=5C=CC=CC5,1.108,O=C(CSc1nnc(-c2c[nH]c3ccccc23)o1)N1CCN(S(=O)(=O)c2ccccc2)CC1
XS073481b,O=C(NC=1C=CC=CC1O)C2CCCN(C2)S(=O)(=O)C3=CC=C(Br)S3,0.92,O=C(Nc1ccccc1)C1CCCN(S(=O)(=O)c2cccs2)C1
XS840243b,COCCC(C)NC=1C=CC=C2C=CSC12,0.656,c1ccc2sccc2c1
XS844844a,CC(CC1=CC=CO1)NC(=O)C=2C=CC(O)=NC2,0.382,O=C(NCCc1ccco1)c1cccnc1
XS836863b,O=C1CCC(CC=2C=CC(O)=CC2)O1,0.592,O=C1CCC(Cc2ccccc2)O1
XS844839a,CC(NC(=O)C1=CC=CN1)C=2C=CC=CC2,0.584,O=C(NCc1ccccc1)c1ccc[nH]1
XS839409b,CN(C)C(=O)C(C)(CF)C=1C=CC=CC1,0.412,c1ccccc1
XS842123b,NC(C1=NNC(=N1)C2=CC=CS2)C(F)(F)F,0.778,c1csc(-c2ncn[nH]2)c1
XS844846a,CC(C)C(=O)NC1CCCC2=C1C=NN2C,0.676,c1n[nH]c2c1CCCC2
XS844841a,CN1CC(CC1=O)C2=NN=C3CCCCCCN23,0.406,O=C1CC(c2nnc3n2CCCCCC3)CN1
XS841038b,CCN(CC(C)C#N)C(=O)CN1N=CSC1=O,0.802,O=c1[nH]ncs1
XS844856a,CCCCNC(=O)CS(=O)CC=1C=CC=C(C)C1,0.618,c1ccccc1
XS844850a,CC1C2=CC=CN2CCN1C(=O)NC=3C=CC=NC3,1.734,O=C(Nc1cccnc1)N1CCn2cccc2C1
XS844852a,CC=1C=CC(=NC1)NC(=O)C2CC=3C=CC=CC3S2,0.762,O=C(Nc1ccccn1)C1Cc2ccccc2S1
XS844863a,O=C(O)C1CCCN(C1)C2=NC=3C=CC=CC3S2,0.502,c1ccc2sc(N3CCCCC3)nc2c1
XS645014b,O=C(O)C1CC(=O)N(CC2=CSC=3C=CC=CC23)C1,0.392,O=C1CCCN1Cc1csc2ccccc12
XS844874a,CC=1C=NC(=CN1)C(=O)NCC(C)N(C)C=2C=CC=CC2,0.522,O=C(NCCNc1ccccc1)c1cnccn1
XS844870a,CC1=NOC(CN(C)CC2COC=3C=CC=CC3O2)=N1,0.372,c1ccc2c(c1)OCC(CNCc1ncno1)O2
XS844869a,O=C(C1CC=CCC1)N2CCC=3NC=4C=CC=CC4C3C2,0.5,O=C(C1CC=CCC1)N1CCc2[nH]c3ccccc3c2C1
XS842232b,CC1C(=O)N(C)CN1S(=O)(=O)CC2CC3(CCC3)C2,2.078,O=C1CN(S(=O)(=O)CC2CC3(CCC3)C2)CN1
XS844875a,O=C(C=1C=CC=NC1)N2CCCCC2C=3C=CC(O)=NC3,1.57,O=C(c1cccnc1)N1CCCCC1c1cccnc1
XS844882a,CN(C(=O)C=1C=CC=C2C=NNC12)C3CCS(=O)(=O)C3,1.91,O=C(NC1CCS(=O)(=O)C1)c1cccc2cn[nH]c12
XS844878a,CC1=CSC(=N1)C2CCCCN2C(=O)C3=CC=CN3C,0.956,O=C(c1ccc[nH]1)N1CCCCC1c1nccs1
XS844880a,CC=1C=NN(C1)C2CCCN(C2)C(=O)C=3OC=C(C)C3C,0.686,O=C(c1ccco1)N1CCCC(n2cccn2)C1
XS544766b,CNC(=O)C1CC(=O)N(C1)C2CN(C2)C=3N=CC(C)=CN3,0.59,O=C1CCCN1C1CN(c2ncccn2)C1
XS842076b,CC1=NN=C(S1)C(C)S(=O)(=O)C=2C=CC(C)=C(C)C2,0.464,O=S(=O)(Cc1nncs1)c1ccccc1
XS438879b,O=S1(=O)CCC(C1)N2N=NN=C2C=3C=CC(Cl)=CC3,1.396,O=S1(=O)CCC(n2nnnc2-c2ccccc2)C1
XS844893a,CC1=CC(C)=NC(=N1)NC(C)C=2C=CC(=CC2)S(C)(=O)=O,0.592,c1ccc(CNc2ncccn2)cc1
XS724871b,CCC=1C=CC(=CC1)C2CCN(C2)C(=O)CC=3C=C(C)ON3,1.018,O=C(Cc1ccon1)N1CCC(c2ccccc2)C1
XS837285b,C#CC=1C=CC=C(C1)C(=O)NC2(CCCOC2)C=3C=CC=CC3,1.698,O=C(NC1(c2ccccc2)CCCOC1)c1ccccc1
XS840508b,CC(CC1=CC=CS1)N(C)S(=O)(=O)CC=2C=CON2,0.536,O=S(=O)(Cc1ccon1)NCCc1cccs1
XS663162b,O=C(NC=1C=CC(=NC1)OC=2C=CC=CC2)C3CCCOC3,0.52,O=C(Nc1ccc(Oc2ccccc2)nc1)C1CCCOC1
XS844896a,CC=1C=CC=NC1NC(=O)C2CC(=NO2)C=3C=CC=C(F)C3,4.312,O=C(Nc1ccccn1)C1CC(c2ccccc2)=NO1
XS581828b,CC=1C=CC=CC1NC(=O)C2CSCN2C(=O)C3CCC3,0.48,O=C(Nc1ccccc1)C1CSCN1C(=O)C1CCC1
XS478924b,CC1=CN2N=C(NCC(CO)CC=3C=CC=CC3)SC2=N1,0.516,c1ccc(CCCNc2nn3ccnc3s2)cc1
XS844890a,COC=1C=CC(=CC1)C2CCCN2C(=O)C=3CCC(=O)NN3,0.65,O=C1CCC(C(=O)N2CCCC2c2ccccc2)=NN1
XS844889a,COC=1C=CC(=CC1F)C(C)NC(=O)NCC=2C=CC=CC2,0.62,O=C(NCc1ccccc1)NCc1ccccc1
XS844912a,CC=1C=CC=NC1NC(=O)NC(C)C=2C=CC=3OCCOC3C2,1.256,O=C(NCc1ccc2c(c1)OCCO2)Nc1ccccn1
XS838389c,O=C(O)C1CC=2C=C(C=NC2C1)C3=CSC(=C3)C(F)(F)F,0.912,c1cc(-c2cnc3c(c2)CCC3)cs1
XS844904a,CCN1C(=NC=2C=CC=CC21)SC(C)C(=O)NC(=O)NC,1.098,c1ccc2[nH]cnc2c1
XS842632b,CC(OC(=O)C=1C=CC=C2N=NNC12)C(=O)NC=3N=CC=CN3,0.612,O=C(COC(=O)c1cccc2nn[nH]c12)Nc1ncccn1
XS844905a,O=C(C1=CC=CN1)N2CCOCC2CC3=CNC=4C=CC=CC34,1.22,O=C(c1ccc[nH]1)N1CCOCC1Cc1c[nH]c2ccccc12
XS837878b,COC=1N=C(N)N=C2C1C=NN2CC3COC=4C=CC=CC4O3,0.404,c1ccc2c(c1)OCC(Cn1ncc3cncnc31)O2
XS844909a,CC1=CN=C(NC(=O)C2CC(=O)N(CC(F)(F)F)C2)S1,0.44,O=C1CC(C(=O)Nc2nccs2)CN1
XS593212b,CCN(C)C(=O)C(C)NC(=O)CC1=CNC=2C=CC(=CC12)OC,0.63,c1ccc2[nH]ccc2c1
XS844916a,CN1CCN(C(=O)C2=CC=3C=CC=CC3N2)C(C1)C=4C=CC=CC4,2.34,O=C(c1cc2ccccc2[nH]1)N1CCNCC1c1ccccc1
XS837518b,CC1=NN(C)C(C)=C1CCCNC(=O)C2CCC=3NN=NC3C2,0.608,O=C(NCCCc1cn[nH]c1)C1CCc2[nH]nnc2C1
XS844919a,CC(NC1=C(C#N)C(=O)N(C)C(=O)N1C)C=2C=CC=C(Cl)C2,1.392,O=c1cc(NCc2ccccc2)[nH]c(=O)[nH]1
XS581950b,CN1C(=O)C=CN(CC(=O)N2CCCC(C2)N3C=CC=N3)C1=O,1.012,O=C(Cn1ccc(=O)[nH]c1=O)N1CCCC(n2cccn2)C1
XS838483b,CC1(CC=2C=CC=CC2NC1=O)C(=O)N3CC4(C3)CNC(=O)N4,2.914,O=C1NCC2(CN(C(=O)C3Cc4ccccc4NC3=O)C2)N1
XS815497b,CC1(CCS(=O)(=O)C1)NC(=O)CC=2C=CC3=CC=CC=C3C2,0.624,O=C(Cc1ccc2ccccc2c1)NC1CCS(=O)(=O)C1
XS841629b,CC1C=2C=NC=CC2CCN1C=3C=C(N=CN3)OC=4C=CC=CC4,1.024,c1ccc(Oc2cc(N3CCc4ccncc4C3)ncn2)cc1
XS840196b,COCC(C)(O)C(=O)N1CCN(CC1)C=2C=CC=C(Cl)C2C,0.458,c1ccc(N2CCNCC2)cc1
XS840185b,O=C(NCC1(CO)CCOCC1)NC2CSC=3C=CC=CC32,0.602,O=C(NCC1CCOCC1)NC1CSc2ccccc21
XS844925a,CCC=1N=C(CCNC(=O)C2CC(=O)N(C2)C3CC3)SC1C,0.636,O=C(NCCc1nccs1)C1CC(=O)N(C2CC2)C1
XS825855b,COC=1C=CC(=CC1)CNC(=O)CC2OC=3C=CC=CC3NC2=O,0.412,O=C(CC1Oc2ccccc2NC1=O)NCc1ccccc1
XS844935a,O=C(NC=1C=CC(F)=CC1)NC(C=2C=CC=CC2)C=3C=CC=CN3,0.468,O=C(Nc1ccccc1)NC(c1ccccc1)c1ccccn1
XS839489b,CCC(O)(CN1C=CC(OC)=C(C(=O)OC)C1=O)C(F)(F)F,1.244,O=c1cccc[nH]1
XS844933a,CCNC(=O)NC(=O)C(C)NC=1C=C(OC)C(OC)=C(C1)OC,2.438,c1ccccc1
XS840383b,CC(=O)N1N=C(CC1C=2C=CC=C3C=CC=NC23)C4=CC=CS4,0.908,c1csc(C2=NNC(c3cccc4cccnc34)C2)c1
XS838181b,CC1=CC=CN2C=C(C=C12)C(=O)N3CCOCC3C4=NC=NN4C,1.538,O=C(c1cc2ccccn2c1)N1CCOCC1c1ncn[nH]1
XS738077b,CN(CC(=O)NC(C=1C=CC=CC1)C2CCCC2)S(C)(=O)=O,1.294,c1ccc(CC2CCCC2)cc1
XS844928a,N#CC=1C=CN=C(C1)NCC=2C=CC=C(C2)COCC3CCCO3,0.612,c1ccc(NCc2cccc(COCC3CCCO3)c2)nc1
XS838159b,COC=1C=CC(=CC1Br)C(NC(C)=O)C(F)(F)F,0.42,c1ccccc1
XS676099b,O=C(C1=CNC=2C=C(Cl)C=CC12)N3CCCC(C3)N4C=CC=N4,0.806,O=C(c1c[nH]c2ccccc12)N1CCCC(n2cccn2)C1
XS837164b,CN1N=CC2=C1CCCC2NC=3N=CC(=CC3Cl)C(F)(F)F,1.562,c1ccc(NC2CCCc3[nH]ncc32)nc1
XS839033b,CCN1CCCC(C1=O)N2C=C(N=N2)C3=C4CCCCC4=NN3C,0.712,O=C1NCCCC1n1cc(-c2[nH]nc3c2CCCC3)nn1
XS844943a,COC=1C=CC=C(C1)CCNC(=O)N2CCCC2C3=CC(C)=NO3,2.086,O=C(NCCc1ccccc1)N1CCCC1c1ccno1
XS844939a,CCCCOC=1C=CC(=CC1)C(=O)N2CCCC(C2)N3C=NC=N3,4.06,O=C(c1ccccc1)N1CCCC(n2cncn2)C1
XS844938a,COC1=CC(=CC(OC)=C1C)C(=O)N2CCCC(C2)N3C=NC=N3,2.136,O=C(c1ccccc1)N1CCCC(n2cncn2)C1
XS613803b,O=C(C1=CC=2C(F)=CC=CC2N1)N3CCCC(C3)N4CCNC4=O,3.106,O=C(c1cc2ccccc2[nH]1)N1CCCC(N2CCNC2=O)C1
XS842635b,CCC1CCC=2C=CC=CC2N1C(=O)C=3N=C(C=C(N3)OC)OC,1.41,O=C(c1ncccn1)N1CCCc2ccccc21
XS844944a,O=C(NC1=CC(=CNC1=O)C(F)(F)F)C2CC(=O)N(C2)C3CC3,0.512,O=C(Nc1ccc[nH]c1=O)C1CC(=O)N(C2CC2)C1
XS789715b,O=C(NC=1C=CC=C(Br)C1)C2COC=3C=CC=CC3O2,0.54,O=C(Nc1ccccc1)C1COc2ccccc2O1
XS836808b,N#CC=1C=C2CCCC2=NC1N3CCC(C3)S(=O)(=O)NC4CC4,0.54,O=S(=O)(NC1CC1)C1CCN(c2ccc3c(n2)CCC3)C1
XS586888b,CN1N=NC=C1CC(=O)NC2CCN(C2=O)C=3C=CC=CC3Cl,2.962,O=C(Cc1cnn[nH]1)NC1CCN(c2ccccc2)C1=O
XS678138b,CC=1N=C(CN2CC(=O)N(C)C(C)C2)OC1C=3C=CC(Cl)=CC3,0.304,O=C1CN(Cc2ncc(-c3ccccc3)o2)CCN1
XS739703b,COC1=CC=CC(OC)=C1S(=O)CC2=NN=C(C3CCC3)N2C,1.056,O=S(Cc1nnc(C2CCC2)[nH]1)c1ccccc1
XS548574b,O=C(CN1CCNC(=O)C1)NC(C=2C=CC(F)=CC2)C3CCCC3,0.46,O=C1CN(CC(=O)NC(c2ccccc2)C2CCCC2)CCN1
XS844952a,O=C(NCCC1=CNC=2C=CC=CC12)C3CC(=NO3)C=4C=CN=CC4,1.318,O=C(NCCc1c[nH]c2ccccc12)C1CC(c2ccncc2)=NO1
XS844955a,CC=1C=CC=2N=CN(CC(=O)N3C=4C=CC=CC4CC3C)C(=O)C2C1,0.74,O=C(Cn1cnc2ccccc2c1=O)N1CCc2ccccc21
XS807219b,COC=1C=CC(=CC1)C(=O)N2CCN3C=CC=C3C2C=4C=CC=CC4,2.126,O=C(c1ccccc1)N1CCn2cccc2C1c1ccccc1
XS844945a,CC1=C(C=NN1C=2C=CC=CC2)C(=O)N3CCCC(C3)N4C=CC=N4,0.726,O=C(c1cnn(-c2ccccc2)c1)N1CCCC(n2cccn2)C1
XS844946a,CCC1=NC(=CS1)CC(=O)N2CCCC(C2)N3N=C(C)N=C3C,0.482,O=C(Cc1cscn1)N1CCCC(n2cncn2)C1
XS842631b,NC(=O)C1CC(=NN1C=2C=CC=CC2)C3=NC(=NO3)C=4C=CSC4,0.912,c1ccc(N2CCC(c3nc(-c4ccsc4)no3)=N2)cc1
XS744912b,O=C(C=1C=CC(=NN1)N2CCCC2)N3CCCC3CC=4C=CC=CC4,1.202,O=C(c1ccc(N2CCCC2)nn1)N1CCCC1Cc1ccccc1
XS144973b,O=C(NC=1C=CC=2OCOC2C1)C(CC=3C=CC=CC3)N4C=NN=N4,0.694,O=C(Nc1ccc2c(c1)OCO2)C(Cc1ccccc1)n1cnnn1
XS601254b,CC1=CSC(=N1)C2COCCN2C(=O)NCCC3=CSC=N3,0.496,O=C(NCCc1cscn1)N1CCOCC1c1nccs1
XS685978b,CN(CC1COC=2C=CC=CC2O1)C(=O)CC3=NOC=4C=CC=CC34,0.366,O=C(Cc1noc2ccccc12)NCC1COc2ccccc2O1
XS844957a,CCCOCC(=O)NC(C)C=1C=C(F)C=CC1N2CCC(O)CC2,0.344,c1ccc(N2CCCCC2)cc1
XS182955d,COC1=CC(=CC(OC)=C1OC)CNC(=O)CN2CCOC(C)C2,10.768,O=C(CN1CCOCC1)NCc1ccccc1
XS844956a,COCC1=C(OC=2C=CC=CC12)C(=O)N3CCCC(C3)N4C=CC=N4,0.424,O=C(c1cc2ccccc2o1)N1CCCC(n2cccn2)C1
XS844961a,COC=1C=CC=CC1N2CC(CC2=O)C(=O)NCC=3C=CC=CC3O,1.588,O=C(NCc1ccccc1)C1CC(=O)N(c2ccccc2)C1
XS842484b,CCC1CC=2C(=NC(N)=C3C(N)=NC(=C(C#N)C23)N4CCOCC4)O1,6.156,c1nc(N2CCOCC2)cc2c3c(ncc12)OCC3
XS813226b,CN1C=C(C=N1)C2CCCN2C(=O)C3=CN=C(S3)C=4N=CC=CN4,1.034,O=C(c1cnc(-c2ncccn2)s1)N1CCCC1c1cn[nH]c1
XS841775b,O=S(=O)(CC=1C=CC(Cl)=CC1N2C=NC=N2)C3CCCOC3,0.706,O=S(=O)(Cc1ccccc1-n1cncn1)C1CCCOC1
XS844970a,CC=1C=CC=C(C1)OCCCC(=O)NC2CCSC=3C=CC=CC32,0.902,O=C(CCCOc1ccccc1)NC1CCSc2ccccc21
XS844972a,NC(=O)C(NCC1(CCOCC1)C=2C=CC=C(F)C2)C=3C=CC=CC3,1.382,c1ccc(CNCC2(c3ccccc3)CCOCC2)cc1
MR042915c,O=C1C(CCN1CC(F)(F)F)N2C(=O)SC=3C=CC=CC3C2=O,3.07,O=C1NCCC1n1c(=O)sc2ccccc2c1=O
XS840382b,COC(=O)C1=C(C)NC(=O)NC1C=2C=C(Br)C=CC2F,1.67,O=C1NC=CC(c2ccccc2)N1
XS705606b,CC=1C=CC=CC1C2(CCC2)C(=O)N3CCCC(C3)N4CCNC4=O,0.706,O=C1NCCN1C1CCCN(C(=O)C2(c3ccccc3)CCC2)C1
XS599228b,CCC1=C(C=NN1C(C)(C)C)C(=O)N2CCC(C2)NC=3C=CC=CC3,0.612,O=C(c1cn[nH]c1)N1CCC(Nc2ccccc2)C1
XS840341b,COC(=O)C(NC(=O)C1=NC=CN1)C=2C=CC(C)=C(C2)C(F)(F)F,0.484,O=C(NCc1ccccc1)c1ncc[nH]1
XS844978a,COC=1C=C2CCN(CC2=CC1OC)C(=O)NC3CCCCNC3=O,0.9,O=C1NCCCCC1NC(=O)N1CCc2ccccc2C1
XS844974a,COC=1C=CC=C2C(C)=C(OC12)C(=O)N3CCCC(CO)(C3)C(C)C,4.56,O=C(c1cc2ccccc2o1)N1CCCCC1
XS769457b,CC1(C)CC(CC(C)(C)N1)NC(=O)NC2CCCOC=3C=CC=CC32,1.61,O=C(NC1CCNCC1)NC1CCCOc2ccccc21
XS837288b,COC(C)(C)C(=O)OC(C)C(=O)N(CCC#N)C=1C=C(C)C=C(C)C1,0.378,c1ccccc1
XS844979a,O=C(NC1CCCCNC1=O)C=2C=CC(=CC2)N3C=NC=4C=CC=CC43,0.908,O=C(NC1CCCCNC1=O)c1ccc(-n2cnc3ccccc32)cc1
XS557394b,CCN1CC(CC1=O)C2=NC(=NO2)C=3SC=4C=CC=CC4C3Cl,1.342,O=C1CC(c2nc(-c3cc4ccccc4s3)no2)CN1
XS844975a,COCC1=C(OC=2C=CC=CC12)C(=O)NC(C)C=3C=CC(F)=C(F)C3,0.734,O=C(NCc1ccccc1)c1cc2ccccc2o1
XS661889b,O=C(COC=1C=CC(=CC1)C2=NN=CO2)NC(C=3C=CC=CC3)C4CC4,0.54,O=C(COc1ccc(-c2nnco2)cc1)NC(c1ccccc1)C1CC1
XS840763b,COC=1C=CC(=CC1)C(C)C(=O)N(C)C=2C=CC(Br)=CN2,0.546,O=C(Cc1ccccc1)Nc1ccccn1
XS812286b,COC=1C=CC(=CC1)CC(=O)NC(CN2CCCC2=O)C=3C=CC=CC3,0.87,O=C(Cc1ccccc1)NC(CN1CCCC1=O)c1ccccc1
XS838392b,CC(NC=1C=C(Br)C=2OCCCOC2C1)C3=NC=CS3,2.326,c1csc(CNc2ccc3c(c2)OCCCO3)n1
XS844981a,CC=1C=C(N=C(N1)C=2C=CC=NC2)NC3CCN(CC(F)(F)F)C3=O,8.572,O=C1NCCC1Nc1ccnc(-c2cccnc2)n1
XS840322b,COC(=O)C=1C=CC(=NN1)N2CC3(CCC(F)(F)CC3)C2C(=O)OC,2.086,c1cnnc(N2CC3(CCCCC3)C2)c1
XS006596d,O=C(NC1=NC(=CS1)C=2C=CC=CN2)C3CC=4C=CC=CC4C(=O)O3,0.654,O=C1OC(C(=O)Nc2nc(-c3ccccn3)cs2)Cc2ccccc21
XS844985a,CCOC=1C=CC=CC1N2CC(CC2=O)C(=O)NCCC=3C=CC=CN3,0.8,O=C(NCCc1ccccn1)C1CC(=O)N(c2ccccc2)C1
XS844988a,COC=1C=CC(CCC(=O)NC2CCC=3C=CC=CC32)=C(OC)C1OC,1.148,O=C(CCc1ccccc1)NC1CCc2ccccc21
XS600554b,CC1CC=2C=CC=CC2N1C(=O)C3CCN(CC3)C(=O)C=4C=CC=NC4,2.69,O=C(c1cccnc1)N1CCC(C(=O)N2CCc3ccccc32)CC1
XS840374b,CC=1C=C2OC=C(CC(=O)N(C3CCS(=O)(=O)C3)N(C)C)C2=CC1C,1.912,O=C(Cc1coc2ccccc12)NC1CCS(=O)(=O)C1
XS844991a,CC=1C=C(N=C(O)N1)C(=O)NC(C2=NC(=NO2)C(C)C)C3CCOCC3,0.552,O=C(NC(c1ncno1)C1CCOCC1)c1ccncn1
XS844998a,NC(=O)C1=CC(=CN1)C(=O)N2CCCC3(CCCN3C(=O)C4CCC4)C2,2.26,O=C(c1cc[nH]c1)N1CCCC2(CCCN2C(=O)C2CCC2)C1
XS844996a,CCN(CC)C(=O)N1CCCC(C1)C(=O)NCCC=2C=CC(Cl)=CC2,0.502,O=C(NCCc1ccccc1)C1CCCNC1
XS842136b,CC=1C=C(C(=O)OCC2=CC(=O)N(C)C(=O)N2C)C=3NCCC(C)C3C1,6.338,O=C(OCc1cc(=O)[nH]c(=O)[nH]1)c1cccc2c1NCCC2
XS844994a,COC=1C=CC(=CC1NS(C)(=O)=O)NC(C)C(=O)NC=2C=CC=CC2,2.062,O=C(CNc1ccccc1)Nc1ccccc1
XS844999a,CC1=NC(=CS1)COC=2C=CC(=CC2)C(=O)OC(C)C(=O)NC3CC3,0.906,O=C(COC(=O)c1ccc(OCc2cscn2)cc1)NC1CC1
XS839194b,COC=1N=C(C=CC1CS(=O)(=O)C(C)C2=NN=CN2C)C(F)(F)F,0.46,O=S(=O)(Cc1cccnc1)Cc1nnc[nH]1
XS845008a,CN1N=CC2=C1CCN(C2C(=O)N3CCOCC4(CC4)C3)S(C)(=O)=O,0.536,O=C(C1NCCc2[nH]ncc21)N1CCOCC2(CC2)C1
XS845015a,O=C(NC=1C=CC=2OC(F)(F)OC2C1)C3CC(=O)N(CC=4C=CC=CC4)C3,1.13,O=C(Nc1ccc2c(c1)OCO2)C1CC(=O)N(Cc2ccccc2)C1
XS845007a,O=C(NC1CS(=O)(=O)CC=2C=CC=CC21)C=3C=CC(=NC3)C(F)(F)F,1.258,O=C(NC1CS(=O)(=O)Cc2ccccc21)c1cccnc1
XS700076b,O=C(NCC1CCN(C1)C=2C=CC=CC2)C3CCN(CC(F)(F)F)CC3,0.458,O=C(NCC1CCN(c2ccccc2)C1)C1CCNCC1
XS836584b,O=C1C(Cl)=C(C=NN1C=2C=CC=CC2)NCC3COC=4C=CC=CC4C3,2.456,O=c1cc(NCC2COc3ccccc3C2)cnn1-c1ccccc1
XS845009a,CC=1C=CC(=CC1)OCC(O)CN2C(=O)C=3C=4CCCC4SC3N=C2C,1.326,O=c1c2c3c(sc2ncn1CCCOc1ccccc1)CCC3
XS741490b,CC1=NN(CC(=O)NC2CCC(C)(C)C=3C=CC=CC32)C(=O)C=4C=CC=CC14,1.082,O=C(Cn1ncc2ccccc2c1=O)NC1CCCc2ccccc21
XS845013a,O=C(CN1C=CC=NC1=O)NC(C=2C=CC(Br)=CC2)C3CCC3,1.158,O=C(Cn1cccnc1=O)NC(c1ccccc1)C1CCC1
XS440412b,CC1=C(NC(=O)NC(C)C=2C=C(C)C=CC2C)C(=O)N(C=3C=CC=CC3)N1C,1.466,O=C(NCc1ccccc1)Nc1c[nH]n(-c2ccccc2)c1=O
XS845026a,CCC(NC(=O)CCNC1=NS(=O)(=O)C=2C=CC=CC12)C=3C=CC(C)=CC3,0.636,O=C(CCNC1=NS(=O)(=O)c2ccccc21)NCc1ccccc1
XS840381b,CC1=CC(=NO1)N2C(=O)C=3OC=4C=CC(F)=CC4C(=O)C3C2C=5C=CC=NC5,1.22,O=C1c2oc3ccccc3c(=O)c2C(c2cccnc2)N1c1ccon1
XS845025a,CCN(CC)S(=O)(=O)C=1C=C(C=CC1C)C(=O)N2CCCC(C2)C(N)=O,0.362,O=C(c1ccccc1)N1CCCCC1
XS845024a,CC(C)C(=O)NCCNC(=O)C1CC=2C=CC=CC2CN1C(=O)C3=CC=CO3,0.88,O=C(c1ccco1)N1CCc2ccccc2C1
XS845023a,COC=1C=CC=2N=C(NC(=O)C3CC(=O)N(CC=4C=CC=CC4)C3)SC2C1,3.978,O=C(Nc1nc2ccccc2s1)C1CC(=O)N(Cc2ccccc2)C1
XS845016a,N#CC(CC=1C=CC=CC1)NC(=O)C=2C=CC=C(C2)N3N=CC=C3C(F)(F)F,0.686,O=C(NCCc1ccccc1)c1cccc(-n2cccn2)c1
XS752918b,O=C(CN1CCCC=2C=CC=CC21)N(C3CCCC3)C4CCS(=O)(=O)C4,1.394,O=C(CN1CCCc2ccccc21)N(C1CCCC1)C1CCS(=O)(=O)C1
XS845030a,COC=1C=CC(Cl)=CC1NC(=O)C(C)NC=2C=CC3=C(C2)CCN3C(C)=O,0.462,O=C(CNc1ccc2c(c1)CCN2)Nc1ccccc1
XS845027a,O=C1C=2C=CC(=CC2CN1C3CCC(=O)NC3=O)C=4C=NC=5OCCNC5C4,1.394,O=C1CCC(N2Cc3cc(-c4cnc5c(c4)NCCO5)ccc3C2=O)C(=O)N1
XS147555b,COC=1C=CC(=C(C1)OC)C2CCCN2C(=O)C=3C=CC(=CC3)N4C=CC=N4,0.992,O=C(c1ccc(-n2cccn2)cc1)N1CCCC1c1ccccc1
XS845020a,CC=1C=C(SC1C)S(=O)(=O)N2CCN(C)C(C2)C3=NC(=NO3)C4CC4,0.75,O=S(=O)(c1cccs1)N1CCNC(c2nc(C3CC3)no2)C1
XS845019a,CCOC(=O)C1=C(COC(=O)C=2C=CC=3OCCOC3C2)NC(=O)NC1C,0.456,O=C1NCC=C(COC(=O)c2ccc3c(c2)OCCO3)N1
XS841512b,CC=1C=C(N(C)N1)N2CCCC(C2)NS(=O)(=O)C=3C=C4C=NNC4=CC3C,0.338,O=S(=O)(NC1CCCN(c2ccn[nH]2)C1)c1ccc2[nH]ncc2c1
XS845031a,CC1=C(N=NN1C=2C=CC=C3C=NC=CC23)C(=O)NC4CCCOC=5C=CC=CC54,1.874,O=C(NC1CCCOc2ccccc21)c1cn(-c2cccc3cnccc23)nn1
XS839878b,CC(C)C1CN(CCCO1)C(=O)NC=2C=CC(CS(C)(=O)=O)=C(Cl)C2,0.83,O=C(Nc1ccccc1)N1CCCOCC1
XS845033a,CC1=C(C=NN1C2CCCC2)NC(=O)C3(C)CCCN(C3)C(=O)C=4C=CC=CC4,1.0,O=C(Nc1cnn(C2CCCC2)c1)C1CCCN(C(=O)c2ccccc2)C1
XS836481b,CC(NS(=O)(=O)C=1C(F)=CC=CC1[N+]([O-])=O)C2=CN(N=N2)C=3C=CC=CC3,0.622,O=S(=O)(NCc1cn(-c2ccccc2)nn1)c1ccccc1
XS841563b,CC(NC(=O)NC=1C=CC=C2CN(CC(F)(F)F)CC12)C3=NN=NN3C4CC4,0.42,O=C(NCc1nnnn1C1CC1)Nc1cccc2c1CNC2
XS837178b,O=C(CN1CCC=2C=C(Br)C=C(F)C21)NC3CCS(=O)(=O)C3,0.306,O=C(CN1CCc2ccccc21)NC1CCS(=O)(=O)C1
XS845041a,CCOC=1C=CC=CC1NC(=O)CN2CCCC2C=3C=CC=4OCCCOC4C3,0.924,O=C(CN1CCCC1c1ccc2c(c1)OCCCO2)Nc1ccccc1
XS845039a,CC(NC(=O)C=1C=CC=C(C1)S(=O)(=O)NC=2C=CC(F)=CC2)C=3C=CC=CN3,6.002,O=C(NCc1ccccn1)c1cccc(S(=O)(=O)Nc2ccccc2)c1
XS841319b,CC=1C=CC(=CC1F)NS(=O)(=O)CCNC(=O)C(C)OC=2C=CC(F)=CC2,0.462,O=C(COc1ccccc1)NCCS(=O)(=O)Nc1ccccc1
XS842638b,CN(C(C=1C=CC=CC1)C=2C=CC=CN2)S(=O)(=O)C=3C=CC(F)=C(F)C3F,1.026,O=S(=O)(NC(c1ccccc1)c1ccccn1)c1ccccc1
XS836765b,O=C(C1CC(=NO1)C=2C=CC=C(F)C2)N3CCC(CC3)C4=NC=5C=CC=CC5O4,4.022,O=C(C1CC(c2ccccc2)=NO1)N1CCC(c2nc3ccccc3o2)CC1
XS845055a,COC=1C=CC(=CC1F)C(C)NC(=O)CC2=CSC(=N2)NC(=O)C=3C=COC3C,0.552,O=C(Cc1csc(NC(=O)c2ccoc2)n1)NCc1ccccc1
XS845053a,CCOC=1C=CC(=CC1)C2=NOC(CN3C=4C=CC(=CC4CC3C)S(N)(=O)=O)=N2,1.352,c1ccc(-c2noc(CN3CCc4ccccc43)n2)cc1
XS845049a,O=C(NCC=1C=CC(Cl)=CC1Cl)C2CC(=O)N(C2)C=3C=CC=4OCCOC4C3,2.99,O=C(NCc1ccccc1)C1CC(=O)N(c2ccc3c(c2)OCCO3)C1
XS845058a,CC=1C=CC(OC(C)C(=O)N2CCN(CC2)C3=NC=CS3)=C(Br)C1,0.498,O=C(COc1ccccc1)N1CCN(c2nccs2)CC1
XS845047a,CC(NC(=O)CCN1C=NC=2SC=CC2C1=O)C=3C=CC=CC3Br,1.386,O=C(CCn1cnc2sccc2c1=O)NCc1ccccc1
XS606111b,COC=1C=CC=CC1NC(=O)C(C)S(=O)(=O)CC=2C=CC(Cl)=C(Cl)C2,1.94,O=C(CS(=O)(=O)Cc1ccccc1)Nc1ccccc1
XS845052a,CC(NC1=NS(=O)(=O)C=2C=CC=CC12)C(=O)NCCC=3C=CC=4OCCOC4C3,2.678,O=C(CNC1=NS(=O)(=O)c2ccccc21)NCCc1ccc2c(c1)OCCO2
XS845045a,CC1=CC(=NN1C(C)(C)C)C(=O)N2CCC(C2)NC=3C=CC=C(Br)C3,0.46,O=C(c1cc[nH]n1)N1CCC(Nc2ccccc2)C1
XS838032b,CC(CO)(NC(=O)NC1=NN(C=2C=CC(F)=CC2)C=3CCCC13)C=4C=CC=C(O)C4,0.522,O=C(NCc1ccccc1)Nc1nn(-c2ccccc2)c2c1CCC2
XS845044a,CCN1C(=O)N(CCC(=O)NC(CC(=O)OC)C=2C=CC(C)=CC2)C=3C=CC=CC31,1.654,O=C(CCn1c(=O)[nH]c2ccccc21)NCc1ccccc1
XS840406b,COC=1C=CC(Cl)=CC1NC(=O)C(C)OC(=O)CCN2C(=O)OC=3C=CC=CC32,0.396,O=C(COC(=O)CCn1c(=O)oc2ccccc21)Nc1ccccc1
XS845048a,CCN1C(=O)NC(C=2C=CC=C(Cl)C2Cl)C(C(=O)NC=3C=C(C)ON3)=C1C,1.698,O=C1NC=C(C(=O)Nc2ccon2)C(c2ccccc2)N1
XS845051a,CC(CCC=1C=CC=CC1)NC(=O)C=2C=CC=C(C2)S(=O)(=O)N3CCOCC3,0.934,O=C(NCCCc1ccccc1)c1cccc(S(=O)(=O)N2CCOCC2)c1
XS845061a,CNC(=O)C1CN(CC(=O)N2CCN(CC2)S(=O)(=O)C3=CC=C(Cl)S3)C=4C=CC=CC4O1,2.784,O=C(CN1CCOc2ccccc21)N1CCN(S(=O)(=O)c2cccs2)CC1
XS845067a,CC=1C=CC=CC1C(=O)N2CCC(CC2)C(=O)OC(C)C(=O)N(C)CC=3C=CC=CC3,0.412,O=C(COC(=O)C1CCN(C(=O)c2ccccc2)CC1)NCc1ccccc1
XS845060a,CC(C1=NC=2C=CC=CC2S1)N3CCN(CCCCN4C(=O)C=5C=CC=CC5C4=O)CC3,1.068,O=C1c2ccccc2C(=O)N1CCCCN1CCN(Cc2nc3ccccc3s2)CC1
XS123953c,CC1=NN(C=2C=CC=CC2)C=3N=C(C4=CC=CS4)N(C)P(=S)(C13)N5CCOCC5,0.41,S=P1(N2CCOCC2)NC(c2cccs2)=Nc2c1cnn2-c1ccccc1
XS845065a,CC1=NC2=NC(=NN2C(C)=C1CCC(=O)NCC3COC=4C=CC=CC4O3)C(F)(F)F,0.796,O=C(CCc1cnc2ncnn2c1)NCC1COc2ccccc2O1
XS845069a,O=C(NC=1C=CC=CC1O)C2CCCN(C2)S(=O)(=O)C=3C=CC(Br)=CC3,0.936,O=C(Nc1ccccc1)C1CCCN(S(=O)(=O)c2ccccc2)C1
XS840457b,COC=1C=CC(=CC1Cl)NCCN2N=C(C)C(C)N3C2=NC4=C3C(=O)N(C)C(=O)N4C,3.32,O=c1[nH]c(=O)c2c(nc3n2CC=NN3CCNc2ccccc2)[nH]1
XS845071a,CC=1C=CC=C(C1C)N2CC(CC2=O)C(=O)NC=3C=CC(=CC3)S(=O)(=O)N4CCCC4,2.138,O=C(Nc1ccc(S(=O)(=O)N2CCCC2)cc1)C1CC(=O)N(c2ccccc2)C1
XS845073a,CNC(=O)CN(CC1CCN(C1)S(C)(=O)=O)C(=O)C2=CC=C(O2)C3=CC=CS3,0.522,O=C(NCC1CCNC1)c1ccc(-c2cccs2)o1
XS845093a,NC=1N=CC=NC1C(=O)NC2CCCC=3C=CC=CC32,2.874,O=C(NC1CCCc2ccccc21)c1cnccn1
XS845096a,O=C(C1CC=2C=CC=CC2S1)N3CCNC(=O)C3,2.392,O=C1CN(C(=O)C2Cc3ccccc3S2)CCN1
XS469608b,CC1=COC(C)=C1C(=O)N2CCCC2C=3C=CC=NC3,0.54,O=C(c1ccoc1)N1CCCC1c1cccnc1
XS693431b,CC(NC(=O)C1=CC=CO1)C=2C=CC=3OCOC3C2,0.642,O=C(NCc1ccc2c(c1)OCO2)c1ccco1
XS794653b,CN1CC(CCC1=O)NC=2C=NN(C)C(=O)C2Cl,0.54,O=C1CCC(Nc2cn[nH]c(=O)c2)CN1
XS836839b,CC(C=1C=NC=CN1)N2CC3(CC3)C=4C=CC=CC42,0.762,c1ccc2c(c1)N(Cc1cnccn1)CC21CC1
XS845094a,O=C(NC=1C=CC=NC1)NC(C=2C=CC=CC2)C3CC3,1.188,O=C(Nc1cccnc1)NC(c1ccccc1)C1CC1
XS845114a,CCN1CC(CC1=O)C(=O)NCCC=2C=CC(F)=CC2,0.78,O=C1CC(C(=O)NCCc2ccccc2)CN1
XS845108a,CC1CCCN(C1)C(=O)COC=2N=CN=C3C=CC=CC23,0.608,O=C(COc1ncnc2ccccc12)N1CCCCC1
XS841800b,CN1CC2CN(CCN2C1=O)C(=O)NC=3C=CC=CC3,1.136,O=C(Nc1ccccc1)N1CCN2C(=O)NCC2C1
XS845117a,O=C(C1=NNC=2CCCC12)N3CCCC3C=4C=CC=NC4,1.294,O=C(c1n[nH]c2c1CCC2)N1CCCC1c1cccnc1
XS837427b,CN1C=CSC1=NC(=O)C2COC=3C=CC=CC3O2,0.512,O=C(N=c1[nH]ccs1)C1COc2ccccc2O1
XS845126a,CC1=NOC=2N=CN=C(NC3CCCC=4C(O)=CC=CC43)C12,2.01,c1ccc2c(c1)CCCC2Nc1ncnc2oncc12
XS841103b,CC1=COC=C1C(=O)N2CCCC(CS(=O)(=O)F)C2,0.494,O=C(c1ccoc1)N1CCCCC1
XS845124a,CCN1C=C(C=N1)NC(C)C(=O)NC=2C=C(F)C=CC2C,0.59,O=C(CNc1cn[nH]c1)Nc1ccccc1
XS845128a,COCC(C)NC(=O)C1=CC=2C=C(C=C(OC)C2N1)OC,0.72,c1ccc2[nH]ccc2c1
XS845127a,O=C(NCCC=1C=CC=CC1)NC(C=2C=CC=CC2)C3CC3,0.562,O=C(NCCc1ccccc1)NC(c1ccccc1)C1CC1
XS837534b,COC=1N=C(C)C=C(CS(=O)(=O)C(CO)C(C)C)N1,0.83,c1cncnc1
XS845132a,O=C(CN1C=NN=N1)N2CCCC2C=3C=CC=C(Cl)C3,0.808,O=C(Cn1cnnn1)N1CCCC1c1ccccc1
XS638396b,CC1=NNC(C)=C1C2CCCN2C(=O)CC=3C=CC=C(F)C3,0.534,O=C(Cc1ccccc1)N1CCCC1c1cn[nH]c1
XS691076b,O=C(NC=1C=CC=NC1)C2CC(=O)N(C2)C=3C=CC=CC3F,2.35,O=C(Nc1cccnc1)C1CC(=O)N(c2ccccc2)C1
XS836616b,COCC(C)NC(=O)NC=1C=CC(=CC1)C2=NC(C)=CS2,0.358,c1ccc(-c2nccs2)cc1
XS845143a,O=C(NC=1C=CN=CC1)C=2C=CC=C(C2)OCC3CCCO3,1.01,O=C(Nc1ccncc1)c1cccc(OCC2CCCO2)c1
XS845136a,O=C(C1=CN=C(S1)C2CC2)N3CCCC(C3)N4C=CC=N4,0.398,O=C(c1cnc(C2CC2)s1)N1CCCC(n2cccn2)C1
XS837544b,COCC1=CC(=CS1)C=2C=CC=3OCC(CC3C2)C(=O)O,0.29,c1cc(-c2ccc3c(c2)CCCO3)cs1
XS723715b,CC1=NOC(CCCC(=O)N2CCCC2CN3C=CC=N3)=N1,0.4,O=C(CCCc1ncno1)N1CCCC1Cn1cccn1
XS845159a,CC(NC=1C=CC=2OCOC2C1)C(=O)N3CCC=4C=CC=CC43,0.826,O=C(CNc1ccc2c(c1)OCO2)N1CCc2ccccc21
XS841965b,CC(C(=O)NC1=NOC=2CCOCC12)C=3C=CC(F)=C(F)C3,0.304,O=C(Cc1ccccc1)Nc1noc2c1COCC2
XS845161a,O=C(C=1C=CN=C(C1)N2C=NC=N2)N3CCCC3C4CCCC4,0.932,O=C(c1ccnc(-n2cncn2)c1)N1CCCC1C1CCCC1
XS845154a,CC(OC(=O)C=1C2=CC=CC=C2N=C3CCCCCC13)C(N)=O,0.648,c1ccc2nc3c(cc2c1)CCCCC3
XS839313b,CN1C=C(N=N1)C=2C=CC=C(C2)NC3CCC=4C=CC(F)=CC43,0.39,c1cc(NC2CCc3ccccc32)cc(-c2c[nH]nn2)c1
XS840303b,COC(=O)C1=CC=2C(=NC=NC2N1C)NC(C)CC=3C=CNC3,0.55,c1nc(NCCc2cc[nH]c2)c2cc[nH]c2n1
XS837535b,CC1CCC2=NN=C(C3=CN(CC=4C=CC=CC4)N=N3)N2CC1,1.454,c1ccc(Cn2cc(-c3nnc4n3CCCCC4)nn2)cc1
XS838086b,CC(C1=NN=NN1C2CC2)S(=O)(=O)C=3N=CC=CC3Cl,0.44,O=S(=O)(Cc1nnnn1C1CC1)c1ccccn1
XS845170a,O=C(NC=1C=CC=CC1F)C2CCCN(C2)C(=O)N3CCCC3,0.668,O=C(Nc1ccccc1)C1CCCN(C(=O)N2CCCC2)C1
XS838371b,COC(=O)CCN1CCC(OC=2C=CC=C3OC(C)=NC23)C1=O,0.438,O=C1NCCC1Oc1cccc2ocnc12
XS839595b,CCC(C)(C)C1=NN=C(O1)N2CCC3=C(C=NN3C)C2C(N)=O,0.624,c1nnc(N2CCc3[nH]ncc3C2)o1
XS336862b,CNC(=O)C1CCCCN1C(=O)C2=NNC(=O)C=3C=CC=CC23,0.628,O=C(c1n[nH]c(=O)c2ccccc12)N1CCCCC1
XS665125b,CN1C=C(C=N1)CCNC(=O)N2CCCC2C=3C=CC(F)=CC3,0.57,O=C(NCCc1cn[nH]c1)N1CCCC1c1ccccc1
XS845171a,O=C(NC=1C=CC(F)=C(F)C1F)C2CC(=NO2)C=3C=CC=CC3,2.302,O=C(Nc1ccccc1)C1CC(c2ccccc2)=NO1
XS845169a,O=C(C1=CN(N=N1)C=2C=CC=CC2)N3CCCC3C=4C=CC=NC4,3.98,O=C(c1cn(-c2ccccc2)nn1)N1CCCC1c1cccnc1
XS838545b,CN1C(=CC=2C=C(Cl)C=CC21)C3=NN=C(NC4CCOC4)O3,0.386,c1ccc2[nH]c(-c3nnc(NC4CCOC4)o3)cc2c1
XS841592b,O=C(C1=CC=CC2=NN=CN12)N3CC4(CCCC4)C3C5=CC=CO5,1.206,O=C(c1cccc2nncn12)N1CC2(CCCC2)C1c1ccco1
XS836516b,CC=1C=C(F)C=C2C(NC(C)C=3C=CC=C(O)C3)=C(C#N)C=NC12,0.55,c1ccc(CNc2ccnc3ccccc23)cc1
XS845185a,CC(C)NC(=O)C1CC(=O)N(C1)C=2C=CC(Br)=CC2,1.196,O=C1CCCN1c1ccccc1
XS576457b,CC1=CSC=C1NC(=O)NCC2CCCC=3SC(C)=NC32,0.882,O=C(NCC1CCCc2scnc21)Nc1ccsc1
XS540656b,COC=1C=CC(=CC1)C(CCO)NC2=NC(CC(C)C)=NS2,0.662,c1ccc(CNc2ncns2)cc1
XS845182a,COC=1C=CC(=CC1OC)NC(=O)C2CC(=NO2)C=3C=CC=CC3,3.008,O=C(Nc1ccccc1)C1CC(c2ccccc2)=NO1
XS845184a,O=C(C1CC(=O)N(C1)C2CC2)N(CC3=CC=CO3)C=4C=CC=CN4,0.476,O=C(C1CC(=O)N(C2CC2)C1)N(Cc1ccco1)c1ccccn1
XS841070b,CN(CC1=CC=CO1)C(=O)COC(=O)CC(C)(O)C(F)(F)F,0.402,c1ccoc1
XS734383b,O=C(NC=1C=CC(F)=C(Cl)C1)C2CCCN(C2)C(=O)C3CC3,0.57,O=C(Nc1ccccc1)C1CCCN(C(=O)C2CC2)C1
XS838986b,CC(C)(C)CC1=NC=C(S1)C(=O)N2CCOC3(CCOC3)C2,0.714,O=C(c1cncs1)N1CCOC2(CCOC2)C1
XS749269b,CC1=NOC=2N=CC(=CC12)C(=O)NC(C)C=3C=CC=4OCOC4C3,1.206,O=C(NCc1ccc2c(c1)OCO2)c1cnc2oncc2c1
XS845186a,COCCS(=O)(=O)N(C)C(C)C=1C=CC(=CC1)N2C=NC=N2,2.954,c1ccc(-n2cncn2)cc1
XS845193a,CC(NC(=O)NCC1=NC=2C=CC=CC2S1)C=3C=CC=CC3F,4.308,O=C(NCc1ccccc1)NCc1nc2ccccc2s1
XS845188a,FC=1C=CC(=CC1)C2=NOC(CN3CCCC(C3)N4C=NC=N4)=N2,0.89,c1ccc(-c2noc(CN3CCCC(n4cncn4)C3)n2)cc1
XS845189a,CC=1C=NN(C1)CCC(=O)NC2CCN(C2=O)C=3C=CC=CC3F,2.598,O=C(CCn1cccn1)NC1CCN(c2ccccc2)C1=O
XS845199a,CC(C)C1=NOC(=N1)C(C)S(=O)(=O)CC=2C=CC=C(Cl)C2,1.018,O=S(=O)(Cc1ccccc1)Cc1ncno1
XS845200a,CC1=NN(C)C(C)=C1CC(=O)NC(C)C=2C=CC=C(C2)OC(C)C,0.532,O=C(Cc1cn[nH]c1)NCc1ccccc1
XS836585b,COC(=O)C1=C(C)NC(C(=O)NC2(C)CCS(=O)(=O)C2)=C1C,0.628,O=C(NC1CCS(=O)(=O)C1)c1ccc[nH]1
XS845210a,CCN1C=C(C=N1)NC(=O)NC(C)C=2C=C(OC)C(=CC2C)OC,0.962,O=C(NCc1ccccc1)Nc1cn[nH]c1
XS845207a,COC=1C=CC=CC1CN2C(=NC=3C=CC=CC32)C4CC(=O)N(C)C4,1.48,O=C1CC(c2nc3ccccc3n2Cc2ccccc2)CN1
XS845211a,CCN1C(=CN=C1SC(C)C(=O)NC(=O)NC)C=2C=CC=CC2,0.57,c1ccc(-c2cnc[nH]2)cc1
XS842679b,NC1=NC2=NC=3C=CC=CC3N2C(N1)C4=CN=C(S4)C5=CC=CO5,0.712,C1=Nc2nc3ccccc3n2C(c2cnc(-c3ccco3)s2)N1
XS796511b,CC(C)COC=1C=CC(=CC1)C(=O)OC(C)C(=O)NC2CCCC2,0.84,O=C(COC(=O)c1ccccc1)NC1CCCC1
XS582688b,O=C(C1CC=2C=C(Cl)C=CC2O1)N3CC(C3)C=4C=C(CO)ON4,0.598,O=C(C1Cc2ccccc2O1)N1CC(c2ccon2)C1
XS837073b,CC=1C=C(Br)C=NC1NC(=O)C2CCS(=O)(=O)C2,0.456,O=C(Nc1ccccn1)C1CCS(=O)(=O)C1
XS841088b,O=C(NC1C=CS(=O)(=O)C1)C2=CC3=C(N=C4C=CC=CN34)S2,3.944,O=C(NC1C=CS(=O)(=O)C1)c1cc2c(nc3ccccn32)s1
XS837172b,CCC1CN(C)C=2C=CC=CC2CN1S(=O)(=O)CC=3C=CON3,2.578,O=S(=O)(Cc1ccon1)N1CCNc2ccccc2C1
XS149405b,O=C(CCC1=NC=C(O1)C=2C=CC=CC2)NC3CCC=4C=CC=CC43,1.972,O=C(CCc1ncc(-c2ccccc2)o1)NC1CCc2ccccc21
XS841920b,N#CC1(CO)CC21CCN(CC2)C(=O)NC3(CCC3)C(F)(F)F,5.158,O=C(NC1CCC1)N1CCC2(CC1)CC2
XS834319b,O=C(C=1C=CN=CC1)N2CCCCC2C3=NC(=NO3)C=4C=CC=CC4,0.708,O=C(c1ccncc1)N1CCCCC1c1nc(-c2ccccc2)no1
XS845219a,CC=1N=C(C)N(N1)C2CCCN(C2)C(=O)C=3C=NN4C=CC(C)=NC34,1.282,O=C(c1cnn2cccnc12)N1CCCC(n2cncn2)C1
XS845216a,O=C(C1=CSC(=N1)C=2N=CC=CN2)N3CCCC(C3)N4C=CC=N4,0.598,O=C(c1csc(-c2ncccn2)n1)N1CCCC(n2cccn2)C1
XS840134b,CCC(OC=1C=CC=CC1C)C(=O)OC=2C=CC(=CC2)N3C=NN=N3,1.908,O=C(COc1ccccc1)Oc1ccc(-n2cnnn2)cc1
XS627411b,CCN1CCC(NC(=O)C2=CC=3SC(=NC3S2)N(C)C)C1=O,1.552,O=C(NC1CCNC1=O)c1cc2scnc2s1
XS838534b,O=C(O)C=1C=NN2C(=CC=CC12)C=3C=CC=CC3OCC4CCOC4,0.852,c1ccc(-c2cccc3ccnn23)c(OCC2CCOC2)c1
XS842586b,CN1C=C(C=N1)N2CC(CC2=O)C(=O)NC=3C=CC=4COCCC4C3,3.63,O=C(Nc1ccc2c(c1)CCOC2)C1CC(=O)N(c2cn[nH]c2)C1
XS839895b,[O-][N+](=O)C=1C(=CC=C2N=CC=CC12)N3CCCC(CC3)N4C=CN=N4,3.316,c1cnc2ccc(N3CCCC(n4ccnn4)CC3)cc2c1
XS845222a,CCOC=1N=CC=CC1C(=O)OC(C)C(=O)N2CCC=3C=CC=CC32,3.276,O=C(OCC(=O)N1CCc2ccccc21)c1cccnc1
XS839926b,COC(=O)C=1C=NC(=C(C1)[N+]([O-])=O)N2CCOC=3C=CC=CC3C2C,0.968,c1ccc(N2CCOc3ccccc3C2)nc1
XS722954b,COC=1C=CC(C)=CC1N2CC(CC2=O)C(=O)NC3=CC(C)=NN3C,1.93,O=C(Nc1ccn[nH]1)C1CC(=O)N(c2ccccc2)C1
XS620072b,CN1N=CC=C1C2CCCCN2S(=O)(=O)C=3C=CC(F)=CC3F,0.374,O=S(=O)(c1ccccc1)N1CCCCC1c1ccn[nH]1
XS845233a,CC(NC(=O)C=1C=NN2C(=CC=NC12)C=3C=CC=CC3)C=4C=CN=CC4,0.91,O=C(NCc1ccncc1)c1cnn2c(-c3ccccc3)ccnc12
XS839472b,CS(=O)(=O)C1CCN(C2=NC=3N=CC(Cl)=CC3O2)C4(CC4)C1,1.024,c1cnc2nc(N3CCCCC34CC4)oc2c1
XS632468b,COC=1C=C(C=CC1C)CC(=O)N2CCOCC2C=3C(C)=NNC3C,0.396,O=C(Cc1ccccc1)N1CCOCC1c1cn[nH]c1
XS840829b,CCCCN(C)S(=O)(=O)N1CCCC(C1)C2=NN=CN2C(C)C,0.4,c1nnc(C2CCCNC2)[nH]1
XS845231a,CC(NC(=O)CNC(=O)C12CC3CC(CC(C3)C2)C1)C=4C=CN=CC4,0.616,O=C(CNC(=O)C12CC3CC(CC(C3)C1)C2)NCc1ccncc1
XS498975b,CC1=NC(C#N)=C(NCC(C=2C=CC=CC2Cl)N3CCOCC3)O1,0.342,c1ccc(C(CNc2cnco2)N2CCOCC2)cc1
XS845245a,CC1=CC(=NO1)C2CCCN2C(=O)C3=CC=C(NC3=O)C=4C=CC=CC4,1.014,O=C(c1ccc(-c2ccccc2)[nH]c1=O)N1CCCC1c1ccon1
XS796967b,CC=1C=CC=2CC(SC2C1)C(=O)N3CCC(CC3)N4CCNC4=O,1.006,O=C(C1Cc2ccccc2S1)N1CCC(N2CCNC2=O)CC1
XS845246a,CC(C)OC=1N=CC(=CC1Cl)C(=O)N2CCCC2C=3C=CN=CC3,0.76,O=C(c1cccnc1)N1CCCC1c1ccncc1
XS845248a,CC1=NC(=NO1)C2CCCN(C2)C=3N=CC(=CC3Cl)C(F)(F)F,0.69,c1ccc(N2CCCC(c3ncon3)C2)nc1
XS387910b,CC1(CCS(=O)(=O)C1)NC(=O)CCC2=CC=C(O2)C=3C=CC=CC3,0.72,O=C(CCc1ccc(-c2ccccc2)o1)NC1CCS(=O)(=O)C1
XS845254a,COC=1C=CC(=CC1)N2CC(CC2=O)C(=O)NC=3C=CC=C(C3)SC,6.71,O=C(Nc1ccccc1)C1CC(=O)N(c2ccccc2)C1
XS841068b,CC(C1=NC(=NO1)C=2C=CC=CC2)N3CCC=4N=CC(=CC4C3)[N+]([O-])=O,0.952,c1ccc(-c2noc(CN3CCc4ncccc4C3)n2)cc1
XS740189b,COC=1C=CC=CC1N2CC(CC2=O)C(=O)NC=3C=CC=4OCCC4C3,4.672,O=C(Nc1ccc2c(c1)CCO2)C1CC(=O)N(c2ccccc2)C1
XS845260a,COC=1C=CC=CC1N(C)CC(=O)N2C=3C=CC=CC3NC(=O)CC2C,1.638,O=C1CCN(C(=O)CNc2ccccc2)c2ccccc2N1
XS746077b,CC(C)CN1C=C(C(=N1)C(=O)NC2CCOC=3C=CC=CC32)C(F)F,0.456,O=C(NC1CCOc2ccccc21)c1cc[nH]n1
XS845264a,O=C(NC1CC1)C2CCCN(C2)C(=O)C3=CSC(=N3)C=4C=CC=CC4,2.2,O=C(NC1CC1)C1CCCN(C(=O)c2csc(-c3ccccc3)n2)C1
XS845263a,NC(=O)C1CN(CC=2C=CC=CC21)C(=O)C3=CNC=4C(Cl)=CC=CC34,0.696,O=C(c1c[nH]c2ccccc12)N1CCc2ccccc2C1
XS739347b,CC1CN(C(=O)C2=CN=C(S2)C=3C=CC=CN3)C=4C=CC(F)=CC4O1,1.682,O=C(c1cnc(-c2ccccn2)s1)N1CCOc2ccccc21
XS492835b,O=C(C=1C=C(N=C2C=CC=CC12)C3CC3)N4CCOCC4C=5N=CON5,1.05,O=C(c1cc(C2CC2)nc2ccccc12)N1CCOCC1c1ncon1
XS138310b,CC=1C=C(C(=O)OCC(=O)N2C=3C=CC=CC3CC2C)C4=CC=CC=C4N1,10.402,O=C(OCC(=O)N1CCc2ccccc21)c1ccnc2ccccc12
XS838017b,CC(C)CC(=O)N1CCCC(C1)NC(=O)C=2C=C3C=C(Cl)C=CN3N2,0.616,O=C(NC1CCCNC1)c1cc2ccccn2n1
XS837423b,CC1=NOC(C)=C1C(C)C(=O)N2CCC=3NC=4C=CC(Cl)=CC4C3C2,2.282,O=C(Cc1cnoc1)N1CCc2[nH]c3ccccc3c2C1
XS845273a,CC(CCNC(=O)CN1N=C(C=CC1=O)C=2C=CC=CC2)C=3C=CC=CC3,0.566,O=C(Cn1nc(-c2ccccc2)ccc1=O)NCCCc1ccccc1
XS839334b,COC=1C=CC(=CC1OC)C2CCCN(C2)C3=NN=C4C=C(C#N)C=CN34,0.446,c1ccc(C2CCCN(c3nnc4ccccn34)C2)cc1
XS837036b,N#CC=1N=CC=NC1NCC2CN(CCO2)C(=O)C=3C=CC4=NON=C4C3,1.648,O=C(c1ccc2nonc2c1)N1CCOC(CNc2cnccn2)C1
XS845278a,COC=1C=CC=CC1CC(=O)N(CC=2C=CC=CC2)C3CCS(=O)(=O)C3,1.984,O=C(Cc1ccccc1)N(Cc1ccccc1)C1CCS(=O)(=O)C1
XS059092c,CCC=1C=CC=CC1NC(=O)CN(C)C(C)C(=O)NC=2C=CC=CC2OC,1.126,O=C(CNCC(=O)Nc1ccccc1)Nc1ccccc1
XS845277a,CC=1C=CC=C(C1)NC(=O)CC(NC(N)=O)C=2C=CC=C(Br)C2,0.604,O=C(CCc1ccccc1)Nc1ccccc1
XS332937b,CC=1C=C(N(C)N1)N2CCCC(NC=3N=CN=C4C=C(F)C(F)=CC34)C2=O,3.254,O=C1C(Nc2ncnc3ccccc23)CCCN1c1ccn[nH]1
XS837193b,CC1(C)CN(CC2(CCCOC2)O1)C=3C=CC(=C(C3)C(F)(F)F)[N+]([O-])=O,0.794,c1ccc(N2CCOC3(CCCOC3)C2)cc1
XS845276a,COC(=O)C=1C=CC(=CC1)C(=O)N2CCCC2C=3C=CC(OC)=C(C3)OC,1.818,O=C(c1ccccc1)N1CCCC1c1ccccc1
XS845282a,CC(C)N1CC(CC1=O)C(=O)NC2=NC=3C=CC=CC3N2C4CCCCC4,1.144,O=C1CC(C(=O)Nc2nc3ccccc3n2C2CCCCC2)CN1
XS838953b,CC1=NN(CC(F)(F)F)C(C)=C1C(C)NC(=O)C2=NNC=3NCCCC23,0.568,O=C(NCc1cn[nH]c1)c1n[nH]c2c1CCCN2
XS836500b,CC1=NN2C=CC=NC2=C1C=3C=CC=C4C(=O)N(CC34)C5CCC(=O)NC5=O,2.592,O=C1CCC(N2Cc3c(cccc3-c3cnn4cccnc34)C2=O)C(=O)N1
DR003313b,NC(=O)C1CCCN(C1)C=2C=CC(=CC2)C(=O)NCC=3C=CC(Cl)=CC3,1.43,O=C(NCc1ccccc1)c1ccc(N2CCCCC2)cc1
XS845285a,CCC1=C(C=NN1CC=2C=CC=CC2)C(=O)NC3CCCOC=4C=CC=CC43,0.96,O=C(NC1CCCOc2ccccc21)c1cnn(Cc2ccccc2)c1
XS838644b,CC=1C=CC=C(C1)N2CCCC(NC=3C=CC=4CS(=O)(=O)CC4C3)C2=O,1.28,O=C1C(Nc2ccc3c(c2)CS(=O)(=O)C3)CCCN1c1ccccc1
XS838717b,CC1CN(CCN1C(=O)C2=CC(=O)C=3C=CC(F)=CC3O2)S(C)(=O)=O,0.68,O=C(c1cc(=O)c2ccccc2o1)N1CCNCC1
XS845291a,CCOC(=O)CC1=CSC(=N1)NC(=O)C2CC(=O)NC=3C=C(F)C=CC32,0.586,O=C1CC(C(=O)Nc2nccs2)c2ccccc2N1
XS845287a,COC=1C=C(C=CC1OC(F)F)C(=O)OC(C)C(=O)N(C)C=2C=CC=CC2,0.36,O=C(COC(=O)c1ccccc1)Nc1ccccc1
XS845300a,CC(C)C(NC(=O)COC=1C=CC=CC1C#N)C=2C=CC=3OCCCOC3C2,0.482,O=C(COc1ccccc1)NCc1ccc2c(c1)OCCCO2
XS839644b,CN1C=C(C=N1)N2CCC(NS(=O)(=O)CC=3C=C(Cl)C=CC3F)C2=O,1.036,O=C1C(NS(=O)(=O)Cc2ccccc2)CCN1c1cn[nH]c1
XS845297a,COC=1C=CC(OC)=C(C1)NC(=O)C(C)NC=2C=CC(=CC2)N3CCCC3=O,1.106,O=C(CNc1ccc(N2CCCC2=O)cc1)Nc1ccccc1
XS842242b,CN1C(=O)C=2C=C(C(=O)NCC3CCCO3)N(CC4=CC=CO4)C2N(C)C1=O,0.956,O=C(NCC1CCCO1)c1cc2c(=O)[nH]c(=O)[nH]c2n1Cc1ccco1
XS845299a,CC=1OC(=NC1C(=O)NC2CCN(CC=3C=CC=CC3)C2=O)C4=CC=CS4,0.938,O=C(NC1CCN(Cc2ccccc2)C1=O)c1coc(-c2cccs2)n1
XS719276b,CC1=NC2=CC(O)=NN2C(C)=C1CCC(=O)NC3CCCCC=4C=CC=CC43,1.158,O=C(CCc1cnc2ccnn2c1)NC1CCCCc2ccccc21
XS837675b,COC=1C=C(C(=CC1C)S(=O)(=O)N(C)C(C)C(=O)NC(C)(C)C)C(C)C,0.896,c1ccccc1
XS845302a,CC(NC(=O)C=1C=CC=C(C1)CS(N)(=O)=O)C23CC4CC(CC(C4)C3)C2,0.666,O=C(NCC12CC3CC(CC(C3)C1)C2)c1ccccc1
XS845298a,CC1=C(OC=2C(F)=CC=CC12)C(=O)N3CCN(CC3)C4CCS(=O)(=O)C4,9.628,O=C(c1cc2ccccc2o1)N1CCN(C2CCS(=O)(=O)C2)CC1
XS845296a,CC1=NN(C(C)=C1C(=O)NC(C)C=2C=CC=3OCCOC3C2)C=4C=CC=CC4,0.494,O=C(NCc1ccc2c(c1)OCCO2)c1cnn(-c2ccccc2)c1
XS842087b,CC1CC=2C=C(C=CC2N1S(C)(=O)=O)C(=O)NC=3C=CC(=NC3)N4C=NC=N4,0.5,O=C(Nc1ccc(-n2cncn2)nc1)c1ccc2c(c1)CCN2
XS845309a,CCCS(=O)(=O)N1CCCC(C1)C(=O)NCCOC=2C=CC(Cl)=CC2,0.694,O=C(NCCOc1ccccc1)C1CCCNC1
XS837490b,CC=1OC(=NC1C(=O)N2CC(CC=3C=CC=CC32)N4C=CC=N4)C5=CC=CS5,0.364,O=C(c1coc(-c2cccs2)n1)N1CC(n2cccn2)Cc2ccccc21
XS679677b,COC=1C=CC2=NC(=CC=C2C1)C(=O)N3CCCC3C=4C=CC(OC)=C(C4)OC,1.05,O=C(c1ccc2ccccc2n1)N1CCCC1c1ccccc1
XS845310a,O=C(O)CCC(=O)N1N=C(CC1C=2C=CC(Br)=CC2)C3=CC=CO3,1.264,c1ccc(C2CC(c3ccco3)=NN2)cc1
XS836647b,CC=1C=C(C=CC1OC2CCOC2)C=3C=CC(=CC3)OCCN4CCNC(=O)C4,2.112,O=C1CN(CCOc2ccc(-c3ccc(OC4CCOC4)cc3)cc2)CCN1
XS837315b,COC=1C=CC=C2CCN(CCC12)C(=O)NC(C3=NC(C)=CS3)C(F)(F)F,0.322,O=C(NCc1nccs1)N1CCc2ccccc2CC1
XS845305a,CC(NC1=NS(=O)(=O)C=2C=CC=CC12)C(=O)OCCOC=3C=CC(F)=CC3,0.566,O=C(CNC1=NS(=O)(=O)c2ccccc21)OCCOc1ccccc1
XS504017b,CC1=NN2CC(CCC2=N1)NC(=O)C=3C=CC=C(C3)S(=O)(=O)N(C)C(C)C,0.38,O=C(NC1CCc2ncnn2C1)c1ccccc1
XS836805b,O=C(CNC(=O)NC1CCCC=2C=C(C=CC21)OC(F)F)NCC3=CC=CO3,0.382,O=C(CNC(=O)NC1CCCc2ccccc21)NCc1ccco1
XS845316a,CCN(CC)S(=O)(=O)C=1C=C(C=CC1C)NC(=O)C2COC=3C=CC=CC3C2,2.292,O=C(Nc1ccccc1)C1COc2ccccc2C1
XS845314a,COC=1C=CC=CC1N2CC(CC2=O)C3=NC=4C=CC=CC4N3CC=5C=CC(C)=CC5,2.932,O=C1CC(c2nc3ccccc3n2Cc2ccccc2)CN1c1ccccc1
XS845330a,COC=1C=CC=C(C1)COCC(=O)N(CC2=CC=CS2)C3CCS(=O)(=O)C3,1.384,O=C(COCc1ccccc1)N(Cc1cccs1)C1CCS(=O)(=O)C1
XS845331a,CS(=O)(=O)N1N=C(CC1C=2C=CC(Br)=CC2)C=3C=CC=4OCOC4C3,1.774,c1ccc(C2CC(c3ccc4c(c3)OCO4)=NN2)cc1
XS845333a,CN1N=CC2=C1CCCC2NC(=O)N3CCN(CC3)C(=O)CC4=CNC=5C=CC=CC45,1.34,O=C(Cc1c[nH]c2ccccc12)N1CCN(C(=O)NC2CCCc3[nH]ncc32)CC1
XS845322a,O=C(NC=1C=CC=C(C1)S(=O)(=O)N2CCCC2)C3CC(=O)NC=4C=C(F)C=CC43,0.804,O=C1CC(C(=O)Nc2cccc(S(=O)(=O)N3CCCC3)c2)c2ccccc2N1
XS842683b,COC=1C=C2N=C(NCC3CCCO3)N4N=C(N=C4C2=CC1OC)C=5C=CC=NC5,5.376,c1cncc(-c2nc3c4ccccc4nc(NCC4CCCO4)n3n2)c1
XS836895b,CC(=O)N1CCSC=2C=CC(=CC21)NC(=O)C(=O)NC(C)C=3C=CN=C(O)C3,1.628,O=C(NCc1ccncc1)C(=O)Nc1ccc2c(c1)NCCS2
XS842238b,CCC=1C=CC(=CC1)C2NC=3C=C(Cl)C(=CC3S(=O)(=O)N2)S(N)(=O)=O,0.432,O=S1(=O)NC(c2ccccc2)Nc2ccccc21
XS845335a,CC=1C=CC(=CC1C)S(=O)(=O)N2CCC(CC2)C(=O)N3CCC=4SC=CC4C3C,1.184,O=C(C1CCN(S(=O)(=O)c2ccccc2)CC1)N1CCc2sccc2C1
XS840173b,CS(=O)(=NC(=O)C1=COC(=N1)C(F)(F)F)C2CCN(CC2)C=3N=CC(Cl)=CN3,0.762,O=C(N=[SH](=O)C1CCN(c2ncccn2)CC1)c1cocn1
XS845348a,NC(=O)NC(CC(=O)N1CCC(CC1)C(=O)NC=2C=CC=CC2)C=3C=CC(Cl)=CC3,1.024,O=C(Nc1ccccc1)C1CCN(C(=O)CCc2ccccc2)CC1
XS005478d,CCCN1C(=O)N(CC(=O)N2CCCC2C=3C=CC(=CC3OC)OC)C=4C=CC=CC41,0.878,O=C(Cn1c(=O)[nH]c2ccccc21)N1CCCC1c1ccccc1
XS839674b,CN1N=CC=C1C2CCCCN2C=3C=CC(=CC3[N+]([O-])=O)S(=O)(=O)N4CCOCC4,0.824,O=S(=O)(c1ccc(N2CCCCC2c2ccn[nH]2)cc1)N1CCOCC1
XS845337a,CC1=NN(C(C)=C1S(=O)(=O)N(C)CC2=CC=CO2)C(C)C(=O)N3CCC(CC=4C=CC=CC4)CC3,1.322,O=C(Cn1cc(S(=O)(=O)NCc2ccco2)cn1)N1CCC(Cc2ccccc2)CC1
XS845342a,CCC=1C=CC(=CC1)N2CC(CC2=O)C(=O)NC=3C=CC(C)=C(C3)S(=O)(=O)N(C)C,6.214,O=C(Nc1ccccc1)C1CC(=O)N(c2ccccc2)C1
XS845345a,O=C(C=1C=CC=C2C(=O)N(CC12)C3CCC(=O)NC3=O)N4CC=C(CC4)C5=CNC=6C=CC=CC56,2.314,O=C1CCC(N2Cc3c(C(=O)N4CC=C(c5c[nH]c6ccccc56)CC4)cccc3C2=O)C(=O)N1
XS837001b,C#CC=1C=C(NC(=O)C2CC2(C)C)N(C)N1,2.296,O=C(Nc1ccn[nH]1)C1CC1
XS845356a,O=C(NC=1C=CC=CC1)C2COCCO2,1.014,O=C(Nc1ccccc1)C1COCCO1
XS663784b,CC=1C=CC=C(C1)C(=O)NC2CCC(=O)NC2=O,0.516,O=C1CCC(NC(=O)c2ccccc2)C(=O)N1
XS845353a,CC1(C)CCC1NC(=O)C2=CC=CN3N=CC=C23,0.752,O=C(NC1CCC1)c1cccn2nccc12
XS840326b,CCOC(=O)C(C)NC=1C=CC(Cl)=CC1,0.526,c1ccccc1
XS845352a,CCOC=1C=CC=CC1NC(=O)C2CCCO2,0.712,O=C(Nc1ccccc1)C1CCCO1
XS836865b,COC(=O)C1CC=2C(O)=CC=CC2N1,0.502,c1ccc2c(c1)CCN2
XS840385b,CCC(C)NC(=O)C1=CC=2C=CC=CC2OC1=O,0.4,O=c1ccc2ccccc2o1
DR000451d,N#CC=1C=CN=CC1N2CCCC(C2)N3CCNC3=O,0.512,O=C1NCCN1C1CCCN(c2cccnc2)C1
XS839391b,COC(=O)C=1C=C(C)N=C(N1)N2CCC2C(C)(C)F,0.588,c1cnc(N2CCC2)nc1
XS845361a,CN1C=C(C(=O)NC2CCN(C)C2=O)C(=N1)C(F)F,1.042,O=C(NC1CCNC1=O)c1cn[nH]c1
XS435294b,CC1=CN2N=C(SC2=N1)N3CCCC(C3)C(N)=O,0.806,c1cn2nc(N3CCCCC3)sc2n1
XS845365a,CC1CC=2C=CC=CC2N1C(=O)C=3C=CC(=O)N(C)N3,2.644,O=C(c1ccc(=O)[nH]n1)N1CCc2ccccc21
XS845363a,CC1=NN(C(C)=C1C)C(C)CC(=O)NC=2C=CC=NC2,0.652,O=C(CCn1cccn1)Nc1cccnc1
XS845373a,CC=1C=CC=CC1C2=NN=C(O2)SC3CCOC3=O,0.846,O=C1OCCC1Sc1nnc(-c2ccccc2)o1
XS845376a,CCNC1=NC(=CS1)C(=O)N2CC(=O)N(C)C(C)C2,0.496,O=C1CN(C(=O)c2cscn2)CCN1
XS402087b,CC(NC(=O)C=1C=CC(C#N)=CC1)C=2C=CC(Cl)=CC2,1.164,O=C(NCc1ccccc1)c1ccccc1
XS845369a,CC(SC=1C=CC=CN1)C(=O)NCC2=CC=CS2,0.306,O=C(CSc1ccccn1)NCc1cccs1
XS836686b,CC1=NOC(C)=C1C(C)NC2=NOC(=N2)C=3C=CC=CC3,3.158,c1ccc(-c2nc(NCc3cnoc3)no2)cc1
XS845374a,CC(NC(=O)COC=1C=CC=CC1C#N)C=2C=CC=CC2,0.73,O=C(COc1ccccc1)NCc1ccccc1
XS712256b,CC=1C=CC(=C(F)C1)N2CC(CC2=O)C(=O)NC(C)C,2.498,O=C1CCCN1c1ccccc1
XS839239b,CN(C)C(=O)C1CCN1C(=O)C=2C=CC=C3CCNC23,1.624,O=C(c1cccc2c1NCC2)N1CCC1
XS845391a,CC=1C=CC=C(C1)C(=O)N2C=3C=CC=CC3NC(=O)CC2C,0.706,O=C1CCN(C(=O)c2ccccc2)c2ccccc2N1
XS520318b,CCN1CC(CC1=O)C(=O)NC=2C=CSC2C(=O)OC,0.952,O=C1CC(C(=O)Nc2ccsc2)CN1
XS505177b,NC(=O)C=1C=CC(=CC1)NC(=O)C2CCC=3N=CN=CC3C2,0.836,O=C(Nc1ccccc1)C1CCc2ncncc2C1
XS799368b,CC1CC=2C=CC=CC2N1C(=O)C=3C=CC=C(C3)NC(N)=O,0.45,O=C(c1ccccc1)N1CCc2ccccc21
XS155662b,CC=1C=CC(C)=C(C1)NC(C(=O)NC2CC2)C=3C=CC=CC3,1.184,O=C(NC1CC1)C(Nc1ccccc1)c1ccccc1
XS389451b,O=C(NCC1CCS(=O)(=O)C1)C2=CC=3C=CC=CC3N2,0.658,O=C(NCC1CCS(=O)(=O)C1)c1cc2ccccc2[nH]1
XS845389a,COC=1C=CC(=CN1)NC(=O)NC(CO)C=2C=CC=CC2,1.672,O=C(NCc1ccccc1)Nc1cccnc1
XS632453b,CCN1N=C(C)C(C(=O)NC2CCC3=NC(C)=NN3C2)=C1C,0.468,O=C(NC1CCc2ncnn2C1)c1cn[nH]c1
XS845397a,NC(=O)C(NC(=O)CCOC=1C=CC=CC1)C=2C=CC=CC2,0.586,O=C(CCOc1ccccc1)NCc1ccccc1
XS839465b,CC=1N=C(OC1C#N)N2CCC=3C=CC(Cl)=C(F)C3C2C,0.69,c1ccc2c(c1)CCN(c1ncco1)C2
XS587258b,CN1C=CN=C1C2CCN(C2)C(=O)NCC=3C=CC(F)=CN3,16.104,O=C(NCc1ccccn1)N1CCC(c2ncc[nH]2)C1
XS525933b,CC=1NN=CC1C(=O)N2CCCC2C=3C=CC=4OCOC4C3,0.994,O=C(c1cn[nH]c1)N1CCCC1c1ccc2c(c1)OCO2
XS845394a,CC1=CSC(=N1)C2CCCCN2C(=O)C=3C=NC(C)=CN3,0.642,O=C(c1cnccn1)N1CCCCC1c1nccs1
XS845404a,CC1=CC(C(=O)NC(C)C2CC2)=C(C)N1CC3=CC=CS3,0.318,O=C(NCC1CC1)c1ccn(Cc2cccs2)c1
XS845396a,CN1CCCC2(CCN(C2)C3=NC=4C=CC=CC4S3)C1=O,1.498,O=C1NCCCC12CCN(c1nc3ccccc3s1)C2
XS845414a,COC=1C=CC2=C(C1)NC(=O)C32NC(=O)C=4C=CC=C(C)C4N3,4.702,O=C1NC2(Nc3ccccc31)C(=O)Nc1ccccc12
XS845416a,CCN(C(=O)C=1C=C(Cl)C=C(Cl)C1)C2CC(=O)NC2=O,1.704,O=C1CC(NC(=O)c2ccccc2)C(=O)N1
XS845405a,CCN1C(=NC=2C=CC=CC21)C(C)NC(=O)CC=3C=CC=CC3,0.578,O=C(Cc1ccccc1)NCc1nc2ccccc2[nH]1
XS555465b,CC1(CCCC1)NC(=O)C2CCS(=O)(=O)C=3C=CC=CC32,0.516,O=C(NC1CCCC1)C1CCS(=O)(=O)c2ccccc21
XS845418a,O=C(C1=CC=2CCCCC2S1)N3CCCC(C3)N4C=CC=N4,0.59,O=C(c1cc2c(s1)CCCC2)N1CCCC(n2cccn2)C1
XS838358b,CC1=NOC(COC=2C=CC(=CN2)C(=O)OC3CCNC3=O)=N1,0.74,O=C(OC1CCNC1=O)c1ccc(OCc2ncno2)nc1
XS839882b,CC(NC=1C=C2NC(=O)OC2=CC1Cl)C3=NN=NN3C4CC4,0.448,O=c1[nH]c2cc(NCc3nnnn3C3CC3)ccc2o1
XS708576b,CC=1N=C(CC2CC2)SC1C(=O)NC3COC=4C=CC=CC43,0.698,O=C(NC1COc2ccccc21)c1cnc(CC2CC2)s1
XS443766b,O=C(O)C1CN(C(=O)C=2C=C(Cl)C=CC2F)C=3C=CC=CC31,0.318,O=C(c1ccccc1)N1CCc2ccccc21
XS845423a,COCC1=C(OC=2C=CC=CC12)C(=O)NC(C)C3=CC=CS3,0.688,O=C(NCc1cccs1)c1cc2ccccc2o1
XS845426a,O=C(NC1CC1)C(C=2C=CC=CC2)N3N=NC(=N3)C=4C=CC=CC4,1.542,O=C(NC1CC1)C(c1ccccc1)n1nnc(-c2ccccc2)n1
XS838044b,CN1N=CC=2C(=NC=NC21)NC=3C=CC(=CC3)OC4CC4(F)F,1.578,c1nc(Nc2ccc(OC3CC3)cc2)c2cn[nH]c2n1
XS475765b,CC=1C=C(NC(=O)NC2CCCN(C2)C=3C=CC=CC3F)ON1,3.828,O=C(Nc1ccno1)NC1CCCN(c2ccccc2)C1
XS066774c,CC1CN(C2=NC3=C(C(=O)NC(=O)N3C)N2C1)C4CCCCC4,0.344,O=c1[nH]c(=O)c2c(nc3n2CCCN3C2CCCCC2)[nH]1
XS838039b,O=C(NCCN1C=2C=CC=CC2C=3C=CC=CC31)N4CCC4CO,1.02,O=C(NCCn1c2ccccc2c2ccccc21)N1CCC1
XS836956b,O=C(NC1=NN=CS1)C2CC(=O)N(C2)C=3C=CC(F)=C(F)C3,4.878,O=C(Nc1nncs1)C1CC(=O)N(c2ccccc2)C1
XS845433a,CC1=CC(=O)N2N=C(NCCCOCC3CCCO3)SC2=N1,1.012,O=c1ccnc2sc(NCCCOCC3CCCO3)nn12
XS821920b,O=C(NCC=1C=CC=NC1N2C=CC=N2)C3CC(=O)N(C3)C4CC4,1.014,O=C(NCc1cccnc1-n1cccn1)C1CC(=O)N(C2CC2)C1
XS845435a,O=C(NC=1C=CC=CC1F)NC(C=2C=CC=CC2)C=3C=CN=CC3,0.516,O=C(Nc1ccccc1)NC(c1ccccc1)c1ccncc1
XS845432a,CNC(=O)CN1C=2C=CC=CC2C(=O)N(C)C1C=3C=CC=CC3O,1.89,O=C1NC(c2ccccc2)Nc2ccccc21
XS575856b,O=S(=O)(C=1C=CC(F)=CC1)N2CCC(O)(CN3C=CN=N3)C2,0.65,O=S(=O)(c1ccccc1)N1CCC(Cn2ccnn2)C1
XS837271b,CCOC(=O)C1=CCC(C1)NC(=O)C=2C(F)=CC=C3OCOC23,1.164,O=C(NC1CC=CC1)c1cccc2c1OCO2
XS409704b,CC1CCCC2=NC(=CN21)S(=O)(=O)N(C)C=3N=CC=CC3F,0.536,O=S(=O)(Nc1ccccn1)c1cn2c(n1)CCCC2
XS845436a,CC1=NNC(C)=C1C2NC=3C=CC=CC3C(=O)N2CC4=CC=CO4,1.046,O=C1c2ccccc2NC(c2cn[nH]c2)N1Cc1ccco1
XS841655b,CC1CN(CC=2C=C(Cl)C=C3COCOC23)C4(COC4)CO1,0.776,c1cc2c(c(CN3CCOCC34COC4)c1)OCOC2
XS845430a,COC(=O)CCCNC(=O)C=1C=CC(=CC1)OCC2CCCO2,0.898,c1ccc(OCC2CCCO2)cc1
XS841109b,CC=1N=C2C(F)=CC=CC2=CC1C(=O)NC(C)CS(=O)(=O)F,0.478,c1ccc2ncccc2c1
XS845442a,O=C(CCCC=1C=CC=CC1)N2CCCC(C2)C(=O)NCC3CC3,0.526,O=C(NCC1CC1)C1CCCN(C(=O)CCCc2ccccc2)C1
XS845440a,CC(NC=1C=CC(=CC1)NC(=O)C2=CC=CO2)C(=O)N3CCCC3,0.556,O=C(Nc1ccc(NCC(=O)N2CCCC2)cc1)c1ccco1
XS558408b,COC=1C=CC=C2C1CCC2(N)C(=O)NCC=3C(C)=NN(C)C3C,3.16,O=C(NCc1cn[nH]c1)C1CCc2ccccc21
XS845441a,COC=1C=C(C=C(Cl)C1OC)C(=O)N2C=3C=CC=CC3CC2C,1.294,O=C(c1ccccc1)N1CCc2ccccc21
XS845439a,O=C(C=1C=CC=C(F)C1)N2CCCC2C=3C=CC=4OCCOC4C3,1.46,O=C(c1ccccc1)N1CCCC1c1ccc2c(c1)OCCO2
XS845449a,CC(C)C1=NC=CN1C2CCCN(C2)C(=O)C=3C=C(ON3)C4CC4,3.16,O=C(c1cc(C2CC2)on1)N1CCCC(n2ccnc2)C1
XS802123b,CSC=1C=CC(=CC1)N2CC(CC2=O)C(=O)NC(C)(C)C(N)=O,1.128,O=C1CCCN1c1ccccc1
XS837943b,CN1CC2(CCN(CC2)S(=O)(=O)C3CCOC3)C=4C=CC=CC41,0.382,O=S(=O)(C1CCOC1)N1CCC2(CC1)CNc1ccccc12
XS841026b,O=C1CC2(CC2)C(CN3C=NC4=C(N=CN4C=5C=CC=CC5)C3=O)O1,2.062,O=C1CC2(CC2)C(Cn2cnc3c(ncn3-c3ccccc3)c2=O)O1
XS845450a,CC1=CC=C(O1)C2=CC=C(S2)C(=O)N3CCCCC3CC(N)=O,0.804,O=C(c1ccc(-c2ccco2)s1)N1CCCCC1
XS717769b,COC=1C=CC=CC1CNC(=O)C(C)SC2=NC(N)=CC(C)=N2,0.986,O=C(CSc1ncccn1)NCc1ccccc1
XS845456a,CN(C(=O)C=1C=CC=C(C1)N2CCNC2=O)C3CCC=4C=CC=CC43,0.376,O=C(NC1CCc2ccccc21)c1cccc(N2CCNC2=O)c1
XS845448a,COC=1C=CC(=CC1)NC(=O)N2CCN(CC2)C(=O)C3CCCO3,0.754,O=C(Nc1ccccc1)N1CCN(C(=O)C2CCCO2)CC1
XS839047b,FC=1C=CC(=CC1)CN2C=C(C=N2)OCC3CC4(CCOCC4)O3,0.324,c1ccc(Cn2cc(OCC3CC4(CCOCC4)O3)cn2)cc1
XS839653b,O=C(O)C1CCN2C(=NN=C2C1)C=3SC=4C=CC=CC4C3Cl,0.672,c1ccc2sc(-c3nnc4n3CCCC4)cc2c1
XS845451a,CC(OC(=O)C=1C=CC(=O)N(C1)CC=2C=CC=CC2Cl)C(N)=O,0.756,O=c1ccccn1Cc1ccccc1
XS663175b,CC=1C=CC(=CC1NC2CCN(C2=O)C=3C=CC(C#N)=CC3)C(N)=O,3.042,O=C1C(Nc2ccccc2)CCN1c1ccccc1
XS837842b,CC1=NC(C)=C(S1)C(C)N(C)C2=C(C#N)C(=O)N(C)C(=O)N2C,1.026,O=c1cc(NCc2cncs2)[nH]c(=O)[nH]1
XS839225b,N#CC1=NC=CN1C2CCN(C2=O)C=3C=CC=C(C3)OC(F)(F)F,0.498,O=C1C(n2ccnc2)CCN1c1ccccc1
XS845470a,CCC=1OC(=CC1C(=O)O)C(=O)NC(CC)C=2C=CC=C3C=CNC23,0.394,O=C(NCc1cccc2cc[nH]c12)c1ccco1
XS845464a,O=C(NC1CC(=O)N(C1)C=2C=CC(Cl)=C(F)C2)C3=CC=CS3,0.578,O=C(NC1CC(=O)N(c2ccccc2)C1)c1cccs1
XS845458a,CC=1C=C(Cl)C=CC1OC(C)C(=O)N2CCCN(CC2)C(N)=O,0.374,O=C(COc1ccccc1)N1CCCNCC1
XS732590b,CC=1C=CC(=CC1)C(CC(=O)O)NC(=O)CN2N=NC=3C=CC=CC32,0.63,O=C(Cn1nnc2ccccc21)NCc1ccccc1
XS802595b,COC1=C(C(C)=NN1C)C2CCCN2C(=O)C3=CC=C(Cl)S3,0.584,O=C(c1cccs1)N1CCCC1c1cn[nH]c1
XS626195b,CC1=NOC(=N1)C2CC(=O)N(C2)C3CN(C3)C=4C=CC(C#N)=C(C)N4,0.488,O=C1CC(c2ncno2)CN1C1CN(c2ccccn2)C1
XS732058b,CCOC=1N=C(C)C=CC1C(=O)NC(C)C=2C=CC=3NC(=O)CC3C2,0.382,O=C1Cc2cc(CNC(=O)c3cccnc3)ccc2N1
XS845479a,CC1=NC=2C=CC=CC2N1CC(=O)NC(C)C=3C=CC4=CC=CC=C4C3,1.702,O=C(Cn1cnc2ccccc21)NCc1ccc2ccccc2c1
XS845481a,CN1C=CC(=N1)C2=NC(=CS2)C3=NOC(=N3)C4(C)CCNC(=O)C4,0.51,O=C1CC(c2nc(-c3csc(-c4cc[nH]n4)n3)no2)CCN1
XS845477a,O=C(C=1C(F)=CC=CC1F)N2CCCC(C2)C3=NN=C4C=CC=CN34,0.704,O=C(c1ccccc1)N1CCCC(c2nnc3ccccn23)C1
XS845475a,CCC=1C=CC(=CC1)C(NC(=O)C(=O)NC=2C(C)=NOC2C)C(C)C,0.898,O=C(NCc1ccccc1)C(=O)Nc1cnoc1
XS845484a,O=C1OCCC1SC=2C=CC(=CN2)S(=O)(=O)N3CCOCC3,1.302,O=C1OCCC1Sc1ccc(S(=O)(=O)N2CCOCC2)cn1
XS390851b,N#CC=1C=CC=CC1CN(CC2=CC=CS2)C3CCS(=O)(=O)C3,0.378,O=S1(=O)CCC(N(Cc2ccccc2)Cc2cccs2)C1
XS845494a,COC=1C=CC(OC)=C(C1)C(C)NC(=O)C=2C=CC(OC)=C(C2)OC,0.652,O=C(NCc1ccccc1)c1ccccc1
XS845490a,O=C1C=C(N=C2C=CC=CN12)N3CCCC3C=4C=CC=5OCCOC5C4,1.364,O=c1cc(N2CCCC2c2ccc3c(c2)OCCO3)nc2ccccn12
XS722648b,COCCN1C=C(C=N1)NC(=O)N2CCCC2C=3C=CC(=CC3)OC,0.526,O=C(Nc1cn[nH]c1)N1CCCC1c1ccccc1
XS845486a,CCOC=1C=CC=CC1C(=O)NC(C)C=2C=CC(=CC2)S(C)(=O)=O,0.82,O=C(NCc1ccccc1)c1ccccc1
XS839960b,O=C(NC=1C=CC(Br)=C2C=CC=CC12)N3CCC(CO)C3,0.486,O=C(Nc1cccc2ccccc12)N1CCCC1
XS845493a,CCCOC1CCCN(C1)C(=O)C=2C=NC3=C(C2)C(=O)NC(=O)N3C,1.576,O=C(c1cnc2[nH]c(=O)[nH]c(=O)c2c1)N1CCCCC1
XS845489a,CCCNC=1C=CC(=CC1)CNC(=O)C(C)OC=2C=CC(Cl)=CC2,0.418,O=C(COc1ccccc1)NCc1ccccc1
XS845491a,CC1=CC=C(CNC(=O)C2CCCN(C2)C(=O)C3=CC=CS3)S1,0.472,O=C(NCc1cccs1)C1CCCN(C(=O)c2cccs2)C1
XS839630b,CC1(CC=2C=CC=CC2C(=O)O1)C(=O)NC=3C=CC=C(C3)N4C=NN=N4,0.986,O=C1OC(C(=O)Nc2cccc(-n3cnnn3)c2)Cc2ccccc21
XS845495a,CC(=O)N1CCCC(C1)C(=O)NCC(C)(C)C=2C=CC=3OCOC3C2,0.554,O=C(NCCc1ccc2c(c1)OCO2)C1CCCNC1
XS845500a,CC(OC(=O)C=1C=CC(=CC1)CCNS(C)(=O)=O)C(=O)NC2CC2,0.994,O=C(COC(=O)c1ccccc1)NC1CC1
XS845506a,COC=1C=CC(=CC1F)CCC(=O)N2CCCC(C2)N3CCNC3=O,0.786,O=C(CCc1ccccc1)N1CCCC(N2CCNC2=O)C1
XS845504a,O=C(NCCC1CCCO1)C=2C=NC3=C(C=NN3CC=4C=CC=CC4)C2,0.876,O=C(NCCC1CCCO1)c1cnc2c(cnn2Cc2ccccc2)c1
XS823608b,O=C(NC=1C=CC=CN1)C2CCCN(C2)S(=O)(=O)C3=CC=CS3,1.108,O=C(Nc1ccccn1)C1CCCN(S(=O)(=O)c2cccs2)C1
XS845499a,O=C(NC(CO)CC1=CNC=2C=CC=CC12)C3=CC=CN4C(=O)NN=C34,2.142,O=C(NCCc1c[nH]c2ccccc12)c1cccn2c(=O)[nH]nc12
XS759445b,CCC1CN(CC(=O)NC=2C=CC(=CC2)NC(C)=O)C=3C=CC=CC3O1,0.672,O=C(CN1CCOc2ccccc21)Nc1ccccc1
XS841712b,O=C(NC=1C=CC=2NN=NC2C1)C3CCN(C3=O)C=4C=CC=C(Cl)C4,2.65,O=C(Nc1ccc2[nH]nnc2c1)C1CCN(c2ccccc2)C1=O
XS841517b,N#CC=1C=NC=CC1NC2CCCC=3SC(=NC32)C=4C=CC(F)=CC4,0.47,c1ccc(-c2nc3c(s2)CCCC3Nc2ccncc2)cc1
XS841810b,O=C(NC=1C=CC=2C(=O)N(CC3CC3)C(=O)C2C1)C4CCCC5=CC=NN54,2.904,O=C(Nc1ccc2c(c1)C(=O)N(CC1CC1)C2=O)C1CCCc2ccnn21
XS845517a,CCOC(=O)C1=C(C)N(CC)C(=O)NC1C=2C=CC(=CC2)N(CC)CC,2.722,O=C1NC=CC(c2ccccc2)N1
XS738604b,COC=1C=CC=C(C1)N2CCN(CC2)C(C)C(=O)NC(=O)NCC(C)C,0.724,c1ccc(N2CCNCC2)cc1
XS845508a,O=C(C1=CN(CC=2C=CC=CC2)N=C1C=3C=CC=CC3)N4CCC(CO)C4,0.468,O=C(c1cn(Cc2ccccc2)nc1-c1ccccc1)N1CCCC1
XS845518a,CC(C)(C)C(NC(=O)NC=1C=CC=2OCCCOC2C1)C3=CC=CS3,2.746,O=C(NCc1cccs1)Nc1ccc2c(c1)OCCCO2
XS427802b,CC1CCN(CC1)C(=O)C2CCCN(C2)C(=O)NC=3C=CC(F)=CC3F,3.9,O=C(Nc1ccccc1)N1CCCC(C(=O)N2CCCCC2)C1
XS845515a,CC(NC=1C=CC(=C(Cl)C1)N2CCCC2=O)C3=NC(=NO3)C(C)(C)C,0.752,O=C1CCCN1c1ccc(NCc2ncno2)cc1
XS840231b,CCNS(=O)(=O)C1CCN(C1)C(=O)NC2=NC(=NS2)C(C)(C)C,0.482,O=C(Nc1ncns1)N1CCCC1
XS845514a,CC=1C=CC=C(C1)N2CCN(CC2)C(=O)C3CCCN(C3)C(=O)C(C)C,0.514,O=C(C1CCCNC1)N1CCN(c2ccccc2)CC1
XS845530a,COC1=CC(=CC(OC)=C1OC)CC(=O)NC2CCSC=3C=CC=CC32,0.772,O=C(Cc1ccccc1)NC1CCSc2ccccc21
XS839098b,CCOC=1C=C(C=CN1)C(=O)N2CC(CC2(C)C)NC(=O)C34CC(F)(C3)C4,0.426,O=C(c1ccncc1)N1CCC(NC(=O)C23CC(C2)C3)C1
XS845523a,CC=1C=CC(=CC1F)C(=O)N2CCN(CC2)C(=O)C3CCC=4C=NNC4C3,1.73,O=C(c1ccccc1)N1CCN(C(=O)C2CCc3cn[nH]c3C2)CC1
XS410909b,O=C(NC=1C=CC(F)=CC1)N2CCN(CC2)C(=O)C3CCS(=O)(=O)C3,0.684,O=C(Nc1ccccc1)N1CCN(C(=O)C2CCS(=O)(=O)C2)CC1
XS845528a,CC(NC(=O)CCCC1=NN=C(O1)C=2C=CC=CC2)C=3C=CC(F)=C(F)C3,0.414,O=C(CCCc1nnc(-c2ccccc2)o1)NCc1ccccc1
XS845527a,CC1=NN(C(C)=C1CNC(=O)C2CC(=O)N(CC(C)C)C2)C=3C=CC=CC3,0.734,O=C1CC(C(=O)NCc2cnn(-c3ccccc3)c2)CN1
XS839545b,O=C(CC1=NOC(=N1)C2CCCC=3NN=NC32)N(CC(F)(F)F)C4CC4,0.476,O=C(Cc1noc(C2CCCc3[nH]nnc32)n1)NC1CC1
XS845531a,COC(=O)CC(NC(=O)C1=CSC(=N1)C=2N=CC=CN2)C=3C=CC=CC3,0.418,O=C(NCc1ccccc1)c1csc(-c2ncccn2)n1
XS845544a,CCS(=O)(=O)NC=1C=CC(=CC1)C=2CC(C3=CC=CS3)N(N2)C(C)=O,0.876,c1ccc(C2=NNC(c3cccs3)C2)cc1
XS842090b,CCNC(=O)NC(=O)C(C)NC=1C=CC(OCC)=C(C1)S(=O)(=O)N(C)C,0.394,c1ccccc1
XS549051b,O=C(CC=1C=CC(=CC1)NC(=O)C2CC2)NC3CCCOC=4C=C(F)C=CC43,0.584,O=C(Cc1ccc(NC(=O)C2CC2)cc1)NC1CCCOc2ccccc21
XS845534a,O=C(C1NC=2C=CC=CC2S(=O)(=O)N1)N3CCC(=CC=4C=CC=CC4)CC3,1.32,O=C(C1Nc2ccccc2S(=O)(=O)N1)N1CCC(=Cc2ccccc2)CC1
XS837815b,C=CCN(C(=O)NCCN1C(=O)NC=2C=CC=CC21)C3CCC=4C=CC=CC43,1.034,O=C(NCCn1c(=O)[nH]c2ccccc21)NC1CCc2ccccc21
XS845543a,CC(=O)NC=1C=CC=C(C1)C(C)NC(=O)C2=NN(C(=O)CN2)C=3C=CC=CC3,0.712,O=C(NCc1ccccc1)C1=NN(c2ccccc2)C(=O)CN1
XS845540a,O=C(CS(=O)CC=1C(Cl)=CC=CC1Cl)N2CCC=3SC=CC3C2,3.056,O=C(CS(=O)Cc1ccccc1)N1CCc2sccc2C1
XS333363b,CN1N=CC=C1N2CCCC(C2=O)N(CC=3C=CC(C#N)=CC3)S(C)(=O)=O,0.37,O=C1C(NCc2ccccc2)CCCN1c1ccn[nH]1
XS845536a,CC=1C=C(Cl)C=CC1OC(C)C(=O)OCC2=CC(=O)N3C=CSC3=N2,0.624,O=C(COc1ccccc1)OCc1cc(=O)n2ccsc2n1
XS845535a,CC1=NC=2C=CC=CC2C(=O)N1C=3C=CC(=CC3)C(=O)N4CCOCC(C)C4,0.514,O=C(c1ccc(-n2cnc3ccccc3c2=O)cc1)N1CCCOCC1
XS839651b,CCNC(=O)C=1C=C(N=C2C=CC=CC12)NS(=O)(=O)C(C)C(=O)N(C)C,14.0,c1ccc2ncccc2c1
XS845538a,CC1CN(CCN1C(=O)C=2C=CC=C(C2)NC(=O)C3CC3)C=4C=CC=CC4F,0.624,O=C(Nc1cccc(C(=O)N2CCN(c3ccccc3)CC2)c1)C1CC1
XS841476b,CC1=NN2N=C(C=CC2=N1)N3CCCC(CNC(=O)NC=4C=CC(C)=CC4)C3,0.508,O=C(NCC1CCCN(c2ccc3ncnn3n2)C1)Nc1ccccc1
XS631834b,COC=1C=CC(=CC1)C2CCCCCN2C(=O)CCN3CCCS3(=O)=O,1.422,O=C(CCN1CCCS1(=O)=O)N1CCCCCC1c1ccccc1
XS845542a,CC=1C=CC(=CC1)N2CC(CC2=O)C(=O)NC3=CC=NN3CC4=CC=CS4,4.362,O=C(Nc1ccnn1Cc1cccs1)C1CC(=O)N(c2ccccc2)C1
XS838012b,CC(C)C1N(CC21CCOCC2)C(=O)C=3C=NNC3C=4C=CC=5OCOC5C4,0.524,O=C(c1cn[nH]c1-c1ccc2c(c1)OCO2)N1CC2(CCOCC2)C1
XS845537a,CN1N=C(C=C1OC(F)F)C(=O)N2CCCCC2C3=NC=4C=CC=CC4O3,1.054,O=C(c1cc[nH]n1)N1CCCCC1c1nc2ccccc2o1
XS841729b,CC1=NSC(=N1)N2CCN(CC2)C(C)C(=O)NCC=3C=CC(Cl)=CC3,0.452,O=C(CN1CCN(c2ncns2)CC1)NCc1ccccc1
XS842148b,CCOC(=O)C(C)(NC(=O)CC1=COC=2C=C3CCCC3=CC12)C=4C=CC=NC4,0.58,O=C(Cc1coc2cc3c(cc12)CCC3)NCc1cccnc1
XS011798e,O=C(COC=1C=CC(F)=CC1Br)NCC2COC=3C=CC=CC3O2,0.514,O=C(COc1ccccc1)NCC1COc2ccccc2O1
XS842029b,CC1=CSC(CN(CC2CCCO2)C(=O)C=3NC=4C=CC=CC4C3Cl)=N1,1.48,O=C(c1cc2ccccc2[nH]1)N(Cc1nccs1)CC1CCCO1
XS845554a,O=C(NCC=1C=CC=C(C1)OCC(F)(F)F)C2CCCN(C2)C=3C=NC=CN3,0.562,O=C(NCc1ccccc1)C1CCCN(c2cnccn2)C1
XS845547a,O=C(NCC=1C=CC(=NC1)OCC(F)(F)F)C2CC32CCS(=O)(=O)CC3,0.678,O=C(NCc1cccnc1)C1CC12CCS(=O)(=O)CC2
XS845552a,CC(C=1C=CC(Cl)=CC1)N(C)C(=O)C2CCN(CC2)C(=O)C3=CC=CS3,2.036,O=C(NCc1ccccc1)C1CCN(C(=O)c2cccs2)CC1
XS845555a,COC=1C=C(C=CC1OCC(=O)NC(C)C)C(=O)NC2CCCC=3C=CC=CC32,1.818,O=C(NC1CCCc2ccccc21)c1ccccc1
XS840000b,CC=1C=CC(=C(C)C1)N2C=C(C=N2)NC(=O)N3CCCCC3CS(C)(=O)=O,0.396,O=C(Nc1cnn(-c2ccccc2)c1)N1CCCCC1
XS845545a,CC1=CN=C(S1)C2CCCCN2C(=O)C=3C=CC(=C(F)C3)N4CCOCC4,1.102,O=C(c1ccc(N2CCOCC2)cc1)N1CCCCC1c1nccs1
XS845556a,O=C(CN1CCCC(C1)C2=NC=3C=CC=CC3S2)N4CCCC=5C=CC=CC54,4.552,O=C(CN1CCCC(c2nc3ccccc3s2)C1)N1CCCc2ccccc21
XS845558a,O=C(O)CCC(=O)N1N=C(CC1C2=CC=CO2)C=3C=CC(Br)=CC3,1.288,c1ccc(C2=NNC(c3ccco3)C2)cc1
XS845563a,CCNC(=O)NC(=O)C(C)OC(=O)C1=CC=2C(C)=NN(CC=3C=CC=CC3)C2S1,0.858,c1ccc(Cn2ncc3ccsc32)cc1
XS845566a,CC1=NN(C(C)=C1CN(C)C(=O)C2CC(=O)NC=3C=C(F)C=CC32)C=4C=CC=CC4,1.666,O=C1CC(C(=O)NCc2cnn(-c3ccccc3)c2)c2ccccc2N1
XS845573a,O=C(NC1=NC=2CCCC2S1)C3CC(=O)N(CC=4C=CC=C(C4)C(F)(F)F)C3,0.838,O=C(Nc1nc2c(s1)CCC2)C1CC(=O)N(Cc2ccccc2)C1
XS845569a,CCS(=O)(=O)N1CC=2C=CC=CC2CC1C(=O)N3CCN(CC3)C=4C=CC=CC4,1.538,O=C(C1Cc2ccccc2CN1)N1CCN(c2ccccc2)CC1
XS845570a,CC(OC=1C=CC=C(Cl)C1)C(=O)N2CCN(CC2)S(=O)(=O)C=3C=CC=CC3,0.424,O=C(COc1ccccc1)N1CCN(S(=O)(=O)c2ccccc2)CC1
XS845574a,COC=1C=CC(=CC1NC(C)C(=O)N2CCCC2)S(=O)(=O)N3CCCCCC3,0.472,O=C(CNc1cccc(S(=O)(=O)N2CCCCCC2)c1)N1CCCC1
XS838033b,CCOC(=O)C1=C(N)OC=2C=C(C)OC(=O)C2C1C=3C=CC=C(Br)C3,1.988,O=c1occc2c1C(c1ccccc1)C=CO2
XS699816b,COC=1C=C2CCN(C(=O)C3=CN4C=CC=CC4=N3)C(C5=CC=CS5)C2=CC1OC,0.55,O=C(c1cn2ccccc2n1)N1CCc2ccccc2C1c1cccs1
XS845561a,COC=1C=CC=C(C1)N2CC(CC2=O)C3=NC=4C=CC=CC4N3CC=5C=CC=CC5C,4.946,O=C1CC(c2nc3ccccc3n2Cc2ccccc2)CN1c1ccccc1
XS845560a,O=C(CCCC1=CNC=2C=CC=CC12)N3CCCCC3C4=NC=5C=CC=CC5S4,1.86,O=C(CCCc1c[nH]c2ccccc12)N1CCCCC1c1nc2ccccc2s1
XS845578a,CC(C)C(NC(=O)CN1C(=O)CCOC=2C=CC=CC21)C=3C=CC=4OCCOC4C3,2.546,O=C(CN1C(=O)CCOc2ccccc21)NCc1ccc2c(c1)OCCO2
XS845564a,O=C(CSC1=NC=2C=CC=CC2O1)N(CC=3C=CC=CC3)C4CCS(=O)(=O)C4,0.93,O=C(CSc1nc2ccccc2o1)N(Cc1ccccc1)C1CCS(=O)(=O)C1
XS845568a,CCC(C(=O)NC=1C=C(C=CC1C)S(=O)(=O)N2CCOCC2)C=3C=CC=CC3,0.492,O=C(Cc1ccccc1)Nc1cccc(S(=O)(=O)N2CCOCC2)c1
XS845580a,CC=1C=CC(=CC1C(=O)N2CCC3(C2)C(=O)NC=4C=CC=CC43)S(=O)(=O)NC5CC5,0.312,O=C(c1cccc(S(=O)(=O)NC2CC2)c1)N1CCC2(C1)C(=O)Nc1ccccc12
XS840554b,CNC(=O)CN1C=2C=CC=CC2C(=O)N(C)C1C=3C=CC(=CC3Br)OCCO,3.76,O=C1NC(c2ccccc2)Nc2ccccc21
XS840986b,COC=1C=CC=C2CC(OC12)C(=O)N3CCCN(CC3)C(=O)C=4N=NN(C)C4C(F)F,1.666,O=C(c1c[nH]nn1)N1CCCN(C(=O)C2Cc3ccccc3O2)CC1
XS195746c,COC=1C=CC(=CC1)C=2CC(C=3C=CC4=NC=CN=C4C3)N(N2)S(=O)(=O)C=5C=CC=CC5,8.96,O=S(=O)(c1ccccc1)N1N=C(c2ccccc2)CC1c1ccc2nccnc2c1
XS836597b,CC(NS(=O)(=O)C1=CN=C(S1)C=2C=CC(Br)=CC2)C=3C=CN=CC3,0.442,O=S(=O)(NCc1ccncc1)c1cnc(-c2ccccc2)s1
XS837176b,CC1=NC(C)=C(S1)C(C)NC(=O)NC=2C=C(Br)C=CC2N3CCOCC3,1.504,O=C(NCc1cncs1)Nc1ccccc1N1CCOCC1
XS071248c,CC(C)OC(=O)C=1C=CC(=CC1)NC(=O)C2CC(=O)N(C2)C=3C=CC=4OCCOC4C3,3.954,O=C(Nc1ccccc1)C1CC(=O)N(c2ccc3c(c2)OCCO3)C1
XS841208b,CCCN1C(=O)N(CC(=O)OC(C)C(=O)NCC=2C=CC=3OCOC3C2)C=4C=CC=CC41,1.08,O=C(COC(=O)Cn1c(=O)[nH]c2ccccc21)NCc1ccc2c(c1)OCO2
XS840040b,CCC(C(=O)N1CCN(CC2=NOC(C)=N2)CC1)N3N=NC(=N3)C=4C=CC(Cl)=CC4,0.59,O=C(Cn1nnc(-c2ccccc2)n1)N1CCN(Cc2ncon2)CC1
XS845588a,CC(C1=NC=2SC=C(C=3C=CC=CC3)C2C(=O)N1)N4CCN(CC4)C(=O)C5=CC=CO5,3.816,O=C(c1ccco1)N1CCN(Cc2nc3scc(-c4ccccc4)c3c(=O)[nH]2)CC1
XS845586a,CC(=O)NC(CC(=O)NC=1C=CC=C(C1)S(=O)(=O)N2CCOCC2)C=3C=CC=CC3,0.518,O=C(CCc1ccccc1)Nc1cccc(S(=O)(=O)N2CCOCC2)c1
XS836643b,COC=1C=C(C(Cl)=CC1C(=O)NC2CCC=3C=CC=CC3N(C)C2=O)N4C=NN=N4,0.516,O=C(NC1CCc2ccccc2NC1=O)c1ccc(-n2cnnn2)cc1
XS837619b,COC=1C=CC(OC)=C(C1)C=2CC(ON2)C(=O)N3CCC(CC3)NC(=O)C=4OC=CC4C,3.854,O=C(NC1CCN(C(=O)C2CC(c3ccccc3)=NO2)CC1)c1ccco1
XS845579a,COC=1C=CC(=CC1)C(CNC(=O)CN2CCN(CC2)C=3C=CC=CC3)C4=CNC=5C=CC=CC45,1.688,O=C(CN1CCN(c2ccccc2)CC1)NCC(c1ccccc1)c1c[nH]c2ccccc12
XS797473b,CCOC=1C=CC=CC1NC(=O)C=2C=CC(OC)=C(C2)S(=O)(=O)N3CCCCC3C,2.334,O=C(Nc1ccccc1)c1cccc(S(=O)(=O)N2CCCCC2)c1
XS174947b,CCNC(=O)C=1C=C(OC)C=2OC(C)CC2C1,0.514,c1ccc2c(c1)CCO2
XS845604a,O=C1NCCCC1NC2=NC=3C=CC=CC3S2,0.46,O=C1NCCCC1Nc1nc2ccccc2s1
XS845591a,CCC1C(=O)NCCN1C(=O)C2=CC=NN2C,0.872,O=C1CN(C(=O)c2ccn[nH]2)CCN1
XS845603a,O=C(C1=CC=CN1)N2CCCC2C3CCCC3,0.984,O=C(c1ccc[nH]1)N1CCCC1C1CCCC1
XS839234b,CC(=O)NC(C)C(=O)N1CCCC21CCCC2,0.892,C1CCC2(C1)CCCN2
XS845595a,CC(NC(=O)C1=CC=CO1)C=2C=CC=CC2,0.532,O=C(NCc1ccccc1)c1ccco1
XS695821b,CC(C)(C)N1C=C(C=N1)NC(C(N)=O)C=2C=CC=CC2,0.554,c1ccc(CNc2cn[nH]c2)cc1
BD009409b,CN1C(=O)CC(NC=2C=CC=3OCCOC3C2)C1=O,0.766,O=C1CC(Nc2ccc3c(c2)OCCO3)C(=O)N1
XS845605a,CC(CCC=1C=CC=CC1)NC(=O)C=2C=NN(C)C2,0.588,O=C(NCCCc1ccccc1)c1cn[nH]c1
XS838577b,CC1=NN=C2C=3C=CC=CC3C(=NN12)NC4CC4(C)C,0.402,c1ccc2c(c1)c(NC1CC1)nn1cnnc21
XS474382b,CC=1OC=CC1C2=NOC(=N2)C3CCCC=4NN=NC43,0.478,c1cc(-c2noc(C3CCCc4[nH]nnc43)n2)co1
XS845617a,O=C(NCC=1C=CC=CC1)N2CCCC(C2)C3=CC=NN3,0.524,O=C(NCc1ccccc1)N1CCCC(c2ccn[nH]2)C1
XS845627a,CC1=CC=C(O1)C(C)NC(=O)NC=2C=C(F)C=CC2C,0.368,O=C(NCc1ccco1)Nc1ccccc1
XS741596b,CC1=C(C=NN1C)C(C)NC(=O)CC=2C=CC=CC2O,0.534,O=C(Cc1ccccc1)NCc1cn[nH]c1
XS845625a,O=C(NC=1C=CC=CC1)C2CC(=O)N(CC(F)(F)F)C2,0.572,O=C1CC(C(=O)Nc2ccccc2)CN1
XS621796b,CCCNC(=O)C1CCCN(C1)C(=O)C=2N=COC2C,0.536,O=C(c1cocn1)N1CCCCC1
XS838606b,O=C1CC(C=2C=CC=CC2)C=3C=CC4=CC=CC=C4C3N1,0.744,O=C1CC(c2ccccc2)c2ccc3ccccc3c2N1
XS745789b,CN(CC=1C=CC(F)=CC1Cl)C(=O)C2CCC(=O)N2,0.454,O=C1CCC(C(=O)NCc2ccccc2)N1
XS845629a,O=C1C=2C=CC=CC2NC(C=3C=CC=CC3F)N1C4CC4,1.1,O=C1c2ccccc2NC(c2ccccc2)N1C1CC1
XS845620a,CC=1C=CC(=CC1)C2=CSC(=N2)SC(C)C(N)=O,0.472,c1ccc(-c2cscn2)cc1
XS207620c,CN1N=C(C=C1C(=O)NC2CNC(=O)C2)C=3C=CC=CC3,0.916,O=C1CC(NC(=O)c2cc(-c3ccccc3)n[nH]2)CN1
XS842080b,CCC=1N=NC(=NC1CC)N2CCCC(C2)C3=CC=NN3,0.39,c1cnc(N2CCCC(c3ccn[nH]3)C2)nn1
XS593411b,O=C1C=2C=NN(C=3C=CC=CC3)C2N=CN1CC4CCCO4,1.108,O=c1c2cnn(-c3ccccc3)c2ncn1CC1CCCO1
XS845638a,COC=1C=CC=C(C1)N2CC(CC2=O)C(=O)NC(C)(C)C,0.904,O=C1CCCN1c1ccccc1
XS841990b,O=C(C=1C=NN2N=CC=CC12)N3CCOCC43CCOC4,1.35,O=C(c1cnn2ncccc12)N1CCOCC12CCOC2
XS845641a,CC=1C=CC=CC1N2CC(CC2=O)C(=O)NC=3C=CC=CC3,3.048,O=C(Nc1ccccc1)C1CC(=O)N(c2ccccc2)C1
XS845640a,COC=1C=C(C=CN1)CNC(=O)C2CC(=O)N(C2)C(C)C,0.67,O=C1CC(C(=O)NCc2ccncc2)CN1
XS845635a,O=C(C1=CC(=O)NC(=N1)C2CC2)N3CCCC3C4CCC4,1.054,O=C(c1cc(=O)[nH]c(C2CC2)n1)N1CCCC1C1CCC1
XS845639a,CC(C)C(NC(=O)C1=CC=CO1)C(=O)NC=2C=CC=NC2,2.194,O=C(CNC(=O)c1ccco1)Nc1cccnc1
XS845634a,CC=1C=CC(=NC1)NC(=O)C(C)NC(=O)C2=CC=CS2,0.678,O=C(CNC(=O)c1cccs1)Nc1ccccn1
XS793068b,CC=1OC=CC1C(=O)NC(C2=NC=CN2C)C=3C=CC=CC3,10.96,O=C(NC(c1ccccc1)c1ncc[nH]1)c1ccoc1
XS845654a,O=C(C=1C=NC=CN1)N2CCN3C=CC=C3C2C=4C=CC=CC4,1.064,O=C(c1cnccn1)N1CCn2cccc2C1c1ccccc1
XS845646a,CN1CC(CC1=O)C(=O)NC=2C=CC=3N=C(OC3C2)C4CC4,0.878,O=C1CC(C(=O)Nc2ccc3nc(C4CC4)oc3c2)CN1
XS845658a,O=C(NC1CCCNC1=O)C=2SC=CC2C=3C=CC=CC3,0.39,O=C(NC1CCCNC1=O)c1sccc1-c1ccccc1
XS845650a,CC1=NN(C)C(C)=C1CC(=O)NC(C(N)=O)C=2C=CC=CC2,0.69,O=C(Cc1cn[nH]c1)NCc1ccccc1
XS845647a,O=S(CC1=CN2C=C(Cl)C=C(Cl)C2=N1)CC3CC3,0.8,O=S(Cc1cn2ccccc2n1)CC1CC1
XS576775b,COCC1(CCCN1CC=2C=CC=C3C=CC=CC23)C(N)=O,0.88,c1ccc2c(CN3CCCC3)cccc2c1
XS845652a,CCCC1=NSC(=N1)NC2CCC=3C=CC=CC3NC2=O,3.464,O=C1Nc2ccccc2CCC1Nc1ncns1
XS845653a,CCOC=1C=CC=2N=C(NC(=O)C3CCC(=O)N3)SC2C1,1.482,O=C1CCC(C(=O)Nc2nc3ccccc3s2)N1
XS824836b,CC1=NC(C)=C(S1)C(=O)N2CCOCC2C3=CC=CN3C,0.756,O=C(c1cncs1)N1CCOCC1c1ccc[nH]1
XS837653b,CC1(C)CC1(C#N)C(=O)N2CCN(CC(F)(F)CO)CC2,0.442,O=C(C1CC1)N1CCNCC1
XS845665a,CC=1C=CC(=CC1)N2CC(CC2=O)C(=O)NCC=3C=CC=NC3,2.518,O=C(NCc1cccnc1)C1CC(=O)N(c2ccccc2)C1
XS845673a,CC1=NN2C(=O)C=C(CN3C=4C=CC=CC4CC3C)N=C2S1,0.616,O=c1cc(CN2CCc3ccccc32)nc2scnn12
XS666452b,CCN(CC)C(=O)C(C)SC1=NN=C(O1)C=2C=CN=CC2,1.626,c1cc(-c2nnco2)ccn1
XS845670a,CC1=CSC2=NC(=CC(=O)N12)CN3C=4C=CC=CC4CC3C,2.032,O=c1cc(CN2CCc3ccccc32)nc2sccn12
XS845661a,CN1C=C(C=N1)N2CCC(C2)NC(=O)N3CC=4C=CC=CC4C3,1.168,O=C(NC1CCN(c2cn[nH]c2)C1)N1Cc2ccccc2C1
XS845664a,CCC=1C=CC(=CC1)N2CC(CC2=O)C(=O)NCC3=CC=CO3,3.366,O=C(NCc1ccco1)C1CC(=O)N(c2ccccc2)C1
XS697498b,COC=1C=C(C#N)C=CC1OCC(=O)NC(C)C=2C=CC=CC2,0.456,O=C(COc1ccccc1)NCc1ccccc1
XS837599b,O=S(=O)(NC1CCCC=2C=NNC21)C=3C=C(F)C=C(F)C3,1.226,O=S(=O)(NC1CCCc2cn[nH]c21)c1ccccc1
XS837909c,O=C1NC(NC=2C=NC=CC12)C3=CN=C(S3)C=4C=CSC4,1.138,O=C1NC(c2cnc(-c3ccsc3)s2)Nc2cnccc21
XS840538b,COC(=O)C1CCC2=C(C=NN2CC=3C=CC(F)=CC3C#N)C1,0.332,c1ccc(Cn2ncc3c2CCCC3)cc1
XS793141b,CN1N=CC=2C(=NC=NC21)NC3CCSC=4C(F)=CC=CC43,1.892,c1ccc2c(c1)SCCC2Nc1ncnc2[nH]ncc12
XS840818b,CC(CC=1C=CSC1)N(C)C(=O)C=2C=CC=C(C2O)[N+]([O-])=O,1.328,O=C(NCCc1ccsc1)c1ccccc1
XS845683a,CC1=CC(=NO1)NC(=O)N(CC=2C=CC=CC2)CC3CCCO3,1.154,O=C(Nc1ccon1)N(Cc1ccccc1)CC1CCCO1
XS817134b,O=C(C1CC(=O)NC=2C=CC=CC21)N3CCCCC=4C=CC=CC43,2.038,O=C1CC(C(=O)N2CCCCc3ccccc32)c2ccccc2N1
XS845677a,CC(=O)NC(CC1=CNC=2C=C(F)C=CC12)C(=O)N3CC(C)C3,0.422,O=C(CCc1c[nH]c2ccccc12)N1CCC1
XS678801b,CC1=CC=C(CNC(=O)C2CC(=O)N(CC3=CC=CO3)C2)S1,0.832,O=C(NCc1cccs1)C1CC(=O)N(Cc2ccco2)C1
XS836822b,COC=1N=CN=C(C1NC(=O)NC(C)C=2C=NN(C)C2)N(C)C,0.784,O=C(NCc1cn[nH]c1)Nc1cncnc1
XS840492b,C#CC(CC=1C=CC=CC1)OC(=O)C=2C=CC(=CC2)N3C=NN=C3,1.114,O=C(OCCc1ccccc1)c1ccc(-n2cnnc2)cc1
XS468811b,CC=1C=CC(F)=CC1C(=O)NC2CCCC3=C2C=CC(=O)N3C,1.0,O=C(NC1CCCc2[nH]c(=O)ccc21)c1ccccc1
XS837808b,O=C(OC1CCNC1=O)C=2SC(Br)=CC2Cl,5.402,O=C(OC1CCNC1=O)c1cccs1
XS399995b,CN(CC1=NN=C2CCCN12)C(=O)NC3CCCC=4C=CC=CC43,1.166,O=C(NCc1nnc2n1CCC2)NC1CCCc2ccccc21
XS387680b,O=C(NC1CCCCNC1=O)C=2C=C(N=C3C=CC=CC23)C4CC4,1.882,O=C(NC1CCCCNC1=O)c1cc(C2CC2)nc2ccccc12
XS701126b,O=C(NC1CCS(=O)(=O)C=2C=CC=CC21)C=3SC=CC3F,0.396,O=C(NC1CCS(=O)(=O)c2ccccc21)c1cccs1
XS644369b,CC=1C=CC=CC1C(C)NC(=O)CN2N=NC=3C=CC=CC3C2=O,3.188,O=C(Cn1nnc2ccccc2c1=O)NCc1ccccc1
XS841560b,CC=1C=CC(C)=C(C1)N2C=NC(=O)N2C(C)C3=NC(=NO3)C4CC4,0.858,O=c1ncn(-c2ccccc2)n1Cc1nc(C2CC2)no1
XS839573b,CC1=C2C=NN(C(=O)C2=C(C)N1C)C(C)C=3C=CC(=CC3)C(=O)O,0.488,O=c1c2c[nH]cc2cnn1Cc1ccccc1
XS388378b,CNC(=O)CN(C)C1CC(=O)N(CC=2C=CC(Cl)=CC2)C1=O,0.464,O=C1CCC(=O)N1Cc1ccccc1
XS836840b,CCCC1=CC(=NN1)NC(=O)C(C)N2N=NC(=N2)C=3C=CC=CC3,1.206,O=C(Cn1nnc(-c2ccccc2)n1)Nc1cc[nH]n1
XS841691b,CC1C2=NC=CN2CCN1C(=O)C3=CN(N=N3)C=4C=CC(F)=CC4,1.148,O=C(c1cn(-c2ccccc2)nn1)N1CCn2ccnc2C1
XS842049b,CC=1C=CC(=CC1)C2=NN=C(NC(=O)C(C)OC=3C=CC=NC3)N2,1.404,O=C(COc1cccnc1)Nc1nnc(-c2ccccc2)[nH]1
XS845689a,CC1=CC(C)=CC(=C1)C=2C=C(NC(=O)C3(C)CCC(=O)NC3)NN2,0.426,O=C1CCC(C(=O)Nc2cc(-c3ccccc3)n[nH]2)CN1
XS839209b,CC1OC=2C=CC(=CC2NC1=O)C=3C=CC=C(N=S(C)(C)=O)N3,0.644,O=C1COc2ccc(-c3ccccn3)cc2N1
MR045073b,CC1=CC(=NO1)C2CCCN2S(=O)(=O)C=3C(F)=CC=CC3F,0.498,O=S(=O)(c1ccccc1)N1CCCC1c1ccon1
MR044811c,COC=1C=CC=C(C1)N2CCC(CNC(=O)C=3C=CC=C(F)C3)C2,1.016,O=C(NCC1CCN(c2ccccc2)C1)c1ccccc1
XS171332b,CC(NC(=O)C=1C=C(F)C=CC1F)C=2C=CC(=CC2)N3C=NC=N3,0.396,O=C(NCc1ccc(-n2cncn2)cc1)c1ccccc1
XS806860b,CC1=NOC(C)=C1CN(C)C(=O)C2CC(=O)N(C2)C=3C=CC=CC3,2.762,O=C(NCc1cnoc1)C1CC(=O)N(c2ccccc2)C1
XS845688a,O=C1OC(=NN1CC(O)COC=2C=CC(F)=CC2)C=3C=CC=CC3,0.832,O=c1oc(-c2ccccc2)nn1CCCOc1ccccc1
XS745351b,CC(C)(C)CC(=O)NCC(=O)N1CC2(CCC2)C1C=3C=CC=CC3,2.386,c1ccc(C2NCC23CCC3)cc1
XS845694a,COC=1C=CC=CC1CC(=O)NC(CC(=O)O)C=2C=CC(F)=CC2,0.684,O=C(Cc1ccccc1)NCc1ccccc1
XS845692a,CC(C(=O)NC1CCCCC1)S(=O)(=O)CC=2C=CC(F)=CC2,0.32,O=C(CS(=O)(=O)Cc1ccccc1)NC1CCCCC1
XS838013b,CC1C2=NN=CN2CCN1C(=O)CN3C=C(N=N3)C=4C=CSC4,2.036,O=C(Cn1cc(-c2ccsc2)nn1)N1CCn2cnnc2C1
XS841627b,CC1CN(CC=2C=CC(=CC2)C3=CN=CO3)C=4C=CC=CC4NC1=O,1.198,O=C1CCN(Cc2ccc(-c3cnco3)cc2)c2ccccc2N1
XS406582b,COC=1C=CC=CC1C2=NC(=CS2)CN3CCCC3C(C)(C)O,7.438,c1ccc(-c2nc(CN3CCCC3)cs2)cc1
XS839724b,CNS(=O)(=O)CC(=O)NC(C=1C=CC(F)=CC1F)C(C)(C)C,0.782,c1ccccc1
XS845699a,O=C(NC1CCOC=2C=CC=CC21)C3=CN(CC=4C=CC=CC4)N=N3,0.628,O=C(NC1CCOc2ccccc21)c1cn(Cc2ccccc2)nn1
XS845705a,CCC=1C=CC(=CC1)C=2CC(C3=CC=CS3)N(N2)S(C)(=O)=O,1.148,c1ccc(C2=NNC(c3cccs3)C2)cc1
XS845700a,CC=1C=COC1C(=O)NC2CCCC3=C2C=NN3CC=4C=CC=CC4,2.41,O=C(NC1CCCc2c1cnn2Cc1ccccc1)c1ccco1
XS836929b,CC(NC=1N=CN=C2OCC(=O)NC12)C3=NC(=CS3)C(C)(C)C,0.636,O=C1COc2ncnc(NCc3nccs3)c2N1
XS845704a,COCCCCNC(=O)N1CCCC(C1)C2=NC=3C=CC=CC3O2,0.552,c1ccc2oc(C3CCCNC3)nc2c1
XS845707a,COC=1C=CC(=CN1)N(C)C(=O)C(C)NC(=O)CC2CCCCC2,0.448,O=C(CC1CCCCC1)NCC(=O)Nc1cccnc1
XS614003b,COC=1C=CC(=C(C1)OC)S(=O)(=O)N2C=3C=CC=CC3CC2C,0.532,O=S(=O)(c1ccccc1)N1CCc2ccccc21
XS845702a,CC(CN1C=CC=N1)NC(=O)C=2C=C(Cl)C=3OCCCOC3C2,0.41,O=C(NCCn1cccn1)c1ccc2c(c1)OCCCO2
XS845701a,CC(C)N1CC(CC1=O)C(=O)NC=2C=CC(=CN2)N3CCOCC3,2.118,O=C1CC(C(=O)Nc2ccc(N3CCOCC3)cn2)CN1
XS070062b,COC=1C=CC=CC1C(C)NC(=O)C=2C=CC=CC2Br,0.39,O=C(NCc1ccccc1)c1ccccc1
XS838715b,CC=1C=NC(=NC1C(=O)NC(C)C23CCC(CC2)C3)C=4C=CN(C)N4,0.652,O=C(NCC12CCC(CC1)C2)c1ccnc(-c2cc[nH]n2)n1
XS845714a,CC(C)OC=1C=C(C=CN1)C(=O)NC=2C=CC=C(C2)C3CCC(=O)N3,0.36,O=C1CCC(c2cccc(NC(=O)c3ccncc3)c2)N1
XS845716a,CC1=C(C=CN1C(C)C)C(=O)N2CCC(C2)NC=3C=CC=C(C#N)C3,1.356,O=C(c1cc[nH]c1)N1CCC(Nc2ccccc2)C1
XS845720a,CC=1C=CC(=CC1C)C2CCCN2C(=O)C=3C=C(F)C=C4NC=NC34,0.92,O=C(c1cccc2[nH]cnc12)N1CCCC1c1ccccc1
XS838685b,CN(C1=NC=2N=CC=NC2S1)C3CCC=4C=CC=CC4N(C)C3=O,0.592,O=C1Nc2ccccc2CCC1Nc1nc2nccnc2s1
XS841747b,O=C(NCCN1C(=O)COC=2C=CC=CC21)C3CCC=4NN=CC4C3,0.85,O=C(NCCN1C(=O)COc2ccccc21)C1CCc2[nH]ncc2C1
XS845710a,CN(C(=O)CNC=1C=CC=CC1C(C)(C)C)C2CCS(=O)(=O)C2,0.38,O=C(CNc1ccccc1)NC1CCS(=O)(=O)C1
XS800880b,COC(=O)C=1C=CC=C(NC(=O)C2CC(=O)NC=3C=CC=CC32)C1C,1.254,O=C1CC(C(=O)Nc2ccccc2)c2ccccc2N1
XS845719a,CCC=1C=CC=C(C1)NC2CCN(C2)C(=O)C=3C=NN(C3)C4CCC4,0.692,O=C(c1cnn(C2CCC2)c1)N1CCC(Nc2ccccc2)C1
XS528862b,O=C(C1=CSC(=N1)C=2C=COC2)N3CCC=4C=CC=CC4C3CO,0.682,O=C(c1csc(-c2ccoc2)n1)N1CCc2ccccc2C1
XS845709a,CCCNC(=O)CNC(=O)NC1CCN(C1)C=2C=CC=C(Cl)C2,0.924,c1ccc(N2CCCC2)cc1
XS838113b,COC=1C=CC2=C(N1)N(C)CCN2C(=O)C3CCC4=NC(C)=NN4C3,0.832,O=C(C1CCc2ncnn2C1)N1CCNc2ncccc21
XS839364b,FC=1C=C(Br)C=C(N1)NC2CCCOC32CCOCC3,0.382,c1ccc(NC2CCCOC23CCOCC3)nc1
XS845723a,O=C(NC1CCN(C1)C=2C=CC=C(Cl)C2)C=3C=CC4=NN=CN4C3,6.076,O=C(NC1CCN(c2ccccc2)C1)c1ccc2nncn2c1
XS845730a,CC(C)OC=1C=CC=CC1C(C)NC2=C(C#N)C(=O)N(C)C(=O)N2C,1.284,O=c1cc(NCc2ccccc2)[nH]c(=O)[nH]1
XS839136b,CS(=N)(=O)C=1C=CC=C(C1)CN2C=NC3=C(N=NN3C4CC4)C2=O,1.226,O=c1c2nnn(C3CC3)c2ncn1Cc1ccccc1
XS838772b,CC=1C=CC(=CC1)C(CC(F)(F)F)NC(=O)N(C)CC2=CNN=N2,8.956,O=C(NCc1ccccc1)NCc1c[nH]nn1
XS842198b,O=C(CN1C=NC=N1)NC(C=2C=CC=CC2)C=3C=CC=4OCCCC4C3,1.256,O=C(Cn1cncn1)NC(c1ccccc1)c1ccc2c(c1)CCCO2
XS573822b,COC=1C=CC(=CC1)CN(C(=O)CN2CCCCC(O)C2=O)C3CC3,0.556,O=C1CCCCCN1CC(=O)N(Cc1ccccc1)C1CC1
XS845742a,O=C(C=1C=CN2N=NC=C2C1)N3CCCC(C3)C4=CNC=5C=CC=CC45,3.64,O=C(c1ccn2nncc2c1)N1CCCC(c2c[nH]c3ccccc23)C1
XS669914b,CC1=NN(CC(C)C)C(C)=C1CC(=O)N2CCCC(C2)N3C=NC=N3,0.46,O=C(Cc1cn[nH]c1)N1CCCC(n2cncn2)C1
XS845737a,CC(NC(=O)C1CCC1)C(=O)NC=2C=NN(C2)C=3C=CC=CC3Cl,2.376,O=C(CNC(=O)C1CCC1)Nc1cnn(-c2ccccc2)c1
XS845738a,O=C(NC1=NC(=CS1)C=2C=CC=C(F)C2)C3CC(=O)N(C3)C4CC4,2.05,O=C(Nc1nc(-c2ccccc2)cs1)C1CC(=O)N(C2CC2)C1
XS823172b,CC(OC=1C=CC=CC1C#N)C(=O)NCC=2C=CN=C(C2)N3C=CC=N3,0.526,O=C(COc1ccccc1)NCc1ccnc(-n2cccn2)c1
XS840613c,CC=1N=C2C=CC(=CC2=NC1C)C(=O)NC(C)C=3C=CC=C(C3)[N+]([O-])=O,0.388,O=C(NCc1ccccc1)c1ccc2nccnc2c1
XS845747a,O=C(CCN1N=C(OC1=O)C2=CC=CS2)NC3CCC=4C=CC=CC43,0.76,O=C(CCn1nc(-c2cccs2)oc1=O)NC1CCc2ccccc21
XS679112b,O=C(NC1CC1)C=2C=C(N=C3C=CC=CC23)SC4CCCCNC4=O,1.116,O=C(NC1CC1)c1cc(SC2CCCCNC2=O)nc2ccccc12
XS845749a,CC(NC(=O)CN1C(=O)C=2C=CC=CC2C1=O)C=3C=CC=4OCOC4C3,1.46,O=C(CN1C(=O)c2ccccc2C1=O)NCc1ccc2c(c1)OCO2
XS845754a,O=C(NC=1C=NC=C2C=CC=CC12)C3CC(=O)NC=4C=CC(Cl)=CC43,0.726,O=C1CC(C(=O)Nc2cncc3ccccc23)c2ccccc2N1
XS706910b,CC(NC(=O)C1CCN(CC1)C=2C=CC(C#N)=CN2)C=3C=CC=C(O)C3,0.65,O=C(NCc1ccccc1)C1CCN(c2ccccn2)CC1
XS845746a,COC=1C=CC(C(N)=O)=C(C1)OC(C)C(=O)C2=C(C)NC=3C=CC=CC23,0.324,O=C(COc1ccccc1)c1c[nH]c2ccccc12
XS814928b,CC1=NN(C)C=2N=C(C)C(CCC(=O)NC(C)C3=CC=CS3)=C(C)C12,0.552,O=C(CCc1cnc2[nH]ncc2c1)NCc1cccs1
XS709077b,CN1C(=O)CC(CNC(=O)CNC(=O)C=2C=CC3=CC=CC=C3C2)C1=O,0.658,O=C(CNC(=O)c1ccc2ccccc2c1)NCC1CC(=O)NC1=O
XS845755a,CCC=1C=CC(=CC1)NC(=O)C(C)NC=2C=CC(=CC2)N3CCCC3=O,0.648,O=C(CNc1ccc(N2CCCC2=O)cc1)Nc1ccccc1
XS837010b,O=C(NNC(=O)C1CCN(C1)C(=O)C=2C=CC=CC2)C=3C=CC=C(F)N3,0.64,O=C(NNC(=O)C1CCN(C(=O)c2ccccc2)C1)c1ccccn1
XS845750a,COC=1C=CC(=CC1)OCC(O)CN(C)CC(=O)NC=2C=C(C)ON2,17.1,O=C(CNCCCOc1ccccc1)Nc1ccon1
XS687487b,CC(SC=1C=CC(=CN1)S(=O)(=O)N2CCOCC2)C=3C=CC=CC3,11.384,O=S(=O)(c1ccc(SCc2ccccc2)nc1)N1CCOCC1
XS667491b,CC=1C=C(C)N(N1)C=2C=CC(Cl)=C(N2)C(=O)NC3CCN(C)C(=O)C3,0.812,O=C1CC(NC(=O)c2cccc(-n3cccn3)n2)CCN1
XS837234b,COC=1C=CC=C2C1N=C(NC(=O)C3CCCN3C4=NC=CS4)N2C,2.372,O=C(Nc1nc2ccccc2[nH]1)C1CCCN1c1nccs1
XS723556b,O=C(CNC(=O)CC1SC=2C=CC=CC2NC1=O)NCC3=CC=CO3,0.494,O=C(CNC(=O)CC1Sc2ccccc2NC1=O)NCc1ccco1
XS841524b,COC=1C=C(C(=O)N2CCC32CCCS(=O)(=O)C3)C4=CC=CC=C4N1,3.102,O=C(c1ccnc2ccccc12)N1CCC12CCCS(=O)(=O)C2
XS845768a,CC(C)OCC=1C=CC=CC1CNC(=O)C2CCCN(C2)C(=O)C(C)C,0.41,O=C(NCc1ccccc1)C1CCCNC1
XS845767a,CC1CC=2C=CC=CC2N1C(=O)CN(C)S(=O)(=O)C=3C=CC(F)=CC3,2.24,O=C(CNS(=O)(=O)c1ccccc1)N1CCc2ccccc21
XS845760a,CC(CC(=O)N1CCC(C)(CC1)C=2C=CC=CC2)NC(=O)C=3C=CC=CC3,0.632,O=C(NCCC(=O)N1CCC(c2ccccc2)CC1)c1ccccc1
XS845761a,CC(NC(=O)C1=CC=2C=C(F)C=CC2N1)C=3C=NN(C3)CC=4C=CC=CC4,1.014,O=C(NCc1cnn(Cc2ccccc2)c1)c1cc2ccccc2[nH]1
XS838831b,CC(C(=O)NC=1C=CC(=CC1)C(C)(C)C)N2C=C(COC3COC3)N=N2,0.964,O=C(Cn1cc(COC2COC2)nn1)Nc1ccccc1
XS181966e,COC=1N=CC=CC1CNC(=O)NC(CC=2C=CC=CC2)C=3C=CC=CC3,0.738,O=C(NCc1cccnc1)NC(Cc1ccccc1)c1ccccc1
XS693226b,CC=1C=CC=C2CCCN(C(=O)C3CCCN(C3)C(=O)C4=CC=CS4)C12,0.994,O=C(c1cccs1)N1CCCC(C(=O)N2CCCc3ccccc32)C1
XS845775a,CNS(=O)(=O)C=1C=CC(=CC1)C(=O)N2CCCC2C=3C=CC=C(C3)OC,0.554,O=C(c1ccccc1)N1CCCC1c1ccccc1
XS796792b,CCN(C1CCS(=O)(=O)C1)S(=O)(=O)C=2C=CC=3OCCCOC3C2,0.36,O=S1(=O)CCC(NS(=O)(=O)c2ccc3c(c2)OCCCO3)C1
XS548987b,NC(=O)C1CN(CC2=CC=C(S2)C=3C=CC(=CC3)C(F)(F)F)CCO1,0.384,c1ccc(-c2ccc(CN3CCOCC3)s2)cc1
XS845772a,O=C(C=1C=NN(C1)CC=2C=CC=CC2)N3CCC4(C3)C(=O)NC=5C=CC=CC54,0.728,O=C(c1cnn(Cc2ccccc2)c1)N1CCC2(C1)C(=O)Nc1ccccc12
XS845774a,CC(OC=1C=CC(C#N)=CC1)C(=O)N(C)CC2=NC=3C=CSC3C(=O)N2,1.074,O=C(COc1ccccc1)NCc1nc2ccsc2c(=O)[nH]1
XS840361b,CC1=C(C(=O)NC=2C=CC=CC2F)C(C=3C=CC=CC3F)N(C)C(=O)N1C,0.828,O=C1NC=C(C(=O)Nc2ccccc2)C(c2ccccc2)N1
XS845779a,CC(C(=O)N1CCC=2C=CC=CC21)N3CCN(CC3)C=4C=CC=CC4Cl,0.532,O=C(CN1CCN(c2ccccc2)CC1)N1CCc2ccccc21
XS837838b,CC(=O)NC(C)(C)C1=NOC(=N1)C2=CC=3C=CC=CC3OC2C(F)(F)F,0.404,C1=C(c2ncno2)COc2ccccc21
XS838348b,CC(C)(C)C=1CC(ON1)C(=O)NC=2C=CC(=CC2)C3=NN=C4CCCCN34,1.008,O=C(Nc1ccc(-c2nnc3n2CCCC3)cc1)C1CC=NO1
XS812615b,CCN(C(=O)CSC1=NN=C(O1)C2=CC=CO2)C3CCS(=O)(=O)C3,1.076,O=C(CSc1nnc(-c2ccco2)o1)NC1CCS(=O)(=O)C1
XS839436b,CN(C(C(N)=O)C=1C=CC=C(F)C1)S(=O)(=O)C2=CSC=3C=CC=CC23,0.968,O=S(=O)(NCc1ccccc1)c1csc2ccccc12
XS845787a,CN1C(=NN=C1N2CCC(C)(F)C2)C=3C=C(ON3)C=4C=CC=5OCCOC5C4,1.928,c1cc2c(cc1-c1cc(-c3nnc(N4CCCC4)[nH]3)no1)OCCO2
XS845792a,COC=1C=C(C=CC1OCC=2C=CN=CC2)C(C)NC(=O)C=3N=CC=NC3N,1.062,O=C(NCc1ccc(OCc2ccncc2)cc1)c1cnccn1
XS841573b,N#CC(C=1C=CC=CC1)C=2C=CC(=CC2Cl)NC(=O)N3CC4(C3)CCOC4,7.652,O=C(Nc1ccc(Cc2ccccc2)cc1)N1CC2(CCOC2)C1
XS845793a,CNC(=O)NC(=O)C(C)SC1=NN=C(C2=CNC=3C=CC=CC23)N1C4CC4,1.328,c1ccc2c(-c3nncn3C3CC3)c[nH]c2c1
XS840397b,CC(C)N=C1C=CC(C#N)=CN1C(=O)C2CC(=O)N(C2)C=3C=CC=CC3Cl,1.552,N=c1ccccn1C(=O)C1CC(=O)N(c2ccccc2)C1
XS845782a,COC=1C=CC(F)=C2NC(=CC12)C(=O)N3CCN(CC=4C=CC=CC4)CC3C,1.368,O=C(c1cc2ccccc2[nH]1)N1CCN(Cc2ccccc2)CC1
XS764874b,CC1=NOC(C)=C1S(=O)(=O)N2CCN(CC2)C(=O)C(C)C=3C=CC=NC3,2.24,O=C(Cc1cccnc1)N1CCN(S(=O)(=O)c2cnoc2)CC1
XS056720e,CC1=CC(=NO1)NC(=O)C(C=2C=CC=CC2)N3CCN(CC3)C(=O)C4=CC=CO4,0.324,O=C(Nc1ccon1)C(c1ccccc1)N1CCN(C(=O)c2ccco2)CC1
XS836562b,CC(NC(=O)C=1CCC(=O)N(N1)C=2C=CC=CC2)C=3C=CC(=CC3)S(C)(=O)=O,9.436,O=C(NCc1ccccc1)C1=NN(c2ccccc2)C(=O)CC1
XS845800a,COC=1C=CC=C(C1)C2CCCN2S(=O)(=O)C=3C=CC=CC3Br,0.688,O=S(=O)(c1ccccc1)N1CCCC1c1ccccc1
XS845806a,CC1=CC=C(S1)S(=O)(=O)N2CCCC(C2)C(=O)N(C)C=3C=CC=CC3F,0.44,O=C(Nc1ccccc1)C1CCCN(S(=O)(=O)c2cccs2)C1
XS845799a,O=C(NCCC=1C=CC=2NC=CC2C1)N3CCCC(C3)N4CCCS4(=O)=O,0.744,O=C(NCCc1ccc2[nH]ccc2c1)N1CCCC(N2CCCS2(=O)=O)C1
XS845802a,CC1=NOC=2N=C(C=C(C(=O)OC(C)C(=O)N3CCCC3)C12)C=4C=CC(F)=CC4,0.418,O=C(OCC(=O)N1CCCC1)c1cc(-c2ccccc2)nc2oncc12
XS840957b,CC1=CC=C(S1)C(=O)N2CC3(C2)CCCN(C3)C(=O)C4CCC5=NC=NN5C4,1.13,O=C(c1cccs1)N1CC2(CCCN(C(=O)C3CCc4ncnn4C3)C2)C1
XS842334b,O=S(=O)(CC=1N=CSC1Cl)N2CCOCCC2C=3C=CC(F)=CC3,1.184,O=S(=O)(Cc1cscn1)N1CCOCCC1c1ccccc1
XS656847b,CC1=CSC(=N1)C(NC(=O)C=2C=C(C=CC2Cl)N3CCCC3=O)C4CC4,0.644,O=C(NC(c1nccs1)C1CC1)c1cccc(N2CCCC2=O)c1
XS845798a,CC(OC(=O)CCCN1C(=O)OC=2C=CC=CC21)C(=O)N(C)CC=3C=CC=CC3,1.048,O=C(COC(=O)CCCn1c(=O)oc2ccccc21)NCc1ccccc1
XS837663b,CN1N=NC=2CC(CCC21)NC(=O)NC=3C=CC=C(C3)COC=4C=CC(F)=CC4,0.404,O=C(Nc1cccc(COc2ccccc2)c1)NC1CCc2[nH]nnc2C1
XS845804a,CC1=C(C(=O)NC=2C=CC(F)=CC2)C(NC(=O)N1C)C=3C(F)=CC=CC3Cl,0.482,O=C1NC=C(C(=O)Nc2ccccc2)C(c2ccccc2)N1
XS845811a,CC=1C=C(C=CC1F)N2CC(CC2=O)C3=NC(=NO3)C=4C=CC(=CC4)S(N)(=O)=O,1.362,O=C1CC(c2nc(-c3ccccc3)no2)CN1c1ccccc1
XS056501d,CC=1N=C2C=CC=CC2=NC1COC(=O)C(C)N3C(=O)C=4C=CC=C(C4C3=O)[N+]([O-])=O,1.224,O=C(CN1C(=O)c2ccccc2C1=O)OCc1cnc2ccccc2n1
XS845816a,CCN(CC)C(=O)N1CCCC(C1)C(=O)NC2=NC(C)=C(S2)C=3C=CC=CN3,0.7,O=C(Nc1ncc(-c2ccccn2)s1)C1CCCNC1
XS842500b,CC(NC(=O)C=1C=NN(C)C1C#N)C2=NC(=CS2)C=3C=CC(Cl)=CC3Cl,2.7,O=C(NCc1nc(-c2ccccc2)cs1)c1cn[nH]c1
XS388181b,CN1C=CN=C1C(NC(=O)C2=CN=C3SCCN3C2=O)C=4C=CC(Cl)=CC4,1.944,O=C(NC(c1ccccc1)c1ncc[nH]1)c1cnc2n(c1=O)CCS2
XS845815a,COC=1C=CC2=NC(C)=C(C=C2C1)C(=O)NC(C)C3=CC(OC)=C(OC)C(=C3)OC,1.784,O=C(NCc1ccccc1)c1cnc2ccccc2c1
XS840025b,CCOC=1C=CC(=CC1)NC=2N=CC=CC2C(=O)OC(C)CN(C)S(C)(=O)=O,0.38,c1ccc(Nc2ccccn2)cc1
XS845812a,CC(NC(=O)CCC1=NC=C(O1)C=2C=CC(F)=CC2F)C=3C=CC=4OCOC4C3,0.622,O=C(CCc1ncc(-c2ccccc2)o1)NCc1ccc2c(c1)OCO2
XS845808a,COC(=O)C=1C=CC(C)=C(C1)NC(=O)N(C)C2CS(=O)(=O)C=3C=CC(Cl)=CC32,0.878,O=C(Nc1ccccc1)NC1CS(=O)(=O)c2ccccc21
XS845818a,COC=1C=C(C=CC1OC(=O)C2=CC=CO2)C3NC(=O)NC(C)=C3C(=O)OC(C)C,0.57,O=C1NC=CC(c2ccc(OC(=O)c3ccco3)cc2)N1
XS839441b,CC1=NC2=C3C=CC=NC3=NN2C(C)=C1CCC(=O)OCC4CC=5C=CC=CC5O4,1.162,O=C(CCc1cnc2c3cccnc3nn2c1)OCC1Cc2ccccc2O1
XS845817a,O=C(C1CC=2C=CC=CC2C(=O)O1)N3CCN(CC3)S(=O)(=O)C4=CC=CS4,1.572,O=C1OC(C(=O)N2CCN(S(=O)(=O)c3cccs3)CC2)Cc2ccccc21
XS841895b,CC=1C=CC(F)=C(C1)C=2C=C(NC(=O)NC3=CC=NN3C4CCS(=O)(=O)C4)NN2,0.528,O=C(Nc1cc(-c2ccccc2)n[nH]1)Nc1ccnn1C1CCS(=O)(=O)C1
XS845810a,CC(OC=1C=CC=CC1C(N)=O)C(=O)NC=2C=CC(=CC2)S(=O)(=O)N3CCCC3,0.306,O=C(COc1ccccc1)Nc1ccc(S(=O)(=O)N2CCCC2)cc1
XS845825a,O=C(NC=1C=CC=CC1)C2CCCN(C2)C=3C=CC(=CN3)S(=O)(=O)N4CCCCC4,2.026,O=C(Nc1ccccc1)C1CCCN(c2ccc(S(=O)(=O)N3CCCCC3)cn2)C1
XS680638b,O=S(=O)(C=1C=CC=C(Cl)C1F)N2CCC3(CC3C4=NN=C(O4)C=5C=CC=CC5)CC2,0.876,O=S(=O)(c1ccccc1)N1CCC2(CC1)CC2c1nnc(-c2ccccc2)o1
XS845824a,CCN1C(=O)N(CCC(=O)N2CCCC2C=3C=CC(=CC3OC)OC)C=4C=CC=CC41,0.954,O=C(CCn1c(=O)[nH]c2ccccc21)N1CCCC1c1ccccc1
XS845834a,CCC(=O)N1N=C(CC1C=2C(F)=CC=CC2Cl)C=3C=CC(=CC3)NS(C)(=O)=O,2.532,c1ccc(C2=NNC(c3ccccc3)C2)cc1
XS804017b,CCN(C(=O)C(C)OC(=O)C=1C=CC=C(C1)S(=O)(=O)N(C)C(C)C)C=2C=CC=CC2,0.394,O=C(COC(=O)c1ccccc1)Nc1ccccc1
XS845821a,COC=1C=CC(OC)=C(C1)NC(=O)C(C)OC(=O)C=2C=CC(=CC2)N3C(=O)CCC3=O,1.15,O=C(COC(=O)c1ccc(N2C(=O)CCC2=O)cc1)Nc1ccccc1
XS845829a,COC=1C=CC=CC1NC(=O)C2=C(C)NC3=NC(=NN3C2C=4C=CN=CC4)C5=CC=CS5,3.832,O=C(Nc1ccccc1)C1=CNc2nc(-c3cccs3)nn2C1c1ccncc1
XS845833a,CC=1C=CC=2C(=NNC2C1)C(=O)NCC=3C=CC=4CN(C(=O)C4C3)C5CCC(=O)NC5=O,1.326,O=C1CCC(N2Cc3ccc(CNC(=O)c4n[nH]c5ccccc45)cc3C2=O)C(=O)N1
XS047217c,CC(C)N(C(=O)CN1C(=NC=2C=CC=CC21)C3CC(=O)N(C3)C=4C=CC=CC4F)C=5C=CC=CC5,3.01,O=C(Cn1c(C2CC(=O)N(c3ccccc3)C2)nc2ccccc21)Nc1ccccc1
XS845830a,CC(NC=1C=CC=2OCCCOC2C1)C(=O)NC=3C=CC(=CC3)S(=O)(=O)N4CCCC4,0.658,O=C(CNc1ccc2c(c1)OCCCO2)Nc1ccc(S(=O)(=O)N2CCCC2)cc1
XS845831a,O=C(CN1CCCC1C=2C=CC=3OCCOC3C2)NC(=O)NC=4C=CC=5OCCOC5C4,0.934,O=C(CN1CCCC1c1ccc2c(c1)OCCO2)NC(=O)Nc1ccc2c(c1)OCCO2
XS845832a,COCCOC(=O)C1=C(C)N(C(=O)NC1C=2C=CC(=CC2)C(=O)OC)C=3C=CC=CC3,3.046,O=C1NC(c2ccccc2)C=CN1c1ccccc1
XS845843a,CCOC=1C=C2CC(C)OC2=CC1NC(C)=O,0.734,c1ccc2c(c1)CCO2
XS841675b,CC1(C)CC2(CCO1)NC(=O)C=3C=CC=CC3N2,0.858,O=C1NC2(CCOCC2)Nc2ccccc21
XS845841a,CC(C#N)SC1=NN=C(O1)C=2C=CC(F)=CC2,0.844,c1ccc(-c2nnco2)cc1
XS841639b,CCN1CN(CC1=O)C(=O)C2CC32CCCC3,0.524,O=C1CN(C(=O)C2CC23CCCC3)CN1
XS839404b,CC1(C)COCCC1C(=O)NN2C=CC=N2,10.02,O=C(Nn1cccn1)C1CCOCC1
XS837257b,CC1CNC(=O)C=2C=CC=C(Br)C21,0.452,O=C1NCCc2ccccc21
XS845842a,CCC1CCN(C1)C2=NC(=CO2)C(=O)O,1.294,c1coc(N2CCCC2)n1
XS845856a,CC(CCC1=CC=CO1)NC=2N=CN=C3C2C=NN3C,1.074,c1coc(CCCNc2ncnc3[nH]ncc23)c1
XS163410b,NC(=O)C(NC=1C=CC(Cl)=CC1)C=2C=CC=CC2,0.456,c1ccc(CNc2ccccc2)cc1
XS613361b,CC1CCCN(CC1)C2=NC=3C=CC=CC3C(=O)N2,0.464,O=c1[nH]c(N2CCCCCC2)nc2ccccc12
XS837352b,COC=1N=CC(=CC1C)C=2C=CC(=CC2)C(C)C(=O)O,0.496,c1ccc(-c2cccnc2)cc1
XS501704b,CC(NC(=O)C=1C=CC=NC1O)C(=O)N2CCCC2,0.576,O=C(NCC(=O)N1CCCC1)c1cccnc1
AR001818b,C=1C=CC2=C(C1)NC3=NC=NC(NCC4CCOC4)=C32,0.794,c1ccc2c(c1)[nH]c1ncnc(NCC3CCOC3)c12
XS397241b,COC=1C=CC=CC1C(C)NC(=O)C=2C=CC=CC2F,0.44,O=C(NCc1ccccc1)c1ccccc1
XS727017b,O=C(C1CNCCO1)N(CC=2C=CC=CC2F)C3CC3,1.518,O=C(C1CNCCO1)N(Cc1ccccc1)C1CC1
XS845873a,CC1C=2NC=3C=CC=CC3C2CCN1C(=O)C=4C=COC4,1.754,O=C(c1ccoc1)N1CCc2c([nH]c3ccccc23)C1
XS733093b,CC1C(=O)NCCN1C(=O)C=2C=CC=C(C2)C(F)(F)F,0.762,O=C1CN(C(=O)c2ccccc2)CCN1
XS845869a,O=C(O)CC(NC(=O)C1=CC=CS1)C2=CC=CS2,0.498,O=C(NCc1cccs1)c1cccs1
XS845881a,O=C1OCCC12CCCN2CC3=CC(=NN3)C=4C=CC=CC4,0.86,O=C1OCCC12CCCN2Cc1cc(-c2ccccc2)n[nH]1
XS845883a,COC=1C=CC=C(C1)CC(=O)NC2(C)CCS(=O)(=O)C2,0.38,O=C(Cc1ccccc1)NC1CCS(=O)(=O)C1
XS841381b,CC1=CC(=O)NC(=N1)NCC2CSC=3C=CC=CC3O2,1.3,O=c1ccnc(NCC2CSc3ccccc3O2)[nH]1
XS845889a,COC=1C=CC=C(C1)C(=O)N2CCCC2C=3C(C)=NNC3C,0.916,O=C(c1ccccc1)N1CCCC1c1cn[nH]c1
XS845897a,CN(CC(=O)NC(C)(C)C)C(=O)NC1CCC=2C=CC=CC21,0.38,c1ccc2c(c1)CCC2
XS837177b,CC=1OC(NC(=O)C(C)N2CCNC(=O)CC2)=C(C#N)C1C,0.404,O=C1CCN(CC(=O)Nc2ccco2)CCN1
XS448878b,CC=1C=CC=CC1C2CCN(C2)C(=O)C3=CNC=4N=CC=CC34,1.782,O=C(c1c[nH]c2ncccc12)N1CCC(c2ccccc2)C1
XS805428b,CC1=CSC(=N1)C2CCCCN2C(=O)C=3C=CC(C)=NC3,1.126,O=C(c1cccnc1)N1CCCCC1c1nccs1
XS845898a,CSC=1C=CC(=CC1)C(C)NC(=O)NCC=2C=CC=CC2,1.226,O=C(NCc1ccccc1)NCc1ccccc1
XS845891a,CC=1C=CC=C(C1)C=2CC(C3=CC=CO3)N(N2)S(C)(=O)=O,1.52,c1ccc(C2=NNC(c3ccco3)C2)cc1
XS806396b,CC(SC=1C=CC(Cl)=CC1)C(=O)N2CCNC(=O)C2,1.088,O=C1CN(C(=O)CSc2ccccc2)CCN1
XS838240b,CC1(CCC(=O)NC1=O)N2C(=O)CC3(CCCCCC3)C2=O,1.124,O=C1CCC(N2C(=O)CC3(CCCCCC3)C2=O)C(=O)N1
XS845911a,CCC(CC=1C=CC=C(C1)C=2C=NC=3C=NN(C)C3C2)C(=O)O,0.304,c1ccc(-c2cnc3cn[nH]c3c2)cc1
XS842629b,CC(CC=1C=CSC1)N(C)C(=O)NC=2C=CC=3C=CNC3C2,0.534,O=C(NCCc1ccsc1)Nc1ccc2cc[nH]c2c1
XS836466b,CC(NC(=O)C=1OC=CC1COC=2C=CC=CC2)C=3C=CON3,0.946,O=C(NCc1ccon1)c1occc1COc1ccccc1
XS841932b,COCC1=CN(N=N1)C(C)C2=NC=3C=CC=CC3N2C(F)F,0.584,c1ccc2[nH]c(Cn3ccnn3)nc2c1
XS845909a,CN1N=C(C=C1C(=O)N2CCCC2CC=3C=CC=CC3)C(=O)O,0.372,O=C(c1ccn[nH]1)N1CCCC1Cc1ccccc1
XS845905a,CC(C)C1=NN(C)C=C1NC(=O)CN2CCCCC(O)C2=O,0.52,O=C(CN1CCCCCC1=O)Nc1cn[nH]c1
XS845917a,CN1CC(CCC1=O)NC(=O)C=2C=CC=C(C2)OC3CCCC3,1.396,O=C1CCC(NC(=O)c2cccc(OC3CCCC3)c2)CN1
XS838972b,COC(=O)C1CCS(=O)(=O)N1CC=2C=CC(Cl)=C(C)C2,0.456,O=S1(=O)CCCN1Cc1ccccc1
XS841733b,O=C1ON=C(CC=2C=CC(F)=CC2)N1CC3CC(=NO3)C4CC4,5.016,O=c1onc(Cc2ccccc2)n1CC1CC(C2CC2)=NO1
XS838569b,O=C(C1=CNC=2C=CN=CC2C1=O)N3CCC(C3)C=4C=CC=CC4,2.328,O=C(c1c[nH]c2ccncc2c1=O)N1CCC(c2ccccc2)C1
XS845921a,CNC(=O)C1(COC)CCCN1C(=O)C=2C=C(C)C(C#N)=CN2,0.894,O=C(c1ccccn1)N1CCCC1
XS845918a,COC=1C=CC(=CC1)C2=NC(=CS2)C(=O)NCC3CCCO3,0.386,O=C(NCC1CCCO1)c1csc(-c2ccccc2)n1
XS454254b,CC1=NC=C(CN2CCCNC(=O)C2CC=3C=CC=CC3)S1,2.36,O=C1NCCCN(Cc2cncs2)C1Cc1ccccc1
XS722029b,CCN(C(=O)C1CCS(=O)(=O)C1)C2=NC=3C=CC=CC3S2,2.408,O=C(Nc1nc2ccccc2s1)C1CCS(=O)(=O)C1
XS845939a,CC(CCNC(=O)CN(C)C=1C=CC(C#N)=CN1)C=2C=CC=CC2,0.388,O=C(CNc1ccccn1)NCCCc1ccccc1
XS478850b,FC=1C=CC(=CC1)C2CCCN2CC3=NC(=NO3)C=4C=CC=NC4,0.456,c1ccc(C2CCCN2Cc2nc(-c3cccnc3)no2)cc1
XS836849b,CCC1=NOC=2N=CC(=CC12)C(=O)NC3CCC4=NC(C)=CN4C3,9.892,O=C(NC1CCc2nccn2C1)c1cnc2oncc2c1
XS837082b,[O-][N+](=O)C1=CN=C2C=CC(=NN12)NCC3CCOC=4C=CC=CC43,0.388,c1ccc2c(c1)OCCC2CNc1ccc2nccn2n1
XS845937a,CC(CCC1=CC=CO1)NC(=O)C=2C=CC(=CC2)S(C)(=O)=O,0.83,O=C(NCCCc1ccco1)c1ccccc1
XS839064b,CCN1N=NC=2CC(CCC21)C(=O)NC=3C=C4CCCCC4=CN3,1.47,O=C(Nc1cc2c(cn1)CCCC2)C1CCc2[nH]nnc2C1
XS839961b,CC=1N=C(N=C2CCCCC12)NS(=O)(=O)C(C)C(=O)N(C)C,0.57,c1ncc2c(n1)CCCC2
XS842135b,CCC(CNS(C)(=O)=O)NC(=O)C=1C=CC(C)=C2CCCC12,0.37,c1ccc2c(c1)CCC2
XS845944a,CCC=1C=CC(=CC1)C2CNCCN2C(=O)CC3=CC=C(C)S3,4.588,O=C(Cc1cccs1)N1CCNCC1c1ccccc1
XS845940a,CC(=O)N1CCC=2C=C(C=CC21)NC(=O)C(C)NC(=O)C3CCC3,0.64,O=C(CNC(=O)C1CCC1)Nc1ccc2c(c1)CCN2
XS506128b,CC(C)CN1C=NN=C1C2CCCN2C=3N=CN=C4C3C=NN4C,0.514,c1nc(N2CCCC2c2nnc[nH]2)c2cn[nH]c2n1
XS334956b,CC1=NOC(CC2(O)CCCN(C2)C(=O)C=3C=CNC3C4CC4)=N1,0.482,O=C(c1cc[nH]c1C1CC1)N1CCCC(Cc2ncno2)C1
XS842074b,CC=1N=C(C)N(CC2CN(CCO2)C=3N=NC(C)=C(C)C3C#N)N1,0.664,c1cnnc(N2CCOC(Cn3cncn3)C2)c1
XS845948a,CC(C)C1=NOC(CCCC(=O)NC(C)C=2C=CC(C#N)=CC2)=N1,0.37,O=C(CCCc1ncno1)NCc1ccccc1
XS584343b,O=C(CC1=CNC=2C=C(F)C=CC12)NC3CCC(=O)NC43CCC4,1.768,O=C(Cc1c[nH]c2ccccc12)NC1CCC(=O)NC12CCC2
XS709595b,CC(NC(=O)CSC=1C=CC=CC1)C=2C=CC=3OCCOC3C2,0.87,O=C(CSc1ccccc1)NCc1ccc2c(c1)OCCO2
XS845949a,CC=1C=C(C(=O)N2CCCC(CCC(=O)O)C2)C3=CC=CC=C3N1,1.218,O=C(c1ccnc2ccccc12)N1CCCCC1
XS845954a,CC1=NOC(N)=C1C(=O)OC(C)C(=O)NC=2C=CC(=CC2)C(C)C,0.382,O=C(COC(=O)c1cnoc1)Nc1ccccc1
XS845966a,CC(NC(=O)CC1=CNC=2C=CC=CC12)C=3C=CC=4NC(=O)NC4C3,0.822,O=C(Cc1c[nH]c2ccccc12)NCc1ccc2[nH]c(=O)[nH]c2c1
XS841095b,COC=1C=CC=C(C(=O)N2CCC(C2)S(=O)(=O)F)C1[N+]([O-])=O,0.62,O=C(c1ccccc1)N1CCCC1
XS332659b,CN1C=C(C=N1)C2=NC=C(S2)C(=O)N3CCCCC3CC(N)=O,0.398,O=C(c1cnc(-c2cn[nH]c2)s1)N1CCCCC1
XS845955a,CN(C(=O)C1CN(C)C(=O)C=2C=CC=CC21)C3CCC(F)(F)CC3,1.092,O=C1NCC(C(=O)NC2CCCCC2)c2ccccc21
XS616038b,CC=1C=C(NC(=O)NC2CCN(C2=O)C=3C=CC(Cl)=CC3)ON1,6.012,O=C(Nc1ccno1)NC1CCN(c2ccccc2)C1=O
XS836591b,CC=1C=CC(=CC1)C=2N=NN(N2)C(C)C3=NN=C(O3)C4=CC=CS4,1.304,c1ccc(-c2nnn(Cc3nnc(-c4cccs4)o3)n2)cc1
XS845969a,CCN1N=C(C)C(CNC=2C=CC(Cl)=C(C2)CS(C)=O)=C1C,0.47,c1ccc(NCc2cn[nH]c2)cc1
XS845971a,CC1=NN=C(O1)C2COCCN2C(=O)C3=CC=4C(C)=CC(C)=CC4N3,1.402,O=C(c1cc2ccccc2[nH]1)N1CCOCC1c1nnco1
XS842468b,CC=1C=C2OC(C)CN(CC3=NC(=O)NN3)C2=CC1Br,0.522,O=c1nc(CN2CCOc3ccccc32)[nH][nH]1
XS837950b,CC=1C=CC(=CC1)C=2CC(CNS(=O)(=O)N(C)C3CCC3)ON2,0.71,O=S(=O)(NCC1CC(c2ccccc2)=NO1)NC1CCC1
XS845973a,CC(C)CN1C=CC=C(C2=NC(=NO2)C3CC=4C=CC(F)=CC43)C1=O,0.402,O=c1[nH]cccc1-c1nc(C2Cc3ccccc32)no1
XS845976a,CC1=NN=C2CCC(CN12)NC(=O)C=3C=CC(=CC3)C4CCCCC4,0.44,O=C(NC1CCc2nncn2C1)c1ccc(C2CCCCC2)cc1
XS841399b,CCOC(=O)C=1C=NC(=NC1C)N2CC3(CCC3)C2C=4C=CC=NC4,1.13,c1cnc(N2CC3(CCC3)C2c2cccnc2)nc1
XS840232b,CN1N=CC=2C(=NC=NC21)N3CCCCC3C4=NN=C(O4)C5CCC5,0.624,c1nc(N2CCCCC2c2nnc(C3CCC3)o2)c2cn[nH]c2n1
XS845987a,O=C(CCNC(=O)NCC1CCCC=2C=CC=CC21)N3CCCCC3,1.578,O=C(NCCC(=O)N1CCCCC1)NCC1CCCc2ccccc21
XS845979a,COC=1C=CC=CC1N2CC(CC2=O)C(=O)N(C)CC=3C=NN(C)C3,1.234,O=C(NCc1cn[nH]c1)C1CC(=O)N(c2ccccc2)C1
XS845977a,COC=1C=CC=C(C1)N2CCC(CNC(=O)NC=3C=CC=CC3F)C2,0.76,O=C(NCC1CCN(c2ccccc2)C1)Nc1ccccc1
XS845982a,O=C(NCCC1CCCO1)C2CCN(CC2)C3=NC=4C=CC=CC4O3,0.376,O=C(NCCC1CCCO1)C1CCN(c2nc3ccccc3o2)CC1
XS841417b,N#CC=1C=CC=C(C1)C2CC(=NN2C=3N=CC=CN3)C=4C=CC=C(O)C4,1.522,c1ccc(C2=NN(c3ncccn3)C(c3ccccc3)C2)cc1
XS836836b,COC=1C=CC(=CC1)CC=2C(C)=NC(=NC2C)N3CCNC(=O)C3C,0.656,O=C1CN(c2ncc(Cc3ccccc3)cn2)CCN1
XS837405b,COC(=O)C1=CC(=CS1)S(=O)(=O)N2CCC(C2)N3C=CN=N3,0.574,O=S(=O)(c1ccsc1)N1CCC(n2ccnn2)C1
XS842494b,COC=1C=CN=C2C(=CC=CC12)NC(=O)NCC(C)C3=NC=CS3,1.136,O=C(NCCc1nccs1)Nc1cccc2cccnc12
XS845992a,CC=1C=C(C(=O)OC(C)C(=O)NCC=2C=CC=CC2)C3=CC=CC=C3N1,0.418,O=C(COC(=O)c1ccnc2ccccc12)NCc1ccccc1
XS846003a,COCCCCNC(=O)N1CCCC(C1)C2=NC=3C=CC=CC3S2,1.186,c1ccc2sc(C3CCCNC3)nc2c1
XS845989a,CN(C(=O)C=1C=CC=C(C#N)C1)C(C=2C=CC=C(F)C2)C=3C=CC=CN3,0.888,O=C(NC(c1ccccc1)c1ccccn1)c1ccccc1
XS845999a,CC(C)C(=O)N1CCC(CC1)NC(=O)NC(C=2C=CC=CC2)C(C)C,0.536,O=C(NCc1ccccc1)NC1CCNCC1
XS846002a,O=C(NCCNC=1N=CC=CN1)NC2CCSC=3C=CC(F)=CC32,0.372,O=C(NCCNc1ncccn1)NC1CCSc2ccccc21
XS846000a,COC1=CC(=CC(OC)=C1C)C(=O)N2CCCC(C2)C3=NN=CN3C,3.352,O=C(c1ccccc1)N1CCCC(c2nnc[nH]2)C1
XS845990a,O=C(CCCOC=1C=CC=CC1Cl)N2CCCC(C2)C3=CC=NN3,0.51,O=C(CCCOc1ccccc1)N1CCCC(c2ccn[nH]2)C1
XS175126c,CC(=O)NC(C)C(=O)NC=1C=CC=2N=C(SC2C1)N3CCOCC3,1.494,c1ccc2sc(N3CCOCC3)nc2c1
XS845998a,O=C(CS(=O)CC1=CSC(=N1)C=2C=CC=CC2)NC3CCCC3,0.828,O=C(CS(=O)Cc1csc(-c2ccccc2)n1)NC1CCCC1
XS837723b,CC=1C=C(C)N(N1)C=2C=CN=C(N2)NC(C)C=3C=CC=4C=CN(C)C4C3,0.752,c1cnn(-c2ccnc(NCc3ccc4cc[nH]c4c3)n2)c1
XS846019a,CN1C(=NC=2C=CC=CC21)C3CCCCN3S(=O)(=O)C=4C=CC=CC4,1.386,O=S(=O)(c1ccccc1)N1CCCCC1c1nc2ccccc2[nH]1
XS420030b,CC=1C=CC=CC1C(C)(C)CNC(=O)C2CC(=O)N(CC(F)(F)F)C2,0.576,O=C1CC(C(=O)NCCc2ccccc2)CN1
XS846020a,CCOC(=O)C=1C=CC=C(C1)S(=O)(=O)N2CCCCC2C(=O)NC,0.412,O=S(=O)(c1ccccc1)N1CCCCC1
XS840866b,O=C(NCCOC(=O)C1CC(=O)N(C1)C=2C=CC=CC2)C=3C=CN=CC3,1.024,O=C(NCCOC(=O)C1CC(=O)N(c2ccccc2)C1)c1ccncc1
XS846017a,O=S1(=O)CC(C2=NC(=NO2)C=3C=CC4=CC=CC=C4N3)C5(CCC5)C1,11.682,O=S1(=O)CC(c2nc(-c3ccc4ccccc4n3)no2)C2(CCC2)C1
XS846018a,CC(C)N1N=CC=2CCC(CC21)NC(=O)CC3=CNC=4C=CC(O)=CC34,0.686,O=C(Cc1c[nH]c2ccccc12)NC1CCc2cn[nH]c2C1
XS846013a,COC(=O)C=1C=CC=C(C1)NC(=O)C2CC(=O)N(CC=3C=CC=CC3)C2,1.784,O=C(Nc1ccccc1)C1CC(=O)N(Cc2ccccc2)C1
XS840284b,CCOC(=O)C1=C(NC2=NN=NN2C1C=3C=CSC3)C=4C=CC=CC4,0.42,C1=C(c2ccccc2)Nc2nnnn2C1c1ccsc1
XS839995b,N#CC=1C=CC(=NC1)OC2CCN(C2)C(=O)CC3=NOC=4C=CC(F)=CC34,9.47,O=C(Cc1noc2ccccc12)N1CCC(Oc2ccccn2)C1
XS846034a,COC1=CN(N=C1C(=O)NC(C)C=2C=CC(F)=C(F)C2)C=3C=CC=CC3,1.068,O=C(NCc1ccccc1)c1ccn(-c2ccccc2)n1
XS846023a,O=C(CCC(=O)N1CCC(=N1)C=2C=CC=CC2)NC3CCC=4C=CC=CC43,0.77,O=C(CCC(=O)N1CCC(c2ccccc2)=N1)NC1CCc2ccccc21
XS837681b,O=C(C1CC1(F)F)N2CC3(C2)CN(C3)C=4N=CC(Br)=CN4,0.966,O=C(C1CC1)N1CC2(C1)CN(c1ncccn1)C2
XS846021a,O=C(C=1C=CC(=NC1)N2CCCCCC2)N3CCC(C3)NC=4C=CC=CC4,2.568,O=C(c1ccc(N2CCCCCC2)nc1)N1CCC(Nc2ccccc2)C1
XS846024a,CC(NC=1C=CC(=CC1)N2CCCC2=O)C(=O)NC=3C=CC(F)=C(F)C3,0.358,O=C(CNc1ccc(N2CCCC2=O)cc1)Nc1ccccc1
XS838347b,CC(NC(=O)CNC=1C=CC(=CN1)C=2N=NNN2)C=3C=CC=C(C3)C4CC4,0.988,O=C(CNc1ccc(-c2nn[nH]n2)cn1)NCc1cccc(C2CC2)c1
XS840409b,O=C(CN1CCCC=2C=CC=CC21)NNC(=O)C3COC=4C=CC=CC4O3,4.096,O=C(CN1CCCc2ccccc21)NNC(=O)C1COc2ccccc2O1
XS846035a,COC=1C=CC(=CC1F)CC(=O)NC(C2=NC=CN2C)C=3C=CC=C(F)C3,6.282,O=C(Cc1ccccc1)NC(c1ccccc1)c1ncc[nH]1
XS840482b,CN(C(=O)COC(=O)C12CC3CC(CC(C3)C2)C1)C4CCS(=O)(=O)C4,0.564,O=C(COC(=O)C12CC3CC(CC(C3)C1)C2)NC1CCS(=O)(=O)C1
XS841740b,CNC(=O)C(F)(F)C1(O)CCN(C1)C(=O)C2=CNN=C2C3CCCCC3,1.674,O=C(c1c[nH]nc1C1CCCCC1)N1CCCC1
XS846038a,CC1=CC(C)=NN1CCCNC(=O)C2CC(=O)N(CCC=3C=CC=CC3)C2,0.742,O=C(NCCCn1cccn1)C1CC(=O)N(CCc2ccccc2)C1
XS583251b,CN1C(CNC(=O)N2CCC(F)(F)C(CO)C2)=NC=3C=CC=C(Cl)C31,1.156,O=C(NCc1nc2ccccc2[nH]1)N1CCCCC1
XS846045a,O=C(NC=1C=CC=C(C1)C(F)(F)F)C2CC(=O)N(CCC=3C=CC=CC3)C2,1.222,O=C(Nc1ccccc1)C1CC(=O)N(CCc2ccccc2)C1
XS842523b,CCC(C)(CNC(=O)C=1C=CC=2C=NNC2C1)NC(=O)C3=CC(Cl)=CN3C,0.568,O=C(NCCNC(=O)c1ccc[nH]1)c1ccc2cn[nH]c2c1
XS839158b,CN1CCN(C(C#N)C1)S(=O)(=O)C=2C=CC(=CC2)OCC3CCCCC3,1.072,O=S(=O)(c1ccc(OCC2CCCCC2)cc1)N1CCNCC1
XS802721b,CN1C=C(C=N1)C2=NC(=NO2)C3CCCCCN3C(=O)C=4C=C(NN4)C5CC5,0.834,O=C(c1cc(C2CC2)[nH]n1)N1CCCCCC1c1noc(-c2cn[nH]c2)n1
XS752652b,CC(C1=NC=2C=CC=CC2S1)N(C)CC(=O)N3CC(=O)NC=4C=CC=CC43,1.772,O=C1CN(C(=O)CNCc2nc3ccccc3s2)c2ccccc2N1
XS846042a,CCOC=1C=C(C=CC1OC)C(=O)N2CCCC(C2)C(=O)N(C)CCOC,0.756,O=C(c1ccccc1)N1CCCCC1
XS846051a,CCC(NC(=O)C=1C=CC2=C(C1)CCCN2S(C)(=O)=O)C=3C=CC(C)=CC3,1.548,O=C(NCc1ccccc1)c1ccc2c(c1)CCCN2
XS846050a,O=C(NC=1C=CC=C(C1)C2CCCC(=O)N2)C(=O)C3=CNC=4C=CC(F)=CC34,1.57,O=C1CCCC(c2cccc(NC(=O)C(=O)c3c[nH]c4ccccc34)c2)N1
XS846047a,CNC(=O)C=1C=CC(C)=C(C1)NC(=O)C=2CC(C(N)=O)N(N2)C=3C=CC=CC3,0.95,O=C(Nc1ccccc1)C1=NN(c2ccccc2)CC1
XS841628b,CC(=O)N1CCC(C=2C=CC=CC21)N3C=C(N=N3)C=4C=CC=CC4OC(F)F,0.4,c1ccc(-c2cn(C3CCNc4ccccc43)nn2)cc1
XS846046a,CN(CC=1C=CC(=CC1)C(C)(C)C)C(=O)C2CC(=O)N(CC=3C=CC=CN3)C2,0.432,O=C(NCc1ccccc1)C1CC(=O)N(Cc2ccccn2)C1
XS836722b,CC(NS(=O)(=O)C=1C=CC=CC1F)C(=O)N2CC=C(CC2)C=3C=CC=CC3,0.576,O=C(CNS(=O)(=O)c1ccccc1)N1CC=C(c2ccccc2)CC1
XS842132b,CCOC(=O)C1CC=2C=C(C=CC2O1)S(=O)(=O)N(C)C=3C=CC=C(N3)OC,0.9,O=S(=O)(Nc1ccccn1)c1ccc2c(c1)CCO2
XS846055a,COC=1C=CC(=C(C1)OC)C2CCCN2S(=O)(=O)C=3C=CC(=CC3)C(N)=O,2.11,O=S(=O)(c1ccccc1)N1CCCC1c1ccccc1
XS846056a,CN(C(=O)COC(=O)C1=NN(C)C(=O)C=2C=CC=CC12)C3CCS(=O)(=O)C3,1.73,O=C(COC(=O)c1n[nH]c(=O)c2ccccc12)NC1CCS(=O)(=O)C1
XS838354b,CC1(CCCN(C1)C(=O)C=2C=CC(F)=CC2N)NC(=O)C=3C=CC=4NC=CC4N3,0.382,O=C(NC1CCCN(C(=O)c2ccccc2)C1)c1ccc2[nH]ccc2n1
XS846057a,CC=1C=CC=C(C1)C(=O)NCC(=O)NC(CC2=CNC=3C=C(F)C=CC23)C(=O)O,0.376,O=C(CNC(=O)c1ccccc1)NCCc1c[nH]c2ccccc12
XS846054a,COC(=O)CC(NC(=O)C1=CN(C)C=2C=CC=CC12)C=3C=CC(OC)=C(C3)OC,0.616,O=C(NCc1ccccc1)c1c[nH]c2ccccc12
XS840242b,CC(C)OC=1C=CC(=CC1Cl)NC(=O)N2CCCC(C2)C=3C=CN=C(N)N3,0.568,O=C(Nc1ccccc1)N1CCCC(c2ccncn2)C1
XS836872b,CCC(NC(=O)NC=1C=CC=C(C1)OCCS(C)(=O)=O)C=2C=NN(C2)CC,0.428,O=C(NCc1cn[nH]c1)Nc1ccccc1
XS846053a,CC=1C=CC=C(C1)CN2C(=NC=3C=CC=CC32)C4CC(=O)N(C4)C=5C=CC=CC5F,3.986,O=C1CC(c2nc3ccccc3n2Cc2ccccc2)CN1c1ccccc1
XS824458b,CCC(OC=1C=CC=CC1)C(=O)N2CCC(CC2)C(=O)NC=3C=CC=4OCOC4C3,0.49,O=C(Nc1ccc2c(c1)OCO2)C1CCN(C(=O)COc2ccccc2)CC1
XS840479b,CC(OC(=O)CN(C)S(=O)(=O)C=1C=CC(F)=CC1)C(=O)N2CCC=3C=CC=CC32,2.334,O=C(CNS(=O)(=O)c1ccccc1)OCC(=O)N1CCc2ccccc21
XS846076a,CSC=1C=CC=CC1NC(=O)CN(C)C(=O)C2CC(=O)N(C2)C=3C=CC=CC3F,2.402,O=C(CNC(=O)C1CC(=O)N(c2ccccc2)C1)Nc1ccccc1
XS840384b,CC1C=2C=CSC2CCN1C=3C=CC(=CC3[N+]([O-])=O)S(=O)(=O)NC(C)(C)C,0.656,c1ccc(N2CCc3sccc3C2)cc1
XS842647b,CC(C1=NC=2C=CC=CC2N1C(F)F)N3CCN(CC3)C=4N=CN=C5C4C=NN5C,0.406,c1ccc2[nH]c(CN3CCN(c4ncnc5[nH]ncc45)CC3)nc2c1
XS828292b,CC(OC(=O)C=1C=CC=2N=CSC2C1)C(=O)NC=3C=CC(=CC3)S(N)(=O)=O,0.526,O=C(COC(=O)c1ccc2ncsc2c1)Nc1ccccc1
XS846074a,CN(C(=O)C1CCN(CC1)S(=O)(=O)C=2C=CC=NC2)C3CCCC=4C=CC=CC43,0.592,O=C(NC1CCCc2ccccc21)C1CCN(S(=O)(=O)c2cccnc2)CC1
XS841433b,COC=1C=CC(=CC1)C(NC(=O)C2CCN(CC2)C3=CN=CC4=NN=NN34)C(C)C,1.494,O=C(NCc1ccccc1)C1CCN(c2cncc3nnnn23)CC1
XS846068a,CC(C)C(NC(=O)C=1C=CC=CC1)C(=O)N2CC=C(CC2)C3=CNC=4C=CC=CC34,0.368,O=C(NCC(=O)N1CC=C(c2c[nH]c3ccccc23)CC1)c1ccccc1
XS846071a,O=C(COC=1C=C(Cl)C=CC1Cl)NCC(C=2C=CC=CC2)N3CCOCC3,0.646,O=C(COc1ccccc1)NCC(c1ccccc1)N1CCOCC1
XS846066a,CN(CC=1C=CC(=CC1)N2CCOCC2)C(=O)C3CC(=O)N(C3)C=4C=CC=CC4F,4.308,O=C(NCc1ccc(N2CCOCC2)cc1)C1CC(=O)N(c2ccccc2)C1
XS846070a,CCN(CC(=O)NC=1C=CC=2OCCOC2C1)C(=O)C(C)OC=3C=CC(Cl)=CC3,0.698,O=C(COc1ccccc1)NCC(=O)Nc1ccc2c(c1)OCCO2
XS840289b,CC1C2=CC=CN2CCN1C(=O)CCC3=NC=4C=C(C=CC4N3C)S(=O)(=O)N(C)C,3.208,O=C(CCc1nc2ccccc2[nH]1)N1CCn2cccc2C1
XS841460b,O=C(CCCS(=O)(=O)C=1C=CC(Cl)=CC1)NC(CO)C=2C=CC(=CC2)C(F)(F)F,0.392,O=C(CCCS(=O)(=O)c1ccccc1)NCc1ccccc1
XS836752b,CN(CC(=O)N1N=C(CC1C2=CC=CO2)C3=CC=CO3)CC4=NC=5C=CC=CC5C(=O)N4,2.472,O=C(CNCc1nc2ccccc2c(=O)[nH]1)N1N=C(c2ccco2)CC1c1ccco1
XS846089a,COC=1C=CC(=CC1NC(=O)C2CC(=O)N(C2)C=3C=CC=CC3OC)S(=O)(=O)N4CCCCCC4,4.36,O=C(Nc1cccc(S(=O)(=O)N2CCCCCC2)c1)C1CC(=O)N(c2ccccc2)C1
XS003451d,COC=1C=CC(=C(C1)OC)C2CCCN2C(=O)C=3C=NC4=C(C3)C(=O)N(C)C(=O)N4C,2.898,O=C(c1cnc2[nH]c(=O)[nH]c(=O)c2c1)N1CCCC1c1ccccc1
XS846087a,O=C(C=1CCC(=O)N(N1)C=2C=CC=CC2)N(CC=3C=CC=CC3)C4CCS(=O)(=O)C4,0.674,O=C1CCC(C(=O)N(Cc2ccccc2)C2CCS(=O)(=O)C2)=NN1c1ccccc1
XS839024b,COC=1C=CC(=CC1)CN(CCO)C(=O)NC2CCCC=3C=4C=C(C=CC4NC32)OC,0.458,O=C(NCc1ccccc1)NC1CCCc2c1[nH]c1ccccc21
XS846081a,CCN1C(=NC=2C=CC=CC21)SCC(=O)N(CC=3C=CC=CC3)C4CCS(=O)(=O)C4,1.0,O=C(CSc1nc2ccccc2[nH]1)N(Cc1ccccc1)C1CCS(=O)(=O)C1
XS840442b,COC(=O)C1=CC=C(O1)C(C)N2CCN(CC2)S(=O)(=O)C=3C=C(C=CC3C)[N+]([O-])=O,0.498,O=S(=O)(c1ccccc1)N1CCN(Cc2ccco2)CC1
XS840375b,COC(=O)C(C=1C=CC(F)=CC1)N2CCN(CC2)C(=O)C=3C=C4C=C(C)C=CC4=NC3C,1.208,O=C(c1cnc2ccccc2c1)N1CCN(Cc2ccccc2)CC1
XS846083a,CN(C(=O)COC(=O)C=1C=C(N=C2C=CC=CC12)C=3C=CC=CC3)C4CCS(=O)(=O)C4,0.862,O=C(COC(=O)c1cc(-c2ccccc2)nc2ccccc12)NC1CCS(=O)(=O)C1
XS838882b,CCC(C)C(=O)NC=1ON=C(C)C1C#N,10.292,c1cnoc1
XS846099a,O=C1NC(NC=2C=CC=CC12)C=3C=CC=CC3,1.35,O=C1NC(c2ccccc2)Nc2ccccc21
XS837455b,CN1CC(=O)NC1C=2C=CC=C3CC(C)(C)OC23,0.998,O=C1CNC(c2cccc3c2OCC3)N1
XS841164b,COC1CNC=2C=CC(Br)=CC2C1,0.704,c1ccc2c(c1)CCCN2
XS839955b,COC(CNC=1C=C(C#N)C=CN1)C(C)(C)C,0.452,c1ccncc1
XS846097a,O=C(NC1CCC=2C=CC=CC21)C3=CC=CO3,0.416,O=C(NC1CCc2ccccc21)c1ccco1
XS846110a,COC=1C=CC(=CN1)NC(C)C(=O)NC(C)(C)C,0.424,c1ccncc1
XS841928b,FC1(F)CC1CN2C=NC(COC=3C=CC=CC3)=N2,1.886,c1ccc(OCc2ncn(CC3CC3)n2)cc1
XS838977b,COC(=O)C=1C(C)=C2C=CC=CC2=NC1C3CCOC3,0.622,c1ccc2nc(C3CCOC3)ccc2c1
XS846105a,CC=1N=C2CCC(CN2N1)NC3=NC=4C=CC=CC4O3,1.886,c1ccc2oc(NC3CCc4ncnn4C3)nc2c1
XS838291b,C1=CC2=CN=CC(OCCC3CCCCO3)=C2N=C1,0.36,c1cnc2c(OCCC3CCCCO3)cncc2c1
XS846107a,CC(C(=O)NCC1CC1)C2=CN(C)C=3C=CC=CC23,0.696,O=C(Cc1c[nH]c2ccccc12)NCC1CC1
XS846124a,CC=1C=CC=C(C1)CCC(=O)N2CCN3C=CC=C3C2C,0.652,O=C(CCc1ccccc1)N1CCn2cccc2C1
XS846113a,O=C(COC=1C=CC=NC1)N2CCCC(C2)N3C=CC=N3,0.524,O=C(COc1cccnc1)N1CCCC(n2cccn2)C1
XS839856b,COCC1CN(CCO1)C=2C(=CC=CC2[N+]([O-])=O)OC,0.342,c1ccc(N2CCOCC2)cc1
XS846121a,CC(SC=1C=CC(Cl)=CN1)C(=O)N2CCCCC2,0.676,O=C(CSc1ccccn1)N1CCCCC1
XS842140b,CC1C(=O)N(C)CCN1C2=NN=C(S2)C=3C=CON3,1.454,O=C1CN(c2nnc(-c3ccon3)s2)CCN1
XS846123a,O=C(NC1CCCC=2OC=CC21)C3=CC=4C=CC=CC4N3,1.516,O=C(NC1CCCc2occc21)c1cc2ccccc2[nH]1
XS846120a,COC(=O)C=1OC=CC1C2NC=3C=CC=CC3C(=O)N2C,2.134,O=C1NC(c2ccoc2)Nc2ccccc21
XS846119a,CCOC=1C=CC(=CC1)C(=O)NC2CCC=3C=CC=CC32,0.428,O=C(NC1CCc2ccccc21)c1ccccc1
XS846116a,O=C(NC=1C=CC=2N=CSC2C1)C3CCNC(=O)C3,0.556,O=C1CC(C(=O)Nc2ccc3ncsc3c2)CCN1
XS516353b,CN1N=NC=C1C(=O)N2CCCC(C)(C2)C=3C=CC=CC3,0.78,O=C(c1cnn[nH]1)N1CCCC(c2ccccc2)C1
XS846133a,CC(NC=1C=CC=2OCCCOC2C1)C(=O)N3CCCC3,0.698,O=C(CNc1ccc2c(c1)OCCCO2)N1CCCC1
XS836931b,CC(OC=1C=CC(=CC1)C=2C=CC3=NC=CC=C3C2)C(=O)O,0.976,c1ccc(-c2ccc3ncccc3c2)cc1
XS842072b,CC1(C)COC(CS(=O)(=O)NCCC=2C=NNC2)C1,6.202,O=S(=O)(CC1CCCO1)NCCc1cn[nH]c1
XS846132a,CC=1C=CSC1C(=O)N2CCCC(C2)C3=NN=CN3C,0.924,O=C(c1cccs1)N1CCCC(c2nnc[nH]2)C1
XS846135a,CC(NC=1N=CN=C2C1C=NN2C)C(=O)N3CCCCC3,1.816,O=C(CNc1ncnc2[nH]ncc12)N1CCCCC1
XS846134a,CC1=CN=C(NC(=O)C2CC=3C=CC=CC3C(=O)O2)S1,1.178,O=C1OC(C(=O)Nc2nccs2)Cc2ccccc21
XS739579b,CC=1C=CC(Cl)=CC1C(=O)N2CCCC(O)(C2)C(N)=O,0.592,O=C(c1ccccc1)N1CCCCC1
XS846130a,O=C(NC1=NC=C(CCO)S1)C2CCCC=3NN=CC32,0.54,O=C(Nc1nccs1)C1CCCc2[nH]ncc21
XS841978b,CC1=CC=C(S1)C(C)C(=O)N2CCC(CC2)C=3N=CON3,0.38,O=C(Cc1cccs1)N1CCC(c2ncon2)CC1
XS846141a,CC1C2=CC=CN2CCN1C(=O)CC=3C=CC=C4C=CC=CC34,2.458,O=C(Cc1cccc2ccccc12)N1CCn2cccc2C1
XS846144a,CC1=CC=C(CNC(=O)C2CC=3C=CC=CC3C(=O)O2)S1,0.462,O=C1OC(C(=O)NCc2cccs2)Cc2ccccc21
XS838929b,O=C1C(=NC=CN1C2CC2)NC=3C=CC(=CC3)C4CC4(F)F,0.444,O=c1c(Nc2ccc(C3CC3)cc2)nccn1C1CC1
XS744058b,CC1C2=CC=CN2CCN1C(=O)CNC(=O)CC3CCCC3,0.44,O=C(CC1CCCC1)NCC(=O)N1CCn2cccc2C1
XS540604b,CC1CC(=O)NC=2C=CC=CC2N1CC3=NC(=NO3)C4CC4,0.378,O=C1CCN(Cc2nc(C3CC3)no2)c2ccccc2N1
XS838208b,CC=1C=CC(=CC1)OCCN2CC=3NC(=O)NC(C)C3C2=O,0.582,O=C1NCC2=C(CN(CCOc3ccccc3)C2=O)N1
XS562928b,COC=1C=CC=CC1C2=NOC(=N2)C3CSCN3C(C)=O,1.478,c1ccc(-c2noc(C3CSCN3)n2)cc1
XS841096b,CC(C=1C=CC=CC1)N(C)C(=O)N2CC(C2)S(=O)(=O)F,0.516,O=C(NCc1ccccc1)N1CCC1
XS846152a,O=C(CN1C=CC=N1)N2CCCC2C=3C=CC=4OCCOC4C3,0.494,O=C(Cn1cccn1)N1CCCC1c1ccc2c(c1)OCCO2
XS576226b,CC1(C)CN(CC(COC=2C=CC=CC2)O1)C(=O)CC(N)=O,0.55,c1ccc(OCC2CNCCO2)cc1
XS841341b,CC=1N=NC(O)=C(CNC(=O)C2CC=CC=3C=CC=CC32)C1C,0.318,O=C(NCc1ccnnc1)C1CC=Cc2ccccc21
XS846155a,O=C(C=1C=CN=C2NC(=O)CC12)N3CCC(C3)C=4C=CC=CC4,1.044,O=C1Cc2c(C(=O)N3CCC(c4ccccc4)C3)ccnc2N1
XS837936b,[O-][N+](=O)C=1C=CC=CC1NC(=O)CNC(CO)C(F)(F)F,0.414,c1ccccc1
XS846149a,CC1=NOC(Cl)=C1CC(=O)N2CCCC(C2)N3C=CC=N3,0.702,O=C(Cc1cnoc1)N1CCCC(n2cccn2)C1
XS469474b,O=C(CC1=CNC=2C=CC=CC12)N3CCOCC3C4=CC=CO4,0.528,O=C(Cc1c[nH]c2ccccc12)N1CCOCC1c1ccco1
XS846157a,O=C(C1CCC(=O)NC1)N(CC2=CC=CO2)CC=3C=CC=CC3,0.904,O=C1CCC(C(=O)N(Cc2ccccc2)Cc2ccco2)CN1
XS839034b,CC(C(=O)NC1=CN=NS1)C=2C=CC=C(Br)C2,1.048,O=C(Cc1ccccc1)Nc1cnns1
XS629957b,O=C(C=1C=CC=2CCCCC2C1)N3CCCC(C3)C4=CC=NN4,0.452,O=C(c1ccc2c(c1)CCCC2)N1CCCC(c2ccn[nH]2)C1
XS013551f,OC=1C=CC2=CC=CC=C2C1C(C=3C=CC=NC3)N4CCOCC4,1.006,c1cncc(C(c2cccc3ccccc23)N2CCOCC2)c1
XS846164a,CCOC=1C=CC(=CC1)CC(=O)OC(C)C(=O)NC2CCCC2,1.6,O=C(COC(=O)Cc1ccccc1)NC1CCCC1
XS846167a,CCOC=1C=CC=C2NC(=CC12)C(=O)NCC(C)(O)C3CCC3,0.858,O=C(NCCC1CCC1)c1cc2ccccc2[nH]1
XS592981b,CCCC1=NOC(CCC(=O)N2CCCC(C2)N3C=NC=N3)=N1,0.38,O=C(CCc1ncno1)N1CCCC(n2cncn2)C1
XS840296b,COC=1C=CC=C2C1CCC2NC(=O)CN3C=NC=C3C(=O)O,5.28,O=C(Cn1ccnc1)NC1CCc2ccccc21
XS837575b,CC1=NOC(C)=C1C(C)CNC(=O)C=2C=NC3=C(C2)N=NN3C,1.45,O=C(NCCc1cnoc1)c1cnc2[nH]nnc2c1
XS846162a,CCN1C=C(C=N1)C(=O)NC2CCN(C2)C=3C=CC=C(Cl)C3,1.678,O=C(NC1CCN(c2ccccc2)C1)c1cn[nH]c1
XS846165a,NC(=O)C(NC(=O)CC=1C=CC=C2C=CC=NC12)C=3C=CC=CC3,1.02,O=C(Cc1cccc2cccnc12)NCc1ccccc1
XS846159a,CC=1C=CC=CC1C2(CNC(=O)C(C)NC(N)=O)CCCCC2,0.4,c1ccc(C2CCCCC2)cc1
XS616357b,CN1N=C(C=CC1=O)C(=O)NC(C=2C=CC=CC2)C=3C=CC=CN3,0.792,O=C(NC(c1ccccc1)c1ccccn1)c1ccc(=O)[nH]n1
XS846168a,CC(=O)N1C=CC=2C=CC=CC2C1CC(=O)N3CCSCC3,2.796,O=C(CC1NC=Cc2ccccc21)N1CCSCC1
XS846161a,CC1=CC(=NN1)C2CCCN(C2)C(=O)COC=3C=CC=C(F)C3,0.374,O=C(COc1ccccc1)N1CCCC(c2cc[nH]n2)C1
XS839273b,CN(C=1C=NC(=CN1)C(F)(F)F)C(CO)C=2C=CC=CC2F,0.506,c1ccc(CNc2cnccn2)cc1
XS840321b,COC(=O)C(C=1C=CC=C(F)C1)N(C)C(=O)C=2N=NC=CC2C,0.72,O=C(NCc1ccccc1)c1cccnn1
XS585237b,CC1=NN=C2CN(C)C(CN12)C(=O)N(C)C3CC=4C=CC=CC4C3,0.94,O=C(NC1Cc2ccccc2C1)C1Cn2cnnc2CN1
XS836891b,N#CC=1C=C(NC(=O)C2CCC(=O)N(CC=3C=CC=CC3)C2)NN1,0.608,O=C(Nc1ccn[nH]1)C1CCC(=O)N(Cc2ccccc2)C1
XS841520b,CC1(C)CC(CCS1(=O)=O)NC=2N=CC=3CCCCCC3N2,0.602,O=S1(=O)CCC(Nc2ncc3c(n2)CCCCC3)CC1
XS846179a,NC(=O)C1CCN(C1)C(=O)C2=CC=3C(Cl)=C(Cl)C=CC3N2,1.68,O=C(c1cc2ccccc2[nH]1)N1CCCC1
XS846172a,CC=1C=C(C)N2N=C(N=C2N1)C(=O)N3CCCC3C=4C=NN(C)C4,0.836,O=C(c1nc2ncccn2n1)N1CCCC1c1cn[nH]c1
XS807212b,CC1=CN(CC(=O)N2CCCC2C=3C=NN(C)C3)C=4C=CC=CC14,3.534,O=C(Cn1ccc2ccccc21)N1CCCC1c1cn[nH]c1
XS733000b,O=C(C1=CC=2C=CC=CC2OC1=O)N(C3CC3)C4CC(=O)NC4=O,0.676,O=C1CC(N(C(=O)c2cc3ccccc3oc2=O)C2CC2)C(=O)N1
XS837199b,CS(=O)(=O)N1CCCCC1C(=O)NC=2C=NC=3NN=CC3C2,0.704,O=C(Nc1cnc2[nH]ncc2c1)C1CCCCN1
XS617080b,CN(C(=O)NC=1C=CN=CC1)C2CCCN(C=3C=CC=CC3)C2=O,3.728,O=C(Nc1ccncc1)NC1CCCN(c2ccccc2)C1=O
XS589112b,CC1=CC(=NN1C(C)(C)C)C(=O)NC(CCO)C2CCCCC2,0.34,O=C(NCC1CCCCC1)c1cc[nH]n1
XS838551b,N#CC1(CC2=CN(CC3COCCC3(F)F)N=N2)CCCCC1,0.924,c1c(CC2CCCCC2)nnn1CC1CCCOC1
XS838756b,CC1=CC=2C(=CSC2S1)CCN3C(=O)NCC(C)(O)C3=O,0.604,O=C1CCNC(=O)N1CCc1csc2sccc12
XS846182a,CC(C)C1=NC=2C=C(C=CC2O1)NC(C(N)=O)C=3C=CC(F)=CC3,1.666,c1ccc(CNc2ccc3ocnc3c2)cc1
XS840520b,COCC(C)NC(=O)C1=CC=2C(=O)N3C=C(C)C=CC3=NC2S1,1.294,O=c1c2ccsc2nc2ccccn12
XS838048b,[O-][N+](=O)C=1C=CC=2NN=C(C(=O)N3CCC(C3)C=4C=CON4)C2C1,0.77,O=C(c1n[nH]c2ccccc12)N1CCC(c2ccon2)C1
XS612607b,O=C(C=1C=CC(=NC1)OCC2CC2)N3CCCC(C3)C4=CC=NN4,0.446,O=C(c1ccc(OCC2CC2)nc1)N1CCCC(c2ccn[nH]2)C1
XS846183a,CC=1C=CC(=CC1)CC(CO)CNC(=O)CCOC=2C=CC=CC2,3.246,O=C(CCOc1ccccc1)NCCCc1ccccc1
XS846180a,COC=1C=CC(=C(C1)OC)C2CC(=NN2C(C)=O)C=3C=CSC3,5.078,c1ccc(C2CC(c3ccsc3)=NN2)cc1
XS846189a,CCC=1C=CC(=CC1)NC(=O)C(C)NC=2C=CC=3OCCOC3C2,1.498,O=C(CNc1ccc2c(c1)OCCO2)Nc1ccccc1
XS144793d,COC=1C=CC(C)=CC1NC(C)C(=O)NC(=O)NC=2C=CC=CC2,4.376,O=C(CNc1ccccc1)NC(=O)Nc1ccccc1
XS846181a,CC(C)N1CC(CC1=O)NC=2N=CN=C3SC=4CCCCC4C23,5.38,O=C1CC(Nc2ncnc3sc4c(c23)CCCC4)CN1
XS658617b,CC1=NOC(=N1)C2CCCN(C2)C(=O)CC=3C=CC=4OCOC4C3,0.552,O=C(Cc1ccc2c(c1)OCO2)N1CCCC(c2ncno2)C1
XS476041b,CSCCC(NC(=O)COC=1C=CC=CC1)C(=O)N2CCCC2,0.8,O=C(COc1ccccc1)NCC(=O)N1CCCC1
XS655413b,O=C(NC=1C=CC=CC1Cl)N2CCC(C2)C3=CC(=O)NC(=O)N3,1.242,O=C(Nc1ccccc1)N1CCC(c2cc(=O)[nH]c(=O)[nH]2)C1
XS846191a,COCC1(CCCN1S(=O)(=O)C=2C=CC=C(Cl)C2)C(N)=O,0.602,O=S(=O)(c1ccccc1)N1CCCC1
XS846194a,CCC(=O)N1CCCC(C1)C(=O)NC=2C=CC(NC(C)=O)=C(C)C2,0.824,O=C(Nc1ccccc1)C1CCCNC1
XS841363b,CC=1C=C2OCOC2=CC1NC(=O)NC3CCC(=O)NC43CCC4,1.646,O=C1CCC(NC(=O)Nc2ccc3c(c2)OCO3)C2(CCC2)N1
XS416989b,CN1C=C(C(=O)NC2COC=3C=CC=CC3C2)C(=N1)C=4C=CC=CC4,1.474,O=C(NC1COc2ccccc2C1)c1c[nH]nc1-c1ccccc1
XS837283b,CC1=CC=CC(=O)N1CC(C)(O)C(=O)NC=2C=CC=C(Cl)C2O,0.544,O=C(CCn1ccccc1=O)Nc1ccccc1
XS637337b,CC(C1=CC=CO1)N(C(=O)C=2C=CC=C(C2)S(C)(=O)=O)C3CC3,1.222,O=C(c1ccccc1)N(Cc1ccco1)C1CC1
XS846200a,CCOC(=O)C1=C(C)N(C)C(=O)NC1C=2C=CC=CC2OC(F)F,1.406,O=C1NC=CC(c2ccccc2)N1
XS837920b,CN(C)S(=O)(=O)NC(CNC=1N=NC=CC1C#N)C2CCCC2,0.45,c1cnnc(NCCC2CCCC2)c1
XS653369b,CC1=CC(CS(=O)(=O)CC(=O)NC(C)C=2C=CC(F)=CC2)=NO1,0.506,O=C(CS(=O)(=O)Cc1ccon1)NCc1ccccc1
XS846201a,CC(C)C1=NOC=2N=CC(=CC12)C(=O)NC3CCC=4C(F)=CC=CC43,2.34,O=C(NC1CCc2ccccc21)c1cnc2oncc2c1
XS828755b,COC=1C=CC=2OC(C(=O)N3CCCC(C3)N4C=CC=N4)=C(C)C2C1,0.468,O=C(c1cc2ccccc2o1)N1CCCC(n2cccn2)C1
XS839402b,CCC(NC(=O)CC1=NNC(=O)C=2C=CC=CC12)C=3C(C)=NOC3C,0.382,O=C(Cc1n[nH]c(=O)c2ccccc12)NCc1cnoc1
XS553470b,CN1C=C(C=N1)N2CCC(C2=O)N3CC=4C=CC=CC4C5(CCC5)C3,1.536,O=C1C(N2Cc3ccccc3C3(CCC3)C2)CCN1c1cn[nH]c1
XS595324b,O=C1CC(CN1C2CCCCCC2)C3=NC(=NO3)C=4C=CC(F)=CC4,0.788,O=C1CC(c2nc(-c3ccccc3)no2)CN1C1CCCCCC1
XS399939b,CC1=NC(=CS1)C2=CC(=CO2)C(=O)N3CCCC(C3)N4C=CC=N4,0.864,O=C(c1coc(-c2cscn2)c1)N1CCCC(n2cccn2)C1
XS841211b,O=C(NCCNC=1C=NC=CN1)C=2C=CC(=CC2)OCC3CCCO3,0.86,O=C(NCCNc1cnccn1)c1ccc(OCC2CCCO2)cc1
XS836783b,COC=1C=C(OC)C(=C(C1)OC)C2NS(=O)(=O)N=C3CCCN32,0.78,O=S1(=O)N=C2CCCN2C(c2ccccc2)N1
XS839571b,CN(CC=1C=COC1)S(=O)(=O)CC2CCC3(CCOCC3)CO2,0.608,O=S(=O)(CC1CCC2(CCOCC2)CO1)NCc1ccoc1
XS846207a,CC1=NC(=CS1)C=2C=CC=CC2NC(=O)NC3CCC(=O)N(C)C3,2.882,O=C1CCC(NC(=O)Nc2ccccc2-c2cscn2)CN1
XS722878b,CC1=CC(C)=NN1C=2C=CC(=CC2)CC(=O)NC3CCCCNC3=O,0.36,O=C(Cc1ccc(-n2cccn2)cc1)NC1CCCCNC1=O
XS846203a,CC(=O)NCCC(=O)NC1CCCOC=2C(Cl)=C(Cl)C=CC21,1.286,c1ccc2c(c1)CCCCO2
XS696509b,O=C(NC=1C=CC=NC1N2C=NC=N2)C3CC=4C=C(Cl)C=CC4O3,0.504,O=C(Nc1cccnc1-n1cncn1)C1Cc2ccccc2O1
XS846214a,O=C(NC=1C=CC=CC1)C(=O)NC2CCN(C2)C=3C=CC(F)=CC3F,2.202,O=C(Nc1ccccc1)C(=O)NC1CCN(c2ccccc2)C1
XS837971b,CN1N=CC=C1CS(=O)(=O)NC(CC2CCCC2)C=3C=CC=CC3,0.38,O=S(=O)(Cc1ccn[nH]1)NC(CC1CCCC1)c1ccccc1
XS846218a,CC1CC=2C=CC=CC2N1C(=O)C=3C=CC(Cl)=C(C3)S(C)(=O)=O,1.492,O=C(c1ccccc1)N1CCc2ccccc21
XS840991b,CC(C=1C=CC(=CC1)S(N)(=O)=O)N(C)C2=NC=3C=CC=CC3S2,0.4,c1ccc(CNc2nc3ccccc3s2)cc1
XS842039b,CN1C=NN=C1C2CCCN(C2)C(=O)C=3C=C(Cl)C=4OCOC4C3,0.454,O=C(c1ccc2c(c1)OCO2)N1CCCC(c2nnc[nH]2)C1
XS840447b,COCCNC=1C=CC=CC1CNC(=O)NC(C)C=2C=C(C)OC2C,1.596,O=C(NCc1ccccc1)NCc1ccoc1
XS846232a,CC(NC(=O)C1CCCC1)C(=O)NCCC=2C=CC(=CC2)N3C=CC=N3,0.414,O=C(CNC(=O)C1CCCC1)NCCc1ccc(-n2cccn2)cc1
XS846229a,CC=1C=CC(Cl)=CC1NC(=O)C2CC(=O)N(CCC=3C=CC=CC3)C2,2.266,O=C(Nc1ccccc1)C1CC(=O)N(CCc2ccccc2)C1
XS754664b,CC1=NN=C2CN(C(=O)C=3C=CC(C)=C(Cl)C3F)C(CN12)C(N)=O,5.15,O=C(c1ccccc1)N1CCn2cnnc2C1
XS836886b,CC=1C=CC2=NC=C(C#N)C(OCC3=NN=C(O3)C4CCCOC4)=C2C1,5.242,c1ccc2c(OCc3nnc(C4CCCOC4)o3)ccnc2c1
XS058347d,COC(=O)C=1C=C(C=CC1OC)CNC(=O)NC(C)C=2C=CC=CC2C,4.154,O=C(NCc1ccccc1)NCc1ccccc1
XS846230a,COC=1C=C(Cl)C(C)=CC1NC(C)C(=O)NC2=NC(C)=C(C)S2,0.536,O=C(CNc1ccccc1)Nc1nccs1
XS846231a,CC=1C=C(C)N2N=C(CC(=O)NC(C=3C=CC(F)=CC3)C(C)C)N=C2N1,1.03,O=C(Cc1nc2ncccn2n1)NCc1ccccc1
XS846223a,CCN1C(=NC=2C=CC=CC21)C(C)NC(=O)C=3C=CC(OC)=C(C3)OC,0.77,O=C(NCc1nc2ccccc2[nH]1)c1ccccc1
XS838439b,O=C1COCCN(CC2CCC=3C=CC=CC3O2)S(=O)(=O)CCN1,0.776,O=C1COCCN(CC2CCc3ccccc3O2)S(=O)(=O)CCN1
XS846235a,CCN(CC)S(=O)(=O)C=1C=CC=C(C1)C(=O)NC2CCCNC2=O,1.108,O=C(NC1CCCNC1=O)c1ccccc1
XS533788b,CC(C)(C)C(=O)N1CCCC1C(=O)NC=2C=CC=C(C2)N3CCNC3=O,3.062,O=C(Nc1cccc(N2CCNC2=O)c1)C1CCCN1
XS837451b,CC=1N=CC(C(=O)NC=2C=CC(OC(C)C(=O)O)=C(F)C2)=C(N1)C(C)C,1.836,O=C(Nc1ccccc1)c1cncnc1
XS609792b,COC=1C=CC(=C(C1)OC)C(C)NC(=O)NCC=2C=CC=3OCOC3C2,0.93,O=C(NCc1ccccc1)NCc1ccc2c(c1)OCO2
XS846246a,O=C(CC1=CNC=2C=CC=CC12)NC(CN3CCCC3=O)C=4C=CC=CC4,2.006,O=C(Cc1c[nH]c2ccccc12)NC(CN1CCCC1=O)c1ccccc1
XS846250a,CC(NC(=O)CC1=NOC=2C=CC=CC12)C=3C=CC(Br)=CC3,0.642,O=C(Cc1noc2ccccc12)NCc1ccccc1
XS839570b,COC(CNC=1N=CC=CC1C(=O)N2CCC=3C=CC=CC32)C(F)(F)F,0.676,O=C(c1cccnc1)N1CCc2ccccc21
XS742271b,COC=1C=CC=C2CC(COC12)NC(=O)C3=CN(N=N3)C=4C=CC(C)=CC4,6.468,O=C(NC1COc2ccccc2C1)c1cn(-c2ccccc2)nn1
XS846248a,CC=1C=CC=CC1C=2CC(C=3C=CC=C4N=CC=NC34)N(N2)S(C)(=O)=O,2.14,c1ccc(C2=NNC(c3cccc4nccnc34)C2)cc1
XS047023e,CCCCN1C(=NC=2C=CC=CC21)C(CC=3C=CC=CC3)NC(=O)COC,0.414,c1ccc(CCc2nc3ccccc3[nH]2)cc1
XS838860b,CC(F)(F)C=1C=CC=C(CNC(=O)CC2CC(=NO2)C=3C=CC=CC3)N1,1.086,O=C(CC1CC(c2ccccc2)=NO1)NCc1ccccn1
XS839195b,O=C1OC(CN2C=C(N=N2)C=3C=CC=C(CO)N3)CN1C4CCCCC4,0.564,O=C1OC(Cn2cc(-c3ccccn3)nn2)CN1C1CCCCC1
XS846247a,CCC=1C=CC=C(C1)NC2CCN(C2)C(=O)C=3C=C(N(C)N3)C(F)(F)F,0.97,O=C(c1cc[nH]n1)N1CCC(Nc2ccccc2)C1
XS846255a,CN1C=CC=C1C2CCCCCN2C(=O)CNC(=O)NCC=3C=CC=CC3,0.684,O=C(NCC(=O)N1CCCCCC1c1ccc[nH]1)NCc1ccccc1
XS762709b,CC=1C=C(F)C=CC1C2C(=O)NCCN2C(=O)C3=CSC(CC(C)C)=N3,2.112,O=C1NCCN(C(=O)c2cscn2)C1c1ccccc1
XS846258a,O=C(NC=1C=CC=C(C1)C2CCC(=O)N2)C=3C=CC=C(C3)OC=4C=CC=CN4,0.772,O=C1CCC(c2cccc(NC(=O)c3cccc(Oc4ccccn4)c3)c2)N1
XS134711b,O=C(NC1=NC(=CS1)C2=CC=CS2)C3CC(=O)N(CC4=CC=CO4)C3,1.974,O=C(Nc1nc(-c2cccs2)cs1)C1CC(=O)N(Cc2ccco2)C1
XS846254a,O=C(C1=CNN=C1C2=CC=3C=CC=CC3O2)N4CCOC5(CCCOC5)C4,1.22,O=C(c1c[nH]nc1-c1cc2ccccc2o1)N1CCOC2(CCCOC2)C1
XS841050b,CC(CNC(=O)NC1=NC(CS(C)(=O)=O)=NO1)N(C)C=2C=CC=CC2,0.636,O=C(NCCNc1ccccc1)Nc1ncno1
XS838861b,CC1C=2C=CC(O)=CC2CCN1C(=O)CCN3C=NC=4C=C(F)C(F)=CC43,0.446,O=C(CCn1cnc2ccccc21)N1CCc2ccccc2C1
XS836703b,O=S(=O)(CC1CCCC=2C=CC=CC21)NCCN3CCCS3(=O)=O,1.648,O=S(=O)(CC1CCCc2ccccc21)NCCN1CCCS1(=O)=O
XS838802b,CN1C(=O)C=CC2=C1CCCC2NC=3C=CC(=CC3)S(=O)(=O)C(F)F,0.914,O=c1ccc2c([nH]1)CCCC2Nc1ccccc1
XS837929b,CN1N=C(C=C1OC(F)F)C(=O)NC2CS(=O)(=O)CC=3C=CC=CC32,0.644,O=C(NC1CS(=O)(=O)Cc2ccccc21)c1cc[nH]n1
XS846262a,CC(C)(C)N1N=C(C=C1C2CC2)C(=O)N3CCCC3C=4C=CC=5OCOC5C4,0.448,O=C(c1cc(C2CC2)[nH]n1)N1CCCC1c1ccc2c(c1)OCO2
XS846263a,COC=1C=CC(=CC1)C2CCCCCN2C(=O)CCNC(=O)C3=CC=CS3,2.756,O=C(NCCC(=O)N1CCCCCC1c1ccccc1)c1cccs1
XS846268a,COC=1C=C2CCN(CC2=CC1OC)C3CC(=O)N(C3=O)C=4C=CC=CC4F,1.618,O=C1CC(N2CCc3ccccc3C2)C(=O)N1c1ccccc1
XS421434b,CC=1N=C(NC(=O)C1CC(=O)NC(C)CCC=2C=CC=CC2)C=3C=CC=CN3,1.69,O=C(Cc1cnc(-c2ccccn2)[nH]c1=O)NCCCc1ccccc1
XS846274a,COC=1C=CC(OC)=C(C1)C(C)NC(=O)CCC=2C(C)=NC3=NC=NN3C2C,4.49,O=C(CCc1cnc2ncnn2c1)NCc1ccccc1
XS846272a,CCOC=1C=CC(=CC1)OCCC(=O)NC(C)C=2C=CC(=CC2)N3C=NC=N3,1.348,O=C(CCOc1ccccc1)NCc1ccc(-n2cncn2)cc1
XS846270a,COC=1C=CC(=CC1OCC(N)=O)NC(C)C(=O)NC=2C=CC(F)=C(F)C2,0.486,O=C(CNc1ccccc1)Nc1ccccc1
XS842705b,CN(C)C1=NOC(=N1)C2CCCN(C2)C(=O)C3=CSC(=N3)C=4C=NN(C)C4,0.67,O=C(c1csc(-c2cn[nH]c2)n1)N1CCCC(c2ncno2)C1
XS837025b,COC=1C=CC=2CN(CC(C)(C)OC2C1)S(=O)(=O)CC3(C)COCCO3,1.274,O=S(=O)(CC1COCCO1)N1CCOc2ccccc2C1
XS846269a,CN(C(=O)CSC1=NC=2C=C(Cl)C=CC2N1C)C3CCS(=O)(=O)C3,0.596,O=C(CSc1nc2ccccc2[nH]1)NC1CCS(=O)(=O)C1
XS840369b,O=C(CN1N=NC(=N1)C2=CC=CS2)N3CCN(CC3)C4CCS(=O)(=O)C4,1.234,O=C(Cn1nnc(-c2cccs2)n1)N1CCN(C2CCS(=O)(=O)C2)CC1
XS705652b,FC=1C=CC=C(C1)C2=NN=C(O2)C3CC43CCN(CC5=NC(=NO5)C6CC6)CC4,0.552,c1ccc(-c2nnc(C3CC34CCN(Cc3nc(C5CC5)no3)CC4)o2)cc1
XS010903d,COC=1C=C(C=C(Cl)C1OC)C(=O)OC(C)C(=O)N2CCC=3C=CC=CC32,0.828,O=C(OCC(=O)N1CCc2ccccc21)c1ccccc1
XS846282a,COC=1C=CC(=C(C1)OC)C2CC(=NN2C(=O)CCC(=O)O)C=3C=CC=C(C)C3,1.238,c1ccc(C2=NNC(c3ccccc3)C2)cc1
XS846286a,COC=1C=C(C=CC1OCC=2C(C)=NOC2C)C3NC(=O)C=4C=CC=CC4N3C,2.69,O=C1NC(c2ccc(OCc3cnoc3)cc2)Nc2ccccc21
XS846277a,O=C(O)C1CC=2C=CC=CC2CN1C(=O)C3CCN(CC3)C=4C=CC(Cl)=CN4,1.402,O=C(C1CCN(c2ccccn2)CC1)N1CCc2ccccc2C1
XS846284a,CC(NC(=O)C=1C=COC1)C(=O)NCC=2C=CC(=CC2)C(=O)N3CCCCCC3,1.368,O=C(CNC(=O)c1ccoc1)NCc1ccc(C(=O)N2CCCCCC2)cc1
XS565669b,O=C(CC1CCOC=2C=CC=CC21)N3CCN(CC3)C(=O)C=4C=CC=C(Cl)C4,3.532,O=C(CC1CCOc2ccccc21)N1CCN(C(=O)c2ccccc2)CC1
XS846283a,OCC(CNC=1C=CN2N=CC(Br)=C2N1)CC=3C=CC=CC3Cl,3.206,c1ccc(CCCNc2ccn3nccc3n2)cc1
XS395515b,COC=1C=CC(=NN1)N2N=CC(C(=O)NC(C)C=3C=CC(F)=CC3)=C2C(F)(F)F,0.396,O=C(NCc1ccccc1)c1cnn(-c2cccnn2)c1
XS846289a,COC(=O)CC(NC(=O)CCC=1C(C)=NC2=NC=NN2C1C)C=3C=CC(Cl)=CC3,3.03,O=C(CCc1cnc2ncnn2c1)NCc1ccccc1
XS846298a,O=C(NC=1C=CC=2C(=O)N(CC2C1)C3CCC(=O)NC3=O)C=4NN=CC4C5CCC5,0.778,O=C1CCC(N2Cc3cc(NC(=O)c4[nH]ncc4C4CCC4)ccc3C2=O)C(=O)N1
XS846300a,COC1=CC(CNC(=O)C2CC(=O)N(C2)C=3C=CC=C(C)C3C)=C(C=C1OC)OC,2.112,O=C(NCc1ccccc1)C1CC(=O)N(c2ccccc2)C1
XS514853b,CN1N=C2CCCCC2=C1C(=O)N3CCCC(C3)NC=4C=CC=C(Br)C4,0.858,O=C(c1[nH]nc2c1CCCC2)N1CCCC(Nc2ccccc2)C1
XS715959b,COC=1C=CC(=CC1)C2CCCN2C(=O)CN(C)S(=O)(=O)C=3C=CC(Cl)=CC3,0.772,O=C(CNS(=O)(=O)c1ccccc1)N1CCCC1c1ccccc1
XS836776b,COC=1C=CC(Br)=CC1CN(C)C(=O)C(C)N2C=NC=3C=CC=CC32,0.47,O=C(Cn1cnc2ccccc21)NCc1ccccc1
XS846295a,COC=1C=CC(=CC1)S(=O)(=O)NC(CCSC)C(=O)NC=2C=CC(C)=CC2,0.726,O=C(CNS(=O)(=O)c1ccccc1)Nc1ccccc1
XS841482b,O=C(O)C(CC1=CNC=2C=CC=CC12)NC(=O)NCC3=NC=C(O3)C=4C=CC=CC4,0.632,O=C(NCCc1c[nH]c2ccccc12)NCc1ncc(-c2ccccc2)o1
XS569383b,CC=1C=CC=CC1C2(CCOCC2)C(=O)NC3CCCN(C3=O)C=4C=CC=CC4F,0.82,O=C1C(NC(=O)C2(c3ccccc3)CCOCC2)CCCN1c1ccccc1
XS838007b,O=C(O)C=1C=NN(C1)C2CCCN(C2)C(=O)C3(CCOCC3)C=4C=CC=C(Cl)C4,0.604,O=C(N1CCCC(n2cccn2)C1)C1(c2ccccc2)CCOCC1
XS658376b,O=C(C=1C=CC=CC1Cl)N2CCN(CC2)C(=O)C3CC(=O)N(CC=4C=CC=CC4)C3,2.048,O=C1CC(C(=O)N2CCN(C(=O)c3ccccc3)CC2)CN1Cc1ccccc1
XS687220b,CC=1C=CC(=CC1C)S(=O)(=O)NCCC(=O)N2CCCC2C3=NC=4C=CC=CC4S3,2.782,O=C(CCNS(=O)(=O)c1ccccc1)N1CCCC1c1nc2ccccc2s1
XS846309a,CN1N=C(C(=O)N2CCN(CC2)C(=O)C3COC=4C=CC=CC4O3)C=5C=CC=CC5C1=O,2.526,O=C(c1n[nH]c(=O)c2ccccc12)N1CCN(C(=O)C2COc3ccccc3O2)CC1
XS078815b,CCOCCN1N=C(C)C(C)N2C1=NC3=C2C(=O)N(CC=4C=CC=C(Cl)C4)C(=O)N3C,1.382,O=c1[nH]c2nc3n(c2c(=O)n1Cc1ccccc1)CC=NN3
XS846306a,COC(=O)CC1C2=CC(OC)=C(C=C2CCN1CC3=NC(=NO3)C=4C=CC=CN4)OC,0.452,c1ccc(-c2noc(CN3CCc4ccccc4C3)n2)nc1
XS841774b,CN1N=NN=C1C=2C=CC=C(C2)NCC(=O)N(C=3C=CC=CC3)C4CCS(=O)(=O)C4,0.52,O=C(CNc1cccc(-c2nnn[nH]2)c1)N(c1ccccc1)C1CCS(=O)(=O)C1
XS846308a,CC=1C=CC=C(NC(=O)CN(C)C(=O)C2CC(=O)N(CC=3C=CC=CC3Cl)C2)C1C,0.6,O=C(CNC(=O)C1CC(=O)N(Cc2ccccc2)C1)Nc1ccccc1
XS846304a,O=C(CC1SC=2C=CC(Cl)=CC2NC1=O)N3CCC(CC3)NS(=O)(=O)C4=CC=CS4,1.57,O=C1Nc2ccccc2SC1CC(=O)N1CCC(NS(=O)(=O)c2cccs2)CC1
XS846305a,O=C(C1CCCN1S(=O)(=O)C=2C=CC(F)=CC2)N3CCC(CC3)C4=CNC=5C=CC=CC45,0.976,O=C(C1CCCN1S(=O)(=O)c1ccccc1)N1CCC(c2c[nH]c3ccccc23)CC1
XS171199b,CCN1CC(CN(C)C(=O)CCC2=NC3=C(C=NN3C=4C=CC=CC4)C(=O)N2)OC=5C=CC=CC51,0.91,O=C(CCc1nc2c(cnn2-c2ccccc2)c(=O)[nH]1)NCC1CNc2ccccc2O1
XS846311a,COC=1C=CC(=CC1)C2=NOC(CN3CCN(CC3)C(=O)C=4CC(C(N)=O)N(N4)C=5C=CC(F)=CC5)=N2,4.594,O=C(C1=NN(c2ccccc2)CC1)N1CCN(Cc2nc(-c3ccccc3)no2)CC1
XS840450b,CCC1(C)NC(=O)C=2C=CC=CC2NC1=O,0.784,O=C1CNC(=O)c2ccccc2N1
XS846327a,O=C1NC(NC=2C=CC=CC12)C=3C=CSC3,1.6,O=C1NC(c2ccsc2)Nc2ccccc21
XS838526b,CC1=NSC(=N1)N2CCOCC2CC(F)F,0.38,c1nsc(N2CCOCC2)n1
XS846344a,CC(=O)NC(CC(=O)NC(C)C)C=1C=CC(C)=CC1,0.406,c1ccccc1
XS837075b,CCC1=NN(C(=O)C(C#N)=C1CC)C2C=CCCC2,0.762,O=c1cccnn1C1C=CCCC1
XS846337a,COCC(C)NC(=O)C1=CN=C2SC=CN2C1=O,1.322,O=c1ccnc2sccn12
XS739460b,CN1CCC(NC(=O)CC=2C=CC=C(Cl)C2)C1=O,0.382,O=C(Cc1ccccc1)NC1CCNC1=O
XS846334a,COC=1C=CC(=CC1)NC(=O)NC(C)C=2N=CNN2,0.694,O=C(NCc1nc[nH]n1)Nc1ccccc1
XS840180b,C=1NN=C2CCCN(CC3CC=4C=CC=CC4O3)C12,0.902,c1ccc2c(c1)CC(CN1CCCc3n[nH]cc31)O2
XS697141b,CC=1C=NC(=CN1)C(=O)NC(C)C2=NN=C3C=CC=CN23,0.42,O=C(NCc1nnc2ccccn12)c1cnccn1
XS846350a,CC=1N=C(C)N(N1)C(C)CC(=O)NC=2C=CC(F)=CC2,0.406,O=C(CCn1cncn1)Nc1ccccc1
XS846354a,CC(NC(=O)C=1C=CC(=O)NN1)C=2C=C(F)C=CC2F,0.398,O=C(NCc1ccccc1)c1ccc(=O)[nH]n1
XS846356a,CC(C)OC=1N=CC=CC1CNC(=O)C2CCC(=O)N2,0.386,O=C1CCC(C(=O)NCc2cccnc2)N1
XS846357a,O=C(NC1=NC=2C=CC=CC2S1)C3CCC(=O)NC3,2.194,O=C1CCC(C(=O)Nc2nc3ccccc3s2)CN1
XS665770b,NC(=O)C1(O)CCCN(C1)C(=O)CC=2C=CC=C(F)C2,5.418,O=C(Cc1ccccc1)N1CCCCC1
XS839624b,CC(C=1C=CC=CN1)N(C)C(=O)NC2=CC=CN(C)C2=O,0.654,O=C(NCc1ccccn1)Nc1ccc[nH]c1=O
XS846349a,CCC(C#N)NC(=O)C=1C=CC(=O)N(C1)C=2C=NN(C)C2,0.612,O=c1ccccn1-c1cn[nH]c1
XS846353a,CCNC(=O)C(C)NC1=NS(=O)(=O)C=2C=CC=CC12,0.79,O=S1(=O)N=Cc2ccccc21
XS838070b,CC(C)OC1(CNC2=NC=CN3N=NN=C23)CCOC1,2.128,c1cn2nnnc2c(NCC2CCOC2)n1
XS842151b,COC(=O)C1CC=2C(C)=CC=CC2N1CC3=CSN=N3,0.594,c1ccc2c(c1)CCN2Cc1csnn1
XS846365a,CC1=NN(C)C(C)=C1C2CCCN2C3=NC=4C=CC=CC4O3,0.718,c1ccc2oc(N3CCCC3c3cn[nH]c3)nc2c1
XS838360b,COC(=O)C(C=1C=CC=CC1)N2C=CC=3C=CC=CC3C2=O,0.876,O=c1c2ccccc2ccn1Cc1ccccc1
XS841776b,CC=1C=CC=C(C1)S(=O)(=O)CC2CCC3=NN=CN3C2,0.954,O=S(=O)(CC1CCc2nncn2C1)c1ccccc1
XS484438b,CCC1=C(C=CN1C)C(=O)N2CCCC(O)(CC(N)=O)C2,0.772,O=C(c1cc[nH]c1)N1CCCCC1
XS846384a,CC(NC=1C=CC=2OCCOC2C1)C3=NC(=NO3)C(C)(C)C,0.51,c1noc(CNc2ccc3c(c2)OCCO3)n1
XS846374a,CC(C(=O)N(C)C1CCCCC1)S(=O)(=O)C2CCCC2,0.41,O=C(CS(=O)(=O)C1CCCC1)NC1CCCCC1
XS463189b,CC1COCCN(C1)C(=O)C=2C=CC(=CC2)N3CCCCC3,0.876,O=C(c1ccc(N2CCCCC2)cc1)N1CCCOCC1
XS846375a,CC=1C=CC(=CC1)CC(=O)N2CCCCC2C3=NC=CS3,0.582,O=C(Cc1ccccc1)N1CCCCC1c1nccs1
XS809258b,CC1=CC(=NO1)C2CCCN2CC(=O)NC=3C=CC=CC3C,0.326,O=C(CN1CCCC1c1ccon1)Nc1ccccc1
XS708563b,CC(OC=1C=CC(=CC1)CC(=O)O)C(=O)NC2CCCCC2,2.692,O=C(COc1ccccc1)NC1CCCCC1
XS846377a,CN(C1CCN(C1=O)C=2C=CC=CC2Cl)S(C)(=O)=O,1.426,O=C1CCCN1c1ccccc1
XS576944b,COCC1(CCCN1CC=2C=CC(Cl)=CC2F)C(N)=O,0.618,c1ccc(CN2CCCC2)cc1
XS846378a,CC1C=2C=CSC2CCN1C(=O)C=3C=CC=4OCOC4C3,0.536,O=C(c1ccc2c(c1)OCO2)N1CCc2sccc2C1
XS846389a,CN1C=2C=CC=CC2C(=O)NC1C=3C=CC(=CC3)N4C=CN=C4,1.564,O=C1NC(c2ccc(-n3ccnc3)cc2)Nc2ccccc21
XS837478b,NC1=NNC=C1C(=O)NC(CO)C=2C(Cl)=CC=CC2Cl,0.558,O=C(NCc1ccccc1)c1cn[nH]c1
XS559660b,O=C(C=1C=CC=C2OCOC12)N3CCCCC3CN4C=CC=N4,0.408,O=C(c1cccc2c1OCO2)N1CCCCC1Cn1cccn1
XS837830b,O=C(O)C(NC(=O)C=1C=CC(Cl)=CC1O)C=2C=CSC2,0.52,O=C(NCc1ccsc1)c1ccccc1
XS450896b,O=C(C=1ON=C2CCCCC12)N3CCCC3CC=4C=CC=CC4,0.908,O=C(c1onc2c1CCCC2)N1CCCC1Cc1ccccc1
XS842430b,CC=1C=CC=2NC3(C(=O)N(C)C=4C=CC=CC43)N(C)C(=O)C2C1,1.304,O=C1NC2(Nc3ccccc31)C(=O)Nc1ccccc12
XS846391a,CC1(C)CN(CC1C=2C=CC=CC2)C(=O)NCC=3C=CC=NC3,0.724,O=C(NCc1cccnc1)N1CCC(c2ccccc2)C1
XS596365b,O=C(O)C=1C=CC(=CC1)CNC(=O)C2COC=3C=CC=CC3C2,0.672,O=C(NCc1ccccc1)C1COc2ccccc2C1
XS606791b,O=C(CCOC=1C=CC=C(F)C1)N2CCCC(C2)C3=CC=NN3,0.32,O=C(CCOc1ccccc1)N1CCCC(c2ccn[nH]2)C1
XS781778b,CC1=NC2=C(CCCC2CNC(=O)C=3SC=CC3C#N)S1,0.496,O=C(NCC1CCCc2scnc21)c1cccs1
XS789581b,O=C(C1=NNC(=O)C=2C=CC=CC12)N3CCCC3C=4C=CC=NC4,1.496,O=C(c1n[nH]c(=O)c2ccccc12)N1CCCC1c1cccnc1
PK018203c,NC(=O)C1C=2C=CC=CC2CCN1C(=O)C=3C=CC=C4C=CNC34,4.974,O=C(c1cccc2cc[nH]c12)N1CCc2ccccc2C1
XS846420a,COC1CC=2C=CC(=CC2C1)NC(=O)C=3C=CC(=CC3)OC(C)C,1.238,O=C(Nc1ccc2c(c1)CCC2)c1ccccc1
XS641783b,CC(C)N1C=C(C=N1)NC(=O)C2CCCN(C2)C(=O)C(C)(C)C,0.67,O=C(Nc1cn[nH]c1)C1CCCNC1
XS838457b,N#CC=1C=NN(C1N)C=2C=CC(=CC2)C(=O)NC3COC4(CC4)C3,0.402,O=C(NC1COC2(CC2)C1)c1ccc(-n2cccn2)cc1
XS745376b,CCC(NC(=O)C1=CC(=CNC1=O)C(F)(F)F)C=2C=CC=CC2,2.428,O=C(NCc1ccccc1)c1ccc[nH]c1=O
XS846422a,CC(NC(=O)C1=CN(CC=2C=CC=CC2)N=N1)C=3C=CC(F)=CC3,0.406,O=C(NCc1ccccc1)c1cn(Cc2ccccc2)nn1
XS846423a,COC1=CC(OC)=C(C=C1C(=O)NC(C)C2=CC=CS2)OC,2.19,O=C(NCc1cccs1)c1ccccc1
XS836620b,CC1=CC(C)=NN1C=2C=NC=C(N2)NC3CCC4=NC(C)=NN4C3,0.978,c1cnn(-c2cncc(NC3CCc4ncnn4C3)n2)c1
XS839173b,CCN(C)S(=O)(=O)NC=1C=CC=CC1OC(C)C(F)(F)F,0.76,c1ccccc1
XS846421a,COC=1C=C(F)C=CC1NC(=O)C(C)C2=CN(C)C=3C=CC=CC23,1.064,O=C(Cc1c[nH]c2ccccc12)Nc1ccccc1
XS846433a,COCC=1C=CC=CC1CNC(=O)NC2CCCC3=C2C=NN3C,0.812,O=C(NCc1ccccc1)NC1CCCc2[nH]ncc21
XS842562b,CN1C(=O)OCC1C(=O)NC=2C=CC=CC2C3=NC(=NO3)C4CC4,0.384,O=C1NC(C(=O)Nc2ccccc2-c2nc(C3CC3)no2)CO1
XS842699b,CC(CC1=CC=CO1)NC(=O)C=2C=CC=3SCCC(=O)NC3C2,0.428,O=C1CCSc2ccc(C(=O)NCCc3ccco3)cc2N1
XS837666b,CC1=CC(=CC(=C1)NC(=O)N2CC3(CC=CC3)C2C(C)C)C(N)=O,0.558,O=C(Nc1ccccc1)N1CC2(CC=CC2)C1
XS846430a,CC(NC(=O)NCC1=CC=CS1)C=2C=CC=3OCC(=O)NC3C2,0.832,O=C1COc2ccc(CNC(=O)NCc3cccs3)cc2N1
XS846435a,CCN(CC1CCCO1)C(=O)CN2N=C(C)C=3C=CC=CC3C2=O,0.418,O=C(Cn1ncc2ccccc2c1=O)NCC1CCCO1
XS846431a,CCC(NC(=O)NCC1=NN=C2CCCN12)C=3C=CC(=CC3)OC,0.484,O=C(NCc1ccccc1)NCc1nnc2n1CCC2
XS837103b,COC=1C=CC=CC1CC(C)NC=2N=CC(=CC2C(N)=O)[N+]([O-])=O,0.318,c1ccc(CCNc2ccccn2)cc1
XS608968b,O=C1C(CCN1C=2C=CC=CC2)SC3=NC(=O)C=CN3C4CC4,5.0,O=C1C(Sc2nc(=O)ccn2C2CC2)CCN1c1ccccc1
XS837855b,COC(=O)C=1C=CN=C(C1[N+]([O-])=O)N2CCC(C2)C=3N=CC=CN3,0.786,c1ccc(N2CCC(c3ncccn3)C2)nc1
XS846429a,CCOC=1N=CC=CC1C2=NOC(=N2)C(NC(C)=O)C3CCCC3,0.388,c1cncc(-c2noc(CC3CCCC3)n2)c1
XS841815b,CC(C)OC=1C=CC(=CC1)C(C)NC(=O)C=2N=CC=NC2C(N)=O,0.688,O=C(NCc1ccccc1)c1cnccn1
XS846428a,CC(NC=1C=CC=C(C1)C(N)=O)C(=O)N(C)CC=2C=CC=C(F)C2,0.528,O=C(CNc1ccccc1)NCc1ccccc1
XS846442a,CC(C)CCCC(C)NC(=O)CN1C(=O)C(=O)NC=2C=CC=CC21,0.576,O=c1[nH]c2ccccc2[nH]c1=O
XS846439a,COC(=O)CC(NC(=O)CC1=CC=CC(=C1)OC)C2=CC=CS2,0.638,O=C(Cc1ccccc1)NCc1cccs1
XS846441a,O=C(NC=1C=CC(=CC1)NC=2C=CC=CC2)C3CC(=O)N(C3)C4CC4,0.924,O=C(Nc1ccc(Nc2ccccc2)cc1)C1CC(=O)N(C2CC2)C1
XS840077b,O=S(=O)(CC=1C(F)=CC=CC1Cl)NC2CC32CCOCC3,0.484,O=S(=O)(Cc1ccccc1)NC1CC12CCOCC2
XS846443a,CC=1C=CC=CC1CC(=O)NC(C)C=2C=CC(=CC2)S(N)(=O)=O,0.534,O=C(Cc1ccccc1)NCc1ccccc1
XS846437a,COC(=O)C(NC(=O)C=1C=C(NN1)C2CC2)C=3C=C(F)C=CC3F,0.39,O=C(NCc1ccccc1)c1cc(C2CC2)[nH]n1
XS846438a,CC(C)C=1C=CC(=CC1)C2=NOC(CCC(=O)OC(C)C(N)=O)=N2,0.816,c1ccc(-c2ncon2)cc1
XS839300b,COC(=O)C1(CCN(C1)C=2C=CC=NC2C(=O)OC(C)(C)C)OC,0.504,c1cncc(N2CCCC2)c1
XS842225b,CC=1C=CC=C2NC(C=3C=NC(=NC3)N4CCOCC4)N(C)C(=O)C12,2.134,O=C1NC(c2cnc(N3CCOCC3)nc2)Nc2ccccc21
XS810211b,CC=1C=C(CS(=O)(=O)CC(=O)NC(C)C=2C=CC(F)=CC2)ON1,0.422,O=C(CS(=O)(=O)Cc1ccno1)NCc1ccccc1
XS842530b,CN(CCC(=O)NC(N)=O)C(C=1C=CC(Cl)=CC1)C(F)(F)F,2.578,c1ccccc1
XS636875b,O=C(CNC(=O)C(SC=1C=CC=CC1)C=2C=CC=CC2)NC3CC3,0.658,O=C(CNC(=O)C(Sc1ccccc1)c1ccccc1)NC1CC1
XS846448a,CC1=NN=C2C=CC(=CN12)C(=O)N(C(C)C=3C=CC=CC3F)C4CC4,0.374,O=C(c1ccc2nncn2c1)N(Cc1ccccc1)C1CC1
XS691424b,CC=1C=NN(C1)CC2CCCCN2C(=O)C=3C=C(ON3)C4=CC=CO4,0.72,O=C(c1cc(-c2ccco2)on1)N1CCCCC1Cn1cccn1
XS846455a,O=C(C=1C=C(NN1)C2=CC=CO2)N3CCCC3CC=4C=CC=C(F)C4,3.206,O=C(c1cc(-c2ccco2)[nH]n1)N1CCCC1Cc1ccccc1
XS838812b,N#CC=1C=CC=C2C=C(C=NC12)OCC(=O)N3CCCC(C3)C(N)=O,0.684,O=C(COc1cnc2ccccc2c1)N1CCCCC1
XS837221b,CC(C(=O)N(C)C)S(=O)(=O)NC1=NOC(CC=2C=CC=CC2)=N1,0.574,c1ccc(Cc2ncno2)cc1
XS846452a,O=C(O)CCC=1C=CC(=CC1)NC(=O)C2CC(=NO2)C=3C=CC=CC3,2.712,O=C(Nc1ccccc1)C1CC(c2ccccc2)=NO1
XS846457a,CC=1SC(=NC1C(=O)N2CCCC(C2)N3C=CC=N3)C4=CC=CO4,0.528,O=C(c1csc(-c2ccco2)n1)N1CCCC(n2cccn2)C1
XS846464a,CC=1C=C(NC(=O)C2CC(=O)N(C2)C=3C=CC=4OCOC4C3)N(C)N1,2.514,O=C(Nc1ccn[nH]1)C1CC(=O)N(c2ccc3c(c2)OCO3)C1
XS192423c,CN1C(=NC=2C=CC=CC21)C3CC(=O)N(C3)C=4C=CC=C5C=CC=CC45,5.142,O=C1CC(c2nc3ccccc3[nH]2)CN1c1cccc2ccccc12
XS842501b,COCC1(CCC1)S(=O)(=O)NC2COC=3C(=CC=CC3C2)OC,2.388,O=S(=O)(NC1COc2ccccc2C1)C1CCC1
XS828141b,COC=1C=CC(=C(C1)OC)C2CCCN2C3=NN4C=C(C)N=C4S3,0.732,c1ccc(C2CCCN2c2nn3ccnc3s2)cc1
XS567938b,CCC(CC)N1N=CC(C(=O)N2CC(C)OC=3C=C(C)C=CC32)=C1C,0.472,O=C(c1cn[nH]c1)N1CCOc2ccccc21
XS841543b,CC(NC(=O)CCN1C=CC=N1)C=2C=CC(=CC2)N3CCCOC3=O,0.48,O=C(CCn1cccn1)NCc1ccc(N2CCCOC2=O)cc1
XS842645b,CN(CC(=O)NC(C)(C)C)C(=O)C1CSCN1C(=O)C(C)(C)C,0.628,C1CSCN1
XS846461a,CC(=O)N1CCN(CC1)C(=O)C2CCCCN2CC3=CC=CC(C)=C3,0.988,O=C(C1CCCCN1Cc1ccccc1)N1CCNCC1
XS846462a,NC(=O)N1CCCC1COC(=O)C=2C=CC=C3C=4CCCCC4NC23,7.67,O=C(OCC1CCCN1)c1cccc2c3c([nH]c12)CCCC3
XS838640b,COC=1C=C(C=CC1OCC2CCC=3C=CC=CC3O2)S(C)(=O)=O,1.006,c1ccc(OCC2CCc3ccccc3O2)cc1
XS784675b,CC1=NNC(C)=C1C2COCCN2C(=O)CCC=3C=CC(Cl)=CC3,0.788,O=C(CCc1ccccc1)N1CCOCC1c1cn[nH]c1
XS846472a,CC1=CN=C(NC(=O)C=2CC(C(N)=O)N(N2)C=3C=CC(F)=CC3)S1,3.704,O=C(Nc1nccs1)C1=NN(c2ccccc2)CC1
XS837170b,O=S1(=O)CCC(C1)NCC2=CC=C(O2)C3=NC=4C=CC=CC4S3,0.544,O=S1(=O)CCC(NCc2ccc(-c3nc4ccccc4s3)o2)C1
XS840769b,CCS(=O)(=O)CCN1C=CC(=N1)NC2CCCCC=3C=CC=CC32,0.656,c1ccc2c(c1)CCCCC2Nc1cc[nH]n1
XS840828b,CN(CC(=O)N1CCC(=N1)C=2C=CC=CC2)C3CCCC=4C=CC=CC43,0.512,O=C(CNC1CCCc2ccccc21)N1CCC(c2ccccc2)=N1
XS846470a,O=C(CC1COCCN1C(=O)C2=CNC=3N=CC=CC23)C=4C=CC=CC4,0.838,O=C(CC1COCCN1C(=O)c1c[nH]c2ncccc12)c1ccccc1
XS616644b,COC=1C=CC(CNC(=O)NC(C)C=2C(C)=NN(C)C2C)=C(C1)OC,1.01,O=C(NCc1ccccc1)NCc1cn[nH]c1
XS846484a,CCC(=O)N1CCCC(C1)C(=O)NC=2C=C(OC)C(OC)=C(C2)OC,0.39,O=C(Nc1ccccc1)C1CCCNC1
XS785422b,CC=1C=CC=C(C1C)N2CC(CC2=O)C(=O)NC3=CC=NN3C(C)(C)C,3.444,O=C(Nc1ccn[nH]1)C1CC(=O)N(c2ccccc2)C1
XS837910b,COC=1C=CC=2C(N)=NN(C(=O)C3CCOC=4C=CC(Cl)=CC43)C2C1,0.982,O=C(C1CCOc2ccccc21)n1ncc2ccccc21
XS839435b,CC1=NC(C(=O)NC2CCC3=NN=NN3C2)=C(CC=4C=CC=CC4)S1,1.638,O=C(NC1CCc2nnnn2C1)c1ncsc1Cc1ccccc1
XS837503b,COC=1C=CC=2CCN(CC(C)C2C1)C(=O)N3CCCC=4C=CC=NC43,1.1,O=C(N1CCc2ccccc2CC1)N1CCCc2cccnc21
XS837887b,O=C(NCC1=CC=2CCCC2NC1=O)NCC3CCCCS3(=O)=O,0.994,O=C(NCc1cc2c([nH]c1=O)CCC2)NCC1CCCCS1(=O)=O
XS846477a,COC=1C=CC=C(C1)C2=NOC(=N2)C(C)NC(=O)CCCN3C=CC=C3,0.352,O=C(CCCn1cccc1)NCc1nc(-c2ccccc2)no1
XS584148b,CCCC1C(=O)NCCN1S(=O)(=O)C=2C=CC=C3CC(C)(C)OC23,0.63,O=C1CN(S(=O)(=O)c2cccc3c2OCC3)CCN1
XS837847b,CC1=NN(C)C(C)=C1C(C)C(=O)N2CCN(CC2)C3=NC(N)=NS3,0.552,O=C(Cc1cn[nH]c1)N1CCN(c2ncns2)CC1
XS836774b,O=C(NCCCOCC1CCCO1)N2CCN(CC2)C=3N=CC=CN3,0.5,O=C(NCCCOCC1CCCO1)N1CCN(c2ncccn2)CC1
XS846482a,CC1=CC=C(S1)C(C)C(=O)N2CCN(CC2)C=3N=CNC4=NC=CC34,0.718,O=C(Cc1cccs1)N1CCN(c2nc[nH]c3nccc2-3)CC1
XS846489a,O=C(CNC(=O)C=1C=CC(=CC1)OCC2CCCO2)NCC3=CC=CO3,0.524,O=C(CNC(=O)c1ccc(OCC2CCCO2)cc1)NCc1ccco1
XS839021b,COC=1C=CC=CC1C2=CC(=NO2)C(=O)N3C=4C=CC=CC4CC3C(=O)O,4.162,O=C(c1cc(-c2ccccc2)on1)N1CCc2ccccc21
XS836947b,CC1=NOC(=N1)C=2C=CC=C(C2)NC(=O)NC3CCC=4C=CC=CC4OC3,1.95,O=C(Nc1cccc(-c2ncno2)c1)NC1CCc2ccccc2OC1
XS846498a,COC(=O)C=1C=CC=C(C1)OCC(O)CN2N=C(C)C(C)=C(C#N)C2=O,0.438,O=c1cccnn1CCCOc1ccccc1
XS673858b,COCC(C)(O)C(=O)N1CC=2C=NN(C=3C=CC=CN3)C2CC(C)(C)C1,0.52,c1ccc(-n2ncc3c2CCCNC3)nc1
XS846491a,O=C(CCN1CCCC1=O)OC2CCC=3NC=4C=CC(Cl)=CC4C3C2,1.754,O=C(CCN1CCCC1=O)OC1CCc2[nH]c3ccccc3c2C1
XS846488a,CCCC(C#N)NC(=O)C=1C=C(C)N=C2C1C=NN2CC=3C=CC(C)=CC3,0.672,c1ccc(Cn2ncc3cccnc32)cc1
XS842685b,O=C(N1CCNC(=O)CC1)C23CCC(=O)N3C=4C=C(Cl)C=CC4S2,1.632,O=C1CCN(C(=O)C23CCC(=O)N2c2ccccc2S3)CCN1
XS841845b,CCCC(=O)N1CSCC1C(=O)N2CCN3CCOC=4C=CC=C2C43,3.032,O=C(C1CSCN1)N1CCN2CCOc3cccc1c32
XS742676b,COC=1C=CC=C2NC=C(CC(=O)N3C=4C=CC=CC4N(C)CCC3C)C12,1.072,O=C(Cc1c[nH]c2ccccc12)N1CCCNc2ccccc21
XS837413b,CC(CNC(=O)C1=CC(=CNC1=O)C(F)(F)F)N2CCC=3C=CC=CC32,0.372,O=C(NCCN1CCc2ccccc21)c1ccc[nH]c1=O
XS837970b,CC=1C=CC(=CC1)N2N=C(Br)CC2C(=O)NC=3C=CN(C)N3,0.572,O=C(Nc1cc[nH]n1)C1CC=NN1c1ccccc1
XS846497a,CCOC(=O)C=1N=NNC1C2CCCN2C(=O)CC=3C=CC(Cl)=CC3,0.602,O=C(Cc1ccccc1)N1CCCC1c1cnn[nH]1
XS846495a,CCC1CCCCN1C(=O)CSC2=NN=C(O2)C=3SC(C)=NC3C,0.5,O=C(CSc1nnc(-c2cncs2)o1)N1CCCCC1
XS837272b,COC=1C=CC=CC1S(C)(=O)=NC(=O)C=2C=CC(=NC2)C3=CSC=N3,0.466,O=C(N=[SH](=O)c1ccccc1)c1ccc(-c2cscn2)nc1
XS837647b,O=C(N1CC=2C=NN(C=3N=CC=CN3)C2C1)N4C=5N=CC=CC5N6CCC4C6,16.082,O=C(N1Cc2cnn(-c3ncccn3)c2C1)N1c2ncccc2N2CCC1C2
UB028214b,CC=1C=CC=C(C1)CC(CO)NC(=O)C2=CNN=C2C=3C=CC=C(Cl)C3,0.5,O=C(NCCc1ccccc1)c1c[nH]nc1-c1ccccc1
XS846513a,O=C(NCC1(CC1)C=2C=CC(F)=CC2)C3CCCN(C3)C(=O)N4CCCC4,0.658,O=C(NCC1(c2ccccc2)CC1)C1CCCN(C(=O)N2CCCC2)C1
XS840817b,COC=1C=CC=C2C1CCCCN2CC(=O)N3CCCC(C3)C(F)(F)F,0.316,O=C(CN1CCCCc2ccccc21)N1CCCCC1
XS846508a,CC(=O)NC(CC(=O)NCC1(CC1)C=2C=CC=CC2)C=3C=CC(Cl)=CC3,0.408,O=C(CCc1ccccc1)NCC1(c2ccccc2)CC1
XS846511a,CC1=C(C=NN1C=2C=CC(F)=CC2)C(=O)NCC3COC=4C=CC=CC4O3,0.754,O=C(NCC1COc2ccccc2O1)c1cnn(-c2ccccc2)c1
XS846509a,COC=1C=CC(=CC1S(=O)(=O)N(C)C)C(=O)N2C=3C=CC=CC3CC2C,0.662,O=C(c1ccccc1)N1CCc2ccccc21
XS839700b,CC=1C=CC=C2C1NC(=O)C23C(C#N)=C(N)OC=4C=5C=CC=CC5OC(=O)C43,5.352,O=C1Nc2ccccc2C12C=COc1c2c(=O)oc2ccccc12
XS846507a,CCOC=1C=CC(=CC1)C(C)NC(=O)C=2C=C(C)N=C3C2C=NN3C(C)C,1.058,O=C(NCc1ccccc1)c1ccnc2[nH]ncc12
XS759456b,CC1=CC(C)=CC(=C1)OCC(=O)N(CC=2C=CC=CC2)C3CCS(=O)(=O)C3,1.078,O=C(COc1ccccc1)N(Cc1ccccc1)C1CCS(=O)(=O)C1
XS846523a,COC=1C=CC=CC1C=2CC(C=3C=CC=CC3Cl)N(N2)C(=O)CCC(=O)O,2.956,c1ccc(C2=NNC(c3ccccc3)C2)cc1
XS838274b,CC=1N=C(SC1C(=O)OC2CCN(C2=O)C3CCOCC3)C4=NN=CN4,0.588,O=C(OC1CCN(C2CCOCC2)C1=O)c1cnc(-c2nnc[nH]2)s1
XS840861b,CC(C)CN1C=CN=C(C1=O)N2CCCC(C2)C3=NNC(=N3)C=4C=CC=CC4,0.784,O=c1[nH]ccnc1N1CCCC(c2n[nH]c(-c3ccccc3)n2)C1
XS548504b,CC(NC(=O)C=1C=CN(N1)C=2C=CC(F)=CC2)C=3C=CC=4NC(=O)CCC4C3,1.406,O=C1CCc2cc(CNC(=O)c3ccn(-c4ccccc4)n3)ccc2N1
XS846525a,CC=1C=C(N=C(N1)C=2C=CN=CC2)N3CCCC(C3)C(=O)N4CCC(C)CC4,0.962,O=C(C1CCCN(c2ccnc(-c3ccncc3)n2)C1)N1CCCCC1
XS073732b,O=C(CNC=1C=CC=CC1Cl)N(C=2C=CC=CC2)C3CCS(=O)(=O)C3,0.386,O=C(CNc1ccccc1)N(c1ccccc1)C1CCS(=O)(=O)C1
XS846521a,CC=1C=CC=C2SC(=NC12)NC(=O)C3CC(=O)N(CCC=4C=CC=CC4)C3,4.022,O=C(Nc1nc2ccccc2s1)C1CC(=O)N(CCc2ccccc2)C1
XS846522a,O=C(CN1C(=O)C=NC=2C=CC=CC21)NC(C=3C=CC(F)=CC3)C4CCCC4,1.306,O=C(Cn1c(=O)cnc2ccccc21)NC(c1ccccc1)C1CCCC1
XS565417b,CC=1C=CC=CC1C2=NC(CN(C)C3CCN(CC=4C=CC=CC4)C3=O)=NO2,0.646,O=C1C(NCc2noc(-c3ccccc3)n2)CCN1Cc1ccccc1
XS846529a,CS(=O)(=O)CC1=CC=C(O1)C(=O)N2CCCCC2CCCC=3C=CC=CC3,0.44,O=C(c1ccco1)N1CCCCC1CCCc1ccccc1
XS836707b,COC=1C=NN2CCN(CC12)C(=O)NC(C)C=3C=NN(C3C)C=4C=CC(F)=CC4,1.658,O=C(NCc1cnn(-c2ccccc2)c1)N1CCn2nccc2C1
XS846537a,CC(NC(=O)C1CC1)C(=O)NCC2=CN(N=C2C=3C=CC=CC3)C=4C=CC=CC4,0.4,O=C(CNC(=O)C1CC1)NCc1cn(-c2ccccc2)nc1-c1ccccc1
XS846531a,COCC=1C=CC(=CC1)NC(=O)C2CCCCN2S(=O)(=O)C=3C=CC=CC3,0.864,O=C(Nc1ccccc1)C1CCCCN1S(=O)(=O)c1ccccc1
XS706875b,COC=1C=CC=CC1N2CC(CC2=O)C(=O)NC(C)(C)C=3C=CC=4OCOC4C3,3.274,O=C(NCc1ccc2c(c1)OCO2)C1CC(=O)N(c2ccccc2)C1
XS846532a,CCOC=1C=CC=2C=C(NC2C1)C(=O)N3CCCC(CNC(=O)C4=CC=CO4)C3,1.098,O=C(NCC1CCCN(C(=O)c2cc3ccccc3[nH]2)C1)c1ccco1
XS397897b,CC1CC(=O)NC=2C=CC=CC2N1C(=O)CN3N=NC(=N3)C=4C=CC=CC4Cl,1.982,O=C1CCN(C(=O)Cn2nnc(-c3ccccc3)n2)c2ccccc2N1
XS846535a,CC(NC(=O)C=1C=CC(=CC1)N2C(=O)CCC2=O)C=3C=CC(Cl)=CC3Cl,1.666,O=C(NCc1ccccc1)c1ccc(N2C(=O)CCC2=O)cc1
XS846539a,COC=1C=CC=CC1OCC(=O)N(CC2=CC=CS2)C3CCS(=O)(=O)C3,1.022,O=C(COc1ccccc1)N(Cc1cccs1)C1CCS(=O)(=O)C1
XS846527a,COC=1C=CC(=CC1)C=2NC=3C=CC=CC3C2CCC(=O)N4CCNC(=O)C4C,1.82,O=C1CN(C(=O)CCc2c(-c3ccccc3)[nH]c3ccccc23)CCN1
XS846533a,CCC(NC(=O)CCC1=NC=C(O1)C=2C=CC(Cl)=CC2)C=3C=CC(=CC3)OC,0.874,O=C(CCc1ncc(-c2ccccc2)o1)NCc1ccccc1
XS546908b,CN1N=CC2=C1CCCC2NC=3C=NN(C(=O)C3Cl)C=4C=CC(F)=CC4F,0.734,O=c1cc(NC2CCCc3[nH]ncc32)cnn1-c1ccccc1
XS839643b,CN1C=C(C=N1)N2CCCC(C2)NS(=O)(=O)CCC=3C=CC=4OCCC4C3,1.316,O=S(=O)(CCc1ccc2c(c1)CCO2)NC1CCCN(c2cn[nH]c2)C1
XS846545a,CN(CC=1C=CC=C(C#N)C1)C(=O)C2CC(=O)N(CC=3C=CC=C(C3)C(F)(F)F)C2,1.258,O=C(NCc1ccccc1)C1CC(=O)N(Cc2ccccc2)C1
XS841541b,COC=1C=CC=CC1NC(=O)C2=C(C)NC(=O)NC2C=3C=CC=4N=C(C)SC4C3,2.29,O=C1NC=C(C(=O)Nc2ccccc2)C(c2ccc3ncsc3c2)N1
XS388410b,CC(C)(CNC(=O)C1CCCN(C1)C=2C=NC=CN2)C=3C=CC(Br)=CC3,1.128,O=C(NCCc1ccccc1)C1CCCN(c2cnccn2)C1
XS837834b,O=C(O)CC(NC(=O)CCN1N=C2C=CC=CN2C1=O)C=3C=CC4=CC=CC=C4C3,0.46,O=C(CCn1nc2ccccn2c1=O)NCc1ccc2ccccc2c1
XS846548a,COC=1C=CC(OC)=C(C1)C2NC(=O)NC(C)=C2C(=O)NC=3C=CC=C(Cl)C3,0.476,O=C1NC=C(C(=O)Nc2ccccc2)C(c2ccccc2)N1
XS836773b,CCCS(=O)(=O)N1CCCC(C1)C(=O)NC2=NN=C(N2)C=3C=CC=CC3OC,6.716,O=C(Nc1nnc(-c2ccccc2)[nH]1)C1CCCNC1
XS846549a,CN(CCCOC=1C=CC(F)=CC1)C(=O)C2CCCN(C2)C(=O)CC=3C=CC=CC3,0.946,O=C(NCCCOc1ccccc1)C1CCCN(C(=O)Cc2ccccc2)C1
XS846544a,CC1=NN(CC(C)C)C=2SC(=CC12)C(=O)NC(C)C=3C=CC(=CC3)S(N)(=O)=O,0.33,O=C(NCc1ccccc1)c1cc2cn[nH]c2s1
XS846565a,COC=1C=C(C=CC1OC(F)F)CNC(=O)C2CCCN2S(=O)(=O)C=3C=CC=CC3,12.04,O=C(NCc1ccccc1)C1CCCN1S(=O)(=O)c1ccccc1
XS846554a,CC=1SC=2N=C(CN3CCN(CC3)C(=O)C4CCCN4C(=O)C5=CC=CS5)NC(=O)C2C1C,6.464,O=C(C1CCCN1C(=O)c1cccs1)N1CCN(Cc2nc3sccc3c(=O)[nH]2)CC1
XS620532b,COC=1C=CC=CC1N2CCC(C2=O)N3CCCN(CC3)C(=O)C=4C=CC(Cl)=CC4,2.118,O=C(c1ccccc1)N1CCCN(C2CCN(c3ccccc3)C2=O)CC1
XS846558a,CCCCC=1C=CC(=CC1)N2CC(CC2=O)C3=NC=4C=CC=CC4N3CC(=O)N5CCCCCC5,5.292,O=C(Cn1c(C2CC(=O)N(c3ccccc3)C2)nc2ccccc21)N1CCCCCC1
XS846556a,CC=1C=CC2=NC=CC=C2C1S(=O)(=O)N3CCNC(=O)C3C=4C=CC(=CC4)C(F)(F)F,0.988,O=C1NCCN(S(=O)(=O)c2cccc3ncccc23)C1c1ccccc1
XS846555a,CC(C(=O)NC=1C=CC=C(F)C1)N2CCN(CC2)S(=O)(=O)C=3C=CC=4CCCC4C3,0.558,O=C(CN1CCN(S(=O)(=O)c2ccc3c(c2)CCC3)CC1)Nc1ccccc1
XS846559a,CC(C)CN1C(=NN=C1C2=CC=CO2)SC3CCCCN(C(=O)C=4C=CC(F)=CC4)C3=O,1.24,O=C(c1ccccc1)N1CCCCC(Sc2nnc(-c3ccco3)[nH]2)C1=O
XS846564a,O=C(NC=1C=CC=C(C1)S(=O)(=O)N2CCCCC2)C=3C=CC(=CC3)OCC4CCCO4,1.35,O=C(Nc1cccc(S(=O)(=O)N2CCCCC2)c1)c1ccc(OCC2CCCO2)cc1
XS838203b,CCCCN1C(=O)N(C)C(=O)C2=C1NC(=O)C2CC(=O)NC=3C=CC(OC)=C(C3)OC,0.594,O=C(CC1C(=O)Nc2[nH]c(=O)[nH]c(=O)c21)Nc1ccccc1
XS846553a,CCOC=1C=CC=CC1N2CC(CC2=O)C3=NC=4C=CC=CC4N3CC=5C=CC(F)=CC5,2.59,O=C1CC(c2nc3ccccc3n2Cc2ccccc2)CN1c1ccccc1
XS328355c,COC=1C=CC(C=2NC=3C=CC=CC3C2CCC(=O)N4CCCC(C4)C(N)=O)=C(C1)OC,0.574,O=C(CCc1c(-c2ccccc2)[nH]c2ccccc12)N1CCCCC1
XS846568a,COCC(=O)N1CCN(CC1)C(=O)C=2C=CC=C(C2)S(=O)(=O)NCC3CCCO3,8.094,O=C(c1cccc(S(=O)(=O)NCC2CCCO2)c1)N1CCNCC1
XS846580a,CNC(=O)NC(=O)C(C)NC=1C=CC=C(C)C1,0.914,c1ccccc1
XS846573a,CC=1C=CC=CC1NC(=O)C2CSCN2,0.974,O=C(Nc1ccccc1)C1CSCN1
XS839857b,CCOC(=O)C1CCCC=2SC(=O)N(C)C21,0.38,O=c1[nH]c2c(s1)CCCC2
XS846582a,CC(NC(=O)C1=CC=CO1)C=2C=CC=NC2,11.286,O=C(NCc1cccnc1)c1ccco1
XS846576a,CC(OC=1C=CC=CC1)C(=O)N2CCNC(=O)C2,0.594,O=C1CN(C(=O)COc2ccccc2)CCN1
XS841820b,CCN(C(=O)C1CC=2C=CC=CC2S1)C3CC3,0.666,O=C(NC1CC1)C1Cc2ccccc2S1
XS846577a,CC1=NOC(=N1)C(C)NC=2C=CC=3OCCC3C2,1.662,c1noc(CNc2ccc3c(c2)CCO3)n1
XS678514b,CC1(C)CCC(NC(=O)C=2C=COC2)C=3C=CC=CC31,0.398,O=C(NC1CCCc2ccccc21)c1ccoc1
XS846585a,CC1CSCCN1C(=O)C=2C=C3OCCN3N2,0.516,O=C(c1cc2n(n1)CCO2)N1CCSCC1
XS846586a,CC(NC=1N=CN=C2C1C=NN2C)C=3C=CC(F)=CC3,0.476,c1ccc(CNc2ncnc3[nH]ncc23)cc1
XS841757b,CC(NC=1C=CC=C2C=CNC12)C=3C=CC(C#N)=CC3,0.788,c1ccc(CNc2cccc3cc[nH]c23)cc1
XS753543b,CC=1C=C(N=C(C)N1)N2CCCC(C2)C3=NN=CN3C,0.616,c1cc(N2CCCC(c3nnc[nH]3)C2)ncn1
XS846593a,CCCC(C)NC(=O)C=1C=CC=C(C1)N2C=CC(C)=N2,1.022,c1ccc(-n2cccn2)cc1
XS837537b,CCC1CC=NN1C=2N=CC(=CC2Cl)C(=O)OC,0.658,C1=NN(c2ccccn2)CC1
XS837197b,CC1C(=O)N(C)CN1CC=2C=NC=C3C=CC=CC23,0.616,O=C1CN(Cc2cncc3ccccc23)CN1
XS846587a,CC(C)NC(=O)C1CC(=O)N(CC=2C=CC=CC2)C1,0.518,O=C1CCCN1Cc1ccccc1
XS838224b,CC(COC=1C=CC=CC1)OC(=O)CC=2C=NC=NC2,0.402,O=C(Cc1cncnc1)OCCOc1ccccc1
XS760238b,CC1=NN2CC(CCC2=N1)NC=3N=CC=CC3C#N,0.514,c1ccc(NC2CCc3ncnn3C2)nc1
XS846600a,COC=1C=CC=C(C1)CN(C)C(=O)C(C)N2C=NC=N2,0.42,O=C(Cn1cncn1)NCc1ccccc1
XS558067b,CN1C=C(C=N1)N2CCC(NC(=O)C=3C=CN=CC3)C2=O,2.316,O=C(NC1CCN(c2cn[nH]c2)C1=O)c1ccncc1
XS734231b,COC=1C=CC(=CC1F)C(=O)NC2CCCCNC2=O,0.878,O=C(NC1CCCCNC1=O)c1ccccc1
XS839869b,COC=1C=CC=CC1CNC(C)CN2N=C(C)OC2=O,0.404,O=c1ocnn1CCNCc1ccccc1
XS846594a,CC1=NN2CC(CCC2=N1)NC=3N=CN=C4C=CSC34,0.606,c1nc(NC2CCc3ncnn3C2)c2sccc2n1
XS846597a,O=C(C=1C=CC=2NC=CC2C1)N3CCCC3C4CCCC4,2.202,O=C(c1ccc2[nH]ccc2c1)N1CCCC1C1CCCC1
XS841656b,CC=1C=C(NC(=O)NC(C)C2=CSC(=N2)C3CC3)ON1,0.686,O=C(NCc1csc(C2CC2)n1)Nc1ccno1
XS846608a,CC1=C(C=NN1C)C(C)NC(=O)CC2=CNC=3C=CC=CC23,0.78,O=C(Cc1c[nH]c2ccccc12)NCc1cn[nH]c1
XS838531b,O=C1SC(=NN1CCC2CCCCO2)C=3C=CN=CC3,0.322,O=c1sc(-c2ccncc2)nn1CCC1CCCCO1
XS747560b,CC1(CCN(C1)C(=O)C=2C=C3CCCN3N2)C=4C=CC=CC4,1.052,O=C(c1cc2n(n1)CCC2)N1CCC(c2ccccc2)C1
XS582355b,O=C(C(C=1C=CC=CC1)N2CCNC(=O)C2)N3CCOCC3,16.026,O=C1CN(C(C(=O)N2CCOCC2)c2ccccc2)CCN1
XS846616a,CC(SC=1N=CC=CN1)C(=O)NC=2C=CC(=CC2)C(N)=O,0.594,O=C(CSc1ncccn1)Nc1ccccc1
XS846615a,CCN1N=C(CCC1=O)C(=O)NC2CCC=3C=CC=CC3C2,0.768,O=C1CCC(C(=O)NC2CCc3ccccc3C2)=NN1
XS846617a,CSC=1N=C(C=C(C(=O)OC(C)C(N)=O)C1C#N)C2CC2,1.124,c1ccc(C2CC2)nc1
XS543419b,CNC(=O)C1CC(=O)N(C1)C2CN(C2)C=3C=CC=C(C#N)N3,0.614,O=C1CCCN1C1CN(c2ccccn2)C1
XS846622a,O=C(NCC1CCCCC1)C2CC(=NO2)C=3C=CC=C(F)C3,1.208,O=C(NCC1CCCCC1)C1CC(c2ccccc2)=NO1
XS591197b,O=C(NC1CCCNC1=O)C=2C=CC=C(C2)NC(=O)C3CC3,0.654,O=C(NC1CCCNC1=O)c1cccc(NC(=O)C2CC2)c1
XS846619a,O=C(C1=CC=CO1)N2CCCC2C3=NC=4C=CC=CC4S3,2.24,O=C(c1ccco1)N1CCCC1c1nc2ccccc2s1
XS846618a,O=C(C1CCC=2NN=NC2C1)N3CCC4(CCCCC4)CC3,0.39,O=C(C1CCc2[nH]nnc2C1)N1CCC2(CCCCC2)CC1
XS837521b,COCC1(CCCO1)C(=O)NC2=CN=C3C=CC=CN3C2=O,0.676,O=C(Nc1cnc2ccccn2c1=O)C1CCCO1
XS840651b,COCC1=NC(=CS1)C(=O)N2C=3C=CC=CC3OCC2C,1.384,O=C(c1cscn1)N1CCOc2ccccc21
XS846621a,CC1CN(CCO1)C2=NN3C=C(N=C3S2)C=4C=CC=CC4,1.314,c1ccc(-c2cn3nc(N4CCOCC4)sc3n2)cc1
XS820576b,CC1=CC=C(O1)C2=NC(=CS2)C(=O)NC(C)C=3C=CN=CC3,0.554,O=C(NCc1ccncc1)c1csc(-c2ccco2)n1
XS846627a,CC1(CCCN(C1)C(=O)C=2C=C(ON2)C3CC3)C=4C=CC=CC4,1.648,O=C(c1cc(C2CC2)on1)N1CCCC(c2ccccc2)C1
XS846636a,CCCN1C(=O)C=2C=CC=CC2NC1C=3C=CC(O)=C(C3)OC,2.266,O=C1NC(c2ccccc2)Nc2ccccc21
XS846626a,CC=1C=C(C)C=C(C1)C(C)NC(=O)C=2C(=O)N(C)N=C(C)C2C,0.766,O=C(NCc1ccccc1)c1ccn[nH]c1=O
XS846631a,CC=1C=C2OC=C(CC(=O)NC(C)C=3C=CC=CN3)C2=CC1C,0.512,O=C(Cc1coc2ccccc12)NCc1ccccn1
XS794253b,O=C(C1CC=2C=CC=CC2C(=O)O1)N(CC3=CC=CO3)C4CC4,1.996,O=C1OC(C(=O)N(Cc2ccco2)C2CC2)Cc2ccccc21
XS797857b,CC=1N=C2C=CC(=CC2=NC1C)C(=O)OC(C)C(=O)NC3CC3,0.494,O=C(COC(=O)c1ccc2nccnc2c1)NC1CC1
XS840639b,CCOC=1N=CC(=CC1Cl)C(=O)NC(C)C2=NC=CS2,1.222,O=C(NCc1nccs1)c1cccnc1
XS846625a,NC(=O)C1CCCCN1CC2=CSC(=N2)C=3C=CSC3,1.208,c1cc(-c2nc(CN3CCCCC3)cs2)cs1
XS431524b,COC=1C=CC(=CC1)CC(=O)NC(CC(=O)O)C=2C=CC=CC2,0.874,O=C(Cc1ccccc1)NCc1ccccc1
XS784132b,CNC(=O)C1CCCCN1C(=O)CC=2C=CC=C3C=CC=NC23,1.598,O=C(Cc1cccc2cccnc12)N1CCCCC1
XS839293b,COC(=O)C1=CC=C(CC2NC(=O)C3(CCCC3)NC2=O)O1,1.224,O=C1NC2(CCCC2)C(=O)NC1Cc1ccco1
XS635352b,CCCC=1C=C(NC2CCC3=NC(C)=NN3C2)N4N=CN=C4N1,0.54,c1cc(NC2CCc3ncnn3C2)n2ncnc2n1
XS846645a,CCC=1C=CC(=CC1)C2=CSC(=N2)NC(=O)C(C)NC(C)=O,3.8,c1ccc(-c2cscn2)cc1
XS839602b,CC=1N=C(N=C2SC(N)=NC12)N3CCCC4(CCC(=O)N4)C3,0.42,O=C1CCC2(CCCN(c3ncc4ncsc4n3)C2)N1
XS840626b,COC(=O)C(CNC(=O)NC=1C=NNC1)CC=2C=CC=C(C)C2,0.554,O=C(NCCCc1ccccc1)Nc1cn[nH]c1
XS147247e,O=C(O)C=1SC(=CC1NC(=O)C2CCCO2)C=3C=CC=CC3,0.816,O=C(Nc1csc(-c2ccccc2)c1)C1CCCO1
XS846649a,CCC(=O)N1CCCC(C1)C(=O)NC=2C=CC(F)=C(F)C2F,0.856,O=C(Nc1ccccc1)C1CCCNC1
XS811886b,COC=1C=CC=C(C1)C(=O)OC(C)C(=O)NCC2CCCCC2,0.658,O=C(COC(=O)c1ccccc1)NCC1CCCCC1
XS552854b,CC=1C=CC(C2=NOC(=N2)C(C)NC(=O)C=3C=COC3)=C(F)C1,0.65,O=C(NCc1nc(-c2ccccc2)no1)c1ccoc1
XS726755b,COC=1C=CC(=CC1F)CC(=O)N2CCCC(C2)N3C=CC=N3,0.736,O=C(Cc1ccccc1)N1CCCC(n2cccn2)C1
XS838680b,O=S1(=O)CCCC(C1)NC=2C=CC(=NC2)OC=3C=CC=CC3,0.79,O=S1(=O)CCCC(Nc2ccc(Oc3ccccc3)nc2)C1
XS837837b,COC(=O)C(C=1C=CC=CC1)N(C)C=2C=CC=C(C2)C=3N=NNN3,1.92,c1ccc(CNc2cccc(-c3nn[nH]n3)c2)cc1
XS530479b,CC1=NNC(C)=C1C(C)CC(=O)N2CCC(CC2)C=3C=CC=CC3,0.376,O=C(CCc1cn[nH]c1)N1CCC(c2ccccc2)CC1
XS846657a,COCCN1C=C(C=N1)NC(=O)NC(C)C=2C=C(F)C=CC2F,0.63,O=C(NCc1ccccc1)Nc1cn[nH]c1
XS840801b,O=C(NNC1CCS(=O)(=O)C1)C2=CC=C(Br)O2,0.57,O=C(NNC1CCS(=O)(=O)C1)c1ccco1
XS837785b,O=C(NC=1C=NC=C2C=CC=CC12)C3COC=4C(Cl)=CC=CC43,1.906,O=C(Nc1cncc2ccccc12)C1COc2ccccc21
XS846653a,CCNC(=O)CNC(=O)CC(NC(C)=O)C=1C=CC(Cl)=CC1,0.54,c1ccccc1
XS846659a,CC=1C=CN(N1)C=2C=CC=C(C2)C(=O)NC3CCC4=NC=CN4C3,8.882,O=C(NC1CCc2nccn2C1)c1cccc(-n2cccn2)c1
XS846665a,COC=1C=CC(=CN1)NC(C)C(=O)NC=2C=CC=3OCCOC3C2,1.81,O=C(CNc1cccnc1)Nc1ccc2c(c1)OCCO2
XS846664a,COC=1C=CC(=CC1)NC(=O)CC2SC=3C=CC=CC3NC2=O,0.984,O=C(CC1Sc2ccccc2NC1=O)Nc1ccccc1
XS846669a,CC1C=2NC=3C=CC=CC3C2CCN1C(=O)COC4CCCCC4,2.812,O=C(COC1CCCCC1)N1CCc2c([nH]c3ccccc23)C1
XS846660a,CCNC(=O)NC(=O)C(C)NC=1C=CC(C)=C(C1)OCC(F)F,0.742,c1ccccc1
XS840007b,CC1=NOC(=N1)C2CCCCN2C(=O)C=3C=CC=4OC(=O)NC4N3,1.662,O=C(c1ccc2oc(=O)[nH]c2n1)N1CCCCC1c1ncno1
XS575705c,CC(C)C=1C=CC(=CC1)C(=O)N2CCC(C2)C=3C=C(O)N=C(N)N3,0.666,O=C(c1ccccc1)N1CCC(c2ccncn2)C1
XS697642b,CC(=O)N1C=CC=2C=CC=CC2C1CC(=O)NC3=NC=C(C)S3,0.972,O=C(CC1NC=Cc2ccccc21)Nc1nccs1
XS839117b,CC1=NOC(C)=C1C2=CN(N=N2)C3CCN(C=4C=NN(C)C4)C3=O,1.506,O=C1C(n2cc(-c3cnoc3)nn2)CCN1c1cn[nH]c1
XS846667a,CC=1N=CSC1C(=O)N2CCCC2C=3C=CC=4OCCOC4C3,0.702,O=C(c1cncs1)N1CCCC1c1ccc2c(c1)OCCO2
XS331532b,COC=1C=CC=C(CNC(=O)CN2CCCCC(O)C2=O)C1OC,0.418,O=C(CN1CCCCCC1=O)NCc1ccccc1
XS407767b,CC1=CC=C(S1)C2=CSC=3N=CN(CC4CCCO4)C(=O)C23,0.894,O=c1c2c(-c3cccs3)csc2ncn1CC1CCCO1
XS653258b,CC1=NNC(C)=C1S(=O)(=O)N2CC(OC=3C=CC=CC32)C(N)=O,0.938,O=S(=O)(c1cn[nH]c1)N1CCOc2ccccc21
XS846678a,CNC(=O)NC(=O)C(C)NC=1C=CC=C(C1)CN2CCCCC2=O,0.57,O=C1CCCCN1Cc1ccccc1
XS657796b,O=C(NC=1C=CC=C(Cl)C1)C2CCCN(C2)C(=O)N3CCCC3,0.86,O=C(Nc1ccccc1)C1CCCN(C(=O)N2CCCC2)C1
XS836607b,COC=1C=CC(=CN1)NC(C(N)=O)C=2C=CC(Br)=CC2,1.366,c1ccc(CNc2cccnc2)cc1
XS841247b,CN(CC=1C=CC=CN1)C(=O)C(CS(C)(=O)=O)C=2C=CC=CC2,0.42,O=C(Cc1ccccc1)NCc1ccccn1
XS840022b,CCC(NC(=O)C=1C=C2CCCOC2=CN1)C(=O)N3CCOCC3,0.91,O=C(NCC(=O)N1CCOCC1)c1cc2c(cn1)OCCC2
XS838776b,CC=CCC(CO)NC(=O)CN1N=NC(=N1)C=2C=CC(Cl)=CC2,0.398,c1ccc(-c2nn[nH]n2)cc1
XS839861b,COC1CCCCN(CC(=O)N2N=C(N)C=3C=C(F)C=CC32)C1=O,1.658,O=C1CCCCCN1CC(=O)n1ncc2ccccc21
XS839052b,CC(NC=1C=CC2=NSN=C2C1)C=3C=CC(=CC3)S(C)(=O)=O,0.458,c1ccc(CNc2ccc3nsnc3c2)cc1
XS846677a,CCOC=1C=CC=CC1C(=O)NC(C)C=2C=CC(=CC2)N3C=NC=N3,0.612,O=C(NCc1ccc(-n2cncn2)cc1)c1ccccc1
XS846671a,CC(C)C(C=1C=CC=NC1)N(C)C(=O)C=2C=C(NN2)C=3C=CC=CC3,0.634,O=C(NCc1cccnc1)c1cc(-c2ccccc2)[nH]n1
XS846673a,O=C(NCC1CCCC=2C=CC=CC21)C=3NN=CC3C=4C=CN=CC4,1.262,O=C(NCC1CCCc2ccccc21)c1[nH]ncc1-c1ccncc1
XS703678b,CC(NC(=O)C=1C=CC=CC1Cl)C=2C=CC=C(C2)S(N)(=O)=O,0.422,O=C(NCc1ccccc1)c1ccccc1
XS560123b,CC1=C(OC=2C(C)=CC=CC12)C(=O)N3CCC(O)(CN4C=CN=N4)C3,0.812,O=C(c1cc2ccccc2o1)N1CCC(Cn2ccnn2)C1
XS842213b,COCC1CCCCN(C1)C(=O)C=2N=C3C=CC=CC3=NC2C4CC4,0.822,O=C(c1nc2ccccc2nc1C1CC1)N1CCCCCC1
XS839886b,CC=1N=C(N=C(C1C)N2CCN3C(=O)N(C)CC3C2)C=4C=CC=NC4,0.92,O=C1NCC2CN(c3ccnc(-c4cccnc4)n3)CCN12
XS737993b,CC=1C=CC(F)=C2C1CCCN2CC(=O)NC3CCS(=O)(=O)C3,0.406,O=C(CN1CCCc2ccccc21)NC1CCS(=O)(=O)C1
XS838643b,CC(C)C(O)(CNC=1C=CC=C(C1)N=S(C)(C)=O)C(F)(F)F,1.274,c1ccccc1
XS846679a,O=C(C=1C=CC(=CC1)N2CCCC2=O)N3CCCC(C3)C4=CC=NN4,0.684,O=C(c1ccc(N2CCCC2=O)cc1)N1CCCC(c2ccn[nH]2)C1
XS846687a,CC(C)(C)C(NC(=O)NCC1=NN=C2C=CC=CN12)C=3C=CC=CC3,0.82,O=C(NCc1ccccc1)NCc1nnc2ccccn12
XS554043b,CC=1C=CC(=CC1)CC(=O)NC(C)C2=NC(=CS2)C=3C=CN=CC3,0.666,O=C(Cc1ccccc1)NCc1nc(-c2ccncc2)cs1
XS839783b,CC1=CC(CC(C)NC=2C=CC(=CC2S(C)(=O)=O)[N+]([O-])=O)=NN1,0.662,c1ccc(NCCc2cc[nH]n2)cc1
XS842621b,CC=1C=C(F)C=CC1N2CCCC(NC3=NC=CN4C=NN=C34)C2=O,1.088,O=C1C(Nc2nccn3cnnc23)CCCN1c1ccccc1
XS838678b,CCN1C=CC2=C1CCN(C(=O)CC3CCCC3)C2C4=CC(C)=NO4,2.946,O=C(CC1CCCC1)N1CCc2[nH]ccc2C1c1ccno1
XS846699a,O=C(NCC(C1=CNC=2C=CC=CC12)C=3C=CC=CC3)C=4C=CC=CN4,1.18,O=C(NCC(c1ccccc1)c1c[nH]c2ccccc12)c1ccccn1
XS846702a,CCN(C(=O)NC=1C=CC(=CC1)NC(C)=O)C(C)C=2C=CC(F)=CC2,0.718,O=C(NCc1ccccc1)Nc1ccccc1
XS837541b,ClC=1C=CC=2NN=C(C3=NOC(=N3)C4CCCC5=NC=NN54)C2C1,2.92,c1ccc2c(-c3noc(C4CCCc5ncnn54)n3)n[nH]c2c1
XS702535b,CCCN1N=C(C(=O)NC2CCCCNC2=O)C=3C=CC=CC3C1=O,0.85,O=C(NC1CCCCNC1=O)c1n[nH]c(=O)c2ccccc12
XS724790b,CC(C)C1=NC(=NO1)C2COCCN2C(=O)C3=CC=4N=CC=CC4O3,0.388,O=C(c1cc2ncccc2o1)N1CCOCC1c1ncon1
XS846698a,COC(=O)CC(NC(=O)COC=1C=CC(C#N)=CC1)C2=CC=CS2,0.474,O=C(COc1ccccc1)NCc1cccs1
XS846705a,CC(=O)N1CCN(CC1)C(=O)C(C)NC=2C=CC=3N=C(C)SC3C2,0.946,O=C(CNc1ccc2ncsc2c1)N1CCNCC1
XS837872b,COC(=O)C1=CSC=C1NC(=O)N2CCCC(C2)N3C=C(C)C=N3,0.704,O=C(Nc1ccsc1)N1CCCC(n2cccn2)C1
XS840707b,CC(CN1C=CC=N1)(C(=O)O)N2C=C(C=N2)CC=3C=CC(F)=CC3F,1.542,c1ccc(Cc2cnn(CCn3cccn3)c2)cc1
XS166521b,O=C(CCC1=NC=C(O1)C=2C=CC=CC2)NC3CCOC=4C=CC=CC43,1.974,O=C(CCc1ncc(-c2ccccc2)o1)NC1CCOc2ccccc21
XS846706a,O=C(NC=1C=CC=C(Cl)C1F)C2CC(=O)N(CC=3C=CC=CC3)C2,1.438,O=C(Nc1ccccc1)C1CC(=O)N(Cc2ccccc2)C1
XS751265b,CCC1=NN2CC(CCC2=N1)NC(=O)C=3C(F)=CC=C(OC)C3OC,0.574,O=C(NC1CCc2ncnn2C1)c1ccccc1
XS557104b,O=C(NC(C=1C=CC=CC1)C(F)(F)F)C=2C=C(ON2)C=3C=CC=NC3,0.774,O=C(NCc1ccccc1)c1cc(-c2cccnc2)on1
XS640542b,CC=1C=NC(=NC1C)N2CCN(CC2)C(C)C(=O)N3CCCCCC3,0.826,O=C(CN1CCN(c2ncccn2)CC1)N1CCCCCC1
XS838000b,O=S1(=O)CCC(COC=2C(Cl)=CC(Cl)=C3C=CC=NC23)C1,0.426,O=S1(=O)CCC(COc2cccc3cccnc23)C1
XS840657b,COC(=O)C1=C(C)N(CC2=CC=CS2)C(=O)NC1C3=CSC=N3,0.944,O=C1NC(c2cscn2)C=CN1Cc1cccs1
XS565117b,O=C(NC1(CCOCC1)C=2C=CC(F)=CC2)C3CC(=O)N(C3)C4CC4,0.86,O=C(NC1(c2ccccc2)CCOCC1)C1CC(=O)N(C2CC2)C1
XS680637b,O=C(C1=CN2C=CC=CC2=N1)N3CCCC3C4=NC=5C=CC=CC5S4,2.25,O=C(c1cn2ccccc2n1)N1CCCC1c1nc2ccccc2s1
XS846715a,COC=1C=CC(=CC1NC(=O)NC(C)C=2C=C(C)C=CC2C)NC(C)=O,0.408,O=C(NCc1ccccc1)Nc1ccccc1
XS445769b,CNC(=O)C=1C=CC(OC)=C(C1)NC(=O)N2CCCC2C=3C=CN=CC3,0.974,O=C(Nc1ccccc1)N1CCCC1c1ccncc1
XS704052b,CC(=O)NC=1C=CC(=CC1)NC2CC(=O)N(CCC=3C=CC=CC3)C2=O,1.622,O=C1CC(Nc2ccccc2)C(=O)N1CCc1ccccc1
XS840033b,CC=1ON=C(C1C(=O)NC2COC=3C=C(F)C=C(F)C32)C=4C=CC=NC4,0.596,O=C(NC1COc2ccccc21)c1conc1-c1cccnc1
XS840245b,CC1=NN(CC(F)F)C(C)=C1C(=O)NC2CC=3C=CC(Cl)=CC3C2,0.474,O=C(NC1Cc2ccccc2C1)c1cn[nH]c1
XS846712a,CN1C=C2C(CCCC2NC=3N=C(N=C4C=CC=CC34)C=5C=CC=NC5)=N1,2.378,c1cncc(-c2nc(NC3CCCc4n[nH]cc43)c3ccccc3n2)c1
XS842646b,COC=1C=CC(Cl)=CC1N2CC(CC2=O)C3=NC=4C=CC=CC4N3C,2.372,O=C1CC(c2nc3ccccc3[nH]2)CN1c1ccccc1
XS328332b,CN1N=C(CN2CCCCC(NC(=O)CC3CCC3)C2=O)N(C)C1=O,0.61,O=C(CC1CCC1)NC1CCCCN(Cc2n[nH]c(=O)[nH]2)C1=O
XS838505b,CCC=1C=CC(=NC1)OC2CCCN(C2)C=3N=NC(=CC3C#N)C4CC4,0.466,c1ccc(OC2CCCN(c3ccc(C4CC4)nn3)C2)nc1
XS840868b,CC=1C=CC=C(C1)N2N=C3CSCC3=C2NC(=O)C(C)N4C=NC=N4,0.91,O=C(Cn1cncn1)Nc1c2c(nn1-c1ccccc1)CSC2
XS641748b,CCC1=CC=2C(=NC=NC2S1)N3CCN(CC3)C4CCS(=O)(=O)C4,0.802,O=S1(=O)CCC(N2CCN(c3ncnc4sccc34)CC2)C1
XS846721a,COC=1C=CC=C(C1)C2(CNC(=O)N3CCCC3C=4C=CC=C(C)N4)CC2,3.43,O=C(NCC1(c2ccccc2)CC1)N1CCCC1c1ccccn1
XS841435b,CC(NC(=O)C=1C=C(C(F)=CC1F)N2CCNC2=O)C=3C=CC(O)=NC3,0.692,O=C(NCc1cccnc1)c1cccc(N2CCNC2=O)c1
XS565243b,CCC=1N=C2CCC(CN2N1)NS(=O)(=O)C=3C=CC(=CC3)OC(C)C,0.342,O=S(=O)(NC1CCc2ncnn2C1)c1ccccc1
XS839246b,N#CC=1C=NC=C(N1)NC2(CC=3C=CC=C(Br)C3)CCOC2,0.964,c1ccc(CC2(Nc3cnccn3)CCOC2)cc1
XS840035b,COC=1C=CC2=NC(=C(C)N=C2C1)N3CCC4(C3)C(=O)NC=5C=CC=CC54,0.95,O=C1Nc2ccccc2C12CCN(c1cnc3ccccc3n1)C2
XS408518b,O=C(C1=CC=CN2C(=O)NN=C12)N3CC4(CCCCC4)C3C=5C=CC=CC5,4.35,O=C(c1cccn2c(=O)[nH]nc12)N1CC2(CCCCC2)C1c1ccccc1
XS846728a,CCOC(=O)C=1C=NN2C(O)=CC(CN3CCCC3C=4C=CC=CC4)=NC12,1.296,c1ccc(C2CCCN2Cc2ccn3nccc3n2)cc1
XS842507b,CC1CN(CCN1C(=O)C=2C=C[N+]([O-])=CC2)C=3C=C(Cl)C=CC3Cl,0.838,O=C(c1cc[nH+]cc1)N1CCN(c2ccccc2)CC1
XS846720a,O=C(CN1N=C(OC1=O)C2=CC=CS2)N3CCCC3C4=CC=CS4,1.286,O=C(Cn1nc(-c2cccs2)oc1=O)N1CCCC1c1cccs1
XS846722a,COCCN1C(=NC=2C=CC=CC21)C3CC(=O)N(C3)C=4C=CC=C(C)C4C,2.832,O=C1CC(c2nc3ccccc3[nH]2)CN1c1ccccc1
XS846736a,O=C(C1=CC=2CCCC2S1)N(CC=3C=CC=CC3)C4CCS(=O)(=O)C4,0.676,O=C(c1cc2c(s1)CCC2)N(Cc1ccccc1)C1CCS(=O)(=O)C1
XS846734a,CC=1N=C(SC1C(=O)N2CCCCC2C3=NC=4C=CC=CC4O3)N(C)C,1.806,O=C(c1cncs1)N1CCCCC1c1nc2ccccc2o1
XS841813b,CCN1OCC(C1=O)N2CCN(CC2)C(=O)C=3SC=4C=CC=CC4C3C,0.958,O=C1NOCC1N1CCN(C(=O)c2cc3ccccc3s2)CC1
XS846735a,CC=1C=CC(=CC1F)C(=O)N2CCOCC2C3=NC(=NO3)C=4C=CC=CC4,0.954,O=C(c1ccccc1)N1CCOCC1c1nc(-c2ccccc2)no1
XS837304b,CCCOCCOC=1C=CC=C(C1)C=2C=CC=C(C2)C3CC(=O)NC(=O)N3,0.778,O=C1CC(c2cccc(-c3ccccc3)c2)NC(=O)N1
XS837406b,O=C(N1CCN2N=NC=C2C1)C3(O)CCC=4C=C(Br)C=CC4C3,2.55,O=C(C1CCc2ccccc2C1)N1CCn2nncc2C1
XS770866b,CC=1C=CC=C(C1C)N2CC(CC2=O)C(=O)NCC3=NN=C4CCCCN34,0.938,O=C(NCc1nnc2n1CCCC2)C1CC(=O)N(c2ccccc2)C1
XS846742a,COC=1C=CC(O)=C(C1)C2NC(=O)CN2CC=3C=CC(=CC3)C=4C=CC=CC4,1.396,O=C1CN(Cc2ccc(-c3ccccc3)cc2)C(c2ccccc2)N1
XS838038b,CC=1N=C(C)N(N1)C2CCCN(C2)S(=O)(=O)CC=3C=CC=C(Cl)C3,0.37,O=S(=O)(Cc1ccccc1)N1CCCC(n2cncn2)C1
XS839134b,CC(C(=O)N1CCOCC1)C2=NC(=NO2)C=3C=NC(=CN3)OCC(F)F,1.592,O=C(Cc1nc(-c2cnccn2)no1)N1CCOCC1
XS838083b,COC(=O)C1CCC2=NN=C(C3=CC=C(COC=4C=CC=CC4)O3)N2CC1,0.492,c1ccc(OCc2ccc(-c3nnc4n3CCCCC4)o2)cc1
EL002171c,CC(C)C=1C=C(CO)N=C(N1)N2CCC(CC2)C3C(=O)NC=4C=CC=CC43,0.382,O=C1Nc2ccccc2C1C1CCN(c2ncccn2)CC1
XS846750a,N#CC=1C=CC(=CC1)OCC(=O)N2CCCC(C2)C3=NC=4C=CC=CC4S3,1.086,O=C(COc1ccccc1)N1CCCC(c2nc3ccccc3s2)C1
XS840647b,CC(CS(=O)(=O)C=1C=CC(Br)=CC1)C(=O)NC=2C=NN(C)C2,0.478,O=C(CCS(=O)(=O)c1ccccc1)Nc1cn[nH]c1
XS839742b,CCN1C=C(C=N1)C2CS(=O)(=O)CCN2S(=O)(=O)C=3C=NC=C(F)C3,0.424,O=S1(=O)CCN(S(=O)(=O)c2cccnc2)C(c2cn[nH]c2)C1
XS839647b,CC(CNC(=O)NC=1C=CC=C(C1)OC=2C=NC=CN2)N(C)C=3C=CC=CC3,0.53,O=C(NCCNc1ccccc1)Nc1cccc(Oc2cnccn2)c1
XS846745a,COC=1C=CC(=CC1)C2CCCCCN2C(=O)C=3C=CC(=CC3)CNC(N)=O,0.552,O=C(c1ccccc1)N1CCCCCC1c1ccccc1
XS846744a,CSCC1=NC=2C=CC=CC2N1CC(=O)NC(C)C3=CC=4C=CC=CC4O3,1.976,O=C(Cn1cnc2ccccc21)NCc1cc2ccccc2o1
XS841899b,NS(=O)(=O)CC=1C=CC=C(C1)C(=O)N2CC3(CCCC3)C2C=4C=CC=CC4,0.646,O=C(c1ccccc1)N1CC2(CCCC2)C1c1ccccc1
XS846751a,O=C(NCCC=1C=CC=NC1)C2CC(=O)N(C2)C=3C=CC=CC3Br,1.412,O=C(NCCc1cccnc1)C1CC(=O)N(c2ccccc2)C1
XS057714d,CC=1N=C2C(C=NN2C(C)C)=CC1C(=O)N(C)CC3COC=4C=CC=CC4O3,0.322,O=C(NCC1COc2ccccc2O1)c1cnc2[nH]ncc2c1
XS846749a,CCCC(C)NC(=O)C=1C=C(C=CC1OC)S(=O)(=O)N2CCCCCC2,3.402,O=S(=O)(c1ccccc1)N1CCCCCC1
XS837091b,COC=1C=CC=CC1C2CCCN2S(=O)(=O)CC=3C=CC=C4C=CC=NC34,1.898,O=S(=O)(Cc1cccc2cccnc12)N1CCCC1c1ccccc1
XS846754a,NC(=O)C1CCN(C1)C(=O)CCC2=C(NC=3C=CC(F)=CC23)C=4C=CC=CC4,0.868,O=C(CCc1c(-c2ccccc2)[nH]c2ccccc12)N1CCCC1
XS663521b,CC1=CC=CC(C)=C1NC(=O)CNC(=O)C2CC(=O)N(C2)C=3C=CC(Cl)=CC3,1.876,O=C(CNC(=O)C1CC(=O)N(c2ccccc2)C1)Nc1ccccc1
XS846756a,CC(C)OC(=O)CC(NC(=O)C=1C=CC(=CC1)N2CCCC2=O)C=3C=CC=CC3,1.038,O=C(NCc1ccccc1)c1ccc(N2CCCC2=O)cc1
XS846760a,CC1=NC(=CS1)C=2C=C(C(=O)OC(C)C(=O)C3=CNC=4C=CC=CC34)N(C)C2,1.36,O=C(OCC(=O)c1c[nH]c2ccccc12)c1cc(-c2cscn2)c[nH]1
XS717052b,O=C(CCC1=NC(=NO1)C=2N=CC=CN2)NC3CCCN(C3)C=4C=CC=CC4F,5.314,O=C(CCc1nc(-c2ncccn2)no1)NC1CCCN(c2ccccc2)C1
XS846761a,O=C(CC1=CNC=2C=CC=CC12)N3CCN(CC3)C(=O)C4CCC=5C=CC=NC54,1.968,O=C(Cc1c[nH]c2ccccc12)N1CCN(C(=O)C2CCc3cccnc32)CC1
XS837266b,COCCN1C(=O)C=2NN=C(C=3C(C)=CC(C)=CC3O)C2C1C=4C=CC=C(O)C4,0.382,O=C1NC(c2ccccc2)c2c(-c3ccccc3)n[nH]c21
XS846763a,CCN1C(=O)NC(=O)C=2C(=CC(=NC21)C3CC3)C(=O)NC(C)C=4C=CC=CC4C,0.658,O=C(NCc1ccccc1)c1cc(C2CC2)nc2[nH]c(=O)[nH]c(=O)c12
XS846764a,CC(C1=NC=2C=CC=CC2S1)N(C)CC(=O)NC=3C=CC=4OCCCOC4C3,1.084,O=C(CNCc1nc2ccccc2s1)Nc1ccc2c(c1)OCCCO2
XS390047b,COC=1C=CC(=CC1)C2=CC(=NN2C=3C=CC=CC3)C(=O)NCC4CCCOC4,0.578,O=C(NCC1CCCOC1)c1cc(-c2ccccc2)n(-c2ccccc2)n1
XS842245b,CC(C)C(=O)N1N=C(CC1C=2C=CSC2)C=3C=CC=C(C3)NS(C)(=O)=O,1.354,c1ccc(C2=NNC(c3ccsc3)C2)cc1
XS797745b,CCCNC(=O)C1CN(CC2=CC(=O)N3C(C)=CSC3=N2)C=4C=CC=CC4O1,0.466,O=c1cc(CN2CCOc3ccccc32)nc2sccn12
XS837748b,O=C1C=CN(C(=O)N1)C2CCCN(C2)C3=NC=4C=CC(Cl)=CC4N5C=NC=C35,2.432,O=c1ccn(C2CCCN(c3nc4ccccc4n4cncc34)C2)c(=O)[nH]1
XS841505b,CN1C=C(C=N1)C2CS(=O)(=O)CCCN2C(=O)C3=CN=C(NC4CC4)S3,0.81,O=C(c1cnc(NC2CC2)s1)N1CCCS(=O)(=O)CC1c1cn[nH]c1
EL001965b,CCC1(CC1)C(=O)N2CCC(C)(CNC(=O)C=3N=CC=C(N3)N4C=CC(C)=N4)C2,0.388,O=C(NCC1CCN(C(=O)C2CC2)C1)c1nccc(-n2cccn2)n1
XS839437b,CCCN(CC=1C=CC(C#N)=CC1)C(C(=O)NCC)C=2N=C3C=CC=CC3=NC2C,0.43,c1ccc(CNCc2cnc3ccccc3n2)cc1
XS846777a,CC(SC1=NC2=C(C=NN2C=3C=CC=CC3)C(=O)N1)C(=O)N(C)CC=4C=CC=CC4,4.156,O=C(CSc1nc2c(cnn2-c2ccccc2)c(=O)[nH]1)NCc1ccccc1
XS846765a,O=C(C1CCCCN1S(=O)(=O)C=2C=NN(C2)C=3C=CC=CC3)N4CCOCC4,2.594,O=C(C1CCCCN1S(=O)(=O)c1cnn(-c2ccccc2)c1)N1CCOCC1
XS846767a,COC=1C=CC=CC1N2CC(CC2=O)C3=NC=4C=CC=CC4N3CC(=O)NC(C)C,1.64,O=C1CC(c2nc3ccccc3[nH]2)CN1c1ccccc1
XS846768a,CC1=NC(=CS1)COC=2C=CC=C(C2)C(=O)NC(C)C=3C=CC(=CC3)N4C=CN=C4,1.522,O=C(NCc1ccc(-n2ccnc2)cc1)c1cccc(OCc2cscn2)c1
XS145616c,COC=1C=CC(=CC1)N2C(=O)C(CCC(=O)NC(C)C3=CC=CO3)=NC=4C=CC=CC42,1.16,O=C(CCc1nc2ccccc2n(-c2ccccc2)c1=O)NCc1ccco1
XS837703b,CC(NC(=O)NC=1C=CC=CC1COCC=2C=CC=CC2)C3=NN=C4N=CC=CN34,0.784,O=C(NCc1nnc2ncccn12)Nc1ccccc1COCc1ccccc1
XS816021b,CNS(=O)(=O)C=1C=C(C=CC1C)NC(=O)CC2SC=3C=CC=CC3NC2=O,1.144,O=C(CC1Sc2ccccc2NC1=O)Nc1ccccc1
XS846773a,CCCCN1C(=O)NC(=O)C(=C1N)N(C)C(=O)C2CC(=O)N(C2)C=3C=CC(C)=CC3,1.654,O=C(Nc1c[nH]c(=O)[nH]c1=O)C1CC(=O)N(c2ccccc2)C1
XS846769a,COC=1C=CC(=CC1S(=O)(=O)N2CCCC2)C(=O)NC3CCC=4C=CC=CC43,0.646,O=C(NC1CCc2ccccc21)c1cccc(S(=O)(=O)N2CCCC2)c1
XS846774a,CCCCC1=NOC(=N1)C(C)SC2=NC=3C=C(C=CC3N2CC)S(N)(=O)=O,0.73,c1ccc2[nH]c(SCc3ncno3)nc2c1
XS787392b,COC=1C=CC(=CC1NC(=O)C(C)OC=2C=CC=CC2)S(=O)(=O)N3CCOCC3,0.786,O=C(COc1ccccc1)Nc1cccc(S(=O)(=O)N2CCOCC2)c1
XS840831b,CCN1CC(CN(C)CCS(=O)(=O)C=2C=CC(Cl)=CC2)OC=3C=CC=CC31,0.554,O=S(=O)(CCNCC1CNc2ccccc2O1)c1ccccc1
XS837048b,CN1C=C(C=N1)C2CN(CC2(C)C)C(=O)N3CCC=4C(Br)=CC=CC4C3,1.656,O=C(N1CCc2ccccc2C1)N1CCC(c2cn[nH]c2)C1
XS846796a,O=C(NCC1CC1)C2CCCN(C2)C(=O)C3=CN(N=C3C4=CC=CS4)C=5C=CC=CC5,2.914,O=C(NCC1CC1)C1CCCN(C(=O)c2cn(-c3ccccc3)nc2-c2cccs2)C1
XS846784a,CC1CCN(CC1)C(=O)C(CC=2C=CC=CC2)NS(=O)(=O)C=3C=CC=4OCCOC4C3,0.798,O=C(C(Cc1ccccc1)NS(=O)(=O)c1ccc2c(c1)OCCO2)N1CCCCC1
XS840959b,O=C(CN(C(=O)C1CCCC2(CCC2)O1)C3CCC3)NCC=4C=CN=C(C4)OC5CCC5,0.668,O=C(CN(C(=O)C1CCCC2(CCC2)O1)C1CCC1)NCc1ccnc(OC2CCC2)c1
XS846790a,O=C(C(C=1C=CC=CC1)S(=O)(=O)CC=2C=C(Cl)C=3OCCCOC3C2)N4CCCC4,1.374,O=C(C(c1ccccc1)S(=O)(=O)Cc1ccc2c(c1)OCCCO2)N1CCCC1
XS846795a,CC1=CC(=NN1C)C(=O)N2CCC(C#CC=3C=CC=C4C(=O)N(CC34)C5CCC(=O)NC5=O)CC2,2.522,O=C1CCC(N2Cc3c(C#CC4CCN(C(=O)c5cc[nH]n5)CC4)cccc3C2=O)C(=O)N1
XS842191b,O=C(NC=1C=C(Cl)C=CC1N2CCOCC2)N3CCCC(C3)C4=NN=CN4C5CC5,1.534,O=C(Nc1ccccc1N1CCOCC1)N1CCCC(c2nncn2C2CC2)C1
XS841921b,CCC(C)(C)N1N=NN=C1C(NCC=2C=CC=C3C=CC=CC23)C4=C5COCCC5=NN4C,0.384,c1ccc2c(CNC(c3nnn[nH]3)c3[nH]nc4c3COCC4)cccc2c1
XS846811a,CC1=CN=C(NC(=O)C2CCC(=O)NC2)S1,1.674,O=C1CCC(C(=O)Nc2nccs2)CN1
XS846802a,CNC(=O)C1CC=2C=C(Cl)C=CC2O1,0.598,c1ccc2c(c1)CCO2
XS846800a,C1=NN=C(N1)C2CCCN(C2)C=3N=CC=CN3,0.446,c1cnc(N2CCCC(c3nnc[nH]3)C2)nc1
XS837321b,O=C1CCC(N1)C2=NN=C(N2)C3=CC=CS3,0.75,O=C1CCC(c2nnc(-c3cccs3)[nH]2)N1
XS789712b,CC(CCC=1C=CC=CC1)NC(=O)C=2C=NC=CN2,1.132,O=C(NCCCc1ccccc1)c1cnccn1
XS846814a,O=C(NC=1C=CC=CC1)C2CCOC=3C=CC=CC32,0.934,O=C(Nc1ccccc1)C1CCOc2ccccc21
XS840081b,CC(C)=CCNC(=O)C1CC21CCS(=O)(=O)CC2,0.682,O=S1(=O)CCC2(CC2)CC1
XS846823a,O=C(C=1C=CNN1)N2CCNC(=O)C2C=3C=CC=CC3,0.56,O=C1NCCN(C(=O)c2cc[nH]n2)C1c1ccccc1
XS846821a,CCNC(=O)C1CC(=NO1)C2=CC=C(Cl)S2,0.988,c1csc(C2=NOCC2)c1
XS846822a,NC=1C=CC=2C(=O)N(C(=O)C2C1)C3CCCNC3=O,1.566,O=C1NCCCC1N1C(=O)c2ccccc2C1=O
XS846817a,CC(NC(=O)C(C)(C)C)C=1C=CC(=CC1)N2C=CN=C2,0.556,c1ccc(-n2ccnc2)cc1
XS842200b,CN1N=CC=C1C2CCCN(C2)C3=CN=CC4=NN=CN34,0.424,c1cc(C2CCCN(c3cncc4nncn34)C2)[nH]n1
XS501481b,CC1=C(OC=2C=CC(F)=CC12)C(C)NC(=O)NCCO,0.392,c1ccc2occc2c1
XS842359b,CC(NC=1C=CC=C(C1)C2=NN=CN2)C=3C=CC(F)=CC3,5.29,c1ccc(CNc2cccc(-c3nnc[nH]3)c2)cc1
XS846835a,O=C(C=1C=CN=CC1)N2CCCC2CC=3C=CC(F)=CC3,0.868,O=C(c1ccncc1)N1CCCC1Cc1ccccc1
XS846826a,O=C(NC1CCSC=2C=CC(F)=CC21)C=3C=COC3,0.716,O=C(NC1CCSc2ccccc21)c1ccoc1
XS846824a,COC=1C=CC=C2CC(COC12)NC(=O)N3CCCC3,13.252,O=C(NC1COc2ccccc2C1)N1CCCC1
XS838826b,O=C1CCN(CC=2C=NC3=CC=CC=C3C2)C4CCCN14,1.096,O=C1CCN(Cc2cnc3ccccc3c2)C2CCCN12
XS773668b,NC(=O)C1(O)CCCN(C1)C(=O)CCC=2C=CC(F)=CC2,0.642,O=C(CCc1ccccc1)N1CCCCC1
XS846844a,O=C(CN1N=NC=2C=CC=CC21)NC3CCCCNC3=O,0.706,O=C(Cn1nnc2ccccc21)NC1CCCCNC1=O
XS846850a,CC(=O)N1N=C(CC1C=2C=CC(F)=CC2)C3=CC=CS3,0.86,c1ccc(C2CC(c3cccs3)=NN2)cc1
XS569359b,CC=1C=C(C(=O)N2CCCC(C)(CO)C2)C3=NNC=C3C1,0.55,O=C(c1cccc2c[nH]nc12)N1CCCCC1
XS841086b,CN1CC(CC1=O)N(CCS(=O)(=O)F)CC2(F)CC2,0.628,O=C1CC(NCC2CC2)CN1
XS574179b,CCN1C=C(C=N1)C(=O)N2CCCCC2C3=NNC(C)=N3,1.494,O=C(c1cn[nH]c1)N1CCCCC1c1nc[nH]n1
XS846847a,CCOCCCC(=O)NC1CCSC=2C=CC(F)=CC21,0.518,c1ccc2c(c1)CCCS2
XS846858a,O=C(NC=1C=NC2=CC=CC=C2C1)NC3CCCCNC3=O,3.242,O=C(Nc1cnc2ccccc2c1)NC1CCCCNC1=O
XS811517b,COC=1C=CC=CC1CN(C(=O)C2CCC(=O)NC2)C3CC3,0.43,O=C1CCC(C(=O)N(Cc2ccccc2)C2CC2)CN1
XS846852a,CCC1=CC=C(O1)C(=O)N2CCCC2C=3C(C)=NN(C)C3C,0.398,O=C(c1ccco1)N1CCCC1c1cn[nH]c1
XS585969b,CC1=NON=C1CNC(=O)N2CCCC2C=3C=CC=C(F)C3,0.39,O=C(NCc1cnon1)N1CCCC1c1ccccc1
XS846855a,CN1CCC(C(=O)NC2=C3CCCC3=CC=4CCCC24)C1=O,0.792,O=C1NCCC1C(=O)Nc1c2c(cc3c1CCC3)CCC2
XS390405b,CC=1C=CC=C(C1C)N2CC(CC2=O)C(=O)NC3=NN=CN3,1.306,O=C(Nc1nnc[nH]1)C1CC(=O)N(c2ccccc2)C1
XS841695b,CC(C(=O)N1CCC21COC2)C=3C(Cl)=CC=CC3Cl,0.63,O=C(Cc1ccccc1)N1CCC12COC2
XS841106b,O=C(CN1C=C(N=N1)C2CC2)N3CCC(C3)S(=O)(=O)F,0.494,O=C(Cn1cc(C2CC2)nn1)N1CCCC1
XS846865a,CC=1C=CC=2C(=COC2C1C)CC(=O)NC3CCCNC3=O,1.354,O=C(Cc1coc2ccccc12)NC1CCCNC1=O
XS846869a,COCCOC=1C=C(C=CN1)C(=O)N2CC(C)C=3C=CC=CC32,1.292,O=C(c1ccncc1)N1CCc2ccccc21
XS846868a,CC=1C=CC=C(C1)C(=O)N2CCCC(C2)N3C=C(C=N3)C(=O)O,0.61,O=C(c1ccccc1)N1CCCC(n2cccn2)C1
XS846870a,CC1=NC(CC(=O)N2CCNC(=O)C2CC(C)C)=C(C)S1,1.306,O=C1CN(C(=O)Cc2cscn2)CCN1
XS846875a,CC(CCC=1C=CC=CC1)NC(=O)C=2C=CC(=CC2)NC(N)=O,0.89,O=C(NCCCc1ccccc1)c1ccccc1
XS846878a,CC(C)N1CC(CC1=O)C(=O)NC=2C=CC(Cl)=C(Cl)C2,0.906,O=C1CC(C(=O)Nc2ccccc2)CN1
XS846866a,CC(=O)N1C=CC=2C=CC=CC2C1CC(=O)NC=3C=CC=NC3,0.55,O=C(CC1NC=Cc2ccccc21)Nc1cccnc1
XS683076b,O=C(C=1C=CC=CC1F)N2CCCC2C3=NC=4C=CC=CC4N3,0.582,O=C(c1ccccc1)N1CCCC1c1nc2ccccc2[nH]1
XS846873a,C=C1C=2C=CC=CC2C(=O)N1C(C)C(=O)NC=3C=CC=CC3O,1.21,C=C1c2ccccc2C(=O)N1CC(=O)Nc1ccccc1
XS846879a,NC(=O)C1CCN(C1)C(=O)CC=2C=CC(=CC2)C=3C=CC=CC3,1.02,O=C(Cc1ccc(-c2ccccc2)cc1)N1CCCC1
XS846874a,COC=1C=CC(Cl)=CC1N2CC(CC2=O)C(=O)NC(C)C,0.668,O=C1CCCN1c1ccccc1
XS840579b,CC(NC(=O)C(=O)NC=1C=C(F)C=C(Cl)C1)C=2N=CNN2,1.71,O=C(NCc1nc[nH]n1)C(=O)Nc1ccccc1
XS846871a,CC(NC(=O)C1=NOC=2CCCCC12)C3(CC3)S(C)(=O)=O,0.652,O=C(NCC1CC1)c1noc2c1CCCC2
XS846883a,COC=1C=CC(OC)=C(C1)C(C)NC(=O)CC=2C=CC=C(N)C2,0.818,O=C(Cc1ccccc1)NCc1ccccc1
XS483599b,CC1=NN2CC(CCC2=N1)NC3=C(C#N)C(=O)N(C)C(=O)N3C,6.592,O=c1cc(NC2CCc3ncnn3C2)[nH]c(=O)[nH]1
XS839686b,CC=1C=CC(=CC1)C2CC(=NN2S(C)(=O)=O)C3CCCCC3,0.506,c1ccc(C2CC(C3CCCCC3)=NN2)cc1
XS733248b,CC1=CN2CC(CCC2=N1)NC(=O)CC3=CSC(=N3)C(C)C,12.27,O=C(Cc1cscn1)NC1CCc2nccn2C1
XS782979b,CC(NC(=O)N1CCOCC1)C2=NC(=CS2)C=3C=CC=CC3,4.468,O=C(NCc1nc(-c2ccccc2)cs1)N1CCOCC1
XS579521b,CC=1C=CC=CC1C(C)(C)CNC(=O)C2CCCN(C2)C(N)=O,0.402,O=C(NCCc1ccccc1)C1CCCNC1
XS840848b,COC=1C=C(C(F)=CC1[N+]([O-])=O)N2CCCC(C2)N3C=CC=N3,0.376,c1ccc(N2CCCC(n3cccn3)C2)cc1
XS846886a,CC1=NC2=C(CCCC2CN(C)C(=O)C=3C=NN(C)C3N)S1,1.076,O=C(NCC1CCCc2scnc21)c1cn[nH]c1
XS667747b,O=C(CCOC=1C=CC=CC1F)N2CCCC(C2)N3C=CC=N3,0.864,O=C(CCOc1ccccc1)N1CCCC(n2cccn2)C1
XS427692b,CC(C)(C)OC=1C=CC=CC1NC(=O)N2CCCC(C2)C(N)=O,0.572,O=C(Nc1ccccc1)N1CCCCC1
XS846888a,O=C(COC=1C=CC=C(Cl)C1)NC(C=2C=CC=CC2)C3CC3,0.88,O=C(COc1ccccc1)NC(c1ccccc1)C1CC1
XS846884a,CN(C(=O)C=1C=CC(=CC1)N2C=NC=N2)C3CCS(=O)(=O)C3,0.51,O=C(NC1CCS(=O)(=O)C1)c1ccc(-n2cncn2)cc1
XS841770b,CC(C=1C=CC=2CCCC2C1)S(=O)(=O)CCN3CCCC3=O,0.582,O=C1CCCN1CCS(=O)(=O)Cc1ccc2c(c1)CCC2
XS716886b,NC(=O)C=1C=CC(=NC1)N2CCCC2C=3C=CC=4OCCOC4C3,0.928,c1ccc(N2CCCC2c2ccc3c(c2)OCCO3)nc1
XS846901a,CC=1C=C(NC(=O)C=2CC(C(N)=O)N(N2)C=3C=CC=CC3)N(C)N1,1.312,O=C(Nc1ccn[nH]1)C1=NN(c2ccccc2)CC1
XS846897a,CC1=NN=C(C=2C=CC=C(C#N)C2)N1C3CCCN(C3=O)C(C)C,0.446,O=C1NCCCC1n1cnnc1-c1ccccc1
XS842126b,CC(NC(=O)C1=NOC2=C1CCC=3C=CC=CC23)C4=CN(C)N=N4,0.61,O=C(NCc1c[nH]nn1)c1noc2c1CCc1ccccc1-2
XS846902a,COC(=O)C=1C=CC=C(C1)NC(=O)C2CC(=NO2)C=3C=CC=CC3,3.528,O=C(Nc1ccccc1)C1CC(c2ccccc2)=NO1
XS664191b,O=C(NC(C=1C=CC(Cl)=CC1)C2CC2)C3=NC=CN4C=CN=C34,0.712,O=C(NC(c1ccccc1)C1CC1)c1nccn2ccnc12
XS846893a,CN1C(=O)C=2C=CC=CC2NC1C3=CC=C(Br)S3,3.73,O=C1NC(c2cccs2)Nc2ccccc21
XS846896a,O=C(NC=1C=C(C=CC1O)C(F)(F)F)C2CCS(=O)(=O)C2,0.372,O=C(Nc1ccccc1)C1CCS(=O)(=O)C1
XS846899a,CCC(CC(=O)NCC=1C=CC=2OC(=O)NC2C1)C=3C=CC=CC3,0.466,O=C(CCc1ccccc1)NCc1ccc2oc(=O)[nH]c2c1
XS846911a,CC(OC(=O)C=1C=C(Br)C=CC1F)C(=O)NC2CC2,0.482,O=C(COC(=O)c1ccccc1)NC1CC1
XS746324b,CC1=NOC(C)=C1CN(C)C(=O)NC2CCCCC=3C=CC=CC32,0.416,O=C(NCc1cnoc1)NC1CCCCc2ccccc21
XS846910a,COC1=CN(N=C1C(=O)OC2CCCCNC2=O)C=3C=CC=CC3,6.052,O=C(OC1CCCCNC1=O)c1ccn(-c2ccccc2)n1
XS838570b,CC(C)(C)NC(=O)CN1C(=O)C2CCCN2C(=O)C=3C=CC=CC31,0.44,O=C1Nc2ccccc2C(=O)N2CCCC12
XS846907a,CCN1C=C(C=N1)C(=O)NC2CCCN(CC=3C=CC=CC3)C2=O,0.556,O=C(NC1CCCN(Cc2ccccc2)C1=O)c1cn[nH]c1
XS839176b,CC1=CON=C1NC(=O)N2CCC(C2)N3N=NN=C3C(F)(F)F,0.49,O=C(Nc1ccon1)N1CCC(n2cnnn2)C1
XS842453b,CC=1C=C(N(C)N1)N2CCC(C2=O)N3N=C(OC3=O)C4=CC=CO4,1.246,O=C1C(n2nc(-c3ccco3)oc2=O)CCN1c1ccn[nH]1
XS846912a,COC=1C=CC=CC1N2C(=O)C=3C=CC=CC3NC2C=4C=CC=NC4,0.354,O=C1c2ccccc2NC(c2cccnc2)N1c1ccccc1
XS846914a,COC=1C=C(C=C2OCCOC12)C(=O)NC(C)C=3C=CC=CC3C,0.488,O=C(NCc1ccccc1)c1ccc2c(c1)OCCO2
XS427977b,COC=1C=CC(=CC1)NC(=O)N2CCC(C2)C=3C=CC(=CC3)OC,1.714,O=C(Nc1ccccc1)N1CCC(c2ccccc2)C1
XS846920a,CC(NC=1C=CC(=CC1)OC=2C=CC=CC2C#N)C(=O)N3CCCC3,0.532,O=C(CNc1ccc(Oc2ccccc2)cc1)N1CCCC1
XS738728b,CNC(=O)C=1C=CC=C(C1)NC(=O)C2SCCC=3SC=CC32,0.49,O=C(Nc1ccccc1)C1SCCc2sccc21
XS790571b,CN1C=NN=C1C2CCCN(C2)C(=O)COC=3C=CC(Cl)=CC3,0.5,O=C(COc1ccccc1)N1CCCC(c2nnc[nH]2)C1
XS846915a,CC=1C=CC=CC1C2CCN(C2)C(=O)C=3C=CC(=NC3)N4C=CN=C4,0.808,O=C(c1ccc(-n2ccnc2)nc1)N1CCC(c2ccccc2)C1
XS839170b,CC(NC(=O)C1=CN=C2C=CC(Cl)=CN2C1=O)C3=CC(=O)NN3,3.858,O=C(NCc1cc(=O)[nH][nH]1)c1cnc2ccccn2c1=O
XS838790b,N#CC1(CCOC1)OCCN2C=C(N=N2)C=3C=NC4=CC=CC=C4N3,0.402,c1ccc2nc(-c3cn(CCOC4CCOC4)nn3)cnc2c1
XS846924a,CCC(=O)NC(C(=O)N(C)CC=1C=CC=C(C1)OC)C=2C=CC=CC2,2.124,O=C(Cc1ccccc1)NCc1ccccc1
XS846932a,COC(=O)C12CC(C1)(C2)C3=NOC(=N3)C4CCC=5N=CN=C(C)C5C4,0.514,c1ncc2c(n1)CCC(c1nc(C34CC(C3)C4)no1)C2
XS846931a,CC=1C=CC(=CC1F)C2=NOC(CS(=O)(=O)CC3CCCO3)=N2,0.962,O=S(=O)(Cc1nc(-c2ccccc2)no1)CC1CCCO1
XS734815b,O=C(CC=1C=CC=CC1O)N2CCCC2C3=NC=4C=CC=CC4S3,0.806,O=C(Cc1ccccc1)N1CCCC1c1nc2ccccc2s1
XS333520c,CNC(=O)C1=NC(=NN1)C2CCN(CC2)C(=O)C3CC=4C=CC=CC43,0.72,O=C(C1Cc2ccccc21)N1CCC(c2nc[nH]n2)CC1
XS471159b,CN1C=C(C=N1)C2=CN(N=N2)C(C(=O)NC3CC3)C=4C=CC(F)=CC4,0.718,O=C(NC1CC1)C(c1ccccc1)n1cc(-c2cn[nH]c2)nn1
XS846926a,CC(C)CN1N=CN=C1CN2C(=O)CC3(CCC=4C=CC=CC43)C2=O,1.448,O=C1CC2(CCc3ccccc32)C(=O)N1Cc1ncn[nH]1
XS655940b,CC1=CC(=NN1)C2CCCN(C2)C(=O)C=3C=CC(=CC3)OCC4CC4,0.488,O=C(c1ccc(OCC2CC2)cc1)N1CCCC(c2cc[nH]n2)C1
XS461793b,CCC(NC(=O)C=1C(C)=NN2C(C)=CC(C)=NC12)C3=NC(C)=CS3,2.678,O=C(NCc1nccs1)c1cnn2cccnc12
XS846937a,CCC1=CSC(=N1)C2CCCN(C2)C(=O)C3=NC=CN4C=CN=C34,0.606,O=C(c1nccn2ccnc12)N1CCCC(c2nccs2)C1
XS846935a,CC=1N=C(SC1C(C)NC(=O)C2(C)CCOCC2)C=3C=CC=CC3,0.746,O=C(NCc1cnc(-c2ccccc2)s1)C1CCOCC1
XS846934a,CC(C)C(=O)NCC1CCCN(C1)C(=O)C2=CC=3C=CC=CC3N2C,0.912,O=C(c1cc2ccccc2[nH]1)N1CCCCC1
XS846941a,COC=1C=CC=C2C=C(C(=O)NC(C)C=3C=CC(F)=CC3)C(=O)OC12,0.612,O=C(NCc1ccccc1)c1cc2ccccc2oc1=O
XS677634b,COC=1C=CC(=CC1)OCC(O)CN2C=NC=3C=C(F)C=CC3C2=O,1.262,O=c1c2ccccc2ncn1CCCOc1ccccc1
XS846945a,CC1CC(=O)NC=2C=CC=CC2N1C(=O)COC(=O)C3=CC=CS3,2.938,O=C1CCN(C(=O)COC(=O)c2cccs2)c2ccccc2N1
XS846938a,CC1=CC(=NN1)C2CCCN(C2)C(=O)C=3C=C(C)N(CC4CC4)C3C,0.63,O=C(c1ccn(CC2CC2)c1)N1CCCC(c2cc[nH]n2)C1
XS841801b,O=C(C1CSC=2C=CC=CC2O1)N3CCC(CC4=CN=NN4)CC3,0.344,O=C(C1CSc2ccccc2O1)N1CCC(Cc2cnn[nH]2)CC1
XS836539b,CC1CCC=2C=CC=CC2N1C(=O)CN3N=NN=C3C4CCOCC4,0.39,O=C(Cn1nnnc1C1CCOCC1)N1CCCc2ccccc21
XS846956a,COCCN1N=C(C=CC1=O)C(=O)NC(CC(C)C)C2=CC=CS2,0.71,O=C(NCc1cccs1)c1ccc(=O)[nH]n1
XS842547b,CN1C=CC(=C1)C(NC(=O)CCC(=O)NC2CCCC2)C(F)(F)F,0.458,O=C(CCC(=O)NC1CCCC1)NCc1cc[nH]c1
XS846955a,CC=1C=C(C(=O)NC(C)C=2C=CC(F)=C(F)C2)C=3C(=O)NN(C)C3N1,0.45,O=C(NCc1ccccc1)c1ccnc2[nH][nH]c(=O)c12
XS805655b,CSC=1C=CC(=CC1)CN(C)C(C)C2=NN=C(O2)C3=CC=CS3,0.678,c1ccc(CNCc2nnc(-c3cccs3)o2)cc1
XS159177c,O=C(NC=1C=CC=2OCOC2C1)NC(C=3C=CC=CC3)C=4C=CC=CN4,1.028,O=C(Nc1ccc2c(c1)OCO2)NC(c1ccccc1)c1ccccn1
XS740223b,CCC(CC)N1N=CC(C(=O)NC2COC=3C(Cl)=CC=CC32)=C1C,2.27,O=C(NC1COc2ccccc21)c1cn[nH]c1
XS619200b,O=C(C=1C=CC=2OCC(=O)NC2C1)N(C3CC3)C4CCC=5C=CC=CC54,3.394,O=C1COc2ccc(C(=O)N(C3CC3)C3CCc4ccccc43)cc2N1
XS846952a,COC(=O)CC(NC(=O)C=1SC(C)=NC1C)C=2C=CC(=CC2)OC,0.488,O=C(NCc1ccccc1)c1cncs1
XS846950a,CC1=NOC(=N1)C=2C=CC=NC2N3CCC(CC3)OCC4CCCO4,0.49,c1cnc(N2CCC(OCC3CCCO3)CC2)c(-c2ncno2)c1
XS846957a,CC(OC(=O)C1CCN(CC1)C=2C=CC(=CN2)C(F)(F)F)C(N)=O,0.648,c1ccc(N2CCCCC2)nc1
XS846949a,CCCN1C(=NC=2C=CC=CC21)C3CC(=O)N(CCC=4C=CC=CC4)C3,3.842,O=C1CC(c2nc3ccccc3[nH]2)CN1CCc1ccccc1
XS846967a,COCCC(C)NC(=O)C=1C=NN(C1C(F)(F)F)C=2C=CC(C)=CC2,2.936,c1ccc(-n2cccn2)cc1
XS358679c,O=C(NC=1C=CC=2N=C(OC2C1)C=3C=CC(F)=CC3)C4CCNC(=O)C4,1.94,O=C1CC(C(=O)Nc2ccc3nc(-c4ccccc4)oc3c2)CCN1
XS841047b,COCCC(NC=1C=C(C#N)C2=CC(Cl)=CC=C2N1)C3=CC=C(C)O3,0.48,c1coc(CNc2ccc3ccccc3n2)c1
XS846958a,CC(NC(=O)CN(C)CC=1C=CC(Cl)=CC1Cl)C2=CC=CS2,0.444,O=C(CNCc1ccccc1)NCc1cccs1
XS840103b,CC=1C=C(N(C)N1)N2CCCC(NC3=NC=4C=CC=C(F)C4N3C)C2=O,1.63,O=C1C(Nc2nc3ccccc3[nH]2)CCCN1c1ccn[nH]1
XS846962a,COCC1(COC=2C=CC=CC2C1)NC(=O)C=3C=CN=C4C3N=NN4C,2.276,O=C(NC1COc2ccccc2C1)c1ccnc2[nH]nnc12
XS841312b,N#CC=1C=CC(=CC1)C(CF)NC(=O)C2=CC=3C(=O)NCCCC3S2,0.716,O=C(NCc1ccccc1)c1cc2c(s1)CCCNC2=O
XS474827b,CC1=NOC(=N1)C2CCCN(C2)C(=O)NC=3C=CC=CC3C(F)(F)F,0.576,O=C(Nc1ccccc1)N1CCCC(c2ncno2)C1
XS846963a,COC(=O)C=1C=CC(C)=C(C1)NC(=O)C2CC(=O)N(CC3=CC=CO3)C2,1.454,O=C(Nc1ccccc1)C1CC(=O)N(Cc2ccco2)C1
XS803006b,COCC1=NC(=NO1)C2CCCCCN2S(=O)(=O)C=3C=CC=NC3,0.492,O=S(=O)(c1cccnc1)N1CCCCCC1c1ncon1
XS846979a,O=C(NCCC1=CNC=2C=C(F)C(Cl)=CC12)C3CCCS3(=O)=O,1.05,O=C(NCCc1c[nH]c2ccccc12)C1CCCS1(=O)=O
XS837730b,CN1N=C(C(=O)NC(C(=O)O)C=2C=CC=CC2Cl)C=3C=C(F)C=CC31,0.726,O=C(NCc1ccccc1)c1n[nH]c2ccccc12
XS840783b,O=C(NNC(=O)C1CC(=O)N(C1)C2CC2)C3=CC=4CCCCCC4S3,3.836,O=C(NNC(=O)C1CC(=O)N(C2CC2)C1)c1cc2c(s1)CCCCC2
XS846976a,NC(=O)C(NC(=O)C1=NN(C=2C=CC=CC2)C=3CCCC13)C=4C=CC=CC4,1.546,O=C(NCc1ccccc1)c1nn(-c2ccccc2)c2c1CCC2
XS846978a,CC(=O)N(C)C=1C=CC(=CC1)C(=O)N2CCC(C2)NC=3C=CC=C(C#N)C3,0.722,O=C(c1ccccc1)N1CCC(Nc2ccccc2)C1
XS841234b,CC(C(=O)N(C)C)S(=O)(=O)NC1=NC2=C(CCC=3C=CC=CC23)S1,0.852,c1ccc2c(c1)CCc1scnc1-2
XS846980a,O=C(NC1CCN(CC1)C(=O)C=2C=CN=CC2)C3CCCC=4C=CC=CC43,1.184,O=C(NC1CCN(C(=O)c2ccncc2)CC1)C1CCCc2ccccc21
XS846977a,CC(OC(=O)C1=CC=C(CN2C=CC=CC2=O)O1)C(=O)NC=3C=CC=CC3,0.424,O=C(COC(=O)c1ccc(Cn2ccccc2=O)o1)Nc1ccccc1
XS837458b,CC(C1=NC=C(O1)C(C)(C)C)S(=O)(=O)CC=2C=CC=C3C=CC=CC23,3.868,O=S(=O)(Cc1ncco1)Cc1cccc2ccccc12
XS837665b,CC=1CCN(N1)C=2C=CC(=CC2)C(=O)NC3(CO)COC=4C=CC=CC4C3,1.322,O=C(NC1COc2ccccc2C1)c1ccc(N2CCC=N2)cc1
XS140716b,CC(NC(=O)C=1C=CC(=CC1)N2C=NC=N2)C=3C=CC(=CC3)N4C=CN=C4,0.736,O=C(NCc1ccc(-n2ccnc2)cc1)c1ccc(-n2cncn2)cc1
XS838642b,O=S1(=O)CCCC=2C=CC=C(CN3C=4C=CC=CC4OCC3CO)C21,0.506,O=S1(=O)CCCc2cccc(CN3CCOc4ccccc43)c21
XS841507b,O=C(C1CCCN(C1)S(=O)(=O)CC=2C=CC=CC2)N3CCOCCN3,1.882,O=C(C1CCCN(S(=O)(=O)Cc2ccccc2)C1)N1CCOCCN1
XS839576b,CC(C)(C)OC(=O)C=1C=CC=C(C1)CCNC=2C=CC(=CN2)S(C)(=N)=O,0.368,c1ccc(CCNc2ccccn2)cc1
XS842008b,COC(=O)C=1C=CC(=CC1)C(NC(=O)N2CCN3C=CN=C23)C(F)(F)F,0.75,O=C(NCc1ccccc1)N1CCn2ccnc21
XS842149b,CC1=CC(C)=CC(=C1)N2CCC(C(=O)OCC3=NC=C(O3)C(C)(C)C)C2=O,0.92,O=C(OCc1ncco1)C1CCN(c2ccccc2)C1=O
XS846990a,COC=1C=CC(=CC1)C2CCCN2C(=O)CNC(=O)C=3C=CC=CC3Cl,0.628,O=C(NCC(=O)N1CCCC1c1ccccc1)c1ccccc1
XS846988a,CC(OC(=O)C1=CN=CN1C=2C=CC(F)=CC2)C(=O)NCC=3C=CC=CC3,0.546,O=C(COC(=O)c1cncn1-c1ccccc1)NCc1ccccc1
XS590387b,CN1N=C(C=C1C2CC2)C(=O)N3CCN(CC3)C(C(N)=O)C=4C=CC=CC4,0.908,O=C(c1cc(C2CC2)[nH]n1)N1CCN(Cc2ccccc2)CC1
XS837395b,CC1=CC(C)=NN1CC2CN(CCO2)C3=NN=C(CC=4C=CC=CC4)S3,0.544,c1ccc(Cc2nnc(N3CCOC(Cn4cccn4)C3)s2)cc1
XS840896b,COC=1C=C(Cl)C=CC1CC(NC(=O)C2=CC=CC3=CC=NN23)C(=O)O,0.358,O=C(NCCc1ccccc1)c1cccc2ccnn12
XS846987a,COC=1C=CC(=CC1)C2CCCCCN2C(=O)NCC(=O)N3CCCCC3,3.3,O=C(CNC(=O)N1CCCCCC1c1ccccc1)N1CCCCC1
XS791151b,COC(=O)CC(NC(=O)CC1=CNC=2C=CC=CC12)C=3C=CC(Cl)=CC3,4.508,O=C(Cc1c[nH]c2ccccc12)NCc1ccccc1
XS503607b,CN1N=CC=C1C2CCCN(CCC3=NC(=NO3)C=4C=CC(Cl)=CC4)C2,2.702,c1ccc(-c2noc(CCN3CCCC(c4ccn[nH]4)C3)n2)cc1
XS841426b,NS(=O)(=O)C=1C=C(C=CC1N2CCCC(C2)N3C=CN=N3)C(F)(F)F,0.426,c1ccc(N2CCCC(n3ccnn3)C2)cc1
XS838079b,CC1(C)CN(CC2(CCOC2)O1)C(=O)NCCC3=CSC=4C=CC=CC34,1.28,O=C(NCCc1csc2ccccc12)N1CCOC2(CCOC2)C1
XS842380b,O=C(C=1C=C2C=CN=CC2=CC1F)N3CCCC(C3)N4CCCS4(=O)=O,0.5,O=C(c1ccc2cnccc2c1)N1CCCC(N2CCCS2(=O)=O)C1
XS846999a,COC=1C=CC(=CC1)OCCC(=O)N2CCCC2C3=NC=4C=CC=CC4S3,2.87,O=C(CCOc1ccccc1)N1CCCC1c1nc2ccccc2s1
XS847006a,CC(C)C(NC(=O)C=1C=CC=2C(=O)N3CCCC3=NC2C1)C=4C=CC(F)=CC4,2.004,O=C(NCc1ccccc1)c1ccc2c(=O)n3c(nc2c1)CCC3
XS839278b,CC=1N=C(SC1C#N)N2CCOC=3C=C(Br)C=CC3C2CO,1.444,c1ccc2c(c1)CN(c1nccs1)CCO2
XS847004a,COCC(=O)N1CCN(CC(O)CN2C=3C=CC=CC3C=4C=CC=CC42)CC1,1.98,c1ccc2c(c1)c1ccccc1n2CCCN1CCNCC1
XS847002a,CC1CC=2C=CC=CC2N1C(=O)C=3C=CC(=CC3)S(=O)(=O)N4CCCCC4,2.038,O=C(c1ccc(S(=O)(=O)N2CCCCC2)cc1)N1CCc2ccccc21
XS846997a,O=C1CC(CN1C=2C=CC(Cl)=CC2)C3=NC(COC=4C=CC=CC4F)=NO3,2.768,O=C1CC(c2nc(COc3ccccc3)no2)CN1c1ccccc1
XS718618b,CC(CC=1C=CC=C(Cl)C1)NC(=O)C=2C=CC=3C(=O)N(C)C(=O)N(C)C3N2,13.094,O=C(NCCc1ccccc1)c1ccc2c(=O)[nH]c(=O)[nH]c2n1
XS692758b,O=C(NCC=1C=CC(=NC1)N2C=CC=N2)C3CC(=O)N(C3)C=4C=CC=CC4F,2.884,O=C(NCc1ccc(-n2cccn2)nc1)C1CC(=O)N(c2ccccc2)C1
XS846995a,O=C(CN1C(=O)OC=2C=CC=CC21)N3CCCC3C=4C=CC=5OCCOC5C4,0.936,O=C(Cn1c(=O)oc2ccccc21)N1CCCC1c1ccc2c(c1)OCCO2
XS847000a,CC(C)CN(C(=O)C(C=1C=CC=CC1)C=2C=CC=CC2)C3CCS(=O)(=O)C3,3.146,O=C(NC1CCS(=O)(=O)C1)C(c1ccccc1)c1ccccc1
XS841601b,CC=1C=CC2=C(C1)NC(NS2(=O)=O)C(=O)NCC3=NC(=CS3)C4CC4,2.432,O=C(NCc1nc(C2CC2)cs1)C1Nc2ccccc2S(=O)(=O)N1
XS839681b,CC(NC(=O)NC=1C=C(C#N)C(Br)=CN1)C=2C=CC(F)=C(F)C2,0.424,O=C(NCc1ccccc1)Nc1ccccn1
XS708146b,CN(CC=1C=NN(C)C1)C(=O)C2CC(=O)N(C2)C=3C=CC=C(Br)C3,2.9,O=C(NCc1cn[nH]c1)C1CC(=O)N(c2ccccc2)C1
XS847011a,CC(=O)NC=1C=CC(=CC1)N2C(=O)C=3C=CC(=CC3C2=O)C(=O)OC(C)C(N)=O,3.724,O=C1c2ccccc2C(=O)N1c1ccccc1
XS778120b,CN1C=C(C=N1)C(=O)N2CCC3(C2)CN(C(=O)C=4C=NN(C)C4)C=5C=CC=CC53,1.278,O=C(c1cn[nH]c1)N1CCC2(C1)CN(C(=O)c1cn[nH]c1)c1ccccc12
XS777644b,CCOC=1C=CC=CC1C(=O)N2CCN(CC2)C3CCN(C=4C=NN(C)C4)C3=O,1.192,O=C(c1ccccc1)N1CCN(C2CCN(c3cn[nH]c3)C2=O)CC1
XS847014a,O=C(CN1C(=O)COC=2C=CC=CC21)N3CCCC3C4=NC=5C=CC=CC5S4,0.434,O=C1COc2ccccc2N1CC(=O)N1CCCC1c1nc2ccccc2s1
XS847016a,CC(C)N(C)S(=O)(=O)C=1C=CC(=CC1)NC(=O)C2COC=3C=CC=CC3O2,1.284,O=C(Nc1ccccc1)C1COc2ccccc2O1
XS847009a,CCN(CC=1C=COC1)C(=O)C23CCC(=O)N3C=4C=CC=CC4C(=O)N2C(C)C,3.032,O=C1NC2(C(=O)NCc3ccoc3)CCC(=O)N2c2ccccc21
XS847010a,CC=1C=CC(Cl)=CC1NC(=O)C(C)N2CCN(CC2)C(=O)C3=CC=CS3,0.714,O=C(CN1CCN(C(=O)c2cccs2)CC1)Nc1ccccc1
XS837448b,CC=1C=C(CC(C)NC(=O)NC=2C=CC=C3OCCOC23)N(N1)C=4C=CC=CC4,0.976,O=C(NCCc1ccnn1-c1ccccc1)Nc1cccc2c1OCCO2
XS847012a,COC=1C=CC(C=2CC(C=3C=CC=CC3Cl)N(N2)S(C)(=O)=O)=C(C1)OC,2.932,c1ccc(C2=NNC(c3ccccc3)C2)cc1
XS847015a,CCOC=1C=CC=CC1NC(=O)C2CCCCN2S(=O)(=O)C=3C=CC=CC3,0.484,O=C(Nc1ccccc1)C1CCCCN1S(=O)(=O)c1ccccc1
XS847022a,CC=1C=C(C(=O)NC(C)CC=2C(F)=CC=CC2F)C=3N=C4CCCCCN4C3N1,0.432,O=C(NCCc1ccccc1)c1ccnc2c1nc1n2CCCCC1
XS840928b,CC1COC=2C(F)=C(F)C=C3C(=O)C(=CN1C32)C(=O)N4CCOC5(CCC5)CC4,2.038,O=C(c1cn2c3c(cccc3c1=O)OCC2)N1CCOC2(CCC2)CC1
XS699675b,CC(C1=NC=2C=CC=CC2S1)N3CCN(CC3)C(=O)C4=NNC(=O)C=5C=CC=CC45,3.118,O=C(c1n[nH]c(=O)c2ccccc12)N1CCN(Cc2nc3ccccc3s2)CC1
XS847025a,O=C(C=1C=CC=2NC(=O)CCC2C1)N3CCC(C3)NC=4C=CC=C(Br)C4,0.84,O=C1CCc2cc(C(=O)N3CCC(Nc4ccccc4)C3)ccc2N1
XS840969c,CC(NC(=O)CCCN1N=NC(=N1)C=2C=CC=CC2)C=3C=CC(=CC3)N4C=NC=N4,0.842,O=C(CCCn1nnc(-c2ccccc2)n1)NCc1ccc(-n2cncn2)cc1
XS847031a,CC(NC(=O)CN(C1CC1)S(=O)(=O)C=2C=CC=NC2)C=3C=CC4=CC=CC=C4C3,1.046,O=C(CN(C1CC1)S(=O)(=O)c1cccnc1)NCc1ccc2ccccc2c1
XS847029a,CC1CC=2C=CC=CC2N1CC(=O)NC=3C=CC=C(C3)S(=O)(=O)N4CCOCC4,1.192,O=C(CN1CCc2ccccc21)Nc1cccc(S(=O)(=O)N2CCOCC2)c1
XS840459b,CCOC=1C=C2CC(C)OC2=CC1C=C3CCN4C(=O)C=5C=CC(=CC5N=C34)C(=O)O,10.352,O=c1c2ccccc2nc2n1CCC2=Cc1ccc2c(c1)OCC2
XS847038a,CC(NC(=O)CN1C(=O)CCOC=2C=CC=CC21)C=3C=CC=CC3Br,1.19,O=C(CN1C(=O)CCOc2ccccc21)NCc1ccccc1
XS847037a,O=C(NC1CCSC=2C=CC=CC21)C3CCN(CC3)S(=O)(=O)C=4C=CC=CC4,1.142,O=C(NC1CCSc2ccccc21)C1CCN(S(=O)(=O)c2ccccc2)CC1
XS847033a,COC(=O)C=1C=CC=2NC=3CCN(CC3C2C1)C(=O)C4CCCN(C4)C(=O)C(C)C,1.558,O=C(C1CCCNC1)N1CCc2[nH]c3ccccc3c2C1
XS847028a,O=C(C1COC=2C=CC=CC2O1)N3CCN(CC3)S(=O)(=O)C=4C=CC=C(F)C4,0.89,O=C(C1COc2ccccc2O1)N1CCN(S(=O)(=O)c2ccccc2)CC1
XS841498b,COCC=1N=CC=C(N1)C2CCCN(C2)C=3N=CC(=CC3Cl)C(=O)NC4CCCC4,0.468,O=C(NC1CCCC1)c1ccc(N2CCCC(c3ccncn3)C2)nc1
XS847048a,COC1=CC(=CC(OC)=C1OC)C2CC(=NN2C(C)=O)C=3C=CC(=CC3)NS(C)(=O)=O,5.544,c1ccc(C2=NNC(c3ccccc3)C2)cc1
XS847042a,CC1=NN(C(C)=C1S(=O)(=O)N(C)CC2=CC=CO2)C(C)C(=O)N3CCN(CC3)C=4C=CC=CC4,3.566,O=C(Cn1cc(S(=O)(=O)NCc2ccco2)cn1)N1CCN(c2ccccc2)CC1
XS847044a,CC(C)C(NC(=O)NCC1=CC=C(S1)S(=O)(=O)N2CCOCC2)C=3C=CC=CC3,1.418,O=C(NCc1ccccc1)NCc1ccc(S(=O)(=O)N2CCOCC2)s1
XS837757b,CS(=O)(=O)NC1CCCN(C1)S(=O)(=O)C=2C=CC3=CC=CC=C3C2Br,0.496,O=S(=O)(c1ccc2ccccc2c1)N1CCCCC1
XS847046a,O=C(NC=1C=CC=C(C1)S(=O)(=O)N2CCOCC2)C3CCCN3C(=O)C4=CC=CS4,0.64,O=C(Nc1cccc(S(=O)(=O)N2CCOCC2)c1)C1CCCN1C(=O)c1cccs1
XS847052a,CC(NC(=O)CN(CC=1C=CC=CC1)S(C)(=O)=O)C=2C=CC(Br)=CC2,1.114,O=C(CNCc1ccccc1)NCc1ccccc1
XS840499b,CC1=C(C=NNC(=O)C2CCCN(C2)S(=O)(=O)C=3C=CC(C)=CC3)C=C(C#N)N1C,1.104,O=C(NN=Cc1cc[nH]c1)C1CCCN(S(=O)(=O)c2ccccc2)C1
XS847050a,CC1CC=2C=CC=CC2N1C(=O)COC(=O)C3(CCN(CC3)S(=O)(=O)C4=CC=CS4)C=5C=CC=CC5,0.802,O=C(COC(=O)C1(c2ccccc2)CCN(S(=O)(=O)c2cccs2)CC1)N1CCc2ccccc21
XS847043a,CC=1C=C(NC(=O)CSC=2C=C(Cl)C=CC2Cl)N(N1)C3CCS(=O)(=O)C3,0.506,O=C(CSc1ccccc1)Nc1ccnn1C1CCS(=O)(=O)C1
XS847055a,COC=1C=CC(=CC1)CCN2C(=O)C=3C=CC=CC3NC2C=4C=NN(C4)C=5C=CC=CC5,0.702,O=C1c2ccccc2NC(c2cnn(-c3ccccc3)c2)N1CCc1ccccc1
XS847049a,O=C(NCC=1C=CN=C(C1)N2C=CC=N2)C3CC(=O)N(CC=4C=CC=C(C4)C(F)(F)F)C3,0.944,O=C(NCc1ccnc(-n2cccn2)c1)C1CC(=O)N(Cc2ccccc2)C1
XS847040a,CC=1N=CC=2CC(CCC2N1)NC(=O)C=3C=C(N=C4ON=C(C34)C5CC5)C=6C=CC=CC6,0.786,O=C(NC1CCc2ncncc2C1)c1cc(-c2ccccc2)nc2onc(C3CC3)c12
XS847041a,COC=1C=CC(=CC1)C(CNC(=O)CN2C(=O)CC3(CCCCC3)C2=O)C4=CNC=5C=CC=CC45,1.454,O=C(CN1C(=O)CC2(CCCCC2)C1=O)NCC(c1ccccc1)c1c[nH]c2ccccc12
XS847051a,CC1=NN(C=2N=C(C=C(C(=O)NC=3C=CC(C)=CC3C)C12)C4CC4)C5CCS(=O)(=O)C5,1.112,O=C(Nc1ccccc1)c1cc(C2CC2)nc2c1cnn2C1CCS(=O)(=O)C1
XS847059a,CC=1C=CC(=CC1)C(=O)OC(C)C(=O)NC2CC2,0.994,O=C(COC(=O)c1ccccc1)NC1CC1
XS841271b,CC1=NN2C(NCCC2C(F)(F)F)=C1[N+]([O-])=O,0.836,c1cc2n(n1)CCCN2
XS839552b,O=C(NCC=CC=1C=CC=NC1)C2CCCOC2,0.5,O=C(NCC=Cc1cccnc1)C1CCCOC1
XS847056a,CC(=O)N1CCCC(C1)N2C=C(C)C=N2,0.636,c1cnn(C2CCCNC2)c1
XS847057a,NC(CO)C1=NC(=NO1)C=2C=CC=CC2,10.804,c1ccc(-c2ncon2)cc1
XS847063a,CCOC(=O)C(NC(N)=O)C=1C=CC=CC1,0.616,c1ccccc1
XS837545b,CC(NC=1N=CC=NC1C(F)(F)F)C(N)=O,7.704,c1cnccn1
XS836900b,CCC(C1=NC=CS1)N2CCC(=O)NC2=O,0.554,O=C1CCN(Cc2nccs2)C(=O)N1
XS847069a,CCOC=1C=CC=2C=C(NC2C1)C(=O)NC(C#N)CC,0.57,c1ccc2[nH]ccc2c1
XS847080a,CC1=C(C=NN1C)C(C)NC(=O)C=2C=CC=CC2F,0.634,O=C(NCc1cn[nH]c1)c1ccccc1
XS847073a,CCNC(=O)C=1C=CC(=CC1)NC(=O)C2CC2(C)C,0.746,O=C(Nc1ccccc1)C1CC1
XS447902b,CC=1C=C(C)C=C(C1)C(=O)NC(C)C=2C=CN=CC2,0.822,O=C(NCc1ccncc1)c1ccccc1
XS837209b,CC1=NN(C(=O)C=2C=C(Cl)C=CC12)C(C)CO,0.712,O=c1[nH]ncc2ccccc12
XS847076a,CC1CCC=2C=CC=CC2N1CC3=NC(=NO3)C4CC4,0.706,c1ccc2c(c1)CCCN2Cc1nc(C2CC2)no1
XS847072a,CN(C(=O)NC1CCC=2C=NNC2C1)C3CCCC3,0.382,O=C(NC1CCCC1)NC1CCc2cn[nH]c2C1
XS841260b,C#CCOC=1C=C(F)C=CC1NC2CCN(C)C2=O,0.452,O=C1NCCC1Nc1ccccc1
XS847090a,O=S1(=O)CCC(C1)N2CCN(CC2)C=3C=CC=CC3,1.84,O=S1(=O)CCC(N2CCN(c3ccccc3)CC2)C1
XS847085a,CC=1C=CC(=CC1)C2CCCN2C(=O)NC=3C=CC=NC3,0.69,O=C(Nc1cccnc1)N1CCCC1c1ccccc1
XS841054b,CCC1=NC(CS(=O)(=O)C(C)C2=CC=CS2)=NN1,0.382,O=S(=O)(Cc1nc[nH]n1)Cc1cccs1
XS547649b,CC1=C(Cl)C(=NN1C)C(=O)N2CC(C)OCC2(C)C,0.92,O=C(c1cc[nH]n1)N1CCOCC1
XS838423b,O=C1NCCOCC1NC=2N=CC=C(C2F)C(F)F,0.864,O=C1NCCOCC1Nc1ccccn1
XS847086a,CN1N=CC2=C1CCCC2NC(=O)C3=CC(Cl)=CN3,0.416,O=C(NC1CCCc2[nH]ncc21)c1ccc[nH]1
XS847091a,COC=1C=CC2=CC(=CC=C2C1)C(C)C(=O)N3CCCC3,0.498,O=C(Cc1ccc2ccccc2c1)N1CCCC1
XS847082a,CC(=O)N1N=C(CC1C=2C=CC=CC2C)C=3C=CSC3,1.75,c1ccc(C2CC(c3ccsc3)=NN2)cc1
XS674421b,COCC1(CCCN1CC=2C=CC(=CC2)OC)C(N)=O,0.832,c1ccc(CN2CCCC2)cc1
XS392484b,O=C(NC1=NN=CN1)C2CC(=O)N(C2)C=3C=CC=CC3F,1.638,O=C(Nc1nnc[nH]1)C1CC(=O)N(c2ccccc2)C1
XS470969b,O=C(C=1C=NC2=C(F)C=CC(F)=C2C1)N3CCCC(O)C3,0.498,O=C(c1cnc2ccccc2c1)N1CCCCC1
XS847096a,CC(C)NC(=O)C1CC(=O)N(C1)C=2C=CC=C(C2)C(C)C,0.678,O=C1CCCN1c1ccccc1
XS839346b,CC=1C=NC=2N=C(NC3CCC4=NN=CN4C3)SC2N1,5.3,c1cnc2sc(NC3CCc4nncn4C3)nc2n1
XS816929b,O=C(C=1C=CC=2CCCC2C1)N3CCCC(C3)N4C=NC=N4,1.992,O=C(c1ccc2c(c1)CCC2)N1CCCC(n2cncn2)C1
XS847102a,CCN1CC(CC1=O)C(=O)NC=2C=CC(=CC2)OC(C)C,1.706,O=C1CC(C(=O)Nc2ccccc2)CN1
XS847100a,O=C(NC=1C=CC=C(F)C1)N2CCCC2C=3C=CSC3,0.812,O=C(Nc1ccccc1)N1CCCC1c1ccsc1
XS784847b,COC=1C=CC=C(C1)CCC(=O)NC2CCC(=O)NC2=O,0.848,O=C1CCC(NC(=O)CCc2ccccc2)C(=O)N1
XS847098a,CN(CC1COC=2C=CC=CC2O1)C=3C=CC4=NN=CN4N3,0.46,c1ccc2c(c1)OCC(CNc1ccc3nncn3n1)O2
XS079474b,COC=1C=CC(=CC1)C(=O)NC(C)C=2C=CC(F)=CC2F,0.426,O=C(NCc1ccccc1)c1ccccc1
XS566000b,CC1=NOC(=N1)C2CCN(C2)C(=O)C3=CNN=C3C4CC4,0.516,O=C(c1c[nH]nc1C1CC1)N1CCC(c2ncno2)C1
XS847101a,CCC1=CC=C(CNC(=O)C2CC(=O)N(C2)C(C)C)S1,0.736,O=C1CC(C(=O)NCc2cccs2)CN1
XS840190b,C=1C=CC(=NC1)C2=NN=NN2CC3CCC4(CCCCC4)O3,2.702,c1ccc(-c2nnnn2CC2CCC3(CCCCC3)O2)nc1
XS838517b,CC(COC=1C=CC=CC1)NC=2C=CC(=CN2)P(C)(C)=O,0.6,c1ccc(OCCNc2ccccn2)cc1
XS586078b,CCC=1C=CC=2OC=C(C(=O)NC3C(=O)OCC3(C)C)C2C1,1.026,O=C(NC1CCOC1=O)c1coc2ccccc12
XS847108a,CCC1CCCCN1C(=O)CN2C(=O)C=3C=CC=CC3C2=O,0.63,O=C(CN1C(=O)c2ccccc2C1=O)N1CCCCC1
XS842068b,CCS(=O)(=O)CC(C)N(C)C=1C=CC(F)=CC1[N+]([O-])=O,0.596,c1ccccc1
XS847110a,O=C(CCS(=O)CC=1C=CC(F)=CC1)NC=2C=CC=CC2,0.718,O=C(CCS(=O)Cc1ccccc1)Nc1ccccc1
XS836563b,CC(N(C)C(=O)C1=CC=C(NC1=O)C2=CC=CO2)C(C)(C)C,0.39,O=c1cccc(-c2ccco2)[nH]1
XS565947b,CC(=O)NC(C)C1CCN(CC1)C(=O)C=2N=COC2C3CC3,0.69,O=C(c1ncoc1C1CC1)N1CCCCC1
XS847116a,CC=1C=CC=C(C1)OCCCCC(=O)N2CCC(C2)C(N)=O,1.18,O=C(CCCCOc1ccccc1)N1CCCC1
XS847111a,CC1CC(=O)NCCN1C(=O)C=2C=CC=CC2C=3C=NNC3,18.022,O=C1CCN(C(=O)c2ccccc2-c2cn[nH]c2)CCN1
XS847112a,CC(C)N1CC(CC1=O)C(=O)NC=2C=CC(F)=CC2Cl,1.078,O=C1CC(C(=O)Nc2ccccc2)CN1
XS847125a,NC(=O)C1CCN(C1)C(=O)CCC2=NC=C(O2)C=3C=CC=CC3,1.426,O=C(CCc1ncc(-c2ccccc2)o1)N1CCCC1
XS840841b,COC(CNC(=O)N1CCC(CC1)C2=CC=NN2)C(C)(C)C,0.48,c1cc(C2CCNCC2)[nH]n1
XS847122a,COC(=O)C=1C=CC=CC1NC(=O)C2COC=3C=CC=CC3O2,0.808,O=C(Nc1ccccc1)C1COc2ccccc2O1
XS847129a,CC1=C(SC=2C=CC(F)=CC12)C(=O)N3CCC(C3)C(N)=O,0.858,O=C(c1cc2ccccc2s1)N1CCCC1
XS847121a,CC=1C=CC=CC1CNC(=O)CC(NC(N)=O)C=2C=CC=CC2,0.726,O=C(CCc1ccccc1)NCc1ccccc1
XS847141a,O=C(CCN1C(=O)C=2C=CC=CC2C1=O)NC3CCCNC3=O,0.5,O=C(CCN1C(=O)c2ccccc2C1=O)NC1CCCNC1=O
XS837229b,CCC1C=2C=C(F)C(F)=CC2CCN1C3=NC=CN4N=NN=C34,1.024,c1ccc2c(c1)CCN(c1nccn3nnnc13)C2
XS604374b,CC=1C=CC(=C(C)C1)S(=O)(=O)NC(C(N)=O)C=2C=CC=CC2,0.39,O=S(=O)(NCc1ccccc1)c1ccccc1
XS847132a,O=C(NC1CCOC2(CCOCC2)C1)C3=CC=4C=CC=CC4O3,0.412,O=C(NC1CCOC2(CCOCC2)C1)c1cc2ccccc2o1
DR004224b,CC1=NNC(C)=C1C2COCCN2C(=O)CC=3C=CC=CC3F,0.41,O=C(Cc1ccccc1)N1CCOCC1c1cn[nH]c1
XS847138a,CCC1CCC=2SC(=CC2C1)C(=O)NCC3=NN=CN3CC,0.514,O=C(NCc1nnc[nH]1)c1cc2c(s1)CCCC2
XS637671b,COC=1N=CC=CC1CNC(=O)N2CCCC2C3=CC(C)=NO3,0.504,O=C(NCc1cccnc1)N1CCCC1c1ccno1
XS839885b,CC(NC(=O)NC=1C=CC=2CCC3=CC=CC1C32)C=4C=NN(C)C4,3.438,O=C(NCc1cn[nH]c1)Nc1ccc2c3c(cccc13)CC2
XS847135a,CC1=NC2=C(CCCC2CNC(=O)NCC3=CNN=C3C)S1,0.766,O=C(NCc1cn[nH]c1)NCC1CCCc2scnc21
XS841756b,COC=1C=C(C=C2C=CC=CC12)C(C)NC(=O)N3CC(CO)C3,1.012,O=C(NCc1ccc2ccccc2c1)N1CCC1
XS838821b,O=S1(=O)CCC=2C=CC=CC2N1CC3(CC3)C4CCCCO4,0.63,O=S1(=O)CCc2ccccc2N1CC1(C2CCCCO2)CC1
XS847150a,CC1=NN(C)C=2N=CC(=CC12)NC(=O)N3CCC3C=4C=CC=CC4,1.286,O=C(Nc1cnc2[nH]ncc2c1)N1CCC1c1ccccc1
XS847147a,CCCCNC(=O)CS(=O)CC=1C=CC(Cl)=CC1Cl,0.472,c1ccccc1
XS847152a,CCC1=NOC=2N=CC(=CC12)C(=O)NC3CCCC4=C3C=NN4C,3.432,O=C(NC1CCCc2[nH]ncc21)c1cnc2oncc2c1
XS847151a,CC=1C=NC(=CN1)C(=O)NC(CN2CCCC2=O)C=3C=CC=CC3,1.028,O=C(NC(CN1CCCC1=O)c1ccccc1)c1cnccn1
XS847143a,CC=1C=NN(C1)CC2CCCCN2C(=O)C3=CC=4C=CC=CC4N3,1.056,O=C(c1cc2ccccc2[nH]1)N1CCCCC1Cn1cccn1
XS847146a,CC(C)N1C=NC(=C1)C(=O)N2CCC(C2)NC=3C=CC=C(C#N)C3,0.598,O=C(c1c[nH]cn1)N1CCC(Nc2ccccc2)C1
XS839274b,CC1=CC(COCC2=NC(=NO2)C3CCCC=4C=CC=CC43)=NO1,2.586,c1ccc2c(c1)CCCC2c1noc(COCc2ccon2)n1
XS847148a,CC=1C=C(Cl)C=CC1N2C=C(N=N2)C3CCCS(=O)(=O)C3,1.084,O=S1(=O)CCCC(c2cn(-c3ccccc3)nn2)C1
XS838431b,COC(=O)C(NC=1N=C(F)C=CC1C#N)C2CC=3C=CC=CC3C2,0.44,c1ccc(NCC2Cc3ccccc3C2)nc1
XS836668b,CC(NC=1C=CC(Cl)=CC1Cl)C(=O)N2CCC3(CCC3)C2,0.462,O=C(CNc1ccccc1)N1CCC2(CCC2)C1
XS840082b,CCN1N=C(C)C(CN2N=NC(=N2)C3(CCCN3)C(F)(F)F)=N1,0.612,c1n[nH]nc1Cn1nnc(C2CCCN2)n1
XS847164a,CCOC1CCCN(C1)C(=O)CC2=NN(C)C(=O)C=3C=CC=CC23,0.39,O=C(Cc1n[nH]c(=O)c2ccccc12)N1CCCCC1
XS847162a,COCC=1C=CC(=CC1)C(=O)OCC(=O)NC(C)C=2C=CC=CC2,0.93,O=C(COC(=O)c1ccccc1)NCc1ccccc1
XS839060b,CC(C)OCC1=CN(N=N1)C2CC3(CCCC3)OC=4C=CC=CC42,0.65,c1ccc2c(c1)OC1(CCCC1)CC2n1ccnn1
XS839675b,CC1=CC(C)=NN1C=2C=CC(=CC2)CCNC(=O)C(C)NC(N)=O,0.458,c1ccc(-n2cccn2)cc1
XS837964b,COC=1C=C(SN1)S(=O)(=O)NC2CCC3=NC(C)=NN3C2,0.402,O=S(=O)(NC1CCc2ncnn2C1)c1ccns1
XS800375b,O=C1C=2C=CC=NC2N=CN1CC(O)COCC=3C=CC=CC3F,0.47,O=c1c2cccnc2ncn1CCCOCc1ccccc1
XS582867b,O=C(CC1OC=2C=CC=CC2NC1=O)N3CCN(C(=O)C3)C4CC4,0.748,O=C1Nc2ccccc2OC1CC(=O)N1CCN(C2CC2)C(=O)C1
XS069546b,COC=1C=CC=C(C1)NC(C)C(=O)NC=2C=CC(=CC2)NC(C)=O,0.406,O=C(CNc1ccccc1)Nc1ccccc1
XS606934b,CC(CC=1C=CSC1)NC(=O)C=2C=CC(=CC2)C(=O)NC3CC3,0.388,O=C(NCCc1ccsc1)c1ccc(C(=O)NC2CC2)cc1
XS757834b,CNC(=O)CN1C=C(C=N1)NC(=O)C2CC=3C=C(C)C(C)=CC3O2,0.73,O=C(Nc1cn[nH]c1)C1Cc2ccccc2O1
XS847163a,CC=1OC=CC1C(=O)NCC(=O)N2CCCC2C=3C=CC(F)=CC3,0.558,O=C(NCC(=O)N1CCCC1c1ccccc1)c1ccoc1
XS847157a,CC=1C=CC=C2CCCN(C(=O)C3CC(=O)N(C3)C4CCCC4)C12,1.082,O=C(C1CC(=O)N(C2CCCC2)C1)N1CCCc2ccccc21
XS847160a,CCN1CC(CC1=O)C(=O)NC=2C(C)=NN(C2C)C=3C=CC=CC3,1.014,O=C1CC(C(=O)Nc2cnn(-c3ccccc3)c2)CN1
XS840632b,CCC1=NC(=CS1)COC(=O)C2CC(=O)N(C)C=3C=CC=CC32,0.59,O=C1CC(C(=O)OCc2cscn2)c2ccccc2N1
XS847170a,COC(CNC(=O)C=1C=CN(N1)C=2C=CC(Cl)=CC2)C(C)(C)C,0.52,c1ccc(-n2cccn2)cc1
XS837345b,CS(=N)(=O)C=1C=CC=C(C1)CNC2=CC=NC3=C(Cl)C=NN23,0.374,c1ccc(CNc2ccnc3ccnn23)cc1
XS839142b,CC=1N=C(SC1C)S(=O)(=O)N(C)C2CCC=3C=CC=CC3C2,0.81,O=S(=O)(NC1CCc2ccccc2C1)c1nccs1
XS690664b,O=C(O)C1CC=2C=CC=CC2N1C(=O)C=3C=CN(N3)C=4C=CC=CC4,1.968,O=C(c1ccn(-c2ccccc2)n1)N1CCc2ccccc21
XS847176a,O=C(NCCC=1C=CC=C(Cl)C1)C2CCCN(C2)C(=O)C3CC3,0.522,O=C(NCCc1ccccc1)C1CCCN(C(=O)C2CC2)C1
XS841489b,COC=1C=CC=CC1CC2=NN=C(N2C)N3CC(C)C=4C=CC=CC43,0.528,c1ccc(Cc2nnc(N3CCc4ccccc43)[nH]2)cc1
XS837587b,CN(CC(=O)NC1=NC=CS1)C(=O)C2CCCC=3N=NN(C)C32,1.364,O=C(CNC(=O)C1CCCc2nn[nH]c21)Nc1nccs1
XS847186a,COC=1C=CC(=CC1)C(=O)NC(C(=O)NC=2C=CC=CC2C)C(C)C,1.19,O=C(CNC(=O)c1ccccc1)Nc1ccccc1
XS847187a,O=C(CC1SC=2C=CC=CC2NC1=O)N3CCC=4C=CC=CC4C3,4.808,O=C1Nc2ccccc2SC1CC(=O)N1CCc2ccccc2C1
XS847182a,CC=1C=C(NC(=O)C(C)NC=2C=CC(C)=C(C2)OCC(F)F)ON1,0.488,O=C(CNc1ccccc1)Nc1ccno1
XS838078b,O=C1OCCN1CCS(=O)(=O)N2CCCC(C2)C=3C=CC=CC3,0.856,O=C1OCCN1CCS(=O)(=O)N1CCCC(c2ccccc2)C1
XS847193a,CCC1=NC=CN1C2CCCN(C2)C(=O)COCCC=3C=CC=CC3,17.79,O=C(COCCc1ccccc1)N1CCCC(n2ccnc2)C1
XS841725b,CC1=CC(=CS1)C2CCN(C2)C(=O)CN3C=CC(=N3)C(F)(F)F,0.628,O=C(Cn1cccn1)N1CCC(c2ccsc2)C1
XS847194a,CC1=NOC(=N1)C2COCCN2C=3N=CN=C4C3C=NN4C(C)(C)C,0.556,c1noc(C2COCCN2c2ncnc3[nH]ncc23)n1
XS561106b,CC1OC=2C=CC=CC2N(CCC3=NC(=NO3)C=4C=CSC4)C1=O,0.42,O=C1COc2ccccc2N1CCc1nc(-c2ccsc2)no1
XS847199a,O=C(CC1C(=O)NC=2C=CC=CC21)NC=3C=CC(=CC3)C=4C=CC=CC4,0.534,O=C(CC1C(=O)Nc2ccccc21)Nc1ccc(-c2ccccc2)cc1
XS396598b,COC=1C=CC=2N=C(NC(=O)C3COC=4C=CC=CC4O3)SC2C1,0.6,O=C(Nc1nc2ccccc2s1)C1COc2ccccc2O1
XS841728b,O=C(O)CC=1SC=CC1C(=O)N2CC=3C=CC=C4CCCC(C2)C43,0.99,O=C(c1ccsc1)N1Cc2cccc3c2C(CCC3)C1
XS847196a,O=C(O)C12CC(C1)(C2)NC(=O)NC3CC4(CCC4)OC=5C=CC=CC53,5.31,O=C(NC1CC2(CCC2)Oc2ccccc21)NC12CC(C1)C2
XS847197a,COC=1C=CC(=CC1)CCNC(=O)N2CCCC(C2)C3=NN=CN3C,3.124,O=C(NCCc1ccccc1)N1CCCC(c2nnc[nH]2)C1
XS838359b,COC(=O)CC1CN(C=2C=NC=C(N2)C(F)(F)F)C3(CCC3)CO1,0.66,c1cnc(N2CCOCC23CCC3)cn1
XS847214a,COC=1C=C(C=C2OCCOC12)C(=O)N3CCCC3C4=CC=CS4,1.474,O=C(c1ccc2c(c1)OCCO2)N1CCCC1c1cccs1
XS840488b,CN1C(=O)C(C#N)=C(NC2CCSC=3C(F)=CC=CC32)N(C)C1=O,1.796,O=c1cc(NC2CCSc3ccccc32)[nH]c(=O)[nH]1
XS847204a,CC1=CC(=NO1)C(=O)NCC(C=2C=CC=C(Cl)C2)N3CCOCC3,0.694,O=C(NCC(c1ccccc1)N1CCOCC1)c1ccon1
XS847202a,CC(C=1C=CC=CN1)N(C)C(=O)C=2N=C(C3CC3)N(N2)C=4C=CC=CC4,0.428,O=C(NCc1ccccn1)c1nc(C2CC2)n(-c2ccccc2)n1
XS840471b,CC(NC(=O)C=1SC=CC1S(=O)(=O)C(F)F)C=2C=CN=CC2,0.548,O=C(NCc1ccncc1)c1cccs1
XS847201a,CC1=CC=C(S1)S(=O)(=O)N2CSCC2C(=O)NC(C)(C)C,0.718,O=S(=O)(c1cccs1)N1CCSC1
XS389833b,CC(C1=NC=2C=CC=CC2S1)N(C)CC3=CC(=O)N4C=CC=CC4=N3,0.564,O=c1cc(CNCc2nc3ccccc3s2)nc2ccccn12
XS723166b,CC(C(=O)NC1=NNC2=C1C(=NN2C)C=3C=CC=CC3)C4CCOCC4,2.804,O=C(CC1CCOCC1)Nc1n[nH]c2[nH]nc(-c3ccccc3)c12
XS394131b,CC1CC=2C=CC=CC2N1C(=O)CN3C=NC4=C3C(=O)N(C)C(=O)N4C,3.384,O=C(Cn1cnc2[nH]c(=O)[nH]c(=O)c21)N1CCc2ccccc21
XS847219a,CC(OC(=O)CC=1C=CC=C2C=CC=NC12)C(=O)NC=3C=CC=CC3F,1.142,O=C(COC(=O)Cc1cccc2cccnc12)Nc1ccccc1
XS847220a,COC(=O)C=1C=CC(=CC1)NC(=O)C2CCCN(C2)C(=O)C3=CC=CO3,0.532,O=C(Nc1ccccc1)C1CCCN(C(=O)c2ccco2)C1
XS839108b,CC=1C=CC=2CCC(NC=3N=C4CCS(=O)(=O)CC4=CC3C#N)C2C1,0.47,O=S1(=O)CCc2nc(NC3CCc4ccccc43)ccc2C1
XS701388b,COC=1C=CC(OC)=C(C1)N2CC(CC2=O)C(=O)NC=3C=C(C)C=CN3,0.924,O=C(Nc1ccccn1)C1CC(=O)N(c2ccccc2)C1
XS820544b,CC=1C=CC=C(C1)CNC(=O)N2CCCC(C2)C3=NN=C4C=CC=CN34,0.952,O=C(NCc1ccccc1)N1CCCC(c2nnc3ccccn23)C1
XS837861b,CC1(C)CC(C(=O)NC=2N=CN(N2)C3CCCCC3)C=4C=CC=CC4O1,0.542,O=C(Nc1ncn(C2CCCCC2)n1)C1CCOc2ccccc21
XS847221a,CCC(CC)N1N=CC=C1C(=O)N2CCC(C2)NC=3C=CC=C(C#N)C3,0.64,O=C(c1ccn[nH]1)N1CCC(Nc2ccccc2)C1
XS837704b,CC1OC=2C(=CC=CC2NC1=O)C(=O)N3CC=C(CC3)C4=CC=CS4,2.05,O=C1COc2c(cccc2C(=O)N2CC=C(c3cccs3)CC2)N1
XS841933b,N#CC=1C=NC=C(N1)NC2CCC3=CN(CCCC(F)(F)F)N=C3C2,8.734,c1cnc(NC2CCc3c[nH]nc3C2)cn1
XS847232a,COC=1C=CC=CC1C2CC(=NN2C(=O)C3=CC=CO3)C=4C=CC=CC4O,0.644,O=C(c1ccco1)N1N=C(c2ccccc2)CC1c1ccccc1
XS847240a,CC=1C=CC=C(C1)C2(CC2)C(=O)NC(C)C=3C=CC(=CC3)S(C)(=O)=O,0.736,O=C(NCc1ccccc1)C1(c2ccccc2)CC1
XS838185b,COC=1N=CC=C(N1)C(=O)N2CC3(C2)CCCC3NC=4N=CC=NC4F,1.556,O=C(c1ccncn1)N1CC2(CCCC2Nc2cnccn2)C1
XS838816b,CC=1C=CC=C(C1)N2C=NC=3C=C(C=CC32)C(=O)OCC4CNC(=O)CO4,0.46,O=C1COC(COC(=O)c2ccc3c(c2)ncn3-c2ccccc2)CN1
XS840396b,CC(OC(=O)C=1C=CC=NC1OC=2C=CC=CC2)C(=O)NCC3=CC=CO3,0.564,O=C(COC(=O)c1cccnc1Oc1ccccc1)NCc1ccco1
XS847231a,COC=1C=CC=C(C1)C(NC(=O)C2=CC=3C=CC=CC3N2)C4=NC=CN4C,0.922,O=C(NC(c1ccccc1)c1ncc[nH]1)c1cc2ccccc2[nH]1
XS788651b,COC=1C=CC=C(C1)N2CCN(CC2)C(=O)C(C)OC=3C=CC(C#N)=CC3,1.356,O=C(COc1ccccc1)N1CCN(c2ccccc2)CC1
XS839533b,CC(C(=O)NC=1C=CC(=C2C=CN=CC12)N3CCCCC3)S(C)(=O)=O,2.064,c1cc(N2CCCCC2)c2ccncc2c1
XS839104b,CN1C=2C=CC=CC2C(CS1(=O)=O)NC=3N=CC=C(N3)C(F)(F)F,0.722,O=S1(=O)CC(Nc2ncccn2)c2ccccc2N1
XS847253a,CSC=1N=C2N=C(C)C(CC(=O)N(C)C(C)C=3C=CC=CC3)=C(C)N2N1,1.0,O=C(Cc1cnc2ncnn2c1)NCc1ccccc1
XS847252a,O=C1C=2C=CC=CC2NC(C=3C=C(Cl)C=4OCCCOC4C3)N1C5CC5,1.69,O=C1c2ccccc2NC(c2ccc3c(c2)OCCCO3)N1C1CC1
XS080731f,COC=1C=CC=CC1NC(=O)C(C)NC=2C=CC(=CC2)C3=CSC(C)=N3,8.586,O=C(CNc1ccc(-c2cscn2)cc1)Nc1ccccc1
XS847249a,COC=1C=CC=CC1NC(=O)N2CCCC2C=3C=CC=4OCCCOC4C3,2.276,O=C(Nc1ccccc1)N1CCCC1c1ccc2c(c1)OCCCO2
XS841008b,CC(NC=1C=CC(=C2C=CC=NC12)[N+]([O-])=O)C=3C=CC(=CC3)S(C)(=O)=O,2.284,c1ccc(CNc2cccc3cccnc23)cc1
XS847251a,CC(C)C=1C=C(C(=O)NC(C)C(=O)N2CCCC2)C=3C=NN(C3N1)C(C)C,1.122,O=C(NCC(=O)N1CCCC1)c1ccnc2[nH]ncc12
XS847250a,CS(=O)(=O)CCCNC(=O)C1CC(=O)N(C1)C=2C=CC=C3C=CC=CC23,0.584,O=C1CCCN1c1cccc2ccccc12
XS847241a,CC1=CC(C)=NC=2SC(=CC12)C(=O)NC3CCN(C=4C=NN(C)C4)C3=O,8.17,O=C(NC1CCN(c2cn[nH]c2)C1=O)c1cc2cccnc2s1
XS837625b,CC(C=1C=CC=CC1)N2C=C(C=N2)NS(=O)(=O)C=3SC=CC3Cl,0.342,O=S(=O)(Nc1cnn(Cc2ccccc2)c1)c1cccs1
XS847254a,COC=1C=CC(=CC1)C2=NC(=CS2)C(=O)NC(C)C=3C=CC=CC3OC,0.522,O=C(NCc1ccccc1)c1csc(-c2ccccc2)n1
XS847245a,CCC(NC(=O)NCC=1C=CC=C(C1)NS(C)(=O)=O)C=2C=CC(C)=CC2,0.808,O=C(NCc1ccccc1)NCc1ccccc1
XS842363b,O=C(NC(CCO)C1CCC(F)(F)CC1)C=2OC(=NC2C(F)F)C3CC3,0.592,O=C(NCC1CCCCC1)c1cnc(C2CC2)o1
XS838932b,CCC1=C(C=NN1CC)C(=O)NC2C=CCN(C2)C(=O)C=3N=CC(N)=CC3C,1.72,O=C(NC1C=CCN(C(=O)c2ccccn2)C1)c1cn[nH]c1
XS840663b,CC(NC(=O)C=1C=C(C(O)=CC1N)[N+]([O-])=O)C=2C=CC=CC2Br,0.416,O=C(NCc1ccccc1)c1ccccc1
XS841961b,N#CC=1C=CC(=CC1)N2CCCC2C(=O)NCC3=NC=4C(F)=C(F)C=CC4N3,1.016,O=C(NCc1nc2ccccc2[nH]1)C1CCCN1c1ccccc1
XS847258a,CCCCN(C(=O)COC(=O)C=1C=CC(=CC1)CO)C2CCS(=O)(=O)C2,1.168,O=C(COC(=O)c1ccccc1)NC1CCS(=O)(=O)C1
XS847259a,CCOC=1C=CC(=CC1)N2CC(CC2=O)C(=O)NC3=NC(=CS3)C(C)(C)C,4.586,O=C(Nc1nccs1)C1CC(=O)N(c2ccccc2)C1
XS847263a,CC1CC=2C=C(C=CC2N1S(C)(=O)=O)C(=O)OCC(=O)NC3CCCC3,0.436,O=C(COC(=O)c1ccc2c(c1)CCN2)NC1CCCC1
XS836762b,CC1CC=2C=CC=CC2N1C(=O)CN3C(=O)OC=4C=C(C=CC43)S(N)(=O)=O,2.62,O=C(Cn1c(=O)oc2ccccc21)N1CCc2ccccc21
XS820586b,CC=1C=CC=2N=CN(CC(=O)N3C=4C=CC=CC4NC(=O)CC3C)C(=O)C2C1,0.946,O=C1CCN(C(=O)Cn2cnc3ccccc3c2=O)c2ccccc2N1
XS847257a,CC1=CN(N=C1C(=O)N2CCCC(C2)C3=CC=NN3C)C=4C(F)=CC=CC4F,0.852,O=C(c1ccn(-c2ccccc2)n1)N1CCCC(c2ccn[nH]2)C1
XS837772b,CS(=O)(=NC(=O)C1CCN(CC1)C=2C=CC(C#N)=CN2)C=3C=CC=C(F)C3,0.51,O=C(N=[SH](=O)c1ccccc1)C1CCN(c2ccccn2)CC1
XS838693b,COC(=O)C(NC=1C=CC(=CC1)OCCS(C)(=O)=O)C=2C=CC=C(C)C2,1.63,c1ccc(CNc2ccccc2)cc1
XS847271a,CCOC=1C=CC(=CC1)N2CC(CC2=O)C(=O)NC3(CCCC3)C4=NOC(C)=N4,2.316,O=C(NC1(c2ncon2)CCCC1)C1CC(=O)N(c2ccccc2)C1
XS847277a,O=C(CC1=CSC(=N1)C2=CC=CO2)NC(CN3CCCC3=O)C=4C=CC=CC4,1.398,O=C(Cc1csc(-c2ccco2)n1)NC(CN1CCCC1=O)c1ccccc1
XS847279a,COC=1C=CC=C(C1)NC(=O)C2CCCN(C2)S(=O)(=O)C=3C=CC(C)=CC3,1.02,O=C(Nc1ccccc1)C1CCCN(S(=O)(=O)c2ccccc2)C1
XS839575b,CC=1N=CSC1CCS(=O)(=O)NC2C=3C=CC=CC3CC42CCOCC4,0.57,O=S(=O)(CCc1cncs1)NC1c2ccccc2CC12CCOCC2
XS847269a,CCC=1C=CC=CC1N2CC(CC2=O)C(=O)N3CCOC=4C=C(C=CC4C3)OC,2.098,O=C(C1CC(=O)N(c2ccccc2)C1)N1CCOc2ccccc2C1
XS847282a,CC=1NC(=O)C(C#N)=C(C)C1CCC(=O)NC(C)C=2C=CC(=CC2)N3C=NC=N3,1.166,O=C(CCc1ccc(=O)[nH]c1)NCc1ccc(-n2cncn2)cc1
XS847274a,CC(=O)NC=1C=CC(=CC1)S(=O)(=O)NC(C)C(=O)NC=2C=CC(C)=C(F)C2,0.78,O=C(CNS(=O)(=O)c1ccccc1)Nc1ccccc1
XS840881b,O=C(C=1C=CC=2OCC(=O)NC2N1)N3CCCC(C3)C4=NC=5C=CC(F)=CC5O4,2.08,O=C1COc2ccc(C(=O)N3CCCC(c4nc5ccccc5o4)C3)nc2N1
XS847280a,O=C(C=1N=CN2CCOCC12)N3CCC(C3)NC=4C=CC=C(Br)C4,0.928,O=C(c1ncn2c1COCC2)N1CCC(Nc2ccccc2)C1
XS847278a,CC(C)C(NC1=NS(=O)(=O)C=2C=CC=CC12)C(=O)NCC=3C=CC=CC3F,0.632,O=C(CNC1=NS(=O)(=O)c2ccccc21)NCc1ccccc1
XS836985b,CC=1C=CC(=CC1)N2N=C(C(=O)NC3CC=4C=CC=CC4C3(C)C)C(O)=CC2=O,0.52,O=C(NC1Cc2ccccc2C1)c1ccc(=O)n(-c2ccccc2)n1
XS847265a,O=C(C1CN(CC=2C=C(ON2)C3=CC=CO3)C=4C=CC=CC4O1)N5CCCCC5,3.288,O=C(C1CN(Cc2cc(-c3ccco3)on2)c2ccccc2O1)N1CCCCC1
XS847293a,CC1=NC(=NN1C=2C=CC(F)=CC2)C(=O)NC(CN3CCCC3=O)C=4C=CC=CC4,0.526,O=C(NC(CN1CCCC1=O)c1ccccc1)c1ncn(-c2ccccc2)n1
XS685997b,CCC1C=2C=CSC2CCN1C(=O)C=3C=CC(OC)=C(C3)S(=O)(=O)NC(C)C,0.754,O=C(c1ccccc1)N1CCc2sccc2C1
XS837018b,COC=1C=CC(=CC1OC)C(CO)CNC=2C=CC3=CC(F)=CC(=C3N2)[N+]([O-])=O,0.458,c1ccc(CCNc2ccc3ccccc3n2)cc1
XS744578b,CC(C)C(NC(=O)CCS(=O)(=O)C=1C=CC=2OCCOC2C1)C=3C=CC(F)=CC3,0.664,O=C(CCS(=O)(=O)c1ccc2c(c1)OCCO2)NCc1ccccc1
XS841084b,CC1CCCN(C1)C(=O)COC(=O)CCNS(=O)(=O)C=2C=CC3=CC=CC=C3C2,0.356,O=C(CCNS(=O)(=O)c1ccc2ccccc2c1)OCC(=O)N1CCCCC1
XS847290a,O=C(C=1C=CC(=O)N(CC=2C=CC=CC2)N1)N3CCCC3C4=NC=5C=CC=CC5S4,2.64,O=C(c1ccc(=O)n(Cc2ccccc2)n1)N1CCCC1c1nc2ccccc2s1
XS429001b,CCN(CC)S(=O)(=O)N1CCC=2C=C(OC)C(=CC2C1C=3C=CC=CC3)OC,1.028,c1ccc(C2NCCc3ccccc32)cc1
XS841508b,FC(F)C1=NN=C2C=CC(=NN12)N3CCCC(C3)C4=NNC(=N4)C5CCCCC5,0.356,c1cc2nncn2nc1N1CCCC(c2n[nH]c(C3CCCCC3)n2)C1
XS847284a,CCN1C(CN2CCCCC2C3=NN=C(O3)C4CCOCC4)=NC=5C(F)=CC=CC51,0.718,c1ccc2[nH]c(CN3CCCCC3c3nnc(C4CCOCC4)o3)nc2c1
XS847287a,O=S(=O)(C=1C=CC(OC(F)F)=C(F)C1)N2CCC3(C2)CCC=4C=CC=CC4O3,0.536,O=S(=O)(c1ccccc1)N1CCC2(CCc3ccccc3O2)C1
XS847309a,COCC1=NOC=C1C(=O)N=S2(=O)CCCN(CC2)C(=O)C34CC(C3)(C4)C(F)(F)F,0.474,O=C(N=S1(=O)CCCN(C(=O)C23CC(C2)C3)CC1)c1cnoc1
XS840661b,CC(C)C1CCC=2C=CC=CC2N1S(=O)(=O)C=3C=CC(=CC3)OCC4=NC=NN4C,1.552,O=S(=O)(c1ccc(OCc2ncn[nH]2)cc1)N1CCCc2ccccc21
XS840462c,CCOC(=O)C1=C(CN2CCC=3C=CC=CC32)NC(=O)NC1C=4C=CC=CC4OC(F)F,1.624,O=C1NC(CN2CCc3ccccc32)=CC(c2ccccc2)N1
XS836463b,CC1=NOC(C)=C1C(C)NS(=O)(=O)C=2C=C3C(=CC2Br)N(C)C(=O)N3C,0.716,O=c1[nH]c2ccc(S(=O)(=O)NCc3cnoc3)cc2[nH]1
XS847315a,CC=1N=C(SC1CC(=O)N2CCC(CC(=O)N3CC(CO)(C3)C4CC4)C2(C)C)C=5C=CN(C)N5,1.442,O=C(Cc1cnc(-c2cc[nH]n2)s1)N1CCC(CC(=O)N2CC(C3CC3)C2)C1
XS847303a,CC1=NN(CC=2C=CC(C)=CC2)C(C)=C1C(=O)N3CCN(CC3)C(=O)C4COC=5C=CC=CC5O4,2.348,O=C(c1cnn(Cc2ccccc2)c1)N1CCN(C(=O)C2COc3ccccc3O2)CC1
XS847300a,CN1N=CC(C(=O)NC2COC=3C=C(F)C(Br)=CC32)=C1CC=4C=CC=CC4,2.286,O=C(NC1COc2ccccc21)c1cn[nH]c1Cc1ccccc1
XS847299a,COC=1C=CC=2NC(=NC2C1)SCC(=O)N(C3CCS(=O)(=O)C3)C4CCCCC4,1.244,O=C(CSc1nc2ccccc2[nH]1)N(C1CCCCC1)C1CCS(=O)(=O)C1
XS847312a,CC(C)N(C(=O)CN1C(=NC=2C=CC=CC21)C(C)NC(=O)C3=CC=CO3)C=4C=CC=CC4,0.882,O=C(Cn1c(CNC(=O)c2ccco2)nc2ccccc21)Nc1ccccc1
XS847308a,CC(=O)NC=1C=CC(F)=C(C1)NC(=O)C2CC(=O)N(C2)C=3C=CC=CC3Br,1.838,O=C(Nc1ccccc1)C1CC(=O)N(c2ccccc2)C1
XS842728b,CC(OC=1C=CC(F)=CC1)C(=O)NC=2C=CC(=CC2N3CCOCC3)N4CCOCC4,0.902,O=C(COc1ccccc1)Nc1ccc(N2CCOCC2)cc1N1CCOCC1
XS393077b,CC=1C=C(NC(=O)C2CC(=O)NC=3C=CC=CC32)N(N1)C=4C=CC=C(Br)C4,0.634,O=C1CC(C(=O)Nc2ccnn2-c2ccccc2)c2ccccc2N1
XS847311a,COC=1C=CC(=CC1NC(=O)C2CC=3C=CC=CC3C(=O)O2)S(=O)(=O)N4CCOCC4,1.16,O=C1OC(C(=O)Nc2cccc(S(=O)(=O)N3CCOCC3)c2)Cc2ccccc21
XS847305a,CN(C)C=1C=CC(=CC1)C(CNC(=O)C=2C=CC=C(C2)S(=O)(=O)N3CCOCC3)C4=CNC=5C=CC=CC45,3.096,O=C(NCC(c1ccccc1)c1c[nH]c2ccccc12)c1cccc(S(=O)(=O)N2CCOCC2)c1
XS840392b,COCC(C)NC(=O)C1=C(C)NC=2C=CC=CC12,1.066,c1ccc2[nH]ccc2c1
XS840956b,CN(C=1N=CC=CC1[N+]([O-])=O)C2CCSC2,0.564,c1ccc(NC2CCSC2)nc1
XS841167b,COC(=O)C(F)CC=1C=CC=C(N)C1,1.128,c1ccccc1
XS847320a,CNC(=O)CC1CCOC=2C=CC=CC21,0.498,c1ccc2c(c1)CCCO2
XS847322a,CC1CC=2C=CC=CC2N1C(=O)NC3CC3,2.686,O=C(NC1CC1)N1CCc2ccccc21
XS847318a,CCCCCC(=O)N1CCCC(C1)N2C=NC=N2,0.552,c1ncn(C2CCCNC2)n1
XS837280b,COCC(C)CS(=O)(=O)CC=1C=CC=CC1C#N,3.506,c1ccccc1
XS839500b,N#CC1=CC=CC(C#N)=C1N2CC(C2)C3CCOC3,0.44,c1ccc(N2CC(C3CCOC3)C2)cc1
XS847336a,CC=1C=C(Cl)C=CC1NC(=O)C2CCC(=O)N2,0.882,O=C1CCC(C(=O)Nc2ccccc2)N1
XS838479b,CN1C=CC(=C1)C2=CC(=NN2)C(=O)N3CCC3CF,0.38,O=C(c1cc(-c2cc[nH]c2)[nH]n1)N1CCC1
XS837914b,FC1(F)CCCC1CCN2N=NC=3CCCCC32,0.34,C1CCc2c(nnn2CCC2CCCC2)C1
XS837142b,CC(NC=1N=CC=2COCC2N1)C=3C=CC=C(F)C3,0.774,c1ccc(CNc2ncc3c(n2)COC3)cc1
XS841676b,CC1=C(C=NN1C(C)C)NC(=O)C(C)C=2N=CC=CN2,0.398,O=C(Cc1ncccn1)Nc1cn[nH]c1
XS693941b,COC=1C=CC(O)=C(C1)C(=O)NC2CCS(=O)(=O)C2,0.742,O=C(NC1CCS(=O)(=O)C1)c1ccccc1
XS847345a,CC(C)N1CCC(SC=2C=CN=C3C=CC=CC23)C1=O,0.608,O=C1NCCC1Sc1ccnc2ccccc12
XS847353a,CCC1=CC=C(S1)C(=O)N2CCN3C=CC=C3C2C,0.92,O=C(c1cccs1)N1CCn2cccc2C1
XS653082b,CC(NC(=O)CN1C=NC=N1)C=2C=CC3=CC=CC=C3C2,1.5,O=C(Cn1cncn1)NCc1ccc2ccccc2c1
XS842183b,CC(OC=1C=CC2=CC=CC=C2C1)C(=O)N3CCOCC3,0.434,O=C(COc1ccc2ccccc2c1)N1CCOCC1
XS847344a,CC1=CC=2C=C(C=CC2N1)NC(=O)C(C)C=3C=CSC3,2.632,O=C(Cc1ccsc1)Nc1ccc2[nH]ccc2c1
XS847354a,CN1C=C(C=CC1=O)C(=O)NC(C=2C=CC=CC2)C3CC3,0.882,O=C(NC(c1ccccc1)C1CC1)c1ccc(=O)[nH]c1
XS840514b,COC(=O)CC(C)C(=O)N1CCC(CC1)N2C=CC=C2,0.746,c1ccn(C2CCNCC2)c1
XS847341a,CC=1C=CC(=CC1)CC(=O)N2CCCC(C2)C3=CC=NN3,0.526,O=C(Cc1ccccc1)N1CCCC(c2ccn[nH]2)C1
XS840001b,N#CC1=CC=C(S1)C(=O)N2CCCC3(CCOC3)C2,0.536,O=C(c1cccs1)N1CCCC2(CCOC2)C1
XS762594b,COCC1(CCCN1CC=2C=CC(F)=C(F)C2)C(N)=O,0.602,c1ccc(CN2CCCC2)cc1
XS847351a,O=C(NC1=NC(=NS1)C2CC2)NC3CCC(=O)NC3,0.544,O=C1CCC(NC(=O)Nc2nc(C3CC3)ns2)CN1
XS847359a,CC1(C)CC(C2=NC(=NO2)C3=NN=CN3)C=4C=CC=CC4O1,4.596,c1ccc2c(c1)OCCC2c1nc(-c2nnc[nH]2)no1
XS840999b,FC(C=1C=CC=C(C1)C=2C=NC3=CC=NN3C2)C(F)(F)F,0.784,c1ccc(-c2cnc3ccnn3c2)cc1
XS847361a,O=S(=O)(C=1C=CC=CC1)N2CCCC2C=3C=CN=CC3,0.876,O=S(=O)(c1ccccc1)N1CCCC1c1ccncc1
XS847365a,CC(=O)NC(C=1C=CC=CC1)C=2C=CC(=CC2)OC(F)F,0.38,c1ccc(Cc2ccccc2)cc1
XS847375a,CC(C)(C)N1C=C(C=N1)C(=O)NC(C(N)=O)C=2C=CC=CC2,0.42,O=C(NCc1ccccc1)c1cn[nH]c1
XS839666b,CC1=CN(C)N=C1C=2C=CC=C(C2)S(=N)(=O)C(F)(F)F,0.398,c1ccc(-c2cc[nH]n2)cc1
XS847367a,COC=1C=CC=CC1NC(C)C(=O)NC=2C=CC(Cl)=CN2,0.576,O=C(CNc1ccccc1)Nc1ccccn1
XS173266d,CC(C)C(NC(=O)CN1C=NC(C#N)=N1)C=2C=CC(F)=CC2,0.666,O=C(Cn1cncn1)NCc1ccccc1
XS847370a,CC(OC(=O)C=1N=CC=NC1N)C(=O)NC=2C=CC=CC2F,0.38,O=C(COC(=O)c1cnccn1)Nc1ccccc1
XS847368a,CC(=O)N1CCCN(CC1)C(=O)C2CCOC=3C=CC=CC32,1.064,O=C(C1CCOc2ccccc21)N1CCCNCC1
XS838712b,O=C(OCC=1C=CC=CC1)C2CN(C2)C(=O)C3CC43CCC4,0.422,O=C(OCc1ccccc1)C1CN(C(=O)C2CC23CCC3)C1
XS469465b,CC=1C=NN(C)C1S(=O)(=O)NC2CCC=3C=C(C)C=CC32,0.776,O=S(=O)(NC1CCc2ccccc21)c1ccn[nH]1
XS394334b,CC1=NOC(CN2CCCC(C2)C3=NC=4C=CC=CC4O3)=N1,0.53,c1ccc2oc(C3CCCN(Cc4ncno4)C3)nc2c1
XS838363b,FC1(F)CC1C=2C=CC=C(C2)NC=3N=CC=C4N=CC=NC34,0.31,c1cc(Nc2nccc3nccnc23)cc(C2CC2)c1
XS836604b,CCN(CC(C)C#N)C(=O)C=1C=CC(Cl)=C2C=CC=NC12,0.508,c1ccc2ncccc2c1
XS847371a,CC(CC(=O)NC=1C=CC=C(O)C1)(C(=O)O)C=2C=CC=CC2,0.756,O=C(CCc1ccccc1)Nc1ccccc1
XS837982b,BrC=1C=NC=NC1NC2CCCC32CCOCC3,0.938,c1cc(NC2CCCC23CCOCC3)ncn1
XS533793b,CCCNC(=O)CCNC(=O)NC1CCCC21CCOCC2,0.62,C1CCC2(C1)CCOCC2
XS653343b,CCOC=1N=CC=CC1NC(=O)NC(C=2C=CC=CC2)C3CC3,1.284,O=C(Nc1cccnc1)NC(c1ccccc1)C1CC1
XS665637b,CN(C1=NC=2C=CC=CC2O1)C3CCCN(C3)C=4C=CC=NN4,0.298,c1cnnc(N2CCCC(Nc3nc4ccccc4o3)C2)c1
XS401809b,CC1=NN(C)C=2N=CC(=CC12)NC(=O)C(C)OC=3C=CC=CC3,0.922,O=C(COc1ccccc1)Nc1cnc2[nH]ncc2c1
XS841338b,[O-][N+](=O)C1=CC(=CS1)C2NC(=O)C=3C=CC(Cl)=CC3N2,3.198,O=C1NC(c2ccsc2)Nc2ccccc21
XS823872b,CC(C=1C=CN=CC1)N(C)C(=O)C2=CC(=NO2)C=3C=CC=CC3,0.452,O=C(NCc1ccncc1)c1cc(-c2ccccc2)no1
XS847378a,O=C(NC1CCOC1)C=2C=C(N=C3C=CC=CC23)C4=CC=CO4,1.208,O=C(NC1CCOC1)c1cc(-c2ccco2)nc2ccccc12
XS015613b,CCOC=1C=CC=CC1NC(=O)CN2C=3C=CC=CC3CC2C,0.868,O=C(CN1CCc2ccccc21)Nc1ccccc1
XS411196b,CCOC=1C=CC=CC1NC(=O)CC(C(=O)O)C=2C=CC=CC2,0.918,O=C(CCc1ccccc1)Nc1ccccc1
XS839587b,COC(=O)C1=CN=C(S1)N2CCCCCC2C=3C=CN=CC3,1.55,c1cc(C2CCCCCN2c2nccs2)ccn1
XS837614b,CCC(NC(=O)C=1N=NC2=C(F)C=CC=C2C1O)C3CCCC3,0.66,O=C(NCC1CCCC1)c1cc2ccccc2nn1
XS638857b,O=C(CC=1C=CC=C2C=CC=NC12)N3CCCC3CN4C=CC=N4,0.64,O=C(Cc1cccc2cccnc12)N1CCCC1Cn1cccn1
XS847396a,COC=1C=CC(NC(C)C(=O)NC=2C=CC(C)=CC2)=C(C1)OC,0.53,O=C(CNc1ccccc1)Nc1ccccc1
XS691393b,CC1=CC=C(CNC(=O)N2CCCC(C2)C3=NN=CN3C)S1,0.956,O=C(NCc1cccs1)N1CCCC(c2nnc[nH]2)C1
XS847387a,CC=1C=C(C=CC1F)S(=O)(=O)N2CCCC2C=3C=CC=NC3,1.238,O=S(=O)(c1ccccc1)N1CCCC1c1cccnc1
XS842107b,CN1C=NN=C1C2CCCN2C3=NC=4C=CC=CC4N5N=NN=C35,1.66,c1ccc2c(c1)nc(N1CCCC1c1nnc[nH]1)c1nnnn12
XS836567b,[O-][N+](=O)C=1C=CC=C2CN(CCC12)C(=O)NC3CCCSC3,0.96,O=C(NC1CCCSC1)N1CCc2ccccc2C1
XS840787b,CC(NC(=O)NC=1C=CC(F)=CC1Br)C=2C=NNC2,0.38,O=C(NCc1cn[nH]c1)Nc1ccccc1
XS847402a,CC=1C=CC(=CC1)CNC(=O)C(C)N2N=NC(=N2)C=3C=CC=CC3,1.034,O=C(Cn1nnc(-c2ccccc2)n1)NCc1ccccc1
XS847400a,CC(C(=O)N1CCCC=2C=CC=CC21)N3CCC=4C=NC=NC4C3,0.514,O=C(CN1CCc2cncnc2C1)N1CCCc2ccccc21
XS840899b,NC(=O)C1CN(CC21CC2)C(=O)CN3C=NC(=N3)C=4C=CC=CC4,0.648,O=C(Cn1cnc(-c2ccccc2)n1)N1CCC2(CC2)C1
XS840254b,CN(C(=O)C1CCOC2(CCCC2)C1)C=3C=CC(F)=CC3Cl,1.08,O=C(Nc1ccccc1)C1CCOC2(CCCC2)C1
XS842195b,CC=1C=CC(=CC1)CC2CCCN(C2)C(=O)CN3C=CC=NC3=O,0.412,O=C(Cn1cccnc1=O)N1CCCC(Cc2ccccc2)C1
XS847405a,O=C(C=1C=NN(C1C(F)(F)F)C=2C=CC=CN2)N3CCC3CO,0.576,O=C(c1cnn(-c2ccccn2)c1)N1CCC1
XS838885b,O=C(O)C1CC=2C=C(F)C=CC2N(CC3=NOC=4CCCCC34)C1,6.256,c1ccc2c(c1)CCCN2Cc1noc2c1CCCC2
XS847417a,CC=1C=CC(=CC1)CN2CC(CC2=O)C(=O)NCC3=CC=CS3,0.888,O=C(NCc1cccs1)C1CC(=O)N(Cc2ccccc2)C1
XS837382b,COC(=O)C1CCCC2(CN(C2)C=3N=C(N=CC3C#N)C4CC4)O1,0.522,c1cc(N2CC3(CCCCO3)C2)nc(C2CC2)n1
XS840586b,CC(NC(=O)C1=CNC(=N1)C=2C=CC=C(C2)[N+]([O-])=O)C=3N=CON3,0.492,O=C(NCc1ncon1)c1c[nH]c(-c2ccccc2)n1
XS708839b,COC=1C=CC(=C(C1)OC)C(C)NCC=2C=CC=3OCCOC3C2,0.982,c1ccc(CNCc2ccc3c(c2)OCCO3)cc1
XS847418a,O=C1NC(NC=2C=CC=CC12)C=3C=CC(=CC3)OCC=4C=CC=NC4,2.222,O=C1NC(c2ccc(OCc3cccnc3)cc2)Nc2ccccc21
XS840608b,COC=1C=C(C)C(=CC1OC)C(C)NC=2N=NC(C)=C(C)C2C#N,1.144,c1ccc(CNc2cccnn2)cc1
XS847416a,NC(=O)C1CC(=NN1C=2C=CC(F)=CC2)C(=O)NC=3C=CC=CN3,2.04,O=C(Nc1ccccn1)C1=NN(c2ccccc2)CC1
XS838464b,CC(NC=1N=CN=C2C1N=CN2C=3C=CC=CC3)C=4C=CC(O)=NC4,0.334,c1ccc(-n2cnc3c(NCc4cccnc4)ncnc32)cc1
XS847430a,CC1=CC=C(CNC(=O)NC2CCCC3=C2C=NN3CCO)S1,0.648,O=C(NCc1cccs1)NC1CCCc2[nH]ncc21
XS847428a,CC(C)(C(=O)O)C1CCCN(C1)C(=O)C=2N=CN=C3C=CSC23,0.378,O=C(c1ncnc2ccsc12)N1CCCCC1
XS847429a,COC(=O)CC1=CSC(=N1)NC(=O)C2COC=3C=CC=CC3C2,1.876,O=C(Nc1nccs1)C1COc2ccccc2C1
XS175329b,COC=1C=CC=CC1NC(=O)C(C)OC(=O)C2=CN3C=CC=CC3=N2,0.34,O=C(COC(=O)c1cn2ccccc2n1)Nc1ccccc1
XS837699b,CC=1C=CC2=C(Cl)C(=CC=C2N1)OC(=O)CC(C)C=3C=CN=CC3,11.938,O=C(CCc1ccncc1)Oc1ccc2ncccc2c1
XS616567b,CC1=CN(CC(=O)N2CCCC(C2)C(=O)NC3CC3)C=4C=CC=CC14,0.682,O=C(NC1CC1)C1CCCN(C(=O)Cn2ccc3ccccc32)C1
XS435722b,O=C(NCC(C1=CC=CS1)C2=CNC=3C=CC=CC23)NCC4CC4,0.396,O=C(NCC1CC1)NCC(c1cccs1)c1c[nH]c2ccccc12
XS847433a,CC=1C=CC=CC1C2=NOC(CN3CCCC(CN4C=NC=N4)C3)=N2,0.502,c1ccc(-c2noc(CN3CCCC(Cn4cncn4)C3)n2)cc1
XS836487b,COC=1N=CC(=CC1Cl)C(=O)N2CCC(O)(CN3C=CN=N3)C2,0.442,O=C(c1cccnc1)N1CCC(Cn2ccnn2)C1
XS847439a,CCC(CO)NC(=O)C=1C=CC(=CC1)S(=O)(=O)N2CCCCC2,0.552,O=S(=O)(c1ccccc1)N1CCCCC1
XS594770b,O=C(CN1N=CN2N=CC=C2C1=O)NC(C=3C=CC=CC3)C4CCC4,1.586,O=C(Cn1ncn2nccc2c1=O)NC(c1ccccc1)C1CCC1
XS836674b,CC(C(=O)N(C)C)S(=O)(=O)N1CC=C(CC1)C=2C=CC=CC2F,0.526,C1=C(c2ccccc2)CCNC1
XS847445a,CC(C(=O)NC=1C=CC(C#N)=CC1)N2CCN(CC2)C3=NC=CS3,1.096,O=C(CN1CCN(c2nccs2)CC1)Nc1ccccc1
XS847455a,CCN(CC=1C=CC(F)=C(F)C1)C(=O)CC2C(=O)NC=3C=CC=CC32,1.246,O=C(CC1C(=O)Nc2ccccc21)NCc1ccccc1
XS847452a,CC1=C(SC=2N=CN(C)C(=O)C12)C(=O)NC3COC=4C=CC=CC43,2.276,O=C(NC1COc2ccccc21)c1cc2c(=O)[nH]cnc2s1
XS847449a,CC1=CC=C(CN(C(=O)C2CC(=O)NC=3C=C(F)C=CC32)C4CC4)O1,1.228,O=C1CC(C(=O)N(Cc2ccco2)C2CC2)c2ccccc2N1
XS847446a,COCC1=CC(=NO1)C2CN(C2)C(=O)C3COC=4C=C(C)C(C)=CC43,0.87,O=C(C1COc2ccccc21)N1CC(c2ccon2)C1
XS847448a,CC1=NOC(C)=C1CC(=O)NC(CN2CCCC2=O)C=3C=CC=CC3,0.602,O=C(Cc1cnoc1)NC(CN1CCCC1=O)c1ccccc1
XS847447a,COC1=CC(=CC(OC)=C1OC)C(=O)NC(C)CCC=2C=CC=CC2,3.514,O=C(NCCCc1ccccc1)c1ccccc1
XS847444a,CC(SC=1N=C(N=C2C=CC=CC12)C3CC3)C(=O)N4CCNC4=O,5.204,O=C(CSc1nc(C2CC2)nc2ccccc12)N1CCNC1=O
XS847454a,CC(C)OC=1C=CC(=CC1Cl)NC(=O)N2CCOC(C2)C(N)=O,0.474,O=C(Nc1ccccc1)N1CCOCC1
XS847459a,COC=1C=CC=C(C1)CC(=O)NC(C)C=2C=CC(=CC2)S(N)(=O)=O,0.688,O=C(Cc1ccccc1)NCc1ccccc1
XS839462b,CN(C)C=1C=CC(=CC1)S(C)(=O)=NCC=2C=C(F)C=C3CCOC23,2.498,O=[SH](=NCc1cccc2c1OCC2)c1ccccc1
XS837284b,O=C1NCCCCC1N2C=C(CNS(=O)(=O)C=3C=CC=CC3)N=N2,0.918,O=C1NCCCCC1n1cc(CNS(=O)(=O)c2ccccc2)nn1
XS847463a,O=C(NC=1C=NN2C=CC=NC12)N(C3CC3)C4CCCC=5C=CC=CC54,1.978,O=C(Nc1cnn2cccnc12)N(C1CC1)C1CCCc2ccccc21
XS847461a,CCN(CC1CCOC1)C(=O)C=2C=CC(=CC2)OCC3=CSC=N3,0.43,O=C(NCC1CCOC1)c1ccc(OCc2cscn2)cc1
XS847460a,COC=1C=CC(=CC1)C(=O)NC(C(=O)NC2=NC(C)=CS2)C(C)C,0.34,O=C(CNC(=O)c1ccccc1)Nc1nccs1
XS842036b,CS(=O)(=O)N1CCCC(CN2N=NN=C2C=CC=3C=CC=CC3)C1,2.944,C(=Cc1nnnn1CC1CCCNC1)c1ccccc1
XS847462a,COC=1C=CC(=CC1)NC2CC(=O)N(C2=O)C=3C=CC(F)=C(Cl)C3,9.072,O=C1CC(Nc2ccccc2)C(=O)N1c1ccccc1
XS847471a,CC=1OC(=NC1CC(=O)N2CCCC2C=3C=CC=CC3)C4=CC=CS4,0.788,O=C(Cc1coc(-c2cccs2)n1)N1CCCC1c1ccccc1
XS847475a,CC=1C=CC=2C=C(NC2C1)C(=O)N3CCC3CNC(=O)C4=CSC=N4,1.024,O=C(NCC1CCN1C(=O)c1cc2ccccc2[nH]1)c1cscn1
XS847472a,COCCN1C(=O)C=2C=CC=CC2NC1C=3C=CC=CC3C(F)(F)F,1.492,O=C1NC(c2ccccc2)Nc2ccccc21
XS823784b,O=C(CCC1=NC(=NO1)C=2C=CC=CC2)N3CCCC3C4=CC=CS4,1.172,O=C(CCc1nc(-c2ccccc2)no1)N1CCCC1c1cccs1
XS847468a,CC1(CCS(=O)(=O)C1)NC(=O)CN2N=NN(C2=O)C=3C=CC=CC3,0.552,O=C(Cn1nnn(-c2ccccc2)c1=O)NC1CCS(=O)(=O)C1
XS840255b,CC1CN(C(=O)C=2C=NC(=CN2)OCC3CC3)C=4C=NC=CC4NC1=O,1.44,O=C1CCN(C(=O)c2cnc(OCC3CC3)cn2)c2cnccc2N1
XS847474a,CC(C)(C)C=1C=CC(O)=C(C1)NC(=O)C2CCCN(C2)C=3C=NC=CN3,0.546,O=C(Nc1ccccc1)C1CCCN(c2cnccn2)C1
XS841664b,CC=1C=CC=CC1N2C=C(N=N2)C(=O)N3CCCC43CCS(=O)(=O)C4,2.596,O=C(c1cn(-c2ccccc2)nn1)N1CCCC12CCS(=O)(=O)C2
XS847487a,COC=1C=C(C#N)C=CC1OCC(=O)N2C=3C=CC=CC3NC(=O)CC2C,2.114,O=C1CCN(C(=O)COc2ccccc2)c2ccccc2N1
XS839970b,COCC(C)C(=O)N1CCN(CC1)S(=O)(=O)N(C)C2CCCCC2,0.454,O=S(=O)(NC1CCCCC1)N1CCNCC1
XS140771b,COC(=O)CCCNC(=O)C1CC(=O)N(C1)C=2C=CC(=CC2OC)OC,1.938,O=C1CCCN1c1ccccc1
XS840240b,ClC=1C=CC(=CC1)C(C=2C=CC=CC2)N3CCOC4(CCOCC4)C3,0.792,c1ccc(C(c2ccccc2)N2CCOC3(CCOCC3)C2)cc1
XS840197b,CN(CC1=NN=C2CCOCCN12)C(=O)C3COC=4C=C(F)C=CC4C3,0.526,O=C(NCc1nnc2n1CCOCC2)C1COc2ccccc2C1
XS847486a,COC=1C=CC=2C(=NNC2C1)C(=O)N3CCC(C3)NC=4C=CC=C(C#N)C4,1.074,O=C(c1n[nH]c2ccccc12)N1CCC(Nc2ccccc2)C1
XS080028b,CC1OC=2C=CC(=CC2NC1=O)NC(=O)C=3C=CC(Br)=CC3,0.406,O=C1COc2ccc(NC(=O)c3ccccc3)cc2N1
XS837627b,CC1=C(C=NN1C2CCOC2)NC=3C=CC=C(Br)C3[N+]([O-])=O,0.586,c1ccc(Nc2cnn(C3CCOC3)c2)cc1
XS837728b,CC=1C=C(C=CC1Br)C2CCCN2C3=CC(=O)NC(=O)N3C,2.176,O=c1cc(N2CCCC2c2ccccc2)[nH]c(=O)[nH]1
XS847499a,CC=1C=CC(=CC1)S(=O)(=O)NC(CC(C)C)C(=O)NC=2C=CC=C(C)N2,0.502,O=C(CNS(=O)(=O)c1ccccc1)Nc1ccccn1
XS806805b,O=C(COC=1C=CC=CC1F)N2CCCC2C=3C=CC=4OCCCOC4C3,1.682,O=C(COc1ccccc1)N1CCCC1c1ccc2c(c1)OCCCO2
XS847494a,COC=1C=CC(=CC1)C(NC(=O)C2=CC=3C=C(C)C=CC3N2)C4=NC=CN4C,0.762,O=C(NC(c1ccccc1)c1ncc[nH]1)c1cc2ccccc2[nH]1
XS847489a,CCOC=1C=CC=2C=C(NC2C1)C(=O)N3CCOCC3C4=CC=C(CC)O4,0.83,O=C(c1cc2ccccc2[nH]1)N1CCOCC1c1ccco1
XS847503a,CC1=CC=NC2=NC(=NN12)C(=O)NC(C)C=3C=CC(=CC3)OC=4C=CC=CC4,1.744,O=C(NCc1ccc(Oc2ccccc2)cc1)c1nc2ncccn2n1
XS847496a,O=C(O)C12CC(CN3CCC=4SC=CC4C3C=5C=CC(Cl)=CC5)(C1)C2,0.636,c1ccc(C2c3ccsc3CCN2CC23CC(C2)C3)cc1
XS710987b,COC=1C=CC(=CC1)C2CCCN2S(=O)(=O)C=3C=CC(=CC3)NC(C)=O,1.72,O=S(=O)(c1ccccc1)N1CCCC1c1ccccc1
XS847497a,O=C(NC=1C=CC=C2C=NC=CC12)N(CC3=CC=CS3)CC4CCCO4,0.868,O=C(Nc1cccc2cnccc12)N(Cc1cccs1)CC1CCCO1
XS837687b,O=C(NCC(CO)C=1C=CC=C(Cl)C1)NC=2C=CC=NC2C3=CC=CO3,0.448,O=C(NCCc1ccccc1)Nc1cccnc1-c1ccco1
XS847490a,COC=1C=CC(=CC1)C(NC(=O)NCC=2C=CC=3OCCOC3C2)C(C)C,3.054,O=C(NCc1ccccc1)NCc1ccc2c(c1)OCCO2
XS847501a,CC(NC(=O)C=1C=CC(=CC1)CN2C(=O)CCC2=O)C=3C=CC=CC3Cl,1.906,O=C(NCc1ccccc1)c1ccc(CN2C(=O)CCC2=O)cc1
XS842281b,CN(C(=O)CN1CSCC1=O)C(C=2C=CC(Cl)=CC2)C=3N=CC=CN3,1.38,O=C(CN1CSCC1=O)NC(c1ccccc1)c1ncccn1
XS847493a,O=C(NC=1C=CC=2NC(=O)CS(=O)(=O)C2C1)C(F)CC3CCCCC3,0.56,O=C(CCC1CCCCC1)Nc1ccc2c(c1)S(=O)(=O)CC(=O)N2
XS842229b,COCC=1C=C(NC2CCCC3=CN(N=C32)C4CCCC4)N5N=CN=C5N1,0.812,c1cc(NC2CCCc3cn(C4CCCC4)nc32)n2ncnc2n1
XS539207b,COC=1C=CC=C(C1)N2N=C(C)C(=C2C)C3COCCN3CC=4C=NN(C)N4,0.606,c1ccc(-n2cc(C3COCCN3Cc3cn[nH]n3)cn2)cc1
XS847504a,COC(=O)C1CCCN(C1)S(=O)(=O)C=2C=CC(=CC2)NC(=O)C3CCC3,0.494,O=C(Nc1ccc(S(=O)(=O)N2CCCCC2)cc1)C1CCC1
XS054057d,O=C(C=1C=NN(N1)C=2C=CC=CC2)N3CCCC3C=4C=CC=5OCCOC5C4,1.422,O=C(c1cnn(-c2ccccc2)n1)N1CCCC1c1ccc2c(c1)OCCO2
XS838319b,CC1CN(CCN1C(=O)C=2C=C(F)C(Cl)=C(C2)[N+]([O-])=O)S(C)(=O)=O,0.38,O=C(c1ccccc1)N1CCNCC1
XS446303b,COCCN1C=CC=2C=CC(=CC21)NC(=O)N(C)C(C)C=3SC(C)=NC3C,1.678,O=C(NCc1cncs1)Nc1ccc2cc[nH]c2c1
XS838513b,CC(C)NC(=O)C(=O)NCC1(O)CCN(C1)C(=O)C=2NC=C3CCCCC23,0.666,O=C(c1[nH]cc2c1CCCC2)N1CCCC1
XS663842b,CC1=C(N=NN1C=2C=CC=C(Br)C2)C(=O)N(C)C3CCSC3,0.404,O=C(NC1CCSC1)c1cn(-c2ccccc2)nn1
XS847505a,CC1=NC=2C=C(C=CC2O1)NC(=O)N3CCCC3C=4C=CC=C5OCCOC45,0.386,O=C(Nc1ccc2ocnc2c1)N1CCCC1c1cccc2c1OCCO2
XS847507a,O=C(C=1C=C2CCCCN2C1)N3CCC(C3)NC=4C=CC=C(Br)C4,1.11,O=C(c1cc2n(c1)CCCC2)N1CCC(Nc2ccccc2)C1
PK019081c,CC(C)C1CCCN(C1)C(=O)C=2SC=CC2S(=O)(=O)N3CCCCC3,0.388,O=C(c1sccc1S(=O)(=O)N1CCCCC1)N1CCCCC1
XS550781b,CCCOC=1C=CC(=CC1)C(=O)N(CC2=CC=CO2)C3CCS(=O)(=O)C3,1.292,O=C(c1ccccc1)N(Cc1ccco1)C1CCS(=O)(=O)C1
XS837981b,CC1=NN=NN1C=2C=C(C=CC2F)NC(=O)CC3CSC=4C=CC=CC4O3,0.594,O=C(CC1CSc2ccccc2O1)Nc1cccc(-n2cnnn2)c1
XS839484b,CC(C)S(=O)(=O)NC=1C=CC(=CN1)C(=O)NCC2CCC=3C=CC=CC3C2,0.372,O=C(NCC1CCc2ccccc2C1)c1cccnc1
XS841906b,CC(C=1C=CC=C(C1)N2CCCS2(=O)=O)N(C)C(=O)C=3N=NN4C=CC=CC34,0.928,O=C(NCc1cccc(N2CCCS2(=O)=O)c1)c1nnn2ccccc12
XS847517a,CC=1N=CC=2CC(CCC2N1)C(=O)N3CC=C(CC3)C4=CNC=5C=C(F)C=CC45,7.122,O=C(C1CCc2ncncc2C1)N1CC=C(c2c[nH]c3ccccc23)CC1
XS814952b,CC(NC(=O)C1CCCC1)C(=O)NC=2C=CC=C(C2)S(=O)(=O)N3CCCC3,0.448,O=C(CNC(=O)C1CCCC1)Nc1cccc(S(=O)(=O)N2CCCC2)c1
XS847515a,CCC=1C=CC=C(C1)OCC(O)CN2C(CS(C)(=O)=O)=NC=3C=CC=CC32,0.998,c1ccc(OCCCn2cnc3ccccc32)cc1
XS818641b,CC(NC(=O)COC=1C=CC(=CC1)C(F)(F)F)C=2C=CC(=CC2)N3C=NC=N3,0.552,O=C(COc1ccccc1)NCc1ccc(-n2cncn2)cc1
XS847513a,CC1=CC=CC2=NC(=CN12)C(=O)OC(C)C(=O)NC=3C=CC=C(C3)C(F)(F)F,0.4,O=C(COC(=O)c1cn2ccccc2n1)Nc1ccccc1
XS837601b,O=C(NC=1C=CC=C2C=C(Br)C=NC12)NC3CCCS(=O)(=O)C3,3.138,O=C(Nc1cccc2cccnc12)NC1CCCS(=O)(=O)C1
XS847518a,NC(=O)NC(CC(=O)N1CCC(CCC=2C=CC=CC2)CC1)C=3C=CC=CC3F,1.558,O=C(CCc1ccccc1)N1CCC(CCc2ccccc2)CC1
XS847512a,CC1=NC(=NN1C=2C=CC(F)=CC2)C(=O)OC(C)C(=O)NCC3CCCCC3,0.946,O=C(COC(=O)c1ncn(-c2ccccc2)n1)NCC1CCCCC1
XS842417b,COC=1C=NC=C(C1)N2CCN(CC2)C(=O)C(C)N3C=CC=4C=CC=CC4C3=O,1.112,O=C(Cn1ccc2ccccc2c1=O)N1CCN(c2cccnc2)CC1
HL001490b,CC1=CC=2C(=NC=NC2S1)N3CCN(CC3)C(=O)C4CCC=5C=NN(C)C5C4,2.826,O=C(C1CCc2cn[nH]c2C1)N1CCN(c2ncnc3sccc23)CC1
XS847526a,O=C(C1=CC=C(O1)C2=NC=3C=CC=CC3S2)N4CCN(CC4)C(=O)C5CCCO5,5.554,O=C(c1ccc(-c2nc3ccccc3s2)o1)N1CCN(C(=O)C2CCCO2)CC1
XS847525a,CCOC=1C=CC(=CC1)C(C)NC(=O)C=2C=CC=C(C2)S(=O)(=O)N(C)C(C)C,0.724,O=C(NCc1ccccc1)c1ccccc1
XS847523a,O=C(NCCC1=CNC=2C=C(Cl)C=C(Cl)C12)N3CCCCC3C=4C=NNC4,0.682,O=C(NCCc1c[nH]c2ccccc12)N1CCCCC1c1cn[nH]c1
XS847532a,CCN(CC)C(=O)C(C)NC(=O)C=1C=C(N=C2ON=C(C)C12)C3=CC=C(C)S3,0.322,c1csc(-c2ccc3cnoc3n2)c1
HL000863b,CCC(=O)N1N=C(CC1C=2C=CC=CC2OC)C=3C=CC=C(C3)NS(C)(=O)=O,1.092,c1ccc(C2=NNC(c3ccccc3)C2)cc1
XS847533a,CC1=NN(C(C)=C1CC(=O)NC(C)C=2C=CC=C(F)C2)C=3C=CC(=CN3)C(F)(F)F,0.61,O=C(Cc1cnn(-c2ccccn2)c1)NCc1ccccc1
XS847535a,O=C(C=1C=CC=CC1N2C=CC=N2)N3CCN(CC3)C(=O)C4COC=5C=CC=CC5O4,1.422,O=C(c1ccccc1-n1cccn1)N1CCN(C(=O)C2COc3ccccc3O2)CC1
XS847521a,CCN1C(=O)NC=2C=C(C=CC2C1=O)C(=O)NC(C)C=3C=NN(C3)CC=4C=CC=CC4,1.942,O=C(NCc1cnn(Cc2ccccc2)c1)c1ccc2c(=O)[nH]c(=O)[nH]c2c1
XS847542a,COC=1C=C(C=CC1OC(F)F)C(=O)OCC(=O)N(CC(C)C)C2CCS(=O)(=O)C2,1.752,O=C(COC(=O)c1ccccc1)NC1CCS(=O)(=O)C1
XS847556a,CC(C)N1N=CC=2C(=CC(=NC21)C3CC3)C(=O)N4CCN(CC4)C(=O)C5COC=6C=CC=CC6O5,0.622,O=C(c1cc(C2CC2)nc2[nH]ncc12)N1CCN(C(=O)C2COc3ccccc3O2)CC1
XS847543a,CCOC=1C=C2CC(C)OC2=CC1NC(=O)C=3C=CC(Cl)=C(C3)S(=O)(=O)NC,0.594,O=C(Nc1ccc2c(c1)OCC2)c1ccccc1
XS847551a,CC(C)CN1CC(CC1=O)C(=O)N2CCN(CC2)C(=O)C=3C=CC=C(C3)C(F)(F)F,1.68,O=C1CC(C(=O)N2CCN(C(=O)c3ccccc3)CC2)CN1
XS847557a,O=C(NCC1CC1)C2CCCN(C2)C(=O)C3CCN(CC3)C(=O)C=4C=CC(Cl)=CC4,0.776,O=C(NCC1CC1)C1CCCN(C(=O)C2CCN(C(=O)c3ccccc3)CC2)C1
XS847547a,CCN1C=NC2=C1C(=O)N(CC(=O)NC(C)C3=CC=CS3)C(=O)N2CC=4C=CC=CC4,1.76,O=C(Cn1c(=O)c2[nH]cnc2n(Cc2ccccc2)c1=O)NCc1cccs1
XS847550a,CC(=O)NC(CC1=CNC=2C=CC=CC12)C(=O)N3CCC(CC3)C4=NC=5C=CC=CC5O4,0.546,O=C(CCc1c[nH]c2ccccc12)N1CCC(c2nc3ccccc3o2)CC1
XS842482b,CC1=NC=2C=CC(=CC2O1)S(=O)(=O)N3CCCC(C3)C4=NC=5C=CC=CC5N4C(C)C,0.468,O=S(=O)(c1ccc2ncoc2c1)N1CCCC(c2nc3ccccc3[nH]2)C1
XS847540a,CC=1C=C(Br)C=CC1NCC(=O)N(C=2C=CC=CC2)C3CCS(=O)(=O)C3,0.58,O=C(CNc1ccccc1)N(c1ccccc1)C1CCS(=O)(=O)C1
XS847552a,CC=1C=CC(=C(C)C1)S(=O)(=O)N2CCN(CC2)C(C)C3=NC=4C=CC=CC4C(=O)N3,1.342,O=c1[nH]c(CN2CCN(S(=O)(=O)c3ccccc3)CC2)nc2ccccc12
XS811870b,CC(NC(=O)C=1C=CC=C(C1)S(=O)(=O)N2CCOCC2)C=3C=CC(Cl)=CC3Cl,0.46,O=C(NCc1ccccc1)c1cccc(S(=O)(=O)N2CCOCC2)c1
XS837525b,CC(NC(=O)N1CC(=O)N(C)C1)C(F)(F)F,0.52,O=C1CNCN1
XS847571a,O=C(C=1C=CC=CC1)N2CCCC(O)C2,9.686,O=C(c1ccccc1)N1CCCCC1
XS847561a,CC(NC=1C=CC=2CCCC2C1)C(=O)NC(N)=O,1.054,c1ccc2c(c1)CCC2
XS842367b,CC(=C(F)C1=NC(=NO1)C(C)N2C=CN=C2)C3CC3,0.654,C(=CC1CC1)c1nc(Cn2ccnc2)no1
XS589104b,CN1N=NC=C1C(=O)NC(C=2C=CC=CC2)C3CCC3,1.612,O=C(NC(c1ccccc1)C1CCC1)c1cnn[nH]1
XS847581a,COC=1C=CC=C(C1)C(=O)N2CCCCC2CCO,0.42,O=C(c1ccccc1)N1CCCCC1
XS842485b,COCC(C)OC(=O)C1=CNN=C1C=2C=CC=CC2,0.454,c1ccc(-c2cc[nH]n2)cc1
XS847576a,CNC(=O)NC(=O)C(C)SC=1C=CC(F)=CC1,0.444,c1ccccc1
XS836988b,CC=1C=CC=C(C1)C(C)N2C=CN3C(=O)C=CN=C23,0.722,O=c1ccnc2n(Cc3ccccc3)ccn12
XS847575a,COC=1C=CC=C(C1)C2NC3(CCCC3)C(=O)N2C,0.42,O=C1NC(c2ccccc2)NC12CCCC2
XS847588a,CN1C=NC=C1C(=O)N2CCCC2C=3C=CC=C(F)C3,0.694,O=C(c1cnc[nH]1)N1CCCC1c1ccccc1
XS847591a,CCCC(C)NC(=O)C=1C=CC(=CC1)N2CCCC2=O,0.336,O=C1CCCN1c1ccccc1
XS839679b,CC=1C=CC=C(C1)OCC(C)NC(=O)C2=CCCCO2,0.376,O=C(NCCOc1ccccc1)C1=CCCCO1
XS837206b,CC1=CC(=CNC1=O)NC(=O)C2CCC=3C=CC=CC3C2,0.862,O=C(Nc1ccc(=O)[nH]c1)C1CCc2ccccc2C1
XS841735b,COC1=NN(C)C=C1C(=O)NC(C)C2=NN=C(C)S2,0.576,O=C(NCc1nncs1)c1cn[nH]c1
XS847584a,CC1C=2C=CSC2CCN1C(=O)C=3CCC(=O)NN3,1.188,O=C1CCC(C(=O)N2CCc3sccc3C2)=NN1
XS847592a,O=C(NCC1CC1)NC(C2=CC=CS2)C=3C=CC=CC3,0.482,O=C(NCC1CC1)NC(c1ccccc1)c1cccs1
XS838254b,FC=1C=CC=C2SC(=NC12)NC3CCC=4C=CC=NC43,0.388,c1cnc2c(c1)CCC2Nc1nc2ccccc2s1
XS847595a,CC1=C(C=C(C#N)N1C)C2NC(=O)C=3C=CC=CC3N2C,3.234,O=C1NC(c2cc[nH]c2)Nc2ccccc21
XS708141b,O=C(CC=1C=CC=C(F)C1)N2CCCC(C2)N3C=NC=N3,0.894,O=C(Cc1ccccc1)N1CCCC(n2cncn2)C1
XS783437b,CC(=O)NC1=CNN=C1C2CCCN(C2)C(=O)C3(C)CC3,0.638,O=C(C1CC1)N1CCCC(c2cc[nH]n2)C1
XS468976b,CNC=1N=C(C)C=C(N1)C(=O)N2CCC(C2)C=3C=CC=CC3,0.702,O=C(c1ccncn1)N1CCC(c2ccccc2)C1
XS546431b,NC(=O)C1(O)CCCN(C1)C=2N=CC=C(N2)C(F)(F)F,0.882,c1cnc(N2CCCCC2)nc1
XS842434b,COC=1C=CC=CC1C(C)NC=2C=NC=C(N2)N3C=NC=N3,0.826,c1ccc(CNc2cncc(-n3cncn3)n2)cc1
XS837796b,COC(=O)C=1N=CC(=CC1F)COC(=O)C(C)(O)C(C)C,0.574,c1ccncc1
XS406810b,O=C1CCCC(CC2=NC(CC=3C=CC=CC3Cl)=NO2)N1,0.552,O=C1CCCC(Cc2nc(Cc3ccccc3)no2)N1
XS792002b,CCC1=NC(=CS1)CC(=O)N2CCCC(C2)N3C=CC=N3,0.484,O=C(Cc1cscn1)N1CCCC(n2cccn2)C1
XS847619a,CC1=CC=C(C(=O)NC(C)CC=2C=CC(Cl)=CC2)C(=O)N1,0.46,O=C(NCCc1ccccc1)c1ccc[nH]c1=O
XS839703b,C=1N=CN(CC(NC2=NC=3C=CC=CC3O2)C=4C=CC=CC4)N1,0.592,c1ccc(C(Cn2cncn2)Nc2nc3ccccc3o2)cc1
XS847616a,CC1=CC(CN(C)C(=O)C2CC(=O)N(C2)C3CCCC3)=NO1,0.98,O=C(NCc1ccon1)C1CC(=O)N(C2CCCC2)C1
XS838687b,CCOC=1C=C(F)C=C(C1)C(C)NC2=NC=NN3C=CN=C23,1.096,c1ccc(CNc2ncnn3ccnc23)cc1
XS847621a,CC(NC(=O)C=1C=NC=C(Br)C1)C2=CC=CS2,0.954,O=C(NCc1cccs1)c1cccnc1
XS847622a,CC(C)OC=1C=CC(=CC1)NC(=O)NC2CCS(=O)(=O)C2,0.37,O=C(Nc1ccccc1)NC1CCS(=O)(=O)C1
XS847623a,CC(C(=O)N1CCC=2C=CC=CC21)N3CCCC=4C=CC=CC43,7.248,O=C(CN1CCCc2ccccc21)N1CCc2ccccc21
XS839592b,CC=1C(Br)=CN=CC1C2NC(=O)CN2CC(C)C,1.624,O=C1CNC(c2cccnc2)N1
XS837745b,CC=1C(=CN=C2NC=CC12)NC(=O)C3=CC=C4C(C)NCCN34,11.248,O=C(Nc1cnc2[nH]ccc2c1)c1ccc2n1CCNC2
XS839593b,COC=1C=CC(=NC1C)C2NC(C)(C)C(=O)N2C=3C=CC=CC3,2.166,O=C1CNC(c2ccccn2)N1c1ccccc1
XS847624a,CCOC=1C=CC(=CN1)C(=O)NC2CCCC=3NC(=O)C=CC32,1.318,O=C(NC1CCCc2[nH]c(=O)ccc21)c1cccnc1
XS184148c,CC=1C=CC2=C(C1)CCCN2C(=O)C3COC=4C=CC=CC4O3,0.738,O=C(C1COc2ccccc2O1)N1CCCc2ccccc21
XS527772b,O=C(O)C1=COC(=C1)C(=O)N2CCCC2CCC=3C=CC=CC3,0.52,O=C(c1ccco1)N1CCCC1CCc1ccccc1
XS711427b,CN1N=CC2=C1CCCC2NC(=O)C=3C=C(Cl)C=CC3F,2.064,O=C(NC1CCCc2[nH]ncc21)c1ccccc1
XS847636a,COC=1C=CC=C2CC(COC12)NC(=O)C34CC(C3)(C4)C(=O)O,3.682,O=C(NC1COc2ccccc2C1)C12CC(C1)C2
XS847640a,COCCN1C=C(C=N1)NC(=O)NC2CCCC=3C=CC=CC32,0.572,O=C(Nc1cn[nH]c1)NC1CCCc2ccccc21
XS847632a,CC(SC=1N=CC=CN1)C(=O)NC=2C=CC=3OCCOC3C2,2.632,O=C(CSc1ncccn1)Nc1ccc2c(c1)OCCO2
XS847626a,CC1=CC(C(=O)N2CCCC2C=3C=NN(C)C3)=C(C)N1C(C)C,0.518,O=C(c1cc[nH]c1)N1CCCC1c1cn[nH]c1
XS175609e,CN1C(=O)C=2C=CC(=NC2N(C)C1=O)C(=O)NCC3CCCO3,2.738,O=C(NCC1CCCO1)c1ccc2c(=O)[nH]c(=O)[nH]c2n1
XS840500b,CC(NC(N)=O)C(=O)NNC(=O)C1=CC(=NN1)C=2C=CC=CC2,5.794,c1ccc(-c2cc[nH]n2)cc1
XS847642a,CCC(=O)NC=1C=CC(=CC1)NC(C)C(=O)NC2=CC(C)=NO2,1.462,O=C(CNc1ccccc1)Nc1ccno1
XS847630a,CC=1OC(C)=C(C(=O)N(C)CC2COC=3C=CC=CC3O2)C1C,0.42,O=C(NCC1COc2ccccc2O1)c1ccoc1
XS847639a,CNC=1SN=C(C)C1C(=O)NCC(C)N(C)C=2C=CC=CC2,0.516,O=C(NCCNc1ccccc1)c1cnsc1
XS837150b,O=C1NC(NC=2C=CC=CC12)C=3C=CC(=CC3)OC=4C=NC=CN4,2.146,O=C1NC(c2ccc(Oc3cnccn3)cc2)Nc2ccccc21
XS397860b,CC1=CN=C(NC(=O)CCC2CC=3C=CC=CC3NC2=O)S1,0.476,O=C(CCC1Cc2ccccc2NC1=O)Nc1nccs1
XS688775b,COC=1C=CC=CC1C(NC(=O)C2=CC=C(C)O2)C3=NC=CN3C,7.678,O=C(NC(c1ccccc1)c1ncc[nH]1)c1ccco1
XS847643a,O=S(=O)(C=1C=CC=C(F)C1F)N2CCCC2C=3C=CC=CN3,0.352,O=S(=O)(c1ccccc1)N1CCCC1c1ccccn1
XS847645a,O=C1C(CCN1C=2C=CC=CC2F)NC=3C=CC4=NC=CN=C4N3,8.94,O=C1C(Nc2ccc3nccnc3n2)CCN1c1ccccc1
XS847650a,N#CC=1C=CC=C(C1)NC2CCN(C2)C(=O)C=3C=C4CCCN4N3,0.736,O=C(c1cc2n(n1)CCC2)N1CCC(Nc2ccccc2)C1
XS841274b,OCC1CC=2C=CC=CC2N(CC3=CNN=C3C=4C=CSC4)C1,0.402,c1ccc2c(c1)CCCN2Cc1c[nH]nc1-c1ccsc1
XS847644a,COC(=O)CC1C(=O)NCCN1CCOC=2C=CC=CC2Cl,0.438,O=C1CN(CCOc2ccccc2)CCN1
XS815250b,NC(=O)NC(CC(=O)N1CCCCCC1)C=2C=CC=CC2Cl,1.234,O=C(CCc1ccccc1)N1CCCCCC1
XS726219b,O=C(O)C=1C=CC(=NC1)C(=O)N2CCCC2CCC=3C=CC=CC3,0.458,O=C(c1ccccn1)N1CCCC1CCc1ccccc1
XS847653a,CC=1C=CC=C(C1)C2=NOC(CN(C)C3CCS(=O)(=O)C3)=N2,0.636,O=S1(=O)CCC(NCc2nc(-c3ccccc3)no2)C1
XS583781b,O=S(CC=1C=CC=C(Cl)C1)CC=2C=CC=C3OCCOC23,0.512,O=S(Cc1ccccc1)Cc1cccc2c1OCCO2
XS847652a,CCCOC=1C=CC=C(C1)NCC(=O)NC2CCS(=O)(=O)C2,0.476,O=C(CNc1ccccc1)NC1CCS(=O)(=O)C1
XS837662b,CS(=O)(=O)C=1C=NC(NCC2CSCCN2)=C(Cl)C1,13.62,c1ccc(NCC2CSCCN2)nc1
XS847656a,CC=1C=C(CS(=O)(=O)NC(C)C=2C=CC3=CC=CC=C3C2)ON1,0.648,O=S(=O)(Cc1ccno1)NCc1ccc2ccccc2c1
XS836938b,CS(=O)(=NC(=O)C=1N=CN=CC1Cl)C=2C=C(F)C=CC2F,5.638,O=C(N=[SH](=O)c1ccccc1)c1ccncn1
XS847657a,O=C(NC=1C=CN(N1)C=2N=CC=CC2F)N3CCCC3C4CCC4,1.124,O=C(Nc1ccn(-c2ccccn2)n1)N1CCCC1C1CCC1
XS837630b,CN(C=1C=NN(C)C1)S(=O)(=O)CC2CCC3(CCCCC3)O2,0.65,O=S(=O)(CC1CCC2(CCCCC2)O1)Nc1cn[nH]c1
DR002394c,CC1=CC=C(CCNC(=O)C=2C=CC=C3NC(=O)C(C)NC23)S1,1.118,O=C1CNc2c(cccc2C(=O)NCCc2cccs2)N1
XS538341b,COCC1(CCCN1C(=O)CC=2C=CC=C(Cl)C2F)C(N)=O,0.568,O=C(Cc1ccccc1)N1CCCC1
XS839336b,FC=1C=C2OCCC2=CC1CNC=3C=CC(=NC3)OC4CCOC4,1.332,c1cc2c(cc1CNc1ccc(OC3CCOC3)nc1)CCO2
XS839129b,O=C(O)C1CC(=O)N(C1)C=2C=CC(=CC2)C=3C=CC=CC3C(F)F,1.15,O=C1CCCN1c1ccc(-c2ccccc2)cc1
XS838341b,O=C1C(=CNC2=NC=NN12)C3=NOC(=N3)C4CCOC=5C=CC=CC54,0.534,O=c1c(-c2noc(C3CCOc4ccccc43)n2)c[nH]c2ncnn12
XS670957b,CC1=CSC(=N1)C2CCCCN2C(=O)CCCC3=NC(C)=NO3,0.418,O=C(CCCc1ncno1)N1CCCCC1c1nccs1
XS595062b,CNS(=O)(=O)C1=CC(=CO1)C(=O)NC2CCC=3C(C)=CC=CC32,0.57,O=C(NC1CCc2ccccc21)c1ccoc1
XS129691c,CC=1C=CC=C(C1)N2CCN(CC2C)C(=O)C3=CN4C=CC=CC4=N3,0.438,O=C(c1cn2ccccc2n1)N1CCN(c2ccccc2)CC1
XS838222b,O=C(O)C1CSCCN(C1)C(=O)C=2C=CC=3CCCCC3C2O,0.802,O=C(c1ccc2c(c1)CCCC2)N1CCCSCC1
XS841388b,O=S(=O)(CCN1C=NN=N1)N2CC3CCCN3C=4C=CC=CC42,2.532,O=S(=O)(CCn1cnnn1)N1CC2CCCN2c2ccccc21
XS836495b,N#CC1(CS(=O)(=O)N2CCCN3C=4C=CC=CC4CC3C2)CC1,0.602,O=S(=O)(CC1CC1)N1CCCN2c3ccccc3CC2C1
XS847679a,CN1N=CC=2C(=O)N(C=NC21)CCC(=O)NC3CCC=4C=CC=CC43,0.822,O=C(CCn1cnc2[nH]ncc2c1=O)NC1CCc2ccccc21
XS847682a,CC(C)NC(=O)NC=1C=CC=C(C1)C(=O)N2CCC2C=3C=CC=CC3,1.012,O=C(c1ccccc1)N1CCC1c1ccccc1
XS839449b,O=C(NC1=CNN=C1C2CC2)C=3C=NN4C3NCCC4C(F)(F)F,1.432,O=C(Nc1c[nH]nc1C1CC1)c1cnn2c1NCCC2
XS678754b,COC1=C(C(C)=NN1C)C2CCCN2C(=O)C3=CC=4C=CC=CC4O3,0.438,O=C(c1cc2ccccc2o1)N1CCCC1c1cn[nH]c1
XS847680a,CC(C)C(NC=1N=CN=C2C1C=NN2C)C=3C=CC=4OCCOC4C3,1.032,c1nc(NCc2ccc3c(c2)OCCO3)c2cn[nH]c2n1
XS847674a,CC=1C=NN(C1)C2CCCN(C2)C(=O)C=3C=C(C)N=C4NN=C(C)C34,0.666,O=C(c1ccnc2[nH]ncc12)N1CCCC(n2cccn2)C1
XS478423b,CC(C)(C)CC1CCCN1C(=O)CCC2=NC(=NO2)C=3C=CC=NC3,0.556,O=C(CCc1nc(-c2cccnc2)no1)N1CCCC1
XS816039b,CCOC=1C=CC=CC1NC(=O)CC(NC(C)=O)C=2C=CC(C)=CC2,0.896,O=C(CCc1ccccc1)Nc1ccccc1
XS823759b,O=C(NC1CCS(=O)(=O)C=2C=CC=CC21)C3=CN4C=CC=CC4=N3,0.646,O=C(NC1CCS(=O)(=O)c2ccccc21)c1cn2ccccc2n1
XS816495b,CC1=NC(=NO1)C=2C=CC(=CC2)OCC(=O)N(C(C)C3CC3)C4CC4,0.42,O=C(COc1ccc(-c2ncon2)cc1)N(CC1CC1)C1CC1
XS836827b,CC(=O)N1CCC(NC=2C=CC=C(F)C2C#N)C=3C=CC(F)=CC3C1,0.304,c1ccc(NC2CCNCc3ccccc32)cc1
XS847692a,O=C(NC1=NC(=CS1)C=2C=CC=CN2)C3CC(=O)N(CC4CC4)C3,5.29,O=C(Nc1nc(-c2ccccn2)cs1)C1CC(=O)N(CC2CC2)C1
XS840624b,CC=1C=CC=C(NC(=O)C2CSCN2C(=O)C=3C=NSN3)C1C,0.678,O=C(Nc1ccccc1)C1CSCN1C(=O)c1cnsn1
XS665723b,CNS(=O)(=O)C1=CC(=CO1)C(=O)N2CCC(C2)C=3C=CC=CC3C,0.444,O=C(c1ccoc1)N1CCC(c2ccccc2)C1
XS847697a,CC=1C=C(N(C)N1)N2CCC(NC(=O)C3=CN=C(S3)C(C)C)C2=O,1.66,O=C(NC1CCN(c2ccn[nH]2)C1=O)c1cncs1
XS847703a,CC(NC(=O)C=1N=C(N=CC1Cl)N2CCCCC2)C=3C=CN=CC3,0.438,O=C(NCc1ccncc1)c1ccnc(N2CCCCC2)n1
XS847705a,CCCC(=O)N1CCCCC1C(=O)NCC=2C=CC(=NC2)OC(C)C,2.096,O=C(NCc1cccnc1)C1CCCCN1
XS837161b,CC(CCS(C)(=O)=O)NC(=O)NCCC=1C=CC=C2C=CC=CC12,0.476,c1ccc2ccccc2c1
XS847711a,CC(C)CN1CC(CC1=O)C(=O)NCCC=2C=CC(=CC2)OC(F)F,0.944,O=C1CC(C(=O)NCCc2ccccc2)CN1
XS847713a,COC=1C=CC(=CC1F)C(C)NC(=O)CCOC=2C=CC=C(Cl)C2,0.836,O=C(CCOc1ccccc1)NCc1ccccc1
XS847719a,COC=1C=CC=NC1NC(=O)C2CC(=O)N(C2)C=3C=CC=4CCCC4C3,3.212,O=C(Nc1ccccn1)C1CC(=O)N(c2ccc3c(c2)CCC3)C1
XS847710a,CC(OC(=O)C=1C=C(O)N=C2C=CC=CC12)C(=O)N(C)C=3C=CC=CC3,0.406,O=C(COC(=O)c1ccnc2ccccc12)Nc1ccccc1
XS827461b,NC(=O)C1CN(C(=O)C2=CC=C(Br)O2)C=3C=CC=CC3O1,0.518,O=C(c1ccco1)N1CCOc2ccccc21
XS839084b,COCC=1C=CC(=CC1)C2SCCN2C(=O)C=3C=CC4=NC=NN4C3,3.24,O=C(c1ccc2ncnn2c1)N1CCSC1c1ccccc1
XS742246b,O=C(NC=1C=CC(=CN1)N2CCOCC2)NC3CCCC=4C=CC=CC43,0.78,O=C(Nc1ccc(N2CCOCC2)cn1)NC1CCCc2ccccc21
XS847708a,CC(C)N1N=CC=2C=C(C=NC21)CN3CCNC(=O)C3C=4C=CC=CC4,2.18,O=C1NCCN(Cc2cnc3[nH]ncc3c2)C1c1ccccc1
XS847716a,CC=1C=C(ON1)C2CCCN2C(=O)CCC3=NC(=NO3)C=4C=CN=CC4,1.414,O=C(CCc1nc(-c2ccncc2)no1)N1CCCC1c1ccno1
XS820454b,CC=1C=CC=2N=CN(CC(=O)NC(C=3C=CC=CC3)C(C)C)C(=O)C2C1,2.476,O=C(Cn1cnc2ccccc2c1=O)NCc1ccccc1
XS619153b,COC1CCCCN(CC(=O)NC2=CN(C)N=C2C=3C=CC=CC3)C1=O,1.33,O=C(CN1CCCCCC1=O)Nc1c[nH]nc1-c1ccccc1
XS847722a,O=C(COC(=O)C1CCC1)N2N=C(CC2C3=CC=CO3)C4=CC=CS4,1.556,O=C(OCC(=O)N1N=C(c2cccs2)CC1c1ccco1)C1CCC1
XS847720a,CCC=1C=C(SC1C)C(=O)NC2CCCN(C3=CC(C)=NN3C)C2=O,2.588,O=C(NC1CCCN(c2ccn[nH]2)C1=O)c1cccs1
XS838722b,CN1C=C2C(CCCC2NC(=O)C=3C=NC=4CS(=O)(=O)CCC4C3)=N1,1.772,O=C(NC1CCCc2n[nH]cc21)c1cnc2c(c1)CCS(=O)(=O)C2
XS839145c,CC(C)C(O)(C(=O)N(C)CC1=CN=C2C=CC(Cl)=CN12)C(F)(F)F,11.838,c1ccn2ccnc2c1
XS797768b,CC(OC(=O)CN1C=NC=2C=CC=CC2C1=O)C(=O)NCC=3C=CC=CC3,0.63,O=C(COC(=O)Cn1cnc2ccccc2c1=O)NCc1ccccc1
XS624203b,O=C(C1CCN(C1=O)C=2C=CC(F)=CC2)N3CC(C3)C=4C=C(CO)ON4,1.46,O=C(C1CCN(c2ccccc2)C1=O)N1CC(c2ccon2)C1
XS847726a,CN1N=CC=2C(=O)NC(=NC21)N3CCN(CC3)C(=O)C4CC=5C=CC=CC54,0.942,O=C(C1Cc2ccccc21)N1CCN(c2nc3[nH]ncc3c(=O)[nH]2)CC1
XS847727a,CS(=O)(=O)NC=1C=CC=CC1NC(=O)C2CC=3C=C(Cl)C=CC3O2,0.844,O=C(Nc1ccccc1)C1Cc2ccccc2O1
XS676696b,CC=1C=CC(=CC1)S(=O)(=O)N2CCCCC2C(=O)NCC3=CC=CO3,0.556,O=C(NCc1ccco1)C1CCCCN1S(=O)(=O)c1ccccc1
XS847723a,CN1C=C2C(CCCC2C(=O)N3CCCN(CC3)C=4C=CC=CC4C#N)=N1,0.406,O=C(C1CCCc2n[nH]cc21)N1CCCN(c2ccccc2)CC1
XS481099b,O=C(NCC1=CC=2C=CC=CC2N1)C3CC(=O)N(C3)C=4C=CC(F)=CC4F,3.644,O=C(NCc1cc2ccccc2[nH]1)C1CC(=O)N(c2ccccc2)C1
XS841687b,COC=1C=CC(=CC1)N2CCCC(NC=3C=CC=C4OCCCOC34)C2=O,14.204,O=C1C(Nc2cccc3c2OCCCO3)CCCN1c1ccccc1
XS691325b,CN(CC1COC=2C=CC=CC2O1)C(=O)CCNC(=O)NC=3C=CC=CC3,0.402,O=C(CCNC(=O)Nc1ccccc1)NCC1COc2ccccc2O1
XS847737a,CC=1C=CC=C(C1C)N2CC(CC2=O)C(=O)NC=3C=CC(=NC3)N4C=CN=C4,2.01,O=C(Nc1ccc(-n2ccnc2)nc1)C1CC(=O)N(c2ccccc2)C1
XS842077b,O=S(=O)(NC1CCOC=2C=CC=CC21)C=3C=CC=CC3CN4C=NC=N4,1.288,O=S(=O)(NC1CCOc2ccccc21)c1ccccc1Cn1cncn1
XS837064b,NS(=O)(=O)C1CCCN(C1)S(=O)(=O)C=2C=C(F)C=C(C2)[N+]([O-])=O,1.02,O=S(=O)(c1ccccc1)N1CCCCC1
XS847744a,COC(=O)C=1C=CC(C)=C(C1)NC(=O)C2CCCN(C2)C(=O)C3=CC=CS3,1.32,O=C(Nc1ccccc1)C1CCCN(C(=O)c2cccs2)C1
XS847745a,CC1=NN2C(C)=CC(=NC2=C1C=3C=CC=CC3)C(=O)N(C)C4CCN(C)C4=O,0.646,O=C(NC1CCNC1=O)c1ccn2ncc(-c3ccccc3)c2n1
XS840241b,CC1CN(CC(C)(C)O1)C(=O)C=2C=C(C3=CC=CO3)N4C=NC(C(N)=O)=C4N2,1.028,O=C(c1cc(-c2ccco2)n2cncc2n1)N1CCOCC1
XS840101b,O=C(C1CC1)N2CCN(CCC32CCOCC3)C(=O)C4CCC=5C=CC=NC54,1.36,O=C(C1CCc2cccnc21)N1CCN(C(=O)C2CC2)C2(CCOCC2)CC1
XS840152b,CC=1C=CC(CNC=2N=CN=C(C2N)N3C=CC=N3)=C(C1)OCC4CCCO4,3.402,c1ccc(OCC2CCCO2)c(CNc2cc(-n3cccn3)ncn2)c1
XS841005b,CNC(=O)C1CN(C(=O)C=2C=NC=3ON=C(C3C2)C(C)C)C=4C=CC=CC4O1,2.902,O=C(c1cnc2oncc2c1)N1CCOc2ccccc21
XS837160b,CC1=NN(C)C(C)=C1C(C)C(=O)NC2=NC(=CS2)C=3C=CC=4COCC4C3,2.812,O=C(Cc1cn[nH]c1)Nc1nc(-c2ccc3c(c2)COC3)cs1
XS847749a,CCOC=1C=CC(=CC1)C2CCCN2C(=O)CC3=C(C)NC=4C=CC(C)=CC34,0.59,O=C(Cc1c[nH]c2ccccc12)N1CCCC1c1ccccc1
XS847740a,COC=1C=C(C=CC1Br)NC(=O)N2CCCC2C3=NN=CN3C,0.69,O=C(Nc1ccccc1)N1CCCC1c1nnc[nH]1
XS847751a,CCOC=1C=CC=C2C=C(OC12)C(C)NC(=O)C=3C=CC=C(C3)S(C)(=O)=O,2.882,O=C(NCc1cc2ccccc2o1)c1ccccc1
XS847758a,CCN(C(=O)C=1SC=2N=C(N=C(C)C2C1C)C3CC3)C4CCS(=O)(=O)C4,2.164,O=C(NC1CCS(=O)(=O)C1)c1cc2cnc(C3CC3)nc2s1
XS847753a,CC=1C=C(C)N2N=C(N=C2N1)SC(C)C(=O)N3CCN(CC3)C=4C=CC=CC4,1.108,O=C(CSc1nc2ncccn2n1)N1CCN(c2ccccc2)CC1
XS847752a,COC=1C=CC(=CC1)C2=NN=C(O2)C(C)N3CCN(CC3)C=4C=CC(=CC4)OC,0.996,c1ccc(-c2nnc(CN3CCN(c4ccccc4)CC3)o2)cc1
XS836732b,CC(OC=1C=CC=NC1[N+]([O-])=O)C(=O)NC=2C=CC=C(C2)S(=O)(=O)N(C)C,2.458,O=C(COc1cccnc1)Nc1ccccc1
XS847759a,CN(CC1=NC=2C=CC=CC2C(=O)N1)C(=O)C3CCCN3C(=O)C4=CC=CS4,2.298,O=C(NCc1nc2ccccc2c(=O)[nH]1)C1CCCN1C(=O)c1cccs1
XS812743b,CC=1C=C(NC(=O)C=2C=CC=C(Br)C2)N(N1)C3CCS(=O)(=O)C3,0.45,O=C(Nc1ccnn1C1CCS(=O)(=O)C1)c1ccccc1
XS840149b,CN(C(=O)C1CCN(C1)S(=O)(=O)C2=CC=CC3=NN(C)N=C23)C=4C=CC=CC4,1.38,O=C(Nc1ccccc1)C1CCN(S(=O)(=O)c2cccc3n[nH]nc23)C1
XS839685b,COCC(=O)N1N=C(CC1C=2C=NC3=CC=CC=C3N2)C=4C=CC=5OCOC5C4,10.98,c1ccc2nc(C3CC(c4ccc5c(c4)OCO5)=NN3)cnc2c1
XS837802b,O=C(O)C=1C=CC(NC(=O)C=2C=CC=C(C2)C3CCOC3)=C(C1)OCC(F)F,0.758,O=C(Nc1ccccc1)c1cccc(C2CCOC2)c1
XS837580b,O=C(NCC1=NN=C(N1)C=2C=CN=CC2)N3CC4(CCCC4)C3C=5C=CC=CC5,0.648,O=C(NCc1nnc(-c2ccncc2)[nH]1)N1CC2(CCCC2)C1c1ccccc1
XS836957b,O=S(=O)(CC1CCOC1)N2CCC(CC2)C3=NC(=CS3)C=4C=CC=CC4,0.81,O=S(=O)(CC1CCOC1)N1CCC(c2nc(-c3ccccc3)cs2)CC1
XS847771a,CN(C(=O)COC(=O)C=1C=CC=CC1NCC2=CC=CO2)C3CCS(=O)(=O)C3,0.78,O=C(COC(=O)c1ccccc1NCc1ccco1)NC1CCS(=O)(=O)C1
XS847769a,CNC(=O)CCCN(C)C(=O)C(CC=1C=CC=CC1)NC(=O)C=2C=CC(Cl)=CC2,0.796,O=C(NCCc1ccccc1)c1ccccc1
XS847767a,O=C(CCC1=CNC=2C=CC=CC12)N3CC(OC=4C=CC=CC43)C(=O)N5CCCCC5,2.546,O=C(C1CN(C(=O)CCc2c[nH]c3ccccc23)c2ccccc2O1)N1CCCCC1
XS847783a,CC1=NN(C(C)=C1CN(C)C(=O)CC2SC=3C=CC=CC3NC2=O)C=4C=CC=CC4,2.628,O=C(CC1Sc2ccccc2NC1=O)NCc1cnn(-c2ccccc2)c1
XS805803b,O=C(CCNC(=O)C=1C=CC(Cl)=CC1)N2CCCC2C3=NC=4C=CC=CC4S3,1.026,O=C(NCCC(=O)N1CCCC1c1nc2ccccc2s1)c1ccccc1
XS847782a,CCOC=1C=CC=CC1C=2CC(C=3C=CC4=NC=CN=C4C3)N(N2)C(=O)CCC(=O)O,3.414,c1ccc(C2=NNC(c3ccc4nccnc4c3)C2)cc1
XS847775a,CC(OC(=O)C1=CN(N=C1C2=CC=CS2)C=3C=CC=CC3)C(=O)N4CCOCC4,1.512,O=C(OCC(=O)N1CCOCC1)c1cn(-c2ccccc2)nc1-c1cccs1
XS847784a,CCN(CC=1C=CC(OC)=C(C1)OC)C(=O)C=2C=CC(=CC2)OCC3CCCO3,2.044,O=C(NCc1ccccc1)c1ccc(OCC2CCCO2)cc1
XS684526b,CN(CC=1C=CC(O)=CC1)C(=O)CC2SC=3C=CC(=CC3NC2=O)C(F)(F)F,0.616,O=C(CC1Sc2ccccc2NC1=O)NCc1ccccc1
XS847779a,CCCC=1C=CC(=CC1)N2CC(CC2=O)C(=O)NC=3C=CC(=CC3)S(N)(=O)=O,3.366,O=C(Nc1ccccc1)C1CC(=O)N(c2ccccc2)C1
XS847770a,CN(C(=O)C=1C=C2C=CC=CN2C1)C3CCCN(CC3)C(=O)C=4C=C5C=CC=CN5C4,0.46,O=C(NC1CCCN(C(=O)c2cc3ccccn3c2)CC1)c1cc2ccccn2c1
XS702357b,CCN(CC1=NC=2C=CC=CC2C(=O)N1)C(=O)C3CC(=O)N(C3)C=4C=CC(C)=CC4,4.114,O=C(NCc1nc2ccccc2c(=O)[nH]1)C1CC(=O)N(c2ccccc2)C1
XS825622b,CNC(=O)C(NC(=O)C=1SC(COC=2C=CC(Cl)=CC2)=NC1C)C=3C=CC=CC3,0.826,O=C(NCc1ccccc1)c1cnc(COc2ccccc2)s1
XS162182b,COC=1C=CC(=CC1Cl)NC(=O)C(C=2C=CC=CC2)N3CCN(CC3)C=4N=CC=CN4,1.48,O=C(Nc1ccccc1)C(c1ccccc1)N1CCN(c2ncccn2)CC1
XS847790a,O=C(C=1C=CC(F)=CC1)N2CCCC(C2)C(=O)N3CC=C(CC3)C4=CNC=5C=CC=CC45,0.866,O=C(c1ccccc1)N1CCCC(C(=O)N2CC=C(c3c[nH]c4ccccc34)CC2)C1
XS836724b,CN1N=CC=2C(=O)N(C=NC21)CC(=O)NCC(C3=CNC=4C=CC=CC34)C=5C=CC=CC5,2.722,O=C(Cn1cnc2[nH]ncc2c1=O)NCC(c1ccccc1)c1c[nH]c2ccccc12
XS847792a,CCN(C(=O)C=1C=C(C2=CC=CO2)N(N1)C=3C=CC(Cl)=CC3)C4CCS(=O)(=O)C4,0.46,O=C(NC1CCS(=O)(=O)C1)c1cc(-c2ccco2)n(-c2ccccc2)n1
XS847794a,CC1=CC=CC(C)=C1N2CC(CC2=O)C3=NC=4C=CC=CC4N3CC(=O)N5CCC(C)CC5,2.504,O=C(Cn1c(C2CC(=O)N(c3ccccc3)C2)nc2ccccc21)N1CCCCC1
XS847797a,O=C(C1=CC=CO1)N2CCN(CC2)C(=O)C3CCCN3C4=NS(=O)(=O)C=5C=CC=CC45,1.758,O=C(c1ccco1)N1CCN(C(=O)C2CCCN2C2=NS(=O)(=O)c3ccccc32)CC1
XS847798a,CCCN1C(=O)C=2C=CC=CC2NC1C=3C=CC(OCC4=CSC(C)=N4)=C(C3)OC,3.314,O=C1NC(c2ccc(OCc3cscn3)cc2)Nc2ccccc21
XS836676b,COC(=O)C=1C=CC=C2C1CCCN2C(=O)N3CCCC(C3)C(=O)NCC(F)(F)F,0.438,O=C(N1CCCCC1)N1CCCc2ccccc21
XS847808a,CC=1N=NC(=C(C#N)C1C)N2CCCC(CO)C2,0.48,c1cnnc(N2CCCCC2)c1
XS410818b,O=C(NC=1C=CC=CC1)C2CC=3C=CC=CC3O2,0.704,O=C(Nc1ccccc1)C1Cc2ccccc2O1
XS842432b,CC1CN(CCO1)C2=CC=C(S2)[N+]([O-])=O,4.638,c1csc(N2CCOCC2)c1
XS569900b,CC1CN(CC(=O)N1C)C2=NC(=NO2)C=3C=CC=CC3,0.968,O=C1CN(c2nc(-c3ccccc3)no2)CCN1
XS847815a,C1=CC=C(C=C1)NC2CCCN(C2)C=3N=CC=CN3,0.856,c1ccc(NC2CCCN(c3ncccn3)C2)cc1
XS464952b,O=C(NC1CCCC2(CC2)C1)C3=CC=CN4C=NN=C34,0.472,O=C(NC1CCCC2(CC2)C1)c1cccn2cnnc12
XS847827a,CC(NC=1C=CC=2OCOC2C1)C(=O)N3CCCC3,0.478,O=C(CNc1ccc2c(c1)OCO2)N1CCCC1
XS497919b,CC1=CSC(=N1)C2CCCCN2C(=O)C3=CC=CO3,0.468,O=C(c1ccco1)N1CCCCC1c1nccs1
XS721099b,CC=1C=C(C)N(N1)C(C)CC(=O)NC=2C=CC(C)=CC2C,0.678,O=C(CCn1cccn1)Nc1ccccc1
XS837083b,O=C(NC1CCOC1)N(C=2C=CC=CC2)C=3C=CC=CC3,0.622,O=C(NC1CCOC1)N(c1ccccc1)c1ccccc1
XS847832a,CC=1C=CC2=C(C1)OC(C)CN2C(=O)N3CCOCC3,1.052,O=C(N1CCOCC1)N1CCOc2ccccc21
XS847830a,O=C(NC1CCC=2C=NNC2C1)C=3C=C4C=CC=CN4C3,0.454,O=C(NC1CCc2cn[nH]c2C1)c1cc2ccccn2c1
XS847853a,CC1=CC=C(CNC(=O)C2COC=3C=CC=CC3C2)S1,0.61,O=C(NCc1cccs1)C1COc2ccccc2C1
XS847849a,CC=1C=CC=CC1C(=O)NC(C(=O)N2CCCC2)C(C)C,0.456,O=C(NCC(=O)N1CCCC1)c1ccccc1
XS847839a,CC1=NC(C)=C(S1)C(=O)N2CCCC(C2)N3C=NC=N3,0.82,O=C(c1cncs1)N1CCCC(n2cncn2)C1
XS847840a,O=C(C1=CC=2C=CC=CC2N1)N3CCCC3CN4C=CC=N4,1.076,O=C(c1cc2ccccc2[nH]1)N1CCCC1Cn1cccn1
XS847838a,COC=1N=CC=CC1C(=O)N2CCCC(C2)N3C=NC=N3,0.806,O=C(c1cccnc1)N1CCCC(n2cncn2)C1
XS847852a,CN1C=NN=C1C2CCCN(C2)C(=O)C=3C=CC=CC3F,0.712,O=C(c1ccccc1)N1CCCC(c2nnc[nH]2)C1
XS838647c,CC1=CC(=NO1)C(C)N(C)C2=NC=3C=CC(C)=CC3C(=O)N2,0.372,O=c1[nH]c(NCc2ccon2)nc2ccccc12
XS847858a,O=C(NCCC=1C=CC=CC1F)C2=CNN=C2C3CCOC3,0.456,O=C(NCCc1ccccc1)c1c[nH]nc1C1CCOC1
XS847861a,COC=1C=CC(NC(=O)CC(C)C=2C=CC=CC2)=C(C1)OC,3.586,O=C(CCc1ccccc1)Nc1ccccc1
XS847866a,CC1=NOC(C)=C1CC(=O)OC(C)C(=O)NC=2C=CC=CC2,0.704,O=C(COC(=O)Cc1cnoc1)Nc1ccccc1
XS847856a,CC1=NOC(C)=C1CCC(=O)N2CCCC(C2)N3C=CC=N3,0.418,O=C(CCc1cnoc1)N1CCCC(n2cccn2)C1
XS836561b,CC(NS(C)(=O)=O)C(=O)N(C)CCOC=1C=CC=CC1,0.456,c1ccccc1
XS407255b,CC1CN(CC(=O)N1C)C(=O)C2=CC=3C=CC(Cl)=CC3N2,0.982,O=C1CN(C(=O)c2cc3ccccc3[nH]2)CCN1
XS847868a,CCCN(C(=O)NC=1C=NN(C)C1)C2CCC=3C=CC=CC32,4.764,O=C(Nc1cn[nH]c1)NC1CCc2ccccc21
XS847859a,COC=1C=CC(F)=C(C1)NC(=O)NC2CCC3=NC=NN3C2,0.608,O=C(Nc1ccccc1)NC1CCc2ncnn2C1
XS842212b,CC1=NSC(NC(=O)C2CCCC3=NN(C)C=C32)=C1C#N,0.544,O=C(Nc1ccns1)C1CCCc2n[nH]cc21
XS847876a,CC1=CSC(CNC(=O)C2CC(=O)N(C2)C3CCCC3)=N1,0.938,O=C(NCc1nccs1)C1CC(=O)N(C2CCCC2)C1
XS847881a,CC(C)CC=1C=CC(=CC1)C(NC(=O)CN2C=NC=N2)C3CC3,0.356,O=C(Cn1cncn1)NC(c1ccccc1)C1CC1
XS847878a,COC=1C=CC(=CN1)NC(C)C(=O)NC=2C(C)=CC(C)=CC2C,0.362,O=C(CNc1cccnc1)Nc1ccccc1
XS838645b,COC1=CC(=NN1C)NC(C)C=2C=CC(Br)=CC2,0.704,c1ccc(CNc2cc[nH]n2)cc1
XS847880a,CC1=CC(=NO1)NC(=O)C2CC(=O)N(C2)C=3C=CC=C(C)C3C,2.904,O=C(Nc1ccon1)C1CC(=O)N(c2ccccc2)C1
XS840677b,CC1CC=2C=CC=CC2N1C(=O)C3=CN=C4SC=CN4C3=O,1.378,O=C(c1cnc2sccn2c1=O)N1CCc2ccccc21
XS839825b,CC1=NC(=NO1)C(=O)NC2CCN(C2)C=3C=CC=CC3Cl,0.53,O=C(NC1CCN(c2ccccc2)C1)c1ncon1
XS847873a,CSCCCNC(=O)N1CCOC(CC=2C=CC=CC2)C1,0.516,c1ccc(CC2CNCCO2)cc1
XS847872a,CC(OC(=O)C1=CSC(=N1)C=2C=CC(Cl)=CC2)C(N)=O,3.076,c1ccc(-c2nccs2)cc1
XS847870a,O=C(NC(C=1C=CC=CC1)C2CC2)N3CCS(=O)(=O)CC3,1.06,O=C(NC(c1ccccc1)C1CC1)N1CCS(=O)(=O)CC1
XS836499b,CC(C)C(NC(=O)C=1C=NC(F)=C(C1)C(F)(F)F)C(N)=O,0.784,c1ccncc1
XS847877a,CN1C=CC(=N1)C(=O)N2CCCC(C2)C3=CNC=4N=CC=CC34,3.202,O=C(c1cc[nH]n1)N1CCCC(c2c[nH]c3ncccc23)C1
XS847884a,CC(NC(=O)CSC=1N=CC=CN1)C=2C=CC=3OCOC3C2,0.862,O=C(CSc1ncccn1)NCc1ccc2c(c1)OCO2
XS847885a,CC(NC(=O)COC(=O)CC=1C=CC(F)=CC1)C=2C=CC=CC2,0.468,O=C(COC(=O)Cc1ccccc1)NCc1ccccc1
XS847889a,CCN1CC(CC1=O)C(=O)NCC=2C=CC(=CC2)COC(C)C,0.816,O=C1CC(C(=O)NCc2ccccc2)CN1
XS712662b,CC1=CSC(CNC(=O)C2CC(=O)N(C2)C=3C=CC=CC3)=N1,1.944,O=C(NCc1nccs1)C1CC(=O)N(c2ccccc2)C1
XS847886a,COC(=O)CC(NC(=O)C=1C=CC(O)=NC1)C=2C=CC(C)=CC2,0.414,O=C(NCc1ccccc1)c1cccnc1
XS565074b,CC(C)C(=O)NC=1C=C(C=CN1)C(=O)N2CCOCC2C3CC3,0.456,O=C(c1ccncc1)N1CCOCC1C1CC1
XS604922b,CC(=O)NC=1C=CC(=CC1)OC(C)C(=O)N2CCC=3C=CC=CC32,1.012,O=C(COc1ccccc1)N1CCc2ccccc21
XS542556b,CC=1C=CC(=NC1)C(=O)N2CCCCC2C3=NC=4C=CC=CC4O3,0.624,O=C(c1ccccn1)N1CCCCC1c1nc2ccccc2o1
XS501837b,O=C(NC1CCCN(C1)C=2N=CC=CN2)C=3C=CC=C4CCCC34,0.608,O=C(NC1CCCN(c2ncccn2)C1)c1cccc2c1CCC2
XS838615b,FC(F)(F)C1=NN=NN1C2CCN(C2)C=3N=CC=4CCCC4N3,0.51,c1nc(N2CCC(n3cnnn3)C2)nc2c1CCC2
XS722160b,O=C(C1=NNC(=O)C=2C=CC=CC12)N3CCCC3C4=CC=CS4,1.61,O=C(c1n[nH]c(=O)c2ccccc12)N1CCCC1c1cccs1
XS805716b,O=C(CCC1=CC=CO1)N2CCCC2C3=NC=4C=CC=CC4S3,2.418,O=C(CCc1ccco1)N1CCCC1c1nc2ccccc2s1
XS419557b,COC=1C=C2N=C(C)SC2=CC1NC(=O)N3CCCC(O)C3,0.324,O=C(Nc1ccc2ncsc2c1)N1CCCCC1
XS847893a,CN1C=C(C=N1)C2CCCN2C(=O)CC=3C=CC=C4C=CC=NC34,0.538,O=C(Cc1cccc2cccnc12)N1CCCC1c1cn[nH]c1
XS659795b,CCOC=1C=CC=CC1NC(C)C(=O)N2CCC=3C=CC=CC3C2,1.632,O=C(CNc1ccccc1)N1CCc2ccccc2C1
XS847906a,CNC(=O)NC(=O)C(C=1C=CC=CC1)N2CCC=3SC=CC3C2,0.82,c1ccc(CN2CCc3sccc3C2)cc1
XS847904a,CCC(NC(=O)C=1C=CC=NC1C)C2=NC(=CS2)C(F)(F)F,0.726,O=C(NCc1nccs1)c1cccnc1
XS847903a,CC1=CC(C)=C(OCC(=O)N2CCCC(C2)N3C=NC=N3)C(C)=C1,0.972,O=C(COc1ccccc1)N1CCCC(n2cncn2)C1
XS549824b,CC1=CSC(=N1)C(C)NC(=O)CN2C(=O)C=NC=3C=CC=CC32,0.496,O=C(Cn1c(=O)cnc2ccccc21)NCc1nccs1
XS847910a,CCCC(C)C(=O)NC=1C=CC(OC)=C(C1)OCC=2C=CC=NC2,0.604,c1ccc(OCc2cccnc2)cc1
XS847905a,CC1=NN(C)C(C)=C1C2COCCN2C(=O)CC=3C=CC=CC3C,0.342,O=C(Cc1ccccc1)N1CCOCC1c1cn[nH]c1
XS837520b,COC(=O)C=1C=CN(CC2=CN(CC(C)(F)C(C)(C)F)N=N2)N1,0.372,c1cnn(Cc2c[nH]nn2)c1
XS847912a,CCC=1C=CC(=CC1)C(NC(=O)C(=O)NC=2C=C(C)ON2)C(C)C,1.128,O=C(NCc1ccccc1)C(=O)Nc1ccon1
XS839379b,CC(NC=1C=NN(C1)C(F)(F)F)C=2C=C(Br)C=CN2,0.462,c1ccc(CNc2cn[nH]c2)nc1
XS739619b,O=C(NCC=1C=CC(=NC1)N2CCCC2)NC3CCCCNC3=O,1.016,O=C(NCc1ccc(N2CCCC2)nc1)NC1CCCCNC1=O
XS847918a,CCC=1ON=C(C)C1C(=O)N(C)CC2CCCC=3SC(C)=NC32,0.51,O=C(NCC1CCCc2scnc21)c1cnoc1
XS641468b,COC=1C=CC(=CC1)C2CCCN2C(=O)CN3N=NC=4C=CC=CC43,2.812,O=C(Cn1nnc2ccccc21)N1CCCC1c1ccccc1
XS847915a,CC(NC=1C=CC2=NN=NN2N1)C=3C=CC(=CC3)OC=4C=CC=CC4,0.452,c1ccc(Oc2ccc(CNc3ccc4nnnn4n3)cc2)cc1
XS830643b,CC=1N=C(COC=2C=CC(C)=CC2)SC1C(=O)OC(C)C(N)=O,0.968,c1ccc(OCc2nccs2)cc1
XS546243b,CC1=C(N=NN1C)NC(=O)C2CC(=O)N(C2)C=3C=CC(F)=CC3F,2.282,O=C(Nc1c[nH]nn1)C1CC(=O)N(c2ccccc2)C1
XS836542b,CC(CNC(=O)CC=1C=CC(Cl)=CN1)(C(=O)O)C=2C=CC=CC2,0.748,O=C(Cc1ccccn1)NCCc1ccccc1
XS839416b,CC1=C(C=CC2=CN=CN12)C(=O)NC(C)C3=NC=4C=CC=CC4S3,1.4,O=C(NCc1nc2ccccc2s1)c1ccc2cncn2c1
XS621326b,CC=1C=CC=C(C1)S(=O)(=O)C(C)C2=NN=NN2C3CCCCC3,0.436,O=S(=O)(Cc1nnnn1C1CCCCC1)c1ccccc1
XS413381b,CC=1C=C(C)N(N1)C2CCCN(C2)C(=O)C=3C=NC4=NNC(C)=C4C3,0.456,O=C(c1cnc2n[nH]cc2c1)N1CCCC(n2cccn2)C1
XS434906b,CC=1C=CC=NC1NC(=O)C2CC(=O)N(C2)C=3C=CC=4OCOC4C3,1.85,O=C(Nc1ccccn1)C1CC(=O)N(c2ccc3c(c2)OCO3)C1
XS847935a,CCOC(=O)C=1C(C)=C(C)SC1NC(=O)C2CC(=O)N(CC)C2,2.204,O=C1CC(C(=O)Nc2cccs2)CN1
XS753453b,CN1C=NN=C1C2CCCN(C2)C(=O)C=3C=C(NN3)C=4C=CC=CC4,0.742,O=C(c1cc(-c2ccccc2)[nH]n1)N1CCCC(c2nnc[nH]2)C1
XS465891b,CN1C(=O)C(C#N)=C(NC2C=3C=CC=CC3CCC2(C)C)N(C)C1=O,0.988,O=c1cc(NC2CCCc3ccccc32)[nH]c(=O)[nH]1
XS444941b,CC=1C=C(N(C)N1)N2CCC(NC(=O)C=3C=CC=C4NC=CC34)C2=O,1.134,O=C(NC1CCN(c2ccn[nH]2)C1=O)c1cccc2[nH]ccc12
XS847936a,CC(OC=1C=CC(Br)=CC1)C(=O)N(C)C2=NC=CS2,0.488,O=C(COc1ccccc1)Nc1nccs1
XS841624b,O=C1CCN(CC2CCCCO2)C(=O)N1CC=3C=CC=4C=CNC4N3,0.686,O=C1CCN(CC2CCCCO2)C(=O)N1Cc1ccc2cc[nH]c2n1
XS847940a,CC1CN(C(=O)COC=2C=CC=CC2Cl)C=3C=CC=CC3NC1=O,2.884,O=C1CCN(C(=O)COc2ccccc2)c2ccccc2N1
XS847943a,CC(CNC(=O)C=1C=C(F)C=C2NC=NC12)(C(=O)O)C=3C=CC=CC3,5.398,O=C(NCCc1ccccc1)c1cccc2[nH]cnc12
XS837445b,CC1=CC(=NN1C(C)C2CC2)C(=O)NC=3N=CN(N3)C4CCCCC4,0.644,O=C(Nc1ncn(C2CCCCC2)n1)c1ccn(CC2CC2)n1
XS784897b,CCC=1C=CC=CC1N2CC(CC2=O)C(=O)NC=3C(C)=NN(C)C3C,0.824,O=C(Nc1cn[nH]c1)C1CC(=O)N(c2ccccc2)C1
XS847945a,COC=1C=C2CCN(C(=O)C3=COC(C)=N3)C(C2=CC1OC)C4CC4,0.818,O=C(c1cocn1)N1CCc2ccccc2C1C1CC1
XS497041b,COCCN1C=CC(=N1)NC(=O)N2CCCC(C2)NC=3C=CC=CC3,0.524,O=C(Nc1cc[nH]n1)N1CCCC(Nc2ccccc2)C1
XS840217b,COCCCS(=O)(=O)C(C)C(=O)NC12CC3CC(CC(C3)C2)C1,0.754,C1C2CC3CC1CC(C2)C3
XS839203b,CC1(CC2=NC(COC=3C=CC=CC3F)=NO2)CCS(=O)(=O)N1,0.49,O=S1(=O)CCC(Cc2nc(COc3ccccc3)no2)N1
XS335633c,COC1=CC(=O)NC=C1C(=O)N2CCC(C)(C)C(C2)C=3C=CC=CC3,0.946,O=C(c1ccc(=O)[nH]c1)N1CCCC(c2ccccc2)C1
XS432232b,COC=1C=CC=2OC(C(=O)OC(C(=O)NC(N)=O)C(C)C)=C(C)C2C1,11.76,c1ccc2occc2c1
XS847952a,CC(OC(=O)CCC1=NC=2C=CC=CC2S1)C(=O)NC3CCCC3,0.496,O=C(COC(=O)CCc1nc2ccccc2s1)NC1CCCC1
XS847958a,O=C(NC=1C=CC=C(C1)C2CCC(=O)N2)C=3C=C(F)C4=NC=CC=C4C3,0.628,O=C1CCC(c2cccc(NC(=O)c3ccc4ncccc4c3)c2)N1
XS585295b,CC1=C(C=NN1C=2C=CC=C(Cl)C2)C(=O)N3CCCC(C3)C(=O)O,0.356,O=C(c1cnn(-c2ccccc2)c1)N1CCCCC1
XS847951a,CC=1OC(=CC1S(N)(=O)=O)C(=O)N2CCCC2C=3C=CC=C(C)C3,0.846,O=C(c1ccco1)N1CCCC1c1ccccc1
XS837323b,CC=1C(N)=CC(=CC1C(=O)O)C=2C=C(F)C=CC2OCC3CCCO3,2.658,c1ccc(-c2ccccc2OCC2CCCO2)cc1
XS692511b,CC(NC(=O)C1CCCC1)C(=O)NC=2C=CC=C(C2)N3CCOC3=O,1.05,O=C(CNC(=O)C1CCCC1)Nc1cccc(N2CCOC2=O)c1
XS847960a,CC=1N=CC=C(N1)C(=O)NC2CCCC3=C2C=NN3CC=4C=CC=CC4,1.72,O=C(NC1CCCc2c1cnn2Cc1ccccc1)c1ccncn1
XS847953a,COC=1C=CC=C(C1)N2CCN(CC2)C(C)C(=O)NC3=CC(C)=NO3,0.724,O=C(CN1CCN(c2ccccc2)CC1)Nc1ccno1
XS847955a,CS(=O)(=O)CC=1C=CC(=CC1)C(=O)N2CCCC2C3=CC=CS3,0.608,O=C(c1ccccc1)N1CCCC1c1cccs1
XS841011b,CC(C)C(NC(=O)C1=CC=CO1)C(=O)NC2=NN=C(N2)C(F)(F)F,0.444,O=C(CNC(=O)c1ccco1)Nc1nnc[nH]1
XS837168b,CC1=NC=C(CS(=O)(=O)C(C)C2=CN(N=N2)C=3C=CC=CC3)S1,0.55,O=S(=O)(Cc1cn(-c2ccccc2)nn1)Cc1cncs1
XS839202b,O=S1(=O)C(CCN1CC=2C=CC=3OCCOC3N2)C=4C=CC=CC4,2.116,O=S1(=O)C(c2ccccc2)CCN1Cc1ccc2c(n1)OCCO2
XS840435b,CCCCN1C(=NC=2C=CC=CC21)C3NC(=O)NC(C)=C3C(=O)OCC,3.202,O=C1NC=CC(c2nc3ccccc3[nH]2)N1
MR042486b,COC1=CC(=CC(OC)=C1OC)NC(C)C(=O)NC=2C=CC=C(C#N)C2,1.998,O=C(CNc1ccccc1)Nc1ccccc1
XS847966a,CN(C(=O)CCC1=NC(=NO1)C=2C=CSC2)C3CCC=4C=CC=CC43,0.814,O=C(CCc1nc(-c2ccsc2)no1)NC1CCc2ccccc21
XS570635b,CC(=O)N1CCC(C1)C2=NC(=NO2)C=3C=CC(=NC3)N4N=C(C)C=C4C,0.576,c1cnn(-c2ccc(-c3noc(C4CCNC4)n3)cn2)c1
XS840023b,O=C(NC1CCCC=2SC=CC21)C=3C=CC=C(C3)OC=4C=NC=CN4,1.7,O=C(NC1CCCc2sccc21)c1cccc(Oc2cnccn2)c1
XS847978a,NS(=O)(=O)C=1C=CC=C(C1)CNC(=O)C2CC=3C=C(Cl)C=CC3O2,0.602,O=C(NCc1ccccc1)C1Cc2ccccc2O1
XS847984a,O=C(NC1CC1)C2CCCN(C2)C(=O)C=3C=CC=NC3OC=4C=CC=CC4,0.868,O=C(NC1CC1)C1CCCN(C(=O)c2cccnc2Oc2ccccc2)C1
XS847981a,COC=1C=CC=2NC=C(C3=CCN(CC3)C(=O)C(C)S(C)(=O)=O)C2C1,1.282,C1=C(c2c[nH]c3ccccc23)CCNC1
XS847972a,CNC(=O)C1CN(CC(=O)C2=C(C)NC=3C=CC=CC23)C=4C=CC=CC4O1,0.546,O=C(CN1CCOc2ccccc21)c1c[nH]c2ccccc12
XS409063b,O=C(NC(CO)C1CC1)C=2C=CC=3C(=O)N(C(=O)NC3C2)C=4C=CC=CC4,1.27,O=C(NCC1CC1)c1ccc2c(=O)n(-c3ccccc3)c(=O)[nH]c2c1
XS838075b,CN(C)C=1C=CC(=CC1)S(C)(=O)=NC(=O)C2=CN=C(NC2=O)C3CC3,0.726,O=C(N=[SH](=O)c1ccccc1)c1cnc(C2CC2)[nH]c1=O
XS487397b,COC(=O)CC1C(=O)NCCN1CC2=NC=C(O2)C=3C=CC=C(Cl)C3,1.158,O=C1CN(Cc2ncc(-c3ccccc3)o2)CCN1
XS821371b,CCOC=1C=CC=CC1N2CC(CC2=O)C(=O)N3CCC=4C=CC=CC4C3,0.44,O=C(C1CC(=O)N(c2ccccc2)C1)N1CCc2ccccc2C1
XS847980a,CC(=O)N1N=C(CC1C=2C=CC=CC2F)C=3C=CC(Br)=CC3,1.86,c1ccc(C2=NNC(c3ccccc3)C2)cc1
XS847976a,CCOC=1C=CC=CC1NC(=O)C(C)N2CCN(CC2)C3=NC=CS3,2.472,O=C(CN1CCN(c2nccs2)CC1)Nc1ccccc1
XS847977a,CC(NC(=O)C=1C=CC(=CC1)NS(C)(=O)=O)C2=CC=3C=CC=CC3O2,2.262,O=C(NCc1cc2ccccc2o1)c1ccccc1
XS847973a,COC=1C=CC=CC1NC(=O)C(C)N2CCN(CC=3C=CSC3)CC2,6.396,O=C(CN1CCN(Cc2ccsc2)CC1)Nc1ccccc1
XS838939b,O=C(C1CCN2N=CC=C2C1)N3CC(C3)OC=4C=CN=CC4C(F)(F)F,1.252,O=C(C1CCn2nccc2C1)N1CC(Oc2ccncc2)C1
XS838475b,CC1=C(CNC(=O)C2(N)CCS(=O)(=O)C2)SC=3C=CC(Cl)=CC13,0.474,O=C(NCc1cc2ccccc2s1)C1CCS(=O)(=O)C1
XS840523b,CC1=CC=C(S1)C(C)N(C)CC2=NN=C3N(C)C(=O)C=4SC=CC4N23,16.778,O=c1[nH]c2nnc(CNCc3cccs3)n2c2ccsc12
XS847990a,CCOC=1C=CC(=CC1)C(=O)NC(C(=O)NCC=2C=CC(F)=CC2)C(C)C,0.564,O=C(CNC(=O)c1ccccc1)NCc1ccccc1
XS847992a,CC1=CC=C(S1)C2=CSC(=N2)NC(=O)C3CC(=O)N(C3)C4CCCC4,4.154,O=C(Nc1nc(-c2cccs2)cs1)C1CC(=O)N(C2CCCC2)C1
XS686002b,N#CC=1C=CC(=CC1)NC(=O)C2CCCN(C2)C=3N=CC=CC3C(F)(F)F,0.968,O=C(Nc1ccccc1)C1CCCN(c2ccccn2)C1
XS847991a,CC1SC=2C=CC(=CC2NC1=O)C(=O)NC=3C=CC(=CN3)N4CCCC4,4.478,O=C1CSc2ccc(C(=O)Nc3ccc(N4CCCC4)cn3)cc2N1
XS839813b,CC1CC=2C=C(C=CC2O1)S(=O)(=O)NCC=3C=CN=C(C3)N4C=CC=N4,0.472,O=S(=O)(NCc1ccnc(-n2cccn2)c1)c1ccc2c(c1)CCO2
XS838649b,CCOC(=O)C(C=1C=NN(C)C1)N(C)C2=CC(=O)N3C=CC=C(OC)C3=N2,1.102,O=c1cc(NCc2cn[nH]c2)nc2ccccn12
XS839067b,O=C(NCC=1C=C(Cl)C=C(Cl)C1O)C2CC3=CNC=C3S2(=O)=O,3.434,O=C(NCc1ccccc1)C1Cc2c[nH]cc2S1(=O)=O
XS839407b,O=C1NC(CC2=NC(=NO2)C=3C=CC(=CC3)N4CCOCC4)C=5C=CC=CC15,10.796,O=C1NC(Cc2nc(-c3ccc(N4CCOCC4)cc3)no2)c2ccccc21
XS841353b,CC1(C)CC(CO1)NC(=O)C23CCC(CC2)(C3)N4C=C(N=N4)C=5C=NC=NC5,0.598,O=C(NC1CCOC1)C12CCC(n3cc(-c4cncnc4)nn3)(CC1)C2
XS444686b,CN(C=1C=CC=CC1NC(=O)NC2CC(C)(C)C=3C=CC=CC32)S(C)(=O)=O,0.782,O=C(Nc1ccccc1)NC1CCc2ccccc21
XS403588b,O=C(NC=1C=CC(=O)N(C1)CC=2C=CC=CC2Cl)C3CCCS3(=O)=O,0.642,O=C(Nc1ccc(=O)n(Cc2ccccc2)c1)C1CCCS1(=O)=O
XS838874b,CC1(C)CC(CN1C(=O)C2=CC=NC3=CC=NN23)NC(=O)C=4NN=CC4Cl,0.702,O=C(NC1CCN(C(=O)c2ccnc3ccnn23)C1)c1ccn[nH]1
XS847997a,CN1CCN(CC=2C=CC=CC21)C(=O)C=3CC(C(N)=O)N(N3)C=4C=CC=CC4,2.848,O=C(C1=NN(c2ccccc2)CC1)N1CCNc2ccccc2C1
XS695166b,CC(NC(=O)CCNC(=O)NC=1C=CC=CC1)C=2C=CC(Cl)=CC2Cl,0.47,O=C(CCNC(=O)Nc1ccccc1)NCc1ccccc1
XS353995b,CCOC(=O)C1CCCN(C1)C(=O)C2=CC=3C(=O)N4C=CC=CC4=NC3S2,1.098,O=C(c1cc2c(=O)n3ccccc3nc2s1)N1CCCCC1
XS840673b,CCN(C(=O)C1=CN(CC)C=2N=C(C)C=CC2C1=O)C3CCS(=O)(=O)C3,2.608,O=C(NC1CCS(=O)(=O)C1)c1c[nH]c2ncccc2c1=O
XS847999a,CCN1CC(CN(C)CC(=O)NC=2C=CC=C(C2)SC)OC=3C=CC=CC31,0.662,O=C(CNCC1CNc2ccccc2O1)Nc1ccccc1
XS837079c,CC=1C=CC2=NC(=CN2C1)C(=O)NC(CS(=O)(=O)N(C)C)C(F)(F)F,0.544,c1ccn2ccnc2c1
XS837052b,COC=1C=C(C=C2OCCOC12)C3=NC(CC=4C=CN=CC4)=NN3C(C)C(C)C,0.914,c1cc(Cc2n[nH]c(-c3ccc4c(c3)OCCO4)n2)ccn1
XS842120b,COC=1C=C(N=C(N1)NC2CCN(C2)C=3C=NNC(=O)C3Cl)C(F)(F)F,0.642,O=c1cc(N2CCC(Nc3ncccn3)C2)cn[nH]1
XS389328b,O=C(C=1C=CC=C(Cl)C1)N(CC=2C=CC(Cl)=CC2)C3CCS(=O)(=O)C3,1.058,O=C(c1ccccc1)N(Cc1ccccc1)C1CCS(=O)(=O)C1
XS848013a,CN1N=CC(=C1C(=O)NCC(C2=CNC=3C=CC=CC23)C=4C=CC=CC4)C5CCC5,1.924,O=C(NCC(c1ccccc1)c1c[nH]c2ccccc12)c1[nH]ncc1C1CCC1
XS838230b,O=C(NC=1C=C(F)C=C(C1)N2CCOCC2)N3CCCC(CN4C=CN=N4)C3,0.344,O=C(Nc1cccc(N2CCOCC2)c1)N1CCCC(Cn2ccnn2)C1
XS848018a,CC(NC(=O)C=1C=C(C2=CC=CO2)N3C=NC(C(N)=O)=C3N1)C=4C=CC=C(F)C4,0.78,O=C(NCc1ccccc1)c1cc(-c2ccco2)n2cncc2n1
XS848015a,CC(NC(=O)NCC=1C=CC=NC1N2CCOCC2)C=3C=CC4=CC=CC=C4C3,2.75,O=C(NCc1ccc2ccccc2c1)NCc1cccnc1N1CCOCC1
XS848014a,CCN(C(=O)C=1C=CC=CC1OCC=2C=CC(F)=CC2)C3CCS(=O)(=O)C3,0.738,O=C(NC1CCS(=O)(=O)C1)c1ccccc1OCc1ccccc1
XS848020a,CS(=O)(=O)CC1=NC=2C=CC=CC2N1CC(=O)N3CCCC3C4CCCC4,0.572,O=C(Cn1cnc2ccccc21)N1CCCC1C1CCCC1
XS797704b,O=C(NC=1C=CC=C(C1)S(=O)(=O)N2CCCC2)C3CC=4C=CC=CC4S3,1.478,O=C(Nc1cccc(S(=O)(=O)N2CCCC2)c1)C1Cc2ccccc2S1
XS840376b,COC=1C=CC=2C(=COC2C1)CC(=O)OC(C)C(=O)NC=3C=CC(=CC3)C(N)=O,0.748,O=C(COC(=O)Cc1coc2ccccc12)Nc1ccccc1
XS837488b,NS(=O)(=O)C=1C=CC(C(=O)N2CCC(C(F)(F)F)C3(CCC3)C2)=C(F)C1,0.468,O=C(c1ccccc1)N1CCCC2(CCC2)C1
XS848016a,O=C(NCC(C1=CNC=2C=CC=CC12)C=3C=CC=CC3)C4=CN5C=CNC(=O)C5=N4,1.136,O=C(NCC(c1ccccc1)c1c[nH]c2ccccc12)c1cn2cc[nH]c(=O)c2n1
XS848008a,O=C(C=1C=NN(C1C(F)F)C=2C=CN=CC2)N3CCCCCC3C=4N=CON4,0.718,O=C(c1cnn(-c2ccncc2)c1)N1CCCCCC1c1ncon1
XS624419b,COC=1C=C(C=C(C1)C=2C=CC=C(N2)NC(=O)C3CCN(CC(F)(F)F)C3)OC,0.956,O=C(Nc1cccc(-c2ccccc2)n1)C1CCNC1
XS838190b,CS(=O)(=O)C=1C=CC=NC1C(=O)NC2CCN(C2)C=3C=CC(=CC3)C(F)(F)F,0.778,O=C(NC1CCN(c2ccccc2)C1)c1ccccn1
XS848031a,CCOC=1C(Cl)=CC(=CC1OC)C(=O)NC(CN2CCCC2=O)C=3C=CC=CC3,0.72,O=C(NC(CN1CCCC1=O)c1ccccc1)c1ccccc1
XS838312b,CC(C)(C)C(CNC(=O)C1=CN2CCCCC2=C1)NC(=O)C=3C=C(CCO)ON3,0.558,O=C(NCCNC(=O)c1ccon1)c1cc2n(c1)CCCC2
XS848026a,NC(=O)NC(CC(=O)NC=1C=CC=CC1N2CCCCC2)C=3C=CC(Cl)=CC3,1.04,O=C(CCc1ccccc1)Nc1ccccc1N1CCCCC1
XS848028a,O=C(CN1C=NC=2C=CC=CC2C1=O)N(CC=3C=CC=CC3)C4CCS(=O)(=O)C4,5.192,O=C(Cn1cnc2ccccc2c1=O)N(Cc1ccccc1)C1CCS(=O)(=O)C1
XS842216b,CC(=O)N1CCCCC1C(=O)OCC2=COC(=N2)C=3C=CC(=CC3)S(C)(=O)=O,0.718,O=C(OCc1coc(-c2ccccc2)n1)C1CCCCN1
XS840786b,CC(NC=1C=CC=C(C1)NS(C)(=O)=O)C(=O)NC=2C=CC(=CC2Cl)[N+]([O-])=O,0.422,O=C(CNc1ccccc1)Nc1ccccc1
XS848024a,O=C(NC1=CC(=NN1C=2C=CC=CC2)C3CC3)C4CC(=O)N(CCC=5C=CC=CC5)C4,1.54,O=C(Nc1cc(C2CC2)nn1-c1ccccc1)C1CC(=O)N(CCc2ccccc2)C1
XS838930b,CC=1C=CC(=CC1)N2C=C(N=N2)C3CCN(C(=O)C4=CN5CCOCC5=C4)C63CC6,1.846,O=C(c1cc2n(c1)CCOC2)N1CCC(c2cn(-c3ccccc3)nn2)C12CC2
XS839923b,O=C(CN1N=C(C=CC1=O)N2C=NC=N2)N3N=C(CC3C4=CC=CO4)C5=CC=CO5,0.788,O=C(Cn1nc(-n2cncn2)ccc1=O)N1N=C(c2ccco2)CC1c1ccco1
XS848022a,COC=1C=CC(=CC1)C2=CC(=NN2C=3C=CC=CC3)C(=O)N4CCN(C)C(=O)C4C,1.154,O=C1CN(C(=O)c2cc(-c3ccccc3)n(-c3ccccc3)n2)CCN1
XS848037a,CCOC(=O)C1=C(COC(=O)CCC2=CNC=3C=CC=CC23)NC(=O)NC1C=4C=CC=CC4,1.672,O=C1NC(COC(=O)CCc2c[nH]c3ccccc23)=CC(c2ccccc2)N1
XS848047a,CCOC(=O)C=1C=CC=C(C1)OCC(O)CN2C(=O)C(C#N)=C3CCCCCN3C2=O,1.662,O=c1cc2n(c(=O)n1CCCOc1ccccc1)CCCCC2
XS848043a,O=C(C1CC(=O)NC=2C=CC=CC21)N3CCN(CC3)S(=O)(=O)C=4C=CC=CC4Cl,1.452,O=C1CC(C(=O)N2CCN(S(=O)(=O)c3ccccc3)CC2)c2ccccc2N1
XS848046a,CC(=O)NC=1C=CC(=CC1)S(=O)(=O)NCC(=O)N2CCCC2C3=NC=4C=CC=CC4S3,1.252,O=C(CNS(=O)(=O)c1ccccc1)N1CCCC1c1nc2ccccc2s1
XS848045a,O=C(CSC1=NN=C(CC=2C=CC=CC2)O1)N(C3CCS(=O)(=O)C3)C4CCCCC4,1.19,O=C(CSc1nnc(Cc2ccccc2)o1)N(C1CCCCC1)C1CCS(=O)(=O)C1
XS848038a,CCCC(NC(=O)CC1=CN(N=C1C=2C=CC(=CC2)OC)C=3C=CC=CC3)C4=NN=NN4,0.514,O=C(Cc1cn(-c2ccccc2)nc1-c1ccccc1)NCc1nnn[nH]1
XS837134b,CC=1C=NN(C1)C2CN(C2)C(=O)C3CN(CCO3)S(=O)(=O)C=4C=CC=CC4Cl,0.862,O=C(C1CN(S(=O)(=O)c2ccccc2)CCO1)N1CC(n2cccn2)C1
XS848044a,CC1=CC=CC(C)=C1N2CC(CC2=O)C3=NC=4C=CC=CC4N3CC(=O)N5CCCCCC5,3.284,O=C(Cn1c(C2CC(=O)N(c3ccccc3)C2)nc2ccccc21)N1CCCCCC1
XS841790b,O=C(C1CCC(=O)N(CC=2C=CC=CC2)C1)N3CCC=4C(=CC=CC4C3)CC=5N=NNN5,1.294,O=C1CCC(C(=O)N2CCc3c(Cc4nn[nH]n4)cccc3C2)CN1Cc1ccccc1
XS837410b,CC(C)C=1C=CC=C(C1)CNC(=O)NC2CCCN(C2)S(=O)(=O)N3CCOCC3,0.526,O=C(NCc1ccccc1)NC1CCCN(S(=O)(=O)N2CCOCC2)C1
XS848060a,CC=1OC=CC1C(=O)NC(C)C=2C=NN(C)C2C,0.806,O=C(NCc1cn[nH]c1)c1ccoc1
XS838146b,CC1(F)CCN(C1)C(=O)NC=2C=CSC2,0.402,O=C(Nc1ccsc1)N1CCCC1
XS838519b,COCC(C)NC=1N=C(O)N=C2C=CC=NC12,1.174,c1cnc2cncnc2c1
XS848063a,CC=1C=CC=C(C1)NC(=O)NC(C)C2=CC=CO2,0.568,O=C(NCc1ccco1)Nc1ccccc1
XS608570b,CC(C)C=1C=CC(=CC1)C(=O)NC2CCCNC2=O,1.162,O=C(NC1CCCNC1=O)c1ccccc1
XS756842b,O=C(NC=1C=CNN1)C2CC=3C=C(Cl)C=CC3O2,0.792,O=C(Nc1cc[nH]n1)C1Cc2ccccc2O1
XS848067a,CC1(O)CCCN(C1)C(=O)C=2C=CC=3OCCC3C2,0.45,O=C(c1ccc2c(c1)CCO2)N1CCCCC1
XS848070a,CC=1C=CC(=CC1C)SC(C)C(=O)NC(N)=O,0.626,c1ccccc1
XS848078a,FC(F)(F)C1CCC2=NN=C(C=3C=CC=CN3)N2C1,0.764,c1ccc(-c2nnc3n2CCCC3)nc1
XS838556b,CCS(=O)(=NC(=O)C=1C=NN(C)C1)C=2C=CC=CC2,1.008,O=C(N=[SH](=O)c1ccccc1)c1cn[nH]c1
XS848087a,CC(=O)N1CCN(CC1)C(=O)CC(C)C=2C=CC=CC2,0.504,O=C(CCc1ccccc1)N1CCNCC1
XS839590b,CC=1N=NSC1C(C)NC=2C=CC=C(C(N)=O)C2C,0.408,c1ccc(NCc2cnns2)cc1
XS553771b,CC1=C(C=NN1C)C(=O)NCC2CCCC=3C=CC=CC32,0.938,O=C(NCC1CCCc2ccccc21)c1cn[nH]c1
XS848085a,NS(=O)(=O)N1CCCC1C2=NC=3C=CC=CC3S2,3.522,c1ccc2sc(C3CCCN3)nc2c1
XS848088a,NC(=O)NC(CC=1C=CC=CC1)C(=O)NC2CCCC2,0.738,O=C(CCc1ccccc1)NC1CCCC1
XS848091a,O=C(NCCC1=CC=CS1)C2CC(=O)N(C2)C3CC3,0.514,O=C(NCCc1cccs1)C1CC(=O)N(C2CC2)C1
XS848090a,COCC(=O)NC(CC(=O)OC)C=1C=CC(Cl)=CC1,0.692,c1ccccc1
XS848089a,CC(CNC(=O)C=1C=CC(=CC1)C(N)=O)C=2C=CC=CC2,0.436,O=C(NCCc1ccccc1)c1ccccc1
XS573658b,CN1C=C(C=N1)NC2CCN(C2=O)C=3C=CC=CC3F,1.242,O=C1C(Nc2cn[nH]c2)CCN1c1ccccc1
XS836887b,CC1=NOC=2N=C(C)C=C(C12)N3CCCC(C3)C4CCC4,0.42,c1cc(N2CCCC(C3CCC3)C2)c2cnoc2n1
XS848104a,CCOC=1C=CC(=CC1)C(=O)N(CC)C2CC(=O)NC2=O,1.31,O=C1CC(NC(=O)c2ccccc2)C(=O)N1
XS842167b,CC(C)C1CCCCCN1C(=O)NCC=2C=CC(=O)NN2,0.39,O=C(NCc1ccc(=O)[nH]n1)N1CCCCCC1
XS839388b,CC1=NSC=2N=CN=C(C12)N3CC(C)NC(=O)C43CC4,0.626,O=C1NCCN(c2ncnc3sncc23)C12CC2
XS848092a,CN1C=C(C=N1)C2CCCN2C(=O)C=3C=CC=4C=CNC4C3,0.846,O=C(c1ccc2cc[nH]c2c1)N1CCCC1c1cn[nH]c1
XS840547b,COC(=O)C=1C=CC(F)=C(C1)NC(=O)C(C)N2C=CC=C2,0.642,O=C(Cn1cccc1)Nc1ccccc1
XS839361b,CN1C(=O)C2(CCOCC2)NC1C=3C=CN(N3)C4CCC4,0.384,O=C1NC(c2ccn(C3CCC3)n2)NC12CCOCC2
XS848102a,CC(C1=NC(=NO1)C2CC2)N(C)CCOC=3C=CC=CC3,0.57,c1ccc(OCCNCc2nc(C3CC3)no2)cc1
XS552773b,CC1=NC(=CN1C)S(=O)(=O)N2CCCC2C3=CC=CO3,0.894,O=S(=O)(c1c[nH]cn1)N1CCCC1c1ccco1
XS848099a,CC(OC=1C=CC=CC1)C(=O)N2CC(=O)NC=3C=CC=CC32,0.648,O=C1CN(C(=O)COc2ccccc2)c2ccccc2N1
XS848097a,CC(NC(=O)C1=CC=CO1)C=2C=CC(=CC2)S(N)(=O)=O,0.56,O=C(NCc1ccccc1)c1ccco1
XS848098a,CCCCC(=O)NC(CC1=CNC=2C=CC=CC12)C(=O)O,5.054,c1ccc2[nH]ccc2c1
XS793821b,CC1=CC=C(C(=O)NC2CCOC=3C(F)=CC=CC32)C(=O)N1,0.778,O=C(NC1CCOc2ccccc21)c1ccc[nH]c1=O
XS848112a,CC(=O)N1CCN(CC1)C(=O)C2CC=3C=CC=CC3C(=O)O2,0.86,O=C1OC(C(=O)N2CCNCC2)Cc2ccccc21
XS848109a,COC=1C=CC(C(=O)NCC(C)C=2C=CC=CC2)=C(C1)OC,0.516,O=C(NCCc1ccccc1)c1ccccc1
XS842648b,CC(NC(=O)C1=CC(=NN1)C2=CC=CS2)C=3C=CN(C)N3,0.82,O=C(NCc1cc[nH]n1)c1cc(-c2cccs2)n[nH]1
XS838864b,CS1(=O)=NCC=2C(=CC=CC21)C=3C=CN4N=C(N)N=C4C3,1.208,O=[SH]1=NCc2c(-c3ccn4ncnc4c3)cccc21
XS593055b,COC=1C=CC=CC1CCNC(=O)C2CC(=O)N(C2)C(C)C,1.17,O=C1CC(C(=O)NCCc2ccccc2)CN1
XS848110a,CNC(=O)NC(=O)C(C)SC=1N=C2C=CC=CC2=NC1C,0.92,c1ccc2nccnc2c1
XS841243b,CC(NC(=O)C=1C=CC(F)=C2C=CSC12)C3=CC=NN3C,0.916,O=C(NCc1ccn[nH]1)c1cccc2ccsc12
XS848129a,CCOC(=O)NC1CCCN(C1)S(=O)(=O)C=2C=CC=CC2,0.448,O=S(=O)(c1ccccc1)N1CCCCC1
XS841114b,CN1C=CC=2C(=CC=NC21)C(=O)N3CCC(C3)S(=O)(=O)F,1.058,O=C(c1ccnc2[nH]ccc12)N1CCCC1
XS848130a,O=C(C1=NNC=2N=CC=CC12)N3CCCC3C=4C=CC=CC4F,2.038,O=C(c1n[nH]c2ncccc12)N1CCCC1c1ccccc1
XS841269b,CC1CS(=O)(=O)CCN1C(=O)C=2C=CC=3SC=CC3C2,1.298,O=C(c1ccc2sccc2c1)N1CCS(=O)(=O)CC1
XS848122a,NC(=O)C1CCCN(C1)C=2N=CN=C3NC4=CC(F)=CC=C4C23,0.358,c1ccc2c(c1)[nH]c1ncnc(N3CCCCC3)c12
XS848116a,CN1C=C(C=N1)C2CCCN2C(=O)COC=3C=CC(C#N)=CC3,2.342,O=C(COc1ccccc1)N1CCCC1c1cn[nH]c1
XS848131a,CC(C1=NC=2C=CC=CC2S1)N(C)C(=O)C=3C=CC=C(F)C3,1.322,O=C(NCc1nc2ccccc2s1)c1ccccc1
XS840304b,CCN1C(=O)C(=NC=2C=CC=CC21)N(C)C(C)C=3C=CC=CN3,0.85,O=c1[nH]c2ccccc2nc1NCc1ccccn1
XS848133a,CC(C1=CC=CS1)N(C)C(=O)C=2C=CC=3NC(=O)COC3C2,0.508,O=C1COc2cc(C(=O)NCc3cccs3)ccc2N1
XS848137a,CCC=1N=NSC1C(=O)NC(C)C=2C=CC=C(C2)OC(C)C,0.498,O=C(NCc1ccccc1)c1cnns1
XS787800b,CC=1N=NC(NCC(O)COC=2C=CC=C(F)C2)=C(C#N)C1C,0.374,c1ccc(OCCCNc2cccnn2)cc1
XS841974b,COC1=NSC=C1NC(=O)C=2C=CC(=CC2)C3CCC(=O)N3,0.45,O=C1CCC(c2ccc(C(=O)Nc3cnsc3)cc2)N1
XS837069b,NC(=O)C1COCCN1C=2N=CC=C(N2)OC=3C=CC(F)=CC3,0.502,c1ccc(Oc2ccnc(N3CCOCC3)n2)cc1
XS848138a,CC1=C(SC=2C=CC(F)=CC12)C(=O)NC3CCCCNC3=O,1.49,O=C(NC1CCCCNC1=O)c1cc2ccccc2s1
XS840470b,[O-][N+](=O)C=1C=CC=CC1C=CC=NNC(=O)NCC2CCCO2,6.406,O=C(NCC1CCCO1)NN=CC=Cc1ccccc1
XS840079b,C=CCOC=1C=CC=NC1C(=O)N2CCOC3(CCCOC3)C2,0.688,O=C(c1ccccn1)N1CCOC2(CCCOC2)C1
XS848149a,O=C(C=1C=NC=CN1)N2CCCC2C=3C=CC(Cl)=C(Cl)C3,2.376,O=C(c1cnccn1)N1CCCC1c1ccccc1
XS811527b,COC=1C=C(C)C=CC1NC(C(=O)N2CCCC2)C=3C=CC=CC3,1.944,O=C(C(Nc1ccccc1)c1ccccc1)N1CCCC1
XS848144a,CC=1C=CC=C(N1)NC(=O)C2COCC(=O)N2CC=3C=CC=CC3,0.418,O=C(Nc1ccccn1)C1COCC(=O)N1Cc1ccccc1
XS745568b,O=C(NC(CC(F)(F)F)C=1C=CC=CC1)C=2C=NN3CCCC23,0.588,O=C(NCc1ccccc1)c1cnn2c1CCC2
XS824026b,O=C(C=1C=CC(O)=NC1)N2CCCC2C3=NC=4C=CC=CC4S3,1.618,O=C(c1cccnc1)N1CCCC1c1nc2ccccc2s1
XS521027b,CNC(=O)C=1C=CC=C(C1)NC(=O)C2SCCC=3C=CC=CC32,0.59,O=C(Nc1ccccc1)C1SCCc2ccccc21
XS848147a,CC=1C=CC=CC1C(=O)NC=2C=CC(=CC2)NC(=O)C3CCCO3,1.692,O=C(Nc1ccc(NC(=O)C2CCCO2)cc1)c1ccccc1
XS848150a,O=C(NCC1=CC=2C=CC=CC2N1)C3CC(=O)N(C3)C4CCCC4,0.926,O=C(NCc1cc2ccccc2[nH]1)C1CC(=O)N(C2CCCC2)C1
XS837512b,CC1CN(C(=O)NC=2C=CC=C3C(=O)NCCC23)C=4C=CC=CC41,2.912,O=C1NCCc2c(NC(=O)N3CCc4ccccc43)cccc21
XS839076b,CC=1SC=2N=NN(CC3CC4(CCOCC4)O3)C(=O)C2C1C,0.818,O=c1c2ccsc2nnn1CC1CC2(CCOCC2)O1
XS644183b,CC(C)C1=NOC(=N1)C(C)NC=2C=CC=C(C2)N3CCCCC3=O,0.418,O=C1CCCCN1c1cccc(NCc2ncno2)c1
XS596621b,CCC1=NOC(CCCC(=O)NC2CCCCC=3C=CC=CC32)=N1,2.158,O=C(CCCc1ncno1)NC1CCCCc2ccccc21
XS840452b,CS(=O)(=O)N1N=C(CC1C2=CC=C(Cl)O2)C=3C=CSC3,1.282,c1coc(C2CC(c3ccsc3)=NN2)c1
XS839058b,O=C(NC=1C=CC=2SCC(=O)NC2C1)C3CCN4N=CC=C4C3,1.312,O=C1CSc2ccc(NC(=O)C3CCn4nccc4C3)cc2N1
XS840922b,CC(NC=1N=CN=C2C=NC=CC12)C=3C=NN(C3)CC=4C=CC=CC4,0.838,c1ccc(Cn2cc(CNc3ncnc4cnccc34)cn2)cc1
XS838732b,CC1(C)CC(O)=C2C(C1)=NC3=NON=C3NC2C=4C=CC=C(F)C4,0.934,C1=C2C(=Nc3nonc3NC2c2ccccc2)CCC1
XS594807b,NC(=O)C1CCN(C1)C(=O)CCCC2=NC(=NO2)C=3C=CC=CC3,1.332,O=C(CCCc1nc(-c2ccccc2)no1)N1CCCC1
XS848157a,CC1=NC=2C=C(C=CC2O1)NC(=O)C3CCCN(C3)C(=O)C(C)C,0.452,O=C(Nc1ccc2ocnc2c1)C1CCCNC1
XS558980b,CC=1N=C(C=2CC(CCC2N1)C(=O)N3CCCCC3)C(F)(F)F,3.056,O=C(C1CCc2ncncc2C1)N1CCCCC1
XS848154a,COC=1C=CC=C2NC=C(CC(=O)N3CCOCC3(C)C4CC4)C12,1.046,O=C(Cc1c[nH]c2ccccc12)N1CCOCC1C1CC1
XS848155a,CNC(=O)C=1C=CC=C(C1)C(=O)N2CCCC(C2)C3=CN=CN3C,13.36,O=C(c1ccccc1)N1CCCC(c2cnc[nH]2)C1
XS840009b,COC=1C=CC=C2CC(CCC12)NC(=O)CN3C=C(F)C=CC3=O,1.208,O=C(Cn1ccccc1=O)NC1CCc2ccccc2C1
XS848165a,O=C(NC=1C=CC(=NC1)N2CCOCC2)NC3CCCCNC3=O,0.91,O=C(Nc1ccc(N2CCOCC2)nc1)NC1CCCCNC1=O
XS848164a,O=C(CC1CN2C(=NC=3C=CC=CC32)NC1=O)NC4CCCCC4,13.36,O=C(CC1Cn2c(nc3ccccc32)NC1=O)NC1CCCCC1
XS848159a,CC=1C=CC(=CC1)C=2C=C(ON2)C(=O)N3CCCC(C3)N4C=CC=N4,1.024,O=C(c1cc(-c2ccccc2)no1)N1CCCC(n2cccn2)C1
XS840440b,CC1=NC(=CN1CC(=O)N2CC(C)SC=3C=CC=CC32)[N+]([O-])=O,2.386,O=C(Cn1ccnc1)N1CCSc2ccccc21
XS836571b,CCN1N=C(C)C(=C1NC2CC(=O)N(CC(F)(F)F)C2)[N+]([O-])=O,0.38,O=C1CC(Nc2ccn[nH]2)CN1
XS848162a,O=C(NC1=NC=C(S1)C2CCOCC2)NC3CCC43CCCC4,1.382,O=C(Nc1ncc(C2CCOCC2)s1)NC1CCC12CCCC2
XS836605b,O=C(C1CCS(=O)(=O)C1)N(CC=2C=CSC2)C=3C=CC=CC3,0.434,O=C(C1CCS(=O)(=O)C1)N(Cc1ccsc1)c1ccccc1
XS836622b,C=1C=CC2=C(C1)OC3(CCCC3)CC2NC=4N=CC=C5N=CC=CC45,0.758,c1ccc2c(c1)OC1(CCCC1)CC2Nc1nccc2ncccc12
XS839518b,CCN1N=C(C=C1C2CC2)NC(=O)CC3CS(=O)(=O)CCN3C,0.614,O=C(CC1CS(=O)(=O)CCN1)Nc1cc(C2CC2)[nH]n1
XS848178a,O=S(=O)(C=1C=CC(Cl)=CC1)N2CCSC2C=3C=CC=CC3,2.616,O=S(=O)(c1ccccc1)N1CCSC1c1ccccc1
XS848175a,O=C(COC=1C=CC=2CCCC2C1)NC3CCCC=4NC(=O)C=CC43,0.758,O=C(COc1ccc2c(c1)CCC2)NC1CCCc2[nH]c(=O)ccc21
XS662104b,COC=1C=CC(F)=CC1C(C)NC(=O)CCN2C(C)=CSC2=O,0.494,O=C(CCn1ccsc1=O)NCc1ccccc1
XS848168a,CN1C=CC=C1C(=O)NC(CC=2C=CC=CC2)C(=O)N3CCCCC3,0.848,O=C(NC(Cc1ccccc1)C(=O)N1CCCCC1)c1ccc[nH]1
XS839775b,CN1C=C(C=N1)C2CCN(C2)C=3N=CC(Cl)=CC3Br,0.692,c1ccc(N2CCC(c3cn[nH]c3)C2)nc1
XS841055b,CC(C)C=1N=C2CCC(CN2N1)NCC3=CC(=NO3)C=4C=CC=CC4,2.132,c1ccc(-c2cc(CNC3CCc4ncnn4C3)on2)cc1
XS840970b,N#CC=1C=C2C=CC(F)=CC2=NC1N3CCC(CC3)C4COC(=O)N4,0.556,O=C1NC(C2CCN(c3ccc4ccccc4n3)CC2)CO1
XS848171a,CC1=NC(=NO1)C2CCCCCN2C(=O)CN3N=CC=4C=CC=CC43,2.36,O=C(Cn1ncc2ccccc21)N1CCCCCC1c1ncon1
XS837022b,CC=1C=C2N=CN(C2=CC1C)C(C)C3=NC(=CS3)C=4C=NN(C)C4,1.558,c1ccc2c(c1)ncn2Cc1nc(-c2cn[nH]c2)cs1
XS691175b,O=C(NC=1C=CC(=CN1)N2CCOCC2)C3COC=4C=CC=CC4C3,3.218,O=C(Nc1ccc(N2CCOCC2)cn1)C1COc2ccccc2C1
XS842392b,CC1=NC=C(S1)C(C)NC(=O)CC=2SC=CC2Br,0.416,O=C(Cc1cccs1)NCc1cncs1
XS596036b,CCNC(=O)CNC(=O)C=1C=COC1CN2C=3C=CC=CC3CC2C,0.388,c1coc(CN2CCc3ccccc32)c1
XS577040b,COCC1(CCCN1C(=O)COC=2C=CC(Cl)=C(F)C2)C(N)=O,0.598,O=C(COc1ccccc1)N1CCCC1
XS848186a,COC=1N=CC=CC1CNC(=O)C2CC(=O)N(C2)C=3C=CC=CC3F,2.666,O=C(NCc1cccnc1)C1CC(=O)N(c2ccccc2)C1
XS635170b,CC=1C=CC=C(C1)CN2NC=CC2=NC(=O)CN3CCC(C3)C(N)=O,14.9,O=C(CN1CCCC1)N=c1cc[nH]n1Cc1ccccc1
XS848188a,CC(C)OC=1C=CC(=CC1)NC(=O)C2CC(=O)NC=3C=C(F)C=CC32,0.468,O=C1CC(C(=O)Nc2ccccc2)c2ccccc2N1
XS836801b,CC(C(=O)N1CC2(CCCC2)C=3C=CC=C(Cl)C31)S(C)(=O)=O,1.474,c1ccc2c(c1)NCC21CCCC1
XS680512b,CN(C)S(=O)(=O)C=1C=CC(=CC1)NC(=O)C2CCC=3C=CC=CC32,0.658,O=C(Nc1ccccc1)C1CCc2ccccc21
XS443609b,O=C(CC1C(=O)NC=2C=CC=CC21)N3CCN(CC3)C4=NC=CS4,1.402,O=C1Nc2ccccc2C1CC(=O)N1CCN(c2nccs2)CC1
XS841024b,CC1(COC=2C=CC=CC2O1)C(=O)NCC3=NC=4CCOCC4S3,0.544,O=C(NCc1nc2c(s1)COCC2)C1COc2ccccc2O1
XS840062b,CC=1C=CC=CC1CS(=O)(=O)N2CCN3C(=NN=C3C2C)C(C)C,1.222,O=S(=O)(Cc1ccccc1)N1CCn2cnnc2C1
XS848194a,CC=1C=CC=C2NC=C(CC(=O)NC(C)C3=NC=4C=CC=CC4N3C)C12,1.488,O=C(Cc1c[nH]c2ccccc12)NCc1nc2ccccc2[nH]1
XS848197a,CC(OC(=O)C=1C=CC=C(C1)NS(=O)(=O)C=2C=CC=CC2)C(N)=O,0.628,O=S(=O)(Nc1ccccc1)c1ccccc1
XS840751b,CC(C(=O)NC=1C=CC=CC1CN2CCC=3C=CC=CC32)N4C=NC=N4,1.206,O=C(Cn1cncn1)Nc1ccccc1CN1CCc2ccccc21
XS848192a,CCN(CC)C=1C=CC(=CN1)C(=O)N2CCCC(C2)C3=NC=CS3,0.452,O=C(c1cccnc1)N1CCCC(c2nccs2)C1
XS773417b,CCOC=1C=CC=CC1OCC(=O)N2CCCCC2C3=NNC(C)=N3,0.324,O=C(COc1ccccc1)N1CCCCC1c1nc[nH]n1
XS840168b,CC1=NNC(C)=C1C2COCCN2C(=O)C3=CC=4COCCC4S3,0.618,O=C(c1cc2c(s1)CCOC2)N1CCOCC1c1cn[nH]c1
XS848196a,CC(OC(=O)C=1C=CC(Cl)=C(C1)S(C)(=O)=O)C(=O)NC2CC2,0.44,O=C(COC(=O)c1ccccc1)NC1CC1
XS848193a,CC1=CC(C)=NN1C2CCCN(C2)C(=O)CC=3C=CC=C4C=CC=NC34,1.378,O=C(Cc1cccc2cccnc12)N1CCCC(n2cccn2)C1
XS731079b,CN1C=NN=C1CC2(O)CCCN(C2)C(=O)C=3C=CC=4C=CCCC4C3,1.008,O=C(c1ccc2c(c1)CCC=C2)N1CCCC(Cc2nnc[nH]2)C1
XS848206a,CN1N=C(N=C1O)C(=O)NC2CCCC3=C2C=NN3CC=4C=CC=CC4,2.282,O=C(NC1CCCc2c1cnn2Cc1ccccc1)c1nc[nH]n1
XS848202a,CN(C)C=1C=NC(=CN1)C(=O)N2CCCCC2C3=CC=4C=CC=CC4N3,1.922,O=C(c1cnccn1)N1CCCCC1c1cc2ccccc2[nH]1
XS848209a,CC(C)N1C(=O)C=2C=CC=CC2NC1C3=CNN=C3C=4C=CC(F)=CC4,1.316,O=C1NC(c2c[nH]nc2-c2ccccc2)Nc2ccccc21
XS839640b,N#CC1=C2NC=3C=CC=CC3N2C(=O)NC1(C=4C=CC=CC4)C(F)(F)F,1.146,O=C1NC(c2ccccc2)C=C2Nc3ccccc3N12
XS577825b,CCC=1C=C(NN1)C(=O)N2CCCC(C2)C3=NC(=CN3C)C(F)(F)F,0.408,O=C(c1ccn[nH]1)N1CCCC(c2ncc[nH]2)C1
XS389242b,O=C(NC(CC=1C=CC=CC1)C(=O)NC=2C=CC=NC2)C3=CC=CS3,3.668,O=C(NC(Cc1ccccc1)C(=O)Nc1cccnc1)c1cccs1
XS558142b,CC1=NN(C=2C=CC=CC2)C=3SC(=CC13)C(=O)NC4CCN(C)C4=O,2.878,O=C(NC1CCNC1=O)c1cc2cnn(-c3ccccc3)c2s1
XS839839b,CC1=NN(C)C(C)=C1C(NC(=O)C=2C=NN3N=CC=CC23)C(F)(F)F,0.342,O=C(NCc1cn[nH]c1)c1cnn2ncccc12
XS836637b,N#CC=1N=CC=C(N1)N2CCC3(CC2)OCCC3NC(=O)C=4C=CON4,0.418,O=C(NC1CCOC12CCN(c1ccncn1)CC2)c1ccon1
XS796424b,O=C(NC1CCCN(C1)C=2N=CC=CN2)C3(CC3)C=4C=CC(Cl)=CC4,0.59,O=C(NC1CCCN(c2ncccn2)C1)C1(c2ccccc2)CC1
XS841688b,CC=1C=NN(C1)C=2C=CC=C(N2)N3CCCC(C3)C=4OC=NC4C(=O)O,0.674,c1cc(N2CCCC(c3cnco3)C2)nc(-n2cccn2)c1
XS848226a,O=C(NCC=1C=CC(=CC1)OC(F)F)C2CC(=O)N(CC3=CC=CO3)C2,0.71,O=C(NCc1ccccc1)C1CC(=O)N(Cc2ccco2)C1
XS562723b,CC1=NOC(=N1)C2CC(=O)N(C2)C3CN(C3)C(=O)C=4OC=CC4C(C)C,1.454,O=C(c1ccco1)N1CC(N2CC(c3ncno3)CC2=O)C1
XS848225a,O=C(NC=1C=CC=CC1OC=2C=CC=CC2)C3CC(=O)N(C3)C4CCCC4,1.888,O=C(Nc1ccccc1Oc1ccccc1)C1CC(=O)N(C2CCCC2)C1
XS848219a,CN(CC1COC=2C=CC=CC2O1)C(=O)CN3C=NC=4C=CC=CC4C3=O,0.646,O=C(Cn1cnc2ccccc2c1=O)NCC1COc2ccccc2O1
TD001572e,CC=1C=C(C)C=C(C1)C(=O)N2CCCC(C2)C(=O)N(C)C3=NC=CS3,2.896,O=C(Nc1nccs1)C1CCCN(C(=O)c2ccccc2)C1
XS737273b,COC=1C=CC=C(C1)NC(=O)NCC=2C=CC=C(C2)NC(=O)C3CCCO3,1.94,O=C(NCc1cccc(NC(=O)C2CCCO2)c1)Nc1ccccc1
XS848229a,CC1CN(C(=O)C2=CN=C(S2)C=3N=CC=CN3)C=4C=C(Cl)C=CC4O1,3.672,O=C(c1cnc(-c2ncccn2)s1)N1CCOc2ccccc21
XS848231a,CC=1C=C(Cl)C=CC1OCC(=O)OCC(=O)N2C=3C=CC=CC3CC2C,2.484,O=C(COc1ccccc1)OCC(=O)N1CCc2ccccc21
XS848237a,CC(=O)N1CC(OC=2C=CC=CC21)C(=O)NC=3C=CC=C(Br)C3,0.548,O=C(Nc1ccccc1)C1CNc2ccccc2O1
XS838478b,CC1=NN(C)C=2CCC(CC12)NC(=O)NC=3C=CC=4C5=CC=CC=C5CC4C3,1.038,O=C(Nc1ccc2c(c1)Cc1ccccc1-2)NC1CCc2[nH]ncc2C1
XS848230a,CC1=NOC(=N1)C=2C=CC=CC2C(=O)N3CCC4(C3)C(=O)NC=5C=CC=CC54,0.772,O=C(c1ccccc1-c1ncno1)N1CCC2(C1)C(=O)Nc1ccccc12
XS848233a,CC=1C=CC(=CC1)C(CC(=O)O)NC(=O)C=2C=CC=C(C2)CS(C)(=O)=O,0.382,O=C(NCc1ccccc1)c1ccccc1
XS848236a,CCC(CC)C(NC(=O)CN1C=NC2=C(C=NN2C)C1=O)C3=CC=CS3,1.446,O=C(Cn1cnc2[nH]ncc2c1=O)NCc1cccs1
XS848235a,CN1C=CSC1=NC(=O)C2CC(=O)N(C2)C=3C=CC=C(C3)C(F)(F)F,1.602,O=C(N=c1[nH]ccs1)C1CC(=O)N(c2ccccc2)C1
MR045205b,CC(NC(=O)C1CCC1)C(=O)NCC=2C=CN=C(C2)OC=3C=CC=CC3F,0.522,O=C(CNC(=O)C1CCC1)NCc1ccnc(Oc2ccccc2)c1
XS848240a,CC(=O)N(C)C=1C=CC(=CC1)NC(=O)C=2C=CC(=CC2)OCC3CCCO3,0.664,O=C(Nc1ccccc1)c1ccc(OCC2CCCO2)cc1
XS848249a,O=C1C=2C=CC=CC2NC(C3=CNN=C3C4=CC=CS4)N1CC5=CC=CO5,1.038,O=C1c2ccccc2NC(c2c[nH]nc2-c2cccs2)N1Cc1ccco1
XS167058d,COC=1C=C2CCN(CC2=CC1OC)C(=O)C3COC=4C=CC(Cl)=CC4C3,0.728,O=C(C1COc2ccccc2C1)N1CCc2ccccc2C1
XS848251a,COC=1C=CC=C(C1)CN(C)C(=O)C=2CC(C(N)=O)N(N2)C=3C=CC(F)=CC3,0.968,O=C(NCc1ccccc1)C1=NN(c2ccccc2)CC1
XS842258b,O=S(=O)(C=1C=CC=2CCCC2C1)N3CCCC(C3)C4=NN=C5C=CC=CN45,1.094,O=S(=O)(c1ccc2c(c1)CCC2)N1CCCC(c2nnc3ccccn23)C1
XS825811b,CCCNC(=O)C1CN(C(=O)C2=CN3C(C)=CC=CC3=N2)C=4C=CC=CC4O1,2.784,O=C(c1cn2ccccc2n1)N1CCOc2ccccc21
XS838481b,COC=1C=CC=CC1C2=NN=C(CC(=O)N3CC=4C=CC(F)=CC4CC3C)O2,0.66,O=C(Cc1nnc(-c2ccccc2)o1)N1CCc2ccccc2C1
XS848253a,CC1=NC2=C(C#N)C=NN2C(C)=C1CCC(=O)NC(C)C3=CC=4C=CC=CC4O3,5.662,O=C(CCc1cnc2ccnn2c1)NCc1cc2ccccc2o1
XS848246a,CC(CNC(=O)COC(=O)CC1=NNC(=O)C=2C=CC=CC12)C=3C=CC=CC3,0.452,O=C(COC(=O)Cc1n[nH]c(=O)c2ccccc12)NCCc1ccccc1
XS782835b,CC1=C(C=NN1C=2C=C(C)C=CC2C)NC(=O)N3CCNC(=O)C3CC(C)C,1.578,O=C1CN(C(=O)Nc2cnn(-c3ccccc3)c2)CCN1
XS848250a,CC(CC1=NC(=NO1)C=2C=CC=CC2)NC(=O)N3CCCC4=C(C=NN4C)C3,1.296,O=C(NCCc1nc(-c2ccccc2)no1)N1CCCc2[nH]ncc2C1
XS848242a,NS(=O)(=O)C=1C=CC(=CC1)CNC(=O)C2COC=3C=CC(Cl)=CC3C2,0.38,O=C(NCc1ccccc1)C1COc2ccccc2C1
XS848244a,CCC1=NN(C)C(CC)=C1CNC=2C=CC(=CC2)C3(CC)CCC(=O)NC3=O,11.508,O=C1CCC(c2ccc(NCc3cn[nH]c3)cc2)C(=O)N1
XS839139b,COC(=O)C(NC(=O)CN1N=NC=2C=CC=CC21)C=3C=CC(OC)=C(Cl)C3,3.234,O=C(Cn1nnc2ccccc21)NCc1ccccc1
XS552119b,CC=1C=CC(=CC1)C2CCCCN2S(=O)(=O)C=3C=NN(C3)C4CCOCC4,1.71,O=S(=O)(c1cnn(C2CCOCC2)c1)N1CCCCC1c1ccccc1
XS848258a,O=C(CN1CC(CCN2CCCC2=O)C=3C=CC=CC31)NC=4C=CC=C(Cl)C4,1.45,O=C(CN1CC(CCN2CCCC2=O)c2ccccc21)Nc1ccccc1
XS440172b,CC1=NN2CC(CCC2=N1)NC(=O)NC=3C=CC(C)=CC3OCC=4C=CC=CC4,1.628,O=C(Nc1ccccc1OCc1ccccc1)NC1CCc2ncnn2C1
XS648981b,CCN(CC=1C=CN=CC1)C(=O)NCC(C2=CNC=3C=CC=CC23)C=4C=CC=CC4,0.5,O=C(NCc1ccncc1)NCC(c1ccccc1)c1c[nH]c2ccccc12
XS602204b,COC=1C=CC(=CC1)CN(CC=2C=CC(=CC2)SC)C3CCS(=O)(=O)C3,1.876,O=S1(=O)CCC(N(Cc2ccccc2)Cc2ccccc2)C1
XS838155b,CCC=1C=CC(=CC1)C(C=2C=CC=NC2)N(CC)C(=O)C3=CN4CCOCC4=N3,1.144,O=C(NC(c1ccccc1)c1cccnc1)c1cn2c(n1)COCC2
XS838101c,COC(=O)C=1C=C(C)C=2C=C(NC2C1)C(=O)NC3CCN(C3)C4=CC(C)=NN4C,1.378,O=C(NC1CCN(c2ccn[nH]2)C1)c1cc2ccccc2[nH]1
XS848263a,O=C1C=2C=CC=C(C2CN1C3CCC(=O)NC3=O)N4C=C(N=N4)C5CCCCC5,0.966,O=C1CCC(N2Cc3c(cccc3-n3cc(C4CCCCC4)nn3)C2=O)C(=O)N1
XS848276a,CCC=1C=CC=CC1N2CC(CC2=O)C(=O)N3CCN(CC3)C=4C=CC=C(C4)OC,1.548,O=C(C1CC(=O)N(c2ccccc2)C1)N1CCN(c2ccccc2)CC1
XS555434b,CC1=NC=2CCCC(C2S1)N(C)S(=O)(=O)C=3C=C(C)C=CC3Br,0.4,O=S(=O)(NC1CCCc2ncsc21)c1ccccc1
XS848269a,COC=1C=C(C=CC1OC(F)F)CN(C)C(C)C(=O)NC=2SC=CC2C(N)=O,0.286,O=C(CNCc1ccccc1)Nc1cccs1
XS848282a,O=C(NCC=1C=CC(=CC1)CN2C=CN=C2)C3CC(=O)N(C3)C=4C=CC=5CCCC5C4,1.352,O=C(NCc1ccc(Cn2ccnc2)cc1)C1CC(=O)N(c2ccc3c(c2)CCC3)C1
XS848279a,O=C(NC=1C=CC(=CC1)OCC=2C=CC=CC2)C3CC(=O)N(CC=4C=CC=CC4)C3,2.78,O=C(Nc1ccc(OCc2ccccc2)cc1)C1CC(=O)N(Cc2ccccc2)C1
XS848273a,COC=1C=C(C=C(C1)C=2CC(C=3C=CC(Cl)=C(F)C3)N(N2)S(C)(=O)=O)OC,1.538,c1ccc(C2=NNC(c3ccccc3)C2)cc1
XS837611b,COC=1C=C2CCN(CC2=CC1C)C(C(=O)O)C=3C=CC(F)=C(Br)C3,0.456,c1ccc(CN2CCc3ccccc3C2)cc1
XS848272a,CC=1C=CC(=CC1)OCCC(=O)OC(C)C(=O)NC=2C=CC(=CC2)S(N)(=O)=O,0.67,O=C(COC(=O)CCOc1ccccc1)Nc1ccccc1
XS841630b,COC=1C=CC=C(C1)C2=CCN(C2)C(=O)C(C)(NC(C)=O)C=3C=CC(=CC3)S(C)(=O)=O,1.644,O=C(Cc1ccccc1)N1CC=C(c2ccccc2)C1
XS848298a,COC(=O)CC1C(=O)NCCN1C(=O)CSC2=NN=C(O2)C3=CNC=4C=CC=CC34,5.216,O=C1CN(C(=O)CSc2nnc(-c3c[nH]c4ccccc34)o2)CCN1
XS848300a,CC1=CC(C)=NN1C=2C=CC(=CC2)CC(=O)N3CCCC3C=4C=CC=5OCCCOC5C4,2.234,O=C(Cc1ccc(-n2cccn2)cc1)N1CCCC1c1ccc2c(c1)OCCCO2
XS848289a,O=C(C1CCCC=2NN=CC21)N3CCCN(CC3)S(=O)(=O)C=4C=CC=5OCCOC5C4,1.53,O=C(C1CCCc2[nH]ncc21)N1CCCN(S(=O)(=O)c2ccc3c(c2)OCCO3)CC1
XS842682b,CC1CC=2C=C(C=CC2N1S(C)(=O)=O)C3=CSC(CC4=CN5C=CC=CC5=N4)=N3,2.064,c1ccn2cc(Cc3nc(-c4ccc5c(c4)CCN5)cs3)nc2c1
XS848288a,CCN(CC)C(=O)C=1C=CC=C(C1)NC(=O)C2CCCN(C2)S(=O)(=O)C3=CC=CS3,1.574,O=C(Nc1ccccc1)C1CCCN(S(=O)(=O)c2cccs2)C1
XS838237b,CC1(C)CC(=C2C(C1)=NN(C=3C=CC=CC3)P2(=S)NC=4C=CC=CN4)N5CCCC5,0.678,S=P1(Nc2ccccn2)C2=C(N3CCCC3)CCCC2=NN1c1ccccc1
XS848294a,CC(=O)N1CCC(CC1)C(=O)NCC(C2=CNC=3C=CC=CC23)C=4C=CC=CC4Cl,0.996,O=C(NCC(c1ccccc1)c1c[nH]c2ccccc12)C1CCNCC1
XS848296a,CN1C(CNC=2C=CC=C(C2)C(=O)NC(CO)C=3C=CC=C(F)C3)=NN=C1C=4C=CN=CN4,0.494,O=C(NCc1ccccc1)c1cccc(NCc2nnc(-c3ccncn3)[nH]2)c1
XS848293a,COC=1C=CC=C(C1)N2CC(CC2=O)C(=O)N3CCCN(CC3)S(=O)(=O)C=4C(C)=NOC4C,3.422,O=C(C1CC(=O)N(c2ccccc2)C1)N1CCCN(S(=O)(=O)c2cnoc2)CC1
XS848297a,O=C(C1=CC(=NN1C=2C=CC=CC2)C3CC3)N4CCN(CC4)C(=O)C5COC=6C=CC=CC6O5,1.63,O=C(c1cc(C2CC2)nn1-c1ccccc1)N1CCN(C(=O)C2COc3ccccc3O2)CC1
XS776866b,CC(C)CN1CC(CC1=O)C(=O)NCC2(CCOCC2)C=3C=CC(Br)=CC3,1.0,O=C1CC(C(=O)NCC2(c3ccccc3)CCOCC2)CN1
XS838468b,CC=1C=NN(C)C1NC(=O)C2CC=3C=CC=CC32,0.666,O=C(Nc1ccn[nH]1)C1Cc2ccccc21
XS848305a,CC1=C(C=NN1C)C(=O)NC(C)C2=CC=CS2,0.686,O=C(NCc1cccs1)c1cn[nH]c1
XS848310a,O=C(NC1CCCCNC1=O)C=2C=CC(=O)NN2,1.572,O=C(NC1CCCCNC1=O)c1ccc(=O)[nH]n1
XS836846b,O=C1OCCC1NC=2C=CC=3OCCCC3C2,1.202,O=C1OCCC1Nc1ccc2c(c1)CCCO2
XS041621c,O=C(O)C1CCCCN1CC=2C=CC=C(F)C2,0.584,c1ccc(CN2CCCCC2)cc1
XS842716b,CC=1C=C(F)C=CC1NC(C)CC2=CC=NO2,0.454,c1ccc(NCCc2ccno2)cc1
XS848309a,CC1=NOC(=N1)C(C)SC=2N=C(C)C=C(N)N2,0.352,c1cnc(SCc2ncno2)nc1
XS837287b,CC(C(=O)N(C)CC(F)F)C=1C=CC(=CC1)N(C)C,0.598,c1ccccc1
XS848318a,CN1C=CC=C1C2COCCN2C(=O)C=3C=CC=NC3,0.418,O=C(c1cccnc1)N1CCOCC1c1ccc[nH]1
XS637235b,CCC(C)NC(=O)NC=1C=NN(C1)C=2C=CC=CC2,0.376,c1ccc(-n2cccn2)cc1
XS842302b,C#CCC(NC(=O)C=1C=NC2=CC=CC=C2N1)C(N)=O,0.718,c1ccc2nccnc2c1
XS848328a,O=C(NC1CCOC2(CCC2)C1)C=3C=CC=4C=CNC4C3,0.374,O=C(NC1CCOC2(CCC2)C1)c1ccc2cc[nH]c2c1
XS588503b,CCC1C(=O)NCCN1C(=O)CSC=2C=CC=CC2,1.868,O=C1CN(C(=O)CSc2ccccc2)CCN1
XS848327a,O=C(C1=CSC=N1)N2CCCC2CCC=3C=CC=CC3,0.802,O=C(c1cscn1)N1CCCC1CCc1ccccc1
XS682057b,COC=1N=CC=CC1NC(=O)C2COC=3C=CC=CC3C2,3.858,O=C(Nc1cccnc1)C1COc2ccccc2C1
XS482787b,O=C(O)C=1C=CC(=NC1)N2CCC(CC=3C=CC=CC3)C2,0.602,c1ccc(CC2CCN(c3ccccn3)C2)cc1
XS848330a,CC1CC=2C=CC=CC2N1C(=O)CSC=3N=CC=CN3,2.384,O=C(CSc1ncccn1)N1CCc2ccccc21
XS848337a,CCCC(C)NC(=O)C=1C=NN(C1C)C=2C=CC=C(C)C2,0.974,c1ccc(-n2cccn2)cc1
XS837510b,COC1CC=2C=CC(=CC2C1)NC3=CC(C)=NC4=NC=NN34,1.492,c1cc(Nc2ccc3c(c2)CCC3)n2ncnc2n1
XS848342a,CC1=CC(=NO1)NC(=O)C(C)SC=2C=CC(C)=CC2C,0.574,O=C(CSc1ccccc1)Nc1ccon1
XS154265c,CC1=NOC(CN(C)C(C)C2=NC=3C=CC=CC3S2)=N1,0.806,c1ccc2sc(CNCc3ncno3)nc2c1
XS848354a,O=C(NCC1CC=2C=CC=CC21)NC=3C=CC=4OCOC4C3,0.44,O=C(NCC1Cc2ccccc21)Nc1ccc2c(c1)OCO2
XS848356a,CC1=NOC(=N1)C2CCCN(C2)C(=O)NC3CCCCC3,0.544,O=C(NC1CCCCC1)N1CCCC(c2ncno2)C1
XS848350a,COC=1C=CC=2CCCC(CC2C1)NC=3C=C(C#N)N=CN3,0.498,c1ccc2c(c1)CCCC(Nc1ccncn1)C2
XS848353a,CCC=1C=CC(=CC1)NC(C)C(=O)N(C)CC=2C=CC=CC2,0.726,O=C(CNc1ccccc1)NCc1ccccc1
XS839907b,CNC=1N=C(C)C=C(N1)C(=O)N2CCN(C3CC3)C(C#N)C2,0.8,O=C(c1ccncn1)N1CCN(C2CC2)CC1
XS848364a,CC(SC1=NN=C(O1)C2CCCCC2)C(=O)NC(N)=O,0.32,c1nnc(C2CCCCC2)o1
XS848363a,CC=1C=CC(=CC1)C2=CN=C(CCC(=O)OC(C)C(N)=O)O2,0.7,c1ccc(-c2cnco2)cc1
XS837166b,COC=1C=CN=C(N1)NNC(=O)C2CCCC=3C=CC=CC32,0.984,O=C(NNc1ncccn1)C1CCCc2ccccc21
XS838450b,CN1CCC(OC(=O)C=2C=CC=C3N=C(O)C(O)=NC23)C1=O,2.326,O=C(OC1CCNC1=O)c1cccc2nccnc12
XS848381a,CC=1C=CC(=CC1)CC(=O)N2C=3C=CC=CC3CC2CC(=O)O,1.456,O=C(Cc1ccccc1)N1CCc2ccccc21
XS848371a,O=C(C1CC=2C=CC=CC2O1)N3CCN(CC3)C=4N=CC=CN4,0.56,O=C(C1Cc2ccccc2O1)N1CCN(c2ncccn2)CC1
XS841985b,CC=1C=CC2=C(N1)OCCN2S(=O)(=O)CC3CCCCO3,0.734,O=S(=O)(CC1CCCCO1)N1CCOc2ncccc21
XS839476b,COC1=NN2C=CC=NC2=C1C=3C=CC(=CC3)C4CCC(=O)N4,4.15,O=C1CCC(c2ccc(-c3cnn4cccnc34)cc2)N1
XS848375a,CC1CC=2C=CC=CC2N1C(=O)C=3C=CC=4NC(=O)CCC4C3,1.366,O=C1CCc2cc(C(=O)N3CCc4ccccc43)ccc2N1
XS848382a,CC=1C=CC(Cl)=C(C1)OC(C)C(=O)N(C)C2=NC=CS2,0.65,O=C(COc1ccccc1)Nc1nccs1
XS848389a,CC1=C(C=CN1C)C(=O)N2CCC(C2)NC=3C=CC=C(Cl)C3,0.532,O=C(c1cc[nH]c1)N1CCC(Nc2ccccc2)C1
XS848393a,CC(C)C=1C=CC=C(C1)CNC(=O)C2CCC3=NNC(=O)N3C2,1.438,O=C(NCc1ccccc1)C1CCc2n[nH]c(=O)n2C1
XS848390a,O=C(C1CC=2C=CC=CC2O1)N3CCC=4NC=5C=CC=CC5C4C3,1.688,O=C(C1Cc2ccccc2O1)N1CCc2[nH]c3ccccc3c2C1
XS670047b,COCC1(CCCN1C(=O)C=2C=CC=CC2OC3CC3)C(N)=O,1.716,O=C(c1ccccc1OC1CC1)N1CCCC1
XS848392a,CC=1C=CC(C)=C(C1)CS(=O)CCC(=O)NC=2C=CC=CC2,2.7,O=C(CCS(=O)Cc1ccccc1)Nc1ccccc1
XS848394a,CC(NC(=O)C=1C=CN(C)C(=O)C1)C=2C=CC=3OCCOC3C2,0.546,O=C(NCc1ccc2c(c1)OCCO2)c1cc[nH]c(=O)c1
XS848398a,CC1=NOC(C)=C1CC(=O)N2CCCC2C=3C=CC=C(Cl)C3,0.398,O=C(Cc1cnoc1)N1CCCC1c1ccccc1
XS837677b,CC(C)(OCC(F)(F)F)C(=O)NC1CS(=O)(=O)C1(C)C,16.312,O=S1(=O)CCC1
XS836468b,CC(C)C(C)(NS(=O)(=O)C=1C=CC=CC1C(F)F)C(N)=O,0.914,c1ccccc1
XS848386a,O=C(NC=1C=CC=C(C1)C2=CC=CS2)NC3CCCNC3=O,4.468,O=C(Nc1cccc(-c2cccs2)c1)NC1CCCNC1=O
XS848396a,CC=1C=C(NC(=O)C2CC(=O)N(C2)C=3C=CC=CC3F)N(C)N1,2.214,O=C(Nc1ccn[nH]1)C1CC(=O)N(c2ccccc2)C1
XS848400a,CCCC1CCCN(CC1)C(=O)C2=CC(=NN2)C3=CC=CS3,0.422,O=C(c1cc(-c2cccs2)n[nH]1)N1CCCCCC1
XS836681b,CN1C=2C=CC=CC2C(=O)NC1C=3C=NN(C3)C=4C=CC(F)=CC4,3.044,O=C1NC(c2cnn(-c3ccccc3)c2)Nc2ccccc21
XS848415a,COC=1C=CC=C(C(=O)NC(C)C2=CC=3C=CC=CC3O2)C1OC,1.236,O=C(NCc1cc2ccccc2o1)c1ccccc1
XS841986b,COC=1C=CC(=C(C)C1)S(=O)(=O)N2CCCC32CCNC3=O,0.43,O=C1NCCC12CCCN2S(=O)(=O)c1ccccc1
XS433109b,CCC1=NOC=2N=CC(=CC12)C(=O)N3CCCC(C3)C4=CC=NN4,0.472,O=C(c1cnc2oncc2c1)N1CCCC(c2ccn[nH]2)C1
XS417459b,CC=1C=CC=NC1C2=NOC(=N2)C3CC(C)(C)OC=4C=CC=CC43,0.812,c1ccc(-c2noc(C3CCOc4ccccc43)n2)nc1
XS848409a,CC(C)C=1C=CC(=CC1)NC(=O)CC(NC(N)=O)C=2C=CC=CC2,0.88,O=C(CCc1ccccc1)Nc1ccccc1
XS848412a,COC=1C=CC(=CC1)C2CCCN2S(=O)(=O)C3=CC=CS3,3.188,O=S(=O)(c1cccs1)N1CCCC1c1ccccc1
XS848406a,CCCN(CC(=O)NC(=O)NC)CC1COC=2C=CC=CC2O1,0.866,c1ccc2c(c1)OCCO2
XS848407a,CC(C)N1C=NC(=C1)S(=O)(=O)N2CC(C)OC=3C=CC=CC32,0.376,O=S(=O)(c1c[nH]cn1)N1CCOc2ccccc21
XS848413a,CCOCCNC(=O)N1CCCC1C=2C=C(C=CC2OC)OC,0.616,c1ccc(C2CCCN2)cc1
XS848403a,CC=1C=CC(=CN1)C(=O)N2CCCC2C=3C=CC=C4OCCOC34,0.62,O=C(c1cccnc1)N1CCCC1c1cccc2c1OCCO2
XS848401a,CC1=NN(C)C(C)=C1C(C)NC(=O)NC=2C=CC=C(C2)C(F)F,0.67,O=C(NCc1cn[nH]c1)Nc1ccccc1
XS848419a,CC=1C=NN(C1)CC2CCCCN2CC3=NN=C(O3)C4=CC=CO4,0.378,c1coc(-c2nnc(CN3CCCCC3Cn3cccn3)o2)c1
XS805251b,O=C(C=1C=C(Cl)C=C(Cl)C1)N2CCOCC2C=3N=CON3,0.414,O=C(c1ccccc1)N1CCOCC1c1ncon1
XS684055b,O=C(C=1C=C(ON1)C2=CC=CS2)N3CCCC(C3)N4C=CC=N4,0.742,O=C(c1cc(-c2cccs2)on1)N1CCCC(n2cccn2)C1
XS848418a,CCCCN1N=C(C=CC1=O)C(=O)N2CCCC(C2)N3C=NC=N3,0.5,O=C(c1ccc(=O)[nH]n1)N1CCCC(n2cncn2)C1
XS842599b,CC1CN(C(=O)C2=CC(Cl)=CN2C)C=3C=CC=CC3N(C)C1=O,0.82,O=C1CCN(C(=O)c2ccc[nH]2)c2ccccc2N1
XS848427a,CN(CC(=O)NC(C)(C)C)C(=O)C(C=1C=CC=CC1)N2C=CC=N2,0.764,c1ccc(Cn2cccn2)cc1
XS848424a,CC1=NN(N=C1C(=O)N(CC2CCOC2)C3CC3)C=4C=CC=CC4,0.362,O=C(c1cnn(-c2ccccc2)n1)N(CC1CCOC1)C1CC1
XS848423a,CC1=CC(=NO1)NC(=O)NCC(C=2C=CC=CC2)N3CCOCC3,0.778,O=C(NCC(c1ccccc1)N1CCOCC1)Nc1ccon1
XS837701b,O=C(CC1CCN(CC(F)(F)F)C1)NC=2C=NC=C3CCCC23,10.764,O=C(CC1CCNC1)Nc1cncc2c1CCC2
XS840658b,CNC(=O)C(C)CN(C)C(=O)NC=1C=CC=CC1C2=CC=CS2,4.568,c1ccc(-c2cccs2)cc1
XS848436a,O=C1C=2C=CSC2N=CN1CC(O)COC=3C=CC(Cl)=CC3,1.998,O=c1c2ccsc2ncn1CCCOc1ccccc1
XS701361b,CCC1C(=O)NCCN1C(=O)NC=2C=C(F)C=C(C2)N3CCCC3,3.076,O=C1CN(C(=O)Nc2cccc(N3CCCC3)c2)CCN1
XS848428a,CC1=C(C=NN1C=2C=CC=CC2)C(=O)NC(C(=O)O)C=3C=CC=CC3,0.94,O=C(NCc1ccccc1)c1cnn(-c2ccccc2)c1
XS848437a,CC(C)C1=NOC(CCCC(=O)N2CCC=3SC=CC3C2C)=N1,0.572,O=C(CCCc1ncno1)N1CCc2sccc2C1
XS836841b,COC(=O)C1=CN(N=N1)C2CCCN(CC3=NC(=NO3)N(C)C)C2,0.604,c1cn(C2CCCN(Cc3ncno3)C2)nn1
XS848435a,COCC1(CCCN1CC=2C=NN(C2)C=3C=CC(F)=CC3)C(N)=O,0.656,c1ccc(-n2cc(CN3CCCC3)cn2)cc1
XS848431a,CC1CN(CCCO1)C(=O)C=2C=CC(=NC2)N3C=NC=4C=CC=CC43,1.028,O=C(c1ccc(-n2cnc3ccccc32)nc1)N1CCCOCC1
XS667427b,CC=1OC(=NC1C(=O)N2CCOCC32CCOC3)C4=CC=CS4,1.364,O=C(c1coc(-c2cccs2)n1)N1CCOCC12CCOC2
XS848432a,COC=1C=CC=CC1NC(=O)NC2CCSC=3C(F)=CC=CC32,2.686,O=C(Nc1ccccc1)NC1CCSc2ccccc21
XS848450a,CC(SC=1N=CN=C2C1C=NN2C)C(=O)C3=CNC=4C=CC=CC34,2.188,O=C(CSc1ncnc2[nH]ncc12)c1c[nH]c2ccccc12
XS848445a,O=C(NC=1C=CC(=CC1)C(F)(F)F)N2CCCCC2C=3C=NNC3,0.524,O=C(Nc1ccccc1)N1CCCCC1c1cn[nH]c1
XS848459a,CCN(CC=1C=CC=CC1)C(=O)NC2CC(=O)N(C2)C=3C=CC=CC3,0.992,O=C(NCc1ccccc1)NC1CC(=O)N(c2ccccc2)C1
XS848447a,CC=1C=CC(=CC1)OC=2C=CC=CC2CNC(=O)C3CCNC(=O)C3,0.864,O=C1CC(C(=O)NCc2ccccc2Oc2ccccc2)CCN1
XS841988b,O=C(NC=1C=CC=C2NC=CC12)C(=O)N3CCCCC3C=4C=NNC4,0.43,O=C(Nc1cccc2[nH]ccc12)C(=O)N1CCCCC1c1cn[nH]c1
XS848452a,CNC(=O)C1CCCCN1S(=O)(=O)C=2C=NN(C2)C3CCCC3,0.522,O=S(=O)(c1cnn(C2CCCC2)c1)N1CCCCC1
XS842604b,CC(CN1C=CC=N1)NC(=O)C2=CC=3COC=4C=CC=CC4C3S2,0.686,O=C(NCCn1cccn1)c1cc2c(s1)-c1ccccc1OC2
XS848461a,CC(C(=O)NCC1=NN=C2CCCN12)C=3C(Cl)=CC=CC3Cl,15.602,O=C(Cc1ccccc1)NCc1nnc2n1CCC2
XS848444a,CN1C=C(C=N1)C(=O)N2CCCCC2C=3C=CC(=CC3)C(F)(F)F,2.196,O=C(c1cn[nH]c1)N1CCCCC1c1ccccc1
XS676185b,CC1=NOC(=N1)C(C)S(=O)(=O)CC2=CSC(=N2)C3CCCC3,0.84,O=S(=O)(Cc1csc(C2CCCC2)n1)Cc1ncno1
XS838661b,COC(=O)C=1C=C(C#N)C=CC1N2CC(CC32CCCC3)C(=O)OC,0.626,c1ccc(N2CCCC23CCCC3)cc1
XS848472a,CCCC(=O)N1CCC(CC1)C(=O)NC2CCCCC=3C=CC=CC32,1.634,O=C(NC1CCCCc2ccccc21)C1CCNCC1
XS848470a,CC(NC(=O)CCNC(=O)C1=CC=CO1)C=2C=CC=3OCCOC3C2,0.392,O=C(CCNC(=O)c1ccco1)NCc1ccc2c(c1)OCCO2
XS837223b,O=C(NCC=1C=CN=C(C1)OC2CCOC2)C3=COC(CC4CC4)=N3,0.552,O=C(NCc1ccnc(OC2CCOC2)c1)c1coc(CC2CC2)n1
XS690318b,CC(NC(=O)C=1C=COC1)C(=O)N2CCC(CC=3C=CC=CC3)CC2,0.65,O=C(NCC(=O)N1CCC(Cc2ccccc2)CC1)c1ccoc1
XS548492b,CC1CN(C(=O)C=2C=CC3=C(C2)N=NN3C)C=4C=C(Cl)C=CC4O1,0.808,O=C(c1ccc2[nH]nnc2c1)N1CCOc2ccccc21
XS840509b,CC1=C(C=NN1C)C(C)NC(=O)C2=CC=3C=C(C=CC3S2)[N+]([O-])=O,2.276,O=C(NCc1cn[nH]c1)c1cc2ccccc2s1
XS848465a,COC=1C=CC=CC1C(C)NC(=O)CN2C=NC=3C=CSC3C2=O,1.078,O=C(Cn1cnc2ccsc2c1=O)NCc1ccccc1
XS848464a,CC1=CN=C(O1)C=2C=CC=C(C2)NC(=O)NC(CO)CC3CCCC3,0.486,O=C(NCCC1CCCC1)Nc1cccc(-c2ncco2)c1
XS848469a,NC(=O)C1CCCN(C1)C(=O)C=2C=C(Br)C=CC2Cl,0.45,O=C(c1ccccc1)N1CCCCC1
XS588683b,COC=1C=CC=CC1C(=O)NC(C2=NOC(C)=N2)C=3C=CC=CC3F,0.84,O=C(NC(c1ccccc1)c1ncon1)c1ccccc1
XS848481a,O=C(NC=1C=CC(=O)N(C1)CC=2C=CC=CC2)C3CCS(=O)(=O)C3,0.8,O=C(Nc1ccc(=O)n(Cc2ccccc2)c1)C1CCS(=O)(=O)C1
XS738418b,CCN(C(=O)C=1C=C2C=CC=CC2=C(N1)OC)C3CCS(=O)(=O)C3,0.99,O=C(NC1CCS(=O)(=O)C1)c1cc2ccccc2cn1
XS842067b,COC(=O)C(C)(CC1=CCCCC1)NC(=O)C=2C=CC(=CN2)C(N)=O,0.564,O=C(NCCC1=CCCCC1)c1ccccn1
XS848480a,CCOC=1C(Br)=CC(=CC1OC)C(=O)NC(C)COC,0.392,c1ccccc1
XS842672b,O=C1C=C(CN2CCCC3(CCCC=4C=CC=CC43)C2)NC5=CC=NN15,1.76,O=c1cc(CN2CCCC3(CCCc4ccccc43)C2)[nH]c2ccnn12
XS836496b,CC1=CC=C(O1)C=2C=C(C(=O)NC(C)C=3N=NNN3)C4=CC=CC=C4N2,0.588,O=C(NCc1nn[nH]n1)c1cc(-c2ccco2)nc2ccccc12
XS837096b,CC(NC(=O)NC=1C=CC(=CC1)N2N=CC=3C=CC=CC32)C=4N=CNN4,0.782,O=C(NCc1nc[nH]n1)Nc1ccc(-n2ncc3ccccc32)cc1
XS837175b,NC=1N=CC(Cl)=CC1S(=O)(=O)NCCCOCC2CCCO2,0.32,O=S(=O)(NCCCOCC1CCCO1)c1cccnc1
XS848494a,CC=1C=CC(=CC1)C2=NN=C(CCC(=O)NC(C)C(=O)N3CCCC3)O2,0.66,O=C(CCc1nnc(-c2ccccc2)o1)NCC(=O)N1CCCC1
XS742942b,CCN1CCN(C(=O)C(NC(=O)C2=CC=CO2)C(C)C)C=3C=CC=CC31,0.336,O=C(NCC(=O)N1CCNc2ccccc21)c1ccco1
XS848490a,CC1=CC(=NO1)NC(=O)C(C)SCC(=O)NCC=2C=CC=CC2F,0.654,O=C(CSCC(=O)Nc1ccon1)NCc1ccccc1
XS848486a,CC=1C=CC(=CC1)C(C)C(=O)OCC2=CC(=O)N3C=C(Cl)C=CC3=N2,0.708,O=C(Cc1ccccc1)OCc1cc(=O)n2ccccc2n1
XS517856b,CN1N=NC=C1C(=O)NC2CCN(C2)C=3C=CC=C(C3)OC(F)(F)F,1.166,O=C(NC1CCN(c2ccccc2)C1)c1cnn[nH]1
XS815266b,CC=1N=C(NC(=O)C1CC(=O)NC(C)C2=CC=CS2)C=3C=CC=CN3,0.55,O=C(Cc1cnc(-c2ccccn2)[nH]c1=O)NCc1cccs1
XS839069b,CC1CN(C(=O)C=2C=CC(Cl)=C(C2)S(C)(=O)=O)C=3C=CC=NC31,0.402,O=C(c1ccccc1)N1CCc2ncccc21
XS838144b,COCC(C)S(=O)(=O)NCC=1C=CC(=CC1)CN2C=CC=CC2=O,3.986,O=c1ccccn1Cc1ccccc1
XS848501a,CCC(NC(=O)CC1=CC(OC)=C(OC)C(=C1)OC)C=2C=CC(C)=CC2,0.44,O=C(Cc1ccccc1)NCc1ccccc1
XS707137b,COC=1C=CC=C(C1)N2CC(CC2=O)C(=O)NC=3C=CC=C(Cl)C3C,3.844,O=C(Nc1ccccc1)C1CC(=O)N(c2ccccc2)C1
XS848503a,CNC(=O)CN1C=2C=CC=CC2C(=O)N(C)C1C3=CC=4C=CC=CC4OC3,1.436,O=C1NC(C2=Cc3ccccc3OC2)Nc2ccccc21
XS848498a,COC=1C=CC(=CC1F)CN(C)C(=O)C2CC(=O)NC=3C=C(F)C=CC32,1.894,O=C1CC(C(=O)NCc2ccccc2)c2ccccc2N1
XS848502a,COC=1C=CC(=CC1OC)C2CCCN2CC3=NC(=NO3)C=4C=CC=CC4,0.844,c1ccc(-c2noc(CN3CCCC3c3ccccc3)n2)cc1
XS848499a,O=C(NCC=1C=CC=CC1OC(F)F)NCC2COC=3C=CC=CC3O2,0.66,O=C(NCc1ccccc1)NCC1COc2ccccc2O1
XS848505a,CC(C(=O)NC=1C=CC(=CC1)S(N)(=O)=O)N2CCCC=3C=CC=CC32,1.704,O=C(CN1CCCc2ccccc21)Nc1ccccc1
XS848495a,COC=1C=CC(=CC1)C2CCCCCN2C(=O)COC=3C=CC(C#N)=CC3,1.326,O=C(COc1ccccc1)N1CCCCCC1c1ccccc1
XS837933b,CC1=CC(=CN(C)C1=O)C(=O)NC2(C)CCN(C2)C=3N=CN=C(C)C3F,0.972,O=C(NC1CCN(c2ccncn2)C1)c1ccc(=O)[nH]c1
XS840776b,CC=1C=CC=C(C1S(=O)(=O)NC(C)C2=NN=C3C=CC=CN23)[N+]([O-])=O,0.38,O=S(=O)(NCc1nnc2ccccn12)c1ccccc1
XS848496a,CC=1N=C(SCC(=O)NCC2CCCO2)C=3C=4CCCC4SC3N1,0.382,O=C(CSc1ncnc2sc3c(c12)CCC3)NCC1CCCO1
XS839413b,CC(CN(C)C(=O)C=1C=C(OCC2CC2)C3=CC=CC=C3N1)C4=NN=NN4,0.428,O=C(NCCc1nnn[nH]1)c1cc(OCC2CC2)c2ccccc2n1
XS848518a,CCOC=1C=CC(=CC1)C(C)NC(=O)C=2C=CC(=NC2)OCC(F)(F)F,0.918,O=C(NCc1ccccc1)c1cccnc1
XS848522a,O=C(CN1C=NC=2SC=CC2C1=O)NC(C=3C=CC=CC3)C(F)(F)F,0.672,O=C(Cn1cnc2sccc2c1=O)NCc1ccccc1
XS848511a,O=C(C1=CC=2CCCCC2S1)N3CCCC3C=4C=CC=5OCCOC5C4,1.262,O=C(c1cc2c(s1)CCCC2)N1CCCC1c1ccc2c(c1)OCCO2
XS722287b,O=C1C=2C=CC=CC2C=NN1CC(O)COC=3C=CC(Br)=CC3,0.688,O=c1c2ccccc2cnn1CCCOc1ccccc1
XS848514a,COC(=O)C=1C=CC(=CC1)C(=O)OC(C)C(=O)N2CCC=3C=CC=CC3C2,0.578,O=C(OCC(=O)N1CCc2ccccc2C1)c1ccccc1
XS837610b,[O-][N+](=O)C=1C=CC=C(C1)N2CCC(OC(=O)C3=CC=4COCCC4N3)C2=O,2.062,O=C(OC1CCN(c2ccccc2)C1=O)c1cc2c([nH]1)CCOC2
XS837650b,O=C(CN1C=CC=2C=CC=CC21)NC(CO)C=3C=CC(Br)=CC3,3.52,O=C(Cn1ccc2ccccc21)NCc1ccccc1
XS848527a,CN1N=CC=2C(=NC=NC21)N3CCN(CC3)C(=O)C4COC=5C=CC=CC5O4,3.286,O=C(C1COc2ccccc2O1)N1CCN(c2ncnc3[nH]ncc23)CC1
XS848533a,COC=1C=CC=C(C1)C(=O)N(CC=2SC=CC2C)C3CCS(=O)(=O)C3,1.014,O=C(c1ccccc1)N(Cc1cccs1)C1CCS(=O)(=O)C1
XS659002b,COC=1C=CC(CN(C)C(C)C(=O)NC=2C=CC=3OCCOC3C2)=C(C1)OC,1.258,O=C(CNCc1ccccc1)Nc1ccc2c(c1)OCCO2
XS837057b,COC=1C=C(C)C(=CC1OC)S(=O)(=O)NC(C=2N=CC=C(C)N2)C3CC3,0.706,O=S(=O)(NC(c1ncccn1)C1CC1)c1ccccc1
XS848532a,CSCCC(NC(=O)C=1C=CC=CC1Cl)C(=O)N2CCCCCCC2,0.956,O=C(NCC(=O)N1CCCCCCC1)c1ccccc1
XS678009b,CC1CC(=O)N(C)C=2C=CC(=CC21)NS(=O)(=O)C=3C=C(F)C=C(Cl)C3,0.418,O=C1CCc2cc(NS(=O)(=O)c3ccccc3)ccc2N1
XS837501b,O=C1CN=C(C=2C=CC=CC2)C=3C=C(C=CC3N1)C=4C=NN(N4)C5CCCCO5,1.082,O=C1CN=C(c2ccccc2)c2cc(-c3cnn(C4CCCCO4)n3)ccc2N1
XS848529a,CC(SCC=1C=CC=C(C1)S(=O)(=O)N(C)C)C(=O)NC=2C=CC=CC2,1.09,O=C(CSCc1ccccc1)Nc1ccccc1
XS848531a,CC(NC(=O)C=1C=CC=C(C1)N2C(=O)CCC2=O)C34CC5CC(CC(C5)C4)C3,1.948,O=C(NCC12CC3CC(CC(C3)C1)C2)c1cccc(N2C(=O)CCC2=O)c1
XS838494b,C=CC1(CCC1)C(=O)NC2CN(CC=3C=CC=CC32)C(=O)C=4C=C(O)N=CN4,0.574,O=C(NC1CN(C(=O)c2ccncn2)Cc2ccccc21)C1CCC1
XS848536a,CC(OC(=O)CC1=NN(C)C(=O)C=2C=CC=CC12)C(=O)NCC=3C=CC=CC3,1.21,O=C(COC(=O)Cc1n[nH]c(=O)c2ccccc12)NCc1ccccc1
XS693398b,COC=1C=CC(=CC1)C2CCCN2C(=O)CC=3C=C(Cl)C=4OCCOC4C3,0.984,O=C(Cc1ccc2c(c1)OCCO2)N1CCCC1c1ccccc1
XS810683b,CCCC(NC(=O)CN1C(=O)N(CC)C(=O)C=2C=CC=CC21)C=3C=CC=CC3,1.626,O=C(Cn1c(=O)[nH]c(=O)c2ccccc21)NCc1ccccc1
XS848540a,CSC1=NC=C(C(=O)OC(C(=O)NC(N)=O)C(C)C)N1C=2C=CC(F)=CC2,0.752,c1ccc(-n2ccnc2)cc1
XS848544a,COC=1C=CC(=CC1OC)CNC(=O)CC(NC(N)=O)C=2C=CC=CC2Cl,0.516,O=C(CCc1ccccc1)NCc1ccccc1
XS848541a,CN1C=C(C=2C=CC=CC21)C3CCN(C3)C(=O)C=4C=NN(C)C4CC=5C=CC=CC5,1.874,O=C(c1cn[nH]c1Cc1ccccc1)N1CCC(c2c[nH]c3ccccc23)C1
XS848543a,C=C(C)CN1C(=NC=2C=CC=CC21)C3CC(=O)N(C3)C=4C=C(Cl)C=CC4OC,2.138,O=C1CC(c2nc3ccccc3[nH]2)CN1c1ccccc1
XS848545a,O=C(NC1CN(CC2(CCC2)C1)C(=O)C=3C=CNN3)C=4C=NC5=CC=CC=C5C4,6.566,O=C(NC1CN(C(=O)c2cc[nH]n2)CC2(CCC2)C1)c1cnc2ccccc2c1
XS839965b,CC1(CC=2C=CC(=CC2)OC(F)(F)F)CCCN1S(=O)(=O)N3CCCC3,0.628,O=S(=O)(N1CCCC1)N1CCCC1Cc1ccccc1
XS842153b,COC(=O)C1=CC(=CN1C)NC(=O)N2CCC3(CC3C(=O)N4CCCC4)CC2,0.302,O=C(Nc1cc[nH]c1)N1CCC2(CC1)CC2C(=O)N1CCCC1
XS848547a,COC=1C=CC(OC)=C(C1)C2CCCN2C(=O)COC=3C=CC(Cl)=CC3C,0.52,O=C(COc1ccccc1)N1CCCC1c1ccccc1
XS848542a,CC=1C=CC=CC1C=2CC(C=3C=NC4=CC=CC=C4N3)N(N2)C(=O)CCC(=O)O,1.86,c1ccc(C2=NNC(c3cnc4ccccc4n3)C2)cc1
XS132489c,O=C(NC=1C=CC=CC1N2CCCCC2)C3CC(=O)N(C3)C=4C=CC=CC4Cl,5.326,O=C(Nc1ccccc1N1CCCCC1)C1CC(=O)N(c2ccccc2)C1
XS848546a,CC=1C=CC(=CC1)N2CC(CC2=O)C3=NC=4C=CC=CC4N3CC(=O)NC(C)C,2.466,O=C1CC(c2nc3ccccc3[nH]2)CN1c1ccccc1
XS839916b,O=C(NC1CN(CC2(CCC2)C1)C(=O)C3=CNN=N3)C=4C=CC=5N=CSC5C4,2.026,O=C(NC1CN(C(=O)c2c[nH]nn2)CC2(CCC2)C1)c1ccc2ncsc2c1
XS837108b,CCOC(=O)C1=C(C)NC2=C(C#N)C(=NN2C1C=3C=CC=CC3)N4CCOCC4,0.746,C1=CC(c2ccccc2)n2nc(N3CCOCC3)cc2N1
XS542691b,CC(C)OC1CCN(CC1)C(=O)C2CCCN(C2)C(=O)CCOC=3C=CC=CC3,3.276,O=C(CCOc1ccccc1)N1CCCC(C(=O)N2CCCCC2)C1
XS848556a,CC1=NN(C(C)=C1NC(=O)C2CC(=O)N(C2)C=3C=CC=4CCCC4C3)C=5C=CC=CC5,4.728,O=C(Nc1cnn(-c2ccccc2)c1)C1CC(=O)N(c2ccc3c(c2)CCC3)C1
XS848553a,CC(OC(=O)C1=CN(N=C1C=2C=CC(Cl)=CC2)C=3C=CC=CC3)C(=O)NC(N)=O,2.284,c1ccc(-c2ccn(-c3ccccc3)n2)cc1
XS080626b,COC=1C=CC(=CC1OC)C=2CC(C=3C=CC4=NC=CN=C4C3)N(N2)C(=O)C(C)C,4.284,c1ccc(C2=NNC(c3ccc4nccnc4c3)C2)cc1
XS848550a,COC=1C=CC(=CC1)C2CCCCCN2C(=O)CCCNC(=O)C=3C=CSC3,1.588,O=C(NCCCC(=O)N1CCCCCC1c1ccccc1)c1ccsc1
XS848577a,CCCNC(=O)C=1C=CC=CC1NC(=O)C2CC(=O)N(C2)C=3C=CC=4OCCOC4C3,4.636,O=C(Nc1ccccc1)C1CC(=O)N(c2ccc3c(c2)OCCO3)C1
XS848585a,O=C(C1CCCN1C2=NS(=O)(=O)C=3C=CC=CC23)N4CCN(CC5=CC=C(Cl)S5)CC4,1.612,O=C(C1CCCN1C1=NS(=O)(=O)c2ccccc21)N1CCN(Cc2cccs2)CC1
XS848576a,COC=1C=CC(=C(C1)OC)N2CC(CC2=O)C(=O)NC=3C=CC(OC)=C(C3)OC(F)F,3.766,O=C(Nc1ccccc1)C1CC(=O)N(c2ccccc2)C1
XS848567a,COC=1C=CC(=CC1)C(CNC(=O)CN2CCN(CC2)C(=O)C3CC3)C4=CNC=5C=CC=CC45,1.658,O=C(CN1CCN(C(=O)C2CC2)CC1)NCC(c1ccccc1)c1c[nH]c2ccccc12
XS848578a,O=C(C=1C=CC(=CC1)S(=O)(=O)N2CCCC2)N3CCCC3C=4C=CC=5OCCOC5C4,1.058,O=C(c1ccc(S(=O)(=O)N2CCCC2)cc1)N1CCCC1c1ccc2c(c1)OCCO2
XS840030b,COC=1C=CC(=CC1S(=O)(=O)NC(C)C)C2=NC(=NO2)C3CCCN(C3)C(C)=O,4.45,c1ccc(-c2nc(C3CCCNC3)no2)cc1
XS848572a,COC=1C=CC(=CC1S(=O)(=O)N2CCCC2)C(=O)OC(C)C(=O)N3CCC(C)CC3,0.732,O=C(OCC(=O)N1CCCCC1)c1cccc(S(=O)(=O)N2CCCC2)c1
XS848583a,COCCN1C=C(C=CC1=O)C(=O)NCC(C2=CNC=3C=CC=CC23)C=4C=CC=CC4Cl,0.632,O=C(NCC(c1ccccc1)c1c[nH]c2ccccc12)c1ccc(=O)[nH]c1
XS848573a,CS(=O)(=O)NC=1C=CC=C(C1)C=2CC(C=3C=CC4=NC=CN=C4C3)N(N2)S(C)(=O)=O,1.436,c1ccc(C2=NNC(c3ccc4nccnc4c3)C2)cc1
XS848568a,CC1=NN(C(C)=C1C2C(=O)NCCN2CC(=O)N(C)CC3=CC=CS3)C=4C=CC=CC4,0.884,O=C(CN1CCNC(=O)C1c1cnn(-c2ccccc2)c1)NCc1cccs1
XS842161b,O=C(C=1C=CC=NC1NC=2C=CC=C(C2)C(F)(F)F)N3CCCC(C3)N4C=C(CO)N=N4,0.37,O=C(c1cccnc1Nc1ccccc1)N1CCCC(n2ccnn2)C1
XS837078b,COCCC1(CC1)C(=O)N2CCC(CC2)S(C)(=O)=NC(=O)C=3C=CC=4N=NN(C)C4C3,0.606,O=C(N=[SH](=O)C1CCN(C(=O)C2CC2)CC1)c1ccc2nn[nH]c2c1
XS848570a,CC1=NN(CC(C)C)C(C)=C1CCC(=O)N2CCCCC2C3=NC=4C=CC=CC4S3,0.764,O=C(CCc1cn[nH]c1)N1CCCCC1c1nc2ccccc2s1
XS798610b,CC(C)C(NC(=O)C1=CC=CS1)C(=O)N2CCN(CC2)C=3N=CN=C4C3C=NN4C,0.574,O=C(NCC(=O)N1CCN(c2ncnc3[nH]ncc23)CC1)c1cccs1
XS848580a,COC=1C=C2CCN(CC(=O)NC(=O)NC3CCCC3)C(C4=CC=CS4)C2=CC1OC,1.496,O=C(CN1CCc2ccccc2C1c1cccs1)NC(=O)NC1CCCC1
XS839288b,CC(C=1N=CC=CN1)N(C)C=2N=CN=C(F)C2F,3.814,c1cnc(CNc2ccncn2)nc1
XS842256b,CC(C(=O)NCC1CCCC1)S(C)(=O)=O,0.614,C1CCCC1
XS837489b,CCN1N=CC=C1C2NC(=O)CN2CC,4.884,O=C1CNC(c2ccn[nH]2)N1
XS520569b,CC=1N=C(C)N(CC(O)COC=2C=CC=CC2)N1,0.46,c1ccc(OCCCn2cncn2)cc1
XS836940b,O=C(CN1C=CN=N1)N2CCCC32CCOC3=O,0.838,O=C(Cn1ccnn1)N1CCCC12CCOC2=O
XS841309b,O=C1ON=C(C=2C=CC=CN2)N1C3C=CCCC3,0.412,O=c1onc(-c2ccccn2)n1C1C=CCCC1
XS393571b,COC=1C=CC(=CN1)NC(=O)NC(C)C=2C=CC=CN2,0.892,O=C(NCc1ccccn1)Nc1cccnc1
XS848605a,CC(C)C(C)NC(=O)C1=CN(N=N1)C=2C=CC=CC2,0.382,c1ccc(-n2ccnn2)cc1
XS848598a,CC=1OC=CC1C(=O)N2CCCC(C2)N3C=NC=N3,0.784,O=C(c1ccoc1)N1CCCC(n2cncn2)C1
XS554996b,CC(C)(C)CC(=O)N1CCC(C1)NC=2C=CC=CC2,0.588,c1ccc(NC2CCNC2)cc1
XS838418b,CN1C=CN=C1C2=NOC(=N2)C3CCC4=CC=NN4C3,1.08,c1c[nH]c(-c2noc(C3CCc4ccnn4C3)n2)n1
XS841850b,CC1(C)C(CCN1C(N)=O)C=2C=CC=CC2Cl,0.534,c1ccc(C2CCNC2)cc1
XS848611a,O=C(NCCOC=1C=CC=CC1)C2CCC=3NN=CC3C2,1.508,O=C(NCCOc1ccccc1)C1CCc2[nH]ncc2C1
XS848609a,CCN1C(=NC=2C=CC=CC21)SC3CCN(C)C3=O,0.686,O=C1NCCC1Sc1nc2ccccc2[nH]1
XS848615a,O=C(NC=1C=CC=C(Br)C1)C2CCC(=O)N2,0.706,O=C1CCC(C(=O)Nc2ccccc2)N1
XS848607a,CC=1C=CC=CC1CN(C)C(=O)C2CCS(=O)(=O)C2,0.704,O=C(NCc1ccccc1)C1CCS(=O)(=O)C1
XS749572b,CCN(C)C(=O)N1CCC2(C1)CCC=3C=CC=CC3O2,0.51,c1ccc2c(c1)CCC1(CCNC1)O2
XS519851b,CC1=NOC(C)=C1NC(=O)CC2CCCC=3C=CC=CC32,1.038,O=C(CC1CCCc2ccccc21)Nc1cnoc1
XS589560b,O=C1C(CCN1C=2C=CC=CC2F)N3C=C(N=N3)C4CC4,0.432,O=C1C(n2cc(C3CC3)nn2)CCN1c1ccccc1
XS848612a,CC(SC=1C=CC=CN1)C(=O)NC=2C=CC=C(C#N)C2,0.402,O=C(CSc1ccccn1)Nc1ccccc1
XS848608a,CCC1C(=O)NCCN1C(=O)C=2C=CC=C3C=CC=CC23,2.082,O=C1CN(C(=O)c2cccc3ccccc23)CCN1
XS839698b,CC(CC1=CC=CS1)NC(=O)C=2C=CC=C3NC=NC23,0.382,O=C(NCCc1cccs1)c1cccc2[nH]cnc12
XS848627a,COC=1C=CC=C(C1)NC(=O)C(C)OC=2C=CC=CC2C#N,0.344,O=C(COc1ccccc1)Nc1ccccc1
XS848625a,COC1=CC(=CC(=C1)C(=O)NC2CCC=3C=CC=CC32)OC,1.26,O=C(NC1CCc2ccccc21)c1ccccc1
XS848623a,CC1(C)C(=O)NCCN1C(=O)C2CSC=3C=CC=CC32,1.736,O=C1CN(C(=O)C2CSc3ccccc32)CCN1
XS570359b,CC1=C(C=NN1C)C(C)NC(=O)N(C)CC2CCCCC2,0.494,O=C(NCc1cn[nH]c1)NCC1CCCCC1
XS848630a,O=C(NCC1CCCCC1(F)F)C=2C=NN3C=CC=CC23,0.432,O=C(NCC1CCCCC1)c1cnn2ccccc12
XS635420b,C1=NN2CC(CCC2=N1)NCC3=CC(=NO3)C=4C=CC=CC4,0.554,c1ccc(-c2cc(CNC3CCc4ncnn4C3)on2)cc1
XS848650a,CC=1N=C(SC1C(=O)NCC2CCCO2)C=3N=CC=CN3,0.342,O=C(NCC1CCCO1)c1cnc(-c2ncccn2)s1
XS800022b,CC1C(=O)NCCN1C(=O)NC=2C=CC(=CC2)C(F)(F)F,2.148,O=C1CN(C(=O)Nc2ccccc2)CCN1
XS848651a,CC(OC=1C=CC(F)=CC1)C(=O)NC=2C=CC(=CC2)C(=O)O,0.666,O=C(COc1ccccc1)Nc1ccccc1
XS848647a,O=C(NCCCN1C=NC=N1)NCC2CC=3C=CC=CC3O2,0.436,O=C(NCCCn1cncn1)NCC1Cc2ccccc2O1
XS848655a,CC(C1=CC=2C=CC=CC2O1)N(C)C(=O)CC=3C=CC=CC3O,0.438,O=C(Cc1ccccc1)NCc1cc2ccccc2o1
XS842444b,O=C(N1CCC(C1)C=2C=CC3=CC=CN=C3N2)C4(O)CCCC4,0.382,O=C(C1CCCC1)N1CCC(c2ccc3cccnc3n2)C1
XS838650b,CC1(C)C(CCS1(=O)=O)C2=NC(=NO2)NC=3C=CC=CC3,0.544,O=S1(=O)CCC(c2nc(Nc3ccccc3)no2)C1
XS848657a,O=C(CC1=NOC=2C=CC=CC12)N3CCCC3CN4C=CC=N4,0.602,O=C(Cc1noc2ccccc12)N1CCCC1Cn1cccn1
XS848654a,NS(=O)(=O)C1=CN=C(NC2CCCC=3C=CC=CC32)S1,0.38,c1ccc2c(c1)CCCC2Nc1nccs1
XS842713b,CCC1OC2(CCN(CC2)C(=O)CC3=CCCCC3)NC1=O,0.514,O=C1COC2(CCN(C(=O)CC3=CCCCC3)CC2)N1
XS848658a,CC1=CC(=NO1)NC(=O)C(C)SCC=2C=CC=C(Cl)C2,0.474,O=C(CSCc1ccccc1)Nc1ccon1
XS848656a,CC1CC=2C=CC=CC2N1CC(=O)NC3=CC(=NO3)C(C)(C)C,1.16,O=C(CN1CCc2ccccc21)Nc1ccno1
XS838704b,CC1(C)CC(CCO1)S(=O)(=O)CCC=2C=CC=C(Cl)C2,0.554,O=S(=O)(CCc1ccccc1)C1CCOCC1
XS390527b,CC=1OC(=NC1C(=O)N2C=3C=CC=CC3CC2C)C=4C=CC=CC4,0.984,O=C(c1coc(-c2ccccc2)n1)N1CCc2ccccc21
XS848673a,COC=1C=C2CCN(CC2=CC1OC)C(=O)C3CCC(=O)NC3,0.646,O=C1CCC(C(=O)N2CCc3ccccc3C2)CN1
XS841053b,[O-][N+](=O)C=1C=NN(C1)CCN2CCSC(C2)C=3C=CC=CC3,0.4,c1ccc(C2CN(CCn3cccn3)CCS2)cc1
XS848678a,CC(C)CCOC=1C=CC(=CC1)C(C)NC(=O)CN2C=NC=N2,0.742,O=C(Cn1cncn1)NCc1ccccc1
XS848676a,CC=1C=C(ON1)C2CCCN2C(=O)CC=3C=CC=4OCOC4C3,0.508,O=C(Cc1ccc2c(c1)OCO2)N1CCCC1c1ccno1
XS848671a,CCCC(C)NC(=O)C=1SC=2N=C3CCCN3C(=O)C2C1C,2.056,O=c1c2ccsc2nc2n1CCC2
XS842634b,CC1=CC(=NN1CC(=O)NC2CC32CCOCC3)C(F)(F)F,0.556,O=C(Cn1cccn1)NC1CC12CCOCC2
XS841898b,NC1=NOC=2C=C(C=CC12)CNC(=O)CC3CCC4(CCC4)O3,0.608,O=C(CC1CCC2(CCC2)O1)NCc1ccc2cnoc2c1
XS848683a,O=C(O)C1CCN(C1)C(=O)C=2C=CC=C(C2)OCC=3C=CC=CC3,0.496,O=C(c1cccc(OCc2ccccc2)c1)N1CCCC1
XS848687a,CC1=NOC(C)=C1CS(=O)CC(=O)NC=2C=CC(Cl)=CC2,0.592,O=C(CS(=O)Cc1cnoc1)Nc1ccccc1
XS848692a,CC(C)CC(C1=NC(=NO1)C2CC2)N3C(=O)C=4C=CC=CC4C3=O,0.546,O=C1c2ccccc2C(=O)N1Cc1nc(C2CC2)no1
XS848685a,O=C(COC=1C=CC(Cl)=CC1)N2CCOCC2C=3N=CON3,0.438,O=C(COc1ccccc1)N1CCOCC1c1ncon1
XS605977b,CS(=O)(=O)N1CCN(CC1)C(=O)C2COC=3C=CC=CC3C2,4.458,O=C(C1COc2ccccc2C1)N1CCNCC1
XS848684a,O=C(NC1CCN(C1=O)C=2C=CC(Cl)=C(F)C2)C=3C=CNN3,0.618,O=C(NC1CCN(c2ccccc2)C1=O)c1cc[nH]n1
XS848695a,CC1=NOC=2N=C(C)C=C(C(=O)N3CCC(C3)C=4C=CC=CC4)C12,0.738,O=C(c1ccnc2oncc12)N1CCC(c2ccccc2)C1
XS848688a,O=C(CN1N=NC=2C=CC=CC21)NCC3CCCC=4C=CC=CC43,2.46,O=C(Cn1nnc2ccccc21)NCC1CCCc2ccccc21
XS840056b,COC=1C=CC(=CC1)CN(C(=O)C2CC=CCO2)C=3C=CN=CC3,0.754,O=C(C1CC=CCO1)N(Cc1ccccc1)c1ccncc1
XS840718b,O=C(C1CCN(CC(F)(F)F)C1)N2CCCCC=3C=CC=NC32,0.402,O=C(C1CCNC1)N1CCCCc2cccnc21
XS842156b,O=C(CN1CC(CO)CC=2C=CC=CC21)NC=3C=CC(Cl)=CN3,0.432,O=C(CN1CCCc2ccccc21)Nc1ccccn1
XS848698a,COC=1C=CC(=CC1)CCCC(=O)N2CCCC(C2)N3C=CC=N3,0.912,O=C(CCCc1ccccc1)N1CCCC(n2cccn2)C1
XS848707a,CCC1CCC=2N=C(NC(=O)C=3C=CC4=NN=CN4C3)SC2C1,1.094,O=C(Nc1nc2c(s1)CCCC2)c1ccc2nncn2c1
XS838157b,CC1CSC=2C=CC=CC2N1CC=3N=NN(CC(F)(F)F)N3,0.376,c1ccc2c(c1)SCCN2Cc1nn[nH]n1
XS848704a,CC1=CC=C(O1)C(C)NC(=O)NC=2C=CC(=NC2)N3CCOCC3,1.444,O=C(NCc1ccco1)Nc1ccc(N2CCOCC2)nc1
XS848720a,O=C(NC1COC=2C=CC=CC2C1)C3=CC=C(NC3=O)C4=CC=CO4,0.558,O=C(NC1COc2ccccc2C1)c1ccc(-c2ccco2)[nH]c1=O
XS848709a,CC1=CSC(=N1)C(C)NC(=O)NCC=2C=CC=CC2OC(C)C,0.416,O=C(NCc1ccccc1)NCc1nccs1
XS848711a,CC=1C=C(NC(=O)CN2CCOC(CN3N=C(C)C=C3C)C2)ON1,0.404,O=C(CN1CCOC(Cn2cccn2)C1)Nc1ccno1
XS711308b,FC(F)C1=NN=C2C=CC(=NN12)N3CC4(CCOCC4)C3C5CC5,0.874,c1cc2nncn2nc1N1CC2(CCOCC2)C1C1CC1
XS839918b,O=C(NC1=NC=CN2N=CC=C12)C3CC4(CO3)CCC(F)(F)CC4,0.548,O=C(Nc1nccn2nccc12)C1CC2(CCCCC2)CO1
XS836718b,CC(OC(=O)C1=CC(=NN1C=2C=CC=CC2)C=3C=CC=CC3)C(N)=O,0.844,c1ccc(-c2ccn(-c3ccccc3)n2)cc1
XS848712a,CC=1N=C(SC1C)C2CCCN(C2)C(=O)CCC=3C=NN(C)C3,0.832,O=C(CCc1cn[nH]c1)N1CCCC(c2nccs2)C1
XS529906b,CC1=NN=C2CN(C)C(CN12)C(=O)NC=3C=NN(CC(C)C)C3C,1.052,O=C(Nc1cn[nH]c1)C1Cn2cnnc2CN1
XS848718a,O=C(COCC1=NC=2C=CC=CC2S1)NC3CCCCNC3=O,0.436,O=C(COCc1nc2ccccc2s1)NC1CCCCNC1=O
XS839260b,OCC1CC2(CCC2)CCN1C=3N=CC=C(COC=4C=CC=CC4)N3,0.502,c1ccc(OCc2ccnc(N3CCC4(CCC4)CC3)n2)cc1
XS848727a,CC(OCC=1C=CC=CC1)C(=O)NC2=CC(=CNC2=O)C(F)(F)F,1.21,O=C(COCc1ccccc1)Nc1ccc[nH]c1=O
XS848725a,CC(NS(=O)(=O)CC1(C)CCOCC1)C2=NN=C3C=CC=CN23,0.324,O=S(=O)(CC1CCOCC1)NCc1nnc2ccccn12
XS842616b,O=S(=O)(CC1CCC2(CCC2)O1)NC3(CC3)C=4C=CC(F)=CC4,0.602,O=S(=O)(CC1CCC2(CCC2)O1)NC1(c2ccccc2)CC1
XS848726a,CCC=1C=CC(=CC1)N2CC(CC2=O)C3=NC(=NO3)C4=CC=CS4,4.068,O=C1CC(c2nc(-c3cccs3)no2)CN1c1ccccc1
XS848723a,CC(=O)N1C=CC=2C=CC=CC2C1CC(=O)N(C)CC3=CC=C(C)O3,0.55,O=C(CC1NC=Cc2ccccc21)NCc1ccco1
XS821901b,CC(NC=1C=CC(=CC1)N2CCCS2(=O)=O)C(=O)NC(C)(C)C,0.798,O=S1(=O)CCCN1c1ccccc1
XS790770b,CCCN1C(=NC=2C=C(Cl)C=CC21)SC(C)C(=O)NC3CC3,0.534,O=C(CSc1nc2ccccc2[nH]1)NC1CC1
XS838527b,CN1N=CC(C#N)=C1N2CCC(F)(C2)C=3C=CC(=CC3)C(F)(F)F,0.862,c1ccc(C2CCN(c3ccn[nH]3)C2)cc1
XS837114b,CC=1C=CN2C=NN=C2C1NC(=O)C3CCOC=4C=CC(Cl)=CC43,4.642,O=C(Nc1cccn2cnnc12)C1CCOc2ccccc21
XS848744a,CC=1C=CC(OCC2=CC=C(O2)C(=O)NC3CCCNC3=O)=C(C)C1,1.478,O=C(NC1CCCNC1=O)c1ccc(COc2ccccc2)o1
XS473294b,CN1C=NN=C1CC2(O)CCCN(C2)C(=O)C3CC=4C=CC=CC4C3,0.744,O=C(C1Cc2ccccc2C1)N1CCCC(Cc2nnc[nH]2)C1
XS848729a,CC1=CSC(=N1)C2CCCCN2C(=O)C=3C=CC=C4OCCOC34,0.496,O=C(c1cccc2c1OCCO2)N1CCCCC1c1nccs1
XS841250b,O=C1C(F)=CN(C(=O)N1CC=2C=CC3=CC=CC=C3N2)C4CCCO4,1.284,O=c1ccn(C2CCCO2)c(=O)n1Cc1ccc2ccccc2n1
XS848733a,CC1=CSC(=N1)C(NC(=O)N(CC=2C=CC=CC2)C3CC3)C4CC4,0.712,O=C(NC(c1nccs1)C1CC1)N(Cc1ccccc1)C1CC1
XS848741a,O=C(NC=1C=CC(=NC1)N2CCOCC2)C3COC=4C=CC=CC4O3,1.296,O=C(Nc1ccc(N2CCOCC2)nc1)C1COc2ccccc2O1
XS848743a,CCC1CCCCN1C(=O)COC(=O)C2=NNC(=O)C=3C=CC=CC23,1.852,O=C(OCC(=O)N1CCCCC1)c1n[nH]c(=O)c2ccccc12
XS484800b,COC=1C=CC2=CC(=CC=C2C1)CNC(=O)C3CCCN(C3)C(C)=O,0.688,O=C(NCc1ccc2ccccc2c1)C1CCCNC1
XS848742a,CC1C2=CC=CN2CCN1S(=O)(=O)C=3C=C(Cl)C=CC3Cl,0.54,O=S(=O)(c1ccccc1)N1CCn2cccc2C1
XS839579b,CC(C(=O)NCC=1C=CC(=NC1)N2C=NC=3C=CC=CC32)N4C=NC=N4,0.432,O=C(Cn1cncn1)NCc1ccc(-n2cnc3ccccc32)nc1
XS848752a,CCNC(=O)C1CCCN(C1)C(=O)C=2OC=3C(=CC=CC3C2C)OC,0.83,O=C(c1cc2ccccc2o1)N1CCCCC1
XS848748a,O=C(C=1C=CC=2NC=3CCCCCC3C2C1)N4CCC(C4)C5=CC=NN5,1.078,O=C(c1ccc2[nH]c3c(c2c1)CCCCC3)N1CCC(c2ccn[nH]2)C1
XS499000b,CN(C(=O)C=1C=CC(Cl)=C(F)C1)C2CCCN(C2)C=3C=CC=NN3,0.892,O=C(NC1CCCN(c2cccnn2)C1)c1ccccc1
XS840518b,CS(=O)(=O)NC1CC(=O)N(C1)C=2C=CC(=CC2)OC=3C=CC=CC3,1.474,O=C1CCCN1c1ccc(Oc2ccccc2)cc1
XS848749a,CC=1C=CC=2NC=C(CC(C)NC(=O)C=3C=CC4=CN(C)N=C4C3)C2C1,1.486,O=C(NCCc1c[nH]c2ccccc12)c1ccc2c[nH]nc2c1
XS836608b,CN1C=NC(=C1N2CCC(C2)NC(=O)NC=3C=CC(F)=CC3)[N+]([O-])=O,1.938,O=C(Nc1ccccc1)NC1CCN(c2cnc[nH]2)C1
XS841010b,N#CC=1C=CC(=CC1)S(=O)(=O)NC(C=2C=CC=CC2)C=3C=CN=CC3,0.68,O=S(=O)(NC(c1ccccc1)c1ccncc1)c1ccccc1
XS704230b,O=C(NCC(C1=CC=CS1)C2=CNC=3C=CC=CC23)C=4C=CC=CN4,1.746,O=C(NCC(c1cccs1)c1c[nH]c2ccccc12)c1ccccn1
XS841710b,CC1=NC(=NO1)C2CCN(C2)C(=O)NC=3C=CC(=CC3)N4C=CC(=O)N4,0.724,O=C(Nc1ccc(-n2ccc(=O)[nH]2)cc1)N1CCC(c2ncon2)C1
XS836636b,CC(C)C(CNC(=O)C=1C=CC=NC1O)NC2=NC=C(Cl)C(=O)N2,0.496,O=C(NCCNc1nccc(=O)[nH]1)c1cccnc1
XS848762a,O=C(CN1N=NC=2C=CC=CC21)NC(C=3C=CC(F)=CC3)C4CCCC4,0.962,O=C(Cn1nnc2ccccc21)NC(c1ccccc1)C1CCCC1
XS823300b,CC1=CC(C)=C(C)C(SCC(=O)N(C)C2CCS(=O)(=O)C2)=C1C,0.81,O=C(CSc1ccccc1)NC1CCS(=O)(=O)C1
XS841090b,COC(=O)C(C=1C=CC(Cl)=CC1)N2CCN(CC2)S(=O)(=O)F,0.402,c1ccc(CN2CCNCC2)cc1
XS838952b,COCC=1N=CC(C(=O)N(C)C2CCOC=3C(C)=CC(C)=CC32)=C(N)N1,0.398,O=C(NC1CCOc2ccccc21)c1cncnc1
XS848753a,CC1=NNC(C)=C1NC(=O)C2CCN(C2=O)C=3C=CC=4OCCOC4C3,6.82,O=C(Nc1cn[nH]c1)C1CCN(c2ccc3c(c2)OCCO3)C1=O
XS848761a,CCN(CC)C(CNS(=O)(=O)C=1C=CC(C)=CC1)C=2C=CSC2,15.434,O=S(=O)(NCCc1ccsc1)c1ccccc1
XS848760a,NC(=O)COC=1C=CC(=CC1)NC(=O)C2CCCN(C2)C=3C=NC=CN3,0.612,O=C(Nc1ccccc1)C1CCCN(c2cnccn2)C1
XS719490b,NC(=O)C1CCN(C1)C=2C=NN(C(=O)C2Cl)C=3C=CC(Cl)=CC3,0.784,O=c1cc(N2CCCC2)cnn1-c1ccccc1
XS848754a,CC(C)CN1N=CC(C(=O)NC(C(N)=O)C=2C=CC=CC2)=C1C(F)F,0.644,O=C(NCc1ccccc1)c1cn[nH]c1
XS848759a,NC(=O)CN1CCC(CC1)NC(=O)NC2CCSC=3C=CC=CC32,0.98,O=C(NC1CCNCC1)NC1CCSc2ccccc21
XS848755a,COC=1C=CC=C(C(=O)OC(C)C(=O)C2=C(C)NC=3C=CC=CC23)C1O,4.984,O=C(OCC(=O)c1c[nH]c2ccccc12)c1ccccc1
XS543662b,O=C(C1CCCN(CC=2C=CC=CC2)C1)N3CC(C3)C=4C=C(CO)ON4,14.93,O=C(C1CCCN(Cc2ccccc2)C1)N1CC(c2ccon2)C1
XS848776a,COCCOC=1C=CC(=CC1OC)C(C)NC(=O)CC=2C=CC(C)=CC2,0.782,O=C(Cc1ccccc1)NCc1ccccc1
XS848774a,COC=1C=CC(=CC1OC)CCN(C)C(=O)C2COC=3C=CC=CC3O2,0.882,O=C(NCCc1ccccc1)C1COc2ccccc2O1
XS848775a,O=C(C1=CN2CCSCC2=C1)N3CCC(C3)NC=4C=CC=C(Cl)C4,0.946,O=C(c1cc2n(c1)CCSC2)N1CCC(Nc2ccccc2)C1
XS841792b,O=C(NCC=1C=CC(=CC1)C=2N=NC=NN2)C3CCNC=4C=CC=CC4C3,0.956,O=C(NCc1ccc(-c2nncnn2)cc1)C1CCNc2ccccc2C1
XS848771a,OCCC(CNC1=NC=CN2N=CC(Br)=C12)C=3C=CC=CC3,0.63,c1ccc(CCNc2nccn3nccc23)cc1
XS848765a,CC1=C(N=NN1C=2C=CC(F)=C(Cl)C2)C(=O)N(C)C3CCN(C)C3=O,0.408,O=C(NC1CCNC1=O)c1cn(-c2ccccc2)nn1
XS848777a,CCCC(C)NC(=O)C=1C=CC=CC1NS(=O)(=O)C=2C=CC(F)=CC2,0.638,O=S(=O)(Nc1ccccc1)c1ccccc1
XS688599b,CCOC=1C=CC=CC1N2CC(CC2=O)C(=O)NC=3C=C(F)C=CC3F,1.468,O=C(Nc1ccccc1)C1CC(=O)N(c2ccccc2)C1
XS848770a,CC=1C=C2N(CC(O)COC=3C=CC4=CC=CC=C4C3)C(C)=CC(=O)N2N1,1.044,O=c1ccn(CCCOc2ccc3ccccc3c2)c2ccnn12
XS838343b,CC1=NNC=2C=C(N=CC12)C(=O)N3CC(=O)NC=4C=CC=C5CCCC3C54,0.452,O=C1CN(C(=O)c2cc3[nH]ncc3cn2)C2CCCc3cccc(c32)N1
XS839933b,COC=1C=C(C)C(=CC1OC)S(=O)(=O)N2CCCC2C=3C=NN(C)C3,0.44,O=S(=O)(c1ccccc1)N1CCCC1c1cn[nH]c1
XS840055b,CC(NC1CN(C1)S(=O)(=O)N(C)C)C=2C=NC=C(Br)C2,0.488,c1cncc(CNC2CNC2)c1
XS848773a,COC=1C=CC(=CC1OC)C2CCCN2CC3=NN=C(O3)C=4C=CC=CC4,0.356,c1ccc(-c2nnc(CN3CCCC3c3ccccc3)o2)cc1
XS841461b,O=C1CC(CN1)C=2C=CC=C(C2)NC=3C=NC4=CC(Cl)=C(Cl)C=C4N3,0.4,O=C1CC(c2cccc(Nc3cnc4ccccc4n3)c2)CN1
XS848790a,CNC(=O)C=1C=CC(=CC1)S(=O)(=O)N2CCNC(=O)C2C=3C=CC=CC3,0.568,O=C1NCCN(S(=O)(=O)c2ccccc2)C1c1ccccc1
XS785150b,COC=1C=CC=2CN(CCOC2C1)C(=O)C3CC(=O)N(C3)C4CCCCC4,1.152,O=C(C1CC(=O)N(C2CCCCC2)C1)N1CCOc2ccccc2C1
XS848783a,CC(NC=1C=CC(=CC1)NC(=O)C2CC2)C(=O)NC=3C=CC(F)=C(Cl)C3,0.344,O=C(CNc1ccc(NC(=O)C2CC2)cc1)Nc1ccccc1
XS848785a,COC=1C=CC(=CC1)OC(C)C(=O)NCC=2C=CC(=CC2)N3CCCC3=O,0.72,O=C(COc1ccccc1)NCc1ccc(N2CCCC2=O)cc1
XS559368b,O=C(NCC=1C=CC=CC1OC2CCCC2)C3CC(=O)N(CC(F)(F)F)C3,1.708,O=C1CC(C(=O)NCc2ccccc2OC2CCCC2)CN1
XS838011b,CC1=C(N=NN1C=2C=NN(C)C2)C(=O)N3CCCN4C=5C=CC=CC5CC4C3,1.236,O=C(c1cn(-c2cn[nH]c2)nn1)N1CCCN2c3ccccc3CC2C1
XS388288b,CC(C)OC=1C=CC=C(C1)C(C)NC(=O)CCC2=NC=3C=CC=CC3C(=O)N2,0.376,O=C(CCc1nc2ccccc2c(=O)[nH]1)NCc1ccccc1
XS394230b,CC(=O)NC=1C=CC(=CC1)NC(=O)C(C)OC(=O)CC2=CNC=3C=CC=CC23,0.548,O=C(COC(=O)Cc1c[nH]c2ccccc12)Nc1ccccc1
XS392482b,COC=1C=CC(=CC1Br)S(=O)(=O)N2CCN3C=CC=C3C2C,0.422,O=S(=O)(c1ccccc1)N1CCn2cccc2C1
XS841526b,CN1N=CC=2C=C(C=C(O)C21)C(=O)N3CCC(O)(CC=4C=CC(Cl)=CC4)C3,0.918,O=C(c1ccc2[nH]ncc2c1)N1CCC(Cc2ccccc2)C1
XS848800a,COC=1C=CC=C(C1)NC(=O)C(NCC2=NN=C3C=CC=CN23)C=4C=CC=CC4,0.896,O=C(Nc1ccccc1)C(NCc1nnc2ccccn12)c1ccccc1
XS199193c,CC(=O)NC=1C=CC=C(C1)C=2CC(C3=CC=CS3)N(N2)C(=O)C4=CC=CO4,2.044,O=C(c1ccco1)N1N=C(c2ccccc2)CC1c1cccs1
XS848797a,CSC=1C=CC(=CC1)N2CC(CC2=O)C(=O)NCCNC(=O)C3=CC=CO3,2.414,O=C(NCCNC(=O)C1CC(=O)N(c2ccccc2)C1)c1ccco1
XS842694b,O=C1CC(CN1C=2C(F)=CC=CC2F)C3=NC(=NO3)C=4C=NN5CCCNC45,1.924,O=C1CC(c2nc(-c3cnn4c3NCCC4)no2)CN1c1ccccc1
XS848799a,CCOC(=O)CSC=1NC(=O)CC(C=2C=CC(=CC2)OC(F)F)C1C#N,1.344,O=C1CC(c2ccccc2)C=CN1
XS848812a,O=C(NC=1C=CC=C(C1)C2CCC(=O)N2)C=3C=CC(=CN3)OC=4C=CC=C(F)C4,4.84,O=C1CCC(c2cccc(NC(=O)c3ccc(Oc4ccccc4)cn3)c2)N1
XS848805a,CC1=NN(C=C1C=2C=CC=CC2)CC(=O)NC3CC(C)(C)OC=4C=C(F)C=CC43,0.848,O=C(Cn1cc(-c2ccccc2)cn1)NC1CCOc2ccccc21
XS632570b,CC1=NN(CC=2C=CC=CC2)C(C)=C1C3COCCN3C(=O)C4=CC=C(C#N)N4,0.398,O=C(c1ccc[nH]1)N1CCOCC1c1cnn(Cc2ccccc2)c1
XS836760b,N#CC=1C=CC(=CC1)CNC=2C=C(Cl)C=CC2C(=O)N3CCCCC3CCO,0.4,O=C(c1ccccc1NCc1ccccc1)N1CCCCC1
XS848803a,CC=1C=C(N(C)N1)N2CCC(NC(=O)COC=3C=CC=C(C3)C(F)(F)F)C2=O,2.15,O=C(COc1ccccc1)NC1CCN(c2ccn[nH]2)C1=O
XS848807a,CN1N=CC=2C(=O)N(C=NC21)CCC(=O)NC(C3=CC=CS3)C=4C=CC=CC4,1.006,O=C(CCn1cnc2[nH]ncc2c1=O)NC(c1ccccc1)c1cccs1
XS837105b,CC=1C=CC(OCC(=O)N2CCCC2C=3C=CC=4OCCOC4C3)=C(N1)[N+]([O-])=O,1.212,O=C(COc1cccnc1)N1CCCC1c1ccc2c(c1)OCCO2
XS848813a,CC(C)NC(=O)N1CCCC(C1)C(=O)NC2=C3CCCC3=NN2C=4C=CC=CC4,0.358,O=C(Nc1c2c(nn1-c1ccccc1)CCC2)C1CCCNC1
XS830899b,CCN(CC(=O)NC1CCS(=O)(=O)C1)C(=O)C2=CC=3C(F)=CC=CC3S2,0.628,O=C(CNC(=O)c1cc2ccccc2s1)NC1CCS(=O)(=O)C1
XS848802a,COC=1C=CC(=CC1OC)C2CC(=NN2C(=O)CCC(=O)O)C=3C=CSC3,0.83,c1ccc(C2CC(c3ccsc3)=NN2)cc1
XS848814a,CC1=CN(C)N=C1C(=O)NC2CN(CCC32CCC3)C(=O)C=4C=CC(C)=C(F)C4,0.49,O=C(NC1CN(C(=O)c2ccccc2)CCC12CCC2)c1cc[nH]n1
XS848811a,CCN(CC)S(=O)(=O)C=1C=CC(=CC1)C(=O)NC(C)C=2C=CC=CC2Cl,0.514,O=C(NCc1ccccc1)c1ccccc1
XS412674b,CC(C)(C)C=1C=CC=CC1OCC(=O)N2CCCC(C2)C3=NN=C4C=CC=CN34,0.668,O=C(COc1ccccc1)N1CCCC(c2nnc3ccccn23)C1
XS848809a,NC=1N=CN=C2C1N=CN2CCC(=O)N3CCCC4(CCCC=5C=CC=CC54)C3,2.802,O=C(CCn1cnc2cncnc21)N1CCCC2(CCCc3ccccc32)C1
XS848804a,CC=1C=C(C(=O)N2CCCC(C2)S(=O)(=O)N3CCC=4C=CC=CC43)N(C)N1,1.154,O=C(c1ccn[nH]1)N1CCCC(S(=O)(=O)N2CCc3ccccc32)C1
XS757617b,CC=1N=C(SC1C(=O)NC2CCN(C2=O)C=3C=CC(C)=CC3)C=4C=NN(C)C4,7.582,O=C(NC1CCN(c2ccccc2)C1=O)c1cnc(-c2cn[nH]c2)s1
XS848819a,CC(OC(=O)C1CCN(CC1)S(=O)(=O)C=2C=CC=CC2)C(=O)NC3CCCC3,1.202,O=C(COC(=O)C1CCN(S(=O)(=O)c2ccccc2)CC1)NC1CCCC1
XS848825a,CC(C(=O)N(C)C1CCCCC1)S(=O)(=O)CC2=CSC(=N2)C3=CC=CS3,0.828,O=C(CS(=O)(=O)Cc1csc(-c2cccs2)n1)NC1CCCCC1
XS848824a,CC=1C=CC(C)=C(C1)OCC(O)CN2C(=O)C=3C=NN(C=4C=CC=CC4)C3N=C2C,0.428,O=c1c2cnn(-c3ccccc3)c2ncn1CCCOc1ccccc1
XS848826a,COC1=CC(=CC(OC)=C1OC)C(C)NC(=O)C=2C=CC(=O)N(N2)C=3C=CC=CC3,6.152,O=C(NCc1ccccc1)c1ccc(=O)n(-c2ccccc2)n1
XS635967b,CC(C)(C)C1=NOC(CCC(=O)NC2CCOC=3C(Br)=CC=CC32)=N1,1.162,O=C(CCc1ncno1)NC1CCOc2ccccc21
XS848827a,COC=1C=CC(=CC1F)NC(=O)C2CC(=O)N(CCC=3C=CC(OC)=C(C3)OC)C2,0.878,O=C(Nc1ccccc1)C1CC(=O)N(CCc2ccccc2)C1
XS842128b,CC(O)(CN1C=CC=CC1=O)C(=O)NCC=2C=CC(=CC2)N3CCCS3(=O)=O,0.966,O=C(CCn1ccccc1=O)NCc1ccc(N2CCCS2(=O)=O)cc1
XS848820a,COC=1C=CC=2CC(C=3C=CC=CC3)N(CC2C1)C(=O)NC=4C=NC(=NC4)N(C)C,4.17,O=C(Nc1cncnc1)N1Cc2ccccc2CC1c1ccccc1
XS841844b,CC(NC(=O)C=1N=C2NS(=O)(=O)C=3C=CC=CC3N2N1)C=4C=CC=C(Cl)C4,1.306,O=C(NCc1ccccc1)c1nc2n(n1)-c1ccccc1S(=O)(=O)N2
XS836778b,O=C(CC1CCS(=O)(=O)C1)OCC(=O)N2C=3C=CC=CC3CCC=4C=CC=CC42,0.906,O=C(CC1CCS(=O)(=O)C1)OCC(=O)N1c2ccccc2CCc2ccccc21
XS848818a,CCOC=1C=CC(=CC1)N2CC(CC2=O)C(=O)N3CCN(CC3)C=4C=CC=C(C)C4,12.446,O=C(C1CC(=O)N(c2ccccc2)C1)N1CCN(c2ccccc2)CC1
XS848850a,NC(=O)C(NC(=O)C=1C=CC(=NC1)N2CCCCCC2)C=3C=CC=C(Br)C3,1.208,O=C(NCc1ccccc1)c1ccc(N2CCCCCC2)nc1
XS848834a,CC(SC1=NN=C(C2CC2)N1CC3=CC=CO3)C(=O)N4CCN(CC4)C=5C=CC=CC5,0.678,O=C(CSc1nnc(C2CC2)n1Cc1ccco1)N1CCN(c2ccccc2)CC1
XS840609b,[O-][N+](=O)C=1C=C(C=CC1N2CCOCC2)C(=O)NC(CN3C=NC=N3)C=4C=CC=CC4,7.814,O=C(NC(Cn1cncn1)c1ccccc1)c1ccc(N2CCOCC2)cc1
XS840430b,COCC(C)NC(=O)C=1C=C(C=CC1N2CCOCC2)S(=O)(=O)N3CCCCC3,0.818,O=S(=O)(c1ccc(N2CCOCC2)cc1)N1CCCCC1
XS848833a,CC=1NC=2C=CC=CC2C1C(=O)C(C)N3CCN(CC3)S(=O)(=O)C=4C=CC(C#N)=CC4,3.196,O=C(CN1CCN(S(=O)(=O)c2ccccc2)CC1)c1c[nH]c2ccccc12
XS848842a,O=C(NC=1C=CC=C(Br)C1)C=2C=CC=3CN(C(=O)C3C2)C4CCC(=O)NC4=O,1.08,O=C1CCC(N2Cc3ccc(C(=O)Nc4ccccc4)cc3C2=O)C(=O)N1
XS848839a,CC(=O)NC(CC1=CNC=2C=CC=CC12)C(=O)N3CCC(CC3)C4=NC=5C=CC=CC5S4,0.46,O=C(CCc1c[nH]c2ccccc12)N1CCC(c2nc3ccccc3s2)CC1
XS848836a,CN(C)S(=O)(=O)C=1C=CC(=C(C1)C(=O)NC2CCCC=3C=CC=CC32)N4CCCC4,5.346,O=C(NC1CCCc2ccccc21)c1ccccc1N1CCCC1
XS848855a,O=C(NC=1C=NNC1)C2COC=3C=CC=CC3C2,0.916,O=C(Nc1cn[nH]c1)C1COc2ccccc2C1
XS837852b,O=C(C1CCCCO1)N2CCCN3N=NN=C23,1.884,O=C(C1CCCCO1)N1CCCn2nnnc21
XS840800b,C=1C=CC(=CC1)C=2CC3C=4C=CC=CC4OCN3N2,1.37,c1ccc(C2=NN3COc4ccccc4C3C2)cc1
XS848860a,CCN(C(=O)NC1CC1)C(C)C=2C=CC=C(O)C2,0.458,O=C(NCc1ccccc1)NC1CC1
XS848854a,COC=1C=CC=CC1C2=CN(CC(C)O)N=N2,2.976,c1ccc(-c2c[nH]nn2)cc1
XS848862a,CC(C)CNC(=O)N1CCC(C1)C=2C=CC=CC2,0.516,c1ccc(C2CCNC2)cc1
XS838096b,CC(NC1=CC(=O)NC(=O)N1)C=2C=CC=CC2,0.922,O=c1cc(NCc2ccccc2)[nH]c(=O)[nH]1
XS842439b,COC(=O)C=1C=NC=C(N1)N2CCSCCC2C,0.648,c1cnc(N2CCCSCC2)cn1
XS848875a,N#CC=1C=CC(=CC1)C(=O)N2CCCC(C2)C(N)=O,0.462,O=C(c1ccccc1)N1CCCCC1
XS848867a,CCC1C(=O)NCCN1C(=O)C=2C=CC=C3C=CNC23,0.536,O=C1CN(C(=O)c2cccc3cc[nH]c23)CCN1
XS839412b,N#CCC1(O)CCN(C1)C(=O)C2=CC=C(O2)[N+]([O-])=O,0.868,O=C(c1ccco1)N1CCCC1
XS848886a,CCC1=CN=C(NC(=O)C2CCCC=3NN=NC32)S1,0.532,O=C(Nc1nccs1)C1CCCc2[nH]nnc21
XS848884a,CC=1C=C(C)N(CC(O)COC=2C=CC=C3NC=CC23)N1,0.746,c1cc(OCCCn2cccn2)c2cc[nH]c2c1
XS848890a,O=C(NCC=1C=CC=2OCCOC2C1)C3CC=CCC3,0.436,O=C(NCc1ccc2c(c1)OCCO2)C1CC=CCC1
XS848885a,CCOC=1N=CC=CC1C(=O)NC2CCC=3C=CC=CC32,0.472,O=C(NC1CCc2ccccc21)c1cccnc1
XS848895a,CC=1C=CC(=CC1)OCC(=O)NC2CCCCNC2=O,0.362,O=C(COc1ccccc1)NC1CCCCNC1=O
XS840770b,C=CCNC(=O)CS(=O)(=O)C(CC)C=1C=CC=CC1,0.514,c1ccccc1
XS724934b,COC=1C=CN=C(C1)NC(=O)C2CCOC=3C=CC=CC32,1.166,O=C(Nc1ccccn1)C1CCOc2ccccc21
XS838149b,CC=1C=[N+]([O-])C=CC1N2CCCC(C2)NC=3C=CC=CC3,1.564,c1ccc(NC2CCCN(c3cc[nH+]cc3)C2)cc1
XS605444b,CN1CCC(NC(=O)C2=CC(=NN2C)C(C)(C)C)C1=O,0.748,O=C(NC1CCNC1=O)c1ccn[nH]1
XS848900a,N#CC=1C=CC=C(C1)C(=O)N2CCC(C2)NC=3C=CC=CC3,0.398,O=C(c1ccccc1)N1CCC(Nc2ccccc2)C1
XS848906a,CC1CCCN(C1)C(=O)C2=CC=C(NC(=O)C3CC3)S2,0.778,O=C(Nc1ccc(C(=O)N2CCCCC2)s1)C1CC1
XS848909a,O=C(C1COC=2C=CC=CC2C1)N(CC3=CC=CO3)C4CC4,1.012,O=C(C1COc2ccccc2C1)N(Cc1ccco1)C1CC1
XS671763b,COC=1C=CC(=CN1)NC(=O)CN2CCCCC(O)C2=O,0.382,O=C(CN1CCCCCC1=O)Nc1cccnc1
XS837292b,C#CCOCCC(=O)N1CCC2(C1)CCCC=3C=CC=CC32,0.96,c1ccc2c(c1)CCCC21CCNC1
XS783754b,CCC=1C=CC=NC1NC(=O)C2CC(=O)N(C2)C(C)(C)C,0.826,O=C1CC(C(=O)Nc2ccccn2)CN1
XS848911a,CC1=NN(C)C(C)=C1NC(=O)CN2C=3C=CC=CC3CC2C,0.382,O=C(CN1CCc2ccccc21)Nc1cn[nH]c1
XS848919a,CCC=1OC=NC1C(=O)N2CC(C=3C=NN(C)C3)C(C)(C)C2,0.31,O=C(c1cocn1)N1CCC(c2cn[nH]c2)C1
XS848917a,CC(C(=O)NC(=O)NC1CC1)N(C)CCOC=2C=CC=CC2,3.244,O=C(CNCCOc1ccccc1)NC(=O)NC1CC1
XS803898b,COC=1C=CC=CC1NC(=O)NC2CCCC3=C2C=NN3C,3.444,O=C(Nc1ccccc1)NC1CCCc2[nH]ncc21
XS652418b,CC1=CC(=NO1)C(=O)NC2CCCN(C=3C=CC=NC3)C2=O,1.618,O=C(NC1CCCN(c2cccnc2)C1=O)c1ccon1
XS732139b,CC1=NOC(=N1)C(NC(=O)C=2C=CN=CC2)C3CCOCC3,0.46,O=C(NC(c1ncno1)C1CCOCC1)c1ccncc1
XS837586b,CC1(C)CCOC(=O)C1NC(=O)C2=NNC=3N=CNC(=O)C23,0.786,O=C(NC1CCCOC1=O)c1n[nH]c2nc[nH]c(=O)c12
XS848914a,N#CC=1C=CC(=CC1)SC2CCN(C2=O)C3CCOCC3,0.782,O=C1C(Sc2ccccc2)CCN1C1CCOCC1
XS838713b,O=C(O)C1=CCC(C1)NCC=2C=CC=CC2N3CCCCC3,1.376,C1=CCC(NCc2ccccc2N2CCCCC2)C1
XS848916a,CC=1C=CC=CC1NC(=O)C(C)OC(=O)CC=2C=CSC2,0.972,O=C(COC(=O)Cc1ccsc1)Nc1ccccc1
XS848913a,CCC1(O)CCN(CC1)C(=O)CC(C=2C=CC=CC2)C(C)C,0.61,O=C(CCc1ccccc1)N1CCCCC1
XS848922a,CN(C(=O)CC1=CNC=2C=CC=CC12)C3CCS(=O)(=O)C3,0.378,O=C(Cc1c[nH]c2ccccc12)NC1CCS(=O)(=O)C1
XS605734b,CC1=CSC(=O)N1CC(=O)NC(C)C=2C=CC=C(Cl)C2,0.858,O=C(Cn1ccsc1=O)NCc1ccccc1
XS848926a,CCC1=C(C=NN1C=2C=CC(C)=CC2)C(=O)N3CCOC(C)C3,0.382,O=C(c1cnn(-c2ccccc2)c1)N1CCOCC1
XS836572b,CC1CCN(CC2=CN=C3C=NC=CN23)C=4C=CC=CC4S1,0.836,c1ccc2c(c1)SCCCN2Cc1cnc2cnccn12
XS837968b,O=S(=O)(CC=1C=CC=CN1)NC(CF)C=2C=CC(F)=CC2,0.448,O=S(=O)(Cc1ccccn1)NCc1ccccc1
XS716343b,CN(CC=1C=CSC1)C(=O)C2CC(=O)N(C2)C3CCCC3,1.39,O=C(NCc1ccsc1)C1CC(=O)N(C2CCCC2)C1
XS848924a,O=C(C=1C=CC=2CCCC2C1)N3CCC(O)(CN4C=CN=N4)C3,0.378,O=C(c1ccc2c(c1)CCC2)N1CCC(Cn2ccnn2)C1
XS716172b,N#CC=1C=CN=C(C1)N2CCN(CC2)C(=O)C3CCC(=O)NC3,0.594,O=C1CCC(C(=O)N2CCN(c3ccccn3)CC2)CN1
XS837338b,O=C(CC=1C=NSC1)N2CCCCC2C3(N=N3)C(F)(F)F,0.424,O=C(Cc1cnsc1)N1CCCCC1C1N=N1
XS836819b,CC(C)C1N(CC21CCCC2)C3=C(C#N)C(=O)N(C)C(=O)N3C,0.84,O=c1cc(N2CC3(CCCC3)C2)[nH]c(=O)[nH]1
XS848935a,O=C(C=1C=C(NN1)C2CC2)N3CCCC(O)(CN4C=CN=N4)C3,0.5,O=C(c1cc(C2CC2)[nH]n1)N1CCCC(Cn2ccnn2)C1
XS848939a,CCN1C(=O)C=2C=CC=CC2NC1C3=CC(C(=O)OC)=C(C)O3,1.386,O=C1NC(c2ccco2)Nc2ccccc21
XS848942a,O=C(NCC=1C=CN=C(C1)OC2CCCC2)C3CCC(=O)NC3,0.594,O=C1CCC(C(=O)NCc2ccnc(OC3CCCC3)c2)CN1
XS848937a,CCOC=1C=CC(=CC1)C(C)NC(=O)CN2NC(=O)C=CC2=O,0.56,O=C(Cn1[nH]c(=O)ccc1=O)NCc1ccccc1
XS629335b,CCN1N=C(C=C1C2CC2)NC(=O)C3CN4C(C)=NN=C4CN3,1.008,O=C(Nc1cc(C2CC2)[nH]n1)C1Cn2cnnc2CN1
XS713764b,CC(C(=O)NCC=1C=CC=2OCOC2C1)N3CCC=4C=CC=CC43,2.062,O=C(CN1CCc2ccccc21)NCc1ccc2c(c1)OCO2
XS841670b,O=C(CC1CC=2C=CC=CC2NC1=O)NC3=CN(CC4CC4)N=N3,0.958,O=C(CC1Cc2ccccc2NC1=O)Nc1cn(CC2CC2)nn1
XS839190b,O=C1C=NC=2C=CC=C(Cl)C2N1CC3CCCS(=O)(=O)C3,2.002,O=c1cnc2ccccc2n1CC1CCCS(=O)(=O)C1
XS848945a,CN(C(=O)C1=CC=2C=CC=CC2N1)C3CCN(C3)S(C)(=O)=O,0.424,O=C(NC1CCNC1)c1cc2ccccc2[nH]1
XS841029b,O=S(=O)(F)C=1C=NC(=CN1)NC2CCN(C2)C=3N=CC=CN3,1.41,c1cnc(N2CCC(Nc3cnccn3)C2)nc1
XS841514b,O=C(NC=1C=CC=C(C1)N2C=CNC2=O)C3CCS(=O)(=O)N3,1.264,O=C(Nc1cccc(-n2cc[nH]c2=O)c1)C1CCS(=O)(=O)N1
XS837216b,CN1N=CC=C1C(=O)N2CCC=3C=CC=CC3C2(C)C(F)(F)F,0.972,O=C(c1ccn[nH]1)N1CCc2ccccc2C1
XS699714b,O=C(C(C=1C=CC=CC1)N2CCC=3C=CC=CC32)N4CCOCC4,0.702,O=C(C(c1ccccc1)N1CCc2ccccc21)N1CCOCC1
XS681772b,COC=1C=CC=C(C1)C2CCCN2C(=O)C=3C=CC=C4C=NNC34,1.622,O=C(c1cccc2cn[nH]c12)N1CCCC1c1ccccc1
XS769908b,CC1CC2(CN1C(=O)C3=CC(=NO3)C=4C=CC=CN4)CCNCC2,0.608,O=C(c1cc(-c2ccccn2)no1)N1CCC2(CCNCC2)C1
XS848948a,COCC1=NC(=CS1)C(=O)N2CCCCC2CC=3C=CC=CC3,0.474,O=C(c1cscn1)N1CCCCC1Cc1ccccc1
XS836685b,CC(C)(C)C(NC(=O)CN1C=NC(C#N)=C1C#N)C2=CC=CS2,0.694,O=C(Cn1ccnc1)NCc1cccs1
XS742081b,CC(C)C1C(=O)NCCN1C(=O)NC=2C=NN(C2)C=3C=CC=CC3,4.208,O=C1CN(C(=O)Nc2cnn(-c3ccccc3)c2)CCN1
XS840526b,CC1CN(CCN1C2=NC=CS2)C=3N=CC=C(N3)C(F)(F)F,0.362,c1cnc(N2CCN(c3nccs3)CC2)nc1
XS848960a,O=C(CNC(=O)C1CC=2C=C(Cl)C=CC2O1)NC=3C=CC=NC3,2.456,O=C(CNC(=O)C1Cc2ccccc2O1)Nc1cccnc1
XS820111b,O=C(NCCC1=NN=CN1C2CC2)C3SCCC=4C=CC=CC43,0.872,O=C(NCCc1nncn1C1CC1)C1SCCc2ccccc21
XS842377b,O=C1NC(NC=2C=CC=CC12)C3=CNN=C3C4=CC=5C=CC=CC5O4,3.1,O=C1NC(c2c[nH]nc2-c2cc3ccccc3o2)Nc2ccccc21
XS848952a,COC=1C=CC(NC(=O)NC(CCCO)C=2C=CC=CC2)=C(C)C1,0.314,O=C(NCc1ccccc1)Nc1ccccc1
XS838731b,CC=1C=CC=C2C1NC(=O)C23NC(C)(C)C(=O)N3CC4CCCC4,0.838,O=C1CNC2(C(=O)Nc3ccccc32)N1CC1CCCC1
XS848954a,CCN1C(=O)N(CC(=O)N2CCCC(C2)C(N)=O)C=3C=CC=CC31,0.862,O=C(Cn1c(=O)[nH]c2ccccc21)N1CCCCC1
XS475430b,O=C(C=1C=CN(N1)C=2C=CC=CC2)N3CCCCC3CN4C=CC=N4,0.304,O=C(c1ccn(-c2ccccc2)n1)N1CCCCC1Cn1cccn1
XS848970a,CC1=NOC(=N1)C2CCCN(C2)C(=O)CN3CCC=4C=CC=CC43,0.608,O=C(CN1CCc2ccccc21)N1CCCC(c2ncno2)C1
XS848967a,CC(NC(=O)CC(C)(C)C)C(=O)NCCC=1C=CC=2OCCC2C1,0.378,c1ccc2c(c1)CCO2
XS660698b,O=C(O)CC(NC(=O)C=1C=CN(N1)C=2C=CC=CC2)C=3C=CC=CC3,0.856,O=C(NCc1ccccc1)c1ccn(-c2ccccc2)n1
XS478409b,COCC=1C=CC=CC1CNC(=O)CN2CCCCC(OC)C2=O,0.424,O=C(CN1CCCCCC1=O)NCc1ccccc1
XS837978b,O=C(O)C(CC=1C=COC1)NS(=O)(=O)C=2C=CC=C(C2)C3CC3,2.816,O=S(=O)(NCCc1ccoc1)c1cccc(C2CC2)c1
XS848969a,CC(OC=1C=CC(Cl)=CC1)C(=O)NC2=NC(=NN2)C(F)(F)F,0.42,O=C(COc1ccccc1)Nc1ncn[nH]1
XS842002b,CCC1=NN2CCCC(NC=3N=CN=C4C=5C=CC=CC5OC34)C2=N1,3.354,c1ccc2c(c1)oc1c(NC3CCCn4ncnc43)ncnc12
XS553729b,COC=1C=CC=2C=C(NC2C1)C(=O)N(C(C)C=3C=CC=NC3)C4CC4,1.106,O=C(c1cc2ccccc2[nH]1)N(Cc1cccnc1)C1CC1
XS581946b,CC1=NN(N=C1C(=O)N2CCCC(C2)N3C=CC=N3)C=4C=CC=CC4,1.104,O=C(c1cnn(-c2ccccc2)n1)N1CCCC(n2cccn2)C1
XS848983a,CC(CCNC(=O)CN1C=NC2=C(C=NN2C)C1=O)C=3C=CC=CC3,0.668,O=C(Cn1cnc2[nH]ncc2c1=O)NCCCc1ccccc1
XS848981a,CC(NC(=O)CN1N=C(C=CC1=O)C=2C=CC=CC2)C3=CC=CS3,1.124,O=C(Cn1nc(-c2ccccc2)ccc1=O)NCc1cccs1
XS848982a,CC(=O)N1CC(OC=2C=CC=CC21)C(=O)NC=3C=CC=4OCOC4C3,0.496,O=C(Nc1ccc2c(c1)OCO2)C1CNc2ccccc2O1
XS842615b,COC=1C=CC=C2C1CCC2NS(=O)(=O)C=3SC(C)=NC3C,0.702,O=S(=O)(NC1CCc2ccccc21)c1cncs1
XS848994a,CC=1C=CC=C(C1)OCCNC(=O)N2CCCC(C2)C3=NN=CN3C,0.742,O=C(NCCOc1ccccc1)N1CCCC(c2nnc[nH]2)C1
XS841425b,COC(=O)C=1C=CC=C2C1OCCN2C(=O)C(C)N3N=C(C)C=C3C,0.49,O=C(Cn1cccn1)N1CCOc2ccccc21
XS848990a,O=C(NC=1C=CC=C(Br)C1)C2CC(=O)NC=3C=CC=CC32,0.644,O=C1CC(C(=O)Nc2ccccc2)c2ccccc2N1
XS848991a,CC(C)CN1CCOC(CNC(=O)C2=CC=3C=CC=CC3NC2=O)C1,0.932,O=C(NCC1CNCCO1)c1cc2ccccc2[nH]c1=O
XS848987a,CCC(CNC(=O)C=1C=CC2=NN=C(C(F)F)N2C1)C=3C=CC=CC3,0.722,O=C(NCCc1ccccc1)c1ccc2nncn2c1
XS159308d,CCOC(=O)CN1C(=NC=2C=CC=CC21)C(C)NC(=O)C3=CC=CO3,0.8,O=C(NCc1nc2ccccc2[nH]1)c1ccco1
XS848992a,CC(NC(=O)C1=NNC=2C=CC=CC12)C=3C=CC(=CC3)S(N)(=O)=O,0.428,O=C(NCc1ccccc1)c1n[nH]c2ccccc12
XS848998a,COC=1C=CC(=CC1Br)C(=O)OC(C)C(=O)NC2CC2,0.42,O=C(COC(=O)c1ccccc1)NC1CC1
XS848989a,O=C(NC=1C=CC=CC1C(=O)OC2CCCCNC2=O)C3=CC=CO3,0.728,O=C(Nc1ccccc1C(=O)OC1CCCCNC1=O)c1ccco1
XS548772b,O=C(NC1CCCN(C1)C=2C=CC=CC2F)C=3C=CC=C4OCOC34,1.084,O=C(NC1CCCN(c2ccccc2)C1)c1cccc2c1OCO2
XS848996a,CC(C)CN1CC(CC1=O)C(=O)NC=2C=CN(CC=3C=CC=CC3)N2,1.882,O=C1CC(C(=O)Nc2ccn(Cc3ccccc3)n2)CN1
XS392458b,CC1CC=2C=CC=CC2N1C(=O)C3=CC=C(O3)S(=O)(=O)NC4CC4,0.994,O=C(c1ccc(S(=O)(=O)NC2CC2)o1)N1CCc2ccccc21
XS838951b,O=C(O)C1COC2(C1)CCN(CC2)C3=NN=C(S3)C=4C=CC=CC4,0.57,c1ccc(-c2nnc(N3CCC4(CCCO4)CC3)s2)cc1
XS849009a,CC=1C=CC(NC(=O)NC2CCCC3=C2C=NN3CCO)=C(Cl)C1,0.42,O=C(Nc1ccccc1)NC1CCCc2[nH]ncc21
XS849007a,CC1=CSC(CNC(=O)NC(C)C=2C=CC=3OCCCOC3C2)=N1,1.146,O=C(NCc1ccc2c(c1)OCCCO2)NCc1nccs1
XS837841b,CC1=NN(C)C(N)=C1C(=O)N(C)C(C)C=2C=CC(=CC2)C=3C=CC=CC3,1.984,O=C(NCc1ccc(-c2ccccc2)cc1)c1cn[nH]c1
XS849000a,CC=1C=C(C)N(N1)C2CCCN(C2)C(=O)CCC3=NC(=NO3)C(C)C,1.316,O=C(CCc1ncno1)N1CCCC(n2cccn2)C1
XS849012a,N#CC=1C=CC(NCC=2C=CC(=CC2)N3CCCC(C3)C(N)=O)=C(F)C1,3.09,c1ccc(NCc2ccc(N3CCCCC3)cc2)cc1
XS837769b,CC=1C=C(NN1)C(=O)NC(C)CN(C)C2=NN=NN2C=3C=CC(C)=CC3,1.846,O=C(NCCNc1nnnn1-c1ccccc1)c1ccn[nH]1
XS841839b,N#CC1=C(N=C2C=CC=CN12)N3CCC4(CC4C(=O)N5CCCC5)CC3,1.642,O=C(C1CC12CCN(c1cn3ccccc3n1)CC2)N1CCCC1
XS849019a,CC(NC(=O)CC=1C=CC=CC1Cl)C=2C=CC=C(C2)S(N)(=O)=O,0.556,O=C(Cc1ccccc1)NCc1ccccc1
XS837227b,CC1=CSC(=N1)C2COCCN2S(=O)(=O)C=3C=CC(C#N)=NC3,0.496,O=S(=O)(c1cccnc1)N1CCOCC1c1nccs1
XS849017a,CC1=NN(CC(O)COC=2C=CC=3OCOC3C2)C(=O)C=4C=CC=CC14,0.668,O=c1c2ccccc2cnn1CCCOc1ccc2c(c1)OCO2
XS849016a,CC(NC(=O)CCC1CCCC1)C=2C=CC(=CC2)OCC=3C=CC=NC3,0.722,O=C(CCC1CCCC1)NCc1ccc(OCc2cccnc2)cc1
XS838724b,O=C(C1CCCN2C=NN=C12)N3CCC=4N=C(N=CC4C3)C=5C=CC=CC5,1.0,O=C(C1CCCn2cnnc21)N1CCc2nc(-c3ccccc3)ncc2C1
XS849035a,CC(NC(=O)C1=CNC=2C=C(F)C=CC12)C=3C=CC(=CC3)N4CCNC4=O,0.454,O=C(NCc1ccc(N2CCNC2=O)cc1)c1c[nH]c2ccccc12
XS849029a,CCN1C(=O)C(=O)NC=2C=C(C=CC21)C(=O)NC(C)CCC=3C=CC=CC3,3.056,O=C(NCCCc1ccccc1)c1ccc2[nH]c(=O)c(=O)[nH]c2c1
XS840697b,CC(NCC(C)(C)C=1C=CC=2OCCOC2C1)C=3C=CC(=NC3)C(F)F,9.494,c1cncc(CNCCc2ccc3c(c2)OCCO3)c1
XS849023a,N#CC=1C=CC(=CC1)OCC(=O)N2CCCC(C2)C(=O)NC=3C=CC=CC3,1.01,O=C(Nc1ccccc1)C1CCCN(C(=O)COc2ccccc2)C1
XS849022a,CCOC=1C=CC(=CC1)OCC(=O)NCC(CO)CC=2C=CC(C)=CC2,2.776,O=C(COc1ccccc1)NCCCc1ccccc1
XS849033a,CC1OC=2C=CC=CC2N(CC(=O)NCCC=3C(F)=CC=CC3F)C1=O,0.57,O=C(CN1C(=O)COc2ccccc21)NCCc1ccccc1
XS849030a,COC=1C=CC(=CC1)N2CC(CC2=O)C(=O)NCCC3=CSC(C)=N3,3.272,O=C(NCCc1cscn1)C1CC(=O)N(c2ccccc2)C1
XS842115b,CC(NC(=O)C=1C=NC2=CC=CC=C2N1)C=3C=CC(=CC3)N4CCOC4=O,0.978,O=C(NCc1ccc(N2CCOC2=O)cc1)c1cnc2ccccc2n1
XS555641b,O=C(NCC1COCCO1)C2=CC=C(S2)C3=NC=4C=CC=CC4S3,0.368,O=C(NCC1COCCO1)c1ccc(-c2nc3ccccc3s2)s1
XS849034a,CCCNC(=O)C(C)NC(=O)C=1C=CC=CC1OCC=2C(C)=NOC2C,0.382,c1ccc(OCc2cnoc2)cc1
XS849026a,CC1=C(SC=2C=CC=CC12)C(=O)N3CCN(CC3)C4CC(=O)NC4=O,0.992,O=C1CC(N2CCN(C(=O)c3cc4ccccc4s3)CC2)C(=O)N1
XS849032a,CCCS(=O)(=O)N1CCCC(C1)C(=O)NCC=2C=CC=CC2Cl,2.38,O=C(NCc1ccccc1)C1CCCNC1
XS591496b,CC1=NN(C(C)=C1C2COCCN2C(=O)C=3N=CN(C)N3)C=4C=CC=CC4,0.574,O=C(c1nc[nH]n1)N1CCOCC1c1cnn(-c2ccccc2)c1
XS828520b,COC=1C=CC=2C(=COC2C1)CC(=O)N(C)CC3COC=4C=CC=CC4O3,0.436,O=C(Cc1coc2ccccc12)NCC1COc2ccccc2O1
XS740484b,CNC(=O)C=1C=CC=C(C1)NC(=O)C2CC(=O)N(C2)C=3C=CC(F)=C(C)C3,2.016,O=C(Nc1ccccc1)C1CC(=O)N(c2ccccc2)C1
XS809876b,O=C(NCC=1C=CC(Cl)=CC1Cl)C2CC(=O)N(CC(F)(F)F)C2,0.968,O=C1CC(C(=O)NCc2ccccc2)CN1
XS837805b,COC1=CC(=CC(OC)=C1OC)C(C)NC(=O)CC=2C(=O)NC(C)=NC2C,1.17,O=C(Cc1cnc[nH]c1=O)NCc1ccccc1
XS842033b,CC1=CC(C(=O)N2CCN(CC2)C(=O)C3CCC=4C=CC=CC4O3)=C(C)O1,0.846,O=C(c1ccoc1)N1CCN(C(=O)C2CCc3ccccc3O2)CC1
XS839103b,O=C(CCC=1C=CC(F)=C2CCCCC12)N3CCC(CC3)C4COC(=O)N4,0.418,O=C1NC(C2CCN(C(=O)CCc3cccc4c3CCCC4)CC2)CO1
XS336587c,CC1(CC=2C=CC=CC2C(F)(F)F)CCCN1CC3=NC(=CO3)C(=O)O,0.35,c1ccc(CC2CCCN2Cc2ncco2)cc1
XS837673b,CC1(C)CC(NC(=O)C=2C=CC=C(C2)N3N=NN=C3N)C=4C=C(F)C=CC4O1,0.694,O=C(NC1CCOc2ccccc21)c1cccc(-n2cnnn2)c1
XS837435b,CC1=C(N=NN1C)C(=O)NCC(NC(=O)C2=COCCO2)C3CCCCC3,1.674,O=C(NC(CNC(=O)c1c[nH]nn1)C1CCCCC1)C1=COCCO1
XS849047a,CC1=NC(=CS1)C=2C=CC3=C(C2)CCN3C(=O)C4CC(=O)N(CC(C)C)C4,10.298,O=C1CC(C(=O)N2CCc3cc(-c4cscn4)ccc32)CN1
XS636799b,CC(OC(=O)C=1C=CC=C(C1)N2C(=O)CCC2=O)C(=O)NCC3CCCCC3,0.78,O=C(COC(=O)c1cccc(N2C(=O)CCC2=O)c1)NCC1CCCCC1
XS836954b,CC1CN2N=C(C=C2C(=O)N1)C(=O)OC=3C=CC(=CC3Cl)C=4C=CC=NC4,2.858,O=C(Oc1ccc(-c2cccnc2)cc1)c1cc2n(n1)CCNC2=O
XS849043a,O=C(NCCC=1C=CC=CC1)C2CCCN(C2)S(=O)(=O)C3=CC=CS3,0.48,O=C(NCCc1ccccc1)C1CCCN(S(=O)(=O)c2cccs2)C1
XS836749b,COC(=O)C1=C(C)N(CC(C)C)C(=O)NC1C=2C=CC(=C(F)C2)N3C=NC=N3,0.898,O=C1NC=CC(c2ccc(-n3cncn3)cc2)N1
XS849050a,CN1C(=O)C2=C(N=CN2CC(=O)NC3CCSC=4C=CC=CC43)N(C)C1=O,1.236,O=C(Cn1cnc2[nH]c(=O)[nH]c(=O)c21)NC1CCSc2ccccc21
XS849044a,CCC(OC(=O)C1CCN(CC1)S(C)(=O)=O)C(=O)NC=2C=CC(F)=CC2,0.514,O=C(COC(=O)C1CCNCC1)Nc1ccccc1
XS548484b,COC=1C=CC=C2C(C)=C(OC12)C(=O)NC3CCCN(C=4C=CC=NC4)C3=O,9.452,O=C(NC1CCCN(c2cccnc2)C1=O)c1cc2ccccc2o1
XS841795b,O=C(CC(F)(F)F)N1CCC(CC1)NC(=O)C2(O)CCC=3C=CC=CC3C2,2.444,O=C(NC1CCNCC1)C1CCc2ccccc2C1
XS849051a,CC1=CC(=NO1)NC(=O)C(OC(=O)C=2C=C(Cl)C=3OCOC3C2)C(C)C,0.382,O=C(COC(=O)c1ccc2c(c1)OCO2)Nc1ccon1
XS840653b,CC=1OC(=NC1CC(=O)NC(C)C2=CN(N=N2)C=3C=CC=CC3)C4=CC=CO4,0.38,O=C(Cc1coc(-c2ccco2)n1)NCc1cn(-c2ccccc2)nn1
XS840602b,CCOC(=O)C(C)(CNC(=O)C=1C=NN(N1)C=2C=CC=CC2)C=3C=CC=CC3,0.424,O=C(NCCc1ccccc1)c1cnn(-c2ccccc2)n1
XS849058a,O=C(C=1C=CC(=CC1)N2CCCC2=O)N3CCCC3C4=NC=5C=CC=CC5S4,3.032,O=C1CCCN1c1ccc(C(=O)N2CCCC2c2nc3ccccc3s2)cc1
XS841884b,CCCC1=NC(=NN1C=2C=CC=CC2Cl)C(=O)N3CCOCC43CCOC4,0.606,O=C(c1ncn(-c2ccccc2)n1)N1CCOCC12CCOC2
XS574234b,CCOC=1C=CC(=CC1)C2=NC(=CS2)C(=O)N3CCCC(CN4C=CN=N4)C3,0.558,O=C(c1csc(-c2ccccc2)n1)N1CCCC(Cn2ccnn2)C1
XS849060a,CCC1=NN=C(N1)C2CN(CC3=CNN=C32)C(=O)C4(CCC4)C=5C=CC=CC5C,0.848,O=C(N1Cc2c[nH]nc2C(c2nnc[nH]2)C1)C1(c2ccccc2)CCC1
XS849054a,CC1=CC=C(O1)C(CNC(=O)NC=2C=CC(Cl)=C(Cl)C2)N3CCOCC3,10.416,O=C(NCC(c1ccco1)N1CCOCC1)Nc1ccccc1
XS458418b,O=S(=O)(C=1C=CC=C(Cl)C1)N2CCCC(C2)C3=NN=C4CCCCCN34,0.854,O=S(=O)(c1ccccc1)N1CCCC(c2nnc3n2CCCCC3)C1
XS849059a,CC=1C=CC(=CC1)N2CC(CC2=O)C(=O)N(C)CC=3C=CC(=CC3)OC(F)F,3.948,O=C(NCc1ccccc1)C1CC(=O)N(c2ccccc2)C1
XS849055a,CC(NC(=O)C=1C=CC2=C(C1)CCN2S(C)(=O)=O)C=3C=CC=4OCOC4C3,0.8,O=C(NCc1ccc2c(c1)OCO2)c1ccc2c(c1)CCN2
XS841584b,CC1=NN(C)C(C)=C1C2COCCN2C(=O)C3=CC=4C=CC=CC4N3CC5CC5,1.602,O=C(c1cc2ccccc2n1CC1CC1)N1CCOCC1c1cn[nH]c1
XS849053a,CC=1C=C(N(C)N1)N2CCC(NC(=O)C3=CSC(CC=4C=CC=CC4)=N3)C2=O,2.816,O=C(NC1CCN(c2ccn[nH]2)C1=O)c1csc(Cc2ccccc2)n1
XS849067a,CCCN1C(=O)C=2C=CC=CC2NC1C3=CN(C)N=C3C=4C=CC=5OCCCOC5C4,2.578,O=C1NC(c2c[nH]nc2-c2ccc3c(c2)OCCCO3)Nc2ccccc21
XS849072a,CCOC1=CC(=CC(OCC)=C1OCC)C(=O)N(C)CC2COC=3C=CC=CC3O2,0.704,O=C(NCC1COc2ccccc2O1)c1ccccc1
XS849064a,CC=1C=CC(=CC1Cl)N2N=CC(C(=O)N3CCCC(C3)C4=CC=NN4)=C2C5CC5,0.61,O=C(c1cnn(-c2ccccc2)c1C1CC1)N1CCCC(c2ccn[nH]2)C1
XS849071a,O=C(CNC(=O)C1CC(=O)N(C1)C=2C=CC=CC2Cl)NC=3C=CC(F)=C(F)C3,1.558,O=C(CNC(=O)C1CC(=O)N(c2ccccc2)C1)Nc1ccccc1
XS161622c,COC=1C=CC(=CC1)N2CC(CC2=O)C(=O)NC3=CC(C)=NN3CC=4C=CC=CC4,4.588,O=C(Nc1ccnn1Cc1ccccc1)C1CC(=O)N(c2ccccc2)C1
XS849074a,CC=1C=CC=C(C1C)N2CCN(CC2)C(=O)C=3C=CC=C(C3)NC(=O)C4CCCO4,0.544,O=C(Nc1cccc(C(=O)N2CCN(c3ccccc3)CC2)c1)C1CCCO1
XS836745b,CS(=O)(=O)N1CC=2C=CC=CC2CC1C(=O)NNC(=O)C3=CNC=4C=CC=CC34,0.606,O=C(NNC(=O)C1Cc2ccccc2CN1)c1c[nH]c2ccccc12
XS849082a,CCOC(=O)C1=C(C)OC=2N=CN(CC(=O)NC3CCOC=4C=CC=CC43)C(=O)C12,0.712,O=C(Cn1cnc2occc2c1=O)NC1CCOc2ccccc21
XS841384b,CC1C2=NN=C(C3CCCC3)N2CCN1CC(=O)NC=4C=CC=5OC(F)(F)OC5C4,0.458,O=C(CN1CCn2c(nnc2C2CCCC2)C1)Nc1ccc2c(c1)OCO2
XS849077a,CC(C)OC=1C=CC=C(C1)C(C)NC(=O)CC2=CSC(=N2)NC(=O)C3=CC=CO3,0.65,O=C(Cc1csc(NC(=O)c2ccco2)n1)NCc1ccccc1
XS849073a,CCOC(=O)C1CCCN(C1)C=2N=CN=C3C2N=CN3CC4(CO)CCOCC4,2.238,c1nc(N2CCCCC2)c2ncn(CC3CCOCC3)c2n1
XS849066a,CC1=CN2N=C(SC2=N1)N3CCC4(CC4C5=NN=C(O5)C=6C=CC=C(F)C6)CC3,4.784,c1ccc(-c2nnc(C3CC34CCN(c3nn5ccnc5s3)CC4)o2)cc1
XS849088a,CC1=NC(=CS1)COC=2C=CC(=CC2)C(=O)NC(C)C=3C=CC(=CC3)S(C)(=O)=O,0.552,O=C(NCc1ccccc1)c1ccc(OCc2cscn2)cc1
XS849093a,CC1=NSC=2N=CC(=CC12)C(=O)N3CCCC(C3)NC(=O)CCCC=4C=CC=CC4,2.686,O=C(CCCc1ccccc1)NC1CCCN(C(=O)c2cnc3sncc3c2)C1
XS849085a,CC1=NN(C(C)=C1S(=O)(=O)N(C)CC2=CC=CO2)C(C)C(=O)N3CCC=4C=CC=CC43,8.414,O=C(Cn1cc(S(=O)(=O)NCc2ccco2)cn1)N1CCc2ccccc21
XS839646b,O=C(NC=1C=CC=C(C1)S(=O)(=O)N=C2CCCCCN2)C3COC=4C=CC=CC4O3,0.77,O=C(Nc1cccc(S(=O)(=O)N=C2CCCCCN2)c1)C1COc2ccccc2O1
XS849089a,CC(=O)N1CC(OC=2C=CC=CC21)C(=O)N3CCN(CC4=NC=5C=CC=CC5S4)CC3,1.294,O=C(C1CNc2ccccc2O1)N1CCN(Cc2nc3ccccc3s2)CC1
XS159141d,O=C(C1=CSC(=N1)C2=CC=CS2)N3CCN(CC3)C(=O)C4COC=5C=CC=CC5O4,2.858,O=C(c1csc(-c2cccs2)n1)N1CCN(C(=O)C2COc3ccccc3O2)CC1
XS849102a,CC1=NN(C(C)=C1CNC(=O)C2CCCN2C3=NS(=O)(=O)C=4C=CC=CC34)C=5C=CC=CC5,0.96,O=C(NCc1cnn(-c2ccccc2)c1)C1CCCN1C1=NS(=O)(=O)c2ccccc21
XS841468b,CN(C(=O)CN1C=CC=2C(=O)N(C)C(=O)N(C)C21)C(C=3C=CC(C#N)=CC3)C(F)(F)F,0.988,O=C(Cn1ccc2c(=O)[nH]c(=O)[nH]c21)NCc1ccccc1
XS838529b,O=C(C1CC=2C=CC=CC2C(=O)O1)N3CCN(CC4=NC(=NO4)C5=CC=CS5)CC3,4.07,O=C1OC(C(=O)N2CCN(Cc3nc(-c4cccs4)no3)CC2)Cc2ccccc21
XS849095a,COC=1C=CC(=C(C1)OC)N2CC(CC2=O)C(=O)N3CCC(CC3)C4=CNC=5C=CC=CC45,2.76,O=C(C1CC(=O)N(c2ccccc2)C1)N1CCC(c2c[nH]c3ccccc23)CC1
