mol_id,smiles,rs,scaffold
XS838585b,O=C1C=2SC=CC2C=NN1CC3CCOC3,1.502,O=c1c2sccc2cnn1CC1CCOC1
XS843057a,COC=1N=CC=CC1NC(=O)C2CCC(=O)NC2,0.484,O=C1CCC(C(=O)Nc2cccnc2)CN1
XS843056a,COCC(C)NC(=O)NC=1C=CC=NC1OC,0.814,c1ccncc1
XS843054a,COC(=O)C1CC(=O)N(C1)C=2C=CC=CC2,1.69,O=C1CCCN1c1ccccc1
XS441021b,CC1=NN(C)C(C)=C1C(=O)NC2COC=3C=CC=CC32,0.748,O=C(NC1COc2ccccc21)c1cn[nH]c1
XS843065a,CN1N=CC2=C1CCCC2NC(=O)C=3C=CC(O)=NC3,1.108,O=C(NC1CCCc2[nH]ncc21)c1cccnc1
XS838024b,COCCN(CCOC)C(=O)C#CC1CCCCO1,0.388,C1CCOCC1
XS839514b,O=C(N1CC=2C=CC=CC2CO1)C3(O)CCSC3,0.68,O=C(C1CCSC1)N1Cc2ccccc2CO1
XS837495b,O=C(C1CCSC1)N2CCN(CC2)C=3C=NNC3,0.452,O=C(C1CCSC1)N1CCN(c2cn[nH]c2)CC1
XS843062a,CN1N=CC=2C(=NC=NC21)NC3CCC=4C=CC=CC43,2.424,c1ccc2c(c1)CCC2Nc1ncnc2[nH]ncc12
XS779015b,COC=1C=CC=C(C1)CNC(=O)C2CCC(=O)NC2,0.894,O=C1CCC(C(=O)NCc2ccccc2)CN1
XS820591b,CC=1C=CC(=CC1)NC(=O)NC(CO)C=2C=CC=CC2,0.67,O=C(NCc1ccccc1)Nc1ccccc1
XS839908b,N#CC1CN(CCN1C2CC2)C(=O)CC3=CC=CO3,0.856,O=C(Cc1ccco1)N1CCN(C2CC2)CC1
XS843061a,NC(=O)C1(O)CCCN(C1)C=2C=CC(Cl)=CN2,0.902,c1ccc(N2CCCCC2)nc1
XS843073a,CNC=1N=C(C)C=C(N1)C(=O)NC(C)C2CCOCC2,3.426,O=C(NCC1CCOCC1)c1ccncn1
XS843071a,CCC(C)(NC(=O)C=1C=C(C)N=CN1)C2=NC=CS2,3.27,O=C(NCc1nccs1)c1ccncn1
XS840076b,CC(C1=NN=NN1C)N2C=CC(=CC2=O)C(F)(F)F,0.462,O=c1ccccn1Cc1nnn[nH]1
XS552967b,CCC1CN(C(=O)C=2OC(C)=NC2C)C=3C=CC=CC3O1,0.982,O=C(c1cnco1)N1CCOc2ccccc21
XS843080a,COC=1C=CC(C)=CC1S(=O)(=O)NCC2CCCO2,1.702,O=S(=O)(NCC1CCCO1)c1ccccc1
XS843070a,O=C(O)C1CN(CC=2C=CC=CC21)C(=O)C3CCCC3,0.428,O=C(C1CCCC1)N1CCc2ccccc2C1
XS716684b,CC=1N=CN(CC(O)COC=2C=CC=CC2)C(=O)C1C,0.41,O=c1ccncn1CCCOc1ccccc1
XS838593b,COCC1=NSC(CN2CC(C)C=3C=CC=CC32)=N1,0.624,c1ccc2c(c1)CCN2Cc1ncns1
XS837307b,CN1CCC(OC(=O)C=2C=NNC2C3=CC=CS3)C1=O,0.68,O=C(OC1CCNC1=O)c1cn[nH]c1-c1cccs1
XS843094a,CC(C)OC=1C=CC(=CC1)C=2C=CC(=CC2)C3COC(=O)N3,2.952,O=C1NC(c2ccc(-c3ccccc3)cc2)CO1
XS758413b,CN1N=CC2=C1CCCC2NC(=O)C3=CC=4C=CC=CC4N3,0.466,O=C(NC1CCCc2[nH]ncc21)c1cc2ccccc2[nH]1
XS672689b,O=C(C=1C=CC=NC1O)N2CCCC2CCC=3C=CC=CC3,3.14,O=C(c1cccnc1)N1CCCC1CCc1ccccc1
XS843092a,O=C(NC1CCCCNC1=O)C2=CSC=3CCCCC23,0.8,O=C(NC1CCCCNC1=O)c1csc2c1CCCC2
XS843086a,CC(=O)N1CCCN(CC1)C(=O)C2COC=3C=CC=CC32,6.844,O=C(C1COc2ccccc21)N1CCCNCC1
XS840670b,O=C(NC=1C=NNC1)C2CC(=NO2)C3=CC=C(Cl)S3,11.912,O=C(Nc1cn[nH]c1)C1CC(c2cccs2)=NO1
XS746901b,CC1=CSC(=N1)C2COCCN2CC=3C=CC=C(O)C3,0.54,c1ccc(CN2CCOCC2c2nccs2)cc1
XS843095a,O=C1CCC(N1)C=2C=CC(=CC2)C3=NNC=4C=CC=C(F)C34,0.552,O=C1CCC(c2ccc(-c3n[nH]c4ccccc34)cc2)N1
XS843091a,O=C1NCCCCC1SC2=NC(=CN2)C=3C=CC=CC3,0.76,O=C1NCCCCC1Sc1nc(-c2ccccc2)c[nH]1
XS843107a,CN1C=CC(=C1)C(=O)N2CCCCC2C=3NN=CC3C(N)=O,1.63,O=C(c1cc[nH]c1)N1CCCCC1c1ccn[nH]1
XS838057b,CCOC(=O)C1=COC(=N1)NC2COC=3C=C(C#N)C=CC32,0.488,c1ccc2c(c1)OCC2Nc1ncco1
XS843099a,CC1=CC(C)=NN1C2CCCN(C2)C(=O)CC3=CC=CS3,1.836,O=C(Cc1cccs1)N1CCCC(n2cccn2)C1
XS843104a,O=C(NC1CCCCNC1=O)C=2N=CC=CC2C(F)(F)F,1.264,O=C(NC1CCCCNC1=O)c1ccccn1
DR000792b,CC(C)CC1CCN(C1)C(=O)C=2C=CC(=CC2)N3C=CN=N3,0.742,O=C(c1ccc(-n2ccnn2)cc1)N1CCCC1
XS843108a,CC(C)C(C)(C#N)NC(=O)CN(CC=1C=CC=CC1)C2CC2,1.708,c1ccc(CNC2CC2)cc1
XS843106a,CN1N=NC=C1CC(=O)N2CCCC2C=3C=CC(Cl)=CC3,5.944,O=C(Cc1cnn[nH]1)N1CCCC1c1ccccc1
XS837883b,NC(CNC(=O)C1=CC=CN2C=C(N=C12)C(F)(F)F)C3CC3,10.61,O=C(NCCC1CC1)c1cccn2ccnc12
XS843116a,COC=1C=C(C=CC1OC(C)C(=O)NC2CCCC2)C(=O)O,2.6,O=C(COc1ccccc1)NC1CCCC1
XS735582b,CC(C)(C)NC(=O)C1CSCN1C(=O)CC=2C=CC=CC2,2.002,O=C(Cc1ccccc1)N1CCSC1
XS840582b,CN1C=C(C=N1)CC(=O)NC(CO)C=2C=CC(Cl)=C(F)C2,0.52,O=C(Cc1cn[nH]c1)NCc1ccccc1
XS843112a,CC=1C=CC(=CC1)C2=NC(=CO2)CNC3CCC4=NC=NN4C3,0.682,c1ccc(-c2nc(CNC3CCc4ncnn4C3)co2)cc1
XS837438b,CN=S(C)(=O)C=1C=CC=C(C1)NC(=O)C=2N=C(C)OC2C,1.352,O=C(Nc1ccccc1)c1cocn1
XS841268b,CN1C(=NC(=O)COCC2CCCO2)SC=3C=CC=CC31,2.396,O=C(COCC1CCCO1)N=c1[nH]c2ccccc2s1
XS549090b,COC=1C=CC2=C(C1)CCN2C(=O)C=3C=NN4CCC(C)CC34,1.512,O=C(c1cnn2c1CCCC2)N1CCc2ccccc21
XS842150b,O=C(NCC1CCC=CO1)C2=CC=3C(Cl)=CN=CC3S2,0.54,O=C(NCC1CCC=CO1)c1cc2ccncc2s1
XS837532b,C1=C(N=NN1C2CCC=3C=CC=NC32)C=4C=NC5=CC=CC=C5N4,3.098,c1cnc2c(c1)CCC2n1cc(-c2cnc3ccccc3n2)nn1
XS843124a,O=C(CN1N=C2C=CC=CN2C1=O)NC3CCN(C3=O)C4CC4,3.872,O=C(Cn1nc2ccccn2c1=O)NC1CCN(C2CC2)C1=O
XS843132a,CC(C)NC(=O)NCC=1C=CC(=CC1)N2CCCC(C2)C(N)=O,1.92,c1ccc(N2CCCCC2)cc1
XS843121a,CC1=CSC(=N1)C2CCCCN2C(=O)C=3C=CC(=O)N(C)N3,3.144,O=C(c1ccc(=O)[nH]n1)N1CCCCC1c1nccs1
XS842034b,CC(C)C=1N=CC(=CN1)CN(C)C(=O)C(C)OC=2C=CC=CN2,0.386,O=C(COc1ccccn1)NCc1cncnc1
XS837966b,CCC1(CNC(=O)N2CCOC(CS(C)(=O)=O)C2)CCC1,1.662,O=C(NCC1CCC1)N1CCOCC1
XS420698b,CN1CC(CC1=O)C(=O)NC=2C=CC(=NC2)OCC(F)(F)F,0.502,O=C1CC(C(=O)Nc2cccnc2)CN1
XS843122a,CC1=CSC(=N1)C2CCCCN2C(=O)C=3N=COC3C(C)C,1.294,O=C(c1cocn1)N1CCCCC1c1nccs1
XS843127a,NC(=O)C1=CC(=CN1)C(=O)N2CCC(F)(C2)C=3C=CC(F)=CC3,1.502,O=C(c1cc[nH]c1)N1CCC(c2ccccc2)C1
XS838679b,COC(=O)C1CCC=2C=C(C=CC2N1CC3=CCCOC3)OC,0.414,C1=C(CN2CCCc3ccccc32)COCC1
XS843129a,O=C(NCCC=1C=CC=2OCOC2C1)NC3CCCCNC3=O,2.056,O=C(NCCc1ccc2c(c1)OCO2)NC1CCCCNC1=O
XS843128a,CCOC(=O)CN1C(=NC=2C=CC=CC21)C3CC(=O)N(CC)C3,1.14,O=C1CC(c2nc3ccccc3[nH]2)CN1
XS839701b,CC1=CC=C(O1)C2CSCCN2CC=3N=NSC3Cl,0.508,c1coc(C2CSCCN2Cc2csnn2)c1
XS841434b,N#CC=1C=C(C=CC1C(F)(F)F)N2CCCC(C2)N3C=NC=N3,5.92,c1ccc(N2CCCC(n3cncn3)C2)cc1
XS843139a,CC(OC=1C=CC(Cl)=CC1)C(=O)NCC2=NN=C3CCCN23,1.454,O=C(COc1ccccc1)NCc1nnc2n1CCC2
XS841819b,CC=1C=CC=CC1C2C(=O)NCCN2C3=NN=C(S3)C(F)F,1.64,O=C1NCCN(c2nncs2)C1c1ccccc1
XS838656b,CC(CC=1C=CC=CC1O)NC=2N=CC(=CN2)N=S(C)(C)=O,0.486,c1ccc(CCNc2ncccn2)cc1
XS843136a,CC1=NNC(C)=C1C2COCCN2C(=O)NC=3C=CC=C(C#N)C3,1.084,O=C(Nc1ccccc1)N1CCOCC1c1cn[nH]c1
XS843135a,O=C(NC=1C=CC(F)=CC1)NC(CN2C=NC=N2)C=3C=CC=CC3,0.632,O=C(Nc1ccccc1)NC(Cn1cncn1)c1ccccc1
XS843140a,COC=1C=CC=CC1NC(=O)N(C)C(C)C2=CC=3C=CC=CC3O2,2.54,O=C(NCc1cc2ccccc2o1)Nc1ccccc1
XS581602b,O=C(NC=1C=CC=C(C1)C=2C=CC=3OCCC3C2)C4CNC(=O)C4,0.466,O=C1CC(C(=O)Nc2cccc(-c3ccc4c(c3)CCO4)c2)CN1
XS843137a,CC=1N=C(SC1C(=O)O)C(C)NC(=O)C=2C=CC(F)=C(C)C2,0.466,O=C(NCc1nccs1)c1ccccc1
XS843151a,CCN(CC)C(=O)C(C)NC(=O)C=1C=CC(=CC1)N2N=CC=C2C,1.3,c1ccc(-n2cccn2)cc1
XS843154a,O=C(NCC=1C=NN(C1)C=2C=CC=CC2)NC3CCCCNC3=O,2.25,O=C(NCc1cnn(-c2ccccc2)c1)NC1CCCCNC1=O
XS755929b,COC=1C=CC(=CC1)CC2CCCN2C(=O)CC=3C(C)=NOC3C,0.6,O=C(Cc1cnoc1)N1CCCC1Cc1ccccc1
XS843150a,CCC1=NC=2C=CC=CC2N1CC(O)COC=3C=CC(Cl)=CC3,0.582,c1ccc(OCCCn2cnc3ccccc32)cc1
XS500395b,O=C(CN1CCCCC(O)C1=O)NC=2C=NN(C2)C=3C=CC=CC3,1.688,O=C(CN1CCCCCC1=O)Nc1cnn(-c2ccccc2)c1
XS842695b,CC1=NN=C(O1)N2CCCC(C2)NC(=O)C3=CC=4C=CC=CC4O3,1.034,O=C(NC1CCCN(c2nnco2)C1)c1cc2ccccc2o1
XS838219b,CC(CNS(=O)(=O)CCCF)C=1C(Cl)=CC=CC1Cl,0.548,c1ccccc1
XS843155a,O=C(CC1=CNC=2C=CC=CC12)N3CCN(CC3)C4CCOC4=O,0.854,O=C1OCCC1N1CCN(C(=O)Cc2c[nH]c3ccccc23)CC1
XS843156a,CC(C1CC1)N(C(=O)CN2C(=O)ON=C2C=3N=CC=CN3)C4CC4,0.882,O=C(Cn1c(-c2ncccn2)noc1=O)N(CC1CC1)C1CC1
XS624222b,COCC=1C=CC=C(C1)CN2N=C(C)C(=C2C)C3CCCC(=O)N3,4.372,O=C1CCCC(c2cnn(Cc3ccccc3)c2)N1
XS843152a,CCN1C=NN=C1CNC(=O)C=2C=CC=CC2OCC3CCCO3,1.524,O=C(NCc1nnc[nH]1)c1ccccc1OCC1CCCO1
XS827038b,CC1=CC=C(CNC(=O)C2CC(=O)N(CC=3C=CC=CN3)C2)S1,0.954,O=C(NCc1cccs1)C1CC(=O)N(Cc2ccccn2)C1
XS843163a,CC(C)CC=1C=CC(=CC1)C(C)NC(=O)CSC2=NC=CN2C,0.58,O=C(CSc1ncc[nH]1)NCc1ccccc1
XS843161a,CC1=CC(=O)NC=C1C(=O)N2CCCCC2C3=CC=4C=CC=CC4N3,1.026,O=C(c1ccc(=O)[nH]c1)N1CCCCC1c1cc2ccccc2[nH]1
XS843160a,CN1C=C(C(=O)NC2CC(=O)N(C)C2)C(=N1)C=3C=CC=CC3Cl,1.908,O=C1CC(NC(=O)c2c[nH]nc2-c2ccccc2)CN1
XS843171a,COC=1C=CC=C(C1)C(=O)N2N=C(CC2C3=CC=CO3)C4=CC=CO4,0.642,O=C(c1ccccc1)N1N=C(c2ccco2)CC1c1ccco1
XS680664b,CC1=CSC(=N1)C2CCCN(C2)C(=O)CC=3C=CN(N3)C(C)C,0.88,O=C(Cc1cc[nH]n1)N1CCCC(c2nccs2)C1
XS838462b,O=C(NC1CCCC=2C=NNC21)C=3C=CC(=CC3)NC=4N=CC=CN4,0.832,O=C(NC1CCCc2cn[nH]c21)c1ccc(Nc2ncccn2)cc1
XS841493b,CC(=O)NCC1CCN(C=2N=CN=C3C(F)=C(F)C=CC23)C41CC4,5.396,c1ccc2c(N3CCCC34CC4)ncnc2c1
XS475199b,CC=1C=CC(=CC1C#N)C(=O)N2CCCC(C2)C3=NN=C4CCCN34,6.46,O=C(c1ccccc1)N1CCCC(c2nnc3n2CCC3)C1
XS843165a,COC=1C=CC(=CC1OC)C2CCCN2C(=O)C3=CC(Cl)=CN3,11.066,O=C(c1ccc[nH]1)N1CCCC1c1ccccc1
XS843162a,CCN(C)C(=O)C(C)NC(=O)C(C)(C)C=1C=CC=2OCCOC2C1,0.484,c1ccc2c(c1)OCCO2
XS843183a,COC=1C=C(C=CC1OC2CCCC2)C(=O)NC(C)C=3C=CC=NC3,5.718,O=C(NCc1cccnc1)c1ccc(OC2CCCC2)cc1
XS695035b,CC=1C=CC=C(C1C)N2CC(CC2=O)C(=O)NCC=3C=CC(F)=CC3,1.436,O=C(NCc1ccccc1)C1CC(=O)N(c2ccccc2)C1
XS825870b,CC1=C(OC=2C=CC(F)=CC12)C(=O)NC(C)C3=NN=C4C=CC=CN34,2.488,O=C(NCc1nnc2ccccn12)c1cc2ccccc2o1
XS843177a,COC=1C=C(N=CN1)C2=NOC(=N2)C3CC(C)(C)OC=4C=CC=CC43,0.49,c1ccc2c(c1)OCCC2c1nc(-c2ccncn2)no1
XS813863b,CC=1C=C(SC1C)C(=O)N(C)C(C)C=2C=CC(=CC2)N3C=NC=N3,1.764,O=C(NCc1ccc(-n2cncn2)cc1)c1cccs1
XS837112b,CCN(CC=1OC=2C=CC=CC2C1Br)CC(C)C(=O)O,1.384,c1ccc2occc2c1
XS843176a,CC(C)N1CCC(NS(=O)(=O)CC2=NOC=3C=CC=CC23)C1=O,0.658,O=C1NCCC1NS(=O)(=O)Cc1noc2ccccc12
XS843186a,COC=1C=CC(=CC1)CCC(C)NC(=O)CC2=NOC=3C=CC=CC23,0.756,O=C(Cc1noc2ccccc12)NCCCc1ccccc1
XS728659b,O=C(C=1C=NN2CCCCC12)N3CCCC(CO)(C3)C=4C=CC=CC4,3.024,O=C(c1cnn2c1CCCC2)N1CCCC(c2ccccc2)C1
XS843179a,CC1=NC=2C=CC(=CC2S1)NC(=O)C(C)NC(=O)C=3C=CC=CC3,0.896,O=C(CNC(=O)c1ccccc1)Nc1ccc2ncsc2c1
XS843182a,CC(NC(=O)NCC=1C=CC(=NC1)N2C=CC=N2)C=3C=CC=C(F)C3,0.448,O=C(NCc1ccccc1)NCc1ccc(-n2cccn2)nc1
XS839517b,CN1C=C(C=2C=CC=CC21)C3CCN(C3)C=4C=NC=C(N4)OCCO,1.22,c1ccc2c(C3CCN(c4cnccn4)C3)c[nH]c2c1
XS843184a,CNC(=O)C1CN(CCOC=2C=CC=C(C#N)C2)C=3C=CC=CC3O1,1.932,c1ccc(OCCN2CCOc3ccccc32)cc1
XS843189a,CCOC=1C=C(C=CC1C)NC(=O)NC2CCCN3N=C(CC)N=C23,0.524,O=C(Nc1ccccc1)NC1CCCn2ncnc21
XS840823b,CC(CC1=CC=CS1)C(=O)N2CCN(CC2)C(=O)C=3C=CN=CC3,0.466,O=C(CCc1cccs1)N1CCN(C(=O)c2ccncc2)CC1
XS841499b,CCOC(=O)C=1C=CN=NC1N2CCC=3C=CC(=CC3C(C)C2)OC,8.378,c1cnnc(N2CCc3ccccc3CC2)c1
XS843197a,CNC(=O)C(NC(=O)C=1C=CC(=O)N(CCOC)N1)C=2C=CC=CC2,2.25,O=C(NCc1ccccc1)c1ccc(=O)[nH]n1
XS843195a,CCCOC=1C=CC=CC1NC(=O)C2CC(=NO2)C=3C=CC=C(F)C3,4.158,O=C(Nc1ccccc1)C1CC(c2ccccc2)=NO1
XS843196a,COC=1C=CC(=CC1)N2CC(CC2=O)C(=O)NC=3C=CC=NC3OC,4.98,O=C(Nc1cccnc1)C1CC(=O)N(c2ccccc2)C1
XS628045b,CCOC=1C=CC(=CC1)NC(=O)C(C)NC(=O)COC=2C=CC=CC2,0.794,O=C(COc1ccccc1)NCC(=O)Nc1ccccc1
XS843188a,CCNC(=O)CCC(=O)NC(C)C=1C=CC(=CC1)N2N=C(C)C=C2C,1.126,c1ccc(-n2cccn2)cc1
XS843193a,CCN1C=C(C#N)C(=O)N(CC(O)COC=2C=CC(C)=CC2C)C1=O,1.604,O=c1cc[nH]c(=O)n1CCCOc1ccccc1
XS176579b,CC1=CN=C(NC(=O)C2CC(=O)N(C2)C=3C=CC=4CCCC4C3)S1,8.664,O=C(Nc1nccs1)C1CC(=O)N(c2ccc3c(c2)CCC3)C1
XS843191a,O=C(NCC1=CC=CO1)C2CC(=O)N(C2)C=3C=CC=4OCCOC4C3,2.698,O=C(NCc1ccco1)C1CC(=O)N(c2ccc3c(c2)OCCO3)C1
XS693881b,CC=1N=C(SC(C)C=2C=CC(F)=C(Cl)C2)SC1CC(N)=O,1.638,c1ccc(CSc2nccs2)cc1
XS843187a,CC(C)N(CC(=O)NC1CCS(=O)(=O)C1)C=2C=CC(Cl)=CC2,1.164,O=C(CNc1ccccc1)NC1CCS(=O)(=O)C1
XS641335b,O=C(NC1CCN(CC=2C=CC=CC2)C1=O)C=3N=CC=C4C=CC=CC34,5.302,O=C(NC1CCN(Cc2ccccc2)C1=O)c1nccc2ccccc12
XS837888b,CC1=NC(C)=C(S1)C(C)NC(=O)NCC2=CC=3CCCCC3S2,0.72,O=C(NCc1cncs1)NCc1cc2c(s1)CCCC2
XS840704b,COC=1C=CC(=CC1)N2C=CN(CC3CC43CCC(F)(F)CC4)C2=O,0.432,O=c1n(CC2CC23CCCCC3)ccn1-c1ccccc1
XS843207a,CC(C=1C=CC(=CC1)N2C=NC=N2)N(C)C(=O)C3=CC=4C=CC=CC4O3,2.21,O=C(NCc1ccc(-n2cncn2)cc1)c1cc2ccccc2o1
XS840701b,CC1C=2C=CSC2CCN1CC3=NN=C(O3)C=4C=CC=CC4Cl,0.954,c1ccc(-c2nnc(CN3CCc4sccc4C3)o2)cc1
XS839299b,N#CC=1C=CC(=NN1)N(CCC2CC=CC2)CC(CO)C=3C=CC=CC3,0.408,C1=CCC(CCN(CCc2ccccc2)c2cccnn2)C1
XS843203a,COC=1C=CC(Cl)=CC1NC(=O)C(C)OC=2C=CC=CC2C(N)=O,0.484,O=C(COc1ccccc1)Nc1ccccc1
XS836559b,CC(NC(=O)CC1=CN(C)C=2C=CC=CC12)C=3C=CC=4NC(=O)NC4C3,2.056,O=C(Cc1c[nH]c2ccccc12)NCc1ccc2[nH]c(=O)[nH]c2c1
XS836610b,O=C1C=2C=CC=CC2NC(C=3C=CNN3)N1C=4C=CC=5OCCOC5C4,3.776,O=C1c2ccccc2NC(c2cc[nH]n2)N1c1ccc2c(c1)OCCO2
XS137916b,COC=1C=CC(=CC1Cl)NC(=O)CC(NC(C)=O)C=2C=CC=CC2,1.514,O=C(CCc1ccccc1)Nc1ccccc1
XS843199a,CC=1N=C(NC(=O)C2COCC(=O)N2CC=3C=CC=CC3)SC1C,5.796,O=C(Nc1nccs1)C1COCC(=O)N1Cc1ccccc1
XS843205a,CC(C)C=1C=CC(=CC1)OCCNC(=O)C(C)NC(=O)C2=CC=CO2,0.658,O=C(CNC(=O)c1ccco1)NCCOc1ccccc1
XS841542b,CC1=NOC(C)=C1CC(C)NC=2C=CC=C(N2)N3C=NC=4C=CC=CC43,0.644,c1cc(NCCc2cnoc2)nc(-n2cnc3ccccc32)c1
XS155429b,COC=1C=CC=CC1NC(=O)C(C)OC(=O)CCC=2C(C)=NOC2C,0.764,O=C(COC(=O)CCc1cnoc1)Nc1ccccc1
XS840472b,CC(CC=1C=CC=CC1)OC(=O)CCC2=NC3=C(N2)C(=O)NC(=O)N3C,1.526,O=C(CCc1nc2[nH]c(=O)[nH]c(=O)c2[nH]1)OCCc1ccccc1
XS843215a,CC1CCCCN1CC=2C=CC=CC2CNC(=O)COC=3C=CC=CC3,0.468,O=C(COc1ccccc1)NCc1ccccc1CN1CCCCC1
XS841640b,CC(NC(=O)C=1C=CC(F)=C2CCOC12)C=3C=CC(=CC3)N4C=NC=N4,1.476,O=C(NCc1ccc(-n2cncn2)cc1)c1cccc2c1OCC2
XS836504b,CC(C)C(F)C(=O)NC=1C=CC=C(C1)NC(=O)C=2C=C(O)C=C(C#N)C2,6.708,O=C(Nc1ccccc1)c1ccccc1
XS838689b,CN(C1=NC=C(S1)C(N)=O)C2CCC=3C=CC=C(Br)C32,0.714,c1ccc2c(c1)CCC2Nc1nccs1
XS406672b,CC1=CC(=O)N(C)C=C1NC(=O)NC(CC2CCCC2)C=3C=CC=CC3,0.47,O=C(Nc1ccc(=O)[nH]c1)NC(CC1CCCC1)c1ccccc1
XS757104b,O=C(CC1=CNC=2N=CC=CC12)N3CCCC(CO)(C3)C=4C=CC=CC4,2.532,O=C(Cc1c[nH]c2ncccc12)N1CCCC(c2ccccc2)C1
XS843212a,CC=1C=C(C=CC1N2CCCC2=O)NC(C)C(=O)NC=3C=CC(F)=CC3,0.802,O=C(CNc1ccc(N2CCCC2=O)cc1)Nc1ccccc1
XS843208a,CC(C)N1C(=NC=2C=CC=CC21)C3CCCN(C3)C(=O)C=4C=NC=CN4,2.712,O=C(c1cnccn1)N1CCCC(c2nc3ccccc3[nH]2)C1
XS843209a,COC=1C=C(C#N)C=CC1OC(C)C(=O)NCC=2C=CC=3OCOC3C2,4.178,O=C(COc1ccccc1)NCc1ccc2c(c1)OCO2
XS838658b,COC(=O)C(CC1=NON=C1C)NC=2N=CN=C(F)C2Br,0.488,c1cc(NCCc2cnon2)ncn1
XS774830b,CCC1=C(C=NN1C=2C=CC=C(Cl)C2)C(=O)NC3CCOC(C)(C)C3,1.084,O=C(NC1CCOCC1)c1cnn(-c2ccccc2)c1
XS444952b,CCC=1N=C(NC(=O)CCN2C(=O)C(C)OC=3C=CC=CC32)SC1C,0.646,O=C(CCN1C(=O)COc2ccccc21)Nc1nccs1
XS843220a,CC(C)C(NC(=O)C=1C=CC(F)=CC1)C(=O)N2CCC=3SC=CC3C2,0.852,O=C(NCC(=O)N1CCc2sccc2C1)c1ccccc1
XS843223a,CC1CCCN(C1)S(=O)(=O)N2CCC(CC2)NC(=O)C=3C=CC=CC3,0.414,O=C(NC1CCN(S(=O)(=O)N2CCCCC2)CC1)c1ccccc1
XS836549b,CCC=1OC(C)=CC1C(=O)NC2CCN(C(=O)C=3N=CN(C)N3)C2(C)C,1.048,O=C(NC1CCN(C(=O)c2nc[nH]n2)C1)c1ccoc1
XS837716b,CN(CC1CCCCC21CCC2)C3=NC=CN4C(=NN=C34)C=5C=NC=CN5,1.784,c1cnc(-c2nnc3c(NCC4CCCCC45CCC5)nccn23)cn1
XS838164b,CN(CC1CCCN(C1)C(=O)C=2SN=NC2C3CC3)S(C)(=O)=O,11.998,O=C(c1snnc1C1CC1)N1CCCCC1
XS423604b,O=C(NC=1C=CC(F)=CC1)N2CCCC(C2)C3=NN=C4CCCCCN34,1.568,O=C(Nc1ccccc1)N1CCCC(c2nnc3n2CCCCC3)C1
XS843221a,CC=1C=C(C=CC1Cl)OCC(=O)N(C)CC2COC=3C=CC=CC3O2,1.078,O=C(COc1ccccc1)NCC1COc2ccccc2O1
XS841098b,COC=1C=CC(=CC1Cl)N(C#N)C(C)C(=O)N2CCN(CC2)C(C)=O,0.898,O=C(CNc1ccccc1)N1CCNCC1
XS843226a,CC=1C=NN(C)C1C(=O)NCC(C2=CNC=3C=CC=CC23)C=4C=CC=CC4,0.728,O=C(NCC(c1ccccc1)c1c[nH]c2ccccc12)c1ccn[nH]1
XS843225a,COCCOC=1C=CC(=CC1OC)C(C)NC(=O)CC=2C(C)=NOC2C,0.936,O=C(Cc1cnoc1)NCc1ccccc1
XS839010b,FCC1(CNC=2C=C(C=3C=CC=CC3)N4N=CN=C4N2)CC51CCOCC5,3.424,c1ccc(-c2cc(NCC3CC34CCOCC4)nc3ncnn23)cc1
XS837706b,CC1CN(CCN1C(=O)C2=CN=C3C=CC=CN3C2=O)C=4C=CC(F)=CN4,0.71,O=C(c1cnc2ccccn2c1=O)N1CCN(c2ccccn2)CC1
XS714599b,CCN1C=C(C#N)C(=O)N(CC(=O)NC(C)C=2C=CC(=CC2)C(C)C)C1=O,3.424,O=C(Cn1c(=O)cc[nH]c1=O)NCc1ccccc1
XS612947b,CC(C)N1C=C2CCCC(NC(=O)C3CCN(CC(F)(F)F)CC3)C2=N1,1.142,O=C(NC1CCCc2c[nH]nc21)C1CCNCC1
XS843234a,CCC1=CC(=CC(=O)N1)C(=O)N2CCC(C2)(C3=NC(C)=NO3)C(F)(F)F,0.736,O=C(c1cc[nH]c(=O)c1)N1CCC(c2ncno2)C1
XS743573b,CCN(C(=O)C1=CC=C(S1)C=2C=CC(F)=CC2)C3CCS(=O)(=O)C3,5.87,O=C(NC1CCS(=O)(=O)C1)c1ccc(-c2ccccc2)s1
XS843233a,CC1=NC=2CCCC(C2S1)N(C)C(=O)C3=NN(C)C=C3Br,1.542,O=C(NC1CCCc2ncsc21)c1cc[nH]n1
XS004799e,CCC(C)N1CCC(=O)N(CC(=O)NCC=2C=CC(=CC2)C(=O)OC)C1=O,0.586,O=C(CN1C(=O)CCNC1=O)NCc1ccccc1
XS843237a,COC=1C=CC(=CC1)S(=O)(=O)N2CCCC2C3=NC=4C=CC=CC4S3,0.466,O=S(=O)(c1ccccc1)N1CCCC1c1nc2ccccc2s1
XS843231a,CN(CCOC=1C=CC(F)=CC1)C(=O)C=2C=CC(=CC2)OCC3CCCO3,0.934,O=C(NCCOc1ccccc1)c1ccc(OCC2CCCO2)cc1
XS843236a,CC(CC1=CNC=2C=CC(F)=CC12)NC(=O)C3=CC=4COCCC4NC3=O,1.376,O=C(NCCc1c[nH]c2ccccc12)c1cc2c([nH]c1=O)CCOC2
XS838734b,CC1CN(C=2C=CC=CC2N1)S(=O)(=O)C=3C=CC=4OCCNC(=O)C4C3,1.29,O=C1NCCOc2ccc(S(=O)(=O)N3CCNc4ccccc43)cc21
XS841600b,COC=1C=CC(=CC1OC)CC(C)(CO)NC(=O)C2=NNC=3N=CC=CC23,0.49,O=C(NCCc1ccccc1)c1n[nH]c2ncccc12
XS838736b,COC=1C=CC(=CC1)C(NC(=O)C=2C=NC(O)=C3C=NC=CC23)C=4C=CC=CN4,8.124,O=C(NC(c1ccccc1)c1ccccn1)c1cncc2cnccc12
XS839779b,O=C(CNC(=O)C1=CC=C(Br)O1)N2CCC(C2)C=3C=CC=CN3,0.878,O=C(NCC(=O)N1CCC(c2ccccn2)C1)c1ccco1
XS474938b,CC(C)N(C)S(=O)(=O)C=1C=CC(=CC1)NC(=O)N2CCCC2C3CCC3,1.64,O=C(Nc1ccccc1)N1CCCC1C1CCC1
XS840008b,N#CC1=C(N=NN1C(C(N)=O)C=2C=CC=C(Br)C2)C=3C=CC=CC3,0.902,c1ccc(Cn2cc(-c3ccccc3)nn2)cc1
XS843253a,CC(OC(=O)C=1C=CC(=CC1)CN2C(=O)CCC2=O)C(=O)N3CCC(C)CC3,1.324,O=C(OCC(=O)N1CCCCC1)c1ccc(CN2C(=O)CCC2=O)cc1
XS843248a,COC(=O)CC(NC(=O)C=1C=C(N=C2ON=C(C)C12)C3CC3)C=4C=CC=CC4,0.99,O=C(NCc1ccccc1)c1cc(C2CC2)nc2oncc12
XS843251a,CCOC=1C=CC(=CC1OCC)CCNC(=O)C2CC=3C=CC=CC3C(=O)O2,0.538,O=C1OC(C(=O)NCCc2ccccc2)Cc2ccccc21
XS843252a,CC=1C=CC=C(C1)NC(=O)C(C)SC=2C=CC(=CN2)S(=O)(=O)N(C)C,0.608,O=C(CSc1ccccn1)Nc1ccccc1
XS739386b,CC(=O)N1CCC=2C=C(C=CC21)NC(C)C3=NC(=NO3)C=4C=CC(F)=C(C)C4,0.696,c1ccc(-c2noc(CNc3ccc4c(c3)CCN4)n2)cc1
XS843249a,CC(NC(=O)C=1C=CC(=CC1)N2CCCC2=O)C=3C=CC(=CC3)S(N)(=O)=O,1.49,O=C(NCc1ccccc1)c1ccc(N2CCCC2=O)cc1
XS841031b,CCN1C=C(C=N1)C2C=3NC=4C=CC(=CC4C3CCN2S(=O)(=O)F)OC,0.434,c1ccc2c3c([nH]c2c1)C(c1cn[nH]c1)NCC3
XS843264a,CCN1CC(CN(C)C(=O)C2=CSC(=N2)C=3C=NN(C)C3)OC=4C=CC=CC41,2.17,O=C(NCC1CNc2ccccc2O1)c1csc(-c2cn[nH]c2)n1
XS843258a,CC=1C=CC=C(C1C)N2CC(CC2=O)C(=O)NC=3C=CC(=NC3)N4CCOCC4,2.266,O=C(Nc1ccc(N2CCOCC2)nc1)C1CC(=O)N(c2ccccc2)C1
XS836814b,COC=1C=CC=C2CC(COC12)C(=O)NC=3C=C(Cl)C=C(C(N)=O)C3OC,1.768,O=C(Nc1ccccc1)C1COc2ccccc2C1
XS843268a,CC=1C=C(C)C2=C(N1)SC=3C(=O)N(C=NC32)CC(=O)NC(C)C4=CC=CS4,3.052,O=C(Cn1cnc2c(sc3ncccc32)c1=O)NCc1cccs1
XS014968e,COC=1C=CC(C)=CC1N2CC(CC2=O)C(=O)NN3C=NC=4C=CC=CC4C3=O,2.15,O=C(Nn1cnc2ccccc2c1=O)C1CC(=O)N(c2ccccc2)C1
XS843257a,CC=1C=C(C(=O)N2CCN(CC2)C(C)C(=O)NC3CC3)C=4C=NN(C4N1)C(C)C,1.564,O=C(CN1CCN(C(=O)c2ccnc3[nH]ncc23)CC1)NC1CC1
EL002138c,COC(=O)CC1CC2(CO1)CCN(CC2)C=3C=C(C=C(N3)C(F)(F)F)CO,0.412,c1ccc(N2CCC3(CCOC3)CC2)nc1
XS581023b,CC(C(=O)NC=1N=CC=CN1)N2CCN(CC2)C=3C=CN=C(N3)C=4C=CC=CC4,3.752,O=C(CN1CCN(c2ccnc(-c3ccccc3)n2)CC1)Nc1ncccn1
XS843270a,CCN1C(CNC(=O)C2CC(=O)N(C2)C=3C=CC=4OCCOC4C3)=NC=5C=CC=CC51,2.33,O=C(NCc1nc2ccccc2[nH]1)C1CC(=O)N(c2ccc3c(c2)OCCO3)C1
XS840420b,CC1=NN(C)C(C)=C1NC(=O)C(C)OC(=O)C=2C=C(Cl)C=3OCCCOC3C2,4.13,O=C(COC(=O)c1ccc2c(c1)OCCCO2)Nc1cn[nH]c1
XS843278a,CC(C)(C)C=1C=C(NC(=O)C=2C=CC=3OCOC3C2)N(N1)C4CCS(=O)(=O)C4,0.662,O=C(Nc1ccnn1C1CCS(=O)(=O)C1)c1ccc2c(c1)OCO2
XS843284a,O=S(=O)(C=1C=CC=2OCCOC2C1)N3CCCC3C=4C=CC=5OCCOC5C4,1.21,O=S(=O)(c1ccc2c(c1)OCCO2)N1CCCC1c1ccc2c(c1)OCCO2
XS843276a,CC=1N=C(C)N(N1)C=2C=CC(=CC2)C(=O)N3CCOCC3CC4=CNC=5C=CC=CC45,1.832,O=C(c1ccc(-n2cncn2)cc1)N1CCOCC1Cc1c[nH]c2ccccc12
XS843269a,CC(=O)NC(CC(=O)N(C)CC1=NC=2C=CC=CC2C(=O)N1)C=3C=CC(Cl)=CC3,2.036,O=C(CCc1ccccc1)NCc1nc2ccccc2c(=O)[nH]1
XS843283a,COC1=CC(=CC(OC)=C1OC)C(C)NC(=O)C=2SC(=NC2C)C=3C=CC=CN3,2.26,O=C(NCc1ccccc1)c1cnc(-c2ccccn2)s1
XS843280a,CC(=O)NC(CC(=O)NC=1C=CC=C(C1)C2=NN=C3CCCCCN23)C=4C=CC=CC4,1.896,O=C(CCc1ccccc1)Nc1cccc(-c2nnc3n2CCCCC3)c1
XS843286a,COC=1C=CC(OC)=C(C1)NC(=O)CNC(C(=O)NC=2C=CC=CC2)C=3C=CC=CC3,0.446,O=C(CNC(C(=O)Nc1ccccc1)c1ccccc1)Nc1ccccc1
XS843273a,CC=1C=CC2=NC(=CC(=O)N2C1)COC(=O)C(C)CC=3C=CC(Br)=CC3,0.692,O=C(CCc1ccccc1)OCc1cc(=O)n2ccccc2n1
XS840856b,CC=1C=NC(=C(C1)[N+]([O-])=O)N2CCCC(C2)N3N=CC(=CC3=O)N4CCOCC4,1.866,O=c1cc(N2CCOCC2)cnn1C1CCCN(c2ccccn2)C1
XS843285a,CC=1C=C(C)N(CCCNC(=O)C(NC(=O)C23CC4CC(CC(C4)C3)C2)C(C)C)N1,1.702,O=C(CNC(=O)C12CC3CC(CC(C3)C1)C2)NCCCn1cccn1
XS843272a,CCC1C=2C=CSC2CCN1C(=O)C=3C=CC(=CC3)S(=O)(=O)N(CC)CC,0.416,O=C(c1ccccc1)N1CCc2sccc2C1
XS843275a,CC1=NOC(=N1)C(NC(=O)C=2C=CC(=C(F)C2)N3CCOCC3)C4CCOCC4,1.074,O=C(NC(c1ncno1)C1CCOCC1)c1ccc(N2CCOCC2)cc1
XS840767b,CC(C)CN1CC(CC1=O)C(=O)N(CC=2C=CC=CC2[N+]([O-])=O)CC(F)(F)F,2.506,O=C1CC(C(=O)NCc2ccccc2)CN1
XS719146b,O=C(NC1CCN(C1)C=2C=CC(Cl)=C(F)C2)N3CCC(CC3)N4CCNC4=O,1.33,O=C(NC1CCN(c2ccccc2)C1)N1CCC(N2CCNC2=O)CC1
XS815346b,CC1SC=2C=CC(=CC2NC1=O)C(=O)N3CCN(CCOC=4C=CC=CC4)CC3,1.12,O=C1CSc2ccc(C(=O)N3CCN(CCOc4ccccc4)CC3)cc2N1
XS053489d,O=C(NC=1C=CC(=NC1)N2CCC=3SC=CC3C2)C4CCCN(C4)C(=O)C5=CC=CO5,1.128,O=C(Nc1ccc(N2CCc3sccc3C2)nc1)C1CCCN(C(=O)c2ccco2)C1
XS836659b,CS(=O)(=O)NCCC1CCCCN1C(=O)NCC2(CCCC2)C=3C(F)=CC=CC3F,0.388,O=C(NCC1(c2ccccc2)CCCC1)N1CCCCC1
XS843301a,CS(=O)(=O)NCC1CCCN(C1)C(=O)C=2SC(=NC2C=3C=CC=CC3)C4=CC=CO4,0.526,O=C(c1sc(-c2ccco2)nc1-c1ccccc1)N1CCCCC1
XS843303a,COC1=NN(C)C=2N=C(C)C(CCC(=O)N3CCCC(C3)C(=O)NCC4CC4)=C(C)C12,4.886,O=C(NCC1CC1)C1CCCN(C(=O)CCc2cnc3[nH]ncc3c2)C1
XS843293a,CC=1C=CC(=CC1)C2=NOC(CN3CCN(CC3)C(=O)C=4C=CC=5SC(C)C(=O)NC5C4)=N2,0.87,O=C1CSc2ccc(C(=O)N3CCN(Cc4nc(-c5ccccc5)no4)CC3)cc2N1
XS838789b,CC1=NN(C(C)=C1C2C(=O)NCCN2CC3=NN4C(=O)C=C(C)N=C4S3)C=5C=CC=CC5,16.742,O=C1NCCN(Cc2nn3c(=O)ccnc3s2)C1c1cnn(-c2ccccc2)c1
XS841492c,COCC(NC(=O)NC=1N=NN(CC=2C=CC=CC2F)C1C)C=3C=CC=4NC=CC4C3,3.828,O=C(NCc1ccc2[nH]ccc2c1)Nc1cn(Cc2ccccc2)nn1
XS838324b,CC1(C)CC2=C(C=NN2C=3C=CC=CC3Cl)CN(C1)C(=O)C4CCCC=5NN=CC54,5.666,O=C(C1CCCc2[nH]ncc21)N1CCCc2c(cnn2-c2ccccc2)C1
XS843296a,COC1=CC(=CC(OC)=C1OC)C(C)NC(=O)C=2C=C(N=C3C2C(C)=NN3C)C(C)C,0.582,O=C(NCc1ccccc1)c1ccnc2[nH]ncc12
XS843295a,O=C(NC(CC=1C=CC=CC1)C(=O)N2CCN(CC3=NC=4C=CC=CC4S3)CC2)C5=CC=CS5,0.838,O=C(NC(Cc1ccccc1)C(=O)N1CCN(Cc2nc3ccccc3s2)CC1)c1cccs1
XS843289a,NC(=O)C(C=1C=CC(Cl)=CC1)N2CCN(CC2)C=3N=CC(=CC3Cl)C(F)(F)F,1.322,c1ccc(CN2CCN(c3ccccn3)CC2)cc1
XS843287a,O=C(C=1C=CC=C(C1)S(=O)(=O)N2CCC=3C=CC=CC32)N4CCCC4C=5C=CC=NC5,2.682,O=C(c1cccc(S(=O)(=O)N2CCc3ccccc32)c1)N1CCCC1c1cccnc1
XS840537b,COC1=CC(=CC(OC)=C1OC)C(NC(=O)COC=2C=CC=CC2C#N)C(F)(F)F,2.986,O=C(COc1ccccc1)NCc1ccccc1
XS843292a,COC=1C=CC(=CC1)C2=NOC(CN3CCN(CC3)C(=O)CC4SC=5C=CC=CC5NC4=O)=N2,8.356,O=C1Nc2ccccc2SC1CC(=O)N1CCN(Cc2nc(-c3ccccc3)no2)CC1
XS843311a,CC(NC(=O)C=1C=CC=C(C#N)C1)C=2C=CC=CC2,19.444,O=C(NCc1ccccc1)c1ccccc1
XS843304a,O=C(C1CC=2C=CC=CC2O1)N3CCCC3,0.832,O=C(C1Cc2ccccc2O1)N1CCCC1
XS840727b,O=C(NC=1C=CN=CC1F)C2CCCS2,0.798,O=C(Nc1ccncc1)C1CCCS1
XS843314a,CC=1C=CC=C(N1)NC(=O)C2CCC(=O)NC2,1.758,O=C1CCC(C(=O)Nc2ccccn2)CN1
XS837417b,CC(COC(=O)C1CC1)N2CCNC2=O,0.564,O=C(OCCN1CCNC1=O)C1CC1
XS837540b,COC(C)CN1C=C(Br)C=NC1=O,0.66,O=c1nccc[nH]1
XS837932b,N#CC1(CCCC1)C(=O)NC(CO)CCF,0.806,C1CCCC1
XS838249b,CC(OC=1C=C(F)N=CC1Cl)C(=O)N2CCCC2,1.75,O=C(COc1ccncc1)N1CCCC1
XS843324a,CC(SC1=NC=2SC=CC2C(=O)N1C)C(N)=O,1.166,O=c1[nH]cnc2sccc12
XS843316a,O=C(OCC1CC(=O)N(C1)C2CC2)C3=CC=CS3,0.684,O=C(OCC1CC(=O)N(C2CC2)C1)c1cccs1
XS761063b,CC(NC(=O)C1=CC=CS1)C(=O)NC=2C=CNN2,1.07,O=C(CNC(=O)c1cccs1)Nc1cc[nH]n1
XS838161b,COC(C)(C(=O)N1CCC21CCOCC2)C3CC3,2.246,O=C(CC1CC1)N1CCC12CCOCC2
XS841477b,O=C(NC1CCOCC21CCC2)C=3C=CNC(=O)C3,0.446,O=C(NC1CCOCC12CCC2)c1cc[nH]c(=O)c1
XS836877b,CN(CC1=NN=C2C=CC=CN12)CC3COC(=O)C3,1.97,O=C1CC(CNCc2nnc3ccccn23)CO1
XS531750b,CCC=1OC=CC1C(=O)N2CCCC(O)(C2)C(N)=O,1.696,O=C(c1ccoc1)N1CCCCC1
XS395424b,CC(NC=1N=CN=C2SC=CC12)C=3C=CC=CC3,0.386,c1ccc(CNc2ncnc3sccc23)cc1
XS843326a,COC=1C=CC=CC1C2NC(=O)C=3C=CC=C(C)C3N2,2.304,O=C1NC(c2ccccc2)Nc2ccccc21
XS843319a,O=C(CN1C=CC=N1)NC2CCOC=3C=CC=CC32,0.604,O=C(Cn1cccn1)NC1CCOc2ccccc21
XS843325a,CN1CC(NCC1=O)C2=NC(=NO2)C=3C=CC=CC3,1.918,O=C1CNC(c2nc(-c3ccccc3)no2)CN1
XS843327a,CCNC(=O)NC(=O)C(C)NC=1C=CC=CC1OC,2.59,c1ccccc1
XS841721b,O=S(=O)(CC=1C=C(ON1)C2CCCC2)C3CCOC3,1.022,O=S(=O)(Cc1cc(C2CCCC2)on1)C1CCOC1
XS677784b,CC1=NN(C)C(C)=C1C2COCCN2C(=O)NC3CC3,0.722,O=C(NC1CC1)N1CCOCC1c1cn[nH]c1
XS838594b,CC(NC=1C=NC=2OCOC2C1)C3=NC=4C=CC=CC4O3,1.7,c1ccc2oc(CNc3cnc4c(c3)OCO4)nc2c1
XS843339a,CC=1C=C(C(=O)NC2CCCOC=3C=CC=CC32)N(C)N1,1.176,O=C(NC1CCCOc2ccccc21)c1ccn[nH]1
XS766623b,CCC=1C=CC=C(C1)CC(=O)NC2CCCC=3C=NNC32,0.678,O=C(Cc1ccccc1)NC1CCCc2cn[nH]c21
XS531363b,CC1=NOC(C)=C1C(=O)NCC2CCCC=3C=CC=CC32,1.168,O=C(NCC1CCCc2ccccc21)c1cnoc1
XS810649b,CC1C=2C=CSC2CCN1C(=O)C=3C=CC(O)=NC3,3.42,O=C(c1cccnc1)N1CCc2sccc2C1
XS843334a,CCC1CCCN(C1)S(=O)(=O)N2CCCCCC2,0.548,O=S(=O)(N1CCCCCC1)N1CCCCC1
XS172550c,CN1N=CC=2C(=NC=NC21)N3CCCC3C=4C=CC=NC4,4.47,c1cncc(C2CCCN2c2ncnc3[nH]ncc23)c1
XS838493b,CC1(C)C=CC=2C=CC=C(NC(=O)C3CCNC3=O)C2O1,0.586,O=C1NCCC1C(=O)Nc1cccc2c1OCC=C2
XS838300c,O=C1CC(CN1)C2=CC=C(S2)C=3C=CC=C4C=CNC34,0.684,O=C1CC(c2ccc(-c3cccc4cc[nH]c34)s2)CN1
XS561632b,COC(=O)C1CCC2=NN=C(CC3CCCC3)N2CC1,1.66,C1CCc2nnc(CC3CCCC3)n2CC1
XS843348a,CC1=NOC(C)=C1CC(=O)N2CCCC2C3=CC=CS3,1.598,O=C(Cc1cnoc1)N1CCCC1c1cccs1
XS843340a,CN1C=C(C=N1)C2CCCN2C(=O)C3=NNC=4C=CC=CC34,0.528,O=C(c1n[nH]c2ccccc12)N1CCCC1c1cn[nH]c1
XS837551b,FC1(F)CC21COCCN(C2)C=3N=CC=4SC=CC4N3,0.424,c1cc2nc(N3CCOCC4(CC4)C3)ncc2s1
XS838401b,CN(CC1CC=2C=CC=CC2CO1)C=3N=CC=NC3CC#N,0.392,c1ccc2c(c1)COC(CNc1cnccn1)C2
XS843350a,O=C(NC1CCCNC1=O)C=2C=CC=C(Br)C2,1.204,O=C(NC1CCCNC1=O)c1ccccc1
XS843349a,CC1=NOC(C)=C1CC(=O)NC(C)C=2C=C(C)C=CC2C,0.892,O=C(Cc1cnoc1)NCc1ccccc1
XS840113b,CC1=NOC(C)=C1C(C)CNC2=NC=3C=CC(F)=CC3O2,0.47,c1ccc2oc(NCCc3cnoc3)nc2c1
XS700849b,O=C(C1=CC=2C=CC=CC2N1)N3CCCC3C=4C=CC=CC4,9.266,O=C(c1cc2ccccc2[nH]1)N1CCCC1c1ccccc1
XS840120b,COC(=O)C1SCCN1C(=O)C=2C=CC(C#N)=C(C)N2,2.166,O=C(c1ccccn1)N1CCSC1
XS843360a,CC(C)(C)C=1C=CC(=CC1)C2CCCN2C(=O)C=3C=CNN3,3.518,O=C(c1cc[nH]n1)N1CCCC1c1ccccc1
XS843356a,O=C(NC(C=1C=CC=CC1)C=2C=CC=CN2)C=3C=CC(O)=NC3,0.66,O=C(NC(c1ccccc1)c1ccccn1)c1cccnc1
XS194226d,CCOC=1C=CC(=CC1)NC(=O)CC(C)N2N=C(C)C=C2C,0.604,O=C(CCn1cccn1)Nc1ccccc1
XS761917b,CCCC1=NC(CN2CCNC(=O)C2C=3C=CC=CC3)=NO1,4.676,O=C1NCCN(Cc2ncon2)C1c1ccccc1
XS836673b,COCC(C)C(=O)NC1=NNC=2C=CC(=CC12)C(F)(F)F,1.574,c1ccc2[nH]ncc2c1
XS843351a,CC=1C=NN(C1)CC2CCCCN2C(=O)CC3=CC=CS3,0.89,O=C(Cc1cccs1)N1CCCCC1Cn1cccn1
XS843353a,CC(SC=1N=C2N=CC=CN2N1)C(=O)N3CCC(C)CC3,5.086,O=C(CSc1nc2ncccn2n1)N1CCCCC1
XS836649b,CC(C)C1CCCCCN1C(=O)C=2C=NC3=C(C2)N=CN3C,5.112,O=C(c1cnc2[nH]cnc2c1)N1CCCCCC1
XS843352a,CC(NC(=O)NC=1C=CC=NC1)C=2C=CC=3OCCOC3C2,1.742,O=C(NCc1ccc2c(c1)OCCO2)Nc1cccnc1
XS815289b,CC(NC(=O)NC=1C=CC=CC1)C=2C=CC(=CC2)N3C=CN=C3,1.434,O=C(NCc1ccc(-n2ccnc2)cc1)Nc1ccccc1
XS843363a,N#CC(NC(=O)C=1C=CC=C(N1)N2C=CC=N2)C3CCCCC3,0.742,O=C(NCC1CCCCC1)c1cccc(-n2cccn2)n1
XS843362a,COC=1C=CC=CC1CNC(=O)C23CCC(=O)N3CCS2,0.852,O=C1CCC2(C(=O)NCc3ccccc3)SCCN12
XS843372a,CC1=NN(C)C(C)=C1S(=O)(=O)N2CCCC2CC(C)(C)C,1.19,O=S(=O)(c1cn[nH]c1)N1CCCC1
XS673471b,O=C(CC=1C=CC=2OCCC2C1)N3CCCC(C3)N4C=CC=N4,0.822,O=C(Cc1ccc2c(c1)CCO2)N1CCCC(n2cccn2)C1
XS797099b,O=C1COC=2C=CC(=CC2N1)S(=O)(=O)NCC3CCOC3,0.638,O=C1COc2ccc(S(=O)(=O)NCC3CCOC3)cc2N1
XS842462b,CN1C=C(C=N1)C2CC(=NN2C)C=3C=CC=4OCC(=O)NC4C3,3.654,O=C1COc2ccc(C3=NNC(c4cn[nH]c4)C3)cc2N1
XS843365a,CC(C)(CC(=O)N1CCCN2C=3C=CC=CC3CC2C1)C4CC4,0.588,O=C(CCC1CC1)N1CCCN2c3ccccc3CC2C1
XS843361a,CCC1C(=O)NCCN1C(=O)C=2C=NN(C2C)C=3C=CC=CC3,6.438,O=C1CN(C(=O)c2cnn(-c3ccccc3)c2)CCN1
XS841976b,NC(=O)C1=NN=C(S1)N2CCC(C2)OC=3C=CC=CC3F,1.366,c1ccc(OC2CCN(c3nncs3)C2)cc1
XS843367a,OCC(NC1=NC(=NO1)C2CCC2)C=3C=CC(Cl)=C(F)C3,0.392,c1ccc(CNc2nc(C3CCC3)no2)cc1
XS843369a,CC1=CC(=NO1)NC(=O)NC(C)C=2C=CC(=CC2)C(F)(F)F,1.006,O=C(NCc1ccccc1)Nc1ccon1
XS838592b,CCN1C(=O)N(CC)C=2C=C(C=CC21)NC(C)C3=NC=C(C)O3,0.406,O=c1[nH]c2ccc(NCc3ncco3)cc2[nH]1
XS465564b,CC=1C=C(F)C=C2NC(=CC12)C(=O)N3CCC(C3)C=4N=NNN4,0.622,O=C(c1cc2ccccc2[nH]1)N1CCC(c2nn[nH]n2)C1
XS838440b,FC=1C=CC=C(C1)OCC2=NOC(=N2)C3CCCC4=NN=CN43,4.35,c1ccc(OCc2noc(C3CCCc4nncn43)n2)cc1
XS840031b,CN1CCC(NC(=O)CN2C=C(C=N2)[N+]([O-])=O)C=3C=CC=CC31,0.746,O=C(Cn1cccn1)NC1CCNc2ccccc21
XS843384a,CCOC(=O)C1(CCCCC1)NC(=O)C2CC=3C=CC=CC3O2,2.104,O=C(NC1CCCCC1)C1Cc2ccccc2O1
XS843382a,CC(C)C1C(=O)NCCN1C(=O)C=2C=NN3C=CC=C(Cl)C23,4.934,O=C1CN(C(=O)c2cnn3ccccc23)CCN1
XS836768b,CC1=NC(=CS1)C2=CNC(=C2)C(=O)NC3CCCCNC3=O,0.758,O=C(NC1CCCCNC1=O)c1cc(-c2cscn2)c[nH]1
XS640905b,CC(OC(=O)C1CCN(CC1)C2=NC=3C=CC=CC3O2)C(N)=O,1.884,c1ccc2oc(N3CCCCC3)nc2c1
XS549527b,NC(=O)C1CCN(C1)C(=O)NC2=NC(=CS2)C=3C=CC=CC3,1.11,O=C(Nc1nc(-c2ccccc2)cs1)N1CCCC1
XS843381a,CC1CN(CCN1C(=O)C=2C=CC=CC2F)C=3C=CC=C(F)C3,0.464,O=C(c1ccccc1)N1CCN(c2ccccc2)CC1
XS843376a,CCC1(C)COCCN1C(=O)C2CCN(CC2)C=3C=NC=CN3,0.93,O=C(C1CCN(c2cnccn2)CC1)N1CCOCC1
XS843380a,CC1CN(CC2(CCOCC2)O1)C(=O)C=3C=CC=C4C=NNC34,3.462,O=C(c1cccc2cn[nH]c12)N1CCOC2(CCOCC2)C1
XS843395a,O=C(COC=1C=CC=CC1)N2CCCC2C3=NC=4C=CC=CC4N3,0.924,O=C(COc1ccccc1)N1CCCC1c1nc2ccccc2[nH]1
XS837558b,O=C(C1CC2(CC2)CO1)N(C=3C=CC=C4C=CC=NC34)C5CCC5,4.08,O=C(C1CC2(CC2)CO1)N(c1cccc2cccnc12)C1CCC1
XS843394a,COC=1C=CC(=CC1)C2CCCCCN2C(=O)NC=3C=CC=NC3,2.676,O=C(Nc1cccnc1)N1CCCCCC1c1ccccc1
XS843386a,CCC(CC)(CNC(=O)C(C)NC(N)=O)C=1C=CC(Cl)=CC1,1.724,c1ccccc1
XS843387a,CC1(CC(=O)N(CC(N)=O)C1=O)C=2C=CC(Br)=CC2,3.132,O=C1CC(c2ccccc2)C(=O)N1
XS157694d,CC=1C=CC(=CC1)C2=NN=C(O2)C(C)NC=3C=CC=4OCOC4C3,0.528,c1ccc(-c2nnc(CNc3ccc4c(c3)OCO4)o2)cc1
XS843393a,CC1COC=2C=CC=CC2CN1C(=O)C3=CC=CN4C(=O)NN=C34,3.076,O=C(c1cccn2c(=O)[nH]nc12)N1CCOc2ccccc2C1
XS843400a,O=C(C1=CN(CC=2C=CC=CC2)N=N1)N3CCCC3C4CCCC4,0.456,O=C(c1cn(Cc2ccccc2)nn1)N1CCCC1C1CCCC1
XS843392a,CN1C=C(C=N1)N2CCC(C2)NC(=O)C3=CC=4C=CC=CC4S3,0.602,O=C(NC1CCN(c2cn[nH]c2)C1)c1cc2ccccc2s1
XS839985b,CNC(=O)NC(=O)C(C)N(C)CC1=NC(=CS1)C(F)(F)F,0.448,c1cscn1
XS838967b,CC1=CSC(=N1)C2COCCN2CCC=3C=CC=4OCCC4C3,0.386,c1csc(C2COCCN2CCc2ccc3c(c2)CCO3)n1
XS843401a,CC1=NN=C(O1)C(C)N2CCN(CC2)C(=O)CC=3C=CC(C)=CC3,0.686,O=C(Cc1ccccc1)N1CCN(Cc2nnco2)CC1
XS843412a,CCOC=1N=CC=CC1C(=O)N(CC)C(C)C=2C=CC=C(C2)OC,1.28,O=C(NCc1ccccc1)c1cccnc1
XS843408a,CC1=C(OC=2C(C)=CC=CC12)C(=O)N3CCOCC3C=4N=CON4,1.34,O=C(c1cc2ccccc2o1)N1CCOCC1c1ncon1
XS840845b,CC(NC(=O)NC=1C=CC(=C(Cl)C1)N2C=CC=N2)C=3C=CON3,0.528,O=C(NCc1ccon1)Nc1ccc(-n2cccn2)cc1
XS843409a,CNC(=O)CNC(=O)CC1SC=2C=CC(Cl)=CC2NC1=O,1.278,O=C1CSc2ccccc2N1
XS843410a,CC1CCCCN1C(=O)COC(=O)C=2C=CC(=CC2)N3C=NN=N3,2.294,O=C(OCC(=O)N1CCCCC1)c1ccc(-n2cnnn2)cc1
XS843407a,O=C(C=1C=C(Cl)C=CN1)N(CCC=2C=CC=CC2)C3CCOC3,0.722,O=C(c1ccccn1)N(CCc1ccccc1)C1CCOC1
XS843414a,O=C(CCN1C=NC=N1)NC(CN2CCCC2=O)C=3C=CC=CC3,1.652,O=C(CCn1cncn1)NC(CN1CCCC1=O)c1ccccc1
XS843403a,COCCN1C=C(C=CC1=O)C(=O)N2CCCC(C2)N3C=CC=N3,1.81,O=C(c1ccc(=O)[nH]c1)N1CCCC(n2cccn2)C1
XS328121b,COCC1(CCCN1C(=O)C=2C=CC(=CC2)C3CCCC3)C(N)=O,0.562,O=C(c1ccc(C2CCCC2)cc1)N1CCCC1
XS837948b,CCN1C=C(CCNS(=O)(=O)CC2CCCCC2(F)F)N=N1,0.428,O=S(=O)(CC1CCCCC1)NCCc1c[nH]nn1
XS839213b,COCC(C)(O)CN1C=NC2=C(C=NN2C=3C=CC=CC3F)C1=O,1.7,O=c1[nH]cnc2c1cnn2-c1ccccc1
XS560353b,CC1=NOC(CC2(O)CCCN(C2)C=3C=C(Cl)C=CC3C#N)=N1,1.376,c1ccc(N2CCCC(Cc3ncno3)C2)cc1
XS843420a,CC=1NC=2C=CC(=CC2C1C)C(=O)NC(C)C3=NN=C4C=CC=CN34,0.872,O=C(NCc1nnc2ccccn12)c1ccc2[nH]ccc2c1
XS843425a,CC1=NOC=2N=C(C=C(C(=O)N(C)C(C)C=3C=CN=CC3)C12)C4CC4,1.834,O=C(NCc1ccncc1)c1cc(C2CC2)nc2oncc12
XS843424a,CC(=O)NC(C)C(=O)N1CCN(CC1)C2=CC(C)=NC3=NC=NN23,0.932,c1cc(N2CCNCC2)n2ncnc2n1
XS840493b,COC=1N=CN=CC1NC(=O)C(=O)NC(C)C=2C=C(C)SC2C,0.382,O=C(NCc1ccsc1)C(=O)Nc1cncnc1
XS836488b,COC=1N=CN=CC1NC(=O)N2CCC(C(F)(F)F)C(C)(C)C2,0.428,O=C(Nc1cncnc1)N1CCCCC1
XS840349b,[O-][N+](=O)C=1C=C(Cl)C=C(NC(=O)C2CCC=3C=NNC3C2)C1O,0.446,O=C(Nc1ccccc1)C1CCc2cn[nH]c2C1
XS675814b,CCC(CC(=O)N(CC=1C=CN=CC1)C2CC2)C=3C=CC(=CC3)OC,2.57,O=C(CCc1ccccc1)N(Cc1ccncc1)C1CC1
XS842016b,COC(=O)C(CS(=O)(=O)NC=1C=C(C)N(C)N1)C=2C=CC=CC2,2.67,O=S(=O)(CCc1ccccc1)Nc1cc[nH]n1
XS836634b,CC=1C=C(ON1)C2CCN(C2)C(=O)NC=3C=CC(Cl)=CC3Cl,0.432,O=C(Nc1ccccc1)N1CCC(c2ccno2)C1
XS656924b,CC=1C=NN(C1)CC2CN(CC3=CC(=NO3)C=4C=CC=CC4)CCO2,0.62,c1ccc(-c2cc(CN3CCOC(Cn4cccn4)C3)on2)cc1
XS843431a,CC(NC=1C=CC=CC1C#N)C=2C=C(F)C=CC2N3CCC(O)CC3,0.352,c1ccc(NCc2ccccc2N2CCCCC2)cc1
XS843433a,CCCN1C(=O)CCC=2C=C(C=CC21)NC(=O)C(C)C=3C=CC=NC3,3.228,O=C(Cc1cccnc1)Nc1ccc2c(c1)CCC(=O)N2
XS840578b,O=C(NCC1=NN=CN1C2CC2)NC(C=3C=CC=CC3)C(F)(F)F,0.944,O=C(NCc1ccccc1)NCc1nncn1C1CC1
XS763434b,O=S1(=O)CCC(CC2=NN=C(O2)SCCC=3C=CC=CC3)C1,0.914,O=S1(=O)CCC(Cc2nnc(SCCc3ccccc3)o2)C1
XS843436a,CC(=O)NC1=CC=CC(C(=O)NC2(CCOC2)C=3C=CC=CC3)=C1C,1.224,O=C(NC1(c2ccccc2)CCOC1)c1ccccc1
XS841413b,O=C(C1=CC2=CC=CN2C=N1)N3CCCC(C3)C4=NOC(=N4)C5CC5,0.692,O=C(c1cc2cccn2cn1)N1CCCC(c2noc(C3CC3)n2)C1
XS838634b,CN1C=CC2=C1CCN(C(=O)CC3=CC=NN3)C2C=4N=CC=CC4F,1.056,O=C(Cc1ccn[nH]1)N1CCc2[nH]ccc2C1c1ccccn1
XS836853b,CC=1C(=NNC1NC(=O)C2CC=3C=C(F)C=CC3O2)C=4C=CN=CC4,3.566,O=C(Nc1cc(-c2ccncc2)n[nH]1)C1Cc2ccccc2O1
XS837482b,CCOC(=O)C=1N=NNC1C2CCCN2C(=O)COCC3CCC3,10.722,O=C(COCC1CCC1)N1CCCC1c1cnn[nH]1
XS840979b,NC(=O)C(NC(=O)CN1CCCOC1=O)C=2C=CC3=CC=CC=C3C2,1.262,O=C(CN1CCCOC1=O)NCc1ccc2ccccc2c1
XS843438a,CC(C)C(NC(=O)COC=1C=CC=NC1)C=2C=CC=3OCCOC3C2,0.444,O=C(COc1cccnc1)NCc1ccc2c(c1)OCCO2
XS843443a,CN1C(=O)C(C#N)=C(NC2CCCN(C2)C=3N=CC=CN3)N(C)C1=O,8.778,O=c1cc(NC2CCCN(c3ncccn3)C2)[nH]c(=O)[nH]1
XS843441a,CNC(=O)C=1C=CC(=CC1)NC(=O)N2CCCCC2C3=CC=C(C)O3,0.954,O=C(Nc1ccccc1)N1CCCCC1c1ccco1
XS841046b,O=C(CN1C(=O)CSC=2C=CC=CC21)OC3CCS(=O)(=O)C3,0.8,O=C(CN1C(=O)CSc2ccccc21)OC1CCS(=O)(=O)C1
XS840413b,O=C(CNC=1C=CC=2OCCOC2C1)N3CCCC3C4=CC=CS4,2.212,O=C(CNc1ccc2c(c1)OCCO2)N1CCCC1c1cccs1
XS837867b,CC(C(=O)NC=1C=CC=CC1S(C)(=O)=O)C2=CC=C(Cl)S2,0.658,O=C(Cc1cccs1)Nc1ccccc1
XS837801c,OC=1C=CC=2CCC(NC=3C=CN4N=CC(Br)=C4N3)C2C1,0.58,c1ccc2c(c1)CCC2Nc1ccn2nccc2n1
XS842706b,CC(C1=NN=NN1C2CCCCC2)N3N=NC(=N3)C=4C=CC=C(F)C4,0.864,c1ccc(-c2nnn(Cc3nnnn3C3CCCCC3)n2)cc1
XS841356b,CC1COC2(CCCC2)CN1C(=O)C=3C=CC=C(C3)C4=CSC=N4,2.71,O=C(c1cccc(-c2cscn2)c1)N1CCOC2(CCCC2)C1
XS842393b,CC1=C(C=NN1C)C(=O)OC2CCC=3NC=4C=CC(Cl)=CC4C3C2,1.488,O=C(OC1CCc2[nH]c3ccccc3c2C1)c1cn[nH]c1
XS840702b,CC=1N=C(SC1C(C)N(C)C(=O)CC=2C=CON2)C=3C=CC=CC3,1.332,O=C(Cc1ccon1)NCc1cnc(-c2ccccc2)s1
XS843453a,COCCOC=1C=CC(=CC1OC)C(C)NC(=O)C=2C(C)=NOC2C,1.228,O=C(NCc1ccccc1)c1cnoc1
XS843448a,O=C(C=1N=CN=C2N=CNC12)N3CCCC(C3)C4=CC=5C=CC=CC5N4,0.666,O=C(c1ncnc2nc[nH]c12)N1CCCC(c2cc3ccccc3[nH]2)C1
XS843450a,CS(=O)(=O)C=1C=CC(=CN1)NC(=O)NC(C=2C=CC=CC2)C3CC3,1.052,O=C(Nc1cccnc1)NC(c1ccccc1)C1CC1
XS838100b,O=C(C=1C=CC=2NN=NC2N1)N3CCC(C3)NC4=NC=5C=CC=CC5O4,2.068,O=C(c1ccc2[nH]nnc2n1)N1CCC(Nc2nc3ccccc3o2)C1
XS839969b,CC1=NN(C)C(C)=C1OCC2=NC(=NO2)C3CC(=O)N(CC4CC4)C3,4.566,O=C1CC(c2noc(COc3cn[nH]c3)n2)CN1CC1CC1
XS843446a,CC(=O)N1CC=2C=CC=CC2CC1C(=O)NC=3C=CC4=CC=CC=C4N3,4.384,O=C(Nc1ccc2ccccc2n1)C1Cc2ccccc2CN1
XS177382b,COC(=O)CCCNC(=O)C1CC(=O)N(C1)C=2C=CC=3CCCC3C2,4.556,O=C1CCCN1c1ccc2c(c1)CCC2
XS843449a,CCCOC=1C=CC(=CC1OCCC)C(=O)NC2CCCCNC2=O,2.862,O=C(NC1CCCCNC1=O)c1ccccc1
XS840328b,COC(=O)C(CNC=1C=CC(C#N)=NN1)CC=2C=CC=C3C=CC=CC23,0.386,c1cnnc(NCCCc2cccc3ccccc23)c1
XS841431b,ClC1=C(SC=2C=CC=CC12)C3=NN=C(O3)C4CC54CCOCC5,1.574,c1ccc2sc(-c3nnc(C4CC45CCOCC5)o3)cc2c1
XS841407b,CC(=O)N1CCN(CC1)C(=O)C(C)N2C(C)=CC(=O)C=3SC=CC32,1.394,O=C(Cn1ccc(=O)c2sccc21)N1CCNCC1
XS838670b,CC1=NOC=2N=C(NC(C)C=3C=CC=C(C3)S(C)(=O)=O)NC(=O)C12,0.624,O=c1[nH]c(NCc2ccccc2)nc2oncc12
XS841823b,FC1=CC(F)=CC(=C1)C2=NSC(=N2)N3CCC(CC4=NN=NN4)C3,0.47,c1ccc(-c2nsc(N3CCC(Cc4nnn[nH]4)C3)n2)cc1
XS843457a,COC=1C=CC=CC1C(=O)N2CCN(CC2)C(C#N)C=3C=CC(F)=CC3,0.548,O=C(c1ccccc1)N1CCN(Cc2ccccc2)CC1
XS836786b,CC(OC=1C=CC=CC1F)C(=O)NN=CC=2C=NN(N2)C=3C=CC=CC3,0.564,O=C(COc1ccccc1)NN=Cc1cnn(-c2ccccc2)n1
XS841754b,CC1N(CCC1(F)F)C2=NN=NN2CCCN3CCCS3(=O)=O,0.876,O=S1(=O)CCCN1CCCn1nnnc1N1CCCC1
XS407112b,O=C(NCC=1C=CC(=CC1)OCC=2C=CC=C(F)C2)C3CCNC(=O)C3,1.902,O=C1CC(C(=O)NCc2ccc(OCc3ccccc3)cc2)CCN1
XS843458a,COC=1C=CC(OC)=C(C1)NC(=O)C(C)N2C(=O)C=3C=CC=CC3C2=O,0.732,O=C(CN1C(=O)c2ccccc2C1=O)Nc1ccccc1
XS576153b,CC1=NOC=2N=CN=C(NC3CCN(C3=O)C=4C(C)=CC(C)=CC4C)C12,0.836,O=C1C(Nc2ncnc3oncc23)CCN1c1ccccc1
XS488500b,CN1C=C(C=C1C(=O)N2CCCCC2C3=NN=C4CCCCN34)C(N)=O,2.654,O=C(c1ccc[nH]1)N1CCCCC1c1nnc2n1CCCC2
XS389288b,CCOC=1C(Cl)=CC(=CC1Cl)C(=O)NC2CCS(=O)(=O)C2,1.082,O=C(NC1CCS(=O)(=O)C1)c1ccccc1
XS843462a,O=C(NCC1CCCCN1CC2=NC(=NO2)C3CC3)NC=4C=CC=CC4,2.936,O=C(NCC1CCCCN1Cc1nc(C2CC2)no1)Nc1ccccc1
XS837074b,O=C(CNS(=O)(=O)C1CCCOC1)NC=2C=CC(F)=C(F)C2F,0.64,O=C(CNS(=O)(=O)C1CCCOC1)Nc1ccccc1
XS679741b,COC=1C=CC(OC)=C(C1)C2CCCN2C(=O)C3=CNC=4C=CC=CC34,6.504,O=C(c1c[nH]c2ccccc12)N1CCCC1c1ccccc1
XS629851b,CC=1N=C(CC=2C=CC=CC2)SC1C(=O)NC3CCCC4=NN(C)C=C43,1.878,O=C(NC1CCCc2n[nH]cc21)c1cnc(Cc2ccccc2)s1
XS843468a,CSC=1N=C(C)C(CCC(=O)NC(C)C=2C=CC=C(Cl)C2)=C(C)N1,0.968,O=C(CCc1cncnc1)NCc1ccccc1
XS843466a,CS(=O)(=O)N1CC=2C=CC=CC2CC1C(=O)NCCC=3C=CC=CN3,2.206,O=C(NCCc1ccccn1)C1Cc2ccccc2CN1
XS640868b,CCC=1N=CN=C(C1F)N(C)CC2CCC3=NC(=CN3C2)C(F)(F)F,0.656,c1cc(NCC2CCc3nccn3C2)ncn1
XS334393b,CCOC=1N=C(C)C=CC1C(=O)N2CCCC(O)(CC3=NN=CN3C)C2,1.734,O=C(c1cccnc1)N1CCCC(Cc2nnc[nH]2)C1
XS837641b,CC1(C)CC(CN1CC(=O)NC2=NC=3CCCC3S2)S(N)(=O)=O,0.88,O=C(CN1CCCC1)Nc1nc2c(s1)CCC2
XS626902b,CN1CCC(C2=NC(=NO2)C=3C=CC(=CN3)OCC(F)F)S1(=O)=O,3.058,O=S1(=O)NCCC1c1nc(-c2ccccn2)no1
XS840480b,COC(=O)C=1C=C(OC1C)C2NC3=CC(OC)=C(C=C3C(=O)N2C)OC,3.456,O=C1NC(c2ccco2)Nc2ccccc21
XS843467a,O=C(CCC(=O)N1CC(=O)NC=2C=CC=CC21)N3CCC3C=4C=CC=CC4,0.964,O=C1CN(C(=O)CCC(=O)N2CCC2c2ccccc2)c2ccccc2N1
XS843464a,CC=1N=C(SC1C(=O)OCC(=O)NCC2CCCO2)C=3C=CSC3,0.5,O=C(COC(=O)c1cnc(-c2ccsc2)s1)NCC1CCCO1
XS488692b,CC(NC(=O)NC=1C=CC=NC1)C=2C=C(F)C=CC2N3CCC(O)CC3,2.334,O=C(NCc1ccccc1N1CCCCC1)Nc1cccnc1
XS843465a,CC(C(=O)N1CCC(CC1)C2=NC(=NN2)C=3C=CC=CC3)C=4C=NC=NC4,0.996,O=C(Cc1cncnc1)N1CCC(c2nc(-c3ccccc3)n[nH]2)CC1
XS569498b,O=C1CC(CN1CC(F)(F)F)C2=NC(CN3C=NC=4C=CC=CC43)=NO2,0.388,O=C1CC(c2nc(Cn3cnc4ccccc43)no2)CN1
XS549349b,CCC1=C(C=NN1CC(C)C)C(=O)NC2CCOC=3C(Cl)=CC=CC32,8.274,O=C(NC1CCOc2ccccc21)c1cn[nH]c1
XS837314b,COC=1C=NC=CC1C(C)NC(=O)N(CC=2C=COC2)C3CCCCC3,2.01,O=C(NCc1ccncc1)N(Cc1ccoc1)C1CCCCC1
XS839431b,COC(CC=1C=CC=CC1)CS(=O)(=O)NC2=NN(C)C=3CCOCC23,0.868,O=S(=O)(CCCc1ccccc1)Nc1n[nH]c2c1COCC2
XS696795b,CCCC1=CC(=O)NC(=N1)SCC(=O)N(CC)C2CCS(=O)(=O)C2,1.468,O=C(CSc1nccc(=O)[nH]1)NC1CCS(=O)(=O)C1
XS838884b,NC(=O)C=1C=C(Cl)C=C(C1)S(=O)(=O)N2CCOCCC2C(F)F,0.58,O=S(=O)(c1ccccc1)N1CCCOCC1
XS843475a,CC=1C=C(C=CC1Cl)C(=O)N2CCS(=O)(=O)CC2C=3C=NN(C)C3,4.208,O=C(c1ccccc1)N1CCS(=O)(=O)CC1c1cn[nH]c1
XS840902b,O=C(NC=1C=NC=2CCCC2C1)NC3CCN(C3=O)C=4C(F)=CC=CC4F,5.982,O=C(Nc1cnc2c(c1)CCC2)NC1CCN(c2ccccc2)C1=O
XS843471a,CC(C)(C)NC(=O)CNC(=O)C1CC(=O)N(C1)C=2C=CC=3OCCOC3C2,1.004,O=C1CCCN1c1ccc2c(c1)OCCO2
XS843470a,CC=1SC=2N=CN(CCC(=O)NC(C)C=3C=CC=C(O)C3)C(=O)C2C1C,0.618,O=C(CCn1cnc2sccc2c1=O)NCc1ccccc1
XS838806b,CC=1C=CC=CC1C2=NC(CN3C(=O)CC(NC3=O)C4CCOCC4)=NO2,1.18,O=C1CC(C2CCOCC2)NC(=O)N1Cc1noc(-c2ccccc2)n1
XS843480a,CCC=1C=CC(=CC1)N2CC(CC2=O)C(=O)NCCC=3C=CC=CC3OC,3.982,O=C(NCCc1ccccc1)C1CC(=O)N(c2ccccc2)C1
XS842105b,O=C(NCCC=1C=C(F)C=C2COCOC12)C3CC(=NO3)C=4C=CC=CC4,1.116,O=C(NCCc1cccc2c1OCOC2)C1CC(c2ccccc2)=NO1
XS843474a,COC=1C=C(F)C=C(C1)CNC(=O)N2CCC3(C2)C(=O)NC=4C=CC=CC43,2.34,O=C(NCc1ccccc1)N1CCC2(C1)C(=O)Nc1ccccc12
XS843500a,CN1C=C(C=N1)CC(CNC(=O)C=2N=CC=C3C=4C=CC=CC4NC23)C(N)=O,0.688,O=C(NCCCc1cn[nH]c1)c1nccc2c1[nH]c1ccccc12
XS843501a,CC(=O)N1CCC(CC1)NC(=O)C=2C=CC3=C(C2)CC(C)N3S(C)(=O)=O,1.062,O=C(NC1CCNCC1)c1ccc2c(c1)CCN2
XS843486a,CC1=CC(=NO1)NC(=O)C(C=2C=CC=CC2)N3CCN(CC3)C=4C=CC=NN4,3.13,O=C(Nc1ccon1)C(c1ccccc1)N1CCN(c2cccnn2)CC1
XS843488a,O=C1NC(CN2CCCC(C2)C3=NNC(=N3)C=4C=CC=CC4)=NC=5C=CC=CC15,1.282,O=c1[nH]c(CN2CCCC(c3n[nH]c(-c4ccccc4)n3)C2)nc2ccccc12
XS561721b,CC1(C)CCC=2C=CC=CC2C1NC(=O)C=3C=CC=C(N3)C(=O)N4CCCC4,0.596,O=C(NC1CCCc2ccccc21)c1cccc(C(=O)N2CCCC2)n1
XS841083b,C=CCNC(=O)CN1CCN(CC1)C(=O)C2COC=3C=CC(Cl)=CC3C2,0.588,O=C(C1COc2ccccc2C1)N1CCNCC1
XS843492a,CNC(=O)NCCC(=O)N1CCOCC1C=2C(C)=NN(C2C)C=3C=CC=CC3,1.508,c1ccc(-n2cc(C3COCCN3)cn2)cc1
XS843490a,CC(OC=1C=CC=C(C1)N2C=NN=N2)C(=O)NC=3C=C(Cl)C=C(Cl)C3,0.78,O=C(COc1cccc(-n2cnnn2)c1)Nc1ccccc1
XS839540b,CC(CS(C)(=O)=O)NC(=O)C1=CSC(=N1)C=2C=CC3=C(C2)CCN3C,8.0,c1csc(-c2ccc3c(c2)CCN3)n1
XS843494a,CN(CCOC=1C=CC(Cl)=CC1)C(=O)C2CC(=O)N(CC=3C=CC=CC3)C2,1.396,O=C(NCCOc1ccccc1)C1CC(=O)N(Cc2ccccc2)C1
XS840921b,COCC=1N=C(C=CC1Cl)NC(=O)NC2CCN(C2=O)C=3C=CN(C)N3,8.068,O=C(Nc1ccccn1)NC1CCN(c2cc[nH]n2)C1=O
XS843497a,CC1=NC(C(=O)NC(C)C=2N=CC=C(N2)C(F)(F)F)=C(O1)C=3C=CC=CC3,0.58,O=C(NCc1ncccn1)c1ncoc1-c1ccccc1
XS838489e,O=C(NC1CCCS(=O)(=O)C=2C=CC=CC21)C=3C=CC4=NC(O)=CN=C4C3,1.472,O=C(NC1CCCS(=O)(=O)c2ccccc21)c1ccc2nccnc2c1
XS843511a,CCOC(=O)C=1SC(=NC1C)NC(=O)C2CCCN(C2)C(=O)N(CC)CC,1.812,O=C(Nc1nccs1)C1CCCNC1
XS840498b,CC(NC(=O)CCN1C=NC=N1)C(=O)N2CCN(CC2)C=3C=CC=C(Cl)C3,3.728,O=C(CCn1cncn1)NCC(=O)N1CCN(c2ccccc2)CC1
XS740955c,CC(C(=O)NCC(=O)NC=1C=CC(F)=C(F)C1F)N2CCCC=3C=CC=CC32,2.168,O=C(CN1CCCc2ccccc21)NCC(=O)Nc1ccccc1
XS843506a,O=C(CCC1=NC=2C=CC=CC2S1)N3CCCC3C=4C=CC=5OCCOC5C4,2.724,O=C(CCc1nc2ccccc2s1)N1CCCC1c1ccc2c(c1)OCCO2
XS843512a,CCN(CC(=O)NC1CCS(=O)(=O)C1)S(=O)(=O)C=2C=CC(C)=CC2C,2.05,O=C(CNS(=O)(=O)c1ccccc1)NC1CCS(=O)(=O)C1
XS840485b,NC(=O)NC(CC(=O)OCC=1C=C(Cl)C=2OCCOC2C1)C=3C=CC=CC3,3.084,O=C(CCc1ccccc1)OCc1ccc2c(c1)OCCO2
XS837689c,O=C(NNC1=NC(=NO1)C=2C=CN=CC2)C3CC(=O)N(C3)C=4C=CC=CC4Cl,1.636,O=C(NNc1nc(-c2ccncc2)no1)C1CC(=O)N(c2ccccc2)C1
XS841295b,NS(=O)(=O)C=1C=C(Br)C=NC1NC2CCOC3(CCCC3)C2,0.406,c1ccc(NC2CCOC3(CCCC3)C2)nc1
XS397301b,CC=1C=CC(=CC1)S(=O)(=O)N2CCCC(C2)C(=O)N3CCCC=4C=CC=CC43,0.796,O=C(C1CCCN(S(=O)(=O)c2ccccc2)C1)N1CCCc2ccccc21
XS839107b,CC=1C=C(C=CC1NC(=O)C2CCCC=3C=C(O)C=CC32)OCC(=O)NC(N)=O,1.23,O=C(Nc1ccccc1)C1CCCc2ccccc21
XS584982b,CCNC(=O)CC1CCCCN1C(=O)C=2N=C(N3C=CC=CC23)S(C)(=O)=O,0.466,O=C(c1ncn2ccccc12)N1CCCCC1
XS843522a,CC1=CC(CSC=2N=CC=CC2C(=O)N3CCCC(C3)C(=O)NCC(C)C)=NO1,3.482,O=C(c1cccnc1SCc1ccon1)N1CCCCC1
XS843526a,CC1=C(C(=O)N2CCOCC2)C(NC(=O)N1CC=3C=CC=CC3)C=4C=CC=CC4F,2.976,O=C1NC(c2ccccc2)C(C(=O)N2CCOCC2)=CN1Cc1ccccc1
XS843518a,CC1=CN=C(NC(=O)C=2C=CC(Cl)=C(C2)S(=O)(=O)NCC3CCCO3)S1,0.49,O=C(Nc1nccs1)c1cccc(S(=O)(=O)NCC2CCCO2)c1
XS843517a,CCC=1C=CC(=CC1)C2CCCN(C2)C(=O)C3=NN(C=C3CCCO)C=4C=CC=CC4,0.392,O=C(c1ccn(-c2ccccc2)n1)N1CCCC(c2ccccc2)C1
XS795619c,CC(OC=1C=CC=CC1C#N)C(=O)NC=2C=CC=C(C2)S(=O)(=O)N3CCCCC3,0.85,O=C(COc1ccccc1)Nc1cccc(S(=O)(=O)N2CCCCC2)c1
XS843516a,O=C(O)CCCC(=O)N1N=C(CC1C=2C=CC=CC2)C=3C=CC=C(Br)C3,2.148,c1ccc(C2=NNC(c3ccccc3)C2)cc1
XS840897b,CN1C=C(C=N1)N2N=C(N=C2C3CCC4=NNC(=O)C=C4C3)C=5C=CC(Cl)=CC5,5.606,O=c1cc2c(n[nH]1)CCC(c1nc(-c3ccccc3)nn1-c1cn[nH]c1)C2
XS843523a,CC1=NC(COC=2C=CC(=CC2)C(=O)NC(CN3CCCC3=O)C=4C=CC=CC4)=NO1,1.742,O=C(NC(CN1CCCC1=O)c1ccccc1)c1ccc(OCc2ncon2)cc1
XS840939b,NS(=O)(=O)C1(CCC1)C(=O)N2CCCC(C2)C(=O)N3CCC=4C=CC=CC4CC3,6.968,O=C(C1CCCN(C(=O)C2CCC2)C1)N1CCc2ccccc2CC1
XS591063b,CC1=CC(C)=NN1C(C)CC(=O)N2CCN(CC2)S(=O)(=O)C=3C=CC(C)=CC3,1.29,O=C(CCn1cccn1)N1CCN(S(=O)(=O)c2ccccc2)CC1
XS838056b,CC1=CC=C(S1)C=2N=CC=CC2NC(=O)NC(C)C3=NN=NN3C=4C=CC=CC4,2.042,O=C(NCc1nnnn1-c1ccccc1)Nc1cccnc1-c1cccs1
XS336210b,O=C(CCOCC1CC1)N2CCC(C2)(C3=NC(=NO3)C=4C=CN=CC4)C(F)(F)F,0.496,O=C(CCOCC1CC1)N1CCC(c2nc(-c3ccncc3)no2)C1
XS843520a,CCOC=1C=CC(=CC1OCC)C(C)NC(=O)C=2C=CC=3C(=O)N4CCCC4=NC3C2,5.462,O=C(NCc1ccccc1)c1ccc2c(=O)n3c(nc2c1)CCC3
XS836850b,CC1=NOC(C)=C1CNC(=O)CN2CC(C)CN(CC=3C=CC=CC3)C=4C=CC=CC42,0.796,O=C(CN1CCCN(Cc2ccccc2)c2ccccc21)NCc1cnoc1
XS843524a,CNC(=O)C1CN(C(=O)C=2C=CC(=CC2)S(=O)(=O)C(C)C)C=3C=CC=CC3O1,2.746,O=C(c1ccccc1)N1CCOc2ccccc21
XS552816b,O=C(NCC=1C=CC(Cl)=CC1)C2CN(CCO2)S(=O)(=O)C=3C=CC=CC3Cl,3.91,O=C(NCc1ccccc1)C1CN(S(=O)(=O)c2ccccc2)CCO1
XS838782b,CC1=NOC(CNC2=NC=3C=C(C=CC3S2)S(=O)(=O)N4CCCC(C)(F)C4)=N1,0.6,O=S(=O)(c1ccc2sc(NCc3ncno3)nc2c1)N1CCCCC1
XS843535a,O=C(C1CC=2C=CC=CC2C(=O)O1)N3CCN(CC4=CSC(=N4)C=5C=CC=CC5)CC3,3.226,O=C1OC(C(=O)N2CCN(Cc3csc(-c4ccccc4)n3)CC2)Cc2ccccc21
XS647256b,O=C(CC1SC=2C=CC=CC2NC1=O)N3CCN(CCOC=4C=CC=CC4Cl)CC3,1.36,O=C1Nc2ccccc2SC1CC(=O)N1CCN(CCOc2ccccc2)CC1
XS843540a,COC=1C=CC(=CC1S(=O)(=O)N2CCCCC2)NC(=O)C3CC(=O)N(C3)C(C)C,0.966,O=C1CC(C(=O)Nc2cccc(S(=O)(=O)N3CCCCC3)c2)CN1
XS843543a,CN1C=C(C=N1)S(=O)(=O)NCC(NC(=O)C2(CC2)C=3C=CC(Cl)=CC3Cl)C=4C=CC=CC4,2.666,O=C(NC(CNS(=O)(=O)c1cn[nH]c1)c1ccccc1)C1(c2ccccc2)CC1
XS843544a,COC=1C=CC(OC(F)F)=C(C1)C(NCC=2C=C(F)C=CC2OC)C3=NN=NN3C4CCC4,0.656,c1ccc(CNC(c2ccccc2)c2nnnn2C2CCC2)cc1
XS840864b,CC(C)NS(=O)(=O)C=1C=CC(=CC1)NC(=O)C(C)OC(=O)C2=CN3C=CC=CC3=N2,0.738,O=C(COC(=O)c1cn2ccccc2n1)Nc1ccccc1
XS843541a,CC(NC(=O)CN1CCN(CC1)S(=O)(=O)C=2C=CC(F)=C(F)C2)C=3C=CC(F)=CC3,0.996,O=C(CN1CCN(S(=O)(=O)c2ccccc2)CC1)NCc1ccccc1
XS843537a,CCOC(=O)C1CCN(CC1)C(=O)C(C)OC(=O)C2=NN(C(=O)C=3C=CC=CC23)C(C)C,0.85,O=C(OCC(=O)N1CCCCC1)c1n[nH]c(=O)c2ccccc12
XS843534a,CC(C)C(NC1=NS(=O)(=O)C=2C=CC=CC12)C(=O)N3CCN(CC3)C=4C=CC=CC4O,2.84,O=C(CNC1=NS(=O)(=O)c2ccccc21)N1CCN(c2ccccc2)CC1
XS836748b,CC(=O)N1C=CC=2C=CC=CC2C1CC(=O)NCC3=NN=C4C=CC(=CN34)C(F)(F)F,0.68,O=C(CC1NC=Cc2ccccc21)NCc1nnc2ccccn12
XS843542a,CC1CC(=O)NC=2C=CC=CC2N1C(=O)COC(=O)C=3C=C(Br)C=CC3N,6.354,O=C1CCN(C(=O)COC(=O)c2ccccc2)c2ccccc2N1
XS843528a,CCS(=O)(=O)NC=1C=CC(=CC1)C=2CC(C=3C=CC=CC3C)N(N2)S(=O)(=O)CC,2.234,c1ccc(C2=NNC(c3ccccc3)C2)cc1
XS840313b,CC=1C=CC(=CC1)C(CF)NC2=NC=CS2,0.44,c1ccc(CNc2nccs2)cc1
XS841672b,O=C(C(F)C1CC1)N2CCCOC=3C=CC=CC32,0.386,O=C(CC1CC1)N1CCCOc2ccccc21
XS842643b,CC(C)C(C)NC1=C(N=CN1C)[N+]([O-])=O,1.568,c1c[nH]cn1
XS840143b,C=CCN1CCC(OC=2C=NC=NC2)C1=O,1.322,O=C1NCCC1Oc1cncnc1
XS836969b,CC1=NSC(=N1)NC(C)C=2C=CNN2,1.224,c1nsc(NCc2cc[nH]n2)n1
XS670901b,CC=1C=C(NC(C)C2=CC=CO2)N3N=CN=C3N1,0.386,c1coc(CNc2ccnc3ncnn23)c1
XS843561a,COC=1C=CC(=CC1)NC(C(N)=O)C=2C=CC=CC2,1.532,c1ccc(CNc2ccccc2)cc1
XS820419b,CC(C(=O)N1CCOC=2C=CC=CC21)N3C=CC=N3,0.58,O=C(Cn1cccn1)N1CCOc2ccccc21
XS843566a,NC(=O)C1CCCN(C1)C(=O)C=2C=CC=3C=CNC3C2,0.798,O=C(c1ccc2cc[nH]c2c1)N1CCCCC1
XS839093b,O=C(OC1CCC2(CCC2)C1)C=3C=CC4=CN=CN4C3,1.06,O=C(OC1CCC2(CCC2)C1)c1ccc2cncn2c1
XS842175b,CN1CCC(NC(=O)C=2N=CN=CC2Cl)C1=O,1.824,O=C(NC1CCNC1=O)c1ccncn1
XS843564a,CCNC(=O)NC(=O)C(C)NC=1C=CC(=NC1)OC,2.096,c1ccncc1
XS838536b,CC1=NC(C)=C(O1)C2=CSC(CC3CCCO3)=N2,0.92,c1ncc(-c2csc(CC3CCCO3)n2)o1
XS836869b,CCOC(=O)C1CC(=O)NN1C=2N=CC=CC2Cl,0.658,O=C1CCN(c2ccccn2)N1
XS798805b,O=C(NC1=NC=2C=CC=CC2N1)C3CCC(=O)NC3,1.524,O=C1CCC(C(=O)Nc2nc3ccccc3[nH]2)CN1
XS476310b,CC1=CN=C(CN2CCCC(C2)C3=NOC(C)=N3)O1,0.75,c1coc(CN2CCCC(c3ncon3)C2)n1
XS595182b,CC1=CC(CS(=O)CC=2C=C(C)C=CC2C)=NO1,4.054,O=S(Cc1ccccc1)Cc1ccon1
XS836667b,CCNC(=O)NC(=O)CN1CCSCCC1C,1.216,C1CNCCSC1
XS843569a,O=C(CCCC=1C=CC=CC1)NC2CCC(=O)NC2=O,3.352,O=C1CCC(NC(=O)CCCc2ccccc2)C(=O)N1
XS550117b,COC=1C=CC2=NC(=CC=C2C1)C(=O)N3CCCC(C)C3,0.436,O=C(c1ccc2ccccc2n1)N1CCCCC1
XS843575a,O=S(=O)(NCC1CCCO1)C=2C=CC=CC2Cl,0.602,O=S(=O)(NCC1CCCO1)c1ccccc1
XS527371b,O=C(CCN1C=CC=N1)NC2CCCOC=3C=CC=CC32,0.546,O=C(CCn1cccn1)NC1CCCOc2ccccc21
XS779579b,CCC=1C=CN=C(C1)C(=O)NC2CC(=O)N(C2)C3CC3,8.616,O=C(NC1CC(=O)N(C2CC2)C1)c1ccccn1
XS842154b,COCC(C)OC(=O)C=1N=COC1C=2C=CC(C)=CC2,6.468,c1ccc(-c2cnco2)cc1
XS843572a,CC(=O)NC(C)C(=O)NC=1C=CC=CC1C=2C=CC=CC2,1.694,c1ccc(-c2ccccc2)cc1
XS843570a,CCCCC(C)C(=O)NC1=CNN=C1C2=NC=CS2,0.662,c1csc(-c2cc[nH]n2)n1
XS843576a,CC=1C=CC(=CC1C)C(C)NC(=O)CN(C)CC(N)=O,1.17,c1ccccc1
XS843578a,CC(=O)N1N=C(CC1C2=CC=CS2)C=3C=CC=CC3O,0.33,c1ccc(C2=NNC(c3cccs3)C2)cc1
XS843574a,CCOC(=O)C1CCCN(C1)C(=O)C=2C=CC(C#N)=CC2,2.654,O=C(c1ccccc1)N1CCCCC1
XS006184e,CC1C=2C=CSC2CCN1C=3N=CN=C4C3C=NN4C,1.3,c1nc(N2CCc3sccc3C2)c2cn[nH]c2n1
XS843568a,O=C(NC1CCC(=O)NC1=O)C=2C=CC3=CC=CC=C3N2,3.142,O=C1CCC(NC(=O)c2ccc3ccccc3n2)C(=O)N1
XS739080b,O=C(C=1C=CN(N1)C=2C=CC=CC2F)N3CCCC3CO,0.896,O=C(c1ccn(-c2ccccc2)n1)N1CCCC1
XS840544b,CC=1N=C(C=CC1[N+]([O-])=O)NC(=O)C(C)C2=CC=CS2,0.814,O=C(Cc1cccs1)Nc1ccccn1
XS838672b,CCOC(=O)C1=NN=C(O1)N2CCC(C(=O)OC)C32CC3,0.47,c1nnc(N2CCCC23CC3)o1
XS843591a,CC=1C=CC(=CC1C)S(=O)(=O)NC(C)CN2C=NC=N2,0.81,O=S(=O)(NCCn1cncn1)c1ccccc1
XS843590a,CCC(NC(=O)C=1C=CC=2NN=NC2C1)C=3C=CC(C)=CC3,0.39,O=C(NCc1ccccc1)c1ccc2[nH]nnc2c1
XS720787b,CC(NC(=O)C=1C=C(NN1)C=2C=CC=CC2)C=3C=CC=CN3,0.834,O=C(NCc1ccccn1)c1cc(-c2ccccc2)[nH]n1
XS843592a,O=C(C1=NNC=2C=CC=CC12)N3CCC(C3)C=4C=CC=CC4,0.388,O=C(c1n[nH]c2ccccc12)N1CCC(c2ccccc2)C1
XS843579a,O=C(C1=CNC=2N=CC=CC12)N3CCCC(C3)N4C=CC=N4,0.814,O=C(c1c[nH]c2ncccc12)N1CCCC(n2cccn2)C1
XS839655b,CC(NC=1C=CN(N1)C=2C=CC(Cl)=CC2)C3=NN=NN3C,0.54,c1ccc(-n2ccc(NCc3nnn[nH]3)n2)cc1
XS391752b,COC=1C=CC=CC1NC(=O)N2CCCC2C3=CC(C)=NO3,5.162,O=C(Nc1ccccc1)N1CCCC1c1ccno1
XS505985b,CCC=1C=C(SC1C)C(=O)N2CCCC(C2)N3C=NC=N3,9.37,O=C(c1cccs1)N1CCCC(n2cncn2)C1
XS840516b,CC=1C=CC=C(C1)NC(=O)N(C)C(C)CC=2C=CC(O)=CC2,0.658,O=C(NCCc1ccccc1)Nc1ccccc1
XS843595a,CC=1C=CC=C(N1)NC(=O)NC(CCCO)C=2C=CC=CC2,0.564,O=C(NCc1ccccc1)Nc1ccccn1
XS843602a,CC(NC(=O)CCC1=NC(=NO1)C(C)(C)C)C=2C=CN=CC2,0.7,O=C(CCc1ncno1)NCc1ccncc1
XS843594a,O=C(CCC1=CNC=2C=CC=CC12)NC3CCC(=O)NC3=O,1.26,O=C1CCC(NC(=O)CCc2c[nH]c3ccccc23)C(=O)N1
XS843604a,CCN1CC(CC1=O)C(=O)NCCNC=2N=CC=CC2C#N,5.158,O=C1CC(C(=O)NCCNc2ccccn2)CN1
XS466359b,CCOC=1N=CC=CC1NC(=O)NC2CCS(=O)(=O)C2,0.756,O=C(Nc1cccnc1)NC1CCS(=O)(=O)C1
XS836973b,CCOCN1N=NC(C(=O)N(C)C(C)C=2C=CC=CC2)=C1N,0.662,O=C(NCc1ccccc1)c1c[nH]nn1
XS843610a,CC=1C=CC(=CC1)C(C)(C)C(=O)N2CCCC(C2)C=3N=NNN3,0.48,O=C(Cc1ccccc1)N1CCCC(c2nn[nH]n2)C1
XS841602b,O=C(NC=1C=CC(=CC1)C2=CC(=O)NN2)C3CC(=NO3)C4CC4,0.736,O=C(Nc1ccc(-c2cc(=O)[nH][nH]2)cc1)C1CC(C2CC2)=NO1
XS741475b,CC1=CC(C(=O)N2CC(=O)N(C)C2)=C(C)N1C3CCCOC3,1.64,O=C1CN(C(=O)c2ccn(C3CCCOC3)c2)CN1
XS843606a,CC(C)C1=NN=C2CN(CCN12)C(=O)C3CC=4C=CC=CC4O3,0.722,O=C(C1Cc2ccccc2O1)N1CCn2cnnc2C1
XS843615a,CC=1C=C(C)N(N1)C=2C=CC(=CN2)NC(=O)C3CCC(=O)NC3,0.872,O=C1CCC(C(=O)Nc2ccc(-n3cccn3)nc2)CN1
XS836457b,CS(=N)(=O)C=1C=CC(=CC1)OCC2=NC=3CCCCC3O2,2.856,c1ccc(OCc2nc3c(o2)CCCC3)cc1
XS843613a,CC1=NNC=2N=C(C)C=C(C(=O)N3CC4(CCC4)C3C5CC5)C12,0.782,O=C(c1ccnc2[nH]ncc12)N1CC2(CCC2)C1C1CC1
XS839873b,CC(C(=O)NC=1C=CC=C(C1)NC(=O)NN(C)C)C(C)(C)C,0.408,c1ccccc1
XS466193b,CC1=NC(=CN1)C(=O)NC(CO)C=2C=CC=CC2C(F)(F)F,0.918,O=C(NCc1ccccc1)c1c[nH]cn1
XS842475b,CCC(NS(=O)(=O)N1CCOCC1)C=2C=CC=CC2OC,0.848,O=S(=O)(NCc1ccccc1)N1CCOCC1
XS838268b,CS(=N)(=O)CC1(CC(F)(F)C1)NC(=O)C=2C=CC(N)=CC2,1.136,O=C(NC1CCC1)c1ccccc1
XS628207b,O=C(CCCOC=1C=CC=CC1)N2CCCC(C2)N3C=NC=N3,1.782,O=C(CCCOc1ccccc1)N1CCCC(n2cncn2)C1
XS837582b,CC(C)(F)C(C)(F)CN1C=C(N=N1)C=2C=C(F)N=CC2Cl,1.258,c1cc(-c2c[nH]nn2)ccn1
XS839206b,CC1=NN=C2CC(CN12)C(=O)NCC3=NC=4C=C(F)C=CC4O3,1.002,O=C(NCc1nc2ccccc2o1)C1Cc2nncn2C1
XS839089b,CCC=1N=CN=C(NC(C2=NC=CS2)C=3C=CC=CC3)C1F,0.696,c1ccc(C(Nc2ccncn2)c2nccs2)cc1
XS748994b,CN1C=C(C=N1)S(=O)(=O)N2CCCC2CCC=3C=CC=CC3,1.68,O=S(=O)(c1cn[nH]c1)N1CCCC1CCc1ccccc1
XS843624a,CC1=NN(C)C(C)=C1NC(=O)C(C)OC(=O)C=2C=CC(C)=CC2,1.072,O=C(COC(=O)c1ccccc1)Nc1cn[nH]c1
XS697677b,CC1=CSC(=N1)NC(=O)C2CC(=O)N(CC=3C=CC=CN3)C2,1.716,O=C(Nc1nccs1)C1CC(=O)N(Cc2ccccn2)C1
XS756172b,CC=1C=CC=CC1C2=NOC(CS(=O)CC3CCCCC3)=N2,1.592,O=S(Cc1nc(-c2ccccc2)no1)CC1CCCCC1
XS837443b,CC(C)CC1=NOC(CN=S2(=O)CCNC=3C=CC=CC32)=N1,0.442,O=S1(=NCc2ncno2)CCNc2ccccc21
XS843622a,CC=1C=C(C)C=C(C1)N2C=CN=C2SC(C)C(=O)NC(N)=O,1.208,c1ccc(-n2ccnc2)cc1
XS838748b,O=C(NC1C=CS(=O)(=O)C1)C=2C=CC(=NC2)C=3C=CSC3,0.91,O=C(NC1C=CS(=O)(=O)C1)c1ccc(-c2ccsc2)nc1
XS840789b,CC(OC=1C=CC=C(Br)C1)C(=O)NCC2=NN=CN2,0.61,O=C(COc1ccccc1)NCc1nnc[nH]1
XS838754b,O=C(CCN1CC=2C=CC=CC2C1=O)NC3CCCC=4C=COC43,0.468,O=C(CCN1Cc2ccccc2C1=O)NC1CCCc2ccoc21
XS838090b,CCN(C(=O)C=1C=CC=2NC(=O)NC2N1)C3CCS(=O)(=O)C3,1.32,O=C(NC1CCS(=O)(=O)C1)c1ccc2[nH]c(=O)[nH]c2n1
XS712677b,COC(=O)C1CCCCN1S(=O)(=O)C=2C=CC=3OCCC3C2,2.01,O=S(=O)(c1ccc2c(c1)CCO2)N1CCCCC1
XS843627a,CNC=1SN=C(C)C1C(=O)OC(C)C(=O)N2CCCCCC2,1.99,O=C(OCC(=O)N1CCCCCC1)c1cnsc1
XS838333b,CC(=O)NC(C)C1=NC(=NO1)C=2C=CN=C(C2)OC=3C=CC=CC3,0.634,c1ccc(Oc2cc(-c3ncon3)ccn2)cc1
DR001510c,CN1C(C#N)=C(CN2CCC(C(=O)O)C32CCC3)C=4C=CC=CC41,0.522,c1ccc2c(CN3CCCC34CCC4)c[nH]c2c1
XS837771b,CC1CN(C(=O)CN2C=C(C=N2)C3CC3)C=4C=CC=CC4NC1=O,1.454,O=C1CCN(C(=O)Cn2cc(C3CC3)cn2)c2ccccc2N1
XS837429c,N#CC=1C=CC(=NC1N2CCCCC2C=3C=CNN3)C(F)(F)F,1.286,c1ccc(N2CCCCC2c2cc[nH]n2)nc1
XS841836b,COC=1C=CC=C(C1OC)C2CC(=O)NC3=NC=4C=CC=CC4N32,1.838,O=C1CC(c2ccccc2)n2c(nc3ccccc32)N1
XS748649b,CN1C=C(Cl)C=C1C(=O)N2CCCC(CC(C)(C)C(N)=O)C2,0.676,O=C(c1ccc[nH]1)N1CCCCC1
XS558039b,O=C(C1SCCC=2SC=CC21)N3CCN(C(=O)C3)C4CC4,10.73,O=C(C1SCCc2sccc21)N1CCN(C2CC2)C(=O)C1
XS843628a,CC(=O)NC1(CCN(C1)C=2C=CC(C#N)=CC2)C3=NC(C)=CS3,0.712,c1ccc(N2CCC(c3nccs3)C2)cc1
XS595414b,COC=1C=CC2=C(C1)CCCC2CNC(=O)NCC=3C=CN=CC3,0.884,O=C(NCc1ccncc1)NCC1CCCc2ccccc21
XS838901b,O=C(NC1C=CS(=O)(=O)C1)C23CC(C2)(C3)C=4C=CC(F)=CC4,0.798,O=C(NC1C=CS(=O)(=O)C1)C12CC(c3ccccc3)(C1)C2
XS838298b,CC(C)N1C=C2C=CC=C(C(=O)N3CCNC(=O)C3C(N)=O)C2=N1,0.818,O=C1CN(C(=O)c2cccc3c[nH]nc23)CCN1
XS718243b,CCOC=1C=CC=C2C=C(COC12)C(=O)NC(C)CN3C=CC=N3,0.81,O=C(NCCn1cccn1)C1=Cc2ccccc2OC1
XS738525b,COC=1C=CC(=CC1)OCC(O)CN2C=NC=3C=NC=CC3C2=O,0.39,O=c1c2ccncc2ncn1CCCOc1ccccc1
XS838660b,CN1C=CC(=C1)CN(CCC=2C=COC2)C(=O)C3OCCC3(C)C,1.492,O=C(C1CCCO1)N(CCc1ccoc1)Cc1cc[nH]c1
XS588721b,CC1=CC(=NO1)C2CCCN2C(=O)C=3NC=4C=CC=CC4C3Cl,1.128,O=C(c1cc2ccccc2[nH]1)N1CCCC1c1ccon1
XS843637a,O=C(NC1CCCNC1=O)C2=CSC(CCC=3C=CC=CC3)=N2,6.444,O=C(NC1CCCNC1=O)c1csc(CCc2ccccc2)n1
XS843643a,CC(=O)NC(CC(=O)NCC=1C=CN=CC1)C=2C=CC(Cl)=CC2,2.002,O=C(CCc1ccccc1)NCc1ccncc1
XS842674b,CC=1N=CC=NC1N2CCN(CC2)C(=O)C3CCC=4C=NNC4C3,4.66,O=C(C1CCc2cn[nH]c2C1)N1CCN(c2cnccn2)CC1
XS664951b,CC(C)CC1C(=O)NCCN1C(=O)C=2C=NN(C2)C=3C=CN=CC3,10.296,O=C1CN(C(=O)c2cnn(-c3ccncc3)c2)CCN1
XS687317b,CC1CC(=O)NC=2C=CC=CC2N1C(=O)CSC=3N=CC=CN3,0.992,O=C1CCN(C(=O)CSc2ncccn2)c2ccccc2N1
XS843634a,COC1=C(C(C)=NN1C)C2CCCN2C(=O)C=3C=CC(=NC3)OC,5.392,O=C(c1cccnc1)N1CCCC1c1cn[nH]c1
XS741074b,N#CC=1C=CSC1N2CCC(C2=O)N3CCN(C(=O)C3)C4CC4,4.36,O=C1C(N2CCN(C3CC3)C(=O)C2)CCN1c1cccs1
XS840343c,CCOC(=O)C(CC=1C=CN=C(F)C1)NS(=O)(=O)N(C)CC,0.794,c1ccncc1
XS839211b,COC=1C=C(C=C(C1)S(N)(=O)=O)C2=CN3C(=C2)C(=O)NCC3C,0.622,O=C1NCCn2cc(-c3ccccc3)cc21
XS843651a,CS(=O)(=O)N1N=C(CC1C=2C=CC=CC2)C=3C=CC(Cl)=CC3,3.23,c1ccc(C2=NNC(c3ccccc3)C2)cc1
XS839283b,COC(=O)C1=COC(=C1)C2=NOC(=N2)C=3C=NN(C3)C4CC4(F)F,1.072,c1coc(-c2noc(-c3cnn(C4CC4)c3)n2)c1
XS789450b,O=C(NCCNC=1N=CC=CN1)C2COC=3C=CC(Cl)=CC3C2,1.196,O=C(NCCNc1ncccn1)C1COc2ccccc2C1
XS843645a,CC=1N=C(NC(=O)CN2CCCCC2CN3C=NC=N3)SC1C,0.862,O=C(CN1CCCCC1Cn1cncn1)Nc1nccs1
XS843655a,CS(=O)(=O)N1CCCC(C1)C(=O)N(CC#N)CC=2C=CC=CC2,1.132,O=C(NCc1ccccc1)C1CCCNC1
XS426151b,CC=1C=CC(=CC1)C2=NN=C(O2)C(C)NC=3C=CC(C)=C(C3)C(N)=O,1.186,c1ccc(NCc2nnc(-c3ccccc3)o2)cc1
XS843653a,CC=1C=CC(OCCNC(=O)C2CC(=O)N(CC(C)C)C2)=C(C)C1,5.472,O=C1CC(C(=O)NCCOc2ccccc2)CN1
XS843654a,CC1=C(SC=2N=CN(C)C(=O)C12)C(=O)NC3CCCCNC3=O,1.458,O=C(NC1CCCCNC1=O)c1cc2c(=O)[nH]cnc2s1
XS837174b,CC1=NOC(C)=C1C(C)C(=O)N(C)C=2C=CC=CC2S(C)(=O)=O,13.058,O=C(Cc1cnoc1)Nc1ccccc1
XS390683b,CC=1C=CC(=CC1)CCC(=O)N2CCCC2C3=NC=4C=CC=CC4N3,1.112,O=C(CCc1ccccc1)N1CCCC1c1nc2ccccc2[nH]1
XS843652a,CCN(C(=O)C=1C=CC=2NC(C)=C(C)C2C1)C3CCS(=O)(=O)C3,1.562,O=C(NC1CCS(=O)(=O)C1)c1ccc2[nH]ccc2c1
XS843650a,CC1CN(C)C(=O)CN1C(=O)C2=NN(C=C2O)C=3C=CC=C(F)C3,4.724,O=C1CN(C(=O)c2ccn(-c3ccccc3)n2)CCN1
XS843656a,CC=1C=CC=CC1C2CCCN2C(=O)C=3C=CC(=CC3)N4C=NN=N4,1.622,O=C(c1ccc(-n2cnnn2)cc1)N1CCCC1c1ccccc1
XS843665a,O=C(C1=CN=C2C=CC=CN12)N3CCC(C3)NC=4C=CC=C(Cl)C4,1.234,O=C(c1cnc2ccccn12)N1CCC(Nc2ccccc2)C1
XS840618b,O=C(NC=1C=CC=NC1N2C=CC=N2)C3CSC=4C=CC=CC4O3,1.724,O=C(Nc1cccnc1-n1cccn1)C1CSc2ccccc2O1
XS551157b,CC1CCCCN1C(=O)C2=CN(N=N2)C=3C=CC(=CN3)C(F)(F)F,0.418,O=C(c1cn(-c2ccccn2)nn1)N1CCCCC1
XS843666a,CCOC=1C=CC=2C=C(NC2C1)C(=O)N3CCCC(C3)C(F)(F)F,0.446,O=C(c1cc2ccccc2[nH]1)N1CCCCC1
XS837148b,N#CC=1N=C(C=CC1Cl)N2CCN(CC2)C3CCS(=O)(=O)C3,3.25,O=S1(=O)CCC(N2CCN(c3ccccn3)CC2)C1
XS695960b,CC=1C=C(ON1)C2CCCN2C(=O)C3=CN=C(S3)C=4C=CC=CC4,11.098,O=C(c1cnc(-c2ccccc2)s1)N1CCCC1c1ccno1
XS843664a,CC=1NC(C(=O)NC2CCC=3C=CC=CC32)=C(C)C1C(=O)OC(C)C,1.784,O=C(NC1CCc2ccccc21)c1ccc[nH]1
XS843662a,O=C(C(NC=1C=CC=2OCCOC2C1)C=3C=CC=CC3)N4CCCC4,1.774,O=C(C(Nc1ccc2c(c1)OCCO2)c1ccccc1)N1CCCC1
XS839929b,COC(=O)C=1SC=2C=CC=C(F)C2C1NC(=O)C3COCCO3,0.86,O=C(Nc1csc2ccccc12)C1COCCO1
XS843659a,CC=1N=C(C)N(N1)C2CCCN(C2)C(=O)C3=CC=4N=C(C)C=CC4O3,2.758,O=C(c1cc2ncccc2o1)N1CCCC(n2cncn2)C1
XS843675a,CC=1C=CC(C)=C(C1)OCC(=O)NC(C)C=2C=CC=3OCCOC3C2,1.058,O=C(COc1ccccc1)NCc1ccc2c(c1)OCCO2
XS604071b,CCCN1N=C(C=CC1=O)C(=O)N2CCCCCC2C3=CC=CN3C,1.34,O=C(c1ccc(=O)[nH]n1)N1CCCCCC1c1ccc[nH]1
XS843679a,O=C(NC1CCCCC=2C=CC=CC21)C3=CN=C4SCCN4C3=O,3.03,O=C(NC1CCCCc2ccccc21)c1cnc2n(c1=O)CCS2
XS843672a,COC(=O)C=1C=CC(=CC1)NC(=O)C2CC(=O)N(CC(F)(F)F)C2,0.758,O=C1CC(C(=O)Nc2ccccc2)CN1
XS843670a,CCCCN1N=C(C=CC1=O)C(=O)N2CCCC(C2)C=3C=C(C)NN3,1.008,O=C(c1ccc(=O)[nH]n1)N1CCCC(c2cc[nH]n2)C1
XS757531b,COC=1C=CC(=CC1OC)C2CCCN2C(=O)CN3C=CC=NC3=O,2.126,O=C(Cn1cccnc1=O)N1CCCC1c1ccccc1
XS841365b,O=C(NCC1COCCO1)NC=2C=C3OCCCOC3=CC2Cl,0.546,O=C(NCC1COCCO1)Nc1ccc2c(c1)OCCCO2
XS839515b,O=C(N1CCN(CC=2C=CON2)CC1)C3(O)CCC=4C=CC=CC4C3,0.708,O=C(C1CCc2ccccc2C1)N1CCN(Cc2ccon2)CC1
XS843673a,O=C(CN1C=NC=2C=3C=CC=CC3OC2C1=O)NCCC4CCCO4,0.694,O=C(Cn1cnc2c(oc3ccccc32)c1=O)NCCC1CCCO1
XS843682a,CCOC=1C=C(Cl)C=CC1CNC(=O)NC2CCC3=NC=NN3C2,0.464,O=C(NCc1ccccc1)NC1CCc2ncnn2C1
XS843686a,CC(C)(C)C(=O)N1N=C(CC1C=2C=CC3=NC=CN=C3C2)C4=CC=CO4,6.42,c1coc(C2=NNC(c3ccc4nccnc4c3)C2)c1
XS693648b,COC=1C=CC(C)=CC1N2CC(CC2=O)C(=O)N(C)C3=NC=CS3,1.372,O=C(Nc1nccs1)C1CC(=O)N(c2ccccc2)C1
XS840314b,COC(CS(=O)(=O)NC=1C=C(Cl)C=NC1OC(C)C)C2CC2,0.718,O=S(=O)(CCC1CC1)Nc1cccnc1
XS839802b,C#CC=1C=NC=C(C1)C(=O)NCC(C)N(C)C(=O)C=2C=NC=C(C#C)C2,0.524,O=C(NCCNC(=O)c1cccnc1)c1cccnc1
XS843685a,NC(=O)C1=CC(=CN1)C(=O)N2CCCC2CC=3C(F)=CC=CC3Cl,0.754,O=C(c1cc[nH]c1)N1CCCC1Cc1ccccc1
XS843683a,CSC=1N=CC=CC1C(=O)OC(C)C(=O)NC2(C#N)CCCCC2,1.126,O=C(COC(=O)c1cccnc1)NC1CCCCC1
XS839581b,COC=1N=CC(=CN1)CN(CC(C)(F)C(C)C)C=2C=NC(C#N)=CN2,4.576,c1cnc(NCc2cncnc2)cn1
XS840186b,CCNC(=O)NC(=O)C(C)N1CCN(CC1)C2=NC=3C=CC=CC3O2,3.674,c1ccc2oc(N3CCNCC3)nc2c1
XS843681a,COC=1C=CC=CC1CC(=O)N2CC=3C=CC=CC3C(C2)N4C=CC=N4,0.976,O=C(Cc1ccccc1)N1Cc2ccccc2C(n2cccn2)C1
XS839427b,CC(C)C(C(N)=O)N1C=C(C=N1)C=2C=CC(=C(C#N)C2)S(C)(=O)=O,1.822,c1ccc(-c2cn[nH]c2)cc1
XS784945b,COC=1C=CC(=CC1F)CCC(=O)N2CCCCC2C3=NNC(C)=N3,2.002,O=C(CCc1ccccc1)N1CCCCC1c1nc[nH]n1
XS843689a,CC1=NN=C2CN(CC(=O)NC(C)C=3C=CC4=CC=CC=C4C3)CCN12,2.75,O=C(CN1CCn2cnnc2C1)NCc1ccc2ccccc2c1
XS843697a,COC=1C=C2C(=CC1NC(=O)C(C)N3CCOCC3)OC4=CC=CC=C42,3.638,O=C(CN1CCOCC1)Nc1ccc2c(c1)oc1ccccc12
XS739390b,CN1N=C(C=C1NC(=O)NC2CCN(C2)C=3C=CC=CC3)C4=CC=CO4,1.338,O=C(Nc1cc(-c2ccco2)n[nH]1)NC1CCN(c2ccccc2)C1
XS837496b,O=C(C1C(F)(F)C21CC2)N3CCCCC=4C=C(Br)C=CC43,0.446,O=C(C1CC12CC2)N1CCCCc2ccccc21
XS840982b,O=C(NC(C1CCCC1)C(F)(F)F)N2CC(C2)C3CS(=O)(=O)C3,0.776,O=C(NCC1CCCC1)N1CC(C2CS(=O)(=O)C2)C1
XS843687a,CNC(=O)C1CN(CC2=NN=C(O2)C=3C=CC=CC3)C=4C=CC=CC4O1,1.93,c1ccc(-c2nnc(CN3CCOc4ccccc43)o2)cc1
XS843691a,O=C(NCC1CC(=O)NC=2C=CC=CC21)N(CC=3C=CC=CC3)C4CC4,1.978,O=C1CC(CNC(=O)N(Cc2ccccc2)C2CC2)c2ccccc2N1
XS843693a,COC(=O)CC(NC(=O)C1=CN=C2C=CC=CN2C1=O)C=3C=CC=CC3,2.556,O=C(NCc1ccccc1)c1cnc2ccccn2c1=O
XS843694a,COC=1C=CC(C)=CC1N2CC(CC2=O)C(=O)NCCC=3C=CC=CC3,1.456,O=C(NCCc1ccccc1)C1CC(=O)N(c2ccccc2)C1
XS479147b,CC1(CCN(C1)C(=O)C2(CC2)C=3C=CC(Br)=CC3)C(N)=O,0.616,O=C(N1CCCC1)C1(c2ccccc2)CC1
XS837236b,O=C(COC=1C=CC(Cl)=C2C=CC=NC12)NC3CCC=4NN=CC4C3,2.448,O=C(COc1cccc2cccnc12)NC1CCc2[nH]ncc2C1
XS576980b,O=C(NC=1C=NC=2CCOCC2C1)C3CC(=O)N(C3)C=4C=CC=CC4F,3.062,O=C(Nc1cnc2c(c1)COCC2)C1CC(=O)N(c2ccccc2)C1
XS602186b,CC(C)N1CC(CC1=O)C(=O)NCCC=2C=C(F)C=C3COCOC23,3.126,O=C1CC(C(=O)NCCc2cccc3c2OCOC3)CN1
XS839991b,CN1C=C(C=N1)N2CCC(NC(=O)N3CCC=C(C3)C=4C=CC=CC4)C2=O,8.948,O=C(NC1CCN(c2cn[nH]c2)C1=O)N1CCC=C(c2ccccc2)C1
XS843707a,CSC=1C=CC=C(C1)N2CC(CC2=O)C(=O)NCC=3C=CC(F)=CC3,1.684,O=C(NCc1ccccc1)C1CC(=O)N(c2ccccc2)C1
XS843704a,CNC(=O)NC(=O)C(C)OC(=O)C1=CC=2COC=3C=CC=CC3C2S1,1.654,c1ccc2c(c1)OCc1ccsc1-2
XS838290b,COC(=O)C1CCC2=NC(=NN2C1)NC(=O)C=3C=CC=C4C=CC(C)=NC34,4.24,O=C(Nc1nc2n(n1)CCCC2)c1cccc2cccnc12
XS837606b,CC1C=2C=NC=CC2CCN1C(=O)C3=CSC(=N3)N(C)C=4C=CC=CC4,5.06,O=C(c1csc(Nc2ccccc2)n1)N1CCc2ccncc2C1
XS843710a,O=C(NCCOC=1C=CC=C(Cl)C1)C2CCCN(C2)C=3C=NC=CN3,0.704,O=C(NCCOc1ccccc1)C1CCCN(c2cnccn2)C1
XS843713a,CC1(COC(=O)N1)C=2C=CC=C(C2)NC(=O)C=3C=CN=C4C=CC(F)=CC34,1.466,O=C1NC(c2cccc(NC(=O)c3ccnc4ccccc34)c2)CO1
XS838696b,CC=1C=CN=C2C(=CC=CC12)S(=O)(=O)N3CC(=O)N4CCOCC4C3,5.782,O=C1CN(S(=O)(=O)c2cccc3cccnc23)CC2COCCN12
XS781846b,CC=1C=CC=CC1CNC(=O)C2C=3C=NN(C)C3CCN2S(C)(=O)=O,2.114,O=C(NCc1ccccc1)C1NCCc2[nH]ncc21
MR045484b,CC(C)(C(=O)NC1CCN(C1)C(=O)C=2C=CC3=CC=CN=C3C2)C(F)F,0.662,O=C(c1ccc2cccnc2c1)N1CCCC1
XS843705a,CN1N=CC(C(=O)NC2CCN(C)C=3C=CC=CC32)=C1CC=4C=CC=CC4,0.386,O=C(NC1CCNc2ccccc21)c1cn[nH]c1Cc1ccccc1
XS838718b,CN(C(=O)C=1C=C2N=CNC2=CN1)C3CCN(C3=O)C=4C=CC=CC4Cl,1.272,O=C(NC1CCN(c2ccccc2)C1=O)c1cc2nc[nH]c2cn1
XS839638b,NC(=O)C1CCCN(CC2=NN=C(O2)C3=CC=C(Br)S3)C1,1.084,c1csc(-c2nnc(CN3CCCCC3)o2)c1
XS843722a,CC=1C=C(ON1)C2CCCN2CC3=CC(=O)OC=4C=C(C)C(=CC34)C(C)C,1.922,O=c1cc(CN2CCCC2c2ccno2)c2ccccc2o1
XS843725a,CC(=O)NC(CC(=O)NC=1C=CC=2OCCOC2C1)C=3C=CC(Cl)=CC3,2.48,O=C(CCc1ccccc1)Nc1ccc2c(c1)OCCO2
XS843716a,COC=1C=CC(=CC1)CN(C)C(=O)C=2C=NN3CCC(CNC(C)=O)CC23,0.984,O=C(NCc1ccccc1)c1cnn2c1CCCC2
XS133002b,COC=1C=C(C=CC1OCC=2C=CC(Cl)=CC2)C(=O)NCC3CCCO3,0.482,O=C(NCC1CCCO1)c1ccc(OCc2ccccc2)cc1
XS843720a,CCOC(=O)C=1N=NNC1C2CCCN2C(=O)C=3C=CC=C(C3)SCC,1.906,O=C(c1ccccc1)N1CCCC1c1cnn[nH]1
XS839374b,CCOC(=O)C=1C=C2CN(CCN2C1)C3CC(=O)N(C3=O)C4CCOCC4,4.428,O=C1CC(N2CCn3cccc3C2)C(=O)N1C1CCOCC1
XS840614b,COC(=O)C1=C(C)NC(C(=O)NC2CCCC3=C2C=NN3C(C)(C)C)=C1C,0.49,O=C(NC1CCCc2[nH]ncc21)c1ccc[nH]1
XS843742a,O=C(NCC1=CC=C(O1)C=2C=CC(Cl)=CC2)C3CC(=O)N(C3)C4CCCC4,6.83,O=C(NCc1ccc(-c2ccccc2)o1)C1CC(=O)N(C2CCCC2)C1
XS843730a,CC1CC=2C=CC=CC2N1C(=O)COC(=O)CN3C(=O)C=4C=CC=CC4C3=O,0.482,O=C(CN1C(=O)c2ccccc2C1=O)OCC(=O)N1CCc2ccccc21
XS843738a,CNC(=O)C=1C=CC(=CC1)S(=O)(=O)N2CCN(C)C(=O)C2C=3C=CC=CC3,0.834,O=C1NCCN(S(=O)(=O)c2ccccc2)C1c1ccccc1
XS843740a,COC=1C=CC(OC)=C(C1)C(C)NC(=O)CN2C=NC=3C=CC(C)=CC3C2=O,1.504,O=C(Cn1cnc2ccccc2c1=O)NCc1ccccc1
XS843735a,CN(C(=O)C1=CC(=CNC1=O)C(F)(F)F)C2CCN(C2=O)C=3C=CC=CC3,2.168,O=C(NC1CCN(c2ccccc2)C1=O)c1ccc[nH]c1=O
XS843737a,NC(=O)C1CCCN(C1)C(=O)C=2C=CC(=CC2)S(=O)(=O)N3CCCCC3,8.73,O=C(c1ccc(S(=O)(=O)N2CCCCC2)cc1)N1CCCCC1
XS843733a,CC1(CCS(=O)(=O)C1)NC(=O)CNC=2C=CC=CC2OCC(F)(F)F,0.62,O=C(CNc1ccccc1)NC1CCS(=O)(=O)C1
XS843736a,O=C(NC=1C=CC=C(C1)N2C=NN=N2)C3CC(=O)N(CCC=4C=CC=CC4)C3,0.838,O=C(Nc1cccc(-n2cnnn2)c1)C1CC(=O)N(CCc2ccccc2)C1
XS839744b,O=C(NC1=NN=C2C=CC(Br)=CN12)C3CNC(=O)CC43CCC4,0.8,O=C1CC2(CCC2)C(C(=O)Nc2nnc3ccccn23)CN1
XS843727a,O=C1C(CCN1C=2C=CC=CC2)NS(=O)(=O)C=3C=CC=CC3C(F)(F)F,2.62,O=C1C(NS(=O)(=O)c2ccccc2)CCN1c1ccccc1
XS838875b,O=C(NCC1CN(C(=O)O1)C=2C=CC=CC2)N3CCC=4C(O)=CC=C(F)C4C3,0.444,O=C(NCC1CN(c2ccccc2)C(=O)O1)N1CCc2ccccc2C1
XS838279b,O=C(NCCN(C(=O)C=1N=NC(O)=C2CCCCC12)C3CC3)C4CC=CCO4,0.548,O=C(NCCN(C(=O)c1nncc2c1CCCC2)C1CC1)C1CC=CCO1
XS843743a,O=C(COC(=O)C=1C(Cl)=CC=C(Cl)C1Cl)NC2CCS(=O)(=O)C2,1.28,O=C(COC(=O)c1ccccc1)NC1CCS(=O)(=O)C1
XS554275b,O=C(NC1CCOC=2C=CC=CC21)C3=CN(N=N3)C=4C=CC=CC4C(F)(F)F,0.888,O=C(NC1CCOc2ccccc21)c1cn(-c2ccccc2)nn1
XS840911b,CCC=1C=C(CC(=O)N2CCCC2(C)CNC(=O)C=3C=CC=4NN=NC4C3)ON1,2.188,O=C(NCC1CCCN1C(=O)Cc1ccno1)c1ccc2[nH]nnc2c1
XS843745a,CC1OC=2C=CC=CC2N(CCC(=O)N3CCN(CC3)C(=O)C4=CC=CO4)C1=O,1.188,O=C(CCN1C(=O)COc2ccccc21)N1CCN(C(=O)c2ccco2)CC1
XS843747a,O=C(NC1CCCC=2C=CC=CC21)C=3C=CC=C(C3)S(=O)(=O)N4CCCCC4,0.468,O=C(NC1CCCc2ccccc21)c1cccc(S(=O)(=O)N2CCCCC2)c1
XS842241b,CCC=1N=CC=2CCN(CC2N1)C(C)C(=O)NC=3C=C(C)C(Cl)=CC3OC,0.812,O=C(CN1CCc2cncnc2C1)Nc1ccccc1
XS843752a,CN1CCCC=2C=C(C=CC21)CNC(=O)C=3C=CC=C(C3)NC(=O)C4CCCO4,0.788,O=C(NCc1ccc2c(c1)CCCN2)c1cccc(NC(=O)C2CCCO2)c1
XS843750a,O=C(NC1CCN(C1)C(=O)C2=CC=3C(O)=CC=CC3N2)C=4C=CN5N=CC=C5C4,1.48,O=C(NC1CCN(C(=O)c2cc3ccccc3[nH]2)C1)c1ccn2nccc2c1
XS840962b,CC1=CC(=CS1)C(=O)N2CCC3(CCC3)C(C2)NC(=O)C4=CC=CN(C)C4=O,1.788,O=C(NC1CN(C(=O)c2ccsc2)CCC12CCC2)c1ccc[nH]c1=O
XS841578b,COC=1C=C(Cl)C(=CC1OC)S(=O)(=O)N2CCN(C)C3(CCOC3)C2,0.712,O=S(=O)(c1ccccc1)N1CCNC2(CCOC2)C1
XS839398b,CC(C)C=1N=CN=CC1C(=O)N2CC3(C2)CCCC3NC(=O)C4=CC(Cl)=CN4,0.696,O=C(NC1CCCC12CN(C(=O)c1cncnc1)C2)c1ccc[nH]1
XS842207b,CC1CCN(C=2C=C(Cl)C=CC2S1)S(=O)(=O)C3=CN(C)C(=O)N(C)C3=O,1.116,O=c1[nH]cc(S(=O)(=O)N2CCCSc3ccccc32)c(=O)[nH]1
XS843764a,CC(C)C(NC(=O)CC1=NN(C)C(=O)C=2C=CC=CC12)C=3C=CC=4OCCCOC4C3,5.496,O=C(Cc1n[nH]c(=O)c2ccccc12)NCc1ccc2c(c1)OCCCO2
XS836742b,COC=1C=CC(=C(C1)OC)N2C(=O)CC(C2=O)N(C)CC=3C=NN(C3)C=4C=CC=CC4,1.314,O=C1CC(NCc2cnn(-c3ccccc3)c2)C(=O)N1c1ccccc1
XS840863b,O=C(NC=1C=CC=2CN(CC(F)F)CC2C1)NC3CCCN(C3)C=4C=CC=CC4,16.784,O=C(Nc1ccc2c(c1)CNC2)NC1CCCN(c2ccccc2)C1
XS843762a,CNC(=O)C(NC(=O)C=1C=C(C)C(C)=C(C1)S(=O)(=O)N(C)C)C=2C=CC=CC2,1.376,O=C(NCc1ccccc1)c1ccccc1
DR002694b,CN1C=C(C=N1)N2CC(CC2=O)C(=O)N3CCC(CC3)C4=CNC=5C=CC(F)=CC45,1.93,O=C(C1CC(=O)N(c2cn[nH]c2)C1)N1CCC(c2c[nH]c3ccccc23)CC1
XS843753a,CCN1N=NC=2C=C(C=CC21)C(=O)N3CC(OC=4C=CC=CC43)C(=O)N5CCCCC5,4.092,O=C(C1CN(C(=O)c2ccc3[nH]nnc3c2)c2ccccc2O1)N1CCCCC1
XS836977b,CN1C=C(C=N1)N2CCCC(OC=3C=C(Br)C=C(C3)C(F)(F)F)C2=O,1.422,O=C1C(Oc2ccccc2)CCCN1c1cn[nH]c1
XS843759a,CCN1C(=NC=2C=CC=CC21)NC(=O)C3CCCN(C3)S(=O)(=O)C=4C=CC=CC4,1.956,O=C(Nc1nc2ccccc2[nH]1)C1CCCN(S(=O)(=O)c2ccccc2)C1
XS843761a,O=C(NC1CCOC=2C=CC=CC21)C=3C=CC(=CC3)S(=O)(=O)N4CCOCC4,1.164,O=C(NC1CCOc2ccccc21)c1ccc(S(=O)(=O)N2CCOCC2)cc1
XS843757a,CC1=C(C=NN1C=2C=CC(C)=CC2)C(C)NS(=O)(=O)C=3C=CC=4OCCOC4C3,1.852,O=S(=O)(NCc1cnn(-c2ccccc2)c1)c1ccc2c(c1)OCCO2
XS836540b,COC(=O)C1CN(CC=2C=CC=CC21)C(=O)C3=CN(C)C=C(Br)C3=O,7.63,O=C(c1c[nH]ccc1=O)N1CCc2ccccc2C1
XS673284b,O=C(CCOCC1CC1)N2CCC(C2)(C3=NC(=NO3)C=4C=CC=NC4)C(F)(F)F,0.512,O=C(CCOCC1CC1)N1CCC(c2nc(-c3cccnc3)no2)C1
XS843770a,CC=1C=CC=2OC=C(CC(=O)N(CC=3C=CC=CC3Cl)C4CCS(=O)(=O)C4)C2C1,2.354,O=C(Cc1coc2ccccc12)N(Cc1ccccc1)C1CCS(=O)(=O)C1
XS843771a,CC=1C=CC(=CC1C)S(=O)(=O)N2CCC(CC2)C(=O)OCC(=O)N3CCCC(C)C3,1.266,O=C(OCC(=O)N1CCCCC1)C1CCN(S(=O)(=O)c2ccccc2)CC1
XS843780a,CC1=CC=CN2C(=O)C=3C=C(C(=O)NCC4CCCO4)C(=N)N(CC5=CC=CO5)C3N=C12,1.71,N=c1c(C(=O)NCC2CCCO2)cc2c(=O)n3ccccc3nc2n1Cc1ccco1
XS838509b,O=C(C=1C=CC(O)=CN1)N2CCN(C(=O)C=3N=CC=C4OC=CC34)C(C2)C=5C=CN=CC5,2.098,O=C(c1ccccn1)N1CCN(C(=O)c2nccc3occc23)C(c2ccncc2)C1
XS843766a,COC=1C=CC=C(C2=NC(=CS2)CN3CCN(CC3)C(=O)C4COC=5C=CC=CC5O4)C1OC,2.148,O=C(C1COc2ccccc2O1)N1CCN(Cc2csc(-c3ccccc3)n2)CC1
XS837634b,CN1N=CC2=C1CCN(C2C(=O)NC3(CCC3)C=4C=CC(F)=CC4F)S(C)(=O)=O,1.92,O=C(NC1(c2ccccc2)CCC1)C1NCCc2[nH]ncc21
XS843769a,CN1C(=O)C2=C(N=CN2CC(=O)N3CCC=4SC=CC4C3C=5C=CC=CC5)N(C)C1=O,4.194,O=C(Cn1cnc2[nH]c(=O)[nH]c(=O)c21)N1CCc2sccc2C1c1ccccc1
XS814399b,CCC(=O)N1CCCC(C1)C(=O)NC=2C=C(C=CC2OC)S(=O)(=O)N3CCCCC3,5.542,O=C(Nc1cccc(S(=O)(=O)N2CCCCC2)c1)C1CCCNC1
XS840419b,COC1=CC(OC)=C(OC)C=2NC(=CC12)C(=O)NCC(C3=CC=C(C)O3)N4CCOCC4,1.36,O=C(NCC(c1ccco1)N1CCOCC1)c1cc2ccccc2[nH]1
XS843768a,CC1=C(N=NN1C=2C=CC=C3CN(CCC23)C(=O)NC(C)C)C(=O)N4CCOCC4C,11.744,O=C(c1cn(-c2cccc3c2CCNC3)nn1)N1CCOCC1
XS843767a,CC(OC(=O)C=1C=CC(F)=CC1N)C(=O)N2CC(=O)NC=3C=C(C=CC32)C(F)(F)F,0.712,O=C1CN(C(=O)COC(=O)c2ccccc2)c2ccccc2N1
XS843792a,CCOC(C)C(=O)NC1=NC=2CCCC2S1,1.134,c1nc2c(s1)CCC2
XS843783a,CC1C(=O)NCCN1C(=O)C=2C=CC(F)=CC2,2.008,O=C1CN(C(=O)c2ccccc2)CCN1
YT000055c,NC=1C=CC=CC1N2CC(OC2=O)C(F)(F)F,1.232,O=C1OCCN1c1ccccc1
XS841149b,COC(=O)C1CC=2C(F)=CC=C(F)C2C(=O)O1,1.22,O=C1OCCc2ccccc21
XS428367b,CC(NC=1N=CN=C2C1C=NN2C)C3=CC=CO3,0.392,c1coc(CNc2ncnc3[nH]ncc23)c1
XS843788a,CC=1C=CC(=CC1C)OC(C)C(=O)N2CCCC2,0.99,O=C(COc1ccccc1)N1CCCC1
XS843790a,CC1CCCN1C(=O)CN2N=CC=3C=CC=NC32,1.306,O=C(Cn1ncc2cccnc21)N1CCCC1
XS843791a,CC=1C=C(CC2=NN=C(NC3CCOC3)O2)NN1,0.498,c1cc(Cc2nnc(NC3CCOC3)o2)[nH]n1
XS837977b,CN1N=NN(CC2CCCCCO2)C1=O,0.524,O=c1[nH]nnn1CC1CCCCCO1
XS841174b,N#CC=1C=CC(Cl)=CC1NC2CNC(=O)C2,1.102,O=C1CC(Nc2ccccc2)CN1
XS843796a,O=C(NC1CCC(=O)NC1=O)C2=CC=3C=CC=CC3O2,2.88,O=C1CCC(NC(=O)c2cc3ccccc3o2)C(=O)N1
XS402413b,O=C(C1CCC(=O)NC1)N2CCC=3SC=CC3C2,1.3,O=C1CCC(C(=O)N2CCc3sccc3C2)CN1
XS843803a,CCOC(=O)C1=NN=C(O1)N2CCC3(CCOC3)C2,3.01,c1nnc(N2CCC3(CCOC3)C2)o1
XS843798a,CCCC(C)NC(=O)COC(=O)C=1N=CC=NC1N,0.406,c1cnccn1
XS807600b,CN1C=C(C=N1)C2CCCN2C(=O)C3=CC=CS3,0.68,O=C(c1cccs1)N1CCCC1c1cn[nH]c1
XS843799a,CN(CC=1C=CC=C(F)C1)C(C(N)=O)C=2C=CC=CC2,0.99,c1ccc(CNCc2ccccc2)cc1
XS838503b,C1=NNC=2N=CN=C(NC3CSC=4C=CC=CC43)C12,0.992,c1ccc2c(c1)SCC2Nc1ncnc2[nH]ncc12
XS626815b,CN1C=CC=C(NC(=O)NCC2CCCO2)C1=O,0.386,O=C(NCC1CCCO1)Nc1ccc[nH]c1=O
XS843797a,NC(=O)C1CCN(C1)C(=O)C=2C=CC=3C=CNC3N2,2.036,O=C(c1ccc2cc[nH]c2n1)N1CCCC1
XS843812a,CC=1NC2=NC=NN2C(C=3C=CC=C(F)C3)C1C(N)=O,0.948,C1=CC(c2ccccc2)n2ncnc2N1
XS841546b,CC(C)C(C1=NN=C(O1)C=2C=CC=CN2)C=3C=CC=CC3,7.764,c1ccc(Cc2nnc(-c3ccccn3)o2)cc1
XS843817a,COC=1C=CC=CC1NC(=O)NC(C)C2=CC=C(C)O2,0.67,O=C(NCc1ccco1)Nc1ccccc1
XS674007b,CC(NC(=O)C=1C=CC(Cl)=CC1)C(=O)N2CCCC2,0.48,O=C(NCC(=O)N1CCCC1)c1ccccc1
XS842440b,NC(=O)C1COCCN1CC=2C(F)=CC=CC2[N+]([O-])=O,0.406,c1ccc(CN2CCOCC2)cc1
XS843815a,COCC(C)N(C)C(=O)C=1C=NC2=C(C1)C(C)=NN2C,0.778,c1cnc2[nH]ncc2c1
XS798831b,CNC(=O)C(NC(=O)C1=CC=CS1)C=2C=CC=CC2,0.954,O=C(NCc1ccccc1)c1cccs1
XS840285b,CC=1C=CC(=CC1)N2C(=O)CSC2C3=CC=CS3,1.692,O=C1CSC(c2cccs2)N1c1ccccc1
XS843810a,O=C(NCC1=CC=CS1)C2CC(=O)NC=3C=CC=CC32,2.262,O=C1CC(C(=O)NCc2cccs2)c2ccccc2N1
XS839591b,CC1C=2SC=CC2CCN1C=3C=CN=C4N=CC=NC34,0.58,c1cnc2c(N3CCc4ccsc4C3)ccnc2n1
XS843808a,CC=1C=CC=C(C1)OCC(=O)NC2CCC(=O)NC2=O,1.638,O=C1CCC(NC(=O)COc2ccccc2)C(=O)N1
XS843816a,O=C(NC=1C=CC=CN1)C2CC(=O)N(C2)C=3C=CC=CC3,3.85,O=C(Nc1ccccn1)C1CC(=O)N(c2ccccc2)C1
XS843809a,O=C(O)C1CCN(C1)C(=O)C2(CC2)C=3C=CC=CC3F,0.642,O=C(N1CCCC1)C1(c2ccccc2)CC1
XS842687b,CC1=CSC(=C1)C(=O)N2CCC(F)(F)CC2C(=O)O,1.288,O=C(c1cccs1)N1CCCCC1
XS563550b,CC(=O)N1CC(C1)NC(=O)C2(O)CCC=3C=CC=CC3C2,2.572,O=C(NC1CNC1)C1CCc2ccccc2C1
XS843826a,O=C(C=1C=C(Cl)C=CN1)N2CCCC2C=3C=CSC3,2.546,O=C(c1ccccn1)N1CCCC1c1ccsc1
XS843824a,CC=1C=CC=CC1C(C)NC(=O)CC2=CN3C=CC=CC3=N2,1.652,O=C(Cc1cn2ccccc2n1)NCc1ccccc1
XS836475b,CC1CCCCN1NC(=O)C=2C=NN(C)C2N3C=CC=C3,1.556,O=C(NN1CCCCC1)c1cn[nH]c1-n1cccc1
XS843823a,CC1=NC(CN2CCCC(C2)C3=NOC(=N3)C4CC4)=NO1,0.694,c1nc(CN2CCCC(c3noc(C4CC4)n3)C2)no1
XS716957b,CCC1CCC=2N=C(NC(=O)C=3C=NC=CN3)SC2C1,0.698,O=C(Nc1nc2c(s1)CCCC2)c1cnccn1
XS843839a,COC=1N=CC=CC1C(=O)N2CCCC(C2)C3=NN=CN3C,5.63,O=C(c1cccnc1)N1CCCC(c2nnc[nH]2)C1
XS841042b,NC(=O)C1CSCCN1S(=O)(=O)C=2C=CC=CC2F,0.466,O=S(=O)(c1ccccc1)N1CCSCC1
XS843833a,CC(C)(C)C(=O)NC1CCC2=NN=C(C=3C=CC=CC3)N2C1,0.618,c1ccc(-c2nnc3n2CCCC3)cc1
XS841212b,COC(=O)CN1C=CC(=N1)NC(C)C2=NC=3C=CC=CC3O2,0.922,c1ccc2oc(CNc3cc[nH]n3)nc2c1
XS711896b,COC=1C=CC=C(C1)CC(C(=O)NC(C)C)N2N=NN=C2C,2.496,c1ccc(CCn2cnnn2)cc1
XS843835a,COCC1=CC=C(O1)C2CCCN2C(=O)NC=3C=CN=CC3,1.402,O=C(Nc1ccncc1)N1CCCC1c1ccco1
XS628205b,CC1=NNC(C)=C1CC(=O)N2CCCC2CC=3C=CC=CC3,0.408,O=C(Cc1cn[nH]c1)N1CCCC1Cc1ccccc1
XS843836a,CC(SC1=NC=C2C=CC=CN12)C(=O)NC3CCCCC3,0.58,O=C(CSc1ncc2ccccn12)NC1CCCCC1
XS839551b,CCC1=CSC(=N1)C(C)NC2=NC3=C(C=NN3C)C(=O)N2,1.066,O=c1[nH]c(NCc2nccs2)nc2[nH]ncc12
XS593592b,O=C(O)C(CNC(=O)CC=1C=CC=CC1F)C=2C=CC=CC2,0.522,O=C(Cc1ccccc1)NCCc1ccccc1
XS841771b,CN(CC1CCCO1)C(=O)CN2CC=3C=CC=CC3OC2=O,0.606,O=C(CN1Cc2ccccc2OC1=O)NCC1CCCO1
XS843838a,CC(NC=1C=CC=2OC(=NC2C1)C3CC3)C(=O)N4CCCC4,2.228,O=C(CNc1ccc2oc(C3CC3)nc2c1)N1CCCC1
XS843853a,CC(CN1C=CC=N1)NC(=O)C2=CC=C(NC2=O)C3=CC=CO3,0.686,O=C(NCCn1cccn1)c1ccc(-c2ccco2)[nH]c1=O
XS559570b,CC1=NN(C)C=2N=CC(=CC12)NC(=O)C3CC(=O)N(C3)C4CC4,9.0,O=C(Nc1cnc2[nH]ncc2c1)C1CC(=O)N(C2CC2)C1
XS843846a,CC1CC=2C=CC=CC2N1C(=O)COC=3C=CC=CC3C(N)=O,0.758,O=C(COc1ccccc1)N1CCc2ccccc21
XS450327b,O=C(C=1C=CN=C(C1)N2C=CC=N2)N3CCOCC3CC4CC4,0.574,O=C(c1ccnc(-n2cccn2)c1)N1CCOCC1CC1CC1
XS839672b,CC1(CCCNC1=O)C(=O)NNC(=O)C=2C=CC=CC2Cl,0.594,O=C(NNC(=O)C1CCCNC1=O)c1ccccc1
XS839483b,C1=NC=C2C=CN=C(N3CCCC(CC3)OC=4C=CC=CC4)N12,2.006,c1ccc(OC2CCCN(c3nccc4cncn34)CC2)cc1
XS842201b,ClC=1C=CC2=C(CCC2NC=3C=CC4=NN=NN4N3)C1Cl,1.402,c1ccc2c(c1)CCC2Nc1ccc2nnnn2n1
XS840530b,CC(C)C=1C=CC(C=CCC(=O)NC2CCN(C2)C(N)=O)=CC1,0.542,O=C(CC=Cc1ccccc1)NC1CCNC1
XS550692b,CC1=NN(C)C=C1C(C)NC(=O)C2=CNN=C2C3CCOCC3,0.518,O=C(NCc1cn[nH]c1)c1c[nH]nc1C1CCOCC1
XS739425b,CCC1CN(CCO1)C(=O)CN2C(=O)ON=C2C=3C=CC=CC3,0.464,O=C(Cn1c(-c2ccccc2)noc1=O)N1CCOCC1
XS843860a,O=S(=O)(NC1CCS(=O)(=O)C1)C=2C=CC=3CCCC3C2,0.714,O=S1(=O)CCC(NS(=O)(=O)c2ccc3c(c2)CCC3)C1
XS837181b,CC(C)C1=NN(C)C=2SC(=CC12)C3=NC(=NO3)C4CCOC4,1.288,c1n[nH]c2sc(-c3nc(C4CCOC4)no3)cc12
XS838876b,COC(=O)C(NC1=NN(C)C=2N=CC=NC12)C=3C=CC(F)=CC3,0.956,c1ccc(CNc2n[nH]c3nccnc23)cc1
XS840527b,COC(=O)C=1C=CC=C(C1C)S(=O)(=O)NC(C)C=2N=CNN2,1.032,O=S(=O)(NCc1nc[nH]n1)c1ccccc1
XS593008b,CCC1CN(C)C=2C=CC=CC2CN1C(=O)C=3C=CC(=O)N(C)C3,6.256,O=C(c1ccc(=O)[nH]c1)N1CCNc2ccccc2C1
XS839450b,CC1=CC(=NN1C=2C=CC=CC2)C(=O)N3CCC4(COC(=O)N4)C3,9.34,O=C1NC2(CCN(C(=O)c3ccn(-c4ccccc4)n3)C2)CO1
XS843863a,N#CCN(CC(=O)NC(C1=NC=CS1)C=2C=CC=CC2)C3CC3,0.446,O=C(CNC1CC1)NC(c1ccccc1)c1nccs1
XS841262b,COC=1C=CC=2C=C(COC2C1)C3NC(=O)C=4C=CC=CC4N3C,2.262,O=C1NC(C2=Cc3ccccc3OC2)Nc2ccccc21
XS841277b,CC(C)(C)NC(=O)C1CCCCN1CC(=O)NC2=NN=CS2,0.488,O=C(CN1CCCCC1)Nc1nncs1
XS575039b,CN(C(=O)C1=COC(=N1)C2CCOCC2)C3CCC=4C=CC=CC43,0.998,O=C(NC1CCc2ccccc21)c1coc(C2CCOCC2)n1
XS843869a,CC=1N=C(SC1C(=O)NC(C)C=2C=CC=CN2)C=3N=CC=CN3,1.29,O=C(NCc1ccccn1)c1cnc(-c2ncccn2)s1
XS474140b,CC=1C=CC=2C(=O)N(C(=O)C2C1)C(C)C(=O)NC=3C=CN=C(C)N3,3.968,O=C(CN1C(=O)c2ccccc2C1=O)Nc1ccncn1
XS611893b,CC(C)N1N=CC=2C(=O)N(C=NC21)CC(O)CCC=3C=CC=CC3,0.696,O=c1c2cn[nH]c2ncn1CCCCc1ccccc1
XS843864a,CC1CC(=O)NCCN1C(=O)C=2C=C(C=CN2)OC=3C=CC=CC3,1.246,O=C1CCN(C(=O)c2cc(Oc3ccccc3)ccn2)CCN1
XS842551b,CC(NC1=C(C(=O)N(C)C=2C=CC=CC12)[N+]([O-])=O)C=3C=CC=CC3,0.394,O=c1cc(NCc2ccccc2)c2ccccc2[nH]1
XS841784b,COC=1N=C(SC1C)C2=CN(N=N2)C(C)C(=O)N3CCCC3,1.744,O=C(Cn1cc(-c2nccs2)nn1)N1CCCC1
XS843867a,COC=1C=CC(=CC1)C(=O)NC(C)C=2C=CC(=CC2)N3C=CN=C3,1.666,O=C(NCc1ccc(-n2ccnc2)cc1)c1ccccc1
XS841871b,O=C(NCC1=CSC=C1Cl)NC2CCOCC32CCCC3,0.62,O=C(NCc1ccsc1)NC1CCOCC12CCCC2
XS843875a,CC(=O)NC(CC(=O)NC=1C=C(C)C=CN1)C=2C=CC(Cl)=CC2,1.264,O=C(CCc1ccccc1)Nc1ccccn1
XS843879a,CC=1C=C(NC(=O)NC(C)C=2C=CC=3OCCCOC3C2)N(C)N1,1.292,O=C(NCc1ccc2c(c1)OCCCO2)Nc1ccn[nH]1
XS843881a,O=C(CCN1C(=O)CCC1=O)NC(C=2C=CC=CC2)C3CCCC3,0.386,O=C(CCN1C(=O)CCC1=O)NC(c1ccccc1)C1CCCC1
XS836558b,COC(=O)C=1C=CC=2N=C(SC2C1)N3CCC(C3)C4=NN=CN4,0.994,c1ccc2sc(N3CCC(c4nnc[nH]4)C3)nc2c1
XS840634b,CN1C(=NNC(=O)C2CC(=O)N(C2)C3CC3)SC=4C=CC=CC41,14.538,O=C(NN=c1[nH]c2ccccc2s1)C1CC(=O)N(C2CC2)C1
XS843876a,CC(OC(=O)C=1C=CC=C(O)C1)C(=O)N2CCC=3SC=CC3C2,0.5,O=C(OCC(=O)N1CCc2sccc2C1)c1ccccc1
XS843878a,CN(C(=O)C1CC(=O)N(CCC=2C=CC=CC2)C1)C3=NC=CS3,1.388,O=C(Nc1nccs1)C1CC(=O)N(CCc2ccccc2)C1
XS843880a,CNC(=O)NC(=O)C(NC=1C=CC=2OCOC2C1)C=3C=CC=CC3,0.542,c1ccc(CNc2ccc3c(c2)OCO3)cc1
XS843874a,CCN(C(=O)NC=1C=NN(C)C1)C2CCN(C2=O)C=3C=CC=CC3,1.402,O=C(Nc1cn[nH]c1)NC1CCN(c2ccccc2)C1=O
XS777730b,CC=1C=CC=C(OCCC(=O)N2CCCCC2C=3N=CNN3)C1C,1.492,O=C(CCOc1ccccc1)N1CCCCC1c1nc[nH]n1
XS843882a,CC(=O)N1N=C(CC1C=2C=CC=C3N=CC=NC23)C=4C=CC(C)=CC4,3.598,c1ccc(C2=NNC(c3cccc4nccnc34)C2)cc1
XS484266b,COC=1C=CC(=CC1)CN2CCC(NC(=O)C=3C=NN(C)N3)C2=O,2.662,O=C(NC1CCN(Cc2ccccc2)C1=O)c1cn[nH]n1
XS787182b,CC=1C=CC=2CC(SC2C1)C(=O)N(C)CC3=NN=C4CCCN34,1.388,O=C(NCc1nnc2n1CCC2)C1Cc2ccccc2S1
XS544557b,CN1N=CC(C(=O)N2CCCC(C2)C=3C=CN=C(N)N3)=C1C4CC4,0.894,O=C(c1cn[nH]c1C1CC1)N1CCCC(c2ccncn2)C1
XS841432b,CN1C=C(C=N1)CC2CCN(C2)C(=O)C34CC5CC(CC(C5)C4)C3,0.776,O=C(N1CCC(Cc2cn[nH]c2)C1)C12CC3CC(CC(C3)C1)C2
XS843872a,CC1=NN(C)C(C)=C1C2CCCN2C(=O)C=3C=CC=C4OCOC34,1.654,O=C(c1cccc2c1OCO2)N1CCCC1c1cn[nH]c1
XS843889a,O=C(C=1N=COC1C2CC2)N3CCCCC3C4=CC=5C=CC=CC5N4,1.326,O=C(c1ncoc1C1CC1)N1CCCCC1c1cc2ccccc2[nH]1
XS843893a,COC=1C=CC(=CC1)C2CCCN2S(=O)(=O)C=3C(C)=NOC3C,0.406,O=S(=O)(c1cnoc1)N1CCCC1c1ccccc1
XS658261b,O=C(CC=1C=CC(=CC1)N2C=CC=N2)N3CCCC(C3)N4C=CC=N4,0.622,O=C(Cc1ccc(-n2cccn2)cc1)N1CCCC(n2cccn2)C1
XS837312b,CC=1C=C(Cl)C=C2NC(=CC12)C(=O)N3CCN4C(=O)NCC4C3,1.47,O=C(c1cc2ccccc2[nH]1)N1CCN2C(=O)NCC2C1
XS843892a,CC(=O)N1CCCC(C1)C(=O)NCCC=2C=CC(=CC2)OC(C)C,1.5,O=C(NCCc1ccccc1)C1CCCNC1
XS843886a,CC=1C=CC(=CC1)NC(=O)C(C)OC(=O)CN2CCCCCC2=O,0.794,O=C(COC(=O)CN1CCCCCC1=O)Nc1ccccc1
XS843896a,COC=1C=CC(=CC1)C2=NC(CSC(C)C(=O)NC(C)C)=NO2,0.486,c1ccc(-c2ncno2)cc1
XS843891a,CC(NC(=O)CC=1C=CC=2OCCOC2C1)C=3C=CC(F)=C(F)C3,0.792,O=C(Cc1ccc2c(c1)OCCO2)NCc1ccccc1
XS583973b,CN(C(=O)C1=CC=CS1)C2CCN(C2=O)C=3C=CC=CC3Cl,2.154,O=C(NC1CCN(c2ccccc2)C1=O)c1cccs1
XS843884a,CCC1=NC(=NO1)C2CCCN2C(=O)C3=CC=C(CNC(C)=O)O3,1.45,O=C(c1ccco1)N1CCCC1c1ncon1
XS840780b,CCN(C(=O)CC=1C(Cl)=CC=CC1OC)C(C)C=2C=CC=NC2,0.856,O=C(Cc1ccccc1)NCc1cccnc1
XS438933b,NC(=O)C1CCCN(C1)S(=O)(=O)C=2C=NN(C2)C=3C=CC=CC3,0.888,O=S(=O)(c1cnn(-c2ccccc2)c1)N1CCCCC1
XS840906b,COC=1C=CC(=NC1OC)C(=O)NC(CC2=NC=NN2C)C(N)=O,3.094,O=C(NCCc1ncn[nH]1)c1ccccn1
XS843898a,CC=1C=C(C(=O)N2CCCC(C2)N3C=CC=N3)C=4C(=O)NN(C)C4N1,0.756,O=C(c1ccnc2[nH][nH]c(=O)c12)N1CCCC(n2cccn2)C1
XS551305b,COCC1(CCCN1CC=2C=CC(C)=CC2Br)C(N)=O,0.902,c1ccc(CN2CCCC2)cc1
XS843905a,O=C(NCC1(CC1)C=2C=CC=CC2)C3CC(=O)NC=4C=C(F)C=CC43,1.62,O=C1CC(C(=O)NCC2(c3ccccc3)CC2)c2ccccc2N1
XS146008c,O=C(C=1C=CN=CC1)N(CC2CCCO2)C3=NC=4C=CC=CC4S3,1.606,O=C(c1ccncc1)N(CC1CCCO1)c1nc2ccccc2s1
XS843901a,CC=1C=CC(=CC1)C2=NN=C(CN3CCOC(CN4C=CC=N4)C3)O2,0.872,c1ccc(-c2nnc(CN3CCOC(Cn4cccn4)C3)o2)cc1
XS417123b,CC=1C=CC(=C(C1)OCC(=O)NC2(C)CCS(=O)(=O)C2)C(C)C,1.886,O=C(COc1ccccc1)NC1CCS(=O)(=O)C1
XS843906a,O=C(NCC=1C=CC(=NC1)OCC2CC2)C3COC=4C=CC=CC4O3,0.704,O=C(NCc1ccc(OCC2CC2)nc1)C1COc2ccccc2O1
XS840129b,CC=1C(Cl)=CN=CC1NC(=O)N2CC3(CCOCC3)C2C(C)C,2.218,O=C(Nc1cccnc1)N1CC2(CCOCC2)C1
XS660062b,COC=1C(Cl)=C(Cl)C=CC1S(=O)(=O)N2CCCCC2C,4.266,O=S(=O)(c1ccccc1)N1CCCCC1
XS839291b,O=C1NN=C(C=C1N2CC(C=3C=CNN3)C4(CCC4)C2)C(F)(F)F,1.292,O=c1[nH]nccc1N1CC(c2cc[nH]n2)C2(CCC2)C1
XS624133b,CC=1C=CC=2C(=COC2C1C)CC(=O)N3CCCC3C=4C=NN(C)C4,0.43,O=C(Cc1coc2ccccc12)N1CCCC1c1cn[nH]c1
XS843902a,COC(=O)C=1C=CC=C(C1)NCC(=O)N(C)C2CCS(=O)(=O)C2,1.862,O=C(CNc1ccccc1)NC1CCS(=O)(=O)C1
XS843899a,O=C(C1=CC=2CCCC2NC1=O)N3CCCC(CC3)C=4C=CC=CC4,1.926,O=C(c1cc2c([nH]c1=O)CCC2)N1CCCC(c2ccccc2)CC1
XS841242b,CC=1OC=CC1C2=CC(=NO2)NC(=O)NC(C=3C=CC=CN3)C4CC4,0.44,O=C(Nc1cc(-c2ccoc2)on1)NC(c1ccccn1)C1CC1
XS843897a,CC=1C=CC(C)=C(C1)OCC(O)CN2N=C(C=CC2=O)N3C=CN=C3,1.64,O=c1ccc(-n2ccnc2)nn1CCCOc1ccccc1
XS843909a,CC=1C=C(NN1)C2CCCN(C2)C(=O)C=3C=NN(C3)C4CCCCC4,0.678,O=C(c1cnn(C2CCCCC2)c1)N1CCCC(c2ccn[nH]2)C1
XS843914a,CC=1C=CC=C(C1)C(=O)NC(C(=O)NCCCN2C=CC=N2)C(C)C,0.582,O=C(CNC(=O)c1ccccc1)NCCCn1cccn1
XS843918a,O=C(NCC=1C=CC=C2OCOC12)C3CC(=NO3)C=4C=CC=C(F)C4,2.436,O=C(NCc1cccc2c1OCO2)C1CC(c2ccccc2)=NO1
XS838408b,COC=1C=C(N=C2C=CC=CC12)C(=O)OCC3CCCC4(CCC4)O3,1.106,O=C(OCC1CCCC2(CCC2)O1)c1ccc2ccccc2n1
XS843912a,O=S(=O)(CC1=COC(=N1)C=2C=CC=C(Cl)C2)CC3CCCO3,2.698,O=S(=O)(Cc1coc(-c2ccccc2)n1)CC1CCCO1
XS843916a,CN1C(=O)C=CN(CC(=O)NC(C=2C=CC=CC2)C3CCCC3)C1=O,1.09,O=C(Cn1ccc(=O)[nH]c1=O)NC(c1ccccc1)C1CCCC1
XS843917a,CC=1C=C(ON1)C2CCCN2C(=O)C3=CSC(=N3)C=4C=NN(C)C4,8.382,O=C(c1csc(-c2cn[nH]c2)n1)N1CCCC1c1ccno1
XS843915a,CCOC=1C=CC(=CC1)NC(C)C2=NC=3SC(C)=C(C)C3C(=O)N2,0.45,O=c1[nH]c(CNc2ccccc2)nc2sccc12
XS843911a,N#CC1=CN(C(=O)N(CC(O)COCC=2C=CC=CC2)C1=O)C3CC3,1.442,O=c1ccn(C2CC2)c(=O)n1CCCOCc1ccccc1
XS718763b,CC=1C=C(C)N2N=CC(C(=O)NC(C)CC=3C=CC=CC3Cl)=C2N1,1.026,O=C(NCCc1ccccc1)c1cnn2cccnc12
XS836464b,CN1N=NC(=N1)N2CCC(C2)C3CCN(CC3)C(=O)C4CCCCC4,11.29,O=C(C1CCCCC1)N1CCC(C2CCN(c3nn[nH]n3)C2)CC1
XS839840b,CC(C)CCOC(C)C(=O)N1CCN2C(=O)N(CC(F)F)N=C2C1,0.56,O=c1[nH]nc2n1CCNC2
XS843927a,O=C(CCC1=NC(=NO1)C=2C=CC=CC2)NC3CCOC=4C=CC=CC43,0.484,O=C(CCc1nc(-c2ccccc2)no1)NC1CCOc2ccccc21
XS843924a,CCOC=1C=CC(=CC1)N2CC(CC2=O)C(=O)NC3=NC=C(C)S3,6.176,O=C(Nc1nccs1)C1CC(=O)N(c2ccccc2)C1
XS840891b,CN1N=C(N=C1CC2COCC=3C=CC=CC32)C4=NC=CN5N=CC=C45,4.376,c1ccc2c(c1)COCC2Cc1nc(-c2nccn3nccc23)n[nH]1
XS736210b,CCC(=O)N1CCCC(C1)C(=O)NC2=NC=3C=C(Cl)C=CC3N2C,5.94,O=C(Nc1nc2ccccc2[nH]1)C1CCCNC1
XS843925a,CC(NC(=O)C1=CC=2C(=O)N3C=CC=CC3=NC2N1C)C=4C=CC=CC4,2.624,O=C(NCc1ccccc1)c1cc2c(=O)n3ccccc3nc2[nH]1
XS533570b,CC1=NN=C2CNC(CN12)C(=O)N3CCN(CC3)C=4C=CC=CC4F,2.87,O=C(C1Cn2cnnc2CN1)N1CCN(c2ccccc2)CC1
XS842480b,[O-][N+](=O)C=1C(=O)N2C=CC=CC2=NC1N3CCCC3CC=4C=CC=CC4,3.926,O=c1cc(N2CCCC2Cc2ccccc2)nc2ccccn12
XS843931a,CC=1C=CC(=CC1)C=2N=NN(CC(=O)NC3CCCC43CCOCC4)N2,4.318,O=C(Cn1nnc(-c2ccccc2)n1)NC1CCCC12CCOCC2
XS740789b,CCC=1C=CC(=CC1)C(C)NC(=O)CN2C=C(C=CC2=O)C(F)(F)F,0.612,O=C(Cn1ccccc1=O)NCc1ccccc1
XS843935a,CC=1C=CC(C)=C(C1)OC=2C=CC(=CN2)CNC(=O)C(C)N3C=NC=N3,2.98,O=C(Cn1cncn1)NCc1ccc(Oc2ccccc2)nc1
XS843932a,CC1=NC(C(=O)N2CCC(C2)NC=3C=CC=C(Cl)C3)=C4C=CC=CN14,2.518,O=C(c1ncn2ccccc12)N1CCC(Nc2ccccc2)C1
XS843929a,CC(C)(C)C(=O)NCC(=O)N1CCC=2SC=CC2C1C=3C=CC=CC3,0.854,c1ccc(C2NCCc3sccc32)cc1
XS843939a,CC=1C=CC(=CC1)C=2N=NN(CC(=O)NC(C)C(=O)N3CCCCC3)N2,1.642,O=C(Cn1nnc(-c2ccccc2)n1)NCC(=O)N1CCCCC1
XS465992b,CCOC=1C=CC(=CC1)C2CCCN2C(=O)NC=3C=CC=4OCOC4C3,3.682,O=C(Nc1ccc2c(c1)OCO2)N1CCCC1c1ccccc1
XS838976b,CC1CN(CCN1C=2N=CC=C(N2)C=3C=NC=CN3)C=4C=CC=C(F)C4,0.702,c1ccc(N2CCN(c3nccc(-c4cnccn4)n3)CC2)cc1
XS783080b,CC1C2=NN=C(C3CCCC3)N2CCN1C(=O)N(C)CC=4C=CC=CC4,4.936,O=C(NCc1ccccc1)N1CCn2c(nnc2C2CCCC2)C1
MR043164c,COC=1C=CC=C(C1)C(CO)NC(=O)C2=CNN=C2C=3C=CC=CC3F,4.094,O=C(NCc1ccccc1)c1c[nH]nc1-c1ccccc1
XS843933a,CCN1C(=O)N(CC(=O)NC2(C)CCS(=O)(=O)C2)C=3C=CC=CC31,0.82,O=C(Cn1c(=O)[nH]c2ccccc21)NC1CCS(=O)(=O)C1
XS840449b,CS(=O)(=O)CC(NC=1N=C2C=CC=CN2C1[N+]([O-])=O)C=3C=CC=CC3,0.542,c1ccc(CNc2cn3ccccc3n2)cc1
XS838327b,CC1=NN(C(C)=C1C2CCC(=O)N2)C=3C=CC=CC3S(=O)(=O)N(C)C,2.402,O=C1CCC(c2cnn(-c3ccccc3)c2)N1
XS836995b,CC1=C(C=NN1C=2C=CC(F)=CC2)C(C)NC=3C=C(N=CN3)N4C=CN=C4,0.932,c1ccc(-n2cc(CNc3cc(-n4ccnc4)ncn3)cn2)cc1
XS186260b,CCOC=1C=CC(=CC1)CC(=O)N(C)C(C)C=2C=CC(=CC2)N3C=NC=N3,0.724,O=C(Cc1ccccc1)NCc1ccc(-n2cncn2)cc1
XS841769b,COC=1C=C(C=C(Cl)C1O)C(=O)NC(C)C2=NC=3CCCCC3S2,3.57,O=C(NCc1nc2c(s1)CCCC2)c1ccccc1
XS843946a,CCCC(C)NC(=O)COC(=O)C=1C=C(N=C2C=CC=CC12)C3=CC=CO3,0.582,c1coc(-c2ccc3ccccc3n2)c1
XS146357b,O=C(C1CC(=O)N(CC=2C=CC=CC2)C1)N3CCN(CC3)C=4N=CC=CN4,2.118,O=C1CC(C(=O)N2CCN(c3ncccn3)CC2)CN1Cc1ccccc1
XS774508b,CC1=CC(=NO1)NC(=O)C(C)N2CCN(CC2)C=3C=CC(C#N)=CC3F,1.09,O=C(CN1CCN(c2ccccc2)CC1)Nc1ccon1
XS185209b,O=C(NC=1C=CN=CC1)C2CC(=O)N(C2)C=3C=CC=C(Br)C3,1.144,O=C(Nc1ccncc1)C1CC(=O)N(c2ccccc2)C1
XS843953a,CC=1C=CC(=CC1)C(=O)N(CC=2C=CC=C(F)C2)C3CCS(=O)(=O)C3,3.158,O=C(c1ccccc1)N(Cc1ccccc1)C1CCS(=O)(=O)C1
XS843952a,O=C(NCC(C1=CNC=2C=CC=CC12)C=3C=CC=CC3)N4CCCC54CC5,1.054,O=C(NCC(c1ccccc1)c1c[nH]c2ccccc12)N1CCCC12CC2
XS843944a,O=C(CC1(O)CCCCC1)N2CCCC(C2)C3=NC=4CCCCC4S3,0.672,O=C(CC1CCCCC1)N1CCCC(c2nc3c(s2)CCCC3)C1
XS837015c,O=C(C1=CC=2C=CC(F)=CC2S1)N3CCCCC3CCN4C=CN=N4,0.97,O=C(c1cc2ccccc2s1)N1CCCCC1CCn1ccnn1
XS837637b,NC=1N=CN(CC(=O)N2CCCC2C=3C=CC=C(C3F)C(F)(F)F)N1,2.884,O=C(Cn1cncn1)N1CCCC1c1ccccc1
XS843959a,CCNC(=O)C(C)OC(=O)C1=NN(C=2C=CC(F)=CC2)C=3CCCCCC13,2.144,c1ccc(-n2ncc3c2CCCCC3)cc1
XS838983b,CC(CC=1C=NN(C)C1)CN(CC=2C=CC(C#N)=CC2)C=3C=C(C#N)N=CN3,1.27,c1ccc(CN(CCCc2cn[nH]c2)c2ccncn2)cc1
XS545746b,O=C(N1CCC(C1)OCC=2C=CN=CC2)C3(CCOCC3)C=4C=CC=CC4,1.95,O=C(N1CCC(OCc2ccncc2)C1)C1(c2ccccc2)CCOCC1
DR001136c,CC=1C=CC=C(C1)C(CC(=O)NCC=2C=CC=3NCCOC3C2)NC(N)=O,2.424,O=C(CCc1ccccc1)NCc1ccc2c(c1)OCCN2
XS839464b,COC(=O)C1(CCN(C1)C2=NC(C#N)=CO2)C=3C=CC(Br)=CC3,0.636,c1ccc(C2CCN(c3ncco3)C2)cc1
XS840958b,CC(C=1C=CC(=CC1)S(C)(=O)=O)S(=O)(=O)NCC2=CC=C(C#N)O2,0.642,O=S(=O)(Cc1ccccc1)NCc1ccco1
XS662803b,CC(CNC(=O)C1=CSC(=N1)C=2C=NN(C)C2)N3CCC=4C=CC=CC43,0.518,O=C(NCCN1CCc2ccccc21)c1csc(-c2cn[nH]c2)n1
XS185284b,O=C(CC1=CSC(=N1)C=2C(Cl)=CC=CC2Cl)NCC3CCCO3,0.658,O=C(Cc1csc(-c2ccccc2)n1)NCC1CCCO1
XS843958a,CC1=NN(CC(=O)N2CCCCC2C)C(C)=C1S(=O)(=O)NC(C)(C)C,0.538,O=C(Cn1cccn1)N1CCCCC1
XS838307b,CC(C(=O)N1CCN(CC1)C=2C=CC=CC2S(N)(=O)=O)C=3C=CC=CN3,2.318,O=C(Cc1ccccn1)N1CCN(c2ccccc2)CC1
XS843962a,CCS(=O)(=O)N1N=C(CC1C=2C=CC3=NC=CN=C3C2)C4=CC=CS4,0.944,c1csc(C2=NNC(c3ccc4nccnc4c3)C2)c1
XS843974a,CN1C=CN=C1C(NC(=O)COC=2C=CC(C#N)=CC2Cl)C=3C=CC=CC3,1.068,O=C(COc1ccccc1)NC(c1ccccc1)c1ncc[nH]1
XS843979a,COCCOC=1C=CC(=CC1OC)C(C)NC(=O)CN2N=NC=3C=CC=CC32,0.426,O=C(Cn1nnc2ccccc21)NCc1ccccc1
XS843975a,COC1=CC(=CC(OC)=C1OC)C(=O)NC(C)C(=O)NC2=NC=C(C)S2,3.598,O=C(CNC(=O)c1ccccc1)Nc1nccs1
XS843972a,CCN1N=CC=2C=C(C(=O)N(C(C)C)C3CCCC=4C=CC=NC43)C(C)=NC21,1.55,O=C(NC1CCCc2cccnc21)c1cnc2[nH]ncc2c1
XS841518b,COC(=O)C1CCC2(CCC2)N(C1)C(=O)C=3N=CN4C3COC=5C=CC=CC54,0.728,O=C(c1ncn2c1COc1ccccc1-2)N1CCCCC12CCC2
XS838653b,O=C1NCCN1C=2C=C(C=CC2F)NC3CCOC4(CCC(F)(F)CC4)C3,0.54,O=C1NCCN1c1cccc(NC2CCOC3(CCCCC3)C2)c1
HL001122b,CC(NC(=O)C=1C=NN(C)C1CC=2C=CC=CC2)C=3C=CC(=CC3)C=4N=NNN4,6.78,O=C(NCc1ccc(-c2nn[nH]n2)cc1)c1cn[nH]c1Cc1ccccc1
XS518416b,CC1=C(C=NN1C)C(C)NC(=O)N2CCC(CC2)OC=3C=CC(F)=CC3F,0.426,O=C(NCc1cn[nH]c1)N1CCC(Oc2ccccc2)CC1
XS843978a,O=C(NCC=1C=CC=NC1N2C=NC=N2)C3CC(=O)N(CC=4C=CC=CN4)C3,5.962,O=C(NCc1cccnc1-n1cncn1)C1CC(=O)N(Cc2ccccn2)C1
XS843971a,CC(=O)N1CCN(CC1)S(=O)(=O)C2CCCN(C2)C(=O)C=3C=CC=CC3,2.828,O=C(c1ccccc1)N1CCCC(S(=O)(=O)N2CCNCC2)C1
XS179513d,CCN1CC(CN(C)C(=O)C=2C=NN3C(C)=CC(C)=NC23)OC=4C=CC=CC41,1.388,O=C(NCC1CNc2ccccc2O1)c1cnn2cccnc12
XS431184b,CC(C)CNC(=O)C(C)SC=1C=CC(=CN1)S(=O)(=O)N2CCOCC2,0.446,O=S(=O)(c1cccnc1)N1CCOCC1
XS843973a,CCC(=O)N1N=C(CC1C=2C=CC(C)=CC2)C=3C=CC=CC3NS(C)(=O)=O,22.594,c1ccc(C2=NNC(c3ccccc3)C2)cc1
XS841647b,CC(C1=CN(N=N1)C=2C=CC=CC2)N3C=C(N=N3)C=4C=CC=C(F)C4C(=O)O,0.776,c1ccc(-c2cn(Cc3cn(-c4ccccc4)nn3)nn2)cc1
XS833465b,COC=1C=CC(=C(C1)OC)C2CCCN2C(=O)C=3C=CC=4NC(=O)CCC4C3,0.92,O=C1CCc2cc(C(=O)N3CCCC3c3ccccc3)ccc2N1
XS843976a,CCN1CCN(C(=O)C=2C=C(C=3C=CC(OC)=C(C3)OC)N(C)N2)C(C)C1=O,7.082,O=C1CN(C(=O)c2cc(-c3ccccc3)[nH]n2)CCN1
XS843987a,CCC=1C=CC=CC1C(=O)NC=2C=CC=C3C(=O)N(CC23)C4CCC(=O)NC4=O,7.886,O=C1CCC(N2Cc3c(NC(=O)c4ccccc4)cccc3C2=O)C(=O)N1
XS843982a,CN1C(=CC=2C=CC=CC21)C(=O)NC(CC=3C=CC=CC3)C(=O)N4CCCCC4,1.664,O=C(NC(Cc1ccccc1)C(=O)N1CCCCC1)c1cc2ccccc2[nH]1
XS840346b,CC(C)C1C(=O)NCCN1C(=O)NC=2C=CN(N2)C=3N=CC=CC3C(F)(F)F,4.976,O=C1CN(C(=O)Nc2ccn(-c3ccccn3)n2)CCN1
XS843989a,CNC(=O)CN1C=2C=CC=CC2C(=O)N(C)C1C3=CC(Br)=CS3,0.716,O=C1NC(c2cccs2)Nc2ccccc21
XS843984a,O=C(NC=1C=CC(=CC1)C2=NN=C3CCCCCN23)C4COC=5C=CC=CC5O4,2.158,O=C(Nc1ccc(-c2nnc3n2CCCCC3)cc1)C1COc2ccccc2O1
XS515065b,COC=1C=CC(=CC1)C2(CNC(=O)C(C)N3CCC=4C=CC=CC43)CCOCC2,0.492,O=C(CN1CCc2ccccc21)NCC1(c2ccccc2)CCOCC1
XS838092b,O=C(C1CCCC1)N2CC(C2)S(=O)(=O)NC3CS(=O)(=O)C=4C=CC=CC43,1.394,O=C(C1CCCC1)N1CC(S(=O)(=O)NC2CS(=O)(=O)c3ccccc32)C1
XS843990a,O=C1C=2C=CC=C(NS(=O)(=O)C3=CC=CO3)C2CN1C4CCC(=O)NC4=O,5.088,O=C1CCC(N2Cc3c(NS(=O)(=O)c4ccco4)cccc3C2=O)C(=O)N1
XS843983a,CC(C)N1N=NC(C(=O)N2CCC(C2)NC=3C=CC=C(C#N)C3)=C1C(F)(F)F,1.634,O=C(c1c[nH]nn1)N1CCC(Nc2ccccc2)C1
XS843994a,CCCC(=O)NC1CCCN(C1)C(=O)C=2C=NN(C2C)C=3C=CC=C(Cl)C3,2.234,O=C(c1cnn(-c2ccccc2)c1)N1CCCCC1
XS844004a,CC(C)(C)C=1C=CC(=CC1)CCNC(=O)NC(CN2CCCC2=O)C=3C=CC=CC3,0.664,O=C(NCCc1ccccc1)NC(CN1CCCC1=O)c1ccccc1
XS844001a,CC12CCC(=O)N2C=3C=CC=CC3C(=O)N1CC(=O)N4CCN(CC4)C=5N=CC=CN5,9.004,O=C(CN1C(=O)c2ccccc2N2C(=O)CCC12)N1CCN(c2ncccn2)CC1
XS844006a,COC=1C=CC(=CC1)NC=2C=CC(=CC2)NC(=O)C3CC(=O)N(CC4=CC=CO4)C3,1.284,O=C(Nc1ccc(Nc2ccccc2)cc1)C1CC(=O)N(Cc2ccco2)C1
XS843998a,CC=1N=C(SC1C(=O)N(C)C2CCS(=O)(=O)C2)C=3C=CC(=CC3)C(F)(F)F,3.402,O=C(NC1CCS(=O)(=O)C1)c1cnc(-c2ccccc2)s1
XS844003a,CC=1C=CN2C(=O)C(=CN=C2C1)C(=O)NCC=3C=CC=CC3CN4CCCC(C)C4,0.846,O=C(NCc1ccccc1CN1CCCCC1)c1cnc2ccccn2c1=O
XS837585b,COC(=O)C1CC=2C=CC(Br)=CC2CN1CC3=CN4C=CC=C(F)C4=N3,10.586,c1ccc2c(c1)CCN(Cc1cn3ccccc3n1)C2
XS842357b,O=C(CC1COCCN1CC(F)(F)F)N2CCS(=O)(=O)C3(CCCCC3)C2,1.678,O=C(CC1COCCN1)N1CCS(=O)(=O)C2(CCCCC2)C1
XS840415b,COC(=O)C=1C=NC(NC(C)C2=CC=3C=CC=CC3O2)=C(C1)S(=O)(=O)N4CCOCC4,0.604,O=S(=O)(c1cccnc1NCc1cc2ccccc2o1)N1CCOCC1
XS841215b,CC1=CC=C(O1)C2CSCCN2C(=O)CC3=CSC(=N3)NC(=O)C=4C=COC4C,0.44,O=C(Nc1nc(CC(=O)N2CCSCC2c2ccco2)cs1)c1ccoc1
XS844011a,COC=1C=CC(=CC1)C(CNC(=O)C2=NN(C)C(=O)C=3C=CC=CC23)N4CCOCC4,2.398,O=C(NCC(c1ccccc1)N1CCOCC1)c1n[nH]c(=O)c2ccccc12
XS840404b,CC1=CC(=C(C)O1)C2=NN=C(CN(C)CC=3C(C)=NN(C3C)C4CCS(=O)(=O)C4)O2,0.986,O=S1(=O)CCC(n2cc(CNCc3nnc(-c4ccoc4)o3)cn2)C1
XS844018a,COC=1C=CC=C2CC(OC12)C(=O)OCC(=O)N3CCN(CC(=O)NC=4C(C)=CC=CC4C)CC3,12.474,O=C(CN1CCN(C(=O)COC(=O)C2Cc3ccccc3O2)CC1)Nc1ccccc1
XS840678b,COC=1C=CC(=CC1)C=2CC(C3=CC=CO3)N(N2)C(=O)COC(=O)C=4C(C)=NOC4N,3.21,O=C(OCC(=O)N1N=C(c2ccccc2)CC1c1ccco1)c1cnoc1
XS844008a,CC(C)NC(=O)NCC=1C=CC(=CC1)C(=O)NCC(C)C2=NC=3C=CC=CC3N2C(F)F,1.136,O=C(NCCc1nc2ccccc2[nH]1)c1ccccc1
XS844016a,CCN(CC)S(=O)(=O)C=1C=CC(Cl)=C(C1)NC(=O)C(C)N2CCC=3C=CC=CC32,0.83,O=C(CN1CCc2ccccc21)Nc1ccccc1
XS839003b,CN1C(=O)N(C=2C=C(C=CC21)NS(=O)(=O)CC=3C=CC=CC3)C4CCC(=O)NC4=O,2.858,O=C1CCC(n2c(=O)[nH]c3ccc(NS(=O)(=O)Cc4ccccc4)cc32)C(=O)N1
XS841367b,O=S1(=O)NC(CN2CCOCC2C=3C=CC(=CC3)C(F)(F)F)=NC=4C=CC=CC41,0.446,O=S1(=O)NC(CN2CCOCC2c2ccccc2)=Nc2ccccc21
XS390915b,CC(C1=NC=2C=CC=CC2C(=O)N1)N3CCCN(CC3)S(=O)(=O)C=4C=CC(F)=CC4,0.698,O=c1[nH]c(CN2CCCN(S(=O)(=O)c3ccccc3)CC2)nc2ccccc12
XS842681b,CN1C(=NC=2C=CC=CC21)C3CCCCN3C(=O)CCCOC=4C=CC=5NC(=O)CCC5C4,3.258,O=C1CCc2cc(OCCCC(=O)N3CCCCC3c3nc4ccccc4[nH]3)ccc2N1
XS840373b,[O-][N+](=O)C=1C=C(Cl)C=CC1NC(=O)CN(CC2=CC=CO2)C3CCS(=O)(=O)C3,0.81,O=C(CN(Cc1ccco1)C1CCS(=O)(=O)C1)Nc1ccccc1
XS844013a,CC(C)C1=NOC(=N1)C(C)N2CCN(CC2)S(=O)(=O)C3=CC=C(Br)S3,0.678,O=S(=O)(c1cccs1)N1CCN(Cc2ncno2)CC1
XS844017a,CCCC=1C=CC(=CC1)S(=O)(=O)NC=2C=CC=3C(=O)N(CC3C2)C4CCC(=O)NC4=O,9.72,O=C1CCC(N2Cc3cc(NS(=O)(=O)c4ccccc4)ccc3C2=O)C(=O)N1
XS715214b,CC1C=2C=CC=CC2CCN1C=3C=NC(C#N)=CN3,1.658,c1ccc2c(c1)CCN(c1cnccn1)C2
XS844024a,CC1=CSC(=N1)SC2CCCCNC2=O,2.548,O=C1NCCCCC1Sc1nccs1
XS840087b,CN(C)C(=O)N1CCCC2(CCO2)CC1,0.502,C1CNCCC2(C1)CCO2
XS844033a,CNC(=O)C1CC(=O)N(C1)C=2C=CC(F)=CC2,2.256,O=C1CCCN1c1ccccc1
XS838131b,CC1=NSC(=N1)NC2CC32CCCC3,1.07,c1nsc(NC2CC23CCCC3)n1
XS844039a,O=C(NCC=1C=CC=CC1)C2CCOC=3C=CC=CC32,0.786,O=C(NCc1ccccc1)C1CCOc2ccccc21
XS177501c,O=C(NCC1CCCO1)C=2C=CC=C3C=CC=NC23,1.354,O=C(NCC1CCCO1)c1cccc2cccnc12
XS844044a,CC(=O)N1C=2C=CC(=CC2CC1C)S(N)(=O)=O,0.488,c1ccc2c(c1)CCN2
XS569891b,CN1CC(CC1=O)C(=O)NC=2C=CC(Cl)=C(F)C2,0.756,O=C1CC(C(=O)Nc2ccccc2)CN1
XS844046a,CCC1CN(CCO1)C(=O)C2=CC=CC3=NN=CN23,1.3,O=C(c1cccc2nncn12)N1CCOCC1
XS844043a,CC(C1=CC=CS1)N(C)C(=O)C=2C=CC(O)=NC2,1.148,O=C(NCc1cccs1)c1cccnc1
XS844042a,O=C1CCC2CN(CCN12)C=3N=CN=C4NC=CC34,0.638,O=C1CCC2CN(c3ncnc4[nH]ccc34)CCN12
XS844040a,CC1CNC=2C=CC=CC2N(CC=3C=CC=CC3)C1=O,1.806,O=C1CCNc2ccccc2N1Cc1ccccc1
XS844049a,CN(C(=O)C1=CC=CS1)C2CCS(=O)(=O)C2,4.436,O=C(NC1CCS(=O)(=O)C1)c1cccs1
XS622274b,O=C(O)C1CCN(C1)C(=O)C2=CC=3C=CC=CC3S2,0.426,O=C(c1cc2ccccc2s1)N1CCCC1
XS844053a,CC1CCN(C1)C(=O)C2=CN(C)N=C2C3CCCCC3,5.122,O=C(c1c[nH]nc1C1CCCCC1)N1CCCC1
XS844055a,CN(C(=O)C1CC(=O)N(C1)C2CCCC2)C3CCCC3,6.226,O=C(NC1CCCC1)C1CC(=O)N(C2CCCC2)C1
XS844060a,CCCNC(=O)C(C)NC(=O)NC=1C=CC=CC1CC,1.364,c1ccccc1
XS844056a,CCOC=1N=CC=CC1C(=O)OC(C)C(=O)NC2CC2,1.888,O=C(COC(=O)c1cccnc1)NC1CC1
XS582257b,CNC(=O)NC(=O)C(C)SCC=1C=CC=C(C1)OC,1.406,c1ccccc1
XS603964b,CC=1C=C(NC(=O)C2CC=3C=CC=CC3C(=O)O2)N(C)N1,1.008,O=C1OC(C(=O)Nc2ccn[nH]2)Cc2ccccc21
XS818931b,CC1=CC(=NO1)C2CCCN2C(=O)NC=3C=CC=C(C)C3,2.644,O=C(Nc1ccccc1)N1CCCC1c1ccon1
XS388677b,O=S(=O)(C=1C=CC=CC1)N2CCCC(C2)C(F)(F)F,0.524,O=S(=O)(c1ccccc1)N1CCCCC1
XS844077a,O=C(NCC=1C=CC=2OCCC2C1)C3CC=4C=CC=CC4O3,0.978,O=C(NCc1ccc2c(c1)CCO2)C1Cc2ccccc2O1
XS844068a,CCC(CNC(=O)NC1=CC(C)=NN1C)C=2C=CC=CC2,1.228,O=C(NCCc1ccccc1)Nc1ccn[nH]1
XS841085b,CN(CC12CCC(CC1)C2)C(=O)CC3C=CS(=O)(=O)C3,0.938,O=C(CC1C=CS(=O)(=O)C1)NCC12CCC(CC1)C2
XS580838b,O=C(C1CCC(=O)NC1)N2CCN(CC2)C=3N=CC=CN3,4.402,O=C1CCC(C(=O)N2CCN(c3ncccn3)CC2)CN1
XS844076a,O=C(NC1CCCNC1=O)C2=CC=3C(F)=CC=CC3S2,0.852,O=C(NC1CCCNC1=O)c1cc2ccccc2s1
XS185697b,N#CC=1C=CC(=CC1)NC(=O)N2CCCC2C=3C=CC=NC3,1.57,O=C(Nc1ccccc1)N1CCCC1c1cccnc1
XS837450b,CC(C=1C=C(Cl)C=CC1Cl)N2CCN3N=CN=C3C2,0.856,c1ccc(CN2CCn3ncnc3C2)cc1
XS844081a,CN1C=CN=C1SC2CCN(C2=O)C=3SC=CC3C#N,1.756,O=C1C(Sc2ncc[nH]2)CCN1c1cccs1
XS838420b,CC(C1CCC1)N2NC(=O)CC3(CC=4C=CC=CC4C3)C2=O,0.564,O=C1CC2(Cc3ccccc3C2)C(=O)N(CC2CCC2)N1
XS841779b,CC(C)C(NC(=O)C1=COC=2C=C(O)C=CC12)C3=CNN=N3,0.786,O=C(NCc1c[nH]nn1)c1coc2ccccc12
XS844092a,COC=1C=CC(=CN1)NC(=O)NCC2CC=3C=CC=CC3O2,0.524,O=C(NCC1Cc2ccccc2O1)Nc1cccnc1
XS844080a,CC=1C=CC=C(NC(C)C(=O)NC=2C=CC(Cl)=CN2)C1C,0.476,O=C(CNc1ccccc1)Nc1ccccn1
XS842423b,COCCN(C)C(=O)C(C)C1=CC=C(Br)S1,0.582,c1ccsc1
XS844085a,CC=1C=CC(=CN1)C(=O)OC(C)C(=O)NCC=2C=CC=CC2,0.426,O=C(COC(=O)c1cccnc1)NCc1ccccc1
XS838071b,CN1C=C(N=N1)NC(=O)NC(C=2C=CC=CC2)C(F)(F)F,0.636,O=C(NCc1ccccc1)Nc1c[nH]nn1
XS838128b,O=C(C=1C=NN2CCCCC12)N3CCCC4(CNC(=O)C4)C3,8.58,O=C1CC2(CCCN(C(=O)c3cnn4c3CCCC4)C2)CN1
XS844102a,ClC=1C=CC(=CC1)C2C=C(NC3=NN=NN32)C=4C=CN=CC4,0.722,C1=C(c2ccncc2)Nc2nnnn2C1c1ccccc1
XS844097a,O=C(NCC1(CC1)C=2C=CC(Cl)=CC2)C3CCNC(=O)C3,2.06,O=C1CC(C(=O)NCC2(c3ccccc3)CC2)CCN1
XS808755b,CC1=CC(=NN1)C2CCCN(C2)C(=O)C=3C=CN=C(N3)C4CC4,0.492,O=C(c1ccnc(C2CC2)n1)N1CCCC(c2cc[nH]n2)C1
XS838422b,CC1=NN=C(O1)C(C)N2C=C(CN3C=CC=4C=CC=CC43)N=N2,1.048,c1ccc2c(c1)ccn2Cc1cn(Cc2nnco2)nn1
XS839922b,O=C(NCC1CCC=2C=CC=CC2N1)C=3C=CN4C=NC=C4C3,1.122,O=C(NCC1CCc2ccccc2N1)c1ccn2cncc2c1
XS716325b,CC=1C=C(ON1)C(=O)NC(CN2CCCC2=O)C=3C=CC=CC3,1.788,O=C(NC(CN1CCCC1=O)c1ccccc1)c1ccno1
XS422083b,CC1C=2C=CSC2CCN1C(=O)COC=3C=CC(C#N)=CC3,0.784,O=C(COc1ccccc1)N1CCc2sccc2C1
XS837584b,O=C(NNC(=O)C1CC=2C=CC=CC2O1)C3=CN=C(O3)C4CC4,0.876,O=C(NNC(=O)C1Cc2ccccc2O1)c1cnc(C2CC2)o1
XS838276b,C1=CSC(=C1)C=2C=NC=C(N2)NCC3COC=4C=CC=CC43,1.602,c1csc(-c2cncc(NCC3COc4ccccc43)n2)c1
XS726467b,COC=1C=CC=C(C1)N2CC(CC2=O)NC(=O)C=3C=CC=CC3,0.828,O=C(NC1CC(=O)N(c2ccccc2)C1)c1ccccc1
XS837962b,O=S1(=O)CCC2(C1)CN(CCO2)C=3C(F)=CN=CC3Cl,1.428,O=S1(=O)CCC2(CN(c3ccncc3)CCO2)C1
XS844113a,COC(=O)C=1C=CC(=CC1)OCC(=O)N2CCCC(C2)C(N)=O,1.032,O=C(COc1ccccc1)N1CCCCC1
XS841768b,CC(NC(=O)C=1OC=C2CCCC12)(C(=O)O)C=3C=CC(F)=CC3,0.56,O=C(NCc1ccccc1)c1occ2c1CCC2
XS525094b,CN1C=CC(=N1)NC(=O)NC2CCCN(C2)C=3C=CC=CC3F,1.418,O=C(Nc1cc[nH]n1)NC1CCCN(c2ccccc2)C1
XS328610b,O=C(C1COC=2C=CC=CC2O1)N3CC(C3)C=4C=C(CO)ON4,0.524,O=C(C1COc2ccccc2O1)N1CC(c2ccon2)C1
XS844108a,O=C(NC=1C=CC(F)=CN1)N2CCOC(CC=3C=CC=CC3)C2,0.406,O=C(Nc1ccccn1)N1CCOC(Cc2ccccc2)C1
XS836663b,CCOC1=NN=C(CN2CC(CC=3C=CC=CC32)C(N)=O)S1,0.392,c1ccc2c(c1)CCCN2Cc1nncs1
XS654029b,CC1=NN(C)C(C)=C1CCC(=O)N2CCCC(C2)N3C=NC=N3,1.25,O=C(CCc1cn[nH]c1)N1CCCC(n2cncn2)C1
XS840142b,CC=1N=C(NC(=O)C1C)C=2C=CC(=NC2)N3CCCC(C)(F)C3,7.21,O=c1ccnc(-c2ccc(N3CCCCC3)nc2)[nH]1
XS394893b,CC(NC(=O)C=1C=CC(=CC1)N2CCCC2=O)C3=CC=CS3,0.68,O=C(NCc1cccs1)c1ccc(N2CCCC2=O)cc1
XS844123a,CCOC(=O)C1=NN(CC2CCCOC2)C(C(=O)OCC)=C1C,2.804,c1cnn(CC2CCCOC2)c1
XS816070b,CC(C)CNC(=O)C(C)NC=1C=CC(F)=C(C1)NC(=O)C2CC2,1.026,O=C(Nc1ccccc1)C1CC1
XS838648b,COC=1C=CC(=CC1OC(F)F)NC(C)C2CS(=O)(=O)C2,0.66,O=S1(=O)CC(CNc2ccccc2)C1
XS474522b,O=C(C=1C=CC=2OCC(=O)NC2C1)N3CCCC(C3)N4C=CC=N4,1.134,O=C1COc2ccc(C(=O)N3CCCC(n4cccn4)C3)cc2N1
XS844119a,CC(C)C(NC(=O)CN1C=NC=2C=CC=CC21)C=3C=CC(F)=CC3,0.76,O=C(Cn1cnc2ccccc21)NCc1ccccc1
XS839750b,CC(C1=NC=2C=CC=CC2S1)N(C)CC=3N=NSC3Cl,0.536,c1ccc2sc(CNCc3csnn3)nc2c1
XS840421b,CC(OC(=O)C=1C=CC=CC1C=2C=CC=CC2C#N)C(=O)N(C)C,2.172,c1ccc(-c2ccccc2)cc1
XS844117a,O=C(CC=1C=CC=2CCCCC2C1)N3CCCC(C3)N4C=NC=N4,0.84,O=C(Cc1ccc2c(c1)CCCC2)N1CCCC(n2cncn2)C1
XS840655b,C#CCN(C(=O)NC=1C=CC=NC1OC)C2CCC=3C=CC=CC32,0.55,O=C(Nc1cccnc1)NC1CCc2ccccc21
XS844125a,CN1C=NN=C1C2CCCN(C2)S(=O)(=O)C=3C=CC=CC3N,0.446,O=S(=O)(c1ccccc1)N1CCCC(c2nnc[nH]2)C1
XS330370b,COCC1(CCCN1C(=O)C2=CC(=NN2C)C(C)(C)C)C(N)=O,1.704,O=C(c1ccn[nH]1)N1CCCC1
XS840334b,O=C(NCC1OC(=O)CC21CCC2)NC=3C=CC4=CC=CC=C4N3,2.9,O=C(NCC1OC(=O)CC12CCC2)Nc1ccc2ccccc2n1
XS839184b,COCC1C=CCCN1C(=O)NCC=2C=CC(OC)=C(C2)OC,1.994,O=C(NCc1ccccc1)N1CC=CCC1
XS844120a,CC(NC(=O)C=1C=CC=CC1)C(=O)NCC2(CC2)C=3C=CC=CC3,1.656,O=C(CNC(=O)c1ccccc1)NCC1(c2ccccc2)CC1
XS844118a,O=S(=O)(C1=CNC=2C=CC=C(F)C12)N3CCOC(C3)C4CC4,0.998,O=S(=O)(c1c[nH]c2ccccc12)N1CCOC(C2CC2)C1
XS803664b,CC(C)C1=CSC(=N1)NC(=O)C2CCCN(C2)C=3C=NC=CN3,0.86,O=C(Nc1nccs1)C1CCCN(c2cnccn2)C1
XS585644b,CC(=O)NC1(CCN(C1)C=2C=CC(C#N)=CC2F)C3=NC(C)=NO3,1.28,c1ccc(N2CCC(c3ncno3)C2)cc1
PK014822b,CC=1C=CC(=CC1NCC(=O)N2CCCC(C)C2)NC(=O)C3CC3,0.778,O=C(Nc1cccc(NCC(=O)N2CCCCC2)c1)C1CC1
XS844139a,CC=1C=CC=C2C(=O)NC(NC12)C3=CSC(=N3)C=4C=CSC4,0.824,O=C1NC(c2csc(-c3ccsc3)n2)Nc2ccccc21
XS844135a,COC=1N=CC=CC1C(=O)NC(C)C=2C=CC=3OCC(=O)NC3C2,1.328,O=C1COc2ccc(CNC(=O)c3cccnc3)cc2N1
XS840555b,CC(OC(=O)C1=CC=CO1)C(=O)NC=2N=CC(Cl)=CC2Cl,3.48,O=C(COC(=O)c1ccco1)Nc1ccccn1
XS844140a,CC(C)CCOC=1C=CC(=CC1)C(C)NC(=O)CCN2C=NC=N2,2.874,O=C(CCn1cncn1)NCc1ccccc1
XS844132a,CCN1N=NC=2C=C(C=CC21)C(=O)OC(C)C(=O)NC3CCCC3,0.526,O=C(COC(=O)c1ccc2[nH]nnc2c1)NC1CCCC1
XS605855b,CC(=O)N1CCC=2C=C(C=CC21)NC(C)C(=O)NC=3C=C(C)ON3,2.504,O=C(CNc1ccc2c(c1)CCN2)Nc1ccon1
XS844137a,CC(=O)NC1CCCN(C1)C(=O)C=2C=CC(=CC2)SC(F)F,0.426,O=C(c1ccccc1)N1CCCCC1
XS844130a,O=C(C=1C=CC(=NN1)N2CCCC2)N3CCCC(C3)N4C=CC=N4,3.296,O=C(c1ccc(N2CCCC2)nn1)N1CCCC(n2cccn2)C1
XS516107b,CC=1C=CC(C#N)=CC1S(=O)(=O)N2CCCC2C3=NN=CN3C,1.502,O=S(=O)(c1ccccc1)N1CCCC1c1nnc[nH]1
XS844133a,CCNC(=O)CC1CCCCN1C(=O)C2=CC=3N=C(C)C=CC3O2,0.312,O=C(c1cc2ncccc2o1)N1CCCCC1
XS844129a,O=C(C1=CN=C2SC=CN2C1=O)N3CCCC(C3)N4C=CC=N4,2.858,O=C(c1cnc2sccn2c1=O)N1CCCC(n2cccn2)C1
XS840941b,CN1CC(CC1=O)C(=O)N2CCC3(CCC=4C=CC=CC4O3)CC2,5.888,O=C1CC(C(=O)N2CCC3(CCc4ccccc4O3)CC2)CN1
XS844136a,COC=1C=C(C=CC1O)CNC(=O)NC2COC=3C=CC=CC3C2,0.406,O=C(NCc1ccccc1)NC1COc2ccccc2C1
XS697655b,COC=1C=CC=2NC=C(CCNC(=O)C3CC=4C=CC=CC4O3)C2C1,0.564,O=C(NCCc1c[nH]c2ccccc12)C1Cc2ccccc2O1
XS844141a,CC=1C=CC=C2SC(=NC12)NC(=O)NC3CC(=O)N(C3)C(C)C,4.714,O=C1CC(NC(=O)Nc2nc3ccccc3s2)CN1
XS844146a,CC1=C(SC=2N=C(C)NC(=O)C12)C(=O)OC(C)C(=O)NC3CC3,1.666,O=C(COC(=O)c1cc2c(=O)[nH]cnc2s1)NC1CC1
XS844151a,NC(=O)C1CCN(C1)C(=O)C2=CC=C(S2)C=3C=CC(Cl)=CC3,4.718,O=C(c1ccc(-c2ccccc2)s1)N1CCCC1
XS842441b,CC=1C=CC(C)=C(C1)C(=O)N2CCN(CC2)C(C#N)C=3C=CC=CC3,1.082,O=C(c1ccccc1)N1CCN(Cc2ccccc2)CC1
XS841286b,O=C(CC1=CC=CO1)NC2CC(=O)N(C2)C=3C=CC(Cl)=C(F)C3,2.498,O=C(Cc1ccco1)NC1CC(=O)N(c2ccccc2)C1
XS838740b,CC(C=1C=CC(F)=CC1)S(=O)(=O)N(C)CC=2C=CC(C#N)=NC2,0.494,O=S(=O)(Cc1ccccc1)NCc1cccnc1
XS844144a,O=C(NC1CC2(CCC2)OC=3C=CC=CC31)C4=NC=CN5C=CN=C45,1.858,O=C(NC1CC2(CCC2)Oc2ccccc21)c1nccn2ccnc12
XS840335b,COC(=O)CC1CN(C(=O)C=2C=CC(=NN2)N(C)C)C3(CC3)CO1,1.934,O=C(c1cccnn1)N1CCOCC12CC2
XS841232b,CC1(C)CN(CC=2C=CC(F)=CC21)C(=O)CC3C=CS(=O)(=O)C3,1.27,O=C(CC1C=CS(=O)(=O)C1)N1CCc2ccccc2C1
XS844166a,CC1=CC(C)=CC(=C1)C2(CC2)C(=O)NC3CCCC=4NC(=O)C=CC43,4.642,O=C(NC1CCCc2[nH]c(=O)ccc21)C1(c2ccccc2)CC1
XS844162a,CC(=O)NC=1C=CC=CC1OCC(=O)NC2CCCC=3C=CC=CC32,0.444,O=C(COc1ccccc1)NC1CCCc2ccccc21
XS844169a,COC(=O)C=1C=CC(=CC1)S(=O)(=O)NC(C)C(=O)N2CCCC2,0.826,O=C(CNS(=O)(=O)c1ccccc1)N1CCCC1
XS844157a,CC1=CC(=NO1)NC(=O)C(C)NC=2C=CC(Br)=C(C)C2,0.998,O=C(CNc1ccccc1)Nc1ccon1
XS844161a,CC1=CC=NC2=NC(=NN12)C(=O)OC(C)C(=O)NCC=3C=CC=CC3,0.962,O=C(COC(=O)c1nc2ncccn2n1)NCc1ccccc1
XS844164a,O=C(NC1CCCN(C1)C=2N=CC=CN2)C3=CC=4CCCC4NC3=O,5.62,O=C(NC1CCCN(c2ncccn2)C1)c1cc2c([nH]c1=O)CCC2
XS844159a,CC(C)C1=CC(=NO1)C(=O)N2CCCCC2C3=CC=4C=CC=CC4N3,2.892,O=C(c1ccon1)N1CCCCC1c1cc2ccccc2[nH]1
XS839947b,O=C(NCC=1C=CC2=CC=CC=C2C1)NC3CCCC43CCOCC4,1.692,O=C(NCc1ccc2ccccc2c1)NC1CCCC12CCOCC2
XS844165a,CC1=CC=C(C(=O)N2CCCC2C=3C=CC=4OCCOC4C3)C(=O)N1,16.644,O=C(c1ccc[nH]c1=O)N1CCCC1c1ccc2c(c1)OCCO2
XS844160a,CC=1C(F)=CC=CC1S(=O)(=O)N2CCCC(CN3C=NC=N3)C2,4.396,O=S(=O)(c1ccccc1)N1CCCC(Cn2cncn2)C1
XS839586b,CN(C)C(=O)N1CCN(C(=O)C(F)OC=2C=CC=NC2)C(C)(C)C1,2.004,O=C(COc1cccnc1)N1CCNCC1
XS844178a,CCN(CC)C=1C=CC(=CN1)C(=O)N2CCCC(C2)C3=NC(C)=NO3,0.568,O=C(c1cccnc1)N1CCCC(c2ncno2)C1
XS841544b,CN1N=NC=2CC(CCC21)NC(=O)N3CCN4N=C(C=C4C3)C5CC5,2.598,O=C(NC1CCc2[nH]nnc2C1)N1CCn2nc(C3CC3)cc2C1
XS836924b,CCCCS(=O)(=O)NCC(=O)N1CC(C)OC=2C=C(F)C=CC21,11.998,c1ccc2c(c1)NCCO2
XS844174a,COC1=CC(OC)=C(C=C1C(=O)NC2CCCC=3C=CC=CC32)OC,1.036,O=C(NC1CCCc2ccccc21)c1ccccc1
XS844173a,COC=1C=CC(C(=O)NC2CCC=3NN=CC3C2)=C(C1)OCC4CC4,1.196,O=C(NC1CCc2[nH]ncc2C1)c1ccccc1OCC1CC1
XS732190b,CC=1N=C(C)N(N1)C2CCCN(C2)C(=O)C=3C=CC(=NC3)NC4CC4,3.302,O=C(c1ccc(NC2CC2)nc1)N1CCCC(n2cncn2)C1
XS841991b,CC1=CSC(=N1)C(NC(=O)C=2C=C3C(=O)NC=NC3=CN2)C4CC4,2.098,O=C(NC(c1nccs1)C1CC1)c1cc2c(=O)[nH]cnc2cn1
XS844172a,COCC(C)NC(=O)C=1C=CC=2C(=O)N3CCCCCCC3=NC2C1,0.456,O=c1c2ccccc2nc2n1CCCCCC2
XS844175a,CC1=C(SC=2N=C(C)N=C(C)C12)C(=O)NC(C)CCC3=CC=CO3,0.568,O=C(NCCCc1ccco1)c1cc2cncnc2s1
XS837070b,CCCCN(C)S(=O)(=O)N1CC(OC=2C=CC=CC21)C(=O)NC,2.564,c1ccc2c(c1)NCCO2
XS694601b,CC(NC(=O)C=1C=CC=2SCCC(=O)NC2C1)C=3C=CC(F)=CC3,0.932,O=C1CCSc2ccc(C(=O)NCc3ccccc3)cc2N1
XS839979b,COCC1=NNC(=N1)C2CCCCN2C=3C=CC(=NN3)C(F)(F)F,1.438,c1cnnc(N2CCCCC2c2ncn[nH]2)c1
XS844179a,O=C(CCNC(=O)C1CC=2C=CC=CC2S1)NCC=3C=CC=NC3,0.778,O=C(CCNC(=O)C1Cc2ccccc2S1)NCc1cccnc1
XS838255b,O=S1(=O)CCCC(COC=2C=C(N=CN2)NCC=3C=CC=CC3)C1,1.342,O=S1(=O)CCCC(COc2cc(NCc3ccccc3)ncn2)C1
XS844184a,CC=1N=CC=2CC(CCC2N1)NC(=O)C=3C=C(Cl)C=4OCOC4C3,1.304,O=C(NC1CCc2ncncc2C1)c1ccc2c(c1)OCO2
XS556005b,O=C(CNC(=O)C=1C=CC=C(Cl)C1)N2CCCCC2C=3N=CNN3,1.028,O=C(NCC(=O)N1CCCCC1c1nc[nH]n1)c1ccccc1
XS844191a,CC=1C=C(C(=O)NCC(C)C2CC2)C3=CC(Br)=CC=C3N1,0.564,O=C(NCCC1CC1)c1ccnc2ccccc12
XS844186a,O=C(NC=1C=CC=CC1N2C=CC=N2)C3CC(=O)N(C3)C=4C=CC=CC4,2.656,O=C(Nc1ccccc1-n1cccn1)C1CC(=O)N(c2ccccc2)C1
XS844185a,CC(C)CN1CC(CC1=O)C(=O)NCCOC=2C=CC=3OCOC3C2,6.074,O=C1CC(C(=O)NCCOc2ccc3c(c2)OCO3)CN1
XS844188a,CN(CC(=O)N1N=C(CC1C2=CC=CO2)C3=CC=CO3)C=4C=CC=CC4,4.18,O=C(CNc1ccccc1)N1N=C(c2ccco2)CC1c1ccco1
XS423376b,CN1C=C(C=N1)C(NC(=O)N2CCCC(C)(C)C2)C=3C=CC(F)=CC3,1.262,O=C(NC(c1ccccc1)c1cn[nH]c1)N1CCCCC1
XS839983b,CC=1C=CC=C(NC(=O)NC(C)CS(C)(=O)=O)C1Br,0.39,c1ccccc1
XS841796b,CN1C=C(C=N1)C2=CC=C(S2)C3NC(C)(C)C(=O)N3CC(C)(C)C,1.636,O=C1CNC(c2ccc(-c3cn[nH]c3)s2)N1
XS794456b,COC1=CN(N=C1C(=O)NCC2CCS(=O)(=O)C2)C=3C=CC=CC3,1.286,O=C(NCC1CCS(=O)(=O)C1)c1ccn(-c2ccccc2)n1
XS844205a,N#CC=1C=CC=C(C1)NC2CCN(C2)C(=O)C3=NNC=4CCSCC34,1.744,O=C(c1n[nH]c2c1CSCC2)N1CCC(Nc2ccccc2)C1
XS838936b,CC(C)N(CC1=NN=C(O1)C=2C=CC=CC2)C(=O)C(C)S(C)(=O)=O,1.634,c1ccc(-c2nnco2)cc1
XS844198a,O=C(C=1C=CC=2OCOC2C1)N3CCCC3C4=NC=5C=CC=CC5S4,6.216,O=C(c1ccc2c(c1)OCO2)N1CCCC1c1nc2ccccc2s1
XS795826b,COC=1C=CC=CC1CN(C)C(=O)CCC2CC=3C=CC=CC3NC2=O,0.876,O=C(CCC1Cc2ccccc2NC1=O)NCc1ccccc1
XS841361b,O=C(C=1C=CC(=CC1)C2=NN=NN2)N3CCCCC(C3)C4CCOCC4,0.9,O=C(c1ccc(-c2nnn[nH]2)cc1)N1CCCCC(C2CCOCC2)C1
XS844207a,CC1CCCN(C1)C(=O)CN2C=NC3=C(C=NN3C=4C=CC=CC4)C2=O,1.038,O=C(Cn1cnc2c(cnn2-c2ccccc2)c1=O)N1CCCCC1
XS844192a,CN(C(=O)C1=CC=C(O1)C=2C=CC=CC2Cl)C3CCS(=O)(=O)C3,3.15,O=C(NC1CCS(=O)(=O)C1)c1ccc(-c2ccccc2)o1
XS844197a,O=C(O)C(CC1=CNC=2C=CC=CC12)NC(=O)NCC=3C=CC(F)=CC3,0.51,O=C(NCCc1c[nH]c2ccccc12)NCc1ccccc1
XS844200a,CC1=C(C=CN1CC=2C=CC=CC2)C(=O)N3CCC(O)(C3)C(F)(F)F,0.446,O=C(c1ccn(Cc2ccccc2)c1)N1CCCC1
XS747397b,CC=1C=CC(C)=C(C1)NC(=O)CN2CCCC(C2)C3=NN=CN3C4CC4,1.57,O=C(CN1CCCC(c2nncn2C2CC2)C1)Nc1ccccc1
XS058229c,FC(F)(F)C1=NN=C2C=CC(=NN12)NC3CCN(CC=4C=CC=CC4)C3,15.89,c1ccc(CN2CCC(Nc3ccc4nncn4n3)C2)cc1
XS837700b,CN1C=NC=2C(=NNC2C1=O)C(=O)N3CCOCC3C=4C=CC=CC4F,10.0,O=C(c1n[nH]c2c(=O)[nH]cnc12)N1CCOCC1c1ccccc1
XS844225a,CCOC(=O)C1=C(COC(=O)C2=CC=CO2)NC(=O)NC1C3=CC=CO3,0.934,O=C1NC(COC(=O)c2ccco2)=CC(c2ccco2)N1
XS844219a,CC=1C=CC(=CC1Cl)NC(=O)C(C=2C=CC=CC2)N3CCN(C)CC3,9.8,O=C(Nc1ccccc1)C(c1ccccc1)N1CCNCC1
XS844222a,CC1=NC=2C=C(C=CC2O1)NC(C)C(=O)NC=3C=CC(=CC3)C(F)(F)F,0.464,O=C(CNc1ccc2ocnc2c1)Nc1ccccc1
XS844215a,CC=1C=CC(=CC1C)SCCNC(=O)C2CCCN(C2)C(=O)C(C)C,1.366,O=C(NCCSc1ccccc1)C1CCCNC1
XS844221a,O=C1CSC(C2=CN(N=C2C=3C=CC=CC3)C=4C=CC=CC4)N1CCO,1.83,O=C1CSC(c2cn(-c3ccccc3)nc2-c2ccccc2)N1
XS844212a,CCN(CC=1C=CC=2OCOC2C1)C(=O)C(C)CC=3C(C)=NN(C)C3C,0.686,O=C(CCc1cn[nH]c1)NCc1ccc2c(c1)OCO2
XS441117b,CC1=NNC(C)=C1C2CCCN2C(=O)NC=3C=C(Cl)C=C4CCOC34,1.81,O=C(Nc1cccc2c1OCC2)N1CCCC1c1cn[nH]c1
XS428127b,O=C1C(CCN1CC=2C=CC=CC2)NS(=O)(=O)C=3C=CC(F)=CC3F,2.952,O=C1C(NS(=O)(=O)c2ccccc2)CCN1Cc1ccccc1
XS841430b,CCN(CC(C)C#N)S(=O)(=O)N1CC=2C=CC=CC2C=3C=CC=CC3C1,0.684,c1ccc2c(c1)CNCc1ccccc1-2
XS837188b,CN(CCN1C=C(C=CC1=O)[N+]([O-])=O)C2CCCN(C=3C=CC=CC3)C2=O,1.382,O=C1C(NCCn2ccccc2=O)CCCN1c1ccccc1
XS844230a,CC=1C=CC(=CC1)OC(C)C(=O)NCC=2C=CC(=CC2)C(=O)N3CCCC3,0.53,O=C(COc1ccccc1)NCc1ccc(C(=O)N2CCCC2)cc1
XS844236a,COCC=1C=CC(=CC1)C(=O)N2CCCC(C2)C(=O)NC=3C=CC(C)=CN3,2.3,O=C(Nc1ccccn1)C1CCCN(C(=O)c2ccccc2)C1
XS838018b,O=C(CC1CCCCC1)N2CCCN(CC2)C(=O)C3CCS(=O)(=O)N3,2.066,O=C(CC1CCCCC1)N1CCCN(C(=O)C2CCS(=O)(=O)N2)CC1
XS814389b,CC1=NC=2C=C(C=CC2O1)NC(C)C(=O)NC=3C=CC(=CC3)S(N)(=O)=O,0.738,O=C(CNc1ccc2ocnc2c1)Nc1ccccc1
XS844228a,CN1C=NC(=N1)C=2C=CC(=CC2)OCC(O)COCC=3C=CC(Cl)=CC3,0.624,c1ccc(COCCCOc2ccc(-c3nc[nH]n3)cc2)cc1
XS844234a,CCN(CCNC(=O)CC(NC(C)=O)C1=CC=CS1)C=2C=CC=CC2C,1.41,O=C(CCc1cccs1)NCCNc1ccccc1
XS844231a,COC(=O)CCNC(=O)C=1C=CC=C(C1)S(=O)(=O)N2CCCCC2C,0.57,O=S(=O)(c1ccccc1)N1CCCCC1
XS844232a,O=C(C=1C=CC(=CC1)S(=O)(=O)NC2CCS(=O)(=O)C2)N3CCCC3,0.466,O=C(c1ccc(S(=O)(=O)NC2CCS(=O)(=O)C2)cc1)N1CCCC1
XS841923b,CC1(C)C(CCS1(=O)=O)C(=O)N2CCC3(CCC=4C=CC=CC4C3)CC2,1.356,O=C(C1CCS(=O)(=O)C1)N1CCC2(CCc3ccccc3C2)CC1
XS836994b,COC=1C=CC(=CC1Br)C(C)NC(=O)C=2C=CC3=NN=NN3C2,0.836,O=C(NCc1ccccc1)c1ccc2nnnn2c1
XS151297c,O=C(NC=1C=CC(Cl)=C(C1)C(F)(F)F)C2CC(=O)NC=3C=CC=CC32,0.874,O=C1CC(C(=O)Nc2ccccc2)c2ccccc2N1
XS842445b,CNS(=O)(=O)C1CCN(C1)C(=O)C=2N=C(OC2C3CC3)C=4C=CC=CC4,1.68,O=C(c1nc(-c2ccccc2)oc1C1CC1)N1CCCC1
XS844242a,CC1CN(CC2(CCOCC2)O1)C(=O)C3=CNN=C3C4=CC=5C=CC=CC5O4,14.194,O=C(c1c[nH]nc1-c1cc2ccccc2o1)N1CCOC2(CCOCC2)C1
XS841567b,CC1(CCCCC1)C2=CC(=NO2)NC(=O)NCC3(CO)CC43CCOCC4,1.934,O=C(NCC1CC12CCOCC2)Nc1cc(C2CCCCC2)on1
XS844243a,O=C(NC1CCCN(C1)C(=O)N2CCCC2)C3=CC=4C(F)=CC=C(F)C4N3,0.392,O=C(NC1CCCN(C(=O)N2CCCC2)C1)c1cc2ccccc2[nH]1
XS840358b,O=C(N1CCN(CC1)C2CC(=O)N(C2=O)C3CC3)C45CC6CC(CC(C6)C5)C4,3.608,O=C1CC(N2CCN(C(=O)C34CC5CC(CC(C5)C3)C4)CC2)C(=O)N1C1CC1
XS329128b,COCC1=NN2CC(CCC2=N1)NC(=O)C=3C=CC(=CC3)CCC(F)(F)F,2.548,O=C(NC1CCc2ncnn2C1)c1ccccc1
XS842127b,CC1=CC(C(=O)NC(C=2C=CN(C)C2)C(F)(F)F)=C(C)N1C3=NC=CS3,0.908,O=C(NCc1cc[nH]c1)c1ccn(-c2nccs2)c1
XS844241a,CN1N=CC(C(=O)NC2CC3(CCC3)OC=4C=CC=CC42)=C1CC=5C=CC=CC5,1.47,O=C(NC1CC2(CCC2)Oc2ccccc21)c1cn[nH]c1Cc1ccccc1
XS840612b,CC(=O)NC1=NC(=CS1)COC(=O)C=2C=CC=3SC(C)C(=O)NC3C2,0.706,O=C1CSc2ccc(C(=O)OCc3cscn3)cc2N1
XS844248a,COC=1C=CC(=CC1)C(CNC(=O)C2CCOCC2)C3=CNC=4C=CC=CC34,0.582,O=C(NCC(c1ccccc1)c1c[nH]c2ccccc12)C1CCOCC1
XS838886b,O=C(NC=1C=CC2=C(C1)CCC(=O)N2CC3CCC3)C4CCC5=NN=CN5C4,8.398,O=C(Nc1ccc2c(c1)CCC(=O)N2CC1CCC1)C1CCc2nncn2C1
XS844240a,CNC(=O)NC(=O)C(C)OC(=O)C1=CC=C(O1)C=2C=CC=C(C2)C(F)(F)F,1.542,c1ccc(-c2ccco2)cc1
XS839007b,COC1COC2=C(C=NN2C1)C(=O)NC=3C=CC=4C=NNC4C3Br,2.934,O=C(Nc1ccc2cn[nH]c2c1)c1cnn2c1OCCC2
XS844260a,CC(C)C1=NOC(=N1)C(C)N2CCN(CC2)S(=O)(=O)C=3C=CC(C#N)=CC3,1.062,O=S(=O)(c1ccccc1)N1CCN(Cc2ncno2)CC1
XS836714b,CC1=NC(CN2CCN(CC2)C(=O)C(C)N3C(=O)C=4C=CC(C)=CC4C3=O)=NO1,5.836,O=C(CN1C(=O)c2ccccc2C1=O)N1CCN(Cc2ncon2)CC1
XS844253a,CCOC(=O)C1=C(COC(=O)C2=CC=CS2)NC(=O)NC1C3=CC=CS3,0.886,O=C1NC(COC(=O)c2cccs2)=CC(c2cccs2)N1
XS840352b,CC1=CC=C(O1)C2=NC(C)=C(S2)C(=O)NC(C)C=3C=CC=4OCC(=O)NC4C3,1.074,O=C1COc2ccc(CNC(=O)c3cnc(-c4ccco4)s3)cc2N1
XS844257a,O=C(NCCNC=1N=CC(=CC1Cl)C(F)(F)F)C2CC(=O)N(C2)C3CC3,2.352,O=C(NCCNc1ccccn1)C1CC(=O)N(C2CC2)C1
XS009563e,O=C(CN1C=NC=2SC=CC2C1=O)N3CCCC3C4=NC=5C=CC=CC5S4,1.834,O=C(Cn1cnc2sccc2c1=O)N1CCCC1c1nc2ccccc2s1
XS844262a,CC1=CC(C(=O)N2CCCC(C2)C(=O)NCC3CC3)=C(C)N1CC=4C=CC=CN4,1.27,O=C(NCC1CC1)C1CCCN(C(=O)c2ccn(Cc3ccccn3)c2)C1
XS840107b,CC(CN(C)C(=O)C=1C=CC(F)=C2C=CC=CC12)NC(=O)CCCN3C=CC=N3,0.698,O=C(CCCn1cccn1)NCCNC(=O)c1cccc2ccccc12
XS534686b,CC(C(=O)NC1CC1)N2CCN(CC2)C(=O)C3=CSC(=N3)C=4C=NN(C)C4,1.104,O=C(CN1CCN(C(=O)c2csc(-c3cn[nH]c3)n2)CC1)NC1CC1
XS844251a,CC1=C(C=NN1C=2C=C(C)C=CC2C)NC(=O)N3CCC(C3)NC=4C=CC=CC4,0.918,O=C(Nc1cnn(-c2ccccc2)c1)N1CCC(Nc2ccccc2)C1
XS838065b,COC=1C=CC=CC1C(NC(=O)C=2C=CC3=C(C2)NC(=O)N3C)C4=NOC(C)=N4,2.81,O=C(NC(c1ccccc1)c1ncon1)c1ccc2[nH]c(=O)[nH]c2c1
XS838306b,CC=1C=CC(=CN1)C(=O)NC2CCN(C(=O)C3=CC=CN4C(=O)NN=C34)C52CC5,2.874,O=C(NC1CCN(C(=O)c2cccn3c(=O)[nH]nc23)C12CC2)c1cccnc1
XS844254a,CN(C(=O)COC(=O)CC=1C(Cl)=CC=CC1Cl)C2CCS(=O)(=O)C2,4.362,O=C(COC(=O)Cc1ccccc1)NC1CCS(=O)(=O)C1
XS838747b,CC1=NN(C(C)=C1C2COCCN2C3=CC(=O)OC=4C=CC=CC34)C=5C=CC=CC5,0.798,O=c1cc(N2CCOCC2c2cnn(-c3ccccc3)c2)c2ccccc2o1
XS837739b,CC1=NC=CN1C=2C=CC(=CC2)C(C)NC(=O)C3=CC=4CC(C)(C)CCC4NC3=O,0.524,O=C(NCc1ccc(-n2ccnc2)cc1)c1cc2c([nH]c1=O)CCCC2
XS844268a,COC1=CC(OC)=C(Cl)C=C1NC(=O)CCN2C(=O)C(C)OC=3C=CC=CC32,0.488,O=C(CCN1C(=O)COc2ccccc21)Nc1ccccc1
XS844278a,COC=1C=CC(=CC1)NC(=O)NC(=O)CN(CC2=CC=CS2)CC3CCCO3,0.586,O=C(CN(Cc1cccs1)CC1CCCO1)NC(=O)Nc1ccccc1
XS170381d,CC1=NC(COC=2C=CC=CC2C(=O)NC(C)C=3C=CC=CC3Br)=NO1,1.78,O=C(NCc1ccccc1)c1ccccc1OCc1ncon1
XS844270a,O=C(NC1CCCC1)C=2C=CC=CC2NC(=O)C3CC(=O)N(CCC=4C=CC=CC4)C3,0.668,O=C(NC1CCCC1)c1ccccc1NC(=O)C1CC(=O)N(CCc2ccccc2)C1
XS844277a,CC=1C=CC(NC(=O)CN2CCN(CC2)C(=O)C3COC=4C=CC=CC4O3)=C(C)C1,0.796,O=C(CN1CCN(C(=O)C2COc3ccccc3O2)CC1)Nc1ccccc1
XS750151b,COC=1C=CC(CN(C)C(=O)C=2C=NN3CCC(CNC(C)=O)CC23)=C(C1)OC,2.276,O=C(NCc1ccccc1)c1cnn2c1CCCC2
XS844276a,CC=1C=CC(=CC1)S(=O)(=O)N2CCN(CC(=O)NC(C)C3=CC=CS3)CC2,0.622,O=C(CN1CCN(S(=O)(=O)c2ccccc2)CC1)NCc1cccs1
XS839687b,CC(=O)N1CCC=2C=C(C=CC21)C(=O)NCC(C)C3=NC=4C=CC=CC4N3C(F)F,3.286,O=C(NCCc1nc2ccccc2[nH]1)c1ccc2c(c1)CCN2
XS844266a,CC1=NOC(C)=C1S(=O)(=O)N2CCC(CC2)C(=O)NC(C)C=3C=CC=CC3C,1.266,O=C(NCc1ccccc1)C1CCN(S(=O)(=O)c2cnoc2)CC1
XS844269a,O=C(C=1C=NN(C1)CC(F)(F)F)N2CCC(C2)NC=3C=CC=C(Br)C3,0.388,O=C(c1cn[nH]c1)N1CCC(Nc2ccccc2)C1
XS838538b,C#CCCCOCC(=O)NC=1C=CC=C2C(=O)N(C(C)=NC12)C3CCC(=O)NC3=O,8.394,O=C1CCC(n2cnc3ccccc3c2=O)C(=O)N1
XS841393b,O=C(CC=1C=CC(O)=CC1Cl)NC2CC=3C=CC(Br)=CC3NC2=O,2.392,O=C(Cc1ccccc1)NC1Cc2ccccc2NC1=O
XS840884b,CCOC=1C=CC(=CC1)N2N=C(N=C2C3CC(=O)N(CC4=CC=CO4)C3)C5CCOCC5,1.278,O=C1CC(c2nc(C3CCOCC3)nn2-c2ccccc2)CN1Cc1ccco1
XS203490c,CS(=O)(=O)NC=1C=CC=CC1C=2CC(C3=CC=CO3)N(N2)C(=O)C=4C=CC=CC4F,0.914,O=C(c1ccccc1)N1N=C(c2ccccc2)CC1c1ccco1
XS844285a,CC(C)C(=O)NC(CC1=CNC=2C=CC=CC12)C(=O)N3CCC(CC3)C(=O)N4CCCCCC4,0.888,O=C(CCc1c[nH]c2ccccc12)N1CCC(C(=O)N2CCCCCC2)CC1
XS844287a,CC=1C=CC(=CC1)S(=O)(=O)N2CCN(CC(=O)NC(C)C=3C=CC=C(Cl)C3)CC2,0.864,O=C(CN1CCN(S(=O)(=O)c2ccccc2)CC1)NCc1ccccc1
XS838264b,CN1C=CN=C1C(NC(=O)CCC(=O)N2CCC(=N2)C=3C=CC=CC3)C=4C=CC=CC4F,0.794,O=C(CCC(=O)N1CCC(c2ccccc2)=N1)NC(c1ccccc1)c1ncc[nH]1
XS840363b,COC(=O)C(C)N1C(=O)C2=C(N=C3N(C(C)=C(C)N32)C=4C=C(C)C=C(C)C4)N(C)C1=O,1.628,O=c1[nH]c(=O)c2c(nc3n(-c4ccccc4)ccn23)[nH]1
XS844292a,CCCN1C=CC=C1C(=O)NCC(NC(=O)C2=CN=C(NC)S2)C=3C=CC=C(Cl)C3,0.528,O=C(NCC(NC(=O)c1cncs1)c1ccccc1)c1ccc[nH]1
XS844288a,COC=1C=CC(=CC1)C2CC(=NN2C(=O)CN3CCN(CC3)C(=O)C4CC4)C=5C=CC=CC5,0.408,O=C(C1CC1)N1CCN(CC(=O)N2N=C(c3ccccc3)CC2c2ccccc2)CC1
XS840460b,O=C(CCN1N=C(OC1=O)C2=CC=CS2)N3CCCC3C4=NC=5C=CC=CC5S4,29.018,O=C(CCn1nc(-c2cccs2)oc1=O)N1CCCC1c1nc2ccccc2s1
XS844290a,COC=1C=CC(=CC1)C2CC(=NN2C(=O)C3=CC=CO3)C=4C=CC(=CC4)NS(C)(=O)=O,2.52,O=C(c1ccco1)N1N=C(c2ccccc2)CC1c1ccccc1
XS842190b,O=S(=O)(C=1SC=CC1Br)N2CCCC(C2)N3N=CC=C3C(F)(F)F,0.95,O=S(=O)(c1cccs1)N1CCCC(n2cccn2)C1
XS844293a,CC=1C=CC=C(NC(=O)C=2C=CC=C(C2)N3C=C(N=N3)C4CCCS(=O)(=O)C4)C1C,5.72,O=C(Nc1ccccc1)c1cccc(-n2cc(C3CCCS(=O)(=O)C3)nn2)c1
XS844299a,CC1C=2C=CSC2CCN1C(=O)NC3CC3,0.542,O=C(NC1CC1)N1CCc2sccc2C1
XS844302a,COC(=O)C1CN(C(C)=O)C=2C=CC=CC2O1,0.644,c1ccc2c(c1)NCCO2
BD008397b,CC1C(=O)NC=2C=CC(=CC21)C3=CSC(N)=N3,1.244,O=C1Cc2cc(-c3cscn3)ccc2N1
XS844301a,CCCC(C)NC(=O)NC1=NC=CS1,0.582,c1cscn1
XS841979b,CC=1N=NC(=NC1C)N2CCC3(CCC3(C)C)C2,0.94,c1cnc(N2CCC3(CCC3)C2)nn1
XS837200b,CC=1CC(C)C(=O)N(N1)C=2C=NN(C)C2,0.428,O=C1CCC=NN1c1cn[nH]c1
XS844297a,CC(C)C1=NSC(=N1)NC2CCN(C)C2=O,0.706,O=C1NCCC1Nc1ncns1
XS844315a,CCCC(C)NC(=O)C=1N=C(OC1C)C=2C=CC=CC2,0.428,c1ccc(-c2ncco2)cc1
XS844312a,CC=1C=C(N=C2C=CC=CC12)SC3CCN(C)C3=O,0.856,O=C1NCCC1Sc1ccc2ccccc2n1
XS844324a,NC=1C=CC(=CC1)NC(=O)C2CC=3C=CC=CC3S2,0.626,O=C(Nc1ccccc1)C1Cc2ccccc2S1
XS837210b,CC(C(=O)NC=1N=CC=NC1C2CC2)N3C=NC=N3,0.72,O=C(Cn1cncn1)Nc1nccnc1C1CC1
XS456678b,CC=1NN=CC1C(=O)N2CCCC2C=3C=CC=NC3,3.246,O=C(c1cn[nH]c1)N1CCCC1c1cccnc1
XS788332b,O=C(CCC=1C=CC=NC1)NC2CCC=3C=CC=CC32,0.46,O=C(CCc1cccnc1)NC1CCc2ccccc21
XS844319a,CCCNC(=O)C(C)NC(=O)C=1SC=NC1C,1.542,c1cscn1
XS844314a,NC(=O)C1CCCN1S(=O)(=O)C=2C=CC=CC2,0.622,O=S(=O)(c1ccccc1)N1CCCC1
XS844321a,CC(NC(=O)CN1C=CC=CC1=O)C2=CC=CS2,0.626,O=C(Cn1ccccc1=O)NCc1cccs1
XS836879b,CC(C(=O)N1CC=2C=CC(F)=CC2C1)C3=NN=NN3,0.524,O=C(Cc1nnn[nH]1)N1Cc2ccccc2C1
XS844341a,CC=1C=CC=C(C(=O)N2CCC(C2)C=3C=CC=CC3)C1N,0.73,O=C(c1ccccc1)N1CCC(c2ccccc2)C1
XS844327a,NC(=O)C1CCCN(C1)C=2N=CC(Br)=CN2,0.41,c1cnc(N2CCCCC2)nc1
XS844333a,CCCC(C)NC(=O)C=1C=CC(=CC1)C2=NC(C)=NO2,0.428,c1ccc(-c2ncno2)cc1
XS844336a,CC=1C=CC=CC1NC(=O)CNC2CCS(=O)(=O)C2,0.702,O=C(CNC1CCS(=O)(=O)C1)Nc1ccccc1
XS507144b,O=C1NCCCCC1NS(=O)(=O)C=2C=CC(F)=CC2,1.288,O=C1NCCCCC1NS(=O)(=O)c1ccccc1
XS839566b,CN(C(=O)NC=1C=CC(F)=CN1)C2CC(C)(C)OC2=O,1.998,O=C(Nc1ccccn1)NC1CCOC1=O
XS844340a,N#CC=1C=CC(=CC1)C(=O)N2CCCC2C=3C=CC=CN3,0.544,O=C(c1ccccc1)N1CCCC1c1ccccn1
XS844334a,CC(C(=O)NC(C)(C)C)S(=O)(=O)CC=1C=CC=CC1,1.734,c1ccccc1
XS839622b,CC(NC(=O)C12CC3CC(CC(C3)C2)C1)C(=O)N(C)C,0.404,C1C2CC3CC1CC(C2)C3
XS628580b,COC=1C=CC=C(C1)C(C)C(=O)N2CCC=3NN=CC3C2,1.124,O=C(Cc1ccccc1)N1CCc2[nH]ncc2C1
XS587242b,CC=1OC=CC1C(=O)N2CCOC(CN3C=CN=N3)C2,1.336,O=C(c1ccoc1)N1CCOC(Cn2ccnn2)C1
XS844352a,COC=1C=CC(=CC1)NC(=O)NC(C)C=2C=NN(C)C2C,0.718,O=C(NCc1cn[nH]c1)Nc1ccccc1
XS844344a,CC1=CC(C)=NN1CC2CCCCN2CC3=NC(C)=NO3,0.604,c1cnn(CC2CCCCN2Cc2ncno2)c1
XS844353a,CC1=C(C=NN1C)C(C)NC(=O)C2=CC=3CCCC3S2,0.506,O=C(NCc1cn[nH]c1)c1cc2c(s1)CCC2
XS844349a,CC(C)C1CCCCCN1C(=O)C=2C=NC(N)=C(Cl)C2,2.516,O=C(c1cccnc1)N1CCCCCC1
XS333723b,CC(C)C1=NC(=NO1)C2CCCN(C2)C(=O)C=3C=CNN3,0.564,O=C(c1cc[nH]n1)N1CCCC(c2ncon2)C1
XS736996b,O=C1CSC2(C(=O)NC=3C=CC=CC32)N1C=4C=CC=CC4,0.562,O=C1CSC2(C(=O)Nc3ccccc32)N1c1ccccc1
XS844345a,O=C1C=2C=CC=CC2NC(C=3C=CNN3)N1C=4C=CC=CC4,0.704,O=C1c2ccccc2NC(c2cc[nH]n2)N1c1ccccc1
XS837135b,CC=1C(Cl)=C(CN2CC(=O)NC(C)C2)N=C3C=CC=CC13,1.43,O=C1CN(Cc2ccc3ccccc3n2)CCN1
XS844362a,CC=1C=NC(=CN1)C(=O)OC(C)C(=O)N(C)C=2C=CC=CC2,1.742,O=C(COC(=O)c1cnccn1)Nc1ccccc1
XS836794b,COC(=O)C=1C=C(N=CN1)N2CCCC(C2)C=3C=CN(C)N3,0.93,c1cc(N2CCCC(c3cc[nH]n3)C2)ncn1
XS844363a,O=C(NCC1=NN=C2CCCN12)C3COC=4C=CC=CC4O3,2.084,O=C(NCc1nnc2n1CCC2)C1COc2ccccc2O1
XS837335b,CC=1C=C(NC(=O)C(C)N2N=NC=3C=CC=CC3C2=O)ON1,1.086,O=C(Cn1nnc2ccccc2c1=O)Nc1ccno1
XS844360a,O=C(NCC1CC(=O)N(C1)C2CC2)C3=COC=4C=CC=CC34,0.608,O=C(NCC1CC(=O)N(C2CC2)C1)c1coc2ccccc12
XS836670b,CCOC=1C=NC(=CN1)C(=O)NC(C)C2=NN=NN2C3CC3,2.674,O=C(NCc1nnnn1C1CC1)c1cnccn1
XS844369a,COCC(C)NC(=O)C1=CC(=NN1C=2C=CC=CC2)C3CC3,1.05,c1ccc(-n2ccc(C3CC3)n2)cc1
XS844364a,O=C(NCC1=CC=CS1)C2CCCN(C2)C=3C=NC=CN3,0.506,O=C(NCc1cccs1)C1CCCN(c2cnccn2)C1
XS844370a,CCS(=O)C=1C=CC=CC1C(=O)NCCC=2C=CC=CC2,1.416,O=C(NCCc1ccccc1)c1ccccc1
XS839012b,CC(NC=1C=C(C#N)C2=CC=CC=C2N1)C3=NN=C4CCCN34,1.262,c1ccc2nc(NCc3nnc4n3CCC4)ccc2c1
XS844385a,CC1(CCCC=2C=CC=CC21)C(=O)NCC3=NN=C4CCCN34,0.446,O=C(NCc1nnc2n1CCC2)C1CCCc2ccccc21
XS844384a,COC=1C=CC=C2C=C(COC12)C(=O)NC(C)C=3C=CC=CN3,1.74,O=C(NCc1ccccn1)C1=Cc2ccccc2OC1
XS841116b,CC(CN(C)C(=O)C=1C=CC=C2C=CN=CC12)S(=O)(=O)F,0.564,c1ccc2cnccc2c1
XS838905b,CC(CC(=O)NCCC=1C=CC=2NN=CC2C1)C=3C=NN(C)C3,0.582,O=C(CCc1cn[nH]c1)NCCc1ccc2[nH]ncc2c1
XS705199b,O=S(=O)(C=1C=CC=CC1F)N2CCCC(C2)C3=CC=NN3,0.482,O=S(=O)(c1ccccc1)N1CCCC(c2ccn[nH]2)C1
XS568320b,CC1CN(CC2=NOC(=N2)C3CC3)C=4C=CC=CC4N(C)C1=O,2.332,O=C1CCN(Cc2noc(C3CC3)n2)c2ccccc2N1
XS844373a,O=C(NC1CCCN(C1)C(=O)C=2C=CC=CC2)C=3C=CC=CN3,2.016,O=C(NC1CCCN(C(=O)c2ccccc2)C1)c1ccccn1
XS844383a,CCOC(=O)NC(C(=O)N1CCCN(CC1)C(C)=O)C(C)C,0.74,C1CNCCNC1
XS741111b,COCC=1N=C2C(CCCN2N1)NC3=NC(=NS3)C(C)C,0.388,c1nsc(NC2CCCn3ncnc32)n1
XS841649b,CC(CC1=NC=2C=CC=CC2S1)NC=3C=CC4=NN=NN4N3,1.738,c1ccc2sc(CCNc3ccc4nnnn4n3)nc2c1
XS836803b,N#CC1CN(CCN1C2CC2)C=3N=CN=CC3Br,0.936,c1cc(N2CCN(C3CC3)CC2)ncn1
XS844374a,COC=1C=CC(Cl)=CC1C(=O)OCC(=O)NC(C)C(C)C,0.504,c1ccccc1
XS842233b,CC(NC1=NN=C(S1)C=2C=CC=CC2Cl)C3=NN=CN3C,1.17,c1ccc(-c2nnc(NCc3nnc[nH]3)s2)cc1
XS841424b,CC1=NOC(=N1)C2COCCN2C(=O)NC3=CC=NN3C4CC4,0.708,O=C(Nc1ccnn1C1CC1)N1CCOCC1c1ncno1
XS844386a,CC1=NN(C)C(C)=C1CC(=O)N2CCCCC2CN3C=CC=N3,0.486,O=C(Cc1cn[nH]c1)N1CCCCC1Cn1cccn1
XS501927b,CCCCC1=NOC(CN2CCNC(=O)C2C=3C=CC=CC3)=N1,3.786,O=C1NCCN(Cc2ncno2)C1c1ccccc1
XS685762b,CN1C=NN=C1C2CCCN(C2)C(=O)NCC=3C=CC=C(F)C3,0.548,O=C(NCc1ccccc1)N1CCCC(c2nnc[nH]2)C1
XS844387a,COC(=O)CC(NC(=O)CC=1C(C)=NOC1C)C=2C=CC=CC2,0.816,O=C(Cc1cnoc1)NCc1ccccc1
XS844392a,CCCN(CC=1C=CC(C)=CC1)C(=O)C(C)NC(=O)C(C)(C)C,0.702,c1ccccc1
XS844395a,NC(=O)C1CCN(C1)C(=O)C=2C=NN(C2)C=3C=CC(Cl)=CC3,1.892,O=C(c1cnn(-c2ccccc2)c1)N1CCCC1
XS629902b,CCCC(=O)NC1CCCN(C1)C=2N=CN=C3C=CC(F)=CC23,0.628,c1ccc2c(N3CCCCC3)ncnc2c1
XS841402b,CC(C#N)CN(C(=O)N(C=1C=CC=CC1)C=2C=CC=CC2)C3CC3,0.736,O=C(NC1CC1)N(c1ccccc1)c1ccccc1
XS844393a,O=C(C1CCCO1)N2CCN(CC2)C=3N=CN=C4SC=CC34,2.706,O=C(C1CCCO1)N1CCN(c2ncnc3sccc23)CC1
XS837145b,CCC1=NN=C(NCC2CCCC=3C=CC(=CC32)C(=O)OC)O1,0.466,c1ccc2c(c1)CCCC2CNc1nnco1
XS844390a,CCOC(=O)C1CCCN(C1)C(=O)C2=NN3C(C)=CC=NC3=N2,4.454,O=C(c1nc2ncccn2n1)N1CCCCC1
XS844405a,N#CC=1C=CC(=CC1)COC(=O)CC2OC=3C=CC=CC3NC2=O,0.974,O=C(CC1Oc2ccccc2NC1=O)OCc1ccccc1
XS638213b,CCCC(=O)NC(CN1C=NC=2C=CC=CC21)C=3C=CC(F)=CC3,0.968,c1ccc(CCn2cnc3ccccc32)cc1
XS842741b,CC1=NNC=2N=CN=C(C12)N3CCCC4(CCS(=O)(=O)C4)C3,2.466,O=S1(=O)CCC2(CCCN(c3ncnc4[nH]ncc34)C2)C1
XS844397a,COC(=O)C(C)CNC(=O)C=1C=NN(C1)C=2C=CC=CC2Cl,1.442,c1ccc(-n2cccn2)cc1
XS844399a,O=C(COC=1C=CC(Cl)=CC1)N2CCC(C2)C3CCOCC3,0.462,O=C(COc1ccccc1)N1CCC(C2CCOCC2)C1
XS844402a,CC1CN(CC=2C=CN(N2)C=3C(F)=CC=CC3F)CC(=O)N1C,0.49,O=C1CN(Cc2ccn(-c3ccccc3)n2)CCN1
XS839149b,CC1=NC=2C(=CC=CC2O1)NC(=O)C3(CCOC3)C=4C=CC=CC4,0.548,O=C(Nc1cccc2ocnc12)C1(c2ccccc2)CCOC1
XS844398a,CC1=CSC(=N1)C2CCCN(C2)C(=O)C=3C=CC(C#N)=C(C)N3,1.142,O=C(c1ccccn1)N1CCCC(c2nccs2)C1
XS540675b,CNC(=O)C=1C=CC=C(C1)NC(=O)C2(C)CCCC=3C=CC=CC32,0.468,O=C(Nc1ccccc1)C1CCCc2ccccc21
XS838049b,O=C1CCC(=NN1C2CCCS(=O)(=O)C2)C=3C=CC=C(F)C3,11.748,O=C1CCC(c2ccccc2)=NN1C1CCCS(=O)(=O)C1
XS844416a,COC=1C=CC(=CC1)CNC(=O)C2CC(=O)N(CC(F)(F)F)C2,0.586,O=C1CC(C(=O)NCc2ccccc2)CN1
XS844413a,CC=1C=NC(=NC1C)N2CCCC(O)(CC3=NC(=NO3)C4CC4)C2,0.51,c1cnc(N2CCCC(Cc3nc(C4CC4)no3)C2)nc1
XS609631b,NC(=O)C=1C=CC=C(C1)OCC(=O)N2CCCC(C2)N3C=CC=N3,0.388,O=C(COc1ccccc1)N1CCCC(n2cccn2)C1
XS844419a,CC=1C=CC(=CC1Cl)N2N=CC(NCC(C)O)=C(Cl)C2=O,0.544,O=c1cccnn1-c1ccccc1
XS551348b,CC=1C=CN(N1)C=2C=CC(=NN2)N3CCCC(C3)N4CCCC4=O,7.03,O=C1CCCN1C1CCCN(c2ccc(-n3cccn3)nn2)C1
XS598548b,CNC(=O)C1=CC=C(CN(C)C2CCN(C2=O)C=3C=CC=CC3)O1,1.382,O=C1C(NCc2ccco2)CCN1c1ccccc1
XS844414a,CN1C=NN=C1CC2(O)CCCN(C2)C(=O)C=3C=COC3C4CC4,2.042,O=C(c1ccoc1C1CC1)N1CCCC(Cc2nnc[nH]2)C1
XS844417a,COC1=CC(=CC(OC)=C1C)C(=O)NC2CCCC3=C2C=NN3C,2.77,O=C(NC1CCCc2[nH]ncc21)c1ccccc1
XS655000b,O=C(NCCNC=1C=NC=CN1)C2CC(=O)NC=3C=C(F)C=CC32,2.328,O=C1CC(C(=O)NCCNc2cnccn2)c2ccccc2N1
XS840562b,CC1=CC(CC(C)NC(=O)NC=2C=CC3=C(C2)OC(=O)N3C)=NN1,0.312,O=C(NCCc1cc[nH]n1)Nc1ccc2[nH]c(=O)oc2c1
XS838177b,CC=1C=CC(=CC1N2CCOC2=O)NC(=O)C(C)C=3C=NC=NC3,0.452,O=C(Cc1cncnc1)Nc1cccc(N2CCOC2=O)c1
XS498299b,CC=1C=CC=C(C1)CCNC(=O)NC=2C=NN(C2)CC3CCCO3,0.41,O=C(NCCc1ccccc1)Nc1cnn(CC2CCCO2)c1
XS741264b,CC1=CC=CN2C=C(CC(=O)N3CCCC3CC=4C=CC=CC4)N=C12,8.226,O=C(Cc1cn2ccccc2n1)N1CCCC1Cc1ccccc1
XS839247b,CCC(NC=1C=NN(C1)C2=NC=CS2)C=3C=C(Cl)C=CC3O,0.74,c1ccc(CNc2cnn(-c3nccs3)c2)cc1
XS844429a,N#CC=1C=CC=C(C1)NC2CCN(C2)C(=O)C=3NN=C4CCCCC34,2.646,O=C(c1[nH]nc2c1CCCC2)N1CCC(Nc2ccccc2)C1
XS841678b,CN1C=CC(=N1)NC(=O)N2CCCC(C2)C3=NC=4CCCC4S3,1.578,O=C(Nc1cc[nH]n1)N1CCCC(c2nc3c(s2)CCC3)C1
XS844434a,CC(NC(=O)CC1=CNC=2C=CC=CC12)C=3C=CC=4OCCOC4C3,1.268,O=C(Cc1c[nH]c2ccccc12)NCc1ccc2c(c1)OCCO2
XS839146b,NS(=O)(=O)C=1C=NC(=NC1)N2CCSC(C2)C=3C=CC=CC3,1.946,c1ccc(C2CN(c3ncccn3)CCS2)cc1
XS844425a,CCC=1C=CSC1C(=O)NC(C2=NC(C)=NO2)C3CCOCC3,0.426,O=C(NC(c1ncno1)C1CCOCC1)c1cccs1
XS844427a,CCN(C)C(=O)C(C)NC(=O)NC=1C=CC=C(C1)N2CCOCC2,2.546,c1ccc(N2CCOCC2)cc1
XS844432a,CCN(C(=O)C(C)S(=O)(=O)CC1=CC(C)=NO1)C=2C=CC=CC2,0.39,O=C(CS(=O)(=O)Cc1ccno1)Nc1ccccc1
XS844426a,CC(=O)NC=1C=CC(=CC1)NC(=O)C(C)OC(=O)C2CCCCC2,0.588,O=C(COC(=O)C1CCCCC1)Nc1ccccc1
XS836812b,O=C1CSC=2N=CN=C(C2N1)N3CCOC(CN4C=CC=N4)C3,2.322,O=C1CSc2ncnc(N3CCOC(Cn4cccn4)C3)c2N1
XS836568b,COC(=O)C=1C=C(C(C)=CC1NCC(C)C2=NN=CN2C)[N+]([O-])=O,0.66,c1ccc(NCCc2nnc[nH]2)cc1
XS844437a,CC1C(=O)NCCN1S(=O)(=O)C2=CC=C(Br)S2,0.918,O=C1CN(S(=O)(=O)c2cccs2)CCN1
XS740072b,CCC=1C=CC(=CC1)C(C)NC(=O)CCC2=NC(=NO2)C3=NN=CN3,0.41,O=C(CCc1nc(-c2nnc[nH]2)no1)NCc1ccccc1
PK010306b,CNC(=O)NC(=O)C(C)SC=1N=C(C)N=C2SC(C)=C(C)C12,1.038,c1ncc2ccsc2n1
XS844446a,CC=1C=CC(=CC1C)C2CCCN2C(=O)CC=3C(=O)NC(C)=NC3C,2.986,O=C(Cc1cnc[nH]c1=O)N1CCCC1c1ccccc1
XS808799b,CC=1C=CC(C)=C(OCC(O)CN2C=NC=3N=CC=CC3C2=O)C1C,3.552,O=c1c2cccnc2ncn1CCCOc1ccccc1
XS844441a,COC=1C=NC=C(N1)C2=NOC(=N2)C3CC(C)(C)OC=4C=CC=CC43,0.548,c1ccc2c(c1)OCCC2c1nc(-c2cnccn2)no1
XS838753b,CC1=NC=2C=C(C=CC2S1)NC(=O)C=3N=NN(C3C)C4CCOC4,1.464,O=C(Nc1ccc2scnc2c1)c1cn(C2CCOC2)nn1
XS844453a,O=C(NC1CCOC2(CCOCC2)C1)C=3C=NC4=CC=C(F)C=C4C3,1.136,O=C(NC1CCOC2(CCOCC2)C1)c1cnc2ccccc2c1
XS844450a,O=C(C=1C=CC(=NC1)N2CCOCC2)N3CCCC(C3)N4C=CC=N4,0.684,O=C(c1ccc(N2CCOCC2)nc1)N1CCCC(n2cccn2)C1
XS431997b,CCN(CC)C(CNC(=O)C1=CC=C(C)NC1=O)CC=2C=CC=CC2,0.532,O=C(NCCCc1ccccc1)c1ccc[nH]c1=O
XS844459a,CCCCOC=1C=CC=2C=C(NC2C1)C(=O)NC3CCCCNC3=O,1.89,O=C(NC1CCCCNC1=O)c1cc2ccccc2[nH]1
XS844463a,O=C(NCCC=1C=CC=C(O)C1)C=2C=CC(=CC2)OCC3CCCO3,0.544,O=C(NCCc1ccccc1)c1ccc(OCC2CCCO2)cc1
XS838067b,BrC=1C=NC=C(C1)C2CCCN2C=3N=CN=C4NN=CC34,1.328,c1cncc(C2CCCN2c2ncnc3[nH]ncc23)c1
XS838451b,COC(=O)C1CN(CCC21CCOCC2)C=3N=CC4=NC=CN=C4N3,9.192,c1cnc2nc(N3CCC4(CCOCC4)CC3)ncc2n1
XS530291b,CC1=NOC(C)=C1CC(C)NS(=O)(=O)C=2C=CC(=CC2)C(F)F,0.606,O=S(=O)(NCCc1cnoc1)c1ccccc1
XS844458a,COCC1(CCCN1S(=O)(=O)C=2C=C(C)C=CC2OC)C(N)=O,0.764,O=S(=O)(c1ccccc1)N1CCCC1
XS836640b,CC1C=2SC=CC2CCN1C3=NN=C(C4=NNC(=N4)C5CC5)N3C,0.718,c1cc2c(s1)CN(c1nnc(-c3n[nH]c(C4CC4)n3)[nH]1)CC2
XS842593b,CC(NC(=O)C1=CC=CS1)C(=O)NC=2C=NC=CC2N3C=CC=N3,2.412,O=C(CNC(=O)c1cccs1)Nc1cnccc1-n1cccn1
XS844474a,O=C(CCC=1C=CC(=CC1F)C=2N=NNN2)NC3CCCCNC3=O,0.56,O=C(CCc1ccc(-c2nn[nH]n2)cc1)NC1CCCCNC1=O
XS844467a,CC=1C=CC(=CC1)C2=NN=C(CCC(=O)NC3CCC=4C=CC=CC43)O2,1.122,O=C(CCc1nnc(-c2ccccc2)o1)NC1CCc2ccccc21
XS844473a,CC=1C=CC=CC1C(C)NC(=O)C2=CNN3C2=NC(=O)C=4C=CC=CC43,4.846,O=C(NCc1ccccc1)c1c[nH]n2c1nc(=O)c1ccccc12
XS841483b,CCOC(=O)C=1SC=2N=CN=C(C2C1C)N(C)C3CCN(C)C3=O,2.296,O=C1NCCC1Nc1ncnc2sccc12
XS836922b,O=S(=O)(NC1=CC=NN1C2CCOC2)C=3C=CC(=CC3)OC4CC4,0.486,O=S(=O)(Nc1ccnn1C1CCOC1)c1ccc(OC2CC2)cc1
XS844471a,COC=1C=CC(=C(C1)OC)C(C)NC(=O)N(C)CC=2C(C)=NOC2C,1.662,O=C(NCc1ccccc1)NCc1cnoc1
XS844472a,COC=1C=CC=CC1C(C)NC(=O)C(=O)NC=2C=NC3=CC=CC=C3C2,0.442,O=C(NCc1ccccc1)C(=O)Nc1cnc2ccccc2c1
XS844465a,CNC(=O)C1CCCCN1C(=O)CC=2N=C(OC2C)C=3C=CSC3,3.63,O=C(Cc1coc(-c2ccsc2)n1)N1CCCCC1
XS844466a,NC(=O)C1CCN(C1)C(=O)C=2C=CC(=CC2)OC=3C=CC(F)=C(F)C3,0.666,O=C(c1ccc(Oc2ccccc2)cc1)N1CCCC1
XS841881b,CCOC=1C=CC=CC1C(=O)NCC(=O)N2CCC(C)C3(CCC3)C2,0.764,O=C(NCC(=O)N1CCCC2(CCC2)C1)c1ccccc1
XS844464a,CC(C)(C)C1=NC(=CS1)CC(=O)NC(C)(C(N)=O)C=2C=CC=CC2,0.6,O=C(Cc1cscn1)NCc1ccccc1
XS388809b,CCCC(NC(=O)COC=1C=CC=2NC(=O)CCC2C1)C=3C=CC=CC3,0.998,O=C(COc1ccc2c(c1)CCC(=O)N2)NCc1ccccc1
XS838280b,O=C(NC1CCN(C1=O)C=2C=CNN2)C3=CC=C(CC=4C=CC=CC4)N3,0.718,O=C(NC1CCN(c2cc[nH]n2)C1=O)c1ccc(Cc2ccccc2)[nH]1
XS422700b,CC=1C=CC=CC1C2CCN(C2)C(=O)C=3C=CC(=CC3)N4CCNC4=O,2.548,O=C(c1ccc(N2CCNC2=O)cc1)N1CCC(c2ccccc2)C1
XS844479a,CN(CC1CCC2=NC(=CN2C1)C(F)(F)F)C(=O)NC=3C=NN(C)C3,0.466,O=C(NCC1CCc2nccn2C1)Nc1cn[nH]c1
XS565052b,CCC=1C=C(NC2CCCN(C2=O)C=3C=CC=CC3F)N4N=CN=C4N1,3.154,O=C1C(Nc2ccnc3ncnn23)CCCN1c1ccccc1
XS844489a,COC=1C=CC(=CC1F)C(=O)NC(C)C=2C=CC(=CC2)S(N)(=O)=O,0.426,O=C(NCc1ccccc1)c1ccccc1
XS844490a,CC(C=1C=CC(=CC1)N2C=NC=N2)N(C)C(=O)C=3C=CC=4OCOC4C3,2.074,O=C(NCc1ccc(-n2cncn2)cc1)c1ccc2c(c1)OCO2
XS844487a,CCC=1C=CC(Cl)=C(CC)C1NC(=O)NC(C)CN2CCCC2=O,0.836,O=C(NCCN1CCCC1=O)Nc1ccccc1
XS844486a,CC=1C=CC(F)=C2NC(=CC12)C(=O)N3CCC3CNC(=O)C=4C=COC4,0.568,O=C(NCC1CCN1C(=O)c1cc2ccccc2[nH]1)c1ccoc1
XS839663b,CC1=CON=C1CN(CC2CCCC32CC3)C=4C=CC5=NC=CN=C5N4,0.766,c1cnc2nc(N(Cc3ccon3)CC3CCCC34CC4)ccc2n1
XS844478a,CC(C)OC=1C=CC(=CC1)C(=O)OCC(=O)N2C=3C=CC=CC3CC2C,1.77,O=C(OCC(=O)N1CCc2ccccc21)c1ccccc1
XS844494a,CC=1OC(=NC1C(=O)OCC(=O)NC(C)C=2C=CC=CC2)C=3C=CC=CC3,0.694,O=C(COC(=O)c1coc(-c2ccccc2)n1)NCc1ccccc1
XS844501a,CC(C)NC(=O)C=1C=CC(Cl)=C(C1)NC(=O)C2CC(=O)N(C2)C(C)C,0.76,O=C1CC(C(=O)Nc2ccccc2)CN1
XS783173b,CC(C)C1=NC(=NN1C=2C=CC=C(F)C2)C(=O)NC3CCOC(C)(C)C3,1.17,O=C(NC1CCOCC1)c1ncn(-c2ccccc2)n1
XS842160b,COC1=C(OC=2C=CC=CC12)C3=NOC(CC4CCCS(=O)(=O)C4)=N3,2.108,O=S1(=O)CCCC(Cc2nc(-c3cc4ccccc4o3)no2)C1
XS844498a,CC1CC(=O)NC=2C=CC=CC2N1C(=O)CN3C(=O)C=4C=CC=CC4C3=O,4.79,O=C1CCN(C(=O)CN2C(=O)c3ccccc3C2=O)c2ccccc2N1
XS844496a,NC(=O)C=1C=CC(=CC1Cl)NC(C(=O)N2CCCC2)C=3C=CC=CC3,0.778,O=C(C(Nc1ccccc1)c1ccccc1)N1CCCC1
XS838995b,CCC1=CNN=C1C(=O)N2CCC(CN(C)C(=O)CC3=CC=C(C)O3)C2,1.002,O=C(Cc1ccco1)NCC1CCN(C(=O)c2cc[nH]n2)C1
XS837645b,O=C(CC1=NN2C=CC=NC2=N1)N3CCC3(C=4C=CC=CC4)C(F)(F)F,2.92,O=C(Cc1nc2ncccn2n1)N1CCC1c1ccccc1
XS844502a,CC(=O)N1CCCC(C1)C(=O)NCC=2C=CC=C(C2)N3CCCCC3=O,3.464,O=C(NCc1cccc(N2CCCCC2=O)c1)C1CCCNC1
XS463055b,CC(NC(=O)C=1C=CC(=NC1)S(N)(=O)=O)C23CC4CC(CC(C4)C3)C2,1.012,O=C(NCC12CC3CC(CC(C3)C1)C2)c1cccnc1
XS838119b,CN1C(=NC2=C1C(=O)NC(=O)N2C)C3NC(C)(C)C(=O)N3CC(C)(C)C,0.622,O=C1CNC(c2nc3[nH]c(=O)[nH]c(=O)c3[nH]2)N1
XS844503a,CC=1C(F)=CC=C2NC(=CC12)C(=O)NC(C=3C=CC=NC3)C=4C=CC=CN4,1.458,O=C(NC(c1cccnc1)c1ccccn1)c1cc2ccccc2[nH]1
XS172542b,CC1=NC=2C=CC(=CC2S1)NC(=O)C3CC(=O)N(C3)C=4C=CC(C)=CC4,8.172,O=C(Nc1ccc2ncsc2c1)C1CC(=O)N(c2ccccc2)C1
XS826483b,COC=1C=CC(=CC1)N2CC(CC2=O)C(=O)NC=3SC(C)=C(C)C3C#N,0.962,O=C(Nc1cccs1)C1CC(=O)N(c2ccccc2)C1
XS838305b,N#CC1=CC=2CC(CCC2NC1=O)NC=3N=CC(=CC3Cl)C(F)(F)F,0.472,O=c1ccc2c([nH]1)CCC(Nc1ccccn1)C2
XS839725b,CC1=CSC(=N1)C2CSCCN2CC=3C=C(O)N4N=CC(C#N)=C4N3,4.45,c1csc(C2CSCCN2Cc2ccn3nccc3n2)n1
XS844511a,O=C(NC1CCCC2=C1C=NN2CC=3C=CC=CC3)C=4C=CC(F)=C(F)C4,0.7,O=C(NC1CCCc2c1cnn2Cc1ccccc1)c1ccccc1
XS844507a,COC=1C=CC=CC1C(=O)NCC(=O)NC2CCCOC=3C(F)=CC=CC32,2.446,O=C(CNC(=O)c1ccccc1)NC1CCCOc2ccccc21
XS540349b,CC=1C=CC2=C(C1)C(=O)N(C)C3=NN=C(CN4CCCC4C=5C=CC=CC5)N32,1.812,O=c1[nH]c2nnc(CN3CCCC3c3ccccc3)n2c2ccccc12
XS841967b,COC=1C=C(F)C(=CC1OC)C(C)NC(=O)N2CC3(CC3)C=4C=CC=CC42,0.958,O=C(NCc1ccccc1)N1CC2(CC2)c2ccccc21
XS838916b,COCN1N=CC=C1CN2CCNC(=O)C2C=3C=CC(=CC3)C(F)(F)F,1.908,O=C1NCCN(Cc2ccn[nH]2)C1c1ccccc1
XS844512a,COC=1C=CC=C(C1)CCC(=O)NC(CN2CCCC2=O)C=3C=CC=CC3,1.182,O=C(CCc1ccccc1)NC(CN1CCCC1=O)c1ccccc1
XS842498b,CC(NC(=O)C1=CN(N=N1)C=2C=CC=C(Br)C2)C=3N=CN(C)N3,6.58,O=C(NCc1nc[nH]n1)c1cn(-c2ccccc2)nn1
XS838808b,O=S1(=O)CC(C2=NC(=NO2)C=3C=CN=C(C3)N4CCCCC4)C5(CC5)C1,3.142,O=S1(=O)CC(c2nc(-c3ccnc(N4CCCCC4)c3)no2)C2(CC2)C1
XS842512b,CC1=NC(=CO1)C=2C=CC(=CC2)S(=O)(=O)NC3CCC(=O)NC43CCC4,16.91,O=C1CCC(NS(=O)(=O)c2ccc(-c3cocn3)cc2)C2(CCC2)N1
XS782354b,COC=1C=CC(=CC1)CNC(=O)CN(C)C(C)C2=NC=3C=CC=CC3S2,2.798,O=C(CNCc1nc2ccccc2s1)NCc1ccccc1
XS814472b,CCC=1C=CC=CC1NC(=O)CNC(=O)CC(NC(C)=O)C=2C=CC=CC2,0.488,O=C(CCc1ccccc1)NCC(=O)Nc1ccccc1
XS838710b,COC=1C=CC(C)=CC1NC(=O)C(C)N2C=C(CN3N=C(C)N=C3C)N=N2,0.674,O=C(Cn1cc(Cn2cncn2)nn1)Nc1ccccc1
XS844523a,CN(C(=O)C1CCCN(C1)C=2C=NC=CN2)C(C=3C=CC=CC3)C=4C=CC=CC4,2.682,O=C(NC(c1ccccc1)c1ccccc1)C1CCCN(c2cnccn2)C1
XS844525a,CCC=1C=CC=CC1NC(=O)CN(C)C(C)C(=O)NC=2C=CC=3OCOC3C2,0.49,O=C(CNCC(=O)Nc1ccc2c(c1)OCO2)Nc1ccccc1
XS844519a,COCC1=NC(=NO1)C2COCCN2C(=O)C3=CC=C(C=4C=CC=CC4)N3C,0.944,O=C(c1ccc(-c2ccccc2)[nH]1)N1CCOCC1c1ncon1
XS844529a,CCOC=1C=C2CC(C)OC2=C3NC(=CC13)C(=O)NC=4C=CC=NC4OCC,0.596,O=C(Nc1cccnc1)c1cc2ccc3c(c2[nH]1)OCC3
XS844515a,O=C(NC1CCCCCC1)C2CCCN(C2)S(=O)(=O)CC=3C=CC=CC3,0.41,O=C(NC1CCCCCC1)C1CCCN(S(=O)(=O)Cc2ccccc2)C1
XS844522a,O=C(NC1CCS(=O)(=O)C=2C=CC=CC21)C3(CCCC3)C=4C=CC(F)=CC4,1.09,O=C(NC1CCS(=O)(=O)c2ccccc21)C1(c2ccccc2)CCCC1
XS844521a,CC(NC(=O)CN1C(=NC=2C=CC=CC21)C3=CSC=N3)C=4C=CC(F)=CC4,5.402,O=C(Cn1c(-c2cscn2)nc2ccccc21)NCc1ccccc1
XS837456b,CC=1NC=2C=CC(=CC2C1C)C(=O)N(C)C(C)C=3C=CC(=CC3)S(N)(=O)=O,0.856,O=C(NCc1ccccc1)c1ccc2[nH]ccc2c1
XS837777b,N#CC=1C=CC(=CC1)NC(=O)C2CSCN2C(=O)C(F)(F)C3(O)CCC3,2.262,O=C(Nc1ccccc1)C1CSCN1C(=O)CC1CCC1
XS844516a,COC=1C=CC=C(C1)NC(=O)CN(CC2=CC=CO2)C3CCS(=O)(=O)C3,0.874,O=C(CN(Cc1ccco1)C1CCS(=O)(=O)C1)Nc1ccccc1
XS839829b,COC=1N=CC=C2CCCN(C(=O)C=3C=NN(C3)C4CCS(=O)(=O)C4)C12,0.72,O=C(c1cnn(C2CCS(=O)(=O)C2)c1)N1CCCc2ccncc21
XS844517a,COC(=O)CC(NC(=O)C=1C=CC=C(C1)N2CCCC2=O)C=3C=CC(C)=CC3,1.3,O=C(NCc1ccccc1)c1cccc(N2CCCC2=O)c1
XS577962b,CCCN1N=CC(C(=O)NC2CCN(C2=O)C=3C=CC(Cl)=CC3)=C1C4CC4,1.136,O=C(NC1CCN(c2ccccc2)C1=O)c1cn[nH]c1C1CC1
XS844527a,COC=1C=C2NC(C3=CSC(=N3)C=4C=CC=CN4)N(C)C(=O)C2=CC1OC,3.164,O=C1NC(c2csc(-c3ccccn3)n2)Nc2ccccc21
XS844520a,CNC(=O)C1CCCCN1C(=O)C=2N=NN(CC=3C=CC(F)=CC3F)C2C,1.584,O=C(c1cn(Cc2ccccc2)nn1)N1CCCCC1
XS844541a,CC(C)NC(=O)C(=O)N1CCN(CC1)C(=O)C(C)OC=2C=CC=C(C2)C(C)C,1.09,O=C(COc1ccccc1)N1CCNCC1
XS844534a,CC1CN(CCN1C=2C=CC=CC2F)C(=O)C=3C=CC=C(C3)NC(=O)NC4CC4,0.686,O=C(Nc1cccc(C(=O)N2CCN(c3ccccc3)CC2)c1)NC1CC1
XS844537a,CC(NC(=O)C(C)(C)C)C(=O)N1CCN(CC1)S(=O)(=O)C=2C=CC=C(F)C2,1.032,O=S(=O)(c1ccccc1)N1CCNCC1
XS695060b,CC=1C=CC(=CC1)S(=O)(=O)NCCC(=O)NC2CCSC=3C=CC=CC32,0.506,O=C(CCNS(=O)(=O)c1ccccc1)NC1CCSc2ccccc21
XS844533a,CCOC(=O)C1=C(CSC=2C=CC(F)=CC2)NC(=O)NC1C3=CC=CS3,0.58,O=C1NC(CSc2ccccc2)=CC(c2cccs2)N1
XS836508b,O=C(NCC1CC2(CCNCC2)C(=O)O1)NC3=CC(Cl)=C(F)C(Cl)=C3,9.966,O=C(NCC1CC2(CCNCC2)C(=O)O1)Nc1ccccc1
XS396124b,COC=1C=CC(=CC1)C2=CSC(=N2)NC(=O)C3CC(=O)N(CC4=CC=CO4)C3,4.768,O=C(Nc1nc(-c2ccccc2)cs1)C1CC(=O)N(Cc2ccco2)C1
XS722501b,NC(=O)C1=CN(CC(=O)NC(CC=2C=CC=CC2)C=3C=CC=CC3)C=4C=CC=CC14,0.912,O=C(Cn1ccc2ccccc21)NC(Cc1ccccc1)c1ccccc1
XS841622b,CN1C=C(C=N1)C2CSCCCN2C(=O)C3=CC=C(CNS(C)(=O)=O)O3,2.806,O=C(c1ccco1)N1CCCSCC1c1cn[nH]c1
XS844542a,CCN1C(=NC=2C=CC=CC21)SCC(=O)N3C=4C=CC=CC4NC(=O)CC3C,2.258,O=C1CCN(C(=O)CSc2nc3ccccc3[nH]2)c2ccccc2N1
XS844536a,O=C(CCC1CCNC1)NC2=NC=C(CC=3C=CC(Br)=CC3)S2,15.586,O=C(CCC1CCNC1)Nc1ncc(Cc2ccccc2)s1
XS837709b,COCC=1C=C(O)N=C(N1)N2CCC(C2)NC(=O)C=3C=CC=4CNC(=O)NC4C3,3.47,O=C1NCc2ccc(C(=O)NC3CCN(c4ncccn4)C3)cc2N1
XS844550a,CC(OC=1C=CC(Br)=CC1)C(=O)NCC=2C=CC=C(C2)NC(=O)C3CC3,0.428,O=C(COc1ccccc1)NCc1cccc(NC(=O)C2CC2)c1
XS844544a,CC(C(=O)NC=1C=CC(F)=C(F)C1)N2CCN(CC2)S(=O)(=O)C3=CC=CS3,0.834,O=C(CN1CCN(S(=O)(=O)c2cccs2)CC1)Nc1ccccc1
XS673054b,O=S(=O)(C=1C=CC(=CC1)C2=CSC(=N2)NCC3CCCO3)N4CCCCC4,1.532,O=S(=O)(c1ccc(-c2csc(NCC3CCCO3)n2)cc1)N1CCCCC1
XS414347b,O=C(C=1C=CC2=CC=CC=C2N1)N3CC(OC=4C=CC=CC43)C(=O)N5CCCCC5,2.318,O=C(C1CN(C(=O)c2ccc3ccccc3n2)c2ccccc2O1)N1CCCCC1
XS171455b,COC=1C=CC(=CC1)C(CNC(=O)C2=NN(N=C2C)C=3C=CC=CC3)N4CCOCC4,1.364,O=C(NCC(c1ccccc1)N1CCOCC1)c1cnn(-c2ccccc2)n1
XS844543a,COC(=O)CCN1C(=O)C=2C=CC=CC2N=C1SC(C)C(=O)N3CCNC3=O,0.874,O=C(CSc1nc2ccccc2c(=O)[nH]1)N1CCNC1=O
XS844556a,CC1=C(NC(C(=O)N2CCCCC2)C=3C=CC=CC3)C(=O)N(C=4C=CC=CC4)N1C,7.85,O=C(C(Nc1c[nH]n(-c2ccccc2)c1=O)c1ccccc1)N1CCCCC1
XS328642b,CC1=NN(CC=2C=CC=CC2)C(C)=C1C3COCCN3C(=O)CCCC4=CNN=N4,1.126,O=C(CCCc1c[nH]nn1)N1CCOCC1c1cnn(Cc2ccccc2)c1
XS844547a,CC(NC(=O)COC(=O)C=1C=CC=CC1NCCO)C23CC4CC(CC(C4)C3)C2,0.788,O=C(COC(=O)c1ccccc1)NCC12CC3CC(CC(C3)C1)C2
XS432184b,CS(=O)(=O)C=1C=CC(=CC1)C(=O)N2CCCC(C2)C3=NC=4C=CC=CC4S3,0.628,O=C(c1ccccc1)N1CCCC(c2nc3ccccc3s2)C1
XS844548a,CC(OC(=O)CCNC1=NS(=O)(=O)C=2C=CC=CC12)C(=O)NC=3C=CC=CC3F,0.428,O=C(COC(=O)CCNC1=NS(=O)(=O)c2ccccc21)Nc1ccccc1
XS844549a,CN(C)C=1C=C(N=C(N1)N2CCOCC2CC3=CNC=4C=CC=CC34)C(F)(F)F,1.366,c1cnc(N2CCOCC2Cc2c[nH]c3ccccc23)nc1
XS844573a,CC(=O)NC(CC=1C=CC=2OCOC2C1)C(=O)N3CCC(CC3)C(=O)N4CCCCCC4,1.864,O=C(CCc1ccc2c(c1)OCO2)N1CCC(C(=O)N2CCCCCC2)CC1
XS839316b,CC(C)C1=NOC=C1CN(C)C=2C(F)=CC=C3C(=O)N(C(=O)C23)C4CCC(=O)NC4=O,3.084,O=C1CCC(N2C(=O)c3cccc(NCc4cnoc4)c3C2=O)C(=O)N1
XS844562a,COC=1C=CC(=CC1OC)NC(=O)C(C)OC=2C=CC=C(C2)C3=NN=C4CCCCCN34,1.018,O=C(COc1cccc(-c2nnc3n2CCCCC3)c1)Nc1ccccc1
XS844569a,COC=1C=CC(=CC1S(=O)(=O)N2CCCC2C=3C=CC=4OCCOC4C3)NC(C)=O,2.248,O=S(=O)(c1ccccc1)N1CCCC1c1ccc2c(c1)OCCO2
XS844563a,COCCC1=NSC(=N1)N2CCC(C2)(C3=NC(=NO3)C=4C=CC=CN4)C(F)(F)F,5.314,c1ccc(-c2noc(C3CCN(c4ncns4)C3)n2)nc1
XS844571a,O=C1C=2C=CC=C(NS(=O)(=O)C=3C=CC(=CC3)C(F)(F)F)C2CN1C4CCC(=O)NC4=O,4.922,O=C1CCC(N2Cc3c(NS(=O)(=O)c4ccccc4)cccc3C2=O)C(=O)N1
XS393791b,O=C(NC1=NC=C(CC=2C=CC(=CC2)OC(F)(F)F)S1)C3CC(=O)N(C3)C4CC4,3.106,O=C(Nc1ncc(Cc2ccccc2)s1)C1CC(=O)N(C2CC2)C1
XS844558a,CCN1CC(CN(C)C(=O)C2CCN(CC2)C3=NS(=O)(=O)C=4C=CC=CC34)OC=5C=CC=CC51,1.488,O=C(NCC1CNc2ccccc2O1)C1CCN(C2=NS(=O)(=O)c3ccccc32)CC1
XS844568a,O=S(=O)(C=1C=CC=2OCCCOC2C1)N3CCN(CC(O)COC=4C=CC=CC4)CC3,0.94,O=S(=O)(c1ccc2c(c1)OCCCO2)N1CCN(CCCOc2ccccc2)CC1
XS844566a,CC(NC(=O)C=1C=CC=C(C1)S(=O)(=O)N2CCCC2)C=3C=CC(=CC3)N4C=CN=C4,1.418,O=C(NCc1ccc(-n2ccnc2)cc1)c1cccc(S(=O)(=O)N2CCCC2)c1
XS837442b,CC=1C=C(Cl)C=CC1C2=CCN(CC2)C(=O)C(=O)NCC3(C)CCS(=O)(=O)N3C,0.782,O=C(NCC1CCS(=O)(=O)N1)C(=O)N1CC=C(c2ccccc2)CC1
MR043185b,CC(NC(=O)C1=CNN=C1C=2C=CC=CC2F)C=3C=CC(=CC3)NC(=O)C=4C=CN=CC4,0.68,O=C(Nc1ccc(CNC(=O)c2c[nH]nc2-c2ccccc2)cc1)c1ccncc1
XS837159b,CC(C(=O)NC=1C=CC(Br)=CC1S(=O)(=O)N2CCOCC2)N3C=NC=N3,2.432,O=C(Cn1cncn1)Nc1ccccc1S(=O)(=O)N1CCOCC1
XS844559a,CCOC=1C=CC(=CC1)S(=O)(=O)N2CCN(CC2)C(C)C(=O)NC3CCCCCC3,4.968,O=C(CN1CCN(S(=O)(=O)c2ccccc2)CC1)NC1CCCCCC1
XS840310b,CC(NC(=O)COC1(C)CCC1)C2=CNC=N2,14.434,O=C(COC1CCC1)NCc1c[nH]cn1
FM012231c,CC1CC=2C=CC=CC2N1C=3C=C(C#N)N=CN3,0.504,c1ccc2c(c1)CCN2c1ccncn1
XS844587a,O=C(NC1CCCNC1=O)C=2N=CC=CC2O,4.306,O=C(NC1CCCNC1=O)c1ccccn1
XS844581a,O=C(C1=CC=CO1)N2CCCC2C=3C=CN=CC3,2.588,O=C(c1ccco1)N1CCCC1c1ccncc1
XS844585a,CC(=O)NC=1C=NN(C1)CC2CCCO2,13.816,c1cnn(CC2CCCO2)c1
XS844580a,O=C(O)CCN1CCCC1CC=2C=CC=CC2,0.454,c1ccc(CC2CCCN2)cc1
XS844588a,CC1CCN(C1)C(=O)C2=NNC=3CCCC23,1.2,O=C(c1n[nH]c2c1CCC2)N1CCCC1
XS842438b,CC1=CC=C(NC(=O)NC(C)CC#N)S1,1.07,c1ccsc1
XS837169b,CC(C(N)=O)S(=O)(=O)C=1C=CC=CC1Cl,1.634,c1ccccc1
XS844577a,O=C(CC=1C=CC=CC1)NC2CCC(=O)NC2=O,5.076,O=C1CCC(NC(=O)Cc2ccccc2)C(=O)N1
XS392939b,CC(CN1C=CC=N1)NC=2N=CN=C3C2C=NN3C,0.388,c1cnn(CCNc2ncnc3[nH]ncc23)c1
XS844592a,CC=1C=C(CN2CCOC(CN3C=CC=N3)C2)ON1,0.472,c1cnn(CC2CN(Cc3ccno3)CCO2)c1
XS844594a,O=C(NC1CCC(=O)NC1=O)C=2C=CC=C(Cl)C2,2.038,O=C1CCC(NC(=O)c2ccccc2)C(=O)N1
XS844589a,CCCC=1C=C(O)N=C(N1)SC(CC)C(N)=O,6.442,c1cncnc1
XS496906b,CC(NS(=O)(=O)C=1C=CC=CC1)C=2C=CC=NC2,1.17,O=S(=O)(NCc1cccnc1)c1ccccc1
XS844606a,COC=1C=CC(C(=O)N2CCCCC2C)=C(F)C1,0.8,O=C(c1ccccc1)N1CCCCC1
XS844603a,O=C(NC1CCSC=2C=CC=CC21)C=3C=CC=CN3,0.49,O=C(NC1CCSc2ccccc21)c1ccccn1
XS844591a,O=C(C=1C=NC=CN1)N2CCCC(C2)N3C=NC=N3,2.722,O=C(c1cnccn1)N1CCCC(n2cncn2)C1
XS476933b,CC1=CC=C(O1)C(=O)N2CCCC(C2)N3C=NC=N3,6.224,O=C(c1ccco1)N1CCCC(n2cncn2)C1
XS837156b,N#CC=1C=NN(C(=O)C2COC=3C=CC=CC32)C1N,0.448,O=C(C1COc2ccccc21)n1cccn1
XS844599a,CCC(C)(CO)NC(=O)C=1N=CN=C2SC=CC12,0.66,c1ncc2ccsc2n1
XS838629b,O=S1(=O)CCC(COC=2C=C(Cl)C=NC2F)C1,0.946,O=S1(=O)CCC(COc2cccnc2)C1
XS841897b,O=C(NC(C1=NC=CS1)C(F)(F)F)C=2C=COC2,0.446,O=C(NCc1nccs1)c1ccoc1
XS836910b,CC(C1=CNC=2C=CC=CC12)C3=NOC(=N3)C4=NC=NN4,1.29,c1ccc2c(Cc3noc(-c4ncn[nH]4)n3)c[nH]c2c1
XS837241b,CC(CCO)N1C(=NC=2C=C(N)C=CC21)C(F)(F)F,1.386,c1ccc2[nH]cnc2c1
XS844613a,CC(=O)NC=1C=CC=C(C1)NC(C(N)=O)C=2C=CC=CC2,1.326,c1ccc(CNc2ccccc2)cc1
XS844619a,O=C(NC1CCCCNC1=O)N2CCC=3C=CC=CC32,1.768,O=C1NCCCCC1NC(=O)N1CCc2ccccc21
XS844608a,CC=1C=CN=CC1NC(=O)C(C)C=2C=CC=C(Cl)C2,0.466,O=C(Cc1ccccc1)Nc1cccnc1
XS842545b,COCC(C)C(=O)N(C)C=1C=CC(=NN1)C=2C=CC=CC2,0.698,c1ccc(-c2cccnn2)cc1
XS839548b,CC1CCCN(CC1)C(=O)C=2N=COC2C=3C=CON3,0.892,O=C(c1ncoc1-c1ccon1)N1CCCCCC1
XS052499c,CC=1NC=2C=CC(=CC2C1C)C(=O)NC(C)C=3C=CC=CN3,0.444,O=C(NCc1ccccn1)c1ccc2[nH]ccc2c1
XS844627a,CN(CC1COC=2C=CC=CC2O1)C(=O)C3=CC=CS3,0.642,O=C(NCC1COc2ccccc2O1)c1cccs1
XS844631a,CC(=O)NC1CCCN(C1)C(=O)C=2C=CN=C3C=CC=CC23,0.896,O=C(c1ccnc2ccccc12)N1CCCCC1
XS723997b,CC1=CC(C(=O)N2CCCC(C2)N3C=NC=N3)=C(C)S1,1.81,O=C(c1ccsc1)N1CCCC(n2cncn2)C1
XS840649b,CC(CC=1C=CSC1)N(C)S(=O)(=O)C=2C=CC=NC2,0.35,O=S(=O)(NCCc1ccsc1)c1cccnc1
XS481648b,COCC=1N=C2C(CCCN2N1)NC3=NC(=NO3)C4CC4,0.816,c1nc2n(n1)CCCC2Nc1nc(C2CC2)no1
XS838651b,C=C1CC1C(=O)N(CC(=O)OC)CC=2C=CC(Cl)=CC2,4.832,C=C1CC1C(=O)NCc1ccccc1
XS844625a,COC=1C=CC=C(C1)C2CCCN2C(=O)NC=3C=CC=CC3,2.442,O=C(Nc1ccccc1)N1CCCC1c1ccccc1
XS844628a,N#CC=1C=CC(=CC1)NC(=O)N2CCCC2C3=CC=CS3,0.796,O=C(Nc1ccccc1)N1CCCC1c1cccs1
XS844626a,COCC1(CCCN1C(=O)C=2C=NN(C2)C(C)C)C(N)=O,1.856,O=C(c1cn[nH]c1)N1CCCC1
XS839264b,CC(C)C(C1=NC(=NO1)C=2C=CN=C(F)C2)N3C=NN=C3,14.32,c1cc(-c2noc(Cn3cnnc3)n2)ccn1
XS430521b,COC=1C=CC=CC1C(C)NC(=O)C2=CC=3C=CC=CC3N2,1.416,O=C(NCc1ccccc1)c1cc2ccccc2[nH]1
XS842199b,CCS(=O)(=O)C=1C=CC(=CC1)N(C)C(C)C=2C=CC=CN2,0.61,c1ccc(NCc2ccccn2)cc1
XS840643b,CC=1C(=CC(C#N)=CC1[N+]([O-])=O)NC(C)C(=O)NC(C)(C)C,0.97,c1ccccc1
NC002127c,N#CC1=C(N)OC=2C(=CC=C3C=CC=NC32)C1C=4C=CC=CC4,2.47,C1=CC(c2ccccc2)c2ccc3cccnc3c2O1
XS615836b,NC(=O)C1CCCN1CC2=CSC(=N2)NC=3C=CC=CC3,13.594,c1ccc(Nc2nc(CN3CCCC3)cs2)cc1
XS838900b,O=C(NCC1=NC=C(Br)C(=O)N1)C2CCOC2,1.808,O=C(NCc1nccc(=O)[nH]1)C1CCOC1
XS748444b,COC(=O)C1(C)CCCN1C(=O)C=2C=CC3=NC=CC=C3C2,0.848,O=C(c1ccc2ncccc2c1)N1CCCC1
XS844637a,CCN(CC(=O)NC(C)(C)C)C(=O)C1CC(=O)N(CC)C1,0.682,O=C1CCCN1
XS840610b,CC1=NOC(C)=C1C(C)CNC=2N=CC=C(C#N)C2[N+]([O-])=O,0.438,c1ccc(NCCc2cnoc2)nc1
XS844638a,CCOC=1C=CC=CC1NC(=O)NC(C)C=2C=CC(F)=CC2,1.514,O=C(NCc1ccccc1)Nc1ccccc1
XS844633a,CN(C(=O)C=1C=CC(Cl)=CC1F)C2CCS(=O)(=O)C2,2.988,O=C(NC1CCS(=O)(=O)C1)c1ccccc1
XS754033b,O=C(NCC(O)C1CCCCC1)C=2C=NC3=CC=CC=C3N2,1.442,O=C(NCCC1CCCCC1)c1cnc2ccccc2n1
XS842519b,CCOC=1C=CC(=CC1CO)NC(C)C=2C=CC=CC2Cl,1.01,c1ccc(CNc2ccccc2)cc1
XS844635a,CCCNC(=O)C(C)NC=1C=C(Cl)C(=CC1OC)OC,0.48,c1ccccc1
XS844644a,CCCCN1N=C(C=CC1=O)C(=O)OCC(=O)NC(C)CC,0.602,O=c1cccn[nH]1
XS840260b,COCOCCCNC(=O)N1CCCC(C1)C(=O)NC2CC2,0.698,O=C(NC1CC1)C1CCCNC1
XS844649a,CN1CC(CC1=O)C(=O)NCC=2C=CC=CC2CN3C=CC=N3,1.512,O=C1CC(C(=O)NCc2ccccc2Cn2cccn2)CN1
XS844652a,O=C(O)C=1C=CC=2CCC(NC(=O)C=3NC=CC3C4CC4)C2C1,1.826,O=C(NC1CCc2ccccc21)c1[nH]ccc1C1CC1
XS838612b,CC(C)CN1C=C(C=N1)CNC=2N=CC(=CN2)S(C)(=N)=O,1.338,c1cnc(NCc2cn[nH]c2)nc1
XS840729b,CC(C)(C)C1=NC(=CO1)C2=NC(COCC3CCOC3)=NO2,1.106,c1nc(-c2nc(COCC3CCOC3)no2)co1
XS844648a,COC=1C=CC(=CN1)NC(=O)CC(NC(C)=O)C=2C=CC=CC2,1.558,O=C(CCc1ccccc1)Nc1cccnc1
XS841327b,CC=1C=CC=2SN=C(C(=O)NC(C)C=3C=CC=C(O)C3)C2C1,1.244,O=C(NCc1ccccc1)c1nsc2ccccc12
XS844651a,CC1=CC=C(CNC(=O)C2CC=3C=C(Cl)C=CC3O2)S1,2.048,O=C(NCc1cccs1)C1Cc2ccccc2O1
XS844647a,CC1(CCN(C1)C(=O)C=2N=CN=C3NC=CC23)C=4C=CC=CC4,0.546,O=C(c1ncnc2[nH]ccc12)N1CCC(c2ccccc2)C1
XS844650a,CC(C)CN1CC(CC1=O)C(=O)NCCNC=2N=CC=CN2,3.196,O=C1CC(C(=O)NCCNc2ncccn2)CN1
XS844642a,CC=1C=CC(=CC1)C2=NC(CNC3CCC4=NC=NN4C3)=NO2,0.492,c1ccc(-c2nc(CNC3CCc4ncnn4C3)no2)cc1
XS840476b,CCC(C)(NC(=O)C=1C=CN=C(C1)C(=O)OC)C=2C=CC=CC2,1.212,O=C(NCc1ccccc1)c1ccncc1
XS427169b,CC1=NC(C)=C(S1)C(C)NC(=O)C2(CC2)C=3C=CC(F)=CC3,1.168,O=C(NCc1cncs1)C1(c2ccccc2)CC1
XS839463b,CC1C=2SC=CC2CCN1C3=NC=C(O3)C(=O)OC(C)(C)C,0.818,c1coc(N2CCc3ccsc3C2)n1
XS844663a,COC1=CC(=CC(OC)=C1OC)C(=O)NC(C)C=2C=CC=CN2,1.526,O=C(NCc1ccccn1)c1ccccc1
XS740069b,CC(C)(C(=O)NC1CCC(=O)NC21CCC2)C=3C=CC(F)=CC3,0.798,O=C(Cc1ccccc1)NC1CCC(=O)NC12CCC2
XS844655a,O=C(C=1C=CC=2N=CSC2C1)N(C3CC3)C4CC(=O)NC4=O,2.08,O=C1CC(N(C(=O)c2ccc3ncsc3c2)C2CC2)C(=O)N1
XS337811b,CC(C)COC(C)C(=O)N1CCC(CN)(CC1)C=2C=CC=CC2,17.444,c1ccc(C2CCNCC2)cc1
XS837577b,O=C(N1CC2(CCC2)C1C3CC3)C4(CCOCC4)N5C=NN=N5,0.918,O=C(N1CC2(CCC2)C1C1CC1)C1(n2cnnn2)CCOCC1
XS844658a,CC(CN1CCCC1=O)NC=2N=C(N=C3C=CC=CC23)C(F)F,0.656,O=C1CCCN1CCNc1ncnc2ccccc12
XS844660a,COC=1C=CC(OC)=C(C1)C2CCCN2C(=O)CN3C=NN=N3,3.482,O=C(Cn1cnnn1)N1CCCC1c1ccccc1
XS844661a,COC1=NN(C)C=C1NC(=O)N2CCC(CC=3C=CC=CC3)C2,1.532,O=C(Nc1cn[nH]c1)N1CCC(Cc2ccccc2)C1
XS841289b,NC=1N=CN=CC1C(=O)OCC2CN(CCO2)C=3C=CC=CC3,1.38,O=C(OCC1CN(c2ccccc2)CCO1)c1cncnc1
XS844664a,CCC(C)N(CC=1C=CC=CC1)S(=O)(=O)C2=CN(C)C(C)=N2,1.376,O=S(=O)(NCc1ccccc1)c1c[nH]cn1
XS844672a,CN1N=NC=2C(=CC=CC21)C3NC4(CCCC4)C(=O)N3CC5CC5,0.542,O=C1N(CC2CC2)C(c2cccc3[nH]nnc23)NC12CCCC2
XS838807b,C=C1CC2(C1)NC(=O)C(CC=3C=C(Cl)C=C(Cl)C3)NC2=O,1.18,C=C1CC2(C1)NC(=O)C(Cc1ccccc1)NC2=O
XS794446b,CC1=CC(=NO1)NC(=O)C(C)N2CCN(CC2)C3=NC=CS3,6.926,O=C(CN1CCN(c2nccs2)CC1)Nc1ccon1
XS840595b,CC1=CC(C)=C(CNC(=O)C(C)OC=2C=CC=CC2C#N)C(=O)N1,0.6,O=C(COc1ccccc1)NCc1ccc[nH]c1=O
XS432785b,CC1=NN=C2C=CC(=CN12)C(=O)N3CCCCC3CN4C=CC=N4,0.656,O=C(c1ccc2nncn2c1)N1CCCCC1Cn1cccn1
XS837149b,CCN1C(=O)C2(CCCCC2)NC1C3=CN=C(S3)C(C)(C)C,0.758,O=C1NC(c2cncs2)NC12CCCCC2
XS844669a,CC1=CC(=NO1)NC(=O)C(C)S(=O)(=O)CC=2C=CC=CC2C,10.406,O=C(CS(=O)(=O)Cc1ccccc1)Nc1ccon1
XS844676a,N#CC1(CCCC1)NC(=O)C=2CC(C(N)=O)N(N2)C=3C=CC=CC3,5.232,O=C(NC1CCCC1)C1=NN(c2ccccc2)CC1
XS844685a,CC=1N=C2C(C=NN2C(C)C)=CC1C(=O)OC3CCCCNC3=O,4.418,O=C(OC1CCCCNC1=O)c1cnc2[nH]ncc2c1
XS844689a,CC=1C=CC(=CC1)C=2C=C(ON2)C(=O)N(CC3CCOC3)C4CC4,2.436,O=C(c1cc(-c2ccccc2)no1)N(CC1CCOC1)C1CC1
XS837215b,CC1=CC=C(O1)C2COCCN2C=3N=CN=C4C=C(F)C(F)=CC34,0.486,c1coc(C2COCCN2c2ncnc3ccccc23)c1
XS844687a,CCC1CCCCN1C(=O)NCC=2C=CC(=CC2)NC(=O)C3CC3,0.388,O=C(Nc1ccc(CNC(=O)N2CCCCC2)cc1)C1CC1
XS507244b,COC=1C=CC(=CC1)C2CCCCCN2C(=O)NC=3C=C(C)ON3,1.076,O=C(Nc1ccon1)N1CCCCCC1c1ccccc1
XS747368b,CN1CC(CC1=O)C(=O)N2CCN(CC2)C=3C=CC(C#N)=CC3F,10.23,O=C1CC(C(=O)N2CCN(c3ccccc3)CC2)CN1
XS844684a,COC=1C=CC(=C(C1)OC)C2CCCN2C(=O)C=3C=CC(O)=NC3,0.926,O=C(c1cccnc1)N1CCCC1c1ccccc1
XS844683a,CC1=CC(=NO1)NC(=O)C(C)NC=2C=CC(=CC2)N3CCCC3=O,1.542,O=C(CNc1ccc(N2CCCC2=O)cc1)Nc1ccon1
XS840536b,COCC(NC(=O)C=1C=C(C)C(Br)=CC1C)C(N)=O,0.488,c1ccccc1
XS839207b,CS(=O)(=O)C=1C=NC(NC2CCCN3C=NN=C23)=C(Cl)C1,10.868,c1ccc(NC2CCCn3cnnc32)nc1
XS393778b,N#CC=1C=CC(=CC1)NC(=O)N2CCNC(=O)CC2C=3C=CC=CC3,0.986,O=C1CC(c2ccccc2)N(C(=O)Nc2ccccc2)CCN1
XS844692a,CC(C)C(C)NC(=O)COC(=O)C=1C=CC=2SCC(=O)NC2C1,1.012,O=C1CSc2ccccc2N1
XS844702a,CC1CC=2C=CC=CC2N1C(=O)C=3C=CC(=CC3)CN4CCCC4=O,1.388,O=C1CCCN1Cc1ccc(C(=O)N2CCc3ccccc32)cc1
XS842050b,O=C(C1=COC(=N1)C2CCOCC2)N3CCSC3C(F)(F)F,0.488,O=C(c1coc(C2CCOCC2)n1)N1CCSC1
XS844697a,FC(F)(F)C=1C=C2C(=NC=CN2N1)N3CCCC3C=4C=CC=NC4,1.846,c1cncc(C2CCCN2c2nccn3nccc23)c1
XS837311b,CC1(C)CC(C(=O)N2CCC=3C(C#N)=CC=CC32)C=4C=CC=CC4O1,2.594,O=C(C1CCOc2ccccc21)N1CCc2ccccc21
XS844691a,CCC1CCCCN1C(=O)CSC2=NN3C(C)=CC(C)=NC3=N2,8.534,O=C(CSc1nc2ncccn2n1)N1CCCCC1
XS815852b,CC1=CC=C(CNC(=O)NC2CCCN(C2)C=3N=CC=CN3)S1,0.528,O=C(NCc1cccs1)NC1CCCN(c2ncccn2)C1
XS839216b,COC=1C=C(OC)C2=NC=NC(=C2C1)N3CCN4C(C)=NN=C4C3C,4.258,c1ccc2c(N3CCn4cnnc4C3)ncnc2c1
XS837522b,CC1=NOC(=N1)C(NS(=O)(=O)N2CCC(F)(F)CC2)C(C)C,0.406,O=S(=O)(NCc1ncno1)N1CCCCC1
XS837519c,COC(=O)C=1C=CC2=C(N=CN=C2C1)NC=3C=NN4CC(C)COC34,0.698,c1ccc2c(Nc3cnn4c3OCCC4)ncnc2c1
XS841382b,O=C(CC=1C=CC=CC1OC2CCOC2)NC=3C=CC=4NN=CC4C3,0.406,O=C(Cc1ccccc1OC1CCOC1)Nc1ccc2[nH]ncc2c1
XS844704a,O=C(CN1N=NC=2C=CC=CC2C1=O)N3CCCC(C3)N4C=CC=N4,1.518,O=C(Cn1nnc2ccccc2c1=O)N1CCCC(n2cccn2)C1
XS844715a,CC1CCCCN1C(=O)CCNC(=O)CCC=2C=C(F)C=CC2F,0.724,O=C(CCc1ccccc1)NCCC(=O)N1CCCCC1
XS844706a,CCOC=1C=CC(=CC1F)CNC(=O)NC(C)C(=O)NC(C)(C)C,2.208,c1ccccc1
XS640166b,CC(CC=1C=CC2=CC=CC=C2C1)NC(=O)CCN3C(=O)CCC3=O,0.622,O=C(CCN1C(=O)CCC1=O)NCCc1ccc2ccccc2c1
XS840004b,O=C1N=C(NC=2C=CC(Br)=CC12)N3CCCC3CCO,0.53,O=c1nc(N2CCCC2)[nH]c2ccccc12
XS844709a,O=C1CCCC(CC2=NC(COC=3C=CC(Cl)=C(F)C3)=NO2)N1,0.938,O=C1CCCC(Cc2nc(COc3ccccc3)no2)N1
XS844714a,COC=1C=CC(=CC1)C(CC(=O)O)NC(=O)C2=CC=3C=CC=CC3O2,0.386,O=C(NCc1ccccc1)c1cc2ccccc2o1
XS844705a,O=C(C1=CN=C(S1)C=2C=NC=CN2)N3CCCC(C3)N4C=CC=N4,0.76,O=C(c1cnc(-c2cnccn2)s1)N1CCCC(n2cccn2)C1
XS061103e,CC(=O)NC=1C=CC(=CC1)CC(=O)NC(C=2C=CC(F)=CC2)C(C)C,0.642,O=C(Cc1ccccc1)NCc1ccccc1
XS838142b,COC=1C=CC=C(C1)C(C)C(=O)N2CCC=3C(C#N)=C(N)SC3C2,0.968,O=C(Cc1ccccc1)N1CCc2ccsc2C1
XS844723a,COC=1C=CC(C(=O)N2CCCC(C2)NS(C)(=O)=O)=C(C1)OC,1.436,O=C(c1ccccc1)N1CCCCC1
XS844716a,O=S(=O)(CC1CCCCO1)NCC2=CN3C=C(Cl)C=CC3=N2,0.522,O=S(=O)(CC1CCCCO1)NCc1cn2ccccc2n1
XS842598b,CC1CC=2C=C(C=C(Cl)C2O1)S(=O)(=O)N(C)C=3C=NN(C)C3,0.506,O=S(=O)(Nc1cn[nH]c1)c1ccc2c(c1)CCO2
XS836581b,CS(=O)(=O)N1CCCC(C1)C(=O)NC23CC4CC(CC(C4)C3)C2,1.242,O=C(NC12CC3CC(CC(C3)C1)C2)C1CCCNC1
XS844722a,O=S(=O)(C=1C=CC=CC1)N2CCCC(C2)C3=NC=4C=CC=CC4O3,0.552,O=S(=O)(c1ccccc1)N1CCCC(c2nc3ccccc3o2)C1
XS841707b,CNC(=O)C1CN(CC2=NOC(=N2)N3CCCC3)C=4C=CC=CC4O1,1.378,c1ccc2c(c1)OCCN2Cc1noc(N2CCCC2)n1
XS844717a,O=C(CN1C=NC=2SC=CC2C1=O)N3CCCC(C3)N4C=CC=N4,1.21,O=C(Cn1cnc2sccc2c1=O)N1CCCC(n2cccn2)C1
XS844726a,CC(NC(=O)C1=CC=CO1)C(=O)NCC2(CCC2)C=3C=CC(F)=CC3,3.552,O=C(CNC(=O)c1ccco1)NCC1(c2ccccc2)CCC1
XS844721a,COC=1C=CC=CC1CNC(=O)C=2C=CC(=CC2)OCC3CCCO3,0.856,O=C(NCc1ccccc1)c1ccc(OCC2CCCO2)cc1
XS844718a,CCC(C)(NC(=O)CCC1=NN=C(O1)C2CCCC2)C=3C=CC=CC3,0.506,O=C(CCc1nnc(C2CCCC2)o1)NCc1ccccc1
XS592538b,CC=1C=CN(N1)C=2C=CC(=NN2)N3CCCC(C3)C(=O)NCC4CC4,1.708,O=C(NCC1CC1)C1CCCN(c2ccc(-n3cccn3)nn2)C1
XS844719a,O=C(C=1C=NC2=CC=CC=C2N1)N3CCCC3C4=NC=5C=CC=CC5N4,1.378,O=C(c1cnc2ccccc2n1)N1CCCC1c1nc2ccccc2[nH]1
XS844733a,NS(=O)(=O)C=1C=CC(=CC1)NC(=O)N2CCCC2C=3C=CC=CC3,0.776,O=C(Nc1ccccc1)N1CCCC1c1ccccc1
XS844738a,CC(C=1C=CC=CC1)N(C)C(=O)CS(=O)(=O)CC=2C=CC=C(F)C2,0.82,O=C(CS(=O)(=O)Cc1ccccc1)NCc1ccccc1
XS844737a,CNC(=O)C1CCCCN1C(=O)CCCC2=NC=3C=CC=CC3S2,7.238,O=C(CCCc1nc2ccccc2s1)N1CCCCC1
XS839980b,CC(NC(=O)C=1C=CC(=CC1Cl)N2C=NN=N2)C=3C=NC=C(F)C3,0.684,O=C(NCc1cccnc1)c1ccc(-n2cnnn2)cc1
XS837369b,CN(C(=O)NCC=1C=CC(=CC1)C2=CC=NN2)C3CCS(=O)(=O)C3,0.836,O=C(NCc1ccc(-c2ccn[nH]2)cc1)NC1CCS(=O)(=O)C1
XS761915b,COC=1C=CC(=C(C1)OC)C2CCCN2C(=O)CN3CCNC(=O)C3,1.324,O=C1CN(CC(=O)N2CCCC2c2ccccc2)CCN1
XS836510b,CC=1N=C(NC(=O)C1C(=O)N2CC3(CCCC3)C2C(C)C)C(C)(C)C,2.416,O=C(c1cnc[nH]c1=O)N1CC2(CCCC2)C1
XS645194b,CC(C)(C)C=1C=CC(=CC1)C2(CCC2)C(=O)N3CCOC(C3)C(N)=O,0.624,O=C(N1CCOCC1)C1(c2ccccc2)CCC1
XS838212b,COC=1C=CC=2CCCC(C(=O)NC=3C=NC=CC3N4C=CC=N4)C2C1,5.096,O=C(Nc1cnccc1-n1cccn1)C1CCCc2ccccc21
XS844735a,CC1(CCS(=O)(=O)C1)NC(=O)CSCC=2C=CC=C(Cl)C2,0.438,O=C(CSCc1ccccc1)NC1CCS(=O)(=O)C1
XS741280b,CC=1NN=C2N=CC(=CC12)C(=O)N(CC=3C=CC=CC3)CC4CCCO4,2.828,O=C(c1cnc2n[nH]cc2c1)N(Cc1ccccc1)CC1CCCO1
XS839257b,CC1C=2C=C(Cl)C=C(F)C2CCN1C=3C=CC(=NN3)P(C)(C)=O,1.828,c1cnnc(N2CCc3ccccc3C2)c1
XS837844b,CCN(CC)C(=O)C1CSCN1C(=O)C=2N=NN3CCCCCC23,2.17,O=C(c1nnn2c1CCCCC2)N1CCSC1
XS658593b,CC(NS(=O)(=O)N1CCCCCC1)C=2C=CC(=CC2)N3C=NC=N3,1.846,O=S(=O)(NCc1ccc(-n2cncn2)cc1)N1CCCCCC1
XS493098b,O=C(NC1CCCN(C1=O)C=2C=CC=CC2F)C=3C=NN4CCCCC34,3.68,O=C(NC1CCCN(c2ccccc2)C1=O)c1cnn2c1CCCC2
XS844748a,CN1N=C(C(=O)N2CCC(C2)NC=3C=CC=C(Cl)C3)C=4C=CC=CC41,1.06,O=C(c1n[nH]c2ccccc12)N1CCC(Nc2ccccc2)C1
XS723807b,CC(C)C1=NN=C2CCC(CN12)NC(=O)C=3C=CC(=NC3)OCC4CC4,0.77,O=C(NC1CCc2nncn2C1)c1ccc(OCC2CC2)nc1
XS496623b,CN1C=C(N=C1C2CCCN(C2)C(=O)C3=CNC(C#N)=C3)C(F)(F)F,0.622,O=C(c1cc[nH]c1)N1CCCC(c2ncc[nH]2)C1
XS058267c,COC1=CN(N=C1C(=O)N2CCCC(C2)C(F)(F)F)C=3C=CC=CC3,2.13,O=C(c1ccn(-c2ccccc2)n1)N1CCCCC1
XS844743a,COC1CCCN(C1)C(=O)C=2SC(=NC2C)C=3C=CC=C(Cl)C3,0.526,O=C(c1cnc(-c2ccccc2)s1)N1CCCCC1
XS838211b,CCOC(=O)C=1C=NC2=C(C(C)=NN2C)C1N3CCC(C3)N4C=NC=N4,3.562,c1cc(N2CCC(n3cncn3)C2)c2cn[nH]c2n1
XS842614b,COC=1C=C2CCN(CC2=CC1OC)C3SC=4C=CC=CC4NC3=O,2.8,O=C1Nc2ccccc2SC1N1CCc2ccccc2C1
XS838259b,CC1=NN(C(C)=C1P(=S)(N2CCCC2)C(C)(C)C)C=3C=CC=CC3,0.736,S=[PH](c1cnn(-c2ccccc2)c1)N1CCCC1
XS837104b,CC(NC(=O)C=1C=CC=NC1OC=2C=CC=CC2)C3=NN=C4C=CC=CN34,1.486,O=C(NCc1nnc2ccccn12)c1cccnc1Oc1ccccc1
XS839042b,O=C(NCC1CC(=O)N(C1)C=2C=CC(F)=CC2)NC=3C=C(Cl)C=CN3,1.65,O=C(NCC1CC(=O)N(c2ccccc2)C1)Nc1ccccn1
XS844758a,O=C(NCC1CCCO1)C=2C=CC=C(C2)CN3C(=O)C=4C=CC=CC4C3=O,15.562,O=C(NCC1CCCO1)c1cccc(CN2C(=O)c3ccccc3C2=O)c1
XS812725b,COC=1C=C(Cl)C(C)=CC1NC(=O)C2CC(=O)N(CC(F)(F)F)C2,1.59,O=C1CC(C(=O)Nc2ccccc2)CN1
XS837839b,CC1=CC(C)=NC(=N1)NC2CCCCN(CC3=NN(C)C(=O)N3C)C2=O,5.334,O=C1C(Nc2ncccn2)CCCCN1Cc1n[nH]c(=O)[nH]1
XS844753a,CC=1C(Cl)=CC=CC1NCC(=O)N2C=3C=CC=CC3NC(=O)CC2C,3.678,O=C1CCN(C(=O)CNc2ccccc2)c2ccccc2N1
XS560875b,COC=1C=CC=CC1N2CCN(CC3=NN=C(O3)C4CCCOC4)CC2,0.812,c1ccc(N2CCN(Cc3nnc(C4CCCOC4)o3)CC2)cc1
XS840735b,O=C(NC=1C=NN(C1)C=2N=CC=CN2)N3CCCC3CC=4C=CC=C(F)C4,5.226,O=C(Nc1cnn(-c2ncccn2)c1)N1CCCC1Cc1ccccc1
XS839434b,FC1=CC(=CC(F)=C1F)C2=CN(CC3CCCC4(CCOCC4)O3)N=N2,2.21,c1ccc(-c2cn(CC3CCCC4(CCOCC4)O3)nn2)cc1
XS844772a,O=C(CNC=1C=CC=CC1F)N2CCCC2C=3C=CC=4OCCCOC4C3,2.708,O=C(CNc1ccccc1)N1CCCC1c1ccc2c(c1)OCCCO2
XS844760a,O=C(NC1CCN(C1=O)C=2C=CC=C(C2)OC(F)(F)F)N3CCOCC3,0.758,O=C(NC1CCN(c2ccccc2)C1=O)N1CCOCC1
XS844763a,CC(C)C(NC(=O)C=1C=CC(Cl)=CC1Cl)C(=O)NC=2C=CN(C)N2,0.56,O=C(CNC(=O)c1ccccc1)Nc1cc[nH]n1
XS839174b,CCC=1C=C(C(C)=CC1OC)S(=O)(=O)NC2=CC=CN(C2=O)C(C)C#N,2.94,O=c1[nH]cccc1NS(=O)(=O)c1ccccc1
XS844770a,CC=1C=C2OC=C(CC(=O)N3CCCC(C3)C(=O)NCC4CC4)C2=CC1C,1.774,O=C(NCC1CC1)C1CCCN(C(=O)Cc2coc3ccccc23)C1
XS841674b,CN1CCOC=2C=CC(=CC21)C(=O)NCC3CCC4(CCC(C)(C)CC4)O3,0.814,O=C(NCC1CCC2(CCCCC2)O1)c1ccc2c(c1)NCCO2
XS844761a,CC1(C)CCC=2C=CC=CC2C1NC(=O)CCC3=NC=4C=CC=CC4C(=O)N3,3.738,O=C(CCc1nc2ccccc2c(=O)[nH]1)NC1CCCc2ccccc21
XS844764a,O=C1CCC=2C=C(C=CC2N1)S(=O)(=O)N3CCCC3CC=4C=CC=CC4,1.42,O=C1CCc2cc(S(=O)(=O)N3CCCC3Cc3ccccc3)ccc2N1
XS168807d,CCNC(=O)C(C)NC(=O)C=1SC(=NC1C=2C=CC=CC2)C3=CC=CO3,2.914,c1ccc(-c2csc(-c3ccco3)n2)cc1
XS840121b,CC=1C=CC=CC1OC(C)C(=O)N2CCN(CC2)C(=O)NC3=NC=CS3,1.424,O=C(COc1ccccc1)N1CCN(C(=O)Nc2nccs2)CC1
XS844775a,CCOC=1C=C(C=CC1Br)S(=O)(=O)N2CCCCC2CC,1.0,O=S(=O)(c1ccccc1)N1CCCCC1
XS844792a,CC=1C=CC=C2NC(CC12)C(=O)N3CCN(CC=4C=CC5=CC=CC=C5N4)CC3,2.732,O=C(C1Cc2ccccc2N1)N1CCN(Cc2ccc3ccccc3n2)CC1
XS844787a,COC=1C=CC(=CC1)C2CCCN2C(=O)CCC3=NC=4C=CC=CC4C(=O)N3,2.594,O=C(CCc1nc2ccccc2c(=O)[nH]1)N1CCCC1c1ccccc1
XS716569b,CCC=1C=CC(=CC1)N2CC(CC2=O)C(=O)N3CCN(CC3)C=4C=CC=CN4,6.754,O=C(C1CC(=O)N(c2ccccc2)C1)N1CCN(c2ccccn2)CC1
XS840122b,COC=1C=CC=2CC(COC2C1)NC(=O)NCC=3C=CC=NC3N4C=CN=C4,1.658,O=C(NCc1cccnc1-n1ccnc1)NC1COc2ccccc2C1
XS844781a,CC1=CC(=NO1)NC(=O)C(C)OC(=O)C=2C=CC(=CC2)S(=O)(=O)N(C)C,0.994,O=C(COC(=O)c1ccccc1)Nc1ccon1
XS844778a,CC=1NC2=NC(=NN2C(C=3C=CN=CC3)C1C(N)=O)SCC=4C=CC=CC4,7.484,C1=CC(c2ccncc2)n2nc(SCc3ccccc3)nc2N1
XS566776b,O=C(C1CC(=O)N(C1)C=2C=CC(F)=CC2)N3CCOCC4(CCOCC4)C3,4.674,O=C(C1CC(=O)N(c2ccccc2)C1)N1CCOCC2(CCOCC2)C1
XS844793a,O=C(NCCC=1C=CC=C(O)C1)C=2CCC(=O)N(N2)C3CCS(=O)(=O)C3,1.944,O=C(NCCc1ccccc1)C1=NN(C2CCS(=O)(=O)C2)C(=O)CC1
XS844790a,CC=1OC(=CC1S(=O)(=O)N2CCCC2)C(=O)NC(C)C=3C=CC=CC3F,1.31,O=C(NCc1ccccc1)c1cc(S(=O)(=O)N2CCCC2)co1
XS836556b,OCC1=CN(N=N1)C2CCCN(C2)C=3C=CC4=C(Cl)C=CC(Cl)=C4N3,0.486,c1ccc2nc(N3CCCC(n4ccnn4)C3)ccc2c1
XS844789a,O=C(NC1=CC=NN1C2CCCCC2)C3CC(=O)N(C3)C=4C=CC=C(Cl)C4,1.53,O=C(Nc1ccnn1C1CCCCC1)C1CC(=O)N(c2ccccc2)C1
XS844786a,O=C(C=1C=CC=C(C1)OC=2C=CC=CC2)N3CCN(CC3)C(=O)C4CCCO4,1.778,O=C(c1cccc(Oc2ccccc2)c1)N1CCN(C(=O)C2CCCO2)CC1
XS840553b,CC(OC(=O)C=1C=CC(Br)=C(C1)S(=O)(=O)N(C)C)C(N)=O,0.622,c1ccccc1
XS844783a,CC(=O)NCC1CCN2N=CC(C(=O)NCC=3C=CC(=CC3F)C4CC4)=C2C1,2.474,O=C(NCc1ccc(C2CC2)cc1)c1cnn2c1CCCC2
XS844784a,COC(=O)CC(NC(=O)C=1C=CC(=NC1)N2CCOCC2)C=3C=CC(C)=CC3,0.686,O=C(NCc1ccccc1)c1ccc(N2CCOCC2)nc1
XS844782a,COC=1C=CC(=CC1Cl)NC(=O)C(C)NC=2C=CC(=CC2)N3CCCC3=O,15.746,O=C(CNc1ccc(N2CCCC2=O)cc1)Nc1ccccc1
XS844780a,COC=1C=CC(=CC1OC)C2=NOC(CCC(=O)NC(C)C=3C=CN=CC3)=N2,1.8,O=C(CCc1nc(-c2ccccc2)no1)NCc1ccncc1
XS841279b,O=S(=O)(CC1CCCO1)NC=2C=CC(=CC2)OC=3C=CN=C4C=CC=CC34,0.742,O=S(=O)(CC1CCCO1)Nc1ccc(Oc2ccnc3ccccc23)cc1
XS844801a,CC(=O)NC1CCCN(C1)C(=O)CCCN(C)S(=O)(=O)C=2C=CC(F)=CC2,0.772,O=C(CCCNS(=O)(=O)c1ccccc1)N1CCCCC1
XS844798a,CN(CC=1C=CC(=CC1)C(=O)NC2CC2)C(=O)C3CC(=NO3)C=4C=CC=C(F)C4,5.622,O=C(NC1CC1)c1ccc(CNC(=O)C2CC(c3ccccc3)=NO2)cc1
XS844799a,CC1=NC(=CS1)C2=CNC(=C2)C(=O)NC(CN3CCCC3=O)C=4C=CC=CC4,2.816,O=C(NC(CN1CCCC1=O)c1ccccc1)c1cc(-c2cscn2)c[nH]1
XS185098b,CC1=CC=C(O1)C(CNC(=O)CC2=COC=3C(C)=C(C)C=CC23)N4CCOCC4,0.462,O=C(Cc1coc2ccccc12)NCC(c1ccco1)N1CCOCC1
XS737994b,CC1=NOC=2N=C(C=C(C(=O)NC(C)C(=O)N3CCCC3)C12)C=4C=CC=CC4F,2.726,O=C(NCC(=O)N1CCCC1)c1cc(-c2ccccc2)nc2oncc12
XS719403b,CC=1C=CC(=CC1C)S(=O)(=O)N2CCN(CC2)C(=O)C(C)CN3C=NC=N3,4.75,O=C(CCn1cncn1)N1CCN(S(=O)(=O)c2ccccc2)CC1
XS132352b,COCCOC=1C=CC(=CC1NC(=O)C2COC=3C=CC=CC3O2)C(F)(F)F,1.984,O=C(Nc1ccccc1)C1COc2ccccc2O1
XS841869b,CC1(C)CC=2C=CC(C(=O)NCC3CCC4=NN=C(C(F)F)N4C3)=C(O)C2O1,1.874,O=C(NCC1CCc2nncn2C1)c1ccc2c(c1)OCC2
XS837527b,COC=1C=CC=C(C1)NC=2C=CC(=NC2)NC(=O)NC3CC=4C=CC=C(O)C4C3,0.454,O=C(Nc1ccc(Nc2ccccc2)cn1)NC1Cc2ccccc2C1
XS836775b,COC=1C=CC(=CC1)N2C(=O)C=3C=CC=CC3N(C)C2C=4N=C(C)N5C=CC=CC45,10.53,O=C1c2ccccc2NC(c2ncn3ccccc23)N1c1ccccc1
XS840501b,NC(=O)NC(CC=1C=CC=CC1)C(=O)NNC(=O)COC=2C=CC=CC2Cl,0.66,O=C(CCc1ccccc1)NNC(=O)COc1ccccc1
XS427749b,O=S(=O)(C=1C=CC(=NC1)NC2CCCN(C2)C=3N=CC=CN3)N4CCCC4,1.316,O=S(=O)(c1ccc(NC2CCCN(c3ncccn3)C2)nc1)N1CCCC1
XS844797a,CNC(=O)CN1C=2C=CC=CC2C(=O)N(C)C1C3=CC=C(O3)C=4C=CC(F)=CC4,1.288,O=C1NC(c2ccc(-c3ccccc3)o2)Nc2ccccc21
XS839015b,O=C(NCC1CCN(C1)C(=O)C2=CSC=3C=CN=CC23)C=4NN=CC4Cl,2.35,O=C(NCC1CCN(C(=O)c2csc3ccncc23)C1)c1ccn[nH]1
XS836999b,CCCCN(CC=1C=CC=C(C1)C2=NOC(=O)N2)C(=O)C3CCN4N=NN=C4C3,0.854,O=C(NCc1cccc(-c2noc(=O)[nH]2)c1)C1CCn2nnnc2C1
XS841331b,CN1N=CC=C1C=2C=CC(=CC2)CNC(=O)N3CC4(CCC4)C3C5CCOCC5,0.396,O=C(NCc1ccc(-c2ccn[nH]2)cc1)N1CC2(CCC2)C1C1CCOCC1
XS844796a,COC1=CC(=CC(OC)=C1OC)C(=O)NC(C)C=2C=CC(Br)=CC2,2.406,O=C(NCc1ccccc1)c1ccccc1
XS844800a,CN(C=1C=CC=CC1)C=2C=CC=CC2NC(=O)C3CC(=O)NC=4C=C(F)C=CC43,0.664,O=C1CC(C(=O)Nc2ccccc2Nc2ccccc2)c2ccccc2N1
XS844802a,CC1=CC(CNC(=O)C2CC(=O)N(C2)C=3C=CC(Br)=C(C)C3)=NO1,1.496,O=C(NCc1ccon1)C1CC(=O)N(c2ccccc2)C1
XS840953b,O=C(NCCNC(=O)C1COC=2C=C(Cl)C=CC2O1)C3=CN4C=CC=CC4=C3,0.782,O=C(NCCNC(=O)C1COc2ccccc2O1)c1cc2ccccn2c1
XS844814a,CC=1C=CC(=CC1)NC(=O)C(C=2C=CC=CC2)N3CCC(CC3)C(=O)N4CCCCC4,0.932,O=C(Nc1ccccc1)C(c1ccccc1)N1CCC(C(=O)N2CCCCC2)CC1
XS844804a,CC(=O)N(CC=1C=CC(=CC1)NC(=O)C(=O)NC(CCO)C=2C=CC=CC2)C3CC3,7.124,O=C(NCc1ccccc1)C(=O)Nc1ccc(CNC2CC2)cc1
XS844819a,CCOC=1C=CC=CC1CNC(=O)C2CCCN(C2)S(=O)(=O)C=3C=CC=CC3,1.176,O=C(NCc1ccccc1)C1CCCN(S(=O)(=O)c2ccccc2)C1
XS709151b,CC1CC=2C=CC=CC2N1C(=O)C=3C=CC(F)=C(C3)S(=O)(=O)N4CCOCC4,1.606,O=C(c1cccc(S(=O)(=O)N2CCOCC2)c1)N1CCc2ccccc21
XS844806a,CC1=C(N=NN1CCOC=2C=CC(F)=CC2)C(=O)NC3CCCOC=4C=CC=CC43,0.472,O=C(NC1CCCOc2ccccc21)c1cn(CCOc2ccccc2)nn1
XS844815a,CC(C#N)(NC(=O)CN1CCN(CC1)S(=O)(=O)C2=CC=C(Cl)S2)C3CC3,1.346,O=C(CN1CCN(S(=O)(=O)c2cccs2)CC1)NCC1CC1
XS844810a,O=C(NCC(C=1C=CC(F)=CC1)N2CCOCC2)C=3C=CC=4NC=5CCCCC5C4C3,0.58,O=C(NCC(c1ccccc1)N1CCOCC1)c1ccc2[nH]c3c(c2c1)CCCC3
XS840096b,CC(C1=NC(=NO1)C(C)(C)C)N2CCN(CC2)S(=O)(=O)C3=CC=C(Cl)S3,0.778,O=S(=O)(c1cccs1)N1CCN(Cc2ncno2)CC1
XS840529b,COCC1=NC(=CS1)C(=O)N2CCNC(=O)C2C=3C=CC=CC3Br,8.91,O=C1NCCN(C(=O)c2cscn2)C1c1ccccc1
XS844807a,COC=1C=CC=C2CCC(C(=O)NC=3C=CC(=CN3)N4CCN(CC4)C(=O)C5CC5)C12,2.538,O=C(Nc1ccc(N2CCN(C(=O)C3CC3)CC2)cn1)C1CCc2ccccc21
XS844831a,CC=1C=CC(C)=C(C1)OC=2C=CC(=CN2)CNC(=O)C3CCCN(C3)C(=O)N4CCCC4,1.042,O=C(NCc1ccc(Oc2ccccc2)nc1)C1CCCN(C(=O)N2CCCC2)C1
XS840043b,CCOC(=O)C(CC=1C=CC=CC1)N(C)S(=O)(=O)C=2C=CC=3NC(=O)NC(=O)C3C2,0.624,O=c1[nH]c(=O)c2cc(S(=O)(=O)NCCc3ccccc3)ccc2[nH]1
XS844829a,CC1CC=2C=CC=CC2N1S(=O)(=O)C=3C=CC=C(C3)C(=O)NCCCN4CCCC4=O,1.712,O=C(NCCCN1CCCC1=O)c1cccc(S(=O)(=O)N2CCc3ccccc32)c1
XS844821a,CC(C)N(CC(=O)N1C=2C=CC=CC2NC(=O)CC1C)CC3=NC=4C=CC=CC4C(=O)N3,2.878,O=C1CCN(C(=O)CNCc2nc3ccccc3c(=O)[nH]2)c2ccccc2N1
XS844828a,COC=1C=CC=2N=C(NC(=O)C3CC(=O)N(C3)C=4C=CC=5OCCOC5C4)SC2C1,5.358,O=C(Nc1nc2ccccc2s1)C1CC(=O)N(c2ccc3c(c2)OCCO3)C1
XS842658b,CCN1C(=O)N(CC)C=2N=C(C=CC21)NC(=O)CCC(=O)NC(C)C=3C=C(C)C=CC3C,1.184,O=C(CCC(=O)Nc1ccc2[nH]c(=O)[nH]c2n1)NCc1ccccc1
XS844822a,CN(C(=O)COC(=O)C=1C2=CC=CC=C2N=C3CCCCCC13)C4CCS(=O)(=O)C4,1.046,O=C(COC(=O)c1c2c(nc3ccccc13)CCCCC2)NC1CCS(=O)(=O)C1
XS844830a,O=C(COC=1C=CC(Cl)=CC1)N(CC2=NC=3C=CC=CC3C(=O)N2)CC4CCCO4,0.788,O=C(COc1ccccc1)N(Cc1nc2ccccc2c(=O)[nH]1)CC1CCCO1
XS840386b,CC(C(=O)NC=1C=CC(F)=C(F)C1F)N2CCN(CC2)S(=O)(=O)N3CCCCCC3,0.39,O=C(CN1CCN(S(=O)(=O)N2CCCCCC2)CC1)Nc1ccccc1
MR045724c,CNS(=O)(=O)C1CCCN(C1)C(=O)NCC=2C=CC(OC=3C=CC=CC3F)=C(F)C2,0.472,O=C(NCc1ccc(Oc2ccccc2)cc1)N1CCCCC1
XS844820a,CC(SC1=NN=C(O1)C2=CNC=3C=CC=CC23)C(=O)N4CCN(CC4)S(=O)(=O)C=5C=CC=CC5,2.622,O=C(CSc1nnc(-c2c[nH]c3ccccc23)o1)N1CCN(S(=O)(=O)c2ccccc2)CC1
XS836738b,CN1C=NN=C1CNC(=O)C2CCCN(C2)S(=O)(=O)C3=CC=C(Br)S3,2.01,O=C(NCc1nnc[nH]1)C1CCCN(S(=O)(=O)c2cccs2)C1
XS073481b,O=C(NC=1C=CC=CC1O)C2CCCN(C2)S(=O)(=O)C3=CC=C(Br)S3,0.738,O=C(Nc1ccccc1)C1CCCN(S(=O)(=O)c2cccs2)C1
XS844844a,CC(CC1=CC=CO1)NC(=O)C=2C=CC(O)=NC2,0.39,O=C(NCCc1ccco1)c1cccnc1
XS844845a,O=C(NC=1C=NNC1)C2COC=3C=CC=CC3O2,0.412,O=C(Nc1cn[nH]c1)C1COc2ccccc2O1
XS844839a,CC(NC(=O)C1=CC=CN1)C=2C=CC=CC2,0.722,O=C(NCc1ccccc1)c1ccc[nH]1
XS842111b,CCN1CCN(C(=O)C(C)(C)C#N)C(C)C1=O,1.012,O=C1CNCCN1
XS842123b,NC(C1=NNC(=N1)C2=CC=CS2)C(F)(F)F,1.018,c1csc(-c2ncn[nH]2)c1
XS840558b,CC1CSC=2C=CC(Cl)=CC2NC1=O,0.522,O=C1CCSc2ccccc2N1
XS844846a,CC(C)C(=O)NC1CCCC2=C1C=NN2C,1.216,c1n[nH]c2c1CCCC2
XS841097b,CC#CC(=O)N1CC(C)CC=2C=CC=C(O)C21,1.032,c1ccc2c(c1)CCCN2
XS844841a,CN1CC(CC1=O)C2=NN=C3CCCCCCN23,1.918,O=C1CC(c2nnc3n2CCCCCC3)CN1
XS841038b,CCN(CC(C)C#N)C(=O)CN1N=CSC1=O,0.784,O=c1[nH]ncs1
XS844856a,CCCCNC(=O)CS(=O)CC=1C=CC=C(C)C1,1.392,c1ccccc1
XS717280b,CC(SC1=NC=C(O1)C=2C=CC(F)=CC2)C(N)=O,0.424,c1ccc(-c2cnco2)cc1
XS844850a,CC1C2=CC=CN2CCN1C(=O)NC=3C=CC=NC3,3.544,O=C(Nc1cccnc1)N1CCn2cccc2C1
XS837050b,COCCN1N=NN=C1NC(=O)C(OC)C(C)C,1.742,c1nnn[nH]1
XS842561b,O=C(NCC1CCCC21CC2)C=3N=CN=C4NC=NC34,0.352,O=C(NCC1CCCC12CC2)c1ncnc2[nH]cnc12
XS844854a,CCOC=1C=CC(=CC1)C(=O)NC(C)C=2C=CN=CC2,1.138,O=C(NCc1ccncc1)c1ccccc1
XS844849a,CCCNC(=O)C(C)NC(=O)C1=C(C)OC(C)=C1C,3.256,c1ccoc1
XS844863a,O=C(O)C1CCCN(C1)C2=NC=3C=CC=CC3S2,0.772,c1ccc2sc(N3CCCCC3)nc2c1
XS645014b,O=C(O)C1CC(=O)N(CC2=CSC=3C=CC=CC23)C1,0.446,O=C1CCCN1Cc1csc2ccccc12
XS844874a,CC=1C=NC(=CN1)C(=O)NCC(C)N(C)C=2C=CC=CC2,0.426,O=C(NCCNc1ccccc1)c1cnccn1
XS844864a,CCC1=CC=C(O1)C(=O)N2CCCC(C2)C3=CC=NN3,0.754,O=C(c1ccco1)N1CCCC(c2ccn[nH]2)C1
XS842232b,CC1C(=O)N(C)CN1S(=O)(=O)CC2CC3(CCC3)C2,2.912,O=C1CN(S(=O)(=O)CC2CC3(CCC3)C2)CN1
XS837792b,CN1N=CC(C(=O)NCCC(C)(O)C(F)(F)F)=C1N,0.656,c1cn[nH]c1
XS844875a,O=C(C=1C=CC=NC1)N2CCCCC2C=3C=CC(O)=NC3,3.714,O=C(c1cccnc1)N1CCCCC1c1cccnc1
XS841791b,CCOC=1C=C(N=CN1)N2CCS(=O)(=O)CC(C)C2,0.45,O=S1(=O)CCCN(c2ccncn2)CC1
XS742046b,COC=1C=CC(=CC1)CC(=O)N2CCCC(O)(C2)C(N)=O,0.588,O=C(Cc1ccccc1)N1CCCCC1
XS844886a,COC=1C=CC(=CC1)C=2CC(C=3C=CC=CC3)N(N2)C(C)=O,1.496,c1ccc(C2=NNC(c3ccccc3)C2)cc1
XS844885a,CC(NC(=O)C=1C=CC=NC1)C=2C=CC=3NC(=O)CCC3C2,1.852,O=C1CCc2cc(CNC(=O)c3cccnc3)ccc2N1
XS581617b,CC(C)CC1CCCCN1C(=O)C=2NC(=O)NC(=O)C2N,0.56,O=C(c1cc(=O)[nH]c(=O)[nH]1)N1CCCCC1
XS844882a,CN(C(=O)C=1C=CC=C2C=NNC12)C3CCS(=O)(=O)C3,13.754,O=C(NC1CCS(=O)(=O)C1)c1cccc2cn[nH]c12
XS844887a,CCC1=NN=C2CCC(CN12)NC(=O)CCC3=CC=CO3,0.624,O=C(CCc1ccco1)NC1CCc2nncn2C1
XS828778b,CN1C=C(C=N1)CC(=O)N2CCCC(C2)C3=NC=CS3,0.682,O=C(Cc1cn[nH]c1)N1CCCC(c2nccs2)C1
XS840086b,CC1=CC(CC(C)NC=2N=CC=C(N2)C=3C=NC=CN3)=NN1,0.716,c1cnc(-c2ccnc(NCCc3cc[nH]n3)n2)cn1
XS844878a,CC1=CSC(=N1)C2CCCCN2C(=O)C3=CC=CN3C,1.58,O=C(c1ccc[nH]1)N1CCCCC1c1nccs1
XS844880a,CC=1C=NN(C1)C2CCCN(C2)C(=O)C=3OC=C(C)C3C,0.638,O=C(c1ccco1)N1CCCC(n2cccn2)C1
XS840403b,CC=1C=CC(C(=O)NNC(C(N)=O)C=2C=CC=CC2)=C(C)C1,0.74,O=C(NNCc1ccccc1)c1ccccc1
XS544766b,CNC(=O)C1CC(=O)N(C1)C2CN(C2)C=3N=CC(C)=CN3,3.562,O=C1CCCN1C1CN(c2ncccn2)C1
XS842654b,CN(C(=O)N1CCCCC1(C)C(N)=O)C=2C=CC(F)=CC2,0.926,O=C(Nc1ccccc1)N1CCCCC1
XS844895a,CC=1C=C(C(=O)N2CCCCCC2C=3C=CN=CC3)N(C)N1,1.126,O=C(c1ccn[nH]1)N1CCCCCC1c1ccncc1
XS441368b,CCC=1OC(=CC1C)C(=O)N2CCCCC2C3=NNC(C)=N3,4.724,O=C(c1ccco1)N1CCCCC1c1nc[nH]n1
XS438879b,O=S1(=O)CCC(C1)N2N=NN=C2C=3C=CC(Cl)=CC3,1.712,O=S1(=O)CCC(n2nnnc2-c2ccccc2)C1
XS837285b,C#CC=1C=CC=C(C1)C(=O)NC2(CCCOC2)C=3C=CC=CC3,1.12,O=C(NC1(c2ccccc2)CCCOC1)c1ccccc1
XS840508b,CC(CC1=CC=CS1)N(C)S(=O)(=O)CC=2C=CON2,0.464,O=S(=O)(Cc1ccon1)NCCc1cccs1
XS844891a,CC(C)(C)C=1C=CC(=CC1)C2=NN=C3CCC(CN23)C(=O)O,2.048,c1ccc(-c2nnc3n2CCCC3)cc1
XS663162b,O=C(NC=1C=CC(=NC1)OC=2C=CC=CC2)C3CCCOC3,1.158,O=C(Nc1ccc(Oc2ccccc2)nc1)C1CCCOC1
XS844896a,CC=1C=CC=NC1NC(=O)C2CC(=NO2)C=3C=CC=C(F)C3,9.156,O=C(Nc1ccccn1)C1CC(c2ccccc2)=NO1
XS581828b,CC=1C=CC=CC1NC(=O)C2CSCN2C(=O)C3CCC3,2.224,O=C(Nc1ccccc1)C1CSCN1C(=O)C1CCC1
XS844889a,COC=1C=CC(=CC1F)C(C)NC(=O)NCC=2C=CC=CC2,0.444,O=C(NCc1ccccc1)NCc1ccccc1
XS839331b,COC(=O)C=1C=C(C#N)N=CC1NCC2CNC(=O)C2(F)F,3.396,O=C1CC(CNc2cccnc2)CN1
XS844912a,CC=1C=CC=NC1NC(=O)NC(C)C=2C=CC=3OCCOC3C2,0.444,O=C(NCc1ccc2c(c1)OCCO2)Nc1ccccn1
XS844902a,CC1(CCN(CC=2C=CC=C(C2)OC=3C=CC=CC3)C1)C(=O)O,0.538,c1ccc(Oc2cccc(CN3CCCC3)c2)cc1
XS842632b,CC(OC(=O)C=1C=CC=C2N=NNC12)C(=O)NC=3N=CC=CN3,1.286,O=C(COC(=O)c1cccc2nn[nH]c12)Nc1ncccn1
XS844908a,COC=1C=CC(=CC1)C(NC(=O)C=2C=CN(C)C(=O)C2)C3CC3,2.974,O=C(NC(c1ccccc1)C1CC1)c1cc[nH]c(=O)c1
XS844905a,O=C(C1=CC=CN1)N2CCOCC2CC3=CNC=4C=CC=CC34,0.446,O=C(c1ccc[nH]1)N1CCOCC1Cc1c[nH]c2ccccc12
XS844910a,CN1CCC(CC1=O)C(=O)NCC2=NN=CN2C=3C=CC=CC3,13.16,O=C1CC(C(=O)NCc2nncn2-c2ccccc2)CCN1
XS844909a,CC1=CN=C(NC(=O)C2CC(=O)N(CC(F)(F)F)C2)S1,0.742,O=C1CC(C(=O)Nc2nccs2)CN1
XS572391b,COC1CCCCN(CC(=O)NCC=2C(C)=NOC2C)C1=O,1.2,O=C(CN1CCCCCC1=O)NCc1cnoc1
XS844923a,O=C(NCCC=1C=CC=CC1F)C2CCCN(C2)C(=O)C3CC3,0.866,O=C(NCCc1ccccc1)C1CCCN(C(=O)C2CC2)C1
XS157712b,CC(NC(=O)NC=1C=CC=CC1)C(=O)NCC=2C=CC=CC2F,0.532,O=C(CNC(=O)Nc1ccccc1)NCc1ccccc1
XS837518b,CC1=NN(C)C(C)=C1CCCNC(=O)C2CCC=3NN=NC3C2,8.242,O=C(NCCCc1cn[nH]c1)C1CCc2[nH]nnc2C1
XS398425b,COC=1C=CC=CC1NC(=O)C(C)OC(=O)C=2C(C)=NOC2C,1.224,O=C(COC(=O)c1cnoc1)Nc1ccccc1
XS844919a,CC(NC1=C(C#N)C(=O)N(C)C(=O)N1C)C=2C=CC=C(Cl)C2,2.51,O=c1cc(NCc2ccccc2)[nH]c(=O)[nH]1
XS581950b,CN1C(=O)C=CN(CC(=O)N2CCCC(C2)N3C=CC=N3)C1=O,3.774,O=C(Cn1ccc(=O)[nH]c1=O)N1CCCC(n2cccn2)C1
XS838483b,CC1(CC=2C=CC=CC2NC1=O)C(=O)N3CC4(C3)CNC(=O)N4,7.904,O=C1NCC2(CN(C(=O)C3Cc4ccccc4NC3=O)C2)N1
XS815497b,CC1(CCS(=O)(=O)C1)NC(=O)CC=2C=CC3=CC=CC=C3C2,0.426,O=C(Cc1ccc2ccccc2c1)NC1CCS(=O)(=O)C1
XS841629b,CC1C=2C=NC=CC2CCN1C=3C=C(N=CN3)OC=4C=CC=CC4,1.374,c1ccc(Oc2cc(N3CCc4ccncc4C3)ncn2)cc1
XS844925a,CCC=1N=C(CCNC(=O)C2CC(=O)N(C2)C3CC3)SC1C,2.448,O=C(NCCc1nccs1)C1CC(=O)N(C2CC2)C1
XS825855b,COC=1C=CC(=CC1)CNC(=O)CC2OC=3C=CC=CC3NC2=O,0.582,O=C(CC1Oc2ccccc2NC1=O)NCc1ccccc1
XS844931a,O=C(CC=1C=CC(Br)=CC1)NC2CCCCNC2=O,0.52,O=C(Cc1ccccc1)NC1CCCCNC1=O
XS844937a,CC(C)C(C(=O)NCCOC=1C=CC(F)=CC1)N2CCCC2=O,0.658,O=C(CN1CCCC1=O)NCCOc1ccccc1
XS844933a,CCNC(=O)NC(=O)C(C)NC=1C=C(OC)C(OC)=C(C1)OC,1.322,c1ccccc1
XS838181b,CC1=CC=CN2C=C(C=C12)C(=O)N3CCOCC3C4=NC=NN4C,1.918,O=C(c1cc2ccccn2c1)N1CCOCC1c1ncn[nH]1
XS738077b,CN(CC(=O)NC(C=1C=CC=CC1)C2CCCC2)S(C)(=O)=O,4.082,c1ccc(CC2CCCC2)cc1
XS839272b,NS(=O)(=O)C=1C=NC=CC1N2CCCC3(CCCC(=O)N3)C2,0.444,O=C1CCCC2(CCCN(c3ccncc3)C2)N1
XS838159b,COC=1C=CC(=CC1Br)C(NC(C)=O)C(F)(F)F,0.412,c1ccccc1
XS839033b,CCN1CCCC(C1=O)N2C=C(N=N2)C3=C4CCCCC4=NN3C,4.632,O=C1NCCCC1n1cc(-c2[nH]nc3c2CCCC3)nn1
XS844943a,COC=1C=CC=C(C1)CCNC(=O)N2CCCC2C3=CC(C)=NO3,4.846,O=C(NCCc1ccccc1)N1CCCC1c1ccno1
XS844939a,CCCCOC=1C=CC(=CC1)C(=O)N2CCCC(C2)N3C=NC=N3,7.306,O=C(c1ccccc1)N1CCCC(n2cncn2)C1
XS844938a,COC1=CC(=CC(OC)=C1C)C(=O)N2CCCC(C2)N3C=NC=N3,5.62,O=C(c1ccccc1)N1CCCC(n2cncn2)C1
XS839497b,CC=1NN=CC1C(=O)N2CCC3(CC3C4=NN=C(O4)C(C)C)CC2,2.078,O=C(c1cn[nH]c1)N1CCC2(CC1)CC2c1nnco1
XS613803b,O=C(C1=CC=2C(F)=CC=CC2N1)N3CCCC(C3)N4CCNC4=O,13.402,O=C(c1cc2ccccc2[nH]1)N1CCCC(N2CCNC2=O)C1
XS842635b,CCC1CCC=2C=CC=CC2N1C(=O)C=3N=C(C=C(N3)OC)OC,3.672,O=C(c1ncccn1)N1CCCc2ccccc21
XS559839b,CCC(=O)N1CCCCC1C(=O)N2CCN(C)C=3C=CC=CC3C2,3.728,O=C(C1CCCCN1)N1CCNc2ccccc2C1
XS839676b,O=C1OC(CN2C=NC=3C=CSC3C2=O)CN1C=4C=CC=CC4,2.33,O=C1OC(Cn2cnc3ccsc3c2=O)CN1c1ccccc1
XS756934b,CCC=1C=CC(=CC1)OCC(=O)NC(C(=O)NC)C=2C=CC=CC2,0.636,O=C(COc1ccccc1)NCc1ccccc1
XS789715b,O=C(NC=1C=CC=C(Br)C1)C2COC=3C=CC=CC3O2,1.378,O=C(Nc1ccccc1)C1COc2ccccc2O1
XS836808b,N#CC=1C=C2CCCC2=NC1N3CCC(C3)S(=O)(=O)NC4CC4,2.12,O=S(=O)(NC1CC1)C1CCN(c2ccc3c(n2)CCC3)C1
XS586888b,CN1N=NC=C1CC(=O)NC2CCN(C2=O)C=3C=CC=CC3Cl,1.03,O=C(Cc1cnn[nH]1)NC1CCN(c2ccccc2)C1=O
XS836912b,CC1CS(=O)(=O)CCN1C(=O)C=2C=CC=C(C2N)C(F)(F)F,0.58,O=C(c1ccccc1)N1CCS(=O)(=O)CC1
XS844948a,COC=1C=CC(=CC1OC)C(=O)NC(C2=NC=C(C)S2)C3CC3,0.934,O=C(NC(c1nccs1)C1CC1)c1ccccc1
XS838922b,CCC1(CN2C=C(N=N2)C(=O)N3CC(C)OC4(CCC4)C3)COC1,2.486,O=C(c1cn(CC2COC2)nn1)N1CCOC2(CCC2)C1
XS739703b,COC1=CC=CC(OC)=C1S(=O)CC2=NN=C(C3CCC3)N2C,2.414,O=S(Cc1nnc(C2CCC2)[nH]1)c1ccccc1
XS844947a,O=C(CCOC=1C=CC=CC1F)N2CCCCC2C3=NC=CS3,0.814,O=C(CCOc1ccccc1)N1CCCCC1c1nccs1
XS844952a,O=C(NCCC1=CNC=2C=CC=CC12)C3CC(=NO3)C=4C=CN=CC4,2.132,O=C(NCCc1c[nH]c2ccccc12)C1CC(c2ccncc2)=NO1
XS844955a,CC=1C=CC=2N=CN(CC(=O)N3C=4C=CC=CC4CC3C)C(=O)C2C1,0.81,O=C(Cn1cnc2ccccc2c1=O)N1CCc2ccccc21
XS844954a,COC=1C=CC=CC1C2=CC(=NO2)C(=O)N(C)C(C)C=3C=CC=CC3,0.604,O=C(NCc1ccccc1)c1cc(-c2ccccc2)on1
XS776371b,CC1=NC(=NN1)C2CCCCN2C(=O)CC=3C=CC(F)=CC3Cl,2.984,O=C(Cc1ccccc1)N1CCCCC1c1nc[nH]n1
XS844945a,CC1=C(C=NN1C=2C=CC=CC2)C(=O)N3CCCC(C3)N4C=CC=N4,2.114,O=C(c1cnn(-c2ccccc2)c1)N1CCCC(n2cccn2)C1
XS844946a,CCC1=NC(=CS1)CC(=O)N2CCCC(C2)N3N=C(C)N=C3C,1.234,O=C(Cc1cscn1)N1CCCC(n2cncn2)C1
XS842631b,NC(=O)C1CC(=NN1C=2C=CC=CC2)C3=NC(=NO3)C=4C=CSC4,0.562,c1ccc(N2CCC(c3nc(-c4ccsc4)no3)=N2)cc1
XS744912b,O=C(C=1C=CC(=NN1)N2CCCC2)N3CCCC3CC=4C=CC=CC4,6.064,O=C(c1ccc(N2CCCC2)nn1)N1CCCC1Cc1ccccc1
XS144973b,O=C(NC=1C=CC=2OCOC2C1)C(CC=3C=CC=CC3)N4C=NN=N4,1.262,O=C(Nc1ccc2c(c1)OCO2)C(Cc1ccccc1)n1cnnn1
XS844960a,CC(C(=O)NCC(C)(C)C=1C=CC(Cl)=C(Cl)C1)N2C=NC=N2,0.45,O=C(Cn1cncn1)NCCc1ccccc1
XS601254b,CC1=CSC(=N1)C2COCCN2C(=O)NCCC3=CSC=N3,0.428,O=C(NCCc1cscn1)N1CCOCC1c1nccs1
XS837233b,CC1(CN(C1)C(=O)NC2CC=CCC2)C3=NN=C(O3)C=4C=CC=NC4,0.584,O=C(NC1CC=CCC1)N1CC(c2nnc(-c3cccnc3)o2)C1
XS685978b,CN(CC1COC=2C=CC=CC2O1)C(=O)CC3=NOC=4C=CC=CC34,1.392,O=C(Cc1noc2ccccc12)NCC1COc2ccccc2O1
XS182955d,COC1=CC(=CC(OC)=C1OC)CNC(=O)CN2CCOC(C)C2,9.514,O=C(CN1CCOCC1)NCc1ccccc1
XS844956a,COCC1=C(OC=2C=CC=CC12)C(=O)N3CCCC(C3)N4C=CC=N4,0.392,O=C(c1cc2ccccc2o1)N1CCCC(n2cccn2)C1
XS844958a,O=C(C1=CC=2C(Cl)=CC=CC2N1)N3CCC(CC=4C=CN=CC4)C3,0.77,O=C(c1cc2ccccc2[nH]1)N1CCC(Cc2ccncc2)C1
XS705066b,CN(CC1=CC(=O)N2C=CC=CC2=N1)CC3COC=4C=CC=CC4O3,0.508,O=c1cc(CNCC2COc3ccccc3O2)nc2ccccn12
XS844961a,COC=1C=CC=CC1N2CC(CC2=O)C(=O)NCC=3C=CC=CC3O,0.582,O=C(NCc1ccccc1)C1CC(=O)N(c2ccccc2)C1
XS628803b,CC(NC(=O)CCC=1C=CC=2OCOC2C1)C3=NN=C4C=CC=CN34,1.802,O=C(CCc1ccc2c(c1)OCO2)NCc1nnc2ccccn12
XS822867b,O=C(CCN1C(=O)OC=2C=CC=CC21)N3CCCC(C3)C4=CC=NN4,0.548,O=C(CCn1c(=O)oc2ccccc21)N1CCCC(c2ccn[nH]2)C1
XS842484b,CCC1CC=2C(=NC(N)=C3C(N)=NC(=C(C#N)C23)N4CCOCC4)O1,3.768,c1nc(N2CCOCC2)cc2c3c(ncc12)OCC3
XS841775b,O=S(=O)(CC=1C=CC(Cl)=CC1N2C=NC=N2)C3CCCOC3,2.352,O=S(=O)(Cc1ccccc1-n1cncn1)C1CCCOC1
XS844963a,CCC(NC(=O)C1=CC(=O)NC=2N=CN(C)C12)C=3C=CC(Cl)=CC3,1.47,O=C(NCc1ccccc1)c1cc(=O)[nH]c2nc[nH]c12
XS844972a,NC(=O)C(NCC1(CCOCC1)C=2C=CC=C(F)C2)C=3C=CC=CC3,3.786,c1ccc(CNCC2(c3ccccc3)CCOCC2)cc1
MR042915c,O=C1C(CCN1CC(F)(F)F)N2C(=O)SC=3C=CC=CC3C2=O,0.724,O=C1NCCC1n1c(=O)sc2ccccc2c1=O
XS841316b,CC1=NC2=CC=NN2C(C)=C1C(=O)N3CC4(CCOCC4)C3C5CC5,1.96,O=C(c1cnc2ccnn2c1)N1CC2(CCOCC2)C1C1CC1
XS705606b,CC=1C=CC=CC1C2(CCC2)C(=O)N3CCCC(C3)N4CCNC4=O,7.346,O=C1NCCN1C1CCCN(C(=O)C2(c3ccccc3)CCC2)C1
XS844971a,C=1C=CC(=CC1)C2=NN=C(O2)C3CCC4=NN=C(C=5C=CC=CC5)N4C3,2.968,c1ccc(-c2nnc(C3CCc4nnc(-c5ccccc5)n4C3)o2)cc1
XS838797b,FC(F)(F)C(CCNC=1N=CN=C2N=CC=NC12)N3CCOCC3,0.732,c1cnc2c(NCCCN3CCOCC3)ncnc2n1
XS599228b,CCC1=C(C=NN1C(C)(C)C)C(=O)N2CCC(C2)NC=3C=CC=CC3,2.892,O=C(c1cn[nH]c1)N1CCC(Nc2ccccc2)C1
XS840341b,COC(=O)C(NC(=O)C1=NC=CN1)C=2C=CC(C)=C(C2)C(F)(F)F,0.7,O=C(NCc1ccccc1)c1ncc[nH]1
XS844967a,CC(NC(=O)NCCCN1C=CC=N1)C=2C=CC=3OCC(=O)NC3C2,0.666,O=C1COc2ccc(CNC(=O)NCCCn3cccn3)cc2N1
XS844978a,COC=1C=C2CCN(CC2=CC1OC)C(=O)NC3CCCCNC3=O,1.274,O=C1NCCCCC1NC(=O)N1CCc2ccccc2C1
XS844974a,COC=1C=CC=C2C(C)=C(OC12)C(=O)N3CCCC(CO)(C3)C(C)C,10.202,O=C(c1cc2ccccc2o1)N1CCCCC1
XS745907b,FC=1C=CC=CC1C2=NN=C3C=CC(=NN23)N4CCOC(C4)C(F)F,0.406,c1ccc(-c2nnc3ccc(N4CCOCC4)nn23)cc1
XS844976a,CNC(=O)C1CCCCN1C(=O)C=2SC=3N=C(C)C=C(C)C3C2C,2.796,O=C(c1cc2cccnc2s1)N1CCCCC1
XS557394b,CCN1CC(CC1=O)C2=NC(=NO2)C=3SC=4C=CC=CC4C3Cl,10.682,O=C1CC(c2nc(-c3cc4ccccc4s3)no2)CN1
XS838817b,CCN(CC(C)C#N)C(=O)CN1C=NC=2C=C(F)C(=CC2C1=O)OC,2.762,O=c1[nH]cnc2ccccc12
XS661889b,O=C(COC=1C=CC(=CC1)C2=NN=CO2)NC(C=3C=CC=CC3)C4CC4,0.664,O=C(COc1ccc(-c2nnco2)cc1)NC(c1ccccc1)C1CC1
XS840763b,COC=1C=CC(=CC1)C(C)C(=O)N(C)C=2C=CC(Br)=CN2,1.506,O=C(Cc1ccccc1)Nc1ccccn1
XS703595b,CCS(=O)(=O)C=1C=CC(=CC1)C(=O)N2CCCC2CN3C=CC=N3,0.854,O=C(c1ccccc1)N1CCCC1Cn1cccn1
XS712338b,NC(=O)C1CCCN(C1)C(=O)C=2C=NN(C2)CC=3C=CC=CC3Cl,4.708,O=C(c1cnn(Cc2ccccc2)c1)N1CCCCC1
XS554642b,O=C(CCC=1C=CC(Cl)=CC1)N2CCCC(O)(CN3C=CN=N3)C2,0.542,O=C(CCc1ccccc1)N1CCCC(Cn2ccnn2)C1
XS838392b,CC(NC=1C=C(Br)C=2OCCCOC2C1)C3=NC=CS3,1.004,c1csc(CNc2ccc3c(c2)OCCCO3)n1
XS844981a,CC=1C=C(N=C(N1)C=2C=CC=NC2)NC3CCN(CC(F)(F)F)C3=O,21.064,O=C1NCCC1Nc1ccnc(-c2cccnc2)n1
XS840322b,COC(=O)C=1C=CC(=NN1)N2CC3(CCC(F)(F)CC3)C2C(=O)OC,6.924,c1cnnc(N2CC3(CCCCC3)C2)c1
XS841386b,CN1CC(CNC1=O)OC(=O)CC2C=3C=CC=CC3OC=4C=CC=CC42,1.42,O=C1NCC(OC(=O)CC2c3ccccc3Oc3ccccc32)CN1
XS330771b,O=C(NC=1C=CC=CC1)N2CCOCC2C3=NOC(=N3)C=4C=CC=CC4,0.546,O=C(Nc1ccccc1)N1CCOCC1c1noc(-c2ccccc2)n1
XS006596d,O=C(NC1=NC(=CS1)C=2C=CC=CN2)C3CC=4C=CC=CC4C(=O)O3,0.94,O=C1OC(C(=O)Nc2nc(-c3ccccn3)cs2)Cc2ccccc21
XS844985a,CCOC=1C=CC=CC1N2CC(CC2=O)C(=O)NCCC=3C=CC=CN3,1.15,O=C(NCCc1ccccn1)C1CC(=O)N(c2ccccc2)C1
XS844988a,COC=1C=CC(CCC(=O)NC2CCC=3C=CC=CC32)=C(OC)C1OC,0.72,O=C(CCc1ccccc1)NC1CCc2ccccc21
XS600554b,CC1CC=2C=CC=CC2N1C(=O)C3CCN(CC3)C(=O)C=4C=CC=NC4,5.91,O=C(c1cccnc1)N1CCC(C(=O)N2CCc3ccccc32)CC1
XS840374b,CC=1C=C2OC=C(CC(=O)N(C3CCS(=O)(=O)C3)N(C)C)C2=CC1C,2.256,O=C(Cc1coc2ccccc12)NC1CCS(=O)(=O)C1
XS844991a,CC=1C=C(N=C(O)N1)C(=O)NC(C2=NC(=NO2)C(C)C)C3CCOCC3,4.652,O=C(NC(c1ncno1)C1CCOCC1)c1ccncn1
XS844998a,NC(=O)C1=CC(=CN1)C(=O)N2CCCC3(CCCN3C(=O)C4CCC4)C2,7.108,O=C(c1cc[nH]c1)N1CCCC2(CCCN2C(=O)C2CCC2)C1
XS844995a,ClC=1C=CC=CC1C(CNC2=NC=3C=CC=CC3O2)N4CCOCC4,0.85,c1ccc(C(CNc2nc3ccccc3o2)N2CCOCC2)cc1
XS496731b,O=C(CC1=NNC(=O)C=2C=CC=CC12)N3CCCC3CC=4C=CC=C(F)C4,1.832,O=C(Cc1n[nH]c(=O)c2ccccc12)N1CCCC1Cc1ccccc1
XS175995d,CCCC(=O)N1CCN(CC1)C(C)C2=NC(=NO2)C=3C=CC(Cl)=CC3,0.49,c1ccc(-c2noc(CN3CCNCC3)n2)cc1
XS844997a,CCNC(=O)NC(=O)CN1CCN(CC1)C(=O)CC(C)C=2C=CC=CC2,1.608,O=C(CCc1ccccc1)N1CCNCC1
XS844994a,COC=1C=CC(=CC1NS(C)(=O)=O)NC(C)C(=O)NC=2C=CC=CC2,0.788,O=C(CNc1ccccc1)Nc1ccccc1
XS841552b,COC1(CS(=O)(=O)N2CC3(CCC3)C2C=4C=CC=NC4)CCOCC1,3.098,O=S(=O)(CC1CCOCC1)N1CC2(CCC2)C1c1cccnc1
XS844999a,CC1=NC(=CS1)COC=2C=CC(=CC2)C(=O)OC(C)C(=O)NC3CC3,0.43,O=C(COC(=O)c1ccc(OCc2cscn2)cc1)NC1CC1
XS627834b,COC=1C=C(C)C(=CC1OC)C(C)NC(=O)CN2CCOC3(CCC3)C2,1.458,O=C(CN1CCOC2(CCC2)C1)NCc1ccccc1
XS845008a,CN1N=CC2=C1CCN(C2C(=O)N3CCOCC4(CC4)C3)S(C)(=O)=O,6.484,O=C(C1NCCc2[nH]ncc21)N1CCOCC2(CC2)C1
XS845000a,CCC(CC)N(CC(=O)NC1CCS(=O)(=O)C1)C=2C=CC(C)=C(C)C2,0.602,O=C(CNc1ccccc1)NC1CCS(=O)(=O)C1
XS845015a,O=C(NC=1C=CC=2OC(F)(F)OC2C1)C3CC(=O)N(CC=4C=CC=CC4)C3,0.618,O=C(Nc1ccc2c(c1)OCO2)C1CC(=O)N(Cc2ccccc2)C1
XS845005a,COC=1C=CC(=CC1F)C(C)NC(=O)C=2SC=3N=C(C)N=C(C)C3C2C,1.446,O=C(NCc1ccccc1)c1cc2cncnc2s1
XS845007a,O=C(NC1CS(=O)(=O)CC=2C=CC=CC21)C=3C=CC(=NC3)C(F)(F)F,0.954,O=C(NC1CS(=O)(=O)Cc2ccccc21)c1cccnc1
XS837833b,O=C(O)C1C=2C=CC=CC2OCCN1C(=O)C3=CC(=CS3)C(F)(F)F,0.588,O=C(c1cccs1)N1CCOc2ccccc2C1
XS836584b,O=C1C(Cl)=C(C=NN1C=2C=CC=CC2)NCC3COC=4C=CC=CC4C3,1.772,O=c1cc(NCC2COc3ccccc3C2)cnn1-c1ccccc1
XS845003a,COCC1=NN2CCCC(NS(=O)(=O)CC=3C(F)=CC=CC3F)C2=N1,2.462,O=S(=O)(Cc1ccccc1)NC1CCCn2ncnc21
XS809992b,CC=1C=CC=C(NC=2C=CC=CC2C(=O)N(C)C3CCS(=O)(=O)C3)C1C,1.258,O=C(NC1CCS(=O)(=O)C1)c1ccccc1Nc1ccccc1
XS845009a,CC=1C=CC(=CC1)OCC(O)CN2C(=O)C=3C=4CCCC4SC3N=C2C,1.098,O=c1c2c3c(sc2ncn1CCCOc1ccccc1)CCC3
XS841896b,CC(=O)N1CCCC(C1)C2=NC(=CS2)CN3C(=O)C=4C=CC=CC4C3=O,1.138,O=C1c2ccccc2C(=O)N1Cc1csc(C2CCCNC2)n1
XS741490b,CC1=NN(CC(=O)NC2CCC(C)(C)C=3C=CC=CC32)C(=O)C=4C=CC=CC14,0.608,O=C(Cn1ncc2ccccc2c1=O)NC1CCCc2ccccc21
XS845013a,O=C(CN1C=CC=NC1=O)NC(C=2C=CC(Br)=CC2)C3CCC3,0.834,O=C(Cn1cccnc1=O)NC(c1ccccc1)C1CCC1
XS440412b,CC1=C(NC(=O)NC(C)C=2C=C(C)C=CC2C)C(=O)N(C=3C=CC=CC3)N1C,1.392,O=C(NCc1ccccc1)Nc1c[nH]n(-c2ccccc2)c1=O
XS845021a,CC1=C(C=NN1C2CCOCC2)C(=O)N3CCC(C3)NC=4C=CC=C(C#N)C4,5.384,O=C(c1cnn(C2CCOCC2)c1)N1CCC(Nc2ccccc2)C1
XS845026a,CCC(NC(=O)CCNC1=NS(=O)(=O)C=2C=CC=CC12)C=3C=CC(C)=CC3,0.792,O=C(CCNC1=NS(=O)(=O)c2ccccc21)NCc1ccccc1
XS845022a,COC=1C=CC(=CC1S(=O)(=O)N(C)C)C(=O)NC(C)C=2C=CC(F)=CC2,0.486,O=C(NCc1ccccc1)c1ccccc1
XS696059b,O=S(=O)(NCC(C1=CC=CS1)N2CCOCC2)C=3C=CC(Cl)=CC3,0.956,O=S(=O)(NCC(c1cccs1)N1CCOCC1)c1ccccc1
XS845025a,CCN(CC)S(=O)(=O)C=1C=C(C=CC1C)C(=O)N2CCCC(C2)C(N)=O,2.498,O=C(c1ccccc1)N1CCCCC1
XS845018a,CC1(C)C(=O)NCCN1C(=O)C2CCCN(C2)C(=O)CCOC=3C=CC=CC3,1.418,O=C1CN(C(=O)C2CCCN(C(=O)CCOc3ccccc3)C2)CCN1
XS845023a,COC=1C=CC=2N=C(NC(=O)C3CC(=O)N(CC=4C=CC=CC4)C3)SC2C1,1.692,O=C(Nc1nc2ccccc2s1)C1CC(=O)N(Cc2ccccc2)C1
XS845016a,N#CC(CC=1C=CC=CC1)NC(=O)C=2C=CC=C(C2)N3N=CC=C3C(F)(F)F,0.462,O=C(NCCc1ccccc1)c1cccc(-n2cccn2)c1
XS752918b,O=C(CN1CCCC=2C=CC=CC21)N(C3CCCC3)C4CCS(=O)(=O)C4,2.05,O=C(CN1CCCc2ccccc21)N(C1CCCC1)C1CCS(=O)(=O)C1
XS845030a,COC=1C=CC(Cl)=CC1NC(=O)C(C)NC=2C=CC3=C(C2)CCN3C(C)=O,0.788,O=C(CNc1ccc2c(c1)CCN2)Nc1ccccc1
XS845027a,O=C1C=2C=CC(=CC2CN1C3CCC(=O)NC3=O)C=4C=NC=5OCCNC5C4,19.818,O=C1CCC(N2Cc3cc(-c4cnc5c(c4)NCCO5)ccc3C2=O)C(=O)N1
XS147555b,COC=1C=CC(=C(C1)OC)C2CCCN2C(=O)C=3C=CC(=CC3)N4C=CC=N4,0.61,O=C(c1ccc(-n2cccn2)cc1)N1CCCC1c1ccccc1
XS845020a,CC=1C=C(SC1C)S(=O)(=O)N2CCN(C)C(C2)C3=NC(=NO3)C4CC4,1.138,O=S(=O)(c1cccs1)N1CCNC(c2nc(C3CC3)no2)C1
XS837004b,COC=1C=CC=CC1OCC2=NN=C(N3CC(C3)OC(C)C(F)(F)F)N2C,0.538,c1ccc(OCc2nnc(N3CCC3)[nH]2)cc1
XS845019a,CCOC(=O)C1=C(COC(=O)C=2C=CC=3OCCOC3C2)NC(=O)NC1C,0.734,O=C1NCC=C(COC(=O)c2ccc3c(c2)OCCO3)N1
XS845031a,CC1=C(N=NN1C=2C=CC=C3C=NC=CC23)C(=O)NC4CCCOC=5C=CC=CC54,0.788,O=C(NC1CCCOc2ccccc21)c1cn(-c2cccc3cnccc23)nn1
XS839878b,CC(C)C1CN(CCCO1)C(=O)NC=2C=CC(CS(C)(=O)=O)=C(Cl)C2,1.224,O=C(Nc1ccccc1)N1CCCOCC1
XS845033a,CC1=C(C=NN1C2CCCC2)NC(=O)C3(C)CCCN(C3)C(=O)C=4C=CC=CC4,0.898,O=C(Nc1cnn(C2CCCC2)c1)C1CCCN(C(=O)c2ccccc2)C1
XS836481b,CC(NS(=O)(=O)C=1C(F)=CC=CC1[N+]([O-])=O)C2=CN(N=N2)C=3C=CC=CC3,0.704,O=S(=O)(NCc1cn(-c2ccccc2)nn1)c1ccccc1
XS845041a,CCOC=1C=CC=CC1NC(=O)CN2CCCC2C=3C=CC=4OCCCOC4C3,0.448,O=C(CN1CCCC1c1ccc2c(c1)OCCCO2)Nc1ccccc1
XS845038a,O=C(C1=CN2CCOCC2=C1)N3CCC(C3)NC=4C=CC=C(Br)C4,0.876,O=C(c1cc2n(c1)CCOC2)N1CCC(Nc2ccccc2)C1
XS842638b,CN(C(C=1C=CC=CC1)C=2C=CC=CN2)S(=O)(=O)C=3C=CC(F)=C(F)C3F,0.842,O=S(=O)(NC(c1ccccc1)c1ccccn1)c1ccccc1
XS838473b,CN(C(=O)C1CCCN(C1)C(=O)C2=CC=3C(O)=CC=C(F)C3N2)C=4C=CC=CN4,0.886,O=C(Nc1ccccn1)C1CCCN(C(=O)c2cc3ccccc3[nH]2)C1
XS838109b,OC1(CN2C=NC=3C(=NC=NC32)N4CCC(CC4)OC=5C=NC=CN5)CCOC1,0.832,c1cnc(OC2CCN(c3ncnc4c3ncn4CC3CCOC3)CC2)cn1
XS836765b,O=C(C1CC(=NO1)C=2C=CC=C(F)C2)N3CCC(CC3)C4=NC=5C=CC=CC5O4,1.814,O=C(C1CC(c2ccccc2)=NO1)N1CCC(c2nc3ccccc3o2)CC1
XS840872c,CC1=CN=C(CN(C)C(C=2N=CN(C)N2)C3=NN=NN3CCC=4C=CC=C(F)C4)O1,1.802,c1ccc(CCn2nnnc2C(NCc2ncco2)c2nc[nH]n2)cc1
XS845055a,COC=1C=CC(=CC1F)C(C)NC(=O)CC2=CSC(=N2)NC(=O)C=3C=COC3C,0.774,O=C(Cc1csc(NC(=O)c2ccoc2)n1)NCc1ccccc1
XS845053a,CCOC=1C=CC(=CC1)C2=NOC(CN3C=4C=CC(=CC4CC3C)S(N)(=O)=O)=N2,0.888,c1ccc(-c2noc(CN3CCc4ccccc43)n2)cc1
XS845049a,O=C(NCC=1C=CC(Cl)=CC1Cl)C2CC(=O)N(C2)C=3C=CC=4OCCOC4C3,4.014,O=C(NCc1ccccc1)C1CC(=O)N(c2ccc3c(c2)OCCO3)C1
XS845058a,CC=1C=CC(OC(C)C(=O)N2CCN(CC2)C3=NC=CS3)=C(Br)C1,1.012,O=C(COc1ccccc1)N1CCN(c2nccs2)CC1
XS845047a,CC(NC(=O)CCN1C=NC=2SC=CC2C1=O)C=3C=CC=CC3Br,1.08,O=C(CCn1cnc2sccc2c1=O)NCc1ccccc1
XS845054a,CC1=C(C=NN1C=2C=CC(=O)NN2)C(=O)NC(CN3CCCC3=O)C=4C=CC=CC4,2.044,O=C(NC(CN1CCCC1=O)c1ccccc1)c1cnn(-c2ccc(=O)[nH]n2)c1
XS845050a,COC=1C=C(C=C(Cl)C1OC(C)C)C(=O)NC(C)C=2C=CC(=CC2)N3C=CN=C3,1.356,O=C(NCc1ccc(-n2ccnc2)cc1)c1ccccc1
XS845046a,O=C(COC(=O)C1CC(=O)N(CCC=2C=CC=CC2)C1)NC=3C=CC=C(Cl)C3,0.642,O=C(COC(=O)C1CC(=O)N(CCc2ccccc2)C1)Nc1ccccc1
XS606111b,COC=1C=CC=CC1NC(=O)C(C)S(=O)(=O)CC=2C=CC(Cl)=C(Cl)C2,0.584,O=C(CS(=O)(=O)Cc1ccccc1)Nc1ccccc1
XS845052a,CC(NC1=NS(=O)(=O)C=2C=CC=CC12)C(=O)NCCC=3C=CC=4OCCOC4C3,5.66,O=C(CNC1=NS(=O)(=O)c2ccccc21)NCCc1ccc2c(c1)OCCO2
XS838032b,CC(CO)(NC(=O)NC1=NN(C=2C=CC(F)=CC2)C=3CCCC13)C=4C=CC=C(O)C4,2.196,O=C(NCc1ccccc1)Nc1nn(-c2ccccc2)c2c1CCC2
XS845044a,CCN1C(=O)N(CCC(=O)NC(CC(=O)OC)C=2C=CC(C)=CC2)C=3C=CC=CC31,1.596,O=C(CCn1c(=O)[nH]c2ccccc21)NCc1ccccc1
XS845048a,CCN1C(=O)NC(C=2C=CC=C(Cl)C2Cl)C(C(=O)NC=3C=C(C)ON3)=C1C,5.72,O=C1NC=C(C(=O)Nc2ccon2)C(c2ccccc2)N1
XS840666b,CN(C)C(=O)C1=CNN=C1C2CCCN(CC3=NN=C(O3)C=4C=CC(C#N)=CC4)C2,4.764,c1ccc(-c2nnc(CN3CCCC(c4cc[nH]n4)C3)o2)cc1
XS845051a,CC(CCC=1C=CC=CC1)NC(=O)C=2C=CC=C(C2)S(=O)(=O)N3CCOCC3,0.408,O=C(NCCCc1ccccc1)c1cccc(S(=O)(=O)N2CCOCC2)c1
XS839018b,COC=1N=C(C)C=NC1C(=O)N(C(C)C(=O)NCC2=CC=3C=CC=CC3N(C)C2=O)C4CC4,12.62,O=C(CN(C(=O)c1cnccn1)C1CC1)NCc1cc2ccccc2[nH]c1=O
XS841583b,O=S(=O)(C=1C=CC=C2N=CC=CC12)N(CC3CCCO3)C=4C=CC(Br)=CN4,0.416,O=S(=O)(c1cccc2ncccc12)N(CC1CCCO1)c1ccccn1
XS816834b,CC(C1=CC=2C=CC=CC2O1)N(C)C(=O)NC=3C=CC=C(C3)S(=O)(=O)NC(C)(C)C,0.58,O=C(NCc1cc2ccccc2o1)Nc1ccccc1
XS845061a,CNC(=O)C1CN(CC(=O)N2CCN(CC2)S(=O)(=O)C3=CC=C(Cl)S3)C=4C=CC=CC4O1,6.768,O=C(CN1CCOc2ccccc21)N1CCN(S(=O)(=O)c2cccs2)CC1
XS840689b,COC=1C=CC=CC1NC(=O)C2=C(C)NC3=NC(=NN3C2C=4C=CC=CN4)C5=CC=CO5,0.602,O=C(Nc1ccccc1)C1=CNc2nc(-c3ccco3)nn2C1c1ccccn1
XS836526b,CC(C)N1C=C2CCC(CC2=N1)NS(=O)(=O)C=3C=C(Cl)C=CC3OCC(N)=O,0.794,O=S(=O)(NC1CCc2c[nH]nc2C1)c1ccccc1
XS845062a,CC1=CSC(CC(=O)N2CCN(CC(=O)N3N=C(CC3C4=CC=CO4)C5=CC=CS5)CC2)=N1,1.022,O=C(Cc1nccs1)N1CCN(CC(=O)N2N=C(c3cccs3)CC2c2ccco2)CC1
XS845069a,O=C(NC=1C=CC=CC1O)C2CCCN(C2)S(=O)(=O)C=3C=CC(Br)=CC3,0.912,O=C(Nc1ccccc1)C1CCCN(S(=O)(=O)c2ccccc2)C1
XS840457b,COC=1C=CC(=CC1Cl)NCCN2N=C(C)C(C)N3C2=NC4=C3C(=O)N(C)C(=O)N4C,6.106,O=c1[nH]c(=O)c2c(nc3n2CC=NN3CCNc2ccccc2)[nH]1
XS604248b,CC=1N=C(C)N(N1)C(C)CC(=O)N2CCN(CC2)S(=O)(=O)C=3C(C)=CC(C)=CC3C,1.314,O=C(CCn1cncn1)N1CCN(S(=O)(=O)c2ccccc2)CC1
XS845071a,CC=1C=CC=C(C1C)N2CC(CC2=O)C(=O)NC=3C=CC(=CC3)S(=O)(=O)N4CCCC4,3.65,O=C(Nc1ccc(S(=O)(=O)N2CCCC2)cc1)C1CC(=O)N(c2ccccc2)C1
XS838727b,CC1=NSC=C1C(=O)N2CC(NC(=O)C=3C=C(C=4C=CC(F)=CC4)N(C)N3)C5(CC5)C2,2.498,O=C(NC1CN(C(=O)c2cnsc2)CC12CC2)c1cc(-c2ccccc2)[nH]n1
XS838755b,CC(NC(=O)C=1C=NSC1)C=2C=CC=3CN(CC3C2)C(=O)C=4C=CC=C5C4N=CN5C,2.674,O=C(NCc1ccc2c(c1)CN(C(=O)c1cccc3[nH]cnc13)C2)c1cnsc1
XS845087a,CC1CCCN1C(=O)C=2C=CC(C#N)=CC2,0.986,O=C(c1ccccc1)N1CCCC1
XS845086a,CC1CCCCN1C(=O)CN2C=NN=N2,0.502,O=C(Cn1cnnn1)N1CCCCC1
XS842544b,CN1N=C(NCC2CCCO2)C(=O)N(C)C1=O,1.728,O=c1[nH]nc(NCC2CCCO2)c(=O)[nH]1
XS845077a,O=C(NC=1C=CC=C2C=NC=CC12)C3CCCO3,0.506,O=C(Nc1cccc2cnccc12)C1CCCO1
XS845084a,CN(CC=1C=NN(C)C1)C(=O)C2CCC(=O)NC2,1.014,O=C1CCC(C(=O)NCc2cn[nH]c2)CN1
XS845093a,NC=1N=CC=NC1C(=O)NC2CCCC=3C=CC=CC32,0.88,O=C(NC1CCCc2ccccc21)c1cnccn1
XS845096a,O=C(C1CC=2C=CC=CC2S1)N3CCNC(=O)C3,2.422,O=C1CN(C(=O)C2Cc3ccccc3S2)CCN1
XS469608b,CC1=COC(C)=C1C(=O)N2CCCC2C=3C=CC=NC3,0.41,O=C(c1ccoc1)N1CCCC1c1cccnc1
XS845092a,CC=1C=CN=C(N1)N2CCC(O)(CN3C=CN=N3)C2,0.518,c1cnc(N2CCC(Cn3ccnn3)C2)nc1
XS693431b,CC(NC(=O)C1=CC=CO1)C=2C=CC=3OCOC3C2,0.586,O=C(NCc1ccc2c(c1)OCO2)c1ccco1
XS794653b,CN1CC(CCC1=O)NC=2C=NN(C)C(=O)C2Cl,0.874,O=C1CCC(Nc2cn[nH]c(=O)c2)CN1
XS845104a,CN1N=CC=C1C(=O)N2CCCC2C=3C=CC=NC3,1.458,O=C(c1ccn[nH]1)N1CCCC1c1cccnc1
XS836839b,CC(C=1C=NC=CN1)N2CC3(CC3)C=4C=CC=CC42,0.412,c1ccc2c(c1)N(Cc1cnccn1)CC21CC1
XS845094a,O=C(NC=1C=CC=NC1)NC(C=2C=CC=CC2)C3CC3,0.792,O=C(Nc1cccnc1)NC(c1ccccc1)C1CC1
XS845115a,O=C(O)C1CCCN1C(=O)C2=CC=3C=CC=CC3S2,2.68,O=C(c1cc2ccccc2s1)N1CCCC1
XS845114a,CCN1CC(CC1=O)C(=O)NCCC=2C=CC(F)=CC2,3.416,O=C1CC(C(=O)NCCc2ccccc2)CN1
XS837275b,CC(C=1C=CC=CC1)N2N=C3CCC=4C=CC=C(C2=O)C43,0.902,O=c1c2cccc3c2c(nn1Cc1ccccc1)CC3
XS845108a,CC1CCCN(C1)C(=O)COC=2N=CN=C3C=CC=CC23,0.872,O=C(COc1ncnc2ccccc12)N1CCCCC1
XS839268b,CC(C)(C)OC(=O)C1CCCN1C2=CC(F)=NNC2=O,1.114,O=c1[nH]nccc1N1CCCC1
XS838375b,CC1=NN(C(=O)C=2N=C(N)SC12)C(C)C=3C=CC=CC3,0.488,O=c1c2ncsc2cnn1Cc1ccccc1
XS845117a,O=C(C1=NNC=2CCCC12)N3CCCC3C=4C=CC=NC4,5.572,O=C(c1n[nH]c2c1CCC2)N1CCCC1c1cccnc1
XS837427b,CN1C=CSC1=NC(=O)C2COC=3C=CC=CC3O2,3.28,O=C(N=c1[nH]ccs1)C1COc2ccccc2O1
XS845126a,CC1=NOC=2N=CN=C(NC3CCCC=4C(O)=CC=CC43)C12,0.628,c1ccc2c(c1)CCCC2Nc1ncnc2oncc12
XS840370b,CNC(=O)NC(=O)C(C)OC=1C=C(C=CC1OC)[N+]([O-])=O,0.626,c1ccccc1
XS413443b,NC(=O)C=1C=CC(=CC1)C(=O)N2CCCC2C=3C=CC=CC3,0.568,O=C(c1ccccc1)N1CCCC1c1ccccc1
XS845125a,CC=1C=CC=2NC(=NC2C1)SC(C)C(=O)N3CCCC3,2.808,O=C(CSc1nc2ccccc2[nH]1)N1CCCC1
XS845128a,COCC(C)NC(=O)C1=CC=2C=C(C=C(OC)C2N1)OC,0.392,c1ccc2[nH]ccc2c1
XS837534b,COC=1N=C(C)C=C(CS(=O)(=O)C(CO)C(C)C)N1,0.732,c1cncnc1
XS839297b,CCC(C)N1N=C(C=C1C)NC=2C=NC(=CN2)C(=O)OC,0.606,c1cnc(Nc2cc[nH]n2)cn1
XS506767b,O=C(CN1CCCCC(O)C1=O)NCCC=2C=CC=NC2,11.616,O=C(CN1CCCCCC1=O)NCCc1cccnc1
XS845132a,O=C(CN1C=NN=N1)N2CCCC2C=3C=CC=C(Cl)C3,1.844,O=C(Cn1cnnn1)N1CCCC1c1ccccc1
XS435667b,C1=CN=C(N=C1)N2CCCC(C2)C3=NN=C4CCCCCN34,1.248,c1cnc(N2CCCC(c3nnc4n3CCCCC4)C2)nc1
XS638396b,CC1=NNC(C)=C1C2CCCN2C(=O)CC=3C=CC=C(F)C3,2.716,O=C(Cc1ccccc1)N1CCCC1c1cn[nH]c1
XS589654b,CC1=NC(=NO1)C(C)(NC(=O)C=2C=C(C)C=CC2C)C3CC3,0.392,O=C(NC(c1ncon1)C1CC1)c1ccccc1
XS691076b,O=C(NC=1C=CC=NC1)C2CC(=O)N(C2)C=3C=CC=CC3F,2.574,O=C(Nc1cccnc1)C1CC(=O)N(c2ccccc2)C1
XS072577b,COC=1C=CC=CC1NC(=O)C(C)OC(=O)C2=CC=CS2,1.138,O=C(COC(=O)c1cccs1)Nc1ccccc1
XS845136a,O=C(C1=CN=C(S1)C2CC2)N3CCCC(C3)N4C=CC=N4,1.29,O=C(c1cnc(C2CC2)s1)N1CCCC(n2cccn2)C1
XS845146a,CC(C#N)CN(C)C=1N=C(N=C2C=CC=CC12)C=3C=CC=NC3,0.746,c1cncc(-c2ncc3ccccc3n2)c1
XS845142a,CCCC1=CC(=NO1)C(=O)N2CCCC2C=3C=CC=CC3C,2.976,O=C(c1ccon1)N1CCCC1c1ccccc1
XS845134a,CNC(=O)C1CN(CC=2C=CC=CC2F)C=3C=CC=CC3O1,0.31,c1ccc(CN2CCOc3ccccc32)cc1
XS845159a,CC(NC=1C=CC=2OCOC2C1)C(=O)N3CCC=4C=CC=CC43,0.978,O=C(CNc1ccc2c(c1)OCO2)N1CCc2ccccc21
XS839596b,NS(=O)(=O)C=1C=CC(=NN1)NCC(F)CC=2C=CC=CC2,0.454,c1ccc(CCCNc2cccnn2)cc1
XS841965b,CC(C(=O)NC1=NOC=2CCOCC12)C=3C=CC(F)=C(F)C3,0.468,O=C(Cc1ccccc1)Nc1noc2c1COCC2
XS845160a,CN1N=CC=2C(=NC=NC21)N3CCCC3CC=4C=CC(F)=CC4,0.526,c1ccc(CC2CCCN2c2ncnc3[nH]ncc23)cc1
XS845149a,CN1C=C(C=N1)C2CCCN2C(=O)C=3C=C(F)C(F)=C(F)C3,6.582,O=C(c1ccccc1)N1CCCC1c1cn[nH]c1
XS845158a,O=C(C=1C=NN2CCCC12)N3CCOC=4C=CC=CC4C3CO,0.492,O=C(c1cnn2c1CCC2)N1CCOc2ccccc2C1
XS845161a,O=C(C=1C=CN=C(C1)N2C=NC=N2)N3CCCC3C4CCCC4,1.134,O=C(c1ccnc(-n2cncn2)c1)N1CCCC1C1CCCC1
XS845154a,CC(OC(=O)C=1C2=CC=CC=C2N=C3CCCCCC13)C(N)=O,0.37,c1ccc2nc3c(cc2c1)CCCCC3
XS845156a,CNC(=O)NC(=O)C(C)OC(=O)C=1C=CC=C(C1)NC(C)=O,0.66,c1ccccc1
XS839313b,CN1C=C(N=N1)C=2C=CC=C(C2)NC3CCC=4C=CC(F)=CC43,0.936,c1cc(NC2CCc3ccccc32)cc(-c2c[nH]nn2)c1
XS845150a,COC(=O)CC(NC(=O)C1=CC=CO1)C=2C=CC=CC2Cl,0.448,O=C(NCc1ccccc1)c1ccco1
XS845147a,CC1=NN2C=CC=NC2=C1C(=O)N3CCCC(C3)N4C=CC=N4,2.81,O=C(c1cnn2cccnc12)N1CCCC(n2cccn2)C1
XS845153a,CC1=CC=CC2=NC(=CN12)C(=O)N3CCOCC3C=4N=CON4,1.126,O=C(c1cn2ccccc2n1)N1CCOCC1c1ncon1
XS837535b,CC1CCC2=NN=C(C3=CN(CC=4C=CC=CC4)N=N3)N2CC1,6.676,c1ccc(Cn2cc(-c3nnc4n3CCCCC4)nn2)cc1
XS838086b,CC(C1=NN=NN1C2CC2)S(=O)(=O)C=3N=CC=CC3Cl,0.784,O=S(=O)(Cc1nnnn1C1CC1)c1ccccn1
XS838603b,CCOC(=O)C=1C=NC(=NC1C)N2NC(=O)CC(C)(CC)C2=O,0.602,O=C1CCC(=O)N(c2ncccn2)N1
XS845170a,O=C(NC=1C=CC=CC1F)C2CCCN(C2)C(=O)N3CCCC3,2.56,O=C(Nc1ccccc1)C1CCCN(C(=O)N2CCCC2)C1
XS838371b,COC(=O)CCN1CCC(OC=2C=CC=C3OC(C)=NC23)C1=O,6.886,O=C1NCCC1Oc1cccc2ocnc12
XS839595b,CCC(C)(C)C1=NN=C(O1)N2CCC3=C(C=NN3C)C2C(N)=O,2.076,c1nnc(N2CCc3[nH]ncc3C2)o1
XS836915b,NC1=NC=2C=C(C=CC2O1)C(=O)N3CCC(O)(C3)C(F)(F)F,0.418,O=C(c1ccc2ocnc2c1)N1CCCC1
XS845174a,CC1=CC=C(C(=O)NC(C=2C=CC=CC2)C=3C=CC=CN3)C(=O)N1,2.348,O=C(NC(c1ccccc1)c1ccccn1)c1ccc[nH]c1=O
XS336862b,CNC(=O)C1CCCCN1C(=O)C2=NNC(=O)C=3C=CC=CC23,2.984,O=C(c1n[nH]c(=O)c2ccccc12)N1CCCCC1
XS845167a,CCCCN1N=NN=C1CN2CCCC2C=3C=CC=C(C3)OC,1.468,c1ccc(C2CCCN2Cc2nnn[nH]2)cc1
XS665125b,CN1C=C(C=N1)CCNC(=O)N2CCCC2C=3C=CC(F)=CC3,0.742,O=C(NCCc1cn[nH]c1)N1CCCC1c1ccccc1
XS845171a,O=C(NC=1C=CC(F)=C(F)C1F)C2CC(=NO2)C=3C=CC=CC3,2.778,O=C(Nc1ccccc1)C1CC(c2ccccc2)=NO1
XS845169a,O=C(C1=CN(N=N1)C=2C=CC=CC2)N3CCCC3C=4C=CC=NC4,3.744,O=C(c1cn(-c2ccccc2)nn1)N1CCCC1c1cccnc1
XS838545b,CN1C(=CC=2C=C(Cl)C=CC21)C3=NN=C(NC4CCOC4)O3,1.098,c1ccc2[nH]c(-c3nnc(NC4CCOC4)o3)cc2c1
XS845185a,CC(C)NC(=O)C1CC(=O)N(C1)C=2C=CC(Br)=CC2,2.566,O=C1CCCN1c1ccccc1
XS576457b,CC1=CSC=C1NC(=O)NCC2CCCC=3SC(C)=NC32,0.396,O=C(NCC1CCCc2scnc21)Nc1ccsc1
XS841904b,CS(=O)(=O)N1CCC(CN2N=CC(Cl)=C(Cl)C2=O)C1,2.226,O=c1cccnn1CC1CCNC1
XS540656b,COC=1C=CC(=CC1)C(CCO)NC2=NC(CC(C)C)=NS2,0.922,c1ccc(CNc2ncns2)cc1
XS845176a,CC(=O)NC1CCCN(C1)C(=O)CCCC=2C=C(C)SC2C,0.896,O=C(CCCc1ccsc1)N1CCCCC1
XS845182a,COC=1C=CC(=CC1OC)NC(=O)C2CC(=NO2)C=3C=CC=CC3,3.12,O=C(Nc1ccccc1)C1CC(c2ccccc2)=NO1
XS845184a,O=C(C1CC(=O)N(C1)C2CC2)N(CC3=CC=CO3)C=4C=CC=CN4,0.486,O=C(C1CC(=O)N(C2CC2)C1)N(Cc1ccco1)c1ccccn1
XS734383b,O=C(NC=1C=CC(F)=C(Cl)C1)C2CCCN(C2)C(=O)C3CC3,0.996,O=C(Nc1ccccc1)C1CCCN(C(=O)C2CC2)C1
XS838986b,CC(C)(C)CC1=NC=C(S1)C(=O)N2CCOC3(CCOC3)C2,1.066,O=C(c1cncs1)N1CCOC2(CCOC2)C1
XS839121b,CC(C)=CCC=1C=C(C=CC1F)C(=O)N2CCC(F)(C2)C(=O)O,0.448,O=C(c1ccccc1)N1CCCC1
XS845194a,COC=1C=CC=C(C1)C2CCCN2CC3=CC(=O)N(C)C(=O)N3C,2.516,O=c1cc(CN2CCCC2c2ccccc2)[nH]c(=O)[nH]1
XS845189a,CC=1C=NN(C1)CCC(=O)NC2CCN(C2=O)C=3C=CC=CC3F,0.722,O=C(CCn1cccn1)NC1CCN(c2ccccc2)C1=O
XS577008b,COCC1(CCCN1C(=O)C=2C=CC3=CC(C)=CC=C3N2)C(N)=O,3.002,O=C(c1ccc2ccccc2n1)N1CCCC1
XS845202a,CC=1C=C(N2CCCC(C2)C3=NOC(=N3)C(C)C)N4N=CN=C4N1,0.67,c1cc(N2CCCC(c3ncon3)C2)n2ncnc2n1
XS845191a,CCNC(=O)CNC(=O)NC(C)C=1C=CC(=CC1)C=2C=CC=NC2,2.872,c1ccc(-c2cccnc2)cc1
XS845200a,CC1=NN(C)C(C)=C1CC(=O)NC(C)C=2C=CC=C(C2)OC(C)C,0.74,O=C(Cc1cn[nH]c1)NCc1ccccc1
XS839502b,COC=1C=CC=CC1N2CCCC(C2=O)N(C)CC3=NN=CN3C,4.282,O=C1C(NCc2nnc[nH]2)CCCN1c1ccccc1
XS845201a,COC=1C=CC=2NC=C(C3=CCN(CC3)C(=O)C4CCOC4)C2C1,0.884,O=C(C1CCOC1)N1CC=C(c2c[nH]c3ccccc23)CC1
XS845207a,COC=1C=CC=CC1CN2C(=NC=3C=CC=CC32)C4CC(=O)N(C)C4,0.43,O=C1CC(c2nc3ccccc3n2Cc2ccccc2)CN1
XS842466b,CC(C(=O)NCC1=CN2C=CC=CC2=N1)N3C(=O)OC=4C=CC=CC43,0.9,O=C(Cn1c(=O)oc2ccccc21)NCc1cn2ccccc2n1
XS845211a,CCN1C(=CN=C1SC(C)C(=O)NC(=O)NC)C=2C=CC=CC2,0.53,c1ccc(-c2cnc[nH]2)cc1
XS845215a,CCCC1=NC(=NO1)C(C)(C)NC(=O)C2CC(=O)N(CC3CC3)C2,1.078,O=C(NCc1ncon1)C1CC(=O)N(CC2CC2)C1
XS841088b,O=C(NC1C=CS(=O)(=O)C1)C2=CC3=C(N=C4C=CC=CN34)S2,5.848,O=C(NC1C=CS(=O)(=O)C1)c1cc2c(nc3ccccn32)s1
XS837172b,CCC1CN(C)C=2C=CC=CC2CN1S(=O)(=O)CC=3C=CON3,3.572,O=S(=O)(Cc1ccon1)N1CCNc2ccccc2C1
XS149405b,O=C(CCC1=NC=C(O1)C=2C=CC=CC2)NC3CCC=4C=CC=CC43,0.502,O=C(CCc1ncc(-c2ccccc2)o1)NC1CCc2ccccc21
XS845212a,CC(=O)N1CCCC(C1)C(=O)N2CCCN(CC2)C3=NC=CS3,12.934,O=C(C1CCCNC1)N1CCCN(c2nccs2)CC1
XS834319b,O=C(C=1C=CN=CC1)N2CCCCC2C3=NC(=NO3)C=4C=CC=CC4,0.902,O=C(c1ccncc1)N1CCCCC1c1nc(-c2ccccc2)no1
XS845223a,O=C(C1=CC(=NN1C=2C=CC=CC2)C3=CC=CO3)N4CCCC(O)C4,0.602,O=C(c1cc(-c2ccco2)nn1-c1ccccc1)N1CCCCC1
XS845219a,CC=1N=C(C)N(N1)C2CCCN(C2)C(=O)C=3C=NN4C=CC(C)=NC34,4.026,O=C(c1cnn2cccnc12)N1CCCC(n2cncn2)C1
XS845225a,CCOCCOC(C)C(=O)N1CCN(CC1)C(=O)C2=CC=C(C)O2,0.646,O=C(c1ccco1)N1CCNCC1
XS845221a,CN1C=CN=C(NCC2CN(CC=3C=CC=CC3C#N)CCO2)C1=O,2.164,O=c1[nH]ccnc1NCC1CN(Cc2ccccc2)CCO1
XS837476b,CC1=CC=CC2=NC(=CC(=O)N12)CN3C=4C=CC(Cl)=CC4CC3C,0.486,O=c1cc(CN2CCc3ccccc32)nc2ccccn12
XS840134b,CCC(OC=1C=CC=CC1C)C(=O)OC=2C=CC(=CC2)N3C=NN=N3,0.964,O=C(COc1ccccc1)Oc1ccc(-n2cnnn2)cc1
XS627411b,CCN1CCC(NC(=O)C2=CC=3SC(=NC3S2)N(C)C)C1=O,6.022,O=C(NC1CCNC1=O)c1cc2scnc2s1
XS557989b,CC1=CC(=NN1)C2CCCN(C2)C(=O)C=3C=CC(=NC3)N4CCCC4,3.528,O=C(c1ccc(N2CCCC2)nc1)N1CCCC(c2cc[nH]n2)C1
XS845220a,CC=1N=CC=2CCN(CC2N1)C(C)C(=O)N3CCC=4C=CC=CC4C3,1.686,O=C(CN1CCc2cncnc2C1)N1CCc2ccccc2C1
XS840184b,CC1=NOC=C1NC(=O)N2CCCC2(C)CC3=CC=C(Cl)S3,1.196,O=C(Nc1cnoc1)N1CCCC1Cc1cccs1
XS722063b,NC(=O)C=1C=CC(=CC1)C=2N=NN(CC(O)COC=3C=CC=CC3)N2,1.054,c1ccc(OCCCn2nnc(-c3ccccc3)n2)cc1
XS842586b,CN1C=C(C=N1)N2CC(CC2=O)C(=O)NC=3C=CC=4COCCC4C3,4.532,O=C(Nc1ccc2c(c1)CCOC2)C1CC(=O)N(c2cn[nH]c2)C1
XS839895b,[O-][N+](=O)C=1C(=CC=C2N=CC=CC12)N3CCCC(CC3)N4C=CN=N4,4.438,c1cnc2ccc(N3CCCC(n4ccnn4)CC3)cc2c1
XS438974b,CC(NC(=O)NC=1C=CC=C(C1)C(=O)NC(C)(C)C)C=2C=CC=CN2,0.48,O=C(NCc1ccccn1)Nc1ccccc1
XS839926b,COC(=O)C=1C=NC(=C(C1)[N+]([O-])=O)N2CCOC=3C=CC=CC3C2C,1.494,c1ccc(N2CCOc3ccccc3C2)nc1
XS722954b,COC=1C=CC(C)=CC1N2CC(CC2=O)C(=O)NC3=CC(C)=NN3C,2.72,O=C(Nc1ccn[nH]1)C1CC(=O)N(c2ccccc2)C1
XS845227a,CC=1C=CC=C(C1)CS(=O)CC(=O)NCC2(CC2)C=3C=CC=CC3,3.42,O=C(CS(=O)Cc1ccccc1)NCC1(c2ccccc2)CC1
XS620072b,CN1N=CC=C1C2CCCCN2S(=O)(=O)C=3C=CC(F)=CC3F,1.564,O=S(=O)(c1ccccc1)N1CCCCC1c1ccn[nH]1
XS145756c,CC1=NOC(C)=C1CC(=O)NC(C)C=2C=C(F)C(Cl)=CC2Cl,2.956,O=C(Cc1cnoc1)NCc1ccccc1
XS845226a,CC1=CSC(=N1)C2CCCCN2C(=O)C3=NN4C(C)=CC=NC4=N3,2.62,O=C(c1nc2ncccn2n1)N1CCCCC1c1nccs1
XS845233a,CC(NC(=O)C=1C=NN2C(=CC=NC12)C=3C=CC=CC3)C=4C=CN=CC4,5.632,O=C(NCc1ccncc1)c1cnn2c(-c3ccccc3)ccnc12
XS839472b,CS(=O)(=O)C1CCN(C2=NC=3N=CC(Cl)=CC3O2)C4(CC4)C1,2.122,c1cnc2nc(N3CCCCC34CC4)oc2c1
XS632468b,COC=1C=C(C=CC1C)CC(=O)N2CCOCC2C=3C(C)=NNC3C,9.482,O=C(Cc1ccccc1)N1CCOCC1c1cn[nH]c1
XS838120b,CS(=O)(=O)C1CCCN(C1)C=2C=CC(C#N)=CC2Br,0.946,c1ccc(N2CCCCC2)cc1
XS840829b,CCCCN(C)S(=O)(=O)N1CCCC(C1)C2=NN=CN2C(C)C,0.994,c1nnc(C2CCCNC2)[nH]1
XS845244a,CCN(CC1CCOC1)C(=O)CCC2=NC(=NO2)C=3C=CC(F)=CC3,0.77,O=C(CCc1nc(-c2ccccc2)no1)NCC1CCOC1
XS845245a,CC1=CC(=NO1)C2CCCN2C(=O)C3=CC=C(NC3=O)C=4C=CC=CC4,4.828,O=C(c1ccc(-c2ccccc2)[nH]c1=O)N1CCCC1c1ccon1
XS790548b,COC=1C=C(C=C(Cl)C1OC)C(=O)NCC2CCS(=O)(=O)C2,0.568,O=C(NCC1CCS(=O)(=O)C1)c1ccccc1
XS839447b,CCOC(=O)C=1N=CC=C(N1)NC(C)C=2C=CC=CC2Br,5.49,c1ccc(CNc2ccncn2)cc1
XS845246a,CC(C)OC=1N=CC(=CC1Cl)C(=O)N2CCCC2C=3C=CN=CC3,3.088,O=C(c1cccnc1)N1CCCC1c1ccncc1
XS387910b,CC1(CCS(=O)(=O)C1)NC(=O)CCC2=CC=C(O2)C=3C=CC=CC3,0.606,O=C(CCc1ccc(-c2ccccc2)o1)NC1CCS(=O)(=O)C1
XS845254a,COC=1C=CC(=CC1)N2CC(CC2=O)C(=O)NC=3C=CC=C(C3)SC,2.74,O=C(Nc1ccccc1)C1CC(=O)N(c2ccccc2)C1
XS845253a,CC1CC(=O)NCCN1C(=O)C=2N=C(C=3C=CC=CC3)N4CCOCC24,0.862,O=C1CCN(C(=O)c2nc(-c3ccccc3)n3c2COCC3)CCN1
XS841068b,CC(C1=NC(=NO1)C=2C=CC=CC2)N3CCC=4N=CC(=CC4C3)[N+]([O-])=O,0.522,c1ccc(-c2noc(CN3CCc4ncccc4C3)n2)cc1
XS740189b,COC=1C=CC=CC1N2CC(CC2=O)C(=O)NC=3C=CC=4OCCC4C3,3.05,O=C(Nc1ccc2c(c1)CCO2)C1CC(=O)N(c2ccccc2)C1
XS845260a,COC=1C=CC=CC1N(C)CC(=O)N2C=3C=CC=CC3NC(=O)CC2C,1.326,O=C1CCN(C(=O)CNc2ccccc2)c2ccccc2N1
XS845264a,O=C(NC1CC1)C2CCCN(C2)C(=O)C3=CSC(=N3)C=4C=CC=CC4,2.626,O=C(NC1CC1)C1CCCN(C(=O)c2csc(-c3ccccc3)n2)C1
XS698190b,CC1=CN=C(NC(=O)C=2C=CC3=C(C2)CC(C)N3S(C)(=O)=O)S1,0.608,O=C(Nc1nccs1)c1ccc2c(c1)CCN2
XS845263a,NC(=O)C1CN(CC=2C=CC=CC21)C(=O)C3=CNC=4C(Cl)=CC=CC34,2.17,O=C(c1c[nH]c2ccccc12)N1CCc2ccccc2C1
XS739347b,CC1CN(C(=O)C2=CN=C(S2)C=3C=CC=CN3)C=4C=CC(F)=CC4O1,0.76,O=C(c1cnc(-c2ccccn2)s1)N1CCOc2ccccc21
XS492835b,O=C(C=1C=C(N=C2C=CC=CC12)C3CC3)N4CCOCC4C=5N=CON5,2.502,O=C(c1cc(C2CC2)nc2ccccc12)N1CCOCC1c1ncon1
XS003216e,CC1=NN(C)C=2N=C(C=C(C(=O)NCC3CCCO3)C12)C=4C=CC=CC4,0.566,O=C(NCC1CCCO1)c1cc(-c2ccccc2)nc2[nH]ncc12
XS138310b,CC=1C=C(C(=O)OCC(=O)N2C=3C=CC=CC3CC2C)C4=CC=CC=C4N1,0.918,O=C(OCC(=O)N1CCc2ccccc21)c1ccnc2ccccc12
XS842215b,CCN(CC(C)C#N)S(=O)(=O)N1CCC(=CC=2C=CC=C(F)C2)CC1,0.588,C(=C1CCNCC1)c1ccccc1
XS670038b,CC=1C=CC(Cl)=C(C1)OC(C)C(=O)N2CCN(CC2)C=3C=CC=CN3,0.732,O=C(COc1ccccc1)N1CCN(c2ccccn2)CC1
XS552287b,CC1CCCN(CCNC(=O)C2=CNC=3N=CC(Br)=CC23)C1,7.204,O=C(NCCN1CCCCC1)c1c[nH]c2ncccc12
XS839334b,COC=1C=CC(=CC1OC)C2CCCN(C2)C3=NN=C4C=C(C#N)C=CN34,1.51,c1ccc(C2CCCN(c3nnc4ccccn34)C2)cc1
XS841580b,CC1=NN=C(O1)C2COCCN2CC3=NC=4SC(C)=C(C)C4C(=O)N3,3.948,O=c1[nH]c(CN2CCOCC2c2nnco2)nc2sccc12
XS837036b,N#CC=1N=CC=NC1NCC2CN(CCO2)C(=O)C=3C=CC4=NON=C4C3,1.174,O=C(c1ccc2nonc2c1)N1CCOC(CNc2cnccn2)C1
XS845278a,COC=1C=CC=CC1CC(=O)N(CC=2C=CC=CC2)C3CCS(=O)(=O)C3,4.234,O=C(Cc1ccccc1)N(Cc1ccccc1)C1CCS(=O)(=O)C1
XS059092c,CCC=1C=CC=CC1NC(=O)CN(C)C(C)C(=O)NC=2C=CC=CC2OC,1.596,O=C(CNCC(=O)Nc1ccccc1)Nc1ccccc1
XS845284a,CCC=1C=CC(=CC1)S(=O)(=O)N2CCC(CC2)C(=O)NC(C)C(C)C,0.924,O=S(=O)(c1ccccc1)N1CCCCC1
XS845277a,CC=1C=CC=C(C1)NC(=O)CC(NC(N)=O)C=2C=CC=C(Br)C2,1.796,O=C(CCc1ccccc1)Nc1ccccc1
XS839285b,CC(C)(C)OC(=O)C(CNC=1N=CC=NC1C(C)(F)F)C2CCOCC2,0.58,c1cnc(NCCC2CCOCC2)cn1
XS332937b,CC=1C=C(N(C)N1)N2CCCC(NC=3N=CN=C4C=C(F)C(F)=CC34)C2=O,0.904,O=C1C(Nc2ncnc3ccccc23)CCCN1c1ccn[nH]1
XS839096b,CC1CCN(CCN1C(=O)C2=CN3C=CN=C3S2)C(=O)C4=CN=C(N)O4,3.874,O=C(c1cnco1)N1CCCN(C(=O)c2cn3ccnc3s2)CC1
XS845276a,COC(=O)C=1C=CC(=CC1)C(=O)N2CCCC2C=3C=CC(OC)=C(C3)OC,7.666,O=C(c1ccccc1)N1CCCC1c1ccccc1
XS845282a,CC(C)N1CC(CC1=O)C(=O)NC2=NC=3C=CC=CC3N2C4CCCCC4,3.154,O=C1CC(C(=O)Nc2nc3ccccc3n2C2CCCCC2)CN1
DR003313b,NC(=O)C1CCCN(C1)C=2C=CC(=CC2)C(=O)NCC=3C=CC(Cl)=CC3,3.444,O=C(NCc1ccccc1)c1ccc(N2CCCCC2)cc1
XS840078b,CNS(=O)(=O)C=1C=CC=C(C1)C(C)NC=2N=C3N=CC=CC3=CC2C#N,1.908,c1ccc(CNc2ccc3cccnc3n2)cc1
XS845285a,CCC1=C(C=NN1CC=2C=CC=CC2)C(=O)NC3CCCOC=4C=CC=CC43,0.884,O=C(NC1CCCOc2ccccc21)c1cnn(Cc2ccccc2)c1
XS838644b,CC=1C=CC=C(C1)N2CCCC(NC=3C=CC=4CS(=O)(=O)CC4C3)C2=O,9.038,O=C1C(Nc2ccc3c(c2)CS(=O)(=O)C3)CCCN1c1ccccc1
XS581334b,CC(C)C(NC(=O)C=1C=NN2CCCOC12)C=3C=CC=C(C3)C(F)(F)F,4.884,O=C(NCc1ccccc1)c1cnn2c1OCCC2
XS837032b,O=S(=O)(NCC1CS(=O)(=O)C=2C=CC=CC21)C=3C=CC(F)=C(F)C3,0.898,O=S1(=O)CC(CNS(=O)(=O)c2ccccc2)c2ccccc21
XS845291a,CCOC(=O)CC1=CSC(=N1)NC(=O)C2CC(=O)NC=3C=C(F)C=CC32,1.484,O=C1CC(C(=O)Nc2nccs2)c2ccccc2N1
XS845286a,CC(C(=O)N1CCNC1=O)N2CCN(CC2)S(=O)(=O)C=3C=CC(F)=CC3,1.098,O=C(CN1CCN(S(=O)(=O)c2ccccc2)CC1)N1CCNC1=O
XS845300a,CC(C)C(NC(=O)COC=1C=CC=CC1C#N)C=2C=CC=3OCCCOC3C2,1.236,O=C(COc1ccccc1)NCc1ccc2c(c1)OCCCO2
XS839644b,CN1C=C(C=N1)N2CCC(NS(=O)(=O)CC=3C=C(Cl)C=CC3F)C2=O,0.626,O=C1C(NS(=O)(=O)Cc2ccccc2)CCN1c1cn[nH]c1
XS837389b,CN1C(=NN=C1N2CCN3C(=O)NCC3C2)C=4C=C(NN4)C=5C=CC=CC5F,0.896,O=C1NCC2CN(c3nnc(-c4cc(-c5ccccc5)[nH]n4)[nH]3)CCN12
XS845297a,COC=1C=CC(OC)=C(C1)NC(=O)C(C)NC=2C=CC(=CC2)N3CCCC3=O,0.594,O=C(CNc1ccc(N2CCCC2=O)cc1)Nc1ccccc1
XS842242b,CN1C(=O)C=2C=C(C(=O)NCC3CCCO3)N(CC4=CC=CO4)C2N(C)C1=O,1.728,O=C(NCC1CCCO1)c1cc2c(=O)[nH]c(=O)[nH]c2n1Cc1ccco1
XS845299a,CC=1OC(=NC1C(=O)NC2CCN(CC=3C=CC=CC3)C2=O)C4=CC=CS4,2.12,O=C(NC1CCN(Cc2ccccc2)C1=O)c1coc(-c2cccs2)n1
XS719276b,CC1=NC2=CC(O)=NN2C(C)=C1CCC(=O)NC3CCCCC=4C=CC=CC43,1.256,O=C(CCc1cnc2ccnn2c1)NC1CCCCc2ccccc21
XS845301a,CCOC(=O)NC1CCCN(C1)C(=O)C=2C=NN(C2)C=3C=CC=CC3Cl,0.566,O=C(c1cnn(-c2ccccc2)c1)N1CCCCC1
XS845296a,CC1=NN(C(C)=C1C(=O)NC(C)C=2C=CC=3OCCOC3C2)C=4C=CC=CC4,1.03,O=C(NCc1ccc2c(c1)OCCO2)c1cnn(-c2ccccc2)c1
XS845290a,CC(C)N1N=CC=2C=C(C=NC21)C(=O)NC(C)C=3C=CC(=CC3)S(N)(=O)=O,0.412,O=C(NCc1ccccc1)c1cnc2[nH]ncc2c1
XS842339b,CC(C)CC1=NN=C(O1)C(C)N2CC=3C=NN(C=4C=CN=CC4)C3CC(C)(C)C2,0.642,c1cc(-n2ncc3c2CCCN(Cc2nnco2)C3)ccn1
XS842087b,CC1CC=2C=C(C=CC2N1S(C)(=O)=O)C(=O)NC=3C=CC(=NC3)N4C=NC=N4,1.888,O=C(Nc1ccc(-n2cncn2)nc1)c1ccc2c(c1)CCN2
XS845309a,CCCS(=O)(=O)N1CCCC(C1)C(=O)NCCOC=2C=CC(Cl)=CC2,0.468,O=C(NCCOc1ccccc1)C1CCCNC1
XS845303a,CC=1C=CC(=CC1)C2CC(=NN2C(=O)CCCC(=O)O)C=3C=CC=4OCOC4C3,0.548,c1ccc(C2CC(c3ccc4c(c3)OCO4)=NN2)cc1
XS837490b,CC=1OC(=NC1C(=O)N2CC(CC=3C=CC=CC32)N4C=CC=N4)C5=CC=CS5,0.704,O=C(c1coc(-c2cccs2)n1)N1CC(n2cccn2)Cc2ccccc21
XS679677b,COC=1C=CC2=NC(=CC=C2C1)C(=O)N3CCCC3C=4C=CC(OC)=C(C4)OC,3.662,O=C(c1ccc2ccccc2n1)N1CCCC1c1ccccc1
XS845310a,O=C(O)CCC(=O)N1N=C(CC1C=2C=CC(Br)=CC2)C3=CC=CO3,1.392,c1ccc(C2CC(c3ccco3)=NN2)cc1
XS845313a,CCC(C)(NC(=O)C=1C=NN(C1C)C=2C=CC(Br)=CC2)C(=O)OC,0.436,c1ccc(-n2cccn2)cc1
XS836647b,CC=1C=C(C=CC1OC2CCOC2)C=3C=CC(=CC3)OCCN4CCNC(=O)C4,1.482,O=C1CN(CCOc2ccc(-c3ccc(OC4CCOC4)cc3)cc2)CCN1
XS552497b,CN(CC(=O)NC=1C(Cl)=CC=CC1Cl)C(=O)C2CCCC=3C=CC=NC32,9.544,O=C(CNC(=O)C1CCCc2cccnc21)Nc1ccccc1
XS504017b,CC1=NN2CC(CCC2=N1)NC(=O)C=3C=CC=C(C3)S(=O)(=O)N(C)C(C)C,0.666,O=C(NC1CCc2ncnn2C1)c1ccccc1
XS845316a,CCN(CC)S(=O)(=O)C=1C=C(C=CC1C)NC(=O)C2COC=3C=CC=CC3C2,2.392,O=C(Nc1ccccc1)C1COc2ccccc2C1
XS836858c,N#CC=1C=CC=C(C1)NC(=O)C(C2=CC(Br)=CS2)N3CCOCC3,0.866,O=C(Nc1ccccc1)C(c1cccs1)N1CCOCC1
XS845314a,COC=1C=CC=CC1N2CC(CC2=O)C3=NC=4C=CC=CC4N3CC=5C=CC(C)=CC5,2.704,O=C1CC(c2nc3ccccc3n2Cc2ccccc2)CN1c1ccccc1
XS840640b,O=S(=O)(C1=CC=CC2=NSN=C12)N3CCN(CC3)C4CCC=5C(F)=CC=CC54,1.206,O=S(=O)(c1cccc2nsnc12)N1CCN(C2CCc3ccccc32)CC1
XS837635b,N#CC=1C=CC(=NC1N)NCCC2CCCCN2S(=O)(=O)C=3C=CC(Cl)=CC3,0.946,O=S(=O)(c1ccccc1)N1CCCCC1CCNc1ccccn1
XS845331a,CS(=O)(=O)N1N=C(CC1C=2C=CC(Br)=CC2)C=3C=CC=4OCOC4C3,3.432,c1ccc(C2CC(c3ccc4c(c3)OCO4)=NN2)cc1
XS845325a,CC(NC1=NS(=O)(=O)C=2C=CC=CC12)C(=O)N3CCN(CC3)C=4C=CC=CC4O,2.506,O=C(CNC1=NS(=O)(=O)c2ccccc21)N1CCN(c2ccccc2)CC1
XS845333a,CN1N=CC2=C1CCCC2NC(=O)N3CCN(CC3)C(=O)CC4=CNC=5C=CC=CC45,2.138,O=C(Cc1c[nH]c2ccccc12)N1CCN(C(=O)NC2CCCc3[nH]ncc32)CC1
XS845324a,CC=1C=CC(=CC1)NC(=O)C=2C=CC(Cl)=C(C2)S(=O)(=O)NCC3CCCO3,0.448,O=C(Nc1ccccc1)c1cccc(S(=O)(=O)NCC2CCCO2)c1
XS845322a,O=C(NC=1C=CC=C(C1)S(=O)(=O)N2CCCC2)C3CC(=O)NC=4C=C(F)C=CC43,0.924,O=C1CC(C(=O)Nc2cccc(S(=O)(=O)N3CCCC3)c2)c2ccccc2N1
XS842683b,COC=1C=C2N=C(NCC3CCCO3)N4N=C(N=C4C2=CC1OC)C=5C=CC=NC5,3.358,c1cncc(-c2nc3c4ccccc4nc(NCC4CCCO4)n3n2)c1
XS836895b,CC(=O)N1CCSC=2C=CC(=CC21)NC(=O)C(=O)NC(C)C=3C=CN=C(O)C3,1.856,O=C(NCc1ccncc1)C(=O)Nc1ccc2c(c1)NCCS2
XS845319a,CC1=CC=C(S1)S(=O)(=O)N2CCCC(C2)C(=O)N3CCN(CCO)C(=O)C3,7.196,O=C1CN(C(=O)C2CCCN(S(=O)(=O)c3cccs3)C2)CCN1
XS845334a,COC1=CC(=CC(OC)=C1OC)NC(=O)CN2CCC=3SC=CC3C2C4=CC=CS4,0.83,O=C(CN1CCc2sccc2C1c1cccs1)Nc1ccccc1
XS845335a,CC=1C=CC(=CC1C)S(=O)(=O)N2CCC(CC2)C(=O)N3CCC=4SC=CC4C3C,3.054,O=C(C1CCN(S(=O)(=O)c2ccccc2)CC1)N1CCc2sccc2C1
XS840173b,CS(=O)(=NC(=O)C1=COC(=N1)C(F)(F)F)C2CCN(CC2)C=3N=CC(Cl)=CN3,2.562,O=C(N=[SH](=O)C1CCN(c2ncccn2)CC1)c1cocn1
XS845340a,CC(C)(C)C=1C=C(NC(=O)COC=2C=CC(F)=CC2Cl)N(N1)C3CCS(=O)(=O)C3,0.488,O=C(COc1ccccc1)Nc1ccnn1C1CCS(=O)(=O)C1
XS840468b,COC(=O)C=1C=CC(=C(Cl)C1)S(=O)(=O)N(C)CC(=O)NC2CCS(=O)(=O)C2,3.436,O=C(CNS(=O)(=O)c1ccccc1)NC1CCS(=O)(=O)C1
XS005478d,CCCN1C(=O)N(CC(=O)N2CCCC2C=3C=CC(=CC3OC)OC)C=4C=CC=CC41,1.486,O=C(Cn1c(=O)[nH]c2ccccc21)N1CCCC1c1ccccc1
XS845346a,O=C(CC1=CSC(=N1)C=2C=CC=C(F)C2)N(CC3=CC=CO3)C4CCS(=O)(=O)C4,0.712,O=C(Cc1csc(-c2ccccc2)n1)N(Cc1ccco1)C1CCS(=O)(=O)C1
XS839674b,CN1N=CC=C1C2CCCCN2C=3C=CC(=CC3[N+]([O-])=O)S(=O)(=O)N4CCOCC4,1.56,O=S(=O)(c1ccc(N2CCCCC2c2ccn[nH]2)cc1)N1CCOCC1
XS845343a,O=C(NC=1C=CC=CC1N2CCOCC2)C=3C=CC=C(C3)S(=O)(=O)NCC4CCCO4,1.046,O=C(Nc1ccccc1N1CCOCC1)c1cccc(S(=O)(=O)NCC2CCCO2)c1
XS845342a,CCC=1C=CC(=CC1)N2CC(CC2=O)C(=O)NC=3C=CC(C)=C(C3)S(=O)(=O)N(C)C,2.086,O=C(Nc1ccccc1)C1CC(=O)N(c2ccccc2)C1
XS845338a,CC(=O)NC1=CNN=C1C2CCCN(C2)C(=O)CC3=COC4=CC(C)=C(C=C34)C(C)C,0.938,O=C(Cc1coc2ccccc12)N1CCCC(c2cc[nH]n2)C1
XS555524b,CC=1OC(=NC1C(=O)N2CC(C)(C)OC3(CCOC3)C2)C=4C=CC=C(C4)C(F)(F)F,0.556,O=C(c1coc(-c2ccccc2)n1)N1CCOC2(CCOC2)C1
XS845344a,CC(C(=O)NC1CCCCCC1)S(=O)(=O)CC=2C=CC=C(C2)S(=O)(=O)N(C)C,0.494,O=C(CS(=O)(=O)Cc1ccccc1)NC1CCCCCC1
XS841423b,OC=1C=CC(=CC1)C2C=C(NC3=NC(=NN32)C(F)(F)F)C=4C=CC=C(C4)N5C=NN=N5,0.702,C1=C(c2cccc(-n3cnnn3)c2)Nc2ncnn2C1c1ccccc1
XS837001b,C#CC=1C=C(NC(=O)C2CC2(C)C)N(C)N1,6.344,O=C(Nc1ccn[nH]1)C1CC1
XS845356a,O=C(NC=1C=CC=CC1)C2COCCO2,0.852,O=C(Nc1ccccc1)C1COCCO1
XS841032b,CC#CC(=O)N(C1CC1)C2CC(=O)NC2=O,1.136,O=C1CC(NC2CC2)C(=O)N1
XS663784b,CC=1C=CC=C(C1)C(=O)NC2CCC(=O)NC2=O,2.546,O=C1CCC(NC(=O)c2ccccc2)C(=O)N1
XS845353a,CC1(C)CCC1NC(=O)C2=CC=CN3N=CC=C23,0.952,O=C(NC1CCC1)c1cccn2nccc12
XS845354a,CC=1C=NC(=CN1)C(=O)NC(C)C2=CC=CS2,1.204,O=C(NCc1cccs1)c1cnccn1
XS836865b,COC(=O)C1CC=2C(O)=CC=CC2N1,0.444,c1ccc2c(c1)CCN2
XS840385b,CCC(C)NC(=O)C1=CC=2C=CC=CC2OC1=O,0.546,O=c1ccc2ccccc2o1
XS840338b,COC(=O)C(C)N1C=C(N=N1)C2=NNC=3C=CC=CC23,0.964,c1ccc2c(-c3c[nH]nn3)n[nH]c2c1
XS592620b,CC1CC=2C=CC=CC2N1C(=O)C=3C=CNC(=O)C3,1.008,O=C(c1cc[nH]c(=O)c1)N1CCc2ccccc21
DR000451d,N#CC=1C=CN=CC1N2CCCC(C2)N3CCNC3=O,0.75,O=C1NCCN1C1CCCN(c2cccnc2)C1
XS839391b,COC(=O)C=1C=C(C)N=C(N1)N2CCC2C(C)(C)F,0.674,c1cnc(N2CCC2)nc1
XS845361a,CN1C=C(C(=O)NC2CCN(C)C2=O)C(=N1)C(F)F,0.646,O=C(NC1CCNC1=O)c1cn[nH]c1
XS172120b,CC(C(=O)N1CCC=2C=CC=CC2C1)N3C=NC=N3,0.542,O=C(Cn1cncn1)N1CCc2ccccc2C1
XS435294b,CC1=CN2N=C(SC2=N1)N3CCCC(C3)C(N)=O,3.882,c1cn2nc(N3CCCCC3)sc2n1
XS840316b,CC=1N=CC=NC1C(C)S(=O)(=O)C=2C=CC=CC2,1.356,O=S(=O)(Cc1cnccn1)c1ccccc1
XS845365a,CC1CC=2C=CC=CC2N1C(=O)C=3C=CC(=O)N(C)N3,1.994,O=C(c1ccc(=O)[nH]n1)N1CCc2ccccc21
XS845363a,CC1=NN(C(C)=C1C)C(C)CC(=O)NC=2C=CC=NC2,0.902,O=C(CCn1cccn1)Nc1cccnc1
XS838020b,CC(C)CCNC(=O)C1CCN2C(=O)NN=C2C1,1.082,O=c1[nH]nc2n1CCCC2
XS845373a,CC=1C=CC=CC1C2=NN=C(O2)SC3CCOC3=O,1.974,O=C1OCCC1Sc1nnc(-c2ccccc2)o1
XS845376a,CCNC1=NC(=CS1)C(=O)N2CC(=O)N(C)C(C)C2,1.318,O=C1CN(C(=O)c2cscn2)CCN1
XS402087b,CC(NC(=O)C=1C=CC(C#N)=CC1)C=2C=CC(Cl)=CC2,0.464,O=C(NCc1ccccc1)c1ccccc1
XS840546b,CC=1C=NC(=NC1)S(=O)(=O)C(C)C(=O)NC(C)(C)C,0.694,c1cncnc1
XS836686b,CC1=NOC(C)=C1C(C)NC2=NOC(=N2)C=3C=CC=CC3,3.59,c1ccc(-c2nc(NCc3cnoc3)no2)cc1
XS837195b,COC=1C=CC(=CN1)NC(C)C2=CN(N=N2)C3COC3,1.856,c1cncc(NCc2cn(C3COC3)nn2)c1
XS845374a,CC(NC(=O)COC=1C=CC=CC1C#N)C=2C=CC=CC2,1.066,O=C(COc1ccccc1)NCc1ccccc1
XS712256b,CC=1C=CC(=C(F)C1)N2CC(CC2=O)C(=O)NC(C)C,8.508,O=C1CCCN1c1ccccc1
XS842236b,CN1CCCC(NC=2C=NC=C(C#N)N2)C=3C=CC=CC31,0.7,c1ccc2c(c1)NCCCC2Nc1cnccn1
XS842384b,CC(NCC1=CC=2C=CC=CC2NC1=O)C3=NN=CS3,0.944,O=c1[nH]c2ccccc2cc1CNCc1nncs1
XS839239b,CN(C)C(=O)C1CCN1C(=O)C=2C=CC=C3CCNC23,3.762,O=C(c1cccc2c1NCC2)N1CCC1
XS845391a,CC=1C=CC=C(C1)C(=O)N2C=3C=CC=CC3NC(=O)CC2C,0.522,O=C1CCN(C(=O)c2ccccc2)c2ccccc2N1
XS839910b,CC1=NN(CCC2CCNC2=O)C=3C=CC(=CC13)[N+]([O-])=O,0.898,O=C1NCCC1CCn1ncc2ccccc21
XS845383a,CCNC(=O)NC(=O)C(C)OC(=O)C=1C=C(C)C=C(C)C1,1.896,c1ccccc1
XS845388a,CCOC(=O)C1CCCN(C1)S(=O)(=O)C=2C=CC=CC2,0.586,O=S(=O)(c1ccccc1)N1CCCCC1
XS520318b,CCN1CC(CC1=O)C(=O)NC=2C=CSC2C(=O)OC,0.612,O=C1CC(C(=O)Nc2ccsc2)CN1
XS505177b,NC(=O)C=1C=CC(=CC1)NC(=O)C2CCC=3N=CN=CC3C2,0.842,O=C(Nc1ccccc1)C1CCc2ncncc2C1
XS799368b,CC1CC=2C=CC=CC2N1C(=O)C=3C=CC=C(C3)NC(N)=O,0.502,O=C(c1ccccc1)N1CCc2ccccc21
XS845389a,COC=1C=CC(=CN1)NC(=O)NC(CO)C=2C=CC=CC2,1.05,O=C(NCc1ccccc1)Nc1cccnc1
XS508640b,CN1C=C(C=N1)CCC(=O)N2CCCC2C=3C=CC=C(F)C3,1.286,O=C(CCc1cn[nH]c1)N1CCCC1c1ccccc1
XS839101b,CC(C(=O)N(CCC#N)CCC#N)C=1C=CC=C2C=CC=CC12,1.394,c1ccc2ccccc2c1
XS839465b,CC=1N=C(OC1C#N)N2CCC=3C=CC(Cl)=C(F)C3C2C,0.668,c1ccc2c(c1)CCN(c1ncco1)C2
XS845400a,CC(=O)NC(CC(=O)NC=1C=CC=C(F)C1)C=2C=CC=CC2,1.052,O=C(CCc1ccccc1)Nc1ccccc1
XS525933b,CC=1NN=CC1C(=O)N2CCCC2C=3C=CC=4OCOC4C3,13.44,O=C(c1cn[nH]c1)N1CCCC1c1ccc2c(c1)OCO2
XS845394a,CC1=CSC(=N1)C2CCCCN2C(=O)C=3C=NC(C)=CN3,1.432,O=C(c1cnccn1)N1CCCCC1c1nccs1
XS845404a,CC1=CC(C(=O)NC(C)C2CC2)=C(C)N1CC3=CC=CS3,0.464,O=C(NCC1CC1)c1ccn(Cc2cccs2)c1
XS840753b,CC(OC=1C=CC(=CC1)OC=2C=CC=C(F)C2C#N)C(N)=O,1.82,c1ccc(Oc2ccccc2)cc1
XS845417a,CCC(C)N1N=CC=2C(=CC(C)=NC21)C(=O)NCC=3C=CNN3,1.45,O=C(NCc1cc[nH]n1)c1ccnc2[nH]ncc12
XS336224b,COC1CCCCN(CC(=O)N(C)CC=2C=NN(C)C2)C1=O,0.834,O=C(CN1CCCCCC1=O)NCc1cn[nH]c1
XS845414a,COC=1C=CC2=C(C1)NC(=O)C32NC(=O)C=4C=CC=C(C)C4N3,19.84,O=C1NC2(Nc3ccccc31)C(=O)Nc1ccccc12
XS845416a,CCN(C(=O)C=1C=C(Cl)C=C(Cl)C1)C2CC(=O)NC2=O,3.184,O=C1CC(NC(=O)c2ccccc2)C(=O)N1
XS845407a,COCC(=O)NC(C)C=1SC(=NC1C)C=2C=CC=CC2F,0.446,c1ccc(-c2nccs2)cc1
XS399452b,CNC(=O)NC(=O)C(C)OC(=O)C=1C=CC=2N=CSC2C1,0.586,c1ccc2scnc2c1
XS845411a,CCCNC(=O)C(C)NC(=O)CCCC1=NC(=NO1)C(C)C,1.522,c1ncon1
XS555465b,CC1(CCCC1)NC(=O)C2CCS(=O)(=O)C=3C=CC=CC32,0.752,O=C(NC1CCCC1)C1CCS(=O)(=O)c2ccccc21
XS841911b,O=C(NCC1CCC=CO1)NC=2C=CC(=C(F)C2)N3C=NN=N3,0.504,O=C(NCC1CCC=CO1)Nc1ccc(-n2cnnn2)cc1
XS845425a,CCNC(=O)C=1C=CC(=CC1)NC(=O)C2CC(=O)N(C2)C3CC3,0.906,O=C(Nc1ccccc1)C1CC(=O)N(C2CC2)C1
XS845422a,CN1N=CC=2C(=O)N(C=NC21)CC(O)COCC=3C=CC=CC3,1.068,O=c1c2cn[nH]c2ncn1CCCOCc1ccccc1
XS840416b,CCC(C)(C)NC(=O)C(C)S(=O)(=O)CC=1C(C)=NOC1C,0.916,c1cnoc1
XS838358b,CC1=NOC(COC=2C=CC(=CN2)C(=O)OC3CCNC3=O)=N1,9.338,O=C(OC1CCNC1=O)c1ccc(OCc2ncno2)nc1
XS839882b,CC(NC=1C=C2NC(=O)OC2=CC1Cl)C3=NN=NN3C4CC4,0.908,O=c1[nH]c2cc(NCc3nnnn3C3CC3)ccc2o1
XS708576b,CC=1N=C(CC2CC2)SC1C(=O)NC3COC=4C=CC=CC43,0.658,O=C(NC1COc2ccccc21)c1cnc(CC2CC2)s1
XS845424a,CC=1C=C(C)N2N=C(N=C2N1)C(=O)NC(C)CC3=CC=CS3,0.4,O=C(NCCc1cccs1)c1nc2ncccn2n1
XS845426a,O=C(NC1CC1)C(C=2C=CC=CC2)N3N=NC(=N3)C=4C=CC=CC4,2.622,O=C(NC1CC1)C(c1ccccc1)n1nnc(-c2ccccc2)n1
XS728848b,CNC(=O)CCCC(=O)N1CCCCCC1C=2C=CC=C(C)C2,0.424,c1ccc(C2CCCCCN2)cc1
XS838044b,CN1N=CC=2C(=NC=NC21)NC=3C=CC(=CC3)OC4CC4(F)F,1.322,c1nc(Nc2ccc(OC3CC3)cc2)c2cn[nH]c2n1
XS475765b,CC=1C=C(NC(=O)NC2CCCN(C2)C=3C=CC=CC3F)ON1,0.564,O=C(Nc1ccno1)NC1CCCN(c2ccccc2)C1
XS066774c,CC1CN(C2=NC3=C(C(=O)NC(=O)N3C)N2C1)C4CCCCC4,8.686,O=c1[nH]c(=O)c2c(nc3n2CCCN3C2CCCCC2)[nH]1
XS845420a,CCCC1=NOC(CN2CCCC(C2)C=3C=C(NN3)C(N)=O)=N1,0.438,c1noc(CN2CCCC(c3cc[nH]n3)C2)n1
XS838888b,COC=1C=CC=2N=C(CN3NC(=O)CC3C=4C=CC=CC4)NC2N1,1.122,O=C1CC(c2ccccc2)N(Cc2nc3cccnc3[nH]2)N1
XS845434a,CC(C)(C)C=1C=CC(=CC1)S(=O)(=O)NC2CCCCNC2=O,1.206,O=C1NCCCCC1NS(=O)(=O)c1ccccc1
XS836956b,O=C(NC1=NN=CS1)C2CC(=O)N(C2)C=3C=CC(F)=C(F)C3,12.874,O=C(Nc1nncs1)C1CC(=O)N(c2ccccc2)C1
XS845435a,O=C(NC=1C=CC=CC1F)NC(C=2C=CC=CC2)C=3C=CN=CC3,0.572,O=C(Nc1ccccc1)NC(c1ccccc1)c1ccncc1
XS845429a,COC=1C=CC(=CC1OC)C2=NN=C(O2)SCC3CCCO3,0.738,c1ccc(-c2nnc(SCC3CCCO3)o2)cc1
XS845432a,CNC(=O)CN1C=2C=CC=CC2C(=O)N(C)C1C=3C=CC=CC3O,0.514,O=C1NC(c2ccccc2)Nc2ccccc21
XS575856b,O=S(=O)(C=1C=CC(F)=CC1)N2CCC(O)(CN3C=CN=N3)C2,0.954,O=S(=O)(c1ccccc1)N1CCC(Cn2ccnn2)C1
XS761360b,COC=1C=CC(C(=O)N2CCCC(C2)NC(C)=O)=C3C=CC=CC13,0.584,O=C(c1cccc2ccccc12)N1CCCCC1
XS837271b,CCOC(=O)C1=CCC(C1)NC(=O)C=2C(F)=CC=C3OCOC23,3.528,O=C(NC1CC=CC1)c1cccc2c1OCO2
XS409704b,CC1CCCC2=NC(=CN21)S(=O)(=O)N(C)C=3N=CC=CC3F,12.234,O=S(=O)(Nc1ccccn1)c1cn2c(n1)CCCC2
XS841655b,CC1CN(CC=2C=C(Cl)C=C3COCOC23)C4(COC4)CO1,0.582,c1cc2c(c(CN3CCOCC34COC4)c1)OCOC2
XS845430a,COC(=O)CCCNC(=O)C=1C=CC(=CC1)OCC2CCCO2,0.638,c1ccc(OCC2CCCO2)cc1
XS676149b,CC=1C=NN(C1)CC2CCCCN2C(=O)C=3C(C)=NOC3C(C)C,0.576,O=C(c1cnoc1)N1CCCCC1Cn1cccn1
XS570647b,CC=1C=CC=CC1N2C=C(C=N2)C(=O)NC3CCC(=O)NC3(C)C,1.17,O=C1CCC(NC(=O)c2cnn(-c3ccccc3)c2)CN1
XS549660b,CC=1C=CC(=C(C1)C(=O)NC2CCC(=O)NC2(C)C)N3CCCC3,2.444,O=C1CCC(NC(=O)c2ccccc2N2CCCC2)CN1
XS481260b,CNC(=O)C=1C=CC(=NN1)NCC2CCCN(C2)C=3N=CC=CN3,5.666,c1cnc(N2CCCC(CNc3cccnn3)C2)nc1
XS836662b,CC1=CN2N=C(NCC3CCC4=C(C=NN4C3)C(N)=O)SC2=N1,2.29,c1cn2nc(NCC3CCc4ccnn4C3)sc2n1
XS845441a,COC=1C=C(C=C(Cl)C1OC)C(=O)N2C=3C=CC=CC3CC2C,1.234,O=C(c1ccccc1)N1CCc2ccccc21
XS845439a,O=C(C=1C=CC=C(F)C1)N2CCCC2C=3C=CC=4OCCOC4C3,2.106,O=C(c1ccccc1)N1CCCC1c1ccc2c(c1)OCCO2
XS802123b,CSC=1C=CC(=CC1)N2CC(CC2=O)C(=O)NC(C)(C)C(N)=O,0.85,O=C1CCCN1c1ccccc1
XS845453a,CC(=O)NC(C(=O)N1CCN(CC1)C2=NC=CS2)C3CCCC3,0.386,O=C(CC1CCCC1)N1CCN(c2nccs2)CC1
XS837943b,CN1CC2(CCN(CC2)S(=O)(=O)C3CCOC3)C=4C=CC=CC41,2.682,O=S(=O)(C1CCOC1)N1CCC2(CC1)CNc1ccccc12
XS841026b,O=C1CC2(CC2)C(CN3C=NC4=C(N=CN4C=5C=CC=CC5)C3=O)O1,5.452,O=C1CC2(CC2)C(Cn2cnc3c(ncn3-c3ccccc3)c2=O)O1
XS845450a,CC1=CC=C(O1)C2=CC=C(S2)C(=O)N3CCCCC3CC(N)=O,8.614,O=C(c1ccc(-c2ccco2)s1)N1CCCCC1
XS845456a,CN(C(=O)C=1C=CC=C(C1)N2CCNC2=O)C3CCC=4C=CC=CC43,1.676,O=C(NC1CCc2ccccc21)c1cccc(N2CCNC2=O)c1
XS845448a,COC=1C=CC(=CC1)NC(=O)N2CCN(CC2)C(=O)C3CCCO3,2.326,O=C(Nc1ccccc1)N1CCN(C(=O)C2CCCO2)CC1
XS839047b,FC=1C=CC(=CC1)CN2C=C(C=N2)OCC3CC4(CCOCC4)O3,1.648,c1ccc(Cn2cc(OCC3CC4(CCOCC4)O3)cn2)cc1
XS839653b,O=C(O)C1CCN2C(=NN=C2C1)C=3SC=4C=CC=CC4C3Cl,0.578,c1ccc2sc(-c3nnc4n3CCCC4)cc2c1
XS845451a,CC(OC(=O)C=1C=CC(=O)N(C1)CC=2C=CC=CC2Cl)C(N)=O,1.182,O=c1ccccn1Cc1ccccc1
XS663175b,CC=1C=CC(=CC1NC2CCN(C2=O)C=3C=CC(C#N)=CC3)C(N)=O,1.814,O=C1C(Nc2ccccc2)CCN1c1ccccc1
XS837842b,CC1=NC(C)=C(S1)C(C)N(C)C2=C(C#N)C(=O)N(C)C(=O)N2C,3.81,O=c1cc(NCc2cncs2)[nH]c(=O)[nH]1
XS845457a,CCOC=1C=CC(=CC1C)NC(=O)N2CCCC(C2)NC(=O)CC,0.484,O=C(Nc1ccccc1)N1CCCCC1
XS839225b,N#CC1=NC=CN1C2CCN(C2=O)C=3C=CC=C(C3)OC(F)(F)F,2.01,O=C1C(n2ccnc2)CCN1c1ccccc1
XS845462a,CC=1C=CC(=CC1)C2=NN=C(CN3CCCC(CN4C=NC=N4)C3)O2,0.598,c1ccc(-c2nnc(CN3CCCC(Cn4cncn4)C3)o2)cc1
XS845464a,O=C(NC1CC(=O)N(C1)C=2C=CC(Cl)=C(F)C2)C3=CC=CS3,2.538,O=C(NC1CC(=O)N(c2ccccc2)C1)c1cccs1
XS713562b,COC=1C=CC=C(C1)C2CCCN2S(=O)(=O)N3CCCCCC3,0.514,O=S(=O)(N1CCCCCC1)N1CCCC1c1ccccc1
XS845465a,CC1CCCCN1C(=O)COC(=O)C=2C=CC(=CC2)S(C)(=O)=O,0.576,O=C(OCC(=O)N1CCCCC1)c1ccccc1
XS732590b,CC=1C=CC(=CC1)C(CC(=O)O)NC(=O)CN2N=NC=3C=CC=CC32,0.41,O=C(Cn1nnc2ccccc21)NCc1ccccc1
XS842422b,O=C1C=2C=CC=CC2N=C(C=3C=CC=CC3)N1C4CCS(=O)(=O)C4,3.354,O=c1c2ccccc2nc(-c2ccccc2)n1C1CCS(=O)(=O)C1
XS802595b,COC1=C(C(C)=NN1C)C2CCCN2C(=O)C3=CC=C(Cl)S3,1.368,O=C(c1cccs1)N1CCCC1c1cn[nH]c1
XS626195b,CC1=NOC(=N1)C2CC(=O)N(C2)C3CN(C3)C=4C=CC(C#N)=C(C)N4,5.496,O=C1CC(c2ncno2)CN1C1CN(c2ccccn2)C1
XS732058b,CCOC=1N=C(C)C=CC1C(=O)NC(C)C=2C=CC=3NC(=O)CC3C2,0.468,O=C1Cc2cc(CNC(=O)c3cccnc3)ccc2N1
XS845479a,CC1=NC=2C=CC=CC2N1CC(=O)NC(C)C=3C=CC4=CC=CC=C4C3,1.33,O=C(Cn1cnc2ccccc21)NCc1ccc2ccccc2c1
XS845481a,CN1C=CC(=N1)C2=NC(=CS2)C3=NOC(=N3)C4(C)CCNC(=O)C4,15.776,O=C1CC(c2nc(-c3csc(-c4cc[nH]n4)n3)no2)CCN1
XS727384b,CC=1C=CC(=NC1)NC(=O)C2CCCN(C2)C(=O)C=3C=CC(F)=CN3,0.54,O=C(Nc1ccccn1)C1CCCN(C(=O)c2ccccn2)C1
XS587514b,CC(C)OC=1C=CC=C(C1)CN(C)C(=O)NC2CCC=3NN=CC3C2,2.098,O=C(NCc1ccccc1)NC1CCc2[nH]ncc2C1
XS003672d,CCC1=NC=2C=CC=CC2N1CC(O)COCC=3C=CC(Cl)=CC3,0.552,c1ccc(COCCCn2cnc3ccccc32)cc1
XS836845b,NC(=O)C=1C=CC(COC(=O)C2CNC=3C=CC=CC32)=C(C1)[N+]([O-])=O,0.464,O=C(OCc1ccccc1)C1CNc2ccccc21
XS840267b,O=C(NC=1C=CC(=CN1)OC(F)F)N2CCN3C(=O)OCCC3C2,0.776,O=C(Nc1ccccn1)N1CCN2C(=O)OCCC2C1
XS845482a,CCN(CC1COC=2C=CC=CC2O1)C(=O)NCC=3C=CC=C(F)C3,0.56,O=C(NCc1ccccc1)NCC1COc2ccccc2O1
XS390851b,N#CC=1C=CC=CC1CN(CC2=CC=CS2)C3CCS(=O)(=O)C3,0.866,O=S1(=O)CCC(N(Cc2ccccc2)Cc2cccs2)C1
XS810177b,O=C(COC=1C=CC(F)=CC1F)NC2CCCN(C2)C=3N=CC=CN3,2.136,O=C(COc1ccccc1)NC1CCCN(c2ncccn2)C1
XS722648b,COCCN1C=C(C=N1)NC(=O)N2CCCC2C=3C=CC(=CC3)OC,4.956,O=C(Nc1cn[nH]c1)N1CCCC1c1ccccc1
XS845487a,O=C(N1CCC(C1)C2CCOCC2)C3(CCCCC3)C4=CC=CS4,1.972,O=C(N1CCC(C2CCOCC2)C1)C1(c2cccs2)CCCCC1
XS806965b,CC=1C=C(C)C=C(C1)N(C)CC=2C=NN(C2)C3(C)CCS(=O)(=O)C3,0.428,O=S1(=O)CCC(n2cc(CNc3ccccc3)cn2)C1
XS839960b,O=C(NC=1C=CC(Br)=C2C=CC=CC12)N3CCC(CO)C3,0.446,O=C(Nc1cccc2ccccc12)N1CCCC1
XS845491a,CC1=CC=C(CNC(=O)C2CCCN(C2)C(=O)C3=CC=CS3)S1,1.262,O=C(NCc1cccs1)C1CCCN(C(=O)c2cccs2)C1
XS482672b,CC(NC=1N=CN=C2C(F)=CC=CC12)C=3C=CC(=CC3)S(C)(=O)=O,1.182,c1ccc(CNc2ncnc3ccccc23)cc1
XS839630b,CC1(CC=2C=CC=CC2C(=O)O1)C(=O)NC=3C=CC=C(C3)N4C=NN=N4,2.214,O=C1OC(C(=O)Nc2cccc(-n3cnnn3)c2)Cc2ccccc21
XS845495a,CC(=O)N1CCCC(C1)C(=O)NCC(C)(C)C=2C=CC=3OCOC3C2,1.764,O=C(NCCc1ccc2c(c1)OCO2)C1CCCNC1
XS556036b,O=C(CN1CCCCCCC1=O)NC(C=2C=CC=CC2)C=3C=CC=CN3,2.696,O=C(CN1CCCCCCC1=O)NC(c1ccccc1)c1ccccn1
XS787633b,CCOC=1C=CC=2OC(C(=O)NC(C(N)=O)C=3C=CC=CC3)=C(C)C2C1,1.3,O=C(NCc1ccccc1)c1cc2ccccc2o1
XS845500a,CC(OC(=O)C=1C=CC(=CC1)CCNS(C)(=O)=O)C(=O)NC2CC2,0.578,O=C(COC(=O)c1ccccc1)NC1CC1
XS845506a,COC=1C=CC(=CC1F)CCC(=O)N2CCCC(C2)N3CCNC3=O,2.86,O=C(CCc1ccccc1)N1CCCC(N2CCNC2=O)C1
EL002605c,CC1=CNC(=O)N1C=2C=CC=C(C2)C(=O)NC3COCC=4C=CC=NC43,3.88,O=C(NC1COCc2cccnc21)c1cccc(-n2cc[nH]c2=O)c1
XS845504a,O=C(NCCC1CCCO1)C=2C=NC3=C(C=NN3CC=4C=CC=CC4)C2,0.432,O=C(NCCC1CCCO1)c1cnc2c(cnn2Cc2ccccc2)c1
XS845501a,O=C(OC1CCOC1=O)C2CCN(CC2)S(=O)(=O)C=3C=CC=CC3,1.05,O=C(OC1CCOC1=O)C1CCN(S(=O)(=O)c2ccccc2)CC1
XS845498a,O=C1C(CCCN1C=2C=CC=CC2F)N3CCN(CC3)C=4C=CC=NN4,1.68,O=C1C(N2CCN(c3cccnn3)CC2)CCCN1c1ccccc1
XS845497a,CC(OC(=O)C=1C(F)=CC=CC1F)C(=O)NC=2SC=CC2C(N)=O,0.638,O=C(COC(=O)c1ccccc1)Nc1cccs1
XS841517b,N#CC=1C=NC=CC1NC2CCCC=3SC(=NC32)C=4C=CC(F)=CC4,0.408,c1ccc(-c2nc3c(s2)CCCC3Nc2ccncc2)cc1
XS836548b,O=C(NC1CN(CC2(CC2)C1)C(=O)C=3C=NN(C3)C4CC4)C56CC(C5)C6,3.552,O=C(c1cnn(C2CC2)c1)N1CC(NC(=O)C23CC(C2)C3)CC2(CC2)C1
XS841810b,O=C(NC=1C=CC=2C(=O)N(CC3CC3)C(=O)C2C1)C4CCCC5=CC=NN54,14.194,O=C(Nc1ccc2c(c1)C(=O)N(CC1CC1)C2=O)C1CCCc2ccnn21
XS845517a,CCOC(=O)C1=C(C)N(CC)C(=O)NC1C=2C=CC(=CC2)N(CC)CC,2.342,O=C1NC=CC(c2ccccc2)N1
XS845519a,COC=1C=CC(=CC1)C2CCCCCN2C(=O)C(=O)NC=3C=C(C)ON3,6.4,O=C(Nc1ccon1)C(=O)N1CCCCCC1c1ccccc1
XS838138b,COC=1C=CC=CC1N2CCC(C2)NS(=O)(=O)C3=CC(C)=C(C)S3,0.426,O=S(=O)(NC1CCN(c2ccccc2)C1)c1cccs1
XS845508a,O=C(C1=CN(CC=2C=CC=CC2)N=C1C=3C=CC=CC3)N4CCC(CO)C4,0.998,O=C(c1cn(Cc2ccccc2)nc1-c1ccccc1)N1CCCC1
XS845518a,CC(C)(C)C(NC(=O)NC=1C=CC=2OCCCOC2C1)C3=CC=CS3,0.776,O=C(NCc1cccs1)Nc1ccc2c(c1)OCCCO2
XS845516a,CCC(C(=O)N1CCN(CC1)C2=CC(C)=NC3=NC=NN23)C=4C=CC=CC4,0.488,O=C(Cc1ccccc1)N1CCN(c2ccnc3ncnn23)CC1
XS135747c,CC1CCC=2SC(=CC2C1)C(=O)OCC(=O)NC(=O)C3=CC=CN3C,2.932,O=C(COC(=O)c1cc2c(s1)CCCC2)NC(=O)c1ccc[nH]1
XS427802b,CC1CCN(CC1)C(=O)C2CCCN(C2)C(=O)NC=3C=CC(F)=CC3F,7.308,O=C(Nc1ccccc1)N1CCCC(C(=O)N2CCCCC2)C1
XS845520a,CC1=CSC(=O)N1CCC(=O)OC(C)C(=O)NC=2C=CC=C(C#N)C2,0.406,O=C(COC(=O)CCn1ccsc1=O)Nc1ccccc1
XS845513a,O=C(NCC=1C=CC=CN1)C2CCCN(C2)C(=O)C=3C=CC(Cl)=CC3,3.044,O=C(NCc1ccccn1)C1CCCN(C(=O)c2ccccc2)C1
XS839175b,O=C(O)CN1N=C(C=C1C2=CN(CCC3CCCC3(F)F)N=N2)C4CC4,0.558,c1c(C2CC2)n[nH]c1-c1cn(CCC2CCCC2)nn1
XS845510a,CCOC(=O)C1CCCN(C1)C(=O)C=2SC(=NC2C)C3=CC=CS3,0.664,O=C(c1cnc(-c2cccs2)s1)N1CCCCC1
XS845514a,CC=1C=CC=C(C1)N2CCN(CC2)C(=O)C3CCCN(C3)C(=O)C(C)C,3.174,O=C(C1CCCNC1)N1CCN(c2ccccc2)CC1
XS153922b,COC=1C=CC(=CN1)CNC(=O)C(C)NC(=O)C=2C=CC(=CC2)C(C)(C)C,0.388,O=C(CNC(=O)c1ccccc1)NCc1cccnc1
XS839098b,CCOC=1C=C(C=CN1)C(=O)N2CC(CC2(C)C)NC(=O)C34CC(F)(C3)C4,4.658,O=C(c1ccncc1)N1CCC(NC(=O)C23CC(C2)C3)C1
XS845523a,CC=1C=CC(=CC1F)C(=O)N2CCN(CC2)C(=O)C3CCC=4C=NNC4C3,0.956,O=C(c1ccccc1)N1CCN(C(=O)C2CCc3cn[nH]c3C2)CC1
XS410909b,O=C(NC=1C=CC(F)=CC1)N2CCN(CC2)C(=O)C3CCS(=O)(=O)C3,1.354,O=C(Nc1ccccc1)N1CCN(C(=O)C2CCS(=O)(=O)C2)CC1
XS408617b,COC1=CC(=CC(=C1)C(=O)NCC(C)C2=NC(=NO2)C=3C=CC=CC3)OC,1.146,O=C(NCCc1nc(-c2ccccc2)no1)c1ccccc1
XS845528a,CC(NC(=O)CCCC1=NN=C(O1)C=2C=CC=CC2)C=3C=CC(F)=C(F)C3,0.43,O=C(CCCc1nnc(-c2ccccc2)o1)NCc1ccccc1
XS845527a,CC1=NN(C(C)=C1CNC(=O)C2CC(=O)N(CC(C)C)C2)C=3C=CC=CC3,7.644,O=C1CC(C(=O)NCc2cnn(-c3ccccc3)c2)CN1
XS845525a,COCCNS(=O)(=O)C=1C=CC(=CC1)C(=O)NC2CCC=3C=CC=CC32,1.104,O=C(NC1CCc2ccccc21)c1ccccc1
XS839545b,O=C(CC1=NOC(=N1)C2CCCC=3NN=NC32)N(CC(F)(F)F)C4CC4,1.372,O=C(Cc1noc(C2CCCc3[nH]nnc32)n1)NC1CC1
XS845531a,COC(=O)CC(NC(=O)C1=CSC(=N1)C=2N=CC=CN2)C=3C=CC=CC3,3.214,O=C(NCc1ccccc1)c1csc(-c2ncccn2)n1
XS845544a,CCS(=O)(=O)NC=1C=CC(=CC1)C=2CC(C3=CC=CS3)N(N2)C(C)=O,0.802,c1ccc(C2=NNC(c3cccs3)C2)cc1
XS845534a,O=C(C1NC=2C=CC=CC2S(=O)(=O)N1)N3CCC(=CC=4C=CC=CC4)CC3,1.396,O=C(C1Nc2ccccc2S(=O)(=O)N1)N1CCC(=Cc2ccccc2)CC1
XS840517b,CC(C)C(NC(=O)C12CC3CC(CC(C3)C2)C1)C(=O)NCCC=4N=CN(C)N4,0.56,O=C(CNC(=O)C12CC3CC(CC(C3)C1)C2)NCCc1nc[nH]n1
XS845543a,CC(=O)NC=1C=CC=C(C1)C(C)NC(=O)C2=NN(C(=O)CN2)C=3C=CC=CC3,1.66,O=C(NCc1ccccc1)C1=NN(c2ccccc2)C(=O)CN1
XS845539a,CC1=CC(=NN1C=2C=CC=C(C#N)C2)NC(=O)C3CN(C)C(=O)C=4C=CC=CC43,3.812,O=C1NCC(C(=O)Nc2ccn(-c3ccccc3)n2)c2ccccc21
XS845540a,O=C(CS(=O)CC=1C(Cl)=CC=CC1Cl)N2CCC=3SC=CC3C2,9.75,O=C(CS(=O)Cc1ccccc1)N1CCc2sccc2C1
XS333363b,CN1N=CC=C1N2CCCC(C2=O)N(CC=3C=CC(C#N)=CC3)S(C)(=O)=O,2.656,O=C1C(NCc2ccccc2)CCCN1c1ccn[nH]1
XS839651b,CCNC(=O)C=1C=C(N=C2C=CC=CC12)NS(=O)(=O)C(C)C(=O)N(C)C,0.734,c1ccc2ncccc2c1
XS845538a,CC1CN(CCN1C(=O)C=2C=CC=C(C2)NC(=O)C3CC3)C=4C=CC=CC4F,1.34,O=C(Nc1cccc(C(=O)N2CCN(c3ccccc3)CC2)c1)C1CC1
XS841476b,CC1=NN2N=C(C=CC2=N1)N3CCCC(CNC(=O)NC=4C=CC(C)=CC4)C3,1.692,O=C(NCC1CCCN(c2ccc3ncnn3n2)C1)Nc1ccccc1
XS631834b,COC=1C=CC(=CC1)C2CCCCCN2C(=O)CCN3CCCS3(=O)=O,5.562,O=C(CCN1CCCS1(=O)=O)N1CCCCCC1c1ccccc1
XS845542a,CC=1C=CC(=CC1)N2CC(CC2=O)C(=O)NC3=CC=NN3CC4=CC=CS4,2.928,O=C(Nc1ccnn1Cc1cccs1)C1CC(=O)N(c2ccccc2)C1
XS838012b,CC(C)C1N(CC21CCOCC2)C(=O)C=3C=NNC3C=4C=CC=5OCOC5C4,4.748,O=C(c1cn[nH]c1-c1ccc2c(c1)OCO2)N1CC2(CCOCC2)C1
XS845537a,CN1N=C(C=C1OC(F)F)C(=O)N2CCCCC2C3=NC=4C=CC=CC4O3,0.74,O=C(c1cc[nH]n1)N1CCCCC1c1nc2ccccc2o1
XS841729b,CC1=NSC(=N1)N2CCN(CC2)C(C)C(=O)NCC=3C=CC(Cl)=CC3,1.818,O=C(CN1CCN(c2ncns2)CC1)NCc1ccccc1
XS840757b,CCOC(=O)C1=CC(=CN1C)NC(=O)C(C)OC=2C=CC=CC2C(F)(F)F,0.442,O=C(COc1ccccc1)Nc1cc[nH]c1
XS748515b,CC(NCC1=CSC(=N1)C=2C=CC=3OCOC3C2)(C(N)=O)C=4C=CC=CC4,0.414,c1ccc(CNCc2csc(-c3ccc4c(c3)OCO4)n2)cc1
XS842148b,CCOC(=O)C(C)(NC(=O)CC1=COC=2C=C3CCCC3=CC12)C=4C=CC=NC4,3.09,O=C(Cc1coc2cc3c(cc12)CCC3)NCc1cccnc1
XS840907b,NC=1C(=CC=NC1C=2C=CC=CC2)C(=O)NC(CC=3C=CC=CN3)C=4C=CC=NC4,4.63,O=C(NC(Cc1ccccn1)c1cccnc1)c1ccnc(-c2ccccc2)c1
XS845546a,CC(C)(C)N1N=CN=C1CSC2=NC=C(C=3C=CC=CC3)N2CC4CCCO4,1.416,c1ccc(-c2cnc(SCc3ncn[nH]3)n2CC2CCCO2)cc1
XS845553a,CCNC(=O)COC=1C=CC(=CC1)NC(=O)C=2C=CC=CC2OCC3CCCO3,0.964,O=C(Nc1ccccc1)c1ccccc1OCC1CCCO1
XS845555a,COC=1C=C(C=CC1OCC(=O)NC(C)C)C(=O)NC2CCCC=3C=CC=CC32,1.802,O=C(NC1CCCc2ccccc21)c1ccccc1
XS840422b,O=C(N=C1SC=CN1CC=2C=CC=CC2F)C3CCCN(C3)C=4C=NC=CN4,0.778,O=C(N=c1sccn1Cc1ccccc1)C1CCCN(c2cnccn2)C1
XS845545a,CC1=CN=C(S1)C2CCCCN2C(=O)C=3C=CC(=C(F)C3)N4CCOCC4,21.434,O=C(c1ccc(N2CCOCC2)cc1)N1CCCCC1c1nccs1
XS837412b,CNS(=O)(=O)C=1C=CC=C(C1)C(C)NC(=O)N2CC=3C=CC=C(Cl)C3C2,0.466,O=C(NCc1ccccc1)N1Cc2ccccc2C1
XS845558a,O=C(O)CCC(=O)N1N=C(CC1C2=CC=CO2)C=3C=CC(Br)=CC3,1.414,c1ccc(C2=NNC(c3ccco3)C2)cc1
XS845566a,CC1=NN(C(C)=C1CN(C)C(=O)C2CC(=O)NC=3C=C(F)C=CC32)C=4C=CC=CC4,3.448,O=C1CC(C(=O)NCc2cnn(-c3ccccc3)c2)c2ccccc2N1
XS845573a,O=C(NC1=NC=2CCCC2S1)C3CC(=O)N(CC=4C=CC=C(C4)C(F)(F)F)C3,1.558,O=C(Nc1nc2c(s1)CCC2)C1CC(=O)N(Cc2ccccc2)C1
XS842457b,CCN(C(=O)C=1SC=2N=C(C)C=C(C)C2C1N3C=CC=C3)C4CCS(=O)(=O)C4,8.72,O=C(NC1CCS(=O)(=O)C1)c1sc2ncccc2c1-n1cccc1
XS845570a,CC(OC=1C=CC=C(Cl)C1)C(=O)N2CCN(CC2)S(=O)(=O)C=3C=CC=CC3,1.01,O=C(COc1ccccc1)N1CCN(S(=O)(=O)c2ccccc2)CC1
XS838033b,CCOC(=O)C1=C(N)OC=2C=C(C)OC(=O)C2C1C=3C=CC=C(Br)C3,2.366,O=c1occc2c1C(c1ccccc1)C=CO2
XS845561a,COC=1C=CC=C(C1)N2CC(CC2=O)C3=NC=4C=CC=CC4N3CC=5C=CC=CC5C,3.652,O=C1CC(c2nc3ccccc3n2Cc2ccccc2)CN1c1ccccc1
XS845560a,O=C(CCCC1=CNC=2C=CC=CC12)N3CCCCC3C4=NC=5C=CC=CC5S4,2.738,O=C(CCCc1c[nH]c2ccccc12)N1CCCCC1c1nc2ccccc2s1
XS845578a,CC(C)C(NC(=O)CN1C(=O)CCOC=2C=CC=CC21)C=3C=CC=4OCCOC4C3,4.808,O=C(CN1C(=O)CCOc2ccccc21)NCc1ccc2c(c1)OCCO2
XS845562a,N#CC(C=1C=CC(F)=CC1)N2CCN(CC2)C(=O)C=3C=CC(Br)=CC3,1.182,O=C(c1ccccc1)N1CCN(Cc2ccccc2)CC1
XS845567a,CC=1C=C(CN2CCN(CC2)C(=O)CC3SC=4C=CC(Cl)=CC4NC3=O)ON1,16.566,O=C1Nc2ccccc2SC1CC(=O)N1CCN(Cc2ccno2)CC1
XS845564a,O=C(CSC1=NC=2C=CC=CC2O1)N(CC=3C=CC=CC3)C4CCS(=O)(=O)C4,2.688,O=C(CSc1nc2ccccc2o1)N(Cc1ccccc1)C1CCS(=O)(=O)C1
XS845568a,CCC(C(=O)NC=1C=C(C=CC1C)S(=O)(=O)N2CCOCC2)C=3C=CC=CC3,0.522,O=C(Cc1ccccc1)Nc1cccc(S(=O)(=O)N2CCOCC2)c1
XS838458b,CNS(=O)(=O)CC(=O)N1CCN(CC1)C(=O)C(C)OC=2C=CC(Cl)=C(Cl)C2,0.892,O=C(COc1ccccc1)N1CCNCC1
XS845580a,CC=1C=CC(=CC1C(=O)N2CCC3(C2)C(=O)NC=4C=CC=CC43)S(=O)(=O)NC5CC5,2.288,O=C(c1cccc(S(=O)(=O)NC2CC2)c1)N1CCC2(C1)C(=O)Nc1ccccc12
XS840554b,CNC(=O)CN1C=2C=CC=CC2C(=O)N(C)C1C=3C=CC(=CC3Br)OCCO,1.436,O=C1NC(c2ccccc2)Nc2ccccc21
XS840986b,COC=1C=CC=C2CC(OC12)C(=O)N3CCCN(CC3)C(=O)C=4N=NN(C)C4C(F)F,10.546,O=C(c1c[nH]nn1)N1CCCN(C(=O)C2Cc3ccccc3O2)CC1
XS195746c,COC=1C=CC(=CC1)C=2CC(C=3C=CC4=NC=CN=C4C3)N(N2)S(=O)(=O)C=5C=CC=CC5,0.752,O=S(=O)(c1ccccc1)N1N=C(c2ccccc2)CC1c1ccc2nccnc2c1
XS836597b,CC(NS(=O)(=O)C1=CN=C(S1)C=2C=CC(Br)=CC2)C=3C=CN=CC3,0.446,O=S(=O)(NCc1ccncc1)c1cnc(-c2ccccc2)s1
XS845581a,CC(OC(=O)C=1C=CC(C#N)=CC1)C(=O)NC=2C=CC(=CC2)S(=O)(=O)N3CCOCC3,2.976,O=C(COC(=O)c1ccccc1)Nc1ccc(S(=O)(=O)N2CCOCC2)cc1
XS837176b,CC1=NC(C)=C(S1)C(C)NC(=O)NC=2C=C(Br)C=CC2N3CCOCC3,0.676,O=C(NCc1cncs1)Nc1ccccc1N1CCOCC1
XS071248c,CC(C)OC(=O)C=1C=CC(=CC1)NC(=O)C2CC(=O)N(C2)C=3C=CC=4OCCOC4C3,2.518,O=C(Nc1ccccc1)C1CC(=O)N(c2ccc3c(c2)OCCO3)C1
XS841208b,CCCN1C(=O)N(CC(=O)OC(C)C(=O)NCC=2C=CC=3OCOC3C2)C=4C=CC=CC41,3.8,O=C(COC(=O)Cn1c(=O)[nH]c2ccccc21)NCc1ccc2c(c1)OCO2
XS840040b,CCC(C(=O)N1CCN(CC2=NOC(C)=N2)CC1)N3N=NC(=N3)C=4C=CC(Cl)=CC4,0.74,O=C(Cn1nnc(-c2ccccc2)n1)N1CCN(Cc2ncon2)CC1
XS845588a,CC(C1=NC=2SC=C(C=3C=CC=CC3)C2C(=O)N1)N4CCN(CC4)C(=O)C5=CC=CO5,2.466,O=C(c1ccco1)N1CCN(Cc2nc3scc(-c4ccccc4)c3c(=O)[nH]2)CC1
XS845582a,COC=1C=CC=CC1C(C)NC(=O)C=2C=CC3=C(C2)S(=O)(=O)N=C4CCCCCN34,2.6,O=C(NCc1ccccc1)c1ccc2c(c1)S(=O)(=O)N=C1CCCCCN12
XS845586a,CC(=O)NC(CC(=O)NC=1C=CC=C(C1)S(=O)(=O)N2CCOCC2)C=3C=CC=CC3,1.584,O=C(CCc1ccccc1)Nc1cccc(S(=O)(=O)N2CCOCC2)c1
XS845584a,CC1=NOC(C)=C1COC=2C=CC(=CC2)CC(=O)N3CCCC3C=4C=CC=5OCCOC5C4,2.982,O=C(Cc1ccc(OCc2cnoc2)cc1)N1CCCC1c1ccc2c(c1)OCCO2
XS837619b,COC=1C=CC(OC)=C(C1)C=2CC(ON2)C(=O)N3CCC(CC3)NC(=O)C=4OC=CC4C,2.254,O=C(NC1CCN(C(=O)C2CC(c3ccccc3)=NO2)CC1)c1ccco1
XS797473b,CCOC=1C=CC=CC1NC(=O)C=2C=CC(OC)=C(C2)S(=O)(=O)N3CCCCC3C,1.236,O=C(Nc1ccccc1)c1cccc(S(=O)(=O)N2CCCCC2)c1
XS174947b,CCNC(=O)C=1C=C(OC)C=2OC(C)CC2C1,2.562,c1ccc2c(c1)CCO2
XS845593a,CC(=O)N1CCCCC1C=2C=CC=NC2,1.218,c1cncc(C2CCCCN2)c1
XS845596a,CCC(C)NC(=O)C=1C=CC(C#N)=C(C)N1,0.99,c1ccncc1
XS845604a,O=C1NCCCC1NC2=NC=3C=CC=CC3S2,1.064,O=C1NCCCC1Nc1nc2ccccc2s1
XS845591a,CCC1C(=O)NCCN1C(=O)C2=CC=NN2C,3.358,O=C1CN(C(=O)c2ccn[nH]2)CCN1
XS845603a,O=C(C1=CC=CN1)N2CCCC2C3CCCC3,1.32,O=C(c1ccc[nH]1)N1CCCC1C1CCCC1
XS839384b,C=CCN1CCC(NC2=CN(C)N=C2OC)C1=O,2.43,O=C1NCCC1Nc1cn[nH]c1
XS845612a,NC(=O)C1CCCN(C1)C=2C=NC3=CC=CC=C3N2,1.084,c1ccc2nc(N3CCCCC3)cnc2c1
XS637403b,CC(=O)NC1CCCN(C1)C2=NOC(=N2)C(C)(C)C,0.742,c1nc(N2CCCCC2)no1
XS695821b,CC(C)(C)N1C=C(C=N1)NC(C(N)=O)C=2C=CC=CC2,1.078,c1ccc(CNc2cn[nH]c2)cc1
XS845607a,CC(NC(=O)NC1CC1)C=2C=CC=C(C2)C(F)(F)F,0.388,O=C(NCc1ccccc1)NC1CC1
XS838676b,O=C1C(CCN1CCF)NC=2N=CC=3NN=CC3N2,1.254,O=C1NCCC1Nc1ncc2[nH]ncc2n1
XS845615a,CC(NC(=O)C1=CC=2C=CC=CC2N1)C3=CC=CO3,0.72,O=C(NCc1ccco1)c1cc2ccccc2[nH]1
XS845605a,CC(CCC=1C=CC=CC1)NC(=O)C=2C=NN(C)C2,0.93,O=C(NCCCc1ccccc1)c1cn[nH]c1
XS845610a,CC(NC(=O)C1=CN(C)N=C1C2CC2)C=3N=CNN3,1.128,O=C(NCc1nc[nH]n1)c1c[nH]nc1C1CC1
XS474382b,CC=1OC=CC1C2=NOC(=N2)C3CCCC=4NN=NC43,2.078,c1cc(-c2noc(C3CCCc4[nH]nnc43)n2)co1
XS845617a,O=C(NCC=1C=CC=CC1)N2CCCC(C2)C3=CC=NN3,0.502,O=C(NCc1ccccc1)N1CCCC(c2ccn[nH]2)C1
XS839051b,CCN1C=C(C=N1)NC2CCCC=3C=C(F)C(F)=CC32,0.484,c1ccc2c(c1)CCCC2Nc1cn[nH]c1
XS838606b,O=C1CC(C=2C=CC=CC2)C=3C=CC4=CC=CC=C4C3N1,1.886,O=C1CC(c2ccccc2)c2ccc3ccccc3c2N1
XS845628a,CC1=CC(CS(=O)(=O)C(C)C(=O)NC(C)C)=NO1,0.608,c1cnoc1
XS501698b,CC1=CC(CNC(=O)N2CCCC2C=3C=CC=CC3)=NO1,0.992,O=C(NCc1ccon1)N1CCCC1c1ccccc1
XS845626a,O=C(NCC=1C=CC=CC1)C2CC(=NO2)C=3C=CC=CC3,1.966,O=C(NCc1ccccc1)C1CC(c2ccccc2)=NO1
XS745789b,CN(CC=1C=CC(F)=CC1Cl)C(=O)C2CCC(=O)N2,2.698,O=C1CCC(C(=O)NCc2ccccc2)N1
XS845621a,COC=1C=CC=CC1C2=NN=C(O2)SC(C)C(N)=O,0.87,c1ccc(-c2nnco2)cc1
XS845624a,CC(SC1=NC=CN1C)C2=NC(=NO2)C3=CC=CO3,0.67,c1coc(-c2noc(CSc3ncc[nH]3)n2)c1
XS845620a,CC=1C=CC(=CC1)C2=CSC(=N2)SC(C)C(N)=O,1.434,c1ccc(-c2cscn2)cc1
XS207620c,CN1N=C(C=C1C(=O)NC2CNC(=O)C2)C=3C=CC=CC3,0.872,O=C1CC(NC(=O)c2cc(-c3ccccc3)n[nH]2)CN1
XS839924b,CCC1CN(CCCO1)C=2N=C3N=CC=CC3=CC2C#N,1.596,c1cnc2nc(N3CCCOCC3)ccc2c1
XS842080b,CCC=1N=NC(=NC1CC)N2CCCC(C2)C3=CC=NN3,0.852,c1cnc(N2CCCC(c3ccn[nH]3)C2)nn1
XS593411b,O=C1C=2C=NN(C=3C=CC=CC3)C2N=CN1CC4CCCO4,1.3,O=c1c2cnn(-c3ccccc3)c2ncn1CC1CCCO1
XS845638a,COC=1C=CC=C(C1)N2CC(CC2=O)C(=O)NC(C)(C)C,0.956,O=C1CCCN1c1ccccc1
XS841990b,O=C(C=1C=NN2N=CC=CC12)N3CCOCC43CCOC4,3.972,O=C(c1cnn2ncccc12)N1CCOCC12CCOC2
XS845641a,CC=1C=CC=CC1N2CC(CC2=O)C(=O)NC=3C=CC=CC3,1.012,O=C(Nc1ccccc1)C1CC(=O)N(c2ccccc2)C1
XS845637a,COC1=CC(=CC(OC)=C1OC)C(=O)N2CCCC(C)C2,0.508,O=C(c1ccccc1)N1CCCCC1
XS845640a,COC=1C=C(C=CN1)CNC(=O)C2CC(=O)N(C2)C(C)C,1.998,O=C1CC(C(=O)NCc2ccncc2)CN1
XS845635a,O=C(C1=CC(=O)NC(=N1)C2CC2)N3CCCC3C4CCC4,5.228,O=C(c1cc(=O)[nH]c(C2CC2)n1)N1CCCC1C1CCC1
XS845639a,CC(C)C(NC(=O)C1=CC=CO1)C(=O)NC=2C=CC=NC2,6.592,O=C(CNC(=O)c1ccco1)Nc1cccnc1
XS845634a,CC=1C=CC(=NC1)NC(=O)C(C)NC(=O)C2=CC=CS2,1.398,O=C(CNC(=O)c1cccs1)Nc1ccccn1
XS845633a,CC(C)(CO)CCCNC(=O)C1CC=2C=CC=C(F)C2O1,0.794,c1ccc2c(c1)CCO2
XS793068b,CC=1OC=CC1C(=O)NC(C2=NC=CN2C)C=3C=CC=CC3,16.104,O=C(NC(c1ccccc1)c1ncc[nH]1)c1ccoc1
XS842185b,CC1CCS(=O)(=O)CCN1CC=2C=CC=C3OCOC23,1.362,O=S1(=O)CCCN(Cc2cccc3c2OCO3)CC1
XS845649a,CC(NC(=O)C=1C=CC=2N=CSC2C1)C=3C=CN=CC3F,1.088,O=C(NCc1ccncc1)c1ccc2ncsc2c1
XS838993b,CC(NC(=O)COC=1C=CON1)C=2C(F)=CC=CC2Cl,1.26,O=C(COc1ccon1)NCc1ccccc1
XS845651a,CCN1CCCC1CNC(=O)C2=CC=3C=CC=CC3NC2=O,3.304,O=C(NCC1CCCN1)c1cc2ccccc2[nH]c1=O
XS845646a,CN1CC(CC1=O)C(=O)NC=2C=CC=3N=C(OC3C2)C4CC4,1.686,O=C1CC(C(=O)Nc2ccc3nc(C4CC4)oc3c2)CN1
XS845655a,CC1=CC(=NO1)C2CCCN2C(=O)CCCC3=NC(C)=NO3,1.98,O=C(CCCc1ncno1)N1CCCC1c1ccon1
XS845653a,CCOC=1C=CC=2N=C(NC(=O)C3CCC(=O)N3)SC2C1,1.108,O=C1CCC(C(=O)Nc2nc3ccccc3s2)N1
XS845665a,CC=1C=CC(=CC1)N2CC(CC2=O)C(=O)NCC=3C=CC=NC3,3.09,O=C(NCc1cccnc1)C1CC(=O)N(c2ccccc2)C1
XS845673a,CC1=NN2C(=O)C=C(CN3C=4C=CC=CC4CC3C)N=C2S1,0.496,O=c1cc(CN2CCc3ccccc32)nc2scnn12
XS666452b,CCN(CC)C(=O)C(C)SC1=NN=C(O1)C=2C=CN=CC2,3.198,c1cc(-c2nnco2)ccn1
XS845666a,O=C1NCCCCC1NS(=O)(=O)C=2C=CC=3OCCC3C2,2.024,O=C1NCCCCC1NS(=O)(=O)c1ccc2c(c1)CCO2
XS845670a,CC1=CSC2=NC(=CC(=O)N12)CN3C=4C=CC=CC4CC3C,1.542,O=c1cc(CN2CCc3ccccc32)nc2sccn12
XS736437b,CN1C=C(C=N1)C2CCCN2C(=O)C=3C=CC=4OCCOC4C3,1.502,O=C(c1ccc2c(c1)OCCO2)N1CCCC1c1cn[nH]c1
XS337440b,COCCN1C=CC(=N1)NC(=O)CN2CCCCC(O)C2=O,0.476,O=C(CN1CCCCCC1=O)Nc1cc[nH]n1
XS781830b,O=C(CC=1C=CC=2CCCCC2C1)NC3CCS(=O)(=O)C3,0.524,O=C(Cc1ccc2c(c1)CCCC2)NC1CCS(=O)(=O)C1
XS697498b,COC=1C=C(C#N)C=CC1OCC(=O)NC(C)C=2C=CC=CC2,0.66,O=C(COc1ccccc1)NCc1ccccc1
XS837599b,O=S(=O)(NC1CCCC=2C=NNC21)C=3C=C(F)C=C(F)C3,2.168,O=S(=O)(NC1CCCc2cn[nH]c21)c1ccccc1
XS837909c,O=C1NC(NC=2C=NC=CC12)C3=CN=C(S3)C=4C=CSC4,3.942,O=C1NC(c2cnc(-c3ccsc3)s2)Nc2cnccc21
XS793141b,CN1N=CC=2C(=NC=NC21)NC3CCSC=4C(F)=CC=CC43,4.078,c1ccc2c(c1)SCCC2Nc1ncnc2[nH]ncc12
XS840818b,CC(CC=1C=CSC1)N(C)C(=O)C=2C=CC=C(C2O)[N+]([O-])=O,0.408,O=C(NCCc1ccsc1)c1ccccc1
XS845683a,CC1=CC(=NO1)NC(=O)N(CC=2C=CC=CC2)CC3CCCO3,1.128,O=C(Nc1ccon1)N(Cc1ccccc1)CC1CCCO1
XS845679a,CSCCC(C(=O)NC(C)C)N1C(=O)C=2C=CC=CC2C1=O,2.016,O=C1NC(=O)c2ccccc21
XS678801b,CC1=CC=C(CNC(=O)C2CC(=O)N(CC3=CC=CO3)C2)S1,0.482,O=C(NCc1cccs1)C1CC(=O)N(Cc2ccco2)C1
XS003204e,O=C(C1CC=2C=C(Cl)C=CC2O1)N3CCC=4SC=CC4C3,1.608,O=C(C1Cc2ccccc2O1)N1CCc2sccc2C1
XS836822b,COC=1N=CN=C(C1NC(=O)NC(C)C=2C=NN(C)C2)N(C)C,0.444,O=C(NCc1cn[nH]c1)Nc1cncnc1
XS840492b,C#CC(CC=1C=CC=CC1)OC(=O)C=2C=CC(=CC2)N3C=NN=C3,1.588,O=C(OCCc1ccccc1)c1ccc(-n2cnnc2)cc1
XS468811b,CC=1C=CC(F)=CC1C(=O)NC2CCCC3=C2C=CC(=O)N3C,0.464,O=C(NC1CCCc2[nH]c(=O)ccc21)c1ccccc1
XS818969b,CCCC1=NC(C)=C(S1)C(=O)N2CCCC2C=3C=CN=CC3,1.338,O=C(c1cncs1)N1CCCC1c1ccncc1
XS730238b,CC(C)N1C=CC(=N1)C(=O)N2CCCC(O)(CN3C=CN=N3)C2,0.796,O=C(c1cc[nH]n1)N1CCCC(Cn2ccnn2)C1
XS837808b,O=C(OC1CCNC1=O)C=2SC(Br)=CC2Cl,2.354,O=C(OC1CCNC1=O)c1cccs1
XS387680b,O=C(NC1CCCCNC1=O)C=2C=C(N=C3C=CC=CC23)C4CC4,6.814,O=C(NC1CCCCNC1=O)c1cc(C2CC2)nc2ccccc12
XS837093b,CC(C(=O)N1CC(C1)S(=O)(=O)NC2CCCC2)N3C=CC=N3,0.392,O=C(Cn1cccn1)N1CC(S(=O)(=O)NC2CCCC2)C1
XS701126b,O=C(NC1CCS(=O)(=O)C=2C=CC=CC21)C=3SC=CC3F,1.26,O=C(NC1CCS(=O)(=O)c2ccccc21)c1cccs1
DR004222b,CC1=NNC(C)=C1C2COCCN2C(=O)C=3C=CC(F)=CC3F,2.95,O=C(c1ccccc1)N1CCOCC1c1cn[nH]c1
XS839858b,CC=1C=CC=C(C1F)N2C=C(CNC3CCS(=O)(=O)C3)N=N2,1.234,O=S1(=O)CCC(NCc2cn(-c3ccccc3)nn2)C1
XS841560b,CC=1C=CC(C)=C(C1)N2C=NC(=O)N2C(C)C3=NC(=NO3)C4CC4,0.932,O=c1ncn(-c2ccccc2)n1Cc1nc(C2CC2)no1
XS839573b,CC1=C2C=NN(C(=O)C2=C(C)N1C)C(C)C=3C=CC(=CC3)C(=O)O,1.304,O=c1c2c[nH]cc2cnn1Cc1ccccc1
XS845687a,CCN1N=NC=2C=C(C=CC21)C(=O)NC(C)CCC=3C=CC=CC3,0.992,O=C(NCCCc1ccccc1)c1ccc2[nH]nnc2c1
XS388378b,CNC(=O)CN(C)C1CC(=O)N(CC=2C=CC(Cl)=CC2)C1=O,1.71,O=C1CCC(=O)N1Cc1ccccc1
XS827473b,CCOC(=O)C1CCCCN1C2=NS(=O)(=O)C=3C=CC=CC23,0.426,O=S1(=O)N=C(N2CCCCC2)c2ccccc21
XS842049b,CC=1C=CC(=CC1)C2=NN=C(NC(=O)C(C)OC=3C=CC=NC3)N2,2.37,O=C(COc1cccnc1)Nc1nnc(-c2ccccc2)[nH]1
XS845693a,CCN1C=NN=C1CNC=2N=CN=C3SC=4CC(C)CCC4C23,0.884,c1nc(NCc2nnc[nH]2)c2c3c(sc2n1)CCCC3
XS845689a,CC1=CC(C)=CC(=C1)C=2C=C(NC(=O)C3(C)CCC(=O)NC3)NN2,1.478,O=C1CCC(C(=O)Nc2cc(-c3ccccc3)n[nH]2)CN1
XS839209b,CC1OC=2C=CC(=CC2NC1=O)C=3C=CC=C(N=S(C)(C)=O)N3,0.544,O=C1COc2ccc(-c3ccccn3)cc2N1
XS171332b,CC(NC(=O)C=1C=C(F)C=CC1F)C=2C=CC(=CC2)N3C=NC=N3,0.698,O=C(NCc1ccc(-n2cncn2)cc1)c1ccccc1
XS806860b,CC1=NOC(C)=C1CN(C)C(=O)C2CC(=O)N(C2)C=3C=CC=CC3,0.94,O=C(NCc1cnoc1)C1CC(=O)N(c2ccccc2)C1
XS787903b,COCCN1CCNC(=O)C1C=2C(C)=NN(C2C)C=3C=CC=CC3,2.15,O=C1NCCNC1c1cnn(-c2ccccc2)c1
XS845690a,COC=1C=CC(=C(C1)OC)C2CCCN2C(=O)C=3C=CC=C(C)N3,0.6,O=C(c1ccccn1)N1CCCC1c1ccccc1
XS845688a,O=C1OC(=NN1CC(O)COC=2C=CC(F)=CC2)C=3C=CC=CC3,0.386,O=c1oc(-c2ccccc2)nn1CCCOc1ccccc1
XS745351b,CC(C)(C)CC(=O)NCC(=O)N1CC2(CCC2)C1C=3C=CC=CC3,1.204,c1ccc(C2NCC23CCC3)cc1
XS845694a,COC=1C=CC=CC1CC(=O)NC(CC(=O)O)C=2C=CC(F)=CC2,0.688,O=C(Cc1ccccc1)NCc1ccccc1
XS845692a,CC(C(=O)NC1CCCCC1)S(=O)(=O)CC=2C=CC(F)=CC2,0.734,O=C(CS(=O)(=O)Cc1ccccc1)NC1CCCCC1
XS845695a,CC(C)C(C(=O)NC=1C=CC(=NC1)N2CCCC2)N3CCCC3=O,1.354,O=C(CN1CCCC1=O)Nc1ccc(N2CCCC2)nc1
XS839538b,CC=1N=NC(=C(C#N)C1C)N2CCCC(C2)C3=NC(=NO3)N(C)C,0.99,c1cnnc(N2CCCC(c3ncno3)C2)c1
XS841627b,CC1CN(CC=2C=CC(=CC2)C3=CN=CO3)C=4C=CC=CC4NC1=O,4.526,O=C1CCN(Cc2ccc(-c3cnco3)cc2)c2ccccc2N1
XS523861b,CC1=C(C=NN1C)C(=O)N(CC=2C=CC=CC2)C(C)C=3C=CC=CN3,2.008,O=C(c1cn[nH]c1)N(Cc1ccccc1)Cc1ccccn1
XS845699a,O=C(NC1CCOC=2C=CC=CC21)C3=CN(CC=4C=CC=CC4)N=N3,1.222,O=C(NC1CCOc2ccccc21)c1cn(Cc2ccccc2)nn1
XS845705a,CCC=1C=CC(=CC1)C=2CC(C3=CC=CS3)N(N2)S(C)(=O)=O,2.844,c1ccc(C2=NNC(c3cccs3)C2)cc1
XS845700a,CC=1C=COC1C(=O)NC2CCCC3=C2C=NN3CC=4C=CC=CC4,1.168,O=C(NC1CCCc2c1cnn2Cc1ccccc1)c1ccco1
XS836929b,CC(NC=1N=CN=C2OCC(=O)NC12)C3=NC(=CS3)C(C)(C)C,0.486,O=C1COc2ncnc(NCc3nccs3)c2N1
XS840719b,O=S(=O)(CCC1CCOC1)NCC=2C=CC=C(C2)N3C=CN=N3,0.504,O=S(=O)(CCC1CCOC1)NCc1cccc(-n2ccnn2)c1
XS845704a,COCCCCNC(=O)N1CCCC(C1)C2=NC=3C=CC=CC3O2,1.166,c1ccc2oc(C3CCCNC3)nc2c1
XS845707a,COC=1C=CC(=CN1)N(C)C(=O)C(C)NC(=O)CC2CCCCC2,0.406,O=C(CC1CCCCC1)NCC(=O)Nc1cccnc1
XS845701a,CC(C)N1CC(CC1=O)C(=O)NC=2C=CC(=CN2)N3CCOCC3,3.77,O=C1CC(C(=O)Nc2ccc(N3CCOCC3)cn2)CN1
XS836835b,NC=1C=CC(=C(C1)N2CCCC(C2)N3CCCS3(=O)=O)[N+]([O-])=O,1.108,O=S1(=O)CCCN1C1CCCN(c2ccccc2)C1
XS808531b,CC1=CC(=NN1)C2CCCN(C2)C(=O)C3=NN4C(C)=CC(C)=NC4=N3,5.642,O=C(c1nc2ncccn2n1)N1CCCC(c2cc[nH]n2)C1
XS845715a,O=C(COC(=O)C1=CC=2C(F)=CC=CC2S1)NCC3CCCO3,1.248,O=C(COC(=O)c1cc2ccccc2s1)NCC1CCCO1
XS838715b,CC=1C=NC(=NC1C(=O)NC(C)C23CCC(CC2)C3)C=4C=CN(C)N4,2.326,O=C(NCC12CCC(CC1)C2)c1ccnc(-c2cc[nH]n2)n1
XS837294b,CC1=NN=C2C(CCCN12)NS(=O)(=O)C3=CN=C(S3)C4CC4,1.216,O=S(=O)(NC1CCCn2cnnc21)c1cnc(C2CC2)s1
XS845714a,CC(C)OC=1C=C(C=CN1)C(=O)NC=2C=CC=C(C2)C3CCC(=O)N3,2.602,O=C1CCC(c2cccc(NC(=O)c3ccncc3)c2)N1
XS845716a,CC1=C(C=CN1C(C)C)C(=O)N2CCC(C2)NC=3C=CC=C(C#N)C3,3.922,O=C(c1cc[nH]c1)N1CCC(Nc2ccccc2)C1
XS845720a,CC=1C=CC(=CC1C)C2CCCN2C(=O)C=3C=C(F)C=C4NC=NC34,1.806,O=C(c1cccc2[nH]cnc12)N1CCCC1c1ccccc1
XS838685b,CN(C1=NC=2N=CC=NC2S1)C3CCC=4C=CC=CC4N(C)C3=O,1.024,O=C1Nc2ccccc2CCC1Nc1nc2nccnc2s1
XS841747b,O=C(NCCN1C(=O)COC=2C=CC=CC21)C3CCC=4NN=CC4C3,20.726,O=C(NCCN1C(=O)COc2ccccc21)C1CCc2[nH]ncc2C1
XS845713a,CC1=NOC(=N1)C2CN(CCN2C)C(=O)C=3C=CC=C(Cl)C3F,0.566,O=C(c1ccccc1)N1CCNC(c2ncno2)C1
XS845712a,CC1CC(=O)N(CC2=CN(N=N2)C=3C=CC(Cl)=C(Cl)C3)C1=O,0.736,O=C1CCC(=O)N1Cc1cn(-c2ccccc2)nn1
XS845719a,CCC=1C=CC=C(C1)NC2CCN(C2)C(=O)C=3C=NN(C3)C4CCC4,0.91,O=C(c1cnn(C2CCC2)c1)N1CCC(Nc2ccccc2)C1
XS528862b,O=C(C1=CSC(=N1)C=2C=COC2)N3CCC=4C=CC=CC4C3CO,1.96,O=C(c1csc(-c2ccoc2)n1)N1CCc2ccccc2C1
XS845709a,CCCNC(=O)CNC(=O)NC1CCN(C1)C=2C=CC=C(Cl)C2,0.462,c1ccc(N2CCCC2)cc1
XS838113b,COC=1C=CC2=C(N1)N(C)CCN2C(=O)C3CCC4=NC(C)=NN4C3,8.876,O=C(C1CCc2ncnn2C1)N1CCNc2ncccc21
XS554086b,CCC1=NOC(CCCC(=O)N2CCCCC2CC=3C=CC=CC3)=N1,0.742,O=C(CCCc1ncno1)N1CCCCC1Cc1ccccc1
XS845723a,O=C(NC1CCN(C1)C=2C=CC=C(Cl)C2)C=3C=CC4=NN=CN4C3,1.338,O=C(NC1CCN(c2ccccc2)C1)c1ccc2nncn2c1
XS838880b,CC(C)OC=1C=CC2=C(C1)CCCC2NC(=O)C3(CC3)N4C=NN=N4,0.87,O=C(NC1CCCc2ccccc21)C1(n2cnnn2)CC1
XS845727a,CC=1C=CC(=CC1)C(=O)OCC(=O)NCC2COC=3C=CC=CC3O2,0.816,O=C(COC(=O)c1ccccc1)NCC1COc2ccccc2O1
XS845733a,CN1CC(CC1=O)NC(=O)CCC=2C=CC(Br)=CC2F,3.594,O=C1CC(NC(=O)CCc2ccccc2)CN1
XS845730a,CC(C)OC=1C=CC=CC1C(C)NC2=C(C#N)C(=O)N(C)C(=O)N2C,0.754,O=c1cc(NCc2ccccc2)[nH]c(=O)[nH]1
XS845726a,CCCC1=NOC(=N1)C(C)N2CCC(CC2)C3=NC=4C=CC=CC4O3,0.638,c1ccc2oc(C3CCN(Cc4ncno4)CC3)nc2c1
XS788710b,CC=1C=CC(NC(=O)CN(C)CC2COC=3C=CC=CC3O2)=C(F)C1,0.694,O=C(CNCC1COc2ccccc2O1)Nc1ccccc1
XS839136b,CS(=N)(=O)C=1C=CC=C(C1)CN2C=NC3=C(N=NN3C4CC4)C2=O,3.786,O=c1c2nnn(C3CC3)c2ncn1Cc1ccccc1
XS156497b,CC1=CN=C(NC(=O)C2CCCN(C2)C(=O)NC=3C=CC=CC3)S1,0.85,O=C(Nc1nccs1)C1CCCN(C(=O)Nc2ccccc2)C1
XS845731a,COC=1C=CC(=CC1)S(=O)CC2=NN=NN2CCC=3C=CC=CC3,0.64,O=S(Cc1nnnn1CCc1ccccc1)c1ccccc1
XS842198b,O=C(CN1C=NC=N1)NC(C=2C=CC=CC2)C=3C=CC=4OCCCC4C3,0.604,O=C(Cn1cncn1)NC(c1ccccc1)c1ccc2c(c1)CCCO2
XS012737e,COCCN1C(=O)CC(C1=O)N2CCN(CC2)C=3C=CC=C(C)C3C,1.438,O=C1CC(N2CCN(c3ccccc3)CC2)C(=O)N1
XS742991b,O=C(CS(=O)CC1=CSC(=N1)C2CCCC2)NC=3C=CC=CC3,2.564,O=C(CS(=O)Cc1csc(C2CCCC2)n1)Nc1ccccc1
XS845745a,N#CC=1C=CC(=CC1)C(=O)NC(C(=O)N2CCOCC2)C=3C=CC=CC3,3.746,O=C(NC(C(=O)N1CCOCC1)c1ccccc1)c1ccccc1
XS845735a,CCOC=1C=C(C)N=C(N1)N2CCN(CC2)C(=O)C3CC(=O)N(C)C3,8.14,O=C1CC(C(=O)N2CCN(c3ncccn3)CC2)CN1
XS845743a,CCC1=CC=C(O1)C(=O)N(CC=2C=CC=CC2)C3CCS(=O)(=O)C3,2.862,O=C(c1ccco1)N(Cc1ccccc1)C1CCS(=O)(=O)C1
XS838557b,O=C(CN1C=CC=2N=C(O)N=C(O)C21)N3CCC4(CCC4)C(CO)C3,1.708,O=C(Cn1ccc2ncncc21)N1CCC2(CCC2)CC1
XS845742a,O=C(C=1C=CN2N=NC=C2C1)N3CCCC(C3)C4=CNC=5C=CC=CC45,1.114,O=C(c1ccn2nncc2c1)N1CCCC(c2c[nH]c3ccccc23)C1
XS669914b,CC1=NN(CC(C)C)C(C)=C1CC(=O)N2CCCC(C2)N3C=NC=N3,2.274,O=C(Cc1cn[nH]c1)N1CCCC(n2cncn2)C1
XS845737a,CC(NC(=O)C1CCC1)C(=O)NC=2C=NN(C2)C=3C=CC=CC3Cl,5.552,O=C(CNC(=O)C1CCC1)Nc1cnn(-c2ccccc2)c1
XS845738a,O=C(NC1=NC(=CS1)C=2C=CC=C(F)C2)C3CC(=O)N(C3)C4CC4,1.244,O=C(Nc1nc(-c2ccccc2)cs1)C1CC(=O)N(C2CC2)C1
XS837355b,O=C1NC=CN=C1N2CCC(C2)NC3=NC=4N=CC(Cl)=CC4S3,6.196,O=c1[nH]ccnc1N1CCC(Nc2nc3ncccc3s2)C1
XS840613c,CC=1N=C2C=CC(=CC2=NC1C)C(=O)NC(C)C=3C=CC=C(C3)[N+]([O-])=O,3.23,O=C(NCc1ccccc1)c1ccc2nccnc2c1
XS679112b,O=C(NC1CC1)C=2C=C(N=C3C=CC=CC23)SC4CCCCNC4=O,1.884,O=C(NC1CC1)c1cc(SC2CCCCNC2=O)nc2ccccc12
XS845754a,O=C(NC=1C=NC=C2C=CC=CC12)C3CC(=O)NC=4C=CC(Cl)=CC43,2.216,O=C1CC(C(=O)Nc2cncc3ccccc23)c2ccccc2N1
XS706910b,CC(NC(=O)C1CCN(CC1)C=2C=CC(C#N)=CN2)C=3C=CC=C(O)C3,0.812,O=C(NCc1ccccc1)C1CCN(c2ccccn2)CC1
XS840693b,CN(C1CC(C)(C)OC1=O)S(=O)(=O)C=2C=CC=C(C2)N3C=CN=N3,0.758,O=C1OCCC1NS(=O)(=O)c1cccc(-n2ccnn2)c1
XS845746a,COC=1C=CC(C(N)=O)=C(C1)OC(C)C(=O)C2=C(C)NC=3C=CC=CC23,11.642,O=C(COc1ccccc1)c1c[nH]c2ccccc12
XS845753a,CC(C(=O)N1CCOCC1)N2CCN(CC2)C(=O)C=3C=CC(F)=CC3,2.68,O=C(CN1CCN(C(=O)c2ccccc2)CC1)N1CCOCC1
XS814928b,CC1=NN(C)C=2N=C(C)C(CCC(=O)NC(C)C3=CC=CS3)=C(C)C12,1.048,O=C(CCc1cnc2[nH]ncc2c1)NCc1cccs1
XS845756a,CC=1C=C(NC(=O)C(C)N(C)CC2=CC(Br)=CS2)ON1,0.426,O=C(CNCc1cccs1)Nc1ccno1
XS709077b,CN1C(=O)CC(CNC(=O)CNC(=O)C=2C=CC3=CC=CC=C3C2)C1=O,1.262,O=C(CNC(=O)c1ccc2ccccc2c1)NCC1CC(=O)NC1=O
XS845755a,CCC=1C=CC(=CC1)NC(=O)C(C)NC=2C=CC(=CC2)N3CCCC3=O,0.564,O=C(CNc1ccc(N2CCCC2=O)cc1)Nc1ccccc1
XS687487b,CC(SC=1C=CC(=CN1)S(=O)(=O)N2CCOCC2)C=3C=CC=CC3,0.842,O=S(=O)(c1ccc(SCc2ccccc2)nc1)N1CCOCC1
XS073673b,CCN(CC)S(=O)(=O)C=1C=CC(OC)=C(C1)NC(=O)C2CC=CCC2,0.506,O=C(Nc1ccccc1)C1CC=CCC1
XS667491b,CC=1C=C(C)N(N1)C=2C=CC(Cl)=C(N2)C(=O)NC3CCN(C)C(=O)C3,4.494,O=C1CC(NC(=O)c2cccc(-n3cccn3)n2)CCN1
XS837234b,COC=1C=CC=C2C1N=C(NC(=O)C3CCCN3C4=NC=CS4)N2C,1.01,O=C(Nc1nc2ccccc2[nH]1)C1CCCN1c1nccs1
XS723556b,O=C(CNC(=O)CC1SC=2C=CC=CC2NC1=O)NCC3=CC=CO3,0.542,O=C(CNC(=O)CC1Sc2ccccc2NC1=O)NCc1ccco1
XS845763a,CC1COC=2C=CC=CC2CN1C(=O)C=3C=CC(=O)N(C3)C=4C=NN(C)C4,4.01,O=C(c1ccc(=O)n(-c2cn[nH]c2)c1)N1CCOc2ccccc2C1
XS841524b,COC=1C=C(C(=O)N2CCC32CCCS(=O)(=O)C3)C4=CC=CC=C4N1,9.432,O=C(c1ccnc2ccccc12)N1CCC12CCCS(=O)(=O)C2
XS845768a,CC(C)OCC=1C=CC=CC1CNC(=O)C2CCCN(C2)C(=O)C(C)C,1.4,O=C(NCc1ccccc1)C1CCCNC1
XS845767a,CC1CC=2C=CC=CC2N1C(=O)CN(C)S(=O)(=O)C=3C=CC(F)=CC3,1.244,O=C(CNS(=O)(=O)c1ccccc1)N1CCc2ccccc21
XS845764a,CCN1N=NC=2C=C(C=CC21)C(=O)OC(C)C(=O)NC=3C=CC=C(C#N)C3,0.66,O=C(COC(=O)c1ccc2[nH]nnc2c1)Nc1ccccc1
XS845760a,CC(CC(=O)N1CCC(C)(CC1)C=2C=CC=CC2)NC(=O)C=3C=CC=CC3,0.522,O=C(NCCC(=O)N1CCC(c2ccccc2)CC1)c1ccccc1
XS699540b,CC(=O)NC(C(=O)OCC1=NC2=C(C)C=CC=C2C(=O)N1)C3CCCC3,1.302,O=C(CC1CCCC1)OCc1nc2ccccc2c(=O)[nH]1
XS845761a,CC(NC(=O)C1=CC=2C=C(F)C=CC2N1)C=3C=NN(C3)CC=4C=CC=CC4,1.012,O=C(NCc1cnn(Cc2ccccc2)c1)c1cc2ccccc2[nH]1
XS838831b,CC(C(=O)NC=1C=CC(=CC1)C(C)(C)C)N2C=C(COC3COC3)N=N2,3.832,O=C(Cn1cc(COC2COC2)nn1)Nc1ccccc1
XS837987b,CCC1=NC=2CCCC(C2S1)N(C)S(=O)(=O)C=3C=CC=CC3OC,0.968,O=S(=O)(NC1CCCc2ncsc21)c1ccccc1
XS181966e,COC=1N=CC=CC1CNC(=O)NC(CC=2C=CC=CC2)C=3C=CC=CC3,0.868,O=C(NCc1cccnc1)NC(Cc1ccccc1)c1ccccc1
XS693226b,CC=1C=CC=C2CCCN(C(=O)C3CCCN(C3)C(=O)C4=CC=CS4)C12,2.616,O=C(c1cccs1)N1CCCC(C(=O)N2CCCc3ccccc32)C1
XS845775a,CNS(=O)(=O)C=1C=CC(=CC1)C(=O)N2CCCC2C=3C=CC=C(C3)OC,2.58,O=C(c1ccccc1)N1CCCC1c1ccccc1
XS778895b,CC(=O)N1CCCCC1C(=O)NCC2CCN(CC2)C(=O)C=3C=CC=CC3,1.536,O=C(NCC1CCN(C(=O)c2ccccc2)CC1)C1CCCCN1
XS694761b,CC1=NN(CC=2C=CC=CC2Cl)C(C)=C1C(=O)NC3CCCCNC3=O,0.47,O=C(NC1CCCCNC1=O)c1cnn(Cc2ccccc2)c1
XS551019b,COC=1C=CC(=CC1)C(CO)N(C)S(=O)(=O)C=2C=CC=C3C=NC=CC23,0.912,O=S(=O)(NCc1ccccc1)c1cccc2cnccc12
XS845772a,O=C(C=1C=NN(C1)CC=2C=CC=CC2)N3CCC4(C3)C(=O)NC=5C=CC=CC54,5.342,O=C(c1cnn(Cc2ccccc2)c1)N1CCC2(C1)C(=O)Nc1ccccc12
XS840909b,CC(C(N)=O)N1CCN(CC1)C(=O)C=2N=C(N3C=CN=CC23)C(F)(F)F,1.55,O=C(c1ncn2ccncc12)N1CCNCC1
XS845780a,CC(=O)N1CCCC1C2=NC=3C=CC=CC3N2CC(=O)N4CCC(C)CC4,13.684,O=C(Cn1c(C2CCCN2)nc2ccccc21)N1CCCCC1
XS845774a,CC(OC=1C=CC(C#N)=CC1)C(=O)N(C)CC2=NC=3C=CSC3C(=O)N2,3.844,O=C(COc1ccccc1)NCc1nc2ccsc2c(=O)[nH]1
XS845779a,CC(C(=O)N1CCC=2C=CC=CC21)N3CCN(CC3)C=4C=CC=CC4Cl,1.008,O=C(CN1CCN(c2ccccc2)CC1)N1CCc2ccccc21
XS837838b,CC(=O)NC(C)(C)C1=NOC(=N1)C2=CC=3C=CC=CC3OC2C(F)(F)F,1.838,C1=C(c2ncno2)COc2ccccc21
XS838348b,CC(C)(C)C=1CC(ON1)C(=O)NC=2C=CC(=CC2)C3=NN=C4CCCCN34,3.568,O=C(Nc1ccc(-c2nnc3n2CCCC3)cc1)C1CC=NO1
XS812615b,CCN(C(=O)CSC1=NN=C(O1)C2=CC=CO2)C3CCS(=O)(=O)C3,3.68,O=C(CSc1nnc(-c2ccco2)o1)NC1CCS(=O)(=O)C1
XS845787a,CN1C(=NN=C1N2CCC(C)(F)C2)C=3C=C(ON3)C=4C=CC=5OCCOC5C4,1.17,c1cc2c(cc1-c1cc(-c3nnc(N4CCCC4)[nH]3)no1)OCCO2
XS838903b,CN(C(=O)COC=1C=CN=C(C1)C(F)(F)F)C(C(=O)O)C=2C=CC=C(F)C2,0.466,O=C(COc1ccncc1)NCc1ccccc1
XS845783a,CC(C(=O)NC=1C=CC=C(F)C1)N2CCN(CC2)C=3N=CN=C4C3C=NN4C,1.332,O=C(CN1CCN(c2ncnc3[nH]ncc23)CC1)Nc1ccccc1
XS845789a,CC=1C=CC(OC(C)C(=O)NCC2=NN=C3C=CC=CN23)=C(Br)C1,1.714,O=C(COc1ccccc1)NCc1nnc2ccccn12
XS845791a,CCNC(=O)COC=1C=CC=C(C1)C(C)NC(=O)C=2C=CC=3N=CSC3C2,1.554,O=C(NCc1ccccc1)c1ccc2ncsc2c1
XS783731b,CC1=NN(C(C)=C1NC(=O)C2CCCN(CC(F)(F)F)C2)C=3C=CC=CC3,1.202,O=C(Nc1cnn(-c2ccccc2)c1)C1CCCNC1
XS841573b,N#CC(C=1C=CC=CC1)C=2C=CC(=CC2Cl)NC(=O)N3CC4(C3)CCOC4,7.594,O=C(Nc1ccc(Cc2ccccc2)cc1)N1CC2(CCOC2)C1
XS845793a,CNC(=O)NC(=O)C(C)SC1=NN=C(C2=CNC=3C=CC=CC23)N1C4CC4,0.986,c1ccc2c(-c3nncn3C3CC3)c[nH]c2c1
XS840397b,CC(C)N=C1C=CC(C#N)=CN1C(=O)C2CC(=O)N(C2)C=3C=CC=CC3Cl,1.638,N=c1ccccn1C(=O)C1CC(=O)N(c2ccccc2)C1
XS764874b,CC1=NOC(C)=C1S(=O)(=O)N2CCN(CC2)C(=O)C(C)C=3C=CC=NC3,13.404,O=C(Cc1cccnc1)N1CCN(S(=O)(=O)c2cnoc2)CC1
XS056720e,CC1=CC(=NO1)NC(=O)C(C=2C=CC=CC2)N3CCN(CC3)C(=O)C4=CC=CO4,0.528,O=C(Nc1ccon1)C(c1ccccc1)N1CCN(C(=O)c2ccco2)CC1
XS845800a,COC=1C=CC=C(C1)C2CCCN2S(=O)(=O)C=3C=CC=CC3Br,1.068,O=S(=O)(c1ccccc1)N1CCCC1c1ccccc1
XS845806a,CC1=CC=C(S1)S(=O)(=O)N2CCCC(C2)C(=O)N(C)C=3C=CC=CC3F,1.638,O=C(Nc1ccccc1)C1CCCN(S(=O)(=O)c2cccs2)C1
XS845799a,O=C(NCCC=1C=CC=2NC=CC2C1)N3CCCC(C3)N4CCCS4(=O)=O,1.028,O=C(NCCc1ccc2[nH]ccc2c1)N1CCCC(N2CCCS2(=O)=O)C1
XS845802a,CC1=NOC=2N=C(C=C(C(=O)OC(C)C(=O)N3CCCC3)C12)C=4C=CC(F)=CC4,0.442,O=C(OCC(=O)N1CCCC1)c1cc(-c2ccccc2)nc2oncc12
XS845794a,CC1=CC(=O)N2N=C(CN(C)C(C)C=3C=CC(=CC3)S(N)(=O)=O)SC2=N1,0.96,O=c1ccnc2sc(CNCc3ccccc3)nn12
XS842334b,O=S(=O)(CC=1N=CSC1Cl)N2CCOCCC2C=3C=CC(F)=CC3,4.274,O=S(=O)(Cc1cscn1)N1CCOCCC1c1ccccc1
XS840469b,COC=1C=C(C=C2OCCOC12)C(=O)NC(C)C=3C=CC=C(C3)S(N)(=O)=O,3.142,O=C(NCc1ccccc1)c1ccc2c(c1)OCCO2
XS837663b,CN1N=NC=2CC(CCC21)NC(=O)NC=3C=CC=C(C3)COC=4C=CC(F)=CC4,1.86,O=C(Nc1cccc(COc2ccccc2)c1)NC1CCc2[nH]nnc2C1
XS845804a,CC1=C(C(=O)NC=2C=CC(F)=CC2)C(NC(=O)N1C)C=3C(F)=CC=CC3Cl,0.522,O=C1NC=C(C(=O)Nc2ccccc2)C(c2ccccc2)N1
XS837875b,CCN1C(=NN=C1N2CCC=3C=CC=CC3C2)C4CC=5C=C(F)C=CC5NC4=O,1.23,O=C1Nc2ccccc2CC1c1nnc(N2CCc3ccccc3C2)[nH]1
XS836473b,CC1(C)CC=CCOC=2C=CC=CC2C(=O)NC(C)(CN3C=CC=N3)CNC1=O,1.086,O=C1CCC=CCOc2ccccc2C(=O)NC(Cn2cccn2)CN1
XS845795a,CC(SC=1C=CC(=CN1)S(=O)(=O)N(C)C)C(=O)NC(=O)NC(C)(C)C,0.408,c1ccncc1
XS845811a,CC=1C=C(C=CC1F)N2CC(CC2=O)C3=NC(=NO3)C=4C=CC(=CC4)S(N)(=O)=O,2.894,O=C1CC(c2nc(-c3ccccc3)no2)CN1c1ccccc1
XS845807a,CC(C)C=1C=CC(=CC1)C(C)NC(=O)CN2C(CS(C)(=O)=O)=NC=3C=CC=CC32,0.504,O=C(Cn1cnc2ccccc21)NCc1ccccc1
XS845819a,O=C(CC=1C=CC=CC1)N2CCCC(C2)C(=O)NC=3C=CC(=C(F)C3)N4C=CC=N4,0.6,O=C(Nc1ccc(-n2cccn2)cc1)C1CCCN(C(=O)Cc2ccccc2)C1
XS056501d,CC=1N=C2C=CC=CC2=NC1COC(=O)C(C)N3C(=O)C=4C=CC=C(C4C3=O)[N+]([O-])=O,0.47,O=C(CN1C(=O)c2ccccc2C1=O)OCc1cnc2ccccc2n1
XS845816a,CCN(CC)C(=O)N1CCCC(C1)C(=O)NC2=NC(C)=C(S2)C=3C=CC=CN3,1.808,O=C(Nc1ncc(-c2ccccn2)s1)C1CCCNC1
XS842500b,CC(NC(=O)C=1C=NN(C)C1C#N)C2=NC(=CS2)C=3C=CC(Cl)=CC3Cl,1.148,O=C(NCc1nc(-c2ccccc2)cs1)c1cn[nH]c1
XS388181b,CN1C=CN=C1C(NC(=O)C2=CN=C3SCCN3C2=O)C=4C=CC(Cl)=CC4,4.466,O=C(NC(c1ccccc1)c1ncc[nH]1)c1cnc2n(c1=O)CCS2
XS845812a,CC(NC(=O)CCC1=NC=C(O1)C=2C=CC(F)=CC2F)C=3C=CC=4OCOC4C3,1.766,O=C(CCc1ncc(-c2ccccc2)o1)NCc1ccc2c(c1)OCO2
XS845808a,COC(=O)C=1C=CC(C)=C(C1)NC(=O)N(C)C2CS(=O)(=O)C=3C=CC(Cl)=CC32,3.806,O=C(Nc1ccccc1)NC1CS(=O)(=O)c2ccccc21
XS845813a,CCOC=1C=C(C=CC1OCC=2C=CN=CC2)C(=O)N(C)C3CCS(=O)(=O)C3,7.43,O=C(NC1CCS(=O)(=O)C1)c1ccc(OCc2ccncc2)cc1
XS845818a,COC=1C=C(C=CC1OC(=O)C2=CC=CO2)C3NC(=O)NC(C)=C3C(=O)OC(C)C,0.974,O=C1NC=CC(c2ccc(OC(=O)c3ccco3)cc2)N1
XS839441b,CC1=NC2=C3C=CC=NC3=NN2C(C)=C1CCC(=O)OCC4CC=5C=CC=CC5O4,1.776,O=C(CCc1cnc2c3cccnc3nn2c1)OCC1Cc2ccccc2O1
XS837573b,CCC(C)(COC=1N=CC=CC1Cl)NS(=O)(=O)CC=2C=C(ON2)C(C)(C)C,0.716,O=S(=O)(Cc1ccon1)NCCOc1ccccn1
XS845817a,O=C(C1CC=2C=CC=CC2C(=O)O1)N3CCN(CC3)S(=O)(=O)C4=CC=CS4,2.408,O=C1OC(C(=O)N2CCN(S(=O)(=O)c3cccs3)CC2)Cc2ccccc21
XS841895b,CC=1C=CC(F)=C(C1)C=2C=C(NC(=O)NC3=CC=NN3C4CCS(=O)(=O)C4)NN2,0.462,O=C(Nc1cc(-c2ccccc2)n[nH]1)Nc1ccnn1C1CCS(=O)(=O)C1
XS845810a,CC(OC=1C=CC=CC1C(N)=O)C(=O)NC=2C=CC(=CC2)S(=O)(=O)N3CCCC3,1.166,O=C(COc1ccccc1)Nc1ccc(S(=O)(=O)N2CCCC2)cc1
XS845814a,O=C(NCC=1C=CC(=CC1)CN2CCC=3C=CC=CC32)C4CC(=O)NC=5C=CC=CC54,3.71,O=C1CC(C(=O)NCc2ccc(CN3CCc4ccccc43)cc2)c2ccccc2N1
XS845825a,O=C(NC=1C=CC=CC1)C2CCCN(C2)C=3C=CC(=CN3)S(=O)(=O)N4CCCCC4,0.898,O=C(Nc1ccccc1)C1CCCN(c2ccc(S(=O)(=O)N3CCCCC3)cn2)C1
XS680638b,O=S(=O)(C=1C=CC=C(Cl)C1F)N2CCC3(CC3C4=NN=C(O4)C=5C=CC=CC5)CC2,0.65,O=S(=O)(c1ccccc1)N1CCC2(CC1)CC2c1nnc(-c2ccccc2)o1
XS845824a,CCN1C(=O)N(CCC(=O)N2CCCC2C=3C=CC(=CC3OC)OC)C=4C=CC=CC41,1.914,O=C(CCn1c(=O)[nH]c2ccccc21)N1CCCC1c1ccccc1
XS431497b,CCN(C(=O)C=1C=CC(=CC1)OCC2=CN3C=C(C)C=CC3=N2)C4CCS(=O)(=O)C4,2.978,O=C(NC1CCS(=O)(=O)C1)c1ccc(OCc2cn3ccccc3n2)cc1
XS845834a,CCC(=O)N1N=C(CC1C=2C(F)=CC=CC2Cl)C=3C=CC(=CC3)NS(C)(=O)=O,1.476,c1ccc(C2=NNC(c3ccccc3)C2)cc1
XS804017b,CCN(C(=O)C(C)OC(=O)C=1C=CC=C(C1)S(=O)(=O)N(C)C(C)C)C=2C=CC=CC2,0.486,O=C(COC(=O)c1ccccc1)Nc1ccccc1
XS845826a,CC1CCCCN1C(=O)CN(CC=2C=CC=CC2Cl)S(=O)(=O)C=3C=CC=CC3F,0.546,O=C(CN(Cc1ccccc1)S(=O)(=O)c1ccccc1)N1CCCCC1
XS845829a,COC=1C=CC=CC1NC(=O)C2=C(C)NC3=NC(=NN3C2C=4C=CN=CC4)C5=CC=CS5,2.854,O=C(Nc1ccccc1)C1=CNc2nc(-c3cccs3)nn2C1c1ccncc1
XS845820a,O=C(C=1C=CC=C(C1)S(=O)(=O)N2CCCCC2)N3CC(OC=4C=CC=CC43)C(=O)N5CCOCC5,4.018,O=C(C1CN(C(=O)c2cccc(S(=O)(=O)N3CCCCC3)c2)c2ccccc2O1)N1CCOCC1
XS845823a,CC=1C=C(C)C(=C(C)C1)S(=O)(=O)N2CCC(CC2)C(=O)N3CCCC3C=4C=CC=NC4,0.956,O=C(C1CCN(S(=O)(=O)c2ccccc2)CC1)N1CCCC1c1cccnc1
XS845833a,CC=1C=CC=2C(=NNC2C1)C(=O)NCC=3C=CC=4CN(C(=O)C4C3)C5CCC(=O)NC5=O,8.51,O=C1CCC(N2Cc3ccc(CNC(=O)c4n[nH]c5ccccc45)cc3C2=O)C(=O)N1
XS047217c,CC(C)N(C(=O)CN1C(=NC=2C=CC=CC21)C3CC(=O)N(C3)C=4C=CC=CC4F)C=5C=CC=CC5,2.17,O=C(Cn1c(C2CC(=O)N(c3ccccc3)C2)nc2ccccc21)Nc1ccccc1
XS845827a,CCOC=1C=CC(=CC1)S(=O)(=O)NCCC(=O)N(C)CC2COC=3C=CC=CC3O2,1.368,O=C(CCNS(=O)(=O)c1ccccc1)NCC1COc2ccccc2O1
XS845831a,O=C(CN1CCCC1C=2C=CC=3OCCOC3C2)NC(=O)NC=4C=CC=5OCCOC5C4,0.99,O=C(CN1CCCC1c1ccc2c(c1)OCCO2)NC(=O)Nc1ccc2c(c1)OCCO2
XS845832a,COCCOC(=O)C1=C(C)N(C(=O)NC1C=2C=CC(=CC2)C(=O)OC)C=3C=CC=CC3,1.354,O=C1NC(c2ccccc2)C=CN1c1ccccc1
XS575222b,O=C(C1CN(CCO1)S(=O)(=O)C=2C=CC=CC2Cl)N3CCN(CC(F)F)CC3,0.758,O=C(C1CN(S(=O)(=O)c2ccccc2)CCO1)N1CCNCC1
XS845828a,CC=1NC2=NC(=NN2C(C=3C=CC=NC3)C1C(=O)NC=4C=CC=NC4)C=5C=CC=C(Cl)C5,18.176,O=C(Nc1cccnc1)C1=CNc2nc(-c3ccccc3)nn2C1c1cccnc1
XS845843a,CCOC=1C=C2CC(C)OC2=CC1NC(C)=O,1.318,c1ccc2c(c1)CCO2
XS841675b,CC1(C)CC2(CCO1)NC(=O)C=3C=CC=CC3N2,0.604,O=C1NC2(CCOCC2)Nc2ccccc21
XS837783b,COCC(NC(=O)C1CC2(CCC2)C1)C(N)=O,0.784,C1CC2(C1)CCC2
XS845844a,CC1CN(CCO1)C=2N=CN=C3C=CC=CC23,0.69,c1ccc2c(N3CCOCC3)ncnc2c1
XS837449b,O=C(C1CCOC1)N2CCN3N=CC=C23,1.806,O=C(C1CCOC1)N1CCn2nccc21
XS845849a,CC1CCCN(C1)C(=O)C=2C=CC=CN2,0.814,O=C(c1ccccn1)N1CCCCC1
XS845841a,CC(C#N)SC1=NN=C(O1)C=2C=CC(F)=CC2,2.444,c1ccc(-c2nnco2)cc1
XS845848a,CC1CC=2C=CC=CC2N1C(=O)C3=CC=CO3,1.126,O=C(c1ccco1)N1CCc2ccccc21
XS837257b,CC1CNC(=O)C=2C=CC=C(Br)C21,0.502,O=C1NCCc2ccccc21
XS839816b,CC=1C=CC(NC(C)CS(C)(=O)=O)=C(C)N1,1.014,c1ccncc1
XS845854a,CC=1C=C(C(=O)N(C)C(C)CO)C2=CC=CC=C2N1,5.128,c1ccc2ncccc2c1
XS845862a,CC(C=1C=CC(=CC1)N2C=NC=N2)N(C)C(=O)C3CC3,0.702,O=C(NCc1ccc(-n2cncn2)cc1)C1CC1
XS845856a,CC(CCC1=CC=CO1)NC=2N=CN=C3C2C=NN3C,1.214,c1coc(CCCNc2ncnc3[nH]ncc23)c1
XS840882b,CC1=CC(=NO1)C2CCCN2C3=CC=CC4=NN=CN34,2.174,c1cc(N2CCCC2c2ccon2)n2cnnc2c1
XS845860a,CC1CCCN(C1)C(=O)CN2CCCCCCC2=O,0.734,O=C(CN1CCCCCCC1=O)N1CCCCC1
XS163410b,NC(=O)C(NC=1C=CC(Cl)=CC1)C=2C=CC=CC2,1.502,c1ccc(CNc2ccccc2)cc1
XS845853a,O=C(NC=1C=CC(=CC1)C=2C=CNN2)C3CCCN3,29.378,O=C(Nc1ccc(-c2cc[nH]n2)cc1)C1CCCN1
XS079187b,CC=1OC=CC1C2=NN=C(O2)SC(C)C(N)=O,1.582,c1cc(-c2nnco2)co1
XS613361b,CC1CCCN(CC1)C2=NC=3C=CC=CC3C(=O)N2,0.526,O=c1[nH]c(N2CCCCCC2)nc2ccccc12
XS845867a,CC(OC=1C=CC=C(Cl)C1)C(=O)NC=2C=CC=CC2,0.422,O=C(COc1ccccc1)Nc1ccccc1
XS727017b,O=C(C1CNCCO1)N(CC=2C=CC=CC2F)C3CC3,2.52,O=C(C1CNCCO1)N(Cc1ccccc1)C1CC1
XS842630b,CC(C(=O)N1CCOC=2N=CC=CC2C1)C=3C=NN(C)C3,0.54,O=C(Cc1cn[nH]c1)N1CCOc2ncccc2C1
XS838655b,CC=1C=CC=CC1N2C=C(C=N2)OCC3CCC(=O)NC3,0.504,O=C1CCC(COc2cnn(-c3ccccc3)c2)CN1
XS838542b,COC1=NNC=C1C(=O)N2CCC3(CCC3)C(CO)C2,0.848,O=C(c1cn[nH]c1)N1CCC2(CCC2)CC1
XS845873a,CC1C=2NC=3C=CC=CC3C2CCN1C(=O)C=4C=COC4,2.846,O=C(c1ccoc1)N1CCc2c([nH]c3ccccc23)C1
XS733093b,CC1C(=O)NCCN1C(=O)C=2C=CC=C(C2)C(F)(F)F,1.132,O=C1CN(C(=O)c2ccccc2)CCN1
XS842164b,CN1CCCCC(C(=O)N2CC(C2)OC(F)F)C1=O,0.858,O=C1NCCCCC1C(=O)N1CCC1
XS845882a,CC(NC=1C=CC=2NC(=O)CCC2C1)C(=O)N3CCCC3,1.438,O=C1CCc2cc(NCC(=O)N3CCCC3)ccc2N1
XS841685b,CC(C)(C(=O)NC1CCC2(CCCC2)C1)C=3C=NC=CN3,0.95,O=C(Cc1cnccn1)NC1CCC2(CCCC2)C1
XS838683b,FC=1C=C(F)C=C(C1)C(F)CNC2=NC=CC3=CN=CN23,0.444,c1ccc(CCNc2nccc3cncn23)cc1
XS776826b,CC1=NC(CC(C)C)=C(S1)C(=O)N2CCCC(C)(O)C2,0.49,O=C(c1cncs1)N1CCCCC1
XS390650b,O=C(NC1CCCCNC1=O)N(CC2=CC=CO2)C3CC3,1.258,O=C1NCCCCC1NC(=O)N(Cc1ccco1)C1CC1
XS845881a,O=C1OCCC12CCCN2CC3=CC(=NN3)C=4C=CC=CC4,5.896,O=C1OCCC12CCCN2Cc1cc(-c2ccccc2)n[nH]1
XS838459b,CC1CN(CC2=CNN=C21)C=3C(F)=C(Cl)C=CC3C#N,0.522,c1ccc(N2CCc3n[nH]cc3C2)cc1
XS841381b,CC1=CC(=O)NC(=N1)NCC2CSC=3C=CC=CC3O2,1.96,O=c1ccnc(NCC2CSc3ccccc3O2)[nH]1
XS829006b,CC(=O)N1CC(=O)NC=2C=C(C)C=CC2C1C=3C=CC=CC3,0.582,O=C1CNC(c2ccccc2)c2ccccc2N1
XS845886a,CC=1SC=2N=CN=C(C2C1C)N3CCCC(C3)C(=O)O,0.468,c1nc(N2CCCCC2)c2ccsc2n1
XS845901a,CC(NS(=O)(=O)C=1C=CC=C(F)C1)C(=O)N2CCCC2,1.216,O=C(CNS(=O)(=O)c1ccccc1)N1CCCC1
XS845893a,CC(=O)NC(C(=O)N(C)C1=NC=2C=CC=CC2S1)C(C)C,1.838,c1ccc2scnc2c1
XS845889a,COC=1C=CC=C(C1)C(=O)N2CCCC2C=3C(C)=NNC3C,3.042,O=C(c1ccccc1)N1CCCC1c1cn[nH]c1
XS845900a,O=C1C=2C=CC=CC2NC(C3=CN4C=CC=CC4=N3)N1C5CC5,0.974,O=C1c2ccccc2NC(c2cn3ccccc3n2)N1C1CC1
XS435449b,CC(NC(=O)C=1C=CC=NC1)C=2C=CC(=CC2)S(N)(=O)=O,1.422,O=C(NCc1ccccc1)c1cccnc1
XS845894a,CC(=O)N1CC2(CCCC2)C=3C=C4OCCOC4=CC3C1C,0.662,c1c2c(cc3c1OCCO3)C1(CCCC1)CNC2
XS839040b,O=C1C2=CC=CN2C=NN1CCC(C=3C=CC=CC3)C(F)F,0.62,O=c1c2cccn2cnn1CCCc1ccccc1
XS837177b,CC=1OC(NC(=O)C(C)N2CCNC(=O)CC2)=C(C#N)C1C,1.22,O=C1CCN(CC(=O)Nc2ccco2)CCN1
XS805428b,CC1=CSC(=N1)C2CCCCN2C(=O)C=3C=CC(C)=NC3,5.856,O=C(c1cccnc1)N1CCCCC1c1nccs1
XS845898a,CSC=1C=CC(=CC1)C(C)NC(=O)NCC=2C=CC=CC2,0.68,O=C(NCc1ccccc1)NCc1ccccc1
XS801277b,CC(=O)NC=1C=CC=C(C1)C(C)NC(=O)C=2C=CC=NC2O,3.762,O=C(NCc1ccccc1)c1cccnc1
XS605165b,CCCC1=NN(C(=O)O1)C2CCN(C2=O)C=3C=CC(C)=CC3,3.956,O=C1C(n2ncoc2=O)CCN1c1ccccc1
XS845891a,CC=1C=CC=C(C1)C=2CC(C3=CC=CO3)N(N2)S(C)(=O)=O,2.52,c1ccc(C2=NNC(c3ccco3)C2)cc1
XS806396b,CC(SC=1C=CC(Cl)=CC1)C(=O)N2CCNC(=O)C2,1.548,O=C1CN(C(=O)CSc2ccccc2)CCN1
XS845915a,CC(C=1C=CC=CC1F)N(C)C(=O)C=2C=CN=C(C2)NC3CC3,1.072,O=C(NCc1ccccc1)c1ccnc(NC2CC2)c1
XS838240b,CC1(CCC(=O)NC1=O)N2C(=O)CC3(CCCCCC3)C2=O,2.366,O=C1CCC(N2C(=O)CC3(CCCCCC3)C2=O)C(=O)N1
XS836466b,CC(NC(=O)C=1OC=CC1COC=2C=CC=CC2)C=3C=CON3,0.484,O=C(NCc1ccon1)c1occc1COc1ccccc1
XS334477b,CC=1N=C(C=CC1C#N)N2CCCC(O)(CC3=NN=CN3C)C2,1.626,c1ccc(N2CCCC(Cc3nnc[nH]3)C2)nc1
XS845906a,CC1=CSC(=N1)SCC(=O)NC2CCS(=O)(=O)C2,0.582,O=C(CSc1nccs1)NC1CCS(=O)(=O)C1
XS843010b,CC(NC(=O)C=1C=CC=2N=CSC2C1)C=3C=CC=C(C#N)C3,1.59,O=C(NCc1ccccc1)c1ccc2ncsc2c1
XS839902b,COCCN1C=CC(=N1)NC(=O)NC2(C)CC(C)(C)OC2=O,1.424,O=C(Nc1cc[nH]n1)NC1CCOC1=O
XS841932b,COCC1=CN(N=N1)C(C)C2=NC=3C=CC=CC3N2C(F)F,0.452,c1ccc2[nH]c(Cn3ccnn3)nc2c1
XS845914a,CCCC(C)(NC(=O)C=1C=C(Cl)C=2OCOC2C1)C(=O)O,1.188,c1ccc2c(c1)OCO2
XS845908a,CCC(C)(C)C(=O)NC=1C=CC=C(C1)CS(=O)C(C)(C)C,0.504,c1ccccc1
XS839522b,N#CC1CN(CCO1)C(=O)C2(CC(F)(F)C2)C=3C=CC=CC3,1.248,O=C(N1CCOCC1)C1(c2ccccc2)CCC1
XS845927a,CC1C(=O)NC=2C=CC=CC2CN1C(=O)C3=CNC=4N=CC=CC34,1.452,O=C1CN(C(=O)c2c[nH]c3ncccc23)Cc2ccccc2N1
XS845917a,CN1CC(CCC1=O)NC(=O)C=2C=CC=C(C2)OC3CCCC3,0.696,O=C1CCC(NC(=O)c2cccc(OC3CCCC3)c2)CN1
XS838972b,COC(=O)C1CCS(=O)(=O)N1CC=2C=CC(Cl)=C(C)C2,1.106,O=S1(=O)CCCN1Cc1ccccc1
XS838569b,O=C(C1=CNC=2C=CN=CC2C1=O)N3CCC(C3)C=4C=CC=CC4,3.198,O=C(c1c[nH]c2ccncc2c1=O)N1CCC(c2ccccc2)C1
XS845921a,CNC(=O)C1(COC)CCCN1C(=O)C=2C=C(C)C(C#N)=CN2,4.688,O=C(c1ccccn1)N1CCCC1
XS845919a,CCC1CCCCN1C(=O)COC=2C=CC=C3CC(C)(C)OC23,0.838,O=C(COc1cccc2c1OCC2)N1CCCCC1
XS845923a,CC(NC=1C=CC(=CC1)OC2CCCC2)C(=O)N3CCNC3=O,1.028,O=C(CNc1ccc(OC2CCCC2)cc1)N1CCNC1=O
XS400841b,CC=1C=C(NC(=O)CN2CCOC(CN3C=CC=N3)C2)N(C)N1,1.238,O=C(CN1CCOC(Cn2cccn2)C1)Nc1ccn[nH]1
XS845920a,O=C(C1=COC=2C=C(F)C=CC12)N3CCC(C3)N4CCCC4=O,4.47,O=C(c1coc2ccccc12)N1CCC(N2CCCC2=O)C1
XS842346b,O=S1(=O)CCC(C1)C2=CSC(=N2)C3=NNC=4C=CC=CC34,0.41,O=S1(=O)CCC(c2csc(-c3n[nH]c4ccccc34)n2)C1
XS454254b,CC1=NC=C(CN2CCCNC(=O)C2CC=3C=CC=CC3)S1,6.89,O=C1NCCCN(Cc2cncs2)C1Cc1ccccc1
XS483866b,O=C(CC=1C=CC=C(F)C1F)N2CCCCCC2C=3N=CON3,0.542,O=C(Cc1ccccc1)N1CCCCCC1c1ncon1
XS722029b,CCN(C(=O)C1CCS(=O)(=O)C1)C2=NC=3C=CC=CC3S2,1.962,O=C(Nc1nc2ccccc2s1)C1CCS(=O)(=O)C1
XS838918b,O=C1CC(CN2C(=O)NC=3C=CC=NC3C2=O)C=4C=CC=CC4N1,12.752,O=C1CC(Cn2c(=O)[nH]c3cccnc3c2=O)c2ccccc2N1
XS334208b,O=C(C=1C=C(O)N=C2C=CC=CC12)N3CCCC(C3)N4C=CC=N4,0.776,O=C(c1ccnc2ccccc12)N1CCCC(n2cccn2)C1
XS845934a,CCC(NC=1C=CC(OC)=C(Cl)C1)C(=O)NC=2C=C(C)ON2,0.422,O=C(CNc1ccccc1)Nc1ccon1
BD009740c,CC=1C=C(N2CCCC2C=3C=CC=4OCOC4C3)N5N=CN=C5N1,1.156,c1cc(N2CCCC2c2ccc3c(c2)OCO3)n2ncnc2n1
XS836849b,CCC1=NOC=2N=CC(=CC12)C(=O)NC3CCC4=NC(C)=CN4C3,8.858,O=C(NC1CCc2nccn2C1)c1cnc2oncc2c1
XS701546b,CC=1C=CC(=CC1)NC(=O)NC(C)C=2C=CC(=CC2)N3C=NC=N3,1.682,O=C(NCc1ccc(-n2cncn2)cc1)Nc1ccccc1
XS845937a,CC(CCC1=CC=CO1)NC(=O)C=2C=CC(=CC2)S(C)(=O)=O,0.886,O=C(NCCCc1ccco1)c1ccccc1
XS838004b,O=S(=O)(C1CC1(F)F)N2CCN(CC2)C3=NC(O)=CS3,0.712,O=S(=O)(C1CC1)N1CCN(c2nccs2)CC1
XS837530b,CN1C(=NC=2C=CC=C(Br)C21)N3CCC(C3)C(=O)O,0.448,c1ccc2[nH]c(N3CCCC3)nc2c1
XS839064b,CCN1N=NC=2CC(CCC21)C(=O)NC=3C=C4CCCCC4=CN3,0.506,O=C(Nc1cc2c(cn1)CCCC2)C1CCc2[nH]nnc2C1
XS839961b,CC=1N=C(N=C2CCCCC12)NS(=O)(=O)C(C)C(=O)N(C)C,10.346,c1ncc2c(n1)CCCC2
XS845944a,CCC=1C=CC(=CC1)C2CNCCN2C(=O)CC3=CC=C(C)S3,5.974,O=C(Cc1cccs1)N1CCNCC1c1ccccc1
XS845940a,CC(=O)N1CCC=2C=C(C=CC21)NC(=O)C(C)NC(=O)C3CCC3,2.87,O=C(CNC(=O)C1CCC1)Nc1ccc2c(c1)CCN2
XS506128b,CC(C)CN1C=NN=C1C2CCCN2C=3N=CN=C4C3C=NN4C,2.772,c1nc(N2CCCC2c2nnc[nH]2)c2cn[nH]c2n1
XS555037b,CC1=NN(C)C=2N=C(C)C(=CC12)C(=O)NC(C)CN3CCCC3=O,2.188,O=C(NCCN1CCCC1=O)c1cnc2[nH]ncc2c1
XS334956b,CC1=NOC(CC2(O)CCCN(C2)C(=O)C=3C=CNC3C4CC4)=N1,0.562,O=C(c1cc[nH]c1C1CC1)N1CCCC(Cc2ncno2)C1
XS842074b,CC=1N=C(C)N(CC2CN(CCO2)C=3N=NC(C)=C(C)C3C#N)N1,0.7,c1cnnc(N2CCOC(Cn3cncn3)C2)c1
XS845950a,O=C(CCCNC(=O)C1CC1)N2CCCCC2CC=3C=CC=CC3,0.758,O=C(NCCCC(=O)N1CCCCC1Cc1ccccc1)C1CC1
XS845948a,CC(C)C1=NOC(CCCC(=O)NC(C)C=2C=CC(C#N)=CC2)=N1,0.694,O=C(CCCc1ncno1)NCc1ccccc1
XS584343b,O=C(CC1=CNC=2C=C(F)C=CC12)NC3CCC(=O)NC43CCC4,0.684,O=C(Cc1c[nH]c2ccccc12)NC1CCC(=O)NC12CCC2
XS845941a,CCC1=NC=CN1C2CCCN(C2)C(=O)C3=CSC(=N3)C4CC4,0.904,O=C(c1csc(C2CC2)n1)N1CCCC(n2ccnc2)C1
XS845943a,COC=1C=CC(=C(C1)OC)C2CCCN2C(=O)C=3SC=CC3C,0.994,O=C(c1cccs1)N1CCCC1c1ccccc1
XS709595b,CC(NC(=O)CSC=1C=CC=CC1)C=2C=CC=3OCCOC3C2,1.178,O=C(CSc1ccccc1)NCc1ccc2c(c1)OCCO2
XS845949a,CC=1C=C(C(=O)N2CCCC(CCC(=O)O)C2)C3=CC=CC=C3N1,2.21,O=C(c1ccnc2ccccc12)N1CCCCC1
XS845957a,CC(=O)NC(CC(=O)NC=1C=CC=C2C=NC=CC12)C=3C=CC=CC3,1.382,O=C(CCc1ccccc1)Nc1cccc2cnccc12
XS845951a,COC(=O)C(C=1C=C(F)C=CC1F)N(C)C(=O)C=2C=CN=C(C)N2,0.58,O=C(NCc1ccccc1)c1ccncn1
XS845956a,CN1C(=O)N(CC(=O)NC(C=2C=CC=CC2)C3CC3)C=4C=CC=CC41,0.602,O=C(Cn1c(=O)[nH]c2ccccc21)NC(c1ccccc1)C1CC1
XS845960a,CNC(=O)NC(=O)CCN1CCCC1C=2C=CC=3OCCOC3C2,36.684,c1cc2c(cc1C1CCCN1)OCCO2
XS845954a,CC1=NOC(N)=C1C(=O)OC(C)C(=O)NC=2C=CC(=CC2)C(C)C,0.654,O=C(COC(=O)c1cnoc1)Nc1ccccc1
XS845965a,CCC=1C=CC=C(C1)NC2CCN(C2)C(=O)C=3N=CN4C=CC=CC34,1.828,O=C(c1ncn2ccccc12)N1CCC(Nc2ccccc2)C1
XS332659b,CN1C=C(C=N1)C2=NC=C(S2)C(=O)N3CCCCC3CC(N)=O,5.628,O=C(c1cnc(-c2cn[nH]c2)s1)N1CCCCC1
XS845958a,CC(C1=NC(=NO1)C(C)(C)C)N2C=NC3=C2C(=O)N(C)C(=O)N3C,0.438,O=c1[nH]c(=O)c2c(ncn2Cc2ncno2)[nH]1
XS845963a,COCCN1C=C(C=N1)NC(=O)NC2CCSC=3C=CC=CC32,0.56,O=C(Nc1cn[nH]c1)NC1CCSc2ccccc21
XS845955a,CN(C(=O)C1CN(C)C(=O)C=2C=CC=CC21)C3CCC(F)(F)CC3,11.762,O=C1NCC(C(=O)NC2CCCCC2)c2ccccc21
XS616038b,CC=1C=C(NC(=O)NC2CCN(C2=O)C=3C=CC(Cl)=CC3)ON1,3.69,O=C(Nc1ccno1)NC1CCN(c2ccccc2)C1=O
XS836591b,CC=1C=CC(=CC1)C=2N=NN(N2)C(C)C3=NN=C(O3)C4=CC=CS4,1.522,c1ccc(-c2nnn(Cc3nnc(-c4cccs4)o3)n2)cc1
XS845971a,CC1=NN=C(O1)C2COCCN2C(=O)C3=CC=4C(C)=CC(C)=CC4N3,1.312,O=C(c1cc2ccccc2[nH]1)N1CCOCC1c1nnco1
XS839810b,COC(C)CN(C)C(=O)C=1N=NN(C1C)C=2C=CC3=NC=CC=C3C2,1.096,c1cnc2ccc(-n3ccnn3)cc2c1
XS837684b,CCOC(=O)C(F)(F)C1CCN(C1)C(=O)C2=NC=3C=CC=CC3N2,0.912,O=C(c1nc2ccccc2[nH]1)N1CCCC1
XS837950b,CC=1C=CC(=CC1)C=2CC(CNS(=O)(=O)N(C)C3CCC3)ON2,1.71,O=S(=O)(NCC1CC(c2ccccc2)=NO1)NC1CCC1
XS845973a,CC(C)CN1C=CC=C(C2=NC(=NO2)C3CC=4C=CC(F)=CC43)C1=O,0.522,O=c1[nH]cccc1-c1nc(C2Cc3ccccc32)no1
XS837882b,CC(C(=O)NC=1C=CC(=CC1)OCC=2C=CC=CC2)N3OC=CC3=O,0.642,O=C(Cn1occc1=O)Nc1ccc(OCc2ccccc2)cc1
XS845976a,CC1=NN=C2CCC(CN12)NC(=O)C=3C=CC(=CC3)C4CCCCC4,1.392,O=C(NC1CCc2nncn2C1)c1ccc(C2CCCCC2)cc1
XS841399b,CCOC(=O)C=1C=NC(=NC1C)N2CC3(CCC3)C2C=4C=CC=NC4,2.504,c1cnc(N2CC3(CCC3)C2c2cccnc2)nc1
XS842375b,CCC1=NN2CCCC(NC3=NC(=NO3)C=4C=CC=C(C4)OC)C2=N1,0.944,c1ccc(-c2noc(NC3CCCn4ncnc43)n2)cc1
XS845987a,O=C(CCNC(=O)NCC1CCCC=2C=CC=CC21)N3CCCCC3,0.854,O=C(NCCC(=O)N1CCCCC1)NCC1CCCc2ccccc21
XS845980a,COC=1C=C(C=C(Cl)C1OC)C(=O)OCC(=O)NC(C)C(C)C,1.162,c1ccccc1
XS841283b,CCC=1C=CC(=CC1)CN(CC=2C=CC=NC2)C(=O)NC(C)COC,0.506,c1ccc(CNCc2cccnc2)cc1
XS839230b,COC=1C=CC(C)=CC1CN(CC2C=CCC2)C(=O)CN3N=CN=N3,0.984,O=C(Cn1ncnn1)N(Cc1ccccc1)CC1C=CCC1
XS845979a,COC=1C=CC=CC1N2CC(CC2=O)C(=O)N(C)CC=3C=NN(C)C3,2.578,O=C(NCc1cn[nH]c1)C1CC(=O)N(c2ccccc2)C1
XS483145b,CS(=O)(=O)CC(NCC=1C=CC=C(Cl)C1F)C=2C=CC=CC2,0.542,c1ccc(CNCc2ccccc2)cc1
XS845982a,O=C(NCCC1CCCO1)C2CCN(CC2)C3=NC=4C=CC=CC4O3,0.664,O=C(NCCC1CCCO1)C1CCN(c2nc3ccccc3o2)CC1
XS845978a,CC(C)N1C=NN=C1C2CCCN(C2)C(=O)C(C)(C)C=3C=CC=CC3,1.114,O=C(Cc1ccccc1)N1CCCC(c2nnc[nH]2)C1
XS836836b,COC=1C=CC(=CC1)CC=2C(C)=NC(=NC2C)N3CCNC(=O)C3C,1.248,O=C1CN(c2ncc(Cc3ccccc3)cn2)CCN1
XS837405b,COC(=O)C1=CC(=CS1)S(=O)(=O)N2CCC(C2)N3C=CN=N3,1.924,O=S(=O)(c1ccsc1)N1CCC(n2ccnn2)C1
XS845993a,CCC1=NC(=CO1)C(=O)NC(C2=NC(=NO2)C(C)C)C3CCOCC3,1.232,O=C(NC(c1ncno1)C1CCOCC1)c1cocn1
XS846005a,CC(NC(=O)CN1N=NC(=N1)C=2C=CC(Br)=CC2)C3CC3,0.408,O=C(Cn1nnc(-c2ccccc2)n1)NCC1CC1
XS846003a,COCCCCNC(=O)N1CCCC(C1)C2=NC=3C=CC=CC3S2,0.82,c1ccc2sc(C3CCCNC3)nc2c1
XS845989a,CN(C(=O)C=1C=CC=C(C#N)C1)C(C=2C=CC=C(F)C2)C=3C=CC=CN3,0.664,O=C(NC(c1ccccc1)c1ccccn1)c1ccccc1
XS846000a,COC1=CC(=CC(OC)=C1C)C(=O)N2CCCC(C2)C3=NN=CN3C,4.198,O=C(c1ccccc1)N1CCCC(c2nnc[nH]2)C1
XS842043b,COC(=O)C(C=1C=CC=C(O)C1)N(C)C(=O)C=2N=CN(N2)C(C)(C)C,0.444,O=C(NCc1ccccc1)c1nc[nH]n1
XS845990a,O=C(CCCOC=1C=CC=CC1Cl)N2CCCC(C2)C3=CC=NN3,0.736,O=C(CCCOc1ccccc1)N1CCCC(c2ccn[nH]2)C1
XS705734b,CN(CC1=NN=C(O1)C2CC2)C3CCN(C3=O)C=4C=CC=CC4Cl,0.456,O=C1C(NCc2nnc(C3CC3)o2)CCN1c1ccccc1
XS845998a,O=C(CS(=O)CC1=CSC(=N1)C=2C=CC=CC2)NC3CCCC3,0.718,O=C(CS(=O)Cc1csc(-c2ccccc2)n1)NC1CCCC1
XS837723b,CC=1C=C(C)N(N1)C=2C=CN=C(N2)NC(C)C=3C=CC=4C=CN(C)C4C3,1.56,c1cnn(-c2ccnc(NCc3ccc4cc[nH]c4c3)n2)c1
XS846015a,CC1=CC(=NO1)C2CCCN2C(=O)C=3C=CC(=CC3)NC(=O)NC4CC4,0.544,O=C(Nc1ccc(C(=O)N2CCCC2c2ccon2)cc1)NC1CC1
XS846019a,CN1C(=NC=2C=CC=CC21)C3CCCCN3S(=O)(=O)C=4C=CC=CC4,0.87,O=S(=O)(c1ccccc1)N1CCCCC1c1nc2ccccc2[nH]1
XS420030b,CC=1C=CC=CC1C(C)(C)CNC(=O)C2CC(=O)N(CC(F)(F)F)C2,0.89,O=C1CC(C(=O)NCCc2ccccc2)CN1
XS846020a,CCOC(=O)C=1C=CC=C(C1)S(=O)(=O)N2CCCCC2C(=O)NC,0.504,O=S(=O)(c1ccccc1)N1CCCCC1
XS840866b,O=C(NCCOC(=O)C1CC(=O)N(C1)C=2C=CC=CC2)C=3C=CN=CC3,1.57,O=C(NCCOC(=O)C1CC(=O)N(c2ccccc2)C1)c1ccncc1
XS836592b,CC(NC=1C=CC(=CC1)OC=2C=CC=C3C=CC=NC23)C(=O)NC(N)=O,0.846,c1ccc(Oc2cccc3cccnc23)cc1
XS846017a,O=S1(=O)CC(C2=NC(=NO2)C=3C=CC4=CC=CC=C4N3)C5(CCC5)C1,3.266,O=S1(=O)CC(c2nc(-c3ccc4ccccc4n3)no2)C2(CCC2)C1
XS846009a,O=C(CSC1=NC=CN1C=2C=CC(Cl)=CC2)NCC3CCCO3,0.504,O=C(CSc1nccn1-c1ccccc1)NCC1CCCO1
XS846012a,CC=1N=NC(NCC(C=2C=CC(F)=CC2)N3CCOCC3)=C(C#N)C1C,1.556,c1ccc(C(CNc2cccnn2)N2CCOCC2)cc1
XS837770b,OCC(C1CC1)N(CC2=CC=3C=C(Cl)C=NC3O2)CC=4C=CC=CC4,1.838,c1ccc(CN(Cc2cc3cccnc3o2)CC2CC2)cc1
XS846013a,COC(=O)C=1C=CC=C(C1)NC(=O)C2CC(=O)N(CC=3C=CC=CC3)C2,1.014,O=C(Nc1ccccc1)C1CC(=O)N(Cc2ccccc2)C1
XS840284b,CCOC(=O)C1=C(NC2=NN=NN2C1C=3C=CSC3)C=4C=CC=CC4,0.424,C1=C(c2ccccc2)Nc2nnnn2C1c1ccsc1
XS839995b,N#CC=1C=CC(=NC1)OC2CCN(C2)C(=O)CC3=NOC=4C=CC(F)=CC34,1.49,O=C(Cc1noc2ccccc12)N1CCC(Oc2ccccn2)C1
XS846034a,COC1=CN(N=C1C(=O)NC(C)C=2C=CC(F)=C(F)C2)C=3C=CC=CC3,1.574,O=C(NCc1ccccc1)c1ccn(-c2ccccc2)n1
XS846028a,O=C(NC1CC1)C(CC=2C=CC=CC2)NS(=O)(=O)C=3C=CC=CC3F,0.39,O=C(NC1CC1)C(Cc1ccccc1)NS(=O)(=O)c1ccccc1
XS846023a,O=C(CCC(=O)N1CCC(=N1)C=2C=CC=CC2)NC3CCC=4C=CC=CC43,1.336,O=C(CCC(=O)N1CCC(c2ccccc2)=N1)NC1CCc2ccccc21
XS837681b,O=C(C1CC1(F)F)N2CC3(C2)CN(C3)C=4N=CC(Br)=CN4,1.86,O=C(C1CC1)N1CC2(C1)CN(c1ncccn1)C2
XS846021a,O=C(C=1C=CC(=NC1)N2CCCCCC2)N3CCC(C3)NC=4C=CC=CC4,0.788,O=C(c1ccc(N2CCCCCC2)nc1)N1CCC(Nc2ccccc2)C1
XS625513b,COCC1=NNC(=N1)C2CCCCN2C(=O)COC=3C(C)=CC=CC3C,1.594,O=C(COc1ccccc1)N1CCCCC1c1ncn[nH]1
XS846025a,CC(C)C(NC(=O)C1=CC=CO1)C(=O)N2CCN(CC2)C=3N=CC=CN3,1.228,O=C(NCC(=O)N1CCN(c2ncccn2)CC1)c1ccco1
XS840409b,O=C(CN1CCCC=2C=CC=CC21)NNC(=O)C3COC=4C=CC=CC4O3,0.504,O=C(CN1CCCc2ccccc21)NNC(=O)C1COc2ccccc2O1
XS846035a,COC=1C=CC(=CC1F)CC(=O)NC(C2=NC=CN2C)C=3C=CC=C(F)C3,4.262,O=C(Cc1ccccc1)NC(c1ccccc1)c1ncc[nH]1
XS817306b,CC=1C=CC=C(NC(=O)CN(C)C(=O)C2CC(=O)N(C2)C3CCCC3)C1C,1.436,O=C(CNC(=O)C1CC(=O)N(C2CCCC2)C1)Nc1ccccc1
XS550087b,CC=1C=C(C=CC1Br)N2CC(CC2=O)C(=O)NC=3C=CN=CC3,1.538,O=C(Nc1ccncc1)C1CC(=O)N(c2ccccc2)C1
XS840482b,CN(C(=O)COC(=O)C12CC3CC(CC(C3)C2)C1)C4CCS(=O)(=O)C4,1.244,O=C(COC(=O)C12CC3CC(CC(C3)C1)C2)NC1CCS(=O)(=O)C1
XS841740b,CNC(=O)C(F)(F)C1(O)CCN(C1)C(=O)C2=CNN=C2C3CCCCC3,3.23,O=C(c1c[nH]nc1C1CCCCC1)N1CCCC1
XS836960b,N#CC=1C=NC=C(C1)CN2CCN(CC2)C(=O)NC3CCC=4C=CC=CC4C3,1.722,O=C(NC1CCc2ccccc2C1)N1CCN(Cc2cccnc2)CC1
XS556221b,O=C(NC=1C=CC(=NC1)OC=2C=CC(F)=CC2)N3CCN4CCOCC4C3,1.874,O=C(Nc1ccc(Oc2ccccc2)nc1)N1CCN2CCOCC2C1
XS757075b,CC(NC(=O)C=1C=CC(=NC1)OCC(F)F)C=2C=CC(=CC2)N3C=NC=N3,0.54,O=C(NCc1ccc(-n2cncn2)cc1)c1cccnc1
XS846037a,CC1CCCN(C1)C2=NC3=C(C(=O)N(C)C(=O)N3C)N2CC=4C=CC=CC4,0.75,O=c1[nH]c(=O)c2c(nc(N3CCCCC3)n2Cc2ccccc2)[nH]1
XS839631b,CC=1C=NC2=C(C=CC=C2C1)S(=O)(=O)NCC3COC=4C=CC=CC4O3,6.834,O=S(=O)(NCC1COc2ccccc2O1)c1cccc2cccnc12
XS840883b,BrC=1C=CN2C(NC3CCOC3)=C(N=C2C1)C=4C=C(ON4)C5CC5,0.548,c1ccn2c(NC3CCOC3)c(-c3cc(C4CC4)on3)nc2c1
XS846048a,CCCCOC=1C=CC(=CC1OC)CNC(=O)C2CC(=O)NC=3C=CC=CC32,4.132,O=C1CC(C(=O)NCc2ccccc2)c2ccccc2N1
XS839158b,CN1CCN(C(C#N)C1)S(=O)(=O)C=2C=CC(=CC2)OCC3CCCCC3,0.65,O=S(=O)(c1ccc(OCC2CCCCC2)cc1)N1CCNCC1
XS846044a,CC=1C=C(CN2N=NC(C(=O)NC3CCCOC=4C=C(F)C=CC43)=C2C)ON1,0.568,O=C(NC1CCCOc2ccccc21)c1cn(Cc2ccno2)nn1
XS802721b,CN1C=C(C=N1)C2=NC(=NO2)C3CCCCCN3C(=O)C=4C=C(NN4)C5CC5,2.936,O=C(c1cc(C2CC2)[nH]n1)N1CCCCCC1c1noc(-c2cn[nH]c2)n1
XS752652b,CC(C1=NC=2C=CC=CC2S1)N(C)CC(=O)N3CC(=O)NC=4C=CC=CC43,0.934,O=C1CN(C(=O)CNCc2nc3ccccc3s2)c2ccccc2N1
XS846042a,CCOC=1C=C(C=CC1OC)C(=O)N2CCCC(C2)C(=O)N(C)CCOC,10.09,O=C(c1ccccc1)N1CCCCC1
XS846051a,CCC(NC(=O)C=1C=CC2=C(C1)CCCN2S(C)(=O)=O)C=3C=CC(C)=CC3,0.878,O=C(NCc1ccccc1)c1ccc2c(c1)CCCN2
XS846050a,O=C(NC=1C=CC=C(C1)C2CCCC(=O)N2)C(=O)C3=CNC=4C=CC(F)=CC34,0.74,O=C1CCCC(c2cccc(NC(=O)C(=O)c3c[nH]c4ccccc34)c2)N1
XS846047a,CNC(=O)C=1C=CC(C)=C(C1)NC(=O)C=2CC(C(N)=O)N(N2)C=3C=CC=CC3,4.734,O=C(Nc1ccccc1)C1=NN(c2ccccc2)CC1
XS846043a,CC1=NC(=CS1)CC2=NN=C(O2)SC(C)C(=O)NC=3C=CC=CC3F,1.314,O=C(CSc1nnc(Cc2cscn2)o1)Nc1ccccc1
XS837761b,CCN(C(=O)C(C)S(=O)(=O)C=1C=C(C=CN1)C(F)(F)F)C=2C=CC=CC2,0.582,O=C(CS(=O)(=O)c1ccccn1)Nc1ccccc1
XS841628b,CC(=O)N1CCC(C=2C=CC=CC21)N3C=C(N=N3)C=4C=CC=CC4OC(F)F,0.828,c1ccc(-c2cn(C3CCNc4ccccc43)nn2)cc1
XS833421b,CN1C(=O)C=CC=C1C(=O)N2CCC(C2)(C3=NC(=NO3)C4CC4)C(F)(F)F,0.852,O=C(c1cccc(=O)[nH]1)N1CCC(c2nc(C3CC3)no2)C1
XS836722b,CC(NS(=O)(=O)C=1C=CC=CC1F)C(=O)N2CC=C(CC2)C=3C=CC=CC3,1.914,O=C(CNS(=O)(=O)c1ccccc1)N1CC=C(c2ccccc2)CC1
XS846064a,CC(C)OC=1C=CC(=CC1)C(=O)NCC(=O)NC(C)C=2C=CC=3OCCOC3C2,0.814,O=C(CNC(=O)c1ccccc1)NCc1ccc2c(c1)OCCO2
XS846062a,CC=1C=CC=C(NC(=O)CN(C)C(C)C(=O)NC=2C=CC=3OCCOC3C2)C1C,2.152,O=C(CNCC(=O)Nc1ccc2c(c1)OCCO2)Nc1ccccc1
XS842132b,CCOC(=O)C1CC=2C=C(C=CC2O1)S(=O)(=O)N(C)C=3C=CC=C(N3)OC,0.626,O=S(=O)(Nc1ccccn1)c1ccc2c(c1)CCO2
XS846055a,COC=1C=CC(=C(C1)OC)C2CCCN2S(=O)(=O)C=3C=CC(=CC3)C(N)=O,1.612,O=S(=O)(c1ccccc1)N1CCCC1c1ccccc1
XS594528b,CN1N=CC=C1N2CCCC(C2=O)N(CC=3C=CC(Cl)=CC3)S(C)(=O)=O,2.17,O=C1C(NCc2ccccc2)CCCN1c1ccn[nH]1
XS846060a,CC(C)CC1(CC1)C(=O)NC2CC3(CN(C3)C(=O)C4=CN(C)C=N4)N5C=CN=C25,29.022,O=C(NC1CC2(CN(C(=O)c3c[nH]cn3)C2)n2ccnc21)C1CC1
XS839485b,CC1=CC(=CC(C)=C1OCC=2C=CC=NC2)C(=O)N3CC=4C=NC=NC4C(C)C3,4.072,O=C(c1ccc(OCc2cccnc2)cc1)N1CCc2ncncc2C1
XS846057a,CC=1C=CC=C(C1)C(=O)NCC(=O)NC(CC2=CNC=3C=C(F)C=CC23)C(=O)O,0.45,O=C(CNC(=O)c1ccccc1)NCCc1c[nH]c2ccccc12
XS836482b,CC1=NNC(C)=C1C(C)NC(=O)C=2N=C(C=CC2Br)C(F)(F)F,0.494,O=C(NCc1cn[nH]c1)c1ccccn1
XS846054a,COC(=O)CC(NC(=O)C1=CN(C)C=2C=CC=CC12)C=3C=CC(OC)=C(C3)OC,3.524,O=C(NCc1ccccc1)c1c[nH]c2ccccc12
XS846053a,CC=1C=CC=C(C1)CN2C(=NC=3C=CC=CC32)C4CC(=O)N(C4)C=5C=CC=CC5F,4.138,O=C1CC(c2nc3ccccc3n2Cc2ccccc2)CN1c1ccccc1
XS839699b,CC=1C=CC(=CC1NC(=O)C(CC=2C=CC=CC2)N3C=NN=N3)S(=O)(=O)N(C)C,1.744,O=C(Nc1ccccc1)C(Cc1ccccc1)n1cnnn1
XS840479b,CC(OC(=O)CN(C)S(=O)(=O)C=1C=CC(F)=CC1)C(=O)N2CCC=3C=CC=CC32,0.72,O=C(CNS(=O)(=O)c1ccccc1)OCC(=O)N1CCc2ccccc21
XS846076a,CSC=1C=CC=CC1NC(=O)CN(C)C(=O)C2CC(=O)N(C2)C=3C=CC=CC3F,1.076,O=C(CNC(=O)C1CC(=O)N(c2ccccc2)C1)Nc1ccccc1
XS840384b,CC1C=2C=CSC2CCN1C=3C=CC(=CC3[N+]([O-])=O)S(=O)(=O)NC(C)(C)C,0.684,c1ccc(N2CCc3sccc3C2)cc1
XS846065a,CC=1C=CC(=CC1)C(CN2CCOCC2)NC(=O)COC=3C=CC(Cl)=C(C)C3,0.908,O=C(COc1ccccc1)NC(CN1CCOCC1)c1ccccc1
XS842647b,CC(C1=NC=2C=CC=CC2N1C(F)F)N3CCN(CC3)C=4N=CN=C5C4C=NN5C,2.184,c1ccc2[nH]c(CN3CCN(c4ncnc5[nH]ncc45)CC3)nc2c1
XS828292b,CC(OC(=O)C=1C=CC=2N=CSC2C1)C(=O)NC=3C=CC(=CC3)S(N)(=O)=O,0.946,O=C(COC(=O)c1ccc2ncsc2c1)Nc1ccccc1
XS846077a,COC=1C=CC(=CC1OC)C2CC(=NN2C(C)=O)C=3C=CC(=CC3)NS(C)(=O)=O,0.796,c1ccc(C2=NNC(c3ccccc3)C2)cc1
XS841433b,COC=1C=CC(=CC1)C(NC(=O)C2CCN(CC2)C3=CN=CC4=NN=NN34)C(C)C,2.698,O=C(NCc1ccccc1)C1CCN(c2cncc3nnnn23)CC1
XS846068a,CC(C)C(NC(=O)C=1C=CC=CC1)C(=O)N2CC=C(CC2)C3=CNC=4C=CC=CC34,0.426,O=C(NCC(=O)N1CC=C(c2c[nH]c3ccccc23)CC1)c1ccccc1
XS846066a,CN(CC=1C=CC(=CC1)N2CCOCC2)C(=O)C3CC(=O)N(C3)C=4C=CC=CC4F,15.928,O=C(NCc1ccc(N2CCOCC2)cc1)C1CC(=O)N(c2ccccc2)C1
XS846078a,CC(SC=1C=CC(=CN1)S(=O)(=O)N2CCCCC2)C(=O)NCC=3C=CC=CC3,0.446,O=C(CSc1ccc(S(=O)(=O)N2CCCCC2)cn1)NCc1ccccc1
XS840286b,CC1=NN(C(C)=C1Br)C(C)CC(=O)NNC(=O)N(C)C=2C=CC(C)=CC2,2.03,O=C(CCn1cccn1)NNC(=O)Nc1ccccc1
XS840289b,CC1C2=CC=CN2CCN1C(=O)CCC3=NC=4C=C(C=CC4N3C)S(=O)(=O)N(C)C,3.94,O=C(CCc1nc2ccccc2[nH]1)N1CCn2cccc2C1
XS841460b,O=C(CCCS(=O)(=O)C=1C=CC(Cl)=CC1)NC(CO)C=2C=CC(=CC2)C(F)(F)F,0.486,O=C(CCCS(=O)(=O)c1ccccc1)NCc1ccccc1
XS836752b,CN(CC(=O)N1N=C(CC1C2=CC=CO2)C3=CC=CO3)CC4=NC=5C=CC=CC5C(=O)N4,0.634,O=C(CNCc1nc2ccccc2c(=O)[nH]1)N1N=C(c2ccco2)CC1c1ccco1
XS846094a,O=C(NC=1C=CC(F)=C(F)C1F)C2CCCN(C2)C3=NS(=O)(=O)C=4C=CC=CC34,0.698,O=C(Nc1ccccc1)C1CCCN(C2=NS(=O)(=O)c3ccccc32)C1
XS846089a,COC=1C=CC(=CC1NC(=O)C2CC(=O)N(C2)C=3C=CC=CC3OC)S(=O)(=O)N4CCCCCC4,4.15,O=C(Nc1cccc(S(=O)(=O)N2CCCCCC2)c1)C1CC(=O)N(c2ccccc2)C1
XS846087a,O=C(C=1CCC(=O)N(N1)C=2C=CC=CC2)N(CC=3C=CC=CC3)C4CCS(=O)(=O)C4,1.97,O=C1CCC(C(=O)N(Cc2ccccc2)C2CCS(=O)(=O)C2)=NN1c1ccccc1
XS846085a,CC(OC(=O)C=1C=C(C=CC1N2CCOCC2)S(=O)(=O)N(C)C)C(=O)N3CCCC3,12.144,O=C(OCC(=O)N1CCCC1)c1ccccc1N1CCOCC1
XS839024b,COC=1C=CC(=CC1)CN(CCO)C(=O)NC2CCCC=3C=4C=C(C=CC4NC32)OC,0.582,O=C(NCc1ccccc1)NC1CCCc2c1[nH]c1ccccc21
XS846081a,CCN1C(=NC=2C=CC=CC21)SCC(=O)N(CC=3C=CC=CC3)C4CCS(=O)(=O)C4,2.346,O=C(CSc1nc2ccccc2[nH]1)N(Cc1ccccc1)C1CCS(=O)(=O)C1
XS840442b,COC(=O)C1=CC=C(O1)C(C)N2CCN(CC2)S(=O)(=O)C=3C=C(C=CC3C)[N+]([O-])=O,0.662,O=S(=O)(c1ccccc1)N1CCN(Cc2ccco2)CC1
XS842601b,CCN1N=C(CCC1=O)C(=O)N2CCC=3C=C(OC)C(=CC3C2C4=CC=CS4)OC,1.47,O=C1CCC(C(=O)N2CCc3ccccc3C2c2cccs2)=NN1
XS840375b,COC(=O)C(C=1C=CC(F)=CC1)N2CCN(CC2)C(=O)C=3C=C4C=C(C)C=CC4=NC3C,0.832,O=C(c1cnc2ccccc2c1)N1CCN(Cc2ccccc2)CC1
XS846080a,COC(=O)C(CC1=CNC=2C=C(F)C=CC12)NS(=O)(=O)C=3C=CC=4OCC(=O)NC4C3,1.36,O=C1COc2ccc(S(=O)(=O)NCCc3c[nH]c4ccccc34)cc2N1
XS846083a,CN(C(=O)COC(=O)C=1C=C(N=C2C=CC=CC12)C=3C=CC=CC3)C4CCS(=O)(=O)C4,2.784,O=C(COC(=O)c1cc(-c2ccccc2)nc2ccccc12)NC1CCS(=O)(=O)C1
XS840166b,CCC=1C=C(N=C(C)N1)N2CCC(CC2)S(C)(=O)=NC(=O)C=3C=CC=4CCOC4C3,0.944,O=C(N=[SH](=O)C1CCN(c2ccncn2)CC1)c1ccc2c(c1)OCC2
XS846084a,O=C(C1CCN(CC1)C=2C=CC3=NN=C(N3N2)C(F)(F)F)N4CCCC4C=5C=CC=NC5,1.6,O=C(C1CCN(c2ccc3nncn3n2)CC1)N1CCCC1c1cccnc1
XS839284b,CC=1N=C(SC1C#N)N2CCCC2C#N,0.578,c1csc(N2CCCC2)n1
XS846098a,CC1CCCCN1C(=O)C=2C=CN=CC2,2.948,O=C(c1ccncc1)N1CCCCC1
XS837455b,CN1CC(=O)NC1C=2C=CC=C3CC(C)(C)OC23,0.948,O=C1CNC(c2cccc3c2OCC3)N1
XS841912b,CCC(C#N)S(=O)(=O)C=1C=CC(=CC1)OC,6.752,c1ccccc1
XS846110a,COC=1C=CC(=CN1)NC(C)C(=O)NC(C)(C)C,0.74,c1ccncc1
XS837597b,CC=1CCN(CC1C)C(=O)C(C)C=2C=NC=C(F)C2,0.484,O=C(Cc1cccnc1)N1CC=CCC1
XS838977b,COC(=O)C=1C(C)=C2C=CC=CC2=NC1C3CCOC3,0.448,c1ccc2nc(C3CCOC3)ccc2c1
XS571224b,CCN1N=CC(CN2CCCC2(COC)C(N)=O)=N1,0.62,c1n[nH]nc1CN1CCCC1
XS741422b,O=C1NCCCC1NC=2N=CC=C(N2)C(F)(F)F,0.394,O=C1NCCCC1Nc1ncccn1
XS846104a,CCC(C#N)NC(=O)C=1C=CN(N1)C=2C=CC=CC2,0.656,c1ccc(-n2cccn2)cc1
XS840099b,CC(CN1C(=O)OC=2C=CC=NC21)C3CCCCC3,0.41,O=c1oc2cccnc2n1CCC1CCCCC1
XS846107a,CC(C(=O)NCC1CC1)C2=CN(C)C=3C=CC=CC23,0.832,O=C(Cc1c[nH]c2ccccc12)NCC1CC1
XS842147b,CC(CC#N)N(C)C(=O)CCCOC=1C=CC=CC1F,0.542,c1ccccc1
XS846115a,CSC=1C=CC=CC1C(=O)NC2CCC(=O)NC2=O,7.088,O=C1CCC(NC(=O)c2ccccc2)C(=O)N1
XS839090b,CCC(C)C1=CC=C(C(=O)NC=2C=CN(C)N2)C(=O)N1,1.106,O=C(Nc1cc[nH]n1)c1ccc[nH]c1=O
XS846113a,O=C(COC=1C=CC=NC1)N2CCCC(C2)N3C=CC=N3,0.83,O=C(COc1cccnc1)N1CCCC(n2cccn2)C1
XS839856b,COCC1CN(CCO1)C=2C(=CC=CC2[N+]([O-])=O)OC,1.162,c1ccc(N2CCOCC2)cc1
XS846121a,CC(SC=1C=CC(Cl)=CN1)C(=O)N2CCCCC2,2.526,O=C(CSc1ccccn1)N1CCCCC1
XS842140b,CC1C(=O)N(C)CCN1C2=NN=C(S2)C=3C=CON3,2.53,O=C1CN(c2nnc(-c3ccon3)s2)CCN1
XS846125a,CC=1C=C(NC(=O)NC(C)C=2C=CC(C#N)=CC2)N(C)N1,0.872,O=C(NCc1ccccc1)Nc1ccn[nH]1
XS628985b,CNC(=O)NCC(=O)N1CC(C)OC=2C=C(C)C=CC21,0.772,c1ccc2c(c1)NCCO2
XS846120a,COC(=O)C=1OC=CC1C2NC=3C=CC=CC3C(=O)N2C,1.456,O=C1NC(c2ccoc2)Nc2ccccc21
XS846116a,O=C(NC=1C=CC=2N=CSC2C1)C3CCNC(=O)C3,1.49,O=C1CC(C(=O)Nc2ccc3ncsc3c2)CCN1
XS516353b,CN1N=NC=C1C(=O)N2CCCC(C)(C2)C=3C=CC=CC3,0.91,O=C(c1cnn[nH]1)N1CCCC(c2ccccc2)C1
XS846131a,CC(OC=1C=CC=C(F)C1)C(=O)NCCC=2C=CC=CN2,0.524,O=C(COc1ccccc1)NCCc1ccccn1
XS836931b,CC(OC=1C=CC(=CC1)C=2C=CC3=NC=CC=C3C2)C(=O)O,1.104,c1ccc(-c2ccc3ncccc3c2)cc1
XS839397b,CCN1CCCC(CNC=2N=CN=C3OCCOC23)C1=O,1.03,O=C1NCCCC1CNc1ncnc2c1OCCO2
XS842072b,CC1(C)COC(CS(=O)(=O)NCCC=2C=NNC2)C1,0.66,O=S(=O)(CC1CCCO1)NCCc1cn[nH]c1
XS846132a,CC=1C=CSC1C(=O)N2CCCC(C2)C3=NN=CN3C,4.322,O=C(c1cccs1)N1CCCC(c2nnc[nH]2)C1
XS846135a,CC(NC=1N=CN=C2C1C=NN2C)C(=O)N3CCCCC3,2.48,O=C(CNc1ncnc2[nH]ncc12)N1CCCCC1
XS846134a,CC1=CN=C(NC(=O)C2CC=3C=CC=CC3C(=O)O2)S1,0.638,O=C1OC(C(=O)Nc2nccs2)Cc2ccccc21
XS401524b,CC1=CC=CC(C)=C1N2C(=O)CC(NC=3C=CC=CC3)C2=O,0.54,O=C1CC(Nc2ccccc2)C(=O)N1c1ccccc1
XS725144b,CCC=1N=NSC1C(=O)N2C=3C=CC=CC3OCC2C,1.418,O=C(c1cnns1)N1CCOc2ccccc21
XS838700b,FC1(F)CC1N2N=CC=C2C3=NC(=NO3)N4CCOCC4,0.402,c1cc(-c2nc(N3CCOCC3)no2)n(C2CC2)n1
XS739579b,CC=1C=CC(Cl)=CC1C(=O)N2CCCC(O)(C2)C(N)=O,2.732,O=C(c1ccccc1)N1CCCCC1
XS840181b,CC1=NN=C(COC2CN(C2)C(=O)C=C3CCC(C)C3)O1,2.194,O=C(C=C1CCCC1)N1CC(OCc2nnco2)C1
XS842015b,CC=1N=C(OC1C(=O)N2CCC(C2)C3=NN=CN3)C(C)C,0.444,O=C(c1cnco1)N1CCC(c2nnc[nH]2)C1
XS841978b,CC1=CC=C(S1)C(C)C(=O)N2CCC(CC2)C=3N=CON3,0.544,O=C(Cc1cccs1)N1CCC(c2ncon2)CC1
XS846141a,CC1C2=CC=CN2CCN1C(=O)CC=3C=CC=C4C=CC=CC34,0.988,O=C(Cc1cccc2ccccc12)N1CCn2cccc2C1
XS846144a,CC1=CC=C(CNC(=O)C2CC=3C=CC=CC3C(=O)O2)S1,0.852,O=C1OC(C(=O)NCc2cccs2)Cc2ccccc21
XS838411b,N#CC=1C=CC2=CC=CC=C2C1OCC(F)C3CCOCC3,0.544,c1ccc2c(OCCC3CCOCC3)cccc2c1
XS837180b,CC(OC1CCCCCC1)C(=O)NC(C)(C)C(=O)N(C)C,1.552,C1CCCCCC1
XS846146a,O=C(NC1CCC=2C=CC=CC21)C=3C=CN=C(C3)N4C=CN=C4,0.424,O=C(NC1CCc2ccccc21)c1ccnc(-n2ccnc2)c1
XS846139a,CC1=CSC(=N1)C2CCCCN2C(=O)CC=3C=CC=NC3,0.752,O=C(Cc1cccnc1)N1CCCCC1c1nccs1
XS744058b,CC1C2=CC=CN2CCN1C(=O)CNC(=O)CC3CCCC3,0.384,O=C(CC1CCCC1)NCC(=O)N1CCn2cccc2C1
XS842057b,CC=1SC(=O)N(CC(=O)NC(C)C2=CSN=N2)C1C,0.928,O=C(Cn1ccsc1=O)NCc1csnn1
XS846143a,CC=1C=CC(=CN1)C(=O)NC(C2=CC=CS2)C3CCCC3,0.386,O=C(NC(c1cccs1)C1CCCC1)c1cccnc1
XS540604b,CC1CC(=O)NC=2C=CC=CC2N1CC3=NC(=NO3)C4CC4,1.104,O=C1CCN(Cc2nc(C3CC3)no2)c2ccccc2N1
XS838208b,CC=1C=CC(=CC1)OCCN2CC=3NC(=O)NC(C)C3C2=O,4.3,O=C1NCC2=C(CN(CCOc3ccccc3)C2=O)N1
XS562928b,COC=1C=CC=CC1C2=NOC(=N2)C3CSCN3C(C)=O,7.43,c1ccc(-c2noc(C3CSCN3)n2)cc1
XS841096b,CC(C=1C=CC=CC1)N(C)C(=O)N2CC(C2)S(=O)(=O)F,0.384,O=C(NCc1ccccc1)N1CCC1
XS846152a,O=C(CN1C=CC=N1)N2CCCC2C=3C=CC=4OCCOC4C3,1.944,O=C(Cn1cccn1)N1CCCC1c1ccc2c(c1)OCCO2
XS576226b,CC1(C)CN(CC(COC=2C=CC=CC2)O1)C(=O)CC(N)=O,0.504,c1ccc(OCC2CNCCO2)cc1
XS841341b,CC=1N=NC(O)=C(CNC(=O)C2CC=CC=3C=CC=CC32)C1C,1.068,O=C(NCc1ccnnc1)C1CC=Cc2ccccc21
XS846155a,O=C(C=1C=CN=C2NC(=O)CC12)N3CCC(C3)C=4C=CC=CC4,1.146,O=C1Cc2c(C(=O)N3CCC(c4ccccc4)C3)ccnc2N1
XS837936b,[O-][N+](=O)C=1C=CC=CC1NC(=O)CNC(CO)C(F)(F)F,0.582,c1ccccc1
XS846149a,CC1=NOC(Cl)=C1CC(=O)N2CCCC(C2)N3C=CC=N3,0.504,O=C(Cc1cnoc1)N1CCCC(n2cccn2)C1
XS846156a,CCCC(C)(NC(=O)C1=CC=2C(C)=NN(C)C2S1)C(=O)O,1.236,c1cc2cn[nH]c2s1
XS846153a,CC(=O)NC=1SC=2CCCCC2C1C(=O)OC(C)C(N)=O,1.008,c1cc2c(s1)CCCC2
XS846154a,COC=1C=CC(C)=CC1C(=O)NC(CC(=O)O)C=2C=CC=CC2,0.524,O=C(NCc1ccccc1)c1ccccc1
XS841828b,N#CC=1C=CC=C(N1)NC(CC2CCCCC2)C=3N=CC=CN3,0.482,c1ccc(NC(CC2CCCCC2)c2ncccn2)nc1
XS846157a,O=C(C1CCC(=O)NC1)N(CC2=CC=CO2)CC=3C=CC=CC3,0.54,O=C1CCC(C(=O)N(Cc2ccccc2)Cc2ccco2)CN1
XS839034b,CC(C(=O)NC1=CN=NS1)C=2C=CC=C(Br)C2,1.1,O=C(Cc1ccccc1)Nc1cnns1
XS571511b,CC1=NOC(COC2CN(C2)C(=O)CC3CCCC(=O)N3)=N1,11.122,O=C1CCCC(CC(=O)N2CC(OCc3ncno3)C2)N1
XS842042b,CN(CC1(O)CCOCC1)C(=O)C2CCC=3N=NN(C)C3C2,1.664,O=C(NCC1CCOCC1)C1CCc2nn[nH]c2C1
XS629957b,O=C(C=1C=CC=2CCCCC2C1)N3CCCC(C3)C4=CC=NN4,1.026,O=C(c1ccc2c(c1)CCCC2)N1CCCC(c2ccn[nH]2)C1
XS801043b,CCOC=1C=C(C=CC1Cl)S(=O)(=O)NCC2CCCO2,0.792,O=S(=O)(NCC1CCCO1)c1ccccc1
XS592981b,CCCC1=NOC(CCC(=O)N2CCCC(C2)N3C=NC=N3)=N1,2.612,O=C(CCc1ncno1)N1CCCC(n2cncn2)C1
XS840296b,COC=1C=CC=C2C1CCC2NC(=O)CN3C=NC=C3C(=O)O,2.924,O=C(Cn1ccnc1)NC1CCc2ccccc21
XS837575b,CC1=NOC(C)=C1C(C)CNC(=O)C=2C=NC3=C(C2)N=NN3C,1.262,O=C(NCCc1cnoc1)c1cnc2[nH]nnc2c1
XS846169a,COC=1C=CC=CC1C2CC(=NN2S(C)(=O)=O)C3=CC=CO3,1.53,c1ccc(C2CC(c3ccco3)=NN2)cc1
XS846162a,CCN1C=C(C=N1)C(=O)NC2CCN(C2)C=3C=CC=C(Cl)C3,1.4,O=C(NC1CCN(c2ccccc2)C1)c1cn[nH]c1
XS846159a,CC=1C=CC=CC1C2(CNC(=O)C(C)NC(N)=O)CCCCC2,1.592,c1ccc(C2CCCCC2)cc1
XS846171a,COC=1C=CC(OC)=C(C1)C2CCCN2C(=O)C3=CC(C)=NN3,3.358,O=C(c1ccn[nH]1)N1CCCC1c1ccccc1
XS846168a,CC(=O)N1C=CC=2C=CC=CC2C1CC(=O)N3CCSCC3,1.134,O=C(CC1NC=Cc2ccccc21)N1CCSCC1
XS846170a,CCC(C(=O)NC1=NC(=CS1)CC(=O)OC)C=2C=CC=CC2,0.676,O=C(Cc1ccccc1)Nc1nccs1
XS840321b,COC(=O)C(C=1C=CC=C(F)C1)N(C)C(=O)C=2N=NC=CC2C,6.076,O=C(NCc1ccccc1)c1cccnn1
XS846163a,CC=1N=C(SC(C)C(=O)NC2CCCC2)C3=CC=CC=C3N1,1.924,O=C(CSc1ncnc2ccccc12)NC1CCCC1
XS837318b,CC(C)CN1N=C(CCC1=O)C(=O)N2CCSCC2C(N)=O,0.48,O=C1CCC(C(=O)N2CCSCC2)=NN1
XS585237b,CC1=NN=C2CN(C)C(CN12)C(=O)N(C)C3CC=4C=CC=CC4C3,0.928,O=C(NC1Cc2ccccc2C1)C1Cn2cnnc2CN1
XS841520b,CC1(C)CC(CCS1(=O)=O)NC=2N=CC=3CCCCCC3N2,0.484,O=S1(=O)CCC(Nc2ncc3c(n2)CCCCC3)CC1
XS846179a,NC(=O)C1CCN(C1)C(=O)C2=CC=3C(Cl)=C(Cl)C=CC3N2,7.46,O=C(c1cc2ccccc2[nH]1)N1CCCC1
XS807212b,CC1=CN(CC(=O)N2CCCC2C=3C=NN(C)C3)C=4C=CC=CC14,3.764,O=C(Cn1ccc2ccccc21)N1CCCC1c1cn[nH]c1
XS710444b,CC(C=1C=CC=CN1)N(C)C(=O)C=2C=CN(N2)C=3C=CC(F)=CC3,1.108,O=C(NCc1ccccn1)c1ccn(-c2ccccc2)n1
XS837199b,CS(=O)(=O)N1CCCCC1C(=O)NC=2C=NC=3NN=CC3C2,1.602,O=C(Nc1cnc2[nH]ncc2c1)C1CCCCN1
XS617080b,CN(C(=O)NC=1C=CN=CC1)C2CCCN(C=3C=CC=CC3)C2=O,3.178,O=C(Nc1ccncc1)NC1CCCN(c2ccccc2)C1=O
XS589112b,CC1=CC(=NN1C(C)(C)C)C(=O)NC(CCO)C2CCCCC2,0.718,O=C(NCC1CCCCC1)c1cc[nH]n1
XS838551b,N#CC1(CC2=CN(CC3COCCC3(F)F)N=N2)CCCCC1,0.526,c1c(CC2CCCCC2)nnn1CC1CCCOC1
XS846182a,CC(C)C1=NC=2C=C(C=CC2O1)NC(C(N)=O)C=3C=CC(F)=CC3,1.078,c1ccc(CNc2ccc3ocnc3c2)cc1
XS838813b,CC=1C=C(N=NC1C(F)(F)F)N2CCCC(C2)C3=NNC(=O)O3,0.58,O=c1[nH]nc(C2CCCN(c3cccnn3)C2)o1
XS612607b,O=C(C=1C=CC(=NC1)OCC2CC2)N3CCCC(C3)C4=CC=NN4,1.432,O=C(c1ccc(OCC2CC2)nc1)N1CCCC(c2ccn[nH]2)C1
XS846188a,CC(C)C(=O)N1CCCC(C1)C(=O)NCC2=NN=C3C=CC=CN23,2.64,O=C(NCc1nnc2ccccn12)C1CCCNC1
XS846180a,COC=1C=CC(=C(C1)OC)C2CC(=NN2C(C)=O)C=3C=CSC3,2.836,c1ccc(C2CC(c3ccsc3)=NN2)cc1
XS840311b,O=C(NC1=NN=C(S1)C(F)F)NC2CCCC32CCCCC3,0.406,O=C(Nc1nncs1)NC1CCCC12CCCCC2
XS144793d,COC=1C=CC(C)=CC1NC(C)C(=O)NC(=O)NC=2C=CC=CC2,4.944,O=C(CNc1ccccc1)NC(=O)Nc1ccccc1
XS846181a,CC(C)N1CC(CC1=O)NC=2N=CN=C3SC=4CCCCC4C23,0.548,O=C1CC(Nc2ncnc3sc4c(c23)CCCC4)CN1
XS561916b,CCC1=NN(C)C(CC)=C1CC(=O)N2CCCCC2C=3N=CNN3,1.658,O=C(Cc1cn[nH]c1)N1CCCCC1c1nc[nH]n1
XS658617b,CC1=NOC(=N1)C2CCCN(C2)C(=O)CC=3C=CC=4OCOC4C3,1.354,O=C(Cc1ccc2c(c1)OCO2)N1CCCC(c2ncno2)C1
XS608713b,CC1=NOC(=N1)C2CCCN(C2)C(=O)C=3C=CC(=NC3)OC(C)C,3.502,O=C(c1cccnc1)N1CCCC(c2ncno2)C1
XS581678b,COC(=O)C(C=1C=C(F)C=CC1F)N(C)C(=O)C=2C=NC(C)=CN2,0.426,O=C(NCc1ccccc1)c1cnccn1
XS655413b,O=C(NC=1C=CC=CC1Cl)N2CCC(C2)C3=CC(=O)NC(=O)N3,3.628,O=C(Nc1ccccc1)N1CCC(c2cc(=O)[nH]c(=O)[nH]2)C1
XS846191a,COCC1(CCCN1S(=O)(=O)C=2C=CC=C(Cl)C2)C(N)=O,3.534,O=S(=O)(c1ccccc1)N1CCCC1
XS607837b,NC(=O)C(CNC(=O)NC=1C=CC=C(F)C1)CC=2C=CC(F)=CC2,0.432,O=C(NCCCc1ccccc1)Nc1ccccc1
XS846194a,CCC(=O)N1CCCC(C1)C(=O)NC=2C=CC(NC(C)=O)=C(C)C2,1.818,O=C(Nc1ccccc1)C1CCCNC1
XS841363b,CC=1C=C2OCOC2=CC1NC(=O)NC3CCC(=O)NC43CCC4,1.408,O=C1CCC(NC(=O)Nc2ccc3c(c2)OCO3)C2(CCC2)N1
XS744737b,O=C(CCC=1C=CN=CC1)N2CCCC(C2)C3=NC=4C=CC=CC4O3,0.676,O=C(CCc1ccncc1)N1CCCC(c2nc3ccccc3o2)C1
XS782156b,CC=1C=CC(C2=NC(=CS2)C(=O)NCC3(O)CCOC3)=C(C)C1,1.236,O=C(NCC1CCOC1)c1csc(-c2ccccc2)n1
XS837283b,CC1=CC=CC(=O)N1CC(C)(O)C(=O)NC=2C=CC=C(Cl)C2O,0.544,O=C(CCn1ccccc1=O)Nc1ccccc1
XS756307b,COCC1(CCCN1C(=O)CC=2C(=CC=CC2OC)OC)C(N)=O,2.504,O=C(Cc1ccccc1)N1CCCC1
XS503215b,O=C(NC1CCC2=NC=NN2C1)C=3C=CC=C(C3)OC=4C=CN=CC4,9.296,O=C(NC1CCc2ncnn2C1)c1cccc(Oc2ccncc2)c1
XS846200a,CCOC(=O)C1=C(C)N(C)C(=O)NC1C=2C=CC=CC2OC(F)F,3.116,O=C1NC=CC(c2ccccc2)N1
XS837920b,CN(C)S(=O)(=O)NC(CNC=1N=NC=CC1C#N)C2CCCC2,2.758,c1cnnc(NCCC2CCCC2)c1
XS653369b,CC1=CC(CS(=O)(=O)CC(=O)NC(C)C=2C=CC(F)=CC2)=NO1,7.71,O=C(CS(=O)(=O)Cc1ccon1)NCc1ccccc1
XS846201a,CC(C)C1=NOC=2N=CC(=CC12)C(=O)NC3CCC=4C(F)=CC=CC43,0.91,O=C(NC1CCc2ccccc21)c1cnc2oncc2c1
XS838088b,CN(C)C(=O)N1CCC(CC1)C(=O)N2CCC(O)(C2)C(F)(F)F,0.448,O=C(C1CCNCC1)N1CCCC1
XS841582b,NC=1N=CC(=CC1Cl)C(=O)N2CCC(F)(C2)C=3C=CC=CC3F,0.856,O=C(c1cccnc1)N1CCC(c2ccccc2)C1
XS839402b,CCC(NC(=O)CC1=NNC(=O)C=2C=CC=CC12)C=3C(C)=NOC3C,2.376,O=C(Cc1n[nH]c(=O)c2ccccc12)NCc1cnoc1
XS677872b,CC(C)C=1N=C2CCC(CN2N1)NCC3=NC(=NO3)C=4C=CC=NC4,0.542,c1cncc(-c2noc(CNC3CCc4ncnn4C3)n2)c1
XS400444b,CC1=NNC(C)=C1C2CCCCCN2C(=O)NC=3C=CC(C#N)=CC3,1.18,O=C(Nc1ccccc1)N1CCCCCC1c1cn[nH]c1
XS595324b,O=C1CC(CN1C2CCCCCC2)C3=NC(=NO3)C=4C=CC(F)=CC4,7.072,O=C1CC(c2nc(-c3ccccc3)no2)CN1C1CCCCCC1
XS837683b,O=C(C=1C=CC2=CN=NN2C1)N3CCCC(C3)OC=4N=CC=CC4F,0.726,O=C(c1ccc2cnnn2c1)N1CCCC(Oc2ccccn2)C1
XS846204a,CC1=CC(C)=NN1CC2CCCCN2C(=O)C3=CC=C(C)N(C)C3=O,4.976,O=C(c1ccc[nH]c1=O)N1CCCCC1Cn1cccn1
XS836783b,COC=1C=C(OC)C(=C(C1)OC)C2NS(=O)(=O)N=C3CCCN32,2.792,O=S1(=O)N=C2CCCN2C(c2ccccc2)N1
XS839571b,CN(CC=1C=COC1)S(=O)(=O)CC2CCC3(CCOCC3)CO2,1.804,O=S(=O)(CC1CCC2(CCOCC2)CO1)NCc1ccoc1
XS846207a,CC1=NC(=CS1)C=2C=CC=CC2NC(=O)NC3CCC(=O)N(C)C3,1.86,O=C1CCC(NC(=O)Nc2ccccc2-c2cscn2)CN1
XS846206a,CC=1C=C(C)N(N1)C=2C=CC(=CC2)C(=O)OCC(=O)NC(C)C(C)C,0.622,c1ccc(-n2cccn2)cc1
XS722878b,CC1=CC(C)=NN1C=2C=CC(=CC2)CC(=O)NC3CCCCNC3=O,1.614,O=C(Cc1ccc(-n2cccn2)cc1)NC1CCCCNC1=O
XS846203a,CC(=O)NCCC(=O)NC1CCCOC=2C(Cl)=C(Cl)C=CC21,1.492,c1ccc2c(c1)CCCCO2
XS593287b,CC=1C=CC=CC1CN(C)C(=O)CN2C(=O)SC=3CC(C)CCC32,0.626,O=C(Cn1c2c(sc1=O)CCCC2)NCc1ccccc1
XS836613b,CC1=CC(C)=NN1CC(=O)NNC(=O)C2CC=3C=CC=CC3C(=O)O2,1.428,O=C(Cn1cccn1)NNC(=O)C1Cc2ccccc2C(=O)O1
XS846209a,CN1N=CC=2C(=O)NC(CN3CCOC=4C=CC=CC4C3CO)=NC21,2.082,O=c1[nH]c(CN2CCOc3ccccc3C2)nc2[nH]ncc12
XS837961b,CC(CNC=1C(F)=CN=CC1Cl)C=2C=CC(=CC2)S(C)(=O)=O,0.388,c1ccc(CCNc2ccncc2)cc1
XS846214a,O=C(NC=1C=CC=CC1)C(=O)NC2CCN(C2)C=3C=CC(F)=CC3F,0.89,O=C(Nc1ccccc1)C(=O)NC1CCN(c2ccccc2)C1
XS840154b,C=1C=C2C(CCCN2N1)NC=3N=CN=C4C3N=NN4CC=5C=CC=CC5,0.64,c1ccc(Cn2nnc3c(NC4CCCn5nccc54)ncnc32)cc1
XS768800b,COC1CCCCN(CC(=O)NC2=NC=3C=C(F)C=CC3N2C)C1=O,8.586,O=C(CN1CCCCCC1=O)Nc1nc2ccccc2[nH]1
XS846218a,CC1CC=2C=CC=CC2N1C(=O)C=3C=CC(Cl)=C(C3)S(C)(=O)=O,1.334,O=C(c1ccccc1)N1CCc2ccccc21
XS840991b,CC(C=1C=CC(=CC1)S(N)(=O)=O)N(C)C2=NC=3C=CC=CC3S2,0.926,c1ccc(CNc2nc3ccccc3s2)cc1
XS840441b,O=C1C=2C=CC=CC2N(CC3=NC(=NO3)C4CCOC4)C=5C=CC=CC15,0.808,O=c1c2ccccc2n(Cc2nc(C3CCOC3)no2)c2ccccc12
XS842039b,CN1C=NN=C1C2CCCN(C2)C(=O)C=3C=C(Cl)C=4OCOC4C3,13.632,O=C(c1ccc2c(c1)OCO2)N1CCCC(c2nnc[nH]2)C1
XS836472b,O=C(NCC1CC(=NO1)C(F)(F)F)C=2N=C(N=CC2Cl)C3CC3,0.464,O=C(NCC1CC=NO1)c1ccnc(C2CC2)n1
XS846232a,CC(NC(=O)C1CCCC1)C(=O)NCCC=2C=CC(=CC2)N3C=CC=N3,2.376,O=C(CNC(=O)C1CCCC1)NCCc1ccc(-n2cccn2)cc1
XS846234a,CC(C(=O)NC1=NC=CS1)N2CCN(CC2)C(=O)C3CCCCC3,1.474,O=C(CN1CCN(C(=O)C2CCCCC2)CC1)Nc1nccs1
XS162275b,CC(OC=1C=CC=2C=CC(=O)OC2C1)C(=O)NC=3C=CC(=CC3)C(N)=O,2.99,O=C(COc1ccc2ccc(=O)oc2c1)Nc1ccccc1
XS846226a,CC(OC(=O)C=1C=CC=2OCOC2C1)C(=O)NC=3C=CC=4OCOC4C3,1.102,O=C(COC(=O)c1ccc2c(c1)OCO2)Nc1ccc2c(c1)OCO2
XS846229a,CC=1C=CC(Cl)=CC1NC(=O)C2CC(=O)N(CCC=3C=CC=CC3)C2,2.33,O=C(Nc1ccccc1)C1CC(=O)N(CCc2ccccc2)C1
XS669016b,CN(CC=1C=CC=NC1)C(=O)C2CCCN(C2)C(=O)CC=3C=CC=CC3,10.516,O=C(NCc1cccnc1)C1CCCN(C(=O)Cc2ccccc2)C1
XS754664b,CC1=NN=C2CN(C(=O)C=3C=CC(C)=C(Cl)C3F)C(CN12)C(N)=O,1.218,O=C(c1ccccc1)N1CCn2cnnc2C1
XS838477b,O=C(NC=1C=CC(=CC1F)C=2C=CC=CC2)N3CCCC3C=4N=NNN4,3.578,O=C(Nc1ccc(-c2ccccc2)cc1)N1CCCC1c1nn[nH]n1
XS846230a,COC=1C=C(Cl)C(C)=CC1NC(C)C(=O)NC2=NC(C)=C(C)S2,1.334,O=C(CNc1ccccc1)Nc1nccs1
XS658325b,NC(=O)C(NC(=O)C=1C=NN(C1)C=2C=CC=CC2Cl)C=3C=CC=CC3,0.526,O=C(NCc1ccccc1)c1cnn(-c2ccccc2)c1
XS846222a,C=1N=CN(CCSC2=NC=C(C=3C=CC=CC3)N2CC4CCCO4)N1,0.482,c1ccc(-c2cnc(SCCn3cncn3)n2CC2CCCO2)cc1
XS419635b,CC=1C=CC=C(C1)C(=O)NC(C)C(=O)NC=2C=CC(=NC2)N3CCCC3,1.082,O=C(CNC(=O)c1ccccc1)Nc1ccc(N2CCCC2)nc1
XS846235a,CCN(CC)S(=O)(=O)C=1C=CC=C(C1)C(=O)NC2CCCNC2=O,1.176,O=C(NC1CCCNC1=O)c1ccccc1
XS846237a,CN1C(CCNC(=O)C2CC=3C=CC=C(F)C3O2)=NC=4C(F)=CC=CC41,0.818,O=C(NCCc1nc2ccccc2[nH]1)C1Cc2ccccc2O1
XS846240a,COCCN1C(=O)C=2C=CC=CC2NC31C(=O)NC=4C=CC(=CC43)C(C)C,1.218,O=C1NC2(Nc3ccccc31)C(=O)Nc1ccccc12
XS609792b,COC=1C=CC(=C(C1)OC)C(C)NC(=O)NCC=2C=CC=3OCOC3C2,0.736,O=C(NCc1ccccc1)NCc1ccc2c(c1)OCO2
XS846246a,O=C(CC1=CNC=2C=CC=CC12)NC(CN3CCCC3=O)C=4C=CC=CC4,2.862,O=C(Cc1c[nH]c2ccccc12)NC(CN1CCCC1=O)c1ccccc1
XS846250a,CC(NC(=O)CC1=NOC=2C=CC=CC12)C=3C=CC(Br)=CC3,0.888,O=C(Cc1noc2ccccc12)NCc1ccccc1
XS839570b,COC(CNC=1N=CC=CC1C(=O)N2CCC=3C=CC=CC32)C(F)(F)F,1.104,O=C(c1cccnc1)N1CCc2ccccc21
XS742271b,COC=1C=CC=C2CC(COC12)NC(=O)C3=CN(N=N3)C=4C=CC(C)=CC4,0.942,O=C(NC1COc2ccccc2C1)c1cn(-c2ccccc2)nn1
XS846248a,CC=1C=CC=CC1C=2CC(C=3C=CC=C4N=CC=NC34)N(N2)S(C)(=O)=O,2.416,c1ccc(C2=NNC(c3cccc4nccnc34)C2)cc1
XS840795b,CC1=NNC(C)=C1C(C)C(=O)OCC(=O)NC=2C(C)=CC(C)=CC2Cl,2.342,O=C(COC(=O)Cc1cn[nH]c1)Nc1ccccc1
XS839617b,O=C(CC1=CSC=2C=CC(Cl)=CC12)N3CCOCC3C=4N=CON4,0.836,O=C(Cc1csc2ccccc12)N1CCOCC1c1ncon1
XS838860b,CC(F)(F)C=1C=CC=C(CNC(=O)CC2CC(=NO2)C=3C=CC=CC3)N1,0.622,O=C(CC1CC(c2ccccc2)=NO1)NCc1ccccn1
XS846243a,CCN1C(=O)N(CC(O)COC=2C=CC=C3C=CC=CC23)C=4C=CC=CC41,0.854,O=c1[nH]c2ccccc2n1CCCOc1cccc2ccccc12
XS389436b,COC=1C=CC(=CC1)CN(C(=O)NC=2C=CC=CC2)C3CCS(=O)(=O)C3,1.414,O=C(Nc1ccccc1)N(Cc1ccccc1)C1CCS(=O)(=O)C1
XS436165b,O=C(C1CCC(=O)N(C1)C2CC2)N3CCC(CC3)N4N=C(N=C4O)C5CC5,5.776,O=C(C1CCC(=O)N(C2CC2)C1)N1CCC(n2cnc(C3CC3)n2)CC1
XS762709b,CC=1C=C(F)C=CC1C2C(=O)NCCN2C(=O)C3=CSC(CC(C)C)=N3,6.906,O=C1NCCN(C(=O)c2cscn2)C1c1ccccc1
XS134711b,O=C(NC1=NC(=CS1)C2=CC=CS2)C3CC(=O)N(CC4=CC=CO4)C3,1.492,O=C(Nc1nc(-c2cccs2)cs1)C1CC(=O)N(Cc2ccco2)C1
XS838471c,COC=1C=CC(=CC1)CN2C=CN=C2C(=O)NC(C)C=3C=CC=CC3Cl,0.41,O=C(NCc1ccccc1)c1nccn1Cc1ccccc1
XS846253a,CNC(=O)NC(=O)C(C)OC(=O)CCC(=O)N1CCC(=N1)C=2C=CC=CC2,2.294,c1ccc(C2=NNCC2)cc1
XS846254a,O=C(C1=CNN=C1C2=CC=3C=CC=CC3O2)N4CCOC5(CCCOC5)C4,3.78,O=C(c1c[nH]nc1-c1cc2ccccc2o1)N1CCOC2(CCCOC2)C1
XS738634b,CC(C(=O)NC(=O)NC1CC1)N2CCC(CC2)C3=NC=4C=CC=CC4S3,0.966,O=C(CN1CCC(c2nc3ccccc3s2)CC1)NC(=O)NC1CC1
XS846252a,COCCN1C=C2CCCC(NC(=O)CC3=CNC=4C(C)=CC=CC34)C2=N1,0.888,O=C(Cc1c[nH]c2ccccc12)NC1CCCc2c[nH]nc21
XS837927b,CC1=NN(C)C(C)=C1NC(=O)C(C)OC=2C=CC=C(C=3C=CC=NC3)C2F,1.828,O=C(COc1cccc(-c2cccnc2)c1)Nc1cn[nH]c1
XS838802b,CN1C(=O)C=CC2=C1CCCC2NC=3C=CC(=CC3)S(=O)(=O)C(F)F,1.662,O=c1ccc2c([nH]1)CCCC2Nc1ccccc1
XS837929b,CN1N=C(C=C1OC(F)F)C(=O)NC2CS(=O)(=O)CC=3C=CC=CC32,0.788,O=C(NC1CS(=O)(=O)Cc2ccccc21)c1cc[nH]n1
XS832111b,O=C(CN1C(=O)OC=2C=CC=CC21)N(C=3C=CC=CC3)C4CCS(=O)(=O)C4,22.394,O=C(Cn1c(=O)oc2ccccc21)N(c1ccccc1)C1CCS(=O)(=O)C1
XS846262a,CC(C)(C)N1N=C(C=C1C2CC2)C(=O)N3CCCC3C=4C=CC=5OCOC5C4,1.306,O=C(c1cc(C2CC2)[nH]n1)N1CCCC1c1ccc2c(c1)OCO2
XS603330b,NC(=O)C1CN(C(=O)CCCN2C(=O)OC=3C=CC=CC32)C=4C=CC=CC4O1,1.732,O=C(CCCn1c(=O)oc2ccccc21)N1CCOc2ccccc21
XS846268a,COC=1C=C2CCN(CC2=CC1OC)C3CC(=O)N(C3=O)C=4C=CC=CC4F,2.134,O=C1CC(N2CCc3ccccc3C2)C(=O)N1c1ccccc1
XS846271a,CCOC(=O)C1CCCN(C1)C(=O)CN2C=NC=3C=CC(Cl)=CC3C2=O,3.51,O=C(Cn1cnc2ccccc2c1=O)N1CCCCC1
XS421434b,CC=1N=C(NC(=O)C1CC(=O)NC(C)CCC=2C=CC=CC2)C=3C=CC=CN3,1.016,O=C(Cc1cnc(-c2ccccn2)[nH]c1=O)NCCCc1ccccc1
XS846274a,COC=1C=CC(OC)=C(C1)C(C)NC(=O)CCC=2C(C)=NC3=NC=NN3C2C,0.784,O=C(CCc1cnc2ncnn2c1)NCc1ccccc1
XS841330b,O=C(CN1C(=O)CCCC=2C=CC=CC21)NC(CO)COCC=3C=CC=CC3,0.402,O=C(CN1C(=O)CCCc2ccccc21)NCCOCc1ccccc1
XS846265a,CCOC=1C=CC(=CC1)C2=NC(=CS2)CSC(C)C(=O)NC(C)(C)C,0.562,c1ccc(-c2nccs2)cc1
XS846272a,CCOC=1C=CC(=CC1)OCCC(=O)NC(C)C=2C=CC(=CC2)N3C=NC=N3,1.296,O=C(CCOc1ccccc1)NCc1ccc(-n2cncn2)cc1
XS846266a,O=C(C1CCCN(C1)C(=O)N2CCCC2)N3CCN(CC=4C=CC=CC4)CC3,1.182,O=C(C1CCCN(C(=O)N2CCCC2)C1)N1CCN(Cc2ccccc2)CC1
XS846273a,COC=1C=C(OC)C=2SC(=NC2C1)NC(=O)C=3C=CC=4CNC(C)CC4C3,15.37,O=C(Nc1nc2ccccc2s1)c1ccc2c(c1)CCNC2
XS846269a,CN(C(=O)CSC1=NC=2C=C(Cl)C=CC2N1C)C3CCS(=O)(=O)C3,5.194,O=C(CSc1nc2ccccc2[nH]1)NC1CCS(=O)(=O)C1
XS846261a,CCN(CC)C(=O)C=1C=CC=C(C1)NC(=O)CN2C=3C=CC=CC3CCC2C,1.992,O=C(CN1CCCc2ccccc21)Nc1ccccc1
XS465179b,CCNS(=O)(=O)C=1C=CC(C)=C(C1)C(=O)N2CCCCC2C3=CC=NN3C,1.108,O=C(c1ccccc1)N1CCCCC1c1ccn[nH]1
XS846280a,CC=1C=C(N(C)N1)N2CCCC(C2=O)N3CCN(CC3)C(=O)C=4C=CC(C)=CN4,7.986,O=C(c1ccccn1)N1CCN(C2CCCN(c3ccn[nH]3)C2=O)CC1
XS010903d,COC=1C=C(C=C(Cl)C1OC)C(=O)OC(C)C(=O)N2CCC=3C=CC=CC32,2.832,O=C(OCC(=O)N1CCc2ccccc21)c1ccccc1
XS846282a,COC=1C=CC(=C(C1)OC)C2CC(=NN2C(=O)CCC(=O)O)C=3C=CC=C(C)C3,3.434,c1ccc(C2=NNC(c3ccccc3)C2)cc1
XS839743b,CC1=NN=C(O1)C2COCCN2S(=O)(=O)C=3C=CC4=C(C3)N(C)C(=O)N4C,4.044,O=c1[nH]c2ccc(S(=O)(=O)N3CCOCC3c3nnco3)cc2[nH]1
XS838588b,CC=1C=CC2=CC=3CC4(C(=O)N(C)C(=O)N(C)C4=O)C5CCCCN5C3N=C2C1,1.352,O=C1NC(=O)C2(Cc3cc4ccccc4nc3N3CCCCC32)C(=O)N1
XS846277a,O=C(O)C1CC=2C=CC=CC2CN1C(=O)C3CCN(CC3)C=4C=CC(Cl)=CN4,1.862,O=C(C1CCN(c2ccccn2)CC1)N1CCc2ccccc2C1
XS846284a,CC(NC(=O)C=1C=COC1)C(=O)NCC=2C=CC(=CC2)C(=O)N3CCCCCC3,0.794,O=C(CNC(=O)c1ccoc1)NCc1ccc(C(=O)N2CCCCCC2)cc1
XS565669b,O=C(CC1CCOC=2C=CC=CC21)N3CCN(CC3)C(=O)C=4C=CC=C(Cl)C4,2.59,O=C(CC1CCOc2ccccc21)N1CCN(C(=O)c2ccccc2)CC1
XS839992b,COC=1C=CC(=CC1S(C)(=O)=O)NC(=O)N2CC(CC=3C=CC=CC32)OC,1.432,O=C(Nc1ccccc1)N1CCCc2ccccc21
XS846283a,OCC(CNC=1C=CN2N=CC(Br)=C2N1)CC=3C=CC=CC3Cl,0.56,c1ccc(CCCNc2ccn3nccc3n2)cc1
XS846287a,CC1=NN(C(C)=C1CC(=O)N(C)CC2COC=3C=CC=CC3O2)C=4C=CC=CC4,0.918,O=C(Cc1cnn(-c2ccccc2)c1)NCC1COc2ccccc2O1
XS395515b,COC=1C=CC(=NN1)N2N=CC(C(=O)NC(C)C=3C=CC(F)=CC3)=C2C(F)(F)F,0.888,O=C(NCc1ccccc1)c1cnn(-c2cccnn2)c1
XS846289a,COC(=O)CC(NC(=O)CCC=1C(C)=NC2=NC=NN2C1C)C=3C=CC(Cl)=CC3,2.768,O=C(CCc1cnc2ncnn2c1)NCc1ccccc1
XS840455b,COC1=CC(OC)=C(Cl)C=C1NC(=O)COC(=O)CC2CCS(=O)(=O)C2,0.77,O=C(COC(=O)CC1CCS(=O)(=O)C1)Nc1ccccc1
XS839648b,CC1CCCCN1S(=O)(=O)C=2C=CC(=CC2)C(=O)NC=3N=C4N=CC=CN4N3,1.708,O=C(Nc1nc2ncccn2n1)c1ccc(S(=O)(=O)N2CCCCC2)cc1
XS846298a,O=C(NC=1C=CC=2C(=O)N(CC2C1)C3CCC(=O)NC3=O)C=4NN=CC4C5CCC5,7.702,O=C1CCC(N2Cc3cc(NC(=O)c4[nH]ncc4C4CCC4)ccc3C2=O)C(=O)N1
XS514853b,CN1N=C2CCCCC2=C1C(=O)N3CCCC(C3)NC=4C=CC=C(Br)C4,0.946,O=C(c1[nH]nc2c1CCCC2)N1CCCC(Nc2ccccc2)C1
XS715959b,COC=1C=CC(=CC1)C2CCCN2C(=O)CN(C)S(=O)(=O)C=3C=CC(Cl)=CC3,1.538,O=C(CNS(=O)(=O)c1ccccc1)N1CCCC1c1ccccc1
XS836776b,COC=1C=CC(Br)=CC1CN(C)C(=O)C(C)N2C=NC=3C=CC=CC32,0.696,O=C(Cn1cnc2ccccc21)NCc1ccccc1
XS846294a,COC=1C=CC=C(C1)C2CCCN2C(=O)CSC=3N=C(C)C(C)=C(C)C3C(N)=O,2.914,O=C(CSc1ccccn1)N1CCCC1c1ccccc1
XS846296a,CCOC(=O)C1=C(CN(C)CC(=O)NC=2C=CC(F)=C(F)C2F)NC(=O)NC1C,3.79,O=C(CNCC1=CCNC(=O)N1)Nc1ccccc1
XS569383b,CC=1C=CC=CC1C2(CCOCC2)C(=O)NC3CCCN(C3=O)C=4C=CC=CC4F,2.328,O=C1C(NC(=O)C2(c3ccccc3)CCOCC2)CCCN1c1ccccc1
XS838007b,O=C(O)C=1C=NN(C1)C2CCCN(C2)C(=O)C3(CCOCC3)C=4C=CC=C(Cl)C4,0.716,O=C(N1CCCC(n2cccn2)C1)C1(c2ccccc2)CCOCC1
XS846292a,CC1=CC(=NO1)NC(=O)C(C)SCC(=O)NC=2C=CC=CC2N3CCCCC3,0.928,O=C(CSCC(=O)Nc1ccccc1N1CCCCC1)Nc1ccon1
XS836876b,CC1CCN(CC2=NN=NN2C=3C=CC(=CC3)S(C)(=O)=O)C=4C=C(Cl)C=CC4S1,0.724,c1ccc(-n2nnnc2CN2CCCSc3ccccc32)cc1
XS846306a,COC(=O)CC1C2=CC(OC)=C(C=C2CCN1CC3=NC(=NO3)C=4C=CC=CN4)OC,4.826,c1ccc(-c2noc(CN3CCc4ccccc4C3)n2)nc1
XS841774b,CN1N=NN=C1C=2C=CC=C(C2)NCC(=O)N(C=3C=CC=CC3)C4CCS(=O)(=O)C4,2.4,O=C(CNc1cccc(-c2nnn[nH]2)c1)N(c1ccccc1)C1CCS(=O)(=O)C1
XS842636b,CC(C)N1N=CC=2C=C(C=NC21)NC(=O)C(C=3C=CC(Cl)=CC3Cl)N4CCOCC4,0.554,O=C(Nc1cnc2[nH]ncc2c1)C(c1ccccc1)N1CCOCC1
XS846310a,CC1=CC(C)=NN1CCCNC(=O)C(CC(C)C)NC(=O)C=2C=CC(Cl)=CC2Cl,1.936,O=C(CNC(=O)c1ccccc1)NCCCn1cccn1
XS846308a,CC=1C=CC=C(NC(=O)CN(C)C(=O)C2CC(=O)N(CC=3C=CC=CC3Cl)C2)C1C,2.482,O=C(CNC(=O)C1CC(=O)N(Cc2ccccc2)C1)Nc1ccccc1
XS846313a,CC(NC(=O)C1CC1)C(=O)N2CCN(CC2)S(=O)(=O)C3=CC=CC4=NSN=C34,3.612,O=C(NCC(=O)N1CCN(S(=O)(=O)c2cccc3nsnc23)CC1)C1CC1
XS846305a,O=C(C1CCCN1S(=O)(=O)C=2C=CC(F)=CC2)N3CCC(CC3)C4=CNC=5C=CC=CC45,1.048,O=C(C1CCCN1S(=O)(=O)c1ccccc1)N1CCC(c2c[nH]c3ccccc23)CC1
XS837736b,COCCN1C(=NN=C1N2CCC3(C2)C(=O)NC=4C=CC=CC43)C=5C=NC=6ON=C(C)C6C5,3.544,O=C1Nc2ccccc2C12CCN(c1nnc(-c3cnc4oncc4c3)[nH]1)C2
XS171199b,CCN1CC(CN(C)C(=O)CCC2=NC3=C(C=NN3C=4C=CC=CC4)C(=O)N2)OC=5C=CC=CC51,1.004,O=C(CCc1nc2c(cnn2-c2ccccc2)c(=O)[nH]1)NCC1CNc2ccccc2O1
XS846311a,COC=1C=CC(=CC1)C2=NOC(CN3CCN(CC3)C(=O)C=4CC(C(N)=O)N(N4)C=5C=CC(F)=CC5)=N2,4.648,O=C(C1=NN(c2ccccc2)CC1)N1CCN(Cc2nc(-c3ccccc3)no2)CC1
XS839777b,CC(CCO)NC(=O)C=1C(O)=CC=CC1F,0.414,c1ccccc1
XS846330a,CC1=CC(=NN1)NC(=O)C(C)OC=2C=CC=CC2,0.484,O=C(COc1ccccc1)Nc1cc[nH]n1
XS840450b,CCC1(C)NC(=O)C=2C=CC=CC2NC1=O,1.862,O=C1CNC(=O)c2ccccc2N1
XS846325a,CCCC(C)NC(=O)NCC=1C=CC=CC1OC,0.466,c1ccccc1
XS838526b,CC1=NSC(=N1)N2CCOCC2CC(F)F,0.604,c1nsc(N2CCOCC2)n1
XS846322a,CC(C(=O)N1CCNC(=O)CC1)C=2C=CC=CC2,0.87,O=C1CCN(C(=O)Cc2ccccc2)CCN1
XS846344a,CC(=O)NC(CC(=O)NC(C)C)C=1C=CC(C)=CC1,2.102,c1ccccc1
XS846337a,COCC(C)NC(=O)C1=CN=C2SC=CN2C1=O,2.798,O=c1ccnc2sccn12
XS739460b,CN1CCC(NC(=O)CC=2C=CC=C(Cl)C2)C1=O,1.57,O=C(Cc1ccccc1)NC1CCNC1=O
XS846333a,CC(NC=1C=CC=2OCCOC2C1)C(=O)NC(N)=O,0.764,c1ccc2c(c1)OCCO2
XS840525b,CCCC1=NN=C(NC2CCN(C2=O)C(C)C)S1,4.368,O=C1NCCC1Nc1nncs1
XS842698b,O=C(NC1CC21CCC2)N3CC(CC4=CC=CO4)C3,0.928,O=C(NC1CC12CCC2)N1CC(Cc2ccco2)C1
XS846342a,CC=1C=C(NC(C)C=2C=CC=CC2F)N3N=CN=C3N1,1.002,c1ccc(CNc2ccnc3ncnn23)cc1
XS697141b,CC=1C=NC(=CN1)C(=O)NC(C)C2=NN=C3C=CC=CN23,0.998,O=C(NCc1nnc2ccccn12)c1cnccn1
XS846354a,CC(NC(=O)C=1C=CC(=O)NN1)C=2C=C(F)C=CC2F,0.87,O=C(NCc1ccccc1)c1ccc(=O)[nH]n1
XS846357a,O=C(NC1=NC=2C=CC=CC2S1)C3CCC(=O)NC3,1.26,O=C1CCC(C(=O)Nc2nc3ccccc3s2)CN1
XS846360a,CCN(CC1CCOC1)C(=O)NC=2C=CC=NC2OC,0.78,O=C(NCC1CCOC1)Nc1cccnc1
XS665770b,NC(=O)C1(O)CCCN(C1)C(=O)CC=2C=CC=C(F)C2,12.74,O=C(Cc1ccccc1)N1CCCCC1
XS846352a,CC1=NOC=2N=CN=C(C12)N3CCC4(CNC(=O)C4)C3,3.058,O=C1CC2(CCN(c3ncnc4oncc34)C2)CN1
XS846346a,CC(C)N1C=NC(=C1)S(=O)(=O)NC2CCCC2(C)C,0.976,O=S(=O)(NC1CCCC1)c1c[nH]cn1
XS500372b,CC=1C=NN(C1)CC2CN(CCO2)C=3C=C(C#N)C=CN3,0.582,c1ccc(N2CCOC(Cn3cccn3)C2)nc1
XS846349a,CCC(C#N)NC(=O)C=1C=CC(=O)N(C1)C=2C=NN(C)C2,1.064,O=c1ccccn1-c1cn[nH]c1
XS846348a,CC(NC(=O)C=1C=CN(N1)C2CCCC2)C=3N=CON3,0.83,O=C(NCc1ncon1)c1ccn(C2CCCC2)n1
XS846353a,CCNC(=O)C(C)NC1=NS(=O)(=O)C=2C=CC=CC12,0.956,O=S1(=O)N=Cc2ccccc21
XS838070b,CC(C)OC1(CNC2=NC=CN3N=NN=C23)CCOC1,7.908,c1cn2nnnc2c(NCC2CCOC2)n1
XS582619b,COC=1C=CC(=CC1)S(=O)(=O)NC(C(N)=O)C(C)C,0.452,c1ccccc1
XS846368a,CC1=CC(=NO1)NC(=O)C(C)SC2=NC=CN2C3CC3,0.522,O=C(CSc1nccn1C1CC1)Nc1ccon1
XS842151b,COC(=O)C1CC=2C(C)=CC=CC2N1CC3=CSN=N3,0.728,c1ccc2c(c1)CCN2Cc1csnn1
XS846365a,CC1=NN(C)C(C)=C1C2CCCN2C3=NC=4C=CC=CC4O3,2.426,c1ccc2oc(N3CCCC3c3cn[nH]c3)nc2c1
XS604196b,CC(C)C(=O)N1CCCC1C(=O)NC=2C=C(F)C=CC2F,1.048,O=C(Nc1ccccc1)C1CCCN1
XS842474b,CNC(=O)NC(=O)C(C)N1C(=O)C2=CC=CC3=CC=CC1=C23,1.778,O=C1Nc2cccc3cccc1c23
XS846363a,O=C(CCC1=NC=CS1)N2CCCC(C2)N3C=CC=N3,0.414,O=C(CCc1nccs1)N1CCCC(n2cccn2)C1
XS841776b,CC=1C=CC=C(C1)S(=O)(=O)CC2CCC3=NN=CN3C2,6.946,O=S(=O)(CC1CCc2nncn2C1)c1ccccc1
XS846374a,CC(C(=O)N(C)C1CCCCC1)S(=O)(=O)C2CCCC2,1.154,O=C(CS(=O)(=O)C1CCCC1)NC1CCCCC1
XS463189b,CC1COCCN(C1)C(=O)C=2C=CC(=CC2)N3CCCCC3,1.276,O=C(c1ccc(N2CCCCC2)cc1)N1CCCOCC1
XS809258b,CC1=CC(=NO1)C2CCCN2CC(=O)NC=3C=CC=CC3C,2.65,O=C(CN1CCCC1c1ccon1)Nc1ccccc1
XS708563b,CC(OC=1C=CC(=CC1)CC(=O)O)C(=O)NC2CCCCC2,4.236,O=C(COc1ccccc1)NC1CCCCC1
XS846381a,CC(C)CNC(=O)NC(C)C=1C=CC=CC1Br,0.406,c1ccccc1
XS846390a,CC1=NSC(N)=C1C(=O)OC(C)C(=O)NC=2C=CC=CC2,0.51,O=C(COC(=O)c1cnsc1)Nc1ccccc1
XS846377a,CN(C1CCN(C1=O)C=2C=CC=CC2Cl)S(C)(=O)=O,0.932,O=C1CCCN1c1ccccc1
XS576944b,COCC1(CCCN1CC=2C=CC(Cl)=CC2F)C(N)=O,1.03,c1ccc(CN2CCCC2)cc1
XS846378a,CC1C=2C=CSC2CCN1C(=O)C=3C=CC=4OCOC4C3,0.85,O=C(c1ccc2c(c1)OCO2)N1CCc2sccc2C1
XS846394a,CC(NC(=O)N1CCOCC1)C=2C=CC=3OCCCOC3C2,0.504,O=C(NCc1ccc2c(c1)OCCCO2)N1CCOCC1
XS837478b,NC1=NNC=C1C(=O)NC(CO)C=2C(Cl)=CC=CC2Cl,1.19,O=C(NCc1ccccc1)c1cn[nH]c1
XS839958b,CC(C)(C)C1=NOC(CCC(=O)N2CCC3(CCOC3)C2)=N1,0.894,O=C(CCc1ncno1)N1CCC2(CCOC2)C1
XS841722b,C=C1C=2C=CC=CC2C(=O)N1C(C)C(=O)N=C3SC=CN3C,0.724,C=C1c2ccccc2C(=O)N1CC(=O)N=c1[nH]ccs1
XS840456b,CC1=NN(C)C(C)=C1C(=O)OC(C)C(=O)NC(=O)NC2CC2,1.08,O=C(COC(=O)c1cn[nH]c1)NC(=O)NC1CC1
XS450896b,O=C(C=1ON=C2CCCCC12)N3CCCC3CC=4C=CC=CC4,1.388,O=C(c1onc2c1CCCC2)N1CCCC1Cc1ccccc1
XS837300b,CN1N=CC=C1C=2C=CC(=NN2)NCC3CC(=O)N(C3)C4CC4,1.176,O=C1CC(CNc2ccc(-c3ccn[nH]3)nn2)CN1C1CC1
XS839443b,O=C(NCC1COC(=O)N1)C=2C=CC(F)=CC2C(F)(F)F,0.442,O=C1NC(CNC(=O)c2ccccc2)CO1
XS606791b,O=C(CCOC=1C=CC=C(F)C1)N2CCCC(C2)C3=CC=NN3,0.716,O=C(CCOc1ccccc1)N1CCCC(c2ccn[nH]2)C1
XS781778b,CC1=NC2=C(CCCC2CNC(=O)C=3SC=CC3C#N)S1,0.624,O=C(NCC1CCCc2scnc21)c1cccs1
XS846399a,CCCN1C(=O)N(CC(=O)NCC2CCCO2)C=3C=CC=CC31,0.846,O=C(Cn1c(=O)[nH]c2ccccc21)NCC1CCCO1
XS789581b,O=C(C1=NNC(=O)C=2C=CC=CC12)N3CCCC3C=4C=CC=NC4,4.99,O=C(c1n[nH]c(=O)c2ccccc12)N1CCCC1c1cccnc1
PK018203c,NC(=O)C1C=2C=CC=CC2CCN1C(=O)C=3C=CC=C4C=CNC34,7.134,O=C(c1cccc2cc[nH]c12)N1CCc2ccccc2C1
XS584627b,NC(=O)CCC1CCCN(C1)C(=O)C=2C=CC=3N=CSC3C2,4.454,O=C(c1ccc2ncsc2c1)N1CCCCC1
XS846404a,COC=1C=CC(=CC1)C=2C=C(NN2)C(=O)N(C)CC(O)C3CC3,0.758,O=C(NCCC1CC1)c1cc(-c2ccccc2)n[nH]1
XS838073b,COC(=O)C1CC=2NN=CC2N(C1)C(=O)CC=3C=CC=C(O)C3,0.53,O=C(Cc1ccccc1)N1CCCc2[nH]ncc21
XS846420a,COC1CC=2C=CC(=CC2C1)NC(=O)C=3C=CC(=CC3)OC(C)C,1.008,O=C(Nc1ccc2c(c1)CCC2)c1ccccc1
XS842538b,CC=1C=CN2C=C(CNS(=O)(=O)N(C)C(C)C3CC3)N=C2C1,0.584,O=S(=O)(NCc1cn2ccccc2n1)NCC1CC1
XS846416a,COC=1C=CC(NC(C)C2=NN=C(O2)C=3C=CC=CC3)=C(C1)OC,0.74,c1ccc(NCc2nnc(-c3ccccc3)o2)cc1
XS745376b,CCC(NC(=O)C1=CC(=CNC1=O)C(F)(F)F)C=2C=CC=CC2,1.064,O=C(NCc1ccccc1)c1ccc[nH]c1=O
XS795948b,O=C(C=1C=CC=CC1Cl)N2CCN(CC2)C(=O)C3CCCO3,1.3,O=C(c1ccccc1)N1CCN(C(=O)C2CCCO2)CC1
XS815047b,CC(OC(=O)C=1SC=2C=CC=CC2C1Cl)C(=O)NC3CC3,1.818,O=C(COC(=O)c1cc2ccccc2s1)NC1CC1
XS846422a,CC(NC(=O)C1=CN(CC=2C=CC=CC2)N=N1)C=3C=CC(F)=CC3,0.782,O=C(NCc1ccccc1)c1cn(Cc2ccccc2)nn1
XS846418a,CCC=1C=C(N=C(N1)C=2C=CC=CN2)NC3CCN(C3=O)C4CC4,0.386,O=C1C(Nc2ccnc(-c3ccccn3)n2)CCN1C1CC1
XS840274b,O=C(CNC1CCCN2N=CN=C12)NC=3C=CC=C4C=CC=CC34,0.772,O=C(CNC1CCCn2ncnc21)Nc1cccc2ccccc12
XS846433a,COCC=1C=CC=CC1CNC(=O)NC2CCCC3=C2C=NN3C,0.83,O=C(NCc1ccccc1)NC1CCCc2[nH]ncc21
XS842562b,CN1C(=O)OCC1C(=O)NC=2C=CC=CC2C3=NC(=NO3)C4CC4,5.354,O=C1NC(C(=O)Nc2ccccc2-c2nc(C3CC3)no2)CO1
XS846430a,CC(NC(=O)NCC1=CC=CS1)C=2C=CC=3OCC(=O)NC3C2,0.716,O=C1COc2ccc(CNC(=O)NCc3cccs3)cc2N1
XS846434a,COC=1C=CC(=CN1)NC(=O)NC2CCCN(C2)C=3N=CC=CN3,3.208,O=C(Nc1cccnc1)NC1CCCN(c2ncccn2)C1
XS846435a,CCN(CC1CCCO1)C(=O)CN2N=C(C)C=3C=CC=CC3C2=O,0.726,O=C(Cn1ncc2ccccc2c1=O)NCC1CCCO1
XS608968b,O=C1C(CCN1C=2C=CC=CC2)SC3=NC(=O)C=CN3C4CC4,3.73,O=C1C(Sc2nc(=O)ccn2C2CC2)CCN1c1ccccc1
XS839482b,O=C(NC1=C2CCCC2=CC=3CCCC13)NC4CC54CCOCC5,0.466,O=C(Nc1c2c(cc3c1CCC3)CCC2)NC1CC12CCOCC2
XS671935b,COC=1C=C(C=C(C1)C(=O)N2CCC(C2)NC=3C=CC=CC3)OC,0.604,O=C(c1ccccc1)N1CCC(Nc2ccccc2)C1
XS846429a,CCOC=1N=CC=CC1C2=NOC(=N2)C(NC(C)=O)C3CCCC3,1.254,c1cncc(-c2noc(CC3CCCC3)n2)c1
XS841815b,CC(C)OC=1C=CC(=CC1)C(C)NC(=O)C=2N=CC=NC2C(N)=O,1.112,O=C(NCc1ccccc1)c1cnccn1
XS846428a,CC(NC=1C=CC=C(C1)C(N)=O)C(=O)N(C)CC=2C=CC=C(F)C2,1.008,O=C(CNc1ccccc1)NCc1ccccc1
XS476825b,CC(NC=1C=CC=2NC(=O)CCC2C1)C3=NC=C(O3)C=4C=CC=CC4,0.676,O=C1CCc2cc(NCc3ncc(-c4ccccc4)o3)ccc2N1
XS839221b,COC1=CC(=NC(=N1)C2=CN(N=N2)C(C)C=3C=CC=C(C#N)C3)OC,2.19,c1ccc(Cn2cc(-c3ncccn3)nn2)cc1
XS838491b,O=S(=O)(C=1C=CC=C2OCOC12)N3CCCC(C3)C4=CNN=N4,0.792,O=S(=O)(c1cccc2c1OCO2)N1CCCC(c2c[nH]nn2)C1
XS846439a,COC(=O)CC(NC(=O)CC1=CC=CC(=C1)OC)C2=CC=CS2,1.042,O=C(Cc1ccccc1)NCc1cccs1
XS619601b,O=C(CCC=1C=CC(Cl)=CC1)N2CCCC(C2)C3=NC(=O)NN3,0.674,O=C(CCc1ccccc1)N1CCCC(c2nc(=O)[nH][nH]2)C1
XS846443a,CC=1C=CC=CC1CC(=O)NC(C)C=2C=CC(=CC2)S(N)(=O)=O,0.562,O=C(Cc1ccccc1)NCc1ccccc1
XS846438a,CC(C)C=1C=CC(=CC1)C2=NOC(CCC(=O)OC(C)C(N)=O)=N2,0.734,c1ccc(-c2ncon2)cc1
XS573564b,COC=1C=CC(C(=O)N2CCCC(O)(CN3C=CN=N3)C2)=C(F)C1,0.428,O=C(c1ccccc1)N1CCCC(Cn2ccnn2)C1
XS838179b,CN1CC(CCC1=O)NC(=O)NCC=2C=C(Cl)SC2Cl,0.556,O=C1CCC(NC(=O)NCc2ccsc2)CN1
XS839300b,COC(=O)C1(CCN(C1)C=2C=CC=NC2C(=O)OC(C)(C)C)OC,0.752,c1cncc(N2CCCC2)c1
XS842225b,CC=1C=CC=C2NC(C=3C=NC(=NC3)N4CCOCC4)N(C)C(=O)C12,0.884,O=C1NC(c2cnc(N3CCOCC3)nc2)Nc2ccccc21
XS810211b,CC=1C=C(CS(=O)(=O)CC(=O)NC(C)C=2C=CC(F)=CC2)ON1,0.406,O=C(CS(=O)(=O)Cc1ccno1)NCc1ccccc1
XS837214b,CC=1N=C(N=CC1C(=O)N(C)C(C)C2=CC=CS2)C=3C=CC=CC3,0.508,O=C(NCc1cccs1)c1cnc(-c2ccccc2)nc1
XS846448a,CC1=NN=C2C=CC(=CN12)C(=O)N(C(C)C=3C=CC=CC3F)C4CC4,0.778,O=C(c1ccc2nncn2c1)N(Cc1ccccc1)C1CC1
XS846455a,O=C(C=1C=C(NN1)C2=CC=CO2)N3CCCC3CC=4C=CC=C(F)C4,1.016,O=C(c1cc(-c2ccco2)[nH]n1)N1CCCC1Cc1ccccc1
XS838812b,N#CC=1C=CC=C2C=C(C=NC12)OCC(=O)N3CCCC(C3)C(N)=O,0.8,O=C(COc1cnc2ccccc2c1)N1CCCCC1
XS837221b,CC(C(=O)N(C)C)S(=O)(=O)NC1=NOC(CC=2C=CC=CC2)=N1,1.2,c1ccc(Cc2ncno2)cc1
XS846452a,O=C(O)CCC=1C=CC(=CC1)NC(=O)C2CC(=NO2)C=3C=CC=CC3,3.068,O=C(Nc1ccccc1)C1CC(c2ccccc2)=NO1
XS846459a,CN1C=C(C=N1)C2CCCN2C(=O)C3=CSC(=N3)C4=CC=CS4,1.848,O=C(c1csc(-c2cccs2)n1)N1CCCC1c1cn[nH]c1
XS592846b,O=C(C=1C=C(C=CN1)N2C=CC=N2)N(CC3CCCO3)C4CCCC4,3.148,O=C(c1cc(-n2cccn2)ccn1)N(CC1CCCO1)C1CCCC1
XS846464a,CC=1C=C(NC(=O)C2CC(=O)N(C2)C=3C=CC=4OCOC4C3)N(C)N1,5.214,O=C(Nc1ccn[nH]1)C1CC(=O)N(c2ccc3c(c2)OCO3)C1
XS192423c,CN1C(=NC=2C=CC=CC21)C3CC(=O)N(C3)C=4C=CC=C5C=CC=CC45,2.304,O=C1CC(c2nc3ccccc3[nH]2)CN1c1cccc2ccccc12
XS842501b,COCC1(CCC1)S(=O)(=O)NC2COC=3C(=CC=CC3C2)OC,1.584,O=S(=O)(NC1COc2ccccc2C1)C1CCC1
XS828141b,COC=1C=CC(=C(C1)OC)C2CCCN2C3=NN4C=C(C)N=C4S3,0.918,c1ccc(C2CCCN2c2nn3ccnc3s2)cc1
XS846458a,CCN1C=NN=C1CNC(=O)C(C)OC=2C=C(Cl)C=C(Cl)C2,2.654,O=C(COc1ccccc1)NCc1nnc[nH]1
XS841543b,CC(NC(=O)CCN1C=CC=N1)C=2C=CC(=CC2)N3CCCOC3=O,0.56,O=C(CCn1cccn1)NCc1ccc(N2CCCOC2=O)cc1
XS842645b,CN(CC(=O)NC(C)(C)C)C(=O)C1CSCN1C(=O)C(C)(C)C,3.644,C1CSCN1
XS846466a,CC1=CC=C(C(=O)NC(C)CCC=2C=CC(=CC2)OC(C)C)C(=O)N1,0.442,O=C(NCCCc1ccccc1)c1ccc[nH]c1=O
XS846462a,NC(=O)N1CCCC1COC(=O)C=2C=CC=C3C=4CCCCC4NC23,12.38,O=C(OCC1CCCN1)c1cccc2c3c([nH]c12)CCCC3
XS669020b,CC(=O)N1CCC(CN(C)C(=O)NCC=2C=CC(=CC2)C(C)(C)C)C1,0.438,O=C(NCc1ccccc1)NCC1CCNC1
XS837374b,FC=1C(Cl)=CC=CC1CN2CCC(CC=3N=NNN3)C(F)(F)C2,0.854,c1ccc(CN2CCC(Cc3nn[nH]n3)CC2)cc1
XS784675b,CC1=NNC(C)=C1C2COCCN2C(=O)CCC=3C=CC(Cl)=CC3,11.938,O=C(CCc1ccccc1)N1CCOCC1c1cn[nH]c1
XS743241b,CCC(C)NC(=O)C=1C=CC(=CC1)NC(=O)CN2CCCCCC2=O,0.384,O=C(CN1CCCCCC1=O)Nc1ccccc1
XS846472a,CC1=CN=C(NC(=O)C=2CC(C(N)=O)N(N2)C=3C=CC(F)=CC3)S1,2.964,O=C(Nc1nccs1)C1=NN(c2ccccc2)CC1
XS837170b,O=S1(=O)CCC(C1)NCC2=CC=C(O2)C3=NC=4C=CC=CC4S3,3.222,O=S1(=O)CCC(NCc2ccc(-c3nc4ccccc4s3)o2)C1
XS840769b,CCS(=O)(=O)CCN1C=CC(=N1)NC2CCCCC=3C=CC=CC32,0.444,c1ccc2c(c1)CCCCC2Nc1cc[nH]n1
XS846469a,COC=1C=CC(NC(C)C(=O)N(C)CC=2C=CC=C(F)C2)=C(C1)OC,1.396,O=C(CNc1ccccc1)NCc1ccccc1
XS846470a,O=C(CC1COCCN1C(=O)C2=CNC=3N=CC=CC23)C=4C=CC=CC4,1.56,O=C(CC1COCCN1C(=O)c1c[nH]c2ncccc12)c1ccccc1
XS534509b,CC1=CSC(=N1)C2CCCN(C2)C=3C=C(N=CN3)N4CCOCC4,0.348,c1nc(N2CCOCC2)cc(N2CCCC(c3nccs3)C2)n1
XS616644b,COC=1C=CC(CNC(=O)NC(C)C=2C(C)=NN(C)C2C)=C(C1)OC,1.412,O=C(NCc1ccccc1)NCc1cn[nH]c1
XS846484a,CCC(=O)N1CCCC(C1)C(=O)NC=2C=C(OC)C(OC)=C(C2)OC,1.188,O=C(Nc1ccccc1)C1CCCNC1
XS785422b,CC=1C=CC=C(C1C)N2CC(CC2=O)C(=O)NC3=CC=NN3C(C)(C)C,2.32,O=C(Nc1ccn[nH]1)C1CC(=O)N(c2ccccc2)C1
XS719199b,O=S(=O)(NC1CCCN(C1)C=2N=CC=CN2)C=3C(F)=CC=CC3F,0.886,O=S(=O)(NC1CCCN(c2ncccn2)C1)c1ccccc1
XS837910b,COC=1C=CC=2C(N)=NN(C(=O)C3CCOC=4C=CC(Cl)=CC43)C2C1,1.12,O=C(C1CCOc2ccccc21)n1ncc2ccccc21
XS839435b,CC1=NC(C(=O)NC2CCC3=NN=NN3C2)=C(CC=4C=CC=CC4)S1,7.392,O=C(NC1CCc2nnnn2C1)c1ncsc1Cc1ccccc1
XS837503b,COC=1C=CC=2CCN(CC(C)C2C1)C(=O)N3CCCC=4C=CC=NC43,1.272,O=C(N1CCc2ccccc2CC1)N1CCCc2cccnc21
XS837887b,O=C(NCC1=CC=2CCCC2NC1=O)NCC3CCCCS3(=O)=O,1.1,O=C(NCc1cc2c([nH]c1=O)CCC2)NCC1CCCCS1(=O)=O
XS846477a,COC=1C=CC=C(C1)C2=NOC(=N2)C(C)NC(=O)CCCN3C=CC=C3,1.304,O=C(CCCn1cccc1)NCc1nc(-c2ccccc2)no1
XS846480a,CC1=NN(C)C(C)=C1CC(=O)NC(C)C=2C=CC(=CC2)S(N)(=O)=O,0.63,O=C(Cc1cn[nH]c1)NCc1ccccc1
XS584148b,CCCC1C(=O)NCCN1S(=O)(=O)C=2C=CC=C3CC(C)(C)OC23,0.984,O=C1CN(S(=O)(=O)c2cccc3c2OCC3)CCN1
XS846483a,CCN(CC1COC=2C=CC=CC2O1)S(=O)(=O)C=3C=CC(F)=CC3,10.092,O=S(=O)(NCC1COc2ccccc2O1)c1ccccc1
XS837847b,CC1=NN(C)C(C)=C1C(C)C(=O)N2CCN(CC2)C3=NC(N)=NS3,2.166,O=C(Cc1cn[nH]c1)N1CCN(c2ncns2)CC1
XS846479a,CN1N=CC=2C(=CC=NC21)N3CC(COC=4C=CC=CC4)OC(C)(C)C3,1.054,c1ccc(OCC2CN(c3ccnc4[nH]ncc34)CCO2)cc1
XS846482a,CC1=CC=C(S1)C(C)C(=O)N2CCN(CC2)C=3N=CNC4=NC=CC34,1.374,O=C(Cc1cccs1)N1CCN(c2nc[nH]c3nccc2-3)CC1
XS713025b,COC=1C=CC(OC)=C(C1)C(C)NC(=O)C=2C=CC=NC2N3CCCC3,0.53,O=C(NCc1ccccc1)c1cccnc1N1CCCC1
XS846489a,O=C(CNC(=O)C=1C=CC(=CC1)OCC2CCCO2)NCC3=CC=CO3,0.602,O=C(CNC(=O)c1ccc(OCC2CCCO2)cc1)NCc1ccco1
XS839021b,COC=1C=CC=CC1C2=CC(=NO2)C(=O)N3C=4C=CC=CC4CC3C(=O)O,1.034,O=C(c1cc(-c2ccccc2)on1)N1CCc2ccccc21
XS836947b,CC1=NOC(=N1)C=2C=CC=C(C2)NC(=O)NC3CCC=4C=CC=CC4OC3,1.222,O=C(Nc1cccc(-c2ncno2)c1)NC1CCc2ccccc2OC1
XS846491a,O=C(CCN1CCCC1=O)OC2CCC=3NC=4C=CC(Cl)=CC4C3C2,1.932,O=C(CCN1CCCC1=O)OC1CCc2[nH]c3ccccc3c2C1
XS846500a,COC=1C=C(C=C2OCCOC12)C(=O)N3CCCC(C3)C4=NC(C)=NO4,2.868,O=C(c1ccc2c(c1)OCCO2)N1CCCC(c2ncno2)C1
XS846492a,CC1=NN(C=2C=CC(Cl)=CC2)C=3SC(=CC13)C(=O)OC(C)C(N)=O,1.446,c1ccc(-n2ncc3ccsc32)cc1
XS837297b,CC1C=2C=CC=CC2OCCN1CC(=O)NCCN3CCC=4C=CC=CC43,0.368,O=C(CN1CCOc2ccccc2C1)NCCN1CCc2ccccc21
XS841845b,CCCC(=O)N1CSCC1C(=O)N2CCN3CCOC=4C=CC=C2C43,4.194,O=C(C1CSCN1)N1CCN2CCOc3cccc1c32
XS846490a,O=C(NCC=1C=CC=NC1)N2CCC=3C=CC=CC3C2CC=4C=CC=CC4,0.656,O=C(NCc1cccnc1)N1CCc2ccccc2C1Cc1ccccc1
XS742676b,COC=1C=CC=C2NC=C(CC(=O)N3C=4C=CC=CC4N(C)CCC3C)C12,1.054,O=C(Cc1c[nH]c2ccccc12)N1CCCNc2ccccc21
XS837413b,CC(CNC(=O)C1=CC(=CNC1=O)C(F)(F)F)N2CCC=3C=CC=CC32,0.734,O=C(NCCN1CCc2ccccc21)c1ccc[nH]c1=O
XS837970b,CC=1C=CC(=CC1)N2N=C(Br)CC2C(=O)NC=3C=CN(C)N3,2.11,O=C(Nc1cc[nH]n1)C1CC=NN1c1ccccc1
XS846494a,CN1N=NC=2CCC(CC21)C(=O)N3CCCN(CC3)C(=O)C4CCCC4,7.81,O=C(C1CCCC1)N1CCCN(C(=O)C2CCc3nn[nH]c3C2)CC1
XS846497a,CCOC(=O)C=1N=NNC1C2CCCN2C(=O)CC=3C=CC(Cl)=CC3,11.154,O=C(Cc1ccccc1)N1CCCC1c1cnn[nH]1
XS846495a,CCC1CCCCN1C(=O)CSC2=NN=C(O2)C=3SC(C)=NC3C,12.186,O=C(CSc1nnc(-c2cncs2)o1)N1CCCCC1
XS846504a,CNC(=O)NC(=O)C(C)OC(=O)C=1C=CC=C(C1)OCC=2C(C)=NOC2C,0.786,c1ccc(OCc2cnoc2)cc1
XS837726b,CC1CC(CNC(=O)NC=2C=CC(=C(C2)CC3COC3)C(F)(F)F)=NO1,0.754,O=C(NCC1=NOCC1)Nc1cccc(CC2COC2)c1
XS837272b,COC=1C=CC=CC1S(C)(=O)=NC(=O)C=2C=CC(=NC2)C3=CSC=N3,3.648,O=C(N=[SH](=O)c1ccccc1)c1ccc(-c2cscn2)nc1
UB028214b,CC=1C=CC=C(C1)CC(CO)NC(=O)C2=CNN=C2C=3C=CC=C(Cl)C3,0.64,O=C(NCCc1ccccc1)c1c[nH]nc1-c1ccccc1
XS335183b,CC(C)(C)C(=O)N1CCCC(C1)C(=O)NCC=2C=CC=CC2N3C=CN=C3,0.792,O=C(NCc1ccccc1-n1ccnc1)C1CCCNC1
XS846508a,CC(=O)NC(CC(=O)NCC1(CC1)C=2C=CC=CC2)C=3C=CC(Cl)=CC3,2.882,O=C(CCc1ccccc1)NCC1(c2ccccc2)CC1
XS846511a,CC1=C(C=NN1C=2C=CC(F)=CC2)C(=O)NCC3COC=4C=CC=CC4O3,0.924,O=C(NCC1COc2ccccc2O1)c1cnn(-c2ccccc2)c1
XS846509a,COC=1C=CC(=CC1S(=O)(=O)N(C)C)C(=O)N2C=3C=CC=CC3CC2C,1.54,O=C(c1ccccc1)N1CCc2ccccc21
XS839700b,CC=1C=CC=C2C1NC(=O)C23C(C#N)=C(N)OC=4C=5C=CC=CC5OC(=O)C43,4.726,O=C1Nc2ccccc2C12C=COc1c2c(=O)oc2ccccc12
XS846507a,CCOC=1C=CC(=CC1)C(C)NC(=O)C=2C=C(C)N=C3C2C=NN3C(C)C,0.82,O=C(NCc1ccccc1)c1ccnc2[nH]ncc12
XS846506a,CC1=NC(CN2CCOCC2C=3C(C)=NN(CC=4C=CC=CC4)C3C)=NO1,0.722,c1ccc(Cn2cc(C3COCCN3Cc3ncon3)cn2)cc1
XS759456b,CC1=CC(C)=CC(=C1)OCC(=O)N(CC=2C=CC=CC2)C3CCS(=O)(=O)C3,1.766,O=C(COc1ccccc1)N(Cc1ccccc1)C1CCS(=O)(=O)C1
XS846526a,NC(=O)C1CCCN(C1)C(=O)CSC=2N=C(C3CC3)N(N2)C=4C=CC=CC4,2.072,O=C(CSc1nc(C2CC2)n(-c2ccccc2)n1)N1CCCCC1
XS846519a,O=C(OCC1=CC(=O)N2C=CC=CC2=N1)C=3C=CC=CC3OCC4CCCO4,17.39,O=C(OCc1cc(=O)n2ccccc2n1)c1ccccc1OCC1CCCO1
XS846523a,COC=1C=CC=CC1C=2CC(C=3C=CC=CC3Cl)N(N2)C(=O)CCC(=O)O,5.414,c1ccc(C2=NNC(c3ccccc3)C2)cc1
XS838373b,O=C1C(CCN1C2CCOCC2)NC=3C=CC(=CC3)N4N=NC=5C=CC=CC54,1.7,O=C1C(Nc2ccc(-n3nnc4ccccc43)cc2)CCN1C1CCOCC1
XS838274b,CC=1N=C(SC1C(=O)OC2CCN(C2=O)C3CCOCC3)C4=NN=CN4,2.344,O=C(OC1CCN(C2CCOCC2)C1=O)c1cnc(-c2nnc[nH]2)s1
XS822139b,CC1=CSC2=NC(=CC(=O)N12)CN3CCCC3C=4C=CC=5OCCOC5C4,0.718,O=c1cc(CN2CCCC2c2ccc3c(c2)OCCO3)nc2sccn12
XS840861b,CC(C)CN1C=CN=C(C1=O)N2CCCC(C2)C3=NNC(=N3)C=4C=CC=CC4,5.148,O=c1[nH]ccnc1N1CCCC(c2n[nH]c(-c3ccccc3)n2)C1
XS548504b,CC(NC(=O)C=1C=CN(N1)C=2C=CC(F)=CC2)C=3C=CC=4NC(=O)CCC4C3,2.718,O=C1CCc2cc(CNC(=O)c3ccn(-c4ccccc4)n3)ccc2N1
XS846525a,CC=1C=C(N=C(N1)C=2C=CN=CC2)N3CCCC(C3)C(=O)N4CCC(C)CC4,0.758,O=C(C1CCCN(c2ccnc(-c3ccncc3)n2)C1)N1CCCCC1
XS846518a,CCOC(=O)COC=1C=CC=CC1C=2CC(C=3C=CC=C(F)C3)N(N2)C(C)=O,6.754,c1ccc(C2=NNC(c3ccccc3)C2)cc1
XS073732b,O=C(CNC=1C=CC=CC1Cl)N(C=2C=CC=CC2)C3CCS(=O)(=O)C3,3.5,O=C(CNc1ccccc1)N(c1ccccc1)C1CCS(=O)(=O)C1
XS846521a,CC=1C=CC=C2SC(=NC12)NC(=O)C3CC(=O)N(CCC=4C=CC=CC4)C3,4.586,O=C(Nc1nc2ccccc2s1)C1CC(=O)N(CCc2ccccc2)C1
XS846522a,O=C(CN1C(=O)C=NC=2C=CC=CC21)NC(C=3C=CC(F)=CC3)C4CCCC4,0.868,O=C(Cn1c(=O)cnc2ccccc21)NC(c1ccccc1)C1CCCC1
XS565417b,CC=1C=CC=CC1C2=NC(CN(C)C3CCN(CC=4C=CC=CC4)C3=O)=NO2,0.414,O=C1C(NCc2noc(-c3ccccc3)n2)CCN1Cc1ccccc1
XS836707b,COC=1C=NN2CCN(CC12)C(=O)NC(C)C=3C=NN(C3C)C=4C=CC(F)=CC4,2.768,O=C(NCc1cnn(-c2ccccc2)c1)N1CCn2nccc2C1
XS706875b,COC=1C=CC=CC1N2CC(CC2=O)C(=O)NC(C)(C)C=3C=CC=4OCOC4C3,4.696,O=C(NCc1ccc2c(c1)OCO2)C1CC(=O)N(c2ccccc2)C1
XS841533b,COC=1C=CC2=NC=CC=C2C1C(=O)NC3CCOC43CCS(=O)(=O)CC4,1.85,O=C(NC1CCOC12CCS(=O)(=O)CC2)c1cccc2ncccc12
XS846530a,CC(CC1=NC(=NO1)C=2C=CC=CC2)NC(=O)N3CCC=4C(=O)N(C)C=NC4C3,0.962,O=C(NCCc1nc(-c2ccccc2)no1)N1CCc2c(nc[nH]c2=O)C1
XS846532a,CCOC=1C=CC=2C=C(NC2C1)C(=O)N3CCCC(CNC(=O)C4=CC=CO4)C3,1.028,O=C(NCC1CCCN(C(=O)c2cc3ccccc3[nH]2)C1)c1ccco1
XS397897b,CC1CC(=O)NC=2C=CC=CC2N1C(=O)CN3N=NC(=N3)C=4C=CC=CC4Cl,5.744,O=C1CCN(C(=O)Cn2nnc(-c3ccccc3)n2)c2ccccc2N1
XS840495b,CC1=CC(=O)OC=2C=C(C=CC12)NC(=O)N(CC=3C=CN=CC3)CC4CCCO4,10.374,O=C(Nc1ccc2ccc(=O)oc2c1)N(Cc1ccncc1)CC1CCCO1
XS846535a,CC(NC(=O)C=1C=CC(=CC1)N2C(=O)CCC2=O)C=3C=CC(Cl)=CC3Cl,0.86,O=C(NCc1ccccc1)c1ccc(N2C(=O)CCC2=O)cc1
XS846539a,COC=1C=CC=CC1OCC(=O)N(CC2=CC=CS2)C3CCS(=O)(=O)C3,2.798,O=C(COc1ccccc1)N(Cc1cccs1)C1CCS(=O)(=O)C1
XS846527a,COC=1C=CC(=CC1)C=2NC=3C=CC=CC3C2CCC(=O)N4CCNC(=O)C4C,3.162,O=C1CN(C(=O)CCc2c(-c3ccccc3)[nH]c3ccccc23)CCN1
XS846533a,CCC(NC(=O)CCC1=NC=C(O1)C=2C=CC(Cl)=CC2)C=3C=CC(=CC3)OC,1.462,O=C(CCc1ncc(-c2ccccc2)o1)NCc1ccccc1
XS546908b,CN1N=CC2=C1CCCC2NC=3C=NN(C(=O)C3Cl)C=4C=CC(F)=CC4F,3.192,O=c1cc(NC2CCCc3[nH]ncc32)cnn1-c1ccccc1
XS846538a,COC=1C=C(C=CC1OCC2CCCO2)CNC(=O)C=3C=CC(Cl)=CC3F,1.814,O=C(NCc1ccc(OCC2CCCO2)cc1)c1ccccc1
XS846545a,CN(CC=1C=CC=C(C#N)C1)C(=O)C2CC(=O)N(CC=3C=CC=C(C3)C(F)(F)F)C2,0.914,O=C(NCc1ccccc1)C1CC(=O)N(Cc2ccccc2)C1
XS842684b,O=C(OCC1=NN=C(O1)C=2C=CC(Cl)=CC2)C3CCCN(C3)C(=O)N4CCCC4,7.794,O=C(OCc1nnc(-c2ccccc2)o1)C1CCCN(C(=O)N2CCCC2)C1
XS388410b,CC(C)(CNC(=O)C1CCCN(C1)C=2C=NC=CN2)C=3C=CC(Br)=CC3,0.842,O=C(NCCc1ccccc1)C1CCCN(c2cnccn2)C1
XS846552a,O=C(NC=1C=CC2=C(C=CN2CCN3CCOCC3)C1)C4CC(=O)N(CC5CC5)C4,3.146,O=C(Nc1ccc2c(ccn2CCN2CCOCC2)c1)C1CC(=O)N(CC2CC2)C1
XS846546a,CC=1C=CC(=CC1)NC(=O)C(C=2C=CC=CC2)N3CCN(CC3)C(=O)C4=CC=CO4,1.09,O=C(Nc1ccccc1)C(c1ccccc1)N1CCN(C(=O)c2ccco2)CC1
XS837834b,O=C(O)CC(NC(=O)CCN1N=C2C=CC=CN2C1=O)C=3C=CC4=CC=CC=C4C3,1.2,O=C(CCn1nc2ccccn2c1=O)NCc1ccc2ccccc2c1
XS846548a,COC=1C=CC(OC)=C(C1)C2NC(=O)NC(C)=C2C(=O)NC=3C=CC=C(Cl)C3,1.376,O=C1NC=C(C(=O)Nc2ccccc2)C(c2ccccc2)N1
XS836773b,CCCS(=O)(=O)N1CCCC(C1)C(=O)NC2=NN=C(N2)C=3C=CC=CC3OC,12.806,O=C(Nc1nnc(-c2ccccc2)[nH]1)C1CCCNC1
XS846549a,CN(CCCOC=1C=CC(F)=CC1)C(=O)C2CCCN(C2)C(=O)CC=3C=CC=CC3,1.0,O=C(NCCCOc1ccccc1)C1CCCN(C(=O)Cc2ccccc2)C1
XS841002b,FC(F)(F)C=1C=CC2=NN=C(C3CCCN(C3)C4=NN=NN4C=5C=CC=CC5)N2C1,2.956,c1ccc(-n2nnnc2N2CCCC(c3nnc4ccccn34)C2)cc1
XS838194b,O=C(CC1=CSC(CC=2C=CC(F)=CC2)=N1)NC3CCOC4(CCCCC4)C3,0.818,O=C(Cc1csc(Cc2ccccc2)n1)NC1CCOC2(CCCCC2)C1
XS846560a,COC(=O)C1=CC=C(N1)C(=O)N2CCOCC2C=3C(C)=NN(C3C)C=4C=CC=CC4F,2.868,O=C(c1ccc[nH]1)N1CCOCC1c1cnn(-c2ccccc2)c1
XS846554a,CC=1SC=2N=C(CN3CCN(CC3)C(=O)C4CCCN4C(=O)C5=CC=CS5)NC(=O)C2C1C,6.036,O=C(C1CCCN1C(=O)c1cccs1)N1CCN(Cc2nc3sccc3c(=O)[nH]2)CC1
XS840379b,CC(C)N1N=CC=C1NC(=O)C(C)OC(=O)C=2C=CC=C(C2)S(=O)(=O)N3CCCC3,0.814,O=C(COC(=O)c1cccc(S(=O)(=O)N2CCCC2)c1)Nc1ccn[nH]1
XS841018b,CN1C=CC(=C1)C(=O)NC=2C=CC=CC2N3CCN(CC3)C(=O)C(F)C4(O)CCCC4,1.972,O=C(Nc1ccccc1N1CCN(C(=O)CC2CCCC2)CC1)c1cc[nH]c1
XS620532b,COC=1C=CC=CC1N2CCC(C2=O)N3CCCN(CC3)C(=O)C=4C=CC(Cl)=CC4,2.734,O=C(c1ccccc1)N1CCCN(C2CCN(c3ccccc3)C2=O)CC1
XS846558a,CCCCC=1C=CC(=CC1)N2CC(CC2=O)C3=NC=4C=CC=CC4N3CC(=O)N5CCCCCC5,0.876,O=C(Cn1c(C2CC(=O)N(c3ccccc3)C2)nc2ccccc21)N1CCCCCC1
XS846556a,CC=1C=CC2=NC=CC=C2C1S(=O)(=O)N3CCNC(=O)C3C=4C=CC(=CC4)C(F)(F)F,1.294,O=C1NCCN(S(=O)(=O)c2cccc3ncccc23)C1c1ccccc1
XS846555a,CC(C(=O)NC=1C=CC=C(F)C1)N2CCN(CC2)S(=O)(=O)C=3C=CC=4CCCC4C3,1.242,O=C(CN1CCN(S(=O)(=O)c2ccc3c(c2)CCC3)CC1)Nc1ccccc1
XS846564a,O=C(NC=1C=CC=C(C1)S(=O)(=O)N2CCCCC2)C=3C=CC(=CC3)OCC4CCCO4,1.384,O=C(Nc1cccc(S(=O)(=O)N2CCCCC2)c1)c1ccc(OCC2CCCO2)cc1
XS838203b,CCCCN1C(=O)N(C)C(=O)C2=C1NC(=O)C2CC(=O)NC=3C=CC(OC)=C(C3)OC,4.884,O=C(CC1C(=O)Nc2[nH]c(=O)[nH]c(=O)c21)Nc1ccccc1
XS840017b,COC=1C=CC(=CC1)S(=O)(=O)CC(C)C(=O)N(CC2=CC=CO2)CC=3C=CC(O)=CC3,0.624,O=C(CCS(=O)(=O)c1ccccc1)N(Cc1ccccc1)Cc1ccco1
XS846553a,CCOC=1C=CC=CC1N2CC(CC2=O)C3=NC=4C=CC=CC4N3CC=5C=CC(F)=CC5,1.262,O=C1CC(c2nc3ccccc3n2Cc2ccccc2)CN1c1ccccc1
XS328355c,COC=1C=CC(C=2NC=3C=CC=CC3C2CCC(=O)N4CCCC(C4)C(N)=O)=C(C1)OC,1.694,O=C(CCc1c(-c2ccccc2)[nH]c2ccccc12)N1CCCCC1
XS837014b,CC(OC(=O)CN1C(=O)NC(=O)C=2C=CC=CC21)C(=O)N3CCN(CC3)C=4N=CC=CN4,4.728,O=C(Cn1c(=O)[nH]c(=O)c2ccccc21)OCC(=O)N1CCN(c2ncccn2)CC1
XS846578a,CC(NC=1N=CC=CN1)C=2C=CC(C#N)=CC2,0.738,c1ccc(CNc2ncccn2)cc1
XS839857b,CCOC(=O)C1CCCC=2SC(=O)N(C)C21,1.358,O=c1[nH]c2c(s1)CCCC2
XS846576a,CC(OC=1C=CC=CC1)C(=O)N2CCNC(=O)C2,0.722,O=C1CN(C(=O)COc2ccccc2)CCN1
XS838123b,CC1(CC=CCC1)C(=O)N2CC3(C2)CCCOC3,1.648,O=C(C1CC=CCC1)N1CC2(CCCOC2)C1
XS837207b,O=C1NCCC1N2C=C(N=N2)C=3C=CSC3,0.718,O=C1NCCC1n1cc(-c2ccsc2)nn1
XS846581a,CC(CN1C=CC=N1)NC2=NC=3C=CC=CC3O2,0.746,c1ccc2oc(NCCn3cccn3)nc2c1
XS841188b,O=C1CCC(C(=O)N1)N2C=C(Br)C=N2,0.518,O=C1CCC(n2cccn2)C(=O)N1
XS836514b,CC1(C)CN(CC2(CCOC2)O1)C(=O)CC(F)F,0.45,C1COC2(CCOC2)CN1
XS846590a,CCCC(C(=O)N1CC(C)(CC)C1)C=2N=NNN2,1.188,O=C(Cc1nn[nH]n1)N1CCC1
XS842449b,CCC1CN(CC2=NN=C3COCCN23)CCS1,0.674,C1Cn2c(nnc2CN2CCSCC2)CO1
XS846585a,CC1CSCCN1C(=O)C=2C=C3OCCN3N2,1.12,O=C(c1cc2n(n1)CCO2)N1CCSCC1
XS846586a,CC(NC=1N=CN=C2C1C=NN2C)C=3C=CC(F)=CC3,0.594,c1ccc(CNc2ncnc3[nH]ncc23)cc1
XS839135b,CC1=NNC(CC(=O)N2CC=3C=CC=CC3CC2C)=N1,0.522,O=C(Cc1ncn[nH]1)N1CCc2ccccc2C1
XS753543b,CC=1C=C(N=C(C)N1)N2CCCC(C2)C3=NN=CN3C,1.914,c1cc(N2CCCC(c3nnc[nH]3)C2)ncn1
XS846593a,CCCC(C)NC(=O)C=1C=CC=C(C1)N2C=CC(C)=N2,0.518,c1ccc(-n2cccn2)cc1
XS837537b,CCC1CC=NN1C=2N=CC(=CC2Cl)C(=O)OC,2.13,C1=NN(c2ccccn2)CC1
XS838238b,CC1N(C)C=2C=C(C=C(C2C1(C)C)[N+]([O-])=O)[N+]([O-])=O,0.704,c1ccc2c(c1)CCN2
XS840218b,COC=1C=CC(=NC1)N(C)C(=O)C2CCCOCC2,0.674,O=C(Nc1ccccn1)C1CCCOCC1
XS842539b,CC1=CC(=O)N2N=C(NCC3CCOC3)SC2=N1,2.92,O=c1ccnc2sc(NCC3CCOC3)nn12
XS760238b,CC1=NN2CC(CCC2=N1)NC=3N=CC=CC3C#N,4.222,c1ccc(NC2CCc3ncnn3C2)nc1
XS840854b,O=C(CN(CC1=CC=CO1)C2CC2)NCC3CCCO3,1.08,O=C(CN(Cc1ccco1)C1CC1)NCC1CCCO1
XS846600a,COC=1C=CC=C(C1)CN(C)C(=O)C(C)N2C=NC=N2,0.464,O=C(Cn1cncn1)NCc1ccccc1
XS558067b,CN1C=C(C=N1)N2CCC(NC(=O)C=3C=CN=CC3)C2=O,5.37,O=C(NC1CCN(c2cn[nH]c2)C1=O)c1ccncc1
XS838393b,C1=CC=2CCC(NC=3C=NC=C(N3)N4C=NC=N4)C2S1,0.66,c1ncn(-c2cncc(NC3CCc4ccsc43)n2)n1
XS846598a,CN1C=C(C=N1)S(=O)(=O)N2CCCC2C3=CC=CO3,0.62,O=S(=O)(c1cn[nH]c1)N1CCCC1c1ccco1
XS846596a,CC=1C=NN(C1)C2CN(C2)C(C)C3=NC(=NO3)C4CC4,0.43,c1cnn(C2CN(Cc3nc(C4CC4)no3)C2)c1
XS756607b,CC1=NOC(CN2CCNC(=O)CC2C=3C=CC=CC3)=N1,1.146,O=C1CC(c2ccccc2)N(Cc2ncno2)CCN1
XS839442b,CC1CN2N=CC=C2CN1C(=O)C=3N=CN=C4NC=CC34,0.99,O=C(c1ncnc2[nH]ccc12)N1CCn2nccc2C1
XS836477b,COC1=NN=C(NC(=O)N2CC(C)(C)C2C(C)C)S1,0.89,O=C(Nc1nncs1)N1CCC1
XS842188b,CN1C(=O)OC=2C=C(NC(=O)C3CC43CC4)C(F)=CC21,0.698,O=C(Nc1ccc2[nH]c(=O)oc2c1)C1CC12CC2
XS846594a,CC1=NN2CC(CCC2=N1)NC=3N=CN=C4C=CSC34,1.294,c1nc(NC2CCc3ncnn3C2)c2sccc2n1
XS846597a,O=C(C=1C=CC=2NC=CC2C1)N3CCCC3C4CCCC4,2.092,O=C(c1ccc2[nH]ccc2c1)N1CCCC1C1CCCC1
XS842032b,CC1=NN=C(S1)C(C)N2CCS(=O)(=O)C(C)(C)C2,1.542,O=S1(=O)CCN(Cc2nncs2)CC1
XS846604a,CC1=NC(C)=C(O1)C(=O)N2CCC=3C=C(F)C=CC3C2C,0.78,O=C(c1cnco1)N1CCc2ccccc2C1
XS846609a,CCN(CC1=CC=CS1)C(=O)NC2CCCCNC2=O,1.496,O=C(NCc1cccs1)NC1CCCCNC1=O
XS846610a,CCOC=1N=CC=CC1NC(=O)NC2CCCCNC2=O,1.108,O=C(Nc1cccnc1)NC1CCCCNC1=O
XS841656b,CC=1C=C(NC(=O)NC(C)C2=CSC(=N2)C3CC3)ON1,1.84,O=C(NCc1csc(C2CC2)n1)Nc1ccno1
XS846608a,CC1=C(C=NN1C)C(C)NC(=O)CC2=CNC=3C=CC=CC23,0.566,O=C(Cc1c[nH]c2ccccc12)NCc1cn[nH]c1
XS516849b,CCC1=C(C=CN1C)C(=O)N2CCCC2(COC)C(N)=O,2.206,O=C(c1cc[nH]c1)N1CCCC1
XS846611a,O=C(C1CNC(=O)C1)N2CCN(CC2)C=3C=CC=CC3O,0.646,O=C1CC(C(=O)N2CCN(c3ccccc3)CC2)CN1
XS838541b,COCCN(C(=O)C#CC=1C=CC(=CC1)OC)C(C)COC,0.782,c1ccccc1
XS846615a,CCN1N=C(CCC1=O)C(=O)NC2CCC=3C=CC=CC3C2,0.65,O=C1CCC(C(=O)NC2CCc3ccccc3C2)=NN1
XS846614a,CC1=CSC(=N1)C2CCCCN2C(=O)C=3C=CN=C(C)N3,2.794,O=C(c1ccncn1)N1CCCCC1c1nccs1
XS837659b,CCC1(CC1)S(=O)(=O)NCC2CCOCC32CCCC3,0.524,O=S(=O)(NCC1CCOCC12CCCC2)C1CC1
XS594423b,CC=1C=CC(=CC1)CC(C)N(C)C(=O)C2=CC=C(O2)C(=O)O,0.388,O=C(NCCc1ccccc1)c1ccco1
XS846617a,CSC=1N=C(C=C(C(=O)OC(C)C(N)=O)C1C#N)C2CC2,0.594,c1ccc(C2CC2)nc1
XS543419b,CNC(=O)C1CC(=O)N(C1)C2CN(C2)C=3C=CC=C(C#N)N3,3.55,O=C1CCCN1C1CN(c2ccccn2)C1
XS846622a,O=C(NCC1CCCCC1)C2CC(=NO2)C=3C=CC=C(F)C3,2.334,O=C(NCC1CCCCC1)C1CC(c2ccccc2)=NO1
XS591197b,O=C(NC1CCCNC1=O)C=2C=CC=C(C2)NC(=O)C3CC3,0.492,O=C(NC1CCCNC1=O)c1cccc(NC(=O)C2CC2)c1
XS846619a,O=C(C1=CC=CO1)N2CCCC2C3=NC=4C=CC=CC4S3,4.624,O=C(c1ccco1)N1CCCC1c1nc2ccccc2s1
XS601819b,CCN(CC1=CC=CS1)C(=O)C2=CNN=C2C3CCOC3,0.41,O=C(NCc1cccs1)c1c[nH]nc1C1CCOC1
XS846618a,O=C(C1CCC=2NN=NC2C1)N3CCC4(CCCCC4)CC3,6.498,O=C(C1CCc2[nH]nnc2C1)N1CCC2(CCCCC2)CC1
XS837898b,O=C(NCCCN1C=NC=N1)C2CC(=NO2)C=3C=CC=CN3,0.79,O=C(NCCCn1cncn1)C1CC(c2ccccn2)=NO1
XS839262c,COC(=O)C1CC2(CCC2)CN1C=3N=CC=C4N=CC=NC34,0.706,c1cc2nccnc2c(N2CCC3(CCC3)C2)n1
XS837521b,COCC1(CCCO1)C(=O)NC2=CN=C3C=CC=CN3C2=O,2.16,O=C(Nc1cnc2ccccn2c1=O)C1CCCO1
XS840651b,COCC1=NC(=CS1)C(=O)N2C=3C=CC=CC3OCC2C,4.18,O=C(c1cscn1)N1CCOc2ccccc21
XS820576b,CC1=CC=C(O1)C2=NC(=CS2)C(=O)NC(C)C=3C=CN=CC3,4.192,O=C(NCc1ccncc1)c1csc(-c2ccco2)n1
XS846636a,CCCN1C(=O)C=2C=CC=CC2NC1C=3C=CC(O)=C(C3)OC,0.624,O=C1NC(c2ccccc2)Nc2ccccc21
XS846626a,CC=1C=C(C)C=C(C1)C(C)NC(=O)C=2C(=O)N(C)N=C(C)C2C,4.944,O=C(NCc1ccccc1)c1ccn[nH]c1=O
XS846631a,CC=1C=C2OC=C(CC(=O)NC(C)C=3C=CC=CN3)C2=CC1C,0.448,O=C(Cc1coc2ccccc12)NCc1ccccn1
XS797857b,CC=1N=C2C=CC(=CC2=NC1C)C(=O)OC(C)C(=O)NC3CC3,1.764,O=C(COC(=O)c1ccc2nccnc2c1)NC1CC1
XS840639b,CCOC=1N=CC(=CC1Cl)C(=O)NC(C)C2=NC=CS2,1.126,O=C(NCc1nccs1)c1cccnc1
XS730137b,CNCC1CCN(C1)C(=O)C=2C(F)=CC=CC2Br,0.472,O=C(c1ccccc1)N1CCCC1
XS431524b,COC=1C=CC(=CC1)CC(=O)NC(CC(=O)O)C=2C=CC=CC2,0.862,O=C(Cc1ccccc1)NCc1ccccc1
XS846634a,CC1=C(OC=2C=CC(Cl)=CC12)C(=O)N3CCC(C3)C(N)=O,0.84,O=C(c1cc2ccccc2o1)N1CCCC1
XS784132b,CNC(=O)C1CCCCN1C(=O)CC=2C=CC=C3C=CC=NC23,3.198,O=C(Cc1cccc2cccnc12)N1CCCCC1
XS839293b,COC(=O)C1=CC=C(CC2NC(=O)C3(CCCC3)NC2=O)O1,1.918,O=C1NC2(CCCC2)C(=O)NC1Cc1ccco1
XS837953b,CN1C(=O)CCC(NC(=O)NCCC2=CCCCCC2)C1=O,0.542,O=C1CCC(NC(=O)NCCC2=CCCCCC2)C(=O)N1
XS635352b,CCCC=1C=C(NC2CCC3=NC(C)=NN3C2)N4N=CN=C4N1,3.162,c1cc(NC2CCc3ncnn3C2)n2ncnc2n1
XS846645a,CCC=1C=CC(=CC1)C2=CSC(=N2)NC(=O)C(C)NC(C)=O,1.922,c1ccc(-c2cscn2)cc1
XS839602b,CC=1N=C(N=C2SC(N)=NC12)N3CCCC4(CCC(=O)N4)C3,0.388,O=C1CCC2(CCCN(c3ncc4ncsc4n3)C2)N1
XS147247e,O=C(O)C=1SC(=CC1NC(=O)C2CCCO2)C=3C=CC=CC3,0.386,O=C(Nc1csc(-c2ccccc2)c1)C1CCCO1
XS838112b,CC(CC(=O)NC1(CCOCC1)C=2N=CC=CN2)C3=CC=CO3,0.64,O=C(CCc1ccco1)NC1(c2ncccn2)CCOCC1
XS846649a,CCC(=O)N1CCCC(C1)C(=O)NC=2C=CC(F)=C(F)C2F,0.734,O=C(Nc1ccccc1)C1CCCNC1
XS811886b,COC=1C=CC=C(C1)C(=O)OC(C)C(=O)NCC2CCCCC2,1.278,O=C(COC(=O)c1ccccc1)NCC1CCCCC1
XS846638a,CC1=CSC(=N1)C2CCCCN2C(=O)COC=3C=CC=CC3,1.212,O=C(COc1ccccc1)N1CCCCC1c1nccs1
XS846641a,CC(NC(=O)C=1CCC(=O)N(C)N1)C23CC4CC(CC(C4)C3)C2,0.896,O=C1CCC(C(=O)NCC23CC4CC(CC(C4)C2)C3)=NN1
XS552854b,CC=1C=CC(C2=NOC(=N2)C(C)NC(=O)C=3C=COC3)=C(F)C1,2.946,O=C(NCc1nc(-c2ccccc2)no1)c1ccoc1
XS839578b,CC(C1CC1)N(C(=O)C=2C=CC=C(C2)N=S(C)(C)=O)C3CC3,1.692,O=C(c1ccccc1)N(CC1CC1)C1CC1
XS846652a,NC(=O)C1CN(CCO1)C(=O)NCC2(CCC2)C=3C=CC=CC3,0.908,O=C(NCC1(c2ccccc2)CCC1)N1CCOCC1
XS726755b,COC=1C=CC(=CC1F)CC(=O)N2CCCC(C2)N3C=CC=N3,0.696,O=C(Cc1ccccc1)N1CCCC(n2cccn2)C1
XS837837b,COC(=O)C(C=1C=CC=CC1)N(C)C=2C=CC=C(C2)C=3N=NNN3,0.446,c1ccc(CNc2cccc(-c3nn[nH]n3)c2)cc1
XS840223b,CCN(C(=O)C=1SC=C(C)C1Cl)C(C)CS(C)(=O)=O,1.198,c1ccsc1
XS720331b,COC=1C=C(C=CC1C)C(=O)N2CCCC(C2)NS(C)(=O)=O,0.772,O=C(c1ccccc1)N1CCCCC1
XS839055b,CC(NC=1C=C2OCCCCN2N1)C3=NC=C(O3)C=4C=CC=CC4,1.432,c1ccc(-c2cnc(CNc3cc4n(n3)CCCCO4)o2)cc1
XS838278b,O=C(C=1C=C2CCCCC2=NN1)N3CCCC3C=4N=CC=C(O)N4,10.98,O=C(c1cc2c(nn1)CCCC2)N1CCCC1c1ncccn1
XS846657a,COCCN1C=C(C=N1)NC(=O)NC(C)C=2C=C(F)C=CC2F,0.57,O=C(NCc1ccccc1)Nc1cn[nH]c1
XS840801b,O=C(NNC1CCS(=O)(=O)C1)C2=CC=C(Br)O2,0.682,O=C(NNC1CCS(=O)(=O)C1)c1ccco1
XS744971b,CNC1=NC(=CS1)C(=O)N2CCCC(C2)C(=O)NCC3CC3,1.354,O=C(NCC1CC1)C1CCCN(C(=O)c2cscn2)C1
XS474281b,CC=1NN=CC1C(=O)NC(C=2C=CC=C(Cl)C2)C=3C=CC=CN3,1.024,O=C(NC(c1ccccc1)c1ccccn1)c1cn[nH]c1
XS838081b,COC=1C=CC(=CC1C)S(=O)(=O)N2CC(C)CN3N=CN=C23,0.526,O=S(=O)(c1ccccc1)N1CCCn2ncnc21
XS846653a,CCNC(=O)CNC(=O)CC(NC(C)=O)C=1C=CC(Cl)=CC1,0.878,c1ccccc1
XS837812b,COC(=O)C(CC=1C=CC=CC1)OC(=O)C=2C=CN=C3NC=CC23,0.952,O=C(OCCc1ccccc1)c1ccnc2[nH]ccc12
XS846665a,COC=1C=CC(=CN1)NC(C)C(=O)NC=2C=CC=3OCCOC3C2,0.892,O=C(CNc1cccnc1)Nc1ccc2c(c1)OCCO2
XS840329b,CCOC(=O)C1CN(CC21CC2)C=3C=C(N=C(C)N3)N4C=NC=N4,1.282,c1nc(N2CCC3(CC3)C2)cc(-n2cncn2)n1
XS841171b,N#CC=1C=CC(=CC1C(F)(F)F)N2CCC=3C=CC=CC3C2CN,11.208,c1ccc(N2CCc3ccccc3C2)cc1
XS846669a,CC1C=2NC=3C=CC=CC3C2CCN1C(=O)COC4CCCCC4,3.18,O=C(COC1CCCCC1)N1CCc2c([nH]c3ccccc23)C1
XS846660a,CCNC(=O)NC(=O)C(C)NC=1C=CC(C)=C(C1)OCC(F)F,0.546,c1ccccc1
XS840007b,CC1=NOC(=N1)C2CCCCN2C(=O)C=3C=CC=4OC(=O)NC4N3,3.52,O=C(c1ccc2oc(=O)[nH]c2n1)N1CCCCC1c1ncno1
XS575705c,CC(C)C=1C=CC(=CC1)C(=O)N2CCC(C2)C=3C=C(O)N=C(N)N3,1.2,O=C(c1ccccc1)N1CCC(c2ccncn2)C1
XS846670a,CCN(CC1COC=2C=CC=CC2O1)C(=O)CC=3C=CC=C(N)C3,0.462,O=C(Cc1ccccc1)NCC1COc2ccccc2O1
XS494499b,CCC(CC)N1N=CC(C(=O)N2CC(CO)C=3C=CC=CC32)=C1C,0.428,O=C(c1cn[nH]c1)N1CCc2ccccc21
XS846661a,CC1=NN(C)C(C)=C1C2CCCN2C(=O)C3=CC(CC(C)C)=NN3,0.894,O=C(c1ccn[nH]1)N1CCCC1c1cn[nH]c1
XS846667a,CC=1N=CSC1C(=O)N2CCCC2C=3C=CC=4OCCOC4C3,6.29,O=C(c1cncs1)N1CCCC1c1ccc2c(c1)OCCO2
XS692476b,CCC1=NOC(CN(C)C2CCN(C2=O)C=3C=CC=CC3Cl)=N1,0.506,O=C1C(NCc2ncno2)CCN1c1ccccc1
XS846674a,CC(C(=O)NC(C)(C)C)S(=O)(=O)CC1=NOC(=N1)C(C)(C)C,1.19,c1ncon1
XS407767b,CC1=CC=C(S1)C2=CSC=3N=CN(CC4CCCO4)C(=O)C23,1.852,O=c1c2c(-c3cccs3)csc2ncn1CC1CCCO1
XS657796b,O=C(NC=1C=CC=C(Cl)C1)C2CCCN(C2)C(=O)N3CCCC3,2.542,O=C(Nc1ccccc1)C1CCCN(C(=O)N2CCCC2)C1
XS836607b,COC=1C=CC(=CN1)NC(C(N)=O)C=2C=CC(Br)=CC2,0.542,c1ccc(CNc2cccnc2)cc1
XS841247b,CN(CC=1C=CC=CN1)C(=O)C(CS(C)(=O)=O)C=2C=CC=CC2,0.446,O=C(Cc1ccccc1)NCc1ccccn1
XS840022b,CCC(NC(=O)C=1C=C2CCCOC2=CN1)C(=O)N3CCOCC3,2.82,O=C(NCC(=O)N1CCOCC1)c1cc2c(cn1)OCCC2
XS838776b,CC=CCC(CO)NC(=O)CN1N=NC(=N1)C=2C=CC(Cl)=CC2,1.144,c1ccc(-c2nn[nH]n2)cc1
XS839861b,COC1CCCCN(CC(=O)N2N=C(N)C=3C=C(F)C=CC32)C1=O,0.582,O=C1CCCCCN1CC(=O)n1ncc2ccccc21
XS846672a,CC=1C=C(NC(=O)C2CC=3C=CC=CC3O2)N(N1)C=4C=CC(C)=CC4,0.546,O=C(Nc1ccnn1-c1ccccc1)C1Cc2ccccc2O1
XS846677a,CCOC=1C=CC=CC1C(=O)NC(C)C=2C=CC(=CC2)N3C=NC=N3,0.962,O=C(NCc1ccc(-n2cncn2)cc1)c1ccccc1
XS846671a,CC(C)C(C=1C=CC=NC1)N(C)C(=O)C=2C=C(NN2)C=3C=CC=CC3,4.59,O=C(NCc1cccnc1)c1cc(-c2ccccc2)[nH]n1
XS827900b,CCC(=O)N1CCCC(C1)C(=O)NCCNC(=O)C=2C=CC=CC2,0.678,O=C(NCCNC(=O)C1CCCNC1)c1ccccc1
XS846673a,O=C(NCC1CCCC=2C=CC=CC21)C=3NN=CC3C=4C=CN=CC4,0.94,O=C(NCC1CCCc2ccccc21)c1[nH]ncc1-c1ccncc1
XS846685a,CN1C=CN=C1C(NC(=O)NCC=2C=CC=CC2)C=3C=CC(F)=CC3,0.75,O=C(NCc1ccccc1)NC(c1ccccc1)c1ncc[nH]1
XS560123b,CC1=C(OC=2C(C)=CC=CC12)C(=O)N3CCC(O)(CN4C=CN=N4)C3,0.678,O=C(c1cc2ccccc2o1)N1CCC(Cn2ccnn2)C1
XS839886b,CC=1N=C(N=C(C1C)N2CCN3C(=O)N(C)CC3C2)C=4C=CC=NC4,1.888,O=C1NCC2CN(c3ccnc(-c4cccnc4)n3)CCN12
XS737993b,CC=1C=CC(F)=C2C1CCCN2CC(=O)NC3CCS(=O)(=O)C3,0.97,O=C(CN1CCCc2ccccc21)NC1CCS(=O)(=O)C1
XS846679a,O=C(C=1C=CC(=CC1)N2CCCC2=O)N3CCCC(C3)C4=CC=NN4,5.084,O=C(c1ccc(N2CCCC2=O)cc1)N1CCCC(c2ccn[nH]2)C1
XS846687a,CC(C)(C)C(NC(=O)NCC1=NN=C2C=CC=CN12)C=3C=CC=CC3,0.736,O=C(NCc1ccccc1)NCc1nnc2ccccn12
XS554043b,CC=1C=CC(=CC1)CC(=O)NC(C)C2=NC(=CS2)C=3C=CN=CC3,0.492,O=C(Cc1ccccc1)NCc1nc(-c2ccncc2)cs1
XS846683a,CN(C)S(=O)(=O)C=1C=CC(=CC1)C(=O)NC2CCC(=O)NC2=O,2.828,O=C1CCC(NC(=O)c2ccccc2)C(=O)N1
XS169231c,COC=1C=CC(=CC1F)C(=O)N2CCCC2C3=NC=4C=CC=CC4N3,1.136,O=C(c1ccccc1)N1CCCC1c1nc2ccccc2[nH]1
XS846684a,O=C(NC1CCC=2NN=CC2C1)N(CC=3C=CC=CC3)CC4CCC4,1.68,O=C(NC1CCc2[nH]ncc2C1)N(Cc1ccccc1)CC1CCC1
XS839783b,CC1=CC(CC(C)NC=2C=CC(=CC2S(C)(=O)=O)[N+]([O-])=O)=NN1,1.192,c1ccc(NCCc2cc[nH]n2)cc1
XS842621b,CC=1C=C(F)C=CC1N2CCCC(NC3=NC=CN4C=NN=C34)C2=O,8.372,O=C1C(Nc2nccn3cnnc23)CCCN1c1ccccc1
XS744718b,CC=1C=CC=CC1C2CCN(C2)C(=O)C=3C=CC=C(C3)S(C)(=O)=O,0.538,O=C(c1ccccc1)N1CCC(c2ccccc2)C1
XS838678b,CCN1C=CC2=C1CCN(C(=O)CC3CCCC3)C2C4=CC(C)=NO4,2.426,O=C(CC1CCCC1)N1CCc2[nH]ccc2C1c1ccno1
XS846691a,CC1=NN(C)C=2N=CC(=CC12)S(=O)(=O)N3CCC3C=4C=CC=CC4,0.944,O=S(=O)(c1cnc2[nH]ncc2c1)N1CCC1c1ccccc1
XS846699a,O=C(NCC(C1=CNC=2C=CC=CC12)C=3C=CC=CC3)C=4C=CC=CN4,0.866,O=C(NCC(c1ccccc1)c1c[nH]c2ccccc12)c1ccccn1
XS837541b,ClC=1C=CC=2NN=C(C3=NOC(=N3)C4CCCC5=NC=NN54)C2C1,13.984,c1ccc2c(-c3noc(C4CCCc5ncnn54)n3)n[nH]c2c1
XS837115b,CC1=CSC(C)=C1S(=O)(=O)N2CC(CC32CCCC3)C(=O)O,1.022,O=S(=O)(c1ccsc1)N1CCCC12CCCC2
XS713599b,CN1C=C(C=N1)CC2CCN(C2)C(=O)C=3C=CC(=NC3)OCC4CC4,2.116,O=C(c1ccc(OCC2CC2)nc1)N1CCC(Cc2cn[nH]c2)C1
XS702535b,CCCN1N=C(C(=O)NC2CCCCNC2=O)C=3C=CC=CC3C1=O,1.554,O=C(NC1CCCCNC1=O)c1n[nH]c(=O)c2ccccc12
XS846701a,CC=1C=CC=C(OC(C)C(=O)NCC2=NN=C3CCCCCN23)C1C,0.798,O=C(COc1ccccc1)NCc1nnc2n1CCCCC2
XS846690a,CC=1C=CC=CC1C2CCN(C2)C(=O)CNC(=O)NCC3=CC=CO3,11.294,O=C(NCC(=O)N1CCC(c2ccccc2)C1)NCc1ccco1
XS724790b,CC(C)C1=NC(=NO1)C2COCCN2C(=O)C3=CC=4N=CC=CC4O3,1.206,O=C(c1cc2ncccc2o1)N1CCOCC1c1ncon1
XS841380b,CCC=1N=CN=C(C1F)N2CCN(CC3CCCS3(=O)=O)CC2,1.358,O=S1(=O)CCCC1CN1CCN(c2ccncn2)CC1
XS846705a,CC(=O)N1CCN(CC1)C(=O)C(C)NC=2C=CC=3N=C(C)SC3C2,0.886,O=C(CNc1ccc2ncsc2c1)N1CCNCC1
XS166521b,O=C(CCC1=NC=C(O1)C=2C=CC=CC2)NC3CCOC=4C=CC=CC43,0.716,O=C(CCc1ncc(-c2ccccc2)o1)NC1CCOc2ccccc21
XS846706a,O=C(NC=1C=CC=C(Cl)C1F)C2CC(=O)N(CC=3C=CC=CC3)C2,1.34,O=C(Nc1ccccc1)C1CC(=O)N(Cc2ccccc2)C1
XS842747b,O=C(NC1CCOC2(CCCCC2)C1)N(CC3=CC=CS3)C4CC4,1.012,O=C(NC1CCOC2(CCCCC2)C1)N(Cc1cccs1)C1CC1
XS846704a,CC(C)N1CCC(C1=O)N2CCN(CC2)C=3N=CN=C4SC=CC34,0.6,O=C1NCCC1N1CCN(c2ncnc3sccc23)CC1
XS060386e,CN1C=NN=C1C2CCCN(C2)C=3N=CC(=CC3Cl)C(F)(F)F,1.636,c1ccc(N2CCCC(c3nnc[nH]3)C2)nc1
XS640542b,CC=1C=NC(=NC1C)N2CCN(CC2)C(C)C(=O)N3CCCCCC3,0.682,O=C(CN1CCN(c2ncccn2)CC1)N1CCCCCC1
XS838000b,O=S1(=O)CCC(COC=2C(Cl)=CC(Cl)=C3C=CC=NC23)C1,1.3,O=S1(=O)CCC(COc2cccc3cccnc23)C1
XS840657b,COC(=O)C1=C(C)N(CC2=CC=CS2)C(=O)NC1C3=CSC=N3,1.522,O=C1NC(c2cscn2)C=CN1Cc1cccs1
XS840581b,O=S(=O)(NC(C1=NC=CS1)C2CC2)C3=CC=4C=CC=CC4OC3,0.672,O=S(=O)(NC(c1nccs1)C1CC1)C1=Cc2ccccc2OC1
XS565117b,O=C(NC1(CCOCC1)C=2C=CC(F)=CC2)C3CC(=O)N(C3)C4CC4,4.056,O=C(NC1(c2ccccc2)CCOCC1)C1CC(=O)N(C2CC2)C1
XS680637b,O=C(C1=CN2C=CC=CC2=N1)N3CCCC3C4=NC=5C=CC=CC5S4,5.098,O=C(c1cn2ccccc2n1)N1CCCC1c1nc2ccccc2s1
XS846715a,COC=1C=CC(=CC1NC(=O)NC(C)C=2C=C(C)C=CC2C)NC(C)=O,2.012,O=C(NCc1ccccc1)Nc1ccccc1
XS445769b,CNC(=O)C=1C=CC(OC)=C(C1)NC(=O)N2CCCC2C=3C=CN=CC3,6.658,O=C(Nc1ccccc1)N1CCCC1c1ccncc1
XS704052b,CC(=O)NC=1C=CC(=CC1)NC2CC(=O)N(CCC=3C=CC=CC3)C2=O,3.076,O=C1CC(Nc2ccccc2)C(=O)N1CCc1ccccc1
XS837604b,O=C(NC1=CNNC1=O)C2CN(C(=O)C3=CC=CO3)C=4C=CC=CC4O2,3.012,O=C(Nc1c[nH][nH]c1=O)C1CN(C(=O)c2ccco2)c2ccccc2O1
XS840033b,CC=1ON=C(C1C(=O)NC2COC=3C=C(F)C=C(F)C32)C=4C=CC=NC4,1.868,O=C(NC1COc2ccccc21)c1conc1-c1cccnc1
XS842646b,COC=1C=CC(Cl)=CC1N2CC(CC2=O)C3=NC=4C=CC=CC4N3C,0.896,O=C1CC(c2nc3ccccc3[nH]2)CN1c1ccccc1
XS328332b,CN1N=C(CN2CCCCC(NC(=O)CC3CCC3)C2=O)N(C)C1=O,5.08,O=C(CC1CCC1)NC1CCCCN(Cc2n[nH]c(=O)[nH]2)C1=O
XS395966b,CC(O)CSC1=NC2=C(C(=O)N(C)C(=O)N2C)N1CC=3C=CC=CC3,1.48,O=c1[nH]c(=O)c2c(ncn2Cc2ccccc2)[nH]1
XS641748b,CCC1=CC=2C(=NC=NC2S1)N3CCN(CC3)C4CCS(=O)(=O)C4,18.43,O=S1(=O)CCC(N2CCN(c3ncnc4sccc34)CC2)C1
XS846721a,COC=1C=CC=C(C1)C2(CNC(=O)N3CCCC3C=4C=CC=C(C)N4)CC2,3.18,O=C(NCC1(c2ccccc2)CC1)N1CCCC1c1ccccn1
XS841435b,CC(NC(=O)C=1C=C(C(F)=CC1F)N2CCNC2=O)C=3C=CC(O)=NC3,2.798,O=C(NCc1cccnc1)c1cccc(N2CCNC2=O)c1
XS565243b,CCC=1N=C2CCC(CN2N1)NS(=O)(=O)C=3C=CC(=CC3)OC(C)C,1.292,O=S(=O)(NC1CCc2ncnn2C1)c1ccccc1
XS839246b,N#CC=1C=NC=C(N1)NC2(CC=3C=CC=C(Br)C3)CCOC2,0.926,c1ccc(CC2(Nc3cnccn3)CCOC2)cc1
XS840035b,COC=1C=CC2=NC(=C(C)N=C2C1)N3CCC4(C3)C(=O)NC=5C=CC=CC54,2.034,O=C1Nc2ccccc2C12CCN(c1cnc3ccccc3n1)C2
XS555047b,CC1=C(C=CN1C)C(=O)NC(C)C=2C=CC(=CC2)N3CCCS3(=O)=O,0.426,O=C(NCc1ccc(N2CCCS2(=O)=O)cc1)c1cc[nH]c1
XS708953b,CCC1CCCCN1C(=O)C2=CC=3C=C(Br)C=CC3OC2=O,1.74,O=C(c1cc2ccccc2oc1=O)N1CCCCC1
XS846728a,CCOC(=O)C=1C=NN2C(O)=CC(CN3CCCC3C=4C=CC=CC4)=NC12,2.074,c1ccc(C2CCCN2Cc2ccn3nccc3n2)cc1
XS846722a,COCCN1C(=NC=2C=CC=CC21)C3CC(=O)N(C3)C=4C=CC=C(C)C4C,3.542,O=C1CC(c2nc3ccccc3[nH]2)CN1c1ccccc1
XS838213b,COC=1C=CC=C2NC=C(CC(=O)OC3C(=O)NCC43CCOCC4)C12,1.616,O=C(Cc1c[nH]c2ccccc12)OC1C(=O)NCC12CCOCC2
XS846734a,CC=1N=C(SC1C(=O)N2CCCCC2C3=NC=4C=CC=CC4O3)N(C)C,4.378,O=C(c1cncs1)N1CCCCC1c1nc2ccccc2o1
XS841813b,CCN1OCC(C1=O)N2CCN(CC2)C(=O)C=3SC=4C=CC=CC4C3C,6.832,O=C1NOCC1N1CCN(C(=O)c2cc3ccccc3s2)CC1
XS837506b,O=C(CN1N=NN=C1C=2C=CSC2)N3CCCC3C=4C=CC=C(Cl)C4,1.044,O=C(Cn1nnnc1-c1ccsc1)N1CCCC1c1ccccc1
XS846735a,CC=1C=CC(=CC1F)C(=O)N2CCOCC2C3=NC(=NO3)C=4C=CC=CC4,3.46,O=C(c1ccccc1)N1CCOCC1c1nc(-c2ccccc2)no1
XS837304b,CCCOCCOC=1C=CC=C(C1)C=2C=CC=C(C2)C3CC(=O)NC(=O)N3,1.984,O=C1CC(c2cccc(-c3ccccc3)c2)NC(=O)N1
XS837406b,O=C(N1CCN2N=NC=C2C1)C3(O)CCC=4C=C(Br)C=CC4C3,1.358,O=C(C1CCc2ccccc2C1)N1CCn2nncc2C1
XS846737a,CCOC=1N=CC=CC1C(=O)N(CC=2C=CC=CC2)C3CCS(=O)(=O)C3,2.698,O=C(c1cccnc1)N(Cc1ccccc1)C1CCS(=O)(=O)C1
XS770866b,CC=1C=CC=C(C1C)N2CC(CC2=O)C(=O)NCC3=NN=C4CCCCN34,2.5,O=C(NCc1nnc2n1CCCC2)C1CC(=O)N(c2ccccc2)C1
XS846742a,COC=1C=CC(O)=C(C1)C2NC(=O)CN2CC=3C=CC(=CC3)C=4C=CC=CC4,0.838,O=C1CN(Cc2ccc(-c3ccccc3)cc2)C(c2ccccc2)N1
XS839134b,CC(C(=O)N1CCOCC1)C2=NC(=NO2)C=3C=NC(=CN3)OCC(F)F,3.284,O=C(Cc1nc(-c2cnccn2)no1)N1CCOCC1
XS839310b,O=S1(=O)CCN(CCC1C=2C=CC=CC2)C=3N=CC=NC3C(F)(F)F,1.684,O=S1(=O)CCN(c2cnccn2)CCC1c1ccccc1
XS846731a,CC(C)C1=NN=C2CCC(CN12)NC(=O)CC3=CNC=4C=C(Cl)C=CC34,1.832,O=C(Cc1c[nH]c2ccccc12)NC1CCc2nncn2C1
XS838083b,COC(=O)C1CCC2=NN=C(C3=CC=C(COC=4C=CC=CC4)O3)N2CC1,1.67,c1ccc(OCc2ccc(-c3nnc4n3CCCCC4)o2)cc1
XS846746a,COC=1C=CC(=CC1)C2CCCCCN2C(=O)C=3C=CC=C(C3)S(C)(=O)=O,0.626,O=C(c1ccccc1)N1CCCCCC1c1ccccc1
XS846750a,N#CC=1C=CC(=CC1)OCC(=O)N2CCCC(C2)C3=NC=4C=CC=CC4S3,0.466,O=C(COc1ccccc1)N1CCCC(c2nc3ccccc3s2)C1
XS836889b,C#CCN1CCCCC1C(=O)N(C)CCCC=2C=C(C=3C=CC=CC3)N(C)N2,0.59,O=C(NCCCc1cc(-c2ccccc2)[nH]n1)C1CCCCN1
XS840647b,CC(CS(=O)(=O)C=1C=CC(Br)=CC1)C(=O)NC=2C=NN(C)C2,0.834,O=C(CCS(=O)(=O)c1ccccc1)Nc1cn[nH]c1
XS839647b,CC(CNC(=O)NC=1C=CC=C(C1)OC=2C=NC=CN2)N(C)C=3C=CC=CC3,0.946,O=C(NCCNc1ccccc1)Nc1cccc(Oc2cnccn2)c1
XS846745a,COC=1C=CC(=CC1)C2CCCCCN2C(=O)C=3C=CC(=CC3)CNC(N)=O,1.184,O=C(c1ccccc1)N1CCCCCC1c1ccccc1
XS846744a,CSCC1=NC=2C=CC=CC2N1CC(=O)NC(C)C3=CC=4C=CC=CC4O3,0.848,O=C(Cn1cnc2ccccc21)NCc1cc2ccccc2o1
XS841899b,NS(=O)(=O)CC=1C=CC=C(C1)C(=O)N2CC3(CCCC3)C2C=4C=CC=CC4,1.218,O=C(c1ccccc1)N1CC2(CCCC2)C1c1ccccc1
XS846751a,O=C(NCCC=1C=CC=NC1)C2CC(=O)N(C2)C=3C=CC=CC3Br,2.258,O=C(NCCc1cccnc1)C1CC(=O)N(c2ccccc2)C1
XS057714d,CC=1N=C2C(C=NN2C(C)C)=CC1C(=O)N(C)CC3COC=4C=CC=CC4O3,0.554,O=C(NCC1COc2ccccc2O1)c1cnc2[nH]ncc2c1
XS846749a,CCCC(C)NC(=O)C=1C=C(C=CC1OC)S(=O)(=O)N2CCCCCC2,2.624,O=S(=O)(c1ccccc1)N1CCCCCC1
XS837091b,COC=1C=CC=CC1C2CCCN2S(=O)(=O)CC=3C=CC=C4C=CC=NC34,1.976,O=S(=O)(Cc1cccc2cccnc12)N1CCCC1c1ccccc1
XS842118b,CC1=C(N=NN1CC=2C=CC(F)=CC2)C(=O)N3CCCCC3C4=NC(=O)NN4,2.514,O=C(c1cn(Cc2ccccc2)nn1)N1CCCCC1c1nc(=O)[nH][nH]1
XS663521b,CC1=CC=CC(C)=C1NC(=O)CNC(=O)C2CC(=O)N(C2)C=3C=CC(Cl)=CC3,1.828,O=C(CNC(=O)C1CC(=O)N(c2ccccc2)C1)Nc1ccccc1
XS846760a,CC1=NC(=CS1)C=2C=C(C(=O)OC(C)C(=O)C3=CNC=4C=CC=CC34)N(C)C2,2.044,O=C(OCC(=O)c1c[nH]c2ccccc12)c1cc(-c2cscn2)c[nH]1
XS717052b,O=C(CCC1=NC(=NO1)C=2N=CC=CN2)NC3CCCN(C3)C=4C=CC=CC4F,1.336,O=C(CCc1nc(-c2ncccn2)no1)NC1CCCN(c2ccccc2)C1
XS846761a,O=C(CC1=CNC=2C=CC=CC12)N3CCN(CC3)C(=O)C4CCC=5C=CC=NC54,13.564,O=C(Cc1c[nH]c2ccccc12)N1CCN(C(=O)C2CCc3cccnc32)CC1
XS837266b,COCCN1C(=O)C=2NN=C(C=3C(C)=CC(C)=CC3O)C2C1C=4C=CC=C(O)C4,0.428,O=C1NC(c2ccccc2)c2c(-c3ccccc3)n[nH]c21
XS774865c,CN1CCN(CC21CCOC2)C3=NN4C=C(N=C4S3)C=5C=CC(Cl)=CC5,6.208,c1ccc(-c2cn3nc(N4CCNC5(CCOC5)C4)sc3n2)cc1
XS600953b,CC(C(=O)NC=1C=CC(=CC1)OC=2C=CC=CC2)N(C)CC(=O)N3CCOCC3,0.858,O=C(CNCC(=O)N1CCOCC1)Nc1ccc(Oc2ccccc2)cc1
XS846764a,CC(C1=NC=2C=CC=CC2S1)N(C)CC(=O)NC=3C=CC=4OCCCOC4C3,1.632,O=C(CNCc1nc2ccccc2s1)Nc1ccc2c(c1)OCCCO2
XS846755a,COC=1C=CC(=C(C1)OC)C2CCCN2C(=O)CCNC(=O)C=3C=CSC3,2.14,O=C(NCCC(=O)N1CCCC1c1ccccc1)c1ccsc1
XS846757a,COC=1C=CC=C(C1)C=2CC(C=3C=C(C=CC3OC)OC)N(N2)S(C)(=O)=O,3.128,c1ccc(C2=NNC(c3ccccc3)C2)cc1
XS842245b,CC(C)C(=O)N1N=C(CC1C=2C=CSC2)C=3C=CC=C(C3)NS(C)(=O)=O,1.278,c1ccc(C2=NNC(c3ccsc3)C2)cc1
XS797745b,CCCNC(=O)C1CN(CC2=CC(=O)N3C(C)=CSC3=N2)C=4C=CC=CC4O1,3.472,O=c1cc(CN2CCOc3ccccc32)nc2sccn12
XS841505b,CN1C=C(C=N1)C2CS(=O)(=O)CCCN2C(=O)C3=CN=C(NC4CC4)S3,6.946,O=C(c1cnc(NC2CC2)s1)N1CCCS(=O)(=O)CC1c1cn[nH]c1
EL001965b,CCC1(CC1)C(=O)N2CCC(C)(CNC(=O)C=3N=CC=C(N3)N4C=CC(C)=N4)C2,4.754,O=C(NCC1CCN(C(=O)C2CC2)C1)c1nccc(-n2cccn2)n1
XS839437b,CCCN(CC=1C=CC(C#N)=CC1)C(C(=O)NCC)C=2N=C3C=CC=CC3=NC2C,6.988,c1ccc(CNCc2cnc3ccccc3n2)cc1
XS846765a,O=C(C1CCCCN1S(=O)(=O)C=2C=NN(C2)C=3C=CC=CC3)N4CCOCC4,4.826,O=C(C1CCCCN1S(=O)(=O)c1cnn(-c2ccccc2)c1)N1CCOCC1
XS846767a,COC=1C=CC=CC1N2CC(CC2=O)C3=NC=4C=CC=CC4N3CC(=O)NC(C)C,1.12,O=C1CC(c2nc3ccccc3[nH]2)CN1c1ccccc1
XS846768a,CC1=NC(=CS1)COC=2C=CC=C(C2)C(=O)NC(C)C=3C=CC(=CC3)N4C=CN=C4,2.544,O=C(NCc1ccc(-n2ccnc2)cc1)c1cccc(OCc2cscn2)c1
XS145616c,COC=1C=CC(=CC1)N2C(=O)C(CCC(=O)NC(C)C3=CC=CO3)=NC=4C=CC=CC42,0.688,O=C(CCc1nc2ccccc2n(-c2ccccc2)c1=O)NCc1ccco1
XS840512b,O=C(NN=CC1=CC=2C=C(Br)C=CC2OC1)NC3CCS(=O)(=O)C3,0.728,O=C(NN=CC1=Cc2ccccc2OC1)NC1CCS(=O)(=O)C1
XS846772a,CCCC(C)NC(=O)C1CCN(CC1)S(=O)(=O)C=2C=C(Cl)C=CC2Cl,0.734,O=S(=O)(c1ccccc1)N1CCCCC1
XS816021b,CNS(=O)(=O)C=1C=C(C=CC1C)NC(=O)CC2SC=3C=CC=CC3NC2=O,0.596,O=C(CC1Sc2ccccc2NC1=O)Nc1ccccc1
XS846773a,CCCCN1C(=O)NC(=O)C(=C1N)N(C)C(=O)C2CC(=O)N(C2)C=3C=CC(C)=CC3,5.972,O=C(Nc1c[nH]c(=O)[nH]c1=O)C1CC(=O)N(c2ccccc2)C1
XS846771a,CC1=NOC=2N=C(C=C(C(=O)OC(C)C(=O)NC=3C=CC(F)=CC3F)C12)C4CC4,0.39,O=C(COC(=O)c1cc(C2CC2)nc2oncc12)Nc1ccccc1
XS846769a,COC=1C=CC(=CC1S(=O)(=O)N2CCCC2)C(=O)NC3CCC=4C=CC=CC43,0.686,O=C(NC1CCc2ccccc21)c1cccc(S(=O)(=O)N2CCCC2)c1
XS756162b,CC(C)NC(=O)C=1C=NN2CCC(CNC(=O)CC3=CNC=4C=CC(F)=CC34)CC12,0.776,O=C(Cc1c[nH]c2ccccc12)NCC1CCn2nccc2C1
XS787392b,COC=1C=CC(=CC1NC(=O)C(C)OC=2C=CC=CC2)S(=O)(=O)N3CCOCC3,0.488,O=C(COc1ccccc1)Nc1cccc(S(=O)(=O)N2CCOCC2)c1
XS846798a,CNC(=O)C=1C=CN2C(NCC=3C=CC=C(C3)OC)=C(N=C2C1)C4CCCN(C4)C(C)=O,2.584,c1ccc(CNc2c(C3CCCNC3)nc3ccccn23)cc1
XS846791a,CC=1C=CC(=CC1C)NC(C)C(=O)NC=2C=CC(C)=C(C2)S(=O)(=O)N3CCOCC3,0.744,O=C(CNc1ccccc1)Nc1cccc(S(=O)(=O)N2CCOCC2)c1
XS846787a,O=C(C1CCCN1S(=O)(=O)C2=CC=CC3=NSN=C23)N4CCN(CC=5C=CC=6OCOC6C5)CC4,4.362,O=C(C1CCCN1S(=O)(=O)c1cccc2nsnc12)N1CCN(Cc2ccc3c(c2)OCO3)CC1
XS846796a,O=C(NCC1CC1)C2CCCN(C2)C(=O)C3=CN(N=C3C4=CC=CS4)C=5C=CC=CC5,0.878,O=C(NCC1CC1)C1CCCN(C(=O)c2cn(-c3ccccc3)nc2-c2cccs2)C1
XS846784a,CC1CCN(CC1)C(=O)C(CC=2C=CC=CC2)NS(=O)(=O)C=3C=CC=4OCCOC4C3,2.52,O=C(C(Cc1ccccc1)NS(=O)(=O)c1ccc2c(c1)OCCO2)N1CCCCC1
XS840959b,O=C(CN(C(=O)C1CCCC2(CCC2)O1)C3CCC3)NCC=4C=CN=C(C4)OC5CCC5,2.244,O=C(CN(C(=O)C1CCCC2(CCC2)O1)C1CCC1)NCc1ccnc(OC2CCC2)c1
XS846793a,COCCN(CC(=O)NC1CCCC=2C=CC=CC21)CC3=NN=C(O3)C4=CC=CS4,0.626,O=C(CNCc1nnc(-c2cccs2)o1)NC1CCCc2ccccc21
XS846790a,O=C(C(C=1C=CC=CC1)S(=O)(=O)CC=2C=C(Cl)C=3OCCCOC3C2)N4CCCC4,3.51,O=C(C(c1ccccc1)S(=O)(=O)Cc1ccc2c(c1)OCCCO2)N1CCCC1
XS842746b,CC(NC(=O)C=1NN=C2C=CC=CC12)C(=O)N3CCN4C(CC=5C=CC=CC5)=NN=C4C3,1.268,O=C(NCC(=O)N1CCn2c(Cc3ccccc3)nnc2C1)c1[nH]nc2ccccc12
XS846786a,CN(C)S(=O)(=O)C=1C=CC(=CC1)NC(=O)C2CC(=O)N(C2)C=3C=CC=C4C=CC=CC34,1.0,O=C(Nc1ccccc1)C1CC(=O)N(c2cccc3ccccc23)C1
XS846788a,CC(CCC=1C=CC=CC1)NC(=O)C2CCN(CC2)C3=NS(=O)(=O)C=4C=CC=CC34,0.638,O=C(NCCCc1ccccc1)C1CCN(C2=NS(=O)(=O)c3ccccc32)CC1
XS846782a,CC(C)C(NC1=NS(=O)(=O)C=2C=CC=CC12)C(=O)N3CCN(CC3)C=4C=CC=CN4,1.644,O=C(CNC1=NS(=O)(=O)c2ccccc21)N1CCN(c2ccccn2)CC1
XS846792a,COC=1C=CC(=CC1OC)C2CC(=NN2C(=O)CN3CCN(CC3)C(C)=O)C4=CC=CS4,3.294,O=C(CN1CCNCC1)N1N=C(c2cccs2)CC1c1ccccc1
XS842191b,O=C(NC=1C=C(Cl)C=CC1N2CCOCC2)N3CCCC(C3)C4=NN=CN4C5CC5,8.926,O=C(Nc1ccccc1N1CCOCC1)N1CCCC(c2nncn2C2CC2)C1
XS841921b,CCC(C)(C)N1N=NN=C1C(NCC=2C=CC=C3C=CC=CC23)C4=C5COCCC5=NN4C,3.454,c1ccc2c(CNC(c3nnn[nH]3)c3[nH]nc4c3COCC4)cccc2c1
XS840408b,O=C(CCN1N=NC=2C=CC=CC2C1=O)NCC(C=3C(F)=CC=CC3Cl)N4CCCC4,0.994,O=C(CCn1nnc2ccccc2c1=O)NCC(c1ccccc1)N1CCCC1
XS846811a,CC1=CN=C(NC(=O)C2CCC(=O)NC2)S1,2.478,O=C1CCC(C(=O)Nc2nccs2)CN1
XS846805a,CC(C)NC(=O)C1CCCCN1S(C)(=O)=O,0.586,C1CCNCC1
XS842596b,COC(=O)C1CCC2=NC(N)=NN2C1,0.552,c1nc2n(n1)CCCC2
XS842020b,O=C1NC(=NC=2C=CC=C(F)C12)C3CCCS3,1.418,O=c1[nH]c(C2CCCS2)nc2ccccc12
XS846802a,CNC(=O)C1CC=2C=C(Cl)C=CC2O1,0.742,c1ccc2c(c1)CCO2
XS846800a,C1=NN=C(N1)C2CCCN(C2)C=3N=CC=CN3,0.576,c1cnc(N2CCCC(c3nnc[nH]3)C2)nc1
XS846801a,CCC(NC(=O)N1CCC1)C2=NOC(C)=N2,0.44,O=C(NCc1ncon1)N1CCC1
XS842431b,C=CCNC(=O)NC(C)C=1C=CC=C(O)C1,0.488,c1ccccc1
XS837321b,O=C1CCC(N1)C2=NN=C(N2)C3=CC=CS3,1.546,O=C1CCC(c2nnc(-c3cccs3)[nH]2)N1
XS846814a,O=C(NC=1C=CC=CC1)C2CCOC=3C=CC=CC32,1.29,O=C(Nc1ccccc1)C1CCOc2ccccc21
XS840081b,CC(C)=CCNC(=O)C1CC21CCS(=O)(=O)CC2,0.548,O=S1(=O)CCC2(CC2)CC1
XS838544b,CC1(F)COCCN(C1)C=2C=C(C#N)N=C(C#N)C2,0.402,c1cc(N2CCCOCC2)ccn1
XS846823a,O=C(C=1C=CNN1)N2CCNC(=O)C2C=3C=CC=CC3,0.856,O=C1NCCN(C(=O)c2cc[nH]n2)C1c1ccccc1
XS846821a,CCNC(=O)C1CC(=NO1)C2=CC=C(Cl)S2,2.07,c1csc(C2=NOCC2)c1
XS846817a,CC(NC(=O)C(C)(C)C)C=1C=CC(=CC1)N2C=CN=C2,0.546,c1ccc(-n2ccnc2)cc1
XS846825a,CC(C)C(NC(=O)C=1C=NN(C)C1)C=2C=CC(F)=CC2,0.624,O=C(NCc1ccccc1)c1cn[nH]c1
XS842200b,CN1N=CC=C1C2CCCN(C2)C3=CN=CC4=NN=CN34,2.006,c1cc(C2CCCN(c3cncc4nncn34)C2)[nH]n1
XS841087b,O=C(NC1C=CS(=O)(=O)C1)C2=CN3CCCCC3=N2,1.136,O=C(NC1C=CS(=O)(=O)C1)c1cn2c(n1)CCCC2
XS846829a,CCCC(C)NC(=O)C=1C=2CCCC2N=C3C=CC=CC13,1.096,c1ccc2nc3c(cc2c1)CCC3
XS846834a,O=C(NCC=1C=CC(=NC1)N2C=NC=N2)C3CCCO3,1.194,O=C(NCc1ccc(-n2cncn2)nc1)C1CCCO1
XS842359b,CC(NC=1C=CC=C(C1)C2=NN=CN2)C=3C=CC(F)=CC3,1.27,c1ccc(CNc2cccc(-c3nnc[nH]3)c2)cc1
XS846835a,O=C(C=1C=CN=CC1)N2CCCC2CC=3C=CC(F)=CC3,4.69,O=C(c1ccncc1)N1CCCC1Cc1ccccc1
XS839746b,CC(C)S(C)(=O)=NC(=O)C1=CC(=NN1C)C(F)F,0.446,c1cn[nH]c1
XS839689b,O=C(NN1CCCC1=O)C2SCCC=3C=CC=CC32,0.686,O=C(NN1CCCC1=O)C1SCCc2ccccc21
XS838571b,CCC1=CC(=CC(=O)N1)C(=O)N2CCCCC2C(N)=O,0.722,O=C(c1cc[nH]c(=O)c1)N1CCCCC1
XS837342b,COC(CN(C)C1=NC=C(Cl)C(=O)N1)C2CCCC2,0.404,O=c1ccnc(NCCC2CCCC2)[nH]1
XS846824a,COC=1C=CC=C2CC(COC12)NC(=O)N3CCCC3,21.924,O=C(NC1COc2ccccc2C1)N1CCCC1
XS838826b,O=C1CCN(CC=2C=NC3=CC=CC=C3C2)C4CCCN14,3.764,O=C1CCN(Cc2cnc3ccccc3c2)C2CCCN12
XS846827a,CC(C)C1=NN=C2C(C)N(CCN12)C(=O)C=3C=CC=NC3,4.65,O=C(c1cccnc1)N1CCn2cnnc2C1
XS773668b,NC(=O)C1(O)CCCN(C1)C(=O)CCC=2C=CC(F)=CC2,1.6,O=C(CCc1ccccc1)N1CCCCC1
XS846836a,CN1N=C(CCC1=O)C(=O)N2CCCC(C2)N3C=CC=N3,0.388,O=C1CCC(C(=O)N2CCCC(n3cccn3)C2)=NN1
XS846844a,O=C(CN1N=NC=2C=CC=CC21)NC3CCCCNC3=O,1.68,O=C(Cn1nnc2ccccc21)NC1CCCCNC1=O
XS846848a,CC(NC=1C=CC=2OCC(=O)NC2C1)C(=O)N3CCCC3,1.13,O=C1COc2ccc(NCC(=O)N3CCCC3)cc2N1
XS846850a,CC(=O)N1N=C(CC1C=2C=CC(F)=CC2)C3=CC=CS3,1.404,c1ccc(C2CC(c3cccs3)=NN2)cc1
XS569359b,CC=1C=C(C(=O)N2CCCC(C)(CO)C2)C3=NNC=C3C1,0.598,O=C(c1cccc2c[nH]nc12)N1CCCCC1
XS841086b,CN1CC(CC1=O)N(CCS(=O)(=O)F)CC2(F)CC2,0.766,O=C1CC(NCC2CC2)CN1
XS846842a,CC=1C=CC(SCC(=O)NC(C)(C#N)C2CC2)=C(C)C1,0.658,O=C(CSc1ccccc1)NCC1CC1
XS717115b,NC(=O)C(C=1C=CC=CC1)N2CCN(CC2)C=3C=CC=CN3,2.158,c1ccc(CN2CCN(c3ccccn3)CC2)cc1
XS842141b,C=CC(C)(O)CC(=O)N1CCN(CC1)C=2C=CC(O)=CC2,0.466,c1ccc(N2CCNCC2)cc1
XS846843a,CSC=1N=CC=CC1C(=O)NC(C)C=2C=CC(F)=CC2,0.466,O=C(NCc1ccccc1)c1cccnc1
XS574179b,CCN1C=C(C=N1)C(=O)N2CCCCC2C3=NNC(C)=N3,9.302,O=C(c1cn[nH]c1)N1CCCCC1c1nc[nH]n1
XS846858a,O=C(NC=1C=NC2=CC=CC=C2C1)NC3CCCCNC3=O,0.912,O=C(Nc1cnc2ccccc2c1)NC1CCCCNC1=O
XS811517b,COC=1C=CC=CC1CN(C(=O)C2CCC(=O)NC2)C3CC3,2.398,O=C1CCC(C(=O)N(Cc2ccccc2)C2CC2)CN1
XS846852a,CCC1=CC=C(O1)C(=O)N2CCCC2C=3C(C)=NN(C)C3C,2.89,O=C(c1ccco1)N1CCCC1c1cn[nH]c1
XS846855a,CN1CCC(C(=O)NC2=C3CCCC3=CC=4CCCC24)C1=O,0.488,O=C1NCCC1C(=O)Nc1c2c(cc3c1CCC3)CCC2
XS846857a,CC1CCC=2C=CC=CC2N1S(=O)(=O)C=3C=CC=C(F)C3,0.388,O=S(=O)(c1ccccc1)N1CCCc2ccccc21
XS390405b,CC=1C=CC=C(C1C)N2CC(CC2=O)C(=O)NC3=NN=CN3,0.522,O=C(Nc1nnc[nH]1)C1CC(=O)N(c2ccccc2)C1
XS846859a,CN(CC=1C=CC(O)=CC1)C(=O)C2COC=3C=CC=CC3O2,0.696,O=C(NCc1ccccc1)C1COc2ccccc2O1
XS628343b,CC=1C=CC(=CC1C)OCCCC(=O)NC2CCC(=O)NC2,1.234,O=C1CCC(NC(=O)CCCOc2ccccc2)CN1
XS841695b,CC(C(=O)N1CCC21COC2)C=3C(Cl)=CC=CC3Cl,1.85,O=C(Cc1ccccc1)N1CCC12COC2
XS837959b,O=C(CNC(CO)C(F)(F)F)NC=1C=CC=2CCCC2C1,0.45,c1ccc2c(c1)CCC2
XS841106b,O=C(CN1C=C(N=N1)C2CC2)N3CCC(C3)S(=O)(=O)F,0.928,O=C(Cn1cc(C2CC2)nn1)N1CCCC1
XS846865a,CC=1C=CC=2C(=COC2C1C)CC(=O)NC3CCCNC3=O,1.618,O=C(Cc1coc2ccccc12)NC1CCCNC1=O
XS846853a,CCNC(=O)COC=1N=CN=C2SC=3CC(C)CCC3C12,0.78,c1ncc2c3c(sc2n1)CCCC3
XS846869a,COCCOC=1C=C(C=CN1)C(=O)N2CC(C)C=3C=CC=CC32,1.074,O=C(c1ccncc1)N1CCc2ccccc21
XS846870a,CC1=NC(CC(=O)N2CCNC(=O)C2CC(C)C)=C(C)S1,15.962,O=C1CN(C(=O)Cc2cscn2)CCN1
XS846878a,CC(C)N1CC(CC1=O)C(=O)NC=2C=CC(Cl)=C(Cl)C2,2.046,O=C1CC(C(=O)Nc2ccccc2)CN1
XS414574b,CN1C=CN=C1C(NC(=O)C=2C=NC=CN2)C=3C=CC=CC3F,1.18,O=C(NC(c1ccccc1)c1ncc[nH]1)c1cnccn1
XS846866a,CC(=O)N1C=CC=2C=CC=CC2C1CC(=O)NC=3C=CC=NC3,1.044,O=C(CC1NC=Cc2ccccc21)Nc1cccnc1
XS683076b,O=C(C=1C=CC=CC1F)N2CCCC2C3=NC=4C=CC=CC4N3,0.476,O=C(c1ccccc1)N1CCCC1c1nc2ccccc2[nH]1
XS846874a,COC=1C=CC(Cl)=CC1N2CC(CC2=O)C(=O)NC(C)C,0.56,O=C1CCCN1c1ccccc1
XS840579b,CC(NC(=O)C(=O)NC=1C=C(F)C=C(Cl)C1)C=2N=CNN2,1.232,O=C(NCc1nc[nH]n1)C(=O)Nc1ccccc1
XS846871a,CC(NC(=O)C1=NOC=2CCCCC12)C3(CC3)S(C)(=O)=O,1.082,O=C(NCC1CC1)c1noc2c1CCCC2
XS846883a,COC=1C=CC(OC)=C(C1)C(C)NC(=O)CC=2C=CC=C(N)C2,0.606,O=C(Cc1ccccc1)NCc1ccccc1
XS483599b,CC1=NN2CC(CCC2=N1)NC3=C(C#N)C(=O)N(C)C(=O)N3C,9.51,O=c1cc(NC2CCc3ncnn3C2)[nH]c(=O)[nH]1
XS839686b,CC=1C=CC(=CC1)C2CC(=NN2S(C)(=O)=O)C3CCCCC3,3.51,c1ccc(C2CC(C3CCCCC3)=NN2)cc1
XS846890a,CCC1=NOC(=N1)C(C)N(C)CC(=O)NC=2C=CC=C(C)C2C,0.504,O=C(CNCc1ncno1)Nc1ccccc1
XS782979b,CC(NC(=O)N1CCOCC1)C2=NC(=CS2)C=3C=CC=CC3,3.534,O=C(NCc1nc(-c2ccccc2)cs1)N1CCOCC1
XS678189b,O=C(O)CC1CCCN(C1)C(=O)C=2C=C(ON2)C=3C=CC=CC3,0.41,O=C(c1cc(-c2ccccc2)on1)N1CCCCC1
XS846889a,CC=1NC(=O)NC(=O)C1CCC(=O)NC(C)C=2C=CC=CC2F,0.976,O=C(CCc1c[nH]c(=O)[nH]c1=O)NCc1ccccc1
XS840848b,COC=1C=C(C(F)=CC1[N+]([O-])=O)N2CCCC(C2)N3C=CC=N3,0.754,c1ccc(N2CCCC(n3cccn3)C2)cc1
XS846886a,CC1=NC2=C(CCCC2CN(C)C(=O)C=3C=NN(C)C3N)S1,4.638,O=C(NCC1CCCc2scnc21)c1cn[nH]c1
XS667747b,O=C(CCOC=1C=CC=CC1F)N2CCCC(C2)N3C=CC=N3,0.908,O=C(CCOc1ccccc1)N1CCCC(n2cccn2)C1
XS427692b,CC(C)(C)OC=1C=CC=CC1NC(=O)N2CCCC(C2)C(N)=O,1.004,O=C(Nc1ccccc1)N1CCCCC1
XS846888a,O=C(COC=1C=CC=C(Cl)C1)NC(C=2C=CC=CC2)C3CC3,1.112,O=C(COc1ccccc1)NC(c1ccccc1)C1CC1
XS841342b,CC1=NN=C2N1CCC2(C)C(=O)NC3=NN=C(S3)C4CCC4,7.32,O=C(Nc1nnc(C2CCC2)s1)C1CCn2cnnc21
XS846884a,CN(C(=O)C=1C=CC(=CC1)N2C=NC=N2)C3CCS(=O)(=O)C3,5.154,O=C(NC1CCS(=O)(=O)C1)c1ccc(-n2cncn2)cc1
XS846901a,CC=1C=C(NC(=O)C=2CC(C(N)=O)N(N2)C=3C=CC=CC3)N(C)N1,1.144,O=C(Nc1ccn[nH]1)C1=NN(c2ccccc2)CC1
XS846905a,CC1=CC(C)=NN1CC=2C=CC=C(C2)C(=O)N3CCCC3C(C)C,1.05,O=C(c1cccc(Cn2cccn2)c1)N1CCCC1
XS842126b,CC(NC(=O)C1=NOC2=C1CCC=3C=CC=CC23)C4=CN(C)N=N4,5.04,O=C(NCc1c[nH]nn1)c1noc2c1CCc1ccccc1-2
XS842368b,OCC1CC2(CO1)CCN(CC2)C=3C=NC(=CN3)C=4C=CC=CC4,0.528,c1ccc(-c2cnc(N3CCC4(CCOC4)CC3)cn2)cc1
XS839023b,CC(CC1(O)CCC1)NC(=O)C=2SC=3N=CC=CC3C2Cl,0.448,O=C(NCCC1CCC1)c1cc2cccnc2s1
XS846902a,COC(=O)C=1C=CC=C(C1)NC(=O)C2CC(=NO2)C=3C=CC=CC3,4.728,O=C(Nc1ccccc1)C1CC(c2ccccc2)=NO1
XS515178b,CC(C)C1=NC(=NO1)C2CCCN(C2)C(=O)C=3C=CC(C#N)=CN3,6.114,O=C(c1ccccn1)N1CCCC(c2ncon2)C1
XS664191b,O=C(NC(C=1C=CC(Cl)=CC1)C2CC2)C3=NC=CN4C=CN=C34,1.53,O=C(NC(c1ccccc1)C1CC1)c1nccn2ccnc12
XS846893a,CN1C(=O)C=2C=CC=CC2NC1C3=CC=C(Br)S3,1.2,O=C1NC(c2cccs2)Nc2ccccc21
XS846911a,CC(OC(=O)C=1C=C(Br)C=CC1F)C(=O)NC2CC2,0.698,O=C(COC(=O)c1ccccc1)NC1CC1
XS746324b,CC1=NOC(C)=C1CN(C)C(=O)NC2CCCCC=3C=CC=CC32,0.786,O=C(NCc1cnoc1)NC1CCCCc2ccccc21
XS846910a,COC1=CN(N=C1C(=O)OC2CCCCNC2=O)C=3C=CC=CC3,4.03,O=C(OC1CCCCNC1=O)c1ccn(-c2ccccc2)n1
XS846907a,CCN1C=C(C=N1)C(=O)NC2CCCN(CC=3C=CC=CC3)C2=O,2.648,O=C(NC1CCCN(Cc2ccccc2)C1=O)c1cn[nH]c1
XS664415b,O=C1C=2C=CC=CC2C=NN1CC(O)COCC=3C=CC=CC3F,0.39,O=c1c2ccccc2cnn1CCCOCc1ccccc1
XS542307b,CC(OC=1C=CC=CC1)C(=O)NC=2C=CC(=CN2)N3CCOCC3,0.622,O=C(COc1ccccc1)Nc1ccc(N2CCOCC2)cn1
XS842453b,CC=1C=C(N(C)N1)N2CCC(C2=O)N3N=C(OC3=O)C4=CC=CO4,1.52,O=C1C(n2nc(-c3ccco3)oc2=O)CCN1c1ccn[nH]1
XS846914a,COC=1C=C(C=C2OCCOC12)C(=O)NC(C)C=3C=CC=CC3C,3.274,O=C(NCc1ccccc1)c1ccc2c(c1)OCCO2
XS838636b,COC1=CC=CN2C(=O)C=C(N=C12)NC(C)C=3SC=CC3Cl,2.428,O=c1cc(NCc2cccs2)nc2ccccn12
XS846918a,CC(=O)NCC1CCN2N=CC(C(=O)N3CCOCC43CC4)=C2C1,7.742,O=C(c1cnn2c1CCCC2)N1CCOCC12CC2
XS839339b,CC(C)C(NC(=O)NC=1C=CC=2OCCOC2N1)C=3C=NN(C)C3,1.148,O=C(NCc1cn[nH]c1)Nc1ccc2c(n1)OCCO2
XS846917a,COC=1C=CC=CC1C(C#N)NC(=O)C2=CNC(=O)C=3C=CC=CC23,1.624,O=C(NCc1ccccc1)c1c[nH]c(=O)c2ccccc12
XS846920a,CC(NC=1C=CC(=CC1)OC=2C=CC=CC2C#N)C(=O)N3CCCC3,0.74,O=C(CNc1ccc(Oc2ccccc2)cc1)N1CCCC1
XS738728b,CNC(=O)C=1C=CC=C(C1)NC(=O)C2SCCC=3SC=CC32,0.584,O=C(Nc1ccccc1)C1SCCc2sccc21
XS790571b,CN1C=NN=C1C2CCCN(C2)C(=O)COC=3C=CC(Cl)=CC3,3.03,O=C(COc1ccccc1)N1CCCC(c2nnc[nH]2)C1
XS846922a,O=C(NCC1(CCCCC1)C=2C=CC(Cl)=CC2)C3CCC(=O)N3,1.558,O=C1CCC(C(=O)NCC2(c3ccccc3)CCCCC2)N1
XS535035b,COCC1=NNC(=N1)C2CCCCN2C(=O)C=3C=CC(Cl)=CN3,1.1,O=C(c1ccccn1)N1CCCCC1c1ncn[nH]1
XS838218b,CN1N=NC=C1CC(=O)NC2CN(CC2(C)C)C=3C=C(F)N=CN3,0.714,O=C(Cc1cnn[nH]1)NC1CCN(c2ccncn2)C1
XS838790b,N#CC1(CCOC1)OCCN2C=C(N=N2)C=3C=NC4=CC=CC=C4N3,3.446,c1ccc2nc(-c3cn(CCOC4CCOC4)nn3)cnc2c1
XS842003b,CS(=O)(=O)NC=1C=CC(F)=CC1C(=O)NC2CC32CCCCC3,1.622,O=C(NC1CC12CCCCC2)c1ccccc1
XS846924a,CCC(=O)NC(C(=O)N(C)CC=1C=CC=C(C1)OC)C=2C=CC=CC2,0.928,O=C(Cc1ccccc1)NCc1ccccc1
XS846932a,COC(=O)C12CC(C1)(C2)C3=NOC(=N3)C4CCC=5N=CN=C(C)C5C4,1.978,c1ncc2c(n1)CCC(c1nc(C34CC(C3)C4)no1)C2
XS846931a,CC=1C=CC(=CC1F)C2=NOC(CS(=O)(=O)CC3CCCO3)=N2,2.5,O=S(=O)(Cc1nc(-c2ccccc2)no1)CC1CCCO1
XS734815b,O=C(CC=1C=CC=CC1O)N2CCCC2C3=NC=4C=CC=CC4S3,0.626,O=C(Cc1ccccc1)N1CCCC1c1nc2ccccc2s1
XS846928a,CN1C=NN=C1CC2(O)CCCN(C2)C=3N=C4C=CC=CN4C3C#N,1.33,c1ccn2cc(N3CCCC(Cc4nnc[nH]4)C3)nc2c1
XS846933a,CN(CC1COC=2C=CC=CC2O1)C(=O)C=3C=CC(=NC3)NC4CC4,1.06,O=C(NCC1COc2ccccc2O1)c1ccc(NC2CC2)nc1
XS469353b,CC(=O)NC1(CCN(C1)C=2N=CC(Cl)=CC2F)C3=NOC(C)=N3,0.484,c1ccc(N2CCC(c3ncon3)C2)nc1
XS471159b,CN1C=C(C=N1)C2=CN(N=N2)C(C(=O)NC3CC3)C=4C=CC(F)=CC4,1.834,O=C(NC1CC1)C(c1ccccc1)n1cc(-c2cn[nH]c2)nn1
XS846926a,CC(C)CN1N=CN=C1CN2C(=O)CC3(CCC=4C=CC=CC43)C2=O,1.366,O=C1CC2(CCc3ccccc32)C(=O)N1Cc1ncn[nH]1
XS640463b,CC1=CC(=NN1CCC#N)NC(=O)C2CN(C)C(=O)C=3C=CC=CC32,1.898,O=C1NCC(C(=O)Nc2cc[nH]n2)c2ccccc21
XS842671b,CN1CCC(C(=O)NC(C)(C)C=2C=C(ON2)C(F)F)S1(=O)=O,0.754,O=C(NCc1ccon1)C1CCNS1(=O)=O
XS655940b,CC1=CC(=NN1)C2CCCN(C2)C(=O)C=3C=CC(=CC3)OCC4CC4,0.78,O=C(c1ccc(OCC2CC2)cc1)N1CCCC(c2cc[nH]n2)C1
XS461793b,CCC(NC(=O)C=1C(C)=NN2C(C)=CC(C)=NC12)C3=NC(C)=CS3,6.346,O=C(NCc1nccs1)c1cnn2cccnc12
XS846935a,CC=1N=C(SC1C(C)NC(=O)C2(C)CCOCC2)C=3C=CC=CC3,1.078,O=C(NCc1cnc(-c2ccccc2)s1)C1CCOCC1
XS846941a,COC=1C=CC=C2C=C(C(=O)NC(C)C=3C=CC(F)=CC3)C(=O)OC12,1.464,O=C(NCc1ccccc1)c1cc2ccccc2oc1=O
XS677634b,COC=1C=CC(=CC1)OCC(O)CN2C=NC=3C=C(F)C=CC3C2=O,0.588,O=c1c2ccccc2ncn1CCCOc1ccccc1
XS846945a,CC1CC(=O)NC=2C=CC=CC2N1C(=O)COC(=O)C3=CC=CS3,8.066,O=C1CCN(C(=O)COC(=O)c2cccs2)c2ccccc2N1
XS841801b,O=C(C1CSC=2C=CC=CC2O1)N3CCC(CC4=CN=NN4)CC3,2.246,O=C(C1CSc2ccccc2O1)N1CCC(Cc2cnn[nH]2)CC1
XS840812b,CC(NC(=O)N(C)CC1=NC=NN1C)C=2C=CC=C(Cl)C2Cl,0.432,O=C(NCc1ccccc1)NCc1ncn[nH]1
XS836539b,CC1CCC=2C=CC=CC2N1C(=O)CN3N=NN=C3C4CCOCC4,1.836,O=C(Cn1nnnc1C1CCOCC1)N1CCCc2ccccc21
XS846946a,CCC1CCCCN1C(=O)CC=2C(=O)NC(=NC2C)C=3C=CC=NC3,0.506,O=C(Cc1cnc(-c2cccnc2)[nH]c1=O)N1CCCCC1
XS846954a,CC=1C=CC=C(C1)C(CC(=O)NC2=NC(=CS2)C(C)C)NC(N)=O,0.472,O=C(CCc1ccccc1)Nc1nccs1
XS841228b,O=C(CC1C=CS(=O)(=O)C1)OCCN2C(=O)C=3C=CC=CC3C2=O,0.832,O=C(CC1C=CS(=O)(=O)C1)OCCN1C(=O)c2ccccc2C1=O
XS846955a,CC=1C=C(C(=O)NC(C)C=2C=CC(F)=C(F)C2)C=3C(=O)NN(C)C3N1,0.388,O=C(NCc1ccccc1)c1ccnc2[nH][nH]c(=O)c12
XS599308b,CC(C)C1=NOC(=N1)C(NC(=O)C=2C=CC(F)=CN2)C3CCOCC3,1.334,O=C(NC(c1ncno1)C1CCOCC1)c1ccccn1
XS740223b,CCC(CC)N1N=CC(C(=O)NC2COC=3C(Cl)=CC=CC32)=C1C,10.998,O=C(NC1COc2ccccc21)c1cn[nH]c1
XS619200b,O=C(C=1C=CC=2OCC(=O)NC2C1)N(C3CC3)C4CCC=5C=CC=CC54,0.92,O=C1COc2ccc(C(=O)N(C3CC3)C3CCc4ccccc43)cc2N1
XS846950a,CC1=NOC(=N1)C=2C=CC=NC2N3CCC(CC3)OCC4CCCO4,0.472,c1cnc(N2CCC(OCC3CCCO3)CC2)c(-c2ncno2)c1
XS846957a,CC(OC(=O)C1CCN(CC1)C=2C=CC(=CN2)C(F)(F)F)C(N)=O,1.226,c1ccc(N2CCCCC2)nc1
XS846949a,CCCN1C(=NC=2C=CC=CC21)C3CC(=O)N(CCC=4C=CC=CC4)C3,0.408,O=C1CC(c2nc3ccccc3[nH]2)CN1CCc1ccccc1
XS846953a,CC(NC(=O)COC=1C=CC(=CC1)CC(=O)O)C=2C=CC=CC2Cl,0.558,O=C(COc1ccccc1)NCc1ccccc1
XS358679c,O=C(NC=1C=CC=2N=C(OC2C1)C=3C=CC(F)=CC3)C4CCNC(=O)C4,2.154,O=C1CC(C(=O)Nc2ccc3nc(-c4ccccc4)oc3c2)CCN1
XS841047b,COCCC(NC=1C=C(C#N)C2=CC(Cl)=CC=C2N1)C3=CC=C(C)O3,0.43,c1coc(CNc2ccc3ccccc3n2)c1
XS846958a,CC(NC(=O)CN(C)CC=1C=CC(Cl)=CC1Cl)C2=CC=CS2,0.636,O=C(CNCc1ccccc1)NCc1cccs1
XS840103b,CC=1C=C(N(C)N1)N2CCCC(NC3=NC=4C=CC=C(F)C4N3C)C2=O,1.136,O=C1C(Nc2nc3ccccc3[nH]2)CCCN1c1ccn[nH]1
XS846962a,COCC1(COC=2C=CC=CC2C1)NC(=O)C=3C=CN=C4C3N=NN4C,1.516,O=C(NC1COc2ccccc2C1)c1ccnc2[nH]nnc12
XS837806b,CC(COC=1C=CC(=CC1)C(C)(C)C)NC(=O)C=2C=NC=C3N=CNC23,0.644,O=C(NCCOc1ccccc1)c1cncc2nc[nH]c12
XS841312b,N#CC=1C=CC(=CC1)C(CF)NC(=O)C2=CC=3C(=O)NCCCC3S2,1.624,O=C(NCc1ccccc1)c1cc2c(s1)CCCNC2=O
XS846963a,COC(=O)C=1C=CC(C)=C(C1)NC(=O)C2CC(=O)N(CC3=CC=CO3)C2,3.062,O=C(Nc1ccccc1)C1CC(=O)N(Cc2ccco2)C1
XS803006b,COCC1=NC(=NO1)C2CCCCCN2S(=O)(=O)C=3C=CC=NC3,1.504,O=S(=O)(c1cccnc1)N1CCCCCC1c1ncon1
XS846961a,CC=1C=CC=C(C1)C2=NOC(CNC3(CO)COC=4C=CC=CC4C3)=N2,0.39,c1ccc(-c2noc(CNC3COc4ccccc4C3)n2)cc1
MR045527c,CC(CCNC(=O)C=1C=CC2=CC=CN=C2C1)N(C)C(=O)C3=COC=N3,1.284,O=C(NCCCNC(=O)c1cocn1)c1ccc2cccnc2c1
XS846965a,CC=1C=CC2=NC(=CC(=O)N2C1)CN3CCCCC3C(=O)N4CCCC4,2.356,O=C(C1CCCCN1Cc1cc(=O)n2ccccc2n1)N1CCCC1
XS846979a,O=C(NCCC1=CNC=2C=C(F)C(Cl)=CC12)C3CCCS3(=O)=O,0.64,O=C(NCCc1c[nH]c2ccccc12)C1CCCS1(=O)=O
XS846969a,CC(C(=O)NC=1C=C(F)C=CC1F)N2CCN(CC2)C(=O)C3=CC=CO3,0.316,O=C(CN1CCN(C(=O)c2ccco2)CC1)Nc1ccccc1
XS837730b,CN1N=C(C(=O)NC(C(=O)O)C=2C=CC=CC2Cl)C=3C=C(F)C=CC31,1.24,O=C(NCc1ccccc1)c1n[nH]c2ccccc12
XS840783b,O=C(NNC(=O)C1CC(=O)N(C1)C2CC2)C3=CC=4CCCCCC4S3,6.4,O=C(NNC(=O)C1CC(=O)N(C2CC2)C1)c1cc2c(s1)CCCCC2
XS846976a,NC(=O)C(NC(=O)C1=NN(C=2C=CC=CC2)C=3CCCC13)C=4C=CC=CC4,3.202,O=C(NCc1ccccc1)c1nn(-c2ccccc2)c2c1CCC2
XS846978a,CC(=O)N(C)C=1C=CC(=CC1)C(=O)N2CCC(C2)NC=3C=CC=C(C#N)C3,2.954,O=C(c1ccccc1)N1CCC(Nc2ccccc2)C1
XS449397b,CC(C)N1N=CC=2C=C(C=NC21)C(=O)NC3(CO)COC=4C=CC=CC4C3,0.484,O=C(NC1COc2ccccc2C1)c1cnc2[nH]ncc2c1
XS841234b,CC(C(=O)N(C)C)S(=O)(=O)NC1=NC2=C(CCC=3C=CC=CC23)S1,5.4,c1ccc2c(c1)CCc1scnc1-2
XS846980a,O=C(NC1CCN(CC1)C(=O)C=2C=CN=CC2)C3CCCC=4C=CC=CC43,1.226,O=C(NC1CCN(C(=O)c2ccncc2)CC1)C1CCCc2ccccc21
XS837458b,CC(C1=NC=C(O1)C(C)(C)C)S(=O)(=O)CC=2C=CC=C3C=CC=CC23,1.336,O=S(=O)(Cc1ncco1)Cc1cccc2ccccc12
XS837665b,CC=1CCN(N1)C=2C=CC(=CC2)C(=O)NC3(CO)COC=4C=CC=CC4C3,1.384,O=C(NC1COc2ccccc2C1)c1ccc(N2CCC=N2)cc1
XS140716b,CC(NC(=O)C=1C=CC(=CC1)N2C=NC=N2)C=3C=CC(=CC3)N4C=CN=C4,1.146,O=C(NCc1ccc(-n2ccnc2)cc1)c1ccc(-n2cncn2)cc1
XS838642b,O=S1(=O)CCCC=2C=CC=C(CN3C=4C=CC=CC4OCC3CO)C21,4.854,O=S1(=O)CCCc2cccc(CN3CCOc4ccccc43)c21
XS841507b,O=C(C1CCCN(C1)S(=O)(=O)CC=2C=CC=CC2)N3CCOCCN3,0.414,O=C(C1CCCN(S(=O)(=O)Cc2ccccc2)C1)N1CCOCCN1
XS798318b,CC(C)C(NC(=O)C1=CC=CS1)C(=O)NCC2=NC=3C=CC=CC3N2C,0.538,O=C(CNC(=O)c1cccs1)NCc1nc2ccccc2[nH]1
XS846985a,COC=1C=CC(=CC1OC)CN(C)C2CC(=O)N(CC=3C=CC=CC3)C2=O,0.89,O=C1CC(NCc2ccccc2)C(=O)N1Cc1ccccc1
XS839576b,CC(C)(C)OC(=O)C=1C=CC=C(C1)CCNC=2C=CC(=CN2)S(C)(=N)=O,1.0,c1ccc(CCNc2ccccn2)cc1
XS836633b,CC(C(=O)N1CCN2C(=NN=C2C1)C(F)(F)F)C=3C=CC(F)=C(Cl)C3,1.606,O=C(Cc1ccccc1)N1CCn2cnnc2C1
XS837764b,CC(C)C(NC(=O)C=1C=CC=CC1)C(=O)NCC2=CC(=O)N(C)C(=O)N2C,2.268,O=C(CNC(=O)c1ccccc1)NCc1cc(=O)[nH]c(=O)[nH]1
XS842008b,COC(=O)C=1C=CC(=CC1)C(NC(=O)N2CCN3C=CN=C23)C(F)(F)F,1.238,O=C(NCc1ccccc1)N1CCn2ccnc21
XS842149b,CC1=CC(C)=CC(=C1)N2CCC(C(=O)OCC3=NC=C(O3)C(C)(C)C)C2=O,0.998,O=C(OCc1ncco1)C1CCN(c2ccccc2)C1=O
XS846988a,CC(OC(=O)C1=CN=CN1C=2C=CC(F)=CC2)C(=O)NCC=3C=CC=CC3,0.64,O=C(COC(=O)c1cncn1-c1ccccc1)NCc1ccccc1
XS840896b,COC=1C=C(Cl)C=CC1CC(NC(=O)C2=CC=CC3=CC=NN23)C(=O)O,2.514,O=C(NCCc1ccccc1)c1cccc2ccnn12
XS846983a,COC=1C=CC(=CC1)C2CCCN2C(=O)C=3C=CC=C(C3)NS(C)(=O)=O,0.408,O=C(c1ccccc1)N1CCCC1c1ccccc1
XS846987a,COC=1C=CC(=CC1)C2CCCCCN2C(=O)NCC(=O)N3CCCCC3,0.436,O=C(CNC(=O)N1CCCCCC1c1ccccc1)N1CCCCC1
XS791151b,COC(=O)CC(NC(=O)CC1=CNC=2C=CC=CC12)C=3C=CC(Cl)=CC3,2.634,O=C(Cc1c[nH]c2ccccc12)NCc1ccccc1
XS841426b,NS(=O)(=O)C=1C=C(C=CC1N2CCCC(C2)N3C=CN=N3)C(F)(F)F,0.83,c1ccc(N2CCCC(n3ccnn3)C2)cc1
XS838079b,CC1(C)CN(CC2(CCOC2)O1)C(=O)NCCC3=CSC=4C=CC=CC34,0.548,O=C(NCCc1csc2ccccc12)N1CCOC2(CCOC2)C1
XS630531b,CC(NC(=O)C=1C=CC=C2C=CNC12)C=3C=CC(=CC3)N4CCCS4(=O)=O,2.434,O=C(NCc1ccc(N2CCCS2(=O)=O)cc1)c1cccc2cc[nH]c12
XS846999a,COC=1C=CC(=CC1)OCCC(=O)N2CCCC2C3=NC=4C=CC=CC4S3,4.064,O=C(CCOc1ccccc1)N1CCCC1c1nc2ccccc2s1
XS847006a,CC(C)C(NC(=O)C=1C=CC=2C(=O)N3CCCC3=NC2C1)C=4C=CC(F)=CC4,1.688,O=C(NCc1ccccc1)c1ccc2c(=O)n3c(nc2c1)CCC3
XS847005a,CC(CNC(=O)CN(C)CC(=O)NC(C)(C)C)C1=NC=2C=CC=CC2S1,0.462,c1ccc2scnc2c1
XS847002a,CC1CC=2C=CC=CC2N1C(=O)C=3C=CC(=CC3)S(=O)(=O)N4CCCCC4,1.154,O=C(c1ccc(S(=O)(=O)N2CCCCC2)cc1)N1CCc2ccccc21
XS846997a,O=C1CC(CN1C=2C=CC(Cl)=CC2)C3=NC(COC=4C=CC=CC4F)=NO3,2.756,O=C1CC(c2nc(COc3ccccc3)no2)CN1c1ccccc1
XS692758b,O=C(NCC=1C=CC(=NC1)N2C=CC=N2)C3CC(=O)N(C3)C=4C=CC=CC4F,5.06,O=C(NCc1ccc(-n2cccn2)nc1)C1CC(=O)N(c2ccccc2)C1
XS847000a,CC(C)CN(C(=O)C(C=1C=CC=CC1)C=2C=CC=CC2)C3CCS(=O)(=O)C3,0.668,O=C(NC1CCS(=O)(=O)C1)C(c1ccccc1)c1ccccc1
XS484103b,O=S(=O)(NC1CCOC=2C=CC=CC21)C=3C=CC(=NC3)OCC(F)(F)F,0.99,O=S(=O)(NC1CCOc2ccccc21)c1cccnc1
XS841601b,CC=1C=CC2=C(C1)NC(NS2(=O)=O)C(=O)NCC3=NC(=CS3)C4CC4,2.396,O=C(NCc1nc(C2CC2)cs1)C1Nc2ccccc2S(=O)(=O)N1
XS839681b,CC(NC(=O)NC=1C=C(C#N)C(Br)=CN1)C=2C=CC(F)=C(F)C2,2.404,O=C(NCc1ccccc1)Nc1ccccn1
XS708146b,CN(CC=1C=NN(C)C1)C(=O)C2CC(=O)N(C2)C=3C=CC=C(Br)C3,4.188,O=C(NCc1cn[nH]c1)C1CC(=O)N(c2ccccc2)C1
XS777644b,CCOC=1C=CC=CC1C(=O)N2CCN(CC2)C3CCN(C=4C=NN(C)C4)C3=O,2.674,O=C(c1ccccc1)N1CCN(C2CCN(c3cn[nH]c3)C2=O)CC1
XS847020a,CC1=NN(C(C)=C1CN(C)C(=O)C(C)OC=2C=CC(C#N)=CC2)C=3C=CC=CC3,1.038,O=C(COc1ccccc1)NCc1cnn(-c2ccccc2)c1
XS847014a,O=C(CN1C(=O)COC=2C=CC=CC21)N3CCCC3C4=NC=5C=CC=CC5S4,1.228,O=C1COc2ccccc2N1CC(=O)N1CCCC1c1nc2ccccc2s1
XS847016a,CC(C)N(C)S(=O)(=O)C=1C=CC(=CC1)NC(=O)C2COC=3C=CC=CC3O2,0.99,O=C(Nc1ccccc1)C1COc2ccccc2O1
XS847009a,CCN(CC=1C=COC1)C(=O)C23CCC(=O)N3C=4C=CC=CC4C(=O)N2C(C)C,4.49,O=C1NC2(C(=O)NCc3ccoc3)CCC(=O)N2c2ccccc21
XS847010a,CC=1C=CC(Cl)=CC1NC(=O)C(C)N2CCN(CC2)C(=O)C3=CC=CS3,0.596,O=C(CN1CCN(C(=O)c2cccs2)CC1)Nc1ccccc1
XS847023a,CCS(=O)(=O)N1CC=2C=CC=CC2CC1C(=O)NCC3=CC=4C=CC=CC4N3,5.008,O=C(NCc1cc2ccccc2[nH]1)C1Cc2ccccc2CN1
XS837448b,CC=1C=C(CC(C)NC(=O)NC=2C=CC=C3OCCOC23)N(N1)C=4C=CC=CC4,1.03,O=C(NCCc1ccnn1-c1ccccc1)Nc1cccc2c1OCCO2
XS847012a,COC=1C=CC(C=2CC(C=3C=CC=CC3Cl)N(N2)S(C)(=O)=O)=C(C1)OC,2.66,c1ccc(C2=NNC(c3ccccc3)C2)cc1
XS847018a,CC(NC1=NS(=O)(=O)C=2C=CC=CC12)C(=O)N3CCN(CC3)C=4C=CC=CN4,1.762,O=C(CNC1=NS(=O)(=O)c2ccccc21)N1CCN(c2ccccn2)CC1
XS847017a,CCN(CC)S(=O)(=O)C=1C=C(C=CC1OC)C(=O)NC(C)C2=CC=CS2,1.13,O=C(NCc1cccs1)c1ccccc1
XS847015a,CCOC=1C=CC=CC1NC(=O)C2CCCCN2S(=O)(=O)C=3C=CC=CC3,1.31,O=C(Nc1ccccc1)C1CCCCN1S(=O)(=O)c1ccccc1
XS847022a,CC=1C=C(C(=O)NC(C)CC=2C(F)=CC=CC2F)C=3N=C4CCCCCN4C3N1,0.596,O=C(NCCc1ccccc1)c1ccnc2c1nc1n2CCCCC1
XS847019a,COC=1C=CC(OC)=C(C1)CN(CC(=O)N(C)C2CCS(=O)(=O)C2)C3CC3,0.932,O=C(CN(Cc1ccccc1)C1CC1)NC1CCS(=O)(=O)C1
XS840928b,CC1COC=2C(F)=C(F)C=C3C(=O)C(=CN1C32)C(=O)N4CCOC5(CCC5)CC4,5.552,O=C(c1cn2c3c(cccc3c1=O)OCC2)N1CCOC2(CCC2)CC1
XS699675b,CC(C1=NC=2C=CC=CC2S1)N3CCN(CC3)C(=O)C4=NNC(=O)C=5C=CC=CC45,0.932,O=C(c1n[nH]c(=O)c2ccccc12)N1CCN(Cc2nc3ccccc3s2)CC1
XS847035a,COC1=CC(=CC(OC)=C1OC)C(C)NC(=O)C=2C=CC3=NS(=O)(=O)CCN3C2,2.958,O=C(NCc1ccccc1)C1=CN2CCS(=O)(=O)N=C2C=C1
XS841383b,CC=1C=CN=CC1C2CCN(C2)C(=O)CCNC(=O)NC34CC5CC(CC(C5)C4)C3,1.404,O=C(NCCC(=O)N1CCC(c2cccnc2)C1)NC12CC3CC(CC(C3)C1)C2
XS847025a,O=C(C=1C=CC=2NC(=O)CCC2C1)N3CCC(C3)NC=4C=CC=C(Br)C4,1.312,O=C1CCc2cc(C(=O)N3CCC(Nc4ccccc4)C3)ccc2N1
XS840969c,CC(NC(=O)CCCN1N=NC(=N1)C=2C=CC=CC2)C=3C=CC(=CC3)N4C=NC=N4,1.006,O=C(CCCn1nnc(-c2ccccc2)n1)NCc1ccc(-n2cncn2)cc1
XS847031a,CC(NC(=O)CN(C1CC1)S(=O)(=O)C=2C=CC=NC2)C=3C=CC4=CC=CC=C4C3,1.132,O=C(CN(C1CC1)S(=O)(=O)c1cccnc1)NCc1ccc2ccccc2c1
XS841644b,CC=1C=CC(=CC1)S(=O)(=O)C=2C=CC(=CC2)CN3CCN4C(=O)OCCC4C3,0.758,O=C1OCCC2CN(Cc3ccc(S(=O)(=O)c4ccccc4)cc3)CCN12
XS841220b,CN(C)C=1C=CC2=C(C1)OCCN2C(=O)C=3CCC(=O)N(N3)C4CCS(=O)(=O)C4,31.872,O=C(C1=NN(C2CCS(=O)(=O)C2)C(=O)CC1)N1CCOc2ccccc21
XS802079b,CC(C)C(NS(=O)(=O)C=1C=CC=2OCCOC2C1)C(=O)NCC=3C=CC(F)=CC3,1.068,O=C(CNS(=O)(=O)c1ccc2c(c1)OCCO2)NCc1ccccc1
XS847038a,CC(NC(=O)CN1C(=O)CCOC=2C=CC=CC21)C=3C=CC=CC3Br,0.548,O=C(CN1C(=O)CCOc2ccccc21)NCc1ccccc1
XS847033a,COC(=O)C=1C=CC=2NC=3CCN(CC3C2C1)C(=O)C4CCCN(C4)C(=O)C(C)C,2.768,O=C(C1CCCNC1)N1CCc2[nH]c3ccccc3c2C1
XS847028a,O=C(C1COC=2C=CC=CC2O1)N3CCN(CC3)S(=O)(=O)C=4C=CC=C(F)C4,1.866,O=C(C1COc2ccccc2O1)N1CCN(S(=O)(=O)c2ccccc2)CC1
XS841498b,COCC=1N=CC=C(N1)C2CCCN(C2)C=3N=CC(=CC3Cl)C(=O)NC4CCCC4,2.464,O=C(NC1CCCC1)c1ccc(N2CCCC(c3ccncn3)C2)nc1
XS847045a,CC1=NOC(C)=C1COC=2C=CC(=CC2)CC(=O)NC(C)C=3C=CC(=CC3)N4C=CN=C4,1.138,O=C(Cc1ccc(OCc2cnoc2)cc1)NCc1ccc(-n2ccnc2)cc1
XS847048a,COC1=CC(=CC(OC)=C1OC)C2CC(=NN2C(C)=O)C=3C=CC(=CC3)NS(C)(=O)=O,6.612,c1ccc(C2=NNC(c3ccccc3)C2)cc1
XS847042a,CC1=NN(C(C)=C1S(=O)(=O)N(C)CC2=CC=CO2)C(C)C(=O)N3CCN(CC3)C=4C=CC=CC4,0.592,O=C(Cn1cc(S(=O)(=O)NCc2ccco2)cn1)N1CCN(c2ccccc2)CC1
XS847044a,CC(C)C(NC(=O)NCC1=CC=C(S1)S(=O)(=O)N2CCOCC2)C=3C=CC=CC3,1.08,O=C(NCc1ccccc1)NCc1ccc(S(=O)(=O)N2CCOCC2)s1
XS837757b,CS(=O)(=O)NC1CCCN(C1)S(=O)(=O)C=2C=CC3=CC=CC=C3C2Br,1.09,O=S(=O)(c1ccc2ccccc2c1)N1CCCCC1
XS699470b,CC=1C=C(C=C(C1C)S(=O)(=O)N(C)C)C(=O)N2CCCC2C3=NC=4C=CC=CC4N3,1.894,O=C(c1ccccc1)N1CCCC1c1nc2ccccc2[nH]1
XS847052a,CC(NC(=O)CN(CC=1C=CC=CC1)S(C)(=O)=O)C=2C=CC(Br)=CC2,2.832,O=C(CNCc1ccccc1)NCc1ccccc1
XS840499b,CC1=C(C=NNC(=O)C2CCCN(C2)S(=O)(=O)C=3C=CC(C)=CC3)C=C(C#N)N1C,1.126,O=C(NN=Cc1cc[nH]c1)C1CCCN(S(=O)(=O)c2ccccc2)C1
XS847043a,CC=1C=C(NC(=O)CSC=2C=C(Cl)C=CC2Cl)N(N1)C3CCS(=O)(=O)C3,0.524,O=C(CSc1ccccc1)Nc1ccnn1C1CCS(=O)(=O)C1
XS847040a,CC=1N=CC=2CC(CCC2N1)NC(=O)C=3C=C(N=C4ON=C(C34)C5CC5)C=6C=CC=CC6,0.42,O=C(NC1CCc2ncncc2C1)c1cc(-c2ccccc2)nc2onc(C3CC3)c12
XS847041a,COC=1C=CC(=CC1)C(CNC(=O)CN2C(=O)CC3(CCCCC3)C2=O)C4=CNC=5C=CC=CC45,1.086,O=C(CN1C(=O)CC2(CCCCC2)C1=O)NCC(c1ccccc1)c1c[nH]c2ccccc12
XS847059a,CC=1C=CC(=CC1)C(=O)OC(C)C(=O)NC2CC2,0.974,O=C(COC(=O)c1ccccc1)NC1CC1
XS847067a,O=C(NC=1C=CC=C2C=NNC12)C3CNC(=O)C3,0.634,O=C1CC(C(=O)Nc2cccc3cn[nH]c23)CN1
XS839053b,CC(=O)NC1(CCOC1)C(F)F,0.61,C1CCOC1
XS841271b,CC1=NN2C(NCCC2C(F)(F)F)=C1[N+]([O-])=O,0.564,c1cc2n(n1)CCCN2
XS839552b,O=C(NCC=CC=1C=CC=NC1)C2CCCOC2,0.712,O=C(NCC=Cc1cccnc1)C1CCCOC1
XS847068a,N#CC=1C=CC(=NC1)NC2CCCNC2=O,0.664,O=C1NCCCC1Nc1ccccn1
XS598338b,CCC(C)NC(=O)C1=CN=C2C=CC=CN2C1=O,1.116,O=c1ccnc2ccccn12
XS847056a,CC(=O)N1CCCC(C1)N2C=C(C)C=N2,0.624,c1cnn(C2CCCNC2)c1
XS847063a,CCOC(=O)C(NC(N)=O)C=1C=CC=CC1,1.326,c1ccccc1
XS847064a,CC=1C=CC=C(NC(C)C(=O)NC2CC2)C1C,0.43,O=C(CNc1ccccc1)NC1CC1
XS847069a,CCOC=1C=CC=2C=C(NC2C1)C(=O)NC(C#N)CC,0.634,c1ccc2[nH]ccc2c1
XS447902b,CC=1C=C(C)C=C(C1)C(=O)NC(C)C=2C=CN=CC2,1.14,O=C(NCc1ccncc1)c1ccccc1
AR000203b,CCN1CCC(NC=2N=CN=C3C=CC(C)=CC23)C1=O,2.584,O=C1NCCC1Nc1ncnc2ccccc12
XS847072a,CN(C(=O)NC1CCC=2C=NNC2C1)C3CCCC3,0.522,O=C(NC1CCCC1)NC1CCc2cn[nH]c2C1
XS847079a,CC(NC(=O)C1=NNC=2C=CC=CC12)C(=O)NC3CC3,0.786,O=C(CNC(=O)c1n[nH]c2ccccc12)NC1CC1
XS841260b,C#CCOC=1C=C(F)C=CC1NC2CCN(C)C2=O,2.004,O=C1NCCC1Nc1ccccc1
XS847078a,CC1=CC(=NO1)C2CCCN2C=3N=C(C)C=C(C)N3,1.082,c1cnc(N2CCCC2c2ccon2)nc1
XS838578b,CC(NC=1C=CC2=C(C1)N=CN2C)C=3C=CN(C)N3,4.502,c1cc(CNc2ccc3[nH]cnc3c2)n[nH]1
XS847090a,O=S1(=O)CCC(C1)N2CCN(CC2)C=3C=CC=CC3,1.028,O=S1(=O)CCC(N2CCN(c3ccccc3)CC2)C1
XS847087a,CC1=CN=C(NC(=O)C(C)OCC=2C=CC=CC2)S1,0.544,O=C(COCc1ccccc1)Nc1nccs1
XS847085a,CC=1C=CC(=CC1)C2CCCN2C(=O)NC=3C=CC=NC3,3.32,O=C(Nc1cccnc1)N1CCCC1c1ccccc1
XS847084a,CC(C)(C)CC(=O)N1CC=2C=CC=CC2CC1C(=O)O,1.278,c1ccc2c(c1)CCNC2
XS841827b,N#CC=1C=CC(=CC1Cl)N2CCN3C(=O)OCC3C2,0.586,O=C1OCC2CN(c3ccccc3)CCN12
XS837848b,CC=1N=NSC1CN2CCCCCC2C(F)(F)F,0.312,c1nnsc1CN1CCCCCC1
XS841054b,CCC1=NC(CS(=O)(=O)C(C)C2=CC=CS2)=NN1,0.41,O=S(=O)(Cc1nc[nH]n1)Cc1cccs1
XS547649b,CC1=C(Cl)C(=NN1C)C(=O)N2CC(C)OCC2(C)C,3.59,O=C(c1cc[nH]n1)N1CCOCC1
XS838423b,O=C1NCCOCC1NC=2N=CC=C(C2F)C(F)F,0.55,O=C1NCCOCC1Nc1ccccn1
XS847091a,COC=1C=CC2=CC(=CC=C2C1)C(C)C(=O)N3CCCC3,1.136,O=C(Cc1ccc2ccccc2c1)N1CCCC1
XS847082a,CC(=O)N1N=C(CC1C=2C=CC=CC2C)C=3C=CSC3,0.562,c1ccc(C2CC(c3ccsc3)=NN2)cc1
XS824247b,CC(NC(=O)CN(C)C=1C=CC=CC1)C=2C=CC(F)=CC2,0.66,O=C(CNc1ccccc1)NCc1ccccc1
XS674421b,COCC1(CCCN1CC=2C=CC(=CC2)OC)C(N)=O,1.162,c1ccc(CN2CCCC2)cc1
XS847088a,COC=1C=CC(=CC1)CC(=O)NC2CCCCNC2=O,1.574,O=C(Cc1ccccc1)NC1CCCCNC1=O
XS842173b,CN1N=CC=2C(=O)N=C(NC(=O)C3(C)C=CCC3)NC21,0.768,O=C(Nc1nc(=O)c2cn[nH]c2[nH]1)C1C=CCC1
XS392484b,O=C(NC1=NN=CN1)C2CC(=O)N(C2)C=3C=CC=CC3F,0.982,O=C(Nc1nnc[nH]1)C1CC(=O)N(c2ccccc2)C1
XS837055b,CC(C)OC(=O)C(C)CNC(=O)C1=CNC=2C=CC=NC12,0.416,c1cnc2cc[nH]c2c1
XS470969b,O=C(C=1C=NC2=C(F)C=CC(F)=C2C1)N3CCCC(O)C3,0.776,O=C(c1cnc2ccccc2c1)N1CCCCC1
XS847103a,CC1CCCCN1C(=O)CSC2=NN=C(O2)C(C)(C)C,0.862,O=C(CSc1nnco1)N1CCCCC1
XS847097a,N#CC=1C=CC(=CC1)OCC(O)CN2C=NC=3C=CC=CC32,0.712,c1ccc(OCCCn2cnc3ccccc32)cc1
XS847096a,CC(C)NC(=O)C1CC(=O)N(C1)C=2C=CC=C(C2)C(C)C,1.148,O=C1CCCN1c1ccccc1
XS839346b,CC=1C=NC=2N=C(NC3CCC4=NN=CN4C3)SC2N1,7.404,c1cnc2sc(NC3CCc4nncn4C3)nc2n1
XS837569b,CCOC(=O)C1=C(C)C=NN(CCOC2CCOC2)C1=O,0.524,O=c1cccnn1CCOC1CCOC1
XS847099a,CC(CN1C=CC=N1)NC2=C(C#N)C(=O)N(C)C(=O)N2C,5.702,O=c1cc(NCCn2cccn2)[nH]c(=O)[nH]1
XS816929b,O=C(C=1C=CC=2CCCC2C1)N3CCCC(C3)N4C=NC=N4,3.5,O=C(c1ccc2c(c1)CCC2)N1CCCC(n2cncn2)C1
XS847102a,CCN1CC(CC1=O)C(=O)NC=2C=CC(=CC2)OC(C)C,1.106,O=C1CC(C(=O)Nc2ccccc2)CN1
XS847100a,O=C(NC=1C=CC=C(F)C1)N2CCCC2C=3C=CSC3,1.322,O=C(Nc1ccccc1)N1CCCC1c1ccsc1
XS784847b,COC=1C=CC=C(C1)CCC(=O)NC2CCC(=O)NC2=O,2.442,O=C1CCC(NC(=O)CCc2ccccc2)C(=O)N1
XS847098a,CN(CC1COC=2C=CC=CC2O1)C=3C=CC4=NN=CN4N3,2.606,c1ccc2c(c1)OCC(CNc1ccc3nncn3n1)O2
XS847104a,CC=1N=C(SC1C(=O)N2CCC(C2)C(N)=O)C(C)(C)C,0.52,O=C(c1cncs1)N1CCCC1
XS079474b,COC=1C=CC(=CC1)C(=O)NC(C)C=2C=CC(F)=CC2F,0.428,O=C(NCc1ccccc1)c1ccccc1
XS566000b,CC1=NOC(=N1)C2CCN(C2)C(=O)C3=CNN=C3C4CC4,1.164,O=C(c1c[nH]nc1C1CC1)N1CCC(c2ncno2)C1
XS839394b,CC1=NN(C(C)=C1NC(CF)C2=CN=NN2C)C(C)(C)C,0.388,c1n[nH]cc1NCc1cnn[nH]1
XS847101a,CCC1=CC=C(CNC(=O)C2CC(=O)N(C2)C(C)C)S1,1.85,O=C1CC(C(=O)NCc2cccs2)CN1
XS840190b,C=1C=CC(=NC1)C2=NN=NN2CC3CCC4(CCCCC4)O3,0.882,c1ccc(-c2nnnn2CC2CCC3(CCCCC3)O2)nc1
XS841354b,O=S1(=O)N=C(NCC=2C=CC=CC2)C(N1)C=3C=CC=CC3,0.902,O=S1(=O)N=C(NCc2ccccc2)C(c2ccccc2)N1
XS586078b,CCC=1C=CC=2OC=C(C(=O)NC3C(=O)OCC3(C)C)C2C1,1.282,O=C(NC1CCOC1=O)c1coc2ccccc12
XS847108a,CCC1CCCCN1C(=O)CN2C(=O)C=3C=CC=CC3C2=O,0.582,O=C(CN1C(=O)c2ccccc2C1=O)N1CCCCC1
XS777628b,CN(CC1COC=2C=CC=CC2O1)C(=O)C=3C=NC=C(O)C3,0.442,O=C(NCC1COc2ccccc2O1)c1cccnc1
XS847115a,CC=1C=CC(=CN1)C(=O)N2CCCC(C2)C(=O)NCC3CC3,1.184,O=C(NCC1CC1)C1CCCN(C(=O)c2cccnc2)C1
XS393239b,O=C(COC=1C=C(Cl)C=CC1Cl)NCC2CCCO2,3.876,O=C(COc1ccccc1)NCC1CCCO1
XS847110a,O=C(CCS(=O)CC=1C=CC(F)=CC1)NC=2C=CC=CC2,0.832,O=C(CCS(=O)Cc1ccccc1)Nc1ccccc1
XS836563b,CC(N(C)C(=O)C1=CC=C(NC1=O)C2=CC=CO2)C(C)(C)C,5.05,O=c1cccc(-c2ccco2)[nH]1
XS565947b,CC(=O)NC(C)C1CCN(CC1)C(=O)C=2N=COC2C3CC3,1.514,O=C(c1ncoc1C1CC1)N1CCCCC1
XS847112a,CC(C)N1CC(CC1=O)C(=O)NC=2C=CC(F)=CC2Cl,2.662,O=C1CC(C(=O)Nc2ccccc2)CN1
XS847127a,CC1=CC(C)=C(CNC(=O)NC2CCCCNC2=O)C(=O)N1,1.478,O=C(NCc1ccc[nH]c1=O)NC1CCCCNC1=O
XS847125a,NC(=O)C1CCN(C1)C(=O)CCC2=NC=C(O2)C=3C=CC=CC3,7.116,O=C(CCc1ncc(-c2ccccc2)o1)N1CCCC1
XS329124b,CC=1C=C(NC(=O)C(C)N(C)CC=2C(F)=CC=CC2F)ON1,0.502,O=C(CNCc1ccccc1)Nc1ccno1
XS842429b,CCN1N=C(C)C(CNC(=O)N2CCCC(O)(C2)C3CC3)=N1,0.416,O=C(NCc1cn[nH]n1)N1CCCC(C2CC2)C1
XS847122a,COC(=O)C=1C=CC=CC1NC(=O)C2COC=3C=CC=CC3O2,2.954,O=C(Nc1ccccc1)C1COc2ccccc2O1
XS800112b,CCOC(=O)C=1C=NC(=NC1N)SC2CCCCNC2=O,0.628,O=C1NCCCCC1Sc1ncccn1
XS841235b,CCN(CC1=CC(=O)OC=2C=C3CCCC3=CC12)CC(C)C#N,0.62,O=c1ccc2cc3c(cc2o1)CCC3
XS847129a,CC1=C(SC=2C=CC(F)=CC12)C(=O)N3CCC(C3)C(N)=O,2.194,O=C(c1cc2ccccc2s1)N1CCCC1
XS837301b,O=C(C1CC=CC=2C=CC=CC21)N3CCC=4C(=O)NC=NC4C3,2.86,O=C(C1CC=Cc2ccccc21)N1CCc2c(nc[nH]c2=O)C1
XS847120a,CC(=O)NC=1C=CC(=CC1)OC(C)C(=O)N(C)C=2C=CC=CC2,0.72,O=C(COc1ccccc1)Nc1ccccc1
XS847121a,CC=1C=CC=CC1CNC(=O)CC(NC(N)=O)C=2C=CC=CC2,2.348,O=C(CCc1ccccc1)NCc1ccccc1
XS847141a,O=C(CCN1C(=O)C=2C=CC=CC2C1=O)NC3CCCNC3=O,0.702,O=C(CCN1C(=O)c2ccccc2C1=O)NC1CCCNC1=O
XS837229b,CCC1C=2C=C(F)C(F)=CC2CCN1C3=NC=CN4N=NN=C34,1.134,c1ccc2c(c1)CCN(c1nccn3nnnc13)C2
XS604374b,CC=1C=CC(=C(C)C1)S(=O)(=O)NC(C(N)=O)C=2C=CC=CC2,1.224,O=S(=O)(NCc1ccccc1)c1ccccc1
XS836587b,CC1(CCS(=O)(=O)C1)NNC(=O)NCCC2=CCCCC2,0.876,O=C(NCCC1=CCCCC1)NNC1CCS(=O)(=O)C1
XS847132a,O=C(NC1CCOC2(CCOCC2)C1)C3=CC=4C=CC=CC4O3,0.542,O=C(NC1CCOC2(CCOCC2)C1)c1cc2ccccc2o1
XS840474b,[O-][N+](=O)C1=C(N=C2SC=CN12)N3CCCC(C3)C4=NN=CN4,0.844,c1nnc(C2CCCN(c3cn4ccsc4n3)C2)[nH]1
DR004224b,CC1=NNC(C)=C1C2COCCN2C(=O)CC=3C=CC=CC3F,7.772,O=C(Cc1ccccc1)N1CCOCC1c1cn[nH]c1
XS847138a,CCC1CCC=2SC(=CC2C1)C(=O)NCC3=NN=CN3CC,0.654,O=C(NCc1nnc[nH]1)c1cc2c(s1)CCCC2
XS465536b,COC=1C=CC(=CC1)C2CCCN2C(=O)NCC3CCOCC3,0.68,O=C(NCC1CCOCC1)N1CCCC1c1ccccc1
XS847139a,COC=1C=CC2=C(C1)CCCN2C(=O)NC3CCCCNC3=O,1.936,O=C1NCCCCC1NC(=O)N1CCCc2ccccc21
XS637671b,COC=1N=CC=CC1CNC(=O)N2CCCC2C3=CC(C)=NO3,9.03,O=C(NCc1cccnc1)N1CCCC1c1ccno1
XS847134a,CC(C)C(C)(C#N)NC(=O)COC=1C=CC=2C=CC(=O)OC2C1,0.806,O=c1ccc2ccccc2o1
XS847140a,CCC(C)(C)NC(=O)CN1CCNC(=O)CC1C=2C=CC=CC2,2.172,O=C1CC(c2ccccc2)NCCN1
XS791220b,COC=1C(Cl)=CC(=CC1Cl)NC(=O)C2CC(=O)N(C)C2,1.534,O=C1CC(C(=O)Nc2ccccc2)CN1
XS787457b,CCN(C(=O)CN1C=CC(=O)NC1=O)C(C)C=2C=CC(F)=CC2,0.9,O=C(Cn1ccc(=O)[nH]c1=O)NCc1ccccc1
XS839885b,CC(NC(=O)NC=1C=CC=2CCC3=CC=CC1C32)C=4C=NN(C)C4,1.192,O=C(NCc1cn[nH]c1)Nc1ccc2c3c(cccc13)CC2
XS847135a,CC1=NC2=C(CCCC2CNC(=O)NCC3=CNN=C3C)S1,0.424,O=C(NCc1cn[nH]c1)NCC1CCCc2scnc21
XS838821b,O=S1(=O)CCC=2C=CC=CC2N1CC3(CC3)C4CCCCO4,0.608,O=S1(=O)CCc2ccccc2N1CC1(C2CCCCO2)CC1
XS847147a,CCCCNC(=O)CS(=O)CC=1C=CC(Cl)=CC1Cl,1.264,c1ccccc1
XS847152a,CCC1=NOC=2N=CC(=CC12)C(=O)NC3CCCC4=C3C=NN4C,1.056,O=C(NC1CCCc2[nH]ncc21)c1cnc2oncc2c1
XS847151a,CC=1C=NC(=CN1)C(=O)NC(CN2CCCC2=O)C=3C=CC=CC3,4.67,O=C(NC(CN1CCCC1=O)c1ccccc1)c1cnccn1
XS837705b,CC1CN(C(=O)C=2C=CC=C3OCOC23)C=4C=CC=CC4NC1=O,5.322,O=C1CCN(C(=O)c2cccc3c2OCO3)c2ccccc2N1
XS847143a,CC=1C=NN(C1)CC2CCCCN2C(=O)C3=CC=4C=CC=CC4N3,1.26,O=C(c1cc2ccccc2[nH]1)N1CCCCC1Cn1cccn1
XS847146a,CC(C)N1C=NC(=C1)C(=O)N2CCC(C2)NC=3C=CC=C(C#N)C3,1.432,O=C(c1c[nH]cn1)N1CCC(Nc2ccccc2)C1
XS839274b,CC1=CC(COCC2=NC(=NO2)C3CCCC=4C=CC=CC43)=NO1,0.636,c1ccc2c(c1)CCCC2c1noc(COCc2ccon2)n1
XS570528b,CC=1C=CC(C)=C(C1)S(=O)(=O)N2CCN(CC2)C(C)C(=O)O,5.904,O=S(=O)(c1ccccc1)N1CCNCC1
XS838236b,COP1(=S)C(C=NN1C)=C2N(C)C=3C=CC=CC3C2(C)C,3.28,S=[PH]1NN=CC1=C1Cc2ccccc2N1
XS836668b,CC(NC=1C=CC(Cl)=CC1Cl)C(=O)N2CCC3(CCC3)C2,0.972,O=C(CNc1ccccc1)N1CCC2(CCC2)C1
XS840082b,CCN1N=C(C)C(CN2N=NC(=N2)C3(CCCN3)C(F)(F)F)=N1,0.39,c1n[nH]nc1Cn1nnc(C2CCCN2)n1
XS847164a,CCOC1CCCN(C1)C(=O)CC2=NN(C)C(=O)C=3C=CC=CC23,0.772,O=C(Cc1n[nH]c(=O)c2ccccc12)N1CCCCC1
XS839060b,CC(C)OCC1=CN(N=N1)C2CC3(CCCC3)OC=4C=CC=CC42,1.27,c1ccc2c(c1)OC1(CCCC1)CC2n1ccnn1
XS847155a,CC1=CN=C(CS(=O)CC=2C=CC(F)=C(Br)C2)O1,0.698,O=S(Cc1ccccc1)Cc1ncco1
XS847156a,CCN(C(=O)C=1C=CN=C(C1)OC2CCOC2)C=3C=CC=CC3C,0.664,O=C(Nc1ccccc1)c1ccnc(OC2CCOC2)c1
XS839675b,CC1=CC(C)=NN1C=2C=CC(=CC2)CCNC(=O)C(C)NC(N)=O,0.938,c1ccc(-n2cccn2)cc1
XS837964b,COC=1C=C(SN1)S(=O)(=O)NC2CCC3=NC(C)=NN3C2,0.796,O=S(=O)(NC1CCc2ncnn2C1)c1ccns1
XS800375b,O=C1C=2C=CC=NC2N=CN1CC(O)COCC=3C=CC=CC3F,1.24,O=c1c2cccnc2ncn1CCCOCc1ccccc1
XS582867b,O=C(CC1OC=2C=CC=CC2NC1=O)N3CCN(C(=O)C3)C4CC4,7.148,O=C1Nc2ccccc2OC1CC(=O)N1CCN(C2CC2)C(=O)C1
XS847159a,CCCC(C)NC(=O)CC=1C(C)=NN(C1C)C=2N=C(C)C=C(C)N2,0.686,c1cnc(-n2cccn2)nc1
XS847160a,CCN1CC(CC1=O)C(=O)NC=2C(C)=NN(C2C)C=3C=CC=CC3,1.614,O=C1CC(C(=O)Nc2cnn(-c3ccccc3)c2)CN1
XS838827b,CC1=CC(=O)NC=2C(C)=C(C=CC12)OCC3CC4(CCOCC4)O3,5.812,O=c1ccc2ccc(OCC3CC4(CCOCC4)O3)cc2[nH]1
XS840632b,CCC1=NC(=CS1)COC(=O)C2CC(=O)N(C)C=3C=CC=CC32,0.682,O=C1CC(C(=O)OCc2cscn2)c2ccccc2N1
XS847172a,O=C(C=1C=NC=CN1)N2CCOCC2C3=NC=NN3C=4C=CC=CC4,0.6,O=C(c1cnccn1)N1CCOCC1c1ncnn1-c1ccccc1
XS847174a,CCCCNC(=O)N(C)CC1=NN=C2CCC(CN12)C(F)(F)F,3.648,c1nnc2n1CCCC2
XS847170a,COC(CNC(=O)C=1C=CN(N1)C=2C=CC(Cl)=CC2)C(C)(C)C,0.992,c1ccc(-n2cccn2)cc1
XS847180a,CN(CC(=O)N(C)C1CCC=2C=CC=CC21)C=3N=CN=C4N=CNC34,1.472,O=C(CNc1ncnc2nc[nH]c12)NC1CCc2ccccc21
XS837345b,CS(=N)(=O)C=1C=CC=C(C1)CNC2=CC=NC3=C(Cl)C=NN23,2.586,c1ccc(CNc2ccnc3ccnn23)cc1
XS847171a,CCN1N=C(C=C1C(=O)NC(CC2CCCCC2)C(=O)O)C(C)C,0.416,O=C(NCCC1CCCCC1)c1ccn[nH]1
XS839142b,CC=1N=C(SC1C)S(=O)(=O)N(C)C2CCC=3C=CC=CC3C2,1.216,O=S(=O)(NC1CCc2ccccc2C1)c1nccs1
XS690664b,O=C(O)C1CC=2C=CC=CC2N1C(=O)C=3C=CN(N3)C=4C=CC=CC4,5.708,O=C(c1ccn(-c2ccccc2)n1)N1CCc2ccccc21
XS722629b,CC1=CSC(CNC(=O)C=2C=CC=CC2OCC3CCCO3)=N1,0.686,O=C(NCc1nccs1)c1ccccc1OCC1CCCO1
XS847177a,CCCN1N=C(C=CC1=O)C(=O)NC(C)C=2C=C(F)C=CC2OC,0.54,O=C(NCc1ccccc1)c1ccc(=O)[nH]n1
XS847178a,CC(C)C=1C=C(NC(=O)CN2CCCC(C2)C3=CC=NN3C)ON1,0.652,O=C(CN1CCCC(c2ccn[nH]2)C1)Nc1ccno1
XS847167a,NC(=O)C1CCN(C1)C=2N=CC=CC2C(=O)N3CCC=4C=CC=CC43,1.324,O=C(c1cccnc1N1CCCC1)N1CCc2ccccc21
XS847173a,CC=1C=CC=2C(=COC2C1C)CC(=O)NC3(C)CCS(=O)(=O)C3,0.504,O=C(Cc1coc2ccccc12)NC1CCS(=O)(=O)C1
XS847176a,O=C(NCCC=1C=CC=C(Cl)C1)C2CCCN(C2)C(=O)C3CC3,1.128,O=C(NCCc1ccccc1)C1CCCN(C(=O)C2CC2)C1
XS332661b,CC=1OC(=NC1C(=O)N2CCCCC2CC(N)=O)C=3C=NN(C)C3,1.52,O=C(c1coc(-c2cn[nH]c2)n1)N1CCCCC1
XS837587b,CN(CC(=O)NC1=NC=CS1)C(=O)C2CCCC=3N=NN(C)C32,0.76,O=C(CNC(=O)C1CCCc2nn[nH]c21)Nc1nccs1
XS841120b,CCOC1=C(C=NN1C=2C=CC=CC2)C(=O)NC3CCCN(C#N)C3,0.766,O=C(NC1CCCNC1)c1cnn(-c2ccccc2)c1
XS847188a,CC(NC(=O)NC=1C=CC=C(C1)CN2CCOC2=O)C=3C=CC=CC3,7.07,O=C(NCc1ccccc1)Nc1cccc(CN2CCOC2=O)c1
XS847185a,COCC(C)NC(=O)CCCN1C=NC2=C1C(=O)N(C)C(=O)N2C,0.88,O=c1[nH]c(=O)c2[nH]cnc2[nH]1
XS837613b,CC(C)C(F)C(=O)N1CC2(CC(C2)NC(=O)CC(C)(C)C3CC3)C1,1.106,O=C(CCC1CC1)NC1CC2(CNC2)C1
XS847187a,O=C(CC1SC=2C=CC=CC2NC1=O)N3CCC=4C=CC=CC4C3,7.654,O=C1Nc2ccccc2SC1CC(=O)N1CCc2ccccc2C1
XS847182a,CC=1C=C(NC(=O)C(C)NC=2C=CC(C)=C(C2)OCC(F)F)ON1,0.466,O=C(CNc1ccccc1)Nc1ccno1
XS840798b,CC=1OC=2C=C(C=CC2C(=O)C1OC=3C=CC=CC3)OC(C)C(=O)O,1.554,O=c1c(Oc2ccccc2)coc2ccccc12
XS839859b,CC1CCC=2C=CC=CC2N1C(=O)COC=3C=CC=4COC(=O)C4C3,1.162,O=C1OCc2ccc(OCC(=O)N3CCCc4ccccc43)cc21
XS847184a,NC(=O)C1CN(C=2C=CC=CC21)S(=O)(=O)C=3C=CC(F)=CC3F,0.852,O=S(=O)(c1ccccc1)N1CCc2ccccc21
XS636777b,CC(=O)NCC=1C=CC(=CC1)C(=O)NC(C=2N=CC=CC2C)C(C)C,0.386,O=C(NCc1ccccn1)c1ccccc1
XS838430b,CC(C1=CC=CO1)C2=NOC(CN3C(=O)CCOC=4C=CC=CC43)=N2,0.64,O=C1CCOc2ccccc2N1Cc1nc(Cc2ccco2)no1
XS419529b,CN1C=CN=C1C(NC(=O)C=2C=C(Cl)C=CN2)C=3C=CC=C(F)C3,0.432,O=C(NC(c1ccccc1)c1ncc[nH]1)c1ccccn1
XS483179b,CN1N=CC=2C(N)=NC(=NC21)N3CCC(CC=4C=CC(F)=C(F)C4)C3,0.68,c1ccc(CC2CCN(c3ncc4cn[nH]c4n3)C2)cc1
XS847199a,O=C(CC1C(=O)NC=2C=CC=CC21)NC=3C=CC(=CC3)C=4C=CC=CC4,3.77,O=C(CC1C(=O)Nc2ccccc21)Nc1ccc(-c2ccccc2)cc1
XS456289b,CC1=NN(C=2N=CC(=CC12)C=3C=CC(C)=NC3)C4CCS(=O)(=O)C4,1.694,O=S1(=O)CCC(n2ncc3cc(-c4cccnc4)cnc32)C1
XS396598b,COC=1C=CC=2N=C(NC(=O)C3COC=4C=CC=CC4O3)SC2C1,3.266,O=C(Nc1nc2ccccc2s1)C1COc2ccccc2O1
XS841728b,O=C(O)CC=1SC=CC1C(=O)N2CC=3C=CC=C4CCCC(C2)C43,1.168,O=C(c1ccsc1)N1Cc2cccc3c2C(CCC3)C1
XS847196a,O=C(O)C12CC(C1)(C2)NC(=O)NC3CC4(CCC4)OC=5C=CC=CC53,10.552,O=C(NC1CC2(CCC2)Oc2ccccc21)NC12CC(C1)C2
XS838426b,CN(C)S(C)(=O)=NCC1CCN(CC1)C2=NSC(=N2)C3CC3,0.878,C1CCN(c2nsc(C3CC3)n2)CC1
XS847197a,COC=1C=CC(=CC1)CCNC(=O)N2CCCC(C2)C3=NN=CN3C,1.068,O=C(NCCc1ccccc1)N1CCCC(c2nnc[nH]2)C1
XS839843b,CC1=CC(C)=NC2=C1C(=NN2C)OCC(=O)N3CC(C)(C)C3C4CC4,0.636,O=C(COc1n[nH]c2ncccc12)N1CCC1C1CC1
XS841890b,CC1=NN=C(CC=2C=CC(=CC2)C(=O)N3CC4(CCC4)CC3CO)O1,1.398,O=C(c1ccc(Cc2nnco2)cc1)N1CCC2(CCC2)C1
XS790577b,CC(=O)N1CCCN(CC1)C(=O)NC2CCCN(C2)C=3N=CC=CN3,3.59,O=C(NC1CCCN(c2ncccn2)C1)N1CCCNCC1
XS838359b,COC(=O)CC1CN(C=2C=NC=C(N2)C(F)(F)F)C3(CCC3)CO1,1.632,c1cnc(N2CCOCC23CCC3)cn1
XS841846b,CC(NC(=O)C=1C=CC(Cl)=C(C1)N2CCCC2=O)C3=CN=CS3,2.14,O=C(NCc1cncs1)c1cccc(N2CCCC2=O)c1
XS837157b,CN(CC1CCOC1)S(=O)(=O)C2=CC=3C=C(Cl)C=CC3S2,1.372,O=S(=O)(NCC1CCOC1)c1cc2ccccc2s1
XS847205a,CCC(=O)N1CCCCC1C(=O)N2CCCN(C)C=3C=CC(F)=CC32,0.684,O=C(C1CCCCN1)N1CCCNc2ccccc21
XS847202a,CC(C=1C=CC=CN1)N(C)C(=O)C=2N=C(C3CC3)N(N2)C=4C=CC=CC4,1.828,O=C(NCc1ccccn1)c1nc(C2CC2)n(-c2ccccc2)n1
XS840355b,CC=1N=C(COC(=O)C(C)OC=2C=CC(C#N)=CC2)N=C3C=CC=CC13,0.764,O=C(COc1ccccc1)OCc1ncc2ccccc2n1
XS389833b,CC(C1=NC=2C=CC=CC2S1)N(C)CC3=CC(=O)N4C=CC=CC4=N3,0.966,O=c1cc(CNCc2nc3ccccc3s2)nc2ccccn12
XS723166b,CC(C(=O)NC1=NNC2=C1C(=NN2C)C=3C=CC=CC3)C4CCOCC4,1.438,O=C(CC1CCOCC1)Nc1n[nH]c2[nH]nc(-c3ccccc3)c12
XS394131b,CC1CC=2C=CC=CC2N1C(=O)CN3C=NC4=C3C(=O)N(C)C(=O)N4C,3.37,O=C(Cn1cnc2[nH]c(=O)[nH]c(=O)c21)N1CCc2ccccc21
XS847223a,CCOC(=O)NC1CCCN(C1)C(=O)C=2C=C(OC)C(C)=C(C2)OC,0.562,O=C(c1ccccc1)N1CCCCC1
XS839108b,CC=1C=CC=2CCC(NC=3N=C4CCS(=O)(=O)CC4=CC3C#N)C2C1,0.538,O=S1(=O)CCc2nc(NC3CCc4ccccc43)ccc2C1
XS701388b,COC=1C=CC(OC)=C(C1)N2CC(CC2=O)C(=O)NC=3C=C(C)C=CN3,4.178,O=C(Nc1ccccn1)C1CC(=O)N(c2ccccc2)C1
XS820544b,CC=1C=CC=C(C1)CNC(=O)N2CCCC(C2)C3=NN=C4C=CC=CN34,1.062,O=C(NCc1ccccc1)N1CCCC(c2nnc3ccccn23)C1
XS840360b,CC(NCC1=CC=C(O1)C=2C=CC(Br)=CC2)C=3C=CC=NC3,9.634,c1ccc(-c2ccc(CNCc3cccnc3)o2)cc1
XS837861b,CC1(C)CC(C(=O)NC=2N=CN(N2)C3CCCCC3)C=4C=CC=CC4O1,3.986,O=C(Nc1ncn(C2CCCCC2)n1)C1CCOc2ccccc21
XS847221a,CCC(CC)N1N=CC=C1C(=O)N2CCC(C2)NC=3C=CC=C(C#N)C3,1.204,O=C(c1ccn[nH]1)N1CCC(Nc2ccccc2)C1
XS837704b,CC1OC=2C(=CC=CC2NC1=O)C(=O)N3CC=C(CC3)C4=CC=CS4,0.908,O=C1COc2c(cccc2C(=O)N2CC=C(c3cccs3)CC2)N1
XS841933b,N#CC=1C=NC=C(N1)NC2CCC3=CN(CCCC(F)(F)F)N=C3C2,3.322,c1cnc(NC2CCc3c[nH]nc3C2)cn1
XS842155b,COCC1=NOC=C1C(=O)NC2=CC=NN2C3CCCC=4C=CC=CC43,0.604,O=C(Nc1ccnn1C1CCCc2ccccc21)c1cnoc1
XS847240a,CC=1C=CC=C(C1)C2(CC2)C(=O)NC(C)C=3C=CC(=CC3)S(C)(=O)=O,2.3,O=C(NCc1ccccc1)C1(c2ccccc2)CC1
XS838185b,COC=1N=CC=C(N1)C(=O)N2CC3(C2)CCCC3NC=4N=CC=NC4F,3.54,O=C(c1ccncn1)N1CC2(CCCC2Nc2cnccn2)C1
XS830827b,CCN(C1CCS(=O)(=O)C1)S(=O)(=O)C=2C(C)=C(C)C=C(C)C2C,1.426,O=S1(=O)CCC(NS(=O)(=O)c2ccccc2)C1
XS840396b,CC(OC(=O)C=1C=CC=NC1OC=2C=CC=CC2)C(=O)NCC3=CC=CO3,1.9,O=C(COC(=O)c1cccnc1Oc1ccccc1)NCc1ccco1
XS839533b,CC(C(=O)NC=1C=CC(=C2C=CN=CC12)N3CCCCC3)S(C)(=O)=O,2.618,c1cc(N2CCCCC2)c2ccncc2c1
XS847233a,CC1CC(=O)NC=2C=CC=CC2N1C(=O)CN(C)CC=3C=CC=C(C#N)C3,5.924,O=C1CCN(C(=O)CNCc2ccccc2)c2ccccc2N1
XS847237a,CC(=O)NC(CC(=O)NCCC(=O)NC=1C=CC=CN1)C2=CC=CS2,0.946,O=C(CCc1cccs1)NCCC(=O)Nc1ccccn1
XS839104b,CN1C=2C=CC=CC2C(CS1(=O)=O)NC=3N=CC=C(N3)C(F)(F)F,0.626,O=S1(=O)CC(Nc2ncccn2)c2ccccc2N1
XS841652b,CC1CN(CCC21CCN(CC2)C(=O)C3=CSC=C3F)C(=O)C4CC4,2.64,O=C(c1ccsc1)N1CCC2(CC1)CCN(C(=O)C1CC1)CC2
XS847252a,O=C1C=2C=CC=CC2NC(C=3C=C(Cl)C=4OCCCOC4C3)N1C5CC5,0.718,O=C1c2ccccc2NC(c2ccc3c(c2)OCCCO3)N1C1CC1
XS080731f,COC=1C=CC=CC1NC(=O)C(C)NC=2C=CC(=CC2)C3=CSC(C)=N3,1.294,O=C(CNc1ccc(-c2cscn2)cc1)Nc1ccccc1
XS839562b,COC=1C=CC(=CC1)C2(CC3(CCC3)C2)C(=O)N(C)CC(C)C4=NN=NN4,0.542,O=C(NCCc1nnn[nH]1)C1(c2ccccc2)CC2(CCC2)C1
XS847249a,COC=1C=CC=CC1NC(=O)N2CCCC2C=3C=CC=4OCCCOC4C3,3.598,O=C(Nc1ccccc1)N1CCCC1c1ccc2c(c1)OCCCO2
XS839027b,COC=1C=C(Cl)C(=CC1Cl)C2=CN(N=N2)C(C)C3=NN=C(C)S3,0.614,c1ccc(-c2cn(Cc3nncs3)nn2)cc1
XS838830b,CN1CCN(C(=O)C2OCCOC32CCC3)C=4C=CC(=CC41)C(F)(F)F,0.388,O=C(C1OCCOC12CCC2)N1CCNc2ccccc21
XS825460b,O=C(OCC1CCCO1)C=2N=C(C3=CC=CS3)N(N2)C=4C=CC(F)=CC4,0.428,O=C(OCC1CCCO1)c1nc(-c2cccs2)n(-c2ccccc2)n1
XS847251a,CC(C)C=1C=C(C(=O)NC(C)C(=O)N2CCCC2)C=3C=NN(C3N1)C(C)C,2.76,O=C(NCC(=O)N1CCCC1)c1ccnc2[nH]ncc12
XS847244a,CCCC(C)NC(=O)COC=1C=CC(=CC1)NC(=O)C=2C=CC=CC2OC,0.616,O=C(Nc1ccccc1)c1ccccc1
XS847250a,CS(=O)(=O)CCCNC(=O)C1CC(=O)N(C1)C=2C=CC=C3C=CC=CC23,3.28,O=C1CCCN1c1cccc2ccccc12
XS183882b,COC=1C=CC(C)=CC1NC(=O)CN(CC2=CC=CS2)CC3CCCO3,0.452,O=C(CN(Cc1cccs1)CC1CCCO1)Nc1ccccc1
XS847254a,COC=1C=CC(=CC1)C2=NC(=CS2)C(=O)NC(C)C=3C=CC=CC3OC,0.638,O=C(NCc1ccccc1)c1csc(-c2ccccc2)n1
XS847245a,CCC(NC(=O)NCC=1C=CC=C(C1)NS(C)(=O)=O)C=2C=CC(C)=CC2,0.544,O=C(NCc1ccccc1)NCc1ccccc1
XS842363b,O=C(NC(CCO)C1CCC(F)(F)CC1)C=2OC(=NC2C(F)F)C3CC3,0.644,O=C(NCC1CCCCC1)c1cnc(C2CC2)o1
XS847255a,CC(CN1CCCC1=O)NC(=O)C2CCN(CC2)C3=NC=4C=CC=CC4S3,1.472,O=C(NCCN1CCCC1=O)C1CCN(c2nc3ccccc3s2)CC1
XS545375b,CC=1N=C(SC1C(=O)N2CC(C)CN(C)C=3C=CC=CC32)C=4N=CC=CN4,1.676,O=C(c1cnc(-c2ncccn2)s1)N1CCCNc2ccccc21
XS841961b,N#CC=1C=CC(=CC1)N2CCCC2C(=O)NCC3=NC=4C(F)=C(F)C=CC4N3,1.186,O=C(NCc1nc2ccccc2[nH]1)C1CCCN1c1ccccc1
XS847258a,CCCCN(C(=O)COC(=O)C=1C=CC(=CC1)CO)C2CCS(=O)(=O)C2,2.094,O=C(COC(=O)c1ccccc1)NC1CCS(=O)(=O)C1
XS847256a,O=C(CN(CC1=CC=CS1)C2CCS(=O)(=O)C2)NC3CCCCCC3,3.33,O=C(CN(Cc1cccs1)C1CCS(=O)(=O)C1)NC1CCCCCC1
XS847262a,CCN(CC)C(CNC(=O)C=1C=CC(OC)=C(OC)C1OC)C2=CC=CO2,0.782,O=C(NCCc1ccco1)c1ccccc1
XS847259a,CCOC=1C=CC(=CC1)N2CC(CC2=O)C(=O)NC3=NC(=CS3)C(C)(C)C,1.244,O=C(Nc1nccs1)C1CC(=O)N(c2ccccc2)C1
XS847263a,CC1CC=2C=C(C=CC2N1S(C)(=O)=O)C(=O)OCC(=O)NC3CCCC3,2.514,O=C(COC(=O)c1ccc2c(c1)CCN2)NC1CCCC1
XS836762b,CC1CC=2C=CC=CC2N1C(=O)CN3C(=O)OC=4C=C(C=CC43)S(N)(=O)=O,1.202,O=C(Cn1c(=O)oc2ccccc21)N1CCc2ccccc21
XS820586b,CC=1C=CC=2N=CN(CC(=O)N3C=4C=CC=CC4NC(=O)CC3C)C(=O)C2C1,2.626,O=C1CCN(C(=O)Cn2cnc3ccccc3c2=O)c2ccccc2N1
XS847257a,CC1=CN(N=C1C(=O)N2CCCC(C2)C3=CC=NN3C)C=4C(F)=CC=CC4F,1.374,O=C(c1ccn(-c2ccccc2)n1)N1CCCC(c2ccn[nH]2)C1
XS837772b,CS(=O)(=NC(=O)C1CCN(CC1)C=2C=CC(C#N)=CN2)C=3C=CC=C(F)C3,4.38,O=C(N=[SH](=O)c1ccccc1)C1CCN(c2ccccn2)CC1
XS838693b,COC(=O)C(NC=1C=CC(=CC1)OCCS(C)(=O)=O)C=2C=CC=C(C)C2,0.636,c1ccc(CNc2ccccc2)cc1
XS847271a,CCOC=1C=CC(=CC1)N2CC(CC2=O)C(=O)NC3(CCCC3)C4=NOC(C)=N4,1.998,O=C(NC1(c2ncon2)CCCC1)C1CC(=O)N(c2ccccc2)C1
XS847277a,O=C(CC1=CSC(=N1)C2=CC=CO2)NC(CN3CCCC3=O)C=4C=CC=CC4,4.84,O=C(Cc1csc(-c2ccco2)n1)NC(CN1CCCC1=O)c1ccccc1
XS839575b,CC=1N=CSC1CCS(=O)(=O)NC2C=3C=CC=CC3CC42CCOCC4,2.634,O=S(=O)(CCc1cncs1)NC1c2ccccc2CC12CCOCC2
XS847267a,CC(C)C1=NC(=NN1C=2C=CC=CC2F)C(=O)N3CCCC(CCC(=O)O)C3,1.34,O=C(c1ncn(-c2ccccc2)n1)N1CCCCC1
XS847268a,CN(C(=O)C1=CC(=NN1)C=2C=CC(Br)=CC2)C3CCS(=O)(=O)C3,1.346,O=C(NC1CCS(=O)(=O)C1)c1cc(-c2ccccc2)n[nH]1
XS847269a,CCC=1C=CC=CC1N2CC(CC2=O)C(=O)N3CCOC=4C=C(C=CC4C3)OC,1.414,O=C(C1CC(=O)N(c2ccccc2)C1)N1CCOc2ccccc2C1
XS847282a,CC=1NC(=O)C(C#N)=C(C)C1CCC(=O)NC(C)C=2C=CC(=CC2)N3C=NC=N3,3.046,O=C(CCc1ccc(=O)[nH]c1)NCc1ccc(-n2cncn2)cc1
XS847280a,O=C(C=1N=CN2CCOCC12)N3CCC(C3)NC=4C=CC=C(Br)C4,2.878,O=C(c1ncn2c1COCC2)N1CCC(Nc2ccccc2)C1
XS847278a,CC(C)C(NC1=NS(=O)(=O)C=2C=CC=CC12)C(=O)NCC=3C=CC=CC3F,0.624,O=C(CNC1=NS(=O)(=O)c2ccccc21)NCc1ccccc1
XS847272a,O=S1(=O)CCC(C1)N2CCN(CC2)C3=NC=4C=CC=CC4OC=5C=CC=CC35,0.676,O=S1(=O)CCC(N2CCN(C3=Nc4ccccc4Oc4ccccc43)CC2)C1
XS836985b,CC=1C=CC(=CC1)N2N=C(C(=O)NC3CC=4C=CC=CC4C3(C)C)C(O)=CC2=O,1.312,O=C(NC1Cc2ccccc2C1)c1ccc(=O)n(-c2ccccc2)n1
XS847265a,O=C(C1CN(CC=2C=C(ON2)C3=CC=CO3)C=4C=CC=CC4O1)N5CCCCC5,0.536,O=C(C1CN(Cc2cc(-c3ccco3)on2)c2ccccc2O1)N1CCCCC1
XS847293a,CC1=NC(=NN1C=2C=CC(F)=CC2)C(=O)NC(CN3CCCC3=O)C=4C=CC=CC4,3.626,O=C(NC(CN1CCCC1=O)c1ccccc1)c1ncn(-c2ccccc2)n1
XS847292a,CN(CCOC=1C=CC(Cl)=CC1)C(=O)C2CCCN(C2)C(=O)C3=CC=CS3,5.178,O=C(NCCOc1ccccc1)C1CCCN(C(=O)c2cccs2)C1
XS685997b,CCC1C=2C=CSC2CCN1C(=O)C=3C=CC(OC)=C(C3)S(=O)(=O)NC(C)C,0.61,O=C(c1ccccc1)N1CCc2sccc2C1
XS847294a,CCNC(=O)NC(=O)C(C)NC=1C=CC(OCC)=C(C1)S(=O)(=O)N(CC)CC,0.86,c1ccccc1
XS847288a,CC(OC(=O)CCCNS(=O)(=O)C=1C=CC(F)=CC1)C(=O)N2CCCCC2,2.91,O=C(CCCNS(=O)(=O)c1ccccc1)OCC(=O)N1CCCCC1
XS841084b,CC1CCCN(C1)C(=O)COC(=O)CCNS(=O)(=O)C=2C=CC3=CC=CC=C3C2,0.546,O=C(CCNS(=O)(=O)c1ccc2ccccc2c1)OCC(=O)N1CCCCC1
XS847296a,CCN(CC)S(=O)(=O)C=1C=CC(=CC1)C(C)NCC(=O)NC=2C=CC=C(C)C2,2.68,O=C(CNCc1ccccc1)Nc1ccccc1
XS847287a,O=S(=O)(C=1C=CC(OC(F)F)=C(F)C1)N2CCC3(C2)CCC=4C=CC=CC4O3,1.57,O=S(=O)(c1ccccc1)N1CCC2(CCc3ccccc3O2)C1
XS847297a,CCN(CC1COC=2C=CC=CC2O1)C(=O)NCC=3C=CC(=CC3)S(=O)(=O)NC,0.524,O=C(NCc1ccccc1)NCC1COc2ccccc2O1
XS840661b,CC(C)C1CCC=2C=CC=CC2N1S(=O)(=O)C=3C=CC(=CC3)OCC4=NC=NN4C,1.574,O=S(=O)(c1ccc(OCc2ncn[nH]2)cc1)N1CCCc2ccccc21
XS840462c,CCOC(=O)C1=C(CN2CCC=3C=CC=CC32)NC(=O)NC1C=4C=CC=CC4OC(F)F,2.076,O=C1NC(CN2CCc3ccccc32)=CC(c2ccccc2)N1
XS836463b,CC1=NOC(C)=C1C(C)NS(=O)(=O)C=2C=C3C(=CC2Br)N(C)C(=O)N3C,1.83,O=c1[nH]c2ccc(S(=O)(=O)NCc3cnoc3)cc2[nH]1
XS847301a,CC(C)N1N=CC=2C=C(C=NC21)C(=O)N3CCN(CC3)C(C(N)=O)C=4C=CC(Cl)=CC4,1.734,O=C(c1cnc2[nH]ncc2c1)N1CCN(Cc2ccccc2)CC1
XS837821b,COC1=CN(C)C(=CC1=O)C(=O)N2CCC=3C=C(O)C=CC3C2COCC=4C=CC=CC4,11.75,O=C(c1cc(=O)cc[nH]1)N1CCc2ccccc2C1COCc1ccccc1
XS847302a,CC(NC(=O)CCC1=NC=C(O1)C=2C=CC(F)=CC2F)C=3C=CC(=CC3)N4C=NC=N4,0.688,O=C(CCc1ncc(-c2ccccc2)o1)NCc1ccc(-n2cncn2)cc1
XS847299a,COC=1C=CC=2NC(=NC2C1)SCC(=O)N(C3CCS(=O)(=O)C3)C4CCCCC4,2.124,O=C(CSc1nc2ccccc2[nH]1)N(C1CCCCC1)C1CCS(=O)(=O)C1
XS842728b,CC(OC=1C=CC(F)=CC1)C(=O)NC=2C=CC(=CC2N3CCOCC3)N4CCOCC4,0.476,O=C(COc1ccccc1)Nc1ccc(N2CCOCC2)cc1N1CCOCC1
XS393077b,CC=1C=C(NC(=O)C2CC(=O)NC=3C=CC=CC32)N(N1)C=4C=CC=C(Br)C4,0.524,O=C1CC(C(=O)Nc2ccnn2-c2ccccc2)c2ccccc2N1
XS847310a,CC(C1=NC(=NO1)C=2C=CC=CC2)N3CCN(CC3)C(=O)CC4=NNC(=O)C=5C=CC=CC45,0.438,O=C(Cc1n[nH]c(=O)c2ccccc12)N1CCN(Cc2nc(-c3ccccc3)no2)CC1
XS847305a,CN(C)C=1C=CC(=CC1)C(CNC(=O)C=2C=CC=C(C2)S(=O)(=O)N3CCOCC3)C4=CNC=5C=CC=CC45,1.334,O=C(NCC(c1ccccc1)c1c[nH]c2ccccc12)c1cccc(S(=O)(=O)N2CCOCC2)c1
XS847325a,O=C(NCC1CCCO1)C=2C=CC=NC2O,0.62,O=C(NCC1CCCO1)c1cccnc1
XS840956b,CN(C=1N=CC=CC1[N+]([O-])=O)C2CCSC2,1.206,c1ccc(NC2CCSC2)nc1
XS841167b,COC(=O)C(F)CC=1C=CC=C(N)C1,0.46,c1ccccc1
XS847322a,CC1CC=2C=CC=CC2N1C(=O)NC3CC3,1.158,O=C(NC1CC1)N1CCc2ccccc21
XS847318a,CCCCCC(=O)N1CCCC(C1)N2C=NC=N2,1.51,c1ncn(C2CCCNC2)n1
XS847328a,COCCN1CC(CC1=O)C(=O)NCC(C)C,0.98,O=C1CCCN1
XS847329a,O=C(NC1=NN=CN1)C2COC=3C=CC=CC3C2,0.57,O=C(Nc1nnc[nH]1)C1COc2ccccc2C1
XS847321a,O=C(NC1CCC(=O)NC1=O)C=2C=CC=C(F)C2,1.414,O=C1CCC(NC(=O)c2ccccc2)C(=O)N1
XS847336a,CC=1C=C(Cl)C=CC1NC(=O)C2CCC(=O)N2,0.764,O=C1CCC(C(=O)Nc2ccccc2)N1
XS847331a,CC=1C=CC(=CC1)CNC(=O)C2CCC=3C=NNC3C2,0.56,O=C(NCc1ccccc1)C1CCc2cn[nH]c2C1
XS847338a,O=C(NC1CCCCNC1=O)C2=CN3C=CC=CC3=N2,3.156,O=C(NC1CCCCNC1=O)c1cn2ccccc2n1
XS836785b,CC=1NN=C2OC(N)=C(C#N)C(C12)C3CCCCC3,0.928,C1=CC(C2CCCCC2)c2c[nH]nc2O1
XS837914b,FC1(F)CCCC1CCN2N=NC=3CCCCC32,0.892,C1CCc2c(nnn2CCC2CCCC2)C1
XS693941b,COC=1C=CC(O)=C(C1)C(=O)NC2CCS(=O)(=O)C2,0.442,O=C(NC1CCS(=O)(=O)C1)c1ccccc1
XS847345a,CC(C)N1CCC(SC=2C=CN=C3C=CC=CC23)C1=O,1.388,O=C1NCCC1Sc1ccnc2ccccc12
XS847347a,CC(C)COC(=O)N1C=2C=CC=CC2NC(=O)CC1C,1.394,O=C1CCNc2ccccc2N1
XS847353a,CCC1=CC=C(S1)C(=O)N2CCN3C=CC=C3C2C,0.888,O=C(c1cccs1)N1CCn2cccc2C1
XS653082b,CC(NC(=O)CN1C=NC=N1)C=2C=CC3=CC=CC=C3C2,0.732,O=C(Cn1cncn1)NCc1ccc2ccccc2c1
XS836537b,CC=1OC(=NC1CN2NC(=O)CC2C)C3=CC=CS3,0.894,O=C1CCN(Cc2coc(-c3cccs3)n2)N1
XS847344a,CC1=CC=2C=C(C=CC2N1)NC(=O)C(C)C=3C=CSC3,0.734,O=C(Cc1ccsc1)Nc1ccc2[nH]ccc2c1
XS847354a,CN1C=C(C=CC1=O)C(=O)NC(C=2C=CC=CC2)C3CC3,1.2,O=C(NC(c1ccccc1)C1CC1)c1ccc(=O)[nH]c1
XS840514b,COC(=O)CC(C)C(=O)N1CCC(CC1)N2C=CC=C2,1.71,c1ccn(C2CCNCC2)c1
XS847341a,CC=1C=CC(=CC1)CC(=O)N2CCCC(C2)C3=CC=NN3,0.82,O=C(Cc1ccccc1)N1CCCC(c2ccn[nH]2)C1
XS840001b,N#CC1=CC=C(S1)C(=O)N2CCCC3(CCOC3)C2,1.622,O=C(c1cccs1)N1CCCC2(CCOC2)C1
XS762594b,COCC1(CCCN1CC=2C=CC(F)=C(F)C2)C(N)=O,1.906,c1ccc(CN2CCCC2)cc1
XS847359a,CC1(C)CC(C2=NC(=NO2)C3=NN=CN3)C=4C=CC=CC4O1,0.446,c1ccc2c(c1)OCCC2c1nc(-c2nnc[nH]2)no1
XS494479b,CC1=NC(C(=O)N2CCCC(O)(C2)C(F)(F)F)=C(C)O1,0.472,O=C(c1cocn1)N1CCCCC1
XS847357a,CCC=1C=CC=C(C1)NC(=O)C(=O)NCC(O)C(C)(C)C,0.95,c1ccccc1
XS847364a,O=C(O)C(CC=1C=CC=CC1)NC(=O)C=2C=CC(F)=CC2,0.476,O=C(NCCc1ccccc1)c1ccccc1
XS602414b,CC(NC(=O)CN1CCCCCCC1=O)C2=CC=CS2,1.122,O=C(CN1CCCCCCC1=O)NCc1cccs1
XS839323b,COCC1(CC#N)CCCN(C1)C=2C=C(N=CC2N)OC,1.082,c1cc(N2CCCCC2)ccn1
XS577958b,CC1=NOC(C)=C1NC(=O)NC(C)C=2C=C(C)C=C(C)C2,0.654,O=C(NCc1ccccc1)Nc1cnoc1
XS839411b,O=C(NCC1CCCCC1(F)F)C=2C=CC=3CCOC3C2,0.558,O=C(NCC1CCCCC1)c1ccc2c(c1)OCC2
XS841668b,CCN(C(=O)C(C)C=1C=NC=CN1)C=2C=CC=C(Cl)C2,1.106,O=C(Cc1cnccn1)Nc1ccccc1
XS847360a,O=C(CN1C(=O)COC=2C=CC=CC21)NCC3CCCO3,0.462,O=C(CN1C(=O)COc2ccccc21)NCC1CCCO1
XS847361a,O=S(=O)(C=1C=CC=CC1)N2CCCC2C=3C=CN=CC3,1.594,O=S(=O)(c1ccccc1)N1CCCC1c1ccncc1
XS817213b,CCNC(=O)CN(C)C(C)C(=O)NC=1C=CC(C)=C(F)C1,0.878,c1ccccc1
XS631984b,CC(=O)N1CCCC(CNC(=O)C=2C=CC(=CN2)C(C)C)C1,0.714,O=C(NCC1CCCNC1)c1ccccn1
XS847368a,CC(=O)N1CCCN(CC1)C(=O)C2CCOC=3C=CC=CC32,13.982,O=C(C1CCOc2ccccc21)N1CCCNCC1
XS394334b,CC1=NOC(CN2CCCC(C2)C3=NC=4C=CC=CC4O3)=N1,0.816,c1ccc2oc(C3CCCN(Cc4ncno4)C3)nc2c1
XS836648b,CC(CNC(=O)C=1C=C(F)C=C2C=CC=NC12)C3=NN=NN3,0.814,O=C(NCCc1nnn[nH]1)c1cccc2cccnc12
XS841298b,CC=1N=C(C(=O)OCC2CC3(CCC3)CO2)C=4C=CNC4N1,0.78,O=C(OCC1CC2(CCC2)CO1)c1ncnc2[nH]ccc12
XS836604b,CCN(CC(C)C#N)C(=O)C=1C=CC(Cl)=C2C=CC=NC12,1.164,c1ccc2ncccc2c1
XS841360b,CCC=1OC(=CC1C)C(=O)N2CCCC3(CNC(=O)N3)CC2,2.768,O=C1NCC2(CCCN(C(=O)c3ccco3)CC2)N1
XS788206b,O=C(NC1CC1)C(SC=2C=CC=CN2)C=3C=CC(F)=CC3,0.636,O=C(NC1CC1)C(Sc1ccccn1)c1ccccc1
XS842171b,COCCOCC(C)NC=1C=C(OC)C(Cl)=CC1OC,1.884,c1ccccc1
XS839667b,COC(C)CS(=O)(=O)N(C)C=1C=CC=2N=C(C)SC2C1,0.694,c1ccc2scnc2c1
XS847383a,CN(CC1=CC=CO1)C(=O)C2CC(=O)N(CC=3C=CC=CN3)C2,2.674,O=C(NCc1ccco1)C1CC(=O)N(Cc2ccccn2)C1
XS847384a,COC=1C=CC=C(C1)CCNC(=O)NC2CCS(=O)(=O)C2,0.386,O=C(NCCc1ccccc1)NC1CCS(=O)(=O)C1
XS653343b,CCOC=1N=CC=CC1NC(=O)NC(C=2C=CC=CC2)C3CC3,3.69,O=C(Nc1cccnc1)NC(c1ccccc1)C1CC1
XS665637b,CN(C1=NC=2C=CC=CC2O1)C3CCCN(C3)C=4C=CC=NN4,2.49,c1cnnc(N2CCCC(Nc3nc4ccccc4o3)C2)c1
XS401809b,CC1=NN(C)C=2N=CC(=CC12)NC(=O)C(C)OC=3C=CC=CC3,0.542,O=C(COc1ccccc1)Nc1cnc2[nH]ncc2c1
XS841338b,[O-][N+](=O)C1=CC(=CS1)C2NC(=O)C=3C=CC(Cl)=CC3N2,0.562,O=C1NC(c2ccsc2)Nc2ccccc21
XS839845b,COC(=O)C=1C=NN(C)C1NC(=O)NC2CC32CCCCC3,0.798,O=C(Nc1ccn[nH]1)NC1CC12CCCCC2
XS823872b,CC(C=1C=CN=CC1)N(C)C(=O)C2=CC(=NO2)C=3C=CC=CC3,2.298,O=C(NCc1ccncc1)c1cc(-c2ccccc2)no1
XS847378a,O=C(NC1CCOC1)C=2C=C(N=C3C=CC=CC23)C4=CC=CO4,0.798,O=C(NC1CCOC1)c1cc(-c2ccco2)nc2ccccc12
XS015613b,CCOC=1C=CC=CC1NC(=O)CN2C=3C=CC=CC3CC2C,0.772,O=C(CN1CCc2ccccc21)Nc1ccccc1
XS420885b,COC=1N=CC=CC1CNC(=O)C2CC(=O)NC=3C=CC=CC32,1.224,O=C1CC(C(=O)NCc2cccnc2)c2ccccc2N1
XS550889b,CCC1=NSC(=N1)NCC2CCN3N=CC(C(N)=O)=C3C2,0.542,c1nsc(NCC2CCn3nccc3C2)n1
XS847391a,COC=1C=CC(=CC1)C(NC(=O)C2=CC(C)=C(C)S2)C(=O)O,1.072,O=C(NCc1ccccc1)c1cccs1
XS837669b,CC1CCN(CC1)C(=O)N2CCN3CCS(=O)(=O)CC3C2,4.024,O=C(N1CCCCC1)N1CCN2CCS(=O)(=O)CC2C1
XS847392a,CCC(C)NC(=O)COC(=O)C=1C=C2C=CC=CC2=CC1OC,0.426,c1ccc2ccccc2c1
XS638857b,O=C(CC=1C=CC=C2C=CC=NC12)N3CCCC3CN4C=CC=N4,3.526,O=C(Cc1cccc2cccnc12)N1CCCC1Cn1cccn1
XS550327b,COCCN1C=C(C=N1)NC(=O)NC2COC=3C=CC=CC3C2,0.91,O=C(Nc1cn[nH]c1)NC1COc2ccccc2C1
XS691393b,CC1=CC=C(CNC(=O)N2CCCC(C2)C3=NN=CN3C)S1,0.676,O=C(NCc1cccs1)N1CCCC(c2nnc[nH]2)C1
XS847388a,CC=1C=NN(C1)CC2CCCCN2C(=O)CC=3C(C)=NOC3C,2.186,O=C(Cc1cnoc1)N1CCCCC1Cn1cccn1
XS847387a,CC=1C=C(C=CC1F)S(=O)(=O)N2CCCC2C=3C=CC=NC3,4.432,O=S(=O)(c1ccccc1)N1CCCC1c1cccnc1
XS842107b,CN1C=NN=C1C2CCCN2C3=NC=4C=CC=CC4N5N=NN=C35,4.298,c1ccc2c(c1)nc(N1CCCC1c1nnc[nH]1)c1nnnn12
XS492407b,CNC(=O)CN1C=C(C=N1)NC(C)C2=NN=C(O2)C=3C=CC=CC3,0.582,c1ccc(-c2nnc(CNc3cn[nH]c3)o2)cc1
XS841044b,CC(C)(C)S(=O)(=O)C=1C=CC(=CN1)NC(CO)C2=CC=CO2,4.666,c1cncc(NCc2ccco2)c1
XS836567b,[O-][N+](=O)C=1C=CC=C2CN(CCC12)C(=O)NC3CCCSC3,0.998,O=C(NC1CCCSC1)N1CCc2ccccc2C1
XS847399a,CCC(=O)N1N=C(CC1C=2C=CC=CC2O)C=3C=CC=C(C3)OC,1.258,c1ccc(C2=NNC(c3ccccc3)C2)cc1
XS847402a,CC=1C=CC(=CC1)CNC(=O)C(C)N2N=NC(=N2)C=3C=CC=CC3,1.142,O=C(Cn1nnc(-c2ccccc2)n1)NCc1ccccc1
XS847401a,O=C1C(CCN1C=2C=CC=CC2)N3CCN(CC3)C=4C=CC=NN4,3.564,O=C1C(N2CCN(c3cccnn3)CC2)CCN1c1ccccc1
XS847400a,CC(C(=O)N1CCCC=2C=CC=CC21)N3CCC=4C=NC=NC4C3,1.718,O=C(CN1CCc2cncnc2C1)N1CCCc2ccccc21
XS847406a,COC=1C=CC=CC1NC(=O)C2CC(=O)N(CC=3C=CC=CN3)C2,2.232,O=C(Nc1ccccc1)C1CC(=O)N(Cc2ccccn2)C1
XS842195b,CC=1C=CC(=CC1)CC2CCCN(C2)C(=O)CN3C=CC=NC3=O,0.864,O=C(Cn1cccnc1=O)N1CCCC(Cc2ccccc2)C1
XS838885b,O=C(O)C1CC=2C=C(F)C=CC2N(CC3=NOC=4CCCCC34)C1,3.826,c1ccc2c(c1)CCCN2Cc1noc2c1CCCC2
XS838906b,C1=NNC=2C=C(C=CC12)C3=CN(N=N3)C4C=5C=CC=CC5CC64CC6,1.12,c1ccc2c(c1)CC1(CC1)C2n1cc(-c2ccc3cn[nH]c3c2)nn1
XS847417a,CC=1C=CC(=CC1)CN2CC(CC2=O)C(=O)NCC3=CC=CS3,0.484,O=C(NCc1cccs1)C1CC(=O)N(Cc2ccccc2)C1
XS837382b,COC(=O)C1CCCC2(CN(C2)C=3N=C(N=CC3C#N)C4CC4)O1,4.37,c1cc(N2CC3(CCCCO3)C2)nc(C2CC2)n1
XS840586b,CC(NC(=O)C1=CNC(=N1)C=2C=CC=C(C2)[N+]([O-])=O)C=3N=CON3,1.318,O=C(NCc1ncon1)c1c[nH]c(-c2ccccc2)n1
XS841641b,COC1=NNC(C(=O)N(C)C(C)C=2C=C(F)C=CC2F)=C1Cl,1.34,O=C(NCc1ccccc1)c1ccn[nH]1
XS840608b,COC=1C=C(C)C(=CC1OC)C(C)NC=2N=NC(C)=C(C)C2C#N,4.81,c1ccc(CNc2cccnn2)cc1
XS847416a,NC(=O)C1CC(=NN1C=2C=CC(F)=CC2)C(=O)NC=3C=CC=CN3,3.582,O=C(Nc1ccccn1)C1=NN(c2ccccc2)CC1
XS847423a,COCC1=NC(=CS1)C(=O)N2CCCC(C2)N3N=C(C)N=C3C,0.432,O=C(c1cscn1)N1CCCC(n2cncn2)C1
XS505209b,COCC=1N=CSC1C(=O)N2CC(C)OC=3C=CC(=CC32)OC,2.244,O=C(c1cncs1)N1CCOc2ccccc21
XS847422a,O=C(C=1C=CC(=NC1)N2C=CC=N2)N3CCCCC3CN4C=CC=N4,0.7,O=C(c1ccc(-n2cccn2)nc1)N1CCCCC1Cn1cccn1
XS847425a,CC=1C=C(CN2CCN(CC2)C(=O)C3CC(=O)N(C3)C4CC4)ON1,5.088,O=C(C1CC(=O)N(C2CC2)C1)N1CCN(Cc2ccno2)CC1
XS847431a,CC1=CC=C(CNC(=O)N(C)CC2COC=3C=CC=CC3O2)S1,0.562,O=C(NCc1cccs1)NCC1COc2ccccc2O1
XS838744b,CN1C(=O)NC=2C(=CC=CC21)C(=O)N3CC(F)(CO)C4(CCC4)C3,1.504,O=C(c1cccc2[nH]c(=O)[nH]c12)N1CCC2(CCC2)C1
XS424984b,CCOC(=O)C1CCCN(C1)C(=O)C2=C(C)OC=3N=CNC(=O)C23,1.664,O=C(c1coc2nc[nH]c(=O)c12)N1CCCCC1
XS578806b,CN1C=CC(=N1)N2CCCC(NC(=O)NCC3=NC=CS3)C2=O,0.62,O=C(NCc1nccs1)NC1CCCN(c2cc[nH]n2)C1=O
XS838690b,CC1(CC1)C2=NN=C(O2)N3CCC(CC=4C=CN=C5C=CC=CC45)C3,0.7,c1ccc2c(CC3CCN(c4nnc(C5CC5)o4)C3)ccnc2c1
XS420061b,O=C(C=1C=CC(=CC1)C2=CN=CO2)N3CCCCC3CN4C=CC=N4,0.484,O=C(c1ccc(-c2cnco2)cc1)N1CCCCC1Cn1cccn1
XS847429a,COC(=O)CC1=CSC(=N1)NC(=O)C2COC=3C=CC=CC3C2,1.382,O=C(Nc1nccs1)C1COc2ccccc2C1
XS175329b,COC=1C=CC=CC1NC(=O)C(C)OC(=O)C2=CN3C=CC=CC3=N2,0.97,O=C(COC(=O)c1cn2ccccc2n1)Nc1ccccc1
XS616567b,CC1=CN(CC(=O)N2CCCC(C2)C(=O)NC3CC3)C=4C=CC=CC14,0.406,O=C(NC1CC1)C1CCCN(C(=O)Cn2ccc3ccccc32)C1
XS839196b,COCCC(NC(=O)N(CC(C)(C)C)C=1C=CC=C(C)N1)C(N)=O,0.718,c1ccncc1
XS836487b,COC=1N=CC(=CC1Cl)C(=O)N2CCC(O)(CN3C=CN=N3)C2,0.406,O=C(c1cccnc1)N1CCC(Cn2ccnn2)C1
XS827838b,CC=1C=C(C(=O)N2CCCC2C=3C=NN(C)C3)C4=CC=C(F)C=C4N1,2.258,O=C(c1ccnc2ccccc12)N1CCCC1c1cn[nH]c1
XS847439a,CCC(CO)NC(=O)C=1C=CC(=CC1)S(=O)(=O)N2CCCCC2,0.72,O=S(=O)(c1ccccc1)N1CCCCC1
XS594770b,O=C(CN1N=CN2N=CC=C2C1=O)NC(C=3C=CC=CC3)C4CCC4,1.24,O=C(Cn1ncn2nccc2c1=O)NC(c1ccccc1)C1CCC1
XS836833b,CC1C=2C=C3OCCOC3=CC2C4(CCCC4)CN1S(C)(=O)=O,1.652,c1c2c(cc3c1OCCO3)C1(CCCC1)CNC2
XS840293b,O=C(C=C1CCOCC1)NC2CCCC=3C=C(C=CC32)C=4N=NNN4,0.74,O=C(C=C1CCOCC1)NC1CCCc2cc(-c3nn[nH]n3)ccc21
XS847455a,CCN(CC=1C=CC(F)=C(F)C1)C(=O)CC2C(=O)NC=3C=CC=CC32,3.408,O=C(CC1C(=O)Nc2ccccc21)NCc1ccccc1
XS847442a,O=C(NC=1C=C(C=CC1N2CCCC2)C(F)(F)F)NC3CCOC3,0.914,O=C(Nc1ccccc1N1CCCC1)NC1CCOC1
XS847449a,CC1=CC=C(CN(C(=O)C2CC(=O)NC=3C=C(F)C=CC32)C4CC4)O1,4.938,O=C1CC(C(=O)N(Cc2ccco2)C2CC2)c2ccccc2N1
XS634297b,CC=1C=CC=CC1C(=O)NC(C(=O)N2CCC=3NN=CC3C2)C(C)C,0.662,O=C(NCC(=O)N1CCc2[nH]ncc2C1)c1ccccc1
XS847448a,CC1=NOC(C)=C1CC(=O)NC(CN2CCCC2=O)C=3C=CC=CC3,2.758,O=C(Cc1cnoc1)NC(CN1CCCC1=O)c1ccccc1
XS847447a,COC1=CC(=CC(OC)=C1OC)C(=O)NC(C)CCC=2C=CC=CC2,0.484,O=C(NCCCc1ccccc1)c1ccccc1
XS838442b,COCC(C)CN(CC=1C=CN(C)C1)C(=O)C2=CC=3N=CC=NC3N2,0.68,O=C(NCc1cc[nH]c1)c1cc2nccnc2[nH]1
XS847451a,CC(OC(=O)C1=CN(C)C=2C=CC=CC12)C(=O)NCC3CCCCC3,1.3,O=C(COC(=O)c1c[nH]c2ccccc12)NCC1CCCCC1
XS847441a,O=C(CN1CCCCC1CN2C=NC=N2)NCCOC=3C=CC=CC3,0.934,O=C(CN1CCCCC1Cn1cncn1)NCCOc1ccccc1
XS666635b,CCOC=1C=CC(=CN1)C(=O)N2CCCCC2CN3N=C(C)C=C3C,1.198,O=C(c1cccnc1)N1CCCCC1Cn1cccn1
XS637001b,O=C(C1=CN2C=CC=CC2=N1)N3CCCC(C3)C(=O)N4CCOCC4,3.486,O=C(c1cn2ccccc2n1)N1CCCC(C(=O)N2CCOCC2)C1
XS837284b,O=C1NCCCCC1N2C=C(CNS(=O)(=O)C=3C=CC=CC3)N=N2,1.554,O=C1NCCCCC1n1cc(CNS(=O)(=O)c2ccccc2)nn1
XS847463a,O=C(NC=1C=NN2C=CC=NC12)N(C3CC3)C4CCCC=5C=CC=CC54,1.906,O=C(Nc1cnn2cccnc12)N(C1CC1)C1CCCc2ccccc21
XS847461a,CCN(CC1CCOC1)C(=O)C=2C=CC(=CC2)OCC3=CSC=N3,2.756,O=C(NCC1CCOC1)c1ccc(OCc2cscn2)cc1
XS842036b,CS(=O)(=O)N1CCCC(CN2N=NN=C2C=CC=3C=CC=CC3)C1,0.414,C(=Cc1nnnn1CC1CCCNC1)c1ccccc1
XS847479a,CC1=NC2=NC=NN2C(C)=C1CCC(=O)NCCC(C)C=3C=CC=CC3,0.618,O=C(CCc1cnc2ncnn2c1)NCCCc1ccccc1
XS551013b,CC1=NOC=2N=CN=C(NCC(C=3C=CC=C(C)C3)N4CCOCC4)C12,1.432,c1ccc(C(CNc2ncnc3oncc23)N2CCOCC2)cc1
XS847471a,CC=1OC(=NC1CC(=O)N2CCCC2C=3C=CC=CC3)C4=CC=CS4,1.396,O=C(Cc1coc(-c2cccs2)n1)N1CCCC1c1ccccc1
XS559248b,CC(C)C=1C=CC(=CC1)C2=NOC(CCC(=O)NC3CCC(=O)NC3)=N2,1.048,O=C1CCC(NC(=O)CCc2nc(-c3ccccc3)no2)CN1
XS847475a,CC=1C=CC=2C=C(NC2C1)C(=O)N3CCC3CNC(=O)C4=CSC=N4,0.708,O=C(NCC1CCN1C(=O)c1cc2ccccc2[nH]1)c1cscn1
XS581664b,CC(NC(=O)CN1CCOC2(CCOCC2)C1)C=3C=CC=CC3Cl,0.918,O=C(CN1CCOC2(CCOCC2)C1)NCc1ccccc1
XS408149b,CC=1C=CC(=CC1)C(=O)NCC(=O)NCC2C=3C=CC=CC3C(=O)N2C,1.54,O=C(CNC(=O)c1ccccc1)NCC1NC(=O)c2ccccc21
XS847476a,O=C1NC(CN2CCCC2C3=CC=CS3)=NC=4SC=5CCCC5C14,1.374,O=c1[nH]c(CN2CCCC2c2cccs2)nc2sc3c(c12)CCC3
XS823784b,O=C(CCC1=NC(=NO1)C=2C=CC=CC2)N3CCCC3C4=CC=CS4,0.41,O=C(CCc1nc(-c2ccccc2)no1)N1CCCC1c1cccs1
XS838355b,COC=1C=CC(=CC1)C=2C=C(N=CN2)N3CCCC4(CC(=O)N(C)C4)C3,1.332,O=C1CC2(CCCN(c3cc(-c4ccccc4)ncn3)C2)CN1
XS847473a,COC(=O)CNC(=O)C(C)OC(=O)C=1C=CC(=NC1C)C=2C=CC=CC2,0.872,c1ccc(-c2ccccn2)cc1
XS836996b,O=C(CN1C=CC=NC1=O)NC2CC3(CCOCC3)OC=4C=CC=CC42,3.566,O=C(Cn1cccnc1=O)NC1CC2(CCOCC2)Oc2ccccc21
XS847468a,CC1(CCS(=O)(=O)C1)NC(=O)CN2N=NN(C2=O)C=3C=CC=CC3,1.63,O=C(Cn1nnn(-c2ccccc2)c1=O)NC1CCS(=O)(=O)C1
XS847477a,CC1=C(C=NN1C=2C=CC=CC2)C(C)NC(=O)C=3NN=C4CCCCC34,0.948,O=C(NCc1cnn(-c2ccccc2)c1)c1[nH]nc2c1CCCC2
XS840255b,CC1CN(C(=O)C=2C=NC(=CN2)OCC3CC3)C=4C=NC=CC4NC1=O,16.088,O=C1CCN(C(=O)c2cnc(OCC3CC3)cn2)c2cnccc2N1
XS847478a,CC(CCNC(=O)CCN1C=NC=2C=CC=CC2C1=O)C=3C=CC=CC3,0.446,O=C(CCn1cnc2ccccc2c1=O)NCCCc1ccccc1
XS836896b,COC(=O)C=1C=CC(=CC1)C(=O)OC(C)CS(=O)(=O)N2CCCC2,3.172,O=C(OCCS(=O)(=O)N1CCCC1)c1ccccc1
XS841664b,CC=1C=CC=CC1N2C=C(N=N2)C(=O)N3CCCC43CCS(=O)(=O)C4,0.736,O=C(c1cn(-c2ccccc2)nn1)N1CCCC12CCS(=O)(=O)C2
XS847487a,COC=1C=C(C#N)C=CC1OCC(=O)N2C=3C=CC=CC3NC(=O)CC2C,9.264,O=C1CCN(C(=O)COc2ccccc2)c2ccccc2N1
XS839970b,COCC(C)C(=O)N1CCN(CC1)S(=O)(=O)N(C)C2CCCCC2,5.356,O=S(=O)(NC1CCCCC1)N1CCNCC1
XS140771b,COC(=O)CCCNC(=O)C1CC(=O)N(C1)C=2C=CC(=CC2OC)OC,4.14,O=C1CCCN1c1ccccc1
XS722067b,CC(NC(=O)C=1C=NC2=C(C1)C(=O)NC(=O)N2C)C=3C=CC=CC3Cl,1.462,O=C(NCc1ccccc1)c1cnc2[nH]c(=O)[nH]c(=O)c2c1
XS574677b,CC1=C(C=NN1C(C)C)C(=O)N2CCN(C)C(C2)C3=NC(=NO3)C4CC4,1.386,O=C(c1cn[nH]c1)N1CCNC(c2nc(C3CC3)no2)C1
XS840197b,CN(CC1=NN=C2CCOCCN12)C(=O)C3COC=4C=C(F)C=CC4C3,0.778,O=C(NCc1nnc2n1CCOCC2)C1COc2ccccc2C1
MR044862c,O=C(COC(=O)C=1C=CC2=CC=CN=C2C1)NCC3CC=4C=CC=CC4O3,0.44,O=C(COC(=O)c1ccc2cccnc2c1)NCC1Cc2ccccc2O1
XS847486a,COC=1C=CC=2C(=NNC2C1)C(=O)N3CCC(C3)NC=4C=CC=C(C#N)C4,1.754,O=C(c1n[nH]c2ccccc12)N1CCC(Nc2ccccc2)C1
XS837627b,CC1=C(C=NN1C2CCOC2)NC=3C=CC=C(Br)C3[N+]([O-])=O,1.204,c1ccc(Nc2cnn(C3CCOC3)c2)cc1
XS847488a,O=C(NCC1CC1)NC2CC(=O)N(C2)C=3C=CC(=CC3)OC=4C=CC=CC4,2.184,O=C(NCC1CC1)NC1CC(=O)N(c2ccc(Oc3ccccc3)cc2)C1
XS837728b,CC=1C=C(C=CC1Br)C2CCCN2C3=CC(=O)NC(=O)N3C,6.65,O=c1cc(N2CCCC2c2ccccc2)[nH]c(=O)[nH]1
XS839130b,CC(C(=O)O)N(C)C(=O)C1=CSC(=N1)C2=CC(Br)=CS2,0.686,c1csc(-c2nccs2)c1
XS847499a,CC=1C=CC(=CC1)S(=O)(=O)NC(CC(C)C)C(=O)NC=2C=CC=C(C)N2,0.636,O=C(CNS(=O)(=O)c1ccccc1)Nc1ccccn1
XS847491a,O=C1C=2C=CC=NC2N=CN1CC(O)COCCOC=3C=CC(Cl)=CC3,1.802,O=c1c2cccnc2ncn1CCCOCCOc1ccccc1
XS806805b,O=C(COC=1C=CC=CC1F)N2CCCC2C=3C=CC=4OCCCOC4C3,0.884,O=C(COc1ccccc1)N1CCCC1c1ccc2c(c1)OCCCO2
XS847495a,CCC(OC=1C=CC=CC1)C(=O)N(CC)CC(=O)NCC=2C=CC(F)=CC2,0.778,O=C(CNC(=O)COc1ccccc1)NCc1ccccc1
XS847489a,CCOC=1C=CC=2C=C(NC2C1)C(=O)N3CCOCC3C4=CC=C(CC)O4,1.124,O=C(c1cc2ccccc2[nH]1)N1CCOCC1c1ccco1
XS710987b,COC=1C=CC(=CC1)C2CCCN2S(=O)(=O)C=3C=CC(=CC3)NC(C)=O,1.51,O=S(=O)(c1ccccc1)N1CCCC1c1ccccc1
XS427643b,COC=1C=CC(OC)=C(C1)NC(=O)C=2C=CC=C(C2)NC(=O)C3CCCO3,0.594,O=C(Nc1ccccc1)c1cccc(NC(=O)C2CCCO2)c1
XS847490a,COC=1C=CC(=CC1)C(NC(=O)NCC=2C=CC=3OCCOC3C2)C(C)C,1.392,O=C(NCc1ccccc1)NCc1ccc2c(c1)OCCO2
XS847501a,CC(NC(=O)C=1C=CC(=CC1)CN2C(=O)CCC2=O)C=3C=CC=CC3Cl,1.238,O=C(NCc1ccccc1)c1ccc(CN2C(=O)CCC2=O)cc1
XS842281b,CN(C(=O)CN1CSCC1=O)C(C=2C=CC(Cl)=CC2)C=3N=CC=CN3,1.376,O=C(CN1CSCC1=O)NC(c1ccccc1)c1ncccn1
XS847492a,CS(=O)(=O)N1CCCC1C(=O)NC2=NC=3C=C4OCOC4=CC3S2,1.068,O=C(Nc1nc2cc3c(cc2s1)OCO3)C1CCCN1
XS842229b,COCC=1C=C(NC2CCCC3=CN(N=C32)C4CCCC4)N5N=CN=C5N1,2.492,c1cc(NC2CCCc3cn(C4CCCC4)nc32)n2ncnc2n1
XS847498a,CC1=NN(C(C)=C1CC(=O)NC(C)C=2C=CC=C(F)C2)C=3C=CC(F)=CC3,0.41,O=C(Cc1cnn(-c2ccccc2)c1)NCc1ccccc1
XS539207b,COC=1C=CC=C(C1)N2N=C(C)C(=C2C)C3COCCN3CC=4C=NN(C)N4,0.932,c1ccc(-n2cc(C3COCCN3Cc3cn[nH]n3)cn2)cc1
XS776206b,CC(C)N1N=C(C(=O)N2CCNC(C2)C=3C=CN=CC3)C=4C=CC=CC4C1=O,2.384,O=C(c1n[nH]c(=O)c2ccccc12)N1CCNC(c2ccncc2)C1
XS847506a,CC1=CC=C(O1)C(CNS(=O)(=O)C=2C=CC(C)=C(C)C2)N3CCOCC3,0.504,O=S(=O)(NCC(c1ccco1)N1CCOCC1)c1ccccc1
XS838319b,CC1CN(CCN1C(=O)C=2C=C(F)C(Cl)=C(C2)[N+]([O-])=O)S(C)(=O)=O,0.524,O=C(c1ccccc1)N1CCNCC1
XS838461b,CC1=NN(C=2N=CC(=CC12)C=3C=CC=4CNCCC4C3)C5CCS(=O)(=O)C5,3.146,O=S1(=O)CCC(n2ncc3cc(-c4ccc5c(c4)CCNC5)cnc32)C1
XS446303b,COCCN1C=CC=2C=CC(=CC21)NC(=O)N(C)C(C)C=3SC(C)=NC3C,0.288,O=C(NCc1cncs1)Nc1ccc2cc[nH]c2c1
XS842018b,CC(C(=O)NC1CCC2(CCOCC2)CC1)C=3C=CC(=CC3)S(C)(=O)=O,0.726,O=C(Cc1ccccc1)NC1CCC2(CCOCC2)CC1
XS838513b,CC(C)NC(=O)C(=O)NCC1(O)CCN(C1)C(=O)C=2NC=C3CCCCC23,0.916,O=C(c1[nH]cc2c1CCCC2)N1CCCC1
XS847505a,CC1=NC=2C=C(C=CC2O1)NC(=O)N3CCCC3C=4C=CC=C5OCCOC45,2.246,O=C(Nc1ccc2ocnc2c1)N1CCCC1c1cccc2c1OCCO2
XS847507a,O=C(C=1C=C2CCCCN2C1)N3CCC(C3)NC=4C=CC=C(Br)C4,0.738,O=C(c1cc2n(c1)CCCC2)N1CCC(Nc2ccccc2)C1
PK019081c,CC(C)C1CCCN(C1)C(=O)C=2SC=CC2S(=O)(=O)N3CCCCC3,3.406,O=C(c1sccc1S(=O)(=O)N1CCCCC1)N1CCCCC1
XS550781b,CCCOC=1C=CC(=CC1)C(=O)N(CC2=CC=CO2)C3CCS(=O)(=O)C3,3.402,O=C(c1ccccc1)N(Cc1ccco1)C1CCS(=O)(=O)C1
XS837981b,CC1=NN=NN1C=2C=C(C=CC2F)NC(=O)CC3CSC=4C=CC=CC4O3,3.216,O=C(CC1CSc2ccccc2O1)Nc1cccc(-n2cnnn2)c1
XS847510a,CC(C)C(NC(=O)C1CN(CC21CC2)C(=O)C3=CC=4C=NC=CC4O3)C(C)C,1.676,O=C(c1cc2cnccc2o1)N1CCC2(CC2)C1
XS841906b,CC(C=1C=CC=C(C1)N2CCCS2(=O)=O)N(C)C(=O)C=3N=NN4C=CC=CC34,4.848,O=C(NCc1cccc(N2CCCS2(=O)=O)c1)c1nnn2ccccc12
XS847517a,CC=1N=CC=2CC(CCC2N1)C(=O)N3CC=C(CC3)C4=CNC=5C=C(F)C=CC45,4.834,O=C(C1CCc2ncncc2C1)N1CC=C(c2c[nH]c3ccccc23)CC1
XS847514a,CC1(CCS(=O)(=O)C1)NC(=O)C2=CC(=NN2C=3C=CC=CC3)C=4C=CC=CC4,0.646,O=C(NC1CCS(=O)(=O)C1)c1cc(-c2ccccc2)nn1-c1ccccc1
XS814952b,CC(NC(=O)C1CCCC1)C(=O)NC=2C=CC=C(C2)S(=O)(=O)N3CCCC3,0.542,O=C(CNC(=O)C1CCCC1)Nc1cccc(S(=O)(=O)N2CCCC2)c1
XS847515a,CCC=1C=CC=C(C1)OCC(O)CN2C(CS(C)(=O)=O)=NC=3C=CC=CC32,2.224,c1ccc(OCCCn2cnc3ccccc32)cc1
XS549063b,CCOC(=O)CC(NC(=O)C=1C=CC=2NC(=O)COC2C1)C=3C=CC=C(C3)OC,0.952,O=C1COc2cc(C(=O)NCc3ccccc3)ccc2N1
XS839041b,COC=1C=CC(=CC1)C=2CC(CN3C=C(N=N3)C=4C=C(F)C=C(C4)C(=O)O)ON2,0.656,c1ccc(C2=NOC(Cn3cc(-c4ccccc4)nn3)C2)cc1
XS075376b,CC(C)CN(C(=O)CSC=1C=CC2=CC=CC=C2N1)C3CCS(=O)(=O)C3,2.008,O=C(CSc1ccc2ccccc2n1)NC1CCS(=O)(=O)C1
XS838094b,CC(COC1CCCC1)CS(=O)(=O)N2CCN(CC2)C(=O)C=3C=CC=CN3,0.836,O=C(c1ccccn1)N1CCN(S(=O)(=O)CCCOC2CCCC2)CC1
XS841591b,O=C(NC1CCCC=2SC=CC21)N3CCC(CC3)S(=O)(=O)N4CCCC4,0.524,O=C(NC1CCCc2sccc21)N1CCC(S(=O)(=O)N2CCCC2)CC1
XS847519a,CC(=O)N1C=CC=2C=CC=CC2C1CC(=O)NC=3C=CC=4OC(=NC4C3)C(C)C,1.046,O=C(CC1NC=Cc2ccccc21)Nc1ccc2ocnc2c1
XS723358b,CCC1CCCCN1C(=O)CN(C2=NC=CS2)S(=O)(=O)C=3C=CC=CC3,1.35,O=C(CN(c1nccs1)S(=O)(=O)c1ccccc1)N1CCCCC1
XS709090b,CC1CN(CC=2C=CC=CN2)CCN1C(=O)C3=CN(CC=4C=CC=C(F)C4)N=N3,1.92,O=C(c1cn(Cc2ccccc2)nn1)N1CCN(Cc2ccccn2)CC1
XS837601b,O=C(NC=1C=CC=C2C=C(Br)C=NC12)NC3CCCS(=O)(=O)C3,8.182,O=C(Nc1cccc2cccnc12)NC1CCCS(=O)(=O)C1
XS847518a,NC(=O)NC(CC(=O)N1CCC(CCC=2C=CC=CC2)CC1)C=3C=CC=CC3F,9.748,O=C(CCc1ccccc1)N1CCC(CCc2ccccc2)CC1
XS842607b,CCC(C)(NS(=O)(=O)C=1C=CC(=C(F)C1)N2C=C(C)C=N2)C3=NC=CS3,0.522,O=S(=O)(NCc1nccs1)c1ccc(-n2cccn2)cc1
XS847527a,CC1=NC=2C=CC(=CC2S1)NC(=O)C3CCCN(C3)C(=O)C=4C=CC(Cl)=CC4,11.692,O=C(Nc1ccc2ncsc2c1)C1CCCN(C(=O)c2ccccc2)C1
XS838515b,CC(NC=1C=CC(=CC1S(=O)(=O)N2CCOCC2)[N+]([O-])=O)C3=NN=C4CCCN34,1.096,O=S(=O)(c1ccccc1NCc1nnc2n1CCC2)N1CCOCC1
XS847525a,CCOC=1C=CC(=CC1)C(C)NC(=O)C=2C=CC=C(C2)S(=O)(=O)N(C)C(C)C,2.186,O=C(NCc1ccccc1)c1ccccc1
XS847523a,O=C(NCCC1=CNC=2C=C(Cl)C=C(Cl)C12)N3CCCCC3C=4C=NNC4,0.756,O=C(NCCc1c[nH]c2ccccc12)N1CCCCC1c1cn[nH]c1
XS847532a,CCN(CC)C(=O)C(C)NC(=O)C=1C=C(N=C2ON=C(C)C12)C3=CC=C(C)S3,2.48,c1csc(-c2ccc3cnoc3n2)c1
XS836521b,CC=1C=CC2=NC(=CC(=O)N2C1)COC(=O)C(CC=3C=CC(O)=CC3)C(F)(F)F,0.968,O=C(CCc1ccccc1)OCc1cc(=O)n2ccccc2n1
XS847533a,CC1=NN(C(C)=C1CC(=O)NC(C)C=2C=CC=C(F)C2)C=3C=CC(=CN3)C(F)(F)F,1.17,O=C(Cc1cnn(-c2ccccn2)c1)NCc1ccccc1
XS847535a,O=C(C=1C=CC=CC1N2C=CC=N2)N3CCN(CC3)C(=O)C4COC=5C=CC=CC5O4,1.866,O=C(c1ccccc1-n1cccn1)N1CCN(C(=O)C2COc3ccccc3O2)CC1
XS847521a,CCN1C(=O)NC=2C=C(C=CC2C1=O)C(=O)NC(C)C=3C=NN(C3)CC=4C=CC=CC4,1.174,O=C(NCc1cnn(Cc2ccccc2)c1)c1ccc2c(=O)[nH]c(=O)[nH]c2c1
XS847559a,CC=1C=CC(=CC1)CCN(C)C=2C(F)=CC=C3C(=O)N(C(=O)C23)C4CCC(=O)NC4=O,2.332,O=C1CCC(N2C(=O)c3cccc(NCCc4ccccc4)c3C2=O)C(=O)N1
XS847542a,COC=1C=C(C=CC1OC(F)F)C(=O)OCC(=O)N(CC(C)C)C2CCS(=O)(=O)C2,0.532,O=C(COC(=O)c1ccccc1)NC1CCS(=O)(=O)C1
XS847556a,CC(C)N1N=CC=2C(=CC(=NC21)C3CC3)C(=O)N4CCN(CC4)C(=O)C5COC=6C=CC=CC6O5,1.164,O=C(c1cc(C2CC2)nc2[nH]ncc12)N1CCN(C(=O)C2COc3ccccc3O2)CC1
XS847549a,CCOC=1C=CC(=CC1)S(=O)(=O)N2CCN(CC(O)COC=3C=CC(C)=CC3)CC2,1.162,O=S(=O)(c1ccccc1)N1CCN(CCCOc2ccccc2)CC1
XS847543a,CCOC=1C=C2CC(C)OC2=CC1NC(=O)C=3C=CC(Cl)=C(C3)S(=O)(=O)NC,1.01,O=C(Nc1ccc2c(c1)OCC2)c1ccccc1
XS847555a,CCC(OC=1C=CC=CC1C(C)C)C(=O)N2CCCN(CC2)C(=O)C3=CN=C(S3)C(C)C,2.624,O=C(COc1ccccc1)N1CCCN(C(=O)c2cncs2)CC1
XS847551a,CC(C)CN1CC(CC1=O)C(=O)N2CCN(CC2)C(=O)C=3C=CC=C(C3)C(F)(F)F,12.956,O=C1CC(C(=O)N2CCN(C(=O)c3ccccc3)CC2)CN1
XS847548a,CCN(CC(=O)NC1CCS(=O)(=O)C1)C(=O)CN2C(=NC=3C=CC=CC32)C(F)(F)F,0.886,O=C(Cn1cnc2ccccc21)NCC(=O)NC1CCS(=O)(=O)C1
XS838015b,CC1=NC(C#N)=C(O1)N2CCN(CC2)C(=O)COC(=O)C3CCCN(CC(F)(F)F)C3,0.658,O=C(OCC(=O)N1CCN(c2cnco2)CC1)C1CCCNC1
XS847557a,O=C(NCC1CC1)C2CCCN(C2)C(=O)C3CCN(CC3)C(=O)C=4C=CC(Cl)=CC4,1.36,O=C(NCC1CC1)C1CCCN(C(=O)C2CCN(C(=O)c3ccccc3)CC2)C1
XS847547a,CCN1C=NC2=C1C(=O)N(CC(=O)NC(C)C3=CC=CS3)C(=O)N2CC=4C=CC=CC4,1.116,O=C(Cn1c(=O)c2[nH]cnc2n(Cc2ccccc2)c1=O)NCc1cccs1
XS847550a,CC(=O)NC(CC1=CNC=2C=CC=CC12)C(=O)N3CCC(CC3)C4=NC=5C=CC=CC5O4,0.386,O=C(CCc1c[nH]c2ccccc12)N1CCC(c2nc3ccccc3o2)CC1
XS847554a,CC=1C=CC(=CC1NC(=O)CN2CCCC2C3=CC=CS3)S(=O)(=O)N4CCCCC4,1.366,O=C(CN1CCCC1c1cccs1)Nc1cccc(S(=O)(=O)N2CCCCC2)c1
XS847541a,CC(C(=O)NC1CCCCCC1)N2CCN(CC2)S(=O)(=O)C=3C=CC=C(Cl)C3,3.838,O=C(CN1CCN(S(=O)(=O)c2ccccc2)CC1)NC1CCCCCC1
XS842482b,CC1=NC=2C=CC(=CC2O1)S(=O)(=O)N3CCCC(C3)C4=NC=5C=CC=CC5N4C(C)C,1.118,O=S(=O)(c1ccc2ncoc2c1)N1CCCC(c2nc3ccccc3[nH]2)C1
XS847540a,CC=1C=C(Br)C=CC1NCC(=O)N(C=2C=CC=CC2)C3CCS(=O)(=O)C3,1.788,O=C(CNc1ccccc1)N(c1ccccc1)C1CCS(=O)(=O)C1
XS847552a,CC=1C=CC(=C(C)C1)S(=O)(=O)N2CCN(CC2)C(C)C3=NC=4C=CC=CC4C(=O)N3,1.594,O=c1[nH]c(CN2CCN(S(=O)(=O)c3ccccc3)CC2)nc2ccccc12
XS847546a,CC(NC(=O)C1CCN(CC1)S(=O)(=O)C=2C=C(C(N)=O)N(C)C2)C=3C=CC(Cl)=CC3Cl,0.912,O=C(NCc1ccccc1)C1CCN(S(=O)(=O)c2cc[nH]c2)CC1
XS811870b,CC(NC(=O)C=1C=CC=C(C1)S(=O)(=O)N2CCOCC2)C=3C=CC(Cl)=CC3Cl,1.92,O=C(NCc1ccccc1)c1cccc(S(=O)(=O)N2CCOCC2)c1
XS393832b,CC(NC(=O)C=1C=CC=CC1F)C=2C=CN=CC2,0.936,O=C(NCc1ccncc1)c1ccccc1
XS839456b,NC1=NC(=NN1)C(=O)NC2CCC3(CCC3)C2,0.498,O=C(NC1CCC2(CCC2)C1)c1nc[nH]n1
XS847569a,CNC(=O)C1CCCN(C1)C=2C=NC=CN2,0.436,c1cnc(N2CCCCC2)cn1
XS836867b,CS1(=O)=NC(=O)C=2C=CC=CC21,1.05,O=C1N=[SH](=O)c2ccccc21
XS589104b,CN1N=NC=C1C(=O)NC(C=2C=CC=CC2)C3CCC3,0.892,O=C(NC(c1ccccc1)C1CCC1)c1cnn[nH]1
XS847581a,COC=1C=CC=C(C1)C(=O)N2CCCCC2CCO,1.276,O=C(c1ccccc1)N1CCCCC1
XS708691b,CC1=NN=C(N1)C(NC(=O)C=2C=CC=CC2)C(C)C,0.582,O=C(NCc1nnc[nH]1)c1ccccc1
XS847579a,CN(CC(F)(F)F)C(=O)C1CCC=2C=CC=NC21,2.74,c1cnc2c(c1)CCC2
XS837204b,CN1CC=2C=C(C=CC2C1=O)OCC3CCCOC3,0.906,O=C1NCc2cc(OCC3CCCOC3)ccc21
XS836988b,CC=1C=CC=C(C1)C(C)N2C=CN3C(=O)C=CN=C23,0.394,O=c1ccnc2n(Cc3ccccc3)ccn12
XS847578a,N#CC=1C=CN=C(C1)N2CCCC(C2)OC(=O)C3CC3,0.49,O=C(OC1CCCN(c2ccccn2)C1)C1CC1
XS621243b,CC(C(=O)N1CCCC=2C=CC=C(O)C21)N3C=NC=N3,0.76,O=C(Cn1cncn1)N1CCCc2ccccc21
XS694474b,CC(NC(=O)C=1C=CC=2C=CNC2C1)C=3C=CN=CC3,1.574,O=C(NCc1ccncc1)c1ccc2cc[nH]c2c1
XS847575a,COC=1C=CC=C(C1)C2NC3(CCCC3)C(=O)N2C,0.466,O=C1NC(c2ccccc2)NC12CCCC2
XS847580a,O=C(C=1C=CC=CC1F)N2CCCC2C=3C=CN=CC3,2.692,O=C(c1ccccc1)N1CCCC1c1ccncc1
XS847593a,CCOC(=O)NC(C(=O)NC=1C=CC(C)=CC1)C(C)C,1.112,c1ccccc1
XS847588a,CN1C=NC=C1C(=O)N2CCCC2C=3C=CC=C(F)C3,0.428,O=C(c1cnc[nH]1)N1CCCC1c1ccccc1
XS839354b,CC1CCCC2=NN=C(CC3=NC=4C=CC=CC4N3C)N21,2.424,c1ccc2[nH]c(Cc3nnc4n3CCCC4)nc2c1
XS841735b,COC1=NN(C)C=C1C(=O)NC(C)C2=NN=C(C)S2,12.468,O=C(NCc1nncs1)c1cn[nH]c1
XS837331b,CC(NC(=O)C=1SC=2C=CC=CC2C1Cl)C(=O)O,1.182,c1ccc2sccc2c1
XS847584a,CC1C=2C=CSC2CCN1C(=O)C=3CCC(=O)NN3,1.694,O=C1CCC(C(=O)N2CCc3sccc3C2)=NN1
XS847587a,CC1CCN(C(=O)C=2C=CN=CC2)C=3C=CC=CC3S1,1.908,O=C(c1ccncc1)N1CCCSc2ccccc21
XS838254b,FC=1C=CC=C2SC(=NC12)NC3CCC=4C=CC=NC43,0.386,c1cnc2c(c1)CCC2Nc1nc2ccccc2s1
XS847595a,CC1=C(C=C(C#N)N1C)C2NC(=O)C=3C=CC=CC3N2C,0.922,O=C1NC(c2cc[nH]c2)Nc2ccccc21
XS840201b,CC=1C=CC=CC1C(C)C(=O)NCC(=O)N2CCCO2,0.524,O=C(Cc1ccccc1)NCC(=O)N1CCCO1
XS708141b,O=C(CC=1C=CC=C(F)C1)N2CCCC(C2)N3C=NC=N3,1.916,O=C(Cc1ccccc1)N1CCCC(n2cncn2)C1
XS783437b,CC(=O)NC1=CNN=C1C2CCCN(C2)C(=O)C3(C)CC3,1.502,O=C(C1CC1)N1CCCC(c2cc[nH]n2)C1
XS468976b,CNC=1N=C(C)C=C(N1)C(=O)N2CCC(C2)C=3C=CC=CC3,1.258,O=C(c1ccncn1)N1CCC(c2ccccc2)C1
XS841663b,CCN(CC=1N=NNN1)C(=O)C=2C=CC=3OC(C)CC3C2,0.968,O=C(NCc1nn[nH]n1)c1ccc2c(c1)CCO2
XS546431b,NC(=O)C1(O)CCCN(C1)C=2N=CC=C(N2)C(F)(F)F,1.246,c1cnc(N2CCCCC2)nc1
XS847604a,CCNC(=O)NC(=O)C(C)N(C)CC=1C=CC=CC1Cl,0.424,c1ccccc1
XS847606a,CC1=NC(=CS1)CC(=O)NC2CCC3=NN=C(C)N3C2,2.464,O=C(Cc1cscn1)NC1CCc2nncn2C1
XS842434b,COC=1C=CC=CC1C(C)NC=2C=NC=C(N2)N3C=NC=N3,2.202,c1ccc(CNc2cncc(-n3cncn3)n2)cc1
XS839235b,CC(=O)N1CCCN(CC1)C(=O)C2(CC2(F)F)C(F)F,0.508,O=C(C1CC1)N1CCCNCC1
XS847600a,CN(C(=O)C=1C=C(NC1C2CC2)C3CC3)C4CCNC4=O,0.51,O=C(NC1CCNC1=O)c1cc(C2CC2)[nH]c1C1CC1
XS588519b,CC(C(=O)O)N1CCC(CC1)C2=NC=3CCCCC3S2,6.478,C1CCc2sc(C3CCNCC3)nc2C1
XS847596a,O=C(CCCOC=1C=CC=CC1)NC2CCC(=O)NC2=O,2.642,O=C1CCC(NC(=O)CCCOc2ccccc2)C(=O)N1
XS837796b,COC(=O)C=1N=CC(=CC1F)COC(=O)C(C)(O)C(C)C,1.714,c1ccncc1
XS743649b,CCC1=NOC(C)=C1C(=O)NC(CC(=O)O)C=2C=CC=CC2,0.416,O=C(NCc1ccccc1)c1cnoc1
XS847609a,CC(=O)NC=1C=CC(=CC1)NC(C)C(=O)N2CCCCCC2,0.716,O=C(CNc1ccccc1)N1CCCCCC1
XS406810b,O=C1CCCC(CC2=NC(CC=3C=CC=CC3Cl)=NO2)N1,1.04,O=C1CCCC(Cc2nc(Cc3ccccc3)no2)N1
XS847612a,CN1C(=O)NC=2C=C(C=CC21)C(=O)N3CCOCC3C4CC4,3.362,O=C(c1ccc2[nH]c(=O)[nH]c2c1)N1CCOCC1C1CC1
XS847614a,CCOC(C)C(=O)N1CCC2=C(C1)N=NN2C=3C=CC=CC3,0.492,c1ccc(-n2nnc3c2CCNC3)cc1
XS711493b,CC=1C=C(C(=O)NCC2CCOC2)C=3C=NN(C3N1)C(C)C,1.048,O=C(NCC1CCOC1)c1ccnc2[nH]ncc12
XS847619a,CC1=CC=C(C(=O)NC(C)CC=2C=CC(Cl)=CC2)C(=O)N1,0.386,O=C(NCCc1ccccc1)c1ccc[nH]c1=O
XS847617a,CCOC(=O)NC1CCCN(C1)C(=O)CC=2C=CC=CC2C,0.596,O=C(Cc1ccccc1)N1CCCCC1
XS847616a,CC1=CC(CN(C)C(=O)C2CC(=O)N(C2)C3CCCC3)=NO1,3.89,O=C(NCc1ccon1)C1CC(=O)N(C2CCCC2)C1
XS847610a,O=C(NC1CCC(=O)NC1=O)C=2C=CN(N2)C=3C=CC=CC3,5.1,O=C1CCC(NC(=O)c2ccn(-c3ccccc3)n2)C(=O)N1
XS847615a,CC(NC(=O)C=1C=CC=2NC=NC2C1)C=3C=CC=C(Cl)C3,0.758,O=C(NCc1ccccc1)c1ccc2[nH]cnc2c1
XS847621a,CC(NC(=O)C=1C=NC=C(Br)C1)C2=CC=CS2,1.106,O=C(NCc1cccs1)c1cccnc1
XS841275b,O=C(C1=CC=2C(F)=CC=CC2N1)N3CC=4C=CC=CC4C3CO,0.524,O=C(c1cc2ccccc2[nH]1)N1Cc2ccccc2C1
XS847622a,CC(C)OC=1C=CC(=CC1)NC(=O)NC2CCS(=O)(=O)C2,1.238,O=C(Nc1ccccc1)NC1CCS(=O)(=O)C1
XS847623a,CC(C(=O)N1CCC=2C=CC=CC21)N3CCCC=4C=CC=CC43,2.194,O=C(CN1CCCc2ccccc21)N1CCc2ccccc21
XS847625a,OC(COCC=1C=CC=CC1)CN2N=NC(=N2)C=3C=CC=CC3,0.736,c1ccc(COCCCn2nnc(-c3ccccc3)n2)cc1
XS837394b,COC(=O)C=1C=NC(NC(C)C=2N=CC=C(C)N2)=C(Cl)C1,1.504,c1ccc(NCc2ncccn2)nc1
XS839592b,CC=1C(Br)=CN=CC1C2NC(=O)CN2CC(C)C,3.694,O=C1CNC(c2cccnc2)N1
XS837745b,CC=1C(=CN=C2NC=CC12)NC(=O)C3=CC=C4C(C)NCCN34,13.142,O=C(Nc1cnc2[nH]ccc2c1)c1ccc2n1CCNC2
XS839593b,COC=1C=CC(=NC1C)C2NC(C)(C)C(=O)N2C=3C=CC=CC3,0.812,O=C1CNC(c2ccccn2)N1c1ccccc1
XS847624a,CCOC=1C=CC(=CN1)C(=O)NC2CCCC=3NC(=O)C=CC32,5.858,O=C(NC1CCCc2[nH]c(=O)ccc21)c1cccnc1
XS840388b,CC(C=1C=CC(Cl)=CC1)N(C)C(=O)C=2C=CC=3NC=NC3C2,1.796,O=C(NCc1ccccc1)c1ccc2[nH]cnc2c1
XS847620a,CC(OC=1C=CC=CC1)C(=O)N2CCN(CC2)C=3N=CC=CN3,0.778,O=C(COc1ccccc1)N1CCN(c2ncccn2)CC1
XS184148c,CC=1C=CC2=C(C1)CCCN2C(=O)C3COC=4C=CC=CC4O3,4.332,O=C(C1COc2ccccc2O1)N1CCCc2ccccc21
XS760870b,COC=1C=CC=CC1CC(=O)N2CCCCC2CN3C=CC=N3,0.626,O=C(Cc1ccccc1)N1CCCCC1Cn1cccn1
XS527772b,O=C(O)C1=COC(=C1)C(=O)N2CCCC2CCC=3C=CC=CC3,2.214,O=C(c1ccco1)N1CCCC1CCc1ccccc1
XS847636a,COC=1C=CC=C2CC(COC12)NC(=O)C34CC(C3)(C4)C(=O)O,2.922,O=C(NC1COc2ccccc2C1)C12CC(C1)C2
XS847631a,CC(C)NC(=O)N(C)C1CS(=O)(=O)C=2C=CC(Cl)=CC21,1.53,O=S1(=O)CCc2ccccc21
XS847632a,CC(SC=1N=CC=CN1)C(=O)NC=2C=CC=3OCCOC3C2,2.308,O=C(CSc1ncccn1)Nc1ccc2c(c1)OCCO2
XS847626a,CC1=CC(C(=O)N2CCCC2C=3C=NN(C)C3)=C(C)N1C(C)C,1.328,O=C(c1cc[nH]c1)N1CCCC1c1cn[nH]c1
XS840500b,CC(NC(N)=O)C(=O)NNC(=O)C1=CC(=NN1)C=2C=CC=CC2,0.582,c1ccc(-c2cc[nH]n2)cc1
XS847642a,CCC(=O)NC=1C=CC(=CC1)NC(C)C(=O)NC2=CC(C)=NO2,1.702,O=C(CNc1ccccc1)Nc1ccno1
XS838385b,CC(CC(=O)OC(C)(C)C)NC=1C=CC(=NN1)S(C)(=O)=O,0.602,c1ccnnc1
XS397860b,CC1=CN=C(NC(=O)CCC2CC=3C=CC=CC3NC2=O)S1,0.816,O=C(CCC1Cc2ccccc2NC1=O)Nc1nccs1
XS847647a,NC(=O)C1CCCN(C1)C(=O)C=2C=CC(Br)=C(O)C2,0.758,O=C(c1ccccc1)N1CCCCC1
XS688775b,COC=1C=CC=CC1C(NC(=O)C2=CC=C(C)O2)C3=NC=CN3C,15.81,O=C(NC(c1ccccc1)c1ncc[nH]1)c1ccco1
XS847643a,O=S(=O)(C=1C=CC=C(F)C1F)N2CCCC2C=3C=CC=CN3,1.414,O=S(=O)(c1ccccc1)N1CCCC1c1ccccn1
XS847649a,O=C(C=1C=CNC1C2CC2)N3CCC4(C3)C(=O)NC=5C=CC=CC54,1.32,O=C(c1cc[nH]c1C1CC1)N1CCC2(C1)C(=O)Nc1ccccc12
XS847650a,N#CC=1C=CC=C(C1)NC2CCN(C2)C(=O)C=3C=C4CCCN4N3,2.238,O=C(c1cc2n(n1)CCC2)N1CCC(Nc2ccccc2)C1
XS761945b,O=C(C=1C=C(NN1)C2CC2)N3CCNC(=O)CC3C=4C=CC=CC4,0.738,O=C1CC(c2ccccc2)N(C(=O)c2cc(C3CC3)[nH]n2)CCN1
XS847644a,COC(=O)CC1C(=O)NCCN1CCOC=2C=CC=CC2Cl,0.388,O=C1CN(CCOc2ccccc2)CCN1
XS838361b,COC=1C=CC2=NC=CC(=C2N1)N3CCC(CC=4C=CN(C)N4)C3,3.47,c1cnc2c(N3CCC(Cc4cc[nH]n4)C3)ccnc2c1
XS815250b,NC(=O)NC(CC(=O)N1CCCCCC1)C=2C=CC=CC2Cl,6.324,O=C(CCc1ccccc1)N1CCCCCC1
XS726219b,O=C(O)C=1C=CC(=NC1)C(=O)N2CCCC2CCC=3C=CC=CC3,1.318,O=C(c1ccccn1)N1CCCC1CCc1ccccc1
XS847653a,CC=1C=CC=C(C1)C2=NOC(CN(C)C3CCS(=O)(=O)C3)=N2,0.41,O=S1(=O)CCC(NCc2nc(-c3ccccc3)no2)C1
XS847652a,CCCOC=1C=CC=C(C1)NCC(=O)NC2CCS(=O)(=O)C2,0.794,O=C(CNc1ccccc1)NC1CCS(=O)(=O)C1
XS847651a,CCC=1C=CN=C(C1)C(=O)N2CCC(C2)NC=3C=CC=C(C#N)C3,0.884,O=C(c1ccccn1)N1CCC(Nc2ccccc2)C1
XS434562b,CC(NC(=O)NCC=1C=CC=NC1)C2=NC(=NO2)C3CCCCC3,0.862,O=C(NCc1cccnc1)NCc1nc(C2CCCCC2)no1
XS836938b,CS(=O)(=NC(=O)C=1N=CN=CC1Cl)C=2C=C(F)C=CC2F,10.006,O=C(N=[SH](=O)c1ccccc1)c1ccncn1
XS847658a,O=C(NCC1=NN=C2CCCCCN12)C3COC=4C=CC=CC4C3,1.404,O=C(NCc1nnc2n1CCCCC2)C1COc2ccccc2C1
XS847662a,CC1=CC=C(S1)C(=O)NC(CN2CCCC2=O)C=3C=CC=CC3,2.284,O=C(NC(CN1CCCC1=O)c1ccccc1)c1cccs1
XS847657a,O=C(NC=1C=CN(N1)C=2N=CC=CC2F)N3CCCC3C4CCC4,1.844,O=C(Nc1ccn(-c2ccccn2)n1)N1CCCC1C1CCC1
XS847660a,COC(=O)C=1C=CC=C(C1)NC(=O)C2CCCN(C2)C(=O)C3CC3,1.434,O=C(Nc1ccccc1)C1CCCN(C(=O)C2CC2)C1
XS837630b,CN(C=1C=NN(C)C1)S(=O)(=O)CC2CCC3(CCCCC3)O2,0.824,O=S(=O)(CC1CCC2(CCCCC2)O1)Nc1cn[nH]c1
XS841632b,CC1=NN(C)C(C)=C1CC(C)NC=2C=C(Cl)C3=CC=CN=C3N2,0.486,c1cnc2nc(NCCc3cn[nH]c3)ccc2c1
XS538341b,COCC1(CCCN1C(=O)CC=2C=CC=C(Cl)C2F)C(N)=O,3.338,O=C(Cc1ccccc1)N1CCCC1
XS839336b,FC=1C=C2OCCC2=CC1CNC=3C=CC(=NC3)OC4CCOC4,3.038,c1cc2c(cc1CNc1ccc(OC3CCOC3)nc1)CCO2
XS839129b,O=C(O)C1CC(=O)N(C1)C=2C=CC(=CC2)C=3C=CC=CC3C(F)F,0.678,O=C1CCCN1c1ccc(-c2ccccc2)cc1
XS838341b,O=C1C(=CNC2=NC=NN12)C3=NOC(=N3)C4CCOC=5C=CC=CC54,1.304,O=c1c(-c2noc(C3CCOc4ccccc43)n2)c[nH]c2ncnn12
XS838150b,CC(C(=O)NC(=O)NC=1C=CC=CC1)S(=O)(=O)C=2C=CC=CC2,4.46,O=C(CS(=O)(=O)c1ccccc1)NC(=O)Nc1ccccc1
XS670957b,CC1=CSC(=N1)C2CCCCN2C(=O)CCCC3=NC(C)=NO3,2.368,O=C(CCCc1ncno1)N1CCCCC1c1nccs1
XS595062b,CNS(=O)(=O)C1=CC(=CO1)C(=O)NC2CCC=3C(C)=CC=CC32,0.796,O=C(NC1CCc2ccccc21)c1ccoc1
XS129691c,CC=1C=CC=C(C1)N2CCN(CC2C)C(=O)C3=CN4C=CC=CC4=N3,1.03,O=C(c1cn2ccccc2n1)N1CCN(c2ccccc2)CC1
XS645660b,CC1=NC2=C(CCCC2CN(C)C(=O)CN3N=CN(C)C3=O)S1,1.438,O=C(Cn1nc[nH]c1=O)NCC1CCCc2scnc21
XS841388b,O=S(=O)(CCN1C=NN=N1)N2CC3CCCN3C=4C=CC=CC42,2.136,O=S(=O)(CCn1cnnn1)N1CC2CCCN2c2ccccc21
XS847668a,O=C(C=1C=C(C=CN1)C=2C=NC=3NC=CC3C2)N4CCCC4CCO,1.474,O=C(c1cc(-c2cnc3[nH]ccc3c2)ccn1)N1CCCC1
XS847679a,CN1N=CC=2C(=O)N(C=NC21)CCC(=O)NC3CCC=4C=CC=CC43,1.564,O=C(CCn1cnc2[nH]ncc2c1=O)NC1CCc2ccccc21
XS847682a,CC(C)NC(=O)NC=1C=CC=C(C1)C(=O)N2CCC2C=3C=CC=CC3,0.794,O=C(c1ccccc1)N1CCC1c1ccccc1
XS839449b,O=C(NC1=CNN=C1C2CC2)C=3C=NN4C3NCCC4C(F)(F)F,2.828,O=C(Nc1c[nH]nc1C1CC1)c1cnn2c1NCCC2
XS847677a,O=C(NC=1C=CC(=CC1)OC(F)F)N2CCCCC2C=3N=CNN3,0.952,O=C(Nc1ccccc1)N1CCCCC1c1nc[nH]n1
XS847683a,COC(C)C(=O)NC=1C=CC=C(C1)S(=O)(=O)N2CCCCCC2,0.466,O=S(=O)(c1ccccc1)N1CCCCCC1
XS847681a,CC(NC(=O)CCCC1=CC=CS1)C=2C=CC(=CC2)N3C=CN=C3,0.428,O=C(CCCc1cccs1)NCc1ccc(-n2ccnc2)cc1
XS847684a,COC=1C=CC=2C(=COC2C1)CC(=O)NC3CCC4=NN=C(C)N4C3,2.32,O=C(Cc1coc2ccccc12)NC1CCc2nncn2C1
XS840205b,CC1=NOC(C)=C1C(C)C(=O)N(C)CC=2C=C(NN2)C=3C=CC=CC3,2.276,O=C(Cc1cnoc1)NCc1cc(-c2ccccc2)[nH]n1
XS786333b,COC=1C=CC=C(C1)NC(=O)C(C)OC(=O)C2=NNC=3C=CC=CC23,1.686,O=C(COC(=O)c1n[nH]c2ccccc12)Nc1ccccc1
XS847680a,CC(C)C(NC=1N=CN=C2C1C=NN2C)C=3C=CC=4OCCOC4C3,0.852,c1nc(NCc2ccc3c(c2)OCCO3)c2cn[nH]c2n1
XS847675a,CC(C1=NC(=NO1)C=2C=CC=CC2)N3CCN4C(=NN=C4C3)C5CC5,1.528,c1ccc(-c2noc(CN3CCn4c(nnc4C4CC4)C3)n2)cc1
XS838197b,O=C(CC1=CC(=NO1)C2CC2)N3CCCS(=O)(=O)CC3C4CC4,0.754,O=C(Cc1cc(C2CC2)no1)N1CCCS(=O)(=O)CC1C1CC1
XS837605b,CC1(C)CC(CCO1)NS(=O)(=O)C=2C=NC3=CC=C(F)C=C3C2,0.678,O=S(=O)(NC1CCOCC1)c1cnc2ccccc2c1
XS840791b,CC(C=1C=NN(C)C1)N(C)C(=O)NC=2C=CC(=C(Cl)C2)[N+]([O-])=O,2.33,O=C(NCc1cn[nH]c1)Nc1ccccc1
XS837141b,O=C(O)C(CC=1C=C(Cl)C=CN1)NC(=O)C(F)=C2CCCCC2,0.58,O=C(C=C1CCCCC1)NCCc1ccccn1
XS839337b,CS(=N)(=O)C=1C=NC=C(N1)NCC=2C=CC=C(C2)CC(F)(F)F,0.736,c1ccc(CNc2cnccn2)cc1
XS847687a,CC(C)C1=CC(=NN1C(C)(C)C)C(=O)N2CCCC2C=3C=NN(C)C3,1.278,O=C(c1cc[nH]n1)N1CCCC1c1cn[nH]c1
XS847685a,CC=1C=CC2=NC(C)=C(C=C2C1)C(=O)N3CCCCC3CNC(N)=O,2.76,O=C(c1cnc2ccccc2c1)N1CCCCC1
XS816039b,CCOC=1C=CC=CC1NC(=O)CC(NC(C)=O)C=2C=CC(C)=CC2,2.67,O=C(CCc1ccccc1)Nc1ccccc1
XS816495b,CC1=NC(=NO1)C=2C=CC(=CC2)OCC(=O)N(C(C)C3CC3)C4CC4,0.448,O=C(COc1ccc(-c2ncon2)cc1)N(CC1CC1)C1CC1
XS847692a,O=C(NC1=NC(=CS1)C=2C=CC=CN2)C3CC(=O)N(CC4CC4)C3,9.354,O=C(Nc1nc(-c2ccccn2)cs1)C1CC(=O)N(CC2CC2)C1
XS665723b,CNS(=O)(=O)C1=CC(=CO1)C(=O)N2CCC(C2)C=3C=CC=CC3C,1.416,O=C(c1ccoc1)N1CCC(c2ccccc2)C1
XS837735b,CCN(C)C(=O)C(C)NC(=O)N(C)CC=1N=CC(Cl)=CC1Cl,8.686,c1ccncc1
XS839037b,O=C(COCC1=NN=CN1)NC(C=2C=CC=CC2)C3(O)CCCCC3,1.108,O=C(COCc1nnc[nH]1)NC(c1ccccc1)C1CCCCC1
XS847697a,CC=1C=C(N(C)N1)N2CCC(NC(=O)C3=CN=C(S3)C(C)C)C2=O,2.32,O=C(NC1CCN(c2ccn[nH]2)C1=O)c1cncs1
XS847704a,COCC(C)N(C)C(=O)NC=1C=CC=NC1OC=2C=CC(=CC2)OC,1.474,c1ccc(Oc2ccccn2)cc1
XS428515b,COC=1C=C(C=C2OCCOC12)C(=O)N3CCCC3C=4C=CSC4,1.762,O=C(c1ccc2c(c1)OCCO2)N1CCCC1c1ccsc1
XS764852b,CCC1=C(C=NN1C=2C=CC=CN2)C(=O)N3CCC(C3)S(N)(=O)=O,1.416,O=C(c1cnn(-c2ccccn2)c1)N1CCCC1
XS840850b,[O-][N+](=O)C=1C=NC=C(Br)C1NCC2(CCO)CCOC2,1.02,c1cc(NCC2CCOC2)ccn1
XS847695a,O=C1C=2C=CC=CC2NC(C=3C=NN(C3)CC=4C=CC=CC4)N1C5CC5,0.828,O=C1c2ccccc2NC(c2cnn(Cc3ccccc3)c2)N1C1CC1
XS847702a,CN1C=NN=C1C2CCCN(C2)C(=O)CCC3=NC(=NO3)C(C)(C)C,5.036,O=C(CCc1ncno1)N1CCCC(c2nnc[nH]2)C1
XS847705a,CCCC(=O)N1CCCCC1C(=O)NCC=2C=CC(=NC2)OC(C)C,5.166,O=C(NCc1cccnc1)C1CCCCN1
XS635897b,CC=1C=NN(C1)CC2CN(CC(=O)NCC3=CC=C(C)S3)CCO2,0.678,O=C(CN1CCOC(Cn2cccn2)C1)NCc1cccs1
XS847711a,CC(C)CN1CC(CC1=O)C(=O)NCCC=2C=CC(=CC2)OC(F)F,5.344,O=C1CC(C(=O)NCCc2ccccc2)CN1
XS847713a,COC=1C=CC(=CC1F)C(C)NC(=O)CCOC=2C=CC=C(Cl)C2,0.638,O=C(CCOc1ccccc1)NCc1ccccc1
XS847719a,COC=1C=CC=NC1NC(=O)C2CC(=O)N(C2)C=3C=CC=4CCCC4C3,0.54,O=C(Nc1ccccn1)C1CC(=O)N(c2ccc3c(c2)CCC3)C1
XS847710a,CC(OC(=O)C=1C=C(O)N=C2C=CC=CC12)C(=O)N(C)C=3C=CC=CC3,1.064,O=C(COC(=O)c1ccnc2ccccc12)Nc1ccccc1
XS827461b,NC(=O)C1CN(C(=O)C2=CC=C(Br)O2)C=3C=CC=CC3O1,3.584,O=C(c1ccco1)N1CCOc2ccccc21
XS839084b,COCC=1C=CC(=CC1)C2SCCN2C(=O)C=3C=CC4=NC=NN4C3,8.012,O=C(c1ccc2ncnn2c1)N1CCSC1c1ccccc1
XS742246b,O=C(NC=1C=CC(=CN1)N2CCOCC2)NC3CCCC=4C=CC=CC43,0.64,O=C(Nc1ccc(N2CCOCC2)cn1)NC1CCCc2ccccc21
XS847708a,CC(C)N1N=CC=2C=C(C=NC21)CN3CCNC(=O)C3C=4C=CC=CC4,3.748,O=C1NCCN(Cc2cnc3[nH]ncc3c2)C1c1ccccc1
XS847707a,O=C(NCCOC=1C=CC(F)=C(F)C1)C2CCCN(C2)C(=O)C3CC3,1.672,O=C(NCCOc1ccccc1)C1CCCN(C(=O)C2CC2)C1
XS847716a,CC=1C=C(ON1)C2CCCN2C(=O)CCC3=NC(=NO3)C=4C=CN=CC4,2.836,O=C(CCc1nc(-c2ccncc2)no1)N1CCCC1c1ccno1
XS820454b,CC=1C=CC=2N=CN(CC(=O)NC(C=3C=CC=CC3)C(C)C)C(=O)C2C1,1.306,O=C(Cn1cnc2ccccc2c1=O)NCc1ccccc1
XS619153b,COC1CCCCN(CC(=O)NC2=CN(C)N=C2C=3C=CC=CC3)C1=O,0.656,O=C(CN1CCCCCC1=O)Nc1c[nH]nc1-c1ccccc1
XS847717a,O=C(CC1C=CCC1)N2CCN(CC2)S(=O)(=O)C=3C=CC=C(F)C3,0.416,O=C(CC1C=CCC1)N1CCN(S(=O)(=O)c2ccccc2)CC1
XS847718a,CC=1C=CC=2NC(=NC2C1)C3CCCN3C(=O)CN4CCCCCC4=O,1.662,O=C1CCCCCN1CC(=O)N1CCCC1c1nc2ccccc2[nH]1
XS841428b,O=C(NC1CCS(=O)(=O)C1)NC2(CCCC2)C3=NOC(=N3)C4CC4,0.574,O=C(NC1CCS(=O)(=O)C1)NC1(c2noc(C3CC3)n2)CCCC1
XS600349b,CCNC(=O)C1CCCN(C1)C=2C=CN=C3C=CC(Br)=CC23,2.006,c1ccc2c(N3CCCCC3)ccnc2c1
XS847722a,O=C(COC(=O)C1CCC1)N2N=C(CC2C3=CC=CO3)C4=CC=CS4,4.174,O=C(OCC(=O)N1N=C(c2cccs2)CC1c1ccco1)C1CCC1
XS847720a,CCC=1C=C(SC1C)C(=O)NC2CCCN(C3=CC(C)=NN3C)C2=O,7.172,O=C(NC1CCCN(c2ccn[nH]2)C1=O)c1cccs1
XS838722b,CN1C=C2C(CCCC2NC(=O)C=3C=NC=4CS(=O)(=O)CCC4C3)=N1,1.336,O=C(NC1CCCc2n[nH]cc21)c1cnc2c(c1)CCS(=O)(=O)C2
XS839145c,CC(C)C(O)(C(=O)N(C)CC1=CN=C2C=CC(Cl)=CN12)C(F)(F)F,11.92,c1ccn2ccnc2c1
XS797768b,CC(OC(=O)CN1C=NC=2C=CC=CC2C1=O)C(=O)NCC=3C=CC=CC3,0.658,O=C(COC(=O)Cn1cnc2ccccc2c1=O)NCc1ccccc1
XS839068b,CC1(C)CCC=2C=CC=C(C2O1)S(=O)(=O)N3CCOC3C(F)(F)F,0.618,O=S(=O)(c1cccc2c1OCCC2)N1CCOC1
XS839355b,CCC1=CN=C(CN(CC2CC=3C=CC=CC3O2)C=4C=C(C#N)N=CN4)O1,0.744,c1ccc2c(c1)CC(CN(Cc1ncco1)c1ccncn1)O2
XS847725a,NC(=O)C1CN(C(=O)C=2C=CC=CC2Br)C=3C=CC=CC3O1,1.08,O=C(c1ccccc1)N1CCOc2ccccc21
XS839818b,O=C(C1CSC=2C=CC=CC21)N3CCC(CC3)C4=CC=NN4CCO,5.606,O=C(C1CSc2ccccc21)N1CCC(c2ccn[nH]2)CC1
XS624203b,O=C(C1CCN(C1=O)C=2C=CC(F)=CC2)N3CC(C3)C=4C=C(CO)ON4,0.716,O=C(C1CCN(c2ccccc2)C1=O)N1CC(c2ccon2)C1
XS676696b,CC=1C=CC(=CC1)S(=O)(=O)N2CCCCC2C(=O)NCC3=CC=CO3,0.484,O=C(NCc1ccco1)C1CCCCN1S(=O)(=O)c1ccccc1
XS847723a,CN1C=C2C(CCCC2C(=O)N3CCCN(CC3)C=4C=CC=CC4C#N)=N1,10.032,O=C(C1CCCc2n[nH]cc21)N1CCCN(c2ccccc2)CC1
XS847724a,O=C(C=1C=CN(N1)C2CCCC2)N3CCC(C3)NC=4C=CC=C(Cl)C4,0.628,O=C(c1ccn(C2CCCC2)n1)N1CCC(Nc2ccccc2)C1
XS847738a,O=C(CCCNC(=O)C1=CC=CO1)NC(C=2C=CC(F)=CC2)C3CCCC3,0.426,O=C(CCCNC(=O)c1ccco1)NC(c1ccccc1)C1CCCC1
XS481099b,O=C(NCC1=CC=2C=CC=CC2N1)C3CC(=O)N(C3)C=4C=CC(F)=CC4F,2.518,O=C(NCc1cc2ccccc2[nH]1)C1CC(=O)N(c2ccccc2)C1
XS841687b,COC=1C=CC(=CC1)N2CCCC(NC=3C=CC=C4OCCCOC34)C2=O,12.97,O=C1C(Nc2cccc3c2OCCCO3)CCCN1c1ccccc1
XS691325b,CN(CC1COC=2C=CC=CC2O1)C(=O)CCNC(=O)NC=3C=CC=CC3,0.82,O=C(CCNC(=O)Nc1ccccc1)NCC1COc2ccccc2O1
XS785210b,O=C1CCC=2C=C(C(F)=CC2N1)S(=O)(=O)N3CCCC3C=4C=CC=NC4,5.71,O=C1CCc2cc(S(=O)(=O)N3CCCC3c3cccnc3)ccc2N1
XS847735a,CC=1C=CC=C(C1)NC(=O)C=2C=CC(=CC2)S(=O)(=O)NCC3CCCO3,0.56,O=C(Nc1ccccc1)c1ccc(S(=O)(=O)NCC2CCCO2)cc1
XS847734a,CCOC(=O)C=1C=CC(=NC1)N2CCCC(C2)C3=NN=C4CCCCCN34,2.486,c1ccc(N2CCCC(c3nnc4n3CCCCC4)C2)nc1
XS842527b,CCC(C)(CNC(=O)C=1C=CN=NC1)NC(=O)C2=NC=C3C(F)=CC=CN23,0.698,O=C(NCCNC(=O)c1ncc2ccccn12)c1ccnnc1
XS842077b,O=S(=O)(NC1CCOC=2C=CC=CC21)C=3C=CC=CC3CN4C=NC=N4,1.692,O=S(=O)(NC1CCOc2ccccc21)c1ccccc1Cn1cncn1
XS847730a,COC=1C=CC(=CC1OC)C2=NOC(=N2)C3CC(=O)N(CC(F)(F)F)C3,0.992,O=C1CC(c2nc(-c3ccccc3)no2)CN1
XS555729b,CC(=O)N1CC2(C1)C(CCS2(=O)=O)C(=O)N3CC(C)(C)CC(C)(C)C3,12.646,O=C(C1CCS(=O)(=O)C12CNC2)N1CCCCC1
XS836998b,O=C(C=1ON=C2CCCCC12)N3CCCC(C3)C4=NC=5C=CC=CC5S4,1.044,O=C(c1onc2c1CCCC2)N1CCCC(c2nc3ccccc3s2)C1
XS836523b,CNC(=O)C=1C=CC=C(C1)NC(=O)C(C)OC(=O)C=2C=CC=C3C=CN=CC23,1.462,O=C(COC(=O)c1cccc2ccncc12)Nc1ccccc1
XS847744a,COC(=O)C=1C=CC(C)=C(C1)NC(=O)C2CCCN(C2)C(=O)C3=CC=CS3,0.672,O=C(Nc1ccccc1)C1CCCN(C(=O)c2cccs2)C1
XS847745a,CC1=NN2C(C)=CC(=NC2=C1C=3C=CC=CC3)C(=O)N(C)C4CCN(C)C4=O,2.254,O=C(NC1CCNC1=O)c1ccn2ncc(-c3ccccc3)c2n1
XS840241b,CC1CN(CC(C)(C)O1)C(=O)C=2C=C(C3=CC=CO3)N4C=NC(C(N)=O)=C4N2,11.352,O=C(c1cc(-c2ccco2)n2cncc2n1)N1CCOCC1
XS840152b,CC=1C=CC(CNC=2N=CN=C(C2N)N3C=CC=N3)=C(C1)OCC4CCCO4,0.902,c1ccc(OCC2CCCO2)c(CNc2cc(-n3cccn3)ncn2)c1
XS847747a,CC(=O)NC(CC(=O)OCC1=CC(=O)N2C=C(C)C=CC2=N1)C=3C=CC=CC3,1.33,O=C(CCc1ccccc1)OCc1cc(=O)n2ccccc2n1
XS393056b,COC=1C=CC(=CC1)OCCN2C(=NC=3C=CC=CC32)C4CCCN4C(C)=O,1.256,c1ccc(OCCn2c(C3CCCN3)nc3ccccc32)cc1
XS847746a,CC(C(=O)NC=1C=CC=CC1)N2CCN(CC2)S(=O)(=O)CC=3C=CC=CC3,0.854,O=C(CN1CCN(S(=O)(=O)Cc2ccccc2)CC1)Nc1ccccc1
XS847742a,COC=1C=CC(=CC1F)C(C)NC(=O)NCC=2C=CC(=CC2)N3CCCC3=O,1.432,O=C(NCc1ccccc1)NCc1ccc(N2CCCC2=O)cc1
XS841005b,CNC(=O)C1CN(C(=O)C=2C=NC=3ON=C(C3C2)C(C)C)C=4C=CC=CC4O1,11.348,O=C(c1cnc2oncc2c1)N1CCOc2ccccc21
XS847740a,COC=1C=C(C=CC1Br)NC(=O)N2CCCC2C3=NN=CN3C,0.452,O=C(Nc1ccccc1)N1CCCC1c1nnc[nH]1
XS847751a,CCOC=1C=CC=C2C=C(OC12)C(C)NC(=O)C=3C=CC=C(C3)S(C)(=O)=O,2.038,O=C(NCc1cc2ccccc2o1)c1ccccc1
XS838284b,CCC1=CN=C(CN2CCC(C)(C2)NC(=O)C=3C=NN4C(C)=CC(C)=NC34)O1,2.252,O=C(NC1CCN(Cc2ncco2)C1)c1cnn2cccnc12
XS847758a,CCN(C(=O)C=1SC=2N=C(N=C(C)C2C1C)C3CC3)C4CCS(=O)(=O)C4,25.054,O=C(NC1CCS(=O)(=O)C1)c1cc2cnc(C3CC3)nc2s1
XS847753a,CC=1C=C(C)N2N=C(N=C2N1)SC(C)C(=O)N3CCN(CC3)C=4C=CC=CC4,28.004,O=C(CSc1nc2ncccn2n1)N1CCN(c2ccccc2)CC1
XS847757a,CC=1C=CC=C(C1C)N2CC(CC2=O)C(=O)NCC3=COC(=N3)C4=CC=CS4,1.764,O=C(NCc1coc(-c2cccs2)n1)C1CC(=O)N(c2ccccc2)C1
XS438619b,CC(C=1C=CC(=CC1)N2C=NC=N2)N(C)C(=O)CC=3C=CC(Cl)=C(Cl)C3,0.56,O=C(Cc1ccccc1)NCc1ccc(-n2cncn2)cc1
XS847765a,CCCOC=1C=CC=CC1NC(=O)C=2C=CC3=C(C2)CC(C)N3S(C)(=O)=O,0.946,O=C(Nc1ccccc1)c1ccc2c(c1)CCN2
XS837580b,O=C(NCC1=NN=C(N1)C=2C=CN=CC2)N3CC4(CCCC4)C3C=5C=CC=CC5,0.722,O=C(NCc1nnc(-c2ccncc2)[nH]1)N1CC2(CCCC2)C1c1ccccc1
XS847771a,CN(C(=O)COC(=O)C=1C=CC=CC1NCC2=CC=CO2)C3CCS(=O)(=O)C3,5.232,O=C(COC(=O)c1ccccc1NCc1ccco1)NC1CCS(=O)(=O)C1
XS847769a,CNC(=O)CCCN(C)C(=O)C(CC=1C=CC=CC1)NC(=O)C=2C=CC(Cl)=CC2,1.046,O=C(NCCc1ccccc1)c1ccccc1
XS847776a,N#CC=1C=C(C=CC1F)CC2=CN=C(NC(=O)NCCC(O)C(F)(F)F)S2,0.524,c1ccc(Cc2cncs2)cc1
XS847767a,O=C(CCC1=CNC=2C=CC=CC12)N3CC(OC=4C=CC=CC43)C(=O)N5CCCCC5,2.288,O=C(C1CN(C(=O)CCc2c[nH]c3ccccc23)c2ccccc2O1)N1CCCCC1
XS847783a,CC1=NN(C(C)=C1CN(C)C(=O)CC2SC=3C=CC=CC3NC2=O)C=4C=CC=CC4,2.186,O=C(CC1Sc2ccccc2NC1=O)NCc1cnn(-c2ccccc2)c1
XS805803b,O=C(CCNC(=O)C=1C=CC(Cl)=CC1)N2CCCC2C3=NC=4C=CC=CC4S3,3.624,O=C(NCCC(=O)N1CCCC1c1nc2ccccc2s1)c1ccccc1
XS847777a,CC(NC(=O)C1CCN(CC1)S(=O)(=O)C=2C=CC(F)=CC2)C=3C=CC(F)=CC3,0.636,O=C(NCc1ccccc1)C1CCN(S(=O)(=O)c2ccccc2)CC1
XS847772a,COC=1C=C2CCN(CC2=CC1OC)C(C(=O)NC=3C=C(C)ON3)C=4C=CC=CC4,0.988,O=C(Nc1ccon1)C(c1ccccc1)N1CCc2ccccc2C1
XS847782a,CCOC=1C=CC=CC1C=2CC(C=3C=CC4=NC=CN=C4C3)N(N2)C(=O)CCC(=O)O,3.798,c1ccc(C2=NNC(c3ccc4nccnc4c3)C2)cc1
XS847775a,CC(OC(=O)C1=CN(N=C1C2=CC=CS2)C=3C=CC=CC3)C(=O)N4CCOCC4,3.316,O=C(OCC(=O)N1CCOCC1)c1cn(-c2ccccc2)nc1-c1cccs1
XS684526b,CN(CC=1C=CC(O)=CC1)C(=O)CC2SC=3C=CC(=CC3NC2=O)C(F)(F)F,1.94,O=C(CC1Sc2ccccc2NC1=O)NCc1ccccc1
XS847779a,CCCC=1C=CC(=CC1)N2CC(CC2=O)C(=O)NC=3C=CC(=CC3)S(N)(=O)=O,1.496,O=C(Nc1ccccc1)C1CC(=O)N(c2ccccc2)C1
XS847781a,CC1=NN=NN1C(CC=2C=CC=C(F)C2)C(=O)NCCNC(=O)C3CCCCC3,1.882,O=C(NCCNC(=O)C(Cc1ccccc1)n1cnnn1)C1CCCCC1
XS714539b,COC=1C=CC(=CC1)CC(NC(=O)CC2=CN3C=CSC3=N2)C=4C=CC(=CC4)OC,1.724,O=C(Cc1cn2ccsc2n1)NC(Cc1ccccc1)c1ccccc1
XS702357b,CCN(CC1=NC=2C=CC=CC2C(=O)N1)C(=O)C3CC(=O)N(C3)C=4C=CC(C)=CC4,3.634,O=C(NCc1nc2ccccc2c(=O)[nH]1)C1CC(=O)N(c2ccccc2)C1
XS847778a,COC=1C=CC(=CC1C(=O)NCC2CCCO2)S(=O)(=O)N3CCC=4C=CC=CC43,0.668,O=C(NCC1CCCO1)c1cccc(S(=O)(=O)N2CCc3ccccc32)c1
XS847773a,CC(=O)NCC1CCN2N=CC(C(=O)NCC3=CSC(=N3)C=4C=CC=CC4)=C2C1,4.11,O=C(NCc1csc(-c2ccccc2)n1)c1cnn2c1CCCC2
XS847780a,CC(NC(=O)C=1C=NN(C)C1CC=2C=CC=CC2)C=3C=CC=C(C3)N4CCNC4=O,10.856,O=C(NCc1cccc(N2CCNC2=O)c1)c1cn[nH]c1Cc1ccccc1
XS825622b,CNC(=O)C(NC(=O)C=1SC(COC=2C=CC(Cl)=CC2)=NC1C)C=3C=CC=CC3,1.164,O=C(NCc1ccccc1)c1cnc(COc2ccccc2)s1
XS847796a,CN1C=C(C=N1)S(=O)(=O)NCC(NC(=O)C=2C=CC(Cl)=C(F)C2)C=3C=CC=CC3,0.406,O=C(NC(CNS(=O)(=O)c1cn[nH]c1)c1ccccc1)c1ccccc1
XS162182b,COC=1C=CC(=CC1Cl)NC(=O)C(C=2C=CC=CC2)N3CCN(CC3)C=4N=CC=CN4,2.68,O=C(Nc1ccccc1)C(c1ccccc1)N1CCN(c2ncccn2)CC1
XS836724b,CN1N=CC=2C(=O)N(C=NC21)CC(=O)NCC(C3=CNC=4C=CC=CC34)C=5C=CC=CC5,4.896,O=C(Cn1cnc2[nH]ncc2c1=O)NCC(c1ccccc1)c1c[nH]c2ccccc12
XS847792a,CCN(C(=O)C=1C=C(C2=CC=CO2)N(N1)C=3C=CC(Cl)=CC3)C4CCS(=O)(=O)C4,3.906,O=C(NC1CCS(=O)(=O)C1)c1cc(-c2ccco2)n(-c2ccccc2)n1
XS847794a,CC1=CC=CC(C)=C1N2CC(CC2=O)C3=NC=4C=CC=CC4N3CC(=O)N5CCC(C)CC5,3.67,O=C(Cn1c(C2CC(=O)N(c3ccccc3)C2)nc2ccccc21)N1CCCCC1
AR001605b,O=C1NC(CN2CCCC2C=3C=CC=4OCCCOC4C3)=NC=5SC=C(C6=CC=CO6)C15,0.786,O=c1[nH]c(CN2CCCC2c2ccc3c(c2)OCCCO3)nc2scc(-c3ccco3)c12
XS847798a,CCCN1C(=O)C=2C=CC=CC2NC1C=3C=CC(OCC4=CSC(C)=N4)=C(C3)OC,0.778,O=C1NC(c2ccc(OCc3cscn3)cc2)Nc2ccccc21
XS836770b,CC(NC(=O)C=1C=CC(=CC1)N2N=CC(C#N)=C2N)C=3C=CC(=CC3)OCC=4C=CC=NC4,0.754,O=C(NCc1ccc(OCc2cccnc2)cc1)c1ccc(-n2cccn2)cc1
XS838206b,CC(NC=1C=CC(=CC1)NS(=O)(=O)C=2C=CC=3OCCOC3C2)C(=O)N4CCNC4=O,0.734,O=C(CNc1ccc(NS(=O)(=O)c2ccc3c(c2)OCCO3)cc1)N1CCNC1=O
XS847786a,CC(SC1=NN=C(C=2C=CC=NC2)N1C3CC3)C(=O)N4CCN(CC4)C=5C=CC=CC5,2.262,O=C(CSc1nnc(-c2cccnc2)n1C1CC1)N1CCN(c2ccccc2)CC1
XS089823c,CN(C(=O)C1=CC=CO1)C2CCS(=O)(=O)C2,2.748,O=C(NC1CCS(=O)(=O)C1)c1ccco1
XS847808a,CC=1N=NC(=C(C#N)C1C)N2CCCC(CO)C2,0.526,c1cnnc(N2CCCCC2)c1
XS847801a,CN1CCC(NC2=NC(=NO2)C3CC3)C1=O,1.846,O=C1NCCC1Nc1nc(C2CC2)no1
XS847813a,N#CC=1C(F)=CC=CC1N2CCCC2C(N)=O,1.104,c1ccc(N2CCCC2)cc1
XS001598d,O=C(NCCC=1C=CC(F)=CC1)C2CCCO2,0.484,O=C(NCCc1ccccc1)C1CCCO1
XS847814a,CC(NC=1C=CN=C2C=CC=CC12)C(=O)NC(C)(C)C,1.764,c1ccc2ncccc2c1
XS836513b,CC1=NN(C)C=2OCCN(C(=O)C3CC3(F)F)C12,0.602,O=C(C1CC1)N1CCOc2[nH]ncc21
XS437030b,O=C(C=1C=CC(=CC1)N2C=CC=N2)N3CCCC(O)C3,0.618,O=C(c1ccc(-n2cccn2)cc1)N1CCCCC1
XS847819a,O=C(CSC=1C=CC=CN1)NCC2CCCO2,0.542,O=C(CSc1ccccn1)NCC1CCCO1
XS530563b,O=C(C=1C=CC(F)=CC1)N2CCCC2C=3C=CC=NC3,0.424,O=C(c1ccccc1)N1CCCC1c1cccnc1
XS847821a,O=C(NC1=NC=CS1)C2CC(=O)NC=3C=CC=CC32,1.186,O=C1CC(C(=O)Nc2nccs2)c2ccccc2N1
XS847815a,C1=CC=C(C=C1)NC2CCCN(C2)C=3N=CC=CN3,1.124,c1ccc(NC2CCCN(c3ncccn3)C2)cc1
XS838272b,CC(CC1=NC2=CSN=C2C(=O)N1)C(F)(F)F,0.776,O=c1[nH]cnc2csnc12
XS847827a,CC(NC=1C=CC=2OCOC2C1)C(=O)N3CCCC3,0.834,O=C(CNc1ccc2c(c1)OCO2)N1CCCC1
XS836705b,CC=1N=CSC1C(=O)N2CCC(=O)N3CCCCC23,0.994,O=C1CCN(C(=O)c2cncs2)C2CCCCN12
XS837949b,O=C1C=2N=CSC2N=CN1CCC3CCCC3(F)F,0.934,O=c1c2ncsc2ncn1CCC1CCCC1
XS841537b,ClC=1C=NC(NC2CCN3N=CN=C3C2)=C(Cl)C1,0.448,c1ccc(NC2CCn3ncnc3C2)nc1
XS497919b,CC1=CSC(=N1)C2CCCCN2C(=O)C3=CC=CO3,0.548,O=C(c1ccco1)N1CCCCC1c1nccs1
XS721099b,CC=1C=C(C)N(N1)C(C)CC(=O)NC=2C=CC(C)=CC2C,2.786,O=C(CCn1cccn1)Nc1ccccc1
XS847832a,CC=1C=CC2=C(C1)OC(C)CN2C(=O)N3CCOCC3,3.006,O=C(N1CCOCC1)N1CCOc2ccccc21
XS847830a,O=C(NC1CCC=2C=NNC2C1)C=3C=C4C=CC=CN4C3,1.448,O=C(NC1CCc2cn[nH]c2C1)c1cc2ccccn2c1
XS417021b,CC1=NOC=2N=CN=C(C12)N3CCCC3C=4C=NN(C)C4,1.658,c1nc(N2CCCC2c2cn[nH]c2)c2cnoc2n1
XS465484b,COC=1C=CC=CC1CC(=O)NC(CO)C=2C=CC=CC2,0.522,O=C(Cc1ccccc1)NCc1ccccc1
XS847853a,CC1=CC=C(CNC(=O)C2COC=3C=CC=CC3C2)S1,0.562,O=C(NCc1cccs1)C1COc2ccccc2C1
XS847842a,CC=1C=CC=CC1OCCC(=O)NC2CCC(=O)NC2=O,2.614,O=C1CCC(NC(=O)CCOc2ccccc2)C(=O)N1
XS847839a,CC1=NC(C)=C(S1)C(=O)N2CCCC(C2)N3C=NC=N3,6.672,O=C(c1cncs1)N1CCCC(n2cncn2)C1
XS837339b,CC1=C2N=CC=CC2=NC=3C4=CC=CC=C4C(CC13)C(=O)O,0.79,c1ccc2c(c1)CCc1cc3ncccc3nc1-2
XS847838a,COC=1N=CC=CC1C(=O)N2CCCC(C2)N3C=NC=N3,5.146,O=C(c1cccnc1)N1CCCC(n2cncn2)C1
XS847852a,CN1C=NN=C1C2CCCN(C2)C(=O)C=3C=CC=CC3F,4.87,O=C(c1ccccc1)N1CCCC(c2nnc[nH]2)C1
XS838647c,CC1=CC(=NO1)C(C)N(C)C2=NC=3C=CC(C)=CC3C(=O)N2,0.756,O=c1[nH]c(NCc2ccon2)nc2ccccc12
XS839228b,CC(C1=NN=NN1C)N2C=C(N=N2)C3=NC(=CS3)C4CC4,0.58,c1sc(-c2cn(Cc3nnn[nH]3)nn2)nc1C1CC1
XS847858a,O=C(NCCC=1C=CC=CC1F)C2=CNN=C2C3CCOC3,0.822,O=C(NCCc1ccccc1)c1c[nH]nc1C1CCOC1
XS841562b,FC=1C=CC=C2OC(=NC12)N3CCCC(CC3)N4C=CN=N4,1.03,c1ccc2oc(N3CCCC(n4ccnn4)CC3)nc2c1
XS700111b,CC(C(N)=O)N1CCN(CC1)C(=O)CCCC=2C=CC=CC2,1.086,O=C(CCCc1ccccc1)N1CCNCC1
XS847856a,CC1=NOC(C)=C1CCC(=O)N2CCCC(C2)N3C=CC=N3,0.544,O=C(CCc1cnoc1)N1CCCC(n2cccn2)C1
XS669562b,CC1=CC=C(S1)C(CNC=2N=CC=CN2)N3CCOCC3,1.172,c1cnc(NCC(c2cccs2)N2CCOCC2)nc1
XS836561b,CC(NS(C)(=O)=O)C(=O)N(C)CCOC=1C=CC=CC1,0.66,c1ccccc1
XS847868a,CCCN(C(=O)NC=1C=NN(C)C1)C2CCC=3C=CC=CC32,1.12,O=C(Nc1cn[nH]c1)NC1CCc2ccccc21
XS847859a,COC=1C=CC(F)=C(C1)NC(=O)NC2CCC3=NC=NN3C2,0.886,O=C(Nc1ccccc1)NC1CCc2ncnn2C1
XS842212b,CC1=NSC(NC(=O)C2CCCC3=NN(C)C=C32)=C1C#N,1.148,O=C(Nc1ccns1)C1CCCc2n[nH]cc21
XS547927b,CC1(O)CCN(C1)S(=O)(=O)C=2C=CC=3OCCOC3C2,0.964,O=S(=O)(c1ccc2c(c1)OCCO2)N1CCCC1
XS839996b,COC(=O)C(C)CS(=O)(=O)N(C)C=1C=C(C)C=C(C)C1,0.894,c1ccccc1
XS847876a,CC1=CSC(CNC(=O)C2CC(=O)N(C2)C3CCCC3)=N1,2.964,O=C(NCc1nccs1)C1CC(=O)N(C2CCCC2)C1
XS847881a,CC(C)CC=1C=CC(=CC1)C(NC(=O)CN2C=NC=N2)C3CC3,0.386,O=C(Cn1cncn1)NC(c1ccccc1)C1CC1
XS821024b,COC=1C=CC(=CC1F)NC(=O)C(C)NC(=O)CC(C)(C)C,0.758,c1ccccc1
XS427496b,CC(=O)N1CCCC(C1)C(=O)N(C)C=2C=CC=C3N=CC=CC23,8.498,O=C(Nc1cccc2ncccc12)C1CCCNC1
XS847878a,COC=1C=CC(=CN1)NC(C)C(=O)NC=2C(C)=CC(C)=CC2C,0.736,O=C(CNc1cccnc1)Nc1ccccc1
XS840131b,COCC=1N=CC=C(N1)NC(=O)N2CC=3C=CC=CC3CC2C,0.504,O=C(Nc1ccncn1)N1CCc2ccccc2C1
XS847880a,CC1=CC(=NO1)NC(=O)C2CC(=O)N(C2)C=3C=CC=C(C)C3C,9.816,O=C(Nc1ccon1)C1CC(=O)N(c2ccccc2)C1
XS840677b,CC1CC=2C=CC=CC2N1C(=O)C3=CN=C4SC=CN4C3=O,6.25,O=C(c1cnc2sccn2c1=O)N1CCc2ccccc21
XS810228b,CC1=CC(=NO1)NC(=O)C(C)S(=O)(=O)C=2C=CC(F)=CC2,1.472,O=C(CS(=O)(=O)c1ccccc1)Nc1ccon1
XS847872a,CC(OC(=O)C1=CSC(=N1)C=2C=CC(Cl)=CC2)C(N)=O,6.446,c1ccc(-c2nccs2)cc1
XS847884a,CC(NC(=O)CSC=1N=CC=CN1)C=2C=CC=3OCOC3C2,1.342,O=C(CSc1ncccn1)NCc1ccc2c(c1)OCO2
XS847885a,CC(NC(=O)COC(=O)CC=1C=CC(F)=CC1)C=2C=CC=CC2,0.444,O=C(COC(=O)Cc1ccccc1)NCc1ccccc1
XS194117c,CCOC=1C=CC=CC1N2CC(CC2=O)C(=O)N3CCOCC3,2.248,O=C(C1CC(=O)N(c2ccccc2)C1)N1CCOCC1
XS838963b,CC=1C=C(N2CCC(C)(C#N)C2)N3C=4C=CC=CC4N=C3C1C#N,0.618,c1ccc2c(c1)nc1cccc(N3CCCC3)n12
XS122146b,CC(C(=O)NC=1C=CC(C#N)=CC1)N2C(=O)C=3C=CC=CC3C2=O,1.906,O=C(CN1C(=O)c2ccccc2C1=O)Nc1ccccc1
XS847891a,CCCC1=NC(CN2CCNC(=O)CC2C=3C=CC=CC3)=NO1,1.772,O=C1CC(c2ccccc2)N(Cc2ncon2)CCN1
XS559532b,CC1C=2C=CC(F)=CC2CCN1C(=O)C=3NC(=O)NC(=O)C3N,0.714,O=C(c1cc(=O)[nH]c(=O)[nH]1)N1CCc2ccccc2C1
XS847889a,CCN1CC(CC1=O)C(=O)NCC=2C=CC(=CC2)COC(C)C,3.28,O=C1CC(C(=O)NCc2ccccc2)CN1
XS712662b,CC1=CSC(CNC(=O)C2CC(=O)N(C2)C=3C=CC=CC3)=N1,1.372,O=C(NCc1nccs1)C1CC(=O)N(c2ccccc2)C1
XS847886a,COC(=O)CC(NC(=O)C=1C=CC(O)=NC1)C=2C=CC(C)=CC2,0.754,O=C(NCc1ccccc1)c1cccnc1
XS565074b,CC(C)C(=O)NC=1C=C(C=CN1)C(=O)N2CCOCC2C3CC3,0.676,O=C(c1ccncc1)N1CCOCC1C1CC1
XS847895a,CN1C(=O)C=2C=3CCCC3SC2N=C1SC4CCOC4=O,9.632,O=C1OCCC1Sc1nc2sc3c(c2c(=O)[nH]1)CCC3
XS542556b,CC=1C=CC(=NC1)C(=O)N2CCCCC2C3=NC=4C=CC=CC4O3,0.602,O=C(c1ccccn1)N1CCCCC1c1nc2ccccc2o1
XS501837b,O=C(NC1CCCN(C1)C=2N=CC=CN2)C=3C=CC=C4CCCC34,2.03,O=C(NC1CCCN(c2ncccn2)C1)c1cccc2c1CCC2
XS841246b,CC(C(=O)N(C)C)S(=O)(=O)N1CC(COC=2C=CC=CC2)C1,0.622,c1ccc(OCC2CNC2)cc1
XS805716b,O=C(CCC1=CC=CO1)N2CCCC2C3=NC=4C=CC=CC4S3,4.672,O=C(CCc1ccco1)N1CCCC1c1nc2ccccc2s1
XS847893a,CN1C=C(C=N1)C2CCCN2C(=O)CC=3C=CC=C4C=CC=NC34,1.582,O=C(Cc1cccc2cccnc12)N1CCCC1c1cn[nH]c1
XS659795b,CCOC=1C=CC=CC1NC(C)C(=O)N2CCC=3C=CC=CC3C2,0.348,O=C(CNc1ccccc1)N1CCc2ccccc2C1
XS847896a,CC1=NOC(CC2(O)CCCN(C2)C=3N=C(C)N=C(C)C3F)=N1,0.694,c1cc(N2CCCC(Cc3ncno3)C2)ncn1
XS540579b,CC=1C=CC=C2C(=CNC12)CC(=O)N3CCCCC3C=4N=CON4,0.442,O=C(Cc1c[nH]c2ccccc12)N1CCCCC1c1ncon1
XS841957b,CC(C)C(NC=1C=CC(=CC1)S(=O)(=O)C(F)(F)F)C(N)=O,0.81,c1ccccc1
XS847906a,CNC(=O)NC(=O)C(C=1C=CC=CC1)N2CCC=3SC=CC3C2,0.914,c1ccc(CN2CCc3sccc3C2)cc1
XS847903a,CC1=CC(C)=C(OCC(=O)N2CCCC(C2)N3C=NC=N3)C(C)=C1,3.586,O=C(COc1ccccc1)N1CCCC(n2cncn2)C1
XS549824b,CC1=CSC(=N1)C(C)NC(=O)CN2C(=O)C=NC=3C=CC=CC32,0.772,O=C(Cn1c(=O)cnc2ccccc21)NCc1nccs1
XS847905a,CC1=NN(C)C(C)=C1C2COCCN2C(=O)CC=3C=CC=CC3C,0.468,O=C(Cc1ccccc1)N1CCOCC1c1cn[nH]c1
XS847911a,CC(C(=O)NC=1C=CC=2OCOC2C1)N(C)CC=3C=CC(F)=CC3,9.55,O=C(CNCc1ccccc1)Nc1ccc2c(c1)OCO2
XS756309b,CCC1=C(OC=2C=CC=CC12)C(=O)N3CCCC3(COC)C(N)=O,0.97,O=C(c1cc2ccccc2o1)N1CCCC1
XS841110b,CC(C)(C(=O)N1CCC(CS(=O)(=O)F)C1)C=2C=CC=C(F)C2,0.716,O=C(Cc1ccccc1)N1CCCC1
XS837520b,COC(=O)C=1C=CN(CC2=CN(CC(C)(F)C(C)(C)F)N=N2)N1,0.54,c1cnn(Cc2c[nH]nn2)c1
XS841683b,CN1CCN(C(=O)C(C)(C)OC=2C=CC=CC2)C(C1)C=3N=NNN3,2.962,O=C(COc1ccccc1)N1CCNCC1c1nn[nH]n1
XS847912a,CCC=1C=CC(=CC1)C(NC(=O)C(=O)NC=2C=C(C)ON2)C(C)C,1.946,O=C(NCc1ccccc1)C(=O)Nc1ccon1
XS847923a,CS(=O)(=O)C=1C=CC(=CC1)C(=O)N2CCCC2C3=CC=CS3,1.694,O=C(c1ccccc1)N1CCCC1c1cccs1
XS847926a,CC=1NC2=NC=NN2C(C=3C=CC=CN3)C1C(=O)NC=4C=CC=CN4,1.576,O=C(Nc1ccccn1)C1=CNc2ncnn2C1c1ccccn1
XS847918a,CCC=1ON=C(C)C1C(=O)N(C)CC2CCCC=3SC(C)=NC32,1.38,O=C(NCC1CCCc2scnc21)c1cnoc1
XS641468b,COC=1C=CC(=CC1)C2CCCN2C(=O)CN3N=NC=4C=CC=CC43,9.402,O=C(Cn1nnc2ccccc21)N1CCCC1c1ccccc1
XS593730b,CCCN1C=C(C=N1)C(=O)N2CCOCC2C3=NN=C(O3)C(C)C,0.936,O=C(c1cn[nH]c1)N1CCOCC1c1nnco1
XS847922a,COC=1C=CC(C)=CC1C2=CSC(=N2)NC(=O)C(C)NC(C)=O,2.438,c1ccc(-c2cscn2)cc1
XS847927a,CC(C)N1CC(CC1=O)C(=O)NCCNC=2C=CC=C(F)C2C#N,2.518,O=C1CC(C(=O)NCCNc2ccccc2)CN1
XS830643b,CC=1N=C(COC=2C=CC(C)=CC2)SC1C(=O)OC(C)C(N)=O,0.716,c1ccc(OCc2nccs2)cc1
XS847919a,NC(=O)CC1CCCN(C1)C(=O)NC2=CNN=C2C3=NC=CS3,0.886,O=C(Nc1c[nH]nc1-c1nccs1)N1CCCCC1
XS546243b,CC1=C(N=NN1C)NC(=O)C2CC(=O)N(C2)C=3C=CC(F)=CC3F,4.508,O=C(Nc1c[nH]nn1)C1CC(=O)N(c2ccccc2)C1
XS836542b,CC(CNC(=O)CC=1C=CC(Cl)=CN1)(C(=O)O)C=2C=CC=CC2,0.448,O=C(Cc1ccccn1)NCCc1ccccc1
XS839416b,CC1=C(C=CC2=CN=CN12)C(=O)NC(C)C3=NC=4C=CC=CC4S3,3.162,O=C(NCc1nc2ccccc2s1)c1ccc2cncn2c1
XS413381b,CC=1C=C(C)N(N1)C2CCCN(C2)C(=O)C=3C=NC4=NNC(C)=C4C3,4.556,O=C(c1cnc2n[nH]cc2c1)N1CCCC(n2cccn2)C1
XS847935a,CCOC(=O)C=1C(C)=C(C)SC1NC(=O)C2CC(=O)N(CC)C2,29.78,O=C1CC(C(=O)Nc2cccs2)CN1
XS847934a,CCN(CC=1C=CC=2OCOC2C1)S(=O)(=O)N3CCCC(C)C3,0.776,O=S(=O)(NCc1ccc2c(c1)OCO2)N1CCCCC1
XS847932a,CNS(=O)(=O)C=1C=CC(=CC1)C(C)NC=2C=CC(F)=CC2OC,0.776,c1ccc(CNc2ccccc2)cc1
XS465891b,CN1C(=O)C(C#N)=C(NC2C=3C=CC=CC3CCC2(C)C)N(C)C1=O,2.738,O=c1cc(NC2CCCc3ccccc32)[nH]c(=O)[nH]1
XS841339b,O=C(C1=CC=C(O1)C2CC2)N3CCC(CC=4N=NNN4)C(F)(F)C3,0.386,O=C(c1ccc(C2CC2)o1)N1CCC(Cc2nn[nH]n2)CC1
XS684178b,CC=1C=CC2=NC(=CC(=O)N2C1)CN3CCOC(CN4C=CC=N4)C3,0.916,O=c1cc(CN2CCOC(Cn3cccn3)C2)nc2ccccn12
XS840743b,CCC=1C=CC(=CC1S(=O)(=O)NC(C)CN2C=NC=N2)[N+]([O-])=O,0.656,O=S(=O)(NCCn1cncn1)c1ccccc1
XS847936a,CC(OC=1C=CC(Br)=CC1)C(=O)N(C)C2=NC=CS2,0.388,O=C(COc1ccccc1)Nc1nccs1
XS841624b,O=C1CCN(CC2CCCCO2)C(=O)N1CC=3C=CC=4C=CNC4N3,1.37,O=C1CCN(CC2CCCCO2)C(=O)N1Cc1ccc2cc[nH]c2n1
XS803321b,CC(OC=1C=CC(F)=CC1)C(=O)NC=2C=CC=C(C2)N3CCCC3=O,1.01,O=C(COc1ccccc1)Nc1cccc(N2CCCC2=O)c1
XS847944a,CCCN1N=C(C=CC1=O)C(=O)N(C)CC2COC=3C=CC=CC3O2,0.92,O=C(NCC1COc2ccccc2O1)c1ccc(=O)[nH]n1
XS847940a,CC1CN(C(=O)COC=2C=CC=CC2Cl)C=3C=CC=CC3NC1=O,2.832,O=C1CCN(C(=O)COc2ccccc2)c2ccccc2N1
XS636132b,CN1C=C(C(=O)N2CCCC(C2)N3C=CC=N3)C(=N1)C4CCCCC4,0.722,O=C(c1c[nH]nc1C1CCCCC1)N1CCCC(n2cccn2)C1
XS847943a,CC(CNC(=O)C=1C=C(F)C=C2NC=NC12)(C(=O)O)C=3C=CC=CC3,17.13,O=C(NCCc1ccccc1)c1cccc2[nH]cnc12
XS784897b,CCC=1C=CC=CC1N2CC(CC2=O)C(=O)NC=3C(C)=NN(C)C3C,0.578,O=C(Nc1cn[nH]c1)C1CC(=O)N(c2ccccc2)C1
XS847945a,COC=1C=C2CCN(C(=O)C3=COC(C)=N3)C(C2=CC1OC)C4CC4,2.146,O=C(c1cocn1)N1CCc2ccccc2C1C1CC1
XS497041b,COCCN1C=CC(=N1)NC(=O)N2CCCC(C2)NC=3C=CC=CC3,0.66,O=C(Nc1cc[nH]n1)N1CCCC(Nc2ccccc2)C1
XS839203b,CC1(CC2=NC(COC=3C=CC=CC3F)=NO2)CCS(=O)(=O)N1,0.558,O=S1(=O)CCC(Cc2nc(COc3ccccc3)no2)N1
XS335633c,COC1=CC(=O)NC=C1C(=O)N2CCC(C)(C)C(C2)C=3C=CC=CC3,0.836,O=C(c1ccc(=O)[nH]c1)N1CCCC(c2ccccc2)C1
XS847958a,O=C(NC=1C=CC=C(C1)C2CCC(=O)N2)C=3C=C(F)C4=NC=CC=C4C3,1.144,O=C1CCC(c2cccc(NC(=O)c3ccc4ncccc4c3)c2)N1
XS585295b,CC1=C(C=NN1C=2C=CC=C(Cl)C2)C(=O)N3CCCC(C3)C(=O)O,0.602,O=C(c1cnn(-c2ccccc2)c1)N1CCCCC1
XS847951a,CC=1OC(=CC1S(N)(=O)=O)C(=O)N2CCCC2C=3C=CC=C(C)C3,0.87,O=C(c1ccco1)N1CCCC1c1ccccc1
XS847950a,CC=1C=NN(C1)CC2CN(CC(=O)NC=3C(C)=NN(C)C3C)CCO2,1.07,O=C(CN1CCOC(Cn2cccn2)C1)Nc1cn[nH]c1
XS837323b,CC=1C(N)=CC(=CC1C(=O)O)C=2C=C(F)C=CC2OCC3CCCO3,0.508,c1ccc(-c2ccccc2OCC2CCCO2)cc1
XS692511b,CC(NC(=O)C1CCCC1)C(=O)NC=2C=CC=C(C2)N3CCOC3=O,3.602,O=C(CNC(=O)C1CCCC1)Nc1cccc(N2CCOC2=O)c1
XS847960a,CC=1N=CC=C(N1)C(=O)NC2CCCC3=C2C=NN3CC=4C=CC=CC4,2.016,O=C(NC1CCCc2c1cnn2Cc1ccccc1)c1ccncn1
XS847955a,CS(=O)(=O)CC=1C=CC(=CC1)C(=O)N2CCCC2C3=CC=CS3,0.894,O=C(c1ccccc1)N1CCCC1c1cccs1
XS837313b,CC(C=1C=CC(F)=C(F)C1)N(C)C(=O)CN2C=NC=3CCCC3C2=O,1.954,O=C(Cn1cnc2c(c1=O)CCC2)NCc1ccccc1
XS847959a,CC(C)(C)C(=O)NCCS(=N)(=O)C=1C=CC(Br)=CC1,0.83,c1ccccc1
XS839202b,O=S1(=O)C(CCN1CC=2C=CC=3OCCOC3N2)C=4C=CC=CC4,2.626,O=S1(=O)C(c2ccccc2)CCN1Cc1ccc2c(n1)OCCO2
XS840435b,CCCCN1C(=NC=2C=CC=CC21)C3NC(=O)NC(C)=C3C(=O)OCC,1.374,O=C1NC=CC(c2nc3ccccc3[nH]2)N1
XS555409b,CC=1C=CC=C(C1)OCC(C)NC(=O)C2=CC=NC3=C(C=NN23)C(N)=O,2.07,O=C(NCCOc1ccccc1)c1ccnc2ccnn12
MR042486b,COC1=CC(=CC(OC)=C1OC)NC(C)C(=O)NC=2C=CC=C(C#N)C2,2.026,O=C(CNc1ccccc1)Nc1ccccc1
XS837418b,CC1(CC1)C(=O)N2CCC3(C2)CN(CCO3)C(=O)CC=4C=NSC4,1.362,O=C(Cc1cnsc1)N1CCOC2(CCN(C(=O)C3CC3)C2)C1
XS847969a,CC(NC(=O)C=1C=COC1)C(=O)NC=2C=CC=C(C2)CN3CCCCC3,15.022,O=C(CNC(=O)c1ccoc1)Nc1cccc(CN2CCCCC2)c1
XS567867b,CN(C1CCCC2=C1C=NN2C)S(=O)(=O)CC=3C(F)=CC=CC3F,1.03,O=S(=O)(Cc1ccccc1)NC1CCCc2[nH]ncc21
XS838456b,CC=1C=C(F)C=CC1N2CCCC(OC(=O)C=3NN=C4COCC34)C2=O,0.586,O=C(OC1CCCN(c2ccccc2)C1=O)c1[nH]nc2c1COC2
XS841516b,O=C(CN1N=CN=N1)NC2(CC2)C3CCN(C3)C(=O)C45CCC(CC4)C5,0.462,O=C(Cn1ncnn1)NC1(C2CCN(C(=O)C34CCC(CC3)C4)C2)CC1
XS847979a,COC=1C=C(C=CC1OCC2CCCO2)CNC(=O)CCC3CCCC3,1.354,O=C(CCC1CCCC1)NCc1ccc(OCC2CCCO2)cc1
XS809474b,CC(OC(=O)C=1C=CC2=NC=CN=C2C1)C(=O)NC=3C=CC=4OCOC4C3,1.266,O=C(COC(=O)c1ccc2nccnc2c1)Nc1ccc2c(c1)OCO2
XS847978a,NS(=O)(=O)C=1C=CC=C(C1)CNC(=O)C2CC=3C=C(Cl)C=CC3O2,0.638,O=C(NCc1ccccc1)C1Cc2ccccc2O1
XS847984a,O=C(NC1CC1)C2CCCN(C2)C(=O)C=3C=CC=NC3OC=4C=CC=CC4,4.512,O=C(NC1CC1)C1CCCN(C(=O)c2cccnc2Oc2ccccc2)C1
XS847981a,COC=1C=CC=2NC=C(C3=CCN(CC3)C(=O)C(C)S(C)(=O)=O)C2C1,0.72,C1=C(c2c[nH]c3ccccc23)CCNC1
XS847974a,CNC(=O)COC=1C=CC=C(C1)CC(=O)N2CCCCC2C=3N=CON3,1.26,O=C(Cc1ccccc1)N1CCCCC1c1ncon1
XS847972a,CNC(=O)C1CN(CC(=O)C2=C(C)NC=3C=CC=CC23)C=4C=CC=CC4O1,0.966,O=C(CN1CCOc2ccccc21)c1c[nH]c2ccccc12
XS838075b,CN(C)C=1C=CC(=CC1)S(C)(=O)=NC(=O)C2=CN=C(NC2=O)C3CC3,7.502,O=C(N=[SH](=O)c1ccccc1)c1cnc(C2CC2)[nH]c1=O
XS487397b,COC(=O)CC1C(=O)NCCN1CC2=NC=C(O2)C=3C=CC=C(Cl)C3,0.914,O=C1CN(Cc2ncc(-c3ccccc3)o2)CCN1
XS821371b,CCOC=1C=CC=CC1N2CC(CC2=O)C(=O)N3CCC=4C=CC=CC4C3,1.344,O=C(C1CC(=O)N(c2ccccc2)C1)N1CCc2ccccc2C1
XS847980a,CC(=O)N1N=C(CC1C=2C=CC=CC2F)C=3C=CC(Br)=CC3,1.156,c1ccc(C2=NNC(c3ccccc3)C2)cc1
XS847976a,CCOC=1C=CC=CC1NC(=O)C(C)N2CCN(CC2)C3=NC=CS3,1.782,O=C(CN1CCN(c2nccs2)CC1)Nc1ccccc1
XS847977a,CC(NC(=O)C=1C=CC(=CC1)NS(C)(=O)=O)C2=CC=3C=CC=CC3O2,0.97,O=C(NCc1cc2ccccc2o1)c1ccccc1
XS847982a,CC1=NNC(C(=O)N2CCCC2CCC=3C=CC=CC3)=C1Br,0.624,O=C(c1ccn[nH]1)N1CCCC1CCc1ccccc1
XS838939b,O=C(C1CCN2N=CC=C2C1)N3CC(C3)OC=4C=CN=CC4C(F)(F)F,6.024,O=C(C1CCn2nccc2C1)N1CC(Oc2ccncc2)C1
XS782792b,CN1C(C(=O)NC2CC(=O)N(C2)C3CCCCC3)=C(Cl)C=4C=CC=CC41,2.678,O=C(NC1CC(=O)N(C2CCCCC2)C1)c1cc2ccccc2[nH]1
XS847989a,O=C(CSC1=NC=2C=CC=CC2N1C=3C=CC=CC3)NCC4CCCO4,0.7,O=C(CSc1nc2ccccc2n1-c1ccccc1)NCC1CCCO1
XS838475b,CC1=C(CNC(=O)C2(N)CCS(=O)(=O)C2)SC=3C=CC(Cl)=CC13,1.224,O=C(NCc1cc2ccccc2s1)C1CCS(=O)(=O)C1
XS847996a,CCC(CC)NC(=O)C1CN(CC2=NC(=NO2)C3CC3)C=4C=CC=CC4O1,0.43,c1ccc2c(c1)OCCN2Cc1nc(C2CC2)no1
XS337372c,O=C(NC=1C=CC(F)=CC1)C(C=2C=CC=CC2)N3CCN(C(=O)C3)C4CC4,2.642,O=C(Nc1ccccc1)C(c1ccccc1)N1CCN(C2CC2)C(=O)C1
XS847990a,CCOC=1C=CC(=CC1)C(=O)NC(C(=O)NCC=2C=CC(F)=CC2)C(C)C,0.386,O=C(CNC(=O)c1ccccc1)NCc1ccccc1
XS576136b,COC=1C=CC=C(C1)N2CCCC(C2)NC(=O)NC=3N=C4C=CC=CN4N3,0.428,O=C(Nc1nc2ccccn2n1)NC1CCCN(c2ccccc2)C1
XS847991a,CC1SC=2C=CC(=CC2NC1=O)C(=O)NC=3C=CC(=CN3)N4CCCC4,15.466,O=C1CSc2ccc(C(=O)Nc3ccc(N4CCCC4)cn3)cc2N1
XS839813b,CC1CC=2C=C(C=CC2O1)S(=O)(=O)NCC=3C=CN=C(C3)N4C=CC=N4,0.626,O=S(=O)(NCc1ccnc(-n2cccn2)c1)c1ccc2c(c1)CCO2
XS847988a,CC(NC(=O)C=1C=NN(C)C1CC=2C=CC=CC2)C=3C=CC=4NC(=O)NC4C3,4.118,O=C(NCc1ccc2[nH]c(=O)[nH]c2c1)c1cn[nH]c1Cc1ccccc1
XS838649b,CCOC(=O)C(C=1C=NN(C)C1)N(C)C2=CC(=O)N3C=CC=C(OC)C3=N2,6.01,O=c1cc(NCc2cn[nH]c2)nc2ccccn12
XS848004a,CC(=O)N1CCC(CC1)C(=O)N(CC=2C=CC=CC2)C3CCS(=O)(=O)C3,4.254,O=C(C1CCNCC1)N(Cc1ccccc1)C1CCS(=O)(=O)C1
XS839407b,O=C1NC(CC2=NC(=NO2)C=3C=CC(=CC3)N4CCOCC4)C=5C=CC=CC15,3.298,O=C1NC(Cc2nc(-c3ccc(N4CCOCC4)cc3)no2)c2ccccc21
XS848003a,O=C(CCC1=CNC=2C=CC=CC12)N(CC3=CC=CO3)C4CCS(=O)(=O)C4,0.758,O=C(CCc1c[nH]c2ccccc12)N(Cc1ccco1)C1CCS(=O)(=O)C1
XS837407b,CCCS(=O)(=O)N1CCC(CC1)NC(=O)N2CC3(CC=CC3)C2C(C)C,0.408,O=C(NC1CCNCC1)N1CC2(CC=CC2)C1
XS848006a,CC(NC(=O)C=1C=C(N=C2ON=C(C=3C=CC=CC3)C12)C4CC4)C=5C=CC=CN5,0.488,O=C(NCc1ccccn1)c1cc(C2CC2)nc2onc(-c3ccccc3)c12
XS841353b,CC1(C)CC(CO1)NC(=O)C23CCC(CC2)(C3)N4C=C(N=N4)C=5C=NC=NC5,2.094,O=C(NC1CCOC1)C12CCC(n3cc(-c4cncnc4)nn3)(CC1)C2
XS403588b,O=C(NC=1C=CC(=O)N(C1)CC=2C=CC=CC2Cl)C3CCCS3(=O)=O,2.436,O=C(Nc1ccc(=O)n(Cc2ccccc2)c1)C1CCCS1(=O)=O
XS838874b,CC1(C)CC(CN1C(=O)C2=CC=NC3=CC=NN23)NC(=O)C=4NN=CC4Cl,1.238,O=C(NC1CCN(C(=O)c2ccnc3ccnn23)C1)c1ccn[nH]1
XS847997a,CN1CCN(CC=2C=CC=CC21)C(=O)C=3CC(C(N)=O)N(N3)C=4C=CC=CC4,7.77,O=C(C1=NN(c2ccccc2)CC1)N1CCNc2ccccc2C1
XS695166b,CC(NC(=O)CCNC(=O)NC=1C=CC=CC1)C=2C=CC(Cl)=CC2Cl,0.562,O=C(CCNC(=O)Nc1ccccc1)NCc1ccccc1
XS840673b,CCN(C(=O)C1=CN(CC)C=2N=C(C)C=CC2C1=O)C3CCS(=O)(=O)C3,5.634,O=C(NC1CCS(=O)(=O)C1)c1c[nH]c2ncccc2c1=O
XS840037b,O=C(C=1C=CC(=CC1)C2=CN=CO2)N3CCC(CO)(CC=4C=CC(F)=CC4)C3,1.466,O=C(c1ccc(-c2cnco2)cc1)N1CCC(Cc2ccccc2)C1
XS848000a,CCC(C)NC(=O)COC(=O)C1=NN(C=2C=CC=CC2)C(=O)C=3C=CC=CC13,0.768,O=c1c2ccccc2cnn1-c1ccccc1
XS837079c,CC=1C=CC2=NC(=CN2C1)C(=O)NC(CS(=O)(=O)N(C)C)C(F)(F)F,2.996,c1ccn2ccnc2c1
XS837052b,COC=1C=C(C=C2OCCOC12)C3=NC(CC=4C=CN=CC4)=NN3C(C)C(C)C,5.09,c1cc(Cc2n[nH]c(-c3ccc4c(c3)OCCO4)n2)ccn1
XS842120b,COC=1C=C(N=C(N1)NC2CCN(C2)C=3C=NNC(=O)C3Cl)C(F)(F)F,1.164,O=c1cc(N2CCC(Nc3ncccn3)C2)cn[nH]1
XS389328b,O=C(C=1C=CC=C(Cl)C1)N(CC=2C=CC(Cl)=CC2)C3CCS(=O)(=O)C3,3.726,O=C(c1ccccc1)N(Cc1ccccc1)C1CCS(=O)(=O)C1
XS848010a,CC1=CC=2C(=NC=NC2S1)N3CCN(CC3)C(=O)C4CCN5C(C)=NC=C5C4,18.194,O=C(C1CCn2cncc2C1)N1CCN(c2ncnc3sccc23)CC1
XS848013a,CN1N=CC(=C1C(=O)NCC(C2=CNC=3C=CC=CC23)C=4C=CC=CC4)C5CCC5,1.146,O=C(NCC(c1ccccc1)c1c[nH]c2ccccc12)c1[nH]ncc1C1CCC1
XS838230b,O=C(NC=1C=C(F)C=C(C1)N2CCOCC2)N3CCCC(CN4C=CN=N4)C3,0.428,O=C(Nc1cccc(N2CCOCC2)c1)N1CCCC(Cn2ccnn2)C1
XS848012a,CC1=NOC(COC2CN(C2)C(=O)NC3CCC=4NC=5C=CC(C)=CC5C4C3)=N1,1.836,O=C(NC1CCc2[nH]c3ccccc3c2C1)N1CC(OCc2ncno2)C1
XS848018a,CC(NC(=O)C=1C=C(C2=CC=CO2)N3C=NC(C(N)=O)=C3N1)C=4C=CC=C(F)C4,0.85,O=C(NCc1ccccc1)c1cc(-c2ccco2)n2cncc2n1
XS848015a,CC(NC(=O)NCC=1C=CC=NC1N2CCOCC2)C=3C=CC4=CC=CC=C4C3,1.22,O=C(NCc1ccc2ccccc2c1)NCc1cccnc1N1CCOCC1
XS672504b,CCN(C(=O)C=1C=C(CN2C=C(C)C=N2)ON1)C3CCN(C3=O)C=4C=CC=CC4,0.874,O=C(NC1CCN(c2ccccc2)C1=O)c1cc(Cn2cccn2)on1
XS848014a,CCN(C(=O)C=1C=CC=CC1OCC=2C=CC(F)=CC2)C3CCS(=O)(=O)C3,2.646,O=C(NC1CCS(=O)(=O)C1)c1ccccc1OCc1ccccc1
XS797704b,O=C(NC=1C=CC=C(C1)S(=O)(=O)N2CCCC2)C3CC=4C=CC=CC4S3,0.446,O=C(Nc1cccc(S(=O)(=O)N2CCCC2)c1)C1Cc2ccccc2S1
XS848009a,COC=1C=CC(=CC1F)C=2CC(CNC(=O)C3=CNN=C3C=4C=CN=CC4)ON2,1.22,O=C(NCC1CC(c2ccccc2)=NO1)c1c[nH]nc1-c1ccncc1
XS848008a,O=C(C=1C=NN(C1C(F)F)C=2C=CN=CC2)N3CCCCCC3C=4N=CON4,0.568,O=C(c1cnn(-c2ccncc2)c1)N1CCCCCC1c1ncon1
XS848023a,CCOC(=O)C1=C(COC(=O)C=2C=C(F)C(F)=CC2Cl)NC(=O)NC1CC,1.144,O=C1NCC=C(COC(=O)c2ccccc2)N1
XS848027a,COC=1C=CC=CC1CNC(=O)C(NS(=O)(=O)C=2C=CC=C(Cl)C2)C(C)C,0.788,O=C(CNS(=O)(=O)c1ccccc1)NCc1ccccc1
XS841608b,CC1=NC(=NO1)C(NC(=O)NC=2C=C(C=CC2C)N3C=NN=N3)C=4C=CC=CC4F,1.198,O=C(Nc1cccc(-n2cnnn2)c1)NC(c1ccccc1)c1ncon1
XS837924b,NS(=O)(=O)C1CCN(C1)S(=O)(=O)C=2C=C3NC(=O)CCCC3=CC2Cl,1.2,O=C1CCCc2ccc(S(=O)(=O)N3CCCC3)cc2N1
XS838190b,CS(=O)(=O)C=1C=CC=NC1C(=O)NC2CCN(C2)C=3C=CC(=CC3)C(F)(F)F,2.476,O=C(NC1CCN(c2ccccc2)C1)c1ccccn1
XS848029a,CSC=1C=CC(=CC1)N2CC(CC2=O)C(=O)NCC=3C=CC(=CC3)CN4C=CN=C4,1.756,O=C(NCc1ccc(Cn2ccnc2)cc1)C1CC(=O)N(c2ccccc2)C1
XS848031a,CCOC=1C(Cl)=CC(=CC1OC)C(=O)NC(CN2CCCC2=O)C=3C=CC=CC3,1.828,O=C(NC(CN1CCCC1=O)c1ccccc1)c1ccccc1
XS848026a,NC(=O)NC(CC(=O)NC=1C=CC=CC1N2CCCCC2)C=3C=CC(Cl)=CC3,3.896,O=C(CCc1ccccc1)Nc1ccccc1N1CCCCC1
XS848028a,O=C(CN1C=NC=2C=CC=CC2C1=O)N(CC=3C=CC=CC3)C4CCS(=O)(=O)C4,6.344,O=C(Cn1cnc2ccccc2c1=O)N(Cc1ccccc1)C1CCS(=O)(=O)C1
XS848021a,COC(=O)CC(NC(=O)C=1C=C(OC)C=2OCCOC2C1)C=3C=CC(=CC3)OC,4.1,O=C(NCc1ccccc1)c1ccc2c(c1)OCCO2
XS842216b,CC(=O)N1CCCCC1C(=O)OCC2=COC(=N2)C=3C=CC(=CC3)S(C)(=O)=O,1.356,O=C(OCc1coc(-c2ccccc2)n1)C1CCCCN1
XS840786b,CC(NC=1C=CC=C(C1)NS(C)(=O)=O)C(=O)NC=2C=CC(=CC2Cl)[N+]([O-])=O,1.034,O=C(CNc1ccccc1)Nc1ccccc1
XS848024a,O=C(NC1=CC(=NN1C=2C=CC=CC2)C3CC3)C4CC(=O)N(CCC=5C=CC=CC5)C4,1.536,O=C(Nc1cc(C2CC2)nn1-c1ccccc1)C1CC(=O)N(CCc2ccccc2)C1
XS838930b,CC=1C=CC(=CC1)N2C=C(N=N2)C3CCN(C(=O)C4=CN5CCOCC5=C4)C63CC6,28.212,O=C(c1cc2n(c1)CCOC2)N1CCC(c2cn(-c3ccccc3)nn2)C12CC2
XS839923b,O=C(CN1N=C(C=CC1=O)N2C=NC=N2)N3N=C(CC3C4=CC=CO4)C5=CC=CO5,5.502,O=C(Cn1nc(-n2cncn2)ccc1=O)N1N=C(c2ccco2)CC1c1ccco1
XS848022a,COC=1C=CC(=CC1)C2=CC(=NN2C=3C=CC=CC3)C(=O)N4CCN(C)C(=O)C4C,4.632,O=C1CN(C(=O)c2cc(-c3ccccc3)n(-c3ccccc3)n2)CCN1
XS848037a,CCOC(=O)C1=C(COC(=O)CCC2=CNC=3C=CC=CC23)NC(=O)NC1C=4C=CC=CC4,1.282,O=C1NC(COC(=O)CCc2c[nH]c3ccccc23)=CC(c2ccccc2)N1
XS848046a,CC(=O)NC=1C=CC(=CC1)S(=O)(=O)NCC(=O)N2CCCC2C3=NC=4C=CC=CC4S3,4.354,O=C(CNS(=O)(=O)c1ccccc1)N1CCCC1c1nc2ccccc2s1
XS840616b,C=C(C)CN(CC)C(=O)COC(=O)C12CCC(=O)N2C=3C=CC=CC3C(=O)N1C4CC4,0.636,O=C1CCC2N1c1ccccc1C(=O)N2C1CC1
XS848040a,CC(OC(=O)C=1C=CC=CC1NS(C)(=O)=O)C(=O)NC=2C=C(Cl)C=CC2Cl,4.202,O=C(COC(=O)c1ccccc1)Nc1ccccc1
XS848035a,CCOC(=O)C1CCCN(CC(=O)NC2=C(C#N)C(C)=C(C)N2CC=3C=CC(F)=CC3)C1,0.948,O=C(CN1CCCCC1)Nc1cccn1Cc1ccccc1
XS848039a,CCN1C(=NC=2C=C(C=CC21)S(=O)(=O)N3CCCCC3)SCC4CCCCO4,0.712,O=S(=O)(c1ccc2[nH]c(SCC3CCCCO3)nc2c1)N1CCCCC1
XS848045a,O=C(CSC1=NN=C(CC=2C=CC=CC2)O1)N(C3CCS(=O)(=O)C3)C4CCCCC4,2.566,O=C(CSc1nnc(Cc2ccccc2)o1)N(C1CCCCC1)C1CCS(=O)(=O)C1
XS848038a,CCCC(NC(=O)CC1=CN(N=C1C=2C=CC(=CC2)OC)C=3C=CC=CC3)C4=NN=NN4,0.64,O=C(Cc1cn(-c2ccccc2)nc1-c1ccccc1)NCc1nnn[nH]1
XS837134b,CC=1C=NN(C1)C2CN(C2)C(=O)C3CN(CCO3)S(=O)(=O)C=4C=CC=CC4Cl,1.858,O=C(C1CN(S(=O)(=O)c2ccccc2)CCO1)N1CC(n2cccn2)C1
XS848034a,CCOC(=O)C1=C(C)N(CC2=CC=CS2)C(=O)NC1C=3C=C(OC)C(OC)=C(C3)OC,1.798,O=C1NC(c2ccccc2)C=CN1Cc1cccs1
XS848044a,CC1=CC=CC(C)=C1N2CC(CC2=O)C3=NC=4C=CC=CC4N3CC(=O)N5CCCCCC5,4.162,O=C(Cn1c(C2CC(=O)N(c3ccccc3)C2)nc2ccccc21)N1CCCCCC1
XS837410b,CC(C)C=1C=CC=C(C1)CNC(=O)NC2CCCN(C2)S(=O)(=O)N3CCOCC3,0.508,O=C(NCc1ccccc1)NC1CCCN(S(=O)(=O)N2CCOCC2)C1
XS402853b,O=C(NC1CCCOC=2C=CC=CC21)C3CCC3,1.082,O=C(NC1CCCOc2ccccc21)C1CCC1
XS838519b,COCC(C)NC=1N=C(O)N=C2C=CC=NC12,2.24,c1cnc2cncnc2c1
XS848053a,CC(C(=O)O)N1CCC=2C=CC=CC2C1,2.308,c1ccc2c(c1)CCNC2
XS841956b,CCOC1(CCOC1)C(=O)NC2=NN=CS2,0.754,O=C(Nc1nncs1)C1CCOC1
XS848073a,CC=1C=CC(=CC1C)CC(=O)NC(C)C=2C=CC=CN2,0.444,O=C(Cc1ccccc1)NCc1ccccn1
XS608570b,CC(C)C=1C=CC(=CC1)C(=O)NC2CCCNC2=O,1.138,O=C(NC1CCCNC1=O)c1ccccc1
XS848075a,CC1CCC(C)(C)N1C(=O)C2=CNC=3N=CN=CC23,0.754,O=C(c1c[nH]c2ncncc12)N1CCCC1
XS756842b,O=C(NC=1C=CNN1)C2CC=3C=C(Cl)C=CC3O2,0.504,O=C(Nc1cc[nH]n1)C1Cc2ccccc2O1
XS848067a,CC1(O)CCCN(C1)C(=O)C=2C=CC=3OCCC3C2,2.846,O=C(c1ccc2c(c1)CCO2)N1CCCCC1
XS848077a,CC1=CC=C(O1)C(=O)NC2CCOC=3C=CC=CC32,0.716,O=C(NC1CCOc2ccccc21)c1ccco1
XS848065a,CC=1C=CC=C2NC(C=3C=CC=CN3)N(C)C(=O)C12,0.772,O=C1NC(c2ccccn2)Nc2ccccc21
XS837865b,CC(NC=1C=CC=C2OCOC12)C=3C=CC=C(C#N)C3,0.734,c1ccc(CNc2cccc3c2OCO3)cc1
XS848078a,FC(F)(F)C1CCC2=NN=C(C=3C=CC=CN3)N2C1,0.948,c1ccc(-c2nnc3n2CCCC3)nc1
XS838556b,CCS(=O)(=NC(=O)C=1C=NN(C)C1)C=2C=CC=CC2,14.968,O=C(N=[SH](=O)c1ccccc1)c1cn[nH]c1
XS848084a,CC(C=1C=CC=CC1)N(C)C(=O)C=2C=NN3C=CC=NC23,0.646,O=C(NCc1ccccc1)c1cnn2cccnc12
XS848080a,CN1C=NC(=C1)C(=O)N2CCCC2C=3C=CC(F)=CC3,2.9,O=C(c1c[nH]cn1)N1CCCC1c1ccccc1
XS553771b,CC1=C(C=NN1C)C(=O)NCC2CCCC=3C=CC=CC32,1.962,O=C(NCC1CCCc2ccccc21)c1cn[nH]c1
XS839373b,CC(CN1C=CC=N1)NC=2C=CC(=C(F)C2)N3C=CC=N3,1.1,c1cnn(CCNc2ccc(-n3cccn3)cc2)c1
XS848085a,NS(=O)(=O)N1CCCC1C2=NC=3C=CC=CC3S2,0.814,c1ccc2sc(C3CCCN3)nc2c1
XS848088a,NC(=O)NC(CC=1C=CC=CC1)C(=O)NC2CCCC2,0.892,O=C(CCc1ccccc1)NC1CCCC1
XS848091a,O=C(NCCC1=CC=CS1)C2CC(=O)N(C2)C3CC3,1.804,O=C(NCCc1cccs1)C1CC(=O)N(C2CC2)C1
XS848090a,COCC(=O)NC(CC(=O)OC)C=1C=CC(Cl)=CC1,0.946,c1ccccc1
XS573658b,CN1C=C(C=N1)NC2CCN(C2=O)C=3C=CC=CC3F,0.486,O=C1C(Nc2cn[nH]c2)CCN1c1ccccc1
XS836887b,CC1=NOC=2N=C(C)C=C(C12)N3CCCC(C3)C4CCC4,2.124,c1cc(N2CCCC(C3CCC3)C2)c2cnoc2n1
XS848095a,CC(=O)N1CCCCC1C2=NC(=CN2)C=3C=CC=C(F)C3,0.576,c1ccc(-c2c[nH]c(C3CCCCN3)n2)cc1
XS624970b,CC1=NN(C)C(C)=C1C(=O)N2CCOCC2C=3N=CON3,0.738,O=C(c1cn[nH]c1)N1CCOCC1c1ncon1
XS848104a,CCOC=1C=CC(=CC1)C(=O)N(CC)C2CC(=O)NC2=O,2.826,O=C1CC(NC(=O)c2ccccc2)C(=O)N1
XS842167b,CC(C)C1CCCCCN1C(=O)NCC=2C=CC(=O)NN2,0.462,O=C(NCc1ccc(=O)[nH]n1)N1CCCCCC1
XS839388b,CC1=NSC=2N=CN=C(C12)N3CC(C)NC(=O)C43CC4,7.186,O=C1NCCN(c2ncnc3sncc23)C12CC2
XS570397b,CN1C=NN=C1CN2CCCC(C2)C3=NC=4C=CC=CC4O3,1.824,c1ccc2oc(C3CCCN(Cc4nnc[nH]4)C3)nc2c1
XS848092a,CN1C=C(C=N1)C2CCCN2C(=O)C=3C=CC=4C=CNC4C3,0.758,O=C(c1ccc2cc[nH]c2c1)N1CCCC1c1cn[nH]c1
XS480157b,CC(C)N1C=NN=C1C2CCCN(C2)C=3C=CC=C(C#N)N3,0.764,c1ccc(N2CCCC(c3nnc[nH]3)C2)nc1
XS840547b,COC(=O)C=1C=CC(F)=C(C1)NC(=O)C(C)N2C=CC=C2,0.852,O=C(Cn1cccc1)Nc1ccccc1
XS848103a,CC(C)CC(NC(=O)CN(C)CC(N)=O)C=1C=CC=CC1,2.314,c1ccccc1
XS848102a,CC(C1=NC(=NO1)C2CC2)N(C)CCOC=3C=CC=CC3,0.404,c1ccc(OCCNCc2nc(C3CC3)no2)cc1
XS552773b,CC1=NC(=CN1C)S(=O)(=O)N2CCCC2C3=CC=CO3,2.176,O=S(=O)(c1c[nH]cn1)N1CCCC1c1ccco1
XS848097a,CC(NC(=O)C1=CC=CO1)C=2C=CC(=CC2)S(N)(=O)=O,0.516,O=C(NCc1ccccc1)c1ccco1
XS848098a,CCCCC(=O)NC(CC1=CNC=2C=CC=CC12)C(=O)O,0.954,c1ccc2[nH]ccc2c1
XS621783c,CC1=CC(=NN1)C2CCCN(C2)C(=O)C3=CC(=NO3)C(C)C,0.872,O=C(c1ccno1)N1CCCC(c2cc[nH]n2)C1
XS840027b,O=S1(=O)CCC(CNC=2N=CC=C(N2)C=3C=NC=CN3)C1,1.158,O=S1(=O)CCC(CNc2nccc(-c3cnccn3)n2)C1
XS848112a,CC(=O)N1CCN(CC1)C(=O)C2CC=3C=CC=CC3C(=O)O2,4.046,O=C1OC(C(=O)N2CCNCC2)Cc2ccccc21
XS838864b,CS1(=O)=NCC=2C(=CC=CC21)C=3C=CN4N=C(N)N=C4C3,7.286,O=[SH]1=NCc2c(-c3ccn4ncnc4c3)cccc21
XS593055b,COC=1C=CC=CC1CCNC(=O)C2CC(=O)N(C2)C(C)C,2.674,O=C1CC(C(=O)NCCc2ccccc2)CN1
XS779901b,CCNC(=O)N1CCCC(C1)C2=NNC(=N2)C=3C=CC=CC3,0.412,c1ccc(-c2nc(C3CCCNC3)n[nH]2)cc1
XS848110a,CNC(=O)NC(=O)C(C)SC=1N=C2C=CC=CC2=NC1C,0.744,c1ccc2nccnc2c1
AR000927b,CCC(=O)NC1CCCN(C1)C=2N=CN=C3SC(C)=CC23,1.522,c1nc(N2CCCCC2)c2ccsc2n1
XS744454b,CC(=O)NC1CCCN(C1)C=2C=CC3=NN=C(C4CC4)N3N2,4.768,c1cc2nnc(C3CC3)n2nc1N1CCCCC1
XS505076b,CC=1C=CC(=CC1F)C2=NOC(=N2)C(C)NC=3C=NN(C)C3,0.482,c1ccc(-c2noc(CNc3cn[nH]c3)n2)cc1
XS848129a,CCOC(=O)NC1CCCN(C1)S(=O)(=O)C=2C=CC=CC2,1.842,O=S(=O)(c1ccccc1)N1CCCCC1
XS848123a,CCN(CC)C(=O)NC=1C=CC=C(C1)CS(=O)C(C)(C)C,0.906,c1ccccc1
XS848124a,CC(C)C=1C=CC(=CC1)CC2CCN(C2)C(=O)C3=CN=C(N)O3,0.446,O=C(c1cnco1)N1CCC(Cc2ccccc2)C1
XS848130a,O=C(C1=NNC=2N=CC=CC12)N3CCCC3C=4C=CC=CC4F,1.212,O=C(c1n[nH]c2ncccc12)N1CCCC1c1ccccc1
XS841269b,CC1CS(=O)(=O)CCN1C(=O)C=2C=CC=3SC=CC3C2,1.362,O=C(c1ccc2sccc2c1)N1CCS(=O)(=O)CC1
XS848122a,NC(=O)C1CCCN(C1)C=2N=CN=C3NC4=CC(F)=CC=C4C23,1.136,c1ccc2c(c1)[nH]c1ncnc(N3CCCCC3)c12
XS842021b,CC(CC1CCCC1)C(=O)N2CCC3(CNC(=O)N3C)CC2,1.18,O=C1NCC2(CCN(C(=O)CCC3CCCC3)CC2)N1
XS848131a,CC(C1=NC=2C=CC=CC2S1)N(C)C(=O)C=3C=CC=C(F)C3,1.986,O=C(NCc1nc2ccccc2s1)c1ccccc1
XS840304b,CCN1C(=O)C(=NC=2C=CC=CC21)N(C)C(C)C=3C=CC=CN3,2.232,O=c1[nH]c2ccccc2nc1NCc1ccccn1
XS848117a,CC=1C=CC(C#N)=C(N1)N2CCCC(C2)C(=O)NC3(C#N)CC3,0.504,O=C(NC1CC1)C1CCCN(c2ccccn2)C1
XS848126a,COC=1C=CC=C(C1)S(=O)(=O)C(C)C(=O)N2CCOCC2,0.738,O=C(CS(=O)(=O)c1ccccc1)N1CCOCC1
XS848133a,CC(C1=CC=CS1)N(C)C(=O)C=2C=CC=3NC(=O)COC3C2,1.13,O=C1COc2cc(C(=O)NCc3cccs3)ccc2N1
XS733134b,CCOC=1N=CC=CC1C(=O)NCC2COC=3C=CC=CC3O2,0.408,O=C(NCC1COc2ccccc2O1)c1cccnc1
XS596432b,NC(=O)C1CCN(C1)C(=O)C2=CSC(CC=3C=CC=CC3)=N2,2.254,O=C(c1csc(Cc2ccccc2)n1)N1CCCC1
XS787800b,CC=1N=NC(NCC(O)COC=2C=CC=C(F)C2)=C(C#N)C1C,0.434,c1ccc(OCCCNc2cccnn2)cc1
XS848132a,CC1=CC(=NN1C2CCCCC2)C(=O)NC3CCC(=O)N(C)C3,2.29,O=C1CCC(NC(=O)c2ccn(C3CCCCC3)n2)CN1
XS841974b,COC1=NSC=C1NC(=O)C=2C=CC(=CC2)C3CCC(=O)N3,4.804,O=C1CCC(c2ccc(C(=O)Nc3cnsc3)cc2)N1
XS837069b,NC(=O)C1COCCN1C=2N=CC=C(N2)OC=3C=CC(F)=CC3,1.412,c1ccc(Oc2ccnc(N3CCOCC3)n2)cc1
XS840015b,CC=1C=C(OC1C(=O)NC(C(=O)O)C2CCCCC2)C(F)F,0.742,O=C(NCC1CCCCC1)c1ccco1
XS848134a,CC=1C=CC=C2C(=O)N(C=NC12)CCC(=O)NCC3CCCO3,1.364,O=C(CCn1cnc2ccccc2c1=O)NCC1CCCO1
XS848138a,CC1=C(SC=2C=CC(F)=CC12)C(=O)NC3CCCCNC3=O,0.62,O=C(NC1CCCCNC1=O)c1cc2ccccc2s1
XS848135a,CCCNC(=O)C(C)NC(=O)C1=CC(=NN1C)C=2C=CC=NC2,0.564,c1cncc(-c2cc[nH]n2)c1
XS840312b,CC=1C=CN=C(CN2CC(C)CS2(=O)=O)C1Br,0.626,O=S1(=O)CCCN1Cc1ccccn1
XS840079b,C=CCOC=1C=CC=NC1C(=O)N2CCOC3(CCCOC3)C2,0.91,O=C(c1ccccn1)N1CCOC2(CCCOC2)C1
XS848148a,O=C(C1=CN2C=CC=CC2=N1)N3CCCCCC3C=4C=CN=CC4,11.53,O=C(c1cn2ccccc2n1)N1CCCCCC1c1ccncc1
XS848149a,O=C(C=1C=NC=CN1)N2CCCC2C=3C=CC(Cl)=C(Cl)C3,5.308,O=C(c1cnccn1)N1CCCC1c1ccccc1
XS400789b,CC1=CC(=NO1)NC(=O)C(OC(=O)CCC2CCCC2)C(C)C,0.716,O=C(COC(=O)CCC1CCCC1)Nc1ccon1
XS811527b,COC=1C=C(C)C=CC1NC(C(=O)N2CCCC2)C=3C=CC=CC3,0.738,O=C(C(Nc1ccccc1)c1ccccc1)N1CCCC1
XS848144a,CC=1C=CC=C(N1)NC(=O)C2COCC(=O)N2CC=3C=CC=CC3,1.746,O=C(Nc1ccccn1)C1COCC(=O)N1Cc1ccccc1
XS836815b,O=C1CC(CNS(=O)(=O)C2=CC=CS2)C=3C=CC=CC3N1,0.388,O=C1CC(CNS(=O)(=O)c2cccs2)c2ccccc2N1
XS745568b,O=C(NC(CC(F)(F)F)C=1C=CC=CC1)C=2C=NN3CCCC23,0.624,O=C(NCc1ccccc1)c1cnn2c1CCC2
XS824026b,O=C(C=1C=CC(O)=NC1)N2CCCC2C3=NC=4C=CC=CC4S3,1.158,O=C(c1cccnc1)N1CCCC1c1nc2ccccc2s1
XS521027b,CNC(=O)C=1C=CC=C(C1)NC(=O)C2SCCC=3C=CC=CC32,0.908,O=C(Nc1ccccc1)C1SCCc2ccccc21
XS848146a,CCCC(C)NC(=O)C1=CSC(COC=2C=CC(F)=CC2)=N1,0.532,c1ccc(OCc2nccs2)cc1
XS848147a,CC=1C=CC=CC1C(=O)NC=2C=CC(=CC2)NC(=O)C3CCCO3,0.562,O=C(Nc1ccc(NC(=O)C2CCCO2)cc1)c1ccccc1
XS848142a,O=C(C=1C=CN=C(C1)N2C=CN=C2)N3CCCC(C3)N4C=CC=N4,1.59,O=C(c1ccnc(-n2ccnc2)c1)N1CCCC(n2cccn2)C1
XS848150a,O=C(NCC1=CC=2C=CC=CC2N1)C3CC(=O)N(C3)C4CCCC4,1.764,O=C(NCc1cc2ccccc2[nH]1)C1CC(=O)N(C2CCCC2)C1
XS837512b,CC1CN(C(=O)NC=2C=CC=C3C(=O)NCCC23)C=4C=CC=CC41,0.992,O=C1NCCc2c(NC(=O)N3CCc4ccccc43)cccc21
XS837290b,COC(=O)C(C)(C(=O)OC)C(C)NC(=O)C1=CN=CC(=N1)OC,0.484,c1cnccn1
XS848145a,O=C(C1CCCO1)N2CCN(CC2)S(=O)(=O)C=3C=CC=CC3,4.282,O=C(C1CCCO1)N1CCN(S(=O)(=O)c2ccccc2)CC1
XS644183b,CC(C)C1=NOC(=N1)C(C)NC=2C=CC=C(C2)N3CCCCC3=O,0.482,O=C1CCCCN1c1cccc(NCc2ncno2)c1
XS596621b,CCC1=NOC(CCCC(=O)NC2CCCCC=3C=CC=CC32)=N1,2.268,O=C(CCCc1ncno1)NC1CCCCc2ccccc21
XS842165b,COC(=O)C(C)CS(=O)(=O)N1CCN(C)C=2C=C(F)C=CC21,1.018,c1ccc2c(c1)NCCN2
XS840452b,CS(=O)(=O)N1N=C(CC1C2=CC=C(Cl)O2)C=3C=CSC3,1.686,c1coc(C2CC(c3ccsc3)=NN2)c1
XS839058b,O=C(NC=1C=CC=2SCC(=O)NC2C1)C3CCN4N=CC=C4C3,3.326,O=C1CSc2ccc(NC(=O)C3CCn4nccc4C3)cc2N1
XS840922b,CC(NC=1N=CN=C2C=NC=CC12)C=3C=NN(C3)CC=4C=CC=CC4,0.992,c1ccc(Cn2cc(CNc3ncnc4cnccc34)cn2)cc1
XS838732b,CC1(C)CC(O)=C2C(C1)=NC3=NON=C3NC2C=4C=CC=C(F)C4,1.576,C1=C2C(=Nc3nonc3NC2c2ccccc2)CCC1
XS848158a,CC1=C(N=NN1C=2C=CC(C)=CC2)C(=O)N3CCCCC3C(N)=O,0.702,O=C(c1cn(-c2ccccc2)nn1)N1CCCCC1
XS848151a,CN(CC(=O)NC=1C=CC(F)=C(Cl)C1)C2CCCCNC2=O,1.692,O=C(CNC1CCCCNC1=O)Nc1ccccc1
XS520706b,CC1=NN(C)C(C)=C1CC(=O)N2CCCC2CC=3C=CC=C(F)C3,2.568,O=C(Cc1cn[nH]c1)N1CCCC1Cc1ccccc1
XS848157a,CC1=NC=2C=C(C=CC2O1)NC(=O)C3CCCN(C3)C(=O)C(C)C,3.03,O=C(Nc1ccc2ocnc2c1)C1CCCNC1
XS814262b,CC1=CSC(=N1)N2CCN(CC2)C(=O)C3CC=4C=CC=CC4O3,0.408,O=C(C1Cc2ccccc2O1)N1CCN(c2nccs2)CC1
XS848155a,CNC(=O)C=1C=CC=C(C1)C(=O)N2CCCC(C2)C3=CN=CN3C,1.184,O=C(c1ccccc1)N1CCCC(c2cnc[nH]2)C1
XS839851b,CN1N=CC=C1C2CCCN(CC3=NN=C(S3)C(F)(F)F)C2,0.844,c1cc(C2CCCN(Cc3nncs3)C2)[nH]n1
XS837921b,COC(=O)C1(CCN(C1)S(=O)(=O)C=2N=CC=CC2Cl)OC,1.132,O=S(=O)(c1ccccn1)N1CCCC1
XS848164a,O=C(CC1CN2C(=NC=3C=CC=CC32)NC1=O)NC4CCCCC4,1.184,O=C(CC1Cn2c(nc3ccccc32)NC1=O)NC1CCCCC1
XS837646b,CC(NC(=O)C=1C=CC(=CC1)N2C=NC=3C=CC=CC32)C=4N=NNN4,0.58,O=C(NCc1nn[nH]n1)c1ccc(-n2cnc3ccccc32)cc1
XS126901c,COC=1C=CC(=CC1OC)C2=CSC(=N2)NC(=O)C3CCCO3,4.454,O=C(Nc1nc(-c2ccccc2)cs1)C1CCCO1
XS836571b,CCN1N=C(C)C(=C1NC2CC(=O)N(CC(F)(F)F)C2)[N+]([O-])=O,4.722,O=C1CC(Nc2ccn[nH]2)CN1
XS848162a,O=C(NC1=NC=C(S1)C2CCOCC2)NC3CCC43CCCC4,5.408,O=C(Nc1ncc(C2CCOCC2)s1)NC1CCC12CCCC2
XS837763b,CCOC=1C=CC=NC1S(=O)(=O)N2CC=3C=CC=CC3C2CC,3.196,O=S(=O)(c1ccccn1)N1Cc2ccccc2C1
XS836605b,O=C(C1CCS(=O)(=O)C1)N(CC=2C=CSC2)C=3C=CC=CC3,1.086,O=C(C1CCS(=O)(=O)C1)N(Cc1ccsc1)c1ccccc1
XS837324b,CN1C=C(Br)C(CS(=O)(=O)CC2CCCOC2)=N1,1.17,O=S(=O)(Cc1cc[nH]n1)CC1CCCOC1
XS848167a,O=C(C=1C=CC(=NC1)N2C=CN=C2)N3CCCC3C=4C=CC=C(F)C4,3.282,O=C(c1ccc(-n2ccnc2)nc1)N1CCCC1c1ccccc1
XS848161a,CCN1C(=O)C=2C=CC=NC2N=C1SCC(=O)NC(C)C(C)C,0.392,O=c1[nH]cnc2ncccc12
XS839518b,CCN1N=C(C=C1C2CC2)NC(=O)CC3CS(=O)(=O)CCN3C,2.204,O=C(CC1CS(=O)(=O)CCN1)Nc1cc(C2CC2)[nH]n1
XS838271b,COC=1C=C2CCCCC2=CC1OCC(=O)N=S(C)(=O)N(C)C,3.616,c1ccc2c(c1)CCCC2
XS848169a,O=C(O)C(NC(=O)C=1C=CN(N1)C=2C=CC(F)=CC2)C=3C=CC=CC3,1.334,O=C(NCc1ccccc1)c1ccn(-c2ccccc2)n1
XS848178a,O=S(=O)(C=1C=CC(Cl)=CC1)N2CCSC2C=3C=CC=CC3,0.464,O=S(=O)(c1ccccc1)N1CCSC1c1ccccc1
XS848172a,CN(C(=O)C=1C=CC(=NC1)N2CCOCC2)C3CCS(=O)(=O)C3,10.596,O=C(NC1CCS(=O)(=O)C1)c1ccc(N2CCOCC2)nc1
XS848170a,O=C(COC=1C=C(Cl)C=CC1Cl)NC2CCS(=O)(=O)C2,1.058,O=C(COc1ccccc1)NC1CCS(=O)(=O)C1
XS848175a,O=C(COC=1C=CC=2CCCC2C1)NC3CCCC=4NC(=O)C=CC43,2.352,O=C(COc1ccc2c(c1)CCC2)NC1CCCc2[nH]c(=O)ccc21
XS834409b,CC(C)N1N=CC=2C=C(C=NC21)C(=O)N3CCCC3C=4C=NN(C)C4,2.076,O=C(c1cnc2[nH]ncc2c1)N1CCCC1c1cn[nH]c1
XS662104b,COC=1C=CC(F)=CC1C(C)NC(=O)CCN2C(C)=CSC2=O,0.39,O=C(CCn1ccsc1=O)NCc1ccccc1
XS839775b,CN1C=C(C=N1)C2CCN(C2)C=3N=CC(Cl)=CC3Br,0.768,c1ccc(N2CCC(c3cn[nH]c3)C2)nc1
XS840970b,N#CC=1C=C2C=CC(F)=CC2=NC1N3CCC(CC3)C4COC(=O)N4,2.196,O=C1NC(C2CCN(c3ccc4ccccc4n3)CC2)CO1
XS848171a,CC1=NC(=NO1)C2CCCCCN2C(=O)CN3N=CC=4C=CC=CC43,1.838,O=C(Cn1ncc2ccccc21)N1CCCCCC1c1ncon1
XS837022b,CC=1C=C2N=CN(C2=CC1C)C(C)C3=NC(=CS3)C=4C=NN(C)C4,0.872,c1ccc2c(c1)ncn2Cc1nc(-c2cn[nH]c2)cs1
XS691175b,O=C(NC=1C=CC(=CN1)N2CCOCC2)C3COC=4C=CC=CC4C3,2.286,O=C(Nc1ccc(N2CCOCC2)cn1)C1COc2ccccc2C1
XS837546b,CC=1C=C(C=CC1CN(C)C(C)C(=O)O)N2C=CC(=N2)C(F)(F)F,0.896,c1ccc(-n2cccn2)cc1
XS577040b,COCC1(CCCN1C(=O)COC=2C=CC(Cl)=C(F)C2)C(N)=O,2.426,O=C(COc1ccccc1)N1CCCC1
XS848190a,O=C(NCC1CCCO1)C=2C=C(Br)C=3OCCOC3C2,0.586,O=C(NCC1CCCO1)c1ccc2c(c1)OCCO2
XS842662b,COCCOC=1N=C(C=C2C=CC=CC12)C(=O)N3CCC(C3)C(N)=O,6.682,O=C(c1cc2ccccc2cn1)N1CCCC1
XS848186a,COC=1N=CC=CC1CNC(=O)C2CC(=O)N(C2)C=3C=CC=CC3F,7.35,O=C(NCc1cccnc1)C1CC(=O)N(c2ccccc2)C1
XS848189a,CN1N=CC=2C(=NC=NC21)N3CCCC(C3)C(=O)NC4CCCCC4,0.838,O=C(NC1CCCCC1)C1CCCN(c2ncnc3[nH]ncc23)C1
XS708785b,O=C(NCCCN1C=NC=2C=CC=CC21)C3CC(=O)N(CC4CC4)C3,3.018,O=C(NCCCn1cnc2ccccc21)C1CC(=O)N(CC2CC2)C1
XS848188a,CC(C)OC=1C=CC(=CC1)NC(=O)C2CC(=O)NC=3C=C(F)C=CC32,1.81,O=C1CC(C(=O)Nc2ccccc2)c2ccccc2N1
XS836834b,N#CCCN(C(=O)C1CC21CCOCC2)C=3C=CC=4OCCOC4C3,1.208,O=C(Nc1ccc2c(c1)OCCO2)C1CC12CCOCC2
XS443609b,O=C(CC1C(=O)NC=2C=CC=CC21)N3CCN(CC3)C4=NC=CS4,2.078,O=C1Nc2ccccc2C1CC(=O)N1CCN(c2nccs2)CC1
XS841024b,CC1(COC=2C=CC=CC2O1)C(=O)NCC3=NC=4CCOCC4S3,0.924,O=C(NCc1nc2c(s1)COCC2)C1COc2ccccc2O1
XS839177b,COC=1C=CC=2CC(NC2N1)C3=NC(CN4C=NC=5C=CC=CC54)=NO3,1.646,c1cnc2c(c1)CC(c1nc(Cn3cnc4ccccc43)no1)N2
XS837167b,CC(C)N(C(=O)C(C)S(=O)(=O)C=1C=CC2=CC=CC=C2N1)C(C)C,0.566,c1ccc2ncccc2c1
XS840062b,CC=1C=CC=CC1CS(=O)(=O)N2CCN3C(=NN=C3C2C)C(C)C,2.654,O=S(=O)(Cc1ccccc1)N1CCn2cnnc2C1
XS840751b,CC(C(=O)NC=1C=CC=CC1CN2CCC=3C=CC=CC32)N4C=NC=N4,0.992,O=C(Cn1cncn1)Nc1ccccc1CN1CCc2ccccc21
XS773417b,CCOC=1C=CC=CC1OCC(=O)N2CCCCC2C3=NNC(C)=N3,1.252,O=C(COc1ccccc1)N1CCCCC1c1nc[nH]n1
XS840168b,CC1=NNC(C)=C1C2COCCN2C(=O)C3=CC=4COCCC4S3,7.964,O=C(c1cc2c(s1)CCOC2)N1CCOCC1c1cn[nH]c1
XS848196a,CC(OC(=O)C=1C=CC(Cl)=C(C1)S(C)(=O)=O)C(=O)NC2CC2,0.484,O=C(COC(=O)c1ccccc1)NC1CC1
XS848193a,CC1=CC(C)=NN1C2CCCN(C2)C(=O)CC=3C=CC=C4C=CC=NC34,1.872,O=C(Cc1cccc2cccnc12)N1CCCC(n2cccn2)C1
XS731079b,CN1C=NN=C1CC2(O)CCCN(C2)C(=O)C=3C=CC=4C=CCCC4C3,3.262,O=C(c1ccc2c(c1)CCC=C2)N1CCCC(Cc2nnc[nH]2)C1
XS848206a,CN1N=C(N=C1O)C(=O)NC2CCCC3=C2C=NN3CC=4C=CC=CC4,4.836,O=C(NC1CCCc2c1cnn2Cc1ccccc1)c1nc[nH]n1
XS848202a,CN(C)C=1C=NC(=CN1)C(=O)N2CCCCC2C3=CC=4C=CC=CC4N3,2.798,O=C(c1cnccn1)N1CCCCC1c1cc2ccccc2[nH]1
XS842288b,O=C(NC1CCCC=2OC=CC21)N3CCCN4C=5C=CC=CC5C=C4C3,0.434,O=C(NC1CCCc2occc21)N1CCCn2c(cc3ccccc32)C1
XS848203a,CC1OC=2C=CC=CC2N(CCC(=O)OCC=3C=CC(C#N)=CC3)C1=O,22.214,O=C(CCN1C(=O)COc2ccccc21)OCc1ccccc1
XS839848b,CN(C)S(C)(=O)=NC(=O)C=1C=CC(=CC1)NC(=O)C2=CCCCC2,1.096,O=C(Nc1ccccc1)C1=CCCCC1
XS577825b,CCC=1C=C(NN1)C(=O)N2CCCC(C2)C3=NC(=CN3C)C(F)(F)F,1.034,O=C(c1ccn[nH]1)N1CCCC(c2ncc[nH]2)C1
XS389242b,O=C(NC(CC=1C=CC=CC1)C(=O)NC=2C=CC=NC2)C3=CC=CS3,9.512,O=C(NC(Cc1ccccc1)C(=O)Nc1cccnc1)c1cccs1
XS558142b,CC1=NN(C=2C=CC=CC2)C=3SC(=CC13)C(=O)NC4CCN(C)C4=O,5.164,O=C(NC1CCNC1=O)c1cc2cnn(-c3ccccc3)c2s1
XS839839b,CC1=NN(C)C(C)=C1C(NC(=O)C=2C=NN3N=CC=CC23)C(F)(F)F,5.108,O=C(NCc1cn[nH]c1)c1cnn2ncccc12
XS129043c,CC(=O)NC(CC(=O)NC1=NC=2C=CC(C)=CC2S1)C=3C=CC=CC3,1.606,O=C(CCc1ccccc1)Nc1nc2ccccc2s1
XS836637b,N#CC=1N=CC=C(N1)N2CCC3(CC2)OCCC3NC(=O)C=4C=CON4,0.434,O=C(NC1CCOC12CCN(c1ccncn1)CC2)c1ccon1
XS796424b,O=C(NC1CCCN(C1)C=2N=CC=CN2)C3(CC3)C=4C=CC(Cl)=CC4,2.608,O=C(NC1CCCN(c2ncccn2)C1)C1(c2ccccc2)CC1
XS848201a,CC=1C=CC(=CC1)CNC(=O)C(C)N2CCN(CC2)C(=O)C3=CC=CO3,1.008,O=C(CN1CCN(C(=O)c2ccco2)CC1)NCc1ccccc1
XS848207a,CCC1=CC(=NN1C)C(=O)N2CCCC(CC2)NC=3C=CC=C(C3)CC,2.08,O=C(c1cc[nH]n1)N1CCCC(Nc2ccccc2)CC1
XS848216a,CC=1C=C(C(=O)N2CC(C)(C)C2C3=NC=CN3CC=4C=CC=CC4)N(C)N1,0.434,O=C(c1ccn[nH]1)N1CCC1c1nccn1Cc1ccccc1
XS840571b,CN(C)C=1C=CC2=CC(=CC=C2N1)NC(=O)C3CC(=NO3)C=4C=CN=CC4,4.096,O=C(Nc1ccc2ncccc2c1)C1CC(c2ccncc2)=NO1
XS848220a,CC(NC(=O)CC=1C=CC=2OCCOC2C1)C=3C=CC(=CC3)N4C=CN=C4,0.69,O=C(Cc1ccc2c(c1)OCCO2)NCc1ccc(-n2ccnc2)cc1
XS848218a,COC=1C=CC=CC1C(C)NC(=O)C=2C=CC(=CC2)S(=O)(=O)N(C)C,0.548,O=C(NCc1ccccc1)c1ccccc1
XS848226a,O=C(NCC=1C=CC(=CC1)OC(F)F)C2CC(=O)N(CC3=CC=CO3)C2,0.464,O=C(NCc1ccccc1)C1CC(=O)N(Cc2ccco2)C1
XS836531b,CC=1C=CC(=NC1)OC=2C=CC(=CC2)C(=O)N3CC(CS(C)(=N)=O)C3,1.128,O=C(c1ccc(Oc2ccccn2)cc1)N1CCC1
XS848211a,CC=1OC(=NC1CC(=O)N2C=3C=CC=CC3N(C)CCC2C)C4=CC=CO4,1.18,O=C(Cc1coc(-c2ccco2)n1)N1CCCNc2ccccc21
XS848213a,CC(=O)NC=1C=CC(=CC1)OC(C)C(=O)NC=2C=C(Cl)C=C(Cl)C2,0.446,O=C(COc1ccccc1)Nc1ccccc1
XS562723b,CC1=NOC(=N1)C2CC(=O)N(C2)C3CN(C3)C(=O)C=4OC=CC4C(C)C,3.09,O=C(c1ccco1)N1CC(N2CC(c3ncno3)CC2=O)C1
XS848225a,O=C(NC=1C=CC=CC1OC=2C=CC=CC2)C3CC(=O)N(C3)C4CCCC4,7.046,O=C(Nc1ccccc1Oc1ccccc1)C1CC(=O)N(C2CCCC2)C1
XS848219a,CN(CC1COC=2C=CC=CC2O1)C(=O)CN3C=NC=4C=CC=CC4C3=O,1.856,O=C(Cn1cnc2ccccc2c1=O)NCC1COc2ccccc2O1
XS737273b,COC=1C=CC=C(C1)NC(=O)NCC=2C=CC=C(C2)NC(=O)C3CCCO3,0.52,O=C(NCc1cccc(NC(=O)C2CCCO2)c1)Nc1ccccc1
XS836958b,CC=1C=C(C=CC1F)N2C=C(COC(=O)C3CCC=4N=NN(C)C4C3)N=N2,0.652,O=C(OCc1cn(-c2ccccc2)nn1)C1CCc2nn[nH]c2C1
XS841620b,CN1C(CO)=NN=C1C2CCCN(C2)C=3N=CC(=CN3)OC=4C=CC=CC4,1.218,c1ccc(Oc2cnc(N3CCCC(c4nnc[nH]4)C3)nc2)cc1
XS848229a,CC1CN(C(=O)C2=CN=C(S2)C=3N=CC=CN3)C=4C=C(Cl)C=CC4O1,3.07,O=C(c1cnc(-c2ncccn2)s1)N1CCOc2ccccc21
XS848232a,COC=1C=CC(=CC1)N2C=CN=C2SC(C)C(=O)NCC=3C=CC=CC3,0.52,O=C(CSc1nccn1-c1ccccc1)NCc1ccccc1
XS848237a,CC(=O)N1CC(OC=2C=CC=CC21)C(=O)NC=3C=CC=C(Br)C3,2.314,O=C(Nc1ccccc1)C1CNc2ccccc2O1
XS848235a,CN1C=CSC1=NC(=O)C2CC(=O)N(C2)C=3C=CC=C(C3)C(F)(F)F,0.758,O=C(N=c1[nH]ccs1)C1CC(=O)N(c2ccccc2)C1
MR045205b,CC(NC(=O)C1CCC1)C(=O)NCC=2C=CN=C(C2)OC=3C=CC=CC3F,0.888,O=C(CNC(=O)C1CCC1)NCc1ccnc(Oc2ccccc2)c1
XS842517b,O=C(N1CCCC(C1)S(=O)(=O)NC2CCCC2)C(F)(F)C3(O)CCC3,1.754,O=C(CC1CCC1)N1CCCC(S(=O)(=O)NC2CCCC2)C1
XS840674b,COC=1C=CC(OC)=C(C1)C2SCCN2S(=O)(=O)C=3C=CC=C(C)C3,1.676,O=S(=O)(c1ccccc1)N1CCSC1c1ccccc1
XS848251a,COC=1C=CC=C(C1)CN(C)C(=O)C=2CC(C(N)=O)N(N2)C=3C=CC(F)=CC3,8.99,O=C(NCc1ccccc1)C1=NN(c2ccccc2)CC1
XS842258b,O=S(=O)(C=1C=CC=2CCCC2C1)N3CCCC(C3)C4=NN=C5C=CC=CN45,2.28,O=S(=O)(c1ccc2c(c1)CCC2)N1CCCC(c2nnc3ccccn23)C1
XS825811b,CCCNC(=O)C1CN(C(=O)C2=CN3C(C)=CC=CC3=N2)C=4C=CC=CC4O1,19.396,O=C(c1cn2ccccc2n1)N1CCOc2ccccc21
XS848254a,CC=1C=CC(=CC1)C2=NOC(CS(=O)(=O)C(C)C(=O)NC3CCCC3)=N2,0.718,O=C(CS(=O)(=O)Cc1nc(-c2ccccc2)no1)NC1CCCC1
XS848246a,CC(CNC(=O)COC(=O)CC1=NNC(=O)C=2C=CC=CC12)C=3C=CC=CC3,0.43,O=C(COC(=O)Cc1n[nH]c(=O)c2ccccc12)NCCc1ccccc1
XS848256a,CC1=CC(=CC(F)=C1)C(=O)NC2CN(CC32CC3)C(=O)C=4C=CC(CO)=NC4,0.99,O=C(NC1CN(C(=O)c2cccnc2)CC12CC2)c1ccccc1
XS839014b,CC(C)N1N=NN=C1C=2C=CC=C(C2)NC(=O)NCC3CN(C(=O)O3)C4CC4,1.166,O=C(NCC1CN(C2CC2)C(=O)O1)Nc1cccc(-c2nnn[nH]2)c1
XS782835b,CC1=C(C=NN1C=2C=C(C)C=CC2C)NC(=O)N3CCNC(=O)C3CC(C)C,7.69,O=C1CN(C(=O)Nc2cnn(-c3ccccc3)c2)CCN1
XS848250a,CC(CC1=NC(=NO1)C=2C=CC=CC2)NC(=O)N3CCCC4=C(C=NN4C)C3,1.534,O=C(NCCc1nc(-c2ccccc2)no1)N1CCCc2[nH]ncc2C1
XS557502b,CCC1CN(C=2C=CC=CC2O1)S(=O)(=O)C=3C=CC4=C(C3)CCN4C(C)=O,1.89,O=S(=O)(c1ccc2c(c1)CCN2)N1CCOc2ccccc21
XS837218b,COCC(NC(=O)NC1(CCCC1)C=2C=CC=3OCCOC3C2)C4=CC=CO4,1.24,O=C(NCc1ccco1)NC1(c2ccc3c(c2)OCCO3)CCCC1
XS848244a,CCC1=NN(C)C(CC)=C1CNC=2C=CC(=CC2)C3(CC)CCC(=O)NC3=O,0.768,O=C1CCC(c2ccc(NCc3cn[nH]c3)cc2)C(=O)N1
XS552119b,CC=1C=CC(=CC1)C2CCCCN2S(=O)(=O)C=3C=NN(C3)C4CCOCC4,0.892,O=S(=O)(c1cnn(C2CCOCC2)c1)N1CCCCC1c1ccccc1
XS440172b,CC1=NN2CC(CCC2=N1)NC(=O)NC=3C=CC(C)=CC3OCC=4C=CC=CC4,1.574,O=C(Nc1ccccc1OCc1ccccc1)NC1CCc2ncnn2C1
XS337639b,O=C(C1=CSC(=N1)C=2C=NN(C2)C=3C=CC=CC3)N4CCC5(CNC(=O)C5)C4,27.224,O=C1CC2(CCN(C(=O)c3csc(-c4cnn(-c5ccccc5)c4)n3)C2)CN1
XS841414b,O=C(CN1N=CC=2C=CC=CC21)N(CC(F)(F)F)C3CCCC=4C=CC=NC43,0.504,O=C(Cn1ncc2ccccc21)NC1CCCc2cccnc21
XS648981b,CCN(CC=1C=CN=CC1)C(=O)NCC(C2=CNC=3C=CC=CC23)C=4C=CC=CC4,1.274,O=C(NCc1ccncc1)NCC(c1ccccc1)c1c[nH]c2ccccc12
XS602204b,COC=1C=CC(=CC1)CN(CC=2C=CC(=CC2)SC)C3CCS(=O)(=O)C3,0.794,O=S1(=O)CCC(N(Cc2ccccc2)Cc2ccccc2)C1
XS839664b,COC=1C=C2CCCNC(=O)C2=CC1S(=O)(=O)NC(C3CC3)C4(O)COC4,1.09,O=C1NCCCc2ccc(S(=O)(=O)NC(C3CC3)C3COC3)cc21
XS838155b,CCC=1C=CC(=CC1)C(C=2C=CC=NC2)N(CC)C(=O)C3=CN4CCOCC4=N3,4.016,O=C(NC(c1ccccc1)c1cccnc1)c1cn2c(n1)COCC2
XS848264a,COC=1C=C(C=CC1OCC2CCCO2)CNC(=O)CC=3C=CC=CC3Cl,1.938,O=C(Cc1ccccc1)NCc1ccc(OCC2CCCO2)cc1
XS848263a,O=C1C=2C=CC=C(C2CN1C3CCC(=O)NC3=O)N4C=C(N=N4)C5CCCCC5,22.722,O=C1CCC(N2Cc3c(cccc3-n3cc(C4CCCCC4)nn3)C2=O)C(=O)N1
XS837893b,CC1=C(C(=O)N2CCC=3C(Br)=CC=CC3C2)C(C)N4N=NN=C4N1C,4.824,O=C(C1=CNc2nnnn2C1)N1CCc2ccccc2C1
XS848276a,CCC=1C=CC=CC1N2CC(CC2=O)C(=O)N3CCN(CC3)C=4C=CC=C(C4)OC,5.346,O=C(C1CC(=O)N(c2ccccc2)C1)N1CCN(c2ccccc2)CC1
XS555434b,CC1=NC=2CCCC(C2S1)N(C)S(=O)(=O)C=3C=C(C)C=CC3Br,1.89,O=S(=O)(NC1CCCc2ncsc21)c1ccccc1
XS848271a,CCOC=1C=CC(=CC1OC)C(=O)OC(C)C(=O)NCC=2C=CC=3OCOC3C2,1.614,O=C(COC(=O)c1ccccc1)NCc1ccc2c(c1)OCO2
XS848282a,O=C(NCC=1C=CC(=CC1)CN2C=CN=C2)C3CC(=O)N(C3)C=4C=CC=5CCCC5C4,1.868,O=C(NCc1ccc(Cn2ccnc2)cc1)C1CC(=O)N(c2ccc3c(c2)CCC3)C1
XS848273a,COC=1C=C(C=C(C1)C=2CC(C=3C=CC(Cl)=C(F)C3)N(N2)S(C)(=O)=O)OC,2.574,c1ccc(C2=NNC(c3ccccc3)C2)cc1
XS837611b,COC=1C=C2CCN(CC2=CC1C)C(C(=O)O)C=3C=CC(F)=C(Br)C3,0.524,c1ccc(CN2CCc3ccccc3C2)cc1
XS839016b,O=C(CC1CC2(CC2)CO1)NC3(CCCCC3)C(=O)NC=4C=C5COCCN5N4,0.658,O=C(CC1CC2(CC2)CO1)NC1(C(=O)Nc2cc3n(n2)CCOC3)CCCCC1
XS848275a,CC(C)(C)C=1C=C(NC(=O)CSCC=2C=CC=CC2)N(N1)C3CCS(=O)(=O)C3,0.406,O=C(CSCc1ccccc1)Nc1ccnn1C1CCS(=O)(=O)C1
XS841630b,COC=1C=CC=C(C1)C2=CCN(C2)C(=O)C(C)(NC(C)=O)C=3C=CC(=CC3)S(C)(=O)=O,1.53,O=C(Cc1ccccc1)N1CC=C(c2ccccc2)C1
XS848298a,COC(=O)CC1C(=O)NCCN1C(=O)CSC2=NN=C(O2)C3=CNC=4C=CC=CC34,13.978,O=C1CN(C(=O)CSc2nnc(-c3c[nH]c4ccccc34)o2)CCN1
XS842682b,CC1CC=2C=C(C=CC2N1S(C)(=O)=O)C3=CSC(CC4=CN5C=CC=CC5=N4)=N3,0.784,c1ccn2cc(Cc3nc(-c4ccc5c(c4)CCN5)cs3)nc2c1
XS848288a,CCN(CC)C(=O)C=1C=CC=C(C1)NC(=O)C2CCCN(C2)S(=O)(=O)C3=CC=CS3,2.28,O=C(Nc1ccccc1)C1CCCN(S(=O)(=O)c2cccs2)C1
XS838237b,CC1(C)CC(=C2C(C1)=NN(C=3C=CC=CC3)P2(=S)NC=4C=CC=CN4)N5CCCC5,0.486,S=P1(Nc2ccccn2)C2=C(N3CCCC3)CCCC2=NN1c1ccccc1
XS848294a,CC(=O)N1CCC(CC1)C(=O)NCC(C2=CNC=3C=CC=CC23)C=4C=CC=CC4Cl,1.684,O=C(NCC(c1ccccc1)c1c[nH]c2ccccc12)C1CCNCC1
XS838868b,CCCNC(=O)C(C=1C=CN=CC1Br)N(CC)CC=2C=CC=C3OCOC23,1.796,c1cc(CNCc2ccncc2)c2c(c1)OCO2
XS848296a,CN1C(CNC=2C=CC=C(C2)C(=O)NC(CO)C=3C=CC=C(F)C3)=NN=C1C=4C=CN=CN4,0.9,O=C(NCc1ccccc1)c1cccc(NCc2nnc(-c3ccncn3)[nH]2)c1
XS848291a,CC(C)CC(C(=O)N1CCN(CC2=NC=3C=CC=CC3C(=O)N2)CC1)N4C(=O)C=5C=CC=CC5C4=O,4.036,O=C(CN1C(=O)c2ccccc2C1=O)N1CCN(Cc2nc3ccccc3c(=O)[nH]2)CC1
XS848297a,O=C(C1=CC(=NN1C=2C=CC=CC2)C3CC3)N4CCN(CC4)C(=O)C5COC=6C=CC=CC6O5,4.906,O=C(c1cc(C2CC2)nn1-c1ccccc1)N1CCN(C(=O)C2COc3ccccc3O2)CC1
XS776866b,CC(C)CN1CC(CC1=O)C(=O)NCC2(CCOCC2)C=3C=CC(Br)=CC3,5.958,O=C1CC(C(=O)NCC2(c3ccccc3)CCOCC2)CN1
XS839553b,CC(NC(=O)C1=CSN=N1)C(C)(F)F,0.502,c1csnn1
XS837753b,O=C1C=CC(F)=CN1CC2CCCOC2,0.678,O=c1ccccn1CC1CCCOC1
XS848310a,O=C(NC1CCCCNC1=O)C=2C=CC(=O)NN2,5.322,O=C(NC1CCCCNC1=O)c1ccc(=O)[nH]n1
XS836846b,O=C1OCCC1NC=2C=CC=3OCCCC3C2,1.57,O=C1OCCC1Nc1ccc2c(c1)CCCO2
XS058644c,CCOC=1C=CC(=CC1)NC2CCCCNC2=O,1.142,O=C1NCCCCC1Nc1ccccc1
XS041621c,O=C(O)C1CCCCN1CC=2C=CC=C(F)C2,1.138,c1ccc(CN2CCCCC2)cc1
XS667143b,CC=1C=CC(=CN1)NC(=O)N2CCC(C2)C3CC3,0.442,O=C(Nc1cccnc1)N1CCC(C2CC2)C1
XS848312a,CCC(C)NC(=O)C1=CC=2C=CC=CC2C(=O)N1,0.604,O=c1[nH]ccc2ccccc12
XS848306a,O=C(NCC=1C=CC=CC1)C2CCCO2,0.832,O=C(NCc1ccccc1)C1CCCO1
XS837287b,CC(C(=O)N(C)CC(F)F)C=1C=CC(=CC1)N(C)C,0.802,c1ccccc1
XS848318a,CN1C=CC=C1C2COCCN2C(=O)C=3C=CC=NC3,0.872,O=C(c1cccnc1)N1CCOCC1c1ccc[nH]1
XS848317a,CC(C)(C)NC(=O)N1CCCCCC1C2=CC=CO2,0.482,c1coc(C2CCCCCN2)c1
XS848324a,CC(OC=1C=CC(C#N)=CC1)C(=O)NC=2C=CNN2,0.452,O=C(COc1ccccc1)Nc1cc[nH]n1
XS605996b,CC=1C=C(ON1)C(=O)N2CC(C)OC=3C=CC=CC32,0.466,O=C(c1ccno1)N1CCOc2ccccc21
XS842302b,C#CCC(NC(=O)C=1C=NC2=CC=CC=C2N1)C(N)=O,1.642,c1ccc2nccnc2c1
XS842554b,CC(NC(=O)NC1=NN=CS1)C=2C=CC(C#N)=CC2,1.656,O=C(NCc1ccccc1)Nc1nncs1
XS400381b,CC1=NC(=CS1)CCNC(=O)C2CCC(=O)NC2,0.742,O=C1CCC(C(=O)NCCc2cscn2)CN1
XS842062b,CC1=CN=C(S1)C(C)NC(=O)C=2C=C3CCCN3N2,3.746,O=C(NCc1nccs1)c1cc2n(n1)CCC2
XS848335a,O=C(C1CC(=O)N(CC2=CC=CO2)C1)N3CCCCC3,3.076,O=C1CC(C(=O)N2CCCCC2)CN1Cc1ccco1
XS588503b,CCC1C(=O)NCCN1C(=O)CSC=2C=CC=CC2,7.61,O=C1CN(C(=O)CSc2ccccc2)CCN1
XS848338a,COC=1C=CC(=CC1)CNC(=O)C(NC(C)=O)C(C)C,9.232,c1ccccc1
XS848327a,O=C(C1=CSC=N1)N2CCCC2CCC=3C=CC=CC3,0.39,O=C(c1cscn1)N1CCCC1CCc1ccccc1
XS682057b,COC=1N=CC=CC1NC(=O)C2COC=3C=CC=CC3C2,1.812,O=C(Nc1cccnc1)C1COc2ccccc2C1
XS848330a,CC1CC=2C=CC=CC2N1C(=O)CSC=3N=CC=CN3,5.436,O=C(CSc1ncccn1)N1CCc2ccccc21
XS848332a,NC(=O)C1CCCCN1CC2=CC(=NO2)C=3C=CC=CC3,0.628,c1ccc(-c2cc(CN3CCCCC3)on2)cc1
XS838707b,COC(=O)C1CN(CC=2NN=CC21)C=3N=CC=NC3F,0.848,c1cnc(N2CCc3cn[nH]c3C2)cn1
XS848341a,CCN1C=C(C=N1)NC(=O)NC(C)C(=O)NC(C)(C)C,1.288,c1cn[nH]c1
XS837510b,COC1CC=2C=CC(=CC2C1)NC3=CC(C)=NC4=NC=NN34,0.588,c1cc(Nc2ccc3c(c2)CCC3)n2ncnc2n1
XS848347a,CC(C(=O)NC1CC1)N2C=NC3=C2C(=O)N(C)C(=O)N3C,0.602,O=C(Cn1cnc2[nH]c(=O)[nH]c(=O)c21)NC1CC1
XS154265c,CC1=NOC(CN(C)C(C)C2=NC=3C=CC=CC3S2)=N1,1.692,c1ccc2sc(CNCc3ncno3)nc2c1
XS848356a,CC1=NOC(=N1)C2CCCN(C2)C(=O)NC3CCCCC3,0.484,O=C(NC1CCCCC1)N1CCCC(c2ncno2)C1
XS848350a,COC=1C=CC=2CCCC(CC2C1)NC=3C=C(C#N)N=CN3,0.682,c1ccc2c(c1)CCCC(Nc1ccncn1)C2
XS676722b,O=C(NC=1C=CC(=CC1)OCC2CCCO2)C3CCCC3,0.426,O=C(Nc1ccc(OCC2CCCO2)cc1)C1CCCC1
XS848353a,CCC=1C=CC(=CC1)NC(C)C(=O)N(C)CC=2C=CC=CC2,1.984,O=C(CNc1ccccc1)NCc1ccccc1
XS842010b,CCC(NC(=O)C=1C=NN2C(=CC=CC12)OC)C(F)(F)F,3.69,c1ccn2nccc2c1
XS839907b,CNC=1N=C(C)C=C(N1)C(=O)N2CCN(C3CC3)C(C#N)C2,1.126,O=C(c1ccncn1)N1CCN(C2CC2)CC1
XS848361a,CC=1C=NN(C1)CC2CCCCN2C(=O)C=3C=CN=C(C)N3,2.872,O=C(c1ccncn1)N1CCCCC1Cn1cccn1
XS848364a,CC(SC1=NN=C(O1)C2CCCCC2)C(=O)NC(N)=O,1.104,c1nnc(C2CCCCC2)o1
XS788972b,CC1CCCCN1C(=O)CCNC(=O)C=2C=CC(=O)N(C)C2,0.836,O=C(NCCC(=O)N1CCCCC1)c1ccc(=O)[nH]c1
XS848363a,CC=1C=CC(=CC1)C2=CN=C(CCC(=O)OC(C)C(N)=O)O2,0.99,c1ccc(-c2cnco2)cc1
XS661424b,COC=1C=C(C)C(=CC1C)S(=O)(=O)NCC2CCCO2,1.288,O=S(=O)(NCC1CCCO1)c1ccccc1
XS848370a,CC1=NN(C)C(C)=C1NC(=O)C(C)SC=2C=CC(C)=CC2,0.948,O=C(CSc1ccccc1)Nc1cn[nH]c1
XS837325b,CC1=NC2=C(CCCC2C3=NC(=NO3)C=4N=CC=CN4)S1,3.924,c1cnc(-c2noc(C3CCCc4scnc43)n2)nc1
XS653391b,CN(C)S(=O)(=O)NC1CCN(C1)C=2C=CC(F)=CC2F,0.638,c1ccc(N2CCCC2)cc1
XS848366a,CCN1C=C(C=N1)C(=O)N2CCCC(CC3=NC=CS3)C2,1.04,O=C(c1cn[nH]c1)N1CCCC(Cc2nccs2)C1
XS848365a,CCS(=O)(=O)N1CCC(CC1)NC(=O)C2CC=CCC2,0.39,O=C(NC1CCNCC1)C1CC=CCC1
XS839735b,CC1=CC(=NO1)OCC(=O)N2CCCCC2C3=NC=CS3,1.5,O=C(COc1ccon1)N1CCCCC1c1nccs1
XS841985b,CC=1C=CC2=C(N1)OCCN2S(=O)(=O)CC3CCCCO3,1.33,O=S(=O)(CC1CCCCO1)N1CCOc2ncccc21
XS848378a,CCOC=1C=CC=CC1C(=O)OCC(=O)NCC2CCCO2,0.566,O=C(COC(=O)c1ccccc1)NCC1CCCO1
XS839476b,COC1=NN2C=CC=NC2=C1C=3C=CC(=CC3)C4CCC(=O)N4,5.716,O=C1CCC(c2ccc(-c3cnn4cccnc34)cc2)N1
XS848375a,CC1CC=2C=CC=CC2N1C(=O)C=3C=CC=4NC(=O)CCC4C3,0.848,O=C1CCc2cc(C(=O)N3CCc4ccccc43)ccc2N1
XS848383a,CC=1C=C(ON1)C(=O)NC(C)C=2C=CC(Br)=CC2,0.794,O=C(NCc1ccccc1)c1ccno1
XS838381b,OC=1N=NC(=C2C=CC=CC12)N3CCCC(C3)C4=NN=CS4,2.056,c1ccc2c(N3CCCC(c4nncs4)C3)nncc2c1
XS848389a,CC1=C(C=CN1C)C(=O)N2CCC(C2)NC=3C=CC=C(Cl)C3,2.802,O=C(c1cc[nH]c1)N1CCC(Nc2ccccc2)C1
XS848393a,CC(C)C=1C=CC=C(C1)CNC(=O)C2CCC3=NNC(=O)N3C2,0.386,O=C(NCc1ccccc1)C1CCc2n[nH]c(=O)n2C1
XS842557b,O=S(=O)(CC=1C=CC=CC1)N2CCCC2C=3N=CC=C(O)N3,1.644,O=S(=O)(Cc1ccccc1)N1CCCC1c1ncccn1
XS848391a,CC1=NOC=2N=C(C)C=C(C(=O)N3CCOC(C3)C4CCC4)C12,2.082,O=C(c1ccnc2oncc12)N1CCOC(C2CCC2)C1
XS848390a,O=C(C1CC=2C=CC=CC2O1)N3CCC=4NC=5C=CC=CC5C4C3,1.344,O=C(C1Cc2ccccc2O1)N1CCc2[nH]c3ccccc3c2C1
XS670047b,COCC1(CCCN1C(=O)C=2C=CC=CC2OC3CC3)C(N)=O,9.434,O=C(c1ccccc1OC1CC1)N1CCCC1
XS848392a,CC=1C=CC(C)=C(C1)CS(=O)CCC(=O)NC=2C=CC=CC2,2.02,O=C(CCS(=O)Cc1ccccc1)Nc1ccccc1
XS848394a,CC(NC(=O)C=1C=CN(C)C(=O)C1)C=2C=CC=3OCCOC3C2,5.028,O=C(NCc1ccc2c(c1)OCCO2)c1cc[nH]c(=O)c1
XS848398a,CC1=NOC(C)=C1CC(=O)N2CCCC2C=3C=CC=C(Cl)C3,3.738,O=C(Cc1cnoc1)N1CCCC1c1ccccc1
XS836468b,CC(C)C(C)(NS(=O)(=O)C=1C=CC=CC1C(F)F)C(N)=O,1.534,c1ccccc1
XS848388a,O=C(NC=1C=CC(F)=C(Cl)C1)C2CC(=O)NC=3C=CC=CC32,0.764,O=C1CC(C(=O)Nc2ccccc2)c2ccccc2N1
XS848395a,COC=1C=CC(=CC1)N2CCN(CC2)C(=O)C(C)N3C=NC=N3,1.442,O=C(Cn1cncn1)N1CCN(c2ccccc2)CC1
XS848386a,O=C(NC=1C=CC=C(C1)C2=CC=CS2)NC3CCCNC3=O,1.84,O=C(Nc1cccc(-c2cccs2)c1)NC1CCCNC1=O
XS848396a,CC=1C=C(NC(=O)C2CC(=O)N(C2)C=3C=CC=CC3F)N(C)N1,4.612,O=C(Nc1ccn[nH]1)C1CC(=O)N(c2ccccc2)C1
XS848400a,CCCC1CCCN(CC1)C(=O)C2=CC(=NN2)C3=CC=CS3,1.478,O=C(c1cc(-c2cccs2)n[nH]1)N1CCCCCC1
XS842166b,COC(=O)C(C)CS(=O)(=O)NC=1C=NOC1C=2C=CC=CC2,0.406,c1ccc(-c2ccno2)cc1
XS848404a,CCC1=NC(C)=C(S1)C(=O)N2CCCC(C2)C3=NOC(C)=N3,2.438,O=C(c1cncs1)N1CCCC(c2ncon2)C1
XS840596b,COC(=O)C=1C=CC(OC(C)C)=C(C1)NC(C)C(=O)NC(N)=O,0.868,c1ccccc1
XS836681b,CN1C=2C=CC=CC2C(=O)NC1C=3C=NN(C3)C=4C=CC(F)=CC4,1.772,O=C1NC(c2cnn(-c3ccccc3)c2)Nc2ccccc21
XS848415a,COC=1C=CC=C(C(=O)NC(C)C2=CC=3C=CC=CC3O2)C1OC,1.228,O=C(NCc1cc2ccccc2o1)c1ccccc1
XS848405a,O=C(NCC=1C=CN=CC1)C2COCC(=O)N2CC=3C=CC=CC3,1.164,O=C(NCc1ccncc1)C1COCC(=O)N1Cc1ccccc1
XS841986b,COC=1C=CC(=C(C)C1)S(=O)(=O)N2CCCC32CCNC3=O,4.092,O=C1NCCC12CCCN2S(=O)(=O)c1ccccc1
XS433109b,CCC1=NOC=2N=CC(=CC12)C(=O)N3CCCC(C3)C4=CC=NN4,1.428,O=C(c1cnc2oncc2c1)N1CCCC(c2ccn[nH]2)C1
XS417459b,CC=1C=CC=NC1C2=NOC(=N2)C3CC(C)(C)OC=4C=CC=CC43,0.41,c1ccc(-c2noc(C3CCOc4ccccc43)n2)nc1
XS848409a,CC(C)C=1C=CC(=CC1)NC(=O)CC(NC(N)=O)C=2C=CC=CC2,3.62,O=C(CCc1ccccc1)Nc1ccccc1
XS848412a,COC=1C=CC(=CC1)C2CCCN2S(=O)(=O)C3=CC=CS3,3.552,O=S(=O)(c1cccs1)N1CCCC1c1ccccc1
XS848406a,CCCN(CC(=O)NC(=O)NC)CC1COC=2C=CC=CC2O1,0.77,c1ccc2c(c1)OCCO2
XS848407a,CC(C)N1C=NC(=C1)S(=O)(=O)N2CC(C)OC=3C=CC=CC32,0.916,O=S(=O)(c1c[nH]cn1)N1CCOc2ccccc21
XS848414a,CC=1C=C(C(=O)NC(C)C=2C=CC(Br)=CC2)N(C)N1,0.444,O=C(NCc1ccccc1)c1ccn[nH]1
XS848413a,CCOCCNC(=O)N1CCCC1C=2C=C(C=CC2OC)OC,2.218,c1ccc(C2CCCN2)cc1
XS848403a,CC=1C=CC(=CN1)C(=O)N2CCCC2C=3C=CC=C4OCCOC34,2.388,O=C(c1cccnc1)N1CCCC1c1cccc2c1OCCO2
XS553205b,CC1=NOC(=N1)C2CCN(C2)S(=O)(=O)C=3C=CC=C(F)C3C,0.798,O=S(=O)(c1ccccc1)N1CCC(c2ncno2)C1
XS707130b,CC=1N=C(C)N(CC2CN(CC=3C=CC(C#N)=CC3F)CCO2)N1,0.732,c1ccc(CN2CCOC(Cn3cncn3)C2)cc1
XS848419a,CC=1C=NN(C1)CC2CCCCN2CC3=NN=C(O3)C4=CC=CO4,0.682,c1coc(-c2nnc(CN3CCCCC3Cn3cccn3)o2)c1
XS579945b,CC=1C=CC=C(C1)CS(=O)CC2=COC(=N2)C=3C=CC(F)=CC3,0.646,O=S(Cc1ccccc1)Cc1coc(-c2ccccc2)n1
XS848421a,COC=1C=CC2=C(C1)C(C(=O)NCC(O)C3CC3)=C(C)N2C4CC4,0.332,O=C(NCCC1CC1)c1cn(C2CC2)c2ccccc12
XS848418a,CCCCN1N=C(C=CC1=O)C(=O)N2CCCC(C2)N3C=NC=N3,1.236,O=C(c1ccc(=O)[nH]n1)N1CCCC(n2cncn2)C1
XS848427a,CN(CC(=O)NC(C)(C)C)C(=O)C(C=1C=CC=CC1)N2C=CC=N2,2.68,c1ccc(Cn2cccn2)cc1
XS848424a,CC1=NN(N=C1C(=O)N(CC2CCOC2)C3CC3)C=4C=CC=CC4,1.102,O=C(c1cnn(-c2ccccc2)n1)N(CC1CCOC1)C1CC1
XS848425a,CC1=C(NC(=O)C2CCC(=O)NC2)C(=O)N(C=3C=CC=CC3)N1C,3.674,O=C1CCC(C(=O)Nc2c[nH]n(-c3ccccc3)c2=O)CN1
XS848436a,O=C1C=2C=CSC2N=CN1CC(O)COC=3C=CC(Cl)=CC3,0.404,O=c1c2ccsc2ncn1CCCOc1ccccc1
XS848434a,N#CC1CCN(CC1(F)F)C(=O)CNC(=O)NCC=2C=CC=CC2,0.492,O=C(NCC(=O)N1CCCCC1)NCc1ccccc1
XS701361b,CCC1C(=O)NCCN1C(=O)NC=2C=C(F)C=C(C2)N3CCCC3,9.66,O=C1CN(C(=O)Nc2cccc(N3CCCC3)c2)CCN1
XS848428a,CC1=C(C=NN1C=2C=CC=CC2)C(=O)NC(C(=O)O)C=3C=CC=CC3,0.52,O=C(NCc1ccccc1)c1cnn(-c2ccccc2)c1
XS848437a,CC(C)C1=NOC(CCCC(=O)N2CCC=3SC=CC3C2C)=N1,0.702,O=C(CCCc1ncno1)N1CCc2sccc2C1
XS611146b,CC(NC(=O)C=1C=CC=C(Br)C1)C2=NN=C3CCCN23,0.426,O=C(NCc1nnc2n1CCC2)c1ccccc1
XS836841b,COC(=O)C1=CN(N=N1)C2CCCN(CC3=NC(=NO3)N(C)C)C2,0.62,c1cn(C2CCCN(Cc3ncno3)C2)nn1
XS848435a,COCC1(CCCN1CC=2C=NN(C2)C=3C=CC(F)=CC3)C(N)=O,2.12,c1ccc(-n2cc(CN3CCCC3)cn2)cc1
XS840100b,CC1CN(CCN1C=2C=CN=CC2F)S(=O)(=O)C=3C=CC=CN3,1.286,O=S(=O)(c1ccccn1)N1CCN(c2ccncc2)CC1
XS848431a,CC1CN(CCCO1)C(=O)C=2C=CC(=NC2)N3C=NC=4C=CC=CC43,0.616,O=C(c1ccc(-n2cnc3ccccc32)nc1)N1CCCOCC1
XS667427b,CC=1OC(=NC1C(=O)N2CCOCC32CCOC3)C4=CC=CS4,2.852,O=C(c1coc(-c2cccs2)n1)N1CCOCC12CCOC2
XS848432a,COC=1C=CC=CC1NC(=O)NC2CCSC=3C(F)=CC=CC32,0.504,O=C(Nc1ccccc1)NC1CCSc2ccccc21
XS548567b,CC=1C=CC(C(=O)N2CCCC(O)(C2)C(N)=O)=C(Br)C1,0.414,O=C(c1ccccc1)N1CCCCC1
XS848450a,CC(SC=1N=CN=C2C1C=NN2C)C(=O)C3=CNC=4C=CC=CC34,0.726,O=C(CSc1ncnc2[nH]ncc12)c1c[nH]c2ccccc12
XS848459a,CCN(CC=1C=CC=CC1)C(=O)NC2CC(=O)N(C2)C=3C=CC=CC3,2.044,O=C(NCc1ccccc1)NC1CC(=O)N(c2ccccc2)C1
XS848447a,CC=1C=CC(=CC1)OC=2C=CC=CC2CNC(=O)C3CCNC(=O)C3,2.136,O=C1CC(C(=O)NCc2ccccc2Oc2ccccc2)CCN1
XS841988b,O=C(NC=1C=CC=C2NC=CC12)C(=O)N3CCCCC3C=4C=NNC4,0.506,O=C(Nc1cccc2[nH]ccc12)C(=O)N1CCCCC1c1cn[nH]c1
XS848452a,CNC(=O)C1CCCCN1S(=O)(=O)C=2C=NN(C2)C3CCCC3,1.884,O=S(=O)(c1cnn(C2CCCC2)c1)N1CCCCC1
XS848448a,CC1=NC(=NO1)C2CCCCCN2C(=O)NC=3C=C(C#N)C=CC3C,0.68,O=C(Nc1ccccc1)N1CCCCCC1c1ncon1
XS839063b,CC(C)N1C=NN=C1C2CCCN(C2)C(=O)C=3C=NC=4NC=CC4C3,2.48,O=C(c1cnc2[nH]ccc2c1)N1CCCC(c2nnc[nH]2)C1
XS393557b,CC1=CN2N=C(SC2=N1)N3CCC(CNC=4C=CC(C#N)=CN4)C3,0.606,c1ccc(NCC2CCN(c3nn4ccnc4s3)C2)nc1
XS848460a,COC(=O)C(NC(=O)C1=CC=CO1)C=2C=CC(Br)=CC2,0.87,O=C(NCc1ccccc1)c1ccco1
XS848444a,CN1C=C(C=N1)C(=O)N2CCCCC2C=3C=CC(=CC3)C(F)(F)F,5.628,O=C(c1cn[nH]c1)N1CCCCC1c1ccccc1
XS848457a,CN1CCC(CC1=O)C(=O)NC=2C=CC(=O)N(C2)CC=3C=CC=CC3,16.656,O=C1CC(C(=O)Nc2ccc(=O)n(Cc3ccccc3)c2)CCN1
XS676185b,CC1=NOC(=N1)C(C)S(=O)(=O)CC2=CSC(=N2)C3CCCC3,0.428,O=S(=O)(Cc1csc(C2CCCC2)n1)Cc1ncno1
XS839320b,COC=1C=NC(=CN1)CN(CC2CC32CCC3)C(=O)C4=CC(C)=NO4,1.216,O=C(c1ccno1)N(Cc1cnccn1)CC1CC12CCC2
XS838661b,COC(=O)C=1C=C(C#N)C=CC1N2CC(CC32CCCC3)C(=O)OC,0.87,c1ccc(N2CCCC23CCCC3)cc1
XS848472a,CCCC(=O)N1CCC(CC1)C(=O)NC2CCCCC=3C=CC=CC32,1.614,O=C(NC1CCCCc2ccccc21)C1CCNCC1
XS837223b,O=C(NCC=1C=CN=C(C1)OC2CCOC2)C3=COC(CC4CC4)=N3,0.55,O=C(NCc1ccnc(OC2CCOC2)c1)c1coc(CC2CC2)n1
XS548492b,CC1CN(C(=O)C=2C=CC3=C(C2)N=NN3C)C=4C=C(Cl)C=CC4O1,1.798,O=C(c1ccc2[nH]nnc2c1)N1CCOc2ccccc21
XS840509b,CC1=C(C=NN1C)C(C)NC(=O)C2=CC=3C=C(C=CC3S2)[N+]([O-])=O,2.05,O=C(NCc1cn[nH]c1)c1cc2ccccc2s1
XS848467a,COC=1C=CC(Br)=C(C1)C(=O)OC(C)C(=O)NC2CC2,0.582,O=C(COC(=O)c1ccccc1)NC1CC1
XS848464a,CC1=CN=C(O1)C=2C=CC=C(C2)NC(=O)NC(CO)CC3CCCC3,0.386,O=C(NCCC1CCCC1)Nc1cccc(-c2ncco2)c1
XS560122b,CCCC(=O)NCC1CCCN(C1)C(=O)C=2C=NC3=CC=CC=C3N2,0.838,O=C(c1cnc2ccccc2n1)N1CCCCC1
XS848466a,O=C1NCCCCC1SC2=NC=3CCCCC3N2C=4C=CC=CC4,1.392,O=C1NCCCCC1Sc1nc2c(n1-c1ccccc1)CCCC2
XS848471a,CCC=1C=CC(=CC1)OCC(O)CN(C)C=2N=CN=C3C2C=NN3C,0.866,c1ccc(OCCCNc2ncnc3[nH]ncc23)cc1
XS848485a,CCCN(CCOC=1C=CC=CC1F)C(C)C(=O)NC=2C=CC=CC2,0.452,O=C(CNCCOc1ccccc1)Nc1ccccc1
XS848481a,O=C(NC=1C=CC(=O)N(C1)CC=2C=CC=CC2)C3CCS(=O)(=O)C3,0.676,O=C(Nc1ccc(=O)n(Cc2ccccc2)c1)C1CCS(=O)(=O)C1
XS848478a,O=C(NCC1=NC(=CS1)C(F)(F)F)C2CC=3C=CC=C(F)C3O2,0.51,O=C(NCc1nccs1)C1Cc2ccccc2O1
XS836677b,O=S(=O)(C1CCN(C1)C=2C=CN=C3C(F)=CC=CC23)N4CCCC4,1.002,O=S(=O)(C1CCN(c2ccnc3ccccc23)C1)N1CCCC1
XS848476a,CC(=O)N1CCCCC1CC(=O)N2CCCN(CC2)C=3C=CC=NN3,2.698,O=C(CC1CCCCN1)N1CCCN(c2cccnn2)CC1
XS738418b,CCN(C(=O)C=1C=C2C=CC=CC2=C(N1)OC)C3CCS(=O)(=O)C3,5.326,O=C(NC1CCS(=O)(=O)C1)c1cc2ccccc2cn1
XS842067b,COC(=O)C(C)(CC1=CCCCC1)NC(=O)C=2C=CC(=CN2)C(N)=O,2.096,O=C(NCCC1=CCCCC1)c1ccccn1
XS803053b,COC=1C=CC=C(C1)CN(C)C(=O)CC(NC(C)=O)C2=CC=CS2,2.638,O=C(CCc1cccs1)NCc1ccccc1
XS848477a,COC=1C=C(C=C(C1)OC)CCC(=O)N2CCC=3SC=CC3C2C,14.976,O=C(CCc1ccccc1)N1CCc2sccc2C1
XS842672b,O=C1C=C(CN2CCCC3(CCCC=4C=CC=CC43)C2)NC5=CC=NN15,1.926,O=c1cc(CN2CCCC3(CCCc4ccccc43)C2)[nH]c2ccnn12
XS447278b,CC1=NC(=NO1)C(NS(=O)(=O)C=2C=CC(C)=CC2)C=3C=NN(C)C3,1.606,O=S(=O)(NC(c1cn[nH]c1)c1ncon1)c1ccccc1
XS836496b,CC1=CC=C(O1)C=2C=C(C(=O)NC(C)C=3N=NNN3)C4=CC=CC=C4N2,0.462,O=C(NCc1nn[nH]n1)c1cc(-c2ccco2)nc2ccccc12
XS837096b,CC(NC(=O)NC=1C=CC(=CC1)N2N=CC=3C=CC=CC32)C=4N=CNN4,0.61,O=C(NCc1nc[nH]n1)Nc1ccc(-n2ncc3ccccc32)cc1
XS848494a,CC=1C=CC(=CC1)C2=NN=C(CCC(=O)NC(C)C(=O)N3CCCC3)O2,0.67,O=C(CCc1nnc(-c2ccccc2)o1)NCC(=O)N1CCCC1
XS837889b,N#CC=1C=NC(=CN1)N2CC(CNC(=O)C3=COC=N3)OC4(CCC4)C2,2.578,O=C(NCC1CN(c2cnccn2)CC2(CCC2)O1)c1cocn1
XS837043b,CC(C)OC=1C=NC=CC1NC(=O)C(C(=O)OC(C)(C)C)C(C)(C)C,3.334,c1ccncc1
XS742942b,CCN1CCN(C(=O)C(NC(=O)C2=CC=CO2)C(C)C)C=3C=CC=CC31,0.428,O=C(NCC(=O)N1CCNc2ccccc21)c1ccco1
XS764690b,CN1C=CC(=N1)N2CCCC(NC(=O)C3(CCC3)C=4C=CC=CC4)C2=O,0.986,O=C1C(NC(=O)C2(c3ccccc3)CCC2)CCCN1c1cc[nH]n1
XS848487a,CC=1C=NN(C1)CC2CCCCN2C(=O)C3=CN=CN3C=4C=CC=CC4,1.092,O=C(c1cncn1-c1ccccc1)N1CCCCC1Cn1cccn1
XS839583b,CCC(C)(C)C1=NN=C(NC2CCS(=O)(=O)C=3C=CC(F)=CC32)O1,1.198,O=S1(=O)CCC(Nc2nnco2)c2ccccc21
XS848486a,CC=1C=CC(=CC1)C(C)C(=O)OCC2=CC(=O)N3C=C(Cl)C=CC3=N2,0.886,O=C(Cc1ccccc1)OCc1cc(=O)n2ccccc2n1
XS517856b,CN1N=NC=C1C(=O)NC2CCN(C2)C=3C=CC=C(C3)OC(F)(F)F,0.694,O=C(NC1CCN(c2ccccc2)C1)c1cnn[nH]1
XS815266b,CC=1N=C(NC(=O)C1CC(=O)NC(C)C2=CC=CS2)C=3C=CC=CN3,0.742,O=C(Cc1cnc(-c2ccccn2)[nH]c1=O)NCc1cccs1
XS571658b,COCC1=NNC(=N1)C2CCCCN2C(=O)CC=3C(F)=CC=CC3F,1.074,O=C(Cc1ccccc1)N1CCCCC1c1ncn[nH]1
XS839069b,CC1CN(C(=O)C=2C=CC(Cl)=C(C2)S(C)(=O)=O)C=3C=CC=NC31,0.53,O=C(c1ccccc1)N1CCc2ncccc21
XS841329b,CC1=NC2=CC(O)=NN2C(C)=C1CCC(=O)NC3CCC=4C=NNC4C3,3.434,O=C(CCc1cnc2ccnn2c1)NC1CCc2cn[nH]c2C1
XS840669b,CC(C)N1C=CC=C1C(=O)NC(C)C=2C=CC=CC2NS(C)(=O)=O,0.422,O=C(NCc1ccccc1)c1ccc[nH]1
XS587403b,CC=1N=C2C=CC=CC2=C(NC(=O)C3CC(=O)N(C3)C(C)C)C1C(C)C,2.328,O=C1CC(C(=O)Nc2ccnc3ccccc23)CN1
XS848488a,CN1C(=O)CC(C1=O)N2CCN(CC3=NC=4C=CC=CC4C(=O)N3)CC2,1.582,O=C1CC(N2CCN(Cc3nc4ccccc4c(=O)[nH]3)CC2)C(=O)N1
XS848501a,CCC(NC(=O)CC1=CC(OC)=C(OC)C(=C1)OC)C=2C=CC(C)=CC2,1.63,O=C(Cc1ccccc1)NCc1ccccc1
XS707137b,COC=1C=CC=C(C1)N2CC(CC2=O)C(=O)NC=3C=CC=C(Cl)C3C,4.862,O=C(Nc1ccccc1)C1CC(=O)N(c2ccccc2)C1
XS848503a,CNC(=O)CN1C=2C=CC=CC2C(=O)N(C)C1C3=CC=4C=CC=CC4OC3,0.76,O=C1NC(C2=Cc3ccccc3OC2)Nc2ccccc21
XS848498a,COC=1C=CC(=CC1F)CN(C)C(=O)C2CC(=O)NC=3C=C(F)C=CC32,3.318,O=C1CC(C(=O)NCc2ccccc2)c2ccccc2N1
XS848502a,COC=1C=CC(=CC1OC)C2CCCN2CC3=NC(=NO3)C=4C=CC=CC4,1.108,c1ccc(-c2noc(CN3CCCC3c3ccccc3)n2)cc1
XS848508a,CC(C(=O)NC=1C=C(F)C=CC1F)N2CCCN(CC2)C3=NC=CS3,0.386,O=C(CN1CCCN(c2nccs2)CC1)Nc1ccccc1
XS848499a,O=C(NCC=1C=CC=CC1OC(F)F)NCC2COC=3C=CC=CC3O2,0.41,O=C(NCc1ccccc1)NCC1COc2ccccc2O1
XS848495a,COC=1C=CC(=CC1)C2CCCCCN2C(=O)COC=3C=CC(C#N)=CC3,3.306,O=C(COc1ccccc1)N1CCCCCC1c1ccccc1
XS837933b,CC1=CC(=CN(C)C1=O)C(=O)NC2(C)CCN(C2)C=3N=CN=C(C)C3F,5.344,O=C(NC1CCN(c2ccncn2)C1)c1ccc(=O)[nH]c1
XS848500a,O=C(C=1C=CC=C(Br)C1)N2CCN(CC2)C(=O)C3CCCO3,1.524,O=C(c1ccccc1)N1CCN(C(=O)C2CCCO2)CC1
XS840776b,CC=1C=CC=C(C1S(=O)(=O)NC(C)C2=NN=C3C=CC=CN23)[N+]([O-])=O,0.484,O=S(=O)(NCc1nnc2ccccn12)c1ccccc1
XS839413b,CC(CN(C)C(=O)C=1C=C(OCC2CC2)C3=CC=CC=C3N1)C4=NN=NN4,0.464,O=C(NCCc1nnn[nH]1)c1cc(OCC2CC2)c2ccccc2n1
XS848525a,CCN1C(=O)N(CC(=O)NC(C)CC=2C(F)=CC=CC2F)C=3C=CC=CC31,0.874,O=C(Cn1c(=O)[nH]c2ccccc21)NCCc1ccccc1
XS738833b,CNC(=O)C(NS(=O)(=O)C=1C=CC=2NC(=O)CCC2C1)C=3C=CC=CC3,1.386,O=C1CCc2cc(S(=O)(=O)NCc3ccccc3)ccc2N1
XS848511a,O=C(C1=CC=2CCCCC2S1)N3CCCC3C=4C=CC=5OCCOC5C4,5.546,O=C(c1cc2c(s1)CCCC2)N1CCCC1c1ccc2c(c1)OCCO2
XS722287b,O=C1C=2C=CC=CC2C=NN1CC(O)COC=3C=CC(Br)=CC3,0.564,O=c1c2ccccc2cnn1CCCOc1ccccc1
XS785093b,CC(NC(=O)C=1C=CC=CC1N2CCCC2=O)C3=NC(=CS3)C(C)(C)C,0.504,O=C(NCc1nccs1)c1ccccc1N1CCCC1=O
XS848513a,CCCCN1C(=O)C=2C=CC(=CC2C1=O)C(=O)OCC(=O)NC(C)C(C)C,0.55,O=C1NC(=O)c2ccccc21
XS848514a,COC(=O)C=1C=CC(=CC1)C(=O)OC(C)C(=O)N2CCC=3C=CC=CC3C2,3.318,O=C(OCC(=O)N1CCc2ccccc2C1)c1ccccc1
XS839119b,CC(C(=O)OCCN1C=NC=CC1=O)C=2C=CC(Br)=C(F)C2,0.486,O=C(Cc1ccccc1)OCCn1cnccc1=O
XS837650b,O=C(CN1C=CC=2C=CC=CC21)NC(CO)C=3C=CC(Br)=CC3,1.83,O=C(Cn1ccc2ccccc21)NCc1ccccc1
XS848520a,CC(C)C(=O)N1CCCC(C1)C(=O)NCC(=O)NC=2C=CC(F)=C(F)C2,0.844,O=C(CNC(=O)C1CCCNC1)Nc1ccccc1
XS848533a,COC=1C=CC=C(C1)C(=O)N(CC=2SC=CC2C)C3CCS(=O)(=O)C3,2.798,O=C(c1ccccc1)N(Cc1cccs1)C1CCS(=O)(=O)C1
XS659002b,COC=1C=CC(CN(C)C(C)C(=O)NC=2C=CC=3OCCOC3C2)=C(C1)OC,0.958,O=C(CNCc1ccccc1)Nc1ccc2c(c1)OCCO2
XS837057b,COC=1C=C(C)C(=CC1OC)S(=O)(=O)NC(C=2N=CC=C(C)N2)C3CC3,1.278,O=S(=O)(NC(c1ncccn1)C1CC1)c1ccccc1
XS837501b,O=C1CN=C(C=2C=CC=CC2)C=3C=C(C=CC3N1)C=4C=NN(N4)C5CCCCO5,2.604,O=C1CN=C(c2ccccc2)c2cc(-c3cnn(C4CCCCO4)n3)ccc2N1
XS837827b,CN(C)C=1C=CC(=CC1)C(=O)N(C)C(C(=O)O)C=2C=C(Cl)C=C(Cl)C2,1.072,O=C(NCc1ccccc1)c1ccccc1
XS848531a,CC(NC(=O)C=1C=CC=C(C1)N2C(=O)CCC2=O)C34CC5CC(CC(C5)C4)C3,1.168,O=C(NCC12CC3CC(CC(C3)C1)C2)c1cccc(N2C(=O)CCC2=O)c1
XS848530a,CC(C)C(NC(=O)C=1C=CC=CC1F)C(=O)N2CCN(CC2)C=3N=CC=CN3,0.936,O=C(NCC(=O)N1CCN(c2ncccn2)CC1)c1ccccc1
XS838494b,C=CC1(CCC1)C(=O)NC2CN(CC=3C=CC=CC32)C(=O)C=4C=C(O)N=CN4,1.63,O=C(NC1CN(C(=O)c2ccncn2)Cc2ccccc21)C1CCC1
XS848536a,CC(OC(=O)CC1=NN(C)C(=O)C=2C=CC=CC12)C(=O)NCC=3C=CC=CC3,1.774,O=C(COC(=O)Cc1n[nH]c(=O)c2ccccc12)NCc1ccccc1
XS693398b,COC=1C=CC(=CC1)C2CCCN2C(=O)CC=3C=C(Cl)C=4OCCOC4C3,1.448,O=C(Cc1ccc2c(c1)OCCO2)N1CCCC1c1ccccc1
XS432544b,O=C(NC=1C=CC(=CC1)OC=2C=CC=CC2)C(=O)NC3CCC=4NN=CC4C3,1.174,O=C(Nc1ccc(Oc2ccccc2)cc1)C(=O)NC1CCc2[nH]ncc2C1
XS810683b,CCCC(NC(=O)CN1C(=O)N(CC)C(=O)C=2C=CC=CC21)C=3C=CC=CC3,1.072,O=C(Cn1c(=O)[nH]c(=O)c2ccccc21)NCc1ccccc1
XS848540a,CSC1=NC=C(C(=O)OC(C(=O)NC(N)=O)C(C)C)N1C=2C=CC(F)=CC2,0.524,c1ccc(-n2ccnc2)cc1
XS848544a,COC=1C=CC(=CC1OC)CNC(=O)CC(NC(N)=O)C=2C=CC=CC2Cl,6.644,O=C(CCc1ccccc1)NCc1ccccc1
XS068672b,COC=1C=CC=CC1C(=O)NC(CCSC)C(=O)NCC=2C=CC(F)=CC2,0.598,O=C(CNC(=O)c1ccccc1)NCc1ccccc1
XS684885b,CC1=CC=CN2C(=O)C=C(CN3CCCC3C=4C=CC=C(Br)C4)N=C12,0.582,O=c1cc(CN2CCCC2c2ccccc2)nc2ccccn12
XS848541a,CN1C=C(C=2C=CC=CC21)C3CCN(C3)C(=O)C=4C=NN(C)C4CC=5C=CC=CC5,4.69,O=C(c1cn[nH]c1Cc1ccccc1)N1CCC(c2c[nH]c3ccccc23)C1
XS848545a,O=C(NC1CN(CC2(CCC2)C1)C(=O)C=3C=CNN3)C=4C=NC5=CC=CC=C5C4,5.166,O=C(NC1CN(C(=O)c2cc[nH]n2)CC2(CCC2)C1)c1cnc2ccccc2c1
XS841726b,CC(NC(=O)C=1C=CC=CC1S(C)(=O)=O)C2=CN(N=N2)C=3N=CC(F)=CN3,5.16,O=C(NCc1cn(-c2ncccn2)nn1)c1ccccc1
XS842153b,COC(=O)C1=CC(=CN1C)NC(=O)N2CCC3(CC3C(=O)N4CCCC4)CC2,4.59,O=C(Nc1cc[nH]c1)N1CCC2(CC1)CC2C(=O)N1CCCC1
XS848547a,COC=1C=CC(OC)=C(C1)C2CCCN2C(=O)COC=3C=CC(Cl)=CC3C,0.448,O=C(COc1ccccc1)N1CCCC1c1ccccc1
XS848542a,CC=1C=CC=CC1C=2CC(C=3C=NC4=CC=CC=C4N3)N(N2)C(=O)CCC(=O)O,2.184,c1ccc(C2=NNC(c3cnc4ccccc4n3)C2)cc1
XS132489c,O=C(NC=1C=CC=CC1N2CCCCC2)C3CC(=O)N(C3)C=4C=CC=CC4Cl,1.7,O=C(Nc1ccccc1N1CCCCC1)C1CC(=O)N(c2ccccc2)C1
XS789594b,COC=1C=CC(=CC1)C2CCCCCN2C(=O)C=3C=CC(=CC3)N4CCCC4=O,8.64,O=C1CCCN1c1ccc(C(=O)N2CCCCCC2c2ccccc2)cc1
XS837908b,COC=1C=CC=C2CCC(C(=O)N3CCC=4N=CN=C(C4C3)N5CCOCC5)C12,10.722,O=C(C1CCc2ccccc21)N1CCc2ncnc(N3CCOCC3)c2C1
XS839916b,O=C(NC1CN(CC2(CCC2)C1)C(=O)C3=CNN=N3)C=4C=CC=5N=CSC5C4,1.612,O=C(NC1CN(C(=O)c2c[nH]nn2)CC2(CCC2)C1)c1ccc2ncsc2c1
XS837108b,CCOC(=O)C1=C(C)NC2=C(C#N)C(=NN2C1C=3C=CC=CC3)N4CCOCC4,0.484,C1=CC(c2ccccc2)n2nc(N3CCOCC3)cc2N1
XS542691b,CC(C)OC1CCN(CC1)C(=O)C2CCCN(C2)C(=O)CCOC=3C=CC=CC3,3.092,O=C(CCOc1ccccc1)N1CCCC(C(=O)N2CCCCC2)C1
XS848564a,CC=1C=CC=2NC(=NC2C1)C3CCCN3C(=O)C=4C=CC(=C(C)C4)N5CCNC5=O,1.986,O=C1NCCN1c1ccc(C(=O)N2CCCC2c2nc3ccccc3[nH]2)cc1
XS848552a,CC1CC=2C=CC=CC2N1CC=3C=COC3C(=O)N4CCC5(CCN(C)C5=O)CC4,0.546,O=C(c1occc1CN1CCc2ccccc21)N1CCC2(CCNC2=O)CC1
XS848556a,CC1=NN(C(C)=C1NC(=O)C2CC(=O)N(C2)C=3C=CC=4CCCC4C3)C=5C=CC=CC5,5.8,O=C(Nc1cnn(-c2ccccc2)c1)C1CC(=O)N(c2ccc3c(c2)CCC3)C1
XS848553a,CC(OC(=O)C1=CN(N=C1C=2C=CC(Cl)=CC2)C=3C=CC=CC3)C(=O)NC(N)=O,2.902,c1ccc(-c2ccn(-c3ccccc3)n2)cc1
XS848562a,CCNC(=O)CN(C)C(=O)CC(NC(=O)C=1C=CC=CC1Cl)C=2C=CC=CC2,0.642,O=C(NCc1ccccc1)c1ccccc1
XS848565a,CCOC=1C=CC(=CC1)C2CCCN2C(=O)C=3C=CC(=CC3)OCC4=CSC=N4,1.522,O=C(c1ccc(OCc2cscn2)cc1)N1CCCC1c1ccccc1
XS848560a,COC=1C=CC(=CC1)NC(=O)C2=C(C)NC(=O)NC2C=3C=CC=C(C3)C(F)(F)F,0.496,O=C1NC=C(C(=O)Nc2ccccc2)C(c2ccccc2)N1
XS848557a,O=C(O)C=1C=CC=CC1CCC(=O)N2CCCC2CN3C=C(N=N3)C4=CN=CS4,1.642,O=C(CCc1ccccc1)N1CCCC1Cn1cc(-c2cncs2)nn1
XS837729d,CCN1C(=O)NC=2C=C(C=CC2C1=O)C(=O)NC(C=3C=NN(C)C3)C=4C=CC(F)=CC4,0.646,O=C(NC(c1ccccc1)c1cn[nH]c1)c1ccc2c(=O)[nH]c(=O)[nH]c2c1
XS080626b,COC=1C=CC(=CC1OC)C=2CC(C=3C=CC4=NC=CN=C4C3)N(N2)C(=O)C(C)C,8.33,c1ccc(C2=NNC(c3ccc4nccnc4c3)C2)cc1
XS848558a,CNC(=O)C1CN(C(=O)CCCOC=2C=CC(C#N)=CC2OC)C=3C=CC=CC3O1,2.894,O=C(CCCOc1ccccc1)N1CCOc2ccccc21
XS848551a,COC=1C=C2CCN(C(=O)C=3C=C(C)N=C4C=CC=CC34)C(CC(=O)O)C2=CC1OC,7.18,O=C(c1ccnc2ccccc12)N1CCc2ccccc2C1
XS848554a,CC(C)(C)NC(=O)CNC(=O)C1CCCN1S(=O)(=O)C2=CC=C(Cl)S2,1.654,O=S(=O)(c1cccs1)N1CCCC1
XS848577a,CCCNC(=O)C=1C=CC=CC1NC(=O)C2CC(=O)N(C2)C=3C=CC=4OCCOC4C3,3.284,O=C(Nc1ccccc1)C1CC(=O)N(c2ccc3c(c2)OCCO3)C1
XS848576a,COC=1C=CC(=C(C1)OC)N2CC(CC2=O)C(=O)NC=3C=CC(OC)=C(C3)OC(F)F,2.29,O=C(Nc1ccccc1)C1CC(=O)N(c2ccccc2)C1
XS840606b,CC1=NC=2C=C(C=CC2N1C)C(=O)NNC(=O)C(C)OC=3C=CC=C(Br)C3,1.284,O=C(COc1ccccc1)NNC(=O)c1ccc2[nH]cnc2c1
XS848578a,O=C(C=1C=CC(=CC1)S(=O)(=O)N2CCCC2)N3CCCC3C=4C=CC=5OCCOC5C4,4.746,O=C(c1ccc(S(=O)(=O)N2CCCC2)cc1)N1CCCC1c1ccc2c(c1)OCCO2
XS848582a,CC(=O)NC(CC(=O)N1CCN(CC(=O)NC=2C=CC(F)=CC2)CC1)C=3C=CC=CC3,2.796,O=C(CN1CCN(C(=O)CCc2ccccc2)CC1)Nc1ccccc1
XS848572a,COC=1C=CC(=CC1S(=O)(=O)N2CCCC2)C(=O)OC(C)C(=O)N3CCC(C)CC3,1.27,O=C(OCC(=O)N1CCCCC1)c1cccc(S(=O)(=O)N2CCCC2)c1
XS848583a,COCCN1C=C(C=CC1=O)C(=O)NCC(C2=CNC=3C=CC=CC23)C=4C=CC=CC4Cl,1.69,O=C(NCC(c1ccccc1)c1c[nH]c2ccccc12)c1ccc(=O)[nH]c1
XS848573a,CS(=O)(=O)NC=1C=CC=C(C1)C=2CC(C=3C=CC4=NC=CN=C4C3)N(N2)S(C)(=O)=O,4.258,c1ccc(C2=NNC(c3ccc4nccnc4c3)C2)cc1
XS848568a,CC1=NN(C(C)=C1C2C(=O)NCCN2CC(=O)N(C)CC3=CC=CS3)C=4C=CC=CC4,0.492,O=C(CN1CCNC(=O)C1c1cnn(-c2ccccc2)c1)NCc1cccs1
XS848569a,CCCN(C(=O)C1=CSC(=N1)C=2C=CC(OC)=C(C2)OC)C3CCS(=O)(=O)C3,19.722,O=C(NC1CCS(=O)(=O)C1)c1csc(-c2ccccc2)n1
XS848570a,CC1=NN(CC(C)C)C(C)=C1CCC(=O)N2CCCCC2C3=NC=4C=CC=CC4S3,4.334,O=C(CCc1cn[nH]c1)N1CCCCC1c1nc2ccccc2s1
XS848580a,COC=1C=C2CCN(CC(=O)NC(=O)NC3CCCC3)C(C4=CC=CS4)C2=CC1OC,2.91,O=C(CN1CCc2ccccc2C1c1cccs1)NC(=O)NC1CCCC1
XS848575a,CC(=O)N1CCC(CC1)(C(=O)OCC(=O)NC2CCCC=3C=CC=CC32)C=4C=CC=CC4,2.19,O=C(COC(=O)C1(c2ccccc2)CCNCC1)NC1CCCc2ccccc21
XS839288b,CC(C=1N=CC=CN1)N(C)C=2N=CN=C(F)C2F,5.096,c1cnc(CNc2ccncn2)nc1
XS383259c,O=C(NC=1C=CC=2OCCOC2C1)C3CCCO3,1.266,O=C(Nc1ccc2c(c1)OCCO2)C1CCCO1
XS006128e,COC(=O)C(F)C1=NC=2C=CC=CC2C(=O)N1,0.818,O=c1[nH]cnc2ccccc12
XS836940b,O=C(CN1C=CN=N1)N2CCCC32CCOC3=O,0.552,O=C(Cn1ccnn1)N1CCCC12CCOC2=O
XS393571b,COC=1C=CC(=CN1)NC(=O)NC(C)C=2C=CC=CN2,0.54,O=C(NCc1ccccn1)Nc1cccnc1
XS848598a,CC=1OC=CC1C(=O)N2CCCC(C2)N3C=NC=N3,1.488,O=C(c1ccoc1)N1CCCC(n2cncn2)C1
XS836694b,CN(C(=O)N1CCOCC21CCOC2)C3CCCC3,1.376,O=C(NC1CCCC1)N1CCOCC12CCOC2
XS838418b,CN1C=CN=C1C2=NOC(=N2)C3CCC4=CC=NN4C3,2.064,c1c[nH]c(-c2noc(C3CCc4ccnn4C3)n2)n1
XS841311b,OC=1C=C(N=C(N1)C2CCOC2)C3CC(F)(F)C3,7.314,c1cc(C2CCC2)nc(C2CCOC2)n1
XS848599a,CC(C(N)=O)N(C)CC1=NC=2CCCCC2S1,0.472,c1nc2c(s1)CCCC2
XS841850b,CC1(C)C(CCN1C(N)=O)C=2C=CC=CC2Cl,0.718,c1ccc(C2CCNC2)cc1
XS848611a,O=C(NCCOC=1C=CC=CC1)C2CCC=3NN=CC3C2,34.076,O=C(NCCOc1ccccc1)C1CCc2[nH]ncc2C1
XS848609a,CCN1C(=NC=2C=CC=CC21)SC3CCN(C)C3=O,1.376,O=C1NCCC1Sc1nc2ccccc2[nH]1
XS848614a,COC(=O)C=1C=CC=C(C1)NC(=O)N2CCCC(C)C2,0.406,O=C(Nc1ccccc1)N1CCCCC1
XS838403b,CS(=N)(=O)C=1C=NC=C(N1)N2CCCC3(CCC3)C2,1.432,c1cnc(N2CCCC3(CCC3)C2)cn1
XS848615a,O=C(NC=1C=CC=C(Br)C1)C2CCC(=O)N2,0.43,O=C1CCC(C(=O)Nc2ccccc2)N1
XS848620a,CCN(CC(C)C#N)C(=O)C1=CC=2C=CC=CC2OC1=O,0.714,O=c1ccc2ccccc2o1
XS848607a,CC=1C=CC=CC1CN(C)C(=O)C2CCS(=O)(=O)C2,0.662,O=C(NCc1ccccc1)C1CCS(=O)(=O)C1
XS749572b,CCN(C)C(=O)N1CCC2(C1)CCC=3C=CC=CC3O2,0.508,c1ccc2c(c1)CCC1(CCNC1)O2
XS589560b,O=C1C(CCN1C=2C=CC=CC2F)N3C=C(N=N3)C4CC4,3.938,O=C1C(n2cc(C3CC3)nn2)CCN1c1ccccc1
XS848608a,CCC1C(=O)NCCN1C(=O)C=2C=CC=C3C=CC=CC23,2.126,O=C1CN(C(=O)c2cccc3ccccc23)CCN1
XS017360e,O=C(O)C(C1=CN2C=C(Cl)C=CC2=N1)C=3C=CC=CC3,1.062,c1ccc(Cc2cn3ccccc3n2)cc1
XS840216b,CC(C1=NC=CS1)S(=O)(=O)CC2(C)CCCCC2,1.012,O=S(=O)(Cc1nccs1)CC1CCCCC1
XS736466b,COCCS(=O)(=O)N1CCCC(C1)C2=NC(C)=NO2,1.74,c1noc(C2CCCNC2)n1
XS848631a,CC(NC(=O)CN1CCCCCCC1=O)C=2C=CC=NC2,0.946,O=C(CN1CCCCCCC1=O)NCc1cccnc1
XS553195b,O=C(CC=1C=CC(F)=CC1)N2CCCCC2C=3C=NNC3,2.806,O=C(Cc1ccccc1)N1CCCCC1c1cn[nH]c1
XS330240b,COCC1(CCCN1CC2=CN(N=N2)C(C)(C)C)C(N)=O,1.322,c1[nH]nnc1CN1CCCC1
XS842399b,CCOC(=O)C1CCCCN1CC2=C(N=CN2C)[N+]([O-])=O,1.442,c1ncc(CN2CCCCC2)[nH]1
XS837636b,C#CCN(CC=1C=CC=CC1)CC2CC3(CCCC3)C(=O)O2,0.368,O=C1OC(CNCc2ccccc2)CC12CCCC2
XS848623a,CC1(C)C(=O)NCCN1C(=O)C2CSC=3C=CC=CC32,1.848,O=C1CN(C(=O)C2CSc3ccccc32)CCN1
XS570359b,CC1=C(C=NN1C)C(C)NC(=O)N(C)CC2CCCCC2,0.852,O=C(NCc1cn[nH]c1)NCC1CCCCC1
XS848626a,CN(CC1=CC=CO1)C(=O)C2=CN(C)N=C2C3CCOC3,1.566,O=C(NCc1ccco1)c1c[nH]nc1C1CCOC1
XS848640a,CC1CCCN(C1)C(=O)CSC2=NC=3C=CC=CC3N2C,0.57,O=C(CSc1nc2ccccc2[nH]1)N1CCCCC1
XS848652a,CC1=NN(C)C(C)=C1CC(=O)NCCC(C)C=2C=CC=CC2,0.446,O=C(Cc1cn[nH]c1)NCCCc1ccccc1
XS848636a,CC1=CSC(=N1)C2CCCCN2C(=O)CCN3C=CN=N3,1.812,O=C(CCn1ccnn1)N1CCCCC1c1nccs1
XS848650a,CC=1N=C(SC1C(=O)NCC2CCCO2)C=3N=CC=CN3,0.678,O=C(NCC1CCCO1)c1cnc(-c2ncccn2)s1
XS848644a,CC1=NC(=NC(C)=C1C)SCC(=O)NC(C)(C#N)C2CC2,0.896,O=C(CSc1ncccn1)NCC1CC1
XS800022b,CC1C(=O)NCCN1C(=O)NC=2C=CC(=CC2)C(F)(F)F,3.442,O=C1CN(C(=O)Nc2ccccc2)CCN1
XS839626b,C#CCN(C(=O)C(C)S(=O)(=O)C(C)C)C1CCCCC1,1.684,C1CCCCC1
XS589454b,CC1=NOC(=N1)C(C)NC(=O)C=2C=CC(=NC2)OCC3CC3,1.578,O=C(NCc1ncno1)c1ccc(OCC2CC2)nc1
XS837031b,O=C(NC(C1=NC=CS1)C2CC2)C3=NC=CN4C=CN=C34,3.686,O=C(NC(c1nccs1)C1CC1)c1nccn2ccnc12
XS848664a,CC(C(=O)NC=1C=CC=CC1)N2CCN(CC2)C=3C=CC=CN3,1.274,O=C(CN1CCN(c2ccccn2)CC1)Nc1ccccc1
XS841020b,CC1=NOC(C)=C1COC(=O)C(C=2C=CC=CC2)N3C=CC=N3,0.618,O=C(OCc1cnoc1)C(c1ccccc1)n1cccn1
XS842444b,O=C(N1CCC(C1)C=2C=CC3=CC=CN=C3N2)C4(O)CCCC4,0.638,O=C(C1CCCC1)N1CCC(c2ccc3cccnc3n2)C1
XS838650b,CC1(C)C(CCS1(=O)=O)C2=NC(=NO2)NC=3C=CC=CC3,1.054,O=S1(=O)CCC(c2nc(Nc3ccccc3)no2)C1
XS583188b,CCN1C=C(C=N1)CNC(=O)C2CN(C)C(=O)C=3C=CC=CC32,2.736,O=C1NCC(C(=O)NCc2cn[nH]c2)c2ccccc21
XS188269c,CC(CC(=O)NC=1C=CC(Br)=CC1)N2C=NC=N2,0.556,O=C(CCn1cncn1)Nc1ccccc1
XS588759b,CCC(CNC(=O)CC=1C=C(C)ON1)OC=2C=CC=C(F)C2,1.576,O=C(Cc1ccon1)NCCOc1ccccc1
XS848657a,O=C(CC1=NOC=2C=CC=CC12)N3CCCC3CN4C=CC=N4,0.916,O=C(Cc1noc2ccccc12)N1CCCC1Cn1cccn1
XS841304b,CC1CC(CNC=2C=CC=C3CN(CC23)C=4C=CC=CN4)=NO1,0.6,c1ccc(N2Cc3cccc(NCC4=NOCC4)c3C2)nc1
XS390527b,CC=1OC(=NC1C(=O)N2C=3C=CC=CC3CC2C)C=4C=CC=CC4,0.504,O=C(c1coc(-c2ccccc2)n1)N1CCc2ccccc21
XS848673a,COC=1C=C2CCN(CC2=CC1OC)C(=O)C3CCC(=O)NC3,4.106,O=C1CCC(C(=O)N2CCc3ccccc3C2)CN1
XS660734b,CCC1(CNC(=O)NC(C2=NN=C3CCCN23)C(C)C)CCC1,0.874,O=C(NCc1nnc2n1CCC2)NCC1CCC1
XS836606b,CC1=NN(C)C(C)=C1C(C)C(=O)N2CCCC=3C=CC=C(F)C32,1.264,O=C(Cc1cn[nH]c1)N1CCCc2ccccc21
XS841053b,[O-][N+](=O)C=1C=NN(C1)CCN2CCSC(C2)C=3C=CC=CC3,0.772,c1ccc(C2CN(CCn3cccn3)CCS2)cc1
XS848678a,CC(C)CCOC=1C=CC(=CC1)C(C)NC(=O)CN2C=NC=N2,0.822,O=C(Cn1cncn1)NCc1ccccc1
XS848676a,CC=1C=C(ON1)C2CCCN2C(=O)CC=3C=CC=4OCOC4C3,1.608,O=C(Cc1ccc2c(c1)OCO2)N1CCCC1c1ccno1
XS848671a,CCCC(C)NC(=O)C=1SC=2N=C3CCCN3C(=O)C2C1C,0.722,O=c1c2ccsc2nc2n1CCC2
XS842634b,CC1=CC(=NN1CC(=O)NC2CC32CCOCC3)C(F)(F)F,0.768,O=C(Cn1cccn1)NC1CC12CCOCC2
XS839842b,CC(C)C1(CNC(=O)C1)C(=O)NC=2C=C(OC(F)F)N(C)N2,0.578,O=C1CC(C(=O)Nc2cc[nH]n2)CN1
XS070659c,COC=1C=CC(O)=C(C1)C(=O)OC(C)C(=O)NC=2C=C(C)ON2,0.6,O=C(COC(=O)c1ccccc1)Nc1ccon1
XS848694a,CC1=CC(CNC(=O)N2CCC=3C=4C=CC=CC4NC3C2C)=NO1,0.464,O=C(NCc1ccon1)N1CCc2c([nH]c3ccccc23)C1
XS848687a,CC1=NOC(C)=C1CS(=O)CC(=O)NC=2C=CC(Cl)=CC2,0.988,O=C(CS(=O)Cc1cnoc1)Nc1ccccc1
XS848693a,CC1=NOC(=N1)C2CCCN(C2)S(=O)(=O)C=3C=CC(F)=CC3,0.484,O=S(=O)(c1ccccc1)N1CCCC(c2ncno2)C1
XS840811b,COC=1C=CC=CC1S(=O)(=O)C(C)C(=O)NC2=CC(C)=NO2,1.396,O=C(CS(=O)(=O)c1ccccc1)Nc1ccno1
XS836701b,O=C(NC1=NC(=NN1)C=2C=CC=3CCCC3C2)C4CCNC(=O)C4,1.22,O=C1CC(C(=O)Nc2nc(-c3ccc4c(c3)CCC4)n[nH]2)CCN1
XS848692a,CC(C)CC(C1=NC(=NO1)C2CC2)N3C(=O)C=4C=CC=CC4C3=O,1.2,O=C1c2ccccc2C(=O)N1Cc1nc(C2CC2)no1
XS848685a,O=C(COC=1C=CC(Cl)=CC1)N2CCOCC2C=3N=CON3,0.738,O=C(COc1ccccc1)N1CCOCC1c1ncon1
XS605977b,CS(=O)(=O)N1CCN(CC1)C(=O)C2COC=3C=CC=CC3C2,3.58,O=C(C1COc2ccccc2C1)N1CCNCC1
XS848684a,O=C(NC1CCN(C1=O)C=2C=CC(Cl)=C(F)C2)C=3C=CNN3,4.302,O=C(NC1CCN(c2ccccc2)C1=O)c1cc[nH]n1
XS848695a,CC1=NOC=2N=C(C)C=C(C(=O)N3CCC(C3)C=4C=CC=CC4)C12,1.964,O=C(c1ccnc2oncc12)N1CCC(c2ccccc2)C1
XS837486b,O=C(NNC(=O)C1COCCO1)C2=COC(=N2)C3CCCCC3,0.504,O=C(NNC(=O)C1COCCO1)c1coc(C2CCCCC2)n1
XS848688a,O=C(CN1N=NC=2C=CC=CC21)NCC3CCCC=4C=CC=CC43,1.008,O=C(Cn1nnc2ccccc21)NCC1CCCc2ccccc21
XS848691a,CCOC=1C=CC(=CC1OCC)NC(C)C(=O)N2CCOCC2,1.672,O=C(CNc1ccccc1)N1CCOCC1
XS840056b,COC=1C=CC(=CC1)CN(C(=O)C2CC=CCO2)C=3C=CN=CC3,3.184,O=C(C1CC=CCO1)N(Cc1ccccc1)c1ccncc1
XS428840b,CN(C=1N=CN=C2C=CSC12)C3CCCN(C3)C=4C=CC=NN4,2.906,c1cnnc(N2CCCC(Nc3ncnc4ccsc34)C2)c1
XS848686a,CC=1C=CC(F)=C(C1)C(=O)NC(C(=O)O)C=2C=CC(Cl)=CC2,0.404,O=C(NCc1ccccc1)c1ccccc1
XS848698a,COC=1C=CC(=CC1)CCCC(=O)N2CCCC(C2)N3C=CC=N3,0.944,O=C(CCCc1ccccc1)N1CCCC(n2cccn2)C1
XS848699a,O=C(NCC1CCN(CC=2C=CC=CC2)C1)C=3C=C4OCCN4N3,10.98,O=C(NCC1CCN(Cc2ccccc2)C1)c1cc2n(n1)CCO2
XS571827b,CC1=NN(C)C=C1C(=O)N2CCN(C)C(C2)C3=NC(=NO3)C4CC4,2.66,O=C(c1cn[nH]c1)N1CCNC(c2nc(C3CC3)no2)C1
XS848706a,CC=1C=CC2=NC(=CN2C1)CNC(=O)C(C(C)C)N3CCCC3=O,0.766,O=C(CN1CCCC1=O)NCc1cn2ccccc2n1
XS848700a,CC=1N=C2C=CC=CC2=NC1SCC(=O)NC(C)(C#N)C(C)C,1.038,c1ccc2nccnc2c1
XS848704a,CC1=CC=C(O1)C(C)NC(=O)NC=2C=CC(=NC2)N3CCOCC3,0.386,O=C(NCc1ccco1)Nc1ccc(N2CCOCC2)nc1
XS848720a,O=C(NC1COC=2C=CC=CC2C1)C3=CC=C(NC3=O)C4=CC=CO4,1.846,O=C(NC1COc2ccccc2C1)c1ccc(-c2ccco2)[nH]c1=O
XS848709a,CC1=CSC(=N1)C(C)NC(=O)NCC=2C=CC=CC2OC(C)C,0.504,O=C(NCc1ccccc1)NCc1nccs1
XS848711a,CC=1C=C(NC(=O)CN2CCOC(CN3N=C(C)C=C3C)C2)ON1,1.83,O=C(CN1CCOC(Cn2cccn2)C1)Nc1ccno1
XS660383b,CCOC=1C=C(C)C(Cl)=CC1S(=O)(=O)NCC2CCCO2,1.656,O=S(=O)(NCC1CCCO1)c1ccccc1
XS711308b,FC(F)C1=NN=C2C=CC(=NN12)N3CC4(CCOCC4)C3C5CC5,5.75,c1cc2nncn2nc1N1CC2(CCOCC2)C1C1CC1
XS839918b,O=C(NC1=NC=CN2N=CC=C12)C3CC4(CO3)CCC(F)(F)CC4,10.254,O=C(Nc1nccn2nccc12)C1CC2(CCCCC2)CO1
XS725213b,CC(=O)N1CCCC(O)(C1)C(=O)NCCOC=2C(C)=CC=CC2C,2.176,O=C(NCCOc1ccccc1)C1CCCNC1
XS836718b,CC(OC(=O)C1=CC(=NN1C=2C=CC=CC2)C=3C=CC=CC3)C(N)=O,2.54,c1ccc(-c2ccn(-c3ccccc3)n2)cc1
XS529906b,CC1=NN=C2CN(C)C(CN12)C(=O)NC=3C=NN(CC(C)C)C3C,1.06,O=C(Nc1cn[nH]c1)C1Cn2cnnc2CN1
XS836967b,CC1(C#N)CCCN(C1)C(=O)C(=O)N2CCC=3C=C(N)C=CC3C2,10.98,O=C(C(=O)N1CCc2ccccc2C1)N1CCCCC1
XS848718a,O=C(COCC1=NC=2C=CC=CC2S1)NC3CCCCNC3=O,1.04,O=C(COCc1nc2ccccc2s1)NC1CCCCNC1=O
XS841633b,CC(C)C(=O)N1CCCC(C1)C(=O)N2CCS(=O)(=O)CCO2,4.134,O=C(C1CCCNC1)N1CCS(=O)(=O)CCO1
XS839260b,OCC1CC2(CCC2)CCN1C=3N=CC=C(COC=4C=CC=CC4)N3,0.504,c1ccc(OCc2ccnc(N3CCC4(CCC4)CC3)n2)cc1
XS575581b,O=C(C=1C=NC=C2C=CC=CC12)N3CCCC(C3)N4CCCCC4=O,3.888,O=C(c1cncc2ccccc12)N1CCCC(N2CCCCC2=O)C1
XS848725a,CC(NS(=O)(=O)CC1(C)CCOCC1)C2=NN=C3C=CC=CN23,1.506,O=S(=O)(CC1CCOCC1)NCc1nnc2ccccn12
XS842616b,O=S(=O)(CC1CCC2(CCC2)O1)NC3(CC3)C=4C=CC(F)=CC4,1.392,O=S(=O)(CC1CCC2(CCC2)O1)NC1(c2ccccc2)CC1
XS839488b,CP(C)(=O)C1CC(=O)N(CC2=CSC=C2C(F)(F)F)C1=O,0.614,O=C1CCC(=O)N1Cc1ccsc1
XS848726a,CCC=1C=CC(=CC1)N2CC(CC2=O)C3=NC(=NO3)C4=CC=CS4,3.902,O=C1CC(c2nc(-c3cccs3)no2)CN1c1ccccc1
XS842733b,CN(C)C(=O)CC1(O)CCCN(C1)C=2C(C#N)=NN=C3C=CC=CC23,2.384,c1ccc2c(N3CCCCC3)cnnc2c1
XS840133b,COC=1C=CC(=CC1)N(C)C(=O)CC2(CCC=3C=CC=CC32)C(=O)O,0.564,O=C(CC1CCc2ccccc21)Nc1ccccc1
XS848723a,CC(=O)N1C=CC=2C=CC=CC2C1CC(=O)N(C)CC3=CC=C(C)O3,0.876,O=C(CC1NC=Cc2ccccc21)NCc1ccco1
XS603585b,COC=1C=CC(=CC1Br)C(=O)N2CCCC(C2)C(N)=O,4.366,O=C(c1ccccc1)N1CCCCC1
XS842739b,O=C(CCN1C=CN=N1)N(C2CCS(=O)(=O)C2)C3CCCCC3,1.576,O=C(CCn1ccnn1)N(C1CCCCC1)C1CCS(=O)(=O)C1
XS842496b,CC1=NNN=C1C(=O)N2CCCCC2C=3C=CC=C(C3)C(F)(F)F,0.89,O=C(c1cn[nH]n1)N1CCCCC1c1ccccc1
XS821901b,CC(NC=1C=CC(=CC1)N2CCCS2(=O)=O)C(=O)NC(C)(C)C,1.226,O=S1(=O)CCCN1c1ccccc1
XS790770b,CCCN1C(=NC=2C=C(Cl)C=CC21)SC(C)C(=O)NC3CC3,0.698,O=C(CSc1nc2ccccc2[nH]1)NC1CC1
XS827843b,CC=1C=NC(=CN1)C(=O)NC(C2=NC(=NO2)C=3C=CC=CC3)C(C)C,1.772,O=C(NCc1nc(-c2ccccc2)no1)c1cnccn1
XS848734a,CCC1=NC=2CCCC(C2S1)N(C)C(=O)C=3C=CC(=CC3)C(N)=O,2.608,O=C(NC1CCCc2ncsc21)c1ccccc1
XS837114b,CC=1C=CN2C=NN=C2C1NC(=O)C3CCOC=4C=CC(Cl)=CC43,2.032,O=C(Nc1cccn2cnnc12)C1CCOc2ccccc21
XS848744a,CC=1C=CC(OCC2=CC=C(O2)C(=O)NC3CCCNC3=O)=C(C)C1,3.812,O=C(NC1CCCNC1=O)c1ccc(COc2ccccc2)o1
XS837877b,O=C1C(CCN1C=2C=CC=CC2F)NS(=O)(=O)N3CCOCC3,1.552,O=C1C(NS(=O)(=O)N2CCOCC2)CCN1c1ccccc1
XS473294b,CN1C=NN=C1CC2(O)CCCN(C2)C(=O)C3CC=4C=CC=CC4C3,1.562,O=C(C1Cc2ccccc2C1)N1CCCC(Cc2nnc[nH]2)C1
XS841250b,O=C1C(F)=CN(C(=O)N1CC=2C=CC3=CC=CC=C3N2)C4CCCO4,0.628,O=c1ccn(C2CCCO2)c(=O)n1Cc1ccc2ccccc2n1
XS848739a,O=C(COC(=O)C=1C=CC=C(Br)C1)NCC2CCCO2,0.444,O=C(COC(=O)c1ccccc1)NCC1CCCO1
XS848733a,CC1=CSC(=N1)C(NC(=O)N(CC=2C=CC=CC2)C3CC3)C4CC4,0.78,O=C(NC(c1nccs1)C1CC1)N(Cc1ccccc1)C1CC1
XS848741a,O=C(NC=1C=CC(=NC1)N2CCOCC2)C3COC=4C=CC=CC4O3,1.42,O=C(Nc1ccc(N2CCOCC2)nc1)C1COc2ccccc2O1
XS848743a,CCC1CCCCN1C(=O)COC(=O)C2=NNC(=O)C=3C=CC=CC23,0.662,O=C(OCC(=O)N1CCCCC1)c1n[nH]c(=O)c2ccccc12
XS401578b,CC(=O)NC(C(=O)NC=1C=NC2=C(C=NN2C(C)C)C1)C3CCCC3,1.41,O=C(CC1CCCC1)Nc1cnc2[nH]ncc2c1
XS484800b,COC=1C=CC2=CC(=CC=C2C1)CNC(=O)C3CCCN(C3)C(C)=O,1.168,O=C(NCc1ccc2ccccc2c1)C1CCCNC1
XS848742a,CC1C2=CC=CN2CCN1S(=O)(=O)C=3C=C(Cl)C=CC3Cl,0.436,O=S(=O)(c1ccccc1)N1CCn2cccc2C1
XS848740a,O=C(C1=CN=C2CCCCN12)N3CCC(C3)NC=4C=CC=C(Cl)C4,0.468,O=C(c1cnc2n1CCCC2)N1CCC(Nc2ccccc2)C1
XS839579b,CC(C(=O)NCC=1C=CC(=NC1)N2C=NC=3C=CC=CC32)N4C=NC=N4,4.114,O=C(Cn1cncn1)NCc1ccc(-n2cnc3ccccc32)nc1
XS834618b,CCC(C)N1N=CC=2C(=CC(C)=NC21)C(=O)N(CC)CC(=O)N(C)C,5.092,c1cnc2[nH]ncc2c1
XS848752a,CCNC(=O)C1CCCN(C1)C(=O)C=2OC=3C(=CC=CC3C2C)OC,1.476,O=C(c1cc2ccccc2o1)N1CCCCC1
XS499000b,CN(C(=O)C=1C=CC(Cl)=C(F)C1)C2CCCN(C2)C=3C=CC=NN3,2.524,O=C(NC1CCCN(c2cccnn2)C1)c1ccccc1
XS837840b,CC(C(=O)N(CC1=CC=CS1)C=2C=CC(F)=CC2F)N3C=NC=N3,0.54,O=C(Cn1cncn1)N(Cc1cccs1)c1ccccc1
XS840518b,CS(=O)(=O)NC1CC(=O)N(C1)C=2C=CC(=CC2)OC=3C=CC=CC3,0.774,O=C1CCCN1c1ccc(Oc2ccccc2)cc1
XS599668b,COC=1C=CC(=CC1)C(CC(=O)NC2CCCCCCC2)NC(C)=O,2.988,O=C(CCc1ccccc1)NC1CCCCCCC1
XS848745a,CNC(=O)C=1C=CC=C(C1)NC(=O)CC(NC(C)=O)C2=CC=CS2,0.458,O=C(CCc1cccs1)Nc1ccccc1
XS838405b,CCC(NC=1C=NN(C1)C=2C=CC=CC2Br)C3=NC=CO3,0.698,c1ccc(-n2cc(NCc3ncco3)cn2)cc1
XS836608b,CN1C=NC(=C1N2CCC(C2)NC(=O)NC=3C=CC(F)=CC3)[N+]([O-])=O,1.35,O=C(Nc1ccccc1)NC1CCN(c2cnc[nH]2)C1
XS419585b,O=C(NC=1C=CN=CC1)N2CCCCC2C3=NC(=NO3)C=4C=CC=CC4,2.812,O=C(Nc1ccncc1)N1CCCCC1c1nc(-c2ccccc2)no1
XS677912b,O=C(C1=CC=C(NC1=O)C=2C=CC=CC2)N3CCCC(C3)N4C=CC=N4,1.588,O=C(c1ccc(-c2ccccc2)[nH]c1=O)N1CCCC(n2cccn2)C1
XS848751a,CC(=O)NC(C(=O)NC1=NC=C(CC=2C=CC(F)=CC2)S1)C(C)C,0.462,c1ccc(Cc2cncs2)cc1
XS841010b,N#CC=1C=CC(=CC1)S(=O)(=O)NC(C=2C=CC=CC2)C=3C=CN=CC3,1.894,O=S(=O)(NC(c1ccccc1)c1ccncc1)c1ccccc1
XS559794b,O=C(COC=1C=CC(=CC1)N2CCCC2=O)NC3CCCCNC3=O,3.744,O=C(COc1ccc(N2CCCC2=O)cc1)NC1CCCCNC1=O
XS549518b,O=C(CCC1=NC=2C=CC=CC2C(=O)N1)N3CCCC3C4CCCCC4,3.594,O=C(CCc1nc2ccccc2c(=O)[nH]1)N1CCCC1C1CCCCC1
XS622452b,O=C(C1=NNC=2C=CC=CC12)N(CC=3C=CC=C(F)C3)CC4CCCO4,0.542,O=C(c1n[nH]c2ccccc12)N(Cc1ccccc1)CC1CCCO1
XS848757a,CC(C)C(NC(=O)C=1C=NC2=C(C=NN2C(C)C)C1)C=3C=CC(F)=CC3,0.524,O=C(NCc1ccccc1)c1cnc2[nH]ncc2c1
XS848762a,O=C(CN1N=NC=2C=CC=CC21)NC(C=3C=CC(F)=CC3)C4CCCC4,0.948,O=C(Cn1nnc2ccccc21)NC(c1ccccc1)C1CCCC1
XS823300b,CC1=CC(C)=C(C)C(SCC(=O)N(C)C2CCS(=O)(=O)C2)=C1C,5.632,O=C(CSc1ccccc1)NC1CCS(=O)(=O)C1
XS841090b,COC(=O)C(C=1C=CC(Cl)=CC1)N2CCN(CC2)S(=O)(=O)F,0.388,c1ccc(CN2CCNCC2)cc1
XS838952b,COCC=1N=CC(C(=O)N(C)C2CCOC=3C(C)=CC(C)=CC32)=C(N)N1,0.606,O=C(NC1CCOc2ccccc21)c1cncnc1
XS848753a,CC1=NNC(C)=C1NC(=O)C2CCN(C2=O)C=3C=CC=4OCCOC4C3,2.638,O=C(Nc1cn[nH]c1)C1CCN(c2ccc3c(c2)OCCO3)C1=O
XS848760a,NC(=O)COC=1C=CC(=CC1)NC(=O)C2CCCN(C2)C=3C=NC=CN3,0.56,O=C(Nc1ccccc1)C1CCCN(c2cnccn2)C1
XS848758a,CCC=1C=CC(=CC1)OCC(=O)NC(C)C=2C=CC(=CC2)N3C=CN=C3,0.678,O=C(COc1ccccc1)NCc1ccc(-n2ccnc2)cc1
XS838089b,CC1=NSC(NC2CC2)=C1C(=O)NC3CCOC4(CCOCC4)C3,1.288,O=C(NC1CCOC2(CCOCC2)C1)c1cnsc1NC1CC1
XS848755a,COC=1C=CC=C(C(=O)OC(C)C(=O)C2=C(C)NC=3C=CC=CC23)C1O,11.47,O=C(OCC(=O)c1c[nH]c2ccccc12)c1ccccc1
XS848756a,CCOC(=O)C1=C(COC=2C=CC(F)=CC2Cl)NC(=O)NC1CC,1.084,O=C1NCC=C(COc2ccccc2)N1
XS077858c,CC(C)NC(=O)NC(=O)CN1CCC=2SC=CC2C1C3=CC=CS3,0.348,c1csc(C2NCCc3sccc32)c1
XS848767a,NC(=O)C1CCCN1C(=O)C2=NN(C=3C=CC=CC3)C(=O)C=4C=CC=CC24,1.576,O=C(c1nn(-c2ccccc2)c(=O)c2ccccc12)N1CCCC1
XS848774a,COC=1C=CC(=CC1OC)CCN(C)C(=O)C2COC=3C=CC=CC3O2,2.984,O=C(NCCc1ccccc1)C1COc2ccccc2O1
XS848775a,O=C(C1=CN2CCSCC2=C1)N3CCC(C3)NC=4C=CC=C(Cl)C4,0.832,O=C(c1cc2n(c1)CCSC2)N1CCC(Nc2ccccc2)C1
XS841792b,O=C(NCC=1C=CC(=CC1)C=2N=NC=NN2)C3CCNC=4C=CC=CC4C3,0.6,O=C(NCc1ccc(-c2nncnn2)cc1)C1CCNc2ccccc2C1
XS848765a,CC1=C(N=NN1C=2C=CC(F)=C(Cl)C2)C(=O)N(C)C3CCN(C)C3=O,6.282,O=C(NC1CCNC1=O)c1cn(-c2ccccc2)nn1
XS848769a,O=C(NCC1CCCO1)C=2C=CC=CC2C3=NC=C(O3)C=4C=CC=CC4F,0.546,O=C(NCC1CCCO1)c1ccccc1-c1ncc(-c2ccccc2)o1
XS688599b,CCOC=1C=CC=CC1N2CC(CC2=O)C(=O)NC=3C=C(F)C=CC3F,1.354,O=C(Nc1ccccc1)C1CC(=O)N(c2ccccc2)C1
XS848768a,CC(NC(=O)C=1C=CC(=CC1)S(=O)(=O)N2CCCC2)C=3C=CC=CN3,0.49,O=C(NCc1ccccn1)c1ccc(S(=O)(=O)N2CCCC2)cc1
XS848770a,CC=1C=C2N(CC(O)COC=3C=CC4=CC=CC=C4C3)C(C)=CC(=O)N2N1,5.83,O=c1ccn(CCCOc2ccc3ccccc3c2)c2ccnn12
XS848766a,CCCOC=1C=CC(=CC1)CCC(=O)N2CCOCC2C3=NC(C)=NO3,2.202,O=C(CCc1ccccc1)N1CCOCC1c1ncno1
XS838343b,CC1=NNC=2C=C(N=CC12)C(=O)N3CC(=O)NC=4C=CC=C5CCCC3C54,6.382,O=C1CN(C(=O)c2cc3[nH]ncc3cn2)C2CCCc3cccc(c32)N1
XS839933b,COC=1C=C(C)C(=CC1OC)S(=O)(=O)N2CCCC2C=3C=NN(C)C3,1.014,O=S(=O)(c1ccccc1)N1CCCC1c1cn[nH]c1
XS840055b,CC(NC1CN(C1)S(=O)(=O)N(C)C)C=2C=NC=C(Br)C2,1.162,c1cncc(CNC2CNC2)c1
XS848773a,COC=1C=CC(=CC1OC)C2CCCN2CC3=NN=C(O3)C=4C=CC=CC4,0.956,c1ccc(-c2nnc(CN3CCCC3c3ccccc3)o2)cc1
XS841461b,O=C1CC(CN1)C=2C=CC=C(C2)NC=3C=NC4=CC(Cl)=C(Cl)C=C4N3,1.302,O=C1CC(c2cccc(Nc3cnc4ccccc4n3)c2)CN1
XS848790a,CNC(=O)C=1C=CC(=CC1)S(=O)(=O)N2CCNC(=O)C2C=3C=CC=CC3,0.696,O=C1NCCN(S(=O)(=O)c2ccccc2)C1c1ccccc1
XS785150b,COC=1C=CC=2CN(CCOC2C1)C(=O)C3CC(=O)N(C3)C4CCCCC4,2.728,O=C(C1CC(=O)N(C2CCCCC2)C1)N1CCOc2ccccc2C1
XS837658b,O=C(OCCC1COCCO1)C=2C=CC=C(C2)N3CCCNS3(=O)=O,0.608,O=C(OCCC1COCCO1)c1cccc(N2CCCNS2(=O)=O)c1
XS848785a,COC=1C=CC(=CC1)OC(C)C(=O)NCC=2C=CC(=CC2)N3CCCC3=O,0.474,O=C(COc1ccccc1)NCc1ccc(N2CCCC2=O)cc1
XS842518b,CC=1C=CC(=CC1)C2=NN=C(CN(C)C(C)C=3C=CC(=CC3)N4C=NC=N4)O2,0.87,c1ccc(-c2nnc(CNCc3ccc(-n4cncn4)cc3)o2)cc1
XS840717b,CCC1=C(C=NN1C=2C=CC(=CC2)C(F)(F)F)C(=O)OCC3CCOC3,0.492,O=C(OCC1CCOC1)c1cnn(-c2ccccc2)c1
XS848784a,CC1=NC(=CC2=NN=CN12)N3CCC4(CC4N(C)CC5=NC=CS5)CC3,0.816,c1csc(CNC2CC23CCN(c2cc4nncn4cn2)CC3)n1
XS559368b,O=C(NCC=1C=CC=CC1OC2CCCC2)C3CC(=O)N(CC(F)(F)F)C3,1.052,O=C1CC(C(=O)NCc2ccccc2OC2CCCC2)CN1
XS838011b,CC1=C(N=NN1C=2C=NN(C)C2)C(=O)N3CCCN4C=5C=CC=CC5CC4C3,1.666,O=C(c1cn(-c2cn[nH]c2)nn1)N1CCCN2c3ccccc3CC2C1
XS388288b,CC(C)OC=1C=CC=C(C1)C(C)NC(=O)CCC2=NC=3C=CC=CC3C(=O)N2,0.544,O=C(CCc1nc2ccccc2c(=O)[nH]1)NCc1ccccc1
XS841526b,CN1N=CC=2C=C(C=C(O)C21)C(=O)N3CCC(O)(CC=4C=CC(Cl)=CC4)C3,1.024,O=C(c1ccc2[nH]ncc2c1)N1CCC(Cc2ccccc2)C1
XS848800a,COC=1C=CC=C(C1)NC(=O)C(NCC2=NN=C3C=CC=CN23)C=4C=CC=CC4,6.21,O=C(Nc1ccccc1)C(NCc1nnc2ccccn12)c1ccccc1
XS848793a,CC=1C=CC(=CC1)C2=NN=C(CCC(=O)OC(C)C(=O)NC3CCCCC3)O2,1.632,O=C(COC(=O)CCc1nnc(-c2ccccc2)o1)NC1CCCCC1
XS507173b,CC(C)N1C=NC(=C1)S(=O)(=O)N2CC=3C=CC=CC3C(C2)C=4C=CC=CC4,6.206,O=S(=O)(c1c[nH]cn1)N1Cc2ccccc2C(c2ccccc2)C1
XS840936b,O=C(COC=1C=CC(=CC1Cl)C=2N=NNN2)NC3CC(=O)N(C3)C4CC4,5.39,O=C(COc1ccc(-c2nn[nH]n2)cc1)NC1CC(=O)N(C2CC2)C1
XS679812b,COC1=CC(=CC(=C1)OC)NC(=O)C2CCCN2C=3N=CN=C4C=CC=CC34,6.438,O=C(Nc1ccccc1)C1CCCN1c1ncnc2ccccc12
XS199193c,CC(=O)NC=1C=CC=C(C1)C=2CC(C3=CC=CS3)N(N2)C(=O)C4=CC=CO4,5.862,O=C(c1ccco1)N1N=C(c2ccccc2)CC1c1cccs1
XS848797a,CSC=1C=CC(=CC1)N2CC(CC2=O)C(=O)NCCNC(=O)C3=CC=CO3,2.114,O=C(NCCNC(=O)C1CC(=O)N(c2ccccc2)C1)c1ccco1
XS842694b,O=C1CC(CN1C=2C(F)=CC=CC2F)C3=NC(=NO3)C=4C=NN5CCCNC45,2.56,O=C1CC(c2nc(-c3cnn4c3NCCC4)no2)CN1c1ccccc1
XS848799a,CCOC(=O)CSC=1NC(=O)CC(C=2C=CC(=CC2)OC(F)F)C1C#N,0.62,O=C1CC(c2ccccc2)C=CN1
XS848812a,O=C(NC=1C=CC=C(C1)C2CCC(=O)N2)C=3C=CC(=CN3)OC=4C=CC=C(F)C4,1.812,O=C1CCC(c2cccc(NC(=O)c3ccc(Oc4ccccc4)cn3)c2)N1
XS632570b,CC1=NN(CC=2C=CC=CC2)C(C)=C1C3COCCN3C(=O)C4=CC=C(C#N)N4,0.566,O=C(c1ccc[nH]1)N1CCOCC1c1cnn(Cc2ccccc2)c1
XS836760b,N#CC=1C=CC(=CC1)CNC=2C=C(Cl)C=CC2C(=O)N3CCCCC3CCO,0.64,O=C(c1ccccc1NCc1ccccc1)N1CCCCC1
XS848803a,CC=1C=C(N(C)N1)N2CCC(NC(=O)COC=3C=CC=C(C3)C(F)(F)F)C2=O,3.82,O=C(COc1ccccc1)NC1CCN(c2ccn[nH]2)C1=O
XS837105b,CC=1C=CC(OCC(=O)N2CCCC2C=3C=CC=4OCCOC4C3)=C(N1)[N+]([O-])=O,1.47,O=C(COc1cccnc1)N1CCCC1c1ccc2c(c1)OCCO2
XS848813a,CC(C)NC(=O)N1CCCC(C1)C(=O)NC2=C3CCCC3=NN2C=4C=CC=CC4,0.56,O=C(Nc1c2c(nn1-c1ccccc1)CCC2)C1CCCNC1
XS830899b,CCN(CC(=O)NC1CCS(=O)(=O)C1)C(=O)C2=CC=3C(F)=CC=CC3S2,4.348,O=C(CNC(=O)c1cc2ccccc2s1)NC1CCS(=O)(=O)C1
XS848802a,COC=1C=CC(=CC1OC)C2CC(=NN2C(=O)CCC(=O)O)C=3C=CSC3,2.416,c1ccc(C2CC(c3ccsc3)=NN2)cc1
XS848814a,CC1=CN(C)N=C1C(=O)NC2CN(CCC32CCC3)C(=O)C=4C=CC(C)=C(F)C4,0.392,O=C(NC1CN(C(=O)c2ccccc2)CCC12CCC2)c1cc[nH]n1
XS412674b,CC(C)(C)C=1C=CC=CC1OCC(=O)N2CCCC(C2)C3=NN=C4C=CC=CN34,0.412,O=C(COc1ccccc1)N1CCCC(c2nnc3ccccn23)C1
XS848809a,NC=1N=CN=C2C1N=CN2CCC(=O)N3CCCC4(CCCC=5C=CC=CC54)C3,2.53,O=C(CCn1cnc2cncnc21)N1CCCC2(CCCc3ccccc32)C1
XS848804a,CC=1C=C(C(=O)N2CCCC(C2)S(=O)(=O)N3CCC=4C=CC=CC43)N(C)N1,1.952,O=C(c1ccn[nH]1)N1CCCC(S(=O)(=O)N2CCc3ccccc32)C1
XS757617b,CC=1N=C(SC1C(=O)NC2CCN(C2=O)C=3C=CC(C)=CC3)C=4C=NN(C)C4,6.426,O=C(NC1CCN(c2ccccc2)C1=O)c1cnc(-c2cn[nH]c2)s1
XS848819a,CC(OC(=O)C1CCN(CC1)S(=O)(=O)C=2C=CC=CC2)C(=O)NC3CCCC3,0.72,O=C(COC(=O)C1CCN(S(=O)(=O)c2ccccc2)CC1)NC1CCCC1
XS848821a,CN(CCC=1C=CC=CC1)C(=O)C=2C=NN3CCC(CNC(=O)C=4C=CC=NC4)CC23,16.356,O=C(NCC1CCn2ncc(C(=O)NCCc3ccccc3)c2C1)c1cccnc1
XS848824a,CC=1C=CC(C)=C(C1)OCC(O)CN2C(=O)C=3C=NN(C=4C=CC=CC4)C3N=C2C,0.59,O=c1c2cnn(-c3ccccc3)c2ncn1CCCOc1ccccc1
XS848830a,O=C(CCN1C(=O)OC=2C=C(Cl)C=CC21)N3CCCC3CC=4C=CC=C(F)C4,0.942,O=C(CCn1c(=O)oc2ccccc21)N1CCCC1Cc1ccccc1
XS700314b,CC1=CC=CC(C)=C1NC(=O)CNC(=O)C(C)N(C)CC(=O)NC=2C=CC(F)=CC2,0.412,O=C(CNCC(=O)Nc1ccccc1)NCC(=O)Nc1ccccc1
XS478894b,CC1=CC(=C(C)S1)S(=O)(=O)N2CCN(CC2)C(=O)C(C(C)C)N3C=NC=N3,4.01,O=C(Cn1cncn1)N1CCN(S(=O)(=O)c2ccsc2)CC1
XS848831a,CC=1C=C(NC(=O)CN2CCCC2C=3C=CC=4OCCOC4C3)N(N1)C=5C=CC=CC5,0.72,O=C(CN1CCCC1c1ccc2c(c1)OCCO2)Nc1ccnn1-c1ccccc1
XS842128b,CC(O)(CN1C=CC=CC1=O)C(=O)NCC=2C=CC(=CC2)N3CCCS3(=O)=O,0.76,O=C(CCn1ccccc1=O)NCc1ccc(N2CCCS2(=O)=O)cc1
XS841844b,CC(NC(=O)C=1N=C2NS(=O)(=O)C=3C=CC=CC3N2N1)C=4C=CC=C(Cl)C4,1.196,O=C(NCc1ccccc1)c1nc2n(n1)-c1ccccc1S(=O)(=O)N2
XS836778b,O=C(CC1CCS(=O)(=O)C1)OCC(=O)N2C=3C=CC=CC3CCC=4C=CC=CC42,1.35,O=C(CC1CCS(=O)(=O)C1)OCC(=O)N1c2ccccc2CCc2ccccc21
XS848832a,COC=1C=C2CCN(C(=O)C=3C=C4C=CC=CC4=NC3C)C(CC(=O)O)C2=CC1OC,0.848,O=C(c1cnc2ccccc2c1)N1CCc2ccccc2C1
XS848818a,CCOC=1C=CC(=CC1)N2CC(CC2=O)C(=O)N3CCN(CC3)C=4C=CC=C(C)C4,4.816,O=C(C1CC(=O)N(c2ccccc2)C1)N1CCN(c2ccccc2)CC1
XS848850a,NC(=O)C(NC(=O)C=1C=CC(=NC1)N2CCCCCC2)C=3C=CC=C(Br)C3,1.062,O=C(NCc1ccccc1)c1ccc(N2CCCCCC2)nc1
XS848834a,CC(SC1=NN=C(C2CC2)N1CC3=CC=CO3)C(=O)N4CCN(CC4)C=5C=CC=CC5,0.462,O=C(CSc1nnc(C2CC2)n1Cc1ccco1)N1CCN(c2ccccc2)CC1
XS848848a,CCN1C(=O)C(=O)NC=2C=C(C=CC21)C(=O)NC(C=3C=CC=4OCCOC4C3)C(C)C,2.582,O=C(NCc1ccc2c(c1)OCCO2)c1ccc2[nH]c(=O)c(=O)[nH]c2c1
XS840348b,O=C(NCC=1C=CC=CC1OCC(F)(F)F)N2CCCC(CC2)N3CCCS3(=O)=O,1.354,O=C(NCc1ccccc1)N1CCCC(N2CCCS2(=O)=O)CC1
XS840609b,[O-][N+](=O)C=1C=C(C=CC1N2CCOCC2)C(=O)NC(CN3C=NC=N3)C=4C=CC=CC4,4.296,O=C(NC(Cn1cncn1)c1ccccc1)c1ccc(N2CCOCC2)cc1
XS848846a,COC=1C=CC(=CC1)C=2CC(C3=CC=CO3)N(N2)C(=O)CN4CCN(CC4)C(=O)C5=CC=CS5,0.83,O=C(c1cccs1)N1CCN(CC(=O)N2N=C(c3ccccc3)CC2c2ccco2)CC1
XS848835a,CC(=O)NC=1C=CC(=CC1)C(=O)OC(C)C(=O)NC=2C=CC=C(C2)S(=O)(=O)N(C)C,0.836,O=C(COC(=O)c1ccccc1)Nc1ccccc1
XS848847a,CC(=O)OC12CC(C1)(C2)C(=O)NCCC3=CSC(=N3)C(NC(=O)C=4C=CC=CC4)C=5C=CC=CC5,0.724,O=C(NC(c1ccccc1)c1nc(CCNC(=O)C23CC(C2)C3)cs1)c1ccccc1
XS840430b,COCC(C)NC(=O)C=1C=C(C=CC1N2CCOCC2)S(=O)(=O)N3CCCCC3,0.844,O=S(=O)(c1ccc(N2CCOCC2)cc1)N1CCCCC1
XS848843a,CC=1C=CC=CC1N2N=CC(C(=O)N3CCCC(C3)C4=NN=C5C=CC=CN45)=C2C6CC6,1.886,O=C(c1cnn(-c2ccccc2)c1C1CC1)N1CCCC(c2nnc3ccccn23)C1
XS848844a,CC(C)N1N=CC=C1NC(=O)C(C)N2CCN(CC2)S(=O)(=O)C3=CC=CC4=NSN=C34,1.108,O=C(CN1CCN(S(=O)(=O)c2cccc3nsnc23)CC1)Nc1ccn[nH]1
XS848855a,O=C(NC=1C=NNC1)C2COC=3C=CC=CC3C2,0.434,O=C(Nc1cn[nH]c1)C1COc2ccccc2C1
XS837852b,O=C(C1CCCCO1)N2CCCN3N=NN=C23,0.598,O=C(C1CCCCO1)N1CCCn2nnnc21
XS840800b,C=1C=CC(=CC1)C=2CC3C=4C=CC=CC4OCN3N2,5.114,c1ccc(C2=NN3COc4ccccc4C3C2)cc1
XS848860a,CCN(C(=O)NC1CC1)C(C)C=2C=CC=C(O)C2,0.472,O=C(NCc1ccccc1)NC1CC1
XS848858a,CNC(=O)NC(=O)C(C)N1CCC=2C=CC=CC21,0.562,c1ccc2c(c1)CCN2
XS848853a,CC(NC(=O)C1CCCC1)C=2C=CC=CN2,0.52,O=C(NCc1ccccn1)C1CCCC1
XS848851a,CN1N=CC=C1CS(=O)C=2C=CC(O)=CC2,0.486,O=S(Cc1ccn[nH]1)c1ccccc1
XS838096b,CC(NC1=CC(=O)NC(=O)N1)C=2C=CC=CC2,1.138,O=c1cc(NCc2ccccc2)[nH]c(=O)[nH]1
XS842439b,COC(=O)C=1C=NC=C(N1)N2CCSCCC2C,1.414,c1cnc(N2CCCSCC2)cn1
XS848875a,N#CC=1C=CC(=CC1)C(=O)N2CCCC(C2)C(N)=O,3.796,O=C(c1ccccc1)N1CCCCC1
XS848867a,CCC1C(=O)NCCN1C(=O)C=2C=CC=C3C=CNC23,0.502,O=C1CN(C(=O)c2cccc3cc[nH]c23)CCN1
XS031801c,CCOC(=O)C=1C=NN(C1N)C2CCS(=O)(=O)C2,0.872,O=S1(=O)CCC(n2cccn2)C1
PK009098b,CC1=CC(=NO1)NC(=O)C(C)SC=2C=CC=CN2,0.856,O=C(CSc1ccccn1)Nc1ccon1
XS510004b,CCN1CC(CC1=O)C2=NC(CC=3C=CC=NC3)=NO2,2.44,O=C1CC(c2nc(Cc3cccnc3)no2)CN1
XS848879a,CC1=CN2CC(CCC2=N1)NC(=O)C=3N=COC3C,0.42,O=C(NC1CCc2nccn2C1)c1cocn1
XS839412b,N#CCC1(O)CCN(C1)C(=O)C2=CC=C(O2)[N+]([O-])=O,0.57,O=C(c1ccco1)N1CCCC1
XS840053b,CC(NC(=O)C1=NC=NN1)C2=NNC=3C=CC=CC23,0.638,O=C(NCc1n[nH]c2ccccc12)c1ncn[nH]1
XS848882a,O=C(COC=1C=CC=CC1F)NC2CCC(=O)NC2=O,1.55,O=C1CCC(NC(=O)COc2ccccc2)C(=O)N1
XS848886a,CCC1=CN=C(NC(=O)C2CCCC=3NN=NC32)S1,3.852,O=C(Nc1nccs1)C1CCCc2[nH]nnc21
XS848888a,CCC(OC=1C=CC=CC1)C(=O)N(C)CC=2C=CC=NC2,0.446,O=C(COc1ccccc1)NCc1cccnc1
XS848885a,CCOC=1N=CC=CC1C(=O)NC2CCC=3C=CC=CC32,1.094,O=C(NC1CCc2ccccc21)c1cccnc1
XS848896a,CN(CC1=CC=C(Cl)S1)C(=O)C2CCC(=O)NC2,1.71,O=C1CCC(C(=O)NCc2cccs2)CN1
XS660335b,CCOC=1C=CC(=CC1)S(=O)(=O)NCC2CCCO2,0.484,O=S(=O)(NCC1CCCO1)c1ccccc1
XS848891a,CC(C(=O)NC1=NC(=CS1)C(C)(C)C)N2C=NC=N2,0.462,O=C(Cn1cncn1)Nc1nccs1
XS848895a,CC=1C=CC(=CC1)OCC(=O)NC2CCCCNC2=O,0.858,O=C(COc1ccccc1)NC1CCCCNC1=O
XS848881a,CC1=NC(=CN1)C(=O)N2CCCCC2C3=NC=CS3,1.17,O=C(c1c[nH]cn1)N1CCCCC1c1nccs1
XS724934b,COC=1C=CN=C(C1)NC(=O)C2CCOC=3C=CC=CC32,1.124,O=C(Nc1ccccn1)C1CCOc2ccccc21
XS838149b,CC=1C=[N+]([O-])C=CC1N2CCCC(C2)NC=3C=CC=CC3,7.322,c1ccc(NC2CCCN(c3cc[nH+]cc3)C2)cc1
XS848893a,CC1=NOC(C)=C1CN(C)C(=O)C2CC=3C=CC=CC3O2,0.6,O=C(NCc1cnoc1)C1Cc2ccccc2O1
XS840320b,C#CCC(NC=1N=C2C=CC=CC2=NC1F)C(=O)OCC,0.402,c1ccc2nccnc2c1
XS848900a,N#CC=1C=CC=C(C1)C(=O)N2CCC(C2)NC=3C=CC=CC3,1.764,O=C(c1ccccc1)N1CCC(Nc2ccccc2)C1
XS848905a,O=C(C1CCCO1)N2CCN(CC2)C=3N=CC=CC3Cl,0.862,O=C(C1CCCO1)N1CCN(c2ccccn2)CC1
XS848907a,O=C(C=1C=CC=2OCOC2C1)N3CCCC3C=4C=CN=CC4,4.538,O=C(c1ccc2c(c1)OCO2)N1CCCC1c1ccncc1
XS848906a,CC1CCCN(C1)C(=O)C2=CC=C(NC(=O)C3CC3)S2,0.796,O=C(Nc1ccc(C(=O)N2CCCCC2)s1)C1CC1
XS848909a,O=C(C1COC=2C=CC=CC2C1)N(CC3=CC=CO3)C4CC4,1.258,O=C(C1COc2ccccc2C1)N(Cc1ccco1)C1CC1
XS419497b,CC(NC(=O)CC1=CN2C=CSC2=N1)C3=CC=CS3,0.524,O=C(Cc1cn2ccsc2n1)NCc1cccs1
XS630725b,CC1=NOC(=N1)C2CN(CCN2C)C(=O)C3=CC=CN3C,0.522,O=C(c1ccc[nH]1)N1CCNC(c2ncno2)C1
XS802773b,CC=1C=CN=C(N1)N2CCCC(C2)C3=NOC(=N3)C(C)C,0.718,c1cnc(N2CCCC(c3ncon3)C2)nc1
XS848911a,CC1=NN(C)C(C)=C1NC(=O)CN2C=3C=CC=CC3CC2C,1.206,O=C(CN1CCc2ccccc21)Nc1cn[nH]c1
XS684671b,CC1=CC(=NN1)C2CCCN(C2)C(=O)CC3=CSC(C)=N3,0.408,O=C(Cc1cscn1)N1CCCC(c2cc[nH]n2)C1
XS716648b,CC1=CSC=2N=C(C)N=C(NC3CCCN(C3)C(N)=O)C12,0.542,c1nc(NC2CCCNC2)c2ccsc2n1
XS848917a,CC(C(=O)NC(=O)NC1CC1)N(C)CCOC=2C=CC=CC2,1.346,O=C(CNCCOc1ccccc1)NC(=O)NC1CC1
XS837926b,COCC=1C=C(N(C)C(C)C=2C=CC=CN2)N3N=CN=C3N1,1.558,c1ccc(CNc2ccnc3ncnn23)nc1
XS803898b,COC=1C=CC=CC1NC(=O)NC2CCCC3=C2C=NN3C,0.504,O=C(Nc1ccccc1)NC1CCCc2[nH]ncc21
XS848921a,COC=1C=CC=C(C1)CC(=O)N2CCN(CC2)C(C)CC#N,0.676,O=C(Cc1ccccc1)N1CCNCC1
XS652418b,CC1=CC(=NO1)C(=O)NC2CCCN(C=3C=CC=NC3)C2=O,8.2,O=C(NC1CCCN(c2cccnc2)C1=O)c1ccon1
XS732139b,CC1=NOC(=N1)C(NC(=O)C=2C=CN=CC2)C3CCOCC3,2.6,O=C(NC(c1ncno1)C1CCOCC1)c1ccncc1
XS837586b,CC1(C)CCOC(=O)C1NC(=O)C2=NNC=3N=CNC(=O)C23,4.236,O=C(NC1CCCOC1=O)c1n[nH]c2nc[nH]c(=O)c12
XS848914a,N#CC=1C=CC(=CC1)SC2CCN(C2=O)C3CCOCC3,1.6,O=C1C(Sc2ccccc2)CCN1C1CCOCC1
XS848920a,CC1=CC=C(C(=O)N2CCC(C2)C=3C=C(O)N=C(N)N3)N1C,0.968,O=C(c1ccc[nH]1)N1CCC(c2ccncn2)C1
XS469142b,CCC=1C=CSC1C(=O)N2CCCC(C2)C3=NNC(=O)O3,1.282,O=C(c1cccs1)N1CCCC(c2n[nH]c(=O)o2)C1
XS841615b,CC(CN(C)S(=O)(=O)CC=1C=CC(F)=CC1)C2=NN=NN2,0.518,O=S(=O)(Cc1ccccc1)NCCc1nnn[nH]1
XS848922a,CN(C(=O)CC1=CNC=2C=CC=CC12)C3CCS(=O)(=O)C3,4.068,O=C(Cc1c[nH]c2ccccc12)NC1CCS(=O)(=O)C1
XS605734b,CC1=CSC(=O)N1CC(=O)NC(C)C=2C=CC=C(Cl)C2,0.484,O=C(Cn1ccsc1=O)NCc1ccccc1
XS848926a,CCC1=C(C=NN1C=2C=CC(C)=CC2)C(=O)N3CCOC(C)C3,0.696,O=C(c1cnn(-c2ccccc2)c1)N1CCOCC1
XS841547b,C1=COC(=C1)C2N(CC32CCOCC3)C4=CN=CC5=NC=NN45,2.23,c1coc(C2N(c3cncc4ncnn34)CC23CCOCC3)c1
XS838662b,CNC=1C=NN(C(=O)C1Br)C(C)C=2C=CC=CN2,0.734,O=c1cccnn1Cc1ccccn1
XS848930a,CC1=NN(CC(C)C)C(C)=C1CC(=O)N2CCC(C2)C(N)=O,1.88,O=C(Cc1cn[nH]c1)N1CCCC1
XS848928a,CCN1CC(CC1=O)C(=O)NC=2C=NC(=NC2)C=3C=CC=CC3,2.822,O=C1CC(C(=O)Nc2cnc(-c3ccccc3)nc2)CN1
XS716343b,CN(CC=1C=CSC1)C(=O)C2CC(=O)N(C2)C3CCCC3,7.218,O=C(NCc1ccsc1)C1CC(=O)N(C2CCCC2)C1
XS716172b,N#CC=1C=CN=C(C1)N2CCN(CC2)C(=O)C3CCC(=O)NC3,3.156,O=C1CCC(C(=O)N2CCN(c3ccccn3)CC2)CN1
XS838627b,NC(=O)CC=1C=CC=CC1C2=CN(N=N2)C3C=CCCCCC3,2.152,C1=CC(n2cc(-c3ccccc3)nn2)CCCCC1
XS848931a,COC=1C=CC(=CC1)OCC(O)CN2C(=O)CC(C)(C)C2=O,0.854,O=C1CCC(=O)N1CCCOc1ccccc1
XS836819b,CC(C)C1N(CC21CCCC2)C3=C(C#N)C(=O)N(C)C(=O)N3C,1.712,O=c1cc(N2CC3(CCCC3)C2)[nH]c(=O)[nH]1
XS848935a,O=C(C=1C=C(NN1)C2CC2)N3CCCC(O)(CN4C=CN=N4)C3,0.452,O=C(c1cc(C2CC2)[nH]n1)N1CCCC(Cn2ccnn2)C1
XS848939a,CCN1C(=O)C=2C=CC=CC2NC1C3=CC(C(=O)OC)=C(C)O3,1.2,O=C1NC(c2ccco2)Nc2ccccc21
XS848938a,CC(C)N1N=C(C(=O)NCC2CCCO2)C=3C=CC=CC3C1=O,0.396,O=C(NCC1CCCO1)c1n[nH]c(=O)c2ccccc12
XS848943a,CC(C(N)=O)N1CCN(CC1)S(=O)(=O)C=2C=CC=CC2F,0.56,O=S(=O)(c1ccccc1)N1CCNCC1
XS848940a,CCN1C=NN=C1CNC(=O)C2COC=3C=CC(Cl)=CC3C2,0.712,O=C(NCc1nnc[nH]1)C1COc2ccccc2C1
XS396286b,CCC=1N=CN=C(C1F)N2CCCC(C2)C=3C=C(NN3)C(N)=O,0.488,c1cc(N2CCCC(c3cc[nH]n3)C2)ncn1
XS629335b,CCN1N=C(C=C1C2CC2)NC(=O)C3CN4C(C)=NN=C4CN3,1.396,O=C(Nc1cc(C2CC2)[nH]n1)C1Cn2cnnc2CN1
XS836723b,CC1CCCN(C1)C(=O)CN(C)S(=O)(=O)C2=CC=CS2,0.464,O=C(CNS(=O)(=O)c1cccs1)N1CCCCC1
XS836469b,CC(NC=1C=CC=C(C1)C=2NN=C3CCOCC23)C=4C=CN=CC4,1.222,c1cc(NCc2ccncc2)cc(-c2[nH]nc3c2COCC3)c1
XS841670b,O=C(CC1CC=2C=CC=CC2NC1=O)NC3=CN(CC4CC4)N=N3,3.338,O=C(CC1Cc2ccccc2NC1=O)Nc1cn(CC2CC2)nn1
XS839190b,O=C1C=NC=2C=CC=C(Cl)C2N1CC3CCCS(=O)(=O)C3,1.174,O=c1cnc2ccccc2n1CC1CCCS(=O)(=O)C1
XS848945a,CN(C(=O)C1=CC=2C=CC=CC2N1)C3CCN(C3)S(C)(=O)=O,0.6,O=C(NC1CCNC1)c1cc2ccccc2[nH]1
XS841029b,O=S(=O)(F)C=1C=NC(=CN1)NC2CCN(C2)C=3N=CC=CN3,1.726,c1cnc(N2CCC(Nc3cnccn3)C2)nc1
XS841514b,O=C(NC=1C=CC=C(C1)N2C=CNC2=O)C3CCS(=O)(=O)N3,1.01,O=C(Nc1cccc(-n2cc[nH]c2=O)c1)C1CCS(=O)(=O)N1
XS837216b,CN1N=CC=C1C(=O)N2CCC=3C=CC=CC3C2(C)C(F)(F)F,0.388,O=C(c1ccn[nH]1)N1CCc2ccccc2C1
XS699714b,O=C(C(C=1C=CC=CC1)N2CCC=3C=CC=CC32)N4CCOCC4,1.186,O=C(C(c1ccccc1)N1CCc2ccccc21)N1CCOCC1
XS681772b,COC=1C=CC=C(C1)C2CCCN2C(=O)C=3C=CC=C4C=NNC34,1.504,O=C(c1cccc2cn[nH]c12)N1CCCC1c1ccccc1
XS840309b,CC(C1=NC(=NO1)C2=CC=CS2)N3C=NC=4SC=CC4C3=O,0.738,O=c1c2ccsc2ncn1Cc1nc(-c2cccs2)no1
XS839036b,CC1=CC(C)=NC(NCC(C)S(=O)(=O)C=2C=CC=CC2)=C1C#N,1.934,O=S(=O)(CCNc1ccccn1)c1ccccc1
XS769908b,CC1CC2(CN1C(=O)C3=CC(=NO3)C=4C=CC=CN4)CCNCC2,2.516,O=C(c1cc(-c2ccccn2)no1)N1CCC2(CCNCC2)C1
XS742081b,CC(C)C1C(=O)NCCN1C(=O)NC=2C=NN(C2)C=3C=CC=CC3,16.768,O=C1CN(C(=O)Nc2cnn(-c3ccccc3)c2)CCN1
XS840526b,CC1CN(CCN1C2=NC=CS2)C=3N=CC=C(N3)C(F)(F)F,0.388,c1cnc(N2CCN(c3nccs3)CC2)nc1
XS848960a,O=C(CNC(=O)C1CC=2C=C(Cl)C=CC2O1)NC=3C=CC=NC3,2.23,O=C(CNC(=O)C1Cc2ccccc2O1)Nc1cccnc1
XS842377b,O=C1NC(NC=2C=CC=CC12)C3=CNN=C3C4=CC=5C=CC=CC5O4,10.434,O=C1NC(c2c[nH]nc2-c2cc3ccccc3o2)Nc2ccccc21
XS838731b,CC=1C=CC=C2C1NC(=O)C23NC(C)(C)C(=O)N3CC4CCCC4,0.584,O=C1CNC2(C(=O)Nc3ccccc32)N1CC1CCCC1
XS475430b,O=C(C=1C=CN(N1)C=2C=CC=CC2)N3CCCCC3CN4C=CC=N4,0.638,O=C(c1ccn(-c2ccccc2)n1)N1CCCCC1Cn1cccn1
XS848971a,COC=1C=CN=C(N1)N2CCCN(CC2)C(=O)C3CC(=O)N(C)C3,4.426,O=C1CC(C(=O)N2CCCN(c3ncccn3)CC2)CN1
XS848970a,CC1=NOC(=N1)C2CCCN(C2)C(=O)CN3CCC=4C=CC=CC43,2.516,O=C(CN1CCc2ccccc21)N1CCCC(c2ncno2)C1
XS837146b,C=CCN(CC=C)C(=O)N1CC=2C=C(Cl)C=CC2C(C1)C(=O)O,0.54,c1ccc2c(c1)CCNC2
XS848961a,CC1=CN2N=C(SC2=N1)N3CCOC(CN4N=C(C)N=C4C)C3,4.0,c1cn2nc(N3CCOC(Cn4cncn4)C3)sc2n1
XS848967a,CC(NC(=O)CC(C)(C)C)C(=O)NCCC=1C=CC=2OCCC2C1,2.44,c1ccc2c(c1)CCO2
XS660698b,O=C(O)CC(NC(=O)C=1C=CN(N1)C=2C=CC=CC2)C=3C=CC=CC3,0.946,O=C(NCc1ccccc1)c1ccn(-c2ccccc2)n1
XS848964a,CC(C)(C)NC(=O)CSC1=NN=C(O1)C2CCS(=O)(=O)C2,0.522,O=S1(=O)CCC(c2nnco2)C1
XS840467b,COC(=O)C(NC(=O)C1=CC(=O)C=2C=CC=CC2N1)C=3C=CC=CC3,1.302,O=C(NCc1ccccc1)c1cc(=O)c2ccccc2[nH]1
XS842002b,CCC1=NN2CCCC(NC=3N=CN=C4C=5C=CC=CC5OC34)C2=N1,7.468,c1ccc2c(c1)oc1c(NC3CCCn4ncnc43)ncnc12
XS598427b,CC(C=1C=CN=CC1)N(C)C(=O)NC=2C=CC=C(N2)OCC(F)F,0.442,O=C(NCc1ccncc1)Nc1ccccn1
XS836825b,CC=1C=C(O)N=C(N1)C(C)N2CCS(=O)(=O)C=3C=CC=CC3C2,1.65,O=S1(=O)CCN(Cc2ncccn2)Cc2ccccc21
XS553729b,COC=1C=CC=2C=C(NC2C1)C(=O)N(C(C)C=3C=CC=NC3)C4CC4,1.504,O=C(c1cc2ccccc2[nH]1)N(Cc1cccnc1)C1CC1
XS755024b,COC=1C=C(C=CC1Cl)C(=O)N2CCCC2C=3C=CC(N)=NN3,1.682,O=C(c1ccccc1)N1CCCC1c1cccnn1
XS848973a,CCC(NC(=O)CN1C(=O)C=2C=CC=NC2C1=O)C=3C=CC(C)=CC3,0.462,O=C(CN1C(=O)c2cccnc2C1=O)NCc1ccccc1
XS785596b,COC=1C=CC=C(C1)C(=O)NC(CN2CCCC2=O)C=3C=CC=CC3,2.698,O=C(NC(CN1CCCC1=O)c1ccccc1)c1ccccc1
XS581946b,CC1=NN(N=C1C(=O)N2CCCC(C2)N3C=CC=N3)C=4C=CC=CC4,0.682,O=C(c1cnn(-c2ccccc2)n1)N1CCCC(n2cccn2)C1
XS737753b,CC=1C=CC(=CC1)C2CCCN2C(=O)NCC=3C(=O)NC(C)=CC3C,0.55,O=C(NCc1ccc[nH]c1=O)N1CCCC1c1ccccc1
XS842214b,COC1=NSC=C1S(=O)(=O)N(C=2C=CC=CC2)C3CCOC3,0.466,O=S(=O)(c1cnsc1)N(c1ccccc1)C1CCOC1
XS848978a,O=C(NCC1CCC(=O)O1)C2=CNC=3N=CC(Br)=CC23,0.546,O=C1CCC(CNC(=O)c2c[nH]c3ncccc23)O1
XS848983a,CC(CCNC(=O)CN1C=NC2=C(C=NN2C)C1=O)C=3C=CC=CC3,0.64,O=C(Cn1cnc2[nH]ncc2c1=O)NCCCc1ccccc1
XS848981a,CC(NC(=O)CN1N=C(C=CC1=O)C=2C=CC=CC2)C3=CC=CS3,1.786,O=C(Cn1nc(-c2ccccc2)ccc1=O)NCc1cccs1
XS848982a,CC(=O)N1CC(OC=2C=CC=CC21)C(=O)NC=3C=CC=4OCOC4C3,3.074,O=C(Nc1ccc2c(c1)OCO2)C1CNc2ccccc2O1
XS842615b,COC=1C=CC=C2C1CCC2NS(=O)(=O)C=3SC(C)=NC3C,0.7,O=S(=O)(NC1CCc2ccccc21)c1cncs1
XS848974a,CN(CCC#N)C(=O)CN1CCSCC1C=2C=CC(Cl)=CC2,0.526,c1ccc(C2CSCCN2)cc1
XS848994a,CC=1C=CC=C(C1)OCCNC(=O)N2CCCC(C2)C3=NN=CN3C,2.054,O=C(NCCOc1ccccc1)N1CCCC(c2nnc[nH]2)C1
XS848990a,O=C(NC=1C=CC=C(Br)C1)C2CC(=O)NC=3C=CC=CC32,0.814,O=C1CC(C(=O)Nc2ccccc2)c2ccccc2N1
XS848995a,CCCC(C)NC(=O)COC(=O)C=1C=CC=NC1OC=2C=CC=CC2,0.57,c1ccc(Oc2ccccn2)cc1
XS848987a,CCC(CNC(=O)C=1C=CC2=NN=C(C(F)F)N2C1)C=3C=CC=CC3,0.852,O=C(NCCc1ccccc1)c1ccc2nncn2c1
XS848998a,COC=1C=CC(=CC1Br)C(=O)OC(C)C(=O)NC2CC2,0.448,O=C(COC(=O)c1ccccc1)NC1CC1
XS837737b,CC(C=1C=C(F)C=CC1F)N(C)C(=O)C=2C=CC=3C(=O)C=COC3C2,1.756,O=C(NCc1ccccc1)c1ccc2c(=O)ccoc2c1
XS840898b,CN(C)C(=O)C(NC(=O)C=1C=CN2CCSCC12)C=3C=CC=CC3,2.036,O=C(NCc1ccccc1)c1ccn2c1CSCC2
XS841059b,CC(=O)N1CSCC1C2=NC(=NO2)C3=CC=C(Br)O3,2.614,c1coc(-c2noc(C3CSCN3)n2)c1
XS548772b,O=C(NC1CCCN(C1)C=2C=CC=CC2F)C=3C=CC=C4OCOC34,1.522,O=C(NC1CCCN(c2ccccc2)C1)c1cccc2c1OCO2
XS848997a,CC1=NN=C(O1)N2CCN(CC2C)C(=O)C=3C(C)=NN4C=CC=NC34,5.654,O=C(c1cnn2cccnc12)N1CCN(c2nnco2)CC1
XS839998b,O=C(NCC1(CCCC1)C=2C=CC=C(Cl)C2F)C3(O)CCOC3,2.284,O=C(NCC1(c2ccccc2)CCCC1)C1CCOC1
XS848996a,CC(C)CN1CC(CC1=O)C(=O)NC=2C=CN(CC=3C=CC=CC3)N2,2.946,O=C1CC(C(=O)Nc2ccn(Cc3ccccc3)n2)CN1
XS599535b,CC(C)C1=NOC(=N1)C(NC(=O)NC=2C=CC=NC2)C3CCOCC3,1.206,O=C(Nc1cccnc1)NC(c1ncno1)C1CCOCC1
XS838951b,O=C(O)C1COC2(C1)CCN(CC2)C3=NN=C(S3)C=4C=CC=CC4,0.548,c1ccc(-c2nnc(N3CCC4(CCCO4)CC3)s2)cc1
XS837841b,CC1=NN(C)C(N)=C1C(=O)N(C)C(C)C=2C=CC(=CC2)C=3C=CC=CC3,3.854,O=C(NCc1ccc(-c2ccccc2)cc1)c1cn[nH]c1
XS708482b,O=C(CN1C=C(N=N1)C2CC2)N3CCCC3C=4C=CC=C5C=CC=CC45,2.69,O=C(Cn1cc(C2CC2)nn1)N1CCCC1c1cccc2ccccc12
XS849000a,CC=1C=C(C)N(N1)C2CCCN(C2)C(=O)CCC3=NC(=NO3)C(C)C,2.482,O=C(CCc1ncno1)N1CCCC(n2cccn2)C1
XS839035b,CC(NC(=O)C(C)(C)C=1C=CC(F)=CC1F)C=2N=CC=C(N2)C(F)F,0.404,O=C(Cc1ccccc1)NCc1ncccn1
XS849012a,N#CC=1C=CC(NCC=2C=CC(=CC2)N3CCCC(C3)C(N)=O)=C(F)C1,0.838,c1ccc(NCc2ccc(N3CCCCC3)cc2)cc1
XS720268b,CC(NC(=O)CCCC1=NC=2C=CC=CC2C(=O)N1)C=3C=CC(F)=CC3,1.318,O=C(CCCc1nc2ccccc2c(=O)[nH]1)NCc1ccccc1
XS849014a,COC=1C=CC(C(=O)OC(C)C(=O)C2=C(C)NC=3C=CC=CC23)=C(O)C1,7.272,O=C(OCC(=O)c1c[nH]c2ccccc12)c1ccccc1
XS841839b,N#CC1=C(N=C2C=CC=CN12)N3CCC4(CC4C(=O)N5CCCC5)CC3,8.902,O=C(C1CC12CCN(c1cn3ccccc3n1)CC2)N1CCCC1
XS837643b,COC(=O)C=1C=CC=C(N1)NC(=O)NC(C2=NN=CN2)C=3C=CC=CC3,4.998,O=C(Nc1ccccn1)NC(c1ccccc1)c1nnc[nH]1
XS849017a,CC1=NN(CC(O)COC=2C=CC=3OCOC3C2)C(=O)C=4C=CC=CC14,1.306,O=c1c2ccccc2cnn1CCCOc1ccc2c(c1)OCO2
XS849016a,CC(NC(=O)CCC1CCCC1)C=2C=CC(=CC2)OCC=3C=CC=NC3,1.682,O=C(CCC1CCCC1)NCc1ccc(OCc2cccnc2)cc1
XS412704b,O=C(NC=1C=CC=C2C=NC=CC12)N3CCCC3C=4C=CC=C(Cl)C4,0.798,O=C(Nc1cccc2cnccc12)N1CCCC1c1ccccc1
XS839165b,NS(=O)(=O)C=1C=C(Cl)C=C(Cl)C1OCCC2COCCO2,0.386,c1ccc(OCCC2COCCO2)cc1
XS598565b,CC1CCCN(C1)S(=O)(=O)C=2C=CC(Br)=CC2Cl,0.396,O=S(=O)(c1ccccc1)N1CCCCC1
XS838724b,O=C(C1CCCN2C=NN=C12)N3CCC=4N=C(N=CC4C3)C=5C=CC=CC5,26.846,O=C(C1CCCn2cnnc21)N1CCc2nc(-c3ccccc3)ncc2C1
XS849020a,CC(=O)N1CCN(CC1)C(=O)C=2C=CC3=C(C2)CC(C)N3S(C)(=O)=O,0.914,O=C(c1ccc2c(c1)CCN2)N1CCNCC1
XS849023a,N#CC=1C=CC(=CC1)OCC(=O)N2CCCC(C2)C(=O)NC=3C=CC=CC3,2.154,O=C(Nc1ccccc1)C1CCCN(C(=O)COc2ccccc2)C1
XS839109b,CC1=CC(=NN1C)C(=O)NCC2CN(CCO2)C=3N=CC=4COCC4N3,1.456,O=C(NCC1CN(c2ncc3c(n2)COC3)CCO1)c1cc[nH]n1
XS849025a,O=C(NC1CC1)C(NC=2C=CC=C(Br)C2)C=3C=CC(F)=CC3,0.558,O=C(NC1CC1)C(Nc1ccccc1)c1ccccc1
XS849028a,CCC(OC=1C=CC=CC1)C(=O)NCC=2C=CC(OC)=C(C2)C(=O)OC,0.408,O=C(COc1ccccc1)NCc1ccccc1
XS835640b,COC=1C=CC=CC1C2(CNC(=O)C3CN(C)C(=O)C=4C=CC=CC43)CC2,1.98,O=C1NCC(C(=O)NCC2(c3ccccc3)CC2)c2ccccc21
XS504075b,CCCC1=NC(=NN1C=2C=CC=CC2F)C(=O)N3CCOC(C3)C(N)=O,0.854,O=C(c1ncn(-c2ccccc2)n1)N1CCOCC1
XS849030a,COC=1C=CC(=CC1)N2CC(CC2=O)C(=O)NCCC3=CSC(C)=N3,5.054,O=C(NCCc1cscn1)C1CC(=O)N(c2ccccc2)C1
XS555641b,O=C(NCC1COCCO1)C2=CC=C(S2)C3=NC=4C=CC=CC4S3,0.998,O=C(NCC1COCCO1)c1ccc(-c2nc3ccccc3s2)s1
XS849034a,CCCNC(=O)C(C)NC(=O)C=1C=CC=CC1OCC=2C(C)=NOC2C,3.004,c1ccc(OCc2cnoc2)cc1
XS849026a,CC1=C(SC=2C=CC=CC12)C(=O)N3CCN(CC3)C4CC(=O)NC4=O,9.892,O=C1CC(N2CCN(C(=O)c3cc4ccccc4s3)CC2)C(=O)N1
XS849032a,CCCS(=O)(=O)N1CCCC(C1)C(=O)NCC=2C=CC=CC2Cl,1.124,O=C(NCc1ccccc1)C1CCCNC1
XS849042a,CCOC=1C=C2CC(C)OC2=CC1CNC(=O)C=3C=CC=C(OC)C3OC,0.636,O=C(NCc1ccc2c(c1)OCC2)c1ccccc1
XS591496b,CC1=NN(C(C)=C1C2COCCN2C(=O)C=3N=CN(C)N3)C=4C=CC=CC4,1.1,O=C(c1nc[nH]n1)N1CCOCC1c1cnn(-c2ccccc2)c1
XS849040a,COC(=O)CC(NC(=O)CC=1C=C(Cl)C=CC1OC)C2=CC=CS2,1.262,O=C(Cc1ccccc1)NCc1cccs1
XS828520b,COC=1C=CC=2C(=COC2C1)CC(=O)N(C)CC3COC=4C=CC=CC4O3,0.728,O=C(Cc1coc2ccccc12)NCC1COc2ccccc2O1
XS740484b,CNC(=O)C=1C=CC=C(C1)NC(=O)C2CC(=O)N(C2)C=3C=CC(F)=C(C)C3,1.784,O=C(Nc1ccccc1)C1CC(=O)N(c2ccccc2)C1
XS849041a,COC=1C=CC(NC(=O)C2=C(C)NC(=O)NC2C3=CC=CS3)=C(C1)OC,0.448,O=C1NC=C(C(=O)Nc2ccccc2)C(c2cccs2)N1
XS842033b,CC1=CC(C(=O)N2CCN(CC2)C(=O)C3CCC=4C=CC=CC4O3)=C(C)O1,0.858,O=C(c1ccoc1)N1CCN(C(=O)C2CCc3ccccc3O2)CC1
XS719316b,CC(=O)N1CCC=2C=C(C=CC21)NC(C)C(=O)NC=3C=CC(Cl)=CC3F,0.568,O=C(CNc1ccc2c(c1)CCN2)Nc1ccccc1
XS839103b,O=C(CCC=1C=CC(F)=C2CCCCC12)N3CCC(CC3)C4COC(=O)N4,1.588,O=C1NC(C2CCN(C(=O)CCc3cccc4c3CCCC4)CC2)CO1
XS837990b,O=C1C(CCN1C=2C=CC=C(Cl)C2)N3CCC(CC3)OC=4C=NC=CN4,0.586,O=C1C(N2CCC(Oc3cnccn3)CC2)CCN1c1ccccc1
XS840399b,CC=1C=CC2=NC(=CC(=O)N2C1)CN(CC3=CC=CO3)C4CCS(=O)(=O)C4,3.144,O=c1cc(CN(Cc2ccco2)C2CCS(=O)(=O)C2)nc2ccccn12
XS849047a,CC1=NC(=CS1)C=2C=CC3=C(C2)CCN3C(=O)C4CC(=O)N(CC(C)C)C4,11.18,O=C1CC(C(=O)N2CCc3cc(-c4cscn4)ccc32)CN1
XS636799b,CC(OC(=O)C=1C=CC=C(C1)N2C(=O)CCC2=O)C(=O)NCC3CCCCC3,1.632,O=C(COC(=O)c1cccc(N2C(=O)CCC2=O)c1)NCC1CCCCC1
XS836954b,CC1CN2N=C(C=C2C(=O)N1)C(=O)OC=3C=CC(=CC3Cl)C=4C=CC=NC4,5.008,O=C(Oc1ccc(-c2cccnc2)cc1)c1cc2n(n1)CCNC2=O
XS849045a,COC(=O)CC(NC(=O)C=1C=C(Cl)C(OC)=C(C1)OC)C2=CC=CS2,0.914,O=C(NCc1cccs1)c1ccccc1
XS849043a,O=C(NCCC=1C=CC=CC1)C2CCCN(C2)S(=O)(=O)C3=CC=CS3,1.146,O=C(NCCc1ccccc1)C1CCCN(S(=O)(=O)c2cccs2)C1
XS836749b,COC(=O)C1=C(C)N(CC(C)C)C(=O)NC1C=2C=CC(=C(F)C2)N3C=NC=N3,1.836,O=C1NC=CC(c2ccc(-n3cncn3)cc2)N1
XS849044a,CCC(OC(=O)C1CCN(CC1)S(C)(=O)=O)C(=O)NC=2C=CC(F)=CC2,0.424,O=C(COC(=O)C1CCNCC1)Nc1ccccc1
XS841795b,O=C(CC(F)(F)F)N1CCC(CC1)NC(=O)C2(O)CCC=3C=CC=CC3C2,1.406,O=C(NC1CCNCC1)C1CCc2ccccc2C1
XS849051a,CC1=CC(=NO1)NC(=O)C(OC(=O)C=2C=C(Cl)C=3OCOC3C2)C(C)C,2.11,O=C(COC(=O)c1ccc2c(c1)OCO2)Nc1ccon1
XS840602b,CCOC(=O)C(C)(CNC(=O)C=1C=NN(N1)C=2C=CC=CC2)C=3C=CC=CC3,0.924,O=C(NCCc1ccccc1)c1cnn(-c2ccccc2)n1
XS849058a,O=C(C=1C=CC(=CC1)N2CCCC2=O)N3CCCC3C4=NC=5C=CC=CC5S4,11.108,O=C1CCCN1c1ccc(C(=O)N2CCCC2c2nc3ccccc3s2)cc1
XS841884b,CCCC1=NC(=NN1C=2C=CC=CC2Cl)C(=O)N3CCOCC43CCOC4,1.312,O=C(c1ncn(-c2ccccc2)n1)N1CCOCC12CCOC2
XS574234b,CCOC=1C=CC(=CC1)C2=NC(=CS2)C(=O)N3CCCC(CN4C=CN=N4)C3,3.098,O=C(c1csc(-c2ccccc2)n1)N1CCCC(Cn2ccnn2)C1
XS849060a,CCC1=NN=C(N1)C2CN(CC3=CNN=C32)C(=O)C4(CCC4)C=5C=CC=CC5C,2.074,O=C(N1Cc2c[nH]nc2C(c2nnc[nH]2)C1)C1(c2ccccc2)CCC1
XS839382b,CC(NC(=O)COC(=O)C1=CC(=CN1C)[N+]([O-])=O)C23CC4CC(CC(C4)C3)C2,4.21,O=C(COC(=O)c1ccc[nH]1)NCC12CC3CC(CC(C3)C1)C2
XS840764b,COCC=1N=C2C(CCCN2N1)NS(=O)(=O)C=3C=C(Cl)C=C4CCOC34,0.658,O=S(=O)(NC1CCCn2ncnc21)c1cccc2c1OCC2
XS849063a,COC(=O)C1=C(C)NC(=O)N=C1SCC(=O)NC(C)CCC=2C=CC=CC2,0.51,O=C(CSc1cc[nH]c(=O)n1)NCCCc1ccccc1
XS839641b,CCC1=NC(C)=C(S1)C(C)N(C)S(=O)(=O)C=2C=NC3=C(C2)C(C)=NN3C,0.744,O=S(=O)(NCc1cncs1)c1cnc2[nH]ncc2c1
XS849059a,CC=1C=CC(=CC1)N2CC(CC2=O)C(=O)N(C)CC=3C=CC(=CC3)OC(F)F,4.63,O=C(NCc1ccccc1)C1CC(=O)N(c2ccccc2)C1
XS849055a,CC(NC(=O)C=1C=CC2=C(C1)CCN2S(C)(=O)=O)C=3C=CC=4OCOC4C3,0.638,O=C(NCc1ccc2c(c1)OCO2)c1ccc2c(c1)CCN2
XS841584b,CC1=NN(C)C(C)=C1C2COCCN2C(=O)C3=CC=4C=CC=CC4N3CC5CC5,2.202,O=C(c1cc2ccccc2n1CC1CC1)N1CCOCC1c1cn[nH]c1
XS849053a,CC=1C=C(N(C)N1)N2CCC(NC(=O)C3=CSC(CC=4C=CC=CC4)=N3)C2=O,5.372,O=C(NC1CCN(c2ccn[nH]2)C1=O)c1csc(Cc2ccccc2)n1
XS849067a,CCCN1C(=O)C=2C=CC=CC2NC1C3=CN(C)N=C3C=4C=CC=5OCCCOC5C4,1.546,O=C1NC(c2c[nH]nc2-c2ccc3c(c2)OCCCO3)Nc2ccccc21
XS849079a,CC(C#N)(NC(=O)CN1CCN(CC1)S(=O)(=O)C=2C=CC=CC2C#N)C3CC3,1.216,O=C(CN1CCN(S(=O)(=O)c2ccccc2)CC1)NCC1CC1
XS849072a,CCOC1=CC(=CC(OCC)=C1OCC)C(=O)N(C)CC2COC=3C=CC=CC3O2,1.266,O=C(NCC1COc2ccccc2O1)c1ccccc1
XS136031b,O=C(CC1=CNC=2C=CC=CC12)N(CC3=NC=4C=CC=CC4C(=O)N3)CC5CCCO5,0.744,O=C(Cc1c[nH]c2ccccc12)N(Cc1nc2ccccc2c(=O)[nH]1)CC1CCCO1
XS849064a,CC=1C=CC(=CC1Cl)N2N=CC(C(=O)N3CCCC(C3)C4=CC=NN4)=C2C5CC5,2.012,O=C(c1cnn(-c2ccccc2)c1C1CC1)N1CCCC(c2ccn[nH]2)C1
XS849071a,O=C(CNC(=O)C1CC(=O)N(C1)C=2C=CC=CC2Cl)NC=3C=CC(F)=C(F)C3,0.796,O=C(CNC(=O)C1CC(=O)N(c2ccccc2)C1)Nc1ccccc1
XS161622c,COC=1C=CC(=CC1)N2CC(CC2=O)C(=O)NC3=CC(C)=NN3CC=4C=CC=CC4,5.064,O=C(Nc1ccnn1Cc1ccccc1)C1CC(=O)N(c2ccccc2)C1
XS849082a,CCOC(=O)C1=C(C)OC=2N=CN(CC(=O)NC3CCOC=4C=CC=CC43)C(=O)C12,1.992,O=C(Cn1cnc2occc2c1=O)NC1CCOc2ccccc21
XS841384b,CC1C2=NN=C(C3CCCC3)N2CCN1CC(=O)NC=4C=CC=5OC(F)(F)OC5C4,0.544,O=C(CN1CCn2c(nnc2C2CCCC2)C1)Nc1ccc2c(c1)OCO2
XS849077a,CC(C)OC=1C=CC=C(C1)C(C)NC(=O)CC2=CSC(=N2)NC(=O)C3=CC=CO3,0.446,O=C(Cc1csc(NC(=O)c2ccco2)n1)NCc1ccccc1
XS849073a,CCOC(=O)C1CCCN(C1)C=2N=CN=C3C2N=CN3CC4(CO)CCOCC4,3.386,c1nc(N2CCCCC2)c2ncn(CC3CCOCC3)c2n1
XS849066a,CC1=CN2N=C(SC2=N1)N3CCC4(CC4C5=NN=C(O5)C=6C=CC=C(F)C6)CC3,12.124,c1ccc(-c2nnc(C3CC34CCN(c3nn5ccnc5s3)CC4)o2)cc1
XS849088a,CC1=NC(=CS1)COC=2C=CC(=CC2)C(=O)NC(C)C=3C=CC(=CC3)S(C)(=O)=O,0.852,O=C(NCc1ccccc1)c1ccc(OCc2cscn2)cc1
XS849084a,CC1=NN(C(C)=C1C2C(=O)NCCN2CC(=O)NCCC3=CC=CS3)C=4C=CC=CC4,3.222,O=C(CN1CCNC(=O)C1c1cnn(-c2ccccc2)c1)NCCc1cccs1
XS849100a,COC=1C=C(C)C(=CC1OC)C(C)NC(=O)CC=2C(C)=NN(C2C)C=3C=CC=CC3F,1.904,O=C(Cc1cnn(-c2ccccc2)c1)NCc1ccccc1
XS849093a,CC1=NSC=2N=CC(=CC12)C(=O)N3CCCC(C3)NC(=O)CCCC=4C=CC=CC4,1.382,O=C(CCCc1ccccc1)NC1CCCN(C(=O)c2cnc3sncc3c2)C1
XS849094a,CC1=C(N=NN1C=2C=CC(F)=C(Cl)C2)C(=O)N3CCCCC3COC(=O)N4CCCC4,2.294,O=C(OCC1CCCCN1C(=O)c1cn(-c2ccccc2)nn1)N1CCCC1
XS849085a,CC1=NN(C(C)=C1S(=O)(=O)N(C)CC2=CC=CO2)C(C)C(=O)N3CCC=4C=CC=CC43,2.048,O=C(Cn1cc(S(=O)(=O)NCc2ccco2)cn1)N1CCc2ccccc21
XS839646b,O=C(NC=1C=CC=C(C1)S(=O)(=O)N=C2CCCCCN2)C3COC=4C=CC=CC4O3,1.766,O=C(Nc1cccc(S(=O)(=O)N=C2CCCCCN2)c1)C1COc2ccccc2O1
XS849089a,CC(=O)N1CC(OC=2C=CC=CC21)C(=O)N3CCN(CC4=NC=5C=CC=CC5S4)CC3,19.712,O=C(C1CNc2ccccc2O1)N1CCN(Cc2nc3ccccc3s2)CC1
XS849098a,CCCC(C)NC(=O)CCC1=NC=2C=C(C=CC2N1CCC)S(=O)(=O)N3CCCC3,0.69,O=S(=O)(c1ccc2[nH]cnc2c1)N1CCCC1
XS159141d,O=C(C1=CSC(=N1)C2=CC=CS2)N3CCN(CC3)C(=O)C4COC=5C=CC=CC5O4,25.104,O=C(c1csc(-c2cccs2)n1)N1CCN(C(=O)C2COc3ccccc3O2)CC1
XS849102a,CC1=NN(C(C)=C1CNC(=O)C2CCCN2C3=NS(=O)(=O)C=4C=CC=CC34)C=5C=CC=CC5,2.3,O=C(NCc1cnn(-c2ccccc2)c1)C1CCCN1C1=NS(=O)(=O)c2ccccc21
XS849083a,CC1=NN(C(C)=C1NC(=O)CN2CCN(CC2)C(=O)C3COC=4C=CC=CC4O3)C=5C=CC(C)=CC5,1.138,O=C(CN1CCN(C(=O)C2COc3ccccc3O2)CC1)Nc1cnn(-c2ccccc2)c1
XS841468b,CN(C(=O)CN1C=CC=2C(=O)N(C)C(=O)N(C)C21)C(C=3C=CC(C#N)=CC3)C(F)(F)F,1.066,O=C(Cn1ccc2c(=O)[nH]c(=O)[nH]c21)NCc1ccccc1
XS838529b,O=C(C1CC=2C=CC=CC2C(=O)O1)N3CCN(CC4=NC(=NO4)C5=CC=CS5)CC3,2.156,O=C1OC(C(=O)N2CCN(Cc3nc(-c4cccs4)no3)CC2)Cc2ccccc21
XS849095a,COC=1C=CC(=C(C1)OC)N2CC(CC2=O)C(=O)N3CCC(CC3)C4=CNC=5C=CC=CC45,2.742,O=C(C1CC(=O)N(c2ccccc2)C1)N1CCC(c2c[nH]c3ccccc23)CC1
XS849101a,CCCN1C=CN=C1C(C(=O)NC=2C=CC=C(C2)OC)N3CCN(CC3)C4=CC(=NO4)C5(C)CC5,1.494,O=C(Nc1ccccc1)C(c1ncc[nH]1)N1CCN(c2cc(C3CC3)no2)CC1
