mol_id,smiles,rs,scaffold
XS842605b,COC(=O)C=1C=CC(=NN1)NC2C=CCCC2,0.882,C1=CC(Nc2cccnn2)CCC1
XS838383b,COCC(C)NC=1C=NC(F)=CN1,0.716,c1cnccn1
XS843058a,CCC1CCCCN1C(=O)NC=2C=CC=C(C)C2,1.36,O=C(Nc1ccccc1)N1CCCCC1
XS838585b,O=C1C=2SC=CC2C=NN1CC3CCOC3,0.902,O=c1c2sccc2cnn1CC1CCOC1
XS843053a,CC1CCCN(C1)C=2N=CC=CC2C#N,2.99,c1ccc(N2CCCCC2)nc1
XS842627b,CCC(C(N)=O)N1C=CC(=N1)C(F)(F)F,2.094,c1cn[nH]c1
XS843047a,O=C(CNCC1CCCO1)NC=2C=CC=CC2,1.198,O=C(CNCC1CCCO1)Nc1ccccc1
XS843050a,CCC1=NSC(=N1)NC2CNC(=O)C2,4.136,O=C1CC(Nc2ncns2)CN1
XS843056a,COCC(C)NC(=O)NC=1C=CC=NC1OC,0.94,c1ccncc1
XS837873b,CC1=CC(C)=NC(=N1)N2CCSC(C)CC2,1.5,c1cnc(N2CCCSCC2)nc1
XS837370b,C=CC1CCCN1C=2N=CC=C3C=CC=NC23,0.698,c1cnc2c(N3CCCC3)nccc2c1
XS837376b,CCC(C)C=1C=CC(=CC1)NCCC2=NN=NN2,0.784,c1ccc(NCCc2nnn[nH]2)cc1
XS843052a,CC(NC=1N=CC=C(N1)C=2C=NC=CN2)C3CC3,0.478,c1cnc(-c2ccnc(NCC3CC3)n2)cn1
XS843054a,COC(=O)C1CC(=O)N(C1)C=2C=CC=CC2,1.816,O=C1CCCN1c1ccccc1
XS441021b,CC1=NN(C)C(C)=C1C(=O)NC2COC=3C=CC=CC32,2.698,O=C(NC1COc2ccccc21)c1cn[nH]c1
XS843065a,CN1N=CC2=C1CCCC2NC(=O)C=3C=CC(O)=NC3,1.306,O=C(NC1CCCc2[nH]ncc21)c1cccnc1
XS838024b,COCCN(CCOC)C(=O)C#CC1CCCCO1,3.622,C1CCOCC1
XS839968b,CC1=NN=C(CN(C)C(C)CC=2C=CSC2)O1,0.658,c1nnc(CNCCc2ccsc2)o1
XS843060a,O=C(CC=1C=CC=NC1)NC(CO)C=2C=CC=CC2,1.664,O=C(Cc1cccnc1)NCc1ccccc1
XS165904c,N#CC=1C=CC(=NC1)NCC(CO)CC2=CC=CO2,2.516,c1ccc(NCCCc2ccco2)nc1
XS841996b,C#CC(C)N(C)C(=O)NCC1(CC1)C=2C=CC=CC2C,1.036,c1ccc(C2CC2)cc1
XS839514b,O=C(N1CC=2C=CC=CC2CO1)C3(O)CCSC3,1.54,O=C(C1CCSC1)N1Cc2ccccc2CO1
XS837495b,O=C(C1CCSC1)N2CCN(CC2)C=3C=NNC3,4.412,O=C(C1CCSC1)N1CCN(c2cn[nH]c2)CC1
XS843062a,CN1N=CC=2C(=NC=NC21)NC3CCC=4C=CC=CC43,2.42,c1ccc2c(c1)CCC2Nc1ncnc2[nH]ncc12
XS841943b,CC1(C)CNC(=O)C1NCC=2C=CC3=NON=C3C2,4.892,O=C1NCCC1NCc1ccc2nonc2c1
XS840220b,CC1=NN=C(O1)C(C)N(C)CCC2=NC=CS2,1.512,c1csc(CCNCc2nnco2)n1
XS838498b,CC(C(=O)NC1=NNC=2C=CC=NC12)C=3C=CC=NC3,11.572,O=C(Cc1cccnc1)Nc1n[nH]c2cccnc12
XS820591b,CC=1C=CC(=CC1)NC(=O)NC(CO)C=2C=CC=CC2,1.254,O=C(NCc1ccccc1)Nc1ccccc1
XS843067a,CC(C(=O)NC=1C=CC(Cl)=CC1)S(C)(=O)=O,0.77,c1ccccc1
XS839908b,N#CC1CN(CCN1C2CC2)C(=O)CC3=CC=CO3,5.082,O=C(Cc1ccco1)N1CCN(C2CC2)CC1
XS600746b,ClC=1C=CC(=CC1)C2=NOC(=N2)C3CCCNC3,0.738,c1ccc(-c2noc(C3CCCNC3)n2)cc1
XS843077a,CC=1C=CC(=CN1)CNC(=O)C2COC=3C=CC=CC3C2,2.718,O=C(NCc1cccnc1)C1COc2ccccc2C1
XS843073a,CNC=1N=C(C)C=C(N1)C(=O)NC(C)C2CCOCC2,1.532,O=C(NCC1CCOCC1)c1ccncn1
XS843071a,CCC(C)(NC(=O)C=1C=C(C)N=CN1)C2=NC=CS2,0.708,O=C(NCc1nccs1)c1ccncn1
XS840076b,CC(C1=NN=NN1C)N2C=CC(=CC2=O)C(F)(F)F,11.872,O=c1ccccn1Cc1nnn[nH]1
XS838263b,CC=1CC(C=2C=CC=CC2)N(N1)C=3C=CC(=CC3)[N+]([O-])=O,1.918,C1=NN(c2ccccc2)C(c2ccccc2)C1
XS843080a,COC=1C=CC(C)=CC1S(=O)(=O)NCC2CCCO2,0.784,O=S(=O)(NCC1CCCO1)c1ccccc1
XS843070a,O=C(O)C1CN(CC=2C=CC=CC21)C(=O)C3CCCC3,0.706,O=C(C1CCCC1)N1CCc2ccccc2C1
XS843084a,CC(NC(=O)C1=NNC(=O)C=2C=CC=CC12)C3=CC=CO3,13.382,O=C(NCc1ccco1)c1n[nH]c(=O)c2ccccc12
XS843072a,CC(NC(=O)C=1C=CC=2NC(=O)CCC2C1)C3=CC=CO3,0.42,O=C1CCc2cc(C(=O)NCc3ccco3)ccc2N1
XS716684b,CC=1N=CN(CC(O)COC=2C=CC=CC2)C(=O)C1C,20.718,O=c1ccncn1CCCOc1ccccc1
XS393537b,O=C(O)CC(NC(=O)C1CCCC1)C=2C=CC(F)=CC2,0.422,O=C(NCc1ccccc1)C1CCCC1
XS843082a,CCN(CC(C)C#N)C(=O)CCN1C=CC=2C=CC=CC21,2.352,c1ccc2[nH]ccc2c1
XS843075a,CC(NC(=O)N(C)CC=1C=NN(C)C1)C2=CC=CS2,0.824,O=C(NCc1cn[nH]c1)NCc1cccs1
XS843083a,CC(SCC(=O)NC(N)=O)C=1C(F)=CC=CC1F,3.262,c1ccccc1
XS843081a,CCC(C)(C#N)NC(=O)C=1C=CC=C(C1)S(C)(=O)=O,1.42,c1ccccc1
XS836485b,CCN1C=CN=C(C1=O)N2CCC(O)(C2)C(F)(F)F,1.286,O=c1[nH]ccnc1N1CCCC1
XS838593b,COCC1=NSC(CN2CC(C)C=3C=CC=CC32)=N1,0.652,c1ccc2c(c1)CCN2Cc1ncns1
XS841860b,CC(=CC=1C=CC=CC1)CN2CCOCC2CC(N)=O,0.99,C(=Cc1ccccc1)CN1CCOCC1
XS843079a,CC(C)C1=CC(=NN1)C(=O)NC2CCOC=3C=CC=CC32,2.984,O=C(NC1CCOc2ccccc21)c1cc[nH]n1
XS837307b,CN1CCC(OC(=O)C=2C=NNC2C3=CC=CS3)C1=O,23.592,O=C(OC1CCNC1=O)c1cn[nH]c1-c1cccs1
XS843093a,COCCOC=1C=CC(=CN1)NC(=O)C2CCC(=O)NC2,7.408,O=C1CCC(C(=O)Nc2cccnc2)CN1
XS546353b,CC(NC(=O)NC1=NC(=NS1)C=2C=CC=CC2)C3CC3,3.232,O=C(NCC1CC1)Nc1nc(-c2ccccc2)ns1
XS811069b,COC=1C=CC=CC1NC(=O)NCCN2CCCCC2C,1.492,O=C(NCCN1CCCCC1)Nc1ccccc1
XS843094a,CC(C)OC=1C=CC(=CC1)C=2C=CC(=CC2)C3COC(=O)N3,1.702,O=C1NC(c2ccc(-c3ccccc3)cc2)CO1
XS606153b,CCN(CC)C(CNC(=O)C1=CC=CO1)C=2C=CC=CC2,0.86,O=C(NCCc1ccccc1)c1ccco1
XS758413b,CN1N=CC2=C1CCCC2NC(=O)C3=CC=4C=CC=CC4N3,11.004,O=C(NC1CCCc2[nH]ncc21)c1cc2ccccc2[nH]1
XS599656b,CC(CNC(=O)C=1C=CC2=NC=CN=C2C1)C=3C=CC=CC3,14.5,O=C(NCCc1ccccc1)c1ccc2nccnc2c1
XS672689b,O=C(C=1C=CC=NC1O)N2CCCC2CCC=3C=CC=CC3,1.09,O=C(c1cccnc1)N1CCCC1CCc1ccccc1
XS838415b,CC(C1=CC=CS1)C2=NOC(=N2)C3=CC=NN4C=CN=C34,5.346,c1csc(Cc2noc(-c3ccnn4ccnc34)n2)c1
XS843087a,CC=1C=CC(=CC1S(N)(=O)=O)NC(=O)C2CC=CCC2,1.884,O=C(Nc1ccccc1)C1CC=CCC1
XS840670b,O=C(NC=1C=NNC1)C2CC(=NO2)C3=CC=C(Cl)S3,13.212,O=C(Nc1cn[nH]c1)C1CC(c2cccs2)=NO1
XS746901b,CC1=CSC(=N1)C2COCCN2CC=3C=CC=C(O)C3,2.01,c1ccc(CN2CCOCC2c2nccs2)cc1
XS677064b,CC1=CC=C(O1)C(=O)N2CCCC(O)(CN3C=CN=N3)C2,4.202,O=C(c1ccco1)N1CCCC(Cn2ccnn2)C1
XS840712b,CC1(CCCCC1(F)F)C2=NC(=NO2)N3CCOCC3,2.328,C1CCC(c2nc(N3CCOCC3)no2)CC1
XS843088a,CCOC=1C=CC(Cl)=CC1S(=O)(=O)NCC(C)O,0.848,c1ccccc1
XS843095a,O=C1CCC(N1)C=2C=CC(=CC2)C3=NNC=4C=CC=C(F)C34,2.382,O=C1CCC(c2ccc(-c3n[nH]c4ccccc34)cc2)N1
XS843091a,O=C1NCCCCC1SC2=NC(=CN2)C=3C=CC=CC3,1.33,O=C1NCCCCC1Sc1nc(-c2ccccc2)c[nH]1
XS838057b,CCOC(=O)C1=COC(=N1)NC2COC=3C=C(C#N)C=CC32,2.236,c1ccc2c(c1)OCC2Nc1ncco1
XS843099a,CC1=CC(C)=NN1C2CCCN(C2)C(=O)CC3=CC=CS3,1.55,O=C(Cc1cccs1)N1CCCC(n2cccn2)C1
XS839585b,COC1(CNCC=2C=NC=C(F)C2)CCCS(=O)(=O)C1,2.514,O=S1(=O)CCCC(CNCc2cccnc2)C1
XS843102a,CC(NC(=O)C=1C=CC=CC1)C=2C=CC(=CC2)S(C)(=O)=O,2.932,O=C(NCc1ccccc1)c1ccccc1
XS843103a,CC=1C=CC=C(C1)NC(=O)NC2CCSC=3C=CC=CC32,3.06,O=C(Nc1ccccc1)NC1CCSc2ccccc21
XS683147b,CCN1C=NN=C1CNC(=O)C2=CSC=3CC(C)CCC23,0.744,O=C(NCc1nnc[nH]1)c1csc2c1CCCC2
XS836730b,CNC(=O)NC(=O)C(C)N(C)CC=1C=CC2=CC=CC=C2C1,2.766,c1ccc2ccccc2c1
XS843104a,O=C(NC1CCCCNC1=O)C=2N=CC=CC2C(F)(F)F,3.476,O=C(NC1CCCCNC1=O)c1ccccn1
XS657069b,CC1=NC(=CN1)C(=O)N2CCCC(C2)C3=NOC(=N3)C(C)C,5.434,O=C(c1c[nH]cn1)N1CCCC(c2ncon2)C1
DR000792b,CC(C)CC1CCN(C1)C(=O)C=2C=CC(=CC2)N3C=CN=N3,5.06,O=C(c1ccc(-n2ccnn2)cc1)N1CCCC1
XS843108a,CC(C)C(C)(C#N)NC(=O)CN(CC=1C=CC=CC1)C2CC2,0.498,c1ccc(CNC2CC2)cc1
XS843106a,CN1N=NC=C1CC(=O)N2CCCC2C=3C=CC(Cl)=CC3,4.646,O=C(Cc1cnn[nH]1)N1CCCC1c1ccccc1
XS702260b,CCC1=NC(CN2C(=O)CC(C)(C2=O)C=3C=CC=CC3)=NO1,9.69,O=C1CC(c2ccccc2)C(=O)N1Cc1ncon1
XS843118a,O=C(NC1CCCC2=C1C=NN2CC=3C=CC=CC3)N4CCC4,3.21,O=C(NC1CCCc2c1cnn2Cc1ccccc1)N1CCC1
XS843115a,O=C(NCC=1C=CC=2OCOC2C1)NC3CCS(=O)(=O)C3,10.44,O=C(NCc1ccc2c(c1)OCO2)NC1CCS(=O)(=O)C1
XS545771b,CC1=NOC(CC2(O)CCCN(C2)C=3N=C(C)C=CC3C#N)=N1,1.186,c1ccc(N2CCCC(Cc3ncno3)C2)nc1
XS843111a,CC=1C=CC=2NC(=CC2C1)C(=O)N3CCCC(C3)N4C=CN=C4,3.614,O=C(c1cc2ccccc2[nH]1)N1CCCC(n2ccnc2)C1
XS838010b,CN(CC=1C=NNC1)C(C(=O)O)C=2C=CC(=CC2)C(F)(F)F,0.946,c1ccc(CNCc2cn[nH]c2)cc1
XS843116a,COC=1C=C(C=CC1OC(C)C(=O)NC2CCCC2)C(=O)O,1.79,O=C(COc1ccccc1)NC1CCCC1
XS838590b,CC1=NOC(=N1)C(NC=2C=NN3CCCOC23)C=4C=CC=CC4,0.514,c1ccc(C(Nc2cnn3c2OCCC3)c2ncno2)cc1
XS840955b,O=C(NC=1C=CC=C2C=COC12)C=3C=NC(=NC3)C4CCCN4,1.282,O=C(Nc1cccc2ccoc12)c1cnc(C2CCCN2)nc1
XS735582b,CC(C)(C)NC(=O)C1CSCN1C(=O)CC=2C=CC=CC2,3.102,O=C(Cc1ccccc1)N1CCSC1
XS837113d,COC=1C=CC2=CC(=CC=C2C1)C(=O)NC(C)C=3C=NN(C)C3,8.094,O=C(NCc1cn[nH]c1)c1ccc2ccccc2c1
XS840582b,CN1C=C(C=N1)CC(=O)NC(CO)C=2C=CC(Cl)=C(F)C2,2.612,O=C(Cc1cn[nH]c1)NCc1ccccc1
XS837438b,CN=S(C)(=O)C=1C=CC=C(C1)NC(=O)C=2N=C(C)OC2C,3.124,O=C(Nc1ccccc1)c1cocn1
XS841268b,CN1C(=NC(=O)COCC2CCCO2)SC=3C=CC=CC31,0.344,O=C(COCC1CCCO1)N=c1[nH]c2ccccc2s1
XS842150b,O=C(NCC1CCC=CO1)C2=CC=3C(Cl)=CN=CC3S2,1.68,O=C(NCC1CCC=CO1)c1cc2ccncc2s1
XS843124a,O=C(CN1N=C2C=CC=CN2C1=O)NC3CCN(C3=O)C4CC4,8.046,O=C(Cn1nc2ccccn2c1=O)NC1CCN(C2CC2)C1=O
XS843132a,CC(C)NC(=O)NCC=1C=CC(=CC1)N2CCCC(C2)C(N)=O,1.316,c1ccc(N2CCCCC2)cc1
XS843121a,CC1=CSC(=N1)C2CCCCN2C(=O)C=3C=CC(=O)N(C)N3,1.746,O=C(c1ccc(=O)[nH]n1)N1CCCCC1c1nccs1
XS837966b,CCC1(CNC(=O)N2CCOC(CS(C)(=O)=O)C2)CCC1,5.082,O=C(NCC1CCC1)N1CCOCC1
XS420698b,CN1CC(CC1=O)C(=O)NC=2C=CC(=NC2)OCC(F)(F)F,9.858,O=C1CC(C(=O)Nc2cccnc2)CN1
XS843122a,CC1=CSC(=N1)C2CCCCN2C(=O)C=3N=COC3C(C)C,2.004,O=C(c1cocn1)N1CCCCC1c1nccs1
XS843131a,CC=1C=C(NC(=O)C(C)N(C)CCCCC=2C=CC=CC2)ON1,0.582,O=C(CNCCCCc1ccccc1)Nc1ccno1
XS843127a,NC(=O)C1=CC(=CN1)C(=O)N2CCC(F)(C2)C=3C=CC(F)=CC3,5.938,O=C(c1cc[nH]c1)N1CCC(c2ccccc2)C1
XS843133a,O=C(NC=1C=CC=C(F)C1)N(CC2=CC=CO2)CC3CCCO3,4.124,O=C(Nc1ccccc1)N(Cc1ccco1)CC1CCCO1
XS838679b,COC(=O)C1CCC=2C=C(C=CC2N1CC3=CCCOC3)OC,4.016,C1=C(CN2CCCc3ccccc32)COCC1
XS843125a,CN1CC(CCC1=O)NS(=O)(=O)CC=2C(F)=CC=CC2F,1.73,O=C1CCC(NS(=O)(=O)Cc2ccccc2)CN1
XS843129a,O=C(NCCC=1C=CC=2OCOC2C1)NC3CCCCNC3=O,10.504,O=C(NCCc1ccc2c(c1)OCO2)NC1CCCCNC1=O
XS843128a,CCOC(=O)CN1C(=NC=2C=CC=CC21)C3CC(=O)N(CC)C3,0.792,O=C1CC(c2nc3ccccc3[nH]2)CN1
XS840112b,CC1C(=O)N(C)CCN1CC2=CSC(=N2)NC=3C=CC=CC3,9.924,O=C1CN(Cc2csc(Nc3ccccc3)n2)CCN1
XS839792b,O=S(=O)(C=1C=CC=CC1N2CCCC(C2)C3CC3)C(F)F,0.476,c1ccc(N2CCCC(C3CC3)C2)cc1
XS837027b,O=C(C=1C=NC=C2C(=O)NC=CC12)N3CCCC(C3)OCCO,2.324,O=C(c1cncc2c(=O)[nH]ccc12)N1CCCCC1
XS839701b,CC1=CC=C(O1)C2CSCCN2CC=3N=NSC3Cl,1.894,c1coc(C2CSCCN2Cc2csnn2)c1
XS843139a,CC(OC=1C=CC(Cl)=CC1)C(=O)NCC2=NN=C3CCCN23,2.688,O=C(COc1ccccc1)NCc1nnc2n1CCC2
XS740366b,NC(=O)C1CCN(C1)C(=O)C2=CC(=NN2C=3C=CC=CC3)C4CC4,10.536,O=C(c1cc(C2CC2)nn1-c1ccccc1)N1CCCC1
XS843142a,CC(C=1C=CC=CC1)N(C(=O)CN2N=CC=3N=CC=CC32)C4CC4,7.314,O=C(Cn1ncc2ncccc21)N(Cc1ccccc1)C1CC1
XS841819b,CC=1C=CC=CC1C2C(=O)NCCN2C3=NN=C(S3)C(F)F,1.034,O=C1NCCN(c2nncs2)C1c1ccccc1
XS843141a,N#CC=1C=CC=C(C1)NC(=O)C2CCCN(C2)C(=O)C=3C=COC3,4.27,O=C(Nc1ccccc1)C1CCCN(C(=O)c2ccoc2)C1
XS841975b,CC=1N=CSC1C2=CN(N=N2)C3CCCC=C3Br,1.7,C1=CC(n2cc(-c3cncs3)nn2)CCC1
XS841030b,COCC1C=2C=CC=CC2CN1C=3N=CC(=CN3)S(=O)(=O)F,3.71,c1cnc(N2Cc3ccccc3C2)nc1
XS843136a,CC1=NNC(C)=C1C2COCCN2C(=O)NC=3C=CC=C(C#N)C3,2.134,O=C(Nc1ccccc1)N1CCOCC1c1cn[nH]c1
XS843134a,O=C(NCC(C1=CC=CO1)N2CCCC2)C3=CC=4C=CC=CC4N3,1.01,O=C(NCC(c1ccco1)N1CCCC1)c1cc2ccccc2[nH]1
XS685933b,O=S(=O)(NC=1C=NN(C1)CC2CCCO2)C=3C=CC=CC3F,1.148,O=S(=O)(Nc1cnn(CC2CCCO2)c1)c1ccccc1
XS843135a,O=C(NC=1C=CC(F)=CC1)NC(CN2C=NC=N2)C=3C=CC=CC3,1.016,O=C(Nc1ccccc1)NC(Cn1cncn1)c1ccccc1
XS843144a,COCC(C)NC(=O)CN1C(=CC=2C=CC=CC21)C=3C=CC=CC3,2.36,c1ccc(-c2cc3ccccc3[nH]2)cc1
XS843140a,COC=1C=CC=CC1NC(=O)N(C)C(C)C2=CC=3C=CC=CC3O2,6.244,O=C(NCc1cc2ccccc2o1)Nc1ccccc1
XS601021b,CCC1=NN2CC(CCC2=N1)NCC=3C=CN(N3)C=4C=CC=CC4,2.096,c1ccc(-n2ccc(CNC3CCc4ncnn4C3)n2)cc1
XS581602b,O=C(NC=1C=CC=C(C1)C=2C=CC=3OCCC3C2)C4CNC(=O)C4,2.618,O=C1CC(C(=O)Nc2cccc(-c3ccc4c(c3)CCO4)c2)CN1
XS843137a,CC=1N=C(SC1C(=O)O)C(C)NC(=O)C=2C=CC(F)=C(C)C2,2.516,O=C(NCc1nccs1)c1ccccc1
XS841612b,CC=1C=C(NCC2CC(=NO2)C(F)(F)F)C(F)=CC1[N+]([O-])=O,2.162,C1=NOC(CNc2ccccc2)C1
XS843151a,CCN(CC)C(=O)C(C)NC(=O)C=1C=CC(=CC1)N2N=CC=C2C,13.372,c1ccc(-n2cccn2)cc1
XS483761b,N#CC=1C=C(C=CC1C(F)(F)F)N2CCCC(O)(CC(N)=O)C2,3.318,c1ccc(N2CCCCC2)cc1
XS843154a,O=C(NCC=1C=NN(C1)C=2C=CC=CC2)NC3CCCCNC3=O,3.282,O=C(NCc1cnn(-c2ccccc2)c1)NC1CCCCNC1=O
XS755929b,COC=1C=CC(=CC1)CC2CCCN2C(=O)CC=3C(C)=NOC3C,0.974,O=C(Cc1cnoc1)N1CCCC1Cc1ccccc1
XS843150a,CCC1=NC=2C=CC=CC2N1CC(O)COC=3C=CC(Cl)=CC3,4.574,c1ccc(OCCCn2cnc3ccccc32)cc1
MR045844c,CC1=CC=C(O1)C2CSCCN2C(=O)C=3C=C4N=CC=CN4N3,5.334,O=C(c1cc2ncccn2n1)N1CCSCC1c1ccco1
XS842695b,CC1=NN=C(O1)N2CCCC(C2)NC(=O)C3=CC=4C=CC=CC4O3,3.084,O=C(NC1CCCN(c2nnco2)C1)c1cc2ccccc2o1
XS838219b,CC(CNS(=O)(=O)CCCF)C=1C(Cl)=CC=CC1Cl,0.594,c1ccccc1
XS843146a,CC(CN1C=CC=N1)NS(=O)(=O)C=2C=CC=CC2OC(F)F,1.112,O=S(=O)(NCCn1cccn1)c1ccccc1
XS127715b,O=C(NC1CCCC=2C=CC=CC21)C=3C=NC=C(Br)C3,1.946,O=C(NC1CCCc2ccccc21)c1cccnc1
XS680773b,CC(NC(=O)NC=1C=CC=C(Cl)C1)C=2C=CC=3NC(=O)CC3C2,4.424,O=C1Cc2cc(CNC(=O)Nc3ccccc3)ccc2N1
XS843156a,CC(C1CC1)N(C(=O)CN2C(=O)ON=C2C=3N=CC=CN3)C4CC4,2.106,O=C(Cn1c(-c2ncccn2)noc1=O)N(CC1CC1)C1CC1
XS624222b,COCC=1C=CC=C(C1)CN2N=C(C)C(=C2C)C3CCCC(=O)N3,0.496,O=C1CCCC(c2cnn(Cc3ccccc3)c2)N1
XS836792b,COC=1N=CC(=CC1Cl)C(C)NC=2C=CC=3CCNC(=O)C3C2,3.884,O=C1NCCc2ccc(NCc3cccnc3)cc21
XS827038b,CC1=CC=C(CNC(=O)C2CC(=O)N(CC=3C=CC=CN3)C2)S1,0.978,O=C(NCc1cccs1)C1CC(=O)N(Cc2ccccn2)C1
XS837591b,COC=1C=CC(=CC1)COCCN(C)C(C)CC=2C=CC(O)=CC2,0.526,c1ccc(CCNCCOCc2ccccc2)cc1
XS584713b,CCC(NC(=O)C=1C=NN(C1C)C(C)C)(C(=O)O)C=2C=CC=CC2,0.756,O=C(NCc1ccccc1)c1cn[nH]c1
XS843163a,CC(C)CC=1C=CC(=CC1)C(C)NC(=O)CSC2=NC=CN2C,0.46,O=C(CSc1ncc[nH]1)NCc1ccccc1
XS843161a,CC1=CC(=O)NC=C1C(=O)N2CCCCC2C3=CC=4C=CC=CC4N3,2.952,O=C(c1ccc(=O)[nH]c1)N1CCCCC1c1cc2ccccc2[nH]1
XS843172a,C=1SC(=NC1CN2CCCC2CC=3C=CC=CC3)C=4N=CC=CN4,1.804,c1ccc(CC2CCCN2Cc2csc(-c3ncccn3)n2)cc1
XS843171a,COC=1C=CC=C(C1)C(=O)N2N=C(CC2C3=CC=CO3)C4=CC=CO4,2.126,O=C(c1ccccc1)N1N=C(c2ccco2)CC1c1ccco1
XS842744b,NC1=NN2C=CC=CC2=C1C(=O)NCC3(CO)CCC=4C=CC=CC43,1.038,O=C(NCC1CCc2ccccc21)c1cnn2ccccc12
XS680664b,CC1=CSC(=N1)C2CCCN(C2)C(=O)CC=3C=CN(N3)C(C)C,0.436,O=C(Cc1cc[nH]n1)N1CCCC(c2nccs2)C1
XS838462b,O=C(NC1CCCC=2C=NNC21)C=3C=CC(=CC3)NC=4N=CC=CN4,11.582,O=C(NC1CCCc2cn[nH]c21)c1ccc(Nc2ncccn2)cc1
XS841493b,CC(=O)NCC1CCN(C=2N=CN=C3C(F)=C(F)C=CC23)C41CC4,2.192,c1ccc2c(N3CCCC34CC4)ncnc2c1
XS475199b,CC=1C=CC(=CC1C#N)C(=O)N2CCCC(C2)C3=NN=C4CCCN34,18.928,O=C(c1ccccc1)N1CCCC(c2nnc3n2CCC3)C1
XS843165a,COC=1C=CC(=CC1OC)C2CCCN2C(=O)C3=CC(Cl)=CN3,12.188,O=C(c1ccc[nH]1)N1CCCC1c1ccccc1
XS843167a,CCCC(C)NC(=O)CSCC1=NC(=NO1)C=2C=CC=CC2C,2.532,c1ccc(-c2ncon2)cc1
XS843166a,O=C1OC(=NN1CC(O)COC=2C=CC=CC2F)C3=CC=CS3,0.706,O=c1oc(-c2cccs2)nn1CCCOc1ccccc1
XS843162a,CCN(C)C(=O)C(C)NC(=O)C(C)(C)C=1C=CC=2OCCOC2C1,5.326,c1ccc2c(c1)OCCO2
XS843168a,O=C(O)CC(NC(=O)C=1C=C(NN1)C2CC2)C=3C=CC=CC3Cl,0.478,O=C(NCc1ccccc1)c1cc(C2CC2)[nH]n1
XS843164a,CCC(OC(=O)C1=CSC(=N1)C=2C=CC(=CC2)OC)C(=O)OC,13.73,c1ccc(-c2nccs2)cc1
XS841113b,O=C(NC1=NC=C(S1)S(=O)(=O)F)C2(CC2)C3CCCCO3,3.568,O=C(Nc1nccs1)C1(C2CCCCO2)CC1
XS839866b,CCC(C)OCC(=O)N1CC(C)(C1)C2=NN=C(O2)C3=CN(C)C=N3,0.936,c1nc(-c2nnc(C3CNC3)o2)c[nH]1
XS843157a,CCCC(=O)NCC1CCCN(C1)C(=O)CC=2C=CC=C(C2)OC,0.822,O=C(Cc1ccccc1)N1CCCCC1
XS843175a,O=C(O)C1CN(C=2C=CC=CC21)S(=O)(=O)C=3C=CC(Cl)=CC3,5.476,O=S(=O)(c1ccccc1)N1CCc2ccccc21
XS841607b,CC(C(=O)NC=1C=CC2=NSC=C2C1)N3C=CC(=N3)C(F)(F)F,7.362,O=C(Cn1cccn1)Nc1ccc2nscc2c1
XS823363b,O=C(NCC1CC=2C=CC=CC2O1)C=3C=CC=NC3N4CCCCC4,1.368,O=C(NCC1Cc2ccccc2O1)c1cccnc1N1CCCCC1
XS843183a,COC=1C=C(C=CC1OC2CCCC2)C(=O)NC(C)C=3C=CC=NC3,3.668,O=C(NCc1cccnc1)c1ccc(OC2CCCC2)cc1
XS695035b,CC=1C=CC=C(C1C)N2CC(CC2=O)C(=O)NCC=3C=CC(F)=CC3,0.976,O=C(NCc1ccccc1)C1CC(=O)N(c2ccccc2)C1
XS825870b,CC1=C(OC=2C=CC(F)=CC12)C(=O)NC(C)C3=NN=C4C=CC=CN34,3.662,O=C(NCc1nnc2ccccn12)c1cc2ccccc2o1
XS843176a,CC(C)N1CCC(NS(=O)(=O)CC2=NOC=3C=CC=CC23)C1=O,6.084,O=C1NCCC1NS(=O)(=O)Cc1noc2ccccc12
XS843186a,COC=1C=CC(=CC1)CCC(C)NC(=O)CC2=NOC=3C=CC=CC23,5.282,O=C(Cc1noc2ccccc12)NCCCc1ccccc1
XS728659b,O=C(C=1C=NN2CCCCC12)N3CCCC(CO)(C3)C=4C=CC=CC4,7.418,O=C(c1cnn2c1CCCC2)N1CCCC(c2ccccc2)C1
XS843174a,CC1CCCN(C1)S(=O)(=O)C=2C=C(C(=O)NC3CCC3)N(C)C2,1.054,O=C(NC1CCC1)c1cc(S(=O)(=O)N2CCCCC2)c[nH]1
XS843182a,CC(NC(=O)NCC=1C=CC(=NC1)N2C=CC=N2)C=3C=CC=C(F)C3,4.33,O=C(NCc1ccccc1)NCc1ccc(-n2cccn2)nc1
XS839517b,CN1C=C(C=2C=CC=CC21)C3CCN(C3)C=4C=NC=C(N4)OCCO,0.822,c1ccc2c(C3CCN(c4cnccn4)C3)c[nH]c2c1
XS843184a,CNC(=O)C1CN(CCOC=2C=CC=C(C#N)C2)C=3C=CC=CC3O1,1.97,c1ccc(OCCN2CCOc3ccccc32)cc1
XS843189a,CCOC=1C=C(C=CC1C)NC(=O)NC2CCCN3N=C(CC)N=C23,6.896,O=C(Nc1ccccc1)NC1CCCn2ncnc21
XS840823b,CC(CC1=CC=CS1)C(=O)N2CCN(CC2)C(=O)C=3C=CN=CC3,5.842,O=C(CCc1cccs1)N1CCN(C(=O)c2ccncc2)CC1
XS841499b,CCOC(=O)C=1C=CN=NC1N2CCC=3C=CC(=CC3C(C)C2)OC,0.746,c1cnnc(N2CCc3ccccc3CC2)c1
XS843195a,CCCOC=1C=CC=CC1NC(=O)C2CC(=NO2)C=3C=CC=C(F)C3,2.836,O=C(Nc1ccccc1)C1CC(c2ccccc2)=NO1
XS837397b,CC1=NC(=NO1)C(C)S(=O)(=O)C2=NC(=CS2)C3CCCCC3,5.786,O=S(=O)(Cc1ncon1)c1nc(C2CCCCC2)cs1
XS838814b,CN1N=NC(CN2CC(CS2(=O)=O)C=3C=CC=CC3)=C1C(F)F,5.542,O=S1(=O)CC(c2ccccc2)CN1Cc1c[nH]nn1
XS843188a,CCNC(=O)CCC(=O)NC(C)C=1C=CC(=CC1)N2N=C(C)C=C2C,1.732,c1ccc(-n2cccn2)cc1
XS843193a,CCN1C=C(C#N)C(=O)N(CC(O)COC=2C=CC(C)=CC2C)C1=O,2.926,O=c1cc[nH]c(=O)n1CCCOc1ccccc1
XS708898b,CCC1=CSC(=N1)C2CCCN(C2)C(=O)C=3C=CC=4OCOC4C3,2.038,O=C(c1ccc2c(c1)OCO2)N1CCCC(c2nccs2)C1
XS839705b,CCCCS(=O)(=O)NC=1C=CC(=CC1)NC(C)C2=NN=C(C)O2,0.488,c1ccc(NCc2nnco2)cc1
XS693881b,CC=1N=C(SC(C)C=2C=CC(F)=C(Cl)C2)SC1CC(N)=O,0.822,c1ccc(CSc2nccs2)cc1
XS843187a,CC(C)N(CC(=O)NC1CCS(=O)(=O)C1)C=2C=CC(Cl)=CC2,2.858,O=C(CNc1ccccc1)NC1CCS(=O)(=O)C1
XS841568b,CC(NC=1N=CN=C2C1C=NN2C=3C=CC=CC3)C4=NN=NN4C5CC5,1.366,c1ccc(-n2ncc3c(NCc4nnnn4C4CC4)ncnc32)cc1
XS837888b,CC1=NC(C)=C(S1)C(C)NC(=O)NCC2=CC=3CCCCC3S2,4.308,O=C(NCc1cncs1)NCc1cc2c(s1)CCCC2
XS840704b,COC=1C=CC(=CC1)N2C=CN(CC3CC43CCC(F)(F)CC4)C2=O,0.966,O=c1n(CC2CC23CCCCC3)ccn1-c1ccccc1
XS837916b,O=S1(=O)CC(CNC2=NC(=NS2)C3CCCC3)C=4C=CC=CC41,1.85,O=S1(=O)CC(CNc2nc(C3CCCC3)ns2)c2ccccc21
XS840701b,CC1C=2C=CSC2CCN1CC3=NN=C(O3)C=4C=CC=CC4Cl,1.838,c1ccc(-c2nnc(CN3CCc4sccc4C3)o2)cc1
XS843200a,CC(C)C(=O)N1CCC(CC1)C(=O)N2CCCCCC2C3=CC=CO3,6.756,O=C(C1CCNCC1)N1CCCCCC1c1ccco1
XS839299b,N#CC=1C=CC(=NN1)N(CCC2CC=CC2)CC(CO)C=3C=CC=CC3,4.514,C1=CCC(CCN(CCc2ccccc2)c2cccnn2)C1
XS843203a,COC=1C=CC(Cl)=CC1NC(=O)C(C)OC=2C=CC=CC2C(N)=O,0.532,O=C(COc1ccccc1)Nc1ccccc1
XS832132b,CC(NC=1C=CC=CC1)C(=O)NC=2C=CC=C(C2)S(=O)(=O)N(C)C,7.872,O=C(CNc1ccccc1)Nc1ccccc1
XS836610b,O=C1C=2C=CC=CC2NC(C=3C=CNN3)N1C=4C=CC=5OCCOC5C4,1.84,O=C1c2ccccc2NC(c2cc[nH]n2)N1c1ccc2c(c1)OCCO2
XS843199a,CC=1N=C(NC(=O)C2COCC(=O)N2CC=3C=CC=CC3)SC1C,10.324,O=C(Nc1nccs1)C1COCC(=O)N1Cc1ccccc1
XS843205a,CC(C)C=1C=CC(=CC1)OCCNC(=O)C(C)NC(=O)C2=CC=CO2,6.494,O=C(CNC(=O)c1ccco1)NCCOc1ccccc1
XS840315b,CC=1C=NC=CC1CN(C)C(=O)C2CCN(C2)S(=O)(=O)C(F)F,1.104,O=C(NCc1ccncc1)C1CCNC1
XS841542b,CC1=NOC(C)=C1CC(C)NC=2C=CC=C(N2)N3C=NC=4C=CC=CC43,4.424,c1cc(NCCc2cnoc2)nc(-n2cnc3ccccc32)c1
XS837477b,COC=1C=CC(C(=O)NCC(C)(O)CCO)=C(N)C1Br,3.76,c1ccccc1
XS155429b,COC=1C=CC=CC1NC(=O)C(C)OC(=O)CCC=2C(C)=NOC2C,14.398,O=C(COC(=O)CCc1cnoc1)Nc1ccccc1
XS843206a,O=C(NCCNC=1N=CC=CN1)NCC(C2=CC=CO2)N3CCCC3,0.472,O=C(NCCNc1ncccn1)NCC(c1ccco1)N1CCCC1
XS840472b,CC(CC=1C=CC=CC1)OC(=O)CCC2=NC3=C(N2)C(=O)NC(=O)N3C,6.774,O=C(CCc1nc2[nH]c(=O)[nH]c(=O)c2[nH]1)OCCc1ccccc1
XS133477c,O=C(COC(=O)C=1C=CC=2OCOC2C1)NC3CCCC=4C=CC=CC43,2.132,O=C(COC(=O)c1ccc2c(c1)OCO2)NC1CCCc2ccccc21
XS843216a,COC=1C=CC(=CC1)C2CCCN2CC(=O)NCCC=3C=CC(F)=CC3,0.662,O=C(CN1CCCC1c1ccccc1)NCCc1ccccc1
XS843215a,CC1CCCCN1CC=2C=CC=CC2CNC(=O)COC=3C=CC=CC3,1.018,O=C(COc1ccccc1)NCc1ccccc1CN1CCCCC1
XS843213a,O=C(CCCN1C(=O)OC=2C=CC=CC21)NC3CCCC=4C=CC=CC43,2.236,O=C(CCCn1c(=O)oc2ccccc21)NC1CCCc2ccccc21
XS842419b,CN(CC(=O)N1CCC(CC=2C=NN(C)C2)C1)C=3N=CN=C4N=CNC34,0.822,O=C(CNc1ncnc2nc[nH]c12)N1CCC(Cc2cn[nH]c2)C1
XS393818b,CC=1C=CC=CC1C(C)NC(=O)C=2C=CC(Cl)=C(C2)S(N)(=O)=O,3.586,O=C(NCc1ccccc1)c1ccccc1
XS406672b,CC1=CC(=O)N(C)C=C1NC(=O)NC(CC2CCCC2)C=3C=CC=CC3,1.998,O=C(Nc1ccc(=O)[nH]c1)NC(CC1CCCC1)c1ccccc1
XS757104b,O=C(CC1=CNC=2N=CC=CC12)N3CCCC(CO)(C3)C=4C=CC=CC4,3.288,O=C(Cc1c[nH]c2ncccc12)N1CCCC(c2ccccc2)C1
XS843212a,CC=1C=C(C=CC1N2CCCC2=O)NC(C)C(=O)NC=3C=CC(F)=CC3,0.822,O=C(CNc1ccc(N2CCCC2=O)cc1)Nc1ccccc1
XS842362b,CC1=NN(C)C(=C1C(=O)NC2CCC=3C=CC=CC3OC2)N4C=CC=N4,16.188,O=C(NC1CCc2ccccc2OC1)c1cn[nH]c1-n1cccn1
XS843208a,CC(C)N1C(=NC=2C=CC=CC21)C3CCCN(C3)C(=O)C=4C=NC=CN4,0.348,O=C(c1cnccn1)N1CCCC(c2nc3ccccc3[nH]2)C1
XS843211a,CN1N=CC(C(=O)NCC2CCCN(C2)C(N)=O)=C1CC=3C=CC=CC3,2.536,O=C(NCC1CCCNC1)c1cn[nH]c1Cc1ccccc1
XS843218a,CN1N=CC=C1C(NC(=O)C2=CC=3C=CC(Cl)=C(F)C3N2)C(=O)O,5.084,O=C(NCc1ccn[nH]1)c1cc2ccccc2[nH]1
XS836979b,O=C(C=1N=NC(O)=C(Br)C1O)N2CC=CCC32CCOC3,6.028,O=C(c1cccnn1)N1CC=CCC12CCOC2
XS840985b,O=C(CCC1=NC(=NO1)C2=CC=CO2)OC(C3=CCCC3)C(F)(F)F,3.784,O=C(CCc1nc(-c2ccco2)no1)OCC1=CCCC1
XS843209a,COC=1C=C(C#N)C=CC1OC(C)C(=O)NCC=2C=CC=3OCOC3C2,3.198,O=C(COc1ccccc1)NCc1ccc2c(c1)OCO2
XS838658b,COC(=O)C(CC1=NON=C1C)NC=2N=CN=C(F)C2Br,0.44,c1cc(NCCc2cnon2)ncn1
XS774830b,CCC1=C(C=NN1C=2C=CC=C(Cl)C2)C(=O)NC3CCOC(C)(C)C3,2.178,O=C(NC1CCOCC1)c1cnn(-c2ccccc2)c1
XS843229a,CN1N=C(C=C1C(C)(C)C)C(=O)N2CCC(C2)NC=3C=CC=C(Cl)C3,2.226,O=C(c1cc[nH]n1)N1CCC(Nc2ccccc2)C1
XS444952b,CCC=1N=C(NC(=O)CCN2C(=O)C(C)OC=3C=CC=CC32)SC1C,2.852,O=C(CCN1C(=O)COc2ccccc21)Nc1nccs1
XS843222a,COC=1C=CC(=CC1)C(CNC(=O)C2=NNC=3C=CC=CC23)N4CCCC4,1.612,O=C(NCC(c1ccccc1)N1CCCC1)c1n[nH]c2ccccc12
XS843220a,CC(C)C(NC(=O)C=1C=CC(F)=CC1)C(=O)N2CCC=3SC=CC3C2,16.476,O=C(NCC(=O)N1CCc2sccc2C1)c1ccccc1
XS843223a,CC1CCCN(C1)S(=O)(=O)N2CCC(CC2)NC(=O)C=3C=CC=CC3,0.8,O=C(NC1CCN(S(=O)(=O)N2CCCCC2)CC1)c1ccccc1
XS836549b,CCC=1OC(C)=CC1C(=O)NC2CCN(C(=O)C=3N=CN(C)N3)C2(C)C,1.226,O=C(NC1CCN(C(=O)c2nc[nH]n2)C1)c1ccoc1
XS843224a,CC(C(=O)NC=1C=CC=C(C1)NC(=O)CC=2C=CC(F)=CC2)N3C=CC=N3,8.108,O=C(Cc1ccccc1)Nc1cccc(NC(=O)Cn2cccn2)c1
XS423604b,O=C(NC=1C=CC(F)=CC1)N2CCCC(C2)C3=NN=C4CCCCCN34,4.714,O=C(Nc1ccccc1)N1CCCC(c2nnc3n2CCCCC3)C1
XS836746b,CC=1C=CC(=CC1)S(=O)(=O)N(C)CC(=O)NNC(=O)C2CC=CCC2,6.204,O=C(CNS(=O)(=O)c1ccccc1)NNC(=O)C1CC=CCC1
XS836555b,O=C(OCC1CC2(CO1)CCOCC2)C=3C(Cl)=CC(F)=CC3Cl,5.956,O=C(OCC1CC2(CCOCC2)CO1)c1ccccc1
XS074923c,COC=1C=CC(=CC1)S(=O)(=O)NC(C)C=2C=CC(=CC2)N3C=CN=C3,2.306,O=S(=O)(NCc1ccc(-n2ccnc2)cc1)c1ccccc1
XS843221a,CC=1C=C(C=CC1Cl)OCC(=O)N(C)CC2COC=3C=CC=CC3O2,10.372,O=C(COc1ccccc1)NCC1COc2ccccc2O1
XS330437b,CCOC=1C=CC=CC1C=2C=CC=C(C2)C(=O)NC(CCOC)C(=O)O,1.228,c1ccc(-c2ccccc2)cc1
XS841098b,COC=1C=CC(=CC1Cl)N(C#N)C(C)C(=O)N2CCN(CC2)C(C)=O,1.454,O=C(CNc1ccccc1)N1CCNCC1
XS843226a,CC=1C=NN(C)C1C(=O)NCC(C2=CNC=3C=CC=CC23)C=4C=CC=CC4,1.724,O=C(NCC(c1ccccc1)c1c[nH]c2ccccc12)c1ccn[nH]1
XS839608b,CC1CC=2C=C(C=C(Cl)C2O1)CC3=NC4=CN(N=C4C(=O)N3)C(F)F,0.892,O=c1[nH]c(Cc2ccc3c(c2)CCO3)nc2c[nH]nc12
XS843225a,COCCOC=1C=CC(=CC1OC)C(C)NC(=O)CC=2C(C)=NOC2C,3.148,O=C(Cc1cnoc1)NCc1ccccc1
DR002926c,C=C1COCC1NC(=O)C(=O)N(CCO)CC=2C=CC(Cl)=C(Cl)C2,1.666,C=C1COCC1NC(=O)C(=O)NCc1ccccc1
XS839010b,FCC1(CNC=2C=C(C=3C=CC=CC3)N4N=CN=C4N2)CC51CCOCC5,0.794,c1ccc(-c2cc(NCC3CC34CCOCC4)nc3ncnn23)cc1
XS635896b,CC(OC=1C=CC(Br)=CC1)C(=O)NCC2=NC(=CS2)CO,1.434,O=C(COc1ccccc1)NCc1nccs1
XS714599b,CCN1C=C(C#N)C(=O)N(CC(=O)NC(C)C=2C=CC(=CC2)C(C)C)C1=O,0.794,O=C(Cn1c(=O)cc[nH]c1=O)NCc1ccccc1
XS843234a,CCC1=CC(=CC(=O)N1)C(=O)N2CCC(C2)(C3=NC(C)=NO3)C(F)(F)F,0.944,O=C(c1cc[nH]c(=O)c1)N1CCC(c2ncno2)C1
XS843235a,CC1=NN(C)C=C1C2CCCN2S(=O)(=O)CCC3=NOC=4C=CC=CC34,3.402,O=S(=O)(CCc1noc2ccccc12)N1CCCC1c1cn[nH]c1
XS843240a,CCCC1=NC(CN2CC(OC=3C=CC=CC32)C(=O)N4CCCCC4)=NO1,6.348,O=C(C1CN(Cc2ncon2)c2ccccc2O1)N1CCCCC1
XS843233a,CC1=NC=2CCCC(C2S1)N(C)C(=O)C3=NN(C)C=C3Br,2.066,O=C(NC1CCCc2ncsc21)c1cc[nH]n1
XS843230a,CC(CN1CCN(C)CC1)NC=2N=NC(=CC2C(F)(F)F)C3=CC=CO3,3.158,c1coc(-c2ccc(NCCN3CCNCC3)nn2)c1
XS843237a,COC=1C=CC(=CC1)S(=O)(=O)N2CCCC2C3=NC=4C=CC=CC4S3,10.744,O=S(=O)(c1ccccc1)N1CCCC1c1nc2ccccc2s1
XS843231a,CN(CCOC=1C=CC(F)=CC1)C(=O)C=2C=CC(=CC2)OCC3CCCO3,9.904,O=C(NCCOc1ccccc1)c1ccc(OCC2CCCO2)cc1
XS843236a,CC(CC1=CNC=2C=CC(F)=CC12)NC(=O)C3=CC=4COCCC4NC3=O,12.63,O=C(NCCc1c[nH]c2ccccc12)c1cc2c([nH]c1=O)CCOC2
XS838482b,CC=1SC=2NC(CCC(=O)N3CC4=NN=CN4C(C)C3)=NC(=O)C2C1C,3.068,O=C(CCc1nc(=O)c2ccsc2[nH]1)N1CCn2cnnc2C1
XS841600b,COC=1C=CC(=CC1OC)CC(C)(CO)NC(=O)C2=NNC=3N=CC=CC23,4.276,O=C(NCCc1ccccc1)c1n[nH]c2ncccc12
XS830032b,COC=1C=CC(=CC1NC(=O)C(C)OC=2C=CC=C(Cl)C2)S(N)(=O)=O,3.984,O=C(COc1ccccc1)Nc1ccccc1
XS840568b,CC(COC=1C=CC=C(F)C1)NC(=O)NCC2=CN3C=C(Cl)C=CC3=N2,2.112,O=C(NCCOc1ccccc1)NCc1cn2ccccc2n1
XS843246a,CC=1C=CC(=CC1NC(=O)C2=CC=CO2)C(=O)OC(C)C(=O)NC3CCCC3,3.124,O=C(COC(=O)c1cccc(NC(=O)c2ccco2)c1)NC1CCCC1
XS474938b,CC(C)N(C)S(=O)(=O)C=1C=CC(=CC1)NC(=O)N2CCCC2C3CCC3,4.116,O=C(Nc1ccccc1)N1CCCC1C1CCC1
XS840008b,N#CC1=C(N=NN1C(C(N)=O)C=2C=CC=C(Br)C2)C=3C=CC=CC3,2.192,c1ccc(Cn2cc(-c3ccccc3)nn2)cc1
XS843248a,COC(=O)CC(NC(=O)C=1C=C(N=C2ON=C(C)C12)C3CC3)C=4C=CC=CC4,0.686,O=C(NCc1ccccc1)c1cc(C2CC2)nc2oncc12
XS843251a,CCOC=1C=CC(=CC1OCC)CCNC(=O)C2CC=3C=CC=CC3C(=O)O2,1.262,O=C1OC(C(=O)NCCc2ccccc2)Cc2ccccc21
XS843252a,CC=1C=CC=C(C1)NC(=O)C(C)SC=2C=CC(=CN2)S(=O)(=O)N(C)C,2.812,O=C(CSc1ccccn1)Nc1ccccc1
XS843242a,COCC1=C(SC=2C=CC=CC12)C(=O)NC(C)C=3C=CC(OC)=C(C3)OC,5.218,O=C(NCc1ccccc1)c1cc2ccccc2s1
XS841321b,CC=1C=C(CN(C)C(CCO)C=2C=CC=CC2)N=C(N1)C=3C=CC(Cl)=CC3,0.538,c1ccc(CNCc2ccnc(-c3ccccc3)n2)cc1
XS839799b,CN1C=C(C=N1)C2CCN(C2)C(=O)C=3C=CC(Cl)=C(C3)NS(C)(=O)=O,0.29,O=C(c1ccccc1)N1CCC(c2cn[nH]c2)C1
XS841031b,CCN1C=C(C=N1)C2C=3NC=4C=CC(=CC4C3CCN2S(=O)(=O)F)OC,3.086,c1ccc2c3c([nH]c2c1)C(c1cn[nH]c1)NCC3
XS841942b,CC1=CN2CCC(CC2=N1)C(=O)N3CCC=4SC(=CC4C3)S(N)(=O)=O,1.196,O=C(C1CCn2ccnc2C1)N1CCc2sccc2C1
XS843255a,COC=1C=C(C=CC1OC(F)F)C(=O)OC(C)C(=O)NC2(C#N)CCCCC2,1.132,O=C(COC(=O)c1ccccc1)NC1CCCCC1
XS843264a,CCN1CC(CN(C)C(=O)C2=CSC(=N2)C=3C=NN(C)C3)OC=4C=CC=CC41,7.842,O=C(NCC1CNc2ccccc2O1)c1csc(-c2cn[nH]c2)n1
XS843261a,CC=1N=C(CC=2C=CC=CC2)SC1C(=O)N3CCC4=C(C=NN4C)C3C(N)=O,12.57,O=C(c1cnc(Cc2ccccc2)s1)N1CCc2[nH]ncc2C1
XS843267a,O=C(CC1=CSC(=N1)C=2C=CC(=CC2)C(F)(F)F)NC3CCCCNC3=O,4.34,O=C(Cc1csc(-c2ccccc2)n1)NC1CCCCNC1=O
XS837856b,O=C(CC(N1C=CC=N1)C(F)(F)F)N2CCCN(CC2)S(=O)(=O)C3CC3,16.176,O=C(CCn1cccn1)N1CCCN(S(=O)(=O)C2CC2)CC1
XS836814b,COC=1C=CC=C2CC(COC12)C(=O)NC=3C=C(Cl)C=C(C(N)=O)C3OC,1.228,O=C(Nc1ccccc1)C1COc2ccccc2C1
XS843268a,CC=1C=C(C)C2=C(N1)SC=3C(=O)N(C=NC32)CC(=O)NC(C)C4=CC=CS4,12.332,O=C(Cn1cnc2c(sc3ncccc32)c1=O)NCc1cccs1
XS840060b,COC(CCNC(=O)N1CCN(CC1)C=2C=CC=C(C2)[N+]([O-])=O)C(F)(F)F,0.786,c1ccc(N2CCNCC2)cc1
XS841574b,CC1CC2(CCC2)CN1C(=O)NC=3C=CC=CC3CS(=O)(=O)C=4C=CC=CC4,0.842,O=C(Nc1ccccc1CS(=O)(=O)c1ccccc1)N1CCC2(CCC2)C1
XS014968e,COC=1C=CC(C)=CC1N2CC(CC2=O)C(=O)NN3C=NC=4C=CC=CC4C3=O,1.158,O=C(Nn1cnc2ccccc2c1=O)C1CC(=O)N(c2ccccc2)C1
XS840420b,CC1=NN(C)C(C)=C1NC(=O)C(C)OC(=O)C=2C=C(Cl)C=3OCCCOC3C2,7.772,O=C(COC(=O)c1ccc2c(c1)OCCCO2)Nc1cn[nH]c1
XS843278a,CC(C)(C)C=1C=C(NC(=O)C=2C=CC=3OCOC3C2)N(N1)C4CCS(=O)(=O)C4,6.82,O=C(Nc1ccnn1C1CCS(=O)(=O)C1)c1ccc2c(c1)OCO2
XS843279a,COC=1C=CC(=CC1)C(CNC(=O)COC=2C=C(C)C=CC2Cl)N3CCCCC3,0.634,O=C(COc1ccccc1)NCC(c1ccccc1)N1CCCCC1
XS843284a,O=S(=O)(C=1C=CC=2OCCOC2C1)N3CCCC3C=4C=CC=5OCCOC5C4,14.086,O=S(=O)(c1ccc2c(c1)OCCO2)N1CCCC1c1ccc2c(c1)OCCO2
XS843276a,CC=1N=C(C)N(N1)C=2C=CC(=CC2)C(=O)N3CCOCC3CC4=CNC=5C=CC=CC45,26.95,O=C(c1ccc(-n2cncn2)cc1)N1CCOCC1Cc1c[nH]c2ccccc12
XS843271a,CCN1CC(CN(C)C(=O)C=2C(C)=NN(CC=3C=CC=CC3)C2C)OC=4C=CC=CC41,1.234,O=C(NCC1CNc2ccccc2O1)c1cnn(Cc2ccccc2)c1
XS843269a,CC(=O)NC(CC(=O)N(C)CC1=NC=2C=CC=CC2C(=O)N1)C=3C=CC(Cl)=CC3,2.82,O=C(CCc1ccccc1)NCc1nc2ccccc2c(=O)[nH]1
XS843282a,CC=1C=CC=CC1NC(=O)C2=C(C)NC3=NC(CCCO)=NN3C2C=4C=CC=C(F)C4,2.114,O=C(Nc1ccccc1)C1=CNc2ncnn2C1c1ccccc1
XS843277a,O=C(CC1SC=2C=CC=CC2NC1=O)NC3=NC(=CS3)CN4CCCCC4,1.26,O=C(CC1Sc2ccccc2NC1=O)Nc1nc(CN2CCCCC2)cs1
XS843283a,COC1=CC(=CC(OC)=C1OC)C(C)NC(=O)C=2SC(=NC2C)C=3C=CC=CN3,2.916,O=C(NCc1ccccc1)c1cnc(-c2ccccn2)s1
XS843286a,COC=1C=CC(OC)=C(C1)NC(=O)CNC(C(=O)NC=2C=CC=CC2)C=3C=CC=CC3,2.112,O=C(CNC(C(=O)Nc1ccccc1)c1ccccc1)Nc1ccccc1
XS843274a,CC=1C=CC=CC1C(=O)N2CCC(CC2)C(=O)OC(C)C(=O)N(C)C=3C=CC=CC3,2.406,O=C(COC(=O)C1CCN(C(=O)c2ccccc2)CC1)Nc1ccccc1
XS843285a,CC=1C=C(C)N(CCCNC(=O)C(NC(=O)C23CC4CC(CC(C4)C3)C2)C(C)C)N1,3.236,O=C(CNC(=O)C12CC3CC(CC(C3)C1)C2)NCCCn1cccn1
XS840692b,CCOC(=O)CC(NC(=O)C=1C=CC=2C(=O)N(C)C(=O)C2C1)C=3C=CC=CC3OC,6.168,O=C(NCc1ccccc1)c1ccc2c(c1)C(=O)NC2=O
XS843272a,CCC1C=2C=CSC2CCN1C(=O)C=3C=CC(=CC3)S(=O)(=O)N(CC)CC,7.01,O=C(c1ccccc1)N1CCc2sccc2C1
XS843275a,CC1=NOC(=N1)C(NC(=O)C=2C=CC(=C(F)C2)N3CCOCC3)C4CCOCC4,1.968,O=C(NC(c1ncno1)C1CCOCC1)c1ccc(N2CCOCC2)cc1
XS840767b,CC(C)CN1CC(CC1=O)C(=O)N(CC=2C=CC=CC2[N+]([O-])=O)CC(F)(F)F,1.47,O=C1CC(C(=O)NCc2ccccc2)CN1
XS719146b,O=C(NC1CCN(C1)C=2C=CC(Cl)=C(F)C2)N3CCC(CC3)N4CCNC4=O,8.394,O=C(NC1CCN(c2ccccc2)C1)N1CCC(N2CCNC2=O)CC1
XS836659b,CS(=O)(=O)NCCC1CCCCN1C(=O)NCC2(CCCC2)C=3C(F)=CC=CC3F,2.512,O=C(NCC1(c2ccccc2)CCCC1)N1CCCCC1
XS843301a,CS(=O)(=O)NCC1CCCN(C1)C(=O)C=2SC(=NC2C=3C=CC=CC3)C4=CC=CO4,3.672,O=C(c1sc(-c2ccco2)nc1-c1ccccc1)N1CCCCC1
XS843298a,COC=1C=CC(=CC1)C(CNS(=O)(=O)C=2C=CC=3OCCCOC3C2)N4CCCCC4,0.92,O=S(=O)(NCC(c1ccccc1)N1CCCCC1)c1ccc2c(c1)OCCCO2
XS843303a,COC1=NN(C)C=2N=C(C)C(CCC(=O)N3CCCC(C3)C(=O)NCC4CC4)=C(C)C12,23.73,O=C(NCC1CC1)C1CCCN(C(=O)CCc2cnc3[nH]ncc3c2)C1
XS838789b,CC1=NN(C(C)=C1C2C(=O)NCCN2CC3=NN4C(=O)C=C(C)N=C4S3)C=5C=CC=CC5,3.174,O=C1NCCN(Cc2nn3c(=O)ccnc3s2)C1c1cnn(-c2ccccc2)c1
XS841492c,COCC(NC(=O)NC=1N=NN(CC=2C=CC=CC2F)C1C)C=3C=CC=4NC=CC4C3,2.388,O=C(NCc1ccc2[nH]ccc2c1)Nc1cn(Cc2ccccc2)nn1
XS838324b,CC1(C)CC2=C(C=NN2C=3C=CC=CC3Cl)CN(C1)C(=O)C4CCCC=5NN=CC54,2.31,O=C(C1CCCc2[nH]ncc21)N1CCCc2c(cnn2-c2ccccc2)C1
XS843296a,COC1=CC(=CC(OC)=C1OC)C(C)NC(=O)C=2C=C(N=C3C2C(C)=NN3C)C(C)C,4.848,O=C(NCc1ccccc1)c1ccnc2[nH]ncc12
XS843289a,NC(=O)C(C=1C=CC(Cl)=CC1)N2CCN(CC2)C=3N=CC(=CC3Cl)C(F)(F)F,6.068,c1ccc(CN2CCN(c3ccccn3)CC2)cc1
XS838202b,CC(CNC=1C=CC(=CC1[N+]([O-])=O)S(N)(=O)=O)C2=NC=3C=CC=CC3N2C(F)F,0.632,c1ccc(NCCc2nc3ccccc3[nH]2)cc1
XS843287a,O=C(C=1C=CC=C(C1)S(=O)(=O)N2CCC=3C=CC=CC32)N4CCCC4C=5C=CC=NC5,6.494,O=C(c1cccc(S(=O)(=O)N2CCc3ccccc32)c1)N1CCCC1c1cccnc1
XS840537b,COC1=CC(=CC(OC)=C1OC)C(NC(=O)COC=2C=CC=CC2C#N)C(F)(F)F,0.69,O=C(COc1ccccc1)NCc1ccccc1
XS843312a,O=C(NC1CCCCNC1=O)C=2C=CC(O)=NC2,4.228,O=C(NC1CCCCNC1=O)c1cccnc1
XS837240b,CC1CCC=2N=C(N)C(C#N)=CC2C1,2.17,c1cnc2c(c1)CCCC2
XS842037b,O=C1CC2CCCN2C=3C=CC=CC3N1,9.848,O=C1CC2CCCN2c2ccccc2N1
XS843304a,O=C(C1CC=2C=CC=CC2O1)N3CCCC3,1.488,O=C(C1Cc2ccccc2O1)N1CCCC1
XS840727b,O=C(NC=1C=CN=CC1F)C2CCCS2,1.412,O=C(Nc1ccncc1)C1CCCS1
XS842548b,CC(CC(=O)N1CCCCO1)C2CCCCC2,0.764,O=C(CCC1CCCCC1)N1CCCCO1
XS843314a,CC=1C=CC=C(N1)NC(=O)C2CCC(=O)NC2,0.77,O=C1CCC(C(=O)Nc2ccccn2)CN1
XS843309a,CC1=NN=C2CC(C)(C)C(CN12)C=3C=CC=CC3,1.59,c1ccc(C2CCc3nncn3C2)cc1
XS837540b,COC(C)CN1C=C(Br)C=NC1=O,1.18,O=c1nccc[nH]1
XS837932b,N#CC1(CCCC1)C(=O)NC(CO)CCF,4.32,C1CCCC1
XS843318a,CCN(CC=1C=CC=CN1)C2CCN(C2=O)C(C)C,2.37,O=C1NCCC1NCc1ccccn1
XS838249b,CC(OC=1C=C(F)N=CC1Cl)C(=O)N2CCCC2,0.558,O=C(COc1ccncc1)N1CCCC1
XS843324a,CC(SC1=NC=2SC=CC2C(=O)N1C)C(N)=O,7.072,O=c1[nH]cnc2sccc12
XS843316a,O=C(OCC1CC(=O)N(C1)C2CC2)C3=CC=CS3,0.936,O=C(OCC1CC(=O)N(C2CC2)C1)c1cccs1
XS837800b,COC(CCO)CNC(=O)C=1C(C)=NN(C)C1F,0.754,c1cn[nH]c1
XS761063b,CC(NC(=O)C1=CC=CS1)C(=O)NC=2C=CNN2,12.902,O=C(CNC(=O)c1cccs1)Nc1cc[nH]n1
XS838161b,COC(C)(C(=O)N1CCC21CCOCC2)C3CC3,0.574,O=C(CC1CC1)N1CCC12CCOCC2
XS839673b,CCC1(CO)CCCN1C(=O)NCC(C)(C)OC,3.174,C1CCNC1
XS842414b,CC1CCCN1S(=O)(=O)NCC2=NC=CS2,2.44,O=S(=O)(NCc1nccs1)N1CCCC1
XS836877b,CN(CC1=NN=C2C=CC=CN12)CC3COC(=O)C3,3.56,O=C1CC(CNCc2nnc3ccccn23)CO1
XS395424b,CC(NC=1N=CN=C2SC=CC12)C=3C=CC=CC3,0.594,c1ccc(CNc2ncnc3sccc23)cc1
XS843317a,C=1C=CC(=CC1)C2(CC2)C3=NC(=NO3)C4CCOC4,1.326,c1ccc(C2(c3nc(C4CCOC4)no3)CC2)cc1
XS843319a,O=C(CN1C=CC=N1)NC2CCOC=3C=CC=CC32,1.894,O=C(Cn1cccn1)NC1CCOc2ccccc21
XS843322a,CC1=NOC=2N=C(C)C=C(C(=O)OC(C)C(N)=O)C12,1.6,c1cnc2oncc2c1
XS843325a,CN1CC(NCC1=O)C2=NC(=NO2)C=3C=CC=CC3,7.364,O=C1CNC(c2nc(-c3ccccc3)no2)CN1
XS592682b,CNC(=O)NC1CCCN(C1)C=2C=CC=CC2Cl,1.246,c1ccc(N2CCCCC2)cc1
XS843327a,CCNC(=O)NC(=O)C(C)NC=1C=CC=CC1OC,8.098,c1ccccc1
XS838594b,CC(NC=1C=NC=2OCOC2C1)C3=NC=4C=CC=CC4O3,6.298,c1ccc2oc(CNc3cnc4c(c3)OCO4)nc2c1
XS841669b,O=C(CCC(F)F)NC1CCOCC21CCCCC2,0.864,C1CCC2(CC1)CCCOC2
XS843339a,CC=1C=C(C(=O)NC2CCCOC=3C=CC=CC32)N(C)N1,4.76,O=C(NC1CCCOc2ccccc21)c1ccn[nH]1
XS840011b,CC(C1=NN=NN1C)N2CCC=3C=CC=C(Cl)C3C2,1.26,c1ccc2c(c1)CCN(Cc1nnn[nH]1)C2
XS843332a,CC1C2=CC=CN2CCN1C(=O)C=3C=CC(F)=C(F)C3,1.628,O=C(c1ccccc1)N1CCn2cccc2C1
XS766623b,CCC=1C=CC=C(C1)CC(=O)NC2CCCC=3C=NNC32,1.282,O=C(Cc1ccccc1)NC1CCCc2cn[nH]c21
XS531363b,CC1=NOC(C)=C1C(=O)NCC2CCCC=3C=CC=CC32,0.384,O=C(NCC1CCCc2ccccc21)c1cnoc1
XS836530b,O=C(NC(CCO)C1CCC1)C=2C=CC=3OC=CC3N2,1.268,O=C(NCC1CCC1)c1ccc2occc2n1
XS810649b,CC1C=2C=CSC2CCN1C(=O)C=3C=CC(O)=NC3,3.698,O=C(c1cccnc1)N1CCc2sccc2C1
XS843335a,CC1=NOC(=N1)C(C)S(=O)(=O)CC=2C=CC=CC2C,0.458,O=S(=O)(Cc1ccccc1)Cc1ncno1
MR041161c,O=C1OC(=NC1CC=2C=CC=CC2)NCC=3C=CC=CN3,6.224,O=C1OC(NCc2ccccn2)=NC1Cc1ccccc1
XS843330a,OC1(CC2=CN(CC=3C=CC=CC3)N=N2)CCSC1,1.204,c1ccc(Cn2cc(CC3CCSC3)nn2)cc1
XS838493b,CC1(C)C=CC=2C=CC=C(NC(=O)C3CCNC3=O)C2O1,2.15,O=C1NCCC1C(=O)Nc1cccc2c1OCC=C2
XS843337a,CC(C)C1=NC(=CS1)C2NC(=O)C=3C=CC=CC3N2,5.096,O=C1NC(c2cscn2)Nc2ccccc21
XS840638b,COCC(C)(NC(=O)COC=1C=CC=CC1F)C(N)=O,2.224,c1ccccc1
XS839380b,C=1C=NN(CC2=NOC(COCC3CCCCO3)=N2)N1,1.664,c1cnn(Cc2noc(COCC3CCCCO3)n2)n1
XS838300c,O=C1CC(CN1)C2=CC=C(S2)C=3C=CC=C4C=CNC34,1.17,O=C1CC(c2ccc(-c3cccc4cc[nH]c34)s2)CN1
XS561632b,COC(=O)C1CCC2=NN=C(CC3CCCC3)N2CC1,1.634,C1CCc2nnc(CC3CCCC3)n2CC1
XS843331a,NC(=O)C1CN(CC=2C=CC=C3COCCC23)CCO1,1.46,c1cc2c(c(CN3CCOCC3)c1)CCOC2
XS843333a,O=C(NCC=1C=CC=CC1)NCC2CC=3C=CC=CC3O2,0.88,O=C(NCc1ccccc1)NCC1Cc2ccccc2O1
XS843348a,CC1=NOC(C)=C1CC(=O)N2CCCC2C3=CC=CS3,2.216,O=C(Cc1cnoc1)N1CCCC1c1cccs1
XS843340a,CN1C=C(C=N1)C2CCCN2C(=O)C3=NNC=4C=CC=CC34,3.896,O=C(c1n[nH]c2ccccc12)N1CCCC1c1cn[nH]c1
XS836505b,CC(C)(F)C(=O)NC1(CCCCC=2C=CC=CC21)C(=O)O,0.496,c1ccc2c(c1)CCCCC2
XS840061b,CC(C)C(C)(NC(=O)C=1C=C(C=CC1O)[N+]([O-])=O)C(N)=O,0.778,c1ccccc1
XS187127c,CC(NC(=O)C=1N=CC=NC1N)C=2C=CC3=CC=CC=C3C2,1.238,O=C(NCc1ccc2ccccc2c1)c1cnccn1
XS837551b,FC1(F)CC21COCCN(C2)C=3N=CC=4SC=CC4N3,2.018,c1cc2nc(N3CCOCC4(CC4)C3)ncc2s1
XS843341a,CC1=CC(=NN1)C2CCCN(CC3=NOC(=N3)C4CC4)C2,0.848,c1cc(C2CCCN(Cc3noc(C4CC4)n3)C2)n[nH]1
XS839459b,CN(C=1N=CC(=CN1)OC(F)F)C(CO)CC2CCC2,14.882,c1cnc(NCCC2CCC2)nc1
XS838401b,CN(CC1CC=2C=CC=CC2CO1)C=3N=CC=NC3CC#N,6.276,c1ccc2c(c1)COC(CNc1cnccn1)C2
XS843350a,O=C(NC1CCCNC1=O)C=2C=CC=C(Br)C2,12.68,O=C(NC1CCCNC1=O)c1ccccc1
XS843349a,CC1=NOC(C)=C1CC(=O)NC(C)C=2C=C(C)C=CC2C,0.842,O=C(Cc1cnoc1)NCc1ccccc1
XS734100b,CC1CCCN(C1)C(=O)CNC(=O)C=2C=CC=CC2Cl,0.778,O=C(NCC(=O)N1CCCCC1)c1ccccc1
XS843346a,CCCNC(=O)NC(=O)CN(C)C1CCC=2C=CC=CC21,4.44,c1ccc2c(c1)CCC2
XS767682b,CC1=CSC(=N1)C2CCCN(C2)C(=O)C=3C=CN=CC3,8.428,O=C(c1ccncc1)N1CCCC(c2nccs2)C1
XS843343a,CC=1N=CN(CC(O)COCC=2C=CC=CC2)C(=O)C1C,8.632,O=c1ccncn1CCCOCc1ccccc1
XS840113b,CC1=NOC(C)=C1C(C)CNC2=NC=3C=CC(F)=CC3O2,0.92,c1ccc2oc(NCCc3cnoc3)nc2c1
XS843347a,O=C(NC1(CC1)C2CCCCO2)C=3C=CN=C4C=CC=CC34,12.69,O=C(NC1(C2CCCCO2)CC1)c1ccnc2ccccc12
XS843345a,O=C(O)CC(NC(=O)C=1C=CC(F)=CC1)C2=CC=CS2,0.384,O=C(NCc1cccs1)c1ccccc1
XS733493b,CC1CC=2C=CC=CC2N1CC(=O)NC=3C=CC=C(C#N)C3,1.978,O=C(CN1CCc2ccccc21)Nc1ccccc1
XS398655b,O=C(NCC=1C=CNN1)NC2CCSC=3C=CC=CC32,1.06,O=C(NCc1cc[nH]n1)NC1CCSc2ccccc21
XS840120b,COC(=O)C1SCCN1C(=O)C=2C=CC(C#N)=C(C)N2,6.958,O=C(c1ccccn1)N1CCSC1
XS843358a,CC(CN1C=CC=N1)NC(=O)NCC=2C=CC=3OCOC3C2,3.662,O=C(NCCn1cccn1)NCc1ccc2c(c1)OCO2
XS843355a,COCC(C)NC(=O)C1=CC=2COC=3C=CC=CC3C2S1,3.414,c1ccc2c(c1)OCc1ccsc1-2
XS671334b,CC(C)C=1N=C2CCC(CN2N1)NCC3=NN=C(O3)C(C)C,1.78,c1nc2n(n1)CC(NCc1nnco1)CC2
XS843360a,CC(C)(C)C=1C=CC(=CC1)C2CCCN2C(=O)C=3C=CNN3,9.016,O=C(c1cc[nH]n1)N1CCCC1c1ccccc1
XS843356a,O=C(NC(C=1C=CC=CC1)C=2C=CC=CN2)C=3C=CC(O)=NC3,2.366,O=C(NC(c1ccccc1)c1ccccn1)c1cccnc1
XS194226d,CCOC=1C=CC(=CC1)NC(=O)CC(C)N2N=C(C)C=C2C,2.314,O=C(CCn1cccn1)Nc1ccccc1
XS841437b,CC1CCCN(C1)S(=O)(=O)N2CCC=3C=CC(F)=CC32,0.4,O=S(=O)(N1CCCCC1)N1CCc2ccccc21
XS761917b,CCCC1=NC(CN2CCNC(=O)C2C=3C=CC=CC3)=NO1,6.404,O=C1NCCN(Cc2ncon2)C1c1ccccc1
XS836673b,COCC(C)C(=O)NC1=NNC=2C=CC(=CC12)C(F)(F)F,1.116,c1ccc2[nH]ncc2c1
XS843351a,CC=1C=NN(C1)CC2CCCCN2C(=O)CC3=CC=CS3,4.074,O=C(Cc1cccs1)N1CCCCC1Cn1cccn1
XS639224b,CC(C)(CNC(=O)C1CCN2C=NC=C2C1)C3CCCCC3,1.866,O=C(NCCC1CCCCC1)C1CCn2cncc2C1
XS843353a,CC(SC=1N=C2N=CC=CN2N1)C(=O)N3CCC(C)CC3,5.99,O=C(CSc1nc2ncccn2n1)N1CCCCC1
XS840857b,C1=CC(=CS1)C=2N=NN(CC3CCC4(CCCCC4)O3)N2,1.148,c1cc(-c2nnn(CC3CCC4(CCCCC4)O3)n2)cs1
XS836649b,CC(C)C1CCCCCN1C(=O)C=2C=NC3=C(C2)N=CN3C,6.938,O=C(c1cnc2[nH]cnc2c1)N1CCCCCC1
XS838432b,COC(CO)COC=1C=C2C=NNC2=CC1Br,2.368,c1ccc2[nH]ncc2c1
XS843354a,CC1=NNC(CC(=O)NC(C)C=2C=CC(=CC2)OC(C)C)=N1,1.034,O=C(Cc1ncn[nH]1)NCc1ccccc1
XS843359a,CC(C(N)=O)N1CCN(CC1)C=2C=CC=C(C2)C(F)(F)F,0.656,c1ccc(N2CCNCC2)cc1
XS843352a,CC(NC(=O)NC=1C=CC=NC1)C=2C=CC=3OCCOC3C2,4.898,O=C(NCc1ccc2c(c1)OCCO2)Nc1cccnc1
XS843371a,CCNC(=O)C=1C=CC(NC(=O)NCC2CCCO2)=C(C)C1,0.614,O=C(NCC1CCCO1)Nc1ccccc1
XS815289b,CC(NC(=O)NC=1C=CC=CC1)C=2C=CC(=CC2)N3C=CN=C3,3.394,O=C(NCc1ccc(-n2ccnc2)cc1)Nc1ccccc1
XS843363a,N#CC(NC(=O)C=1C=CC=C(N1)N2C=CC=N2)C3CCCCC3,2.1,O=C(NCC1CCCCC1)c1cccc(-n2cccn2)n1
XS394874b,O=C(CC=1N=C2N=CC=CN2N1)NC3CCCC=4C=CC=CC43,2.722,O=C(Cc1nc2ncccn2n1)NC1CCCc2ccccc21
XS840398b,CC(=NNC(=O)C(C)OC=1C=CC(C#N)=CC1)C=2C=CC=NC2,3.368,O=C(COc1ccccc1)NN=Cc1cccnc1
XS841325b,O=C(O)CC1CN(CCO1)C=2N=CN=C3NC4=CC=CC=C4C23,7.168,c1ccc2c(c1)[nH]c1ncnc(N3CCOCC3)c12
XS843372a,CC1=NN(C)C(C)=C1S(=O)(=O)N2CCCC2CC(C)(C)C,1.49,O=S(=O)(c1cn[nH]c1)N1CCCC1
XS842653b,NC(=O)C1CN(CCO1)C=2C=CC3=C(Cl)C=CN=C3C2F,2.62,c1cnc2cc(N3CCOCC3)ccc2c1
XS843365a,CC(C)(CC(=O)N1CCCN2C=3C=CC=CC3CC2C1)C4CC4,0.686,O=C(CCC1CC1)N1CCCN2c3ccccc3CC2C1
XS843361a,CCC1C(=O)NCCN1C(=O)C=2C=NN(C2C)C=3C=CC=CC3,5.2,O=C1CN(C(=O)c2cnn(-c3ccccc3)c2)CCN1
XS843368a,CN1N=NC=C1CC(=O)NC2CCN(CC=3C=CC=CC3)C2=O,25.504,O=C(Cc1cnn[nH]1)NC1CCN(Cc2ccccc2)C1=O
XS581609b,CC(C1CC1)N(C(=O)CN2C=NC(=N2)C=3C=CC=CC3)C4CC4,1.544,O=C(Cn1cnc(-c2ccccc2)n1)N(CC1CC1)C1CC1
XS843364a,O=C1C=2C=CC=CC2N=CN1CC(O)COCC=3C=CC=CC3,6.21,O=c1c2ccccc2ncn1CCCOCc1ccccc1
XS843367a,OCC(NC1=NC(=NO1)C2CCC2)C=3C=CC(Cl)=C(F)C3,9.702,c1ccc(CNc2nc(C3CCC3)no2)cc1
XS843369a,CC1=CC(=NO1)NC(=O)NC(C)C=2C=CC(=CC2)C(F)(F)F,0.86,O=C(NCc1ccccc1)Nc1ccon1
XS838440b,FC=1C=CC=C(C1)OCC2=NOC(=N2)C3CCCC4=NN=CN43,4.192,c1ccc(OCc2noc(C3CCCc4nncn43)n2)cc1
XS837147b,NC(=O)CC(NC(=O)NC=1C=C(Cl)C=CC1Cl)C2CC2,0.73,O=C(NCC1CC1)Nc1ccccc1
XS840031b,CN1CCC(NC(=O)CN2C=C(C=N2)[N+]([O-])=O)C=3C=CC=CC31,3.228,O=C(Cn1cccn1)NC1CCNc2ccccc21
XS843384a,CCOC(=O)C1(CCCCC1)NC(=O)C2CC=3C=CC=CC3O2,0.8,O=C(NC1CCCCC1)C1Cc2ccccc2O1
XS838025b,CC(C)(C)NS(=O)(=O)C1(CCC1)C(=O)NCC2CCOC2,6.962,O=C(NCC1CCOC1)C1CCC1
XS640905b,CC(OC(=O)C1CCN(CC1)C2=NC=3C=CC=CC3O2)C(N)=O,9.026,c1ccc2oc(N3CCCCC3)nc2c1
XS549527b,NC(=O)C1CCN(C1)C(=O)NC2=NC(=CS2)C=3C=CC=CC3,3.868,O=C(Nc1nc(-c2ccccc2)cs1)N1CCCC1
XS570909b,CNC1CCCN(C1)C(=O)C2=CN=C(S2)C=3C=CC=CC3F,3.156,O=C(c1cnc(-c2ccccc2)s1)N1CCCCC1
XS843381a,CC1CN(CCN1C(=O)C=2C=CC=CC2F)C=3C=CC=C(F)C3,2.982,O=C(c1ccccc1)N1CCN(c2ccccc2)CC1
XS804920b,CCC=1OC=NC1C(=O)N2CCCC(C2)C3=NC(C)=C(C)S3,1.08,O=C(c1cocn1)N1CCCC(c2nccs2)C1
XS582259b,CNC(=O)C1CCCCN1S(=O)(=O)C=2C=CC=C(F)C2F,0.65,O=S(=O)(c1ccccc1)N1CCCCC1
XS843378a,CC(C=1C=CC(F)=CC1)N(C)CC2=NN=C(O2)C3=CC=CS3,2.368,c1ccc(CNCc2nnc(-c3cccs3)o2)cc1
XS843375a,CC=1C(Br)=CC=CC1CS(=O)(=O)CC(C)CO,0.956,c1ccccc1
XS838981b,CCOC(=O)C=1C=NN2C=CC=C2C1N(C)CC3(O)CCOC3,6.672,c1cc2c(NCC3CCOC3)ccnn2c1
XS838970b,CC=1C=CC=CC1OC(C)C(=O)NC2=NC(=NN2)C(F)(F)F,6.592,O=C(COc1ccccc1)Nc1ncn[nH]1
XS843389a,CN(CCN1C=CC=N1)CC(C2=CC=CS2)N3CCOCC3,1.07,c1csc(C(CNCCn2cccn2)N2CCOCC2)c1
XS843395a,O=C(COC=1C=CC=CC1)N2CCCC2C3=NC=4C=CC=CC4N3,4.36,O=C(COc1ccccc1)N1CCCC1c1nc2ccccc2[nH]1
XS837558b,O=C(C1CC2(CC2)CO1)N(C=3C=CC=C4C=CC=NC34)C5CCC5,1.566,O=C(C1CC2(CC2)CO1)N(c1cccc2cccnc12)C1CCC1
XS843386a,CCC(CC)(CNC(=O)C(C)NC(N)=O)C=1C=CC(Cl)=CC1,1.246,c1ccccc1
XS843387a,CC1(CC(=O)N(CC(N)=O)C1=O)C=2C=CC(Br)=CC2,9.12,O=C1CC(c2ccccc2)C(=O)N1
XS843396a,N#CC=1C=NC=CC1N2CCCC(C2)C3=NC=C(N3)C(F)(F)F,1.24,c1cc(N2CCCC(c3ncc[nH]3)C2)ccn1
XS157694d,CC=1C=CC(=CC1)C2=NN=C(O2)C(C)NC=3C=CC=4OCOC4C3,1.0,c1ccc(-c2nnc(CNc3ccc4c(c3)OCO4)o2)cc1
XS843391a,COC=1C=CC=CC1C(NC(=O)C2=CC=CN2C)C3=NOC(C)=N3,1.51,O=C(NC(c1ccccc1)c1ncon1)c1ccc[nH]1
XS746320b,CC=1C=CC=CC1C2CCN(C2)C3=C(C#N)C(=O)N(C)C(=O)N3C,7.218,O=c1cc(N2CCC(c3ccccc3)C2)[nH]c(=O)[nH]1
XS692943b,O=C(CC1=CNC=2C=CC=CC12)NCC3COC=4C=CC=CC4O3,0.496,O=C(Cc1c[nH]c2ccccc12)NCC1COc2ccccc2O1
XS843397a,CC(NC(=O)C=1C=CC=CC1F)C=2C=CC(=CC2)S(N)(=O)=O,3.074,O=C(NCc1ccccc1)c1ccccc1
XS843398a,O=C(NCC1CCS(=O)(=O)C1)C2=NNC(=O)C=3C=CC=CC23,36.158,O=C(NCC1CCS(=O)(=O)C1)c1n[nH]c(=O)c2ccccc12
XS843393a,CC1COC=2C=CC=CC2CN1C(=O)C3=CC=CN4C(=O)NN=C34,1.722,O=C(c1cccn2c(=O)[nH]nc12)N1CCOc2ccccc2C1
XS840490b,O=C(CC1C=CCC1)NCC=2C=CC(=CC2)NC(=O)C3=CC=CO3,0.968,O=C(CC1C=CCC1)NCc1ccc(NC(=O)c2ccco2)cc1
XS842275b,COC=1C(=CC=C2C=CC=CC12)CN3CCC(C3)C4=NOC(C)=N4,0.754,c1ccc2cc(CN3CCC(c4ncon4)C3)ccc2c1
XS843392a,CN1C=C(C=N1)N2CCC(C2)NC(=O)C3=CC=4C=CC=CC4S3,5.396,O=C(NC1CCN(c2cn[nH]c2)C1)c1cc2ccccc2s1
XS839985b,CNC(=O)NC(=O)C(C)N(C)CC1=NC(=CS1)C(F)(F)F,6.098,c1cscn1
XS838967b,CC1=CSC(=N1)C2COCCN2CCC=3C=CC=4OCCC4C3,5.108,c1csc(C2COCCN2CCc2ccc3c(c2)CCO3)n1
XS843401a,CC1=NN=C(O1)C(C)N2CCN(CC2)C(=O)CC=3C=CC(C)=CC3,0.74,O=C(Cc1ccccc1)N1CCN(Cc2nnco2)CC1
XS843402a,COC=1C=CC(Cl)=CC1N2CCC(C2)NC(=O)C=3C=CC=NC3,3.902,O=C(NC1CCN(c2ccccc2)C1)c1cccnc1
XS843413a,CC=1N=CSC1C(=O)NC(CN2CCCC2=O)C=3C=CC=CC3,1.626,O=C(NC(CN1CCCC1=O)c1ccccc1)c1cncs1
XS843412a,CCOC=1N=CC=CC1C(=O)N(CC)C(C)C=2C=CC=C(C2)OC,1.308,O=C(NCc1ccccc1)c1cccnc1
XS843408a,CC1=C(OC=2C(C)=CC=CC12)C(=O)N3CCOCC3C=4N=CON4,2.29,O=C(c1cc2ccccc2o1)N1CCOCC1c1ncon1
XS840845b,CC(NC(=O)NC=1C=CC(=C(Cl)C1)N2C=CC=N2)C=3C=CON3,16.71,O=C(NCc1ccon1)Nc1ccc(-n2cccn2)cc1
XS562700b,N#CC1=CC=C(CN2CCCC(O)(CC3=NC(=NO3)C4CC4)C2)O1,3.86,c1coc(CN2CCCC(Cc3nc(C4CC4)no3)C2)c1
XS839694b,CC(NC(=O)NCC1=COCCO1)C=2C=CC=C(Cl)C2Cl,0.844,O=C(NCC1=COCCO1)NCc1ccccc1
XS843409a,CNC(=O)CNC(=O)CC1SC=2C=CC(Cl)=CC2NC1=O,6.556,O=C1CSc2ccccc2N1
XS843411a,CC(C1CC1)N(CC(=O)NC=2C=CC=C(F)C2)CC=3C=CC=CC3,0.654,O=C(CN(Cc1ccccc1)CC1CC1)Nc1ccccc1
XS841263b,CC=1C=CC(=CC1)C2=NC=C(CN3CCN4C(=O)NCC4C3)S2,1.326,O=C1NCC2CN(Cc3cnc(-c4ccccc4)s3)CCN12
XS843414a,O=C(CCN1C=NC=N1)NC(CN2CCCC2=O)C=3C=CC=CC3,2.346,O=C(CCn1cncn1)NC(CN1CCCC1=O)c1ccccc1
XS837948b,CCN1C=C(CCNS(=O)(=O)CC2CCCCC2(F)F)N=N1,3.644,O=S(=O)(CC1CCCCC1)NCCc1c[nH]nn1
XS839213b,COCC(C)(O)CN1C=NC2=C(C=NN2C=3C=CC=CC3F)C1=O,1.044,O=c1[nH]cnc2c1cnn2-c1ccccc1
XS560353b,CC1=NOC(CC2(O)CCCN(C2)C=3C=C(Cl)C=CC3C#N)=N1,6.126,c1ccc(N2CCCC(Cc3ncno3)C2)cc1
XS843428a,CCOC=1C=CC(=C2C=CC=CC12)S(=O)(=O)N3CCCC(C)C3,0.514,O=S(=O)(c1cccc2ccccc12)N1CCCCC1
XS717949b,CC(C)C1=CSC(=N1)NC(=O)C2CC(=O)N(CC(F)(F)F)C2,5.752,O=C1CC(C(=O)Nc2nccs2)CN1
XS843418a,CCOC=1C=CC(=CC1)C(=O)N2CCCC(CNC(=O)C(C)C)C2,0.88,O=C(c1ccccc1)N1CCCCC1
XS837333b,NC=1C=CC(Br)=C(C1)CN2CCCC(C2)OC(F)F,1.352,c1ccc(CN2CCCCC2)cc1
XS843420a,CC=1NC=2C=CC(=CC2C1C)C(=O)NC(C)C3=NN=C4C=CC=CN34,2.204,O=C(NCc1nnc2ccccn12)c1ccc2[nH]ccc2c1
XS839757b,CC(CC=1C=CSC1)NC(=O)N2CCC(O)(CC2)C(F)(F)F,0.574,O=C(NCCc1ccsc1)N1CCCCC1
XS843425a,CC1=NOC=2N=C(C=C(C(=O)N(C)C(C)C=3C=CN=CC3)C12)C4CC4,5.282,O=C(NCc1ccncc1)c1cc(C2CC2)nc2oncc12
XS490466b,CNC(=O)C1CN(CCO1)C(=O)C=2C=CC(Cl)=C3N=CC=CC23,2.17,O=C(c1cccc2ncccc12)N1CCOCC1
XS843424a,CC(=O)NC(C)C(=O)N1CCN(CC1)C2=CC(C)=NC3=NC=NN23,1.214,c1cc(N2CCNCC2)n2ncnc2n1
XS840493b,COC=1N=CN=CC1NC(=O)C(=O)NC(C)C=2C=C(C)SC2C,0.638,O=C(NCc1ccsc1)C(=O)Nc1cncnc1
XS836488b,COC=1N=CN=CC1NC(=O)N2CCC(C(F)(F)F)C(C)(C)C2,1.28,O=C(Nc1cncnc1)N1CCCCC1
XS840349b,[O-][N+](=O)C=1C=C(Cl)C=C(NC(=O)C2CCC=3C=NNC3C2)C1O,2.64,O=C(Nc1ccccc1)C1CCc2cn[nH]c2C1
XS675814b,CCC(CC(=O)N(CC=1C=CN=CC1)C2CC2)C=3C=CC(=CC3)OC,2.766,O=C(CCc1ccccc1)N(Cc1ccncc1)C1CC1
XS836634b,CC=1C=C(ON1)C2CCN(C2)C(=O)NC=3C=CC(Cl)=CC3Cl,1.394,O=C(Nc1ccccc1)N1CCC(c2ccno2)C1
XS843437a,O=C(NC=1C=CC=NC1N2CCCC2)C3CC=4C=CC=CC4C(=O)O3,1.212,O=C1OC(C(=O)Nc2cccnc2N2CCCC2)Cc2ccccc21
XS656924b,CC=1C=NN(C1)CC2CN(CC3=CC(=NO3)C=4C=CC=CC4)CCO2,2.866,c1ccc(-c2cc(CN3CCOC(Cn4cccn4)C3)on2)cc1
XS843431a,CC(NC=1C=CC=CC1C#N)C=2C=C(F)C=CC2N3CCC(O)CC3,1.288,c1ccc(NCc2ccccc2N2CCCCC2)cc1
XS842626b,CC(C)C=1C=CC=2NC(=O)C(NC(=O)C=3C=CC(=CN3)C(N)=O)C2C1,3.624,O=C(NC1C(=O)Nc2ccccc21)c1ccccn1
XS843435a,CC=1C=CC=CC1C(C)NC(=O)NC2CCN(CC2)S(C)(=O)=O,0.516,O=C(NCc1ccccc1)NC1CCNCC1
XS843433a,CCCN1C(=O)CCC=2C=C(C=CC21)NC(=O)C(C)C=3C=CC=NC3,5.428,O=C(Cc1cccnc1)Nc1ccc2c(c1)CCC(=O)N2
XS840578b,O=C(NCC1=NN=CN1C2CC2)NC(C=3C=CC=CC3)C(F)(F)F,2.668,O=C(NCc1ccccc1)NCc1nncn1C1CC1
XS837818b,COC=1C=CC=C(C1)NC2CCN(CC2)C(C(N)=O)C=3C=CC=CC3,4.744,c1ccc(CN2CCC(Nc3ccccc3)CC2)cc1
XS763434b,O=S1(=O)CCC(CC2=NN=C(O2)SCCC=3C=CC=CC3)C1,9.838,O=S1(=O)CCC(Cc2nnc(SCCc3ccccc3)o2)C1
XS843436a,CC(=O)NC1=CC=CC(C(=O)NC2(CCOC2)C=3C=CC=CC3)=C1C,5.264,O=C(NC1(c2ccccc2)CCOC1)c1ccccc1
XS842732b,C#CCCN(CC)C(=O)C(C)C(=O)NC=1C=C(Cl)C=C(Cl)C1,4.75,c1ccccc1
XS841413b,O=C(C1=CC2=CC=CN2C=N1)N3CCCC(C3)C4=NOC(=N4)C5CC5,2.262,O=C(c1cc2cccn2cn1)N1CCCC(c2noc(C3CC3)n2)C1
XS836853b,CC=1C(=NNC1NC(=O)C2CC=3C=C(F)C=CC3O2)C=4C=CN=CC4,2.22,O=C(Nc1cc(-c2ccncc2)n[nH]1)C1Cc2ccccc2O1
XS837482b,CCOC(=O)C=1N=NNC1C2CCCN2C(=O)COCC3CCC3,5.926,O=C(COCC1CCC1)N1CCCC1c1cnn[nH]1
XS843443a,CN1C(=O)C(C#N)=C(NC2CCCN(C2)C=3N=CC=CN3)N(C)C1=O,1.778,O=c1cc(NC2CCCN(c3ncccn3)C2)[nH]c(=O)[nH]1
XS841447b,CC(C=1C=CC=C(C1)S(N)(=O)=O)N(C)C=2C=C(N=CN2)C(F)F,0.44,c1ccc(CNc2ccncn2)cc1
XS836909b,CC=1C=CN=C(N1)OC=2C=CC(=CC2)NC(=O)C(C(=O)O)C(C)(C)C,2.84,c1ccc(Oc2ncccn2)cc1
XS841046b,O=C(CN1C(=O)CSC=2C=CC=CC21)OC3CCS(=O)(=O)C3,9.562,O=C(CN1C(=O)CSc2ccccc21)OC1CCS(=O)(=O)C1
XS837867b,CC(C(=O)NC=1C=CC=CC1S(C)(=O)=O)C2=CC=C(Cl)S2,5.554,O=C(Cc1cccs1)Nc1ccccc1
XS837801c,OC=1C=CC=2CCC(NC=3C=CN4N=CC(Br)=C4N3)C2C1,0.554,c1ccc2c(c1)CCC2Nc1ccn2nccc2n1
XS841356b,CC1COC2(CCCC2)CN1C(=O)C=3C=CC=C(C3)C4=CSC=N4,4.452,O=C(c1cccc(-c2cscn2)c1)N1CCOC2(CCCC2)C1
XS843442a,CC=1N=CN(C1C)C=2C=CC(=CC2)NC(=O)C(C)NC(=O)C(C)(C)C,2.76,c1ccc(-n2ccnc2)cc1
XS840702b,CC=1N=C(SC1C(C)N(C)C(=O)CC=2C=CON2)C=3C=CC=CC3,15.66,O=C(Cc1ccon1)NCc1cnc(-c2ccccc2)s1
XS843451a,CCC(CC)C(CNC(=O)NCC=1C=CC=C(C)C1)N2CCOCC2,1.04,O=C(NCCN1CCOCC1)NCc1ccccc1
XS843453a,COCCOC=1C=CC(=CC1OC)C(C)NC(=O)C=2C(C)=NOC2C,0.882,O=C(NCc1ccccc1)c1cnoc1
XS843450a,CS(=O)(=O)C=1C=CC(=CN1)NC(=O)NC(C=2C=CC=CC2)C3CC3,3.226,O=C(Nc1cccnc1)NC(c1ccccc1)C1CC1
XS557879b,CC(C(=O)NC(=O)NC(C)(C)C)N1CCC(CC1)NC=2C=CC=CC2,4.416,c1ccc(NC2CCNCC2)cc1
XS839969b,CC1=NN(C)C(C)=C1OCC2=NC(=NO2)C3CC(=O)N(CC4CC4)C3,9.144,O=C1CC(c2noc(COc3cn[nH]c3)n2)CN1CC1CC1
XS732217b,CC(=O)NC1CCCN(C1)C(=O)NC=2C=NC3=C(C=NN3C(C)C)C2,1.402,O=C(Nc1cnc2[nH]ncc2c1)N1CCCCC1
XS843445a,O=C(NC=1C=CC(=O)N(C1)CC=2C=CC=CC2Cl)C3CCCOC3,2.33,O=C(Nc1ccc(=O)n(Cc2ccccc2)c1)C1CCCOC1
XS177382b,COC(=O)CCCNC(=O)C1CC(=O)N(C1)C=2C=CC=3CCCC3C2,11.74,O=C1CCCN1c1ccc2c(c1)CCC2
XS843449a,CCCOC=1C=CC(=CC1OCCC)C(=O)NC2CCCCNC2=O,13.498,O=C(NC1CCCCNC1=O)c1ccccc1
XS840328b,COC(=O)C(CNC=1C=CC(C#N)=NN1)CC=2C=CC=C3C=CC=CC23,2.948,c1cnnc(NCCCc2cccc3ccccc23)c1
XS841431b,ClC1=C(SC=2C=CC=CC12)C3=NN=C(O3)C4CC54CCOCC5,4.322,c1ccc2sc(-c3nnc(C4CC45CCOCC5)o3)cc2c1
XS840607b,CC1=CC=C(S1)C(C)NC(=O)NC2=CC(=CNC2=O)C(F)(F)F,0.706,O=C(NCc1cccs1)Nc1ccc[nH]c1=O
XS838670b,CC1=NOC=2N=C(NC(C)C=3C=CC=C(C3)S(C)(=O)=O)NC(=O)C12,13.36,O=c1[nH]c(NCc2ccccc2)nc2oncc12
XS841930b,COC=1C=CC=C(C1)COC2CCN(C2)C3=NC=NN4C(C#N)=CC=C34,8.44,c1ccc(COC2CCN(c3ncnn4cccc34)C2)cc1
XS843456a,CCN1CC(CN(C)CC=2C=CC(=CC2)C(=O)OC)OC=3C=CC=CC31,1.168,c1ccc(CNCC2CNc3ccccc3O2)cc1
XS842186b,CN(CC=CC=1C=CC=CC1)C(=O)CN2CCCC(C2=O)C(F)(F)F,4.446,O=C(CN1CCCCC1=O)NCC=Cc1ccccc1
XS843457a,COC=1C=CC=CC1C(=O)N2CCN(CC2)C(C#N)C=3C=CC(F)=CC3,0.976,O=C(c1ccccc1)N1CCN(Cc2ccccc2)CC1
XS836786b,CC(OC=1C=CC=CC1F)C(=O)NN=CC=2C=NN(N2)C=3C=CC=CC3,2.044,O=C(COc1ccccc1)NN=Cc1cnn(-c2ccccc2)n1
XS843459a,OC(COC=1C=CC=2CCCC2C1)CN3CCN(CC3)C=4C=CC=CC4,0.842,c1ccc(N2CCN(CCCOc3ccc4c(c3)CCC4)CC2)cc1
XS842709b,CC=1N=C(C2=CNC=3C=C(Cl)C=CC23)N(N1)C4CCS(=O)(=O)C4,1.714,O=S1(=O)CCC(n2ncnc2-c2c[nH]c3ccccc23)C1
XS841754b,CC1N(CCC1(F)F)C2=NN=NN2CCCN3CCCS3(=O)=O,0.652,O=S1(=O)CCCN1CCCn1nnnc1N1CCCC1
XS843455a,CC=1C=CN(N1)C=2C=CC(=CC2)C(=O)N3CCCCC3CN4C=CC=N4,4.826,O=C(c1ccc(-n2cccn2)cc1)N1CCCCC1Cn1cccn1
XS407112b,O=C(NCC=1C=CC(=CC1)OCC=2C=CC=C(F)C2)C3CCNC(=O)C3,3.422,O=C1CC(C(=O)NCc2ccc(OCc3ccccc3)cc2)CCN1
XS576153b,CC1=NOC=2N=CN=C(NC3CCN(C3=O)C=4C(C)=CC(C)=CC4C)C12,2.418,O=C1C(Nc2ncnc3oncc23)CCN1c1ccccc1
XS389288b,CCOC=1C(Cl)=CC(=CC1Cl)C(=O)NC2CCS(=O)(=O)C2,1.78,O=C(NC1CCS(=O)(=O)C1)c1ccccc1
XS742677b,COC=1C=CC(=CC1)CC2CCCN2CC3=CC(=O)N4C=CC=CC4=N3,1.666,O=c1cc(CN2CCCC2Cc2ccccc2)nc2ccccn12
XS843462a,O=C(NCC1CCCCN1CC2=NC(=NO2)C3CC3)NC=4C=CC=CC4,8.288,O=C(NCC1CCCCN1Cc1nc(C2CC2)no1)Nc1ccccc1
XS837074b,O=C(CNS(=O)(=O)C1CCCOC1)NC=2C=CC(F)=C(F)C2F,4.916,O=C(CNS(=O)(=O)C1CCCOC1)Nc1ccccc1
XS679741b,COC=1C=CC(OC)=C(C1)C2CCCN2C(=O)C3=CNC=4C=CC=CC34,6.634,O=C(c1c[nH]c2ccccc12)N1CCCC1c1ccccc1
XS629851b,CC=1N=C(CC=2C=CC=CC2)SC1C(=O)NC3CCCC4=NN(C)C=C43,0.42,O=C(NC1CCCc2n[nH]cc21)c1cnc(Cc2ccccc2)s1
XS839360b,CN1N=NC=2C=CC=C(CNCC(F)C=3C=CC(Br)=CC3)C21,1.19,c1ccc(CCNCc2cccc3nn[nH]c23)cc1
XS843468a,CSC=1N=C(C)C(CCC(=O)NC(C)C=2C=CC=C(Cl)C2)=C(C)N1,2.942,O=C(CCc1cncnc1)NCc1ccccc1
XS843466a,CS(=O)(=O)N1CC=2C=CC=CC2CC1C(=O)NCCC=3C=CC=CN3,2.76,O=C(NCCc1ccccn1)C1Cc2ccccc2CN1
XS640868b,CCC=1N=CN=C(C1F)N(C)CC2CCC3=NC(=CN3C2)C(F)(F)F,0.804,c1cc(NCC2CCc3nccn3C2)ncn1
XS626902b,CN1CCC(C2=NC(=NO2)C=3C=CC(=CN3)OCC(F)F)S1(=O)=O,6.414,O=S1(=O)NCCC1c1nc(-c2ccccn2)no1
XS808890b,O=S(=O)(NCC1CCC2=NC=CN2C1)C=3C=C(Cl)C=CC3Cl,0.872,O=S(=O)(NCC1CCc2nccn2C1)c1ccccc1
XS840480b,COC(=O)C=1C=C(OC1C)C2NC3=CC(OC)=C(C=C3C(=O)N2C)OC,2.41,O=C1NC(c2ccco2)Nc2ccccc21
XS722134b,CC1=CC=CC(C)=C1NC(=O)C(C)N(C)CC2=NC=3C=CC=CC3C(=O)N2,0.898,O=C(CNCc1nc2ccccc2c(=O)[nH]1)Nc1ccccc1
XS843467a,O=C(CCC(=O)N1CC(=O)NC=2C=CC=CC21)N3CCC3C=4C=CC=CC4,1.776,O=C1CN(C(=O)CCC(=O)N2CCC2c2ccccc2)c2ccccc2N1
XS843464a,CC=1N=C(SC1C(=O)OCC(=O)NCC2CCCO2)C=3C=CSC3,7.308,O=C(COC(=O)c1cnc(-c2ccsc2)s1)NCC1CCCO1
XS840799b,CCC(C)OC=1N=C2C=CC=CC2=NC1NS(=O)(=O)C=3C=CC=CC3,0.604,O=S(=O)(Nc1cnc2ccccc2n1)c1ccccc1
XS843465a,CC(C(=O)N1CCC(CC1)C2=NC(=NN2)C=3C=CC=CC3)C=4C=NC=NC4,3.432,O=C(Cc1cncnc1)N1CCC(c2nc(-c3ccccc3)n[nH]2)CC1
XS843469a,CNC(=O)C1CCCCN1S(=O)(=O)C=2C=NN(C2)CC=3C=CC=CC3,6.68,O=S(=O)(c1cnn(Cc2ccccc2)c1)N1CCCCC1
XS569498b,O=C1CC(CN1CC(F)(F)F)C2=NC(CN3C=NC=4C=CC=CC43)=NO2,1.708,O=C1CC(c2nc(Cn3cnc4ccccc43)no2)CN1
XS549349b,CCC1=C(C=NN1CC(C)C)C(=O)NC2CCOC=3C(Cl)=CC=CC32,1.244,O=C(NC1CCOc2ccccc21)c1cn[nH]c1
XS837314b,COC=1C=NC=CC1C(C)NC(=O)N(CC=2C=COC2)C3CCCCC3,0.83,O=C(NCc1ccncc1)N(Cc1ccoc1)C1CCCCC1
XS589969b,CC(C1=NC(=NO1)C=2C=CC=C3NC=CC23)S(=O)(=O)C4CCOCC4,3.278,O=S(=O)(Cc1nc(-c2cccc3[nH]ccc23)no1)C1CCOCC1
XS838768b,CC(C)(CN1CCN(CC1)C=2C=CC=CC2)NCC(F)C3CCOCC3,3.296,c1ccc(N2CCN(CCNCCC3CCOCC3)CC2)cc1
XS839431b,COC(CC=1C=CC=CC1)CS(=O)(=O)NC2=NN(C)C=3CCOCC23,3.184,O=S(=O)(CCCc1ccccc1)Nc1n[nH]c2c1COCC2
XS696795b,CCCC1=CC(=O)NC(=N1)SCC(=O)N(CC)C2CCS(=O)(=O)C2,8.38,O=C(CSc1nccc(=O)[nH]1)NC1CCS(=O)(=O)C1
XS843479a,CC1=NC2=NC(=NN2C(C)=C1CCC(=O)N(C)C(C)C3CC3)C(F)(F)F,0.942,O=C(CCc1cnc2ncnn2c1)NCC1CC1
XS843476a,CC(=O)NC=1C=CC=C(C1)C(=O)OCC(=O)NC(C)C=2C=CC(Cl)=CC2,2.548,O=C(COC(=O)c1ccccc1)NCc1ccccc1
XS838884b,NC(=O)C=1C=C(Cl)C=C(C1)S(=O)(=O)N2CCOCCC2C(F)F,2.218,O=S(=O)(c1ccccc1)N1CCCOCC1
XS843475a,CC=1C=C(C=CC1Cl)C(=O)N2CCS(=O)(=O)CC2C=3C=NN(C)C3,4.916,O=C(c1ccccc1)N1CCS(=O)(=O)CC1c1cn[nH]c1
XS843485a,COC=1C=CC(=C(C1)OC)C2CCCN2C(=O)COC=3C=CC=C(Cl)C3,2.762,O=C(COc1ccccc1)N1CCCC1c1ccccc1
XS843470a,CC=1SC=2N=CN(CCC(=O)NC(C)C=3C=CC=C(O)C3)C(=O)C2C1C,14.57,O=C(CCn1cnc2sccc2c1=O)NCc1ccccc1
XS159125c,CC=1C=C(NC(=O)CN2CCN3C=CC=C3C2C)N(N1)C=4C=CC(F)=CC4,1.662,O=C(CN1CCn2cccc2C1)Nc1ccnn1-c1ccccc1
XS838806b,CC=1C=CC=CC1C2=NC(CN3C(=O)CC(NC3=O)C4CCOCC4)=NO2,1.528,O=C1CC(C2CCOCC2)NC(=O)N1Cc1noc(-c2ccccc2)n1
XS843477a,O=C(C=1C=CC(=CC1)OCC2CCCO2)N3CCN(CC3)C=4N=CC=CN4,1.7,O=C(c1ccc(OCC2CCCO2)cc1)N1CCN(c2ncccn2)CC1
XS843480a,CCC=1C=CC(=CC1)N2CC(CC2=O)C(=O)NCCC=3C=CC=CC3OC,8.988,O=C(NCCc1ccccc1)C1CC(=O)N(c2ccccc2)C1
XS842105b,O=C(NCCC=1C=C(F)C=C2COCOC12)C3CC(=NO3)C=4C=CC=CC4,8.52,O=C(NCCc1cccc2c1OCOC2)C1CC(c2ccccc2)=NO1
XS843474a,COC=1C=C(F)C=C(C1)CNC(=O)N2CCC3(C2)C(=O)NC=4C=CC=CC43,0.96,O=C(NCc1ccccc1)N1CCC2(C1)C(=O)Nc1ccccc12
XS840683b,CC=1C(Cl)=CC(=CC1[N+]([O-])=O)S(=O)(=O)NCC(C)CN2C=CC=N2,0.47,O=S(=O)(NCCCn1cccn1)c1ccccc1
XS843498a,O=C(C(NS(=O)(=O)C=1C=CC(F)=C(F)C1)C=2C=CC=CC2)N3CCCC3,8.576,O=C(C(NS(=O)(=O)c1ccccc1)c1ccccc1)N1CCCC1
XS843501a,CC(=O)N1CCC(CC1)NC(=O)C=2C=CC3=C(C2)CC(C)N3S(C)(=O)=O,1.244,O=C(NC1CCNCC1)c1ccc2c(c1)CCN2
XS125170c,CCC=1ON=C(C)C1C(=O)OC(C)C(=O)NC=2C=CC(=CC2Cl)[N+]([O-])=O,5.952,O=C(COC(=O)c1cnoc1)Nc1ccccc1
XS843486a,CC1=CC(=NO1)NC(=O)C(C=2C=CC=CC2)N3CCN(CC3)C=4C=CC=NN4,4.354,O=C(Nc1ccon1)C(c1ccccc1)N1CCN(c2cccnn2)CC1
XS843493a,CN1C=C(C=N1)C2=NC=C(S2)C(=O)N3CCN(C)CC3CC=4C=CC=CC4,6.196,O=C(c1cnc(-c2cn[nH]c2)s1)N1CCNCC1Cc1ccccc1
XS561721b,CC1(C)CCC=2C=CC=CC2C1NC(=O)C=3C=CC=C(N3)C(=O)N4CCCC4,1.72,O=C(NC1CCCc2ccccc21)c1cccc(C(=O)N2CCCC2)n1
XS843491a,CC(OC(=O)C=1C(F)=CC=CC1F)C(=O)NC=2C=CC(=CC2)S(N)(=O)=O,0.938,O=C(COC(=O)c1ccccc1)Nc1ccccc1
XS841083b,C=CCNC(=O)CN1CCN(CC1)C(=O)C2COC=3C=CC(Cl)=CC3C2,10.386,O=C(C1COc2ccccc2C1)N1CCNCC1
XS843490a,CC(OC=1C=CC=C(C1)N2C=NN=N2)C(=O)NC=3C=C(Cl)C=C(Cl)C3,0.768,O=C(COc1cccc(-n2cnnn2)c1)Nc1ccccc1
XS839540b,CC(CS(C)(=O)=O)NC(=O)C1=CSC(=N1)C=2C=CC3=C(C2)CCN3C,6.23,c1csc(-c2ccc3c(c2)CCN3)n1
XS843494a,CN(CCOC=1C=CC(Cl)=CC1)C(=O)C2CC(=O)N(CC=3C=CC=CC3)C2,3.814,O=C(NCCOc1ccccc1)C1CC(=O)N(Cc2ccccc2)C1
XS838329b,CC1=CN(CC2=NN=C(O2)C3CCCOC3)C(=O)N1C=4C=CC=C(C4)[N+]([O-])=O,5.294,O=c1n(Cc2nnc(C3CCCOC3)o2)ccn1-c1ccccc1
XS840921b,COCC=1N=C(C=CC1Cl)NC(=O)NC2CCN(C2=O)C=3C=CN(C)N3,2.286,O=C(Nc1ccccn1)NC1CCN(c2cc[nH]n2)C1=O
XS843497a,CC1=NC(C(=O)NC(C)C=2N=CC=C(N2)C(F)(F)F)=C(O1)C=3C=CC=CC3,2.94,O=C(NCc1ncccn1)c1ncoc1-c1ccccc1
XS838489e,O=C(NC1CCCS(=O)(=O)C=2C=CC=CC21)C=3C=CC4=NC(O)=CN=C4C3,5.63,O=C(NC1CCCS(=O)(=O)c2ccccc21)c1ccc2nccnc2c1
XS740955c,CC(C(=O)NCC(=O)NC=1C=CC(F)=C(F)C1F)N2CCCC=3C=CC=CC32,1.856,O=C(CN1CCCc2ccccc21)NCC(=O)Nc1ccccc1
XS843509a,CC1=C(C=NN1C2CCN(C)CC2)NC(=O)C=3C=C(NN3)C(C)C=4C=CC=CC4,2.388,O=C(Nc1cnn(C2CCNCC2)c1)c1cc(Cc2ccccc2)[nH]n1
XS843510a,CS(=O)(=O)CC=1C=CC(=CC1)C(=O)NC(C=2C=CC(F)=CC2)C3CCCC3,2.592,O=C(NC(c1ccccc1)C1CCCC1)c1ccccc1
XS761286b,CC=1C=CC(=CC1)NC(=O)NCC2CCCN(CC3=CN=C4C(C)=CC=CN34)C2,7.642,O=C(NCC1CCCN(Cc2cnc3ccccn23)C1)Nc1ccccc1
XS843508a,CSCCC(NC(=O)C1=CC=CO1)C(=O)NC=2C=CC=C(Br)C2,18.124,O=C(CNC(=O)c1ccco1)Nc1ccccc1
XS797544b,CC(C)(C)C=1C=CC(=CC1)CCC(=O)N2CCCC(C2)C3=NN=C4C=CC=CN34,9.948,O=C(CCc1ccccc1)N1CCCC(c2nnc3ccccn23)C1
XS840485b,NC(=O)NC(CC(=O)OCC=1C=C(Cl)C=2OCCOC2C1)C=3C=CC=CC3,1.282,O=C(CCc1ccccc1)OCc1ccc2c(c1)OCCO2
XS841295b,NS(=O)(=O)C=1C=C(Br)C=NC1NC2CCOC3(CCCC3)C2,0.536,c1ccc(NC2CCOC3(CCCC3)C2)nc1
XS397301b,CC=1C=CC(=CC1)S(=O)(=O)N2CCCC(C2)C(=O)N3CCCC=4C=CC=CC43,4.896,O=C(C1CCCN(S(=O)(=O)c2ccccc2)C1)N1CCCc2ccccc21
XS839107b,CC=1C=C(C=CC1NC(=O)C2CCCC=3C=C(O)C=CC32)OCC(=O)NC(N)=O,0.894,O=C(Nc1ccccc1)C1CCCc2ccccc21
XS584982b,CCNC(=O)CC1CCCCN1C(=O)C=2N=C(N3C=CC=CC23)S(C)(=O)=O,0.842,O=C(c1ncn2ccccc12)N1CCCCC1
XS843522a,CC1=CC(CSC=2N=CC=CC2C(=O)N3CCCC(C3)C(=O)NCC(C)C)=NO1,3.688,O=C(c1cccnc1SCc1ccon1)N1CCCCC1
XS843526a,CC1=C(C(=O)N2CCOCC2)C(NC(=O)N1CC=3C=CC=CC3)C=4C=CC=CC4F,5.442,O=C1NC(c2ccccc2)C(C(=O)N2CCOCC2)=CN1Cc1ccccc1
XS843517a,CCC=1C=CC(=CC1)C2CCCN(C2)C(=O)C3=NN(C=C3CCCO)C=4C=CC=CC4,16.566,O=C(c1ccn(-c2ccccc2)n1)N1CCCC(c2ccccc2)C1
XS843523a,CC1=NC(COC=2C=CC(=CC2)C(=O)NC(CN3CCCC3=O)C=4C=CC=CC4)=NO1,6.532,O=C(NC(CN1CCCC1=O)c1ccccc1)c1ccc(OCc2ncon2)cc1
XS840939b,NS(=O)(=O)C1(CCC1)C(=O)N2CCCC(C2)C(=O)N3CCC=4C=CC=CC4CC3,18.962,O=C(C1CCCN(C(=O)C2CCC2)C1)N1CCc2ccccc2CC1
XS591063b,CC1=CC(C)=NN1C(C)CC(=O)N2CCN(CC2)S(=O)(=O)C=3C=CC(C)=CC3,1.994,O=C(CCn1cccn1)N1CCN(S(=O)(=O)c2ccccc2)CC1
XS688354b,CCOC=1C=CC=CC1N2CC(CC2=O)C(=O)N3CCCC=4C=C(C=CC4C3)OC,11.136,O=C(C1CC(=O)N(c2ccccc2)C1)N1CCCc2ccccc2C1
XS840461b,CCOC(=O)C1=C(COC(=O)C2=C(C)OC(=C2C#N)N3C=CC=C3)NC(=O)NC1C,1.606,O=C1NCC=C(COC(=O)c2coc(-n3cccc3)c2)N1
XS836850b,CC1=NOC(C)=C1CNC(=O)CN2CC(C)CN(CC=3C=CC=CC3)C=4C=CC=CC42,0.916,O=C(CN1CCCN(Cc2ccccc2)c2ccccc21)NCc1cnoc1
XS843524a,CNC(=O)C1CN(C(=O)C=2C=CC(=CC2)S(=O)(=O)C(C)C)C=3C=CC=CC3O1,3.778,O=C(c1ccccc1)N1CCOc2ccccc21
XS838064b,CCOC=1C(Cl)=CC(=CC1OC)CNC(=O)C2CCN(C2)C=3C=CC=CC3F,2.904,O=C(NCc1ccccc1)C1CCN(c2ccccc2)C1
XS552816b,O=C(NCC=1C=CC(Cl)=CC1)C2CN(CCO2)S(=O)(=O)C=3C=CC=CC3Cl,1.958,O=C(NCc1ccccc1)C1CN(S(=O)(=O)c2ccccc2)CCO1
XS843530a,CC(C)C(CNC(=O)C=1N=C(C2=CC=CS2)N(N1)C=3C=CC=CC3)N4CCN(C)CC4,1.98,O=C(NCCN1CCNCC1)c1nc(-c2cccs2)n(-c2ccccc2)n1
XS843535a,O=C(C1CC=2C=CC=CC2C(=O)O1)N3CCN(CC4=CSC(=N4)C=5C=CC=CC5)CC3,7.504,O=C1OC(C(=O)N2CCN(Cc3csc(-c4ccccc4)n3)CC2)Cc2ccccc21
XS843533a,O=C(NC=1C=CC=CC1)C2CCCN(C2)C(=O)C=3C=CC(=O)N(CCOC=4C=CC=CC4)N3,5.012,O=C(Nc1ccccc1)C1CCCN(C(=O)c2ccc(=O)n(CCOc3ccccc3)n2)C1
XS843540a,COC=1C=CC(=CC1S(=O)(=O)N2CCCCC2)NC(=O)C3CC(=O)N(C3)C(C)C,4.422,O=C1CC(C(=O)Nc2cccc(S(=O)(=O)N3CCCCC3)c2)CN1
XS843543a,CN1C=C(C=N1)S(=O)(=O)NCC(NC(=O)C2(CC2)C=3C=CC(Cl)=CC3Cl)C=4C=CC=CC4,0.676,O=C(NC(CNS(=O)(=O)c1cn[nH]c1)c1ccccc1)C1(c2ccccc2)CC1
XS843544a,COC=1C=CC(OC(F)F)=C(C1)C(NCC=2C=C(F)C=CC2OC)C3=NN=NN3C4CCC4,1.854,c1ccc(CNC(c2ccccc2)c2nnnn2C2CCC2)cc1
XS840864b,CC(C)NS(=O)(=O)C=1C=CC(=CC1)NC(=O)C(C)OC(=O)C2=CN3C=CC=CC3=N2,6.184,O=C(COC(=O)c1cn2ccccc2n1)Nc1ccccc1
XS843541a,CC(NC(=O)CN1CCN(CC1)S(=O)(=O)C=2C=CC(F)=C(F)C2)C=3C=CC(F)=CC3,2.236,O=C(CN1CCN(S(=O)(=O)c2ccccc2)CC1)NCc1ccccc1
XS804479b,CC(NC1=NS(=O)(=O)C=2C=CC=CC12)C(=O)N3CCN(CC3)C(=O)C4=CC=CS4,4.548,O=C(CNC1=NS(=O)(=O)c2ccccc21)N1CCN(C(=O)c2cccs2)CC1
XS843531a,COC=1C=CC(=CC1)C2CCCCCN2CC(=O)NC=3C=C(C=CC3OC)NC(C)=O,6.018,O=C(CN1CCCCCC1c1ccccc1)Nc1ccccc1
XS843534a,CC(C)C(NC1=NS(=O)(=O)C=2C=CC=CC12)C(=O)N3CCN(CC3)C=4C=CC=CC4O,1.896,O=C(CNC1=NS(=O)(=O)c2ccccc21)N1CCN(c2ccccc2)CC1
XS836748b,CC(=O)N1C=CC=2C=CC=CC2C1CC(=O)NCC3=NN=C4C=CC(=CN34)C(F)(F)F,1.434,O=C(CC1NC=Cc2ccccc21)NCc1nnc2ccccn12
XS843542a,CC1CC(=O)NC=2C=CC=CC2N1C(=O)COC(=O)C=3C=C(Br)C=CC3N,20.926,O=C1CCN(C(=O)COC(=O)c2ccccc2)c2ccccc2N1
XS843536a,O=C(C1CCCN1C2=NS(=O)(=O)C=3C=CC=CC23)N4CCN(CC=5C=CC=6OCCC6C5)CC4,1.56,O=C(C1CCCN1C1=NS(=O)(=O)c2ccccc21)N1CCN(Cc2ccc3c(c2)CCO3)CC1
XS843528a,CCS(=O)(=O)NC=1C=CC(=CC1)C=2CC(C=3C=CC=CC3C)N(N2)S(=O)(=O)CC,4.05,c1ccc(C2=NNC(c3ccccc3)C2)cc1
XS841528b,CN(CCO)CCNS(=O)(=O)C=1C=NC(=C(F)C1)N2CC(C(F)F)C3(CCC3)C2,10.898,c1ccc(N2CCC3(CCC3)C2)nc1
XS843547a,O=C(NCCC=1C=CC=CC1)NCC2CCCO2,0.596,O=C(NCCc1ccccc1)NCC1CCCO1
XS840313b,CC=1C=CC(=CC1)C(CF)NC2=NC=CS2,2.208,c1ccc(CNc2nccs2)cc1
XS840843b,CC(NCC#N)C=1C(Cl)=CC=C(F)C1Cl,2.942,c1ccccc1
XS837254b,CC1CCNC(=O)C2=CC(Br)=CN21,2.326,O=C1NCCCn2cccc21
XS842349b,N#CC1(CCCNC1)C=2C=CC=CN2,0.444,c1ccc(C2CCCNC2)nc1
XS841672b,O=C(C(F)C1CC1)N2CCCOC=3C=CC=CC32,1.82,O=C(CC1CC1)N1CCCOc2ccccc21
XS518429b,CC(C)N1C=CC(=N1)C(=O)NC(C)C=2C=CNN2,0.58,O=C(NCc1cc[nH]n1)c1cc[nH]n1
XS842643b,CC(C)C(C)NC1=C(N=CN1C)[N+]([O-])=O,0.654,c1c[nH]cn1
XS843550a,CC(NS(=O)(=O)N(C)C)C=1C=CC=CN1,0.634,c1ccncc1
XS840143b,C=CCN1CCC(OC=2C=NC=NC2)C1=O,5.604,O=C1NCCC1Oc1cncnc1
XS843549a,CC(O)CNC1=NS(=O)(=O)C=2C=CC=CC12,0.648,O=S1(=O)N=Cc2ccccc21
XS843552a,CC(CN1C=CC=N1)NC(=O)NC=2C=CC=CC2,1.512,O=C(NCCn1cccn1)Nc1ccccc1
XS836969b,CC1=NSC(=N1)NC(C)C=2C=CNN2,8.124,c1nsc(NCc2cc[nH]n2)n1
XS838617b,CC1(C)CC(CCNC2=CC=C(C#N)S2)CO1,3.532,c1csc(NCCC2CCOC2)c1
XS670901b,CC=1C=C(NC(C)C2=CC=CO2)N3N=CN=C3N1,0.422,c1coc(CNc2ccnc3ncnn23)c1
XS836866b,CCC1CCNC=2C=C(C=CC21)[N+]([O-])=O,2.93,c1ccc2c(c1)CCCN2
XS843561a,COC=1C=CC(=CC1)NC(C(N)=O)C=2C=CC=CC2,1.8,c1ccc(CNc2ccccc2)cc1
XS843560a,CC(C)C(C(=O)NC=1C=CN=CC1F)C=2C=CC=CC2,2.266,O=C(Cc1ccccc1)Nc1ccncc1
XS820419b,CC(C(=O)N1CCOC=2C=CC=CC21)N3C=CC=N3,0.518,O=C(Cn1cccn1)N1CCOc2ccccc21
XS842610b,CC(NC(=O)C1=CN2C=CC=NC2=N1)C3=CC=CS3,4.598,O=C(NCc1cccs1)c1cn2cccnc2n1
XS841764b,N#CC=1C=C(CN2CCC(F)(C#N)C2)C(F)=CC1F,1.614,c1ccc(CN2CCCC2)cc1
XS841267b,COC(C)C(=O)NC1=C(Cl)C=CC2=NSN=C12,1.122,c1ccc2nsnc2c1
XS839093b,O=C(OC1CCC2(CCC2)C1)C=3C=CC4=CN=CN4C3,2.376,O=C(OC1CCC2(CCC2)C1)c1ccc2cncn2c1
XS842175b,CN1CCC(NC(=O)C=2N=CN=CC2Cl)C1=O,21.478,O=C(NC1CCNC1=O)c1ccncn1
XS843558a,CCC1C=2C=CSC2CCN1C(=O)C3=CC=CO3,3.904,O=C(c1ccco1)N1CCc2sccc2C1
XS843564a,CCNC(=O)NC(=O)C(C)NC=1C=CC(=NC1)OC,21.154,c1ccncc1
XS574875b,CCNC=1C=CC(=CN1)C(=O)N2CCCCC2CC,1.442,O=C(c1cccnc1)N1CCCCC1
XS838536b,CC1=NC(C)=C(O1)C2=CSC(CC3CCCO3)=N2,1.34,c1ncc(-c2csc(CC3CCCO3)n2)o1
XS843563a,C=C(C)CC(C)C(=O)NC=1C=C(C(=O)OC)N(C)N1,3.304,c1cn[nH]c1
XS840047b,CCOC(=O)C(CC=1C=CN=C(N1)OC)NC(C)=O,0.58,c1cncnc1
XS836869b,CCOC(=O)C1CC(=O)NN1C=2N=CC=CC2Cl,3.91,O=C1CCN(c2ccccn2)N1
XS798805b,O=C(NC1=NC=2C=CC=CC2N1)C3CCC(=O)NC3,17.694,O=C1CCC(C(=O)Nc2nc3ccccc3[nH]2)CN1
XS476310b,CC1=CN=C(CN2CCCC(C2)C3=NOC(C)=N3)O1,1.77,c1coc(CN2CCCC(c3ncon3)C2)n1
XS843559a,CN1CCC(OC=2C=CC(Cl)=C(Cl)C2)C1=O,0.648,O=C1NCCC1Oc1ccccc1
XS836667b,CCNC(=O)NC(=O)CN1CCSCCC1C,3.414,C1CNCCSC1
XS843562a,O=C1CC(CO)CN1C=2C=CC(=CC2)C=3C=CN=CC3,9.564,O=C1CCCN1c1ccc(-c2ccncc2)cc1
XS843565a,COC=1C=CC(=CN1)NC(C)C2=NC(=NO2)C3CC3,1.398,c1cncc(NCc2nc(C3CC3)no2)c1
XS843569a,O=C(CCCC=1C=CC=CC1)NC2CCC(=O)NC2=O,5.336,O=C1CCC(NC(=O)CCCc2ccccc2)C(=O)N1
XS838793b,CC1CN(CC(C)(C)O)CCN1S(=O)(=O)C2CC2,5.8,O=S(=O)(C1CC1)N1CCNCC1
XS841230b,CC#CC(=O)NCC1CCCN(C1)C(=O)C(F)(F)F,0.6,C1CCNCC1
XS550117b,COC=1C=CC2=NC(=CC=C2C1)C(=O)N3CCCC(C)C3,1.404,O=C(c1ccc2ccccc2n1)N1CCCCC1
XS843575a,O=S(=O)(NCC1CCCO1)C=2C=CC=CC2Cl,1.082,O=S(=O)(NCC1CCCO1)c1ccccc1
XS527371b,O=C(CCN1C=CC=N1)NC2CCCOC=3C=CC=CC32,0.594,O=C(CCn1cccn1)NC1CCCOc2ccccc21
XS757511b,CC(C(=O)NC=1C=CC(Cl)=CN1)N2CCNC(=O)C2,3.682,O=C1CN(CC(=O)Nc2ccccn2)CCN1
XS779579b,CCC=1C=CN=C(C1)C(=O)NC2CC(=O)N(C2)C3CC3,2.498,O=C(NC1CC(=O)N(C2CC2)C1)c1ccccn1
XS842668b,O=C(NC1COC=2C=CC=CC21)C3=CN4C=CC=NC4=N3,5.832,O=C(NC1COc2ccccc21)c1cn2cccnc2n1
XS839496b,OCCOC=1C=NC=C(N1)N2CCN3CCOCC3C2,2.176,c1cnc(N2CCN3CCOCC3C2)cn1
XS842154b,COCC(C)OC(=O)C=1N=COC1C=2C=CC(C)=CC2,0.902,c1ccc(-c2cnco2)cc1
XS843571a,CC(C)C1(CO)CCCN(C1)C=2N=CN=C3N=CNC23,11.894,c1nc(N2CCCCC2)c2[nH]cnc2n1
XS843572a,CC(=O)NC(C)C(=O)NC=1C=CC=CC1C=2C=CC=CC2,5.184,c1ccc(-c2ccccc2)cc1
XS843570a,CCCCC(C)C(=O)NC1=CNN=C1C2=NC=CS2,0.458,c1csc(-c2cc[nH]n2)n1
XS843576a,CC=1C=CC(=CC1C)C(C)NC(=O)CN(C)CC(N)=O,0.982,c1ccccc1
XS843573a,CSCCC(NC(=O)C1=CC=CO1)C(=O)NC(C)C,1.538,c1ccoc1
XS843578a,CC(=O)N1N=C(CC1C2=CC=CS2)C=3C=CC=CC3O,11.84,c1ccc(C2=NNC(c3cccs3)C2)cc1
XS843574a,CCOC(=O)C1CCCN(C1)C(=O)C=2C=CC(C#N)=CC2,0.372,O=C(c1ccccc1)N1CCCCC1
XS843567a,CC(=O)N1N=C(CC1C2=CC=C(C)O2)C=3C=CSC3,1.362,c1coc(C2CC(c3ccsc3)=NN2)c1
XS843582a,CC(OC=1C=CC=CC1C#N)C(=O)NCC2CCCCC2,3.066,O=C(COc1ccccc1)NCC1CCCCC1
XS843580a,CCC1=CSC(=N1)C2CCCN(C2)C(=O)C=3C=COC3,0.496,O=C(c1ccoc1)N1CCCC(c2nccs2)C1
XS740768b,CC(C1=NC(=NO1)C2CC2)N3CCC(CC3)C=4C=NNC4,0.304,c1n[nH]cc1C1CCN(Cc2nc(C3CC3)no2)CC1
XS842006b,O=C(CCN1C=CC=N1)N2CC3(CCOCC3)C2C4CC4,0.612,O=C(CCn1cccn1)N1CC2(CCOCC2)C1C1CC1
XS837192b,CC1N(CC2=NN=NN2CC(F)(F)F)CCOC1(C)C,1.67,C1CN(Cc2nnn[nH]2)CCO1
XS840544b,CC=1N=C(C=CC1[N+]([O-])=O)NC(=O)C(C)C2=CC=CS2,2.638,O=C(Cc1cccs1)Nc1ccccn1
XS838672b,CCOC(=O)C1=NN=C(O1)N2CCC(C(=O)OC)C32CC3,3.064,c1nnc(N2CCCC23CC3)o1
XS843587a,CC(C)OC=1N=CC=CC1CNC(=O)C(C)N2C=NC=N2,12.884,O=C(Cn1cncn1)NCc1cccnc1
XS843590a,CCC(NC(=O)C=1C=CC=2NN=NC2C1)C=3C=CC(C)=CC3,1.146,O=C(NCc1ccccc1)c1ccc2[nH]nnc2c1
XS841278b,O=C(NC(CCO)C1=CC=CS1)C=2C=CN=CC2Cl,1.704,O=C(NCc1cccs1)c1ccncc1
MR041086c,COC=1C=CC(=CC1)CC2=NN=C3SC(C)C(C)=NN23,8.242,C1=Nn2c(Cc3ccccc3)nnc2SC1
XS415158b,COC=1C=C(C)C(=CC1C)S(=O)(=O)N2CCCCC2C,0.61,O=S(=O)(c1ccccc1)N1CCCCC1
XS843583a,OC1CCCN(C1)C2=NC(=NS2)C=3C=C(F)C=C(F)C3,7.684,c1ccc(-c2nsc(N3CCCCC3)n2)cc1
XS841825b,CC1=CC=C(S1)C(=O)N2CCCC(C2)C3=NN=CS3,3.674,O=C(c1cccs1)N1CCCC(c2nncs2)C1
XS839340b,N#CC=1N=C(C=CC1F)NC2COC=3C=CC=C(Cl)C32,4.208,c1ccc(NC2COc3ccccc32)nc1
XS837999b,CC(C)OC=1C=NC(=NC1)N2CCOC(C)(C2)C(F)F,15.586,c1cnc(N2CCOCC2)nc1
XS720787b,CC(NC(=O)C=1C=C(NN1)C=2C=CC=CC2)C=3C=CC=CN3,7.992,O=C(NCc1ccccn1)c1cc(-c2ccccc2)[nH]n1
XS843592a,O=C(C1=NNC=2C=CC=CC12)N3CCC(C3)C=4C=CC=CC4,9.866,O=C(c1n[nH]c2ccccc12)N1CCC(c2ccccc2)C1
XS843579a,O=C(C1=CNC=2N=CC=CC12)N3CCCC(C3)N4C=CC=N4,1.824,O=C(c1c[nH]c2ncccc12)N1CCCC(n2cccn2)C1
XS657338b,CC1=NOC(C)=C1NC(=O)NC2CCN(C2)C=3C=CC=CC3,3.112,O=C(Nc1cnoc1)NC1CCN(c2ccccc2)C1
XS839655b,CC(NC=1C=CN(N1)C=2C=CC(Cl)=CC2)C3=NN=NN3C,0.46,c1ccc(-n2ccc(NCc3nnn[nH]3)n2)cc1
XS843599a,CCCCCC(C)NC(=O)C1=NN(C)C(=O)C=2C=CC=CC12,13.718,O=c1[nH]ncc2ccccc12
XS843593a,CCC1=CSC(=N1)C2CCCN(C2)C(=O)CN3C=NC=N3,3.248,O=C(Cn1cncn1)N1CCCC(c2nccs2)C1
XS391752b,COC=1C=CC=CC1NC(=O)N2CCCC2C3=CC(C)=NO3,12.124,O=C(Nc1ccccc1)N1CCCC1c1ccno1
XS335974b,CCC1=NC(=NO1)C2CCCN(C2)C(=O)C=3C=CC(O)=NC3,0.84,O=C(c1cccnc1)N1CCCC(c2ncon2)C1
XS837789b,CC(C=1C=CC=C(C1)[N+]([O-])=O)N(C)C=2N=CN=C3NC=NC23,1.526,c1ccc(CNc2ncnc3[nH]cnc23)cc1
XS840516b,CC=1C=CC=C(C1)NC(=O)N(C)C(C)CC=2C=CC(O)=CC2,5.204,O=C(NCCc1ccccc1)Nc1ccccc1
XS843595a,CC=1C=CC=C(N1)NC(=O)NC(CCCO)C=2C=CC=CC2,0.932,O=C(NCc1ccccc1)Nc1ccccn1
XS843594a,O=C(CCC1=CNC=2C=CC=CC12)NC3CCC(=O)NC3=O,2.96,O=C1CCC(NC(=O)CCc2c[nH]c3ccccc23)C(=O)N1
XS838522b,OCC(F)CNC1=NC=2C=CC=C(Br)C2S1,1.938,c1ccc2scnc2c1
XS843604a,CCN1CC(CC1=O)C(=O)NCCNC=2N=CC=CC2C#N,2.134,O=C1CC(C(=O)NCCNc2ccccn2)CN1
XS836973b,CCOCN1N=NC(C(=O)N(C)C(C)C=2C=CC=CC2)=C1N,8.468,O=C(NCc1ccccc1)c1c[nH]nn1
XS843596a,CC1=NN(C)C(C)=C1CCC(=O)NC2CCC=3C=CC=CC32,0.804,O=C(CCc1cn[nH]c1)NC1CCc2ccccc21
XS659632b,CCC1CCC=2SC(=CC2C1)C(=O)NCCN3C=CN=C3,0.752,O=C(NCCn1ccnc1)c1cc2c(s1)CCCC2
XS843610a,CC=1C=CC(=CC1)C(C)(C)C(=O)N2CCCC(C2)C=3N=NNN3,7.044,O=C(Cc1ccccc1)N1CCCC(c2nn[nH]n2)C1
XS741475b,CC1=CC(C(=O)N2CC(=O)N(C)C2)=C(C)N1C3CCCOC3,8.892,O=C1CN(C(=O)c2ccn(C3CCCOC3)c2)CN1
XS840540b,O=C(NC1CCCNC1=O)N2CCOC=3C=CC(Cl)=CC32,10.024,O=C1NCCCC1NC(=O)N1CCOc2ccccc21
XS841004b,CC(C(=O)N(CC=1C=CC=CC1)C=2C=CC=CN2)N3C=CC=N3,4.85,O=C(Cn1cccn1)N(Cc1ccccc1)c1ccccn1
XS838156b,COCC(C)S(=O)(=O)NCC1=NOC(=N1)C=2C=CC=CC2,1.166,c1ccc(-c2ncno2)cc1
XS843615a,CC=1C=C(C)N(N1)C=2C=CC(=CN2)NC(=O)C3CCC(=O)NC3,7.472,O=C1CCC(C(=O)Nc2ccc(-n3cccn3)nc2)CN1
XS843614a,OCC1CC21CCN(CC2)C3=NC=4C=CC(Cl)=CC4S3,3.924,c1ccc2sc(N3CCC4(CC3)CC4)nc2c1
XS838581b,NC(=O)C=1C(F)=CC=CC1N2CCC3(CCC=4C=CC=CC43)C2,0.906,c1ccc(N2CCC3(CCc4ccccc43)C2)cc1
XS565003b,CC(C)C=1C=C(NC(=O)C2CC=CCC2)N(N1)C=3N=CC=CN3,0.706,O=C(Nc1ccnn1-c1ncccn1)C1CC=CCC1
XS842535b,CN1CCN(C(=O)C2CC=CCC2)C=3N=C4C=CC=CC4=NC31,0.728,O=C(C1CC=CCC1)N1CCNc2nc3ccccc3nc21
XS836457b,CS(=N)(=O)C=1C=CC(=CC1)OCC2=NC=3CCCCC3O2,2.17,c1ccc(OCc2nc3c(o2)CCCC3)cc1
XS843613a,CC1=NNC=2N=C(C)C=C(C(=O)N3CC4(CCC4)C3C5CC5)C12,5.274,O=C(c1ccnc2[nH]ncc12)N1CC2(CCC2)C1C1CC1
XS843612a,COC=1C=C(C=CC1C)C(=O)NC(C)C2=NC=3C=CC=CC3N2,0.828,O=C(NCc1nc2ccccc2[nH]1)c1ccccc1
XS414299b,CCC(C)NC(=O)CN1C=C(C=C(Cl)C1=O)C(F)(F)F,0.422,O=c1cccc[nH]1
XS839873b,CC(C(=O)NC=1C=CC=C(C1)NC(=O)NN(C)C)C(C)(C)C,3.402,c1ccccc1
XS839986b,CC1C=2C=CC=CC2CN1C(=O)CCC=3C=CC=C(C3)[N+]([O-])=O,0.916,O=C(CCc1ccccc1)N1Cc2ccccc2C1
XS842475b,CCC(NS(=O)(=O)N1CCOCC1)C=2C=CC=CC2OC,0.63,O=S(=O)(NCc1ccccc1)N1CCOCC1
XS838268b,CS(=N)(=O)CC1(CC(F)(F)C1)NC(=O)C=2C=CC(N)=CC2,2.176,O=C(NC1CCC1)c1ccccc1
XS837947b,CC1(C)CC(F)(F)CCC1NS(=O)(=O)C=2C=NC(N)=NC2,0.98,O=S(=O)(NC1CCCCC1)c1cncnc1
XS843617a,CC=1N=C(C)N(N1)C2CCCN(C2)C(=O)C=3C=C(C)C=CC3F,2.264,O=C(c1ccccc1)N1CCCC(n2cncn2)C1
XS628207b,O=C(CCCOC=1C=CC=CC1)N2CCCC(C2)N3C=NC=N3,3.108,O=C(CCCOc1ccccc1)N1CCCC(n2cncn2)C1
XS837582b,CC(C)(F)C(C)(F)CN1C=C(N=N1)C=2C=C(F)N=CC2Cl,4.252,c1cc(-c2c[nH]nn2)ccn1
XS842278b,CC(NCC=1C=C2C=CC=CN2N1)C=3C=CN(N3)C=4C=CC=CC4,0.58,c1ccc(-n2ccc(CNCc3cc4ccccn4n3)n2)cc1
XS839206b,CC1=NN=C2CC(CN12)C(=O)NCC3=NC=4C=C(F)C=CC4O3,11.102,O=C(NCc1nc2ccccc2o1)C1Cc2nncn2C1
XS841973b,COC=1C=CC=C2C=C(OC12)C(=O)N(C)CC(C)C3=NN=NN3,0.572,O=C(NCCc1nnn[nH]1)c1cc2ccccc2o1
XS837060b,CC(CCN1C=NC=N1)NS(=O)(=O)C=2C=NC=C(Cl)C2,6.228,O=S(=O)(NCCCn1cncn1)c1cccnc1
XS839089b,CCC=1N=CN=C(NC(C2=NC=CS2)C=3C=CC=CC3)C1F,2.986,c1ccc(C(Nc2ccncn2)c2nccs2)cc1
XS843624a,CC1=NN(C)C(C)=C1NC(=O)C(C)OC(=O)C=2C=CC(C)=CC2,13.51,O=C(COC(=O)c1ccccc1)Nc1cn[nH]c1
XS843616a,CCOC(=O)C=1CC(C(=O)NCCOC)N(N1)C=2C=CC=CC2,5.614,C1=NN(c2ccccc2)CC1
XS843620a,CC(C)C(=O)NC=1C=CC(=CC1)NC(C)C(=O)N2CCNC2=O,2.422,O=C(CNc1ccccc1)N1CCNC1=O
XS697677b,CC1=CSC(=N1)NC(=O)C2CC(=O)N(CC=3C=CC=CN3)C2,12.944,O=C(Nc1nccs1)C1CC(=O)N(Cc2ccccn2)C1
XS756172b,CC=1C=CC=CC1C2=NOC(CS(=O)CC3CCCCC3)=N2,0.926,O=S(Cc1nc(-c2ccccc2)no1)CC1CCCCC1
XS837443b,CC(C)CC1=NOC(CN=S2(=O)CCNC=3C=CC=CC32)=N1,3.862,O=S1(=NCc2ncno2)CCNc2ccccc21
XS843621a,CC1=NN(C=C1C(C)NC(=O)NCC=2C=NN(C)C2)C(C)(C)C,3.246,O=C(NCc1cn[nH]c1)NCc1cn[nH]c1
XS840789b,CC(OC=1C=CC=C(Br)C1)C(=O)NCC2=NN=CN2,0.924,O=C(COc1ccccc1)NCc1nnc[nH]1
XS838754b,O=C(CCN1CC=2C=CC=CC2C1=O)NC3CCCC=4C=COC43,2.176,O=C(CCN1Cc2ccccc2C1=O)NC1CCCc2ccoc21
XS712677b,COC(=O)C1CCCCN1S(=O)(=O)C=2C=CC=3OCCC3C2,3.194,O=S(=O)(c1ccc2c(c1)CCO2)N1CCCCC1
XS598227b,CCNC(=O)NC(=O)C(C)N(C)CC(=O)NC=1C=CC=C(C)N1,1.936,c1ccncc1
XS843627a,CNC=1SN=C(C)C1C(=O)OC(C)C(=O)N2CCCCCC2,0.934,O=C(OCC(=O)N1CCCCCC1)c1cnsc1
XS838333b,CC(=O)NC(C)C1=NC(=NO1)C=2C=CN=C(C2)OC=3C=CC=CC3,0.594,c1ccc(Oc2cc(-c3ncon3)ccn2)cc1
XS843632a,O=C(NCC1CCN(CC(F)(F)F)C1)C2=CC=3C=CC=CC3N2,1.97,O=C(NCC1CCNC1)c1cc2ccccc2[nH]1
XS843630a,CC1=CC=C(CNC(=O)NCC(C)CN2N=C(C)C=C2C)S1,1.018,O=C(NCCCn1cccn1)NCc1cccs1
XS837771b,CC1CN(C(=O)CN2C=C(C=N2)C3CC3)C=4C=CC=CC4NC1=O,6.848,O=C1CCN(C(=O)Cn2cc(C3CC3)cn2)c2ccccc2N1
XS841534b,C1=CN2CC(CCC2=N1)C3=NC(=NO3)C=4C=NC=5C=CSC5C4,1.53,c1cn2c(n1)CCC(c1nc(-c3cnc4ccsc4c3)no1)C2
XS837429c,N#CC=1C=CC(=NC1N2CCCCC2C=3C=CNN3)C(F)(F)F,1.16,c1ccc(N2CCCCC2c2cc[nH]n2)nc1
XS144478c,O=C(CC1C=CCC1)NNC(=O)C2=NN(C=C2O)C=3C=CC=CC3,1.242,O=C(CC1C=CCC1)NNC(=O)c1ccn(-c2ccccc2)n1
XS841836b,COC=1C=CC=C(C1OC)C2CC(=O)NC3=NC=4C=CC=CC4N32,7.9,O=C1CC(c2ccccc2)n2c(nc3ccccc32)N1
XS748649b,CN1C=C(Cl)C=C1C(=O)N2CCCC(CC(C)(C)C(N)=O)C2,3.386,O=C(c1ccc[nH]1)N1CCCCC1
XS843626a,O=C(O)C1CN(CC=2C=CC=CC21)C(=O)N3CCC=4C=CC=CC43,0.902,O=C(N1CCc2ccccc2C1)N1CCc2ccccc21
XS843625a,CC=1C=C(C)N2N=C(N=C2N1)C(=O)N3CCCC(C3)N4C=NC=N4,2.122,O=C(c1nc2ncccn2n1)N1CCCC(n2cncn2)C1
XS558039b,O=C(C1SCCC=2SC=CC21)N3CCN(C(=O)C3)C4CC4,0.764,O=C(C1SCCc2sccc21)N1CCN(C2CC2)C(=O)C1
XS843628a,CC(=O)NC1(CCN(C1)C=2C=CC(C#N)=CC2)C3=NC(C)=CS3,1.446,c1ccc(N2CCC(c3nccs3)C2)cc1
XS595414b,COC=1C=CC2=C(C1)CCCC2CNC(=O)NCC=3C=CN=CC3,9.822,O=C(NCc1ccncc1)NCC1CCCc2ccccc21
XS838901b,O=C(NC1C=CS(=O)(=O)C1)C23CC(C2)(C3)C=4C=CC(F)=CC4,0.804,O=C(NC1C=CS(=O)(=O)C1)C12CC(c3ccccc3)(C1)C2
XS838298b,CC(C)N1C=C2C=CC=C(C(=O)N3CCNC(=O)C3C(N)=O)C2=N1,1.408,O=C1CN(C(=O)c2cccc3c[nH]nc23)CCN1
XS718243b,CCOC=1C=CC=C2C=C(COC12)C(=O)NC(C)CN3C=CC=N3,12.142,O=C(NCCn1cccn1)C1=Cc2ccccc2OC1
XS599217b,CC(C)N1CCCC(C1=O)N2CCN(CC2)C=3C=CC(C#N)=CN3,11.892,O=C1NCCCC1N1CCN(c2ccccn2)CC1
XS843640a,CC=1C=CC(=CC1C(=O)O)S(=O)(=O)N2C=3C=CC=CC3CC2C,0.536,O=S(=O)(c1ccccc1)N1CCc2ccccc21
XS843637a,O=C(NC1CCCNC1=O)C2=CSC(CCC=3C=CC=CC3)=N2,1.926,O=C(NC1CCCNC1=O)c1csc(CCc2ccccc2)n1
XS843636a,CC=1C=NN(C1)CC2CN(CC=3C=CC=C(C3)OC(C)C)CCO2,0.596,c1ccc(CN2CCOC(Cn3cccn3)C2)cc1
XS843633a,O=C1CC2(CCCCC2)C(=O)N1CC(O)COCC=3C=CC=CC3,4.446,O=C1CC2(CCCCC2)C(=O)N1CCCOCc1ccccc1
XS687317b,CC1CC(=O)NC=2C=CC=CC2N1C(=O)CSC=3N=CC=CN3,4.276,O=C1CCN(C(=O)CSc2ncccn2)c2ccccc2N1
XS843641a,COC=1C=CC(C)=CC1NC(=O)CN2CCCC2C3=CC=CS3,3.78,O=C(CN1CCCC1c1cccs1)Nc1ccccc1
XS840343c,CCOC(=O)C(CC=1C=CN=C(F)C1)NS(=O)(=O)N(C)CC,1.882,c1ccncc1
XS843648a,CC(NC=1C=CC=2OCCOC2C1)C(=O)NC=3C=CC(Cl)=CN3,6.128,O=C(CNc1ccc2c(c1)OCCO2)Nc1ccccn1
XS842332b,CN(CCC1=CNC=N1)C(=O)C2COC=3C=CC4=CC=CC=C4C3C2,5.782,O=C(NCCc1c[nH]cn1)C1COc2ccc3ccccc3c2C1
XS839211b,COC=1C=C(C=C(C1)S(N)(=O)=O)C2=CN3C(=C2)C(=O)NCC3C,2.322,O=C1NCCn2cc(-c3ccccc3)cc21
XS843651a,CS(=O)(=O)N1N=C(CC1C=2C=CC=CC2)C=3C=CC(Cl)=CC3,4.188,c1ccc(C2=NNC(c3ccccc3)C2)cc1
XS839283b,COC(=O)C1=COC(=C1)C2=NOC(=N2)C=3C=NN(C3)C4CC4(F)F,29.138,c1coc(-c2noc(-c3cnn(C4CC4)c3)n2)c1
XS789450b,O=C(NCCNC=1N=CC=CN1)C2COC=3C=CC(Cl)=CC3C2,6.37,O=C(NCCNc1ncccn1)C1COc2ccccc2C1
XS843645a,CC=1N=C(NC(=O)CN2CCCCC2CN3C=NC=N3)SC1C,5.25,O=C(CN1CCCCC1Cn1cncn1)Nc1nccs1
XS843649a,CN1N=CC(C(=O)NC2CCC=3NN=CC3C2)=C1CC=4C=CC=CC4,4.902,O=C(NC1CCc2[nH]ncc2C1)c1cn[nH]c1Cc1ccccc1
XS843655a,CS(=O)(=O)N1CCCC(C1)C(=O)N(CC#N)CC=2C=CC=CC2,3.74,O=C(NCc1ccccc1)C1CCCNC1
XS426151b,CC=1C=CC(=CC1)C2=NN=C(O2)C(C)NC=3C=CC(C)=C(C3)C(N)=O,3.26,c1ccc(NCc2nnc(-c3ccccc3)o2)cc1
XS843646a,CCC1=CC=C(O1)C(=O)NCC(C)N(C)C(=O)C2=CC=C(CC)O2,3.73,O=C(NCCNC(=O)c1ccco1)c1ccco1
XS843658a,COCCNC(=O)CNC(=O)CC1CCCC=2C=C(C=CC21)OC,2.096,c1ccc2c(c1)CCCC2
XS843653a,CC=1C=CC(OCCNC(=O)C2CC(=O)N(CC(C)C)C2)=C(C)C1,3.454,O=C1CC(C(=O)NCCOc2ccccc2)CN1
XS653385b,CCC(O)CN(C=1C=CC=CC1)S(=O)(=O)C=2C=C(C)C=CC2C,0.496,O=S(=O)(Nc1ccccc1)c1ccccc1
XS390683b,CC=1C=CC(=CC1)CCC(=O)N2CCCC2C3=NC=4C=CC=CC4N3,2.656,O=C(CCc1ccccc1)N1CCCC1c1nc2ccccc2[nH]1
XS839754b,CC(C)C(NC=1C=CC2=NN=NN2N1)C3=NC(=NO3)C=4C=CC=CC4,6.112,c1ccc(-c2noc(CNc3ccc4nnnn4n3)n2)cc1
XS843652a,CCN(C(=O)C=1C=CC=2NC(C)=C(C)C2C1)C3CCS(=O)(=O)C3,9.146,O=C(NC1CCS(=O)(=O)C1)c1ccc2[nH]ccc2c1
XS843650a,CC1CN(C)C(=O)CN1C(=O)C2=NN(C=C2O)C=3C=CC=C(F)C3,3.608,O=C1CN(C(=O)c2ccn(-c3ccccc3)n2)CCN1
XS843656a,CC=1C=CC=CC1C2CCCN2C(=O)C=3C=CC(=CC3)N4C=NN=N4,5.638,O=C(c1ccc(-n2cnnn2)cc1)N1CCCC1c1ccccc1
XS837654b,CN(C(=O)COCC1CCCNC1)C=2C=CC(=CC2)C=3C=CC=CC3,0.558,O=C(COCC1CCCNC1)Nc1ccc(-c2ccccc2)cc1
XS840618b,O=C(NC=1C=CC=NC1N2C=CC=N2)C3CSC=4C=CC=CC4O3,0.92,O=C(Nc1cccnc1-n1cccn1)C1CSc2ccccc2O1
XS841576b,CC(C)(CNC(=O)C1CCNCC1(F)F)C=2C=CC=3OCOC3C2,1.434,O=C(NCCc1ccc2c(c1)OCO2)C1CCNCC1
XS426748b,O=C(C=1C=CN(N1)C=2C=CC(F)=CC2)N3CCCC(C3)N4C=CN=C4,2.698,O=C(c1ccn(-c2ccccc2)n1)N1CCCC(n2ccnc2)C1
XS843666a,CCOC=1C=CC=2C=C(NC2C1)C(=O)N3CCCC(C3)C(F)(F)F,7.352,O=C(c1cc2ccccc2[nH]1)N1CCCCC1
XS843661a,COC=1C=CC=CC1C2(CC2)C(=O)N3CCCC(C3)C=4C=C(C)NN4,2.738,O=C(N1CCCC(c2cc[nH]n2)C1)C1(c2ccccc2)CC1
XS843664a,CC=1NC(C(=O)NC2CCC=3C=CC=CC32)=C(C)C1C(=O)OC(C)C,3.736,O=C(NC1CCc2ccccc21)c1ccc[nH]1
XS795144b,O=C(CN1C(=O)COC=2C=CC=CC21)N3CCCC(C3)N4C=CC=N4,0.832,O=C(CN1C(=O)COc2ccccc21)N1CCCC(n2cccn2)C1
XS840694b,NC(=O)C1CCN(C1)C=2N=CC(Br)=C3C=CC(F)=CC23,1.048,c1ccc2c(N3CCCC3)nccc2c1
XS843662a,O=C(C(NC=1C=CC=2OCCOC2C1)C=3C=CC=CC3)N4CCCC4,3.58,O=C(C(Nc1ccc2c(c1)OCCO2)c1ccccc1)N1CCCC1
XS839929b,COC(=O)C=1SC=2C=CC=C(F)C2C1NC(=O)C3COCCO3,0.804,O=C(Nc1csc2ccccc12)C1COCCO1
XS843659a,CC=1N=C(C)N(N1)C2CCCN(C2)C(=O)C3=CC=4N=C(C)C=CC4O3,0.936,O=C(c1cc2ncccc2o1)N1CCCC(n2cncn2)C1
XS843676a,O=C(CCCNC(=O)C1=CC=CS1)NC2CCCC=3C=CC=CC32,1.204,O=C(CCCNC(=O)c1cccs1)NC1CCCc2ccccc21
XS837952b,CNC(=O)NC(=O)CN1CCCC1C=2N=CC(Br)=CN2,24.354,c1cnc(C2CCCN2)nc1
XS843678a,CC=1N=C2C=CC=CC2=C(C)C1C(=O)OCC(=O)NCC3CCCO3,0.836,O=C(COC(=O)c1cnc2ccccc2c1)NCC1CCCO1
XS836656b,CC1=CC=CN2C=C(N=C12)C=3C=CC(=CC3)NC(C)CS(C)(=O)=O,2.656,c1ccc(-c2cn3ccccc3n2)cc1
XS843675a,CC=1C=CC(C)=C(C1)OCC(=O)NC(C)C=2C=CC=3OCCOC3C2,4.974,O=C(COc1ccccc1)NCc1ccc2c(c1)OCCO2
XS843674a,O=C(NCC1=NN=C2CCCN12)NCC3CCN(C3)C=4C=CC=CC4,0.748,O=C(NCc1nnc2n1CCC2)NCC1CCN(c2ccccc2)C1
XS842651b,COCC(C)NC(=O)CN1C(=O)C=2C=C(Cl)C(Cl)=CC2C1=O,1.084,O=C1NC(=O)c2ccccc21
XS604071b,CCCN1N=C(C=CC1=O)C(=O)N2CCCCCC2C3=CC=CN3C,4.922,O=C(c1ccc(=O)[nH]n1)N1CCCCCC1c1ccc[nH]1
XS843679a,O=C(NC1CCCCC=2C=CC=CC21)C3=CN=C4SCCN4C3=O,1.044,O=C(NC1CCCCc2ccccc21)c1cnc2n(c1=O)CCS2
XS843672a,COC(=O)C=1C=CC(=CC1)NC(=O)C2CC(=O)N(CC(F)(F)F)C2,12.436,O=C1CC(C(=O)Nc2ccccc2)CN1
XS843670a,CCCCN1N=C(C=CC1=O)C(=O)N2CCCC(C2)C=3C=C(C)NN3,2.842,O=C(c1ccc(=O)[nH]n1)N1CCCC(c2cc[nH]n2)C1
XS757531b,COC=1C=CC(=CC1OC)C2CCCN2C(=O)CN3C=CC=NC3=O,5.824,O=C(Cn1cccnc1=O)N1CCCC1c1ccccc1
XS841365b,O=C(NCC1COCCO1)NC=2C=C3OCCCOC3=CC2Cl,10.286,O=C(NCC1COCCO1)Nc1ccc2c(c1)OCCCO2
XS839515b,O=C(N1CCN(CC=2C=CON2)CC1)C3(O)CCC=4C=CC=CC4C3,2.688,O=C(C1CCc2ccccc2C1)N1CCN(Cc2ccon2)CC1
XS838294b,COCC=1C=C(CNC(=O)C=2C=CC=3NC(=O)CC(C)NC3C2)ON1,2.558,O=C1CCNc2cc(C(=O)NCc3ccno3)ccc2N1
XS693648b,COC=1C=CC(C)=CC1N2CC(CC2=O)C(=O)N(C)C3=NC=CS3,16.234,O=C(Nc1nccs1)C1CC(=O)N(c2ccccc2)C1
XS839832b,O=C(NCC1=NC(=CS1)C=2N=NNN2)C3CC=4C=CC=C(F)C4O3,1.26,O=C(NCc1nc(-c2nn[nH]n2)cs1)C1Cc2ccccc2O1
XS840424b,COC=1C=C(OC)C=2NC(=CC2C1)C(=O)OC(C)C(=O)NC(C)(C)C,3.914,c1ccc2[nH]ccc2c1
XS839802b,C#CC=1C=NC=C(C1)C(=O)NCC(C)N(C)C(=O)C=2C=NC=C(C#C)C2,9.902,O=C(NCCNC(=O)c1cccnc1)c1cccnc1
XS843680a,CC1=NN(C)C(C)=C1CC(=O)N2CCCC(C2)C3=NOC(=N3)C(C)C,0.936,O=C(Cc1cn[nH]c1)N1CCCC(c2ncon2)C1
XS843684a,CN1C(=O)C2=C(N=CN2CC(O)COC=3C=CC(F)=CC3)N(C)C1=O,3.07,O=c1[nH]c(=O)c2c(ncn2CCCOc2ccccc2)[nH]1
XS843685a,NC(=O)C1=CC(=CN1)C(=O)N2CCCC2CC=3C(F)=CC=CC3Cl,10.054,O=C(c1cc[nH]c1)N1CCCC1Cc1ccccc1
XS843683a,CSC=1N=CC=CC1C(=O)OC(C)C(=O)NC2(C#N)CCCCC2,4.832,O=C(COC(=O)c1cccnc1)NC1CCCCC1
XS843681a,COC=1C=CC=CC1CC(=O)N2CC=3C=CC=CC3C(C2)N4C=CC=N4,3.742,O=C(Cc1ccccc1)N1Cc2ccccc2C(n2cccn2)C1
XS839736b,CC=1N=C(C)N(N1)C2CCCN(C2)C(=O)C3=CSC(CC(C)C)=N3,11.594,O=C(c1cscn1)N1CCCC(n2cncn2)C1
XS839427b,CC(C)C(C(N)=O)N1C=C(C=N1)C=2C=CC(=C(C#N)C2)S(C)(=O)=O,8.474,c1ccc(-c2cn[nH]c2)cc1
XS784945b,COC=1C=CC(=CC1F)CCC(=O)N2CCCCC2C3=NNC(C)=N3,1.644,O=C(CCc1ccccc1)N1CCCCC1c1nc[nH]n1
XS484073b,CCC1=C(C=NN1C=2C=CC=C(Cl)C2)NC(=O)C3CN(C)CCO3,0.844,O=C(Nc1cnn(-c2ccccc2)c1)C1CNCCO1
XS843689a,CC1=NN=C2CN(CC(=O)NC(C)C=3C=CC4=CC=CC=C4C3)CCN12,1.746,O=C(CN1CCn2cnnc2C1)NCc1ccc2ccccc2c1
XS739390b,CN1N=C(C=C1NC(=O)NC2CCN(C2)C=3C=CC=CC3)C4=CC=CO4,12.288,O=C(Nc1cc(-c2ccco2)n[nH]1)NC1CCN(c2ccccc2)C1
XS694350b,COCC=1C=CC=C(C1)C(=O)NC(C2=NC=CN2C)C=3C=CC=C(F)C3,1.33,O=C(NC(c1ccccc1)c1ncc[nH]1)c1ccccc1
XS837496b,O=C(C1C(F)(F)C21CC2)N3CCCCC=4C=C(Br)C=CC43,1.544,O=C(C1CC12CC2)N1CCCCc2ccccc21
XS843688a,CC1=C(OC=2C=CC(Br)=CC12)C(=O)N3CCC(C3)C(=O)O,1.656,O=C(c1cc2ccccc2o1)N1CCCC1
XS842575b,O=C(O)C(NC(=O)C1=CN(N=N1)C2CCC2)C=3C=CC(Cl)=C(F)C3,1.296,O=C(NCc1ccccc1)c1cn(C2CCC2)nn1
XS843687a,CNC(=O)C1CN(CC2=NN=C(O2)C=3C=CC=CC3)C=4C=CC=CC4O1,0.61,c1ccc(-c2nnc(CN3CCOc4ccccc43)o2)cc1
XS843691a,O=C(NCC1CC(=O)NC=2C=CC=CC21)N(CC=3C=CC=CC3)C4CC4,1.044,O=C1CC(CNC(=O)N(Cc2ccccc2)C2CC2)c2ccccc2N1
XS843694a,COC=1C=CC(C)=CC1N2CC(CC2=O)C(=O)NCCC=3C=CC=CC3,3.356,O=C(NCCc1ccccc1)C1CC(=O)N(c2ccccc2)C1
XS843699a,CC1=CC(C)=NN1CC(=O)NC(C=2C=CC=CC2)C=3C=CC=C(Cl)C3,0.726,O=C(Cn1cccn1)NC(c1ccccc1)c1ccccc1
XS843696a,COCCCC(=O)N(C)C(C)C=1C=CC=C(C1)NC(=O)C=2C=CC=CC2,13.432,O=C(Nc1ccccc1)c1ccccc1
XS843690a,O=C(C1CC21CCNCC2)N3CCC(CC3)C4=NC=5C=CC=CC5S4,1.182,O=C(C1CC12CCNCC2)N1CCC(c2nc3ccccc3s2)CC1
XS841373b,O=C(OCC1=NN=C(O1)C2CCOCC2)C3CC43CCC(F)(F)CC4,1.47,O=C(OCc1nnc(C2CCOCC2)o1)C1CC12CCCCC2
XS479147b,CC1(CCN(C1)C(=O)C2(CC2)C=3C=CC(Br)=CC3)C(N)=O,4.798,O=C(N1CCCC1)C1(c2ccccc2)CC1
XS576980b,O=C(NC=1C=NC=2CCOCC2C1)C3CC(=O)N(C3)C=4C=CC=CC4F,11.53,O=C(Nc1cnc2c(c1)COCC2)C1CC(=O)N(c2ccccc2)C1
XS602186b,CC(C)N1CC(CC1=O)C(=O)NCCC=2C=C(F)C=C3COCOC23,3.366,O=C1CC(C(=O)NCCc2cccc3c2OCOC3)CN1
XS443484b,CCOC(=O)C1CCN(CC1)C2CC(=O)N(C2=O)C=3C(C)=CC=CC3C,13.706,O=C1CC(N2CCCCC2)C(=O)N1c1ccccc1
XS843709a,CC(C(=O)NCC1CCCCC1)S(=O)(=O)CC=2C=CC=C(Cl)C2,7.724,O=C(CS(=O)(=O)Cc1ccccc1)NCC1CCCCC1
XS840983b,N#CC=1C=CC(=CC1)C(CF)NC(=O)C=2N=CN=C(O)C2Br,4.502,O=C(NCc1ccccc1)c1ccncn1
XS843706a,CN1C=NN=C1CC2(O)CCCN(C2)C(=O)C3=CC=4C(F)=CC=CC4N3,2.088,O=C(c1cc2ccccc2[nH]1)N1CCCC(Cc2nnc[nH]2)C1
XS843703a,CC(C1=NC(CN2C=CC=CC2=O)=NO1)C=3C=CC(Br)=CC3,4.136,O=c1ccccn1Cc1noc(Cc2ccccc2)n1
XS843701a,COC=1C=CC2=CC(=CC=C2C1)CN(C)C(C)C(=O)NCC=3C=CC=CC3,0.564,O=C(CNCc1ccc2ccccc2c1)NCc1ccccc1
XS843710a,O=C(NCCOC=1C=CC=C(Cl)C1)C2CCCN(C2)C=3C=NC=CN3,3.33,O=C(NCCOc1ccccc1)C1CCCN(c2cnccn2)C1
XS843711a,CC(OC=1C=CC=C(C1)C(C)(C)C)C(=O)NC=2C=CC(=NC2)N3C=CN=C3,0.842,O=C(COc1ccccc1)Nc1ccc(-n2ccnc2)nc1
XS675465b,COCCN1C=C(C=CC1=O)NC(=O)NC(CC(C)C)C=2C=CC=CC2,1.79,O=C(NCc1ccccc1)Nc1ccc(=O)[nH]c1
XS843713a,CC1(COC(=O)N1)C=2C=CC=C(C2)NC(=O)C=3C=CN=C4C=CC(F)=CC34,1.416,O=C1NC(c2cccc(NC(=O)c3ccnc4ccccc34)c2)CO1
XS781846b,CC=1C=CC=CC1CNC(=O)C2C=3C=NN(C)C3CCN2S(C)(=O)=O,4.266,O=C(NCc1ccccc1)C1NCCc2[nH]ncc21
XS843705a,CN1N=CC(C(=O)NC2CCN(C)C=3C=CC=CC32)=C1CC=4C=CC=CC4,9.918,O=C(NC1CCNc2ccccc21)c1cn[nH]c1Cc1ccccc1
XS839638b,NC(=O)C1CCCN(CC2=NN=C(O2)C3=CC=C(Br)S3)C1,10.28,c1csc(-c2nnc(CN3CCCCC3)o2)c1
XS825159b,COC=1C=C(C=CC1OC(C)C)C(=O)NC(C)C=2C=CC(=CC2)NC(N)=O,1.8,O=C(NCc1ccccc1)c1ccccc1
XS843722a,CC=1C=C(ON1)C2CCCN2CC3=CC(=O)OC=4C=C(C)C(=CC34)C(C)C,1.66,O=c1cc(CN2CCCC2c2ccno2)c2ccccc2o1
XS843716a,COC=1C=CC(=CC1)CN(C)C(=O)C=2C=NN3CCC(CNC(C)=O)CC23,7.488,O=C(NCc1ccccc1)c1cnn2c1CCCC2
XS843719a,CC(=O)NC(C(=O)N1CCN(CC1)S(=O)(=O)C2=CC=CS2)C(C)C,1.792,O=S(=O)(c1cccs1)N1CCNCC1
XS843723a,CC=1C=CC(=CC1Cl)NC(C)C(=O)NC=2C=CC(=CC2)S(N)(=O)=O,1.698,O=C(CNc1ccccc1)Nc1ccccc1
XS133002b,COC=1C=C(C=CC1OCC=2C=CC(Cl)=CC2)C(=O)NCC3CCCO3,1.006,O=C(NCC1CCCO1)c1ccc(OCc2ccccc2)cc1
XS698740b,N#CC=1C=CC=C(C1)S(=O)(=O)NCC(C=2C=CC=CC2)N3CCOCC3,7.648,O=S(=O)(NCC(c1ccccc1)N1CCOCC1)c1ccccc1
XS736593b,COCC1CCN(CC(=O)N2CCCC2C=3C=CC=4OCCOC4C3)CC1,2.026,O=C(CN1CCCCC1)N1CCCC1c1ccc2c(c1)OCCO2
XS843720a,CCOC(=O)C=1N=NNC1C2CCCN2C(=O)C=3C=CC=C(C3)SCC,2.046,O=C(c1ccccc1)N1CCCC1c1cnn[nH]1
XS839296b,COC(=O)C(F)C1CC2(C1)CCN(CC2)C=3N=NC(OC)=C4C=CC=CC34,0.864,c1ccc2c(N3CCC4(CCC4)CC3)nncc2c1
XS842030b,CC=1N=C(CC(C)C)OC1C(=O)NC(C)CN2N=CC=3C=CC=CC3C2=O,2.028,O=C(NCCn1ncc2ccccc2c1=O)c1cnco1
XS843717a,CCC(C(=O)NC=1C=CC(=CC1)OC)N(C)CC2=NC=3C=CC=CC3S2,2.208,O=C(CNCc1nc2ccccc2s1)Nc1ccccc1
XS839520b,CS(=O)(=O)NC=1C=CC(Cl)=CC1C(=O)N2CCOC(C2)C(F)F,13.378,O=C(c1ccccc1)N1CCOCC1
XS840614b,COC(=O)C1=C(C)NC(C(=O)NC2CCCC3=C2C=NN3C(C)(C)C)=C1C,9.262,O=C(NC1CCCc2[nH]ncc21)c1ccc[nH]1
XS390679b,CC1=C(C=NN1C=2C=CC=CC2F)C(=O)NCC3CCN(C3)C=4C=CC=CC4,2.844,O=C(NCC1CCN(c2ccccc2)C1)c1cnn(-c2ccccc2)c1
XS843742a,O=C(NCC1=CC=C(O1)C=2C=CC(Cl)=CC2)C3CC(=O)N(C3)C4CCCC4,18.362,O=C(NCc1ccc(-c2ccccc2)o1)C1CC(=O)N(C2CCCC2)C1
XS843730a,CC1CC=2C=CC=CC2N1C(=O)COC(=O)CN3C(=O)C=4C=CC=CC4C3=O,26.436,O=C(CN1C(=O)c2ccccc2C1=O)OCC(=O)N1CCc2ccccc21
XS843738a,CNC(=O)C=1C=CC(=CC1)S(=O)(=O)N2CCN(C)C(=O)C2C=3C=CC=CC3,1.148,O=C1NCCN(S(=O)(=O)c2ccccc2)C1c1ccccc1
XS843740a,COC=1C=CC(OC)=C(C1)C(C)NC(=O)CN2C=NC=3C=CC(C)=CC3C2=O,7.4,O=C(Cn1cnc2ccccc2c1=O)NCc1ccccc1
XS843739a,CCC1=NOC(=N1)C(C)N2CCN(CC2)C(=O)C=3C=CC(Cl)=CC3Cl,2.912,O=C(c1ccccc1)N1CCN(Cc2ncno2)CC1
XS030849e,CC1=CC(=NO1)NC(C=2C=CC=C(C2)[N+]([O-])=O)C=3C=CC4=CC=CN=C4C3O,3.71,c1ccc(C(Nc2ccon2)c2ccc3cccnc3c2)cc1
XS843741a,CC=1C=CC(Cl)=C(C1)OC(C)C(=O)NC=2C=C(C=CC2C)S(C)(=O)=O,2.154,O=C(COc1ccccc1)Nc1ccccc1
XS843733a,CC1(CCS(=O)(=O)C1)NC(=O)CNC=2C=CC=CC2OCC(F)(F)F,1.742,O=C(CNc1ccccc1)NC1CCS(=O)(=O)C1
XS843731a,O=C(CN1CCCCCCC1)N2C=3C=CC=CC3NC(=O)CC2C(F)(F)F,1.398,O=C1CCN(C(=O)CN2CCCCCCC2)c2ccccc2N1
XS839744b,O=C(NC1=NN=C2C=CC(Br)=CN12)C3CNC(=O)CC43CCC4,4.608,O=C1CC2(CCC2)C(C(=O)Nc2nnc3ccccn23)CN1
XS843726a,COC=1C=CC(OC)=C(C1)C2CCCN2CCN3C(=O)C=4C=CC=CC4C3=O,2.546,O=C1c2ccccc2C(=O)N1CCN1CCCC1c1ccccc1
XS843727a,O=C1C(CCN1C=2C=CC=CC2)NS(=O)(=O)C=3C=CC=CC3C(F)(F)F,17.644,O=C1C(NS(=O)(=O)c2ccccc2)CCN1c1ccccc1
XS838875b,O=C(NCC1CN(C(=O)O1)C=2C=CC=CC2)N3CCC=4C(O)=CC=C(F)C4C3,4.37,O=C(NCC1CN(c2ccccc2)C(=O)O1)N1CCc2ccccc2C1
XS838279b,O=C(NCCN(C(=O)C=1N=NC(O)=C2CCCCC12)C3CC3)C4CC=CCO4,2.026,O=C(NCCN(C(=O)c1nncc2c1CCCC2)C1CC1)C1CC=CCO1
XS544497b,CSC1(CNC(=O)C(CC2=CNC=3C=C(F)C=CC23)NC(C)=O)CCC1,4.054,O=C(CCc1c[nH]c2ccccc12)NCC1CCC1
XS839812b,CC(C)C1CN(C(=O)CCCS(=O)(=O)N2CCCC2)C=3C=CC=CC3N1,6.398,O=C(CCCS(=O)(=O)N1CCCC1)N1CCNc2ccccc21
XS743635b,CC1=NN(C)C(C)=C1C=2C=C(NN2)C(=O)N3CCCC(C)(C3)C=4C=CC=CC4,1.106,O=C(c1cc(-c2cn[nH]c2)n[nH]1)N1CCCC(c2ccccc2)C1
XS837858b,CC1=NC(C)=C(S1)S(=O)(=O)N2CCC(C(F)(F)F)C3(CCOCC3)C2,3.348,O=S(=O)(c1cncs1)N1CCCC2(CCOCC2)C1
XS843743a,O=C(COC(=O)C=1C(Cl)=CC=C(Cl)C1Cl)NC2CCS(=O)(=O)C2,13.898,O=C(COC(=O)c1ccccc1)NC1CCS(=O)(=O)C1
XS843744a,COC(=O)CC(NC(=O)C=1C=CC(=O)N(CC=2C=CC=CC2)N1)C=3C=CC=CC3,2.42,O=C(NCc1ccccc1)c1ccc(=O)n(Cc2ccccc2)n1
XS554275b,O=C(NC1CCOC=2C=CC=CC21)C3=CN(N=N3)C=4C=CC=CC4C(F)(F)F,15.798,O=C(NC1CCOc2ccccc21)c1cn(-c2ccccc2)nn1
XS838485b,CCC(=O)NC1CCN(C1)S(=O)(=O)C=2C=CC=CC2S(=O)(=O)C(F)F,2.022,O=S(=O)(c1ccccc1)N1CCCC1
XS840911b,CCC=1C=C(CC(=O)N2CCCC2(C)CNC(=O)C=3C=CC=4NN=NC4C3)ON1,8.642,O=C(NCC1CCCN1C(=O)Cc1ccno1)c1ccc2[nH]nnc2c1
XS584869b,CC=1N=C(NC(=O)C2(C)CCC(=O)NC2)SC1CC=3C=CC(F)=C(F)C3F,1.01,O=C1CCC(C(=O)Nc2ncc(Cc3ccccc3)s2)CN1
XS843745a,CC1OC=2C=CC=CC2N(CCC(=O)N3CCN(CC3)C(=O)C4=CC=CO4)C1=O,0.92,O=C(CCN1C(=O)COc2ccccc21)N1CCN(C(=O)c2ccco2)CC1
XS843747a,O=C(NC1CCCC=2C=CC=CC21)C=3C=CC=C(C3)S(=O)(=O)N4CCCCC4,1.198,O=C(NC1CCCc2ccccc21)c1cccc(S(=O)(=O)N2CCCCC2)c1
XS842241b,CCC=1N=CC=2CCN(CC2N1)C(C)C(=O)NC=3C=C(C)C(Cl)=CC3OC,5.054,O=C(CN1CCc2cncnc2C1)Nc1ccccc1
XS843752a,CN1CCCC=2C=C(C=CC21)CNC(=O)C=3C=CC=C(C3)NC(=O)C4CCCO4,1.95,O=C(NCc1ccc2c(c1)CCCN2)c1cccc(NC(=O)C2CCCO2)c1
XS836731b,O=C(O)C(CC(=O)NC=1C=CC(=CC1Cl)C(F)(F)F)C=2C=CC(F)=CC2,2.804,O=C(CCc1ccccc1)Nc1ccccc1
XS843750a,O=C(NC1CCN(C1)C(=O)C2=CC=3C(O)=CC=CC3N2)C=4C=CN5N=CC=C5C4,8.958,O=C(NC1CCN(C(=O)c2cc3ccccc3[nH]2)C1)c1ccn2nccc2c1
XS840962b,CC1=CC(=CS1)C(=O)N2CCC3(CCC3)C(C2)NC(=O)C4=CC=CN(C)C4=O,5.85,O=C(NC1CN(C(=O)c2ccsc2)CCC12CCC2)c1ccc[nH]c1=O
XS837692b,CC=1C=CC=2NC=3CCC(CC3C2C1)NC(=O)N(C)CC4=CN5CCCCC5=N4,1.972,O=C(NCc1cn2c(n1)CCCC2)NC1CCc2[nH]c3ccccc3c2C1
XS841578b,COC=1C=C(Cl)C(=CC1OC)S(=O)(=O)N2CCN(C)C3(CCOC3)C2,4.82,O=S(=O)(c1ccccc1)N1CCNC2(CCOC2)C1
XS840111b,CC(C(=O)N1CC2(CC1C)CCN(CC2)C(=O)CCCOC(C)C)=C3CCC3,2.32,O=C(C=C1CCC1)N1CCC2(CCNCC2)C1
XS840059b,COC=1C=C(C)C=C(C)C1S(=O)(=O)N2CCCC(C2)OC=3N=CC=CC3F,3.146,O=S(=O)(c1ccccc1)N1CCCC(Oc2ccccn2)C1
XS839398b,CC(C)C=1N=CN=CC1C(=O)N2CC3(C2)CCCC3NC(=O)C4=CC(Cl)=CN4,5.57,O=C(NC1CCCC12CN(C(=O)c1cncnc1)C2)c1ccc[nH]1
XS842207b,CC1CCN(C=2C=C(Cl)C=CC2S1)S(=O)(=O)C3=CN(C)C(=O)N(C)C3=O,2.6,O=c1[nH]cc(S(=O)(=O)N2CCCSc3ccccc32)c(=O)[nH]1
XS843764a,CC(C)C(NC(=O)CC1=NN(C)C(=O)C=2C=CC=CC12)C=3C=CC=4OCCCOC4C3,5.642,O=C(Cc1n[nH]c(=O)c2ccccc12)NCc1ccc2c(c1)OCCCO2
XS843754a,CC(=O)N1C=2C=CC(=CC2CC1C)S(=O)(=O)NC=3C=CC=CC3OC(F)(F)F,3.388,O=S(=O)(Nc1ccccc1)c1ccc2c(c1)CCN2
XS836742b,COC=1C=CC(=C(C1)OC)N2C(=O)CC(C2=O)N(C)CC=3C=NN(C3)C=4C=CC=CC4,3.998,O=C1CC(NCc2cnn(-c3ccccc3)c2)C(=O)N1c1ccccc1
XS843755a,CC(SC1=NC2=C(C=NN2C=3C=CC=C(Cl)C3)C(=O)N1)C(=O)N4CCNC4=O,19.968,O=C(CSc1nc2c(cnn2-c2ccccc2)c(=O)[nH]1)N1CCNC1=O
XS843761a,O=C(NC1CCOC=2C=CC=CC21)C=3C=CC(=CC3)S(=O)(=O)N4CCOCC4,3.614,O=C(NC1CCOc2ccccc21)c1ccc(S(=O)(=O)N2CCOCC2)cc1
XS843757a,CC1=C(C=NN1C=2C=CC(C)=CC2)C(C)NS(=O)(=O)C=3C=CC=4OCCOC4C3,12.086,O=S(=O)(NCc1cnn(-c2ccccc2)c1)c1ccc2c(c1)OCCO2
XS843760a,CC=1C=CC=2SC(CC2C1)C(=O)N3CCN(CC3)C(=O)C=4C=CC=5NC=NC5C4,2.438,O=C(c1ccc2[nH]cnc2c1)N1CCN(C(=O)C2Cc3ccccc3S2)CC1
XS673284b,O=C(CCOCC1CC1)N2CCC(C2)(C3=NC(=NO3)C=4C=CC=NC4)C(F)(F)F,4.426,O=C(CCOCC1CC1)N1CCC(c2nc(-c3cccnc3)no2)C1
XS843770a,CC=1C=CC=2OC=C(CC(=O)N(CC=3C=CC=CC3Cl)C4CCS(=O)(=O)C4)C2C1,2.204,O=C(Cc1coc2ccccc12)N(Cc1ccccc1)C1CCS(=O)(=O)C1
XS843780a,CC1=CC=CN2C(=O)C=3C=C(C(=O)NCC4CCCO4)C(=N)N(CC5=CC=CO5)C3N=C12,3.474,N=c1c(C(=O)NCC2CCCO2)cc2c(=O)n3ccccc3nc2n1Cc1ccco1
XS838509b,O=C(C=1C=CC(O)=CN1)N2CCN(C(=O)C=3N=CC=C4OC=CC34)C(C2)C=5C=CN=CC5,0.462,O=C(c1ccccn1)N1CCN(C(=O)c2nccc3occc23)C(c2ccncc2)C1
XS843766a,COC=1C=CC=C(C2=NC(=CS2)CN3CCN(CC3)C(=O)C4COC=5C=CC=CC5O4)C1OC,2.7,O=C(C1COc2ccccc2O1)N1CCN(Cc2csc(-c3ccccc3)n2)CC1
XS843765a,CCCC(=O)NC1CCCN(C1)C(=O)C=2C=CC(OC)=C(C2)S(=O)(=O)NC3CC3,3.208,O=C(c1cccc(S(=O)(=O)NC2CC2)c1)N1CCCCC1
XS837634b,CN1N=CC2=C1CCN(C2C(=O)NC3(CCC3)C=4C=CC(F)=CC4F)S(C)(=O)=O,4.456,O=C(NC1(c2ccccc2)CCC1)C1NCCc2[nH]ncc21
XS837993b,CCS(=O)(=O)NC=1C=CC(=CC1OC)NC(=O)NC(C)C=2C=CC=C(C2)C(F)(F)F,0.764,O=C(NCc1ccccc1)Nc1ccccc1
XS814399b,CCC(=O)N1CCCC(C1)C(=O)NC=2C=C(C=CC2OC)S(=O)(=O)N3CCCCC3,3.612,O=C(Nc1cccc(S(=O)(=O)N2CCCCC2)c1)C1CCCNC1
XS838014b,CN1N=C(C(Cl)=C1CNC(=O)N2CCCC3(CCS(=O)(=O)C3)C2)C(F)(F)F,1.666,O=C(NCc1ccn[nH]1)N1CCCC2(CCS(=O)(=O)C2)C1
XS843772a,CCOC=1C=CC(=CC1)S(=O)(=O)N2CCC(CC2)C(=O)NC3CCCC=4C=CC=CC43,3.758,O=C(NC1CCCc2ccccc21)C1CCN(S(=O)(=O)c2ccccc2)CC1
XS840170b,COC=1C=C(C)C=NC1C(=O)N2CCC(CC2)S(C)(=O)=NC(=O)C=3CCC(=O)N(C)N3,26.674,O=C1CCC(C(=O)N=[SH](=O)C2CCN(C(=O)c3ccccn3)CC2)=NN1
XS843773a,CC=1C=CC(=CC1NC(=O)C(C)N2CCN(CC2)C(=O)CC(C)C)S(=O)(=O)N(C)C,1.89,O=C(CN1CCNCC1)Nc1ccccc1
XS843767a,CC(OC(=O)C=1C=CC(F)=CC1N)C(=O)N2CC(=O)NC=3C=C(C=CC32)C(F)(F)F,13.926,O=C1CN(C(=O)COC(=O)c2ccccc2)c2ccccc2N1
XS836917b,O=C(NC1CCCC(F)(F)C1)C=2CCON2,1.358,O=C(NC1CCCCC1)C1=NOCC1
XS843792a,CCOC(C)C(=O)NC1=NC=2CCCC2S1,1.224,c1nc2c(s1)CCC2
XS843793a,CC=1N=CSC1C(=O)NCC2CCCO2,12.544,O=C(NCC1CCCO1)c1cncs1
XS843783a,CC1C(=O)NCCN1C(=O)C=2C=CC(F)=CC2,2.066,O=C1CN(C(=O)c2ccccc2)CCN1
XS842046b,N#CC=1C=NC(NC2CC32CC3)=C(F)C1,1.216,c1ccc(NC2CC23CC3)nc1
XS838127b,CC(=O)NC(C)C(=O)N1CCC=2C=CN=CC21,1.908,c1cc2c(cn1)NCC2
XS843789a,COC=1C=CC=CC1C(C)NC(=O)C(C)C,0.39,c1ccccc1
YT000055c,NC=1C=CC=CC1N2CC(OC2=O)C(F)(F)F,11.058,O=C1OCCN1c1ccccc1
XS843787a,NC=1C=CC(=CC1)NC(=O)C2CCCO2,4.78,O=C(Nc1ccccc1)C1CCCO1
XS839989b,[O-][N+](=O)C=1C=CC(=NC1)NC2CC=CCC2,0.954,C1=CCC(Nc2ccccn2)CC1
XS839934b,CC(F)CCN1CCS(=O)(=O)CC1,0.738,O=S1(=O)CCNCC1
XS841151b,CCN1C=C(C=N1)C2CS(=O)(=O)CCN2,1.472,O=S1(=O)CCNC(c2cn[nH]c2)C1
XS428367b,CC(NC=1N=CN=C2C1C=NN2C)C3=CC=CO3,1.618,c1coc(CNc2ncnc3[nH]ncc23)c1
XS843788a,CC=1C=CC(=CC1C)OC(C)C(=O)N2CCCC2,1.476,O=C(COc1ccccc1)N1CCCC1
XS843786a,O=C(NC1CC1)C2CCC=3C=CC=CC3O2,0.776,O=C(NC1CC1)C1CCc2ccccc2O1
XS843791a,CC=1C=C(CC2=NN=C(NC3CCOC3)O2)NN1,0.576,c1cc(Cc2nnc(NC3CCOC3)o2)[nH]n1
XS843794a,CCC1=CN=C(NC(=O)C2(C)C=CCCC2)S1,1.72,O=C(Nc1nccs1)C1C=CCCC1
XS841165b,CC(C#N)CNC(=O)C=1C=CC=CC1,0.888,c1ccccc1
XS841174b,N#CC=1C=CC(Cl)=CC1NC2CNC(=O)C2,3.03,O=C1CC(Nc2ccccc2)CN1
XS843796a,O=C(NC1CCC(=O)NC1=O)C2=CC=3C=CC=CC3O2,5.49,O=C1CCC(NC(=O)c2cc3ccccc3o2)C(=O)N1
XS843803a,CCOC(=O)C1=NN=C(O1)N2CCC3(CCOC3)C2,6.854,c1nnc(N2CCC3(CCOC3)C2)o1
XS838021b,CCN1C=NN=C1NC(=O)C=2CC(ON2)C(C)(C)C,1.564,O=C(Nc1nnc[nH]1)C1=NOCC1
XS498329b,CN1C=CC=C1C(=O)NC2CCC=3C(O)=CC=CC32,1.09,O=C(NC1CCc2ccccc21)c1ccc[nH]1
XS807600b,CN1C=C(C=N1)C2CCCN2C(=O)C3=CC=CS3,3.102,O=C(c1cccs1)N1CCCC1c1cn[nH]c1
XS839753b,COC(C)C(=O)NC=1C=C(C)C=CC1Br,3.3,c1ccccc1
XS842567b,CC1COCCN1C(=O)NC=2C=CC(F)=CC2C#N,1.458,O=C(Nc1ccccc1)N1CCOCC1
XS662629b,O=C(C=1C=NC=C(O)C1)N2CCC(C2)C=3C=CC=CC3,2.598,O=C(c1cccnc1)N1CCC(c2ccccc2)C1
XS813888b,CC=1C=CC(=CC1)OC(C)C(=O)NC=2N=CC=CC2C,2.374,O=C(COc1ccccc1)Nc1ccccn1
XS840762b,CC1=CSC(=N1)S(=O)(=O)C(C)C(=O)N(C)C,1.374,c1cscn1
XS841939b,CC=1CC(C)C(=O)N(N1)C=2C=CC(F)=CC2Cl,0.476,O=C1CCC=NN1c1ccccc1
XS843801a,O=C(NC=1C=CC(Cl)=C(Cl)C1)C2CCCO2,0.952,O=C(Nc1ccccc1)C1CCCO1
XS838503b,C1=NNC=2N=CN=C(NC3CSC=4C=CC=CC43)C12,1.606,c1ccc2c(c1)SCC2Nc1ncnc2[nH]ncc12
XS826691b,O=C(NC=1C=CN=CC1)NC2CCCC=3C=NNC32,2.608,O=C(Nc1ccncc1)NC1CCCc2cn[nH]c21
XS843806a,CC=1N=C2CCC(CN2N1)NC3=NC=4C=CC=CC4S3,1.894,c1ccc2sc(NC3CCc4ncnn4C3)nc2c1
XS841546b,CC(C)C(C1=NN=C(O1)C=2C=CC=CN2)C=3C=CC=CC3,1.7,c1ccc(Cc2nnc(-c3ccccn3)o2)cc1
XS843817a,COC=1C=CC=CC1NC(=O)NC(C)C2=CC=C(C)O2,1.364,O=C(NCc1ccco1)Nc1ccccc1
XS674007b,CC(NC(=O)C=1C=CC(Cl)=CC1)C(=O)N2CCCC2,5.74,O=C(NCC(=O)N1CCCC1)c1ccccc1
XS843813a,CCC1CN(CCO1)C(=O)C=2C=NN(C2)C=3C=CC=CC3,7.722,O=C(c1cnn(-c2ccccc2)c1)N1CCOCC1
XS843819a,CCCNC(=O)C1CCCN(CC=2C=CC=C(F)C2)C1,1.144,c1ccc(CN2CCCCC2)cc1
XS842440b,NC(=O)C1COCCN1CC=2C(F)=CC=CC2[N+]([O-])=O,3.86,c1ccc(CN2CCOCC2)cc1
XS843815a,COCC(C)N(C)C(=O)C=1C=NC2=C(C1)C(C)=NN2C,2.316,c1cnc2[nH]ncc2c1
XS798831b,CNC(=O)C(NC(=O)C1=CC=CS1)C=2C=CC=CC2,2.56,O=C(NCc1ccccc1)c1cccs1
XS840285b,CC=1C=CC(=CC1)N2C(=O)CSC2C3=CC=CS3,3.186,O=C1CSC(c2cccs2)N1c1ccccc1
XS843810a,O=C(NCC1=CC=CS1)C2CC(=O)NC=3C=CC=CC32,12.218,O=C1CC(C(=O)NCc2cccs2)c2ccccc2N1
XS843820a,CCC(C)SC=1C=CC(NC(=O)NCCO)=C(C)C1,0.976,c1ccccc1
XS837341b,CCOC(=O)C1CC21CCN(CC2)C=3C(=O)C(=O)C3N,0.576,O=c1cc(N2CCC3(CC2)CC3)c1=O
XS838605b,COCC1(CC=CC1)C(C)NC=2C=CC=C(C2)CCO,0.65,C1=CCC(CNc2ccccc2)C1
XS843809a,O=C(O)C1CCN(C1)C(=O)C2(CC2)C=3C=CC=CC3F,0.346,O=C(N1CCCC1)C1(c2ccccc2)CC1
XS839375b,CCC(NCCC1=NOC=2C=C(F)C=CC12)C3=NC=CO3,3.774,c1ccc2c(CCNCc3ncco3)noc2c1
XS843831a,CC1=CC(C(=O)NC(CC(=O)O)C=2C=CC=CC2)=C(C)O1,1.152,O=C(NCc1ccccc1)c1ccoc1
XS077100b,CC1=CC(=NO1)NC(=O)C(C)N(C)CC=2C=CC(F)=CC2,1.642,O=C(CNCc1ccccc1)Nc1ccon1
XS842687b,CC1=CSC(=C1)C(=O)N2CCC(F)(F)CC2C(=O)O,6.012,O=C(c1cccs1)N1CCCCC1
XS838725b,C1=NN=C2C=CC(=CN12)C3=NOC(=N3)C4CCC5(CCC5)C4,4.286,c1cc2nncn2cc1-c1noc(C2CCC3(CCC3)C2)n1
XS843829a,CC1=CC(CSC(C)C(=O)N(C)C=2C=CC=CC2)=NO1,5.332,O=C(CSCc1ccon1)Nc1ccccc1
XS843827a,COC=1C=CC=C(C1)NC(=O)C(C)N2CCC=3C=CC=CC32,0.974,O=C(CN1CCc2ccccc21)Nc1ccccc1
XS843825a,CC=1C=CC=CC1CS(=O)(=O)C(C)C(=O)NCC(C)C,1.376,c1ccccc1
XS840016b,O=C(O)C1=CC(=NN1)NC(=O)C2CCCC=3SC=CC32,20.2,O=C(Nc1cc[nH]n1)C1CCCc2sccc21
XS563550b,CC(=O)N1CC(C1)NC(=O)C2(O)CCC=3C=CC=CC3C2,0.846,O=C(NC1CNC1)C1CCc2ccccc2C1
XS843826a,O=C(C=1C=C(Cl)C=CN1)N2CCCC2C=3C=CSC3,7.41,O=C(c1ccccn1)N1CCCC1c1ccsc1
XS839054b,CCC(C)C=1C=CC=CC1CN2C(=O)C=C(C(F)F)N2C,0.478,O=c1cc[nH]n1Cc1ccccc1
XS837711b,CC1=CC=C(NC(=O)NC2CCC=3N=CSC3C2)S1,10.526,O=C(Nc1cccs1)NC1CCc2ncsc2C1
XS836475b,CC1CCCCN1NC(=O)C=2C=NN(C)C2N3C=CC=C3,3.048,O=C(NN1CCCCC1)c1cn[nH]c1-n1cccc1
XS843823a,CC1=NC(CN2CCCC(C2)C3=NOC(=N3)C4CC4)=NO1,14.528,c1nc(CN2CCCC(c3noc(C4CC4)n3)C2)no1
XS812346b,CC(C)C(C(=O)NCC=1C=CC=NC1)C=2C=CC(Cl)=CC2,2.418,O=C(Cc1ccccc1)NCc1cccnc1
XS673303b,CCOC=1C=CC=CC1CN(C)C(C)C2=NC(=NO2)C3CC3,0.944,c1ccc(CNCc2nc(C3CC3)no2)cc1
XS843832a,CC(NC=1C=CC(=CC1)OC=2C=CC=CC2)C(=O)NC(N)=O,18.884,c1ccc(Oc2ccccc2)cc1
XS843839a,COC=1N=CC=CC1C(=O)N2CCCC(C2)C3=NN=CN3C,1.546,O=C(c1cccnc1)N1CCCC(c2nnc[nH]2)C1
XS841042b,NC(=O)C1CSCCN1S(=O)(=O)C=2C=CC=CC2F,11.186,O=S(=O)(c1ccccc1)N1CCSCC1
XS555994b,CC1=NOC(=N1)C2CCN(C2)C(=O)COC=3C=CC=CC3F,1.986,O=C(COc1ccccc1)N1CCC(c2ncno2)C1
XS841212b,COC(=O)CN1C=CC(=N1)NC(C)C2=NC=3C=CC=CC3O2,3.332,c1ccc2oc(CNc3cc[nH]n3)nc2c1
XS711896b,COC=1C=CC=C(C1)CC(C(=O)NC(C)C)N2N=NN=C2C,0.56,c1ccc(CCn2cnnn2)cc1
XS628205b,CC1=NNC(C)=C1CC(=O)N2CCCC2CC=3C=CC=CC3,0.776,O=C(Cc1cn[nH]c1)N1CCCC1Cc1ccccc1
XS843836a,CC(SC1=NC=C2C=CC=CN12)C(=O)NC3CCCCC3,0.578,O=C(CSc1ncc2ccccn12)NC1CCCCC1
XS839551b,CCC1=CSC(=N1)C(C)NC2=NC3=C(C=NN3C)C(=O)N2,0.724,O=c1[nH]c(NCc2nccs2)nc2[nH]ncc12
XS841343b,CN1N=CC(OCC2CCCCN(C)C2=O)=C1C(F)(F)F,2.54,O=C1NCCCCC1COc1cn[nH]c1
XS843834a,CC(NC=1C=NN(C1)C(C)(C)C)C(=O)NCC=2C=CC=CC2,2.136,O=C(CNc1cn[nH]c1)NCc1ccccc1
XS586807b,N#CC=1C=CC(CN2CCCC2C=3C=CC(O)=NN3)=C(F)C1,3.574,c1ccc(CN2CCCC2c2cccnn2)cc1
XS843845a,CC=1C=NN(C1)C2CCCN(C2)C(=O)C3=CN4C=CC=CC4=N3,3.52,O=C(c1cn2ccccc2n1)N1CCCC(n2cccn2)C1
XS843842a,O=C(NC=1C=CC=CC1)C2CSCN2C(=O)C=3C=CC=CC3,10.35,O=C(Nc1ccccc1)C1CSCN1C(=O)c1ccccc1
XS839359b,CC1(CNC=2C=NC=C(Br)C2C#N)CC=CCO1,1.468,C1=CCC(CNc2cccnc2)OC1
XS843853a,CC(CN1C=CC=N1)NC(=O)C2=CC=C(NC2=O)C3=CC=CO3,6.328,O=C(NCCn1cccn1)c1ccc(-c2ccco2)[nH]c1=O
XS559570b,CC1=NN(C)C=2N=CC(=CC12)NC(=O)C3CC(=O)N(C3)C4CC4,25.394,O=C(Nc1cnc2[nH]ncc2c1)C1CC(=O)N(C2CC2)C1
XS843844a,CC1=CC(=NO1)NC(=O)C(C)OC(=O)C2=CC=3C=CC=CC3N2,7.096,O=C(COC(=O)c1cc2ccccc2[nH]1)Nc1ccon1
XS843850a,CC=1C=C(NCC2CCCO2)N3C=4C=CC=CC4N=C3C1C#N,1.53,c1ccc2c(c1)nc1cccc(NCC3CCCO3)n12
XS843851a,CC=1C=CC=C(N1)NC(=O)C2CC(=O)N(CC=3C=CC=CC3)C2,7.784,O=C(Nc1ccccn1)C1CC(=O)N(Cc2ccccc2)C1
XS739805b,CN1C=C(C=N1)C2CCCN2CC(=O)N3CCC=4C=CC=CC43,1.536,O=C(CN1CCCC1c1cn[nH]c1)N1CCc2ccccc21
XS843846a,CC1CC=2C=CC=CC2N1C(=O)COC=3C=CC=CC3C(N)=O,1.66,O=C(COc1ccccc1)N1CCc2ccccc21
XS843849a,CC(=O)NC=1C=CC(=CC1)CNC(=O)C(NC(C)=O)C(C)C,1.298,c1ccccc1
XS450327b,O=C(C=1C=CN=C(C1)N2C=CC=N2)N3CCOCC3CC4CC4,2.306,O=C(c1ccnc(-n2cccn2)c1)N1CCOCC1CC1CC1
XS843843a,CC(C)C1=NC(=NO1)C2CCCN(C2)C=3N=CN=C4CCCC34,1.992,c1nc2c(c(N3CCCC(c4ncon4)C3)n1)CCC2
XS838407b,CC1=C(SC2=CN=CN12)C3=NC(=NO3)C4CCC(F)(F)C4,2.132,c1ncn2cc(-c3nc(C4CCCC4)no3)sc12
XS838419b,FC(C1=NC(=NO1)C2=COC=N2)N3C=C(Br)C=N3,1.396,c1cnn(Cc2nc(-c3cocn3)no2)c1
XS839672b,CC1(CCCNC1=O)C(=O)NNC(=O)C=2C=CC=CC2Cl,1.762,O=C(NNC(=O)C1CCCNC1=O)c1ccccc1
XS837725b,COC(=O)C=1C=CN=C(N1)NC(C)C=2C=CC=3OCCCC3C2,7.026,c1cnc(NCc2ccc3c(c2)CCCO3)nc1
XS843856a,CC(C)C=1C=CC(=CC1F)NC(=O)NC2CCC3=NC=NN3C2,5.476,O=C(Nc1ccccc1)NC1CCc2ncnn2C1
XS422942b,CC(C1=NC(=NO1)C2CC2)N3CCN(CC3)C=4C=CC=CC4O,1.184,c1ccc(N2CCN(Cc3nc(C4CC4)no3)CC2)cc1
XS840530b,CC(C)C=1C=CC(C=CCC(=O)NC2CCN(C2)C(N)=O)=CC1,0.948,O=C(CC=Cc1ccccc1)NC1CCNC1
XS843859a,CCOC=1C=CC(=CC1)NC(=O)NC(C)C=2C=CC(F)=C(F)C2,2.99,O=C(NCc1ccccc1)Nc1ccccc1
XS838668b,CC1=NOC(=N1)C(C)NC=2C=CN(CC=3C=CC(Cl)=CC3)N2,5.846,c1ccc(Cn2ccc(NCc3ncno3)n2)cc1
XS839613b,CC(NC(=O)CNC(=O)C1=CC(=CN1C)[N+]([O-])=O)C2=CC=CO2,7.09,O=C(CNC(=O)c1ccc[nH]1)NCc1ccco1
XS841749b,CC1(C)CNC(=O)C1NC(=O)C=2C=CC(=CC2)OC(F)(F)F,0.524,O=C(NC1CCNC1=O)c1ccccc1
XS843860a,O=S(=O)(NC1CCS(=O)(=O)C1)C=2C=CC=3CCCC3C2,4.762,O=S1(=O)CCC(NS(=O)(=O)c2ccc3c(c2)CCC3)C1
XS837072b,CCC1CN(CCS1)C=2C=CC(=CC2F)S(=O)(=O)NC,3.402,c1ccc(N2CCSCC2)cc1
XS842628b,FC=1C=CC=2OC(=NC2C1)NC=3C=CC(=CC3)OC4CCOC4,1.504,c1ccc2oc(Nc3ccc(OC4CCOC4)cc3)nc2c1
XS838876b,COC(=O)C(NC1=NN(C)C=2N=CC=NC12)C=3C=CC(F)=CC3,2.068,c1ccc(CNc2n[nH]c3nccnc23)cc1
XS843861a,CC(C)C=1C=CC(=CC1)NC(=O)NC(CC=2C=COC2)C(=O)O,5.134,O=C(NCCc1ccoc1)Nc1ccccc1
XS839662b,O=C(NCC1(O)COC1)C2CCOC3(CCC(F)(F)CC3)C2,2.158,O=C(NCC1COC1)C1CCOC2(CCCCC2)C1
XS593008b,CCC1CN(C)C=2C=CC=CC2CN1C(=O)C=3C=CC(=O)N(C)C3,2.242,O=C(c1ccc(=O)[nH]c1)N1CCNc2ccccc2C1
XS838410b,COC(=O)C=1C=C(C=CC1Cl)CN2C=C(C=N2)C3CC3(F)F,1.7,c1ccc(Cn2cc(C3CC3)cn2)cc1
XS839450b,CC1=CC(=NN1C=2C=CC=CC2)C(=O)N3CCC4(COC(=O)N4)C3,2.804,O=C1NC2(CCN(C(=O)c3ccn(-c4ccccc4)n3)C2)CO1
XS841277b,CC(C)(C)NC(=O)C1CCCCN1CC(=O)NC2=NN=CS2,2.04,O=C(CN1CCCCC1)Nc1nncs1
XS575039b,CN(C(=O)C1=COC(=N1)C2CCOCC2)C3CCC=4C=CC=CC43,1.122,O=C(NC1CCc2ccccc21)c1coc(C2CCOCC2)n1
XS640941b,CC(NC(=O)N1CCC=2C=CC=CC2C1)C=3C=CC=4OCOC4C3,7.386,O=C(NCc1ccc2c(c1)OCO2)N1CCc2ccccc2C1
XS843862a,CC(NC(=O)CN1C(=O)CCCC=2C=CC=CC21)C=3C=CC=CC3,0.766,O=C(CN1C(=O)CCCc2ccccc21)NCc1ccccc1
XS843865a,CC(C1CC1)N(C(=O)NCC=2C=CC=C(C2)N3C=CN=C3)C4CC4,0.524,O=C(NCc1cccc(-n2ccnc2)c1)N(CC1CC1)C1CC1
XS843864a,CC1CC(=O)NCCN1C(=O)C=2C=C(C=CN2)OC=3C=CC=CC3,1.308,O=C1CCN(C(=O)c2cc(Oc3ccccc3)ccn2)CCN1
XS841259b,C=CCOC(C)C(=O)NC=1N=C2C=CC(Br)=CN2N1,1.198,c1ccn2ncnc2c1
XS069747b,COC=1C=CC(=CC1)NC(C)C(=O)NC=2C=CC(F)=CC2Cl,1.302,O=C(CNc1ccccc1)Nc1ccccc1
XS842551b,CC(NC1=C(C(=O)N(C)C=2C=CC=CC12)[N+]([O-])=O)C=3C=CC=CC3,1.722,O=c1cc(NCc2ccccc2)c2ccccc2[nH]1
XS837053b,CC=1C=C(C=C(C1C)S(=O)(=O)N(C)C(C)C(F)F)C(=O)O,6.766,c1ccccc1
XS841784b,COC=1N=C(SC1C)C2=CN(N=N2)C(C)C(=O)N3CCCC3,8.544,O=C(Cn1cc(-c2nccs2)nn1)N1CCCC1
XS843867a,COC=1C=CC(=CC1)C(=O)NC(C)C=2C=CC(=CC2)N3C=CN=C3,3.188,O=C(NCc1ccc(-n2ccnc2)cc1)c1ccccc1
XS841335b,O=C(O)C12CCC(CC1)(CC2)NC(=O)C3CCCCC(F)(F)C3,2.574,O=C(NC12CCC(CC1)CC2)C1CCCCCC1
XS841871b,O=C(NCC1=CSC=C1Cl)NC2CCOCC32CCCC3,3.518,O=C(NCc1ccsc1)NC1CCOCC12CCCC2
XS843877a,CCCC(C)NC(=O)CC=1C=CC(=CC1)OCC=2C(C)=NOC2C,0.37,c1ccc(OCc2cnoc2)cc1
XS843875a,CC(=O)NC(CC(=O)NC=1C=C(C)C=CN1)C=2C=CC(Cl)=CC2,3.98,O=C(CCc1ccccc1)Nc1ccccn1
XS733529b,O=C(NCC1=NC=C(O1)C=2C=CC=CC2)NC3CCCCNC3=O,7.37,O=C(NCc1ncc(-c2ccccc2)o1)NC1CCCCNC1=O
XS843879a,CC=1C=C(NC(=O)NC(C)C=2C=CC=3OCCCOC3C2)N(C)N1,2.342,O=C(NCc1ccc2c(c1)OCCCO2)Nc1ccn[nH]1
XS843881a,O=C(CCN1C(=O)CCC1=O)NC(C=2C=CC=CC2)C3CCCC3,2.642,O=C(CCN1C(=O)CCC1=O)NC(c1ccccc1)C1CCCC1
XS843871a,CC(=O)N1CCCN(CC1)C(=O)NC2CCCCC=3C=CC=CC32,2.722,O=C(NC1CCCCc2ccccc21)N1CCCNCC1
XS554914b,CCC=1C=C(NCC(O)COC=2C=CC=C(F)C2)N3N=CN=C3N1,0.636,c1ccc(OCCCNc2ccnc3ncnn23)cc1
XS838959b,O=C1CCC(NC2=NC=3C=CC=C(OC(F)F)C3S2)C(=O)N1,1.548,O=C1CCC(Nc2nc3ccccc3s2)C(=O)N1
XS836978b,O=C1CC2(CCC2)C(CN1)NCC=3C=CC(F)=C(Cl)C3Cl,2.992,O=C1CC2(CCC2)C(NCc2ccccc2)CN1
XS843876a,CC(OC(=O)C=1C=CC=C(O)C1)C(=O)N2CCC=3SC=CC3C2,2.424,O=C(OCC(=O)N1CCc2sccc2C1)c1ccccc1
XS843873a,COC=1C=C(C=C2OCCOC12)CNCC3CCCN4C=CN=C34,13.944,c1cn2c(n1)C(CNCc1ccc3c(c1)OCCO3)CCC2
XS843880a,CNC(=O)NC(=O)C(NC=1C=CC=2OCOC2C1)C=3C=CC=CC3,7.212,c1ccc(CNc2ccc3c(c2)OCO3)cc1
XS777730b,CC=1C=CC=C(OCCC(=O)N2CCCCC2C=3N=CNN3)C1C,4.348,O=C(CCOc1ccccc1)N1CCCCC1c1nc[nH]n1
XS843882a,CC(=O)N1N=C(CC1C=2C=CC=C3N=CC=NC23)C=4C=CC(C)=CC4,5.922,c1ccc(C2=NNC(c3cccc4nccnc34)C2)cc1
XS484266b,COC=1C=CC(=CC1)CN2CCC(NC(=O)C=3C=NN(C)N3)C2=O,5.328,O=C(NC1CCN(Cc2ccccc2)C1=O)c1cn[nH]n1
XS787182b,CC=1C=CC=2CC(SC2C1)C(=O)N(C)CC3=NN=C4CCCN34,5.304,O=C(NCc1nnc2n1CCC2)C1Cc2ccccc2S1
XS841432b,CN1C=C(C=N1)CC2CCN(C2)C(=O)C34CC5CC(CC(C5)C4)C3,2.29,O=C(N1CCC(Cc2cn[nH]c2)C1)C12CC3CC(CC(C3)C1)C2
XS843872a,CC1=NN(C)C(C)=C1C2CCCN2C(=O)C=3C=CC=C4OCOC34,6.032,O=C(c1cccc2c1OCO2)N1CCCC1c1cn[nH]c1
XS843895a,CC(NC1=NS(=O)(=O)C=2C=CC=CC12)C(=O)NC=3C=CN(C)N3,7.38,O=C(CNC1=NS(=O)(=O)c2ccccc21)Nc1cc[nH]n1
XS843889a,O=C(C=1N=COC1C2CC2)N3CCCCC3C4=CC=5C=CC=CC5N4,1.524,O=C(c1ncoc1C1CC1)N1CCCCC1c1cc2ccccc2[nH]1
XS435613b,NC=1N=CC=C(N1)C2CCCN(C2)C(=O)NC=3C=C(F)C=C(F)C3,4.498,O=C(Nc1ccccc1)N1CCCC(c2ccncn2)C1
XS843893a,COC=1C=CC(=CC1)C2CCCN2S(=O)(=O)C=3C(C)=NOC3C,5.986,O=S(=O)(c1cnoc1)N1CCCC1c1ccccc1
XS658261b,O=C(CC=1C=CC(=CC1)N2C=CC=N2)N3CCCC(C3)N4C=CC=N4,9.204,O=C(Cc1ccc(-n2cccn2)cc1)N1CCCC(n2cccn2)C1
XS840628b,CC(=NNC(=O)NC1CCS(=O)(=O)C1)C2=CC=3C=CC=CC3O2,6.338,O=C(NN=Cc1cc2ccccc2o1)NC1CCS(=O)(=O)C1
XS843892a,CC(=O)N1CCCC(C1)C(=O)NCCC=2C=CC(=CC2)OC(C)C,13.648,O=C(NCCc1ccccc1)C1CCCNC1
XS843886a,CC=1C=CC(=CC1)NC(=O)C(C)OC(=O)CN2CCCCCC2=O,14.08,O=C(COC(=O)CN1CCCCCC1=O)Nc1ccccc1
XS843896a,COC=1C=CC(=CC1)C2=NC(CSC(C)C(=O)NC(C)C)=NO2,1.012,c1ccc(-c2ncno2)cc1
XS583973b,CN(C(=O)C1=CC=CS1)C2CCN(C2=O)C=3C=CC=CC3Cl,6.276,O=C(NC1CCN(c2ccccc2)C1=O)c1cccs1
XS740185b,CC1CCN(CC1)C=2C=CC(=CN2)C(=O)NC3CCOC(C)(C)C3,1.57,O=C(NC1CCOCC1)c1ccc(N2CCCCC2)nc1
XS843885a,CC=1C=CC=CC1C(CC(=O)O)NC(=O)C=2C=C(C(C)C)N(C)N2,13.944,O=C(NCc1ccccc1)c1cc[nH]n1
XS840780b,CCN(C(=O)CC=1C(Cl)=CC=CC1OC)C(C)C=2C=CC=NC2,1.762,O=C(Cc1ccccc1)NCc1cccnc1
XS438933b,NC(=O)C1CCCN(C1)S(=O)(=O)C=2C=NN(C2)C=3C=CC=CC3,6.624,O=S(=O)(c1cnn(-c2ccccc2)c1)N1CCCCC1
XS822076b,CC(OC=1C=CC=CC1C#N)C(=O)NC=2C=CC(=NC2)N3CCCC3,4.55,O=C(COc1ccccc1)Nc1ccc(N2CCCC2)nc1
XS683976b,O=C(NC=1C=CN=C(C1)OC2CCOC2)C=3C=CC(F)=CC3Cl,6.676,O=C(Nc1ccnc(OC2CCOC2)c1)c1ccccc1
XS840906b,COC=1C=CC(=NC1OC)C(=O)NC(CC2=NC=NN2C)C(N)=O,1.672,O=C(NCCc1ncn[nH]1)c1ccccn1
XS843905a,O=C(NCC1(CC1)C=2C=CC=CC2)C3CC(=O)NC=4C=C(F)C=CC43,5.354,O=C1CC(C(=O)NCC2(c3ccccc3)CC2)c2ccccc2N1
XS842081b,CC(CN1C=CN=C1)NC(=O)N2CCN(CC2)C=3C=C(C#N)C=CN3,0.73,O=C(NCCn1ccnc1)N1CCN(c2ccccn2)CC1
XS843903a,CN1C=C(C=N1)CC2CCN(C2)C(=O)C3(CC=4C=CC=CC4)CCC3,3.35,O=C(N1CCC(Cc2cn[nH]c2)C1)C1(Cc2ccccc2)CCC1
XS843904a,CC1=CC(=NO1)NC(=O)C(NC=2C=CC=C(C2)CO)C=3C=CC=CC3,10.454,O=C(Nc1ccon1)C(Nc1ccccc1)c1ccccc1
XS843906a,O=C(NCC=1C=CC(=NC1)OCC2CC2)C3COC=4C=CC=CC4O3,1.378,O=C(NCc1ccc(OCC2CC2)nc1)C1COc2ccccc2O1
XS840129b,CC=1C(Cl)=CN=CC1NC(=O)N2CC3(CCOCC3)C2C(C)C,4.112,O=C(Nc1cccnc1)N1CC2(CCOCC2)C1
XS660062b,COC=1C(Cl)=C(Cl)C=CC1S(=O)(=O)N2CCCCC2C,0.44,O=S(=O)(c1ccccc1)N1CCCCC1
XS839291b,O=C1NN=C(C=C1N2CC(C=3C=CNN3)C4(CCC4)C2)C(F)(F)F,23.652,O=c1[nH]nccc1N1CC(c2cc[nH]n2)C2(CCC2)C1
XS841266b,COCCN1CCCN(CC1=O)C(=O)NC(C)C=2C=CN=CC2F,3.316,O=C1CN(C(=O)NCc2ccncc2)CCCN1
XS843900a,CCC1=NC=CN1C2CCCN(C2)C(=O)CC=3C=CC=4OCCC4C3,1.608,O=C(Cc1ccc2c(c1)CCO2)N1CCCC(n2ccnc2)C1
XS836838b,O=C(CC1SC=2C=CC=CC2NC1=O)NC=3C=CC=4NN=CC4C3,7.828,O=C(CC1Sc2ccccc2NC1=O)Nc1ccc2[nH]ncc2c1
XS553520b,COC=1C=C(C=CC1S(C)(=O)=O)C(C)NC=2C=CC(C)=C(F)C2,1.432,c1ccc(CNc2ccccc2)cc1
XS843899a,O=C(C1=CC=2CCCC2NC1=O)N3CCCC(CC3)C=4C=CC=CC4,3.446,O=C(c1cc2c([nH]c1=O)CCC2)N1CCCC(c2ccccc2)CC1
XS841242b,CC=1OC=CC1C2=CC(=NO2)NC(=O)NC(C=3C=CC=CN3)C4CC4,3.882,O=C(Nc1cc(-c2ccoc2)on1)NC(c1ccccn1)C1CC1
XS843897a,CC=1C=CC(C)=C(C1)OCC(O)CN2N=C(C=CC2=O)N3C=CN=C3,10.494,O=c1ccc(-n2ccnc2)nn1CCCOc1ccccc1
XS008468e,CC1=CC(C2=CSC(N)=N2)=C(C)N1CC3COC=4C=CC=CC4O3,1.77,c1ccc2c(c1)OCC(Cn1ccc(-c3cscn3)c1)O2
XS843914a,CC=1C=CC=C(C1)C(=O)NC(C(=O)NCCCN2C=CC=N2)C(C)C,4.33,O=C(CNC(=O)c1ccccc1)NCCCn1cccn1
XS843918a,O=C(NCC=1C=CC=C2OCOC12)C3CC(=NO3)C=4C=CC=C(F)C4,4.14,O=C(NCc1cccc2c1OCO2)C1CC(c2ccccc2)=NO1
XS692036b,CC=1C(=CC=CC1NC(=O)NC2CCC3=NC=NN3C2)COC(C)C,9.014,O=C(Nc1ccccc1)NC1CCc2ncnn2C1
XS838408b,COC=1C=C(N=C2C=CC=CC12)C(=O)OCC3CCCC4(CCC4)O3,3.118,O=C(OCC1CCCC2(CCC2)O1)c1ccc2ccccc2n1
XS841661b,COCC1=NN=C(CN(C2CC2)C3CCCOC=4C=CC(C)=CC43)O1,1.856,c1ccc2c(c1)OCCCC2N(Cc1nnco1)C1CC1
XS839305b,CCC1=CON=C1CN(CC(C)CC2CC2)C=3N=CC(C#N)=C(N)N3,0.552,c1cnc(N(CCCC2CC2)Cc2ccon2)nc1
XS840847b,CCC1CN(CCN1CC(F)F)C(=O)NC=2C=C(C=CC2C)OC,0.616,O=C(Nc1ccccc1)N1CCNCC1
XS843913a,CCCC(C)NC(=O)C=1C=CC(F)=C(C1)S(=O)(=O)N2CCCC2,1.2,O=S(=O)(c1ccccc1)N1CCCC1
XS843910a,CC=1C=CC=CC1N2CCN(CC2)C(=O)C(C)OC=3C=CC(F)=CC3,1.356,O=C(COc1ccccc1)N1CCN(c2ccccc2)CC1
XS842555b,CC=1C=C(OCC(=O)NC(C)C2=CC=CS2)C3=CC=CC(F)=C3N1,0.776,O=C(COc1ccnc2ccccc12)NCc1cccs1
XS843917a,CC=1C=C(ON1)C2CCCN2C(=O)C3=CSC(=N3)C=4C=NN(C)C4,5.564,O=C(c1csc(-c2cn[nH]c2)n1)N1CCCC1c1ccno1
XS718763b,CC=1C=C(C)N2N=CC(C(=O)NC(C)CC=3C=CC=CC3Cl)=C2N1,3.182,O=C(NCCc1ccccc1)c1cnn2cccnc12
XS390451b,CC(C(=O)NC1=NC=C(CC=2C=CC=C(Cl)C2)S1)N3C=CN=C3,11.272,O=C(Cn1ccnc1)Nc1ncc(Cc2ccccc2)s1
XS837378b,CC(CC1=NOC(=N1)C2(CC2)C=3C=CC=4OCOC4C3)P(C)(C)=O,5.612,c1noc(C2(c3ccc4c(c3)OCO4)CC2)n1
XS840808b,CC(C=1C=CC=CN1)N(CC=2C=CC=CC2)C(=O)C3=CC(=CN3)C(N)=O,1.74,O=C(c1ccc[nH]1)N(Cc1ccccc1)Cc1ccccn1
XS839840b,CC(C)CCOC(C)C(=O)N1CCN2C(=O)N(CC(F)F)N=C2C1,1.132,O=c1[nH]nc2n1CCNC2
XS501875b,COC1CCCCN(CC(=O)N2CCC(CC2)C3=CC=NN3C)C1=O,4.268,O=C(CN1CCCCCC1=O)N1CCC(c2ccn[nH]2)CC1
XS837354b,CC1=NC(=NO1)C(C)S(=O)(=O)CCN2C=C(Br)C=N2,1.426,O=S(=O)(CCn1cccn1)Cc1ncon1
XS843927a,O=C(CCC1=NC(=NO1)C=2C=CC=CC2)NC3CCOC=4C=CC=CC43,5.876,O=C(CCc1nc(-c2ccccc2)no1)NC1CCOc2ccccc21
XS843922a,CC(OC(=O)C=1C(F)=CC=CC1F)C(=O)NC=2C=CC(=CC2)C(N)=O,2.064,O=C(COC(=O)c1ccccc1)Nc1ccccc1
XS838681b,COC=1C=CC(=CC1O)CC(C)NC2=NC=C(O2)C(=O)OC(C)(C)C,1.82,c1ccc(CCNc2ncco2)cc1
XS840891b,CN1N=C(N=C1CC2COCC=3C=CC=CC32)C4=NC=CN5N=CC=C45,5.214,c1ccc2c(c1)COCC2Cc1nc(-c2nccn3nccc23)n[nH]1
XS840648b,CC=1C=C(NC(=O)C(C)N2CCC3=NN(C(=O)C=C3C2)C(C)C)ON1,9.77,O=C(CN1CCc2n[nH]c(=O)cc2C1)Nc1ccno1
XS841466b,ClC=1C=CC(CNC(C2=NN=CN2)C=3C=CC=CC3)=C4N=CC=CC14,0.542,c1ccc(C(NCc2cccc3cccnc23)c2nnc[nH]2)cc1
XS839874b,COC1=C(C=NN1C)C(=O)N(C)C(C)C2=NC=3C=C(Cl)C=CC3N2,1.216,O=C(NCc1nc2ccccc2[nH]1)c1cn[nH]c1
XS843921a,CN1C=C(C=N1)CC2CCN(C2)C(=O)NCCCC=3C=CC=C(F)C3,2.794,O=C(NCCCc1ccccc1)N1CCC(Cc2cn[nH]c2)C1
XS839899b,CN(CC1=NC(=CS1)C(F)(F)F)C(=O)C2CCC3=NN=CN3C2,1.552,O=C(NCc1nccs1)C1CCc2nncn2C1
XS840574b,CCC=1N=C(OC1C=2C=CC=CC2)C(C)NC=3C=CC=4CNC(=O)C4C3,2.848,O=C1NCc2ccc(NCc3ncc(-c4ccccc4)o3)cc21
XS843923a,O=C(C=1C=CC=C2NC=CC12)N3CCCC(C3)N4CCCS4(=O)=O,7.818,O=C(c1cccc2[nH]ccc12)N1CCCC(N2CCCS2(=O)=O)C1
XS533570b,CC1=NN=C2CNC(CN12)C(=O)N3CCN(CC3)C=4C=CC=CC4F,4.074,O=C(C1Cn2cnnc2CN1)N1CCN(c2ccccc2)CC1
XS842480b,[O-][N+](=O)C=1C(=O)N2C=CC=CC2=NC1N3CCCC3CC=4C=CC=CC4,5.74,O=c1cc(N2CCCC2Cc2ccccc2)nc2ccccn12
XS840885b,O=C(CCOC=1C=CC(Cl)=C(Cl)C1)NC2CCNC3(CCC3)C2,1.298,O=C(CCOc1ccccc1)NC1CCNC2(CCC2)C1
XS740789b,CCC=1C=CC(=CC1)C(C)NC(=O)CN2C=C(C=CC2=O)C(F)(F)F,4.448,O=C(Cn1ccccc1=O)NCc1ccccc1
XS843935a,CC=1C=CC(C)=C(C1)OC=2C=CC(=CN2)CNC(=O)C(C)N3C=NC=N3,5.208,O=C(Cn1cncn1)NCc1ccc(Oc2ccccc2)nc1
XS843940a,CCCN(C(=O)CC1=CN2C=CSC2=N1)C3CCC=4C=CC=CC4C3,2.576,O=C(Cc1cn2ccsc2n1)NC1CCc2ccccc2C1
XS838326b,COC1CC=2C=CC(=CC2C1)NS(=O)(=O)C=3C=CC(Cl)=CC3F,0.922,O=S(=O)(Nc1ccc2c(c1)CCC2)c1ccccc1
XS840247b,CC(CNC(=O)C1CC2(CSC2)C1)C=3C=CC(Br)=CC3,1.838,O=C(NCCc1ccccc1)C1CC2(CSC2)C1
XS843930a,CCC(C)NS(=O)(=O)C=1C=C(OC)C(Br)=CC1OC,0.624,c1ccccc1
XS843929a,CC(C)(C)C(=O)NCC(=O)N1CCC=2SC=CC2C1C=3C=CC=CC3,0.972,c1ccc(C2NCCc3sccc32)cc1
XS843939a,CC=1C=CC(=CC1)C=2N=NN(CC(=O)NC(C)C(=O)N3CCCCC3)N2,3.216,O=C(Cn1nnc(-c2ccccc2)n1)NCC(=O)N1CCCCC1
XS465992b,CCOC=1C=CC(=CC1)C2CCCN2C(=O)NC=3C=CC=4OCOC4C3,1.748,O=C(Nc1ccc2c(c1)OCO2)N1CCCC1c1ccccc1
XS783080b,CC1C2=NN=C(C3CCCC3)N2CCN1C(=O)N(C)CC=4C=CC=CC4,5.398,O=C(NCc1ccccc1)N1CCn2c(nnc2C2CCCC2)C1
XS841935b,O=C(NCC1(O)CCS(=O)(=O)C1)C=2C=CC=C(C2)OC3CCCC3,4.386,O=C(NCC1CCS(=O)(=O)C1)c1cccc(OC2CCCC2)c1
XS843928a,CC=1C=CC=CC1C(C)NC(=O)COC=2C=CC(=CC2)N3CCCC3=O,7.06,O=C(COc1ccc(N2CCCC2=O)cc1)NCc1ccccc1
XS840449b,CS(=O)(=O)CC(NC=1N=C2C=CC=CN2C1[N+]([O-])=O)C=3C=CC=CC3,5.208,c1ccc(CNc2cn3ccccc3n2)cc1
XS838327b,CC1=NN(C(C)=C1C2CCC(=O)N2)C=3C=CC=CC3S(=O)(=O)N(C)C,1.512,O=C1CCC(c2cnn(-c3ccccc3)c2)N1
XS843943a,CC(NC(=O)C1CCC1)C(=O)NC=2C=CC=C(C2)CN3CCCCC3=O,4.804,O=C(CNC(=O)C1CCC1)Nc1cccc(CN2CCCCC2=O)c1
XS836995b,CC1=C(C=NN1C=2C=CC(F)=CC2)C(C)NC=3C=C(N=CN3)N4C=CN=C4,3.584,c1ccc(-n2cc(CNc3cc(-n4ccnc4)ncn3)cn2)cc1
XS843947a,CN1C(=O)SC=2C=C(C=CC21)CN3CCC4(C3)C(=O)NC=5C=CC=CC54,1.322,O=C1Nc2ccccc2C12CCN(Cc1ccc3[nH]c(=O)sc3c1)C2
XS841769b,COC=1C=C(C=C(Cl)C1O)C(=O)NC(C)C2=NC=3CCCCC3S2,1.714,O=C(NCc1nc2c(s1)CCCC2)c1ccccc1
XS843946a,CCCC(C)NC(=O)COC(=O)C=1C=C(N=C2C=CC=CC12)C3=CC=CO3,2.374,c1coc(-c2ccc3ccccc3n2)c1
XS841934b,O=S1(=O)CCC(C1)NC2CCN(CC2)C=3C=NC4=C(F)C=CC=C4N3,3.68,O=S1(=O)CCC(NC2CCN(c3cnc4ccccc4n3)CC2)C1
XS774508b,CC1=CC(=NO1)NC(=O)C(C)N2CCN(CC2)C=3C=CC(C#N)=CC3F,4.0,O=C(CN1CCN(c2ccccc2)CC1)Nc1ccon1
XS185209b,O=C(NC=1C=CN=CC1)C2CC(=O)N(C2)C=3C=CC=C(Br)C3,14.786,O=C(Nc1ccncc1)C1CC(=O)N(c2ccccc2)C1
XS843955a,CN(CC(=O)NC=1C=CC=2OC(F)(F)OC2C1)C3CCS(=O)(=O)C3,4.188,O=C(CNC1CCS(=O)(=O)C1)Nc1ccc2c(c1)OCO2
XS843953a,CC=1C=CC(=CC1)C(=O)N(CC=2C=CC=C(F)C2)C3CCS(=O)(=O)C3,35.818,O=C(c1ccccc1)N(Cc1ccccc1)C1CCS(=O)(=O)C1
XS843952a,O=C(NCC(C1=CNC=2C=CC=CC12)C=3C=CC=CC3)N4CCCC54CC5,3.41,O=C(NCC(c1ccccc1)c1c[nH]c2ccccc12)N1CCCC12CC2
XS843948a,CC(C)COC(=O)C12CCC(=O)N2C=3C=CC=CC3C(=O)N1CC(C)C,4.842,O=C1NC2CCC(=O)N2c2ccccc21
XS837015c,O=C(C1=CC=2C=CC(F)=CC2S1)N3CCCCC3CCN4C=CN=N4,5.002,O=C(c1cc2ccccc2s1)N1CCCCC1CCn1ccnn1
XS837637b,NC=1N=CN(CC(=O)N2CCCC2C=3C=CC=C(C3F)C(F)(F)F)N1,9.852,O=C(Cn1cncn1)N1CCCC1c1ccccc1
XS843951a,CC=1C=NC(=CN1)C(=O)NCC(C=2C=CC=CC2Cl)N3CCOCC3,1.934,O=C(NCC(c1ccccc1)N1CCOCC1)c1cnccn1
XS394163b,CN(CC1=NC=2C=CC=CC2C(=O)N1)C(C(=O)NC(N)=O)C=3C=CC=CC3,1.308,O=c1[nH]c(CNCc2ccccc2)nc2ccccc12
XS843959a,CCNC(=O)C(C)OC(=O)C1=NN(C=2C=CC(F)=CC2)C=3CCCCCC13,0.57,c1ccc(-n2ncc3c2CCCCC3)cc1
XS838983b,CC(CC=1C=NN(C)C1)CN(CC=2C=CC(C#N)=CC2)C=3C=C(C#N)N=CN3,4.496,c1ccc(CN(CCCc2cn[nH]c2)c2ccncn2)cc1
XS545746b,O=C(N1CCC(C1)OCC=2C=CN=CC2)C3(CCOCC3)C=4C=CC=CC4,0.284,O=C(N1CCC(OCc2ccncc2)C1)C1(c2ccccc2)CCOCC1
XS843966a,CC1(CNC(=O)C=2C=NC=C3NC=CC23)CCN(C1)C=4C=CC(Cl)=CC4,2.394,O=C(NCC1CCN(c2ccccc2)C1)c1cncc2[nH]ccc12
XS839159b,O=C(CC=1C=CC(=CC1)S(=O)(=O)C(F)F)N2CCOC(CC2)C3CC3,5.088,O=C(Cc1ccccc1)N1CCOC(C2CC2)CC1
XS841553b,COC1(CCCCC1)C(F)(F)C(=O)N(CC2CCCO2)C=3C=CN=NC3,3.776,O=C(CC1CCCCC1)N(CC1CCCO1)c1ccnnc1
DR001136c,CC=1C=CC=C(C1)C(CC(=O)NCC=2C=CC=3NCCOC3C2)NC(N)=O,2.778,O=C(CCc1ccccc1)NCc1ccc2c(c1)OCCN2
XS843961a,COC=1C=CC(=CC1)N2CC(CC2=O)C(=O)NC3=NN=C(N3)C(F)(F)F,7.56,O=C(Nc1nnc[nH]1)C1CC(=O)N(c2ccccc2)C1
XS840958b,CC(C=1C=CC(=CC1)S(C)(=O)=O)S(=O)(=O)NCC2=CC=C(C#N)O2,2.522,O=S(=O)(Cc1ccccc1)NCc1ccco1
XS842493b,CC(C=1C=CC(=CC1)S(N)(=O)=O)N(C)CC2=CC(=NO2)C=3C=CC=CC3,0.876,c1ccc(CNCc2cc(-c3ccccc3)no2)cc1
XS662803b,CC(CNC(=O)C1=CSC(=N1)C=2C=NN(C)C2)N3CCC=4C=CC=CC43,2.212,O=C(NCCN1CCc2ccccc21)c1csc(-c2cn[nH]c2)n1
XS843956a,CC(C)C(=O)N1N=C(CC1C=2C=CC=CC2NS(C)(=O)=O)C3=CC=CO3,0.832,c1ccc(C2CC(c3ccco3)=NN2)cc1
XS843967a,COC=1C=CC(=CC1F)C(C)NC(=O)C=2C=CC=C(C2)N3C(=O)CCC3=O,1.106,O=C(NCc1ccccc1)c1cccc(N2C(=O)CCC2=O)c1
XS843965a,COC=1C=CC(=CC1OCC(N)=O)NC(C)C2=NC(=NO2)C3=CC=CS3,23.592,c1ccc(NCc2nc(-c3cccs3)no2)cc1
XS843974a,CN1C=CN=C1C(NC(=O)COC=2C=CC(C#N)=CC2Cl)C=3C=CC=CC3,1.318,O=C(COc1ccccc1)NC(c1ccccc1)c1ncc[nH]1
XS830336b,COC=1C=CC(OC)=C(C1)C(C)NC(=O)CNC(=O)C=2C=CC=CC2Cl,2.722,O=C(CNC(=O)c1ccccc1)NCc1ccccc1
XS843979a,COCCOC=1C=CC(=CC1OC)C(C)NC(=O)CN2N=NC=3C=CC=CC32,2.746,O=C(Cn1nnc2ccccc21)NCc1ccccc1
XS843975a,COC1=CC(=CC(OC)=C1OC)C(=O)NC(C)C(=O)NC2=NC=C(C)S2,4.306,O=C(CNC(=O)c1ccccc1)Nc1nccs1
XS843980a,CC1=NNC=2C=NC(=CC12)C(=O)NC(CO)C=3C=CC(F)=C(C3)C(F)(F)F,1.316,O=C(NCc1ccccc1)c1cc2cn[nH]c2cn1
XS843972a,CCN1N=CC=2C=C(C(=O)N(C(C)C)C3CCCC=4C=CC=NC43)C(C)=NC21,3.168,O=C(NC1CCCc2cccnc21)c1cnc2[nH]ncc2c1
XS838653b,O=C1NCCN1C=2C=C(C=CC2F)NC3CCOC4(CCC(F)(F)CC4)C3,3.434,O=C1NCCN1c1cccc(NC2CCOC3(CCCCC3)C2)c1
HL001122b,CC(NC(=O)C=1C=NN(C)C1CC=2C=CC=CC2)C=3C=CC(=CC3)C=4N=NNN4,13.658,O=C(NCc1ccc(-c2nn[nH]n2)cc1)c1cn[nH]c1Cc1ccccc1
XS518416b,CC1=C(C=NN1C)C(C)NC(=O)N2CCC(CC2)OC=3C=CC(F)=CC3F,3.878,O=C(NCc1cn[nH]c1)N1CCC(Oc2ccccc2)CC1
XS843978a,O=C(NCC=1C=CC=NC1N2C=NC=N2)C3CC(=O)N(CC=4C=CC=CN4)C3,4.402,O=C(NCc1cccnc1-n1cncn1)C1CC(=O)N(Cc2ccccn2)C1
XS843971a,CC(=O)N1CCN(CC1)S(=O)(=O)C2CCCN(C2)C(=O)C=3C=CC=CC3,4.328,O=C(c1ccccc1)N1CCCC(S(=O)(=O)N2CCNCC2)C1
XS431184b,CC(C)CNC(=O)C(C)SC=1C=CC(=CN1)S(=O)(=O)N2CCOCC2,2.768,O=S(=O)(c1cccnc1)N1CCOCC1
XS843973a,CCC(=O)N1N=C(CC1C=2C=CC(C)=CC2)C=3C=CC=CC3NS(C)(=O)=O,1.376,c1ccc(C2=NNC(c3ccccc3)C2)cc1
XS837343b,O=C(C=1C=CC=2NCCOCC2C1)N3CCCC(CC4(N=N4)C(F)(F)F)C3,0.878,O=C(c1ccc2c(c1)COCCN2)N1CCCC(CC2N=N2)C1
XS841647b,CC(C1=CN(N=N1)C=2C=CC=CC2)N3C=C(N=N3)C=4C=CC=C(F)C4C(=O)O,5.574,c1ccc(-c2cn(Cc3cn(-c4ccccc4)nn3)nn2)cc1
XS843976a,CCN1CCN(C(=O)C=2C=C(C=3C=CC(OC)=C(C3)OC)N(C)N2)C(C)C1=O,4.36,O=C1CN(C(=O)c2cc(-c3ccccc3)[nH]n2)CCN1
XS843991a,COCCOC=1C=CC(=CC1C)S(=O)(=O)N2CCCC(C2)C3=NC(C)=NO3,6.354,O=S(=O)(c1ccccc1)N1CCCC(c2ncno2)C1
XS843987a,CCC=1C=CC=CC1C(=O)NC=2C=CC=C3C(=O)N(CC23)C4CCC(=O)NC4=O,2.986,O=C1CCC(N2Cc3c(NC(=O)c4ccccc4)cccc3C2=O)C(=O)N1
XS838093b,CC1=NC(=NN1)C2CCN(C2)S(=O)(=O)C3=NC(C)=C(Br)S3,1.714,O=S(=O)(c1nccs1)N1CCC(c2nc[nH]n2)C1
XS837035b,O=C(NC=1C=CC=C(C1)C2=NC(CC3=CN4C=CC=CC4=N3)=NO2)C5CCCO5,7.632,O=C(Nc1cccc(-c2nc(Cc3cn4ccccc4n3)no2)c1)C1CCCO1
XS707131b,CCCCN(C(=O)COC(=O)C1=NNC=2C=CC=CC12)C3CCS(=O)(=O)C3,2.406,O=C(COC(=O)c1n[nH]c2ccccc12)NC1CCS(=O)(=O)C1
XS843982a,CN1C(=CC=2C=CC=CC21)C(=O)NC(CC=3C=CC=CC3)C(=O)N4CCCCC4,11.268,O=C(NC(Cc1ccccc1)C(=O)N1CCCCC1)c1cc2ccccc2[nH]1
XS840346b,CC(C)C1C(=O)NCCN1C(=O)NC=2C=CN(N2)C=3N=CC=CC3C(F)(F)F,2.28,O=C1CN(C(=O)Nc2ccn(-c3ccccn3)n2)CCN1
XS840961b,O=C(NCC1CCN(C1)C(=O)C2=CC=3CCCC3S2)C=4C=CN5C=CN=C5C4,3.364,O=C(NCC1CCN(C(=O)c2cc3c(s2)CCC3)C1)c1ccn2ccnc2c1
XS843985a,CC(CCC=1C=CC=CC1F)C(=O)NC=2C=CC=3NC(=O)CS(=O)(=O)C3C2,2.342,O=C(CCCc1ccccc1)Nc1ccc2c(c1)S(=O)(=O)CC(=O)N2
XS841378b,O=C(NC=1C=CN(CC2CCOC2)N1)NC=3C=C(F)C(=CC3F)OC(F)F,0.552,O=C(Nc1ccccc1)Nc1ccn(CC2CCOC2)n1
XS515065b,COC=1C=CC(=CC1)C2(CNC(=O)C(C)N3CCC=4C=CC=CC43)CCOCC2,2.56,O=C(CN1CCc2ccccc21)NCC1(c2ccccc2)CCOCC1
XS843990a,O=C1C=2C=CC=C(NS(=O)(=O)C3=CC=CO3)C2CN1C4CCC(=O)NC4=O,4.668,O=C1CCC(N2Cc3c(NS(=O)(=O)c4ccco4)cccc3C2=O)C(=O)N1
XS843994a,CCCC(=O)NC1CCCN(C1)C(=O)C=2C=NN(C2C)C=3C=CC=C(Cl)C3,6.204,O=C(c1cnn(-c2ccccc2)c1)N1CCCCC1
XS842143b,COC(=O)C1CCCCN1CC2=CN(CCCOC=3C=CC4=CC=CC=C4C3)N=N2,2.112,c1ccc2cc(OCCCn3cc(CN4CCCCC4)nn3)ccc2c1
XS840989b,O=C(NCCN1CCC=2C(Cl)=CC=CC2C1=O)N3CCCC(C3)C4=NC=CN4,2.214,O=C(NCCN1CCc2ccccc2C1=O)N1CCCC(c2ncc[nH]2)C1
XS844004a,CC(C)(C)C=1C=CC(=CC1)CCNC(=O)NC(CN2CCCC2=O)C=3C=CC=CC3,4.924,O=C(NCCc1ccccc1)NC(CN1CCCC1=O)c1ccccc1
XS171670d,CC(OC(=O)C=1C=CC=C(C1)N2C(=O)CCC2=O)C(=O)N3CCCC=4C=CC=CC43,11.472,O=C(OCC(=O)N1CCCc2ccccc21)c1cccc(N2C(=O)CCC2=O)c1
XS843995a,CCN(C(=O)CSC1=NC(CC=2C=CC=CC2)=C(C)N1)C3CCS(=O)(=O)C3,1.258,O=C(CSc1nc(Cc2ccccc2)c[nH]1)NC1CCS(=O)(=O)C1
XS844003a,CC=1C=CN2C(=O)C(=CN=C2C1)C(=O)NCC=3C=CC=CC3CN4CCCC(C)C4,1.014,O=C(NCc1ccccc1CN1CCCCC1)c1cnc2ccccn2c1=O
XS843999a,COC1=CC(OC)=C(Cl)C=C1N2CC(CC2=O)C(=O)OCC=3C=CC(C#N)=CC3,4.782,O=C(OCc1ccccc1)C1CC(=O)N(c2ccccc2)C1
XS844000a,CC(C)N(C)S(=O)(=O)C=1C=CC(Cl)=C(C1)C(=O)NC(C)C2=CC=CS2,0.756,O=C(NCc1cccs1)c1ccccc1
XS844002a,CC(C(=O)NC=1C=CC=C(C1)NS(=O)(=O)C=2C=CC(Cl)=CC2)N3C=CC=N3,15.16,O=C(Cn1cccn1)Nc1cccc(NS(=O)(=O)c2ccccc2)c1
XS628562b,COC=1C=CC(C(=O)N2CCN(CC2)C3CCC=4C=CC=CC4NC3=O)=C(C1)OC,0.476,O=C1Nc2ccccc2CCC1N1CCN(C(=O)c2ccccc2)CC1
XS843997a,CC(C)C(NC(=O)C=1C=CC(F)=CC1)C(=O)N2CC=C(CC2)C3=CNC=4C=CC=CC34,7.186,O=C(NCC(=O)N1CC=C(c2c[nH]c3ccccc23)CC1)c1ccccc1
XS837585b,COC(=O)C1CC=2C=CC(Br)=CC2CN1CC3=CN4C=CC=C(F)C4=N3,6.172,c1ccc2c(c1)CCN(Cc1cn3ccccc3n1)C2
XS840415b,COC(=O)C=1C=NC(NC(C)C2=CC=3C=CC=CC3O2)=C(C1)S(=O)(=O)N4CCOCC4,0.544,O=S(=O)(c1cccnc1NCc1cc2ccccc2o1)N1CCOCC1
XS840404b,CC1=CC(=C(C)O1)C2=NN=C(CN(C)CC=3C(C)=NN(C3C)C4CCS(=O)(=O)C4)O2,3.732,O=S1(=O)CCC(n2cc(CNCc3nnc(-c4ccoc4)o3)cn2)C1
XS844018a,COC=1C=CC=C2CC(OC12)C(=O)OCC(=O)N3CCN(CC(=O)NC=4C(C)=CC=CC4C)CC3,3.332,O=C(CN1CCN(C(=O)COC(=O)C2Cc3ccccc3O2)CC1)Nc1ccccc1
XS840678b,COC=1C=CC(=CC1)C=2CC(C3=CC=CO3)N(N2)C(=O)COC(=O)C=4C(C)=NOC4N,1.546,O=C(OCC(=O)N1N=C(c2ccccc2)CC1c1ccco1)c1cnoc1
XS844010a,COC(=O)CCN1C(=O)C2=C(N=C3N(C(C)=C(C)N32)C(C)C=4C=CC=CC4)N(C)C1=O,1.632,O=c1[nH]c(=O)c2c(nc3n(Cc4ccccc4)ccn23)[nH]1
XS844016a,CCN(CC)S(=O)(=O)C=1C=CC(Cl)=C(C1)NC(=O)C(C)N2CCC=3C=CC=CC32,1.106,O=C(CN1CCc2ccccc21)Nc1ccccc1
XS839003b,CN1C(=O)N(C=2C=C(C=CC21)NS(=O)(=O)CC=3C=CC=CC3)C4CCC(=O)NC4=O,14.608,O=C1CCC(n2c(=O)[nH]c3ccc(NS(=O)(=O)Cc4ccccc4)cc32)C(=O)N1
XS841367b,O=S1(=O)NC(CN2CCOCC2C=3C=CC(=CC3)C(F)(F)F)=NC=4C=CC=CC41,6.906,O=S1(=O)NC(CN2CCOCC2c2ccccc2)=Nc2ccccc21
XS390915b,CC(C1=NC=2C=CC=CC2C(=O)N1)N3CCCN(CC3)S(=O)(=O)C=4C=CC(F)=CC4,3.474,O=c1[nH]c(CN2CCCN(S(=O)(=O)c3ccccc3)CC2)nc2ccccc12
XS844009a,O=C(CN1CCN(CC(=O)N2CCC=3SC=CC3C2C4=CC=CS4)CC1)NCC=5C=CC=CC5,3.438,O=C(CN1CCN(CC(=O)N2CCc3sccc3C2c2cccs2)CC1)NCc1ccccc1
XS844012a,CN(C=1C=CC(F)=CC1)S(=O)(=O)C=2C=CC(Cl)=C(C2)C(=O)NCC3CCCO3,1.318,O=C(NCC1CCCO1)c1cccc(S(=O)(=O)Nc2ccccc2)c1
XS844013a,CC(C)C1=NOC(=N1)C(C)N2CCN(CC2)S(=O)(=O)C3=CC=C(Br)S3,7.646,O=S(=O)(c1cccs1)N1CCN(Cc2ncno2)CC1
XS842525b,N#CCN1CCCC(O)(C1)C(=O)N2CCCC2,1.51,O=C(C1CCCNC1)N1CCCC1
XS844029a,CC(CN1C=CC=N1)NC(=O)C2=CC=CS2,0.632,O=C(NCCn1cccn1)c1cccs1
XS844030a,O=C(NC1CCCCNC1=O)C=2C=CC=CC2,1.056,O=C(NC1CCCCNC1=O)c1ccccc1
XS715214b,CC1C=2C=CC=CC2CCN1C=3C=NC(C#N)=CN3,5.056,c1ccc2c(c1)CCN(c1cnccn1)C2
XS839019b,CC(=O)NCC1CC2(CC(F)(F)C2)CO1,0.486,C1CC2(C1)CCOC2
XS836997b,CC(NC=1C=CC=CC1)C2=NN=CN2,1.318,c1ccc(NCc2nnc[nH]2)cc1
XS839333b,CC1(CC1)C2CN(CCO2)C3=NN=C(N)S3,1.182,c1nnc(N2CCOC(C3CC3)C2)s1
XS844024a,CC1=CSC(=N1)SC2CCCCNC2=O,1.616,O=C1NCCCCC1Sc1nccs1
XS844031a,CCCC(=O)NC(C)C1=NN=C2CCCN12,1.052,c1nnc2n1CCC2
XS722861b,O=C(NC(C=1N=NNN1)C2CC2)C=3C=CC=CC3,0.74,O=C(NC(c1nn[nH]n1)C1CC1)c1ccccc1
XS844038a,CC=1C=CC(=CN1)C(=O)NC2CCC(=O)NC2,3.606,O=C1CCC(NC(=O)c2cccnc2)CN1
XS840087b,CN(C)C(=O)N1CCCC2(CCO2)CC1,1.472,C1CNCCC2(C1)CCO2
XS844033a,CNC(=O)C1CC(=O)N(C1)C=2C=CC(F)=CC2,1.762,O=C1CCCN1c1ccccc1
XS838131b,CC1=NSC(=N1)NC2CC32CCCC3,5.608,c1nsc(NC2CC23CCCC3)n1
XS838565b,CC1=NN(C(=O)C2=C1C=NN2C)C3CCOC3(C)C,1.532,O=c1c2[nH]ncc2cnn1C1CCOC1
XS839432b,CN1CCC(C(=O)NC2=CC=CN3N=CC=C23)C1=O,4.49,O=C1NCCC1C(=O)Nc1cccn2nccc12
XS177501c,O=C(NCC1CCCO1)C=2C=CC=C3C=CC=NC23,1.296,O=C(NCC1CCCO1)c1cccc2cccnc12
XS844044a,CC(=O)N1C=2C=CC(=CC2CC1C)S(N)(=O)=O,2.186,c1ccc2c(c1)CCN2
XS569891b,CN1CC(CC1=O)C(=O)NC=2C=CC(Cl)=C(F)C2,4.986,O=C1CC(C(=O)Nc2ccccc2)CN1
XS844046a,CCC1CN(CCO1)C(=O)C2=CC=CC3=NN=CN23,0.634,O=C(c1cccc2nncn12)N1CCOCC1
XS844043a,CC(C1=CC=CS1)N(C)C(=O)C=2C=CC(O)=NC2,3.242,O=C(NCc1cccs1)c1cccnc1
XS844042a,O=C1CCC2CN(CCN12)C=3N=CN=C4NC=CC34,2.66,O=C1CCC2CN(c3ncnc4[nH]ccc34)CCN12
XS837638b,CN(C(=O)C1CCCC=2C=CC=CC21)C3=NC=CS3,2.858,O=C(Nc1nccs1)C1CCCc2ccccc21
XS536410b,O=C(C=1C=CC=CN1)N(C=2C=CC=CC2)C3CCOC3,0.69,O=C(c1ccccn1)N(c1ccccc1)C1CCOC1
XS844040a,CC1CNC=2C=CC=CC2N(CC=3C=CC=CC3)C1=O,1.532,O=C1CCNc2ccccc2N1Cc1ccccc1
XS844047a,CCC(C)NC(=O)NC=1C=CC(=NC1)N2C=CC=N2,1.716,c1ccc(-n2cccn2)nc1
XS840522b,COC=1C=CN=C(N1)N2CCC=3SC=CC3C2C,4.662,c1cnc(N2CCc3sccc3C2)nc1
XS844049a,CN(C(=O)C1=CC=CS1)C2CCS(=O)(=O)C2,2.27,O=C(NC1CCS(=O)(=O)C1)c1cccs1
XS839733b,CC(C)C1=CNN=C1NC(=O)C(C)C=2C=CSC2,0.44,O=C(Cc1ccsc1)Nc1cc[nH]n1
XS844048a,COC=1C=CC(=CC1)NC(C)C(=O)NC=2C=CC=CC2,1.054,O=C(CNc1ccccc1)Nc1ccccc1
XS838227b,NC=1C=C(Br)C=CC1OCC2CCOC2,3.872,c1ccc(OCC2CCOC2)cc1
XS837379b,CCCC1CCCN(C1)C(=O)C=2NC(=O)NC(=O)C2N,13.024,O=C(c1cc(=O)[nH]c(=O)[nH]1)N1CCCCC1
XS622274b,O=C(O)C1CCN(C1)C(=O)C2=CC=3C=CC=CC3S2,1.546,O=C(c1cc2ccccc2s1)N1CCCC1
XS822293b,CC(NC(=O)NC=1C=CC=C(F)C1)C(=O)N2CCCC2,5.386,O=C(NCC(=O)N1CCCC1)Nc1ccccc1
XS838366b,CC1CC=2C=C(C=CC2O1)CC3=NC(=NO3)C4=CNN=N4,3.402,c1cc2c(cc1Cc1nc(-c3c[nH]nn3)no1)CCO2
XS837724b,N#CCC(NC=1N=CC2=CC=CN=C2N1)C=3C=CC=CC3,2.984,c1ccc(CNc2ncc3cccnc3n2)cc1
XS844055a,CN(C(=O)C1CC(=O)N(C1)C2CCCC2)C3CCCC3,1.726,O=C(NC1CCCC1)C1CC(=O)N(C2CCCC2)C1
XS844060a,CCCNC(=O)C(C)NC(=O)NC=1C=CC=CC1CC,2.374,c1ccccc1
XS440587b,COCC(NC=1N=C(C)N=C2SC=C(C)C12)C(N)=O,0.892,c1ncc2ccsc2n1
XS582257b,CNC(=O)NC(=O)C(C)SCC=1C=CC=C(C1)OC,1.602,c1ccccc1
XS837029b,C#CC1CCCN(CC=2C=NSC2Br)C1,1.148,c1nscc1CN1CCCCC1
XS660292b,CCC(CO)NS(=O)(=O)C=1C=C(C)C=CC1OC,0.408,c1ccccc1
XS388677b,O=S(=O)(C=1C=CC=CC1)N2CCCC(C2)C(F)(F)F,2.226,O=S(=O)(c1ccccc1)N1CCCCC1
XS844077a,O=C(NCC=1C=CC=2OCCC2C1)C3CC=4C=CC=CC4O3,2.338,O=C(NCc1ccc2c(c1)CCO2)C1Cc2ccccc2O1
XS580838b,O=C(C1CCC(=O)NC1)N2CCN(CC2)C=3N=CC=CN3,4.404,O=C1CCC(C(=O)N2CCN(c3ncccn3)CC2)CN1
XS844071a,CC=1C=C(C)N(CC(C)CNC(=O)C=2C=CC=NC2O)N1,1.166,O=C(NCCCn1cccn1)c1cccnc1
XS844066a,CC(OC(=O)COC=1C=CC=CC1C#N)C(=O)NC2CC2,0.65,O=C(COC(=O)COc1ccccc1)NC1CC1
XS844076a,O=C(NC1CCCNC1=O)C2=CC=3C(F)=CC=CC3S2,14.188,O=C(NC1CCCNC1=O)c1cc2ccccc2s1
XS844069a,CCC(C)C=1C=CC(=CC1)S(=O)(=O)N2CCNC(=O)C2,3.92,O=C1CN(S(=O)(=O)c2ccccc2)CCN1
XS844070a,CC=1SC=2N=C(CN3CCCCC3C)NC(=O)C2C1C,2.04,O=c1[nH]c(CN2CCCCC2)nc2sccc12
XS006096e,CC(CC1=NC=2C=CC=CC2S1)(C(=O)O)C=3C=CC=CC3,2.474,c1ccc(CCc2nc3ccccc3s2)cc1
XS839893b,CCC=1C=CC=2OC=C(C(=O)NC3(C)CCOC3=O)C2C1,0.746,O=C(NC1CCOC1=O)c1coc2ccccc12
XS185697b,N#CC=1C=CC(=CC1)NC(=O)N2CCCC2C=3C=CC=NC3,9.972,O=C(Nc1ccccc1)N1CCCC1c1cccnc1
XS400945b,O=C(C1=NNC=2C=CC=CC12)N3CCCC(C3)N4C=CC=N4,6.798,O=C(c1n[nH]c2ccccc12)N1CCCC(n2cccn2)C1
XS844067a,CCCCOC(C)C(=O)NC1=NC=NN1C=2N=CC=CN2,1.342,c1cnc(-n2cncn2)nc1
XS837450b,CC(C=1C=C(Cl)C=CC1Cl)N2CCN3N=CN=C3C2,2.482,c1ccc(CN2CCn3ncnc3C2)cc1
XS844072a,COC=1C=CC(=CC1)CC(=O)NC(C)CCC2=CC=CO2,2.738,O=C(Cc1ccccc1)NCCCc1ccco1
XS844074a,CC=1C=CC=CC1CC(=O)NC(C)C2=NC=3C=CC=CC3N2,0.85,O=C(Cc1ccccc1)NCc1nc2ccccc2[nH]1
XS844083a,CCC1(CC)CN(C(=O)C(C)N2C=NC=N2)C=3C=CC=CC31,1.532,O=C(Cn1cncn1)N1CCc2ccccc21
XS844082a,O=C(CC1=CC=NN1)NC(CC2CCCC2)C=3C=CC=CC3,1.21,O=C(Cc1ccn[nH]1)NC(CC1CCCC1)c1ccccc1
XS844081a,CN1C=CN=C1SC2CCN(C2=O)C=3SC=CC3C#N,0.958,O=C1C(Sc2ncc[nH]2)CCN1c1cccs1
XS841636b,FC(F)CC(CNC=1C=CC=2COCC2C1)C=3C=CC=CC3,3.556,c1ccc(CCNc2ccc3c(c2)COC3)cc1
XS844090a,CC=1C=C(NC(=O)NC2CCSC=3C=CC=CC32)N(C)N1,0.822,O=C(Nc1ccn[nH]1)NC1CCSc2ccccc21
XS844092a,COC=1C=CC(=CN1)NC(=O)NCC2CC=3C=CC=CC3O2,0.632,O=C(NCC1Cc2ccccc2O1)Nc1cccnc1
XS844080a,CC=1C=CC=C(NC(C)C(=O)NC=2C=CC(Cl)=CN2)C1C,2.076,O=C(CNc1ccccc1)Nc1ccccn1
XS842423b,COCCN(C)C(=O)C(C)C1=CC=C(Br)S1,2.394,c1ccsc1
XS844091a,O=C(NCCC=1C=CC=2OCCOC2C1)C3CCC(=O)NC3,1.432,O=C1CCC(C(=O)NCCc2ccc3c(c2)OCCO3)CN1
XS844085a,CC=1C=CC(=CN1)C(=O)OC(C)C(=O)NCC=2C=CC=CC2,12.112,O=C(COC(=O)c1cccnc1)NCc1ccccc1
XS844079a,CC(C)(C)C=1C=C(NN1)C(=O)N2CCCC(C2)N3C=CC=N3,4.186,O=C(c1ccn[nH]1)N1CCCC(n2cccn2)C1
XS844086a,CC1CCCN(C1)C(=O)COC=2C=CC(=CC2)C3=NN=CO3,1.642,O=C(COc1ccc(-c2nnco2)cc1)N1CCCCC1
XS838071b,CN1C=C(N=N1)NC(=O)NC(C=2C=CC=CC2)C(F)(F)F,0.614,O=C(NCc1ccccc1)Nc1c[nH]nn1
XS842220b,CC1CCN(CC21CCC2)C(=O)C=3C=C(C=NC3O)[N+]([O-])=O,0.916,O=C(c1cccnc1)N1CCCC2(CCC2)C1
XS837007b,FC1(F)CCC(C1)C2=NC(CC=3C=CC=4C=NNC4C3)=NO2,1.162,c1cc2cn[nH]c2cc1Cc1noc(C2CCCC2)n1
XS844103a,CC(NC(=O)N1CCC(CC1)C=2C=CC=CC2)C3=NN=CN3C,6.136,O=C(NCc1nnc[nH]1)N1CCC(c2ccccc2)CC1
XS844102a,ClC=1C=CC(=CC1)C2C=C(NC3=NN=NN32)C=4C=CN=CC4,3.354,C1=C(c2ccncc2)Nc2nnnn2C1c1ccccc1
XS844097a,O=C(NCC1(CC1)C=2C=CC(Cl)=CC2)C3CCNC(=O)C3,1.13,O=C1CC(C(=O)NCC2(c3ccccc3)CC2)CCN1
XS808755b,CC1=CC(=NN1)C2CCCN(C2)C(=O)C=3C=CN=C(N3)C4CC4,5.062,O=C(c1ccnc(C2CC2)n1)N1CCCC(c2cc[nH]n2)C1
XS838422b,CC1=NN=C(O1)C(C)N2C=C(CN3C=CC=4C=CC=CC43)N=N2,2.872,c1ccc2c(c1)ccn2Cc1cn(Cc2nnco2)nn1
XS839922b,O=C(NCC1CCC=2C=CC=CC2N1)C=3C=CN4C=NC=C4C3,0.742,O=C(NCC1CCc2ccccc2N1)c1ccn2cncc2c1
XS844101a,CC1(CCS(=O)(=O)C1)NS(=O)(=O)C=2C=CC(F)=CC2,18.672,O=S1(=O)CCC(NS(=O)(=O)c2ccccc2)C1
XS844100a,CC1=CC(C)=NN1CC(C)CNC(=O)C=2C=C(F)C=C(F)C2,0.764,O=C(NCCCn1cccn1)c1ccccc1
XS716325b,CC=1C=C(ON1)C(=O)NC(CN2CCCC2=O)C=3C=CC=CC3,1.99,O=C(NC(CN1CCCC1=O)c1ccccc1)c1ccno1
XS570872b,CC=1C=CC=CC1C(=O)N2CCCC(C2)C3=NNC(=N3)C4CC4,1.302,O=C(c1ccccc1)N1CCCC(c2n[nH]c(C3CC3)n2)C1
XS837584b,O=C(NNC(=O)C1CC=2C=CC=CC2O1)C3=CN=C(O3)C4CC4,4.34,O=C(NNC(=O)C1Cc2ccccc2O1)c1cnc(C2CC2)o1
XS839342b,CC(CNC1=NC=NS1)OC=2C=CC=C(Br)C2,1.618,c1ccc(OCCNc2ncns2)cc1
XS838276b,C1=CSC(=C1)C=2C=NC=C(N2)NCC3COC=4C=CC=CC43,3.358,c1csc(-c2cncc(NCC3COc4ccccc43)n2)c1
XS838567b,FC=1C=CC(=CC1)C2COCCN2CC3=CNC=4C=NC=CC34,1.168,c1ccc(C2COCCN2Cc2c[nH]c3cnccc23)cc1
XS726467b,COC=1C=CC=C(C1)N2CC(CC2=O)NC(=O)C=3C=CC=CC3,4.866,O=C(NC1CC(=O)N(c2ccccc2)C1)c1ccccc1
XS837962b,O=S1(=O)CCC2(C1)CN(CCO2)C=3C(F)=CN=CC3Cl,10.214,O=S1(=O)CCC2(CN(c3ccncc3)CCO2)C1
XS844113a,COC(=O)C=1C=CC(=CC1)OCC(=O)N2CCCC(C2)C(N)=O,1.984,O=C(COc1ccccc1)N1CCCCC1
XS841768b,CC(NC(=O)C=1OC=C2CCCC12)(C(=O)O)C=3C=CC(F)=CC3,0.514,O=C(NCc1ccccc1)c1occ2c1CCC2
XS837143b,CC(O)(CNC1=CC(=O)NC=2C=NC=CC12)CC3CCCCC3,0.862,O=c1cc(NCCCC2CCCCC2)c2ccncc2[nH]1
XS842663b,CC1=NC=2CCCC(C2S1)N(C)C3=CC(C)=NC4=NC=NN34,1.304,c1cc(NC2CCCc3ncsc32)n2ncnc2n1
XS525094b,CN1C=CC(=N1)NC(=O)NC2CCCN(C2)C=3C=CC=CC3F,1.394,O=C(Nc1cc[nH]n1)NC1CCCN(c2ccccc2)C1
XS328610b,O=C(C1COC=2C=CC=CC2O1)N3CC(C3)C=4C=C(CO)ON4,1.906,O=C(C1COc2ccccc2O1)N1CC(c2ccon2)C1
XS844108a,O=C(NC=1C=CC(F)=CN1)N2CCOC(CC=3C=CC=CC3)C2,5.58,O=C(Nc1ccccn1)N1CCOC(Cc2ccccc2)C1
XS784763b,OC(CNCC=1C=CC=2OCOC2C1)COC=3C=CC(F)=CC3,33.578,c1ccc(OCCCNCc2ccc3c(c2)OCO3)cc1
XS654029b,CC1=NN(C)C(C)=C1CCC(=O)N2CCCC(C2)N3C=NC=N3,2.472,O=C(CCc1cn[nH]c1)N1CCCC(n2cncn2)C1
XS394893b,CC(NC(=O)C=1C=CC(=CC1)N2CCCC2=O)C3=CC=CS3,5.598,O=C(NCc1cccs1)c1ccc(N2CCCC2=O)cc1
XS844123a,CCOC(=O)C1=NN(CC2CCCOC2)C(C(=O)OCC)=C1C,3.19,c1cnn(CC2CCCOC2)c1
XS844128a,CC(CC=1C=CC(Cl)=CC1Cl)NC(=O)CCN2C=NC=N2,2.778,O=C(CCn1cncn1)NCCc1ccccc1
XS844122a,COC=1C=CC(=CN1)NC(C)C(=O)NC=2C=CC(F)=C(F)C2F,5.426,O=C(CNc1cccnc1)Nc1ccccc1
XS816070b,CC(C)CNC(=O)C(C)NC=1C=CC(F)=C(C1)NC(=O)C2CC2,1.148,O=C(Nc1ccccc1)C1CC1
XS838648b,COC=1C=CC(=CC1OC(F)F)NC(C)C2CS(=O)(=O)C2,7.076,O=S1(=O)CC(CNc2ccccc2)C1
XS474522b,O=C(C=1C=CC=2OCC(=O)NC2C1)N3CCCC(C3)N4C=CC=N4,3.418,O=C1COc2ccc(C(=O)N3CCCC(n4cccn4)C3)cc2N1
XS839750b,CC(C1=NC=2C=CC=CC2S1)N(C)CC=3N=NSC3Cl,4.686,c1ccc2sc(CNCc3csnn3)nc2c1
XS556831b,O=C(NCC1=CC=CO1)N2CCCC3(C=CC=4C=CC=CC4O3)C2,0.574,O=C(NCc1ccco1)N1CCCC2(C=Cc3ccccc3O2)C1
XS844126a,CC(C)C(C(=O)N1CCC(CC1)C(=O)O)C=2C=CC(Cl)=CC2,1.208,O=C(Cc1ccccc1)N1CCCCC1
XS840421b,CC(OC(=O)C=1C=CC=CC1C=2C=CC=CC2C#N)C(=O)N(C)C,1.574,c1ccc(-c2ccccc2)cc1
XS633258b,O=C(C=1C=CC=2C=CNC2C1)N3CCCC(O)(CN4C=CN=N4)C3,1.878,O=C(c1ccc2cc[nH]c2c1)N1CCCC(Cn2ccnn2)C1
XS693228b,CC=1C=CC=CC1C(C)NC(=O)C2=CSC(=N2)C=3C=NN(C)C3,5.082,O=C(NCc1ccccc1)c1csc(-c2cn[nH]c2)n1
XS844117a,O=C(CC=1C=CC=2CCCCC2C1)N3CCCC(C3)N4C=NC=N4,4.968,O=C(Cc1ccc2c(c1)CCCC2)N1CCCC(n2cncn2)C1
XS840655b,C#CCN(C(=O)NC=1C=CC=NC1OC)C2CCC=3C=CC=CC32,0.628,O=C(Nc1cccnc1)NC1CCc2ccccc21
XS844125a,CN1C=NN=C1C2CCCN(C2)S(=O)(=O)C=3C=CC=CC3N,3.18,O=S(=O)(c1ccccc1)N1CCCC(c2nnc[nH]2)C1
XS331437c,O=C(COC=1C=CC=2CCCC2C1)N3CCCC3CN4C=CC=N4,6.552,O=C(COc1ccc2c(c1)CCC2)N1CCCC1Cn1cccn1
XS330370b,COCC1(CCCN1C(=O)C2=CC(=NN2C)C(C)(C)C)C(N)=O,24.892,O=C(c1ccn[nH]1)N1CCCC1
XS840334b,O=C(NCC1OC(=O)CC21CCC2)NC=3C=CC4=CC=CC=C4N3,1.094,O=C(NCC1OC(=O)CC12CCC2)Nc1ccc2ccccc2n1
XS839184b,COCC1C=CCCN1C(=O)NCC=2C=CC(OC)=C(C2)OC,0.782,O=C(NCc1ccccc1)N1CC=CCC1
XS844120a,CC(NC(=O)C=1C=CC=CC1)C(=O)NCC2(CC2)C=3C=CC=CC3,3.22,O=C(CNC(=O)c1ccccc1)NCC1(c2ccccc2)CC1
XS844118a,O=S(=O)(C1=CNC=2C=CC=C(F)C12)N3CCOC(C3)C4CC4,0.806,O=S(=O)(c1c[nH]c2ccccc12)N1CCOC(C2CC2)C1
XS803664b,CC(C)C1=CSC(=N1)NC(=O)C2CCCN(C2)C=3C=NC=CN3,2.304,O=C(Nc1nccs1)C1CCCN(c2cnccn2)C1
XS688665b,COC=1C=CC=CC1C2CN(CCN2)C(=O)C=3C=C(ON3)C4CC4,1.204,O=C(c1cc(C2CC2)on1)N1CCNC(c2ccccc2)C1
XS842360b,O=S1(=O)CCC(CN2CCCSCC2C(F)(F)F)CC1,6.8,O=S1(=O)CCC(CN2CCCSCC2)CC1
XS585644b,CC(=O)NC1(CCN(C1)C=2C=CC(C#N)=CC2F)C3=NC(C)=NO3,0.632,c1ccc(N2CCC(c3ncno3)C2)cc1
PK014822b,CC=1C=CC(=CC1NCC(=O)N2CCCC(C)C2)NC(=O)C3CC3,1.338,O=C(Nc1cccc(NCC(=O)N2CCCCC2)c1)C1CC1
XS844139a,CC=1C=CC=C2C(=O)NC(NC12)C3=CSC(=N3)C=4C=CSC4,22.164,O=C1NC(c2csc(-c3ccsc3)n2)Nc2ccccc21
XS844135a,COC=1N=CC=CC1C(=O)NC(C)C=2C=CC=3OCC(=O)NC3C2,18.218,O=C1COc2ccc(CNC(=O)c3cccnc3)cc2N1
XS844138a,CC1=NC=2C=C(C=CC2O1)NC(=O)C(C)OC=3C=CC(Cl)=CC3,2.25,O=C(COc1ccccc1)Nc1ccc2ocnc2c1
XS840555b,CC(OC(=O)C1=CC=CO1)C(=O)NC=2N=CC(Cl)=CC2Cl,2.06,O=C(COC(=O)c1ccco1)Nc1ccccn1
XS575269b,CC1=NN(C)C=C1C(=O)N2CCCCC2C3=NN=C(O3)C4CCC4,1.066,O=C(c1cn[nH]c1)N1CCCCC1c1nnc(C2CCC2)o1
XS838988b,CC(NC(=O)CC=1C=CC=C2C=3C=CC=CC3NC12)C=4C=NC=CN4,4.414,O=C(Cc1cccc2c1[nH]c1ccccc12)NCc1cnccn1
XS844140a,CC(C)CCOC=1C=CC(=CC1)C(C)NC(=O)CCN2C=NC=N2,7.602,O=C(CCn1cncn1)NCc1ccccc1
XS844137a,CC(=O)NC1CCCN(C1)C(=O)C=2C=CC(=CC2)SC(F)F,1.572,O=C(c1ccccc1)N1CCCCC1
XS844133a,CCNC(=O)CC1CCCCN1C(=O)C2=CC=3N=C(C)C=CC3O2,4.392,O=C(c1cc2ncccc2o1)N1CCCCC1
XS840941b,CN1CC(CC1=O)C(=O)N2CCC3(CCC=4C=CC=CC4O3)CC2,13.478,O=C1CC(C(=O)N2CCC3(CCc4ccccc4O3)CC2)CN1
XS844136a,COC=1C=C(C=CC1O)CNC(=O)NC2COC=3C=CC=CC3C2,2.07,O=C(NCc1ccccc1)NC1COc2ccccc2C1
XS841082b,CC1=NN=C(O1)C2COCCN2C(=O)NC=3C=NC=4CCCC4C3,6.424,O=C(Nc1cnc2c(c1)CCC2)N1CCOCC1c1nnco1
XS844143a,COC=1C=CC(=CC1)C2=NN=C(O2)SCC(=O)NC(C)C(C)C,1.138,c1ccc(-c2nnco2)cc1
XS844146a,CC1=C(SC=2N=C(C)NC(=O)C12)C(=O)OC(C)C(=O)NC3CC3,2.242,O=C(COC(=O)c1cc2c(=O)[nH]cnc2s1)NC1CC1
XS844147a,COC=1C=CC(=CC1)NC(=O)NC(C2=NC=CN2C)C=3C=CC=CC3,8.028,O=C(Nc1ccccc1)NC(c1ccccc1)c1ncc[nH]1
XS844148a,CC(NC=1N=CN=C2C1C=NN2C)C=3C=CC=C(C3)S(N)(=O)=O,1.484,c1ccc(CNc2ncnc3[nH]ncc23)cc1
XS844145a,COCC(C)NC(=O)C1=CSC(=N1)C=2C=CC(OC)=C(C2)OC,2.69,c1ccc(-c2nccs2)cc1
XS842441b,CC=1C=CC(C)=C(C1)C(=O)N2CCN(CC2)C(C#N)C=3C=CC=CC3,2.274,O=C(c1ccccc1)N1CCN(Cc2ccccc2)CC1
XS838740b,CC(C=1C=CC(F)=CC1)S(=O)(=O)N(C)CC=2C=CC(C#N)=NC2,4.314,O=S(=O)(Cc1ccccc1)NCc1cccnc1
XS844144a,O=C(NC1CC2(CCC2)OC=3C=CC=CC31)C4=NC=CN5C=CN=C45,1.986,O=C(NC1CC2(CCC2)Oc2ccccc21)c1nccn2ccnc12
XS840335b,COC(=O)CC1CN(C(=O)C=2C=CC(=NN2)N(C)C)C3(CC3)CO1,6.894,O=C(c1cccnn1)N1CCOCC12CC2
XS540853b,CC=1C=C(N)N(N1)C=2C=C(N=CN2)N3CCCC3CC=4C=CC=CC4,0.992,c1ccc(CC2CCCN2c2cc(-n3cccn3)ncn2)cc1
XS844152a,CC(NC(=O)NC=1C=CC(F)=CC1F)C=2C=CC=3OCCOC3C2,9.516,O=C(NCc1ccc2c(c1)OCCO2)Nc1ccccc1
XS841232b,CC1(C)CN(CC=2C=CC(F)=CC21)C(=O)CC3C=CS(=O)(=O)C3,15.022,O=C(CC1C=CS(=O)(=O)C1)N1CCc2ccccc2C1
XS840510b,CC(CN1CCN(C)CC1)OC(=O)C=2C=CC=CC2Br,0.62,O=C(OCCN1CCNCC1)c1ccccc1
XS844166a,CC1=CC(C)=CC(=C1)C2(CC2)C(=O)NC3CCCC=4NC(=O)C=CC43,1.746,O=C(NC1CCCc2[nH]c(=O)ccc21)C1(c2ccccc2)CC1
XS844168a,CC(=O)NCC1CCCN(C1)C(=O)NCCC=2C=CC=C(Cl)C2,0.462,O=C(NCCc1ccccc1)N1CCCCC1
XS841302b,NC=1N=CN=C2C1N=CN2C3CCN(CC4=CON=C4C5CCC5)C3,35.414,c1ncc2ncn(C3CCN(Cc4conc4C4CCC4)C3)c2n1
XS844162a,CC(=O)NC=1C=CC=CC1OCC(=O)NC2CCCC=3C=CC=CC32,0.766,O=C(COc1ccccc1)NC1CCCc2ccccc21
XS844163a,CC=1C=CC(=CC1)S(=O)(=O)NCC(CO)C=2C=CC(Cl)=CC2,1.454,O=S(=O)(NCCc1ccccc1)c1ccccc1
XS844157a,CC1=CC(=NO1)NC(=O)C(C)NC=2C=CC(Br)=C(C)C2,7.98,O=C(CNc1ccccc1)Nc1ccon1
XS796940b,CC1OC=2C=CC=CC2N(CCC(=O)NCCC=3C=CC=NC3)C1=O,0.384,O=C(CCN1C(=O)COc2ccccc21)NCCc1cccnc1
XS839947b,O=C(NCC=1C=CC2=CC=CC=C2C1)NC3CCCC43CCOCC4,1.59,O=C(NCc1ccc2ccccc2c1)NC1CCCC12CCOCC2
XS788952b,CC(C)C1=NC(=NO1)C2CCCN(C2)C(=O)C=3C=CC=4NN=NC4C3,2.56,O=C(c1ccc2[nH]nnc2c1)N1CCCC(c2ncon2)C1
XS844165a,CC1=CC=C(C(=O)N2CCCC2C=3C=CC=4OCCOC4C3)C(=O)N1,1.226,O=C(c1ccc[nH]c1=O)N1CCCC1c1ccc2c(c1)OCCO2
XS837803b,CN1C=NC=2N=C(N=C(O)C21)NCC3(CCC(=O)N3)C=4C=CC=CC4,22.332,O=C1CCC(CNc2ncc3[nH]cnc3n2)(c2ccccc2)N1
XS615051b,CC(C=1C=CC(=CC1)S(N)(=O)=O)N(C)CC=2C=CC=C(Cl)C2,1.9,c1ccc(CNCc2ccccc2)cc1
XS839586b,CN(C)C(=O)N1CCN(C(=O)C(F)OC=2C=CC=NC2)C(C)(C)C1,11.576,O=C(COc1cccnc1)N1CCNCC1
XS809082b,CCCC1=NOC(CCC(=O)N2CCN(C)CC2C=3C=CC=CC3)=N1,3.862,O=C(CCc1ncno1)N1CCNCC1c1ccccc1
XS844178a,CCN(CC)C=1C=CC(=CN1)C(=O)N2CCCC(C2)C3=NC(C)=NO3,2.542,O=C(c1cccnc1)N1CCCC(c2ncno2)C1
XS844177a,CCC(=O)NC=1C=CC=C(C1)C(=O)NC(CC)C=2C=CC=CC2OC,4.666,O=C(NCc1ccccc1)c1ccccc1
XS839186b,CC1=CON=C1NC(=O)N2CCCC(CNS(=O)(=O)C(C)C)C2,9.228,O=C(Nc1ccon1)N1CCCCC1
XS844174a,COC1=CC(OC)=C(C=C1C(=O)NC2CCCC=3C=CC=CC32)OC,2.792,O=C(NC1CCCc2ccccc21)c1ccccc1
XS844173a,COC=1C=CC(C(=O)NC2CCC=3NN=CC3C2)=C(C1)OCC4CC4,9.95,O=C(NC1CCc2[nH]ncc2C1)c1ccccc1OCC1CC1
XS732190b,CC=1N=C(C)N(N1)C2CCCN(C2)C(=O)C=3C=CC(=NC3)NC4CC4,4.07,O=C(c1ccc(NC2CC2)nc1)N1CCCC(n2cncn2)C1
XS840637b,CC1=NC(=CS1)C(C)NS(=O)(=O)C=2C=CC(=C(C)C2)[N+]([O-])=O,1.36,O=S(=O)(NCc1cscn1)c1ccccc1
XS841991b,CC1=CSC(=N1)C(NC(=O)C=2C=C3C(=O)NC=NC3=CN2)C4CC4,3.704,O=C(NC(c1nccs1)C1CC1)c1cc2c(=O)[nH]cnc2cn1
XS844175a,CC1=C(SC=2N=C(C)N=C(C)C12)C(=O)NC(C)CCC3=CC=CO3,1.568,O=C(NCCCc1ccco1)c1cc2cncnc2s1
XS589562b,CN1C=C(C=N1)S(=O)(=O)N2CC(CC=3C=CC=CC32)N4C=CN=C4,2.776,O=S(=O)(c1cn[nH]c1)N1CC(n2ccnc2)Cc2ccccc21
XS837070b,CCCCN(C)S(=O)(=O)N1CC(OC=2C=CC=CC21)C(=O)NC,1.546,c1ccc2c(c1)NCCO2
XS844170a,CC=1C=NN(C1)CC2CN(CC3=NN=C(O3)C=4OC=CC4C)CCO2,8.348,c1coc(-c2nnc(CN3CCOC(Cn4cccn4)C3)o2)c1
XS694601b,CC(NC(=O)C=1C=CC=2SCCC(=O)NC2C1)C=3C=CC(F)=CC3,8.574,O=C1CCSc2ccc(C(=O)NCc3ccccc3)cc2N1
XS184009b,COC=1C=CC(C)=CC1NC(=O)CN2CCCC2C=3C=CC(F)=CC3,7.4,O=C(CN1CCCC1c1ccccc1)Nc1ccccc1
XS844179a,O=C(CCNC(=O)C1CC=2C=CC=CC2S1)NCC=3C=CC=NC3,2.354,O=C(CCNC(=O)C1Cc2ccccc2S1)NCc1cccnc1
XS844176a,COC(=O)C1=C(C)N(CC=2C=CC=CC2)C(=O)NC1C=3C=CSC3,4.998,O=C1NC(c2ccsc2)C=CN1Cc1ccccc1
XS844184a,CC=1N=CC=2CC(CCC2N1)NC(=O)C=3C=C(Cl)C=4OCOC4C3,4.846,O=C(NC1CCc2ncncc2C1)c1ccc2c(c1)OCO2
XS844183a,CCCCCCC(C)NC(=O)C=1C=C(C=CC1Cl)S(N)(=O)=O,0.802,c1ccccc1
XS556005b,O=C(CNC(=O)C=1C=CC=C(Cl)C1)N2CCCCC2C=3N=CNN3,3.432,O=C(NCC(=O)N1CCCCC1c1nc[nH]n1)c1ccccc1
XS844191a,CC=1C=C(C(=O)NCC(C)C2CC2)C3=CC(Br)=CC=C3N1,0.824,O=C(NCCC1CC1)c1ccnc2ccccc12
XS844186a,O=C(NC=1C=CC=CC1N2C=CC=N2)C3CC(=O)N(C3)C=4C=CC=CC4,12.812,O=C(Nc1ccccc1-n1cccn1)C1CC(=O)N(c2ccccc2)C1
XS642409b,O=C(O)CC(NC(=O)C=1C=CC=CC1Br)C=2C=CC=CC2,1.04,O=C(NCc1ccccc1)c1ccccc1
XS838892b,CC=1C=C(Cl)C=CC1OCCNC(=O)C2(C#N)CC32CCOCC3,0.654,O=C(NCCOc1ccccc1)C1CC12CCOCC2
XS844185a,CC(C)CN1CC(CC1=O)C(=O)NCCOC=2C=CC=3OCOC3C2,0.916,O=C1CC(C(=O)NCCOc2ccc3c(c2)OCO3)CN1
XS844188a,CN(CC(=O)N1N=C(CC1C2=CC=CO2)C3=CC=CO3)C=4C=CC=CC4,3.976,O=C(CNc1ccccc1)N1N=C(c2ccco2)CC1c1ccco1
XS844182a,C1=COC(=C1)C2=NN=C(CN3CCCCC3C4=CC=5C=CC=CC5N4)O2,1.144,c1coc(-c2nnc(CN3CCCCC3c3cc4ccccc4[nH]3)o2)c1
XS423376b,CN1C=C(C=N1)C(NC(=O)N2CCCC(C)(C)C2)C=3C=CC(F)=CC3,1.122,O=C(NC(c1ccccc1)c1cn[nH]c1)N1CCCCC1
XS839983b,CC=1C=CC=C(NC(=O)NC(C)CS(C)(=O)=O)C1Br,1.456,c1ccccc1
XS841796b,CN1C=C(C=N1)C2=CC=C(S2)C3NC(C)(C)C(=O)N3CC(C)(C)C,5.216,O=C1CNC(c2ccc(-c3cn[nH]c3)s2)N1
XS554496b,CC=1C=CC=C(C1)CC2=CN=C(NC(=O)CN3CCOC(C)C3)S2,3.9,O=C(CN1CCOCC1)Nc1ncc(Cc2ccccc2)s1
XS841690b,CN1N=NC=2C(=NC=NC21)N3CCCC3(C)CC4=CC(Cl)=CS4,5.318,c1csc(CC2CCCN2c2ncnc3[nH]nnc23)c1
XS794456b,COC1=CN(N=C1C(=O)NCC2CCS(=O)(=O)C2)C=3C=CC=CC3,4.118,O=C(NCC1CCS(=O)(=O)C1)c1ccn(-c2ccccc2)n1
XS844205a,N#CC=1C=CC=C(C1)NC2CCN(C2)C(=O)C3=NNC=4CCSCC34,3.812,O=C(c1n[nH]c2c1CSCC2)N1CCC(Nc2ccccc2)C1
XS838936b,CC(C)N(CC1=NN=C(O1)C=2C=CC=CC2)C(=O)C(C)S(C)(=O)=O,3.968,c1ccc(-c2nnco2)cc1
XS795826b,COC=1C=CC=CC1CN(C)C(=O)CCC2CC=3C=CC=CC3NC2=O,8.286,O=C(CCC1Cc2ccccc2NC1=O)NCc1ccccc1
XS844199a,COCC(C)NC(=O)C1=CN(CC=2C=CC=CC2)N=C1C=3C=CC=NC3,2.13,c1ccc(Cn2ccc(-c3cccnc3)n2)cc1
XS838314b,CC=1C=C2N=CC=C(NC(=O)NCCC(NC3CC3)C(F)(F)F)N2N1,0.538,O=C(NCCCNC1CC1)Nc1ccnc2ccnn12
XS844193a,O=C1NC=2C=CC=CC2C=C1CN3CCCC(C3)C4=NNC(=N4)C5CC5,1.084,O=c1[nH]c2ccccc2cc1CN1CCCC(c2n[nH]c(C3CC3)n2)C1
XS844194a,CCCOC=1C=C(C=CC1Br)S(=O)(=O)NCC(C)O,0.614,c1ccccc1
XS844204a,O=C(CCC1=NC=2C=CC=CC2O1)NCC3CCN(C3)C=4C=CC=CC4,4.052,O=C(CCc1nc2ccccc2o1)NCC1CCN(c2ccccc2)C1
XS839002c,O=C(NCC1CCN(C1)C=2C=CC(Cl)=CC2)C=3C=NC=C4NC=CC34,1.272,O=C(NCC1CCN(c2ccccc2)C1)c1cncc2[nH]ccc12
XS844202a,O=C(NC=1C=CC=C(Cl)C1F)C2CCCN(C2)C(=O)C=3C=COC3,3.04,O=C(Nc1ccccc1)C1CCCN(C(=O)c2ccoc2)C1
XS844197a,O=C(O)C(CC1=CNC=2C=CC=CC12)NC(=O)NCC=3C=CC(F)=CC3,2.832,O=C(NCCc1c[nH]c2ccccc12)NCc1ccccc1
XS844220a,COC=1C=CC=C(C1OC)C2NC=3C=CC=CC3C(=O)N2CC4=CC=CO4,0.686,O=C1c2ccccc2NC(c2ccccc2)N1Cc1ccco1
XS837700b,CN1C=NC=2C(=NNC2C1=O)C(=O)N3CCOCC3C=4C=CC=CC4F,2.784,O=C(c1n[nH]c2c(=O)[nH]cnc12)N1CCOCC1c1ccccc1
XS842618b,COC(CC=1C=CC=CC1)CS(=O)(=O)NC=2C=NN(C2)C3CCCC3,3.49,O=S(=O)(CCCc1ccccc1)Nc1cnn(C2CCCC2)c1
XS844211a,C=C(C)CN1C(=NC=2C=CC=CC21)C3CC(=O)N(C3)C=4C=C(C)C=CC4C,4.548,O=C1CC(c2nc3ccccc3[nH]2)CN1c1ccccc1
XS838934b,O=C(NC=1C=CC=C2C(=O)OCC12)N(CC=3C=CC=CC3)C(CO)C4CC4,1.322,O=C1OCc2c(NC(=O)N(Cc3ccccc3)CC3CC3)cccc21
XS844222a,CC1=NC=2C=C(C=CC2O1)NC(C)C(=O)NC=3C=CC(=CC3)C(F)(F)F,1.238,O=C(CNc1ccc2ocnc2c1)Nc1ccccc1
XS840425b,CN(C(=O)CC=1C=C(Cl)C=C2COCOC12)C3CCS(=O)(=O)C3,9.95,O=C(Cc1cccc2c1OCOC2)NC1CCS(=O)(=O)C1
XS844213a,CC(NC(=O)C=1C=CC=2OCCOC2C1)C=3C=CC(=CC3)S(N)(=O)=O,4.476,O=C(NCc1ccccc1)c1ccc2c(c1)OCCO2
XS428312b,O=C(NC(CC(F)(F)F)C=1C=CC=CC1)C=2C=CN=C(C2)N3C=NC=N3,4.702,O=C(NCc1ccccc1)c1ccnc(-n2cncn2)c1
XS844221a,O=C1CSC(C2=CN(N=C2C=3C=CC=CC3)C=4C=CC=CC4)N1CCO,12.226,O=C1CSC(c2cn(-c3ccccc3)nc2-c2ccccc2)N1
XS844216a,CCCC(NC(=O)NC1=CC(OC)=C(OC)C(=C1)OC)C=2C=CC=CC2,1.688,O=C(NCc1ccccc1)Nc1ccccc1
XS844212a,CCN(CC=1C=CC=2OCOC2C1)C(=O)C(C)CC=3C(C)=NN(C)C3C,7.026,O=C(CCc1cn[nH]c1)NCc1ccc2c(c1)OCO2
XS441117b,CC1=NNC(C)=C1C2CCCN2C(=O)NC=3C=C(Cl)C=C4CCOC34,1.03,O=C(Nc1cccc2c1OCC2)N1CCCC1c1cn[nH]c1
XS428127b,O=C1C(CCN1CC=2C=CC=CC2)NS(=O)(=O)C=3C=CC(F)=CC3F,6.19,O=C1C(NS(=O)(=O)c2ccccc2)CCN1Cc1ccccc1
XS841430b,CCN(CC(C)C#N)S(=O)(=O)N1CC=2C=CC=CC2C=3C=CC=CC3C1,1.584,c1ccc2c(c1)CNCc1ccccc1-2
XS844227a,CC=1C=CC(=CC1)NC(=O)CN(C)C(C)C(=O)N(C)C2(C#N)CCCCC2,2.472,O=C(CNCC(=O)NC1CCCCC1)Nc1ccccc1
XS837188b,CN(CCN1C=C(C=CC1=O)[N+]([O-])=O)C2CCCN(C=3C=CC=CC3)C2=O,14.242,O=C1C(NCCn2ccccc2=O)CCCN1c1ccccc1
XS844230a,CC=1C=CC(=CC1)OC(C)C(=O)NCC=2C=CC(=CC2)C(=O)N3CCCC3,2.382,O=C(COc1ccccc1)NCc1ccc(C(=O)N2CCCC2)cc1
XS814389b,CC1=NC=2C=C(C=CC2O1)NC(C)C(=O)NC=3C=CC(=CC3)S(N)(=O)=O,1.326,O=C(CNc1ccc2ocnc2c1)Nc1ccccc1
XS807459b,COC=1C=CC(OC)=C(C1)C2CCCN2CC3=NC(=NO3)C=4C=CSC4,14.278,c1ccc(C2CCCN2Cc2nc(-c3ccsc3)no2)cc1
XS844234a,CCN(CCNC(=O)CC(NC(C)=O)C1=CC=CS1)C=2C=CC=CC2C,1.632,O=C(CCc1cccs1)NCCNc1ccccc1
XS844231a,COC(=O)CCNC(=O)C=1C=CC=C(C1)S(=O)(=O)N2CCCCC2C,1.708,O=S(=O)(c1ccccc1)N1CCCCC1
XS844232a,O=C(C=1C=CC(=CC1)S(=O)(=O)NC2CCS(=O)(=O)C2)N3CCCC3,0.422,O=C(c1ccc(S(=O)(=O)NC2CCS(=O)(=O)C2)cc1)N1CCCC1
XS841923b,CC1(C)C(CCS1(=O)=O)C(=O)N2CCC3(CCC=4C=CC=CC4C3)CC2,23.576,O=C(C1CCS(=O)(=O)C1)N1CCC2(CCc3ccccc3C2)CC1
XS452578b,O=C(O)C1CCN(C1)C(=O)C=2C=C(C3=CC=CS3)N(N2)C=4C=CC=CC4,1.068,O=C(c1cc(-c2cccs2)n(-c2ccccc2)n1)N1CCCC1
XS836994b,COC=1C=CC(=CC1Br)C(C)NC(=O)C=2C=CC3=NN=NN3C2,1.366,O=C(NCc1ccccc1)c1ccc2nnnn2c1
XS844235a,COC(=O)C1=C(C)N(C)C(=O)N(C)C1C=2C=CC(Br)=CC2F,2.43,O=C1NC=CC(c2ccccc2)N1
XS151297c,O=C(NC=1C=CC(Cl)=C(C1)C(F)(F)F)C2CC(=O)NC=3C=CC=CC32,1.954,O=C1CC(C(=O)Nc2ccccc2)c2ccccc2N1
XS838299b,O=C(C1CCNC=2C=C(F)C=CC21)N3CCC4=C(C3)NC=5C=CC(F)=CC54,1.604,O=C(C1CCNc2ccccc21)N1CCc2c([nH]c3ccccc23)C1
XS842445b,CNS(=O)(=O)C1CCN(C1)C(=O)C=2N=C(OC2C3CC3)C=4C=CC=CC4,2.946,O=C(c1nc(-c2ccccc2)oc1C1CC1)N1CCCC1
XS844242a,CC1CN(CC2(CCOCC2)O1)C(=O)C3=CNN=C3C4=CC=5C=CC=CC5O4,0.39,O=C(c1c[nH]nc1-c1cc2ccccc2o1)N1CCOC2(CCOCC2)C1
XS844245a,COC=1C=CC=CC1NC(=O)C=2C=CC(=CC2)NC(=O)C(NC(C)=O)C(C)C,14.444,O=C(Nc1ccccc1)c1ccccc1
XS844250a,CCN(CC)C(CNC(=O)C=1C=CC(=CC1)S(=O)(=O)NC)C2=CC=CO2,1.314,O=C(NCCc1ccco1)c1ccccc1
XS844243a,O=C(NC1CCCN(C1)C(=O)N2CCCC2)C3=CC=4C(F)=CC=C(F)C4N3,2.446,O=C(NC1CCCN(C(=O)N2CCCC2)C1)c1cc2ccccc2[nH]1
XS329128b,COCC1=NN2CC(CCC2=N1)NC(=O)C=3C=CC(=CC3)CCC(F)(F)F,1.164,O=C(NC1CCc2ncnn2C1)c1ccccc1
XS844241a,CN1N=CC(C(=O)NC2CC3(CCC3)OC=4C=CC=CC42)=C1CC=5C=CC=CC5,5.318,O=C(NC1CC2(CCC2)Oc2ccccc21)c1cn[nH]c1Cc1ccccc1
XS838484b,CNS(=O)(=O)CC1CCCN(CC=2C(=O)NC=3C=CC=CC3C2Cl)C1,2.48,O=c1[nH]c2ccccc2cc1CN1CCCCC1
XS837776b,CC(C)(CNC(=O)C1(CNC(=O)C1)C=2C=CC=CC2)C=3C=CC4=CC=CC=C4C3,0.816,O=C1CC(C(=O)NCCc2ccc3ccccc3c2)(c2ccccc2)CN1
XS844247a,COC(=O)C1=C(C)N(C)C(=O)N(C)C1C=2C=CC=C(C2)OCC=3C=CC=CC3,0.824,O=C1NC=CC(c2cccc(OCc3ccccc3)c2)N1
XS428107b,O=C(NC1=CC=NN1CC=2C=CC(Cl)=CC2)C3CC(=O)NC=4C=CC=CC43,2.528,O=C1CC(C(=O)Nc2ccnn2Cc2ccccc2)c2ccccc2N1
XS844248a,COC=1C=CC(=CC1)C(CNC(=O)C2CCOCC2)C3=CNC=4C=CC=CC34,2.03,O=C(NCC(c1ccccc1)c1c[nH]c2ccccc12)C1CCOCC1
XS706770b,COC=1C=CC(Cl)=CC1NC(=O)CN(C)CC2COC=3C=CC=CC3O2,0.896,O=C(CNCC1COc2ccccc2O1)Nc1ccccc1
XS838474b,NC1=CC(=O)NC2=CC(=NN12)C(=O)NC(C=3C=CC=C(F)C3)C=4C=CC=CN4,1.994,O=C(NC(c1ccccc1)c1ccccn1)c1cc2[nH]c(=O)ccn2n1
XS844240a,CNC(=O)NC(=O)C(C)OC(=O)C1=CC=C(O1)C=2C=CC=C(C2)C(F)(F)F,11.304,c1ccc(-c2ccco2)cc1
XS839007b,COC1COC2=C(C=NN2C1)C(=O)NC=3C=CC=4C=NNC4C3Br,4.528,O=C(Nc1ccc2cn[nH]c2c1)c1cnn2c1OCCC2
XS844260a,CC(C)C1=NOC(=N1)C(C)N2CCN(CC2)S(=O)(=O)C=3C=CC(C#N)=CC3,3.454,O=S(=O)(c1ccccc1)N1CCN(Cc2ncno2)CC1
XS836714b,CC1=NC(CN2CCN(CC2)C(=O)C(C)N3C(=O)C=4C=CC(C)=CC4C3=O)=NO1,12.616,O=C(CN1C(=O)c2ccccc2C1=O)N1CCN(Cc2ncon2)CC1
XS844253a,CCOC(=O)C1=C(COC(=O)C2=CC=CS2)NC(=O)NC1C3=CC=CS3,2.514,O=C1NC(COC(=O)c2cccs2)=CC(c2cccs2)N1
XS844256a,CC1=NC2=NC(=NN2C(C)=C1CC(=O)N(C)C(C)C=3C=CC=CC3)C(F)(F)F,2.902,O=C(Cc1cnc2ncnn2c1)NCc1ccccc1
XS701667b,CC(=O)N1CC(OC=2C=CC=CC21)C(=O)NCC=3C=CC=CC3CN4C=CN=C4,0.838,O=C(NCc1ccccc1Cn1ccnc1)C1CNc2ccccc2O1
XS533691b,O=C(NC1CCC2=NC(=CN2C1)C=3C=CC(F)=CC3F)C4=CN(N=N4)C5CCC5,7.068,O=C(NC1CCc2nc(-c3ccccc3)cn2C1)c1cn(C2CCC2)nn1
XS844257a,O=C(NCCNC=1N=CC(=CC1Cl)C(F)(F)F)C2CC(=O)N(C2)C3CC3,1.612,O=C(NCCNc1ccccn1)C1CC(=O)N(C2CC2)C1
XS844262a,CC1=CC(C(=O)N2CCCC(C2)C(=O)NCC3CC3)=C(C)N1CC=4C=CC=CN4,5.044,O=C(NCC1CC1)C1CCCN(C(=O)c2ccn(Cc3ccccn3)c2)C1
XS840107b,CC(CN(C)C(=O)C=1C=CC(F)=C2C=CC=CC12)NC(=O)CCCN3C=CC=N3,3.878,O=C(CCCn1cccn1)NCCNC(=O)c1cccc2ccccc12
XS844263a,O=C(COC=1C=CC(Cl)=CC1)NC=2C=CC=CC2C(=O)NCC3CCCO3,0.78,O=C(COc1ccccc1)Nc1ccccc1C(=O)NCC1CCCO1
XS844251a,CC1=C(C=NN1C=2C=C(C)C=CC2C)NC(=O)N3CCC(C3)NC=4C=CC=CC4,2.344,O=C(Nc1cnn(-c2ccccc2)c1)N1CCC(Nc2ccccc2)C1
XS837616b,CN(C(=O)N1CCCC1COC=2C=CC(=CC2F)S(N)(=O)=O)C3CCCC3,1.494,O=C(NC1CCCC1)N1CCCC1COc1ccccc1
XS838065b,COC=1C=CC=CC1C(NC(=O)C=2C=CC3=C(C2)NC(=O)N3C)C4=NOC(C)=N4,4.652,O=C(NC(c1ccccc1)c1ncon1)c1ccc2[nH]c(=O)[nH]c2c1
XS838306b,CC=1C=CC(=CN1)C(=O)NC2CCN(C(=O)C3=CC=CN4C(=O)NN=C34)C52CC5,6.742,O=C(NC1CCN(C(=O)c2cccn3c(=O)[nH]nc23)C12CC2)c1cccnc1
XS844254a,CN(C(=O)COC(=O)CC=1C(Cl)=CC=CC1Cl)C2CCS(=O)(=O)C2,3.456,O=C(COC(=O)Cc1ccccc1)NC1CCS(=O)(=O)C1
XS838747b,CC1=NN(C(C)=C1C2COCCN2C3=CC(=O)OC=4C=CC=CC34)C=5C=CC=CC5,2.526,O=c1cc(N2CCOCC2c2cnn(-c3ccccc3)c2)c2ccccc2o1
XS837739b,CC1=NC=CN1C=2C=CC(=CC2)C(C)NC(=O)C3=CC=4CC(C)(C)CCC4NC3=O,2.97,O=C(NCc1ccc(-n2ccnc2)cc1)c1cc2c([nH]c1=O)CCCC2
XS844268a,COC1=CC(OC)=C(Cl)C=C1NC(=O)CCN2C(=O)C(C)OC=3C=CC=CC32,2.486,O=C(CCN1C(=O)COc2ccccc21)Nc1ccccc1
XS170381d,CC1=NC(COC=2C=CC=CC2C(=O)NC(C)C=3C=CC=CC3Br)=NO1,2.534,O=C(NCc1ccccc1)c1ccccc1OCc1ncon1
XS839696b,CCC(C)C=1C=CC=CC1OCC(=O)NC2=CC=CN(CCS(C)(=O)=O)C2=O,2.594,O=C(COc1ccccc1)Nc1ccc[nH]c1=O
XS844270a,O=C(NC1CCCC1)C=2C=CC=CC2NC(=O)C3CC(=O)N(CCC=4C=CC=CC4)C3,2.866,O=C(NC1CCCC1)c1ccccc1NC(=O)C1CC(=O)N(CCc2ccccc2)C1
XS750151b,COC=1C=CC(CN(C)C(=O)C=2C=NN3CCC(CNC(C)=O)CC23)=C(C1)OC,2.624,O=C(NCc1ccccc1)c1cnn2c1CCCC2
XS844275a,CC=1C=CC(=CC1S(C)(=O)=O)C(=O)N2CCC=3SC=CC3C2C4=CC=CS4,2.594,O=C(c1ccccc1)N1CCc2sccc2C1c1cccs1
XS844271a,O=C(C1CC1)N2CCN(CC2)C(=O)C3CC(=O)N(C3)C=4C=CC=CC4Br,9.714,O=C(C1CC1)N1CCN(C(=O)C2CC(=O)N(c3ccccc3)C2)CC1
XS844276a,CC=1C=CC(=CC1)S(=O)(=O)N2CCN(CC(=O)NC(C)C3=CC=CS3)CC2,0.578,O=C(CN1CCN(S(=O)(=O)c2ccccc2)CC1)NCc1cccs1
XS839687b,CC(=O)N1CCC=2C=C(C=CC21)C(=O)NCC(C)C3=NC=4C=CC=CC4N3C(F)F,3.106,O=C(NCCc1nc2ccccc2[nH]1)c1ccc2c(c1)CCN2
XS844266a,CC1=NOC(C)=C1S(=O)(=O)N2CCC(CC2)C(=O)NC(C)C=3C=CC=CC3C,3.92,O=C(NCc1ccccc1)C1CCN(S(=O)(=O)c2cnoc2)CC1
XS844274a,N#CC=1C=CC(=CC1Cl)NC(=O)C(=O)NCC(C2=CC=CS2)N3CCOCC3,0.956,O=C(NCC(c1cccs1)N1CCOCC1)C(=O)Nc1ccccc1
XS844269a,O=C(C=1C=NN(C1)CC(F)(F)F)N2CCC(C2)NC=3C=CC=C(Br)C3,5.236,O=C(c1cn[nH]c1)N1CCC(Nc2ccccc2)C1
XS840884b,CCOC=1C=CC(=CC1)N2N=C(N=C2C3CC(=O)N(CC4=CC=CO4)C3)C5CCOCC5,3.28,O=C1CC(c2nc(C3CCOCC3)nn2-c2ccccc2)CN1Cc1ccco1
XS844280a,CC(C(=O)N(C)CC(=O)NC=1C=CC=CC1C(F)(F)F)N(C)CC=2C=CC=CC2Cl,0.814,O=C(CNCc1ccccc1)NCC(=O)Nc1ccccc1
XS840363b,COC(=O)C(C)N1C(=O)C2=C(N=C3N(C(C)=C(C)N32)C=4C=C(C)C=C(C)C4)N(C)C1=O,4.688,O=c1[nH]c(=O)c2c(nc3n(-c4ccccc4)ccn23)[nH]1
XS844286a,CCN(CC)CC=1C=CC=C(C1)CNC(=O)C2CC=3C=CC=CC3CN2S(=O)(=O)CC,0.852,O=C(NCc1ccccc1)C1Cc2ccccc2CN1
XS844292a,CCCN1C=CC=C1C(=O)NCC(NC(=O)C2=CN=C(NC)S2)C=3C=CC=C(Cl)C3,6.874,O=C(NCC(NC(=O)c1cncs1)c1ccccc1)c1ccc[nH]1
XS828000b,COC=1C=C(Cl)C(C)=CC1N2C(=O)CC(C2=O)N3CCN(CC3)C=4C=CC(O)=CC4,16.826,O=C1CC(N2CCN(c3ccccc3)CC2)C(=O)N1c1ccccc1
XS844290a,COC=1C=CC(=CC1)C2CC(=NN2C(=O)C3=CC=CO3)C=4C=CC(=CC4)NS(C)(=O)=O,7.164,O=C(c1ccco1)N1N=C(c2ccccc2)CC1c1ccccc1
XS844283a,O=C(NCC(C1=CC=CS1)C2=CNC=3C=CC=CC23)C=4C=CC=C(C4)S(=O)(=O)N5CCOCC5,8.438,O=C(NCC(c1cccs1)c1c[nH]c2ccccc12)c1cccc(S(=O)(=O)N2CCOCC2)c1
XS841480b,CN1C=CC(=N1)C(NS(=O)(=O)C=2C=CC(=CC2)OCC(F)(F)F)C=3C=CC=CC3,0.652,O=S(=O)(NC(c1ccccc1)c1cc[nH]n1)c1ccccc1
XS844299a,CC1C=2C=CSC2CCN1C(=O)NC3CC3,0.972,O=C(NC1CC1)N1CCc2sccc2C1
XS844302a,COC(=O)C1CN(C(C)=O)C=2C=CC=CC2O1,4.976,c1ccc2c(c1)NCCO2
XS844300a,CC1=NOC(CN(C)C(C)C=2C=CC(F)=CC2)=N1,1.02,c1ccc(CNCc2ncno2)cc1
XS844306a,CCC(C)NC(=O)NC=1C=CC(=CC1)C(=O)OC,1.202,c1ccccc1
XS844295a,OC1CCCN(CC2=NC=3C=CC=CC3O2)C1,0.544,c1ccc2oc(CN3CCCCC3)nc2c1
XS844304a,O=C(CCC1CCCO1)NC=2C=CC=CC2,0.572,O=C(CCC1CCCO1)Nc1ccccc1
XS844308a,CC(NC(=O)C=1C=CC=CC1)C=2C=CC=NC2,1.656,O=C(NCc1cccnc1)c1ccccc1
BD008397b,CC1C(=O)NC=2C=CC(=CC21)C3=CSC(N)=N3,4.042,O=C1Cc2cc(-c3cscn3)ccc2N1
XS844301a,CCCC(C)NC(=O)NC1=NC=CS1,1.172,c1cscn1
XS838077b,CC1CN(CC2=CC=CN2C(F)F)CC(=O)N1,4.986,O=C1CN(Cc2ccc[nH]2)CCN1
XS840050b,CC=1N=C(N=C2NN=CC12)N3CCOCC3C,2.092,c1n[nH]c2nc(N3CCOCC3)ncc12
XS841979b,CC=1N=NC(=NC1C)N2CCC3(CCC3(C)C)C2,3.248,c1cnc(N2CCC3(CCC3)C2)nn1
XS018838b,O=C(C1CCCO1)N2CC(=O)NC=3C=CC=CC32,6.064,O=C1CN(C(=O)C2CCCO2)c2ccccc2N1
XS837200b,CC=1CC(C)C(=O)N(N1)C=2C=NN(C)C2,3.17,O=C1CCC=NN1c1cn[nH]c1
XS844297a,CC(C)C1=NSC(=N1)NC2CCN(C)C2=O,8.088,O=C1NCCC1Nc1ncns1
XS844315a,CCCC(C)NC(=O)C=1N=C(OC1C)C=2C=CC=CC2,5.708,c1ccc(-c2ncco2)cc1
XS844320a,CC(NC(=O)NC1CCCCCC1)C2=NN=CN2C,0.676,O=C(NCc1nnc[nH]1)NC1CCCCCC1
XS844312a,CC=1C=C(N=C2C=CC=CC12)SC3CCN(C)C3=O,2.05,O=C1NCCC1Sc1ccc2ccccc2n1
XS844324a,NC=1C=CC(=CC1)NC(=O)C2CC=3C=CC=CC3S2,1.458,O=C(Nc1ccccc1)C1Cc2ccccc2S1
XS844317a,O=C1CN(CC(O)COC=2C=CC(F)=CC2)CCN1,2.298,O=C1CN(CCCOc2ccccc2)CCN1
XS837210b,CC(C(=O)NC=1N=CC=NC1C2CC2)N3C=NC=N3,1.654,O=C(Cn1cncn1)Nc1nccnc1C1CC1
XS844322a,O=S1(=O)CCC(C1)NCC=2C=CC=C(Cl)C2,1.006,O=S1(=O)CCC(NCc2ccccc2)C1
XS844311a,CC1=CC(=NO1)C(=O)N2CCCC(C2)N3C=CC=N3,4.034,O=C(c1ccon1)N1CCCC(n2cccn2)C1
XS844323a,O=C(CC=1C=CC(F)=CC1)N2CCCC(CO)C2,1.018,O=C(Cc1ccccc1)N1CCCCC1
XS844318a,CC1=CC=C(S1)C(=O)NC(C)C=2C=NN(C)C2C,0.654,O=C(NCc1cn[nH]c1)c1cccs1
XS788332b,O=C(CCC=1C=CC=NC1)NC2CCC=3C=CC=CC32,0.676,O=C(CCc1cccnc1)NC1CCc2ccccc21
XS844319a,CCCNC(=O)C(C)NC(=O)C=1SC=NC1C,4.506,c1cscn1
XS839854b,CCC1(C)CCN(C1)C(=O)CCC2=CN=CS2,1.298,O=C(CCc1cncs1)N1CCCC1
XS841637b,O=C(C1=NNC=C1F)N2CCCC3(CCSC3)C2,4.432,O=C(c1cc[nH]n1)N1CCCC2(CCSC2)C1
XS474743b,CC1=NOC(=N1)C2COCCN2CC3=CC=CS3,3.346,c1csc(CN2CCOCC2c2ncno2)c1
XS844314a,NC(=O)C1CCCN1S(=O)(=O)C=2C=CC=CC2,2.12,O=S(=O)(c1ccccc1)N1CCCC1
XS844325a,O=C(CC1CC1)NC(C2=NN=NN2)C=3C=CC=CC3,0.48,O=C(CC1CC1)NC(c1ccccc1)c1nnn[nH]1
XS844321a,CC(NC(=O)CN1C=CC=CC1=O)C2=CC=CS2,2.49,O=C(Cn1ccccc1=O)NCc1cccs1
XS836879b,CC(C(=O)N1CC=2C=CC(F)=CC2C1)C3=NN=NN3,0.984,O=C(Cc1nnn[nH]1)N1Cc2ccccc2C1
XS844341a,CC=1C=CC=C(C(=O)N2CCC(C2)C=3C=CC=CC3)C1N,2.866,O=C(c1ccccc1)N1CCC(c2ccccc2)C1
XS844333a,CCCC(C)NC(=O)C=1C=CC(=CC1)C2=NC(C)=NO2,2.6,c1ccc(-c2ncno2)cc1
XS844331a,NC(=O)C=1C=CC=CC1OCC(=O)NCC2CCCO2,4.282,O=C(COc1ccccc1)NCC1CCCO1
XS844328a,CC(C(N)=O)N(C)CC=1C=CC=CC1N2CCCCC2,0.87,c1ccc(N2CCCCC2)cc1
XS582001b,CC1=CC(C)=C(O1)C(=O)N2CCC(C2)C3=NC(C)=NO3,1.054,O=C(c1ccco1)N1CCC(c2ncno2)C1
XS844335a,CC(NC(=O)C=1C=CC=C(C1)C(=O)O)C2=CC=CS2,2.374,O=C(NCc1cccs1)c1ccccc1
XS613316b,CC1=NOC(C)=C1C(=O)NC(C)C=2C=CC(F)=CC2F,0.48,O=C(NCc1ccccc1)c1cnoc1
XS844336a,CC=1C=CC=CC1NC(=O)CNC2CCS(=O)(=O)C2,3.182,O=C(CNC1CCS(=O)(=O)C1)Nc1ccccc1
XS507144b,O=C1NCCCCC1NS(=O)(=O)C=2C=CC(F)=CC2,8.944,O=C1NCCCCC1NS(=O)(=O)c1ccccc1
XS844340a,N#CC=1C=CC(=CC1)C(=O)N2CCCC2C=3C=CC=CN3,14.44,O=C(c1ccccc1)N1CCCC1c1ccccn1
XS844332a,CC1(CCC=2C=CC=CC21)C3=NC(=NO3)N4CCNCC4,0.48,c1ccc2c(c1)CCC2c1nc(N2CCNCC2)no1
XS840302b,CC=1N=COC1CNC(C(=O)O)C=2C=C(C)C=C(C)C2,0.764,c1ccc(CNCc2cnco2)cc1
XS839622b,CC(NC(=O)C12CC3CC(CC(C3)C2)C1)C(=O)N(C)C,2.614,C1C2CC3CC1CC(C2)C3
XS628580b,COC=1C=CC=C(C1)C(C)C(=O)N2CCC=3NN=CC3C2,1.486,O=C(Cc1ccccc1)N1CCc2[nH]ncc2C1
XS723120b,CC=1C=CC(=CC1)C=2OC=NC2C(=O)NC3CNC(=O)C3,1.414,O=C1CC(NC(=O)c2ncoc2-c2ccccc2)CN1
XS587242b,CC=1OC=CC1C(=O)N2CCOC(CN3C=CN=N3)C2,1.584,O=C(c1ccoc1)N1CCOC(Cn2ccnn2)C1
XS844356a,CC=1C=CC(O)=C(C1)C(=O)N2CCCC(CCC(=O)O)C2,2.014,O=C(c1ccccc1)N1CCCCC1
XS844352a,COC=1C=CC(=CC1)NC(=O)NC(C)C=2C=NN(C)C2C,0.882,O=C(NCc1cn[nH]c1)Nc1ccccc1
XS844344a,CC1=CC(C)=NN1CC2CCCCN2CC3=NC(C)=NO3,1.416,c1cnn(CC2CCCCN2Cc2ncno2)c1
XS844353a,CC1=C(C=NN1C)C(C)NC(=O)C2=CC=3CCCC3S2,1.554,O=C(NCc1cn[nH]c1)c1cc2c(s1)CCC2
XS459445b,CC(C(=O)O)N(CC1=CN(C)N=N1)CC=2C=CC=C(F)C2,1.72,c1ccc(CNCc2c[nH]nn2)cc1
XS841781b,CCN(C(=O)C1=CC=NN1C2CC2(F)F)C=3C=NN(C)C3,9.806,O=C(Nc1cn[nH]c1)c1ccnn1C1CC1
XS844349a,CC(C)C1CCCCCN1C(=O)C=2C=NC(N)=C(Cl)C2,5.31,O=C(c1cccnc1)N1CCCCCC1
XS844348a,CC1=NN=C(CNC(=O)C(C)C=2C(F)=CC=CC2F)N1C,0.462,O=C(Cc1ccccc1)NCc1nnc[nH]1
XS839534b,CC(C1=NC=C(O1)C(C)(C)C)N2C=CC(=N2)C(F)(F)F,0.422,c1cnn(Cc2ncco2)c1
XS841307b,O=C1CC(CNC=2N=C(O)C3=CC=C(Cl)C=C3N2)CN1,18.682,O=C1CC(CNc2ncc3ccccc3n2)CN1
XS839326b,CC1(C)CCC(CCNC=2C=CN=C3N=CC=NC23)OC1,0.364,c1cnc2c(NCCC3CCCCO3)ccnc2n1
XS844347a,CCOC=1C=C(C=CC1Cl)S(=O)(=O)NC(C)CC,0.61,c1ccccc1
XS642402b,CC=1C=CC=2C(=COC2C1C)CC(=O)NCC3CCCO3,1.356,O=C(Cc1coc2ccccc12)NCC1CCCO1
XS844351a,CC=1C=C(Cl)C=CC1OC(C)C(=O)NCC2=CC=CO2,7.668,O=C(COc1ccccc1)NCc1ccco1
XS844346a,COC=1C=CC(=CC1)C(CO)N(C)CC=2C=CC(C#N)=CC2,7.212,c1ccc(CNCc2ccccc2)cc1
XS718326b,CC(C)(C)C=1N=CSC1C(=O)N2CCCC(C2)C(=O)O,7.806,O=C(c1cncs1)N1CCCCC1
XS840281b,COC=1C=CC=C(C1)CNC(=O)NCC2CC(Cl)=NO2,5.398,O=C(NCc1ccccc1)NCC1CC=NO1
XS736996b,O=C1CSC2(C(=O)NC=3C=CC=CC32)N1C=4C=CC=CC4,0.972,O=C1CSC2(C(=O)Nc3ccccc32)N1c1ccccc1
XS844345a,O=C1C=2C=CC=CC2NC(C=3C=CNN3)N1C=4C=CC=CC4,0.942,O=C1c2ccccc2NC(c2cc[nH]n2)N1c1ccccc1
XS674700b,COCC1(CCCN1C(=O)C=2OC=CC2C(C)C)C(N)=O,8.792,O=C(c1ccco1)N1CCCC1
XS844371a,COC1=CC(=CC(=C1)OC)CNC(C)C=2C=CC(Cl)=CC2,0.806,c1ccc(CNCc2ccccc2)cc1
XS837135b,CC=1C(Cl)=C(CN2CC(=O)NC(C)C2)N=C3C=CC=CC13,1.434,O=C1CN(Cc2ccc3ccccc3n2)CCN1
XS844372a,CC1=CN2CC(CCC2=N1)NC(=O)C3=NOC=4CCCCC34,1.612,O=C(NC1CCc2nccn2C1)c1noc2c1CCCC2
XS839317b,C=1N=CN(CCC2=CN(CCC3CCCCC43CC4)N=N2)N1,4.188,c1ncn(CCc2cn(CCC3CCCCC34CC4)nn2)n1
XS844362a,CC=1C=NC(=CN1)C(=O)OC(C)C(=O)N(C)C=2C=CC=CC2,12.376,O=C(COC(=O)c1cnccn1)Nc1ccccc1
XS836794b,COC(=O)C=1C=C(N=CN1)N2CCCC(C2)C=3C=CN(C)N3,1.266,c1cc(N2CCCC(c3cc[nH]n3)C2)ncn1
XS844363a,O=C(NCC1=NN=C2CCCN12)C3COC=4C=CC=CC4O3,2.168,O=C(NCc1nnc2n1CCC2)C1COc2ccccc2O1
XS842192b,O=C1CC2(CCN(C2)C=3N=CC=C(N3)N4CCOCC4)CN1,0.968,O=C1CC2(CCN(c3nccc(N4CCOCC4)n3)C2)CN1
XS844360a,O=C(NCC1CC(=O)N(C1)C2CC2)C3=COC=4C=CC=CC34,0.364,O=C(NCC1CC(=O)N(C2CC2)C1)c1coc2ccccc12
XS844359a,CC(O)CN(CC=1C=CC=CC1)C(=O)NC=2C=CC=C(F)C2,2.932,O=C(NCc1ccccc1)Nc1ccccc1
XS844366a,O=C(CCN1C=NC=2C=CC=CC2C1=O)NCC3CCOC3,1.99,O=C(CCn1cnc2ccccc2c1=O)NCC1CCOC1
XS844357a,COC=1C=CC(=CC1)C(CO)NC(=O)NC=2C=CC=C(F)C2,17.842,O=C(NCc1ccccc1)Nc1ccccc1
XS836670b,CCOC=1C=NC(=CN1)C(=O)NC(C)C2=NN=NN2C3CC3,3.258,O=C(NCc1nnnn1C1CC1)c1cnccn1
XS844369a,COCC(C)NC(=O)C1=CC(=NN1C=2C=CC=CC2)C3CC3,1.174,c1ccc(-n2ccc(C3CC3)n2)cc1
XS844370a,CCS(=O)C=1C=CC=CC1C(=O)NCCC=2C=CC=CC2,8.63,O=C(NCCc1ccccc1)c1ccccc1
XS839012b,CC(NC=1C=C(C#N)C2=CC=CC=C2N1)C3=NN=C4CCCN34,2.192,c1ccc2nc(NCc3nnc4n3CCC4)ccc2c1
XS844361a,CC(OC(=O)C=1C=C(C=CC1Cl)S(C)(=O)=O)C(N)=O,0.0,c1ccccc1
XS844376a,COCC1(CCCN1CC=2C=CC=C(OC)C2OC)C(N)=O,0.872,c1ccc(CN2CCCC2)cc1
XS844378a,CC=1SC=2C=C(NC2C1C(=O)O)C(=O)N3CCOCC3C,5.292,O=C(c1cc2sccc2[nH]1)N1CCOCC1
XS844384a,COC=1C=CC=C2C=C(COC12)C(=O)NC(C)C=3C=CC=CN3,7.436,O=C(NCc1ccccn1)C1=Cc2ccccc2OC1
XS841116b,CC(CN(C)C(=O)C=1C=CC=C2C=CN=CC12)S(=O)(=O)F,4.854,c1ccc2cnccc2c1
XS838905b,CC(CC(=O)NCCC=1C=CC=2NN=CC2C1)C=3C=NN(C)C3,0.766,O=C(CCc1cn[nH]c1)NCCc1ccc2[nH]ncc2c1
XS844380a,CC(CN1C=CC=N1)NC(=O)CCC2=NC(=NO2)C(C)(C)C,2.158,O=C(CCc1ncno1)NCCn1cccn1
XS839271b,COC=1C=NC(=CN1)CNC=2C=CC(=CC2)OC3CC3(F)F,2.562,c1cnc(CNc2ccc(OC3CC3)cc2)cn1
XS705199b,O=S(=O)(C=1C=CC=CC1F)N2CCCC(C2)C3=CC=NN3,3.804,O=S(=O)(c1ccccc1)N1CCCC(c2ccn[nH]2)C1
XS568320b,CC1CN(CC2=NOC(=N2)C3CC3)C=4C=CC=CC4N(C)C1=O,2.354,O=C1CCN(Cc2noc(C3CC3)n2)c2ccccc2N1
XS844379a,O=C(NCCC=1C=CC=CN1)NCC2COC=3C=CC=CC3O2,1.424,O=C(NCCc1ccccn1)NCC1COc2ccccc2O1
XS844373a,O=C(NC1CCCN(C1)C(=O)C=2C=CC=CC2)C=3C=CC=CN3,3.496,O=C(NC1CCCN(C(=O)c2ccccc2)C1)c1ccccn1
XS844383a,CCOC(=O)NC(C(=O)N1CCCN(CC1)C(C)=O)C(C)C,6.296,C1CNCCNC1
XS725816b,CN(CC(=O)NC1CC1)C2CCCN(CC(F)(F)F)C2=O,3.846,O=C(CNC1CCCNC1=O)NC1CC1
XS741111b,COCC=1N=C2C(CCCN2N1)NC3=NC(=NS3)C(C)C,1.472,c1nsc(NC2CCCn3ncnc32)n1
XS841649b,CC(CC1=NC=2C=CC=CC2S1)NC=3C=CC4=NN=NN4N3,12.656,c1ccc2sc(CCNc3ccc4nnnn4n3)nc2c1
XS844375a,NC(=O)CN1C=C(N=N1)C(=O)N2CCCC(C2)C=3C=CC=CC3,5.798,O=C(c1c[nH]nn1)N1CCCC(c2ccccc2)C1
XS839390b,FCC(NC=1N=CC=NC1F)C=2C=CC=C(Br)C2,0.502,c1ccc(CNc2cnccn2)cc1
XS836803b,N#CC1CN(CCN1C2CC2)C=3N=CN=CC3Br,0.702,c1cc(N2CCN(C3CC3)CC2)ncn1
XS844374a,COC=1C=CC(Cl)=CC1C(=O)OCC(=O)NC(C)C(C)C,1.266,c1ccccc1
XS842233b,CC(NC1=NN=C(S1)C=2C=CC=CC2Cl)C3=NN=CN3C,15.3,c1ccc(-c2nnc(NCc3nnc[nH]3)s2)cc1
XS841960b,CC1CN(CCC=2C=CC(Cl)=CC21)C=3C=NC(=CN3)C(N)=O,1.22,c1ccc2c(c1)CCN(c1cnccn1)CC2
XS841424b,CC1=NOC(=N1)C2COCCN2C(=O)NC3=CC=NN3C4CC4,1.086,O=C(Nc1ccnn1C1CC1)N1CCOCC1c1ncno1
XS837509b,COCCC1(C)CN(CCO1)C=2N=CC=C(N2)C3=CC=NN3C,0.478,c1cc(-c2ccnc(N3CCOCC3)n2)[nH]n1
XS501927b,CCCCC1=NOC(CN2CCNC(=O)C2C=3C=CC=CC3)=N1,6.52,O=C1NCCN(Cc2ncno2)C1c1ccccc1
XS685762b,CN1C=NN=C1C2CCCN(C2)C(=O)NCC=3C=CC=C(F)C3,1.346,O=C(NCc1ccccc1)N1CCCC(c2nnc[nH]2)C1
XS844387a,COC(=O)CC(NC(=O)CC=1C(C)=NOC1C)C=2C=CC=CC2,1.336,O=C(Cc1cnoc1)NCc1ccccc1
XS844392a,CCCN(CC=1C=CC(C)=CC1)C(=O)C(C)NC(=O)C(C)(C)C,0.522,c1ccccc1
XS539261b,CC=1N=C2CCC(CN2N1)NCC=3C=C(ON3)C4=CC=CS4,15.128,c1csc(-c2cc(CNC3CCc4ncnn4C3)no2)c1
XS844394a,CC(=O)NC=1C=CC(=CC1)NC(C)C(=O)NC=2C=CC=CC2F,0.984,O=C(CNc1ccccc1)Nc1ccccc1
XS629902b,CCCC(=O)NC1CCCN(C1)C=2N=CN=C3C=CC(F)=CC23,1.078,c1ccc2c(N3CCCCC3)ncnc2c1
XS841402b,CC(C#N)CN(C(=O)N(C=1C=CC=CC1)C=2C=CC=CC2)C3CC3,0.876,O=C(NC1CC1)N(c1ccccc1)c1ccccc1
XS839762b,CC(OCC=1C=CC=CC1)C(=O)N2CCSC=3N=CC=CC32,0.84,O=C(COCc1ccccc1)N1CCSc2ncccc21
XS844393a,O=C(C1CCCO1)N2CCN(CC2)C=3N=CN=C4SC=CC34,24.768,O=C(C1CCCO1)N1CCN(c2ncnc3sccc23)CC1
XS837145b,CCC1=NN=C(NCC2CCCC=3C=CC(=CC32)C(=O)OC)O1,3.384,c1ccc2c(c1)CCCC2CNc1nnco1
XS844391a,CC(NCC=1C=CC(=C(F)C1)N2C=NC=N2)C=3C=CC=C(F)C3,1.238,c1ccc(CNCc2ccc(-n3cncn3)cc2)cc1
XS841472b,CCC=1C=C(CNC(=O)NC2CCCOC32CCOCC3)NN1,4.714,O=C(NCc1ccn[nH]1)NC1CCCOC12CCOCC2
XS844405a,N#CC=1C=CC(=CC1)COC(=O)CC2OC=3C=CC=CC3NC2=O,2.81,O=C(CC1Oc2ccccc2NC1=O)OCc1ccccc1
XS837061b,CC(CC=1C(Cl)=CC=CC1Cl)NC(=O)CCC2=NN=CN2,0.728,O=C(CCc1nnc[nH]1)NCCc1ccccc1
XS838920b,COCC1C=CCCN1C(=O)C=2C=NC(=C(C#N)C2)C(F)(F)F,0.404,O=C(c1cccnc1)N1CC=CCC1
XS183214b,CC1CCC=2C=CC=CC2N1CC(=O)NC=3C=CC=4OCOC4C3,3.096,O=C(CN1CCCc2ccccc21)Nc1ccc2c(c1)OCO2
XS838582b,N#CC=1C=C(N=CN1)N(CC=2C=C3CCCN3N2)CC4C=CCC4,1.366,C1=CC(CN(Cc2cc3n(n2)CCC3)c2ccncn2)CC1
XS844397a,COC(=O)C(C)CNC(=O)C=1C=NN(C1)C=2C=CC=CC2Cl,3.764,c1ccc(-n2cccn2)cc1
XS844402a,CC1CN(CC=2C=CN(N2)C=3C(F)=CC=CC3F)CC(=O)N1C,0.672,O=C1CN(Cc2ccn(-c3ccccc3)n2)CCN1
XS839149b,CC1=NC=2C(=CC=CC2O1)NC(=O)C3(CCOC3)C=4C=CC=CC4,4.946,O=C(Nc1cccc2ocnc12)C1(c2ccccc2)CCOC1
XS844398a,CC1=CSC(=N1)C2CCCN(C2)C(=O)C=3C=CC(C#N)=C(C)N3,0.92,O=C(c1ccccn1)N1CCCC(c2nccs2)C1
XS540675b,CNC(=O)C=1C=CC=C(C1)NC(=O)C2(C)CCCC=3C=CC=CC32,1.392,O=C(Nc1ccccc1)C1CCCc2ccccc21
XS844416a,COC=1C=CC(=CC1)CNC(=O)C2CC(=O)N(CC(F)(F)F)C2,2.144,O=C1CC(C(=O)NCc2ccccc2)CN1
XS844413a,CC=1C=NC(=NC1C)N2CCCC(O)(CC3=NC(=NO3)C4CC4)C2,6.488,c1cnc(N2CCCC(Cc3nc(C4CC4)no3)C2)nc1
XS844412a,CC1=CC(=O)N2N=C(NC(C)C=3C=CC=4OCOC4C3)SC2=N1,11.206,O=c1ccnc2sc(NCc3ccc4c(c3)OCO4)nn12
XS844410a,CC1=NOC(=N1)C=2C=CC=NC2N3CCCC(C3)N4CCCC4=O,4.076,O=C1CCCN1C1CCCN(c2ncccc2-c2ncno2)C1
XS844415a,O=C(CCNC(=O)NC1CCCCC1)NC2CCC=3C=CC=CC32,1.108,O=C(CCNC(=O)NC1CCCCC1)NC1CCc2ccccc21
XS609631b,NC(=O)C=1C=CC=C(C1)OCC(=O)N2CCCC(C2)N3C=CC=N3,5.316,O=C(COc1ccccc1)N1CCCC(n2cccn2)C1
XS844419a,CC=1C=CC(=CC1Cl)N2N=CC(NCC(C)O)=C(Cl)C2=O,1.034,O=c1cccnn1-c1ccccc1
XS844417a,COC1=CC(=CC(OC)=C1C)C(=O)NC2CCCC3=C2C=NN3C,15.54,O=C(NC1CCCc2[nH]ncc21)c1ccccc1
XS655000b,O=C(NCCNC=1C=NC=CN1)C2CC(=O)NC=3C=C(F)C=CC32,7.63,O=C1CC(C(=O)NCCNc2cnccn2)c2ccccc2N1
XS839726b,CC(C=1C=CC=C(C1)[N+]([O-])=O)N(C)CC=2C=CC=C3OCCOC23,0.714,c1ccc(CNCc2cccc3c2OCCO3)cc1
XS785060b,CC=1N=C2N=C(C)C=C(N3CCCC3C=4C=CC(Cl)=CC4)N2N1,2.106,c1ccc(C2CCCN2c2ccnc3ncnn23)cc1
XS836684b,CC=1C=CC(=CC1)C(NCC2=NC(=O)NN2)C=3C=CC=CC3Cl,0.918,O=c1nc(CNC(c2ccccc2)c2ccccc2)[nH][nH]1
XS840562b,CC1=CC(CC(C)NC(=O)NC=2C=CC3=C(C2)OC(=O)N3C)=NN1,14.706,O=C(NCCc1cc[nH]n1)Nc1ccc2[nH]c(=O)oc2c1
XS838177b,CC=1C=CC(=CC1N2CCOC2=O)NC(=O)C(C)C=3C=NC=NC3,3.102,O=C(Cc1cncnc1)Nc1cccc(N2CCOC2=O)c1
XS844418a,CC1=C(C=NN1C=2C=CC=CC2F)C(=O)NC3CCCCNC3=O,1.692,O=C(NC1CCCCNC1=O)c1cnn(-c2ccccc2)c1
XS475208b,O=C(NCCC=1C=CC=CN1)C2CCCN(C2)C(=O)N3CCCC3,5.978,O=C(NCCc1ccccn1)C1CCCN(C(=O)N2CCCC2)C1
XS844420a,O=C(NC1CCN(C1)C2CC2)C=3OC=CC3COC=4C=CC=CC4,0.71,O=C(NC1CCN(C2CC2)C1)c1occc1COc1ccccc1
XS844428a,CCCC(C)NC(=O)CSC=1C=CC(=NN1)N2N=C(C)C=C2C,1.474,c1cnnc(-n2cccn2)c1
XS839247b,CCC(NC=1C=NN(C1)C2=NC=CS2)C=3C=C(Cl)C=CC3O,6.652,c1ccc(CNc2cnn(-c3nccs3)c2)cc1
XS844429a,N#CC=1C=CC=C(C1)NC2CCN(C2)C(=O)C=3NN=C4CCCCC34,2.872,O=C(c1[nH]nc2c1CCCC2)N1CCC(Nc2ccccc2)C1
XS839146b,NS(=O)(=O)C=1C=NC(=NC1)N2CCSC(C2)C=3C=CC=CC3,3.312,c1ccc(C2CN(c3ncccn3)CCS2)cc1
XS844435a,COCCN1C=C(C(=O)NC2CCC=3C=CC=CC32)C=4C=CC=CC41,2.638,O=C(NC1CCc2ccccc21)c1c[nH]c2ccccc12
XS844425a,CCC=1C=CSC1C(=O)NC(C2=NC(C)=NO2)C3CCOCC3,4.804,O=C(NC(c1ncno1)C1CCOCC1)c1cccs1
XS844427a,CCN(C)C(=O)C(C)NC(=O)NC=1C=CC=C(C1)N2CCOCC2,7.256,c1ccc(N2CCOCC2)cc1
XS844432a,CCN(C(=O)C(C)S(=O)(=O)CC1=CC(C)=NO1)C=2C=CC=CC2,10.34,O=C(CS(=O)(=O)Cc1ccno1)Nc1ccccc1
XS844426a,CC(=O)NC=1C=CC(=CC1)NC(=O)C(C)OC(=O)C2CCCCC2,2.908,O=C(COC(=O)C1CCCCC1)Nc1ccccc1
XS335265b,COC=1C=CC=CC1OCC(=O)N2CCOC(CN3C=CN=N3)C2,1.338,O=C(COc1ccccc1)N1CCOC(Cn2ccnn2)C1
XS838365b,CC=1C=C(C(=O)NCC#CC2CCCCO2)N(N1)C3CCOCC3,1.248,O=C(NCC#CC1CCCCO1)c1ccnn1C1CCOCC1
XS836812b,O=C1CSC=2N=CN=C(C2N1)N3CCOC(CN4C=CC=N4)C3,2.416,O=C1CSc2ncnc(N3CCOC(Cn4cccn4)C3)c2N1
XS844433a,NS(=O)(=O)C=1C=NC(=NC1)N2CCCC(CC=3C=CC=CC3)C2,10.166,c1ccc(CC2CCCN(c3ncccn3)C2)cc1
XS839304b,CN(C)C=1C=C(F)C=C(C1)NC(=O)C2CCN(C2)S(=O)(=O)F,3.548,O=C(Nc1ccccc1)C1CCNC1
XS836568b,COC(=O)C=1C=C(C(C)=CC1NCC(C)C2=NN=CN2C)[N+]([O-])=O,6.962,c1ccc(NCCc2nnc[nH]2)cc1
XS844437a,CC1C(=O)NCCN1S(=O)(=O)C2=CC=C(Br)S2,5.586,O=C1CN(S(=O)(=O)c2cccs2)CCN1
XS728886b,O=C(NCC=1C=CC2=CC=CC=C2C1)NCC3CC(=O)N(C3)C4CC4,1.18,O=C(NCc1ccc2ccccc2c1)NCC1CC(=O)N(C2CC2)C1
XS534403b,N#CC=1C=CC(=C(Br)C1)N2CCCC(O)(CC(N)=O)C2,0.728,c1ccc(N2CCCCC2)cc1
XS840551b,CC=1C=C(C)C=2OCCC(NC3=NC=C(S3)S(N)(=O)=O)C2C1,3.702,c1ccc2c(c1)OCCC2Nc1nccs1
XS844445a,CC1=NC=2C=CC=CC2N1CC(=O)NCC3COC=4C=CC=CC4O3,1.212,O=C(Cn1cnc2ccccc21)NCC1COc2ccccc2O1
PK010306b,CNC(=O)NC(=O)C(C)SC=1N=C(C)N=C2SC(C)=C(C)C12,4.872,c1ncc2ccsc2n1
XS844439a,N#CC=1C=CC(=C(C1)C(F)(F)F)N2CCC(O)(CN3C=CN=N3)C2,1.206,c1ccc(N2CCC(Cn3ccnn3)C2)cc1
XS844455a,COC=1C=CC(C(=O)OC(C)C(=O)NC=2C=CC(C)=CC2)=C(C1)OC,9.742,O=C(COC(=O)c1ccccc1)Nc1ccccc1
XS431997b,CCN(CC)C(CNC(=O)C1=CC=C(C)NC1=O)CC=2C=CC=CC2,1.814,O=C(NCCCc1ccccc1)c1ccc[nH]c1=O
XS844461a,COC1CCN(CC1)C(=O)C(C(C)C)N2N=NC(=N2)C=3C=CC=CC3,4.404,O=C(Cn1nnc(-c2ccccc2)n1)N1CCCCC1
XS844463a,O=C(NCCC=1C=CC=C(O)C1)C=2C=CC(=CC2)OCC3CCCO3,1.07,O=C(NCCc1ccccc1)c1ccc(OCC2CCCO2)cc1
XS837780b,CC=1C(Cl)=CC2=C(CCCN2C(=O)CC3COC(=O)C3)C1Cl,2.002,O=C1CC(CC(=O)N2CCCc3ccccc32)CO1
XS840288b,O=S(=O)(N(CC=1C=CC=CC1O)CC2CCCO2)N3CC(F)C3,1.4,O=S(=O)(N1CCC1)N(Cc1ccccc1)CC1CCCO1
XS530291b,CC1=NOC(C)=C1CC(C)NS(=O)(=O)C=2C=CC(=CC2)C(F)F,0.708,O=S(=O)(NCCc1cnoc1)c1ccccc1
XS844458a,COCC1(CCCN1S(=O)(=O)C=2C=C(C)C=CC2OC)C(N)=O,4.628,O=S(=O)(c1ccccc1)N1CCCC1
XS836640b,CC1C=2SC=CC2CCN1C3=NN=C(C4=NNC(=N4)C5CC5)N3C,0.646,c1cc2c(s1)CN(c1nnc(-c3n[nH]c(C4CC4)n3)[nH]1)CC2
XS842593b,CC(NC(=O)C1=CC=CS1)C(=O)NC=2C=NC=CC2N3C=CC=N3,1.658,O=C(CNC(=O)c1cccs1)Nc1cnccc1-n1cccn1
XS334315b,O=S(=O)(C=1C=CC=C(C1)C(F)(F)F)N2CCC(C2)C3=NN=CN3,1.398,O=S(=O)(c1ccccc1)N1CCC(c2nnc[nH]2)C1
XS844473a,CC=1C=CC=CC1C(C)NC(=O)C2=CNN3C2=NC(=O)C=4C=CC=CC43,3.67,O=C(NCc1ccccc1)c1c[nH]n2c1nc(=O)c1ccccc12
XS836922b,O=S(=O)(NC1=CC=NN1C2CCOC2)C=3C=CC(=CC3)OC4CC4,0.54,O=S(=O)(Nc1ccnn1C1CCOC1)c1ccc(OC2CC2)cc1
XS840259b,O=S(=O)(C=1C(Cl)=CC=C(F)C1F)N2CCC(C2)C=3C=CON3,3.202,O=S(=O)(c1ccccc1)N1CCC(c2ccon2)C1
XS844471a,COC=1C=CC(=C(C1)OC)C(C)NC(=O)N(C)CC=2C(C)=NOC2C,2.77,O=C(NCc1ccccc1)NCc1cnoc1
XS844465a,CNC(=O)C1CCCCN1C(=O)CC=2N=C(OC2C)C=3C=CSC3,1.472,O=C(Cc1coc(-c2ccsc2)n1)N1CCCCC1
XS844466a,NC(=O)C1CCN(C1)C(=O)C=2C=CC(=CC2)OC=3C=CC(F)=C(F)C3,8.542,O=C(c1ccc(Oc2ccccc2)cc1)N1CCCC1
XS669297b,CC=1N=C(SC1C(=O)N2CCCC(C2)C(=O)O)C=3C=CC(F)=CC3,1.452,O=C(c1cnc(-c2ccccc2)s1)N1CCCCC1
XS844464a,CC(C)(C)C1=NC(=CS1)CC(=O)NC(C)(C(N)=O)C=2C=CC=CC2,3.074,O=C(Cc1cscn1)NCc1ccccc1
XS839494b,CC1=NC(CN2CCCC(C2)NC=3C(C#N)=CN=C4C=CC=CC34)=NO1,1.518,c1ccc2c(NC3CCCN(Cc4ncon4)C3)ccnc2c1
XS635746b,CC=1N=CC=C(C1Cl)N2CCCC(O)(CC3=NC(=NO3)C4CC4)C2,0.966,c1cc(N2CCCC(Cc3nc(C4CC4)no3)C2)ccn1
XS388809b,CCCC(NC(=O)COC=1C=CC=2NC(=O)CCC2C1)C=3C=CC=CC3,4.37,O=C(COc1ccc2c(c1)CCC(=O)N2)NCc1ccccc1
XS422700b,CC=1C=CC=CC1C2CCN(C2)C(=O)C=3C=CC(=CC3)N4CCNC4=O,20.296,O=C(c1ccc(N2CCNC2=O)cc1)N1CCC(c2ccccc2)C1
XS844484a,COC=1C=CC=CC1N2CCN(CC2)C(=O)C(C)OC=3C=CC=C(C)C3,3.044,O=C(COc1ccccc1)N1CCN(c2ccccc2)CC1
XS839072b,CC=1C=CC(Cl)=C2C=CC(=NC12)NC(=O)C3CCC4=C(C3)N=CN4C,0.612,O=C(Nc1ccc2ccccc2n1)C1CCc2[nH]cnc2C1
XS844481a,CN1N=CC(C(=O)NC(CO)CC=2C=CN=CC2)=C1CC=3C=CC=CC3,2.126,O=C(NCCc1ccncc1)c1cn[nH]c1Cc1ccccc1
XS565052b,CCC=1C=C(NC2CCCN(C2=O)C=3C=CC=CC3F)N4N=CN=C4N1,1.032,O=C1C(Nc2ccnc3ncnn23)CCCN1c1ccccc1
XS844489a,COC=1C=CC(=CC1F)C(=O)NC(C)C=2C=CC(=CC2)S(N)(=O)=O,2.51,O=C(NCc1ccccc1)c1ccccc1
XS844485a,CC(NC(=O)C=1C=CC(=CC1)NC(N)=O)C=2C=CC(Cl)=C(Cl)C2,0.89,O=C(NCc1ccccc1)c1ccccc1
XS844486a,CC=1C=CC(F)=C2NC(=CC12)C(=O)N3CCC3CNC(=O)C=4C=COC4,8.992,O=C(NCC1CCN1C(=O)c1cc2ccccc2[nH]1)c1ccoc1
XS839663b,CC1=CON=C1CN(CC2CCCC32CC3)C=4C=CC5=NC=CN=C5N4,2.53,c1cnc2nc(N(Cc3ccon3)CC3CCCC34CC4)ccc2n1
XS837316b,CCN1N=CC(CNC(=O)NC2CCC=3C(Cl)=C(Cl)C=CC32)=N1,2.164,O=C(NCc1cn[nH]n1)NC1CCc2ccccc21
XS844494a,CC=1OC(=NC1C(=O)OCC(=O)NC(C)C=2C=CC=CC2)C=3C=CC=CC3,4.838,O=C(COC(=O)c1coc(-c2ccccc2)n1)NCc1ccccc1
XS829492b,CC(=O)NC=1C=CC(=CC1)NC(=O)C(C)OC(=O)CC=2C=CC(F)=CC2,4.228,O=C(COC(=O)Cc1ccccc1)Nc1ccccc1
XS844501a,CC(C)NC(=O)C=1C=CC(Cl)=C(C1)NC(=O)C2CC(=O)N(C2)C(C)C,2.224,O=C1CC(C(=O)Nc2ccccc2)CN1
XS783173b,CC(C)C1=NC(=NN1C=2C=CC=C(F)C2)C(=O)NC3CCOC(C)(C)C3,1.244,O=C(NC1CCOCC1)c1ncn(-c2ccccc2)n1
XS844500a,CC=1N=C(SCC(=O)NC2CCS(=O)(=O)C2)N(CC(C)C)C1C,3.49,O=C(CSc1ncc[nH]1)NC1CCS(=O)(=O)C1
XS838995b,CCC1=CNN=C1C(=O)N2CCC(CN(C)C(=O)CC3=CC=C(C)O3)C2,2.584,O=C(Cc1ccco1)NCC1CCN(C(=O)c2cc[nH]n2)C1
XS837645b,O=C(CC1=NN2C=CC=NC2=N1)N3CCC3(C=4C=CC=CC4)C(F)(F)F,1.53,O=C(Cc1nc2ncccn2n1)N1CCC1c1ccccc1
XS844502a,CC(=O)N1CCCC(C1)C(=O)NCC=2C=CC=C(C2)N3CCCCC3=O,1.762,O=C(NCc1cccc(N2CCCCC2=O)c1)C1CCCNC1
XS844493a,CC(NS(=O)(=O)C1=CN(C)C(=O)N(C)C1=O)C=2C=CC(F)=CC2F,4.752,O=c1[nH]cc(S(=O)(=O)NCc2ccccc2)c(=O)[nH]1
XS463055b,CC(NC(=O)C=1C=CC(=NC1)S(N)(=O)=O)C23CC4CC(CC(C4)C3)C2,6.106,O=C(NCC12CC3CC(CC(C3)C1)C2)c1cccnc1
XS839417b,O=C(NCC(C=1C=CC=CC1)N2C=CC=N2)C3(CCOCC3)C=4C=CNN4,3.496,O=C(NCC(c1ccccc1)n1cccn1)C1(c2cc[nH]n2)CCOCC1
XS844497a,CCN1C(CN2CCCC(C)C2)=NC=3C=C(C=CC31)S(=O)(=O)N(C)C,1.848,c1ccc2[nH]c(CN3CCCCC3)nc2c1
XS130641b,CCOC=1C=CC=CC1OCC(=O)N(C)C(C)C2=NC=3C=CC=CC3S2,7.174,O=C(COc1ccccc1)NCc1nc2ccccc2s1
XS838305b,N#CC1=CC=2CC(CCC2NC1=O)NC=3N=CC(=CC3Cl)C(F)(F)F,4.438,O=c1ccc2c([nH]1)CCC(Nc1ccccn1)C2
XS839725b,CC1=CSC(=N1)C2CSCCN2CC=3C=C(O)N4N=CC(C#N)=C4N3,1.434,c1csc(C2CSCCN2Cc2ccn3nccc3n2)n1
XS844511a,O=C(NC1CCCC2=C1C=NN2CC=3C=CC=CC3)C=4C=CC(F)=C(F)C4,13.968,O=C(NC1CCCc2c1cnn2Cc1ccccc1)c1ccccc1
XS844513a,O=C(COC=1C=CC(=CC1)C(F)(F)F)NCC2COC=3C=CC=CC3O2,0.534,O=C(COc1ccccc1)NCC1COc2ccccc2O1
XS844507a,COC=1C=CC=CC1C(=O)NCC(=O)NC2CCCOC=3C(F)=CC=CC32,2.27,O=C(CNC(=O)c1ccccc1)NC1CCCOc2ccccc21
XS540349b,CC=1C=CC2=C(C1)C(=O)N(C)C3=NN=C(CN4CCCC4C=5C=CC=CC5)N32,0.816,O=c1[nH]c2nnc(CN3CCCC3c3ccccc3)n2c2ccccc12
XS838171b,CCOC=1C=CC=C(N1)N2CCN(CC2)C(=O)C3=CNN=C3C4CCOC4,1.148,O=C(c1c[nH]nc1C1CCOC1)N1CCN(c2ccccn2)CC1
XS841967b,COC=1C=C(F)C(=CC1OC)C(C)NC(=O)N2CC3(CC3)C=4C=CC=CC42,4.78,O=C(NCc1ccccc1)N1CC2(CC2)c2ccccc21
XS838916b,COCN1N=CC=C1CN2CCNC(=O)C2C=3C=CC(=CC3)C(F)(F)F,10.22,O=C1NCCN(Cc2ccn[nH]2)C1c1ccccc1
XS844512a,COC=1C=CC=C(C1)CCC(=O)NC(CN2CCCC2=O)C=3C=CC=CC3,1.896,O=C(CCc1ccccc1)NC(CN1CCCC1=O)c1ccccc1
XS842512b,CC1=NC(=CO1)C=2C=CC(=CC2)S(=O)(=O)NC3CCC(=O)NC43CCC4,15.352,O=C1CCC(NS(=O)(=O)c2ccc(-c3cocn3)cc2)C2(CCC2)N1
XS844508a,CNC(=O)NC(=O)C(C)SC1=NN=C(COC=2C=CC=CC2Cl)O1,6.21,c1ccc(OCc2nnco2)cc1
XS782354b,COC=1C=CC(=CC1)CNC(=O)CN(C)C(C)C2=NC=3C=CC=CC3S2,0.576,O=C(CNCc1nc2ccccc2s1)NCc1ccccc1
XS170837e,CC1=CC(=C(C)S1)C=2C=C(C(=O)NCC3CCCO3)C=4C(C)=NOC4N2,1.808,O=C(NCC1CCCO1)c1cc(-c2ccsc2)nc2oncc12
XS814472b,CCC=1C=CC=CC1NC(=O)CNC(=O)CC(NC(C)=O)C=2C=CC=CC2,0.576,O=C(CCc1ccccc1)NCC(=O)Nc1ccccc1
XS839106b,CN1C(=O)N(CCCOC2CCOC2)C(=O)C=3C=CC(=NC31)C(F)(F)F,7.998,O=c1[nH]c2ncccc2c(=O)n1CCCOC1CCOC1
XS844523a,CN(C(=O)C1CCCN(C1)C=2C=NC=CN2)C(C=3C=CC=CC3)C=4C=CC=CC4,4.996,O=C(NC(c1ccccc1)c1ccccc1)C1CCCN(c2cnccn2)C1
XS844525a,CCC=1C=CC=CC1NC(=O)CN(C)C(C)C(=O)NC=2C=CC=3OCOC3C2,4.11,O=C(CNCC(=O)Nc1ccc2c(c1)OCO2)Nc1ccccc1
XS844528a,CC(NC(=O)CN1C=NC=2C=3C=CC=CC3OC2C1=O)C=4C=CC(F)=CC4F,2.77,O=C(Cn1cnc2c(oc3ccccc32)c1=O)NCc1ccccc1
XS844519a,COCC1=NC(=NO1)C2COCCN2C(=O)C3=CC=C(C=4C=CC=CC4)N3C,9.96,O=C(c1ccc(-c2ccccc2)[nH]1)N1CCOCC1c1ncon1
XS844529a,CCOC=1C=C2CC(C)OC2=C3NC(=CC13)C(=O)NC=4C=CC=NC4OCC,16.354,O=C(Nc1cccnc1)c1cc2ccc3c(c2[nH]1)OCC3
XS842338b,CC(NC(=O)C=1NN=C2C=C(C=CC12)OC(F)(F)F)C3CS(=O)(=O)C3,8.402,O=C(NCC1CS(=O)(=O)C1)c1[nH]nc2ccccc12
XS844515a,O=C(NC1CCCCCC1)C2CCCN(C2)S(=O)(=O)CC=3C=CC=CC3,8.4,O=C(NC1CCCCCC1)C1CCCN(S(=O)(=O)Cc2ccccc2)C1
XS844522a,O=C(NC1CCS(=O)(=O)C=2C=CC=CC21)C3(CCCC3)C=4C=CC(F)=CC4,3.996,O=C(NC1CCS(=O)(=O)c2ccccc21)C1(c2ccccc2)CCCC1
XS844521a,CC(NC(=O)CN1C(=NC=2C=CC=CC21)C3=CSC=N3)C=4C=CC(F)=CC4,0.974,O=C(Cn1c(-c2cscn2)nc2ccccc21)NCc1ccccc1
XS837456b,CC=1NC=2C=CC(=CC2C1C)C(=O)N(C)C(C)C=3C=CC(=CC3)S(N)(=O)=O,6.622,O=C(NCc1ccccc1)c1ccc2[nH]ccc2c1
XS837777b,N#CC=1C=CC(=CC1)NC(=O)C2CSCN2C(=O)C(F)(F)C3(O)CCC3,2.3,O=C(Nc1ccccc1)C1CSCN1C(=O)CC1CCC1
XS844516a,COC=1C=CC=C(C1)NC(=O)CN(CC2=CC=CO2)C3CCS(=O)(=O)C3,2.868,O=C(CN(Cc1ccco1)C1CCS(=O)(=O)C1)Nc1ccccc1
XS839829b,COC=1N=CC=C2CCCN(C(=O)C=3C=NN(C3)C4CCS(=O)(=O)C4)C12,2.602,O=C(c1cnn(C2CCS(=O)(=O)C2)c1)N1CCCc2ccncc21
XS844517a,COC(=O)CC(NC(=O)C=1C=CC=C(C1)N2CCCC2=O)C=3C=CC(C)=CC3,6.536,O=C(NCc1ccccc1)c1cccc(N2CCCC2=O)c1
XS718220b,COC=1C(C)=CC(=CC1C)CN2CCCCC2C3=NN=C(O3)C4CCOCC4,1.588,c1ccc(CN2CCCCC2c2nnc(C3CCOCC3)o2)cc1
XS844527a,COC=1C=C2NC(C3=CSC(=N3)C=4C=CC=CN4)N(C)C(=O)C2=CC1OC,3.406,O=C1NC(c2csc(-c3ccccn3)n2)Nc2ccccc21
XS844520a,CNC(=O)C1CCCCN1C(=O)C=2N=NN(CC=3C=CC(F)=CC3F)C2C,11.544,O=C(c1cn(Cc2ccccc2)nn1)N1CCCCC1
XS844541a,CC(C)NC(=O)C(=O)N1CCN(CC1)C(=O)C(C)OC=2C=CC=C(C2)C(C)C,0.802,O=C(COc1ccccc1)N1CCNCC1
XS844534a,CC1CN(CCN1C=2C=CC=CC2F)C(=O)C=3C=CC=C(C3)NC(=O)NC4CC4,6.972,O=C(Nc1cccc(C(=O)N2CCN(c3ccccc3)CC2)c1)NC1CC1
XS838764b,O=C(CC=1C=CC=2OCCCOC2C1)NC3CC=4C=CC(=CC4C3)C=5N=NNN5,0.572,O=C(Cc1ccc2c(c1)OCCCO2)NC1Cc2ccc(-c3nn[nH]n3)cc2C1
XS844532a,COC=1C=CC=CC1C(NC(=O)CC2=CNC=3C=C(F)C=CC23)C=4C=CC=CN4,3.784,O=C(Cc1c[nH]c2ccccc12)NC(c1ccccc1)c1ccccn1
XS695060b,CC=1C=CC(=CC1)S(=O)(=O)NCCC(=O)NC2CCSC=3C=CC=CC32,3.61,O=C(CCNS(=O)(=O)c1ccccc1)NC1CCSc2ccccc21
XS844533a,CCOC(=O)C1=C(CSC=2C=CC(F)=CC2)NC(=O)NC1C3=CC=CS3,5.924,O=C1NC(CSc2ccccc2)=CC(c2cccs2)N1
XS844530a,N#CC=1N=C(OC1NCC(C=2C=CC=CC2)N3CCOCC3)C=4C=CC=CC4F,0.674,c1ccc(-c2ncc(NCC(c3ccccc3)N3CCOCC3)o2)cc1
XS836508b,O=C(NCC1CC2(CCNCC2)C(=O)O1)NC3=CC(Cl)=C(F)C(Cl)=C3,12.272,O=C(NCC1CC2(CCNCC2)C(=O)O1)Nc1ccccc1
XS396124b,COC=1C=CC(=CC1)C2=CSC(=N2)NC(=O)C3CC(=O)N(CC4=CC=CO4)C3,16.772,O=C(Nc1nc(-c2ccccc2)cs1)C1CC(=O)N(Cc2ccco2)C1
XS844539a,CC=1C=CC(=CC1)N2N=C(C(=O)N(C(C)C=3C=CC=CN3)C4CC4)C(O)=CC2=O,1.908,O=C(c1ccc(=O)n(-c2ccccc2)n1)N(Cc1ccccn1)C1CC1
XS842369b,CN1C=C(N=N1)C(=O)N2CC(=O)NC=3C=CC(Cl)=CC3C2C=4C=CC=CC4F,10.478,O=C1CN(C(=O)c2c[nH]nn2)C(c2ccccc2)c2ccccc2N1
XS837309b,CN1C=C(C(=O)NC1=O)S(=O)(=O)N2CC(C)(C)C2C3=NC=CN3CC4CC4,3.478,O=c1[nH]cc(S(=O)(=O)N2CCC2c2nccn2CC2CC2)c(=O)[nH]1
XS722501b,NC(=O)C1=CN(CC(=O)NC(CC=2C=CC=CC2)C=3C=CC=CC3)C=4C=CC=CC14,4.594,O=C(Cn1ccc2ccccc21)NC(Cc1ccccc1)c1ccccc1
XS709926b,CC1=NN(C(C)=C1Br)C=2C=CC(=CC2)C(=O)N3CCC(C3)C(=O)O,4.01,O=C(c1ccc(-n2cccn2)cc1)N1CCCC1
XS841622b,CN1C=C(C=N1)C2CSCCCN2C(=O)C3=CC=C(CNS(C)(=O)=O)O3,1.734,O=C(c1ccco1)N1CCCSCC1c1cn[nH]c1
XS844542a,CCN1C(=NC=2C=CC=CC21)SCC(=O)N3C=4C=CC=CC4NC(=O)CC3C,1.326,O=C1CCN(C(=O)CSc2nc3ccccc3[nH]2)c2ccccc2N1
XS836894b,COC(=O)C=1C(Cl)=CC=C(NC(=O)NCC(C)(C)C2(O)CCOC2)C1F,9.93,O=C(NCCC1CCOC1)Nc1ccccc1
XS844538a,CC(C)C(NC(=O)C1=CN(N=N1)C=2C=CC=3OCCOC3C2)C=4C=CC(F)=CC4,45.344,O=C(NCc1ccccc1)c1cn(-c2ccc3c(c2)OCCO3)nn1
XS844550a,CC(OC=1C=CC(Br)=CC1)C(=O)NCC=2C=CC=C(C2)NC(=O)C3CC3,1.66,O=C(COc1ccccc1)NCc1cccc(NC(=O)C2CC2)c1
XS838173b,CCS(=O)(=O)N1CC(=O)NC=2C=CC(Br)=CC2C1C=3C=CC=CC3,1.866,O=C1CNC(c2ccccc2)c2ccccc2N1
XS844544a,CC(C(=O)NC=1C=CC(F)=C(F)C1)N2CCN(CC2)S(=O)(=O)C3=CC=CS3,4.55,O=C(CN1CCN(S(=O)(=O)c2cccs2)CC1)Nc1ccccc1
XS844545a,O=C(NCCC1=NC=2C=CC=CC2N1)C3CC(=O)N(C3)C=4C=CC=5OCCOC5C4,3.406,O=C(NCCc1nc2ccccc2[nH]1)C1CC(=O)N(c2ccc3c(c2)OCCO3)C1
XS840371b,COC=1C=C(C=C(C1)C(NC2=C(C#N)C(=O)N(C)C(=O)N2C)C3=NC=CN3C)OC,8.21,O=c1cc(NC(c2ccccc2)c2ncc[nH]2)[nH]c(=O)[nH]1
XS844543a,COC(=O)CCN1C(=O)C=2C=CC=CC2N=C1SC(C)C(=O)N3CCNC3=O,2.102,O=C(CSc1nc2ccccc2c(=O)[nH]1)N1CCNC1=O
XS844556a,CC1=C(NC(C(=O)N2CCCCC2)C=3C=CC=CC3)C(=O)N(C=4C=CC=CC4)N1C,4.67,O=C(C(Nc1c[nH]n(-c2ccccc2)c1=O)c1ccccc1)N1CCCCC1
XS844547a,CC(NC(=O)COC(=O)C=1C=CC=CC1NCCO)C23CC4CC(CC(C4)C3)C2,0.534,O=C(COC(=O)c1ccccc1)NCC12CC3CC(CC(C3)C1)C2
XS844553a,CCN(CC(=O)NC=1C=CC(=CC1)OC)C(=O)C2CC(=O)N(CC=3C=CC=CC3)C2,4.724,O=C(CNC(=O)C1CC(=O)N(Cc2ccccc2)C1)Nc1ccccc1
MR043144c,CC(NC(=O)C1=CNN=C1C=2C=CC(Cl)=CC2)C=3C=CC=C(C3)NS(C)(=O)=O,2.832,O=C(NCc1ccccc1)c1c[nH]nc1-c1ccccc1
XS432184b,CS(=O)(=O)C=1C=CC(=CC1)C(=O)N2CCCC(C2)C3=NC=4C=CC=CC4S3,12.866,O=C(c1ccccc1)N1CCCC(c2nc3ccccc3s2)C1
XS840432b,COC(=O)C1CCN(CC1)C(=O)NC2CCCN2S(=O)(=O)C=3C=CC=CC3F,0.998,O=C(NC1CCCN1S(=O)(=O)c1ccccc1)N1CCCCC1
XS844548a,CC(OC(=O)CCNC1=NS(=O)(=O)C=2C=CC=CC12)C(=O)NC=3C=CC=CC3F,3.836,O=C(COC(=O)CCNC1=NS(=O)(=O)c2ccccc21)Nc1ccccc1
XS844549a,CN(C)C=1C=C(N=C(N1)N2CCOCC2CC3=CNC=4C=CC=CC34)C(F)(F)F,0.77,c1cnc(N2CCOCC2Cc2c[nH]c3ccccc23)nc1
XS844555a,CCCC(C)NC(=O)CN1CCN(CC1)S(=O)(=O)C=2C=CC=3OCCOC3C2,1.418,O=S(=O)(c1ccc2c(c1)OCCO2)N1CCNCC1
XS844552a,CSC=1C=CC=CC1NC(=O)CN(C)C(=O)C(NC(=O)C2=CC=CO2)C(C)C,0.862,O=C(CNC(=O)c1ccco1)NCC(=O)Nc1ccccc1
XS844565a,O=C(CCC1=CC=C(O1)C=2C=CC=CC2)NCC(C=3C=CC(F)=CC3)N4CCOCC4,3.07,O=C(CCc1ccc(-c2ccccc2)o1)NCC(c1ccccc1)N1CCOCC1
XS839316b,CC(C)C1=NOC=C1CN(C)C=2C(F)=CC=C3C(=O)N(C(=O)C23)C4CCC(=O)NC4=O,6.52,O=C1CCC(N2C(=O)c3cccc(NCc4cnoc4)c3C2=O)C(=O)N1
XS844562a,COC=1C=CC(=CC1OC)NC(=O)C(C)OC=2C=CC=C(C2)C3=NN=C4CCCCCN34,2.77,O=C(COc1cccc(-c2nnc3n2CCCCC3)c1)Nc1ccccc1
XS844569a,COC=1C=CC(=CC1S(=O)(=O)N2CCCC2C=3C=CC=4OCCOC4C3)NC(C)=O,3.734,O=S(=O)(c1ccccc1)N1CCCC1c1ccc2c(c1)OCCO2
XS842329b,CC=1C=COC1CN(C)S(=O)(=O)C=2C=CC=C3C(=O)N(CC23)C4CCC(=O)NC4=O,12.912,O=C1CCC(N2Cc3c(cccc3S(=O)(=O)NCc3ccco3)C2=O)C(=O)N1
XS844563a,COCCC1=NSC(=N1)N2CCC(C2)(C3=NC(=NO3)C=4C=CC=CN4)C(F)(F)F,1.242,c1ccc(-c2noc(C3CCN(c4ncns4)C3)n2)nc1
XS844571a,O=C1C=2C=CC=C(NS(=O)(=O)C=3C=CC(=CC3)C(F)(F)F)C2CN1C4CCC(=O)NC4=O,6.414,O=C1CCC(N2Cc3c(NS(=O)(=O)c4ccccc4)cccc3C2=O)C(=O)N1
XS692822b,COC=1C=C(Cl)C(C)=CC1NC(=O)C(C)N2CCC(CC2)C(=O)N3CCOCC3,3.078,O=C(CN1CCC(C(=O)N2CCOCC2)CC1)Nc1ccccc1
XS844570a,CCOC=1C=CC=CC1N2CCN(CC(=O)NC(C)C=3C=CC(Br)=CC3)CC2,0.998,O=C(CN1CCN(c2ccccc2)CC1)NCc1ccccc1
XS844572a,O=C(CC=1C=CC=CC1)NC=2C=C(C=CC2F)NC(=O)C3CC(=O)NC=4C=C(F)C=CC43,2.89,O=C(Cc1ccccc1)Nc1cccc(NC(=O)C2CC(=O)Nc3ccccc32)c1
XS844567a,CC=1C=CC(=CC1S(=O)(=O)N2CCCCC2)C(=O)NCC3COC=4C=CC=CC4O3,2.256,O=C(NCC1COc2ccccc2O1)c1cccc(S(=O)(=O)N2CCCCC2)c1
XS844568a,O=S(=O)(C=1C=CC=2OCCCOC2C1)N3CCN(CC(O)COC=4C=CC=CC4)CC3,6.316,O=S(=O)(c1ccc2c(c1)OCCCO2)N1CCN(CCCOc2ccccc2)CC1
XS837442b,CC=1C=C(Cl)C=CC1C2=CCN(CC2)C(=O)C(=O)NCC3(C)CCS(=O)(=O)N3C,33.26,O=C(NCC1CCS(=O)(=O)N1)C(=O)N1CC=C(c2ccccc2)CC1
MR043185b,CC(NC(=O)C1=CNN=C1C=2C=CC=CC2F)C=3C=CC(=CC3)NC(=O)C=4C=CN=CC4,3.758,O=C(Nc1ccc(CNC(=O)c2c[nH]nc2-c2ccccc2)cc1)c1ccncc1
XS844559a,CCOC=1C=CC(=CC1)S(=O)(=O)N2CCN(CC2)C(C)C(=O)NC3CCCCCC3,0.782,O=C(CN1CCN(S(=O)(=O)c2ccccc2)CC1)NC1CCCCCC1
XS838883b,CNC(=O)C(F)CC1CCOCC1,2.66,C1CCOCC1
XS837263b,CCOC(=O)C1=C(C)N(CC)C(=O)NC1C,2.06,O=C1NC=CCN1
XS844586a,O=C(NC=1C=CNN1)C2CC=3C=CC=CC3S2,14.1,O=C(Nc1cc[nH]n1)C1Cc2ccccc2S1
XS838467b,CN1C=C(N)C(=N1)C(=O)NCC2CCC32CCC3,1.088,O=C(NCC1CCC12CCC2)c1cc[nH]n1
FM012231c,CC1CC=2C=CC=CC2N1C=3C=C(C#N)N=CN3,2.592,c1ccc2c(c1)CCN2c1ccncn1
XS844587a,O=C(NC1CCCNC1=O)C=2N=CC=CC2O,8.424,O=C(NC1CCCNC1=O)c1ccccn1
XS844581a,O=C(C1=CC=CO1)N2CCCC2C=3C=CN=CC3,3.706,O=C(c1ccco1)N1CCCC1c1ccncc1
XS844588a,CC1CCN(C1)C(=O)C2=NNC=3CCCC23,2.48,O=C(c1n[nH]c2c1CCC2)N1CCCC1
XS841357b,O=C1NN(C(=O)C=2CCCCC12)C3CCCOC3,1.948,O=c1[nH]n(C2CCCOC2)c(=O)c2c1CCCC2
XS842438b,CC1=CC=C(NC(=O)NC(C)CC#N)S1,1.524,c1ccsc1
XS837169b,CC(C(N)=O)S(=O)(=O)C=1C=CC=CC1Cl,2.258,c1ccccc1
XS844577a,O=C(CC=1C=CC=CC1)NC2CCC(=O)NC2=O,3.414,O=C1CCC(NC(=O)Cc2ccccc2)C(=O)N1
XS844575a,CCC(C)NC(=O)C=1OC=CC1C=2C=CC=CC2,0.512,c1ccc(-c2ccoc2)cc1
XS837922b,CC=1C=C(C=CN1)C(C)NC2=NC=3N=CC=NC3S2,1.576,c1cc(CNc2nc3nccnc3s2)ccn1
XS728129b,O=C(NCC1COC=2C=CC=CC2O1)C=3C=CC=CC3,1.032,O=C(NCC1COc2ccccc2O1)c1ccccc1
XS844594a,O=C(NC1CCC(=O)NC1=O)C=2C=CC=C(Cl)C2,7.872,O=C1CCC(NC(=O)c2ccccc2)C(=O)N1
XS844589a,CCCC=1C=C(O)N=C(N1)SC(CC)C(N)=O,0.826,c1cncnc1
XS844597a,CC1C=2C=CSC2CCN1CCS(C)(=O)=O,0.636,c1cc2c(s1)CCNC2
XS844603a,O=C(NC1CCSC=2C=CC=CC21)C=3C=CC=CN3,1.134,O=C(NC1CCSc2ccccc21)c1ccccn1
XS844605a,CC(C)(C)C1=NC=C(S1)C(=O)NCC2CCCO2,5.816,O=C(NCC1CCCO1)c1cncs1
XS844601a,CCC(=O)NC=1C=CC=C(C1)NC(=O)C2CC=CCC2,0.498,O=C(Nc1ccccc1)C1CC=CCC1
XS844591a,O=C(C=1C=NC=CN1)N2CCCC(C2)N3C=NC=N3,2.66,O=C(c1cnccn1)N1CCCC(n2cncn2)C1
XS844596a,CC1=CSC(=N1)C(C)NCC2=NC(=NO2)C3CC3,1.224,c1csc(CNCc2nc(C3CC3)no2)n1
XS837156b,N#CC=1C=NN(C(=O)C2COC=3C=CC=CC32)C1N,2.474,O=C(C1COc2ccccc21)n1cccn1
XS844599a,CCC(C)(CO)NC(=O)C=1N=CN=C2SC=CC12,2.572,c1ncc2ccsc2n1
XS600899b,CCC1=NOC(CN2CCCC(CN3C=NC=N3)C2)=N1,2.422,c1noc(CN2CCCC(Cn3cncn3)C2)n1
XS844609a,O=C(NC1=NC(=CS1)C2CC2)N3CCC(CCO)C3,0.498,O=C(Nc1nc(C2CC2)cs1)N1CCCC1
XS844607a,CC=1C=C(ON1)C(=O)N2CCCC(C2)C3=NOC(C)=N3,4.774,O=C(c1ccno1)N1CCCC(c2ncon2)C1
XS840497b,CC(NC(=O)NCC=1C=COC1)C2=CC=C(Cl)S2,0.612,O=C(NCc1ccoc1)NCc1cccs1
XS838629b,O=S1(=O)CCC(COC=2C=C(Cl)C=NC2F)C1,6.746,O=S1(=O)CCC(COc2cccnc2)C1
XS421656b,CN1N=NC=C1CC(=O)N2CCCC2CC=3C=CC=CC3,11.386,O=C(Cc1cnn[nH]1)N1CCCC1Cc1ccccc1
XS836910b,CC(C1=CNC=2C=CC=CC12)C3=NOC(=N3)C4=NC=NN4,0.572,c1ccc2c(Cc3noc(-c4ncn[nH]4)n3)c[nH]c2c1
XS844618a,NC(=O)C1CCCN(C1)S(=O)(=O)C=2C=CC(F)=CC2,0.766,O=S(=O)(c1ccccc1)N1CCCCC1
XS837241b,CC(CCO)N1C(=NC=2C=C(N)C=CC21)C(F)(F)F,0.886,c1ccc2[nH]cnc2c1
XS844610a,N#CC(NC(=O)C1=NNC=2C=CC=CC12)C3CCCCC3,3.168,O=C(NCC1CCCCC1)c1n[nH]c2ccccc12
XS844615a,CC(NC(=O)C1CCC1)C=2C=CC(=CC2)S(N)(=O)=O,1.922,O=C(NCc1ccccc1)C1CCC1
XS842106b,CC1=CSC(=N1)C2CCCCN2CC=3N=NN(C)N3,2.254,c1csc(C2CCCCN2Cc2nn[nH]n2)n1
XS844613a,CC(=O)NC=1C=CC=C(C1)NC(C(N)=O)C=2C=CC=CC2,1.836,c1ccc(CNc2ccccc2)cc1
XS844611a,O=C(NCC1COC=2C=CC=CC2O1)NC=3C=CC=NC3,0.992,O=C(NCC1COc2ccccc2O1)Nc1cccnc1
XS837198b,CCN(C(=O)C1CC21CCSCC2)C=3C=NN(C)C3,2.788,O=C(Nc1cn[nH]c1)C1CC12CCSCC2
XS844608a,CC=1C=CN=CC1NC(=O)C(C)C=2C=CC=C(Cl)C2,1.118,O=C(Cc1ccccc1)Nc1cccnc1
XS692249b,CCN(CC)S(=O)(=O)NCC1CC=2C=CC=CC2O1,3.602,c1ccc2c(c1)CCO2
XS839548b,CC1CCCN(CC1)C(=O)C=2N=COC2C=3C=CON3,0.722,O=C(c1ncoc1-c1ccon1)N1CCCCCC1
XS411097b,O=C(NC1CCC=2C=CC=CC21)C3=NNC=4C=CC=CC34,1.53,O=C(NC1CCc2ccccc21)c1n[nH]c2ccccc12
XS660262b,CC=1C=CC(=CC1C)OCC(=O)N2CCCC(C2)C(=O)O,2.598,O=C(COc1ccccc1)N1CCCCC1
XS844622a,CC1=CC(=NN1)C2CCCN(C2)C(=O)C=3C(C)=NOC3C,1.412,O=C(c1cnoc1)N1CCCC(c2cc[nH]n2)C1
XS844627a,CN(CC1COC=2C=CC=CC2O1)C(=O)C3=CC=CS3,6.81,O=C(NCC1COc2ccccc2O1)c1cccs1
XS844631a,CC(=O)NC1CCCN(C1)C(=O)C=2C=CN=C3C=CC=CC23,3.184,O=C(c1ccnc2ccccc12)N1CCCCC1
XS839094b,FC=1C=CN=C(NC=2C=CC(=CC2)C3CCOC3)C1Cl,2.876,c1ccc(Nc2ccc(C3CCOC3)cc2)nc1
XS840174b,CC1=C(C=NN1CC(C)C)NC2CCOCCC2(F)F,4.08,c1n[nH]cc1NC1CCCOCC1
XS414447b,COC=1C=CC=CC1C(C)NC(=O)C=2NN=C3C=CC=CC23,3.092,O=C(NCc1ccccc1)c1[nH]nc2ccccc12
XS723997b,CC1=CC(C(=O)N2CCCC(C2)N3C=NC=N3)=C(C)S1,2.646,O=C(c1ccsc1)N1CCCC(n2cncn2)C1
XS844623a,CN1C=C2C(CCCC2NC=3C=CC(=CN3)C(F)(F)F)=N1,1.682,c1ccc(NC2CCCc3n[nH]cc32)nc1
XS844625a,COC=1C=CC=C(C1)C2CCCN2C(=O)NC=3C=CC=CC3,2.938,O=C(Nc1ccccc1)N1CCCC1c1ccccc1
XS844628a,N#CC=1C=CC(=CC1)NC(=O)N2CCCC2C3=CC=CS3,1.014,O=C(Nc1ccccc1)N1CCCC1c1cccs1
XS836573b,CC1=CN=C(CCN(C)C(C)C2=NC(O)=CC(C)=N2)S1,8.748,c1cnc(CNCCc2nccs2)nc1
XS844621a,CC1=CC(C)=NN1CC2CCCCN2C(=O)C3=CC=CO3,0.572,O=C(c1ccco1)N1CCCCC1Cn1cccn1
XS844626a,COCC1(CCCN1C(=O)C=2C=NN(C2)C(C)C)C(N)=O,3.958,O=C(c1cn[nH]c1)N1CCCC1
XS839264b,CC(C)C(C1=NC(=NO1)C=2C=CN=C(F)C2)N3C=NN=C3,7.448,c1cc(-c2noc(Cn3cnnc3)n2)ccn1
XS833214b,COC1CCCCN(CC(=O)NC=2C(C)=NOC2C)C1=O,1.806,O=C(CN1CCCCCC1=O)Nc1cnoc1
XS430521b,COC=1C=CC=CC1C(C)NC(=O)C2=CC=3C=CC=CC3N2,2.392,O=C(NCc1ccccc1)c1cc2ccccc2[nH]1
XS844639a,CC(CC=1C=CC=C(Cl)C1)NC(=O)C=2C=C(NN2)C3CC3,6.734,O=C(NCCc1ccccc1)c1cc(C2CC2)[nH]n1
XS844640a,O=C(NCC(C1=CC=CO1)N2CCCC2)NC=3C=CC=CN3,3.038,O=C(NCC(c1ccco1)N1CCCC1)Nc1ccccn1
XS842199b,CCS(=O)(=O)C=1C=CC(=CC1)N(C)C(C)C=2C=CC=CN2,2.226,c1ccc(NCc2ccccn2)cc1
NC002127c,N#CC1=C(N)OC=2C(=CC=C3C=CC=NC32)C1C=4C=CC=CC4,5.082,C1=CC(c2ccccc2)c2ccc3cccnc3c2O1
XS748444b,COC(=O)C1(C)CCCN1C(=O)C=2C=CC3=NC=CC=C3C2,3.694,O=C(c1ccc2ncccc2c1)N1CCCC1
XS844637a,CCN(CC(=O)NC(C)(C)C)C(=O)C1CC(=O)N(CC)C1,1.522,O=C1CCCN1
XS839714b,COC(=O)C(C)CN(C)C(=O)C1=CN=CN1C=2C=CC=CC2,5.366,c1ccc(-n2ccnc2)cc1
XS840610b,CC1=NOC(C)=C1C(C)CNC=2N=CC=C(C#N)C2[N+]([O-])=O,2.074,c1ccc(NCCc2cnoc2)nc1
XS627181b,CC1=CC(=NN1)C2CCCN(C2)C(=O)CCCN3C=CN=C3,5.32,O=C(CCCn1ccnc1)N1CCCC(c2cc[nH]n2)C1
XS844641a,C1=COC(=C1)C2=NN=C(CN3CCCC(C3)N4CCCC4)O2,1.716,c1coc(-c2nnc(CN3CCCC(N4CCCC4)C3)o2)c1
XS844638a,CCOC=1C=CC=CC1NC(=O)NC(C)C=2C=CC(F)=CC2,5.114,O=C(NCc1ccccc1)Nc1ccccc1
XS844633a,CN(C(=O)C=1C=CC(Cl)=CC1F)C2CCS(=O)(=O)C2,2.41,O=C(NC1CCS(=O)(=O)C1)c1ccccc1
XS844634a,CC=1N=C(CC(C)C)OC1C(=O)NC2CCC=3C=CC=CC32,3.52,O=C(NC1CCc2ccccc21)c1cnco1
XS569992b,COC=1N=CC=CC1CN2CCN(C)C(C2)C3=NC(C)=NO3,2.89,c1cncc(CN2CCNC(c3ncno3)C2)c1
XS754033b,O=C(NCC(O)C1CCCCC1)C=2C=NC3=CC=CC=C3N2,5.65,O=C(NCCC1CCCCC1)c1cnc2ccccc2n1
XS839507b,COC=1C=CC=CC1C2=CN=C(CN3CCOC(C#N)C3)O2,2.696,c1ccc(-c2cnc(CN3CCOCC3)o2)cc1
XS842519b,CCOC=1C=CC(=CC1CO)NC(C)C=2C=CC=CC2Cl,1.408,c1ccc(CNc2ccccc2)cc1
XS844635a,CCCNC(=O)C(C)NC=1C=C(Cl)C(=CC1OC)OC,0.364,c1ccccc1
XS844643a,CCC1=CC=2C(=NC=NC2S1)SCC(=O)NC(C)CC,0.628,c1ncc2ccsc2n1
XS840260b,COCOCCCNC(=O)N1CCCC(C1)C(=O)NC2CC2,0.964,O=C(NC1CC1)C1CCCNC1
XS844649a,CN1CC(CC1=O)C(=O)NCC=2C=CC=CC2CN3C=CC=N3,4.984,O=C1CC(C(=O)NCc2ccccc2Cn2cccn2)CN1
XS844652a,O=C(O)C=1C=CC=2CCC(NC(=O)C=3NC=CC3C4CC4)C2C1,4.758,O=C(NC1CCc2ccccc21)c1[nH]ccc1C1CC1
XS840729b,CC(C)(C)C1=NC(=CO1)C2=NC(COCC3CCOC3)=NO2,3.096,c1nc(-c2nc(COCC3CCOC3)no2)co1
XS840118b,OCC=1C=CN=C(N1)N2CCCC3(C=CC=4C=CC=CC4O3)C2,1.106,C1=CC2(CCCN(c3ncccn3)C2)Oc2ccccc21
XS844645a,CN(C1CCCC=2C=CC=NC21)S(=O)(=O)C3=CC=NN3C,1.474,O=S(=O)(NC1CCCc2cccnc21)c1ccn[nH]1
XS844648a,COC=1C=CC(=CN1)NC(=O)CC(NC(C)=O)C=2C=CC=CC2,0.498,O=C(CCc1ccccc1)Nc1cccnc1
XS844653a,CC(C)(C)C1=NNC=C1C2NC=3C=CC=CC3C(=O)N2C4CC4,5.084,O=C1c2ccccc2NC(c2cn[nH]c2)N1C1CC1
XS841327b,CC=1C=CC=2SN=C(C(=O)NC(C)C=3C=CC=C(O)C3)C2C1,2.062,O=C(NCc1ccccc1)c1nsc2ccccc12
XS627806b,CC(NC(=O)C=1C=CC=CC1N2CCCC2=O)C3=NN=CN3C,1.328,O=C(NCc1nnc[nH]1)c1ccccc1N1CCCC1=O
XS844651a,CC1=CC=C(CNC(=O)C2CC=3C=C(Cl)C=CC3O2)S1,2.372,O=C(NCc1cccs1)C1Cc2ccccc2O1
XS844647a,CC1(CCN(C1)C(=O)C=2N=CN=C3NC=CC23)C=4C=CC=CC4,10.826,O=C(c1ncnc2[nH]ccc12)N1CCC(c2ccccc2)C1
XS842590b,CC1=NOC=2N=CN=C(NC=3C=CC=4OC(C)C(=O)NC4C3)C12,1.262,O=C1COc2ccc(Nc3ncnc4oncc34)cc2N1
XS839577b,FC(F)C1=NN=C(O1)N2CCC3(C2)CCC=4C=CC=CC4O3,1.482,c1ccc2c(c1)CCC1(CCN(c3nnco3)C1)O2
XS840476b,CCC(C)(NC(=O)C=1C=CN=C(C1)C(=O)OC)C=2C=CC=CC2,1.336,O=C(NCc1ccccc1)c1ccncc1
XS427169b,CC1=NC(C)=C(S1)C(C)NC(=O)C2(CC2)C=3C=CC(F)=CC3,1.136,O=C(NCc1cncs1)C1(c2ccccc2)CC1
XS844654a,O=C(CC1=CNC=2C=CC=CC12)N3CCC(C3)NC=4C=CC=CC4,2.982,O=C(Cc1c[nH]c2ccccc12)N1CCC(Nc2ccccc2)C1
XS844663a,COC1=CC(=CC(OC)=C1OC)C(=O)NC(C)C=2C=CC=CN2,0.498,O=C(NCc1ccccn1)c1ccccc1
XS841597b,FC1(F)CC1N2C=C(C=N2)CNC=3C=CC(=CC3)C4=CN=CO4,12.61,c1ncc(-c2ccc(NCc3cnn(C4CC4)c3)cc2)o1
XS844659a,CC(=O)N1CCC2(CC2C3=NN=C(O3)C=4C=CC=C(F)C4)CC1,0.896,c1ccc(-c2nnc(C3CC34CCNCC4)o2)cc1
XS837577b,O=C(N1CC2(CCC2)C1C3CC3)C4(CCOCC4)N5C=NN=N5,4.962,O=C(N1CC2(CCC2)C1C1CC1)C1(n2cnnn2)CCOCC1
XS612829b,CC(NC=1C=CN(CC(F)(F)F)N1)C(=O)NC(=O)NC2CC2,5.088,O=C(CNc1cc[nH]n1)NC(=O)NC1CC1
XS844657a,CC(C)(C)N1C=C(C=N1)C(=O)N2CCCCC2CN3C=CC=N3,0.936,O=C(c1cn[nH]c1)N1CCCCC1Cn1cccn1
XS844658a,CC(CN1CCCC1=O)NC=2N=C(N=C3C=CC=CC23)C(F)F,0.514,O=C1CCCN1CCNc1ncnc2ccccc12
XS817276b,CC=1C=CC=CC1CS(=O)(=O)C(C)C(=O)NC=2C=CC=CC2,2.774,O=C(CS(=O)(=O)Cc1ccccc1)Nc1ccccc1
XS844660a,COC=1C=CC(OC)=C(C1)C2CCCN2C(=O)CN3C=NN=N3,3.558,O=C(Cn1cnnn1)N1CCCC1c1ccccc1
XS844656a,O=C(NC=1C=CC=CC1F)C2CSCN2C(=O)C=3C=COC3,12.034,O=C(Nc1ccccc1)C1CSCN1C(=O)c1ccoc1
XS838837b,FC(CN1C=C(N=N1)C=2C=NN3CCNCC23)C4CCOCC4,4.864,c1nn2c(c1-c1cn(CCC3CCOCC3)nn1)CNCC2
XS844670a,CN(CCO)C(=O)C=1CC(C=2C=CC=CC2)N(N1)C=3C=CC=CC3,4.644,C1=NN(c2ccccc2)C(c2ccccc2)C1
XS844672a,CN1N=NC=2C(=CC=CC21)C3NC4(CCCC4)C(=O)N3CC5CC5,2.042,O=C1N(CC2CC2)C(c2cccc3[nH]nnc23)NC12CCCC2
XS838807b,C=C1CC2(C1)NC(=O)C(CC=3C=C(Cl)C=C(Cl)C3)NC2=O,2.976,C=C1CC2(C1)NC(=O)C(Cc1ccccc1)NC2=O
XS794446b,CC1=CC(=NO1)NC(=O)C(C)N2CCN(CC2)C3=NC=CS3,12.144,O=C(CN1CCN(c2nccs2)CC1)Nc1ccon1
XS844671a,CC(NC(=O)CN1CCSCC1)C=2C=CC=3OCCOC3C2,1.028,O=C(CN1CCSCC1)NCc1ccc2c(c1)OCCO2
XS844674a,CC(NC(=O)C1=CNC(=C1)C(N)=O)C=2C=CC=C(C2)C(F)(F)F,0.636,O=C(NCc1ccccc1)c1cc[nH]c1
XS844673a,COCCN1C=C(C=N1)NC(=O)C2CC=3C=C(Cl)C=CC3O2,9.222,O=C(Nc1cn[nH]c1)C1Cc2ccccc2O1
XS840595b,CC1=CC(C)=C(CNC(=O)C(C)OC=2C=CC=CC2C#N)C(=O)N1,0.668,O=C(COc1ccccc1)NCc1ccc[nH]c1=O
XS842079b,CC=1C=CC(=CC1C2=NC=CO2)NC(C)CS(=O)(=O)N(C)C,0.342,c1ccc(-c2ncco2)cc1
XS844666a,O=S(=O)(C1=CNC=2C=CC=C(F)C12)N3CCC4(CCOC4)C3,4.102,O=S(=O)(c1c[nH]c2ccccc12)N1CCC2(CCOC2)C1
XS844667a,COCC1(CCCN1C(=O)C=2C=C(C)C(Cl)=CC2C)C(N)=O,5.21,O=C(c1ccccc1)N1CCCC1
XS710446b,CCN1CCCN(CC1=O)C(=O)NC(C)C=2C=CC=C(F)C2F,3.06,O=C1CN(C(=O)NCc2ccccc2)CCCN1
XS840865b,COC(=O)C(NC(=O)CCC1=CC=CO1)C=2C=C(F)C=CC2F,10.13,O=C(CCc1ccco1)NCc1ccccc1
XS432785b,CC1=NN=C2C=CC(=CN12)C(=O)N3CCCCC3CN4C=CC=N4,1.25,O=C(c1ccc2nncn2c1)N1CCCCC1Cn1cccn1
XS841112b,CC1=NOC=2C=C(C=CC12)C(=O)N3CCCC3CS(=O)(=O)F,0.3,O=C(c1ccc2cnoc2c1)N1CCCC1
XS837149b,CCN1C(=O)C2(CCCCC2)NC1C3=CN=C(S3)C(C)(C)C,7.122,O=C1NC(c2cncs2)NC12CCCCC2
XS844669a,CC1=CC(=NO1)NC(=O)C(C)S(=O)(=O)CC=2C=CC=CC2C,2.57,O=C(CS(=O)(=O)Cc1ccccc1)Nc1ccon1
XS844676a,N#CC1(CCCC1)NC(=O)C=2CC(C(N)=O)N(N2)C=3C=CC=CC3,1.878,O=C(NC1CCCC1)C1=NN(c2ccccc2)CC1
XS844686a,O=C(NCCC=1C=CC=C(F)C1)NC2CCSC=3C=CC=CC32,5.666,O=C(NCCc1ccccc1)NC1CCSc2ccccc21
XS844682a,CN1C=C(C=N1)CC2CCN(C2)C(=O)C3(CC3)C=4C=CC(F)=CC4,2.074,O=C(N1CCC(Cc2cn[nH]c2)C1)C1(c2ccccc2)CC1
XS844681a,COCCN1C=CC(=N1)NC(=O)N2CCC(CC=3C=CC=CC3)C2,1.784,O=C(Nc1cc[nH]n1)N1CCC(Cc2ccccc2)C1
XS837215b,CC1=CC=C(O1)C2COCCN2C=3N=CN=C4C=C(F)C(F)=CC34,2.524,c1coc(C2COCCN2c2ncnc3ccccc23)c1
XS844687a,CCC1CCCCN1C(=O)NCC=2C=CC(=CC2)NC(=O)C3CC3,0.714,O=C(Nc1ccc(CNC(=O)N2CCCCC2)cc1)C1CC1
XS392897b,O=C(NCCC=1C=CC=C(O)C1)C2CCCN(C2)C=3N=CC=CN3,8.364,O=C(NCCc1ccccc1)C1CCCN(c2ncccn2)C1
XS836503b,CCOC(C)C(=O)NC=1C=CC=2NC(=NC(=O)C2C1)C(F)(F)F,1.434,O=c1nc[nH]c2ccccc12
XS747368b,CN1CC(CC1=O)C(=O)N2CCN(CC2)C=3C=CC(C#N)=CC3F,6.098,O=C1CC(C(=O)N2CCN(c3ccccc3)CC2)CN1
XS842222b,CC(CN1N=CC=2C=CC=CC21)C(=O)N(C)C=3C=CC(Cl)=CN3,2.004,O=C(CCn1ncc2ccccc21)Nc1ccccn1
XS844684a,COC=1C=CC(=C(C1)OC)C2CCCN2C(=O)C=3C=CC(O)=NC3,2.842,O=C(c1cccnc1)N1CCCC1c1ccccc1
XS844688a,O=C(C=1C=CC=2NC(=O)NC2C1F)N3CCCC(C3)C(F)(F)F,0.522,O=C(c1ccc2[nH]c(=O)[nH]c2c1)N1CCCCC1
XS844683a,CC1=CC(=NO1)NC(=O)C(C)NC=2C=CC(=CC2)N3CCCC3=O,12.52,O=C(CNc1ccc(N2CCCC2=O)cc1)Nc1ccon1
XS840536b,COCC(NC(=O)C=1C=C(C)C(Br)=CC1C)C(N)=O,3.502,c1ccccc1
XS839207b,CS(=O)(=O)C=1C=NC(NC2CCCN3C=NN=C23)=C(Cl)C1,3.768,c1ccc(NC2CCCn3cnnc32)nc1
XS840980b,CN(CC=1C=CC=C2NC=CC12)C(=O)NCC3CC(=NO3)C(N)=O,2.78,O=C(NCc1cccc2[nH]ccc12)NCC1CC=NO1
XS841879b,O=C(O)C1=COC(=N1)N2CCC(C(F)(F)F)C3(CCOCC3)C2,5.18,c1coc(N2CCCC3(CCOCC3)C2)n1
XS844698a,CC=1NC=2C=CC(=CC2C1C)C(=O)NCC3COC=4C=CC=CC4O3,0.534,O=C(NCC1COc2ccccc2O1)c1ccc2[nH]ccc2c1
XS626739b,O=C(O)CC(NC(=O)C=1C=C(ON1)C2CC2)C=3C=CC(Cl)=CC3,2.8,O=C(NCc1ccccc1)c1cc(C2CC2)on1
XS393778b,N#CC=1C=CC(=CC1)NC(=O)N2CCNC(=O)CC2C=3C=CC=CC3,12.96,O=C1CC(c2ccccc2)N(C(=O)Nc2ccccc2)CCN1
XS844692a,CC(C)C(C)NC(=O)COC(=O)C=1C=CC=2SCC(=O)NC2C1,1.6,O=C1CSc2ccccc2N1
XS842050b,O=C(C1=COC(=N1)C2CCOCC2)N3CCSC3C(F)(F)F,4.498,O=C(c1coc(C2CCOCC2)n1)N1CCSC1
XS844697a,FC(F)(F)C=1C=C2C(=NC=CN2N1)N3CCCC3C=4C=CC=NC4,1.486,c1cncc(C2CCCN2c2nccn3nccc23)c1
XS840725b,CC=1C=C(C(=O)N2CCN3C(=O)OCC3C2)N(CC(F)(F)F)N1,6.09,O=C(c1ccn[nH]1)N1CCN2C(=O)OCC2C1
XS837311b,CC1(C)CC(C(=O)N2CCC=3C(C#N)=CC=CC32)C=4C=CC=CC4O1,2.446,O=C(C1CCOc2ccccc21)N1CCc2ccccc21
XS844699a,CC(NC(=O)C1CCN(CC1)C(=O)NC2CC2)C=3C=CC=C(F)C3,0.46,O=C(NCc1ccccc1)C1CCN(C(=O)NC2CC2)CC1
XS815852b,CC1=CC=C(CNC(=O)NC2CCCN(C2)C=3N=CC=CN3)S1,0.822,O=C(NCc1cccs1)NC1CCCN(c2ncccn2)C1
XS838402b,CN1N=NC(=N1)C=2C=CC(=CC2)NCC3=CC=NN3C4CCCCO4,1.982,c1cc(CNc2ccc(-c3nn[nH]n3)cc2)n(C2CCCCO2)n1
XS844711a,CC(SC1=NC(CC2=CC=CS2)=NN1)C(=O)N3CCOCC3,0.594,O=C(CSc1nc(Cc2cccs2)n[nH]1)N1CCOCC1
XS837522b,CC1=NOC(=N1)C(NS(=O)(=O)N2CCC(F)(F)CC2)C(C)C,2.544,O=S(=O)(NCc1ncno1)N1CCCCC1
XS837519c,COC(=O)C=1C=CC2=C(N=CN=C2C1)NC=3C=NN4CC(C)COC34,2.066,c1ccc2c(Nc3cnn4c3OCCC4)ncnc2c1
XS841382b,O=C(CC=1C=CC=CC1OC2CCOC2)NC=3C=CC=4NN=CC4C3,0.872,O=C(Cc1ccccc1OC1CCOC1)Nc1ccc2[nH]ncc2c1
XS516759b,OC1(CC2=NC(=NO2)C=3C=CON3)CCCN(CC=4C=CC=CC4)C1,2.734,c1ccc(CN2CCCC(Cc3nc(-c4ccon4)no3)C2)cc1
XS844703a,O=C(NCC(C1=CC=CO1)N2CCCC2)C=3C=CC=4CCCCC4C3,0.966,O=C(NCC(c1ccco1)N1CCCC1)c1ccc2c(c1)CCCC2
XS844710a,CC(C(=O)NC=1C=CC(F)=C(F)C1F)N2CCC=3SC=CC3C2,1.264,O=C(CN1CCc2sccc2C1)Nc1ccccc1
XS844715a,CC1CCCCN1C(=O)CCNC(=O)CCC=2C=C(F)C=CC2F,0.784,O=C(CCc1ccccc1)NCCC(=O)N1CCCCC1
XS844706a,CCOC=1C=CC(=CC1F)CNC(=O)NC(C)C(=O)NC(C)(C)C,1.2,c1ccccc1
XS640166b,CC(CC=1C=CC2=CC=CC=C2C1)NC(=O)CCN3C(=O)CCC3=O,25.27,O=C(CCN1C(=O)CCC1=O)NCCc1ccc2ccccc2c1
XS840004b,O=C1N=C(NC=2C=CC(Br)=CC12)N3CCCC3CCO,0.928,O=c1nc(N2CCCC2)[nH]c2ccccc12
XS844714a,COC=1C=CC(=CC1)C(CC(=O)O)NC(=O)C2=CC=3C=CC=CC3O2,9.084,O=C(NCc1ccccc1)c1cc2ccccc2o1
XS844713a,CC(C(=O)NC(=O)NC1CC1)N(C)CCCOC=2C=CC(F)=CC2,0.386,O=C(CNCCCOc1ccccc1)NC(=O)NC1CC1
XS840200b,CC(CN1C=NC=N1)NC=2N=CN=C3C=C(Br)SC23,0.822,c1nc(NCCn2cncn2)c2sccc2n1
XS061103e,CC(=O)NC=1C=CC(=CC1)CC(=O)NC(C=2C=CC(F)=CC2)C(C)C,1.186,O=C(Cc1ccccc1)NCc1ccccc1
XS838142b,COC=1C=CC=C(C1)C(C)C(=O)N2CCC=3C(C#N)=C(N)SC3C2,1.116,O=C(Cc1ccccc1)N1CCc2ccsc2C1
XS844716a,O=S(=O)(CC1CCCCO1)NCC2=CN3C=C(Cl)C=CC3=N2,1.332,O=S(=O)(CC1CCCCO1)NCc1cn2ccccc2n1
XS842598b,CC1CC=2C=C(C=C(Cl)C2O1)S(=O)(=O)N(C)C=3C=NN(C)C3,2.286,O=S(=O)(Nc1cn[nH]c1)c1ccc2c(c1)CCO2
XS836581b,CS(=O)(=O)N1CCCC(C1)C(=O)NC23CC4CC(CC(C4)C3)C2,7.554,O=C(NC12CC3CC(CC(C3)C1)C2)C1CCCNC1
XS842541b,CCCCNC(=O)C(C)N(C=1C=CC(=CC1)OCC)S(C)(=O)=O,2.134,c1ccccc1
XS844724a,COC=1C=CC=CC1N2CCN(CC2)C(=O)NC(C)CN3C=CC=N3,5.46,O=C(NCCn1cccn1)N1CCN(c2ccccc2)CC1
XS841753b,COC(C)(C(=O)O)C(=O)N1CCC(CC=2C=CC=C(F)C2F)CC1,1.07,c1ccc(CC2CCNCC2)cc1
XS844722a,O=S(=O)(C=1C=CC=CC1)N2CCCC(C2)C3=NC=4C=CC=CC4O3,4.028,O=S(=O)(c1ccccc1)N1CCCC(c2nc3ccccc3o2)C1
XS841707b,CNC(=O)C1CN(CC2=NOC(=N2)N3CCCC3)C=4C=CC=CC4O1,0.816,c1ccc2c(c1)OCCN2Cc1noc(N2CCCC2)n1
XS844726a,CC(NC(=O)C1=CC=CO1)C(=O)NCC2(CCC2)C=3C=CC(F)=CC3,0.682,O=C(CNC(=O)c1ccco1)NCC1(c2ccccc2)CCC1
XS844721a,COC=1C=CC=CC1CNC(=O)C=2C=CC(=CC2)OCC3CCCO3,1.862,O=C(NCc1ccccc1)c1ccc(OCC2CCCO2)cc1
XS844733a,NS(=O)(=O)C=1C=CC(=CC1)NC(=O)N2CCCC2C=3C=CC=CC3,6.188,O=C(Nc1ccccc1)N1CCCC1c1ccccc1
XS844738a,CC(C=1C=CC=CC1)N(C)C(=O)CS(=O)(=O)CC=2C=CC=C(F)C2,8.392,O=C(CS(=O)(=O)Cc1ccccc1)NCc1ccccc1
XS844736a,CNC(=O)C1CC=2C=CC=CC2CN1CC3=NC=C(O3)C=4C=CC=CC4,14.242,c1ccc(-c2cnc(CN3CCc4ccccc4C3)o2)cc1
XS839301b,CC1(C)C(CCN1C=2N=CC(Br)=CC2F)P(C)(C)=O,3.878,c1ccc(N2CCCC2)nc1
XS839980b,CC(NC(=O)C=1C=CC(=CC1Cl)N2C=NN=N2)C=3C=NC=C(F)C3,2.368,O=C(NCc1cccnc1)c1ccc(-n2cnnn2)cc1
XS837369b,CN(C(=O)NCC=1C=CC(=CC1)C2=CC=NN2)C3CCS(=O)(=O)C3,5.746,O=C(NCc1ccc(-c2ccn[nH]2)cc1)NC1CCS(=O)(=O)C1
XS761915b,COC=1C=CC(=C(C1)OC)C2CCCN2C(=O)CN3CCNC(=O)C3,2.004,O=C1CN(CC(=O)N2CCCC2c2ccccc2)CCN1
XS836510b,CC=1N=C(NC(=O)C1C(=O)N2CC3(CCCC3)C2C(C)C)C(C)(C)C,3.57,O=C(c1cnc[nH]c1=O)N1CC2(CCCC2)C1
XS839531b,N#CC=1C=C(C=CC1F)C(=O)N2CCN(CC2)C3(CCOC3)C(N)=O,5.93,O=C(c1ccccc1)N1CCN(C2CCOC2)CC1
XS645194b,CC(C)(C)C=1C=CC(=CC1)C2(CCC2)C(=O)N3CCOC(C3)C(N)=O,2.944,O=C(N1CCOCC1)C1(c2ccccc2)CCC1
XS844739a,CC(C#N)(NC(=O)CN1CCN(CC1)C=2C=CC=C(Cl)C2)C3CC3,0.444,O=C(CN1CCN(c2ccccc2)CC1)NCC1CC1
XS837891b,CC1CC=2NN=CC2CN(C1)C=3C=CC(=NN3)C(=O)NC=4C=CC=CC4,5.052,O=C(Nc1ccccc1)c1ccc(N2CCCc3[nH]ncc3C2)nn1
XS844731a,CC=1OC=CC1C2=CC(=NO2)NC(=O)N3CCC(CN4CCCC4)C3,3.09,O=C(Nc1cc(-c2ccoc2)on1)N1CCC(CN2CCCC2)C1
XS844741a,CN1C=CN=C1C(NC(=O)CC=2C=CC=3OCOC3C2)C=4C=CC=CC4,2.392,O=C(Cc1ccc2c(c1)OCO2)NC(c1ccccc1)c1ncc[nH]1
XS838212b,COC=1C=CC=2CCCC(C(=O)NC=3C=NC=CC3N4C=CC=N4)C2C1,4.032,O=C(Nc1cnccc1-n1cccn1)C1CCCc2ccccc21
XS839124b,OCC(CN1CCOCC1)NC=2C=C(N=CN2)C=3C=CC=C(Cl)C3,33.154,c1ccc(-c2cc(NCCN3CCOCC3)ncn2)cc1
XS844735a,CC1(CCS(=O)(=O)C1)NC(=O)CSCC=2C=CC=C(Cl)C2,1.566,O=C(CSCc1ccccc1)NC1CCS(=O)(=O)C1
XS741280b,CC=1NN=C2N=CC(=CC12)C(=O)N(CC=3C=CC=CC3)CC4CCCO4,1.568,O=C(c1cnc2n[nH]cc2c1)N(Cc1ccccc1)CC1CCCO1
XS839257b,CC1C=2C=C(Cl)C=C(F)C2CCN1C=3C=CC(=NN3)P(C)(C)=O,3.582,c1cnnc(N2CCc3ccccc3C2)c1
XS789866b,O=C(CNC(=O)C=1C=CC=2OCOC2C1)NC3CCCC=4C=CC=CC43,11.842,O=C(CNC(=O)c1ccc2c(c1)OCO2)NC1CCCc2ccccc21
XS837844b,CCN(CC)C(=O)C1CSCN1C(=O)C=2N=NN3CCCCCC23,1.082,O=C(c1nnn2c1CCCCC2)N1CCSC1
XS844747a,COC(=O)CC(NC(=O)C=1C=CC=CC1OC(F)F)C2=CC=CS2,0.44,O=C(NCc1cccs1)c1ccccc1
XS838351b,ClC=1C=NC=C(Br)C1NCC2CSC=3C=CC=CC32,0.856,c1ccc2c(c1)SCC2CNc1ccncc1
XS844748a,CN1N=C(C(=O)N2CCC(C2)NC=3C=CC=C(Cl)C3)C=4C=CC=CC41,1.47,O=C(c1n[nH]c2ccccc12)N1CCC(Nc2ccccc2)C1
XS701641b,CN(CC(=O)NC=1C=CC=2OCCOC2C1)C3CCCC=4C=CC=CC43,1.24,O=C(CNC1CCCc2ccccc21)Nc1ccc2c(c1)OCCO2
XS723807b,CC(C)C1=NN=C2CCC(CN12)NC(=O)C=3C=CC(=NC3)OCC4CC4,1.96,O=C(NC1CCc2nncn2C1)c1ccc(OCC2CC2)nc1
XS839822b,O=C(C#CC1CCOC1)NCC(=O)N2CCC(CC=3C=CC=CC3)CC2,2.576,O=C(C#CC1CCOC1)NCC(=O)N1CCC(Cc2ccccc2)CC1
XS844749a,CCC(CN1C(=O)NC=2C=CC=CC2C1=O)N3CCC=4C=CC=CC4C3,1.488,O=c1[nH]c2ccccc2c(=O)n1CCN1CCc2ccccc2C1
XS496623b,CN1C=C(N=C1C2CCCN(C2)C(=O)C3=CNC(C#N)=C3)C(F)(F)F,2.534,O=C(c1cc[nH]c1)N1CCCC(c2ncc[nH]2)C1
XS058267c,COC1=CN(N=C1C(=O)N2CCCC(C2)C(F)(F)F)C=3C=CC=CC3,8.734,O=C(c1ccn(-c2ccccc2)n1)N1CCCCC1
XS844746a,CC=1C=C(C=CC1C(=O)O)NC(=O)C=2C=CN=C(C2)N3CCCCC3C,5.076,O=C(Nc1ccccc1)c1ccnc(N2CCCCC2)c1
XS844743a,COC1CCCN(C1)C(=O)C=2SC(=NC2C)C=3C=CC=C(Cl)C3,3.714,O=C(c1cnc(-c2ccccc2)s1)N1CCCCC1
XS844751a,COC=1C=CC(=CC1)C(CC(=O)O)NC(=O)C=2C=CC(F)=CC2Cl,2.346,O=C(NCc1ccccc1)c1ccccc1
XS668545b,O=C(C=1C=CC(=CC1)CN2C=CC=N2)N3CCCCC3CN4C=CC=N4,4.84,O=C(c1ccc(Cn2cccn2)cc1)N1CCCCC1Cn1cccn1
XS838211b,CCOC(=O)C=1C=NC2=C(C(C)=NN2C)C1N3CCC(C3)N4C=NC=N4,1.288,c1cc(N2CCC(n3cncn3)C2)c2cn[nH]c2n1
XS842614b,COC=1C=C2CCN(CC2=CC1OC)C3SC=4C=CC=CC4NC3=O,3.034,O=C1Nc2ccccc2SC1N1CCc2ccccc2C1
XS838259b,CC1=NN(C(C)=C1P(=S)(N2CCCC2)C(C)(C)C)C=3C=CC=CC3,1.526,S=[PH](c1cnn(-c2ccccc2)c1)N1CCCC1
XS837104b,CC(NC(=O)C=1C=CC=NC1OC=2C=CC=CC2)C3=NN=C4C=CC=CN34,3.014,O=C(NCc1nnc2ccccn12)c1cccnc1Oc1ccccc1
XS844755a,CC=1C=CC=CC1C(C)NS(=O)(=O)C=2C=CC(=CC2)N3CCCC3=O,8.312,O=C1CCCN1c1ccc(S(=O)(=O)NCc2ccccc2)cc1
XS842476b,CC(=O)NC1CN(CC=2C=CC=CC21)C(=O)C=3N=NN(N3)C=4C=CC=CC4,9.414,O=C(c1nnn(-c2ccccc2)n1)N1CCc2ccccc2C1
XS844756a,CC=1C=CC(=CC1)CN2CCC(NC(=O)C=3C=NC4=C(C3)N=CN4C)C2=O,1.544,O=C(NC1CCN(Cc2ccccc2)C1=O)c1cnc2[nH]cnc2c1
XS844752a,CCC(CCNC(=O)C=1C=CC(OC)=C(OC)C1OC)N2CCCC2=O,0.802,O=C(NCCCN1CCCC1=O)c1ccccc1
XS840739b,CC(NC(=O)N1CCN2C=CC=C2C1)C3(CCC3)C=4C=CC(Cl)=CC4,3.066,O=C(NCC1(c2ccccc2)CCC1)N1CCn2cccc2C1
XS685039b,COC=1C=CC=CC1S(=O)(=O)N2CCNC(=O)CC2C=3C=CC=CC3,8.83,O=C1CC(c2ccccc2)N(S(=O)(=O)c2ccccc2)CCN1
XS423563b,CC(NC(=O)CC1=CSC(=N1)C=2C=CC=CN2)C=3C=CC(F)=C(F)C3,2.478,O=C(Cc1csc(-c2ccccn2)n1)NCc1ccccc1
XS812725b,COC=1C=C(Cl)C(C)=CC1NC(=O)C2CC(=O)N(CC(F)(F)F)C2,3.058,O=C1CC(C(=O)Nc2ccccc2)CN1
XS641741b,COC1=CC(=CC(=C1)C2=NN=C(O2)SC(C)C(=O)N3CCCC3)OC,1.05,O=C(CSc1nnc(-c2ccccc2)o1)N1CCCC1
XS844754a,CC1=NN(CC(C)C)C(C)=C1CC(=O)NCC2COC=3C=CC=CC3O2,0.534,O=C(Cc1cn[nH]c1)NCC1COc2ccccc2O1
XS838994b,O=C(NCC(F)C1CCN(CC1)C(=O)C2(CC2)C3CCC3)C4=CN=CN4,3.732,O=C(NCCC1CCN(C(=O)C2(C3CCC3)CC2)CC1)c1cnc[nH]1
XS560875b,COC=1C=CC=CC1N2CCN(CC3=NN=C(O3)C4CCCOC4)CC2,3.61,c1ccc(N2CCN(Cc3nnc(C4CCCOC4)o3)CC2)cc1
XS840735b,O=C(NC=1C=NN(C1)C=2N=CC=CN2)N3CCCC3CC=4C=CC=C(F)C4,3.466,O=C(Nc1cnn(-c2ncccn2)c1)N1CCCC1Cc1ccccc1
XS839434b,FC1=CC(=CC(F)=C1F)C2=CN(CC3CCCC4(CCOCC4)O3)N=N2,3.55,c1ccc(-c2cn(CC3CCCC4(CCOCC4)O3)nn2)cc1
XS844760a,O=C(NC1CCN(C1=O)C=2C=CC=C(C2)OC(F)(F)F)N3CCOCC3,8.398,O=C(NC1CCN(c2ccccc2)C1=O)N1CCOCC1
XS844769a,CC(C)S(=O)(=O)C=1C=CC=CC1C(=O)NC(C)C=2C=CC(F)=C(F)C2,0.706,O=C(NCc1ccccc1)c1ccccc1
XS844763a,CC(C)C(NC(=O)C=1C=CC(Cl)=CC1Cl)C(=O)NC=2C=CN(C)N2,5.882,O=C(CNC(=O)c1ccccc1)Nc1cc[nH]n1
XS839174b,CCC=1C=C(C(C)=CC1OC)S(=O)(=O)NC2=CC=CN(C2=O)C(C)C#N,1.098,O=c1[nH]cccc1NS(=O)(=O)c1ccccc1
XS844770a,CC=1C=C2OC=C(CC(=O)N3CCCC(C3)C(=O)NCC4CC4)C2=CC1C,3.42,O=C(NCC1CC1)C1CCCN(C(=O)Cc2coc3ccccc23)C1
XS841674b,CN1CCOC=2C=CC(=CC21)C(=O)NCC3CCC4(CCC(C)(C)CC4)O3,1.674,O=C(NCC1CCC2(CCCCC2)O1)c1ccc2c(c1)NCCO2
XS844774a,CCOC=1C=CC(=CC1)C(=O)NC(C=2C=CC=3OCCCOC3C2)C(C)C,0.846,O=C(NCc1ccc2c(c1)OCCCO2)c1ccccc1
XS844777a,CCCC(=O)NC1CCCN(C1)C(=O)C=2C=CC=C(C2)OC=3C=CC=CC3,6.154,O=C(c1cccc(Oc2ccccc2)c1)N1CCCCC1
XS844761a,CC1(C)CCC=2C=CC=CC2C1NC(=O)CCC3=NC=4C=CC=CC4C(=O)N3,8.026,O=C(CCc1nc2ccccc2c(=O)[nH]1)NC1CCCc2ccccc21
XS685878b,CC(C(=O)NC=1C=CC(Cl)=CC1)S(=O)(=O)CC=2C=CC=CC2Cl,5.65,O=C(CS(=O)(=O)Cc1ccccc1)Nc1ccccc1
XS844764a,O=C1CCC=2C=C(C=CC2N1)S(=O)(=O)N3CCCC3CC=4C=CC=CC4,1.506,O=C1CCc2cc(S(=O)(=O)N3CCCC3Cc3ccccc3)ccc2N1
XS840121b,CC=1C=CC=CC1OC(C)C(=O)N2CCN(CC2)C(=O)NC3=NC=CS3,12.734,O=C(COc1ccccc1)N1CCN(C(=O)Nc2nccs2)CC1
XS844773a,CS(=O)(=O)NC(CC(=O)NC=1C=CC=C(Cl)C1)C=2C=CC(F)=CC2,0.592,O=C(CCc1ccccc1)Nc1ccccc1
XS844768a,CC(CNC(=O)C=1C=CC(=CC1)S(C)(=O)=O)N2CCC=3C=CC=CC3C2,1.856,O=C(NCCN1CCc2ccccc2C1)c1ccccc1
XS836798b,CC=1N=C2C=CC=CN2C(=O)C1CCNC(C)C=3C=CC=C(C3)N4C=CC=N4,1.946,O=c1c(CCNCc2cccc(-n3cccn3)c2)cnc2ccccn12
XS844775a,CCOC=1C=C(C=CC1Br)S(=O)(=O)N2CCCCC2CC,1.842,O=S(=O)(c1ccccc1)N1CCCCC1
XS840122b,COC=1C=CC=2CC(COC2C1)NC(=O)NCC=3C=CC=NC3N4C=CN=C4,0.63,O=C(NCc1cccnc1-n1ccnc1)NC1COc2ccccc2C1
XS844778a,CC=1NC2=NC(=NN2C(C=3C=CN=CC3)C1C(N)=O)SCC=4C=CC=CC4,4.8,C1=CC(c2ccncc2)n2nc(SCc3ccccc3)nc2N1
XS844785a,CC(=O)NC=1C=CC(=CC1)S(=O)(=O)NC(C)C(=O)NC2CCCCCC2,0.706,O=C(CNS(=O)(=O)c1ccccc1)NC1CCCCCC1
XS844793a,O=C(NCCC=1C=CC=C(O)C1)C=2CCC(=O)N(N2)C3CCS(=O)(=O)C3,6.112,O=C(NCCc1ccccc1)C1=NN(C2CCS(=O)(=O)C2)C(=O)CC1
XS836556b,OCC1=CN(N=N1)C2CCCN(C2)C=3C=CC4=C(Cl)C=CC(Cl)=C4N3,1.936,c1ccc2nc(N3CCCC(n4ccnn4)C3)ccc2c1
XS844789a,O=C(NC1=CC=NN1C2CCCCC2)C3CC(=O)N(C3)C=4C=CC=C(Cl)C4,5.81,O=C(Nc1ccnn1C1CCCCC1)C1CC(=O)N(c2ccccc2)C1
XS840553b,CC(OC(=O)C=1C=CC(Br)=C(C1)S(=O)(=O)N(C)C)C(N)=O,24.33,c1ccccc1
XS844791a,CCNC(=O)C=1C=CC(=CC1)NC(=O)C2CCCN(C2)C(=O)C3=CC=CS3,2.912,O=C(Nc1ccccc1)C1CCCN(C(=O)c2cccs2)C1
XS533041b,COC=1C=CC=2NC=C(CC(=O)N3CCCC(C3)C4=NNC(=N4)C5CC5)C2C1,0.822,O=C(Cc1c[nH]c2ccccc12)N1CCCC(c2n[nH]c(C3CC3)n2)C1
XS844801a,CC(=O)NC1CCCN(C1)C(=O)CCCN(C)S(=O)(=O)C=2C=CC(F)=CC2,2.204,O=C(CCCNS(=O)(=O)c1ccccc1)N1CCCCC1
XS844798a,CN(CC=1C=CC(=CC1)C(=O)NC2CC2)C(=O)C3CC(=NO3)C=4C=CC=C(F)C4,15.014,O=C(NC1CC1)c1ccc(CNC(=O)C2CC(c3ccccc3)=NO2)cc1
XS844799a,CC1=NC(=CS1)C2=CNC(=C2)C(=O)NC(CN3CCCC3=O)C=4C=CC=CC4,5.71,O=C(NC(CN1CCCC1=O)c1ccccc1)c1cc(-c2cscn2)c[nH]1
XS185098b,CC1=CC=C(O1)C(CNC(=O)CC2=COC=3C(C)=C(C)C=CC23)N4CCOCC4,0.874,O=C(Cc1coc2ccccc12)NCC(c1ccco1)N1CCOCC1
XS719403b,CC=1C=CC(=CC1C)S(=O)(=O)N2CCN(CC2)C(=O)C(C)CN3C=NC=N3,1.232,O=C(CCn1cncn1)N1CCN(S(=O)(=O)c2ccccc2)CC1
XS132352b,COCCOC=1C=CC(=CC1NC(=O)C2COC=3C=CC=CC3O2)C(F)(F)F,2.318,O=C(Nc1ccccc1)C1COc2ccccc2O1
XS841869b,CC1(C)CC=2C=CC(C(=O)NCC3CCC4=NN=C(C(F)F)N4C3)=C(O)C2O1,2.494,O=C(NCC1CCc2nncn2C1)c1ccc2c(c1)OCC2
XS844795a,CN1CCC(CC1)N2N=CC=3C=C(C=NC32)C=4C=NC(=NC4)N5CCCC(O)C5,9.904,c1nc(N2CCCCC2)ncc1-c1cnc2c(cnn2C2CCNCC2)c1
XS836775b,COC=1C=CC(=CC1)N2C(=O)C=3C=CC=CC3N(C)C2C=4N=C(C)N5C=CC=CC45,1.816,O=C1c2ccccc2NC(c2ncn3ccccc23)N1c1ccccc1
XS844797a,CNC(=O)CN1C=2C=CC=CC2C(=O)N(C)C1C3=CC=C(O3)C=4C=CC(F)=CC4,3.318,O=C1NC(c2ccc(-c3ccccc3)o2)Nc2ccccc21
XS839015b,O=C(NCC1CCN(C1)C(=O)C2=CSC=3C=CN=CC23)C=4NN=CC4Cl,0.47,O=C(NCC1CCN(C(=O)c2csc3ccncc23)C1)c1ccn[nH]1
XS836999b,CCCCN(CC=1C=CC=C(C1)C2=NOC(=O)N2)C(=O)C3CCN4N=NN=C4C3,2.044,O=C(NCc1cccc(-c2noc(=O)[nH]2)c1)C1CCn2nnnc2C1
XS841331b,CN1N=CC=C1C=2C=CC(=CC2)CNC(=O)N3CC4(CCC4)C3C5CCOCC5,2.086,O=C(NCc1ccc(-c2ccn[nH]2)cc1)N1CC2(CCC2)C1C1CCOCC1
XS844796a,COC1=CC(=CC(OC)=C1OC)C(=O)NC(C)C=2C=CC(Br)=CC2,1.888,O=C(NCc1ccccc1)c1ccccc1
XS844794a,CS(=O)(=O)N1N=C(CC1C=2C=NC3=CC=CC=C3N2)C=4C=CC=5OCOC5C4,26.742,c1ccc2nc(C3CC(c4ccc5c(c4)OCO5)=NN3)cnc2c1
XS549794b,O=S(=O)(CC=1C(Cl)=CC=CC1Cl)N2CCCCC2C3=NC=CS3,12.134,O=S(=O)(Cc1ccccc1)N1CCCCC1c1nccs1
XS840953b,O=C(NCCNC(=O)C1COC=2C=C(Cl)C=CC2O1)C3=CN4C=CC=CC4=C3,5.232,O=C(NCCNC(=O)C1COc2ccccc2O1)c1cc2ccccn2c1
XS844804a,CC(=O)N(CC=1C=CC(=CC1)NC(=O)C(=O)NC(CCO)C=2C=CC=CC2)C3CC3,20.71,O=C(NCc1ccccc1)C(=O)Nc1ccc(CNC2CC2)cc1
XS709151b,CC1CC=2C=CC=CC2N1C(=O)C=3C=CC(F)=C(C3)S(=O)(=O)N4CCOCC4,2.344,O=C(c1cccc(S(=O)(=O)N2CCOCC2)c1)N1CCc2ccccc21
XS844816a,COC(=O)CC1C2=CC(OC)=C(C=C2CCN1CC(=O)N3CCCCCC3)OC,2.14,O=C(CN1CCc2ccccc2C1)N1CCCCCC1
XS842510b,NC=1C=CC=C(C(=O)N2CCC(NC(=O)C=3C=CN4C=CN=C4N3)C52CCC5)C1N,2.218,O=C(NC1CCN(C(=O)c2ccccc2)C12CCC2)c1ccn2ccnc2n1
XS838840b,NC=1C(Br)=C(C(F)=CC1[N+]([O-])=O)N2CCN3C(=O)C(=O)NCC3C2,2.57,O=C1NCC2CN(c3ccccc3)CCN2C1=O
XS844815a,CC(C#N)(NC(=O)CN1CCN(CC1)S(=O)(=O)C2=CC=C(Cl)S2)C3CC3,1.146,O=C(CN1CCN(S(=O)(=O)c2cccs2)CC1)NCC1CC1
XS844818a,CC(C)C=1C=CC=CC1N2C=CN=C2SCC(=O)NC3(C)CCS(=O)(=O)C3,0.972,O=C(CSc1nccn1-c1ccccc1)NC1CCS(=O)(=O)C1
XS844810a,O=C(NCC(C=1C=CC(F)=CC1)N2CCOCC2)C=3C=CC=4NC=5CCCCC5C4C3,1.392,O=C(NCC(c1ccccc1)N1CCOCC1)c1ccc2[nH]c3c(c2c1)CCCC3
XS840096b,CC(C1=NC(=NO1)C(C)(C)C)N2CCN(CC2)S(=O)(=O)C3=CC=C(Cl)S3,2.766,O=S(=O)(c1cccs1)N1CCN(Cc2ncno2)CC1
XS840529b,COCC1=NC(=CS1)C(=O)N2CCNC(=O)C2C=3C=CC=CC3Br,7.524,O=C1NCCN(C(=O)c2cscn2)C1c1ccccc1
XS842824b,COC(=O)CC(NC(=O)C=1C=CC2=C(C1)CCN2C(C)=O)C=3C=CC(Cl)=CC3,18.238,O=C(NCc1ccccc1)c1ccc2c(c1)CCN2
XS472421b,CC=1C=CC=2C(=O)N(C(=O)C2C1)C(C)C(=O)NC=3C=CC(F)=C(C3)NS(C)(=O)=O,2.318,O=C(CN1C(=O)c2ccccc2C1=O)Nc1ccccc1
XS844831a,CC=1C=CC(C)=C(C1)OC=2C=CC(=CN2)CNC(=O)C3CCCN(C3)C(=O)N4CCCC4,4.132,O=C(NCc1ccc(Oc2ccccc2)nc1)C1CCCN(C(=O)N2CCCC2)C1
XS836733c,CC(C1=NC=2C=C(Cl)C=CC2N1CC=3C=CC=CC3)N4CCN(CC4)S(C)(=O)=O,2.952,c1ccc(Cn2c(CN3CCNCC3)nc3ccccc32)cc1
XS844829a,CC1CC=2C=CC=CC2N1S(=O)(=O)C=3C=CC=C(C3)C(=O)NCCCN4CCCC4=O,0.988,O=C(NCCCN1CCCC1=O)c1cccc(S(=O)(=O)N2CCc3ccccc32)c1
XS167584b,O=C(CC=1C=CC=C(C1)C(F)(F)F)N(CC2=NC=3C=CC=CC3C(=O)N2)CC4CCCO4,2.172,O=C(Cc1ccccc1)N(Cc1nc2ccccc2c(=O)[nH]1)CC1CCCO1
XS844821a,CC(C)N(CC(=O)N1C=2C=CC=CC2NC(=O)CC1C)CC3=NC=4C=CC=CC4C(=O)N3,2.562,O=C1CCN(C(=O)CNCc2nc3ccccc3c(=O)[nH]2)c2ccccc2N1
XS844826a,CC(C)(C)C=1C=C(NC(=O)CC=2C=CC(Cl)=C(Cl)C2)N(N1)C3CCS(=O)(=O)C3,2.058,O=C(Cc1ccccc1)Nc1ccnn1C1CCS(=O)(=O)C1
XS842658b,CCN1C(=O)N(CC)C=2N=C(C=CC21)NC(=O)CCC(=O)NC(C)C=3C=C(C)C=CC3C,1.32,O=C(CCC(=O)Nc1ccc2[nH]c(=O)[nH]c2n1)NCc1ccccc1
XS844822a,CN(C(=O)COC(=O)C=1C2=CC=CC=C2N=C3CCCCCC13)C4CCS(=O)(=O)C4,11.596,O=C(COC(=O)c1c2c(nc3ccccc13)CCCCC2)NC1CCS(=O)(=O)C1
XS840386b,CC(C(=O)NC=1C=CC(F)=C(F)C1F)N2CCN(CC2)S(=O)(=O)N3CCCCCC3,0.636,O=C(CN1CCN(S(=O)(=O)N2CCCCCC2)CC1)Nc1ccccc1
MR045724c,CNS(=O)(=O)C1CCCN(C1)C(=O)NCC=2C=CC(OC=3C=CC=CC3F)=C(F)C2,1.082,O=C(NCc1ccc(Oc2ccccc2)cc1)N1CCCCC1
XS844820a,CC(SC1=NN=C(O1)C2=CNC=3C=CC=CC23)C(=O)N4CCN(CC4)S(=O)(=O)C=5C=CC=CC5,3.636,O=C(CSc1nnc(-c2c[nH]c3ccccc23)o1)N1CCN(S(=O)(=O)c2ccccc2)CC1
XS836738b,CN1C=NN=C1CNC(=O)C2CCCN(C2)S(=O)(=O)C3=CC=C(Br)S3,0.284,O=C(NCc1nnc[nH]1)C1CCCN(S(=O)(=O)c2cccs2)C1
XS073481b,O=C(NC=1C=CC=CC1O)C2CCCN(C2)S(=O)(=O)C3=CC=C(Br)S3,18.006,O=C(Nc1ccccc1)C1CCCN(S(=O)(=O)c2cccs2)C1
XS840243b,COCCC(C)NC=1C=CC=C2C=CSC12,0.838,c1ccc2sccc2c1
XS844844a,CC(CC1=CC=CO1)NC(=O)C=2C=CC(O)=NC2,2.28,O=C(NCCc1ccco1)c1cccnc1
XS844845a,O=C(NC=1C=NNC1)C2COC=3C=CC=CC3O2,2.044,O=C(Nc1cn[nH]c1)C1COc2ccccc2O1
XS836863b,O=C1CCC(CC=2C=CC(O)=CC2)O1,3.106,O=C1CCC(Cc2ccccc2)O1
XS844839a,CC(NC(=O)C1=CC=CN1)C=2C=CC=CC2,0.632,O=C(NCc1ccccc1)c1ccc[nH]1
XS839409b,CN(C)C(=O)C(C)(CF)C=1C=CC=CC1,0.974,c1ccccc1
XS842111b,CCN1CCN(C(=O)C(C)(C)C#N)C(C)C1=O,18.39,O=C1CNCCN1
XS842123b,NC(C1=NNC(=N1)C2=CC=CS2)C(F)(F)F,4.754,c1csc(-c2ncn[nH]2)c1
XS837182b,C#CCNC(=O)N1CCN2C(=O)OCC2C1,0.55,O=C1OCC2CNCCN12
XS844848a,CCC(C)NC(=O)C=1C=CC=2OCCCOC2C1,0.458,c1ccc2c(c1)OCCCO2
XS840558b,CC1CSC=2C=CC(Cl)=CC2NC1=O,2.976,O=C1CCSc2ccccc2N1
XS841097b,CC#CC(=O)N1CC(C)CC=2C=CC=C(O)C21,0.628,c1ccc2c(c1)CCCN2
XS839712b,CC(C)N(C)S(=O)(=O)NCC1CCCO1,2.45,C1CCOC1
XS844835a,CCC(C)NC(=O)C=1C=NN(C1)C=2C=CC=CC2,0.4,c1ccc(-n2cccn2)cc1
XS844841a,CN1CC(CC1=O)C2=NN=C3CCCCCCN23,1.744,O=C1CC(c2nnc3n2CCCCCC3)CN1
XS844836a,COC=1C=CC=CC1NC(=O)N2CCCC(O)C2,2.2,O=C(Nc1ccccc1)N1CCCCC1
XS844860a,CC(CN1C=CC=N1)NC(=O)NCC2=CC=CS2,1.418,O=C(NCCn1cccn1)NCc1cccs1
XS844855a,CN(CC=1C=CC(=CC1)C(N)=O)C(=O)CC2C=CCC2,0.42,O=C(CC1C=CCC1)NCc1ccccc1
XS839963b,CCOC(C)C(=O)NNC1=C(C#N)C(C)=NN1C,1.142,c1cn[nH]c1
XS734384b,CC1=CN2CC(CCC2=N1)NC(=O)C3=CC(C)=NO3,0.468,O=C(NC1CCc2nccn2C1)c1ccno1
XS841038b,CCN(CC(C)C#N)C(=O)CN1N=CSC1=O,0.812,O=c1[nH]ncs1
XS844856a,CCCCNC(=O)CS(=O)CC=1C=CC=C(C)C1,1.966,c1ccccc1
XS717280b,CC(SC1=NC=C(O1)C=2C=CC(F)=CC2)C(N)=O,12.326,c1ccc(-c2cnco2)cc1
XS844850a,CC1C2=CC=CN2CCN1C(=O)NC=3C=CC=NC3,1.472,O=C(Nc1cccnc1)N1CCn2cccc2C1
XS837050b,COCCN1N=NN=C1NC(=O)C(OC)C(C)C,0.476,c1nnn[nH]1
XS841575b,O=C(OCCC#CC=1C=CC=CC1)C2CCCOC2,2.102,O=C(OCCC#Cc1ccccc1)C1CCCOC1
XS842561b,O=C(NCC1CCCC21CC2)C=3N=CN=C4NC=NC34,1.804,O=C(NCC1CCCC12CC2)c1ncnc2[nH]cnc12
XS838604b,CC1=NOC=2N=CN(CC(C)(O)C(F)F)C(=O)C12,2.874,O=c1[nH]cnc2oncc12
XS844854a,CCOC=1C=CC(=CC1)C(=O)NC(C)C=2C=CN=CC2,1.454,O=C(NCc1ccncc1)c1ccccc1
XS844861a,CC1=NOC=2N=CC(=CC12)C(=O)NCC3CCOC3,20.32,O=C(NCC1CCOC1)c1cnc2oncc2c1
XS844852a,CC=1C=CC(=NC1)NC(=O)C2CC=3C=CC=CC3S2,3.956,O=C(Nc1ccccn1)C1Cc2ccccc2S1
XS844849a,CCCNC(=O)C(C)NC(=O)C1=C(C)OC(C)=C1C,2.36,c1ccoc1
XS844858a,CC1CCCCN1S(=O)(=O)NCC=2C=CC=CC2,1.984,O=S(=O)(NCc1ccccc1)N1CCCCC1
XS844863a,O=C(O)C1CCCN(C1)C2=NC=3C=CC=CC3S2,1.432,c1ccc2sc(N3CCCCC3)nc2c1
XS624983b,COCC1(CCCN1CC2=CC=C(C)O2)C(N)=O,0.838,c1coc(CN2CCCC2)c1
XS601063b,CCC1=NC(CN2CCCC(CN3C=NC=N3)C2)=NO1,0.758,c1ncn(CC2CCCN(Cc3ncon3)C2)n1
XS645014b,O=C(O)C1CC(=O)N(CC2=CSC=3C=CC=CC23)C1,2.17,O=C1CCCN1Cc1csc2ccccc12
XS844874a,CC=1C=NC(=CN1)C(=O)NCC(C)N(C)C=2C=CC=CC2,3.982,O=C(NCCNc1ccccc1)c1cnccn1
XS587833b,O=C(C=1C=COC1)N2CCCC(O)(CN3C=CN=N3)C2,6.156,O=C(c1ccoc1)N1CCCC(Cn2ccnn2)C1
XS837672b,O=C(NC1=NC(=NS1)C2CC2)C3CC=4C=CN=CC4C3,20.89,O=C(Nc1nc(C2CC2)ns1)C1Cc2ccncc2C1
XS838005b,CCC(C)C=1C=C(ON1)C(=O)N2CCC=3NN=CC3C2,2.402,O=C(c1ccno1)N1CCc2[nH]ncc2C1
XS798675b,COC=1C=CC(=CC1)C2CCCN2S(=O)(=O)N(C)C,1.336,c1ccc(C2CCCN2)cc1
XS844870a,CC1=NOC(CN(C)CC2COC=3C=CC=CC3O2)=N1,1.656,c1ccc2c(c1)OCC(CNCc1ncno1)O2
XS844865a,COCC(C)NC(=O)C1=CN=CN1C=2C=CC(F)=CC2,0.382,c1ccc(-n2ccnc2)cc1
XS844866a,O=C(CN1C=CC=N1)NCC2COC=3C=CC=CC3O2,1.454,O=C(Cn1cccn1)NCC1COc2ccccc2O1
XS844869a,O=C(C1CC=CCC1)N2CCC=3NC=4C=CC=CC4C3C2,0.534,O=C(C1CC=CCC1)N1CCc2[nH]c3ccccc3c2C1
XS438636b,CN(CC1CCCO1)C2=C(C#N)C(=O)N(C)C(=O)N2C,0.796,O=c1cc(NCC2CCCO2)[nH]c(=O)[nH]1
XS842232b,CC1C(=O)N(C)CN1S(=O)(=O)CC2CC3(CCC3)C2,12.408,O=C1CN(S(=O)(=O)CC2CC3(CCC3)C2)CN1
XS837792b,CN1N=CC(C(=O)NCCC(C)(O)C(F)(F)F)=C1N,1.526,c1cn[nH]c1
XS841919b,FC(F)(F)C=1C=NC(=NC1)OCC2CC3(CC3)CO2,1.78,c1cnc(OCC2CC3(CC3)CO2)nc1
XS841791b,CCOC=1C=C(N=CN1)N2CCS(=O)(=O)CC(C)C2,13.524,O=S1(=O)CCCN(c2ccncn2)CC1
XS844872a,O=C(NCC=1C=CC=CC1)NCC2CCS(=O)(=O)C2,0.596,O=C(NCc1ccccc1)NCC1CCS(=O)(=O)C1
XS841741b,NCC1CC=2C=C(F)C=CC2N(C1)C(=O)C3=CN=CS3,2.362,O=C(c1cncs1)N1CCCc2ccccc21
XS839318b,N#CC1CC21CN(C2)C=3C=CN=C(CCC=4C=CC=CC4)N3,1.314,c1ccc(CCc2nccc(N3CC4(CC4)C3)n2)cc1
XS742046b,COC=1C=CC(=CC1)CC(=O)N2CCCC(O)(C2)C(N)=O,3.874,O=C(Cc1ccccc1)N1CCCCC1
XS844879a,CC=1C=C(ON1)C(=O)NC(C2=NC=CN2C)C=3C=CC=CC3,0.954,O=C(NC(c1ccccc1)c1ncc[nH]1)c1ccno1
XS844884a,CN(C(=O)COC1CCCC1)C2CCCC=3C=CC=CC32,5.124,O=C(COC1CCCC1)NC1CCCc2ccccc21
XS840487b,O=C1CC(CN1CC2=CC=CS2)C3=NC=4C=CC=CC4N3,1.238,O=C1CC(c2nc3ccccc3[nH]2)CN1Cc1cccs1
XS838543b,COC=1C=CC(=CC1C)C2CCCN(C2)C3=NC=NN3C,1.394,c1ccc(C2CCCN(c3ncn[nH]3)C2)cc1
XS599525b,COCC1(CCCN1C(=O)CC=2C=CC(C)=NC2)C(N)=O,1.204,O=C(Cc1cccnc1)N1CCCC1
XS844886a,COC=1C=CC(=CC1)C=2CC(C=3C=CC=CC3)N(N2)C(C)=O,7.048,c1ccc(C2=NNC(c3ccccc3)C2)cc1
XS842142b,CC1CN(CC2(CCC2)O1)C3=NC=C(S3)C(F)(F)F,8.064,c1csc(N2CCOC3(CCC3)C2)n1
XS844885a,CC(NC(=O)C=1C=CC=NC1)C=2C=CC=3NC(=O)CCC3C2,2.722,O=C1CCc2cc(CNC(=O)c3cccnc3)ccc2N1
XS581617b,CC(C)CC1CCCCN1C(=O)C=2NC(=O)NC(=O)C2N,2.384,O=C(c1cc(=O)[nH]c(=O)[nH]1)N1CCCCC1
XS828778b,CN1C=C(C=N1)CC(=O)N2CCCC(C2)C3=NC=CS3,8.864,O=C(Cc1cn[nH]c1)N1CCCC(c2nccs2)C1
XS844878a,CC1=CSC(=N1)C2CCCCN2C(=O)C3=CC=CN3C,4.332,O=C(c1ccc[nH]1)N1CCCCC1c1nccs1
XS844880a,CC=1C=NN(C1)C2CCCN(C2)C(=O)C=3OC=C(C)C3C,1.91,O=C(c1ccco1)N1CCCC(n2cccn2)C1
XS544766b,CNC(=O)C1CC(=O)N(C1)C2CN(C2)C=3N=CC(C)=CN3,9.12,O=C1CCCN1C1CN(c2ncccn2)C1
XS842654b,CN(C(=O)N1CCCCC1(C)C(N)=O)C=2C=CC(F)=CC2,1.072,O=C(Nc1ccccc1)N1CCCCC1
XS842076b,CC1=NN=C(S1)C(C)S(=O)(=O)C=2C=CC(C)=C(C)C2,7.092,O=S(=O)(Cc1nncs1)c1ccccc1
XS844895a,CC=1C=C(C(=O)N2CCCCCC2C=3C=CN=CC3)N(C)N1,6.456,O=C(c1ccn[nH]1)N1CCCCCC1c1ccncc1
XS441368b,CCC=1OC(=CC1C)C(=O)N2CCCCC2C3=NNC(C)=N3,0.456,O=C(c1ccco1)N1CCCCC1c1nc[nH]n1
XS844888a,COC1=C(C(C)=NN1C)C2CCCN2C(=O)C3=CC=NN3C,3.256,O=C(c1ccn[nH]1)N1CCCC1c1cn[nH]c1
XS438879b,O=S1(=O)CCC(C1)N2N=NN=C2C=3C=CC(Cl)=CC3,3.59,O=S1(=O)CCC(n2nnnc2-c2ccccc2)C1
XS844893a,CC1=CC(C)=NC(=N1)NC(C)C=2C=CC(=CC2)S(C)(=O)=O,6.85,c1ccc(CNc2ncccn2)cc1
XS703504b,O=C(CC=1C=CC=C(Cl)C1)N2CCCC(C2)N3C=CN=C3,0.52,O=C(Cc1ccccc1)N1CCCC(n2ccnc2)C1
XS837285b,C#CC=1C=CC=C(C1)C(=O)NC2(CCCOC2)C=3C=CC=CC3,2.342,O=C(NC1(c2ccccc2)CCCOC1)c1ccccc1
XS839451b,N#CC=1N=CNC1C(=O)NC(CO)CC=2C=CC=CC2Cl,2.92,O=C(NCCc1ccccc1)c1cnc[nH]1
XS840508b,CC(CC1=CC=CS1)N(C)S(=O)(=O)CC=2C=CON2,4.816,O=S(=O)(Cc1ccon1)NCCc1cccs1
XS546396b,CC(C)C=1OC=CC1C(=O)N2CCCC(C2)C3=NN=C(N)O3,0.744,O=C(c1ccoc1)N1CCCC(c2nnco2)C1
XS844891a,CC(C)(C)C=1C=CC(=CC1)C2=NN=C3CCC(CN23)C(=O)O,2.084,c1ccc(-c2nnc3n2CCCC3)cc1
XS844894a,CCC(C)NC(=O)CS(=O)(=O)CC1=NN=NN1C2CC2,1.64,c1nnnn1C1CC1
XS840227b,NC(=O)C=1N=CC(Br)=CC1N2CCCC(F)C2,0.838,c1cncc(N2CCCCC2)c1
XS581828b,CC=1C=CC=CC1NC(=O)C2CSCN2C(=O)C3CCC3,6.462,O=C(Nc1ccccc1)C1CSCN1C(=O)C1CCC1
XS478924b,CC1=CN2N=C(NCC(CO)CC=3C=CC=CC3)SC2=N1,1.74,c1ccc(CCCNc2nn3ccnc3s2)cc1
XS837393b,O=S(=O)(N1CCOCC1)N2CCCC(C2)C=3C=NNC3,2.236,O=S(=O)(N1CCOCC1)N1CCCC(c2cn[nH]c2)C1
XS547139b,CC1=NON=C1CNC(=O)N2CCC(C2)C=3C=CC(C)=CC3,2.576,O=C(NCc1cnon1)N1CCC(c2ccccc2)C1
XS838043b,CC(NC(=O)C=1N=NN(C)C1C(F)(F)F)C2=CSC=N2,3.2,O=C(NCc1cscn1)c1c[nH]nn1
XS844890a,COC=1C=CC(=CC1)C2CCCN2C(=O)C=3CCC(=O)NN3,2.752,O=C1CCC(C(=O)N2CCCC2c2ccccc2)=NN1
XS844889a,COC=1C=CC(=CC1F)C(C)NC(=O)NCC=2C=CC=CC2,1.05,O=C(NCc1ccccc1)NCc1ccccc1
XS839331b,COC(=O)C=1C=C(C#N)N=CC1NCC2CNC(=O)C2(F)F,2.298,O=C1CC(CNc2cccnc2)CN1
XS844912a,CC=1C=CC=NC1NC(=O)NC(C)C=2C=CC=3OCCOC3C2,4.108,O=C(NCc1ccc2c(c1)OCCO2)Nc1ccccn1
XS844899a,CC1=NN2CC(CCC2=N1)NCC=3C=NN(C3)C=4C=CC=CC4,5.642,c1ccc(-n2cc(CNC3CCc4ncnn4C3)cn2)cc1
XS656675b,CC1=NOC(CC2(O)CCCN(CC=3C=CN=CC3F)C2)=N1,9.834,c1cc(CN2CCCC(Cc3ncno3)C2)ccn1
XS838389c,O=C(O)C1CC=2C=C(C=NC2C1)C3=CSC(=C3)C(F)(F)F,8.798,c1cc(-c2cnc3c(c2)CCC3)cs1
XS838406b,CCCN1N=CN=C1CS(=O)(=O)CC2CCC(F)(F)C2,1.914,O=S(=O)(Cc1ncn[nH]1)CC1CCCC1
XS844904a,CCN1C(=NC=2C=CC=CC21)SC(C)C(=O)NC(=O)NC,9.04,c1ccc2[nH]cnc2c1
XS842574b,CCC1=NNC(=N1)C(C)N2CCC3(CCC3)S(=O)(=O)CC2,1.238,O=S1(=O)CCN(Cc2ncn[nH]2)CCC12CCC2
XS842718b,CC(C)C1=NSC(CN2CCCCC2C3=NC(=O)NN3)=N1,2.084,O=c1nc(C2CCCCN2Cc2ncns2)[nH][nH]1
XS842632b,CC(OC(=O)C=1C=CC=C2N=NNC12)C(=O)NC=3N=CC=CN3,7.268,O=C(COC(=O)c1cccc2nn[nH]c12)Nc1ncccn1
XS844908a,COC=1C=CC(=CC1)C(NC(=O)C=2C=CN(C)C(=O)C2)C3CC3,4.852,O=C(NC(c1ccccc1)C1CC1)c1cc[nH]c(=O)c1
XS844911a,CC=1C=C(C)N(CC(C)CNC(=O)CCCC=2C=CC=CC2)N1,0.726,O=C(CCCc1ccccc1)NCCCn1cccn1
XS844905a,O=C(C1=CC=CN1)N2CCOCC2CC3=CNC=4C=CC=CC34,7.742,O=C(c1ccc[nH]1)N1CCOCC1Cc1c[nH]c2ccccc12
XS844901a,CN(CC1CCCN1C=2C=CC=NN2)C=3N=CN=C4CCCC34,6.384,c1cnnc(N2CCCC2CNc2ncnc3c2CCC3)c1
XS838180b,CN=S(C)(=O)CCNC=1C=CC2=NC=CC=C2C1[N+]([O-])=O,2.06,c1ccc2ncccc2c1
XS844910a,CN1CCC(CC1=O)C(=O)NCC2=NN=CN2C=3C=CC=CC3,4.97,O=C1CC(C(=O)NCc2nncn2-c2ccccc2)CCN1
XS837878b,COC=1N=C(N)N=C2C1C=NN2CC3COC=4C=CC=CC4O3,1.994,c1ccc2c(c1)OCC(Cn1ncc3cncnc31)O2
XS844909a,CC1=CN=C(NC(=O)C2CC(=O)N(CC(F)(F)F)C2)S1,8.916,O=C1CC(C(=O)Nc2nccs2)CN1
XS572391b,COC1CCCCN(CC(=O)NCC=2C(C)=NOC2C)C1=O,0.86,O=C(CN1CCCCCC1=O)NCc1cnoc1
XS838134b,CC1=CSC2=NC(=CC(=O)N12)CN3CC4=CNN=C4C(C)C3,4.628,O=c1cc(CN2CCc3n[nH]cc3C2)nc2sccn12
XS842666b,C=CCOC(C)C(=O)NC1=CC=NN1C=2C=CC(=CC2)[N+]([O-])=O,0.498,c1ccc(-n2cccn2)cc1
XS837461b,COC(=O)C=1C=CC=C(C1)CN2CCCC(C2)C3=CN(C)N=N3,2.146,c1ccc(CN2CCCC(c3c[nH]nn3)C2)cc1
XS157712b,CC(NC(=O)NC=1C=CC=CC1)C(=O)NCC=2C=CC=CC2F,6.106,O=C(CNC(=O)Nc1ccccc1)NCc1ccccc1
XS844918a,CCCC(C)NC(=O)COC(=O)C=1C=C(O)N=C2C=CC=CC12,0.518,c1ccc2ncccc2c1
XS844921a,CC=1C=NC2=C(C=CC=C2C1)S(=O)(=O)NCCC3CCCO3,4.484,O=S(=O)(NCCC1CCCO1)c1cccc2cccnc12
XS844924a,CC1=CC(CN2CCN(CC2)C(C)C3=NC(=NO3)C4CC4)=NO1,0.944,c1cc(CN2CCN(Cc3nc(C4CC4)no3)CC2)no1
XS837518b,CC1=NN(C)C(C)=C1CCCNC(=O)C2CCC=3NN=NC3C2,0.85,O=C(NCCCc1cn[nH]c1)C1CCc2[nH]nnc2C1
XS844920a,CC(NC(=O)C1(CC1)C(=O)O)C=2C=CC(=CC2)SC(F)F,2.138,O=C(NCc1ccccc1)C1CC1
XS398425b,COC=1C=CC=CC1NC(=O)C(C)OC(=O)C=2C(C)=NOC2C,7.962,O=C(COC(=O)c1cnoc1)Nc1ccccc1
XS844919a,CC(NC1=C(C#N)C(=O)N(C)C(=O)N1C)C=2C=CC=C(Cl)C2,1.2,O=c1cc(NCc2ccccc2)[nH]c(=O)[nH]1
XS581950b,CN1C(=O)C=CN(CC(=O)N2CCCC(C2)N3C=CC=N3)C1=O,0.42,O=C(Cn1ccc(=O)[nH]c1=O)N1CCCC(n2cccn2)C1
XS838483b,CC1(CC=2C=CC=CC2NC1=O)C(=O)N3CC4(C3)CNC(=O)N4,6.734,O=C1NCC2(CN(C(=O)C3Cc4ccccc4NC3=O)C2)N1
XS815497b,CC1(CCS(=O)(=O)C1)NC(=O)CC=2C=CC3=CC=CC=C3C2,1.084,O=C(Cc1ccc2ccccc2c1)NC1CCS(=O)(=O)C1
XS840466b,CC=1C=C(C)C(NC(=O)C(C)OC(=O)C2=COCCO2)=C(C)C1,7.616,O=C(COC(=O)C1=COCCO1)Nc1ccccc1
XS840196b,COCC(C)(O)C(=O)N1CCN(CC1)C=2C=CC=C(Cl)C2C,3.512,c1ccc(N2CCNCC2)cc1
XS840185b,O=C(NCC1(CO)CCOCC1)NC2CSC=3C=CC=CC32,6.696,O=C(NCC1CCOCC1)NC1CSc2ccccc21
XS844925a,CCC=1N=C(CCNC(=O)C2CC(=O)N(C2)C3CC3)SC1C,5.634,O=C(NCCc1nccs1)C1CC(=O)N(C2CC2)C1
XS825855b,COC=1C=CC(=CC1)CNC(=O)CC2OC=3C=CC=CC3NC2=O,1.26,O=C(CC1Oc2ccccc2NC1=O)NCc1ccccc1
XS839489b,CCC(O)(CN1C=CC(OC)=C(C(=O)OC)C1=O)C(F)(F)F,0.634,O=c1cccc[nH]1
XS844931a,O=C(CC=1C=CC(Br)=CC1)NC2CCCCNC2=O,4.226,O=C(Cc1ccccc1)NC1CCCCNC1=O
XS844930a,CCCC(C)NC(=O)CSCC1=CSC(=N1)C2=CC=CO2,2.172,c1coc(-c2nccs2)c1
XS844932a,COC=1N=CC=CC1NC(=O)CCC2CC=3C=CC=CC3NC2=O,6.24,O=C(CCC1Cc2ccccc2NC1=O)Nc1cccnc1
XS844937a,CC(C)C(C(=O)NCCOC=1C=CC(F)=CC1)N2CCCC2=O,1.678,O=C(CN1CCCC1=O)NCCOc1ccccc1
XS844936a,CC1=NOC(=N1)C(C)NS(=O)(=O)C=2C=CC(=CC2)C(C)(C)C,0.804,O=S(=O)(NCc1ncno1)c1ccccc1
XS844933a,CCNC(=O)NC(=O)C(C)NC=1C=C(OC)C(OC)=C(C1)OC,1.564,c1ccccc1
XS840383b,CC(=O)N1N=C(CC1C=2C=CC=C3C=CC=NC23)C4=CC=CS4,9.824,c1csc(C2=NNC(c3cccc4cccnc34)C2)c1
XS838786b,COCCN1C=C(C=N1)NC(=O)N2CCCC3(C=CCO3)CC2,4.136,O=C(Nc1cn[nH]c1)N1CCCC2(C=CCO2)CC1
XS844934a,CC(C(=O)NC=1C=CC=CC1)N2CCC(CC=3C=CC=CC3)CC2,1.284,O=C(CN1CCC(Cc2ccccc2)CC1)Nc1ccccc1
XS839272b,NS(=O)(=O)C=1C=NC=CC1N2CCCC3(CCCC(=O)N3)C2,1.05,O=C1CCCC2(CCCN(c3ccncc3)C2)N1
XS844928a,N#CC=1C=CN=C(C1)NCC=2C=CC=C(C2)COCC3CCCO3,0.894,c1ccc(NCc2cccc(COCC3CCCO3)c2)nc1
XS838159b,COC=1C=CC(=CC1Br)C(NC(C)=O)C(F)(F)F,0.592,c1ccccc1
XS676099b,O=C(C1=CNC=2C=C(Cl)C=CC12)N3CCCC(C3)N4C=CC=N4,1.012,O=C(c1c[nH]c2ccccc12)N1CCCC(n2cccn2)C1
XS844942a,CC(C)C(NC(=O)C1=CC=CO1)C(=O)NC=2C=CC=3OCOC3C2,15.47,O=C(CNC(=O)c1ccco1)Nc1ccc2c(c1)OCO2
XS837164b,CN1N=CC2=C1CCCC2NC=3N=CC(=CC3Cl)C(F)(F)F,2.026,c1ccc(NC2CCCc3[nH]ncc32)nc1
XS844943a,COC=1C=CC=C(C1)CCNC(=O)N2CCCC2C3=CC(C)=NO3,6.84,O=C(NCCc1ccccc1)N1CCCC1c1ccno1
XS844939a,CCCCOC=1C=CC(=CC1)C(=O)N2CCCC(C2)N3C=NC=N3,2.582,O=C(c1ccccc1)N1CCCC(n2cncn2)C1
XS844938a,COC1=CC(=CC(OC)=C1C)C(=O)N2CCCC(C2)N3C=NC=N3,0.924,O=C(c1ccccc1)N1CCCC(n2cncn2)C1
XS839497b,CC=1NN=CC1C(=O)N2CCC3(CC3C4=NN=C(O4)C(C)C)CC2,0.994,O=C(c1cn[nH]c1)N1CCC2(CC1)CC2c1nnco1
XS838379b,COCC(C)C1=NN=C(NC=2C=CC=CC2OCC(F)(F)F)O1,0.688,c1ccc(Nc2nnco2)cc1
XS841875b,CC(C(=O)NC=1N=CN(CC=2C=CC(Cl)=CC2)N1)N3C=NC=N3,4.826,O=C(Cn1cncn1)Nc1ncn(Cc2ccccc2)n1
XS680227b,C1=CN(CC2CCCCN2CC3=NC(=NO3)C=4C=CSC4)N=C1,4.874,c1cnn(CC2CCCCN2Cc2nc(-c3ccsc3)no2)c1
XS842635b,CCC1CCC=2C=CC=CC2N1C(=O)C=3N=C(C=C(N3)OC)OC,2.692,O=C(c1ncccn1)N1CCCc2ccccc21
XS756934b,CCC=1C=CC(=CC1)OCC(=O)NC(C(=O)NC)C=2C=CC=CC2,6.064,O=C(COc1ccccc1)NCc1ccccc1
XS761145b,NC(=O)CC1(O)CCCN(C1)C(=O)C2(CCC2)C=3C=CC=C(F)C3,10.242,O=C(N1CCCCC1)C1(c2ccccc2)CCC1
XS789715b,O=C(NC=1C=CC=C(Br)C1)C2COC=3C=CC=CC3O2,0.398,O=C(Nc1ccccc1)C1COc2ccccc2O1
XS586888b,CN1N=NC=C1CC(=O)NC2CCN(C2=O)C=3C=CC=CC3Cl,6.714,O=C(Cc1cnn[nH]1)NC1CCN(c2ccccc2)C1=O
XS678138b,CC=1N=C(CN2CC(=O)N(C)C(C)C2)OC1C=3C=CC(Cl)=CC3,5.664,O=C1CN(Cc2ncc(-c3ccccc3)o2)CCN1
XS836912b,CC1CS(=O)(=O)CCN1C(=O)C=2C=CC=C(C2N)C(F)(F)F,1.486,O=C(c1ccccc1)N1CCS(=O)(=O)CC1
XS844948a,COC=1C=CC(=CC1OC)C(=O)NC(C2=NC=C(C)S2)C3CC3,14.23,O=C(NC(c1nccs1)C1CC1)c1ccccc1
XS838922b,CCC1(CN2C=C(N=N2)C(=O)N3CC(C)OC4(CCC4)C3)COC1,0.458,O=C(c1cn(CC2COC2)nn1)N1CCOC2(CCC2)C1
XS842623b,CC(NCC=1C=C2OCOC2=CC1[N+]([O-])=O)C=3C=CC=C(Cl)C3,2.16,c1ccc(CNCc2ccc3c(c2)OCO3)cc1
XS739703b,COC1=CC=CC(OC)=C1S(=O)CC2=NN=C(C3CCC3)N2C,4.488,O=S(Cc1nnc(C2CCC2)[nH]1)c1ccccc1
XS548574b,O=C(CN1CCNC(=O)C1)NC(C=2C=CC(F)=CC2)C3CCCC3,0.576,O=C1CN(CC(=O)NC(c2ccccc2)C2CCCC2)CCN1
XS844952a,O=C(NCCC1=CNC=2C=CC=CC12)C3CC(=NO3)C=4C=CN=CC4,17.11,O=C(NCCc1c[nH]c2ccccc12)C1CC(c2ccncc2)=NO1
XS805022b,COC=1C=CC(Cl)=CC1C(=O)N2CCCC(C2)C3=NC(C)=NO3,5.538,O=C(c1ccccc1)N1CCCC(c2ncno2)C1
XS807219b,COC=1C=CC(=CC1)C(=O)N2CCN3C=CC=C3C2C=4C=CC=CC4,5.992,O=C(c1ccccc1)N1CCn2cccc2C1c1ccccc1
XS844951a,CC(C)OC=1C=CC(=CC1)C(=O)OCC(=O)NC(C)(C#N)C(C)C,1.816,c1ccccc1
XS776371b,CC1=NC(=NN1)C2CCCCN2C(=O)CC=3C=CC(F)=CC3Cl,1.088,O=C(Cc1ccccc1)N1CCCCC1c1nc[nH]n1
XS844945a,CC1=C(C=NN1C=2C=CC=CC2)C(=O)N3CCCC(C3)N4C=CC=N4,12.808,O=C(c1cnn(-c2ccccc2)c1)N1CCCC(n2cccn2)C1
XS844946a,CCC1=NC(=CS1)CC(=O)N2CCCC(C2)N3N=C(C)N=C3C,3.698,O=C(Cc1cscn1)N1CCCC(n2cncn2)C1
XS750754b,CC(=O)NC1(CCN(C1)C=2N=CC(C)=C(C)N2)C3=NC(C)=CS3,0.962,c1cnc(N2CCC(c3nccs3)C2)nc1
XS744912b,O=C(C=1C=CC(=NN1)N2CCCC2)N3CCCC3CC=4C=CC=CC4,10.536,O=C(c1ccc(N2CCCC2)nn1)N1CCCC1Cc1ccccc1
XS144973b,O=C(NC=1C=CC=2OCOC2C1)C(CC=3C=CC=CC3)N4C=NN=N4,19.038,O=C(Nc1ccc2c(c1)OCO2)C(Cc1ccccc1)n1cnnn1
XS844960a,CC(C(=O)NCC(C)(C)C=1C=CC(Cl)=C(Cl)C1)N2C=NC=N2,0.78,O=C(Cn1cncn1)NCCc1ccccc1
XS601254b,CC1=CSC(=N1)C2COCCN2C(=O)NCCC3=CSC=N3,2.498,O=C(NCCc1cscn1)N1CCOCC1c1nccs1
XS837233b,CC1(CN(C1)C(=O)NC2CC=CCC2)C3=NN=C(O3)C=4C=CC=NC4,1.182,O=C(NC1CC=CCC1)N1CC(c2nnc(-c3cccnc3)o2)C1
XS685978b,CN(CC1COC=2C=CC=CC2O1)C(=O)CC3=NOC=4C=CC=CC34,0.858,O=C(Cc1noc2ccccc12)NCC1COc2ccccc2O1
XS838051b,CCC1=NNC(C(=O)NCC(C)S(N)(=O)=O)=C1Br,1.36,c1cn[nH]c1
XS844957a,CCCOCC(=O)NC(C)C=1C=C(F)C=CC1N2CCC(O)CC2,0.784,c1ccc(N2CCCCC2)cc1
XS182955d,COC1=CC(=CC(OC)=C1OC)CNC(=O)CN2CCOC(C)C2,20.296,O=C(CN1CCOCC1)NCc1ccccc1
XS844956a,COCC1=C(OC=2C=CC=CC12)C(=O)N3CCCC(C3)N4C=CC=N4,2.102,O=C(c1cc2ccccc2o1)N1CCCC(n2cccn2)C1
XS840436b,CC(NC(=O)C=1C=COC1)C(=O)NC=2C=CC=C(C2)C3=NN=CN3C,2.27,O=C(CNC(=O)c1ccoc1)Nc1cccc(-c2nnc[nH]2)c1
XS844958a,O=C(C1=CC=2C(Cl)=CC=CC2N1)N3CCC(CC=4C=CN=CC4)C3,2.824,O=C(c1cc2ccccc2[nH]1)N1CCC(Cc2ccncc2)C1
XS585929b,O=C(C=1C=CC=NC1N2CCCCC2)N3CCCC(C3)N4C=CC=N4,4.89,O=C(c1cccnc1N1CCCCC1)N1CCCC(n2cccn2)C1
XS844961a,COC=1C=CC=CC1N2CC(CC2=O)C(=O)NCC=3C=CC=CC3O,0.822,O=C(NCc1ccccc1)C1CC(=O)N(c2ccccc2)C1
XS628803b,CC(NC(=O)CCC=1C=CC=2OCOC2C1)C3=NN=C4C=CC=CN34,3.16,O=C(CCc1ccc2c(c1)OCO2)NCc1nnc2ccccn12
XS842484b,CCC1CC=2C(=NC(N)=C3C(N)=NC(=C(C#N)C23)N4CCOCC4)O1,4.544,c1nc(N2CCOCC2)cc2c3c(ncc12)OCC3
XS844963a,CCC(NC(=O)C1=CC(=O)NC=2N=CN(C)C12)C=3C=CC(Cl)=CC3,0.994,O=C(NCc1ccccc1)c1cc(=O)[nH]c2nc[nH]c12
XS844970a,CC=1C=CC=C(C1)OCCCC(=O)NC2CCSC=3C=CC=CC32,3.726,O=C(CCCOc1ccccc1)NC1CCSc2ccccc21
XS844972a,NC(=O)C(NCC1(CCOCC1)C=2C=CC=C(F)C2)C=3C=CC=CC3,1.252,c1ccc(CNCC2(c3ccccc3)CCOCC2)cc1
MR042915c,O=C1C(CCN1CC(F)(F)F)N2C(=O)SC=3C=CC=CC3C2=O,20.046,O=C1NCCC1n1c(=O)sc2ccccc2c1=O
XS842117b,CCOC=1C=CC(=CC1)NC(=O)CS(=O)(=O)NCC2CCCO2,4.508,O=C(CS(=O)(=O)NCC1CCCO1)Nc1ccccc1
XS840382b,COC(=O)C1=C(C)NC(=O)NC1C=2C=C(Br)C=CC2F,0.932,O=C1NC=CC(c2ccccc2)N1
XS844969a,CC(C(=O)NC=1C=CC=CC1F)N(C)CC=2C=CC=3OCCOC3C2,1.924,O=C(CNCc1ccc2c(c1)OCCO2)Nc1ccccc1
XS705606b,CC=1C=CC=CC1C2(CCC2)C(=O)N3CCCC(C3)N4CCNC4=O,3.024,O=C1NCCN1C1CCCN(C(=O)C2(c3ccccc3)CCC2)C1
XS844971a,C=1C=CC(=CC1)C2=NN=C(O2)C3CCC4=NN=C(C=5C=CC=CC5)N4C3,11.184,c1ccc(-c2nnc(C3CCc4nnc(-c5ccccc5)n4C3)o2)cc1
XS838797b,FC(F)(F)C(CCNC=1N=CN=C2N=CC=NC12)N3CCOCC3,3.612,c1cnc2c(NCCCN3CCOCC3)ncnc2n1
XS841284b,COC=1C=C(ON1)C(=O)NC(C)C=2C=CC(=C(F)C2)N3C=CN=C3C,2.65,O=C(NCc1ccc(-n2ccnc2)cc1)c1ccno1
XS844962a,CCC=1N=CN=C(NC(C2=NC=CN2C)C=3C=CC=C(C3)OC)C1F,2.226,c1ccc(C(Nc2ccncn2)c2ncc[nH]2)cc1
XS599228b,CCC1=C(C=NN1C(C)(C)C)C(=O)N2CCC(C2)NC=3C=CC=CC3,0.808,O=C(c1cn[nH]c1)N1CCC(Nc2ccccc2)C1
XS838911b,CC(NC(=O)NCCNC(=O)C=1C=CC(Cl)=C(Cl)C1)C2CC2,0.514,O=C(NCCNC(=O)c1ccccc1)NCC1CC1
XS544665b,O=C(NCC(O)C1CC1)C=2C=CC3=C(C2)NC(=O)N3CC(F)(F)F,3.754,O=C(NCCC1CC1)c1ccc2[nH]c(=O)[nH]c2c1
XS844967a,CC(NC(=O)NCCCN1C=CC=N1)C=2C=CC=3OCC(=O)NC3C2,2.446,O=C1COc2ccc(CNC(=O)NCCCn3cccn3)cc2N1
XS844968a,CC1=CC(C)=C(CNC(=O)NCC(CO)CC=2C=CC=CC2)C(=O)N1,1.396,O=C(NCCCc1ccccc1)NCc1ccc[nH]c1=O
XS844978a,COC=1C=C2CCN(CC2=CC1OC)C(=O)NC3CCCCNC3=O,10.368,O=C1NCCCCC1NC(=O)N1CCc2ccccc2C1
XS844974a,COC=1C=CC=C2C(C)=C(OC12)C(=O)N3CCCC(CO)(C3)C(C)C,11.534,O=C(c1cc2ccccc2o1)N1CCCCC1
XS745907b,FC=1C=CC=CC1C2=NN=C3C=CC(=NN23)N4CCOC(C4)C(F)F,0.626,c1ccc(-c2nnc3ccc(N4CCOCC4)nn23)cc1
XS837288b,COC(C)(C)C(=O)OC(C)C(=O)N(CCC#N)C=1C=C(C)C=C(C)C1,0.47,c1ccccc1
XS844976a,CNC(=O)C1CCCCN1C(=O)C=2SC=3N=C(C)C=C(C)C3C2C,1.34,O=C(c1cc2cccnc2s1)N1CCCCC1
XS844975a,COCC1=C(OC=2C=CC=CC12)C(=O)NC(C)C=3C=CC(F)=C(F)C3,2.334,O=C(NCc1ccccc1)c1cc2ccccc2o1
XS838870b,CC1C=2C=CC=C(Br)C2CCN1CC(=O)NC=3C=CON3,3.312,O=C(CN1CCc2ccccc2C1)Nc1ccon1
XS840763b,COC=1C=CC(=CC1)C(C)C(=O)N(C)C=2C=CC(Br)=CN2,8.762,O=C(Cc1ccccc1)Nc1ccccn1
XS703595b,CCS(=O)(=O)C=1C=CC(=CC1)C(=O)N2CCCC2CN3C=CC=N3,12.7,O=C(c1ccccc1)N1CCCC1Cn1cccn1
XS839786b,CC1=CN=C(S1)C(C)NCC(=O)N2CCN(CC2)C=3C=NC=CN3,2.422,O=C(CNCc1nccs1)N1CCN(c2cnccn2)CC1
XS712338b,NC(=O)C1CCCN(C1)C(=O)C=2C=NN(C2)CC=3C=CC=CC3Cl,5.978,O=C(c1cnn(Cc2ccccc2)c1)N1CCCCC1
XS554642b,O=C(CCC=1C=CC(Cl)=CC1)N2CCCC(O)(CN3C=CN=N3)C2,1.392,O=C(CCc1ccccc1)N1CCCC(Cn2ccnn2)C1
XS837152b,CC(NC=1C=CC=2NC(=O)CCCC2C1)C3=NN=NN3C=4C=CC=CC4,3.088,O=C1CCCc2cc(NCc3nnnn3-c3ccccc3)ccc2N1
XS836795b,CC(CNS(=O)(=O)CC=1C=CC=CC1F)C2=NC=3C=CC=CC3O2,1.776,O=S(=O)(Cc1ccccc1)NCCc1nc2ccccc2o1
XS841012b,CN(CCOC=1C=CC(Cl)=CC1)C(=O)NC2CCS(=O)(=O)C2,5.06,O=C(NCCOc1ccccc1)NC1CCS(=O)(=O)C1
XS838392b,CC(NC=1C=C(Br)C=2OCCCOC2C1)C3=NC=CS3,1.186,c1csc(CNc2ccc3c(c2)OCCCO3)n1
XS844981a,CC=1C=C(N=C(N1)C=2C=CC=NC2)NC3CCN(CC(F)(F)F)C3=O,27.638,O=C1NCCC1Nc1ccnc(-c2cccnc2)n1
XS841386b,CN1CC(CNC1=O)OC(=O)CC2C=3C=CC=CC3OC=4C=CC=CC42,5.06,O=C1NCC(OC(=O)CC2c3ccccc3Oc3ccccc32)CN1
XS844980a,CC=1NC(C(=O)N2CCNC(=O)C2C(C)C)=C(C)C1C(=O)OC(C)C,5.16,O=C1CN(C(=O)c2ccc[nH]2)CCN1
XS006596d,O=C(NC1=NC(=CS1)C=2C=CC=CN2)C3CC=4C=CC=CC4C(=O)O3,5.578,O=C1OC(C(=O)Nc2nc(-c3ccccn3)cs2)Cc2ccccc21
XS844982a,CC=1C=CC(=CC1)S(=O)(=O)NCCC(=O)OC(C)C(=O)NC2CC2,0.55,O=C(COC(=O)CCNS(=O)(=O)c1ccccc1)NC1CC1
XS077403b,COC=1C=CC(Cl)=CC1NC(=O)CN2CCC=3SC=CC3C2C,6.432,O=C(CN1CCc2sccc2C1)Nc1ccccc1
XS550873b,O=C(C=1C=C(NN1)C2=CC=CO2)N3CCC(C(F)(F)F)C4(CCC4)C3,4.426,O=C(c1cc(-c2ccco2)[nH]n1)N1CCCC2(CCC2)C1
XS844988a,COC=1C=CC(CCC(=O)NC2CCC=3C=CC=CC32)=C(OC)C1OC,1.056,O=C(CCc1ccccc1)NC1CCc2ccccc21
XS389143b,CC(C1=NC=2C=CC=CC2C(=O)N1)N3CCN(CC3)C=4C=CC(O)=CC4,4.858,O=c1[nH]c(CN2CCN(c3ccccc3)CC2)nc2ccccc12
XS577261b,CCC1=CC=C(O1)C2CCCCCN2C(=O)C3=CC=NN3CC(F)F,5.252,O=C(c1ccn[nH]1)N1CCCCCC1c1ccco1
XS840374b,CC=1C=C2OC=C(CC(=O)N(C3CCS(=O)(=O)C3)N(C)C)C2=CC1C,7.864,O=C(Cc1coc2ccccc12)NC1CCS(=O)(=O)C1
XS794118b,CC(C(=O)NC=1C=CC=CC1Cl)N2CCN(CC2)C(=O)C3=CC=CO3,2.158,O=C(CN1CCN(C(=O)c2ccco2)CC1)Nc1ccccc1
XS844991a,CC=1C=C(N=C(O)N1)C(=O)NC(C2=NC(=NO2)C(C)C)C3CCOCC3,1.988,O=C(NC(c1ncno1)C1CCOCC1)c1ccncn1
XS844998a,NC(=O)C1=CC(=CN1)C(=O)N2CCCC3(CCCN3C(=O)C4CCC4)C2,3.696,O=C(c1cc[nH]c1)N1CCCC2(CCCN2C(=O)C2CCC2)C1
XS844995a,ClC=1C=CC=CC1C(CNC2=NC=3C=CC=CC3O2)N4CCOCC4,1.542,c1ccc(C(CNc2nc3ccccc3o2)N2CCOCC2)cc1
XS839541b,FC(F)(F)C1(CCN(C1)C=2C=CC=CN2)C3=NC(CN4C=NC=N4)=NO3,1.526,c1ccc(N2CCC(c3nc(Cn4cncn4)no3)C2)nc1
XS496731b,O=C(CC1=NNC(=O)C=2C=CC=CC12)N3CCCC3CC=4C=CC=C(F)C4,6.686,O=C(Cc1n[nH]c(=O)c2ccccc12)N1CCCC1Cc1ccccc1
XS621776b,O=C(NCC1CCN(CC(F)(F)F)C1)C2=CSC(=N2)C=3C=COC3,1.528,O=C(NCC1CCNC1)c1csc(-c2ccoc2)n1
XS838766b,CC(NC=1C=NN(C1)CCN2CCOC2=O)C3=CC(=NN3)C(F)(F)F,1.752,O=C1OCCN1CCn1cc(NCc2ccn[nH]2)cn1
XS840561b,COC(=O)C(CC=1C=CC(F)=CC1)NC=2C=CC(=CC2)NS(C)(=O)=O,4.974,c1ccc(CCNc2ccccc2)cc1
XS844997a,CCNC(=O)NC(=O)CN1CCN(CC1)C(=O)CC(C)C=2C=CC=CC2,10.004,O=C(CCc1ccccc1)N1CCNCC1
XS841552b,COC1(CS(=O)(=O)N2CC3(CCC3)C2C=4C=CC=NC4)CCOCC1,7.77,O=S(=O)(CC1CCOCC1)N1CC2(CCC2)C1c1cccnc1
XS844999a,CC1=NC(=CS1)COC=2C=CC(=CC2)C(=O)OC(C)C(=O)NC3CC3,5.576,O=C(COC(=O)c1ccc(OCc2cscn2)cc1)NC1CC1
XS839194b,COC=1N=C(C=CC1CS(=O)(=O)C(C)C2=NN=CN2C)C(F)(F)F,1.198,O=S(=O)(Cc1cccnc1)Cc1nnc[nH]1
XS844993a,O=C(NC(CN1CCCC1)C=2C=CC=CC2)C=3C=CC=C(Cl)C3Cl,35.726,O=C(NC(CN1CCCC1)c1ccccc1)c1ccccc1
XS845000a,CCC(CC)N(CC(=O)NC1CCS(=O)(=O)C1)C=2C=CC(C)=C(C)C2,2.21,O=C(CNc1ccccc1)NC1CCS(=O)(=O)C1
XS845015a,O=C(NC=1C=CC=2OC(F)(F)OC2C1)C3CC(=O)N(CC=4C=CC=CC4)C3,11.904,O=C(Nc1ccc2c(c1)OCO2)C1CC(=O)N(Cc2ccccc2)C1
XS845005a,COC=1C=CC(=CC1F)C(C)NC(=O)C=2SC=3N=C(C)N=C(C)C3C2C,2.116,O=C(NCc1ccccc1)c1cc2cncnc2s1
XS845004a,CC=1C=CC(=CC1)CC2=NC(=CS2)C(=O)NC3CCOC4(CCCC4)C3,0.832,O=C(NC1CCOC2(CCCC2)C1)c1csc(Cc2ccccc2)n1
XS845007a,O=C(NC1CS(=O)(=O)CC=2C=CC=CC21)C=3C=CC(=NC3)C(F)(F)F,3.972,O=C(NC1CS(=O)(=O)Cc2ccccc21)c1cccnc1
XS837833b,O=C(O)C1C=2C=CC=CC2OCCN1C(=O)C3=CC(=CS3)C(F)(F)F,1.03,O=C(c1cccs1)N1CCOc2ccccc2C1
XS845002a,CCOC(=O)C1=C(CSC2=NC=3C=CC=CC3N2CC)NC(=O)NC1C,3.584,O=C1NCC=C(CSc2nc3ccccc3[nH]2)N1
XS700076b,O=C(NCC1CCN(C1)C=2C=CC=CC2)C3CCN(CC(F)(F)F)CC3,1.794,O=C(NCC1CCN(c2ccccc2)C1)C1CCNCC1
XS836584b,O=C1C(Cl)=C(C=NN1C=2C=CC=CC2)NCC3COC=4C=CC=CC4C3,9.932,O=c1cc(NCC2COc3ccccc3C2)cnn1-c1ccccc1
XS845003a,COCC1=NN2CCCC(NS(=O)(=O)CC=3C(F)=CC=CC3F)C2=N1,0.516,O=S(=O)(Cc1ccccc1)NC1CCCn2ncnc21
XS845011a,CCC=1C=CC(=CC1)C(C)NC(=O)CN(C)CC(=O)NC=2C=CC=C(F)C2,1.366,O=C(CNCC(=O)Nc1ccccc1)NCc1ccccc1
XS845006a,CC=1C=CC=C(C1)NC(=O)COC(=O)C=2C=CC(=CC2)OCC3CCCO3,2.1,O=C(COC(=O)c1ccc(OCC2CCCO2)cc1)Nc1ccccc1
XS675844b,CC=1C=CC(F)=C(C1)C(=O)N2CCOCC2C3=NOC(=N3)C=4C=NN(C)C4,42.972,O=C(c1ccccc1)N1CCOCC1c1noc(-c2cn[nH]c2)n1
XS840918b,CC1CN(CCN1C=2C=CC(=CC2)C(F)(F)F)C(=O)C=3C=COC3CN,0.786,O=C(c1ccoc1)N1CCN(c2ccccc2)CC1
XS841303b,CC(NCC=1C=CN=C(C1)OCC2CC2)C=3C=CC=C(C3)N4CCOC4=O,1.526,O=C1OCCN1c1cccc(CNCc2ccnc(OCC3CC3)c2)c1
XS741490b,CC1=NN(CC(=O)NC2CCC(C)(C)C=3C=CC=CC32)C(=O)C=4C=CC=CC14,2.856,O=C(Cn1ncc2ccccc2c1=O)NC1CCCc2ccccc21
XS845013a,O=C(CN1C=CC=NC1=O)NC(C=2C=CC(Br)=CC2)C3CCC3,19.324,O=C(Cn1cccnc1=O)NC(c1ccccc1)C1CCC1
XS845021a,CC1=C(C=NN1C2CCOCC2)C(=O)N3CCC(C3)NC=4C=CC=C(C#N)C4,1.62,O=C(c1cnn(C2CCOCC2)c1)N1CCC(Nc2ccccc2)C1
XS845026a,CCC(NC(=O)CCNC1=NS(=O)(=O)C=2C=CC=CC12)C=3C=CC(C)=CC3,1.798,O=C(CCNC1=NS(=O)(=O)c2ccccc21)NCc1ccccc1
XS845022a,COC=1C=CC(=CC1S(=O)(=O)N(C)C)C(=O)NC(C)C=2C=CC(F)=CC2,3.112,O=C(NCc1ccccc1)c1ccccc1
XS838910b,O=S(=O)(NCC=1C=C(ON1)C=2C=CC=3OCCOC3C2)C4CCCNC4,1.958,O=S(=O)(NCc1cc(-c2ccc3c(c2)OCCO3)on1)C1CCCNC1
XS838709b,C1=CN(CC=2N=C(CC3CCC43CCC4)N(N2)C=5C=CC=C6C=NC=CC56)N=C1,0.594,c1cc(-n2nc(Cn3cccn3)nc2CC2CCC23CCC3)c2ccncc2c1
XS696059b,O=S(=O)(NCC(C1=CC=CS1)N2CCOCC2)C=3C=CC(Cl)=CC3,3.99,O=S(=O)(NCC(c1cccs1)N1CCOCC1)c1ccccc1
XS845025a,CCN(CC)S(=O)(=O)C=1C=C(C=CC1C)C(=O)N2CCCC(C2)C(N)=O,2.598,O=C(c1ccccc1)N1CCCCC1
XS845018a,CC1(C)C(=O)NCCN1C(=O)C2CCCN(C2)C(=O)CCOC=3C=CC=CC3,6.666,O=C1CN(C(=O)C2CCCN(C(=O)CCOc3ccccc3)C2)CCN1
XS845016a,N#CC(CC=1C=CC=CC1)NC(=O)C=2C=CC=C(C2)N3N=CC=C3C(F)(F)F,0.402,O=C(NCCc1ccccc1)c1cccc(-n2cccn2)c1
XS752918b,O=C(CN1CCCC=2C=CC=CC21)N(C3CCCC3)C4CCS(=O)(=O)C4,2.708,O=C(CN1CCCc2ccccc21)N(C1CCCC1)C1CCS(=O)(=O)C1
XS838673b,COC(=O)C=1OC=CC1CN(C2=NN=C(O2)C3(C)CC3)C(C)C=4C=CC=CN4,0.896,c1ccc(CN(Cc2ccoc2)c2nnc(C3CC3)o2)nc1
XS147555b,COC=1C=CC(=C(C1)OC)C2CCCN2C(=O)C=3C=CC(=CC3)N4C=CC=N4,6.056,O=C(c1ccc(-n2cccn2)cc1)N1CCCC1c1ccccc1
XS837004b,COC=1C=CC=CC1OCC2=NN=C(N3CC(C3)OC(C)C(F)(F)F)N2C,1.356,c1ccc(OCc2nnc(N3CCC3)[nH]2)cc1
XS845019a,CCOC(=O)C1=C(COC(=O)C=2C=CC=3OCCOC3C2)NC(=O)NC1C,3.806,O=C1NCC=C(COC(=O)c2ccc3c(c2)OCCO3)N1
XS134240b,COC=1C=C(C#N)C=CC1OCC(=O)N2CCCC2C=3C=CC=4OCCOC4C3,7.67,O=C(COc1ccccc1)N1CCCC1c1ccc2c(c1)OCCO2
XS841512b,CC=1C=C(N(C)N1)N2CCCC(C2)NS(=O)(=O)C=3C=C4C=NNC4=CC3C,2.12,O=S(=O)(NC1CCCN(c2ccn[nH]2)C1)c1ccc2[nH]ncc2c1
XS840339b,O=C(NCC1=NC=2C(=CN=C3C=CC=CC23)N1)C4CC=5C(F)=CC=CC5C(=O)O4,5.622,O=C1OC(C(=O)NCc2nc3c(cnc4ccccc43)[nH]2)Cc2ccccc21
XS839878b,CC(C)C1CN(CCCO1)C(=O)NC=2C=CC(CS(C)(=O)=O)=C(Cl)C2,1.498,O=C(Nc1ccccc1)N1CCCOCC1
XS845033a,CC1=C(C=NN1C2CCCC2)NC(=O)C3(C)CCCN(C3)C(=O)C=4C=CC=CC4,18.394,O=C(Nc1cnn(C2CCCC2)c1)C1CCCN(C(=O)c2ccccc2)C1
XS837491b,CC=1C=NN(C1)CC2CN(CCO2)C=3C=CC(=CN3)S(=O)(=O)NCC4CC4,0.398,O=S(=O)(NCC1CC1)c1ccc(N2CCOC(Cn3cccn3)C2)nc1
XS836481b,CC(NS(=O)(=O)C=1C(F)=CC=CC1[N+]([O-])=O)C2=CN(N=N2)C=3C=CC=CC3,2.044,O=S(=O)(NCc1cn(-c2ccccc2)nn1)c1ccccc1
XS841563b,CC(NC(=O)NC=1C=CC=C2CN(CC(F)(F)F)CC12)C3=NN=NN3C4CC4,1.072,O=C(NCc1nnnn1C1CC1)Nc1cccc2c1CNC2
XS837178b,O=C(CN1CCC=2C=C(Br)C=C(F)C21)NC3CCS(=O)(=O)C3,2.332,O=C(CN1CCc2ccccc21)NC1CCS(=O)(=O)C1
XS845041a,CCOC=1C=CC=CC1NC(=O)CN2CCCC2C=3C=CC=4OCCCOC4C3,17.456,O=C(CN1CCCC1c1ccc2c(c1)OCCCO2)Nc1ccccc1
XS845034a,COC(=O)C(C=1C=CC(F)=CC1)N2CCN(CC2)C(=O)NC=3C=CC(F)=CC3,2.364,O=C(Nc1ccccc1)N1CCN(Cc2ccccc2)CC1
XS845037a,O=C(C1=NC=C2C(F)=CC=CN12)N3CCN(CC(O)COC=4C=CC=CC4)CC3,1.186,O=C(c1ncc2ccccn12)N1CCN(CCCOc2ccccc2)CC1
XS845038a,O=C(C1=CN2CCOCC2=C1)N3CCC(C3)NC=4C=CC=C(Br)C4,1.222,O=C(c1cc2n(c1)CCOC2)N1CCC(Nc2ccccc2)C1
XS842638b,CN(C(C=1C=CC=CC1)C=2C=CC=CN2)S(=O)(=O)C=3C=CC(F)=C(F)C3F,2.824,O=S(=O)(NC(c1ccccc1)c1ccccn1)c1ccccc1
XS840872c,CC1=CN=C(CN(C)C(C=2N=CN(C)N2)C3=NN=NN3CCC=4C=CC=C(F)C4)O1,1.144,c1ccc(CCn2nnnc2C(NCc2ncco2)c2nc[nH]n2)cc1
XS845043a,CCN1C(=NC=2C=C(C=CC21)S(N)(=O)=O)SC(CC=3C=CC=CC3)C(=O)OC,6.626,c1ccc(CCSc2nc3ccccc3[nH]2)cc1
XS845055a,COC=1C=CC(=CC1F)C(C)NC(=O)CC2=CSC(=N2)NC(=O)C=3C=COC3C,7.314,O=C(Cc1csc(NC(=O)c2ccoc2)n1)NCc1ccccc1
XS841375b,COC=1C=C(C(=O)N2CCN(CC2)C(=O)C(C)OC)N(N1)C=3N=CC=CC3Cl,1.924,O=C(c1ccnn1-c1ccccn1)N1CCNCC1
XS845058a,CC=1C=CC(OC(C)C(=O)N2CCN(CC2)C3=NC=CS3)=C(Br)C1,6.164,O=C(COc1ccccc1)N1CCN(c2nccs2)CC1
XS845047a,CC(NC(=O)CCN1C=NC=2SC=CC2C1=O)C=3C=CC=CC3Br,1.72,O=C(CCn1cnc2sccc2c1=O)NCc1ccccc1
XS845056a,CC(C)(C)C(CN1CCC=2C=CC=CC2C1)NC(=O)CN3C(=O)COC=4C=CC=CC43,0.856,O=C(CN1C(=O)COc2ccccc21)NCCN1CCc2ccccc2C1
XS845054a,CC1=C(C=NN1C=2C=CC(=O)NN2)C(=O)NC(CN3CCCC3=O)C=4C=CC=CC4,7.042,O=C(NC(CN1CCCC1=O)c1ccccc1)c1cnn(-c2ccc(=O)[nH]n2)c1
XS845050a,COC=1C=C(C=C(Cl)C1OC(C)C)C(=O)NC(C)C=2C=CC(=CC2)N3C=CN=C3,2.742,O=C(NCc1ccc(-n2ccnc2)cc1)c1ccccc1
XS606111b,COC=1C=CC=CC1NC(=O)C(C)S(=O)(=O)CC=2C=CC(Cl)=C(Cl)C2,8.254,O=C(CS(=O)(=O)Cc1ccccc1)Nc1ccccc1
XS845052a,CC(NC1=NS(=O)(=O)C=2C=CC=CC12)C(=O)NCCC=3C=CC=4OCCOC4C3,16.994,O=C(CNC1=NS(=O)(=O)c2ccccc21)NCCc1ccc2c(c1)OCCO2
XS845059a,COC=1C=CC(=CC1)N2CCN(CC2)C(=O)C(NC(=O)C3=CC=CS3)C(C)C,2.704,O=C(NCC(=O)N1CCN(c2ccccc2)CC1)c1cccs1
XS838032b,CC(CO)(NC(=O)NC1=NN(C=2C=CC(F)=CC2)C=3CCCC13)C=4C=CC=C(O)C4,2.156,O=C(NCc1ccccc1)Nc1nn(-c2ccccc2)c2c1CCC2
XS845044a,CCN1C(=O)N(CCC(=O)NC(CC(=O)OC)C=2C=CC(C)=CC2)C=3C=CC=CC31,5.242,O=C(CCn1c(=O)[nH]c2ccccc21)NCc1ccccc1
XS845048a,CCN1C(=O)NC(C=2C=CC=C(Cl)C2Cl)C(C(=O)NC=3C=C(C)ON3)=C1C,4.166,O=C1NC=C(C(=O)Nc2ccon2)C(c2ccccc2)N1
XS845051a,CC(CCC=1C=CC=CC1)NC(=O)C=2C=CC=C(C2)S(=O)(=O)N3CCOCC3,1.738,O=C(NCCCc1ccccc1)c1cccc(S(=O)(=O)N2CCOCC2)c1
XS845042a,CN1C=CN=C1C(NC(=O)CNC(=O)C=2C=CC=CC2Cl)C=3C=CC(Cl)=CC3,2.2,O=C(CNC(=O)c1ccccc1)NC(c1ccccc1)c1ncc[nH]1
XS841583b,O=S(=O)(C=1C=CC=C2N=CC=CC12)N(CC3CCCO3)C=4C=CC(Br)=CN4,2.546,O=S(=O)(c1cccc2ncccc12)N(CC1CCCO1)c1ccccn1
XS816834b,CC(C1=CC=2C=CC=CC2O1)N(C)C(=O)NC=3C=CC=C(C3)S(=O)(=O)NC(C)(C)C,0.798,O=C(NCc1cc2ccccc2o1)Nc1ccccc1
XS840402b,COC=1C=CC(=CC1S(N)(=O)=O)C(=O)OC(C)C(=O)NC=2C=CC=CC2OC(F)F,7.75,O=C(COC(=O)c1ccccc1)Nc1ccccc1
XS845068a,CCCCN1C(=NC=2C=C(C=CC21)S(N)(=O)=O)SCC(=O)N3CCCCC3C,2.708,O=C(CSc1nc2ccccc2[nH]1)N1CCCCC1
XS845061a,CNC(=O)C1CN(CC(=O)N2CCN(CC2)S(=O)(=O)C3=CC=C(Cl)S3)C=4C=CC=CC4O1,3.302,O=C(CN1CCOc2ccccc21)N1CCN(S(=O)(=O)c2cccs2)CC1
XS836526b,CC(C)N1C=C2CCC(CC2=N1)NS(=O)(=O)C=3C=C(Cl)C=CC3OCC(N)=O,2.858,O=S(=O)(NC1CCc2c[nH]nc2C1)c1ccccc1
XS845062a,CC1=CSC(CC(=O)N2CCN(CC(=O)N3N=C(CC3C4=CC=CO4)C5=CC=CS5)CC2)=N1,1.418,O=C(Cc1nccs1)N1CCN(CC(=O)N2N=C(c3cccs3)CC2c2ccco2)CC1
XS845066a,CN(C(=O)C=1C=C(N=C2C1C=NN2CC=3C=CC=NC3)C=4C=CC=NC4)C5CCSC5,0.478,O=C(NC1CCSC1)c1cc(-c2cccnc2)nc2c1cnn2Cc1cccnc1
XS845060a,CC(C1=NC=2C=CC=CC2S1)N3CCN(CCCCN4C(=O)C=5C=CC=CC5C4=O)CC3,1.832,O=C1c2ccccc2C(=O)N1CCCCN1CCN(Cc2nc3ccccc3s2)CC1
XS123953c,CC1=NN(C=2C=CC=CC2)C=3N=C(C4=CC=CS4)N(C)P(=S)(C13)N5CCOCC5,2.338,S=P1(N2CCOCC2)NC(c2cccs2)=Nc2c1cnn2-c1ccccc1
XS845065a,CC1=NC2=NC(=NN2C(C)=C1CCC(=O)NCC3COC=4C=CC=CC4O3)C(F)(F)F,1.526,O=C(CCc1cnc2ncnn2c1)NCC1COc2ccccc2O1
XS845069a,O=C(NC=1C=CC=CC1O)C2CCCN(C2)S(=O)(=O)C=3C=CC(Br)=CC3,10.266,O=C(Nc1ccccc1)C1CCCN(S(=O)(=O)c2ccccc2)C1
XS604248b,CC=1N=C(C)N(N1)C(C)CC(=O)N2CCN(CC2)S(=O)(=O)C=3C(C)=CC(C)=CC3C,2.866,O=C(CCn1cncn1)N1CCN(S(=O)(=O)c2ccccc2)CC1
XS838727b,CC1=NSC=C1C(=O)N2CC(NC(=O)C=3C=C(C=4C=CC(F)=CC4)N(C)N3)C5(CC5)C2,0.954,O=C(NC1CN(C(=O)c2cnsc2)CC12CC2)c1cc(-c2ccccc2)[nH]n1
XS838755b,CC(NC(=O)C=1C=NSC1)C=2C=CC=3CN(CC3C2)C(=O)C=4C=CC=C5C4N=CN5C,2.762,O=C(NCc1ccc2c(c1)CN(C(=O)c1cccc3[nH]cnc13)C2)c1cnsc1
XS845073a,CNC(=O)CN(CC1CCN(C1)S(C)(=O)=O)C(=O)C2=CC=C(O2)C3=CC=CS3,13.178,O=C(NCC1CCNC1)c1ccc(-c2cccs2)o1
XS845075a,CCC(=O)N1CCCC1C=2C=CC(=CC2)OC,1.008,c1ccc(C2CCCN2)cc1
XS845086a,CC1CCCCN1C(=O)CN2C=NN=N2,4.566,O=C(Cn1cnnn1)N1CCCCC1
XS838054b,FC=1N=CC(Cl)=C(N1)NC2CC=CCC2,1.182,C1=CCC(Nc2ccncn2)CC1
XS845081a,CCC(COC)N1C=C(N=N1)C=2C=CC=NC2,5.344,c1cncc(-c2c[nH]nn2)c1
XS841102b,CC#CC(=O)N1CC(CC(F)(F)C1)C(=O)OC,5.142,C1CCNCC1
XS845079a,CC1CCCN(C1)C(=O)C=2C=CC=NC2,0.876,O=C(c1cccnc1)N1CCCCC1
XS845085a,CC(C#N)(NC(=O)CNC=1C=CC=CC1)C2CC2,4.428,O=C(CNc1ccccc1)NCC1CC1
XS845088a,CCC(C)(C#N)NC(=O)C=1C=CC=2OCOC2C1,0.706,c1ccc2c(c1)OCO2
XS845077a,O=C(NC=1C=CC=C2C=NC=CC12)C3CCCO3,2.596,O=C(Nc1cccc2cnccc12)C1CCCO1
XS838602b,CC(C(N)=O)N1C=C(C=N1)C2=NC=CS2,4.258,c1csc(-c2cn[nH]c2)n1
XS839473b,CC1(C)CC2(CC2NC3=NC(C#N)=CO3)C1,0.534,c1coc(NC2CC23CCC3)n1
XS841077b,CC(NCC=1C=CSC1)C2=CC=C(C#N)S2,0.8,c1csc(CNCc2ccsc2)c1
XS839460b,CC=1C=CC=2OCC(CC2C1)NC3=NC=NS3,1.362,c1ccc2c(c1)CC(Nc1ncns1)CO2
XS841182b,O=C1CSC(CN1)C=2C=CC=CC2,2.18,O=C1CSC(c2ccccc2)CN1
XS845078a,CCC(C)NC=1N=CN=C2SC(C)=C(C)C12,1.144,c1ncc2ccsc2n1
XS845084a,CN(CC=1C=NN(C)C1)C(=O)C2CCC(=O)NC2,1.362,O=C1CCC(C(=O)NCc2cn[nH]c2)CN1
XS845074a,CC(C)N1C=CC(=N1)C(=O)NCC2CCCO2,0.65,O=C(NCC1CCCO1)c1cc[nH]n1
XS845093a,NC=1N=CC=NC1C(=O)NC2CCCC=3C=CC=CC32,2.348,O=C(NC1CCCc2ccccc21)c1cnccn1
XS838445b,NC=1C=CC(=CC1)CC2=NC(=CS2)C3CC3(F)F,1.968,c1ccc(Cc2nc(C3CC3)cs2)cc1
XS845102a,CCNC(=O)NC(C)C=1C=C(C=CC1OC)OC,1.018,c1ccccc1
XS845100a,CC(CN1C=CC=N1)NS(=O)(=O)C=2C=CC=CC2,1.122,O=S(=O)(NCCn1cccn1)c1ccccc1
XS548063b,O=C(NC=1C=CC(=CC1)C2=CN=CO2)C3CNC(=O)C3,3.05,O=C1CC(C(=O)Nc2ccc(-c3cnco3)cc2)CN1
XS717961b,O=C(CN1CCCC1=O)NC2CCC=3C=CC=CC32,1.452,O=C(CN1CCCC1=O)NC1CCc2ccccc21
XS845096a,O=C(C1CC=2C=CC=CC2S1)N3CCNC(=O)C3,9.678,O=C1CN(C(=O)C2Cc3ccccc3S2)CCN1
XS845090a,CN1CCC(C1=O)N2CCN(C)C=3C=CC=CC3C2,1.634,O=C1NCCC1N1CCNc2ccccc2C1
XS469608b,CC1=COC(C)=C1C(=O)N2CCCC2C=3C=CC=NC3,7.58,O=C(c1ccoc1)N1CCCC1c1cccnc1
XS845092a,CC=1C=CN=C(N1)N2CCC(O)(CN3C=CN=N3)C2,1.456,c1cnc(N2CCC(Cn3ccnn3)C2)nc1
XS838104b,CC(NC=1C=CC=C2NN=CC12)C=3C=CC=CC3F,2.084,c1ccc(CNc2cccc3[nH]ncc23)cc1
XS845098a,CC(=O)NC(C)C(=O)NC=1C=CC=2OCCOC2C1,5.098,c1ccc2c(c1)OCCO2
XS693431b,CC(NC(=O)C1=CC=CO1)C=2C=CC=3OCOC3C2,0.536,O=C(NCc1ccc2c(c1)OCO2)c1ccco1
XS845089a,O=C(NCC=1C=CC=CN1)C2CC=3C=CC=CC3O2,1.512,O=C(NCc1ccccn1)C1Cc2ccccc2O1
XS845091a,CC(C)CC(O)CNC(=O)CN1C=C(N=N1)C2CC2,1.288,c1[nH]nnc1C1CC1
XS794653b,CN1CC(CCC1=O)NC=2C=NN(C)C(=O)C2Cl,2.536,O=C1CCC(Nc2cn[nH]c(=O)c2)CN1
XS841451b,FC(F)(F)C1CCC2=NN=C(C=3N=CNN3)N2CC1,6.664,c1nc(-c2nnc3n2CCCCC3)n[nH]1
XS845104a,CN1N=CC=C1C(=O)N2CCCC2C=3C=CC=NC3,2.632,O=C(c1ccn[nH]1)N1CCCC1c1cccnc1
XS845097a,CCCC(C)(O)CNC(=O)C=1N=CN=C2NC=CC12,11.004,c1ncc2cc[nH]c2n1
XS836839b,CC(C=1C=NC=CN1)N2CC3(CC3)C=4C=CC=CC42,1.408,c1ccc2c(c1)N(Cc1cnccn1)CC21CC1
XS845094a,O=C(NC=1C=CC=NC1)NC(C=2C=CC=CC2)C3CC3,0.922,O=C(Nc1cccnc1)NC(c1ccccc1)C1CC1
XS845115a,O=C(O)C1CCCN1C(=O)C2=CC=3C=CC=CC3S2,14.728,O=C(c1cc2ccccc2s1)N1CCCC1
XS845114a,CCN1CC(CC1=O)C(=O)NCCC=2C=CC(F)=CC2,3.024,O=C1CC(C(=O)NCCc2ccccc2)CN1
XS837275b,CC(C=1C=CC=CC1)N2N=C3CCC=4C=CC=C(C2=O)C43,3.82,O=c1c2cccc3c2c(nn1Cc1ccccc1)CC3
XS845108a,CC1CCCN(C1)C(=O)COC=2N=CN=C3C=CC=CC23,1.3,O=C(COc1ncnc2ccccc12)N1CCCCC1
XS836787b,O=C1C=2C=CC=CC2C3(NCCN13)C=4C=CC(Cl)=CC4,3.282,O=C1c2ccccc2C2(c3ccccc3)NCCN12
XS845110a,CC1=NN(C)C(C)=C1CC(=O)NC(C)C2=CC=CS2,0.5,O=C(Cc1cn[nH]c1)NCc1cccs1
XS839268b,CC(C)(C)OC(=O)C1CCCN1C2=CC(F)=NNC2=O,3.2,O=c1[nH]nccc1N1CCCC1
XS837538b,C#CC(CC=1C=CC(F)=CC1F)N(C)C2=NC=NS2,2.504,c1ccc(CCNc2ncns2)cc1
XS838375b,CC1=NN(C(=O)C=2N=C(N)SC12)C(C)C=3C=CC=CC3,2.136,O=c1c2ncsc2cnn1Cc1ccccc1
XS841800b,CN1CC2CN(CCN2C1=O)C(=O)NC=3C=CC=CC3,9.43,O=C(Nc1ccccc1)N1CCN2C(=O)NCC2C1
XS845106a,NC(C(=O)N(CC=1C=CC=CC1)C2CC2)C=3C=CC=CC3,0.45,O=C(Cc1ccccc1)N(Cc1ccccc1)C1CC1
XS845112a,COC=1C=CC=CC1C(C)NC(=O)C=2C=CC(=O)NN2,2.156,O=C(NCc1ccccc1)c1ccc(=O)[nH]n1
XS845111a,O=S1(=O)CCC(C1)C2=NN=C(NC3CCCCC3)O2,0.458,O=S1(=O)CCC(c2nnc(NC3CCCCC3)o2)C1
XS845117a,O=C(C1=NNC=2CCCC12)N3CCCC3C=4C=CC=NC4,0.436,O=C(c1n[nH]c2c1CCC2)N1CCCC1c1cccnc1
XS837427b,CN1C=CSC1=NC(=O)C2COC=3C=CC=CC3O2,5.968,O=C(N=c1[nH]ccs1)C1COc2ccccc2O1
XS841922b,OCC1COCCN(C1)C2=NC(=NO2)C=3C=CC=CC3,11.96,c1ccc(-c2noc(N3CCCOCC3)n2)cc1
XS845113a,COC=1C=CC=CC1C(C)NC(=O)C=2C=CC=C(C#N)C2,2.348,O=C(NCc1ccccc1)c1ccccc1
XS845109a,CC(C)C(CO)CNC(=O)C=1SN=C(O)C1Cl,0.556,c1cnsc1
XS845130a,CC(=O)N1CCCC1CNC(=O)C=2C=NC=3C=COC3C2,13.6,O=C(NCC1CCCN1)c1cnc2ccoc2c1
XS845126a,CC1=NOC=2N=CN=C(NC3CCCC=4C(O)=CC=CC43)C12,2.462,c1ccc2c(c1)CCCC2Nc1ncnc2oncc12
XS840370b,CNC(=O)NC(=O)C(C)OC=1C=C(C=CC1OC)[N+]([O-])=O,4.026,c1ccccc1
XS817169b,COC=1C=CC(C)=CC1CC(=O)NC2CCC=3C=CC=CC32,1.736,O=C(Cc1ccccc1)NC1CCc2ccccc21
XS413443b,NC(=O)C=1C=CC(=CC1)C(=O)N2CCCC2C=3C=CC=CC3,5.428,O=C(c1ccccc1)N1CCCC1c1ccccc1
XS845124a,CCN1C=C(C=N1)NC(C)C(=O)NC=2C=C(F)C=CC2C,2.804,O=C(CNc1cn[nH]c1)Nc1ccccc1
XS839850b,CCC(C(N)=O)N(C)CC1=CC(Br)=CS1,0.614,c1ccsc1
XS845125a,CC=1C=CC=2NC(=NC2C1)SC(C)C(=O)N3CCCC3,2.08,O=C(CSc1nc2ccccc2[nH]1)N1CCCC1
XS845123a,COC(=O)C(C)C=1C(C)=NN(CC=2C=CC=C(C#N)C2)C1C,0.476,c1ccc(Cn2cccn2)cc1
XS845127a,O=C(NCCC=1C=CC=CC1)NC(C=2C=CC=CC2)C3CC3,3.208,O=C(NCCc1ccccc1)NC(c1ccccc1)C1CC1
XS845122a,CN1C=C(C(=O)NC2CCS(=O)(=O)C2)C=3C=CC=CC31,2.9,O=C(NC1CCS(=O)(=O)C1)c1c[nH]c2ccccc12
XS845131a,CC(=O)N1CCN(CC1)C(C)C(=O)NC=2C=CC(F)=CC2,0.97,O=C(CN1CCNCC1)Nc1ccccc1
XS837534b,COC=1N=C(C)C=C(CS(=O)(=O)C(CO)C(C)C)N1,3.534,c1cncnc1
XS839297b,CCC(C)N1N=C(C=C1C)NC=2C=NC(=CN2)C(=O)OC,1.146,c1cnc(Nc2cc[nH]n2)cn1
XS836911b,NC1=C(SC=2C=CC=NC12)C(=O)N3CCC(O)(CO)C3,2.88,O=C(c1cc2ncccc2s1)N1CCCC1
XS845132a,O=C(CN1C=NN=N1)N2CCCC2C=3C=CC=C(Cl)C3,9.848,O=C(Cn1cnnn1)N1CCCC1c1ccccc1
XS845135a,CC1=NC(=NO1)C2CCCN(C2)C(=O)CC=3C=CC(C)=NC3,4.562,O=C(Cc1cccnc1)N1CCCC(c2ncon2)C1
XS838167b,COC(=O)C(CNC=1N=CC(C#N)=C(N)N1)C2CCOCC2,5.238,c1cnc(NCCC2CCOCC2)nc1
XS435667b,C1=CN=C(N=C1)N2CCCC(C2)C3=NN=C4CCCCCN34,4.2,c1cnc(N2CCCC(c3nnc4n3CCCCC4)C2)nc1
XS845141a,CNC(=O)C=1C=CC(=NC1)NC(=O)C(C)C=2C=CC=C(F)C2,3.488,O=C(Cc1ccccc1)Nc1ccccn1
XS845139a,CC(C)N1CCCC(C1=O)N2CCN(CC2)C=3C=CC=CC3,2.406,O=C1NCCCC1N1CCN(c2ccccc2)CC1
XS691076b,O=C(NC=1C=CC=NC1)C2CC(=O)N(C2)C=3C=CC=CC3F,11.136,O=C(Nc1cccnc1)C1CC(=O)N(c2ccccc2)C1
XS072577b,COC=1C=CC=CC1NC(=O)C(C)OC(=O)C2=CC=CS2,5.82,O=C(COC(=O)c1cccs1)Nc1ccccc1
XS845143a,O=C(NC=1C=CN=CC1)C=2C=CC=C(C2)OCC3CCCO3,7.058,O=C(Nc1ccncc1)c1cccc(OCC2CCCO2)c1
XS837544b,COCC1=CC(=CS1)C=2C=CC=3OCC(CC3C2)C(=O)O,10.976,c1cc(-c2ccc3c(c2)CCCO3)cs1
XS766537b,CN1C(=O)CCC1C(=O)NC=2C=CC=3CCN(C)C(=O)C3C2,1.72,O=C1CCC(C(=O)Nc2ccc3c(c2)C(=O)NCC3)N1
XS723715b,CC1=NOC(CCCC(=O)N2CCCC2CN3C=CC=N3)=N1,15.236,O=C(CCCc1ncno1)N1CCCC1Cn1cccn1
XS837707b,O=C(NC=1C=CC=C(C1)CC=2N=NNN2)C3CCCCS3,1.008,O=C(Nc1cccc(Cc2nn[nH]n2)c1)C1CCCCS1
XS845142a,CCCC1=CC(=NO1)C(=O)N2CCCC2C=3C=CC=CC3C,0.42,O=C(c1ccon1)N1CCCC1c1ccccc1
XS845157a,C1=CC(=NC(=N1)N2CCCC(C2)N3CCCC3)C4=CN=CC=N4,0.912,c1cnc(-c2ccnc(N3CCCC(N4CCCC4)C3)n2)cn1
XS663719b,COCC1=NC(=CS1)C(=O)N2CCCC2CN3C=CC=N3,1.242,O=C(c1cscn1)N1CCCC1Cn1cccn1
XS838609b,O=C(NC(C1CCC1)C(F)(F)F)C=2SN=C(O)C2Cl,0.86,O=C(NCC1CCC1)c1ccns1
XS845160a,CN1N=CC=2C(=NC=NC21)N3CCCC3CC=4C=CC(F)=CC4,2.336,c1ccc(CC2CCCN2c2ncnc3[nH]ncc23)cc1
XS845158a,O=C(C=1C=NN2CCCC12)N3CCOC=4C=CC=CC4C3CO,6.566,O=C(c1cnn2c1CCC2)N1CCOc2ccccc2C1
XS845162a,CN1C(=O)C=2NC(=NC2N(C)C1=O)N3CCCC(CCO)C3,1.372,O=c1[nH]c(=O)c2[nH]c(N3CCCCC3)nc2[nH]1
XS845154a,CC(OC(=O)C=1C2=CC=CC=C2N=C3CCCCCC13)C(N)=O,1.602,c1ccc2nc3c(cc2c1)CCCCC3
XS845156a,CNC(=O)NC(=O)C(C)OC(=O)C=1C=CC=C(C1)NC(C)=O,14.37,c1ccccc1
XS839313b,CN1C=C(N=N1)C=2C=CC=C(C2)NC3CCC=4C=CC(F)=CC43,3.824,c1cc(NC2CCc3ccccc32)cc(-c2c[nH]nn2)c1
XS845147a,CC1=NN2C=CC=NC2=C1C(=O)N3CCCC(C3)N4C=CC=N4,9.914,O=C(c1cnn2cccnc12)N1CCCC(n2cccn2)C1
XS845153a,CC1=CC=CC2=NC(=CN12)C(=O)N3CCOCC3C=4N=CON4,1.112,O=C(c1cn2ccccc2n1)N1CCOCC1c1ncon1
XS840303b,COC(=O)C1=CC=2C(=NC=NC2N1C)NC(C)CC=3C=CNC3,4.794,c1nc(NCCc2cc[nH]c2)c2cc[nH]c2n1
XS837535b,CC1CCC2=NN=C(C3=CN(CC=4C=CC=CC4)N=N3)N2CC1,7.0,c1ccc(Cn2cc(-c3nnc4n3CCCCC4)nn2)cc1
XS838086b,CC(C1=NN=NN1C2CC2)S(=O)(=O)C=3N=CC=CC3Cl,1.926,O=S(=O)(Cc1nnnn1C1CC1)c1ccccn1
XS845172a,CCCCCC(C)NC(=O)CS(=O)(=O)CC1=CC(C)=NO1,9.874,c1cnoc1
XS745840b,NC(=O)C1CCN(C1)C(=O)CN2N=C(OC2=O)C=3C=CC=CC3,6.178,O=C(Cn1nc(-c2ccccc2)oc1=O)N1CCCC1
XS838603b,CCOC(=O)C=1C=NC(=NC1C)N2NC(=O)CC(C)(CC)C2=O,3.102,O=C1CCC(=O)N(c2ncccn2)N1
XS845170a,O=C(NC=1C=CC=CC1F)C2CCCN(C2)C(=O)N3CCCC3,0.514,O=C(Nc1ccccc1)C1CCCN(C(=O)N2CCCC2)C1
XS845163a,COC(=O)CC(C)NC(=O)CN1N=NC(=N1)C=2C=CC(C)=CC2,1.928,c1ccc(-c2nn[nH]n2)cc1
XS845164a,CCNC(=O)N1CCCC(C1)C2=NC(=NO2)C=3C=CC=C(F)C3,0.628,c1ccc(-c2noc(C3CCCNC3)n2)cc1
XS838371b,COC(=O)CCN1CCC(OC=2C=CC=C3OC(C)=NC23)C1=O,4.626,O=C1NCCC1Oc1cccc2ocnc12
XS838701b,CC=1OC=NC1C2=CN(CC3=NC=4CCC(C)CC4S3)N=N2,0.978,c1nc(-c2cn(Cc3nc4c(s3)CCCC4)nn2)co1
XS839595b,CCC(C)(C)C1=NN=C(O1)N2CCC3=C(C=NN3C)C2C(N)=O,1.642,c1nnc(N2CCc3[nH]ncc3C2)o1
XS836915b,NC1=NC=2C=C(C=CC2O1)C(=O)N3CCC(O)(C3)C(F)(F)F,1.326,O=C(c1ccc2ocnc2c1)N1CCCC1
XS842088b,CNC(=O)C(C)S(=O)(=O)CC=1C=C(Cl)C=2OCOC2C1,12.586,c1ccc2c(c1)OCO2
XS845174a,CC1=CC=C(C(=O)NC(C=2C=CC=CC2)C=3C=CC=CN3)C(=O)N1,3.442,O=C(NC(c1ccccc1)c1ccccn1)c1ccc[nH]c1=O
XS336862b,CNC(=O)C1CCCCN1C(=O)C2=NNC(=O)C=3C=CC=CC23,2.176,O=C(c1n[nH]c(=O)c2ccccc12)N1CCCCC1
XS845167a,CCCCN1N=NN=C1CN2CCCC2C=3C=CC=C(C3)OC,1.256,c1ccc(C2CCCN2Cc2nnn[nH]2)cc1
XS845168a,CC1=NN(CC(=O)N2CCCC2C=3C=CC(C)=C(C)C3)C(=O)O1,1.81,O=C(Cn1ncoc1=O)N1CCCC1c1ccccc1
XS836493b,CC(NC(=O)NC=1C=NN2C=CC=NC12)C=3C(F)=CC=CC3F,2.636,O=C(NCc1ccccc1)Nc1cnn2cccnc12
XS845175a,O=C(NCC1CCN(C1)C=2C=CC(F)=CC2)C=3C=CC(O)=NC3,3.152,O=C(NCC1CCN(c2ccccc2)C1)c1cccnc1
XS665125b,CN1C=C(C=N1)CCNC(=O)N2CCCC2C=3C=CC(F)=CC3,2.214,O=C(NCCc1cn[nH]c1)N1CCCC1c1ccccc1
XS845171a,O=C(NC=1C=CC(F)=C(F)C1F)C2CC(=NO2)C=3C=CC=CC3,3.114,O=C(Nc1ccccc1)C1CC(c2ccccc2)=NO1
XS838545b,CN1C(=CC=2C=C(Cl)C=CC21)C3=NN=C(NC4CCOC4)O3,6.558,c1ccc2[nH]c(-c3nnc(NC4CCOC4)o3)cc2c1
XS836575b,C#CC(C)NS(=O)(=O)C=1C=CC=2CCN(CCC2C1)C(C)=O,1.43,c1ccc2c(c1)CCNCC2
XS841592b,O=C(C1=CC=CC2=NN=CN12)N3CC4(CCCC4)C3C5=CC=CO5,7.55,O=C(c1cccc2nncn12)N1CC2(CCCC2)C1c1ccco1
XS845185a,CC(C)NC(=O)C1CC(=O)N(C1)C=2C=CC(Br)=CC2,4.366,O=C1CCCN1c1ccccc1
XS576457b,CC1=CSC=C1NC(=O)NCC2CCCC=3SC(C)=NC32,0.802,O=C(NCC1CCCc2scnc21)Nc1ccsc1
XS540656b,COC=1C=CC(=CC1)C(CCO)NC2=NC(CC(C)C)=NS2,5.29,c1ccc(CNc2ncns2)cc1
XS845176a,CC(=O)NC1CCCN(C1)C(=O)CCCC=2C=C(C)SC2C,0.592,O=C(CCCc1ccsc1)N1CCCCC1
XS845182a,COC=1C=CC(=CC1OC)NC(=O)C2CC(=NO2)C=3C=CC=CC3,4.746,O=C(Nc1ccccc1)C1CC(c2ccccc2)=NO1
XS845184a,O=C(C1CC(=O)N(C1)C2CC2)N(CC3=CC=CO3)C=4C=CC=CN4,5.438,O=C(C1CC(=O)N(C2CC2)C1)N(Cc1ccco1)c1ccccn1
XS841070b,CN(CC1=CC=CO1)C(=O)COC(=O)CC(C)(O)C(F)(F)F,7.044,c1ccoc1
XS734383b,O=C(NC=1C=CC(F)=C(Cl)C1)C2CCCN(C2)C(=O)C3CC3,1.608,O=C(Nc1ccccc1)C1CCCN(C(=O)C2CC2)C1
XS842595b,O=C(OCC1CC=CCC1)C=2C=CC3=NS(=O)(=O)CCN3C2,0.728,O=C(OCC1CC=CCC1)C1=CN2CCS(=O)(=O)N=C2C=C1
XS839121b,CC(C)=CCC=1C=C(C=CC1F)C(=O)N2CCC(F)(C2)C(=O)O,3.242,O=C(c1ccccc1)N1CCCC1
XS749269b,CC1=NOC=2N=CC(=CC12)C(=O)NC(C)C=3C=CC=4OCOC4C3,19.158,O=C(NCc1ccc2c(c1)OCO2)c1cnc2oncc2c1
XS840942b,CCC(C)NC1=C(N=C2C=C3CCCOC3=CN12)C4=NN=CN4C,2.576,c1nnc(-c2cn3cc4c(cc3n2)CCCO4)[nH]1
XS845197a,CCC=1C=CC=C(C1)OCC(O)CN2N=C(OC2=O)C3=CC=CO3,2.406,O=c1oc(-c2ccco2)nn1CCCOc1ccccc1
XS781359b,O=C(NC1CCS(=O)(=O)C1)C2(CCC2)C=3C=CC=C(Cl)C3,2.5,O=C(NC1CCS(=O)(=O)C1)C1(c2ccccc2)CCC1
XS845194a,COC=1C=CC=C(C1)C2CCCN2CC3=CC(=O)N(C)C(=O)N3C,14.852,O=c1cc(CN2CCCC2c2ccccc2)[nH]c(=O)[nH]1
XS845189a,CC=1C=NN(C1)CCC(=O)NC2CCN(C2=O)C=3C=CC=CC3F,3.892,O=C(CCn1cccn1)NC1CCN(c2ccccc2)C1=O
XS718063b,CC(=O)NC=1C=CC=C(C1)C(=O)NC(C=2C=CC(F)=CC2)C(C)C,0.516,O=C(NCc1ccccc1)c1ccccc1
XS577008b,COCC1(CCCN1C(=O)C=2C=CC3=CC(C)=CC=C3N2)C(N)=O,7.628,O=C(c1ccc2ccccc2n1)N1CCCC1
XS839215b,CCC(O)(CN1C(=O)C(C#N)=C(C)N(C1=O)C2CC2)C(F)(F)F,9.728,O=c1ccn(C2CC2)c(=O)[nH]1
XS845202a,CC=1C=C(N2CCCC(C2)C3=NOC(=N3)C(C)C)N4N=CN=C4N1,1.526,c1cc(N2CCCC(c3ncon3)C2)n2ncnc2n1
XS845191a,CCNC(=O)CNC(=O)NC(C)C=1C=CC(=CC1)C=2C=CC=NC2,6.194,c1ccc(-c2cccnc2)cc1
XS845199a,CC(C)C1=NOC(=N1)C(C)S(=O)(=O)CC=2C=CC=C(Cl)C2,1.43,O=S(=O)(Cc1ccccc1)Cc1ncno1
XS845187a,C1=CN(CC2CCCN2CC3=CSC(=N3)C=4C=CSC4)N=C1,0.586,c1cnn(CC2CCCN2Cc2csc(-c3ccsc3)n2)c1
XS840475b,CCC(NC(=O)C=1C=C(C)C=CC1[N+]([O-])=O)C=2C(C)=NN(C)C2C,3.51,O=C(NCc1cn[nH]c1)c1ccccc1
XS836585b,COC(=O)C1=C(C)NC(C(=O)NC2(C)CCS(=O)(=O)C2)=C1C,5.066,O=C(NC1CCS(=O)(=O)C1)c1ccc[nH]1
XS845210a,CCN1C=C(C=N1)NC(=O)NC(C)C=2C=C(OC)C(=CC2C)OC,0.762,O=C(NCc1ccccc1)Nc1cn[nH]c1
XS845205a,O=C1COC=2C=CC=C(OCC(O)COC=3C=CC(F)=CC3)C2N1,10.424,O=C1COc2cccc(OCCCOc3ccccc3)c2N1
XS845207a,COC=1C=CC=CC1CN2C(=NC=3C=CC=CC32)C4CC(=O)N(C)C4,1.13,O=C1CC(c2nc3ccccc3n2Cc2ccccc2)CN1
XS845211a,CCN1C(=CN=C1SC(C)C(=O)NC(=O)NC)C=2C=CC=CC2,1.62,c1ccc(-c2cnc[nH]2)cc1
XS842679b,NC1=NC2=NC=3C=CC=CC3N2C(N1)C4=CN=C(S4)C5=CC=CO5,0.506,C1=Nc2nc3ccccc3n2C(c2cnc(-c3ccco3)s2)N1
XS796511b,CC(C)COC=1C=CC(=CC1)C(=O)OC(C)C(=O)NC2CCCC2,12.286,O=C(COC(=O)c1ccccc1)NC1CCCC1
XS582688b,O=C(C1CC=2C=C(Cl)C=CC2O1)N3CC(C3)C=4C=C(CO)ON4,6.848,O=C(C1Cc2ccccc2O1)N1CC(c2ccon2)C1
XS845208a,O=C(CC1=NNC(=O)C=2C=CC=CC12)NC3CCCC=4C=CC=CC43,3.374,O=C(Cc1n[nH]c(=O)c2ccccc12)NC1CCCc2ccccc21
XS837073b,CC=1C=C(Br)C=NC1NC(=O)C2CCS(=O)(=O)C2,9.458,O=C(Nc1ccccn1)C1CCS(=O)(=O)C1
XS845206a,CC(C)C(C)NC(=O)CN1C=2C=CC=C3C=CC=C(C23)S1(=O)=O,0.838,O=S1(=O)Nc2cccc3cccc1c23
XS845204a,COC=1C=CC(=C(C1)OC)C2CCCN2C(=O)C=3C=CC=C(C#N)C3,2.212,O=C(c1ccccc1)N1CCCC1c1ccccc1
XS837172b,CCC1CN(C)C=2C=CC=CC2CN1S(=O)(=O)CC=3C=CON3,0.494,O=S(=O)(Cc1ccon1)N1CCNc2ccccc2C1
XS149405b,O=C(CCC1=NC=C(O1)C=2C=CC=CC2)NC3CCC=4C=CC=CC43,5.452,O=C(CCc1ncc(-c2ccccc2)o1)NC1CCc2ccccc21
XS845209a,COC=1C=CC(=CC1OC)COCC(O)CN2C=C(N=N2)C3CC3,8.914,c1ccc(COCCCn2cc(C3CC3)nn2)cc1
XS845223a,O=C(C1=CC(=NN1C=2C=CC=CC2)C3=CC=CO3)N4CCCC(O)C4,1.682,O=C(c1cc(-c2ccco2)nn1-c1ccccc1)N1CCCCC1
XS839994b,COCC1=CN=C(NC(=O)N2CC3(CCCCC3)C2C(C)C)S1,3.156,O=C(Nc1nccs1)N1CC2(CCCCC2)C1
XS845219a,CC=1N=C(C)N(N1)C2CCCN(C2)C(=O)C=3C=NN4C=CC(C)=NC34,7.38,O=C(c1cnn2cccnc12)N1CCCC(n2cncn2)C1
XS845225a,CCOCCOC(C)C(=O)N1CCN(CC1)C(=O)C2=CC=C(C)O2,1.102,O=C(c1ccco1)N1CCNCC1
XS845216a,O=C(C1=CSC(=N1)C=2N=CC=CN2)N3CCCC(C3)N4C=CC=N4,0.902,O=C(c1csc(-c2ncccn2)n1)N1CCCC(n2cccn2)C1
XS838265b,CCC(C)CN(CC1=CC(C)=NN1)C=2C=C(N=CN2)S(C)(=O)=O,1.348,c1cc(NCc2ccn[nH]2)ncn1
XS840134b,CCC(OC=1C=CC=CC1C)C(=O)OC=2C=CC(=CC2)N3C=NN=N3,3.42,O=C(COc1ccccc1)Oc1ccc(-n2cnnn2)cc1
XS840788b,CC(C=1C=CN=CC1)N(C)CC(=O)NC=2C=CC=C(Cl)C2Cl,2.39,O=C(CNCc1ccncc1)Nc1ccccc1
XS841577b,COC=1C=C2NC3(CCC=4C=CC=CC4C3)N(C)C(=O)C2=CC1OC,5.6,O=C1NC2(CCc3ccccc3C2)Nc2ccccc21
XS840654b,CC1=CNC(=O)N1C=2C=CC(=CC2)C(C)NC(=O)CCC3=CC=CO3,1.104,O=C(CCc1ccco1)NCc1ccc(-n2cc[nH]c2=O)cc1
XS840417b,CCC(C)NC(=O)CS(=O)(=O)CC1=NN=NN1C=2C=CC=CC2,2.29,c1ccc(-n2cnnn2)cc1
XS840184b,CC1=NOC=C1NC(=O)N2CCCC2(C)CC3=CC=C(Cl)S3,0.364,O=C(Nc1cnoc1)N1CCCC1Cc1cccs1
XS722063b,NC(=O)C=1C=CC(=CC1)C=2N=NN(CC(O)COC=3C=CC=CC3)N2,6.118,c1ccc(OCCCn2nnc(-c3ccccc3)n2)cc1
XS839895b,[O-][N+](=O)C=1C(=CC=C2N=CC=CC12)N3CCCC(CC3)N4C=CN=N4,5.732,c1cnc2ccc(N3CCCC(n4ccnn4)CC3)cc2c1
XS438974b,CC(NC(=O)NC=1C=CC=C(C1)C(=O)NC(C)(C)C)C=2C=CC=CN2,1.506,O=C(NCc1ccccn1)Nc1ccccc1
XS839926b,COC(=O)C=1C=NC(=C(C1)[N+]([O-])=O)N2CCOC=3C=CC=CC3C2C,5.86,c1ccc(N2CCOc3ccccc3C2)nc1
XS722954b,COC=1C=CC(C)=CC1N2CC(CC2=O)C(=O)NC3=CC(C)=NN3C,1.158,O=C(Nc1ccn[nH]1)C1CC(=O)N(c2ccccc2)C1
XS620072b,CN1N=CC=C1C2CCCCN2S(=O)(=O)C=3C=CC(F)=CC3F,0.572,O=S(=O)(c1ccccc1)N1CCCCC1c1ccn[nH]1
XS145756c,CC1=NOC(C)=C1CC(=O)NC(C)C=2C=C(F)C(Cl)=CC2Cl,2.462,O=C(Cc1cnoc1)NCc1ccccc1
XS845226a,CC1=CSC(=N1)C2CCCCN2C(=O)C3=NN4C(C)=CC=NC4=N3,8.772,O=C(c1nc2ncccn2n1)N1CCCCC1c1nccs1
XS845229a,CSCCC(NS(=O)(=O)C=1C=CC=CC1)C(=O)NC2CCC2,5.15,O=C(CNS(=O)(=O)c1ccccc1)NC1CCC1
XS838120b,CS(=O)(=O)C1CCCN(C1)C=2C=CC(C#N)=CC2Br,4.354,c1ccc(N2CCCCC2)cc1
XS845232a,COC=1C=CC=C(C1)NC(=O)CN2CCCC2C=3C=CC(Cl)=CC3,0.692,O=C(CN1CCCC1c1ccccc1)Nc1ccccc1
XS841610b,O=S1(=O)CCC2(C1)CCCN(CCCC=3C=CC=CC3Cl)C2,1.146,O=S1(=O)CCC2(CCCN(CCCc3ccccc3)C2)C1
XS840829b,CCCCN(C)S(=O)(=O)N1CCCC(C1)C2=NN=CN2C(C)C,4.204,c1nnc(C2CCCNC2)[nH]1
XS841778b,COC=1C=CC(=CC1)C(NC(=O)C=2C=CC(F)=C3OC=CC23)C(=O)O,5.28,O=C(NCc1ccccc1)c1cccc2occc12
XS839870b,CCCCN(C)S(=O)(=O)NC(C=1C=NN(C)C1)C2=NOC(C)=N2,1.996,c1nc(Cc2cn[nH]c2)no1
XS842026b,CC(C)(C)C(=O)N1CCCC(CN2C(=O)C=CN2C=3C=CC=CN3)C1,0.934,O=c1ccn(-c2ccccn2)n1CC1CCCNC1
XS845231a,CC(NC(=O)CNC(=O)C12CC3CC(CC(C3)C2)C1)C=4C=CN=CC4,7.586,O=C(CNC(=O)C12CC3CC(CC(C3)C1)C2)NCc1ccncc1
XS796967b,CC=1C=CC=2CC(SC2C1)C(=O)N3CCC(CC3)N4CCNC4=O,0.648,O=C(C1Cc2ccccc2S1)N1CCC(N2CCNC2=O)CC1
XS790548b,COC=1C=C(C=C(Cl)C1OC)C(=O)NCC2CCS(=O)(=O)C2,2.136,O=C(NCC1CCS(=O)(=O)C1)c1ccccc1
XS845241a,CC=1N=CN(C1C)C=2C=CC(=CC2)NC(=O)C3CCCCS3(=O)=O,1.798,O=C(Nc1ccc(-n2ccnc2)cc1)C1CCCCS1(=O)=O
XS845240a,CC1=CC(=NN1C)C(C)NC=2C=CC(=CC2)C3=CN4C=CC=C(C)C4=N3,0.93,c1ccn2cc(-c3ccc(NCc4cc[nH]n4)cc3)nc2c1
XS845243a,O=C(NCC1CCCO1)C=2N=C(C=3C=CC=CC3)N(N2)C=4C=CC=CC4,7.632,O=C(NCC1CCCO1)c1nc(-c2ccccc2)n(-c2ccccc2)n1
XS845246a,CC(C)OC=1N=CC(=CC1Cl)C(=O)N2CCCC2C=3C=CN=CC3,17.31,O=C(c1cccnc1)N1CCCC1c1ccncc1
XS681228b,COC=1C=CC(=CC1)C(C)N(C)CC(=O)NC=2C=CC=C(Cl)C2C,0.802,O=C(CNCc1ccccc1)Nc1ccccc1
XS845248a,CC1=NC(=NO1)C2CCCN(C2)C=3N=CC(=CC3Cl)C(F)(F)F,2.352,c1ccc(N2CCCC(c3ncon3)C2)nc1
XS845256a,CC1=CN2C=C(C=C(F)C2=N1)C(=O)N3CC(C=4C=NN(C)C4)C(C)(C)C3,21.906,O=C(c1ccc2nccn2c1)N1CCC(c2cn[nH]c2)C1
XS845251a,CC(OC(=O)C=1C=CC=C(C1)NS(C)(=O)=O)C(=O)NC2CCCC2,2.608,O=C(COC(=O)c1ccccc1)NC1CCCC1
XS845253a,CC1CC(=O)NCCN1C(=O)C=2N=C(C=3C=CC=CC3)N4CCOCC24,4.736,O=C1CCN(C(=O)c2nc(-c3ccccc3)n3c2COCC3)CCN1
XS845252a,CCOC(=O)C=1C=CC(=CC1)NC(=O)CN(C)C2CCC=3C=CC=CC32,2.904,O=C(CNC1CCc2ccccc21)Nc1ccccc1
XS399473b,CC=1C=CC(F)=CC1NC(=O)C(=O)N2CCCC(C2)NC(=O)C(C)C,3.64,O=C(Nc1ccccc1)C(=O)N1CCCCC1
XS845260a,COC=1C=CC=CC1N(C)CC(=O)N2C=3C=CC=CC3NC(=O)CC2C,2.748,O=C1CCN(C(=O)CNc2ccccc2)c2ccccc2N1
XS838810b,CC(C1CC1)N(CC(F)(F)F)C(=O)CS(=O)(=O)C=2C=CC=NC2,12.304,O=C(CS(=O)(=O)c1cccnc1)NCC1CC1
XS746077b,CC(C)CN1C=C(C(=N1)C(=O)NC2CCOC=3C=CC=CC32)C(F)F,1.468,O=C(NC1CCOc2ccccc21)c1cc[nH]n1
XS845263a,NC(=O)C1CN(CC=2C=CC=CC21)C(=O)C3=CNC=4C(Cl)=CC=CC34,3.458,O=C(c1c[nH]c2ccccc12)N1CCc2ccccc2C1
XS492835b,O=C(C=1C=C(N=C2C=CC=CC12)C3CC3)N4CCOCC4C=5N=CON5,3.776,O=C(c1cc(C2CC2)nc2ccccc12)N1CCOCC1c1ncon1
XS003216e,CC1=NN(C)C=2N=C(C=C(C(=O)NCC3CCCO3)C12)C=4C=CC=CC4,1.108,O=C(NCC1CCCO1)c1cc(-c2ccccc2)nc2[nH]ncc12
XS731662b,CCC(NC=1C=CC(=CC1)CC(=O)N2CCCC=3C=CC=CC32)C(N)=O,3.036,O=C(Cc1ccccc1)N1CCCc2ccccc21
XS845261a,CC1=CSC(=O)N1CC(=O)OC(C)C(=O)NC=2C=CC(Cl)=CC2,9.266,O=C(COC(=O)Cn1ccsc1=O)Nc1ccccc1
XS845272a,CCS(=O)(=O)N1CCC(CC1)C(=O)NC(C2=CC=CS2)C(C)C,3.544,O=C(NCc1cccs1)C1CCNCC1
XS838017b,CC(C)CC(=O)N1CCCC(C1)NC(=O)C=2C=C3C=C(Cl)C=CN3N2,2.562,O=C(NC1CCCNC1)c1cc2ccccn2n1
XS838815b,CS(=N)(=O)CCC1=CN(CCC=2C=CC=CC2OC(F)(F)F)N=N1,21.482,c1ccc(CCn2ccnn2)cc1
XS845269a,CC(C)NS(=O)(=O)C=1C=CC=C(C1)C(=O)NC(C)CCC2=CC=CO2,1.49,O=C(NCCCc1ccco1)c1ccccc1
XS837423b,CC1=NOC(C)=C1C(C)C(=O)N2CCC=3NC=4C=CC(Cl)=CC4C3C2,5.884,O=C(Cc1cnoc1)N1CCc2[nH]c3ccccc3c2C1
XS842215b,CCN(CC(C)C#N)S(=O)(=O)N1CCC(=CC=2C=CC=C(F)C2)CC1,2.162,C(=C1CCNCC1)c1ccccc1
XS670038b,CC=1C=CC(Cl)=C(C1)OC(C)C(=O)N2CCN(CC2)C=3C=CC=CN3,3.778,O=C(COc1ccccc1)N1CCN(c2ccccn2)CC1
XS839356b,CC(C=1C=CC(=CC1)C2=NC(=NO2)C=3N=CN(CC(N)=O)N3)C(F)(F)F,7.492,c1ccc(-c2nc(-c3nc[nH]n3)no2)cc1
XS839303b,COC(=O)C=1N=CC=C(N1)NCCC(C)NC(=O)C23CCC(CC2)CC3,5.154,O=C(NCCCNc1ccncn1)C12CCC(CC1)CC2
XS839334b,COC=1C=CC(=CC1OC)C2CCCN(C2)C3=NN=C4C=C(C#N)C=CN34,1.548,c1ccc(C2CCCN(c3nnc4ccccn34)C2)cc1
XS841993b,CC=1C=CC=C(C1)CC(CO)NS(=O)(=O)CC2=NOC=3C=CC=CC23,6.626,O=S(=O)(Cc1noc2ccccc12)NCCc1ccccc1
XS837036b,N#CC=1N=CC=NC1NCC2CN(CCO2)C(=O)C=3C=CC4=NON=C4C3,3.804,O=C(c1ccc2nonc2c1)N1CCOC(CNc2cnccn2)C1
XS845284a,CCC=1C=CC(=CC1)S(=O)(=O)N2CCC(CC2)C(=O)NC(C)C(C)C,2.456,O=S(=O)(c1ccccc1)N1CCCCC1
XS839171b,NC(C1=NOC(=N1)C=2N=C(N=CC2Cl)N3CCOCC3)C=4C=CC=CC4,1.41,c1ccc(Cc2noc(-c3ccnc(N4CCOCC4)n3)n2)cc1
XS845277a,CC=1C=CC=C(C1)NC(=O)CC(NC(N)=O)C=2C=CC=C(Br)C2,7.616,O=C(CCc1ccccc1)Nc1ccccc1
XS839285b,CC(C)(C)OC(=O)C(CNC=1N=CC=NC1C(C)(F)F)C2CCOCC2,0.482,c1cnc(NCCC2CCOCC2)cn1
XS839096b,CC1CCN(CCN1C(=O)C2=CN3C=CN=C3S2)C(=O)C4=CN=C(N)O4,5.166,O=C(c1cnco1)N1CCCN(C(=O)c2cn3ccnc3s2)CC1
XS837193b,CC1(C)CN(CC2(CCCOC2)O1)C=3C=CC(=C(C3)C(F)(F)F)[N+]([O-])=O,3.532,c1ccc(N2CCOC3(CCCOC3)C2)cc1
XS838953b,CC1=NN(CC(F)(F)F)C(C)=C1C(C)NC(=O)C2=NNC=3NCCCC23,3.044,O=C(NCc1cn[nH]c1)c1n[nH]c2c1CCCN2
XS836500b,CC1=NN2C=CC=NC2=C1C=3C=CC=C4C(=O)N(CC34)C5CCC(=O)NC5=O,13.066,O=C1CCC(N2Cc3c(cccc3-c3cnn4cccnc34)C2=O)C(=O)N1
XS845285a,CCC1=C(C=NN1CC=2C=CC=CC2)C(=O)NC3CCCOC=4C=CC=CC43,2.386,O=C(NC1CCCOc2ccccc21)c1cnn(Cc2ccccc2)c1
XS838644b,CC=1C=CC=C(C1)N2CCCC(NC=3C=CC=4CS(=O)(=O)CC4C3)C2=O,0.862,O=C1C(Nc2ccc3c(c2)CS(=O)(=O)C3)CCCN1c1ccccc1
XS838717b,CC1CN(CCN1C(=O)C2=CC(=O)C=3C=CC(F)=CC3O2)S(C)(=O)=O,1.154,O=C(c1cc(=O)c2ccccc2o1)N1CCNCC1
XS581334b,CC(C)C(NC(=O)C=1C=NN2CCCOC12)C=3C=CC=C(C3)C(F)(F)F,1.028,O=C(NCc1ccccc1)c1cnn2c1OCCC2
XS837032b,O=S(=O)(NCC1CS(=O)(=O)C=2C=CC=CC21)C=3C=CC(F)=C(F)C3,1.432,O=S1(=O)CC(CNS(=O)(=O)c2ccccc2)c2ccccc21
XS845291a,CCOC(=O)CC1=CSC(=N1)NC(=O)C2CC(=O)NC=3C=C(F)C=CC32,4.806,O=C1CC(C(=O)Nc2nccs2)c2ccccc2N1
XS845289a,CCOC=1N=CC=CC1C(=O)OC(C)C(=O)NC=2C=CC(=CC2)C(F)(F)F,4.372,O=C(COC(=O)c1cccnc1)Nc1ccccc1
XS845287a,COC=1C=C(C=CC1OC(F)F)C(=O)OC(C)C(=O)N(C)C=2C=CC=CC2,0.874,O=C(COC(=O)c1ccccc1)Nc1ccccc1
XS845300a,CC(C)C(NC(=O)COC=1C=CC=CC1C#N)C=2C=CC=3OCCCOC3C2,1.336,O=C(COc1ccccc1)NCc1ccc2c(c1)OCCCO2
XS837389b,CN1C(=NN=C1N2CCN3C(=O)NCC3C2)C=4C=C(NN4)C=5C=CC=CC5F,3.13,O=C1NCC2CN(c3nnc(-c4cc(-c5ccccc5)[nH]n4)[nH]3)CCN12
XS845297a,COC=1C=CC(OC)=C(C1)NC(=O)C(C)NC=2C=CC(=CC2)N3CCCC3=O,6.274,O=C(CNc1ccc(N2CCCC2=O)cc1)Nc1ccccc1
XS719276b,CC1=NC2=CC(O)=NN2C(C)=C1CCC(=O)NC3CCCCC=4C=CC=CC43,5.054,O=C(CCc1cnc2ccnn2c1)NC1CCCCc2ccccc21
XS837675b,COC=1C=C(C(=CC1C)S(=O)(=O)N(C)C(C)C(=O)NC(C)(C)C)C(C)C,1.388,c1ccccc1
XS845302a,CC(NC(=O)C=1C=CC=C(C1)CS(N)(=O)=O)C23CC4CC(CC(C4)C3)C2,2.522,O=C(NCC12CC3CC(CC(C3)C1)C2)c1ccccc1
XS836791b,O=C(NC=1C=C2C=CC(Br)=CN2N1)N3CCN4C(=O)NCC4C3,19.432,O=C(Nc1cc2ccccn2n1)N1CCN2C(=O)NCC2C1
XS501375b,C1=NN=C(C2CCCN(C2)C=3N=C(N=C4CCCC34)C=5C=CC=NC5)N1C6CC6,9.238,c1cncc(-c2nc3c(c(N4CCCC(c5nncn5C5CC5)C4)n2)CCC3)c1
XS845301a,CCOC(=O)NC1CCCN(C1)C(=O)C=2C=NN(C2)C=3C=CC=CC3Cl,0.954,O=C(c1cnn(-c2ccccc2)c1)N1CCCCC1
XS845296a,CC1=NN(C(C)=C1C(=O)NC(C)C=2C=CC=3OCCOC3C2)C=4C=CC=CC4,0.42,O=C(NCc1ccc2c(c1)OCCO2)c1cnn(-c2ccccc2)c1
XS845290a,CC(C)N1N=CC=2C=C(C=NC21)C(=O)NC(C)C=3C=CC(=CC3)S(N)(=O)=O,1.412,O=C(NCc1ccccc1)c1cnc2[nH]ncc2c1
XS845312a,CC1=NOC(=N1)C2CCCN(C2)C(=O)C3(CC3)C=4C=CC(Br)=CC4,11.284,O=C(N1CCCC(c2ncno2)C1)C1(c2ccccc2)CC1
XS842339b,CC(C)CC1=NN=C(O1)C(C)N2CC=3C=NN(C=4C=CN=CC4)C3CC(C)(C)C2,2.374,c1cc(-n2ncc3c2CCCN(Cc2nnco2)C3)ccn1
XS083611b,CC(=O)N1CCC=2C=C(C=CC21)NC(C)C(=O)NC=3C=CC(=CC3)OC(F)F,3.206,O=C(CNc1ccc2c(c1)CCN2)Nc1ccccc1
XS845309a,CCCS(=O)(=O)N1CCCC(C1)C(=O)NCCOC=2C=CC(Cl)=CC2,10.38,O=C(NCCOc1ccccc1)C1CCCNC1
XS845303a,CC=1C=CC(=CC1)C2CC(=NN2C(=O)CCCC(=O)O)C=3C=CC=4OCOC4C3,4.016,c1ccc(C2CC(c3ccc4c(c3)OCO4)=NN2)cc1
XS837490b,CC=1OC(=NC1C(=O)N2CC(CC=3C=CC=CC32)N4C=CC=N4)C5=CC=CS5,4.724,O=C(c1coc(-c2cccs2)n1)N1CC(n2cccn2)Cc2ccccc21
XS679677b,COC=1C=CC2=NC(=CC=C2C1)C(=O)N3CCCC3C=4C=CC(OC)=C(C4)OC,0.634,O=C(c1ccc2ccccc2n1)N1CCCC1c1ccccc1
XS845310a,O=C(O)CCC(=O)N1N=C(CC1C=2C=CC(Br)=CC2)C3=CC=CO3,1.35,c1ccc(C2CC(c3ccco3)=NN2)cc1
XS845307a,CC(C(=O)N(CCC#N)C=1C=CC=CC1)N2CCN(CC2)C(=O)C3=CC=CS3,1.814,O=C(CN1CCN(C(=O)c2cccs2)CC1)Nc1ccccc1
XS839440b,O=C(NC(CC=1C=CC=CC1)C2=NC=3C=CC=CC3N2)C=4C=CC=5OCCNC5N4,2.29,O=C(NC(Cc1ccccc1)c1nc2ccccc2[nH]1)c1ccc2c(n1)NCCO2
XS837315b,COC=1C=CC=C2CCN(CCC12)C(=O)NC(C3=NC(C)=CS3)C(F)(F)F,1.682,O=C(NCc1nccs1)N1CCc2ccccc2CC1
XS841376b,CN(C(=O)C=1C=NC(=NC1)NC=2C=CC=3SCCCC3C2)C4CCCNCC4,5.084,O=C(NC1CCCNCC1)c1cnc(Nc2ccc3c(c2)CCCS3)nc1
XS845311a,O=C(CN1CCCC1C2=NC=3C=CC=CC3S2)N4CCN(CC4)C(=O)C5CC5,7.154,O=C(CN1CCCC1c1nc2ccccc2s1)N1CCN(C(=O)C2CC2)CC1
XS531867b,COC=1C=C2CCN(C(=O)C=3C=CC=4CCCC4C3)C(CC(=O)O)C2=CC1OC,9.96,O=C(c1ccc2c(c1)CCC2)N1CCc2ccccc2C1
XS552497b,CN(CC(=O)NC=1C(Cl)=CC=CC1Cl)C(=O)C2CCCC=3C=CC=NC32,1.736,O=C(CNC(=O)C1CCCc2cccnc21)Nc1ccccc1
XS845306a,CC=1N=C2C=C(F)C=CC2=CC1C(=O)N3CCN(CC3)C(C#N)C=4C=CC=CC4,12.16,O=C(c1cnc2ccccc2c1)N1CCN(Cc2ccccc2)CC1
XS845316a,CCN(CC)S(=O)(=O)C=1C=C(C=CC1C)NC(=O)C2COC=3C=CC=CC3C2,3.236,O=C(Nc1ccccc1)C1COc2ccccc2C1
XS836858c,N#CC=1C=CC=C(C1)NC(=O)C(C2=CC(Br)=CS2)N3CCOCC3,3.55,O=C(Nc1ccccc1)C(c1cccs1)N1CCOCC1
XS845314a,COC=1C=CC=CC1N2CC(CC2=O)C3=NC=4C=CC=CC4N3CC=5C=CC(C)=CC5,2.636,O=C1CC(c2nc3ccccc3n2Cc2ccccc2)CN1c1ccccc1
XS840640b,O=S(=O)(C1=CC=CC2=NSN=C12)N3CCN(CC3)C4CCC=5C(F)=CC=CC54,0.992,O=S(=O)(c1cccc2nsnc12)N1CCN(C2CCc3ccccc32)CC1
XS845328a,CC1CCCN(CC=2C=CC=CC2CNC(=O)C=3C=CC=4C(=O)N(C)C(=O)C4C3)C1,1.204,O=C(NCc1ccccc1CN1CCCCC1)c1ccc2c(c1)C(=O)NC2=O
XS845327a,CCOC=1C=C(C=CC1OC(F)F)CN(C)CC(=O)NC(C)C=2C=CC(F)=CC2,0.386,O=C(CNCc1ccccc1)NCc1ccccc1
XS845325a,CC(NC1=NS(=O)(=O)C=2C=CC=CC12)C(=O)N3CCN(CC3)C=4C=CC=CC4O,3.294,O=C(CNC1=NS(=O)(=O)c2ccccc21)N1CCN(c2ccccc2)CC1
XS845332a,CC(OC=1C=CC(F)=CC1)C(=O)N2CCN(CC(=O)NC=3C=CC=C(F)C3)CC2,1.912,O=C(CN1CCN(C(=O)COc2ccccc2)CC1)Nc1ccccc1
XS845333a,CN1N=CC2=C1CCCC2NC(=O)N3CCN(CC3)C(=O)CC4=CNC=5C=CC=CC45,2.216,O=C(Cc1c[nH]c2ccccc12)N1CCN(C(=O)NC2CCCc3[nH]ncc32)CC1
XS845324a,CC=1C=CC(=CC1)NC(=O)C=2C=CC(Cl)=C(C2)S(=O)(=O)NCC3CCCO3,8.548,O=C(Nc1ccccc1)c1cccc(S(=O)(=O)NCC2CCCO2)c1
XS845322a,O=C(NC=1C=CC=C(C1)S(=O)(=O)N2CCCC2)C3CC(=O)NC=4C=C(F)C=CC43,2.274,O=C1CC(C(=O)Nc2cccc(S(=O)(=O)N3CCCC3)c2)c2ccccc2N1
XS842238b,CCC=1C=CC(=CC1)C2NC=3C=C(Cl)C(=CC3S(=O)(=O)N2)S(N)(=O)=O,1.298,O=S1(=O)NC(c2ccccc2)Nc2ccccc21
XS845319a,CC1=CC=C(S1)S(=O)(=O)N2CCCC(C2)C(=O)N3CCN(CCO)C(=O)C3,10.996,O=C1CN(C(=O)C2CCCN(S(=O)(=O)c3cccs3)C2)CCN1
XS837632b,COC=1C=CC(=CC1Br)C(CC(=O)O)NCC=2C=NN(C2)C=3C=CC=C(F)C3,2.426,c1ccc(CNCc2cnn(-c3ccccc3)c2)cc1
XS845334a,COC1=CC(=CC(OC)=C1OC)NC(=O)CN2CCC=3SC=CC3C2C4=CC=CS4,1.9,O=C(CN1CCc2sccc2C1c1cccs1)Nc1ccccc1
XS845347a,O=C(CN1CCN(CC1)C(C(=O)NC2CC2)C3=CC=4N=CC=CC4S3)NC=5C=CC=CC5Cl,0.534,O=C(CN1CCN(C(C(=O)NC2CC2)c2cc3ncccc3s2)CC1)Nc1ccccc1
XS845335a,CC=1C=CC(=CC1C)S(=O)(=O)N2CCC(CC2)C(=O)N3CCC=4SC=CC4C3C,23.18,O=C(C1CCN(S(=O)(=O)c2ccccc2)CC1)N1CCc2sccc2C1
XS845339a,CC(=O)N1CCCC=2C=CC(=CC21)S(=O)(=O)N3CCC4(C3)C(=O)NC=5C=CC=CC54,4.644,O=C1Nc2ccccc2C12CCN(S(=O)(=O)c1ccc3c(c1)NCCC3)C2
XS845340a,CC(C)(C)C=1C=C(NC(=O)COC=2C=CC(F)=CC2Cl)N(N1)C3CCS(=O)(=O)C3,6.62,O=C(COc1ccccc1)Nc1ccnn1C1CCS(=O)(=O)C1
XS005478d,CCCN1C(=O)N(CC(=O)N2CCCC2C=3C=CC(=CC3OC)OC)C=4C=CC=CC41,2.574,O=C(Cn1c(=O)[nH]c2ccccc21)N1CCCC1c1ccccc1
XS845337a,CC1=NN(C(C)=C1S(=O)(=O)N(C)CC2=CC=CO2)C(C)C(=O)N3CCC(CC=4C=CC=CC4)CC3,1.052,O=C(Cn1cc(S(=O)(=O)NCc2ccco2)cn1)N1CCC(Cc2ccccc2)CC1
XS154902c,NC(=O)C1=C(NC(=O)CN2CCCC2C=3C=CC=4OCCOC4C3)SC=5CCCC15,0.306,O=C(CN1CCCC1c1ccc2c(c1)OCCO2)Nc1cc2c(s1)CCC2
XS845342a,CCC=1C=CC(=CC1)N2CC(CC2=O)C(=O)NC=3C=CC(C)=C(C3)S(=O)(=O)N(C)C,3.27,O=C(Nc1ccccc1)C1CC(=O)N(c2ccccc2)C1
XS845338a,CC(=O)NC1=CNN=C1C2CCCN(C2)C(=O)CC3=COC4=CC(C)=C(C=C34)C(C)C,2.928,O=C(Cc1coc2ccccc12)N1CCCC(c2cc[nH]n2)C1
XS555524b,CC=1OC(=NC1C(=O)N2CC(C)(C)OC3(CCOC3)C2)C=4C=CC=C(C4)C(F)(F)F,0.688,O=C(c1coc(-c2ccccc2)n1)N1CCOC2(CCOC2)C1
XS841423b,OC=1C=CC(=CC1)C2C=C(NC3=NC(=NN32)C(F)(F)F)C=4C=CC=C(C4)N5C=NN=N5,4.372,C1=C(c2cccc(-n3cnnn3)c2)Nc2ncnn2C1c1ccccc1
XS838618b,CC=1N=CC(NC2CCCSC2)=C(C)N1,6.918,c1ncc(NC2CCCSC2)cn1
XS839931b,CCC1=NC(CN2CCOCC2C(N)=O)=NO1,4.104,c1nc(CN2CCOCC2)no1
XS842271b,CC(NC=1C=CC(=CC1F)[N+]([O-])=O)C(C)(C)O,2.026,c1ccccc1
XS837001b,C#CC=1C=C(NC(=O)C2CC2(C)C)N(C)N1,0.94,O=C(Nc1ccn[nH]1)C1CC1
XS845356a,O=C(NC=1C=CC=CC1)C2COCCO2,0.714,O=C(Nc1ccccc1)C1COCCO1
XS570307b,CCN(CC1CCCO1)C(=O)NC=2C=CN=CC2,1.892,O=C(NCC1CCCO1)Nc1ccncc1
XS845358a,CNC(C)C(=O)N1CC=2C=CC=CC2C1,1.654,c1ccc2c(c1)CNC2
XS663784b,CC=1C=CC=C(C1)C(=O)NC2CCC(=O)NC2=O,5.274,O=C1CCC(NC(=O)c2ccccc2)C(=O)N1
XS845353a,CC1(C)CCC1NC(=O)C2=CC=CN3N=CC=C23,0.748,O=C(NC1CCC1)c1cccn2nccc12
XS840326b,CCOC(=O)C(C)NC=1C=CC(Cl)=CC1,1.472,c1ccccc1
XS845352a,CCOC=1C=CC=CC1NC(=O)C2CCCO2,2.368,O=C(Nc1ccccc1)C1CCCO1
XS845354a,CC=1C=NC(=CN1)C(=O)NC(C)C2=CC=CS2,1.872,O=C(NCc1cccs1)c1cnccn1
XS836865b,COC(=O)C1CC=2C(O)=CC=CC2N1,12.496,c1ccc2c(c1)CCN2
XS840385b,CCC(C)NC(=O)C1=CC=2C=CC=CC2OC1=O,2.328,O=c1ccc2ccccc2o1
XS845357a,CCCC(C)NC(=O)NC=1C=C(F)C=CC1C,1.588,c1ccccc1
XS845359a,CCC1CCCCN1C(=O)NC=2C=CC=CN2,3.016,O=C(Nc1ccccn1)N1CCCCC1
XS840809b,COCC(C)OC(=O)C=1SC=NC1C,2.61,c1cscn1
XS840338b,COC(=O)C(C)N1C=C(N=N1)C2=NNC=3C=CC=CC23,3.472,c1ccc2c(-c3c[nH]nn3)n[nH]c2c1
XS592620b,CC1CC=2C=CC=CC2N1C(=O)C=3C=CNC(=O)C3,2.096,O=C(c1cc[nH]c(=O)c1)N1CCc2ccccc21
DR000451d,N#CC=1C=CN=CC1N2CCCC(C2)N3CCNC3=O,1.772,O=C1NCCN1C1CCCN(c2cccnc2)C1
XS839391b,COC(=O)C=1C=C(C)N=C(N1)N2CCC2C(C)(C)F,0.7,c1cnc(N2CCC2)nc1
XS845364a,CCC=1C=CC(=CC1)C(C)NC(=O)CN2C=CN=C2,0.802,O=C(Cn1ccnc1)NCc1ccccc1
XS435294b,CC1=CN2N=C(SC2=N1)N3CCCC(C3)C(N)=O,11.44,c1cn2nc(N3CCCCC3)sc2n1
XS840316b,CC=1N=CC=NC1C(C)S(=O)(=O)C=2C=CC=CC2,0.858,O=S(=O)(Cc1cnccn1)c1ccccc1
XS845368a,COCCN1C=C(C=N1)NC(=O)N2CCCC(C)C2,0.714,O=C(Nc1cn[nH]c1)N1CCCCC1
XS842163b,O=C(NC=1C=CC=C2NC(=O)NC12)C3CCCOC3,7.542,O=C(Nc1cccc2[nH]c(=O)[nH]c12)C1CCCOC1
XS845367a,COC(=O)C1=C(C)NC(=O)NC1C2=CC=C(C)S2,2.338,O=C1NC=CC(c2cccs2)N1
XS845365a,CC1CC=2C=CC=CC2N1C(=O)C=3C=CC(=O)N(C)N3,10.224,O=C(c1ccc(=O)[nH]n1)N1CCc2ccccc21
XS156422b,COC=1C=CC(=CC1)CC(=O)NC(C)C=2C=CC=NC2,0.7,O=C(Cc1ccccc1)NCc1cccnc1
XS841037b,CC1=NN(C)C(C(=O)OC(C)C(C)C)=C1[N+]([O-])=O,3.44,c1cn[nH]c1
XS845360a,CC(C)(C)C1=NOC(=N1)C2CCOC=3C=CC=CC32,0.996,c1ccc2c(c1)OCCC2c1ncno1
XS845363a,CC1=NN(C(C)=C1C)C(C)CC(=O)NC=2C=CC=NC2,0.556,O=C(CCn1cccn1)Nc1cccnc1
XS838020b,CC(C)CCNC(=O)C1CCN2C(=O)NN=C2C1,14.548,O=c1[nH]nc2n1CCCC2
XS836983b,CC=1NC(=O)N(C)C(=O)C1NC(=O)CC2C=CCC2,0.67,O=C(CC1C=CCC1)Nc1c[nH]c(=O)[nH]c1=O
XS845366a,O=C(NCC1COC=2C=CC=CC2O1)C3=CC=CO3,0.422,O=C(NCC1COc2ccccc2O1)c1ccco1
XS845373a,CC=1C=CC=CC1C2=NN=C(O2)SC3CCOC3=O,5.154,O=C1OCCC1Sc1nnc(-c2ccccc2)o1
XS402087b,CC(NC(=O)C=1C=CC(C#N)=CC1)C=2C=CC(Cl)=CC2,2.52,O=C(NCc1ccccc1)c1ccccc1
XS838762b,C=1C=CC(=CC1)C2CN(CC=3N=NNN3)C=4C=CC=CC42,1.34,c1ccc(C2CN(Cc3nn[nH]n3)c3ccccc32)cc1
XS840546b,CC=1C=NC(=NC1)S(=O)(=O)C(C)C(=O)NC(C)(C)C,0.556,c1cncnc1
XS736263b,CCC(C(N)=O)N1CCN(CC1)C=2C=CC=C(Cl)C2,4.794,c1ccc(N2CCNCC2)cc1
XS329001b,O=C(O)C=1C=C(C=CC1Cl)NC(=O)C2CC=CCC2,0.864,O=C(Nc1ccccc1)C1CC=CCC1
XS845379a,CCCC(C)NC(=O)NC=1C=C(OC)C(=CC1C)OC,0.69,c1ccccc1
XS836844b,CC=1C=NC=CC1CC(=O)NC(CO)CC2CCCC2,3.92,O=C(Cc1ccncc1)NCCC1CCCC1
XS845378a,CC(NC(=O)CCC1=NC(=NO1)C=2C=CN=CC2)C3CC3,1.974,O=C(CCc1nc(-c2ccncc2)no1)NCC1CC1
XS633906b,CC=1C=C(CNC(=O)N2CCCC2C=3C=CC=CC3)ON1,2.77,O=C(NCc1ccno1)N1CCCC1c1ccccc1
XS839385b,C=1C=C2OCOC2=CC1CC3=NN=C(O3)C4CCOC4,0.63,c1cc2c(cc1Cc1nnc(C3CCOC3)o1)OCO2
XS837562b,CCC(C)(C)NC1=NN=C(O1)C2CCS(=O)(=O)C2,4.27,O=S1(=O)CCC(c2nnco2)C1
XS836686b,CC1=NOC(C)=C1C(C)NC2=NOC(=N2)C=3C=CC=CC3,8.394,c1ccc(-c2nc(NCc3cnoc3)no2)cc1
XS837195b,COC=1C=CC(=CN1)NC(C)C2=CN(N=N2)C3COC3,11.63,c1cncc(NCc2cn(C3COC3)nn2)c1
XS845374a,CC(NC(=O)COC=1C=CC=CC1C#N)C=2C=CC=CC2,2.612,O=C(COc1ccccc1)NCc1ccccc1
XS842236b,CN1CCCC(NC=2C=NC=C(C#N)N2)C=3C=CC=CC31,2.28,c1ccc2c(c1)NCCCC2Nc1cnccn1
XS497494b,O=C(O)C(CNC(=O)C1=CC=CS1)C=2C=CC=CC2,0.462,O=C(NCCc1ccccc1)c1cccs1
XS842384b,CC(NCC1=CC=2C=CC=CC2NC1=O)C3=NN=CS3,8.608,O=c1[nH]c2ccccc2cc1CNCc1nncs1
XS839239b,CN(C)C(=O)C1CCN1C(=O)C=2C=CC=C3CCNC23,10.46,O=C(c1cccc2c1NCC2)N1CCC1
XS845384a,COC=1C=C(C=CC1C)CC(=O)NC2CCC=3C=CC=CC32,1.346,O=C(Cc1ccccc1)NC1CCc2ccccc21
XS839351b,CCC(NC1=NC=2C=CC=NC2S1)C3=NC=C(C)S3,4.93,c1cnc2sc(NCc3nccs3)nc2c1
XS839910b,CC1=NN(CCC2CCNC2=O)C=3C=CC(=CC13)[N+]([O-])=O,2.802,O=C1NCCC1CCn1ncc2ccccc21
XS836491b,CC1CN(CC=2C=C(Cl)C3=CC=CC=C3C2O)CCO1,0.446,c1ccc2cc(CN3CCOCC3)ccc2c1
XS845390a,CC=1C=C(C=CC1Cl)OC(C)C(=O)NC=2C=CN(C)N2,1.952,O=C(COc1ccccc1)Nc1cc[nH]n1
XS845383a,CCNC(=O)NC(=O)C(C)OC(=O)C=1C=C(C)C=C(C)C1,23.552,c1ccccc1
XS845385a,CNC(=O)NC(=O)CN1CCCC1C=2C=CC=C(C2)OC,4.67,c1ccc(C2CCCN2)cc1
XS845388a,CCOC(=O)C1CCCN(C1)S(=O)(=O)C=2C=CC=CC2,7.774,O=S(=O)(c1ccccc1)N1CCCCC1
XS520318b,CCN1CC(CC1=O)C(=O)NC=2C=CSC2C(=O)OC,14.434,O=C1CC(C(=O)Nc2ccsc2)CN1
XS505177b,NC(=O)C=1C=CC(=CC1)NC(=O)C2CCC=3N=CN=CC3C2,2.332,O=C(Nc1ccccc1)C1CCc2ncncc2C1
XS845386a,CCCNC(=O)C(C)SC1=NC=CN1C=2C=CC=CC2,0.65,c1ccc(-n2ccnc2)cc1
XS799368b,CC1CC=2C=CC=CC2N1C(=O)C=3C=CC=C(C3)NC(N)=O,2.706,O=C(c1ccccc1)N1CCc2ccccc21
XS155662b,CC=1C=CC(C)=C(C1)NC(C(=O)NC2CC2)C=3C=CC=CC3,3.992,O=C(NC1CC1)C(Nc1ccccc1)c1ccccc1
XS845382a,CC=1C=C(F)C=C(C1)NC(=O)N2CCCC(CC(N)=O)C2,0.958,O=C(Nc1ccccc1)N1CCCCC1
XS389451b,O=C(NCC1CCS(=O)(=O)C1)C2=CC=3C=CC=CC3N2,8.944,O=C(NCC1CCS(=O)(=O)C1)c1cc2ccccc2[nH]1
XS845389a,COC=1C=CC(=CN1)NC(=O)NC(CO)C=2C=CC=CC2,9.222,O=C(NCc1ccccc1)Nc1cccnc1
XS508640b,CN1C=C(C=N1)CCC(=O)N2CCCC2C=3C=CC=C(F)C3,1.66,O=C(CCc1cn[nH]c1)N1CCCC1c1ccccc1
XS845401a,CC(CN1C=CC=N1)NC(=O)CCC=2C=CC=3OCOC3C2,5.376,O=C(CCc1ccc2c(c1)OCO2)NCCn1cccn1
XS418652b,CC=1C=CC=NC1NC(=O)C2CC(=O)NC=3C=C(F)C=CC32,1.454,O=C1CC(C(=O)Nc2ccccn2)c2ccccc2N1
XS632453b,CCN1N=C(C)C(C(=O)NC2CCC3=NC(C)=NN3C2)=C1C,0.92,O=C(NC1CCc2ncnn2C1)c1cn[nH]c1
XS845397a,NC(=O)C(NC(=O)CCOC=1C=CC=CC1)C=2C=CC=CC2,4.202,O=C(CCOc1ccccc1)NCc1ccccc1
XS845402a,COC(C)CCNC=1C=CN2N=CC(Br)=C2N1,1.014,c1cnc2ccnn2c1
XS839465b,CC=1N=C(OC1C#N)N2CCC=3C=CC(Cl)=C(F)C3C2C,2.384,c1ccc2c(c1)CCN(c1ncco1)C2
XS845399a,O=C(CCCC1=NC=2C=CC=CC2S1)NCC3CCCO3,1.046,O=C(CCCc1nc2ccccc2s1)NCC1CCCO1
XS525933b,CC=1NN=CC1C(=O)N2CCCC2C=3C=CC=4OCOC4C3,1.204,O=C(c1cn[nH]c1)N1CCCC1c1ccc2c(c1)OCO2
XS845394a,CC1=CSC(=N1)C2CCCCN2C(=O)C=3C=NC(C)=CN3,4.928,O=C(c1cnccn1)N1CCCCC1c1nccs1
XS842533b,O=C(CN1C=C(C=N1)NC2CCCC=3OC=CC32)NCCO,1.85,c1cc2c(o1)CCCC2Nc1cn[nH]c1
XS845403a,CC1=NOC(CCCC(=O)N2CCCC2C=3C=CN=CC3)=N1,10.684,O=C(CCCc1ncno1)N1CCCC1c1ccncc1
XS845404a,CC1=CC(C(=O)NC(C)C2CC2)=C(C)N1CC3=CC=CS3,1.616,O=C(NCC1CC1)c1ccn(Cc2cccs2)c1
XS840753b,CC(OC=1C=CC(=CC1)OC=2C=CC=C(F)C2C#N)C(N)=O,3.538,c1ccc(Oc2ccccc2)cc1
XS840038b,CC1=NN(C)C(C)=C1CC(C)C2=NC(=NO2)C3=CN=CS3,19.532,c1ncc(-c2noc(CCc3cn[nH]c3)n2)s1
XS839389b,CC(C)(C)N1N=NN=C1COC=2C=CC(=CC2)C3CC3(F)F,2.802,c1cc(C2CC2)ccc1OCc1nnn[nH]1
XS840815b,COCCOCCCC(=O)NC1(C)CCC=2C=CC=CC2C1,0.306,c1ccc2c(c1)CCCC2
XS336224b,COC1CCCCN(CC(=O)N(C)CC=2C=NN(C)C2)C1=O,3.236,O=C(CN1CCCCCC1=O)NCc1cn[nH]c1
XS845416a,CCN(C(=O)C=1C=C(Cl)C=C(Cl)C1)C2CC(=O)NC2=O,3.46,O=C1CC(NC(=O)c2ccccc2)C(=O)N1
XS556800b,O=C(CN1C(=O)NC(=O)C=2C=CC=CC21)N3CCC(C3)C4CC4,1.308,O=C(Cn1c(=O)[nH]c(=O)c2ccccc21)N1CCC(C2CC2)C1
XS845407a,COCC(=O)NC(C)C=1SC(=NC1C)C=2C=CC=CC2F,2.02,c1ccc(-c2nccs2)cc1
XS845411a,CCCNC(=O)C(C)NC(=O)CCCC1=NC(=NO1)C(C)C,8.002,c1ncon1
XS152846b,CC(NC(=O)COC=1C=CC=C(F)C1)C2=NC=3C=CC=CC3N2,1.026,O=C(COc1ccccc1)NCc1nc2ccccc2[nH]1
XS735060b,CC=1C=CC(=CC1C)OCC(=O)N2CCCC(O)(C2)C(N)=O,23.512,O=C(COc1ccccc1)N1CCCCC1
XS845415a,CCC(C)NC(=O)C=1N=CC=NC1C2=NC=3C=CC=CC3S2,0.744,c1ccc2sc(-c3cnccn3)nc2c1
XS845412a,CCOC=1C=C(C(C)=CC1C)S(=O)(=O)N2CCCC(C)C2,4.756,O=S(=O)(c1ccccc1)N1CCCCC1
XS840026b,CCC(C)OCC1=NC(CC2=NN=CN2C=3C=CC=CC3)=NO1,0.52,c1ccc(-n2cnnc2Cc2ncon2)cc1
XS841911b,O=C(NCC1CCC=CO1)NC=2C=CC(=C(F)C2)N3C=NN=N3,0.926,O=C(NCC1CCC=CO1)Nc1ccc(-n2cnnn2)cc1
XS845425a,CCNC(=O)C=1C=CC(=CC1)NC(=O)C2CC(=O)N(C2)C3CC3,7.732,O=C(Nc1ccccc1)C1CC(=O)N(C2CC2)C1
XS845418a,O=C(C1=CC=2CCCCC2S1)N3CCCC(C3)N4C=CC=N4,1.856,O=C(c1cc2c(s1)CCCC2)N1CCCC(n2cccn2)C1
XS845422a,CN1N=CC=2C(=O)N(C=NC21)CC(O)COCC=3C=CC=CC3,10.262,O=c1c2cn[nH]c2ncn1CCCOCc1ccccc1
XS840416b,CCC(C)(C)NC(=O)C(C)S(=O)(=O)CC=1C(C)=NOC1C,1.57,c1cnoc1
XS838358b,CC1=NOC(COC=2C=CC(=CN2)C(=O)OC3CCNC3=O)=N1,2.184,O=C(OC1CCNC1=O)c1ccc(OCc2ncno2)nc1
XS839615b,O=C(OCC1CCC=2C=CC=CC21)C=3C=CC=C(N3)N4C=CN=C4,1.432,O=C(OCC1CCc2ccccc21)c1cccc(-n2ccnc2)n1
XS839882b,CC(NC=1C=C2NC(=O)OC2=CC1Cl)C3=NN=NN3C4CC4,1.75,O=c1[nH]c2cc(NCc3nnnn3C3CC3)ccc2o1
XS708576b,CC=1N=C(CC2CC2)SC1C(=O)NC3COC=4C=CC=CC43,1.774,O=C(NC1COc2ccccc21)c1cnc(CC2CC2)s1
XS837854b,CC(NC(=O)C1(C#N)CCOCC1)C2=CC=3C=CC=C(F)C3O2,0.848,O=C(NCc1cc2ccccc2o1)C1CCOCC1
XS443766b,O=C(O)C1CN(C(=O)C=2C=C(Cl)C=CC2F)C=3C=CC=CC31,3.646,O=C(c1ccccc1)N1CCc2ccccc21
XS845423a,COCC1=C(OC=2C=CC=CC12)C(=O)NC(C)C3=CC=CS3,1.868,O=C(NCc1cccs1)c1cc2ccccc2o1
XS845424a,CC=1C=C(C)N2N=C(N=C2N1)C(=O)NC(C)CC3=CC=CS3,6.39,O=C(NCCc1cccs1)c1nc2ncccn2n1
XS845426a,O=C(NC1CC1)C(C=2C=CC=CC2)N3N=NC(=N3)C=4C=CC=CC4,0.644,O=C(NC1CC1)C(c1ccccc1)n1nnc(-c2ccccc2)n1
XS838044b,CN1N=CC=2C(=NC=NC21)NC=3C=CC(=CC3)OC4CC4(F)F,3.156,c1nc(Nc2ccc(OC3CC3)cc2)c2cn[nH]c2n1
XS475765b,CC=1C=C(NC(=O)NC2CCCN(C2)C=3C=CC=CC3F)ON1,1.24,O=C(Nc1ccno1)NC1CCCN(c2ccccc2)C1
XS579084b,O=C(NC=1C=CC(=CC1)C=2C=CC=CC2)C3CCN4C=CN=C4C3,11.268,O=C(Nc1ccc(-c2ccccc2)cc1)C1CCn2ccnc2C1
XS838427b,CC1=NC(=CC(=N1)NCC2CCCC(F)(F)CC2)N3C=NC=N3,0.894,c1nc(NCC2CCCCCC2)cc(-n2cncn2)n1
XS837085b,O=C(NC1=NC(=NN1)C=2C=CC=CC2F)C3CCN4C=NC=C4C3,5.206,O=C(Nc1nc(-c2ccccc2)n[nH]1)C1CCn2cncc2C1
XS845427a,COC=1C=CC(=CN1)C(=O)N2CCN(CC(O)C(C)(C)C)CC2,2.964,O=C(c1cccnc1)N1CCNCC1
XS837795b,CC=1C=C(Br)C=C2C(=NNC12)C(=O)N3CCC3CF,6.212,O=C(c1n[nH]c2ccccc12)N1CCC1
XS836956b,O=C(NC1=NN=CS1)C2CC(=O)N(C2)C=3C=CC(F)=C(F)C3,12.134,O=C(Nc1nncs1)C1CC(=O)N(c2ccccc2)C1
XS845433a,CC1=CC(=O)N2N=C(NCCCOCC3CCCO3)SC2=N1,1.246,O=c1ccnc2sc(NCCCOCC3CCCO3)nn12
XS845435a,O=C(NC=1C=CC=CC1F)NC(C=2C=CC=CC2)C=3C=CN=CC3,1.224,O=C(Nc1ccccc1)NC(c1ccccc1)c1ccncc1
XS845429a,COC=1C=CC(=CC1OC)C2=NN=C(O2)SCC3CCCO3,2.434,c1ccc(-c2nnc(SCC3CCCO3)o2)cc1
XS839516b,CC1=NC=CN1C=2C=NC=C(N2)N3CCOC(CN4C=CC=N4)C3,3.584,c1cnn(CC2CN(c3cncc(-n4ccnc4)n3)CCO2)c1
XS845431a,CC=1C=C(F)C=2CC(NC2C1)C(=O)NCC3(CO)CC(C)(C)C3,9.604,O=C(NCC1CCC1)C1Cc2ccccc2N1
XS575856b,O=S(=O)(C=1C=CC(F)=CC1)N2CCC(O)(CN3C=CN=N3)C2,0.556,O=S(=O)(c1ccccc1)N1CCC(Cn2ccnn2)C1
XS761360b,COC=1C=CC(C(=O)N2CCCC(C2)NC(C)=O)=C3C=CC=CC13,0.688,O=C(c1cccc2ccccc12)N1CCCCC1
XS837271b,CCOC(=O)C1=CCC(C1)NC(=O)C=2C(F)=CC=C3OCOC23,1.59,O=C(NC1CC=CC1)c1cccc2c1OCO2
XS845436a,CC1=NNC(C)=C1C2NC=3C=CC=CC3C(=O)N2CC4=CC=CO4,1.514,O=C1c2ccccc2NC(c2cn[nH]c2)N1Cc1ccco1
XS841655b,CC1CN(CC=2C=C(Cl)C=C3COCOC23)C4(COC4)CO1,4.612,c1cc2c(c(CN3CCOCC34COC4)c1)OCOC2
XS845447a,CC1=NC(COC=2C=CC(=CC2)C(=O)N3CCCC(C)CC3)=NO1,5.344,O=C(c1ccc(OCc2ncon2)cc1)N1CCCCCC1
XS597649b,CC1=NN=C(O1)C2COCCN2C(=O)COC=3C(C)=CC=CC3C,10.096,O=C(COc1ccccc1)N1CCOCC1c1nnco1
XS712564b,CCN1C=NN=C1CNC(=O)CN2C(=O)C(C)OC=3C=CC=CC32,2.184,O=C(CN1C(=O)COc2ccccc21)NCc1nnc[nH]1
XS570647b,CC=1C=CC=CC1N2C=C(C=N2)C(=O)NC3CCC(=O)NC3(C)C,3.26,O=C1CCC(NC(=O)c2cnn(-c3ccccc3)c2)CN1
XS549660b,CC=1C=CC(=C(C1)C(=O)NC2CCC(=O)NC2(C)C)N3CCCC3,0.918,O=C1CCC(NC(=O)c2ccccc2N2CCCC2)CN1
XS845437a,CC1=NN(C)C=2SC(=CC12)C(=O)N3CCCC(C3)N4C=CC=N4,3.362,O=C(c1cc2cn[nH]c2s1)N1CCCC(n2cccn2)C1
XS845440a,CC(NC=1C=CC(=CC1)NC(=O)C2=CC=CO2)C(=O)N3CCCC3,20.062,O=C(Nc1ccc(NCC(=O)N2CCCC2)cc1)c1ccco1
XS836662b,CC1=CN2N=C(NCC3CCC4=C(C=NN4C3)C(N)=O)SC2=N1,14.554,c1cn2nc(NCC3CCc4ccnn4C3)sc2n1
XS845441a,COC=1C=C(C=C(Cl)C1OC)C(=O)N2C=3C=CC=CC3CC2C,5.212,O=C(c1ccccc1)N1CCc2ccccc21
XS837976b,CCOC(=O)C=1C=C2OCC(CN2N1)NS(=O)(=O)NC3CC3,1.54,O=S(=O)(NC1CC1)NC1COc2ccnn2C1
XS755946b,CC(=O)NC1(CCN(C1)C=2N=CC=NC2C#N)C3=NC(C)=CS3,2.568,c1cnc(N2CCC(c3nccs3)C2)cn1
XS839433b,CCC1C(=O)N(N=C1C=2C=CC=C(C)C2)C=3N=NC=C(N)C3Cl,1.438,O=C1CC(c2ccccc2)=NN1c1cccnn1
XS845439a,O=C(C=1C=CC=C(F)C1)N2CCCC2C=3C=CC=4OCCOC4C3,6.946,O=C(c1ccccc1)N1CCCC1c1ccc2c(c1)OCCO2
XS837697b,CCN1C=C(C=CC1=O)NC(=O)NC2CCOC3(CCOCC3)C2,1.286,O=C(Nc1ccc(=O)[nH]c1)NC1CCOC2(CCOCC2)C1
XS845455a,O=C(CCC1CCCO1)NC2=NC=C(CC=3C=CC=CC3F)S2,6.67,O=C(CCC1CCCO1)Nc1ncc(Cc2ccccc2)s1
XS845453a,CC(=O)NC(C(=O)N1CCN(CC1)C2=NC=CS2)C3CCCC3,2.914,O=C(CC1CCCC1)N1CCN(c2nccs2)CC1
XS837943b,CN1CC2(CCN(CC2)S(=O)(=O)C3CCOC3)C=4C=CC=CC41,14.996,O=S(=O)(C1CCOC1)N1CCC2(CC1)CNc1ccccc12
XS845450a,CC1=CC=C(O1)C2=CC=C(S2)C(=O)N3CCCCC3CC(N)=O,6.628,O=C(c1ccc(-c2ccco2)s1)N1CCCCC1
XS845456a,CN(C(=O)C=1C=CC=C(C1)N2CCNC2=O)C3CCC=4C=CC=CC43,2.586,O=C(NC1CCc2ccccc21)c1cccc(N2CCNC2=O)c1
XS845448a,COC=1C=CC(=CC1)NC(=O)N2CCN(CC2)C(=O)C3CCCO3,4.07,O=C(Nc1ccccc1)N1CCN(C(=O)C2CCCO2)CC1
XS845452a,O=C(NCC=1C=CC=CC1CN2C=CN=C2)C3CC=4C=CC=CC4O3,0.552,O=C(NCc1ccccc1Cn1ccnc1)C1Cc2ccccc2O1
XS839047b,FC=1C=CC(=CC1)CN2C=C(C=N2)OCC3CC4(CCOCC4)O3,5.566,c1ccc(Cn2cc(OCC3CC4(CCOCC4)O3)cn2)cc1
XS839653b,O=C(O)C1CCN2C(=NN=C2C1)C=3SC=4C=CC=CC4C3Cl,0.976,c1ccc2sc(-c3nnc4n3CCCC4)cc2c1
XS845451a,CC(OC(=O)C=1C=CC(=O)N(C1)CC=2C=CC=CC2Cl)C(N)=O,2.004,O=c1ccccn1Cc1ccccc1
XS842734b,CC(=O)NCC(C)OC(=O)C=1N=C(NC1C)C=2C=CC=C(Cl)C2,1.112,c1ccc(-c2ncc[nH]2)cc1
XS663175b,CC=1C=CC(=CC1NC2CCN(C2=O)C=3C=CC(C#N)=CC3)C(N)=O,7.17,O=C1C(Nc2ccccc2)CCN1c1ccccc1
XS837842b,CC1=NC(C)=C(S1)C(C)N(C)C2=C(C#N)C(=O)N(C)C(=O)N2C,1.118,O=c1cc(NCc2cncs2)[nH]c(=O)[nH]1
XS845470a,CCC=1OC(=CC1C(=O)O)C(=O)NC(CC)C=2C=CC=C3C=CNC23,1.224,O=C(NCc1cccc2cc[nH]c12)c1ccco1
XS845462a,CC=1C=CC(=CC1)C2=NN=C(CN3CCCC(CN4C=NC=N4)C3)O2,6.698,c1ccc(-c2nnc(CN3CCCC(Cn4cncn4)C3)o2)cc1
XS845460a,CC(OC=1C=CC(F)=CC1)C(=O)NC=2C=CC=C(C2)S(C)(=O)=O,1.08,O=C(COc1ccccc1)Nc1ccccc1
XS845467a,CC1(C)CN(C(=O)C=2C=NN(C2)C3CC3)C1C4=NC=CN4CC5CC5,1.206,O=C(c1cnn(C2CC2)c1)N1CCC1c1nccn1CC1CC1
XS845461a,CN1CCN(CC1)C=2C=CC(=CN2)NC(=O)C3CCC=4C=CC=CC43,3.518,O=C(Nc1ccc(N2CCNCC2)nc1)C1CCc2ccccc21
XS845458a,CC=1C=C(Cl)C=CC1OC(C)C(=O)N2CCCN(CC2)C(N)=O,1.786,O=C(COc1ccccc1)N1CCCNCC1
XS713562b,COC=1C=CC=C(C1)C2CCCN2S(=O)(=O)N3CCCCCC3,8.236,O=S(=O)(N1CCCCCC1)N1CCCC1c1ccccc1
XS842737b,CC1CN(CCN1C=2C=CN=CC2)C=3N=CN=C4C3NC(=O)CN4C,3.702,O=C1CNc2ncnc(N3CCN(c4ccncc4)CC3)c2N1
XS845465a,CC1CCCCN1C(=O)COC(=O)C=2C=CC(=CC2)S(C)(=O)=O,4.778,O=C(OCC(=O)N1CCCCC1)c1ccccc1
XS732590b,CC=1C=CC(=CC1)C(CC(=O)O)NC(=O)CN2N=NC=3C=CC=CC32,1.86,O=C(Cn1nnc2ccccc21)NCc1ccccc1
XS845469a,CC1=NC(=CS1)CSCCC(=O)NC(C)C=2C=CC=C(F)C2,0.614,O=C(CCSCc1cscn1)NCc1ccccc1
XS845463a,CCC1=NN2CCCC(NC(=O)C3(CC=4C=CC=CC4)CCC3)C2=N1,1.016,O=C(NC1CCCn2ncnc21)C1(Cc2ccccc2)CCC1
XS802595b,COC1=C(C(C)=NN1C)C2CCCN2C(=O)C3=CC=C(Cl)S3,5.958,O=C(c1cccs1)N1CCCC1c1cn[nH]c1
XS836458b,CC1(C)CCC=2ON=C(CN3C=C(CCS(C)(=N)=O)N=N3)C2C1,2.02,c1cn(Cc2noc3c2CCCC3)nn1
XS626195b,CC1=NOC(=N1)C2CC(=O)N(C2)C3CN(C3)C=4C=CC(C#N)=C(C)N4,32.408,O=C1CC(c2ncno2)CN1C1CN(c2ccccn2)C1
XS732058b,CCOC=1N=C(C)C=CC1C(=O)NC(C)C=2C=CC=3NC(=O)CC3C2,10.356,O=C1Cc2cc(CNC(=O)c3cccnc3)ccc2N1
XS845479a,CC1=NC=2C=CC=CC2N1CC(=O)NC(C)C=3C=CC4=CC=CC=C4C3,0.948,O=C(Cn1cnc2ccccc21)NCc1ccc2ccccc2c1
XS840623b,[O-][N+](=O)C=1C=CC=NC1OC=2C=CC(=CC2)OC3CCCCNC3=O,5.436,O=C1NCCCCC1Oc1ccc(Oc2ccccn2)cc1
XS845472a,COC1=CC(=CC(OC)=C1Br)C(=O)N2CCCC(C)C2,3.302,O=C(c1ccccc1)N1CCCCC1
XS845485a,CC1=NC=2C=CC=CC2C(=O)N1CCCC(=O)N3CCCC(C)CC3,0.4,O=C(CCCn1cnc2ccccc2c1=O)N1CCCCCC1
XS727384b,CC=1C=CC(=NC1)NC(=O)C2CCCN(C2)C(=O)C=3C=CC(F)=CN3,10.788,O=C(Nc1ccccn1)C1CCCN(C(=O)c2ccccn2)C1
XS587514b,CC(C)OC=1C=CC=C(C1)CN(C)C(=O)NC2CCC=3NN=CC3C2,2.118,O=C(NCc1ccccc1)NC1CCc2[nH]ncc2C1
XS845474a,CC=1C=C(F)C=C2NC(=CC12)C(=O)NC3CCN(C3)C=4C=NN(C)C4,12.536,O=C(NC1CCN(c2cn[nH]c2)C1)c1cc2ccccc2[nH]1
XS845475a,CCC=1C=CC(=CC1)C(NC(=O)C(=O)NC=2C(C)=NOC2C)C(C)C,2.982,O=C(NCc1ccccc1)C(=O)Nc1cnoc1
XS527408b,CC1=NN(C)C(C)=C1CC(C)NC(=O)NCC=2C=CC(=CC2)C3CC3,2.186,O=C(NCCc1cn[nH]c1)NCc1ccc(C2CC2)cc1
XS845484a,O=C1OCCC1SC=2C=CC(=CN2)S(=O)(=O)N3CCOCC3,3.566,O=C1OCCC1Sc1ccc(S(=O)(=O)N2CCOCC2)cn1
XS003672d,CCC1=NC=2C=CC=CC2N1CC(O)COCC=3C=CC(Cl)=CC3,1.02,c1ccc(COCCCn2cnc3ccccc32)cc1
XS836823b,CC=1C=CC(=CC1F)CS(=O)(=O)N2CCCC3(CCCCO3)C2,6.71,O=S(=O)(Cc1ccccc1)N1CCCC2(CCCCO2)C1
XS839903b,COC=1N=CC(Cl)=C(N1)N2CCN(CC2)C3(CCOC3)C(N)=O,2.242,c1cc(N2CCN(C3CCOC3)CC2)ncn1
XS842592b,COC(=O)C(NC(=O)C1=CSN=C1C)C=2C=CC(Cl)=C(F)C2,0.714,O=C(NCc1ccccc1)c1cnsc1
XS836845b,NC(=O)C=1C=CC(COC(=O)C2CNC=3C=CC=CC32)=C(C1)[N+]([O-])=O,1.346,O=C(OCc1ccccc1)C1CNc2ccccc21
XS845482a,CCN(CC1COC=2C=CC=CC2O1)C(=O)NCC=3C=CC=C(F)C3,0.528,O=C(NCc1ccccc1)NCC1COc2ccccc2O1
XS390851b,N#CC=1C=CC=CC1CN(CC2=CC=CS2)C3CCS(=O)(=O)C3,1.728,O=S1(=O)CCC(N(Cc2ccccc2)Cc2cccs2)C1
XS841856b,CCC(NC(=O)N1CCN(CC1)C2=NN=CN2C)C3=CSC(C)=C3,0.766,O=C(NCc1ccsc1)N1CCN(c2nnc[nH]2)CC1
XS845488a,CN1C=CN=C1C(NC(=O)C2=CC=C(Cl)S2)C=3C=CC=CC3F,2.614,O=C(NC(c1ccccc1)c1ncc[nH]1)c1cccs1
XS810177b,O=C(COC=1C=CC(F)=CC1F)NC2CCCN(C2)C=3N=CC=CN3,1.198,O=C(COc1ccccc1)NC1CCCN(c2ncccn2)C1
XS845494a,COC=1C=CC(OC)=C(C1)C(C)NC(=O)C=2C=CC(OC)=C(C2)OC,3.09,O=C(NCc1ccccc1)c1ccccc1
XS845490a,O=C1C=C(N=C2C=CC=CN12)N3CCCC3C=4C=CC=5OCCOC5C4,1.704,O=c1cc(N2CCCC2c2ccc3c(c2)OCCO3)nc2ccccn12
XS722648b,COCCN1C=C(C=N1)NC(=O)N2CCCC2C=3C=CC(=CC3)OC,12.508,O=C(Nc1cn[nH]c1)N1CCCC1c1ccccc1
XS845487a,O=C(N1CCC(C1)C2CCOCC2)C3(CCCCC3)C4=CC=CS4,3.298,O=C(N1CCC(C2CCOCC2)C1)C1(c2cccs2)CCCCC1
XS845486a,CCOC=1C=CC=CC1C(=O)NC(C)C=2C=CC(=CC2)S(C)(=O)=O,6.414,O=C(NCc1ccccc1)c1ccccc1
XS806965b,CC=1C=C(C)C=C(C1)N(C)CC=2C=NN(C2)C3(C)CCS(=O)(=O)C3,8.268,O=S1(=O)CCC(n2cc(CNc3ccccc3)cn2)C1
XS839960b,O=C(NC=1C=CC(Br)=C2C=CC=CC12)N3CCC(CO)C3,0.42,O=C(Nc1cccc2ccccc12)N1CCCC1
XS839982b,CC(C(=O)N(C)C)S(=O)(=O)NC=1C=CC=NC1NC=2C=CC=CC2,1.78,c1ccc(Nc2ccccn2)cc1
XS845489a,CCCNC=1C=CC(=CC1)CNC(=O)C(C)OC=2C=CC(Cl)=CC2,2.996,O=C(COc1ccccc1)NCc1ccccc1
XS845491a,CC1=CC=C(CNC(=O)C2CCCN(C2)C(=O)C3=CC=CS3)S1,3.772,O=C(NCc1cccs1)C1CCCN(C(=O)c2cccs2)C1
XS482672b,CC(NC=1N=CN=C2C(F)=CC=CC12)C=3C=CC(=CC3)S(C)(=O)=O,0.864,c1ccc(CNc2ncnc3ccccc23)cc1
XS839630b,CC1(CC=2C=CC=CC2C(=O)O1)C(=O)NC=3C=CC=C(C3)N4C=NN=N4,3.322,O=C1OC(C(=O)Nc2cccc(-n3cnnn3)c2)Cc2ccccc21
XS845492a,CC(=O)N1CCN(CC(=O)NC(C)C=2C=CC(=CC2)CC(C)C)CC1,1.134,O=C(CN1CCNCC1)NCc1ccccc1
XS842543b,O=C(NC=1C=CC=C(C1)S(=O)(=O)NC=2CCCN2)C3CC=CCC3,0.688,O=C(Nc1cccc(S(=O)(=O)NC2=NCCC2)c1)C1CC=CCC1
XS764792b,CCN1C=NC=2C(=NC=NC21)N3CCCC(CNC(=O)C(C)(C)C)C3,0.606,c1nc(N2CCCCC2)c2nc[nH]c2n1
XS845495a,CC(=O)N1CCCC(C1)C(=O)NCC(C)(C)C=2C=CC=3OCOC3C2,5.618,O=C(NCCc1ccc2c(c1)OCO2)C1CCCNC1
XS556036b,O=C(CN1CCCCCCC1=O)NC(C=2C=CC=CC2)C=3C=CC=CN3,11.09,O=C(CN1CCCCCCC1=O)NC(c1ccccc1)c1ccccn1
XS783341b,CC1=NOC(CC2(O)CCCN(C2)C(=O)CC3=CNC=4C=CC=CC34)=N1,1.702,O=C(Cc1c[nH]c2ccccc12)N1CCCC(Cc2ncno2)C1
XS787633b,CCOC=1C=CC=2OC(C(=O)NC(C(N)=O)C=3C=CC=CC3)=C(C)C2C1,0.85,O=C(NCc1ccccc1)c1cc2ccccc2o1
XS845500a,CC(OC(=O)C=1C=CC(=CC1)CCNS(C)(=O)=O)C(=O)NC2CC2,2.34,O=C(COC(=O)c1ccccc1)NC1CC1
XS845506a,COC=1C=CC(=CC1F)CCC(=O)N2CCCC(C2)N3CCNC3=O,9.34,O=C(CCc1ccccc1)N1CCCC(N2CCNC2=O)C1
EL002605c,CC1=CNC(=O)N1C=2C=CC=C(C2)C(=O)NC3COCC=4C=CC=NC43,2.836,O=C(NC1COCc2cccnc21)c1cccc(-n2cc[nH]c2=O)c1
XS845504a,O=C(NCCC1CCCO1)C=2C=NC3=C(C=NN3CC=4C=CC=CC4)C2,11.246,O=C(NCCC1CCCO1)c1cnc2c(cnn2Cc2ccccc2)c1
XS840511b,C=CCN1C=C(C(=O)OC(C)C(=O)NC2=CC(C)=NO2)C=3C=CC=CC31,5.332,O=C(COC(=O)c1c[nH]c2ccccc12)Nc1ccno1
XS845505a,CCN(CC)C(CNC(=O)NCC=1C=CC=C(C#N)C1)C=2C=CSC2,39.288,O=C(NCCc1ccsc1)NCc1ccccc1
XS845507a,CCC1=NOC(C)=C1C(=O)NCC2CCN(C2)C=3C=CC(F)=C(F)C3,2.046,O=C(NCC1CCN(c2ccccc2)C1)c1cnoc1
XS845503a,CCOC=1C=C2CC(C)OC2=CC1CNC(=O)NCCCNC(C)=O,0.536,c1ccc2c(c1)CCO2
XS790505b,CCCC(NC(=O)C1CCN(CC1)S(=O)(=O)CC)C=2C=CC=CC2,1.742,O=C(NCc1ccccc1)C1CCNCC1
XS845498a,O=C1C(CCCN1C=2C=CC=CC2F)N3CCN(CC3)C=4C=CC=NN4,0.486,O=C1C(N2CCN(c3cccnn3)CC2)CCCN1c1ccccc1
XS845497a,CC(OC(=O)C=1C(F)=CC=CC1F)C(=O)NC=2SC=CC2C(N)=O,3.77,O=C(COC(=O)c1ccccc1)Nc1cccs1
XS759445b,CCC1CN(CC(=O)NC=2C=CC(=CC2)NC(C)=O)C=3C=CC=CC3O1,1.108,O=C(CN1CCOc2ccccc21)Nc1ccccc1
XS841517b,N#CC=1C=NC=CC1NC2CCCC=3SC(=NC32)C=4C=CC(F)=CC4,1.422,c1ccc(-c2nc3c(s2)CCCC3Nc2ccncc2)cc1
XS838183b,O=C(O)C(CC(F)F)NC(=O)C=1C=C(N=C2C=CC(F)=CC12)C3CC3,0.69,c1ccc2nc(C3CC3)ccc2c1
XS836548b,O=C(NC1CN(CC2(CC2)C1)C(=O)C=3C=NN(C3)C4CC4)C56CC(C5)C6,2.706,O=C(c1cnn(C2CC2)c1)N1CC(NC(=O)C23CC(C2)C3)CC2(CC2)C1
XS841811b,CC(C)C=1C=CC(=CC1)OCC(=O)NC=2C=NN(C2)C3CNCCOC3,2.594,O=C(COc1ccccc1)Nc1cnn(C2CNCCOC2)c1
XS838138b,COC=1C=CC=CC1N2CCC(C2)NS(=O)(=O)C3=CC(C)=C(C)S3,11.176,O=S(=O)(NC1CCN(c2ccccc2)C1)c1cccs1
XS845509a,O=C(C1=CN=C2C=CC=CN12)N3CCCC(C3)N4C=CC(=N4)C(F)(F)F,0.938,O=C(c1cnc2ccccn12)N1CCCC(n2cccn2)C1
XS845518a,CC(C)(C)C(NC(=O)NC=1C=CC=2OCCCOC2C1)C3=CC=CS3,3.728,O=C(NCc1cccs1)Nc1ccc2c(c1)OCCCO2
XS839665b,NC(=O)C1=CNC=2N=CN=C(NC=3C=CC(=CC3)C4CC(=O)NC(=O)N4)C12,6.71,O=C1CC(c2ccc(Nc3ncnc4[nH]ccc34)cc2)NC(=O)N1
XS845516a,CCC(C(=O)N1CCN(CC1)C2=CC(C)=NC3=NC=NN23)C=4C=CC=CC4,17.458,O=C(Cc1ccccc1)N1CCN(c2ccnc3ncnn23)CC1
XS572730b,CC=1N=C(CC=2C=CC(F)=CC2)SC1C(=O)N3CCCC(C3)C(=O)O,1.834,O=C(c1cnc(Cc2ccccc2)s1)N1CCCCC1
XS436764b,CC(=O)NC=1C=CC(C)=C(C1)S(=O)(=O)N2CCOCC(C2)C3CCC3,7.17,O=S(=O)(c1ccccc1)N1CCOCC(C2CCC2)C1
XS135747c,CC1CCC=2SC(=CC2C1)C(=O)OCC(=O)NC(=O)C3=CC=CN3C,1.904,O=C(COC(=O)c1cc2c(s1)CCCC2)NC(=O)c1ccc[nH]1
XS427802b,CC1CCN(CC1)C(=O)C2CCCN(C2)C(=O)NC=3C=CC(F)=CC3F,3.14,O=C(Nc1ccccc1)N1CCCC(C(=O)N2CCCCC2)C1
XS845520a,CC1=CSC(=O)N1CCC(=O)OC(C)C(=O)NC=2C=CC=C(C#N)C2,19.912,O=C(COC(=O)CCn1ccsc1=O)Nc1ccccc1
XS845513a,O=C(NCC=1C=CC=CN1)C2CCCN(C2)C(=O)C=3C=CC(Cl)=CC3,5.34,O=C(NCc1ccccn1)C1CCCN(C(=O)c2ccccc2)C1
XS839175b,O=C(O)CN1N=C(C=C1C2=CN(CCC3CCCC3(F)F)N=N2)C4CC4,7.312,c1c(C2CC2)n[nH]c1-c1cn(CCC2CCCC2)nn1
XS840231b,CCNS(=O)(=O)C1CCN(C1)C(=O)NC2=NC(=NS2)C(C)(C)C,5.53,O=C(Nc1ncns1)N1CCCC1
XS845510a,CCOC(=O)C1CCCN(C1)C(=O)C=2SC(=NC2C)C3=CC=CS3,7.196,O=C(c1cnc(-c2cccs2)s1)N1CCCCC1
XS845514a,CC=1C=CC=C(C1)N2CCN(CC2)C(=O)C3CCCN(C3)C(=O)C(C)C,9.65,O=C(C1CCCNC1)N1CCN(c2ccccc2)CC1
XS837790b,CC(NC(=O)NC=1C=C(F)C=C(C1)S(N)(=O)=O)C=2C=CC(Cl)=CC2,5.41,O=C(NCc1ccccc1)Nc1ccccc1
XS839098b,CCOC=1C=C(C=CN1)C(=O)N2CC(CC2(C)C)NC(=O)C34CC(F)(C3)C4,5.896,O=C(c1ccncc1)N1CCC(NC(=O)C23CC(C2)C3)C1
XS845528a,CC(NC(=O)CCCC1=NN=C(O1)C=2C=CC=CC2)C=3C=CC(F)=C(F)C3,2.762,O=C(CCCc1nnc(-c2ccccc2)o1)NCc1ccccc1
XS845525a,COCCNS(=O)(=O)C=1C=CC(=CC1)C(=O)NC2CCC=3C=CC=CC32,1.472,O=C(NC1CCc2ccccc21)c1ccccc1
XS845521a,COC=1C=CC=CC1C2(CC2)C(=O)NC3CCN(C3=O)C=4C=CC=CC4F,5.932,O=C1C(NC(=O)C2(c3ccccc3)CC2)CCN1c1ccccc1
XS839212b,COC=1C=CC(=CN1)NC(=O)NC(CS(=O)(=O)N(C)C)C(F)(F)F,1.342,c1ccncc1
XS845522a,CS(=O)(=O)N1CCCC1C(=O)NC2=NC=3C(=CC=C4C=CC=CC34)S2,11.434,O=C(Nc1nc2c(ccc3ccccc32)s1)C1CCCN1
XS839545b,O=C(CC1=NOC(=N1)C2CCCC=3NN=NC32)N(CC(F)(F)F)C4CC4,3.224,O=C(Cc1noc(C2CCCc3[nH]nnc32)n1)NC1CC1
XS838313b,O=C(NC=1C=CC=CC1CC=2C=CC=CN2)C(=O)NC3CCC=4C=CC=NC43,5.636,O=C(Nc1ccccc1Cc1ccccn1)C(=O)NC1CCc2cccnc21
XS845524a,COC=1N=C(C)N=C(C1C)N2CCC3(CC3N(C)CC4=NC=CS4)CC2,1.6,c1cc(N2CCC3(CC2)CC3NCc2nccs2)ncn1
XS334772c,CC1=CC=C(CNC(=O)N2CCC(C2)OC=3C=CC(Cl)=CC3)C(=O)N1C,3.24,O=C(NCc1ccc[nH]c1=O)N1CCC(Oc2ccccc2)C1
XS845531a,COC(=O)CC(NC(=O)C1=CSC(=N1)C=2N=CC=CN2)C=3C=CC=CC3,3.31,O=C(NCc1ccccc1)c1csc(-c2ncccn2)n1
XS845544a,CCS(=O)(=O)NC=1C=CC(=CC1)C=2CC(C3=CC=CS3)N(N2)C(C)=O,19.61,c1ccc(C2=NNC(c3cccs3)C2)cc1
XS842090b,CCNC(=O)NC(=O)C(C)NC=1C=CC(OCC)=C(C1)S(=O)(=O)N(C)C,14.79,c1ccccc1
XS549051b,O=C(CC=1C=CC(=CC1)NC(=O)C2CC2)NC3CCCOC=4C=C(F)C=CC43,2.314,O=C(Cc1ccc(NC(=O)C2CC2)cc1)NC1CCCOc2ccccc21
XS837815b,C=CCN(C(=O)NCCN1C(=O)NC=2C=CC=CC21)C3CCC=4C=CC=CC43,3.036,O=C(NCCn1c(=O)[nH]c2ccccc21)NC1CCc2ccccc21
XS845543a,CC(=O)NC=1C=CC=C(C1)C(C)NC(=O)C2=NN(C(=O)CN2)C=3C=CC=CC3,0.754,O=C(NCc1ccccc1)C1=NN(c2ccccc2)C(=O)CN1
XS333363b,CN1N=CC=C1N2CCCC(C2=O)N(CC=3C=CC(C#N)=CC3)S(C)(=O)=O,7.064,O=C1C(NCc2ccccc2)CCCN1c1ccn[nH]1
XS845538a,CC1CN(CCN1C(=O)C=2C=CC=C(C2)NC(=O)C3CC3)C=4C=CC=CC4F,1.014,O=C(Nc1cccc(C(=O)N2CCN(c3ccccc3)CC2)c1)C1CC1
XS845542a,CC=1C=CC(=CC1)N2CC(CC2=O)C(=O)NC3=CC=NN3CC4=CC=CS4,8.824,O=C(Nc1ccnn1Cc1cccs1)C1CC(=O)N(c2ccccc2)C1
XS838012b,CC(C)C1N(CC21CCOCC2)C(=O)C=3C=NNC3C=4C=CC=5OCOC5C4,1.168,O=C(c1cn[nH]c1-c1ccc2c(c1)OCO2)N1CC2(CCOCC2)C1
XS838539b,CC1=NN(C=C1CNC(=O)N2CCCC3(CCC=4C=CC=CC4O3)C2)CCO,1.13,O=C(NCc1cn[nH]c1)N1CCCC2(CCc3ccccc3O2)C1
XS845537a,CN1N=C(C=C1OC(F)F)C(=O)N2CCCCC2C3=NC=4C=CC=CC4O3,0.658,O=C(c1cc[nH]n1)N1CCCCC1c1nc2ccccc2o1
XS841729b,CC1=NSC(=N1)N2CCN(CC2)C(C)C(=O)NCC=3C=CC(Cl)=CC3,3.228,O=C(CN1CCN(c2ncns2)CC1)NCc1ccccc1
XS840757b,CCOC(=O)C1=CC(=CN1C)NC(=O)C(C)OC=2C=CC=CC2C(F)(F)F,1.808,O=C(COc1ccccc1)Nc1cc[nH]c1
XS748515b,CC(NCC1=CSC(=N1)C=2C=CC=3OCOC3C2)(C(N)=O)C=4C=CC=CC4,4.256,c1ccc(CNCc2csc(-c3ccc4c(c3)OCO4)n2)cc1
XS842148b,CCOC(=O)C(C)(NC(=O)CC1=COC=2C=C3CCCC3=CC12)C=4C=CC=NC4,12.228,O=C(Cc1coc2cc3c(cc12)CCC3)NCc1cccnc1
XS842029b,CC1=CSC(CN(CC2CCCO2)C(=O)C=3NC=4C=CC=CC4C3Cl)=N1,3.132,O=C(c1cc2ccccc2[nH]1)N(Cc1nccs1)CC1CCCO1
XS845554a,O=C(NCC=1C=CC=C(C1)OCC(F)(F)F)C2CCCN(C2)C=3C=NC=CN3,2.16,O=C(NCc1ccccc1)C1CCCN(c2cnccn2)C1
XS845553a,CCNC(=O)COC=1C=CC(=CC1)NC(=O)C=2C=CC=CC2OCC3CCCO3,1.046,O=C(Nc1ccccc1)c1ccccc1OCC1CCCO1
XS845552a,CC(C=1C=CC(Cl)=CC1)N(C)C(=O)C2CCN(CC2)C(=O)C3=CC=CS3,10.284,O=C(NCc1ccccc1)C1CCN(C(=O)c2cccs2)CC1
XS840000b,CC=1C=CC(=C(C)C1)N2C=C(C=N2)NC(=O)N3CCCCC3CS(C)(=O)=O,7.288,O=C(Nc1cnn(-c2ccccc2)c1)N1CCCCC1
XS837412b,CNS(=O)(=O)C=1C=CC=C(C1)C(C)NC(=O)N2CC=3C=CC=C(Cl)C3C2,3.662,O=C(NCc1ccccc1)N1Cc2ccccc2C1
XS840932b,COC=1C=NC=C(C1)C(=O)NCC2CCN(CC2(F)F)C(=O)CN3C=CC=N3,7.644,O=C(NCC1CCN(C(=O)Cn2cccn2)CC1)c1cccnc1
XS845556a,O=C(CN1CCCC(C1)C2=NC=3C=CC=CC3S2)N4CCCC=5C=CC=CC54,0.65,O=C(CN1CCCC(c2nc3ccccc3s2)C1)N1CCCc2ccccc21
XS845558a,O=C(O)CCC(=O)N1N=C(CC1C2=CC=CO2)C=3C=CC(Br)=CC3,1.306,c1ccc(C2=NNC(c3ccco3)C2)cc1
XS845551a,OC(COC=1C=CC(Br)=CC1)CN2CCN(CC2)C=3C=CC=CN3,1.25,c1ccc(OCCCN2CCN(c3ccccn3)CC2)cc1
XS845563a,CCNC(=O)NC(=O)C(C)OC(=O)C1=CC=2C(C)=NN(CC=3C=CC=CC3)C2S1,15.874,c1ccc(Cn2ncc3ccsc32)cc1
XS845576a,O=C(C=1C=CC=C(C1)OCC=2C=CC=NC2)N3CCCC(C3)C4=NC=5C=CC=CC5N4,4.224,O=C(c1cccc(OCc2cccnc2)c1)N1CCCC(c2nc3ccccc3[nH]2)C1
XS845566a,CC1=NN(C(C)=C1CN(C)C(=O)C2CC(=O)NC=3C=C(F)C=CC32)C=4C=CC=CC4,6.85,O=C1CC(C(=O)NCc2cnn(-c3ccccc3)c2)c2ccccc2N1
XS842457b,CCN(C(=O)C=1SC=2N=C(C)C=C(C)C2C1N3C=CC=C3)C4CCS(=O)(=O)C4,15.64,O=C(NC1CCS(=O)(=O)C1)c1sc2ncccc2c1-n1cccc1
XS836874b,O=C(C=1C=CC=C(C1)S(=O)(=O)NC=2C=CC=CC2F)N3CCN4C(=O)NCC4C3,1.016,O=C(c1cccc(S(=O)(=O)Nc2ccccc2)c1)N1CCN2C(=O)NCC2C1
XS845570a,CC(OC=1C=CC=C(Cl)C1)C(=O)N2CCN(CC2)S(=O)(=O)C=3C=CC=CC3,3.394,O=C(COc1ccccc1)N1CCN(S(=O)(=O)c2ccccc2)CC1
XS845574a,COC=1C=CC(=CC1NC(C)C(=O)N2CCCC2)S(=O)(=O)N3CCCCCC3,3.6,O=C(CNc1cccc(S(=O)(=O)N2CCCCCC2)c1)N1CCCC1
XS845575a,CC=1NC2=NC=NN2C(=O)C1CCC(=O)NC(CC=3C=CC=CC3)C=4C=CC=CC4,0.878,O=C(CCc1c[nH]c2ncnn2c1=O)NC(Cc1ccccc1)c1ccccc1
XS845571a,CCOC=1C=CC(=CC1)S(=O)(=O)NC=2C=CC=C(C2)C(=O)NCC3CCCO3,1.682,O=C(NCC1CCCO1)c1cccc(NS(=O)(=O)c2ccccc2)c1
XS845578a,CC(C)C(NC(=O)CN1C(=O)CCOC=2C=CC=CC21)C=3C=CC=4OCCOC4C3,8.55,O=C(CN1C(=O)CCOc2ccccc21)NCc1ccc2c(c1)OCCO2
XS845577a,CC(NC(=O)CCC1=NC(=NO1)C=2C=CC=CC2)C=3C=CC(=CC3)S(N)(=O)=O,1.3,O=C(CCc1nc(-c2ccccc2)no1)NCc1ccccc1
XS845564a,O=C(CSC1=NC=2C=CC=CC2O1)N(CC=3C=CC=CC3)C4CCS(=O)(=O)C4,1.894,O=C(CSc1nc2ccccc2o1)N(Cc1ccccc1)C1CCS(=O)(=O)C1
XS845568a,CCC(C(=O)NC=1C=C(C=CC1C)S(=O)(=O)N2CCOCC2)C=3C=CC=CC3,0.812,O=C(Cc1ccccc1)Nc1cccc(S(=O)(=O)N2CCOCC2)c1
XS845580a,CC=1C=CC(=CC1C(=O)N2CCC3(C2)C(=O)NC=4C=CC=CC43)S(=O)(=O)NC5CC5,5.032,O=C(c1cccc(S(=O)(=O)NC2CC2)c1)N1CCC2(C1)C(=O)Nc1ccccc12
XS845590a,CCOC=1C=C2CC(C)OC2=CC1CNC(=O)C3CCN(CC3)C4=NS(=O)(=O)C=5C=CC=CC45,1.92,O=C(NCc1ccc2c(c1)OCC2)C1CCN(C2=NS(=O)(=O)c3ccccc32)CC1
XS840554b,CNC(=O)CN1C=2C=CC=CC2C(=O)N(C)C1C=3C=CC(=CC3Br)OCCO,8.98,O=C1NC(c2ccccc2)Nc2ccccc21
XS840986b,COC=1C=CC=C2CC(OC12)C(=O)N3CCCN(CC3)C(=O)C=4N=NN(C)C4C(F)F,8.046,O=C(c1c[nH]nn1)N1CCCN(C(=O)C2Cc3ccccc3O2)CC1
XS836597b,CC(NS(=O)(=O)C1=CN=C(S1)C=2C=CC(Br)=CC2)C=3C=CN=CC3,13.214,O=S(=O)(NCc1ccncc1)c1cnc(-c2ccccc2)s1
XS845583a,COC=1C=CC(=CC1S(=O)(=O)NC2CCCC2)C(=O)N3CCCC(C3)C4=NC=5C=CC=CC5S4,7.546,O=C(c1cccc(S(=O)(=O)NC2CCCC2)c1)N1CCCC(c2nc3ccccc3s2)C1
XS845587a,CCOC(=O)C=1SC=2N=C(NC(=O)C2C1C)C(C)N(C)CC=3C=CC(=CC3OC)OC,4.508,O=c1[nH]c(CNCc2ccccc2)nc2sccc12
XS707817b,CCN1C(CNC(C)C=2C=CC=CC2)=NC=3C=C(C=CC31)S(=O)(=O)N4CCOCC4,8.042,O=S(=O)(c1ccc2[nH]c(CNCc3ccccc3)nc2c1)N1CCOCC1
XS837176b,CC1=NC(C)=C(S1)C(C)NC(=O)NC=2C=C(Br)C=CC2N3CCOCC3,1.498,O=C(NCc1cncs1)Nc1ccccc1N1CCOCC1
XS841208b,CCCN1C(=O)N(CC(=O)OC(C)C(=O)NCC=2C=CC=3OCOC3C2)C=4C=CC=CC41,2.26,O=C(COC(=O)Cn1c(=O)[nH]c2ccccc21)NCc1ccc2c(c1)OCO2
XS839660b,CC=1C=CC(=CC1)S(=O)(=O)N2CCCN(CC2)C(=O)NCC3CC=4C=CC=CC4O3,1.19,O=C(NCC1Cc2ccccc2O1)N1CCCN(S(=O)(=O)c2ccccc2)CC1
XS845588a,CC(C1=NC=2SC=C(C=3C=CC=CC3)C2C(=O)N1)N4CCN(CC4)C(=O)C5=CC=CO5,1.794,O=C(c1ccco1)N1CCN(Cc2nc3scc(-c4ccccc4)c3c(=O)[nH]2)CC1
XS845582a,COC=1C=CC=CC1C(C)NC(=O)C=2C=CC3=C(C2)S(=O)(=O)N=C4CCCCCN34,3.782,O=C(NCc1ccccc1)c1ccc2c(c1)S(=O)(=O)N=C1CCCCCN12
XS845586a,CC(=O)NC(CC(=O)NC=1C=CC=C(C1)S(=O)(=O)N2CCOCC2)C=3C=CC=CC3,1.844,O=C(CCc1ccccc1)Nc1cccc(S(=O)(=O)N2CCOCC2)c1
XS836643b,COC=1C=C(C(Cl)=CC1C(=O)NC2CCC=3C=CC=CC3N(C)C2=O)N4C=NN=N4,12.482,O=C(NC1CCc2ccccc2NC1=O)c1ccc(-n2cnnn2)cc1
XS845579a,COC=1C=CC(=CC1)C(CNC(=O)CN2CCN(CC2)C=3C=CC=CC3)C4=CNC=5C=CC=CC45,2.186,O=C(CN1CCN(c2ccccc2)CC1)NCC(c1ccccc1)c1c[nH]c2ccccc12
XS797473b,CCOC=1C=CC=CC1NC(=O)C=2C=CC(OC)=C(C2)S(=O)(=O)N3CCCCC3C,6.976,O=C(Nc1ccccc1)c1cccc(S(=O)(=O)N2CCCCC2)c1
XS519257b,COC=1C=CC(=CN1)NC(=O)N2CCCC(C)C2,1.834,O=C(Nc1cccnc1)N1CCCCC1
XS845593a,CC(=O)N1CCCCC1C=2C=CC=NC2,2.3,c1cncc(C2CCCCN2)c1
XS840213b,NC1=NC=C(O1)C(=O)NC2CCCSC2,1.48,O=C(NC1CCCSC1)c1cnco1
XS845600a,O=C(NC1CCS(=O)(=O)C1)C2CCCCC2,2.156,O=C(NC1CCS(=O)(=O)C1)C1CCCCC1
XS842061b,CCC(C)(C#N)C(=O)NC=1C=CC=CC1F,0.97,c1ccccc1
XS845594a,CCC(=O)NC=1SC=2CC(C)CCC2C1C#N,4.732,c1cc2c(s1)CCCC2
XS845604a,O=C1NCCCC1NC2=NC=3C=CC=CC3S2,6.648,O=C1NCCCC1Nc1nc2ccccc2s1
XS758596b,CC(CO)NC(=O)C=1C=C(O)N=C2C=CC=CC12,7.666,c1ccc2ncccc2c1
XS845598a,CC(C(N)=O)N1CCN(CC1)C=2C=CC=CC2,0.488,c1ccc(N2CCNCC2)cc1
XS845602a,CCC(C)NC(=O)C=1C=NC2=CC=CC=C2N1,0.458,c1ccc2nccnc2c1
XS845601a,CCC(C)NC(=O)C=1C=CC(=CC1)N2C=CC=N2,0.784,c1ccc(-n2cccn2)cc1
XS845603a,O=C(C1=CC=CN1)N2CCCC2C3CCCC3,2.754,O=C(c1ccc[nH]1)N1CCCC1C1CCCC1
XS839234b,CC(=O)NC(C)C(=O)N1CCCC21CCCC2,0.914,C1CCC2(C1)CCCN2
XS839384b,C=CCN1CCC(NC2=CN(C)N=C2OC)C1=O,1.68,O=C1NCCC1Nc1cn[nH]c1
XS845595a,CC(NC(=O)C1=CC=CO1)C=2C=CC=CC2,0.384,O=C(NCc1ccccc1)c1ccco1
XS838019b,C1=CN2C=CC=C(C=3C=NN(C3)C4CCCCO4)C2=N1,2.202,c1cc(-c2cnn(C3CCCCO3)c2)c2nccn2c1
XS838546b,CCC(C)NC1=NN=C(O1)C2=NN(C)C=3C=CC=CC23,0.61,c1ccc2c(-c3nnco3)n[nH]c2c1
XS845612a,NC(=O)C1CCCN(C1)C=2C=NC3=CC=CC=C3N2,25.508,c1ccc2nc(N3CCCCC3)cnc2c1
XS845609a,CC=1OC=CC1C(=O)NC(C=2C=CC=CC2)C3CC3,0.84,O=C(NC(c1ccccc1)C1CC1)c1ccoc1
XS637403b,CC(=O)NC1CCCN(C1)C2=NOC(=N2)C(C)(C)C,1.548,c1nc(N2CCCCC2)no1
XS841148b,CCC(C)N1C(=O)NC(=O)C(Br)=C1C,1.672,O=c1cc[nH]c(=O)[nH]1
XS840806c,CCC(C)C=1C=CC(O)=C(C1)NC(=O)C=2C=CC=NC2,1.682,O=C(Nc1ccccc1)c1cccnc1
XS695821b,CC(C)(C)N1C=C(C=N1)NC(C(N)=O)C=2C=CC=CC2,1.982,c1ccc(CNc2cn[nH]c2)cc1
XS836897b,COC=1C=CC(O)=C(C1)NC(=O)C2CCC3(C2)N=N3,2.882,O=C(Nc1ccccc1)C1CCC2(C1)N=N2
XS838676b,O=C1C(CCN1CCF)NC=2N=CC=3NN=CC3N2,8.522,O=C1NCCC1Nc1ncc2[nH]ncc2n1
XS845615a,CC(NC(=O)C1=CC=2C=CC=CC2N1)C3=CC=CO3,2.068,O=C(NCc1ccco1)c1cc2ccccc2[nH]1
XS845605a,CC(CCC=1C=CC=CC1)NC(=O)C=2C=NN(C)C2,0.978,O=C(NCCCc1ccccc1)c1cn[nH]c1
XS618904b,CC1=CC(=NO1)NC(=O)CC(C)N2N=C(C)C=C2C,1.848,O=C(CCn1cccn1)Nc1ccon1
XS845610a,CC(NC(=O)C1=CN(C)N=C1C2CC2)C=3N=CNN3,0.724,O=C(NCc1nc[nH]n1)c1c[nH]nc1C1CC1
XS838577b,CC1=NN=C2C=3C=CC=CC3C(=NN12)NC4CC4(C)C,1.424,c1ccc2c(c1)c(NC1CC1)nn1cnnc21
XS474382b,CC=1OC=CC1C2=NOC(=N2)C3CCCC=4NN=NC43,0.884,c1cc(-c2noc(C3CCCc4[nH]nnc43)n2)co1
XS837890b,CC=1C=CC(CN(C)C(=O)C2CCOC(=O)N2)=NC1,6.906,O=C1NC(C(=O)NCc2ccccn2)CCO1
XS428549b,CCNC(=O)N1CCCC(C1)C2=NOC(CC)=N2,0.458,c1nc(C2CCCNC2)no1
XS845617a,O=C(NCC=1C=CC=CC1)N2CCCC(C2)C3=CC=NN3,0.444,O=C(NCc1ccccc1)N1CCCC(c2ccn[nH]2)C1
XS845627a,CC1=CC=C(O1)C(C)NC(=O)NC=2C=C(F)C=CC2C,1.158,O=C(NCc1ccco1)Nc1ccccc1
XS839051b,CCN1C=C(C=N1)NC2CCCC=3C=C(F)C(F)=CC32,2.06,c1ccc2c(c1)CCCC2Nc1cn[nH]c1
XS845625a,O=C(NC=1C=CC=CC1)C2CC(=O)N(CC(F)(F)F)C2,4.956,O=C1CC(C(=O)Nc2ccccc2)CN1
XS621796b,CCCNC(=O)C1CCCN(C1)C(=O)C=2N=COC2C,0.84,O=C(c1cocn1)N1CCCCC1
XS838606b,O=C1CC(C=2C=CC=CC2)C=3C=CC4=CC=CC=C4C3N1,6.524,O=C1CC(c2ccccc2)c2ccc3ccccc3c2N1
XS845628a,CC1=CC(CS(=O)(=O)C(C)C(=O)NC(C)C)=NO1,2.152,c1cnoc1
XS845619a,CC(=O)NC(C(=O)NC1=NC(=CS1)C(C)C)C(C)C,0.78,c1cscn1
XS837120b,CCC(C)(CNC(=O)C=1C=CC2=NC=CN2N1)C(N)=O,1.136,c1cnn2ccnc2c1
XS845623a,CC1CN(CC(C)(C)O1)C(=O)C=2C=CN=C3NN=CC23,1.55,O=C(c1ccnc2[nH]ncc12)N1CCOCC1
XS745789b,CN(CC=1C=CC(F)=CC1Cl)C(=O)C2CCC(=O)N2,0.684,O=C1CCC(C(=O)NCc2ccccc2)N1
XS845621a,COC=1C=CC=CC1C2=NN=C(O2)SC(C)C(N)=O,7.112,c1ccc(-c2nnco2)cc1
XS845629a,O=C1C=2C=CC=CC2NC(C=3C=CC=CC3F)N1C4CC4,1.016,O=C1c2ccccc2NC(c2ccccc2)N1C1CC1
XS845624a,CC(SC1=NC=CN1C)C2=NC(=NO2)C3=CC=CO3,2.228,c1coc(-c2noc(CSc3ncc[nH]3)n2)c1
XS845620a,CC=1C=CC(=CC1)C2=CSC(=N2)SC(C)C(N)=O,6.144,c1ccc(-c2cscn2)cc1
XS836789b,CN(CC=1N=NN(C)N1)C(C=2C=CC=CC2)C(F)(F)F,1.474,c1ccc(CNCc2nn[nH]n2)cc1
XS207620c,CN1N=C(C=C1C(=O)NC2CNC(=O)C2)C=3C=CC=CC3,0.938,O=C1CC(NC(=O)c2cc(-c3ccccc3)n[nH]2)CN1
XS841255b,COC(=O)C(CNS(C)(=O)=O)C=1C=CC(F)=CC1,0.534,c1ccccc1
XS839924b,CCC1CN(CCCO1)C=2N=C3N=CC=CC3=CC2C#N,0.872,c1cnc2nc(N3CCCOCC3)ccc2c1
XS838487b,CC(NC(=O)C1=CN=C2COCCN12)C3=CSC(N)=N3,2.164,O=C(NCc1cscn1)c1cnc2n1CCOC2
XS842080b,CCC=1N=NC(=NC1CC)N2CCCC(C2)C3=CC=NN3,1.16,c1cnc(N2CCCC(c3ccn[nH]3)C2)nn1
XS593411b,O=C1C=2C=NN(C=3C=CC=CC3)C2N=CN1CC4CCCO4,9.796,O=c1c2cnn(-c3ccccc3)c2ncn1CC1CCCO1
XS845638a,COC=1C=CC=C(C1)N2CC(CC2=O)C(=O)NC(C)(C)C,9.658,O=C1CCCN1c1ccccc1
XS841990b,O=C(C=1C=NN2N=CC=CC12)N3CCOCC43CCOC4,9.332,O=C(c1cnn2ncccc12)N1CCOCC12CCOC2
XS841693b,O=C(NCC1CCS1)NC=2C=CC(=CC2)C(F)(F)F,1.73,O=C(NCC1CCS1)Nc1ccccc1
XS841093b,O=C(CC1C=CS(=O)(=O)C1)NCCC=2C=CN=C(O)C2,1.656,O=C(CC1C=CS(=O)(=O)C1)NCCc1ccncc1
XS845641a,CC=1C=CC=CC1N2CC(CC2=O)C(=O)NC=3C=CC=CC3,19.684,O=C(Nc1ccccc1)C1CC(=O)N(c2ccccc2)C1
XS845632a,C1=CN(CC2CN(CC3=NC(=NO3)C4CC4)CCO2)N=C1,1.16,c1cnn(CC2CN(Cc3nc(C4CC4)no3)CCO2)c1
XS845637a,COC1=CC(=CC(OC)=C1OC)C(=O)N2CCCC(C)C2,1.484,O=C(c1ccccc1)N1CCCCC1
XS842371b,FC=1C=CC=CC1NC2CCN(CC3CCOCO3)CC2,1.212,c1ccc(NC2CCN(CC3CCOCO3)CC2)cc1
XS845631a,O=C(CCC1=CSC=N1)N2CCCC(C2)N3C=CN=C3,0.548,O=C(CCc1cscn1)N1CCCC(n2ccnc2)C1
XS845640a,COC=1C=C(C=CN1)CNC(=O)C2CC(=O)N(C2)C(C)C,1.906,O=C1CC(C(=O)NCc2ccncc2)CN1
XS845635a,O=C(C1=CC(=O)NC(=N1)C2CC2)N3CCCC3C4CCC4,2.672,O=C(c1cc(=O)[nH]c(C2CC2)n1)N1CCCC1C1CCC1
XS845639a,CC(C)C(NC(=O)C1=CC=CO1)C(=O)NC=2C=CC=NC2,6.058,O=C(CNC(=O)c1ccco1)Nc1cccnc1
XS845634a,CC=1C=CC(=NC1)NC(=O)C(C)NC(=O)C2=CC=CS2,6.452,O=C(CNC(=O)c1cccs1)Nc1ccccn1
XS845642a,CC=1C=C(CSC(C)C(=O)NCC2CCCCC2)ON1,0.572,O=C(CSCc1ccno1)NCC1CCCCC1
XS845633a,CC(C)(CO)CCCNC(=O)C1CC=2C=CC=C(F)C2O1,1.836,c1ccc2c(c1)CCO2
XS838504b,CC1=NC=2C=C(C=3C=CN(N3)C4CC4(F)F)C(F)=CC2N1,1.14,c1nc2cc(-c3ccn(C4CC4)n3)ccc2[nH]1
XS793068b,CC=1OC=CC1C(=O)NC(C2=NC=CN2C)C=3C=CC=CC3,16.278,O=C(NC(c1ccccc1)c1ncc[nH]1)c1ccoc1
XS842185b,CC1CCS(=O)(=O)CCN1CC=2C=CC=C3OCOC23,4.48,O=S1(=O)CCCN(Cc2cccc3c2OCO3)CC1
XS816774b,CC=1C=NN(C1)CC2CCCCN2C(=O)C=3C=CSC3,7.466,O=C(c1ccsc1)N1CCCCC1Cn1cccn1
XS845649a,CC(NC(=O)C=1C=CC=2N=CSC2C1)C=3C=CN=CC3F,1.196,O=C(NCc1ccncc1)c1ccc2ncsc2c1
XS845643a,CC=1C=CC=CC1CN(C)CC(=O)NC(C)C2=CC=CS2,0.628,O=C(CNCc1ccccc1)NCc1cccs1
XS845648a,O=C(CC1=CNC=2C=CC=CC12)N3CCCC3C=4C=CC=NC4,8.394,O=C(Cc1c[nH]c2ccccc12)N1CCCC1c1cccnc1
XS845654a,O=C(C=1C=NC=CN1)N2CCN3C=CC=C3C2C=4C=CC=CC4,7.352,O=C(c1cnccn1)N1CCn2cccc2C1c1ccccc1
XS692439b,CC=1C=NN(C1)CC(C)NCC2=NC(=NO2)C3=CC=CS3,1.524,c1csc(-c2noc(CNCCn3cccn3)n2)c1
XS578944b,CN1N=CC=C1CN2CCN(C)C(C2)C3=NC(=NO3)C4CC4,1.142,c1cc(CN2CCNC(c3nc(C4CC4)no3)C2)[nH]n1
XS838993b,CC(NC(=O)COC=1C=CON1)C=2C(F)=CC=CC2Cl,0.942,O=C(COc1ccon1)NCc1ccccc1
XS845656a,CC(C(=O)NC=1C=CC(C#N)=CC1)N(C)CC2=CC=CS2,0.532,O=C(CNCc1cccs1)Nc1ccccc1
XS845651a,CCN1CCCC1CNC(=O)C2=CC=3C=CC=CC3NC2=O,3.116,O=C(NCC1CCCN1)c1cc2ccccc2[nH]c1=O
XS845646a,CN1CC(CC1=O)C(=O)NC=2C=CC=3N=C(OC3C2)C4CC4,12.082,O=C1CC(C(=O)Nc2ccc3nc(C4CC4)oc3c2)CN1
XS845658a,O=C(NC1CCCNC1=O)C=2SC=CC2C=3C=CC=CC3,0.7,O=C(NC1CCCNC1=O)c1sccc1-c1ccccc1
XS845650a,CC1=NN(C)C(C)=C1CC(=O)NC(C(N)=O)C=2C=CC=CC2,1.2,O=C(Cc1cn[nH]c1)NCc1ccccc1
XS841036b,C=CCC(CO)NC(=O)C=1C=CC=CC1OC=2C=CC=NC2,0.766,c1ccc(Oc2cccnc2)cc1
XS162985b,CC=1C=CC=C(C1C)N2CCN(CC2)C(=O)C3CC=CCC3,1.05,O=C(C1CC=CCC1)N1CCN(c2ccccc2)CC1
XS845647a,O=S(CC1=CN2C=C(Cl)C=C(Cl)C2=N1)CC3CC3,1.822,O=S(Cc1cn2ccccc2n1)CC1CC1
XS576775b,COCC1(CCCN1CC=2C=CC=C3C=CC=CC23)C(N)=O,2.0,c1ccc2c(CN3CCCC3)cccc2c1
XS642213b,CC(NC(=O)C1=CC=2C=C(Cl)C=CC2N1)C3=NN=NN3C,11.086,O=C(NCc1nnn[nH]1)c1cc2ccccc2[nH]1
XS845652a,CCCC1=NSC(=N1)NC2CCC=3C=CC=CC3NC2=O,1.918,O=C1Nc2ccccc2CCC1Nc1ncns1
XS837653b,CC1(C)CC1(C#N)C(=O)N2CCN(CC(F)(F)CO)CC2,7.512,O=C(C1CC1)N1CCNCC1
XS845645a,CC=1C=CC(=CN1)CC(=O)N2CCCC(C2)C3=NC=CS3,2.71,O=C(Cc1cccnc1)N1CCCC(c2nccs2)C1
XS560996b,CC=1C=CC(=CC1)CCC(=O)N2CCCCC2CCC(=O)O,1.348,O=C(CCc1ccccc1)N1CCCCC1
XS842337b,FC1(F)CC1N2N=CC=C2CN3CC4(C3)CC(=NO4)C5CC5,4.276,c1cc(CN2CC3(CC(C4CC4)=NO3)C2)n(C2CC2)n1
XS845673a,CC1=NN2C(=O)C=C(CN3C=4C=CC=CC4CC3C)N=C2S1,5.828,O=c1cc(CN2CCc3ccccc32)nc2scnn12
XS666452b,CCN(CC)C(=O)C(C)SC1=NN=C(O1)C=2C=CN=CC2,2.972,c1cc(-c2nnco2)ccn1
XS845666a,O=C1NCCCCC1NS(=O)(=O)C=2C=CC=3OCCC3C2,7.53,O=C1NCCCCC1NS(=O)(=O)c1ccc2c(c1)CCO2
XS845667a,CC=1C=NC(=CN1)C(=O)NC(C=2C=CC(F)=CC2)C3CCCC3,1.916,O=C(NC(c1ccccc1)C1CCCC1)c1cnccn1
XS737716b,NC(=O)C=1C=NC(=C(Cl)C1)N2CCCC(C2)C(F)(F)F,4.134,c1ccc(N2CCCCC2)nc1
XS839560b,CCN(C=1N=CC(=C(N)N1)[N+]([O-])=O)C(C)C(=O)OC(C)(C)C,3.812,c1cncnc1
XS337440b,COCCN1C=CC(=N1)NC(=O)CN2CCCCC(O)C2=O,10.402,O=C(CN1CCCCCC1=O)Nc1cc[nH]n1
XS845661a,CN1C=C(C=N1)N2CCC(C2)NC(=O)N3CC=4C=CC=CC4C3,9.67,O=C(NC1CCN(c2cn[nH]c2)C1)N1Cc2ccccc2C1
XS781830b,O=C(CC=1C=CC=2CCCCC2C1)NC3CCS(=O)(=O)C3,2.236,O=C(Cc1ccc2c(c1)CCCC2)NC1CCS(=O)(=O)C1
XS845662a,CC(OC=1C=CC=CC1C(N)=O)C(=O)NC=2C=CC=C(C#N)C2,0.552,O=C(COc1ccccc1)Nc1ccccc1
XS845664a,CCC=1C=CC(=CC1)N2CC(CC2=O)C(=O)NCC3=CC=CO3,3.596,O=C(NCc1ccco1)C1CC(=O)N(c2ccccc2)C1
XS697498b,COC=1C=C(C#N)C=CC1OCC(=O)NC(C)C=2C=CC=CC2,3.014,O=C(COc1ccccc1)NCc1ccccc1
XS837599b,O=S(=O)(NC1CCCC=2C=NNC21)C=3C=C(F)C=C(F)C3,0.71,O=S(=O)(NC1CCCc2cn[nH]c21)c1ccccc1
XS845668a,CCCC(C)NC(=O)NC=1C=C(C=CC1C)NC(=O)C(C)C,0.458,c1ccccc1
XS837909c,O=C1NC(NC=2C=NC=CC12)C3=CN=C(S3)C=4C=CSC4,5.17,O=C1NC(c2cnc(-c3ccsc3)s2)Nc2cnccc21
XS845672a,COCC(C)NC(=O)CC1=CSC(=N1)C=2C=CC=C(F)C2,0.654,c1ccc(-c2nccs2)cc1
XS845682a,CC(NC1=NC=CN2N=CC(Br)=C12)C=3C=CC=CN3,1.546,c1ccc(CNc2nccn3nccc23)nc1
XS840150b,CC(CNC(=O)N1CCC2(CCCCC2)CC1)C=3C=CC=CN3,8.282,O=C(NCCc1ccccn1)N1CCC2(CCCCC2)CC1
XS793141b,CN1N=CC=2C(=NC=NC21)NC3CCSC=4C(F)=CC=CC43,2.78,c1ccc2c(c1)SCCC2Nc1ncnc2[nH]ncc12
XS840818b,CC(CC=1C=CSC1)N(C)C(=O)C=2C=CC=C(C2O)[N+]([O-])=O,3.01,O=C(NCCc1ccsc1)c1ccccc1
XS845683a,CC1=CC(=NO1)NC(=O)N(CC=2C=CC=CC2)CC3CCCO3,5.786,O=C(Nc1ccon1)N(Cc1ccccc1)CC1CCCO1
XS499141b,O=C(NC(CN1C=CC=CC1=O)C=2C=CC=CC2)C=3C=CN=CC3,0.942,O=C(NC(Cn1ccccc1=O)c1ccccc1)c1ccncc1
XS817134b,O=C(C1CC(=O)NC=2C=CC=CC21)N3CCCCC=4C=CC=CC43,16.258,O=C1CC(C(=O)N2CCCCc3ccccc32)c2ccccc2N1
XS845677a,CC(=O)NC(CC1=CNC=2C=C(F)C=CC12)C(=O)N3CC(C)C3,1.592,O=C(CCc1c[nH]c2ccccc12)N1CCC1
XS845675a,CCC1=NC(=NO1)C2CCCN(C2)C(=O)NC=3C=CC=C(F)C3,1.39,O=C(Nc1ccccc1)N1CCCC(c2ncon2)C1
XS845681a,CS(=O)(=O)NCC1CCCN(C1)C(=O)C=2C=CC=CC2F,1.64,O=C(c1ccccc1)N1CCCCC1
XS678801b,CC1=CC=C(CNC(=O)C2CC(=O)N(CC3=CC=CO3)C2)S1,0.384,O=C(NCc1cccs1)C1CC(=O)N(Cc2ccco2)C1
XS823955b,CC(C)OC=1C=CC(C#N)=CC1NC(=O)N2CCCCC2CO,4.596,O=C(Nc1ccccc1)N1CCCCC1
XS845676a,CN1C=C(C=N1)C2CCCN2CC3=CSC(=N3)C4CCCC4,1.112,c1n[nH]cc1C1CCCN1Cc1csc(C2CCCC2)n1
XS836822b,COC=1N=CN=C(C1NC(=O)NC(C)C=2C=NN(C)C2)N(C)C,2.738,O=C(NCc1cn[nH]c1)Nc1cncnc1
XS840492b,C#CC(CC=1C=CC=CC1)OC(=O)C=2C=CC(=CC2)N3C=NN=C3,2.112,O=C(OCCc1ccccc1)c1ccc(-n2cnnc2)cc1
XS468811b,CC=1C=CC(F)=CC1C(=O)NC2CCCC3=C2C=CC(=O)N3C,1.15,O=C(NC1CCCc2[nH]c(=O)ccc21)c1ccccc1
XS619604b,O=C(NC=1C=C(F)C=CC1OCC2CCCO2)C=3C=CC=CN3,4.35,O=C(Nc1ccccc1OCC1CCCO1)c1ccccn1
XS837808b,O=C(OC1CCNC1=O)C=2SC(Br)=CC2Cl,4.988,O=C(OC1CCNC1=O)c1cccs1
XS399995b,CN(CC1=NN=C2CCCN12)C(=O)NC3CCCC=4C=CC=CC43,1.778,O=C(NCc1nnc2n1CCC2)NC1CCCc2ccccc21
XS387680b,O=C(NC1CCCCNC1=O)C=2C=C(N=C3C=CC=CC23)C4CC4,8.002,O=C(NC1CCCCNC1=O)c1cc(C2CC2)nc2ccccc12
XS837093b,CC(C(=O)N1CC(C1)S(=O)(=O)NC2CCCC2)N3C=CC=N3,16.38,O=C(Cn1cccn1)N1CC(S(=O)(=O)NC2CCCC2)C1
XS666637b,C1=CN(CC2CCCCN2CC3=NC(=NO3)C=4C=CC=NC4)N=C1,17.918,c1cncc(-c2noc(CN3CCCCC3Cn3cccn3)n2)c1
DR004222b,CC1=NNC(C)=C1C2COCCN2C(=O)C=3C=CC(F)=CC3F,1.85,O=C(c1ccccc1)N1CCOCC1c1cn[nH]c1
XS839879b,O=C(NC1=CC(=NN1)C=2C=CN=CC2)NC(C3CC3)C(F)(F)F,1.57,O=C(NCC1CC1)Nc1cc(-c2ccncc2)n[nH]1
XS845684a,CN1C=C(C=N1)C2CCCN2C(=O)C=3C=CN(N3)C=4C=CC=CC4,10.656,O=C(c1ccn(-c2ccccc2)n1)N1CCCC1c1cn[nH]c1
XS644369b,CC=1C=CC=CC1C(C)NC(=O)CN2N=NC=3C=CC=CC3C2=O,5.296,O=C(Cn1nnc2ccccc2c1=O)NCc1ccccc1
XS839858b,CC=1C=CC=C(C1F)N2C=C(CNC3CCS(=O)(=O)C3)N=N2,2.556,O=S1(=O)CCC(NCc2cn(-c3ccccc3)nn2)C1
XS841560b,CC=1C=CC(C)=C(C1)N2C=NC(=O)N2C(C)C3=NC(=NO3)C4CC4,1.446,O=c1ncn(-c2ccccc2)n1Cc1nc(C2CC2)no1
XS839573b,CC1=C2C=NN(C(=O)C2=C(C)N1C)C(C)C=3C=CC(=CC3)C(=O)O,7.164,O=c1c2c[nH]cc2cnn1Cc1ccccc1
XS845687a,CCN1N=NC=2C=C(C=CC21)C(=O)NC(C)CCC=3C=CC=CC3,4.838,O=C(NCCCc1ccccc1)c1ccc2[nH]nnc2c1
XS388378b,CNC(=O)CN(C)C1CC(=O)N(CC=2C=CC(Cl)=CC2)C1=O,22.674,O=C1CCC(=O)N1Cc1ccccc1
XS845686a,CC1=NC(CN2CCN(CC2)C3CCCN(C3=O)C(C)C)=NO1,3.246,O=C1NCCCC1N1CCN(Cc2ncon2)CC1
XS755398b,CC(CNC(=O)C1=CSC(=C1)S(N)(=O)=O)C=2C=CC=CC2,1.51,O=C(NCCc1ccccc1)c1ccsc1
XS827473b,CCOC(=O)C1CCCCN1C2=NS(=O)(=O)C=3C=CC=CC23,2.5,O=S1(=O)N=C(N2CCCCC2)c2ccccc21
XS845693a,CCN1C=NN=C1CNC=2N=CN=C3SC=4CC(C)CCC4C23,1.374,c1nc(NCc2nnc[nH]2)c2c3c(sc2n1)CCCC3
MR045073b,CC1=CC(=NO1)C2CCCN2S(=O)(=O)C=3C(F)=CC=CC3F,5.856,O=S(=O)(c1ccccc1)N1CCCC1c1ccon1
XS335532b,COC(C)(C)CNC(=O)NC(C1=NC(C)=NO1)C2CCOCC2,1.762,c1noc(CC2CCOCC2)n1
MR044811c,COC=1C=CC=C(C1)N2CCC(CNC(=O)C=3C=CC=C(F)C3)C2,6.972,O=C(NCC1CCN(c2ccccc2)C1)c1ccccc1
XS806860b,CC1=NOC(C)=C1CN(C)C(=O)C2CC(=O)N(C2)C=3C=CC=CC3,2.38,O=C(NCc1cnoc1)C1CC(=O)N(c2ccccc2)C1
XS787903b,COCCN1CCNC(=O)C1C=2C(C)=NN(C2C)C=3C=CC=CC3,1.948,O=C1NCCNC1c1cnn(-c2ccccc2)c1
XS845690a,COC=1C=CC(=C(C1)OC)C2CCCN2C(=O)C=3C=CC=C(C)N3,1.616,O=C(c1ccccn1)N1CCCC1c1ccccc1
XS845688a,O=C1OC(=NN1CC(O)COC=2C=CC(F)=CC2)C=3C=CC=CC3,1.028,O=c1oc(-c2ccccc2)nn1CCCOc1ccccc1
XS745351b,CC(C)(C)CC(=O)NCC(=O)N1CC2(CCC2)C1C=3C=CC=CC3,2.964,c1ccc(C2NCC23CCC3)cc1
XS845692a,CC(C(=O)NC1CCCCC1)S(=O)(=O)CC=2C=CC(F)=CC2,6.378,O=C(CS(=O)(=O)Cc1ccccc1)NC1CCCCC1
XS845695a,CC(C)C(C(=O)NC=1C=CC(=NC1)N2CCCC2)N3CCCC3=O,1.034,O=C(CN1CCCC1=O)Nc1ccc(N2CCCC2)nc1
XS839538b,CC=1N=NC(=C(C#N)C1C)N2CCCC(C2)C3=NC(=NO3)N(C)C,13.948,c1cnnc(N2CCCC(c3ncno3)C2)c1
XS840351b,CS(=O)(=O)NCC1CCCN(C1)C=2C=CC(C#N)=C(Cl)C2,0.854,c1ccc(N2CCCCC2)cc1
XS837536b,CC1=NN(C)C=2C(=NC(C)=NC12)N3CC4(CCC4)CC3CC(=O)O,0.46,c1nc(N2CCC3(CCC3)C2)c2[nH]ncc2n1
XS845691a,O=C(NCC(C1=CC=CS1)N2CCCC2)C=3C=C(NN3)C4CC4,3.468,O=C(NCC(c1cccs1)N1CCCC1)c1cc(C2CC2)[nH]n1
XS523861b,CC1=C(C=NN1C)C(=O)N(CC=2C=CC=CC2)C(C)C=3C=CC=CN3,1.096,O=C(c1cn[nH]c1)N(Cc1ccccc1)Cc1ccccn1
XS845705a,CCC=1C=CC(=CC1)C=2CC(C3=CC=CS3)N(N2)S(C)(=O)=O,7.638,c1ccc(C2=NNC(c3cccs3)C2)cc1
XS845700a,CC=1C=COC1C(=O)NC2CCCC3=C2C=NN3CC=4C=CC=CC4,4.316,O=C(NC1CCCc2c1cnn2Cc1ccccc1)c1ccco1
XS838548b,N#CC=1C=CC(=C(Br)C1)N2C=C(N=N2)C3CCCOC3,8.08,c1ccc(-n2cc(C3CCCOC3)nn2)cc1
XS836929b,CC(NC=1N=CN=C2OCC(=O)NC12)C3=NC(=CS3)C(C)(C)C,0.536,O=C1COc2ncnc(NCc3nccs3)c2N1
XS840719b,O=S(=O)(CCC1CCOC1)NCC=2C=CC=C(C2)N3C=CN=N3,0.966,O=S(=O)(CCC1CCOC1)NCc1cccc(-n2ccnn2)c1
XS845707a,COC=1C=CC(=CN1)N(C)C(=O)C(C)NC(=O)CC2CCCCC2,3.65,O=C(CC1CCCCC1)NCC(=O)Nc1cccnc1
XS614003b,COC=1C=CC(=C(C1)OC)S(=O)(=O)N2C=3C=CC=CC3CC2C,0.972,O=S(=O)(c1ccccc1)N1CCc2ccccc21
XS845697a,CC=1N=C(SC(C)C(=O)N2CCNC2=O)N(C1C)C3CCCC3,1.92,O=C(CSc1nccn1C1CCCC1)N1CCNC1=O
XS845698a,O=C(NCC1=CC=CO1)NCC(C2=CC=CS2)N3CCOCC3,3.12,O=C(NCc1ccco1)NCC(c1cccs1)N1CCOCC1
XS845702a,CC(CN1C=CC=N1)NC(=O)C=2C=C(Cl)C=3OCCCOC3C2,6.504,O=C(NCCn1cccn1)c1ccc2c(c1)OCCCO2
XS532584b,CC(C)CCC1=NOC(CN2CCCC(O)(CN3C=CN=N3)C2)=N1,6.096,c1cn(CC2CCCN(Cc3ncno3)C2)nn1
XS839702b,CCC=1C=CC=C2C(=CNC12)CCNS(=O)(=O)CC3CCOC3,1.226,O=S(=O)(CC1CCOC1)NCCc1c[nH]c2ccccc12
XS070062b,COC=1C=CC=CC1C(C)NC(=O)C=2C=CC=CC2Br,2.01,O=C(NCc1ccccc1)c1ccccc1
XS836835b,NC=1C=CC(=C(C1)N2CCCC(C2)N3CCCS3(=O)=O)[N+]([O-])=O,0.974,O=S1(=O)CCCN1C1CCCN(c2ccccc2)C1
XS845711a,CC1=NNC(C)=C1C2COCCN2C(=O)C3=CC(C)=CC4=CNN=C34,0.596,O=C(c1cccc2c[nH]nc12)N1CCOCC1c1cn[nH]c1
XS808531b,CC1=CC(=NN1)C2CCCN(C2)C(=O)C3=NN4C(C)=CC(C)=NC4=N3,4.832,O=C(c1nc2ncccn2n1)N1CCCC(c2cc[nH]n2)C1
XS505389b,CN(CC1=NC(=NO1)C=2C=COC2)C3CCCN(C3)C=4C=CC=NN4,2.952,c1cnnc(N2CCCC(NCc3nc(-c4ccoc4)no3)C2)c1
XS845715a,O=C(COC(=O)C1=CC=2C(F)=CC=CC2S1)NCC3CCCO3,2.962,O=C(COC(=O)c1cc2ccccc2s1)NCC1CCCO1
XS838715b,CC=1C=NC(=NC1C(=O)NC(C)C23CCC(CC2)C3)C=4C=CN(C)N4,1.77,O=C(NCC12CCC(CC1)C2)c1ccnc(-c2cc[nH]n2)n1
XS845708a,CC=1C=CC(=CC1)C2=NC(CN3CCCC(CN4C=NC=N4)C3)=NO2,9.302,c1ccc(-c2nc(CN3CCCC(Cn4cncn4)C3)no2)cc1
XS837294b,CC1=NN=C2C(CCCN12)NS(=O)(=O)C3=CN=C(S3)C4CC4,1.484,O=S(=O)(NC1CCCn2cnnc21)c1cnc(C2CC2)s1
XS838685b,CN(C1=NC=2N=CC=NC2S1)C3CCC=4C=CC=CC4N(C)C3=O,2.282,O=C1Nc2ccccc2CCC1Nc1nc2nccnc2s1
XS841747b,O=C(NCCN1C(=O)COC=2C=CC=CC21)C3CCC=4NN=CC4C3,20.424,O=C(NCCN1C(=O)COc2ccccc21)C1CCc2[nH]ncc2C1
XS836691b,CC(NCCN1C(=O)C=2C=CC=CC2C1=O)C=3C=CC(C#N)=CC3F,1.646,O=C1c2ccccc2C(=O)N1CCNCc1ccccc1
XS845719a,CCC=1C=CC=C(C1)NC2CCN(C2)C(=O)C=3C=NN(C3)C4CCC4,3.016,O=C(c1cnn(C2CCC2)c1)N1CCC(Nc2ccccc2)C1
XS741912b,COC=1C=CC=C(C1)CCNC(=O)C=2C=CC=C3NC(=O)C(C)OC23,0.534,O=C1COc2c(cccc2C(=O)NCCc2ccccc2)N1
XS845709a,CCCNC(=O)CNC(=O)NC1CCN(C1)C=2C=CC=C(Cl)C2,6.828,c1ccc(N2CCCC2)cc1
XS838113b,COC=1C=CC2=C(N1)N(C)CCN2C(=O)C3CCC4=NC(C)=NN4C3,4.166,O=C(C1CCc2ncnn2C1)N1CCNc2ncccc21
XS554086b,CCC1=NOC(CCCC(=O)N2CCCCC2CC=3C=CC=CC3)=N1,7.876,O=C(CCCc1ncno1)N1CCCCC1Cc1ccccc1
XS845723a,O=C(NC1CCN(C1)C=2C=CC=C(Cl)C2)C=3C=CC4=NN=CN4C3,2.076,O=C(NC1CCN(c2ccccc2)C1)c1ccc2nncn2c1
XS845728a,O=C(CC=1C=CC(Cl)=CC1)NCC(C=2C=CC=CC2)N3CCCC3,1.774,O=C(Cc1ccccc1)NCC(c1ccccc1)N1CCCC1
XS838880b,CC(C)OC=1C=CC2=C(C1)CCCC2NC(=O)C3(CC3)N4C=NN=N4,7.582,O=C(NC1CCCc2ccccc21)C1(n2cnnn2)CC1
XS845726a,CCCC1=NOC(=N1)C(C)N2CCC(CC2)C3=NC=4C=CC=CC4O3,3.774,c1ccc2oc(C3CCN(Cc4ncno4)CC3)nc2c1
XS845721a,O=C(NCC(O)COC=1C=CC(F)=CC1)C=2C=CC(F)=CC2Cl,5.816,O=C(NCCCOc1ccccc1)c1ccccc1
XS788710b,CC=1C=CC(NC(=O)CN(C)CC2COC=3C=CC=CC3O2)=C(F)C1,1.798,O=C(CNCC1COc2ccccc2O1)Nc1ccccc1
XS535120b,CCC(OC=1C=CC=CC1F)C(=O)N2CCC(CC2)C=3C=CN=CN3,6.046,O=C(COc1ccccc1)N1CCC(c2ccncn2)CC1
XS845724a,CN1C=CN=C1C(NC(=O)C=2C=C(Cl)C=CC2F)C=3C=CC=CC3,1.416,O=C(NC(c1ccccc1)c1ncc[nH]1)c1ccccc1
XS842198b,O=C(CN1C=NC=N1)NC(C=2C=CC=CC2)C=3C=CC=4OCCCC4C3,1.608,O=C(Cn1cncn1)NC(c1ccccc1)c1ccc2c(c1)CCCO2
XS839584b,COC=1C=CC(=CC1NC(C)C=2C=NC=CN2)S(=O)(=O)NC3CC3,1.028,O=S(=O)(NC1CC1)c1cccc(NCc2cnccn2)c1
XS742991b,O=C(CS(=O)CC1=CSC(=N1)C2CCCC2)NC=3C=CC=CC3,8.194,O=C(CS(=O)Cc1csc(C2CCCC2)n1)Nc1ccccc1
XS845740a,CCC(C(=O)NC=1C=C(C)ON1)N2CCN(CC2)C=3C=CC=CC3O,2.85,O=C(CN1CCN(c2ccccc2)CC1)Nc1ccon1
XS845745a,N#CC=1C=CC(=CC1)C(=O)NC(C(=O)N2CCOCC2)C=3C=CC=CC3,7.418,O=C(NC(C(=O)N1CCOCC1)c1ccccc1)c1ccccc1
XS845735a,CCOC=1C=C(C)N=C(N1)N2CCN(CC2)C(=O)C3CC(=O)N(C)C3,1.892,O=C1CC(C(=O)N2CCN(c3ncccn3)CC2)CN1
XS842572b,CS(=O)(=O)NCCOC(=O)CN1CCCC(C1=O)C(F)(F)F,0.706,O=C1CCCCN1
XS845743a,CCC1=CC=C(O1)C(=O)N(CC=2C=CC=CC2)C3CCS(=O)(=O)C3,0.732,O=C(c1ccco1)N(Cc1ccccc1)C1CCS(=O)(=O)C1
XS573822b,COC=1C=CC(=CC1)CN(C(=O)CN2CCCCC(O)C2=O)C3CC3,12.672,O=C1CCCCCN1CC(=O)N(Cc1ccccc1)C1CC1
XS845742a,O=C(C=1C=CN2N=NC=C2C1)N3CCCC(C3)C4=CNC=5C=CC=CC45,1.884,O=C(c1ccn2nncc2c1)N1CCCC(c2c[nH]c3ccccc23)C1
XS669914b,CC1=NN(CC(C)C)C(C)=C1CC(=O)N2CCCC(C2)N3C=NC=N3,2.88,O=C(Cc1cn[nH]c1)N1CCCC(n2cncn2)C1
XS540090b,CC=1C=C(ON1)C(=O)NCC(C=2C=CC=C(Cl)C2)N3CCOCC3,5.126,O=C(NCC(c1ccccc1)N1CCOCC1)c1ccno1
XS845741a,CC(C1CC1)N(C)C(=O)C2=CC(=NN2)C=3C=CC(Br)=CC3,3.49,O=C(NCC1CC1)c1cc(-c2ccccc2)n[nH]1
XS845738a,O=C(NC1=NC(=CS1)C=2C=CC=C(F)C2)C3CC(=O)N(C3)C4CC4,1.994,O=C(Nc1nc(-c2ccccc2)cs1)C1CC(=O)N(C2CC2)C1
XS839603b,CS(=O)(=O)C=1C=C(N=CN1)NC=2C=CC=C(C2)C(F)C(F)(F)F,2.03,c1ccc(Nc2ccncn2)cc1
XS823172b,CC(OC=1C=CC=CC1C#N)C(=O)NCC=2C=CN=C(C2)N3C=CC=N3,0.854,O=C(COc1ccccc1)NCc1ccnc(-n2cccn2)c1
XS837355b,O=C1NC=CN=C1N2CCC(C2)NC3=NC=4N=CC(Cl)=CC4S3,6.686,O=c1[nH]ccnc1N1CCC(Nc2nc3ncccc3s2)C1
XS600065b,CCC(NC(=O)CCC1=NN=C(O1)C=2C=CSC2)C3CCCCC3,1.2,O=C(CCc1nnc(-c2ccsc2)o1)NCC1CCCCC1
XS840613c,CC=1N=C2C=CC(=CC2=NC1C)C(=O)NC(C)C=3C=CC=C(C3)[N+]([O-])=O,12.964,O=C(NCc1ccccc1)c1ccc2nccnc2c1
XS845747a,O=C(CCN1N=C(OC1=O)C2=CC=CS2)NC3CCC=4C=CC=CC43,0.87,O=C(CCn1nc(-c2cccs2)oc1=O)NC1CCc2ccccc21
XS399046b,CC1C=2C=CSC2CCN1C(=O)C=3C=CC(F)=C(C3)S(N)(=O)=O,3.492,O=C(c1ccccc1)N1CCc2sccc2C1
XS679112b,O=C(NC1CC1)C=2C=C(N=C3C=CC=CC23)SC4CCCCNC4=O,13.312,O=C(NC1CC1)c1cc(SC2CCCCNC2=O)nc2ccccc12
XS845749a,CC(NC(=O)CN1C(=O)C=2C=CC=CC2C1=O)C=3C=CC=4OCOC4C3,3.55,O=C(CN1C(=O)c2ccccc2C1=O)NCc1ccc2c(c1)OCO2
XS565191b,CC(C)OC=1C=CC=C(C1)CC(=O)NC2CCCC3=CN(N=C32)C(C)C,1.564,O=C(Cc1ccccc1)NC1CCCc2c[nH]nc21
XS706910b,CC(NC(=O)C1CCN(CC1)C=2C=CC(C#N)=CN2)C=3C=CC=C(O)C3,3.156,O=C(NCc1ccccc1)C1CCN(c2ccccn2)CC1
XS840693b,CN(C1CC(C)(C)OC1=O)S(=O)(=O)C=2C=CC=C(C2)N3C=CN=N3,4.546,O=C1OCCC1NS(=O)(=O)c1cccc(-n2ccnn2)c1
XS845746a,COC=1C=CC(C(N)=O)=C(C1)OC(C)C(=O)C2=C(C)NC=3C=CC=CC23,0.672,O=C(COc1ccccc1)c1c[nH]c2ccccc12
XS814928b,CC1=NN(C)C=2N=C(C)C(CCC(=O)NC(C)C3=CC=CS3)=C(C)C12,3.678,O=C(CCc1cnc2[nH]ncc2c1)NCc1cccs1
XS405178b,O=C(NC=1C=CC(=CC1)OC2CCCC2)N3CCCC(C3)C4=NC=CN4,2.296,O=C(Nc1ccc(OC2CCCC2)cc1)N1CCCC(c2ncc[nH]2)C1
XS845756a,CC=1C=C(NC(=O)C(C)N(C)CC2=CC(Br)=CS2)ON1,5.738,O=C(CNCc1cccs1)Nc1ccno1
XS845755a,CCC=1C=CC(=CC1)NC(=O)C(C)NC=2C=CC(=CC2)N3CCCC3=O,5.076,O=C(CNc1ccc(N2CCCC2=O)cc1)Nc1ccccc1
XS845748a,CC(OC(=O)C1CCCCC1)C(=O)NC=2C=CC(=CC2)S(N)(=O)=O,8.558,O=C(COC(=O)C1CCCCC1)Nc1ccccc1
XS073673b,CCN(CC)S(=O)(=O)C=1C=CC(OC)=C(C1)NC(=O)C2CC=CCC2,2.076,O=C(Nc1ccccc1)C1CC=CCC1
XS836666b,CC(C)C(C)NC(=O)C=1C=CC=CC1S(=O)(=O)N(C)C=2C=CC=CC2,1.324,O=S(=O)(Nc1ccccc1)c1ccccc1
XS837712b,CC(C)(C)C=1OC=NC1CNC(=O)NC=2C=CC(=CC2)C3(C)CC3(F)F,2.842,O=C(NCc1cocn1)Nc1ccc(C2CC2)cc1
XS613666b,COC=1C=CC(Cl)=CC1N2CCC(C2)NC(=O)CC=3C=CC(C)=CC3,2.146,O=C(Cc1ccccc1)NC1CCN(c2ccccc2)C1
XS667491b,CC=1C=C(C)N(N1)C=2C=CC(Cl)=C(N2)C(=O)NC3CCN(C)C(=O)C3,11.942,O=C1CC(NC(=O)c2cccc(-n3cccn3)n2)CCN1
XS837234b,COC=1C=CC=C2C1N=C(NC(=O)C3CCCN3C4=NC=CS4)N2C,3.22,O=C(Nc1nc2ccccc2[nH]1)C1CCCN1c1nccs1
XS723556b,O=C(CNC(=O)CC1SC=2C=CC=CC2NC1=O)NCC3=CC=CO3,1.156,O=C(CNC(=O)CC1Sc2ccccc2NC1=O)NCc1ccco1
XS845769a,CC(CC1CCC1)C(=O)N2CC(CNC(=O)CC=3C=C(ON3)C4CC4)C2,2.854,O=C(Cc1cc(C2CC2)on1)NCC1CN(C(=O)CCC2CCC2)C1
XS845768a,CC(C)OCC=1C=CC=CC1CNC(=O)C2CCCN(C2)C(=O)C(C)C,1.316,O=C(NCc1ccccc1)C1CCCNC1
XS845767a,CC1CC=2C=CC=CC2N1C(=O)CN(C)S(=O)(=O)C=3C=CC(F)=CC3,4.536,O=C(CNS(=O)(=O)c1ccccc1)N1CCc2ccccc21
XS845765a,CCC1=CC=2C(=NC=NC2S1)NC(C3=NC(C)=NO3)C4CCOCC4,1.368,c1noc(C(Nc2ncnc3sccc23)C2CCOCC2)n1
XS845760a,CC(CC(=O)N1CCC(C)(CC1)C=2C=CC=CC2)NC(=O)C=3C=CC=CC3,3.268,O=C(NCCC(=O)N1CCC(c2ccccc2)CC1)c1ccccc1
XS699540b,CC(=O)NC(C(=O)OCC1=NC2=C(C)C=CC=C2C(=O)N1)C3CCCC3,4.208,O=C(CC1CCCC1)OCc1nc2ccccc2c(=O)[nH]1
XS845761a,CC(NC(=O)C1=CC=2C=C(F)C=CC2N1)C=3C=NN(C3)CC=4C=CC=CC4,8.332,O=C(NCc1cnn(Cc2ccccc2)c1)c1cc2ccccc2[nH]1
XS837987b,CCC1=NC=2CCCC(C2S1)N(C)S(=O)(=O)C=3C=CC=CC3OC,1.314,O=S(=O)(NC1CCCc2ncsc21)c1ccccc1
XS693226b,CC=1C=CC=C2CCCN(C(=O)C3CCCN(C3)C(=O)C4=CC=CS4)C12,4.476,O=C(c1cccs1)N1CCCC(C(=O)N2CCCc3ccccc32)C1
XS845775a,CNS(=O)(=O)C=1C=CC(=CC1)C(=O)N2CCCC2C=3C=CC=C(C3)OC,1.542,O=C(c1ccccc1)N1CCCC1c1ccccc1
XS548987b,NC(=O)C1CN(CC2=CC=C(S2)C=3C=CC(=CC3)C(F)(F)F)CCO1,1.896,c1ccc(-c2ccc(CN3CCOCC3)s2)cc1
XS694761b,CC1=NN(CC=2C=CC=CC2Cl)C(C)=C1C(=O)NC3CCCCNC3=O,8.622,O=C(NC1CCCCNC1=O)c1cnn(Cc2ccccc2)c1
XS839127b,CC1=NN=NN1C=2C=CC(=CC2)C(=O)NC(C)COC=3C=CC(F)=CC3F,1.934,O=C(NCCOc1ccccc1)c1ccc(-n2cnnn2)cc1
XS845780a,CC(=O)N1CCCC1C2=NC=3C=CC=CC3N2CC(=O)N4CCC(C)CC4,0.326,O=C(Cn1c(C2CCCN2)nc2ccccc21)N1CCCCC1
XS845778a,CC=1C=CC(=CC1)C=2C=C(NN2)C(=O)N3CCCC(C3)C(=O)NCC4CC4,8.826,O=C(NCC1CC1)C1CCCN(C(=O)c2cc(-c3ccccc3)n[nH]2)C1
XS845774a,CC(OC=1C=CC(C#N)=CC1)C(=O)N(C)CC2=NC=3C=CSC3C(=O)N2,10.552,O=C(COc1ccccc1)NCc1nc2ccsc2c(=O)[nH]1
XS840361b,CC1=C(C(=O)NC=2C=CC=CC2F)C(C=3C=CC=CC3F)N(C)C(=O)N1C,5.19,O=C1NC=C(C(=O)Nc2ccccc2)C(c2ccccc2)N1
XS845779a,CC(C(=O)N1CCC=2C=CC=CC21)N3CCN(CC3)C=4C=CC=CC4Cl,2.938,O=C(CN1CCN(c2ccccc2)CC1)N1CCc2ccccc21
XS845773a,CC=1C=NN(C)C1S(=O)(=O)N2CCCC2C=3C=CC(Cl)=C(Cl)C3,1.404,O=S(=O)(c1ccn[nH]1)N1CCCC1c1ccccc1
XS837838b,CC(=O)NC(C)(C)C1=NOC(=N1)C2=CC=3C=CC=CC3OC2C(F)(F)F,2.756,C1=C(c2ncno2)COc2ccccc21
XS839436b,CN(C(C(N)=O)C=1C=CC=C(F)C1)S(=O)(=O)C2=CSC=3C=CC=CC23,2.794,O=S(=O)(NCc1ccccc1)c1csc2ccccc12
XS553102b,CC=1C=CC=CC1CN2CCC(CC2)NC(=O)NC3CCOC=4C=CC=CC43,0.684,O=C(NC1CCN(Cc2ccccc2)CC1)NC1CCOc2ccccc21
XS838903b,CN(C(=O)COC=1C=CN=C(C1)C(F)(F)F)C(C(=O)O)C=2C=CC=C(F)C2,0.746,O=C(COc1ccncc1)NCc1ccccc1
XS845789a,CC=1C=CC(OC(C)C(=O)NCC2=NN=C3C=CC=CN23)=C(Br)C1,0.648,O=C(COc1ccccc1)NCc1nnc2ccccn12
XS845791a,CCNC(=O)COC=1C=CC=C(C1)C(C)NC(=O)C=2C=CC=3N=CSC3C2,0.858,O=C(NCc1ccccc1)c1ccc2ncsc2c1
XS783731b,CC1=NN(C(C)=C1NC(=O)C2CCCN(CC(F)(F)F)C2)C=3C=CC=CC3,2.062,O=C(Nc1cnn(-c2ccccc2)c1)C1CCCNC1
XS840397b,CC(C)N=C1C=CC(C#N)=CN1C(=O)C2CC(=O)N(C2)C=3C=CC=CC3Cl,4.262,N=c1ccccn1C(=O)C1CC(=O)N(c2ccccc2)C1
XS427639b,CC(OC=1C=CC(F)=CC1)C(=O)N2CCC(CC2)C(=O)NC=3C=CC=CC3O,3.936,O=C(Nc1ccccc1)C1CCN(C(=O)COc2ccccc2)CC1
XS845784a,COCC(C)NC(=O)C1CCN(CC1)C=2N=CC(=CC2Cl)C(F)(F)F,0.944,c1ccc(N2CCCCC2)nc1
XS056720e,CC1=CC(=NO1)NC(=O)C(C=2C=CC=CC2)N3CCN(CC3)C(=O)C4=CC=CO4,1.742,O=C(Nc1ccon1)C(c1ccccc1)N1CCN(C(=O)c2ccco2)CC1
XS845796a,CC1=NN(C)C=2SC(=CC12)C(=O)NC(C)CN3CCN(CC3)C=4C=CC=CC4,1.504,O=C(NCCN1CCN(c2ccccc2)CC1)c1cc2cn[nH]c2s1
XS836562b,CC(NC(=O)C=1CCC(=O)N(N1)C=2C=CC=CC2)C=3C=CC(=CC3)S(C)(=O)=O,2.056,O=C(NCc1ccccc1)C1=NN(c2ccccc2)C(=O)CC1
XS845806a,CC1=CC=C(S1)S(=O)(=O)N2CCCC(C2)C(=O)N(C)C=3C=CC=CC3F,2.19,O=C(Nc1ccccc1)C1CCCN(S(=O)(=O)c2cccs2)C1
XS845799a,O=C(NCCC=1C=CC=2NC=CC2C1)N3CCCC(C3)N4CCCS4(=O)=O,1.864,O=C(NCCc1ccc2[nH]ccc2c1)N1CCCC(N2CCCS2(=O)=O)C1
XS845802a,CC1=NOC=2N=C(C=C(C(=O)OC(C)C(=O)N3CCCC3)C12)C=4C=CC(F)=CC4,5.09,O=C(OCC(=O)N1CCCC1)c1cc(-c2ccccc2)nc2oncc12
XS845794a,CC1=CC(=O)N2N=C(CN(C)C(C)C=3C=CC(=CC3)S(N)(=O)=O)SC2=N1,5.448,O=c1ccnc2sc(CNCc3ccccc3)nn12
XS842334b,O=S(=O)(CC=1N=CSC1Cl)N2CCOCCC2C=3C=CC(F)=CC3,8.794,O=S(=O)(Cc1cscn1)N1CCOCCC1c1ccccc1
XS840469b,COC=1C=C(C=C2OCCOC12)C(=O)NC(C)C=3C=CC=C(C3)S(N)(=O)=O,2.208,O=C(NCc1ccccc1)c1ccc2c(c1)OCCO2
XS845805a,O=C(C1CCCN(CC(F)(F)F)C1)N2CC=C(CC2)C3=CNC=4N=CC=CC34,1.518,O=C(C1CCCNC1)N1CC=C(c2c[nH]c3ncccc23)CC1
XS845803a,CC(=O)NCC=1C=CC(=CC1)S(=O)(=O)N(C)CC2COC=3C=CC=CC3O2,4.46,O=S(=O)(NCC1COc2ccccc2O1)c1ccccc1
XS837663b,CN1N=NC=2CC(CCC21)NC(=O)NC=3C=CC=C(C3)COC=4C=CC(F)=CC4,4.748,O=C(Nc1cccc(COc2ccccc2)c1)NC1CCc2[nH]nnc2C1
XS845804a,CC1=C(C(=O)NC=2C=CC(F)=CC2)C(NC(=O)N1C)C=3C(F)=CC=CC3Cl,1.682,O=C1NC=C(C(=O)Nc2ccccc2)C(c2ccccc2)N1
XS840977b,CCOCC=1N=C(C=2N=NN(C2C)C=3C=CC(F)=C(F)C3)N(N1)C(C)C4CC4,5.98,c1ccc(-n2cc(-c3ncnn3CC3CC3)nn2)cc1
XS837875b,CCN1C(=NN=C1N2CCC=3C=CC=CC3C2)C4CC=5C=C(F)C=CC5NC4=O,2.224,O=C1Nc2ccccc2CC1c1nnc(N2CCc3ccccc3C2)[nH]1
XS836473b,CC1(C)CC=CCOC=2C=CC=CC2C(=O)NC(C)(CN3C=CC=N3)CNC1=O,1.692,O=C1CCC=CCOc2ccccc2C(=O)NC(Cn2cccn2)CN1
XS845811a,CC=1C=C(C=CC1F)N2CC(CC2=O)C3=NC(=NO3)C=4C=CC(=CC4)S(N)(=O)=O,9.35,O=C1CC(c2nc(-c3ccccc3)no2)CN1c1ccccc1
XS845819a,O=C(CC=1C=CC=CC1)N2CCCC(C2)C(=O)NC=3C=CC(=C(F)C3)N4C=CC=N4,10.154,O=C(Nc1ccc(-n2cccn2)cc1)C1CCCN(C(=O)Cc2ccccc2)C1
XS673775b,COCCC1=NC(CN2CCOCC2C=3C(C)=NN(CC(F)(F)F)C3C)=NO1,0.684,c1nc(CN2CCOCC2c2cn[nH]c2)no1
XS842500b,CC(NC(=O)C=1C=NN(C)C1C#N)C2=NC(=CS2)C=3C=CC(Cl)=CC3Cl,11.332,O=C(NCc1nc(-c2ccccc2)cs1)c1cn[nH]c1
XS388181b,CN1C=CN=C1C(NC(=O)C2=CN=C3SCCN3C2=O)C=4C=CC(Cl)=CC4,14.548,O=C(NC(c1ccccc1)c1ncc[nH]1)c1cnc2n(c1=O)CCS2
XS845815a,COC=1C=CC2=NC(C)=C(C=C2C1)C(=O)NC(C)C3=CC(OC)=C(OC)C(=C3)OC,3.072,O=C(NCc1ccccc1)c1cnc2ccccc2c1
XS840025b,CCOC=1C=CC(=CC1)NC=2N=CC=CC2C(=O)OC(C)CN(C)S(C)(=O)=O,2.332,c1ccc(Nc2ccccn2)cc1
XS845812a,CC(NC(=O)CCC1=NC=C(O1)C=2C=CC(F)=CC2F)C=3C=CC=4OCOC4C3,8.422,O=C(CCc1ncc(-c2ccccc2)o1)NCc1ccc2c(c1)OCO2
XS845808a,COC(=O)C=1C=CC(C)=C(C1)NC(=O)N(C)C2CS(=O)(=O)C=3C=CC(Cl)=CC32,1.824,O=C(Nc1ccccc1)NC1CS(=O)(=O)c2ccccc21
XS845813a,CCOC=1C=C(C=CC1OCC=2C=CN=CC2)C(=O)N(C)C3CCS(=O)(=O)C3,4.662,O=C(NC1CCS(=O)(=O)C1)c1ccc(OCc2ccncc2)cc1
XS845818a,COC=1C=C(C=CC1OC(=O)C2=CC=CO2)C3NC(=O)NC(C)=C3C(=O)OC(C)C,1.95,O=C1NC=CC(c2ccc(OC(=O)c3ccco3)cc2)N1
XS839441b,CC1=NC2=C3C=CC=NC3=NN2C(C)=C1CCC(=O)OCC4CC=5C=CC=CC5O4,0.458,O=C(CCc1cnc2c3cccnc3nn2c1)OCC1Cc2ccccc2O1
XS837573b,CCC(C)(COC=1N=CC=CC1Cl)NS(=O)(=O)CC=2C=C(ON2)C(C)(C)C,4.252,O=S(=O)(Cc1ccon1)NCCOc1ccccn1
XS841389b,CN1CCCCC1C(=O)N2CC(C2)C3=CN(N=N3)C=4C=CC(Br)=C(F)C4,1.774,O=C(C1CCCCN1)N1CC(c2cn(-c3ccccc3)nn2)C1
XS845817a,O=C(C1CC=2C=CC=CC2C(=O)O1)N3CCN(CC3)S(=O)(=O)C4=CC=CS4,5.112,O=C1OC(C(=O)N2CCN(S(=O)(=O)c3cccs3)CC2)Cc2ccccc21
XS841895b,CC=1C=CC(F)=C(C1)C=2C=C(NC(=O)NC3=CC=NN3C4CCS(=O)(=O)C4)NN2,6.256,O=C(Nc1cc(-c2ccccc2)n[nH]1)Nc1ccnn1C1CCS(=O)(=O)C1
XS845810a,CC(OC=1C=CC=CC1C(N)=O)C(=O)NC=2C=CC(=CC2)S(=O)(=O)N3CCCC3,4.518,O=C(COc1ccccc1)Nc1ccc(S(=O)(=O)N2CCCC2)cc1
XS845814a,O=C(NCC=1C=CC(=CC1)CN2CCC=3C=CC=CC32)C4CC(=O)NC=5C=CC=CC54,7.136,O=C1CC(C(=O)NCc2ccc(CN3CCc4ccccc43)cc2)c2ccccc2N1
XS845835a,O=C1C=C(CN2CCCC2C=3C=CC=4OCCCOC4C3)N=C5C=CC(Br)=CN15,0.326,O=c1cc(CN2CCCC2c2ccc3c(c2)OCCCO3)nc2ccccn12
XS804017b,CCN(C(=O)C(C)OC(=O)C=1C=CC=C(C1)S(=O)(=O)N(C)C(C)C)C=2C=CC=CC2,1.39,O=C(COC(=O)c1ccccc1)Nc1ccccc1
XS845826a,CC1CCCCN1C(=O)CN(CC=2C=CC=CC2Cl)S(=O)(=O)C=3C=CC=CC3F,1.032,O=C(CN(Cc1ccccc1)S(=O)(=O)c1ccccc1)N1CCCCC1
XS845829a,COC=1C=CC=CC1NC(=O)C2=C(C)NC3=NC(=NN3C2C=4C=CN=CC4)C5=CC=CS5,3.982,O=C(Nc1ccccc1)C1=CNc2nc(-c3cccs3)nn2C1c1ccncc1
XS845820a,O=C(C=1C=CC=C(C1)S(=O)(=O)N2CCCCC2)N3CC(OC=4C=CC=CC43)C(=O)N5CCOCC5,11.352,O=C(C1CN(C(=O)c2cccc(S(=O)(=O)N3CCCCC3)c2)c2ccccc2O1)N1CCOCC1
XS836720b,COC(=O)C=1C(C)=C2C=CC=CC2=NC1CN3C=4C=CC(=CC4CC3C)S(N)(=O)=O,1.842,c1ccc2c(c1)CCN2Cc1ccc2ccccc2n1
XS845822a,CCC(C)N1N=CC=2C(=CC(C)=NC21)C(=O)NC=3C=CC(=CC3)CN4CCN(CC4)C(C)=O,3.822,O=C(Nc1ccc(CN2CCNCC2)cc1)c1ccnc2[nH]ncc12
XS845836a,NC(=O)C1CC(=NN1C=2C=CC=CC2)C(=O)NC=3C=CC(=CC3)CN4CCN(CC4)C=5C=CC=CN5,0.398,O=C(Nc1ccc(CN2CCN(c3ccccn3)CC2)cc1)C1=NN(c2ccccc2)CC1
XS047217c,CC(C)N(C(=O)CN1C(=NC=2C=CC=CC21)C3CC(=O)N(C3)C=4C=CC=CC4F)C=5C=CC=CC5,6.266,O=C(Cn1c(C2CC(=O)N(c3ccccc3)C2)nc2ccccc21)Nc1ccccc1
XS845830a,CC(NC=1C=CC=2OCCCOC2C1)C(=O)NC=3C=CC(=CC3)S(=O)(=O)N4CCCC4,2.766,O=C(CNc1ccc2c(c1)OCCCO2)Nc1ccc(S(=O)(=O)N2CCCC2)cc1
XS845832a,COCCOC(=O)C1=C(C)N(C(=O)NC1C=2C=CC(=CC2)C(=O)OC)C=3C=CC=CC3,5.07,O=C1NC(c2ccccc2)C=CN1c1ccccc1
XS839110b,CC=1C=CC(=CC1)C(=O)NC2CN(CC3=CC=NN3C2)C(=O)C=4C=CC=5CC(=O)NC5C4,0.398,O=C1Cc2ccc(C(=O)N3Cc4ccnn4CC(NC(=O)c4ccccc4)C3)cc2N1
XS845843a,CCOC=1C=C2CC(C)OC2=CC1NC(C)=O,1.156,c1ccc2c(c1)CCO2
XS845838a,CCC(NC(N)=O)C(=O)NC=1C=CC(C)=C(C)C1,3.744,c1ccccc1
XS841675b,CC1(C)CC2(CCO1)NC(=O)C=3C=CC=CC3N2,1.236,O=C1NC2(CCOCC2)Nc2ccccc21
XS837783b,COCC(NC(=O)C1CC2(CCC2)C1)C(N)=O,0.926,C1CC2(C1)CCC2
XS845851a,O=C(C1=CC=CO1)N2CCCC(C2)C(F)(F)F,1.426,O=C(c1ccco1)N1CCCCC1
XS845845a,O=C(C1CCC2=CN=CN2C1)N3CCCCC3,0.968,O=C(C1CCc2cncn2C1)N1CCCCC1
XS845844a,CC1CN(CCO1)C=2N=CN=C3C=CC=CC23,1.408,c1ccc2c(N3CCOCC3)ncnc2c1
XS837449b,O=C(C1CCOC1)N2CCN3N=CC=C23,12.334,O=C(C1CCOC1)N1CCn2nccc21
XS845841a,CC(C#N)SC1=NN=C(O1)C=2C=CC(F)=CC2,4.58,c1ccc(-c2nnco2)cc1
XS845850a,O=C(NCC1CCOC1)C2=CN3C=CC=CC3=N2,0.532,O=C(NCC1CCOC1)c1cn2ccccc2n1
XS845848a,CC1CC=2C=CC=CC2N1C(=O)C3=CC=CO3,3.064,O=C(c1ccco1)N1CCc2ccccc21
XS837487b,O=C1NCCC1N2CCOCC(F)(F)C2,3.732,O=C1NCCC1N1CCCOCC1
XS845840a,COCC1CCN(C1)C=2C=CN=C3C=CSC23,0.77,c1cc(N2CCCC2)c2sccc2n1
XS841639b,CCN1CN(CC1=O)C(=O)C2CC32CCCC3,11.088,O=C1CN(C(=O)C2CC23CCCC3)CN1
XS841194b,CC1(COC(=O)N1)C=2C=CC=C(C2)[N+]([O-])=O,2.842,O=C1NC(c2ccccc2)CO1
XS837257b,CC1CNC(=O)C=2C=CC=C(Br)C21,2.238,O=C1NCCc2ccccc21
XS845846a,CC(NC=1N=CN=C2C1C=NN2C)C3CC3,5.048,c1nc(NCC2CC2)c2cn[nH]c2n1
XS845842a,CCC1CCN(C1)C2=NC(=CO2)C(=O)O,5.096,c1coc(N2CCCC2)n1
XS839816b,CC=1C=CC(NC(C)CS(C)(=O)=O)=C(C)N1,0.768,c1ccncc1
XS845862a,CC(C=1C=CC(=CC1)N2C=NC=N2)N(C)C(=O)C3CC3,5.878,O=C(NCc1ccc(-n2cncn2)cc1)C1CC1
XS845856a,CC(CCC1=CC=CO1)NC=2N=CN=C3C2C=NN3C,6.872,c1coc(CCCNc2ncnc3[nH]ncc23)c1
XS840882b,CC1=CC(=NO1)C2CCCN2C3=CC=CC4=NN=CN34,0.924,c1cc(N2CCCC2c2ccon2)n2cnnc2c1
XS837862b,CCC(NC(=O)C1=CN(N=N1)C(C)(C)C)C(F)F,2.972,c1c[nH]nn1
XS842130b,C#CCC(OC(=O)C1=CN2C=CC=CC2=N1)C3CC3,0.948,O=C(OCC1CC1)c1cn2ccccc2n1
XS845860a,CC1CCCN(C1)C(=O)CN2CCCCCCC2=O,0.972,O=C(CN1CCCCCCC1=O)N1CCCCC1
XS163410b,NC(=O)C(NC=1C=CC(Cl)=CC1)C=2C=CC=CC2,6.616,c1ccc(CNc2ccccc2)cc1
XS845857a,CCC(CC=1C=CC=C(C1)C=2C=CC=NC2)C(=O)O,1.348,c1ccc(-c2cccnc2)cc1
XS845861a,CC(C(N)=O)N1CCCN(CC1)C=2C=CC(C#N)=CC2,1.288,c1ccc(N2CCCNCC2)cc1
XS079187b,CC=1OC=CC1C2=NN=C(O2)SC(C)C(N)=O,8.92,c1cc(-c2nnco2)co1
XS613361b,CC1CCCN(CC1)C2=NC=3C=CC=CC3C(=O)N2,6.774,O=c1[nH]c(N2CCCCCC2)nc2ccccc12
XS837352b,COC=1N=CC(=CC1C)C=2C=CC(=CC2)C(C)C(=O)O,8.572,c1ccc(-c2cccnc2)cc1
XS840175b,CCN(CC=1N=NNN1)C(=O)CC2CC(C)(C)CO2,2.136,O=C(CC1CCCO1)NCc1nn[nH]n1
XS501704b,CC(NC(=O)C=1C=CC=NC1O)C(=O)N2CCCC2,16.088,O=C(NCC(=O)N1CCCC1)c1cccnc1
AR001818b,C=1C=CC2=C(C1)NC3=NC=NC(NCC4CCOC4)=C32,1.606,c1ccc2c(c1)[nH]c1ncnc(NCC3CCOC3)c12
XS845858a,CC(CN1C=CC=N1)NC=2N=CN=C3C=CSC23,0.426,c1cnn(CCNc2ncnc3ccsc23)c1
XS840427b,CC=1N=C(C)N(CC(C)C(=O)NC2=NC=CS2)N1,16.286,O=C(CCn1cncn1)Nc1nccs1
XS845867a,CC(OC=1C=CC=C(Cl)C1)C(=O)NC=2C=CC=CC2,1.216,O=C(COc1ccccc1)Nc1ccccc1
XS837695b,COC=1N=CC=C2CCN(CC12)C(=O)C3(C)CC3(F)F,1.926,O=C(C1CC1)N1CCc2ccncc2C1
XS397241b,COC=1C=CC=CC1C(C)NC(=O)C=2C=CC=CC2F,2.62,O=C(NCc1ccccc1)c1ccccc1
XS727017b,O=C(C1CNCCO1)N(CC=2C=CC=CC2F)C3CC3,3.212,O=C(C1CNCCO1)N(Cc1ccccc1)C1CC1
XS842630b,CC(C(=O)N1CCOC=2N=CC=CC2C1)C=3C=NN(C)C3,3.666,O=C(Cc1cn[nH]c1)N1CCOc2ncccc2C1
XS838655b,CC=1C=CC=CC1N2C=C(C=N2)OCC3CCC(=O)NC3,4.896,O=C1CCC(COc2cnn(-c3ccccc3)c2)CN1
XS842293b,CC1=CON=C1CNC(C=2C=NN(C)C2)C=3C=CC=NC3,3.754,c1cncc(C(NCc2ccon2)c2cn[nH]c2)c1
XS838542b,COC1=NNC=C1C(=O)N2CCC3(CCC3)C(CO)C2,0.828,O=C(c1cn[nH]c1)N1CCC2(CCC2)CC1
XS845871a,CC=1C=CC(CN2CCOC(CN3C=CN=N3)C2)=NC1,1.046,c1ccc(CN2CCOC(Cn3ccnn3)C2)nc1
XS837720b,CC1=CC=C(S1)C(C)N(C)C=2C=CC3=NN=NN3N2,1.884,c1csc(CNc2ccc3nnnn3n2)c1
XS845873a,CC1C=2NC=3C=CC=CC3C2CCN1C(=O)C=4C=COC4,1.838,O=C(c1ccoc1)N1CCc2c([nH]c3ccccc23)C1
XS588235b,CC(C)NCC(O)CN1C=2C=CC=CC2C=3C=CC=CC31,0.616,c1ccc2c(c1)[nH]c1ccccc12
XS733093b,CC1C(=O)NCCN1C(=O)C=2C=CC=C(C2)C(F)(F)F,1.692,O=C1CN(C(=O)c2ccccc2)CCN1
XS845869a,O=C(O)CC(NC(=O)C1=CC=CS1)C2=CC=CS2,0.52,O=C(NCc1cccs1)c1cccs1
XS842448b,OC1(CNC=2C=CC(=CN2)C(F)(F)F)CCSC1,1.26,c1ccc(NCC2CCSC2)nc1
XS845863a,CC=1N=C(C=2C=CC=CC2)N(CC(=O)NC(C)C3CC3)N1,0.604,O=C(Cn1ncnc1-c1ccccc1)NCC1CC1
XS842164b,CN1CCCCC(C(=O)N2CC(C2)OC(F)F)C1=O,2.984,O=C1NCCCCC1C(=O)N1CCC1
XS840594b,CC(CNC=1C=CC(=C(C#N)C1)[N+]([O-])=O)CN2C=CC=N2,0.382,c1ccc(NCCCn2cccn2)cc1
XS845864a,CC1=CC(=NN1)C2CCCN(CCN3CCCC3=O)C2,1.38,O=C1CCCN1CCN1CCCC(c2cc[nH]n2)C1
XS839302b,CC(NC=1C=CC=C(C1)C2=NN=NN2C)C=3C=NC=CN3,1.394,c1cc(NCc2cnccn2)cc(-c2nnn[nH]2)c1
XS845882a,CC(NC=1C=CC=2NC(=O)CCC2C1)C(=O)N3CCCC3,4.034,O=C1CCc2cc(NCC(=O)N3CCCC3)ccc2N1
XS838683b,FC=1C=C(F)C=C(C1)C(F)CNC2=NC=CC3=CN=CN23,2.656,c1ccc(CCNc2nccc3cncn23)cc1
XS776826b,CC1=NC(CC(C)C)=C(S1)C(=O)N2CCCC(C)(O)C2,0.496,O=C(c1cncs1)N1CCCCC1
XS845878a,CN1N=C(C=C1NC(=O)C2=CC=NN2C)C3CCCOC3,0.552,O=C(Nc1cc(C2CCCOC2)n[nH]1)c1ccn[nH]1
XS845885a,COC=1C=CC(C(=O)NC2CCN(C2)C3CC3)=C(C1)OC,0.786,O=C(NC1CCN(C2CC2)C1)c1ccccc1
XS768163b,O=C(CC1CCCNC1)N2CCC(CC2)C=3C=CC=CC3,0.446,O=C(CC1CCCNC1)N1CCC(c2ccccc2)CC1
XS390650b,O=C(NC1CCCCNC1=O)N(CC2=CC=CO2)C3CC3,2.764,O=C1NCCCCC1NC(=O)N(Cc1ccco1)C1CC1
XS845881a,O=C1OCCC12CCCN2CC3=CC(=NN3)C=4C=CC=CC4,1.248,O=C1OCCC12CCCN2Cc1cc(-c2ccccc2)n[nH]1
XS840222b,COCCC(CO)NC(=O)C=1C=CC2=CC=CC(O)=C2C1,2.864,c1ccc2ccccc2c1
XS838459b,CC1CN(CC2=CNN=C21)C=3C(F)=C(Cl)C=CC3C#N,13.0,c1ccc(N2CCc3n[nH]cc3C2)cc1
XS841381b,CC1=CC(=O)NC(=N1)NCC2CSC=3C=CC=CC3O2,2.198,O=c1ccnc(NCC2CSc3ccccc3O2)[nH]1
XS712492b,COC=1C=CC=C(C1)NC(=O)CN(C)C(=O)C2CCCO2,2.586,O=C(CNC(=O)C1CCCO1)Nc1ccccc1
XS845874a,CC1=NC(CN(C)C2CCCN(C2)C=3C=CC=NN3)=NO1,1.026,c1cnnc(N2CCCC(NCc3ncon3)C2)c1
XS845879a,CC=1C=CC(=CC1)CNC(=O)N2CCCC2C=3C=CN=CC3,0.906,O=C(NCc1ccccc1)N1CCCC1c1ccncc1
XS829006b,CC(=O)N1CC(=O)NC=2C=C(C)C=CC2C1C=3C=CC=CC3,4.57,O=C1CNC(c2ccccc2)c2ccccc2N1
XS840548b,CC(C)C(C1=NC(=NO1)N(C)C)N2CCCS2(=O)=O,1.72,O=S1(=O)CCCN1Cc1ncno1
XS845886a,CC=1SC=2N=CN=C(C2C1C)N3CCCC(C3)C(=O)O,8.228,c1nc(N2CCCCC2)c2ccsc2n1
XS845901a,CC(NS(=O)(=O)C=1C=CC=C(F)C1)C(=O)N2CCCC2,8.012,O=C(CNS(=O)(=O)c1ccccc1)N1CCCC1
XS703308b,CC(SC=1C=CC=CC1C(=O)O)C(=O)NC=2C=CC=CC2,1.796,O=C(CSc1ccccc1)Nc1ccccc1
XS845899a,CC(=O)N1CCN(CC1)C(C)C(=O)NC=2C=CC(C#N)=CC2,2.098,O=C(CN1CCNCC1)Nc1ccccc1
XS845893a,CC(=O)NC(C(=O)N(C)C1=NC=2C=CC=CC2S1)C(C)C,6.498,c1ccc2scnc2c1
XS845889a,COC=1C=CC=C(C1)C(=O)N2CCCC2C=3C(C)=NNC3C,4.386,O=C(c1ccccc1)N1CCCC1c1cn[nH]c1
XS845892a,NC(=O)C(NC(=O)CN1CCCCCC1=O)C=2C=CC=CC2,0.918,O=C(CN1CCCCCC1=O)NCc1ccccc1
XS845900a,O=C1C=2C=CC=CC2NC(C3=CN4C=CC=CC4=N3)N1C5CC5,2.08,O=C1c2ccccc2NC(c2cn3ccccc3n2)N1C1CC1
XS845894a,CC(=O)N1CC2(CCCC2)C=3C=C4OCCOC4=CC3C1C,7.342,c1c2c(cc3c1OCCO3)C1(CCCC1)CNC2
XS587583b,NC=1N=C(CSC2CCCCNC2=O)N=C3C=CC=CC13,5.696,O=C1NCCCCC1SCc1ncc2ccccc2n1
XS839040b,O=C1C2=CC=CN2C=NN1CCC(C=3C=CC=CC3)C(F)F,11.172,O=c1c2cccn2cnn1CCCc1ccccc1
XS845895a,CCCC(C)NC(=O)C=1C=CC=C(C1)NS(=O)(=O)CC,0.562,c1ccccc1
XS845897a,CN(CC(=O)NC(C)(C)C)C(=O)NC1CCC=2C=CC=CC21,1.28,c1ccc2c(c1)CCC2
XS845896a,CCCNC(=O)C(C)SC=1C=CC(Br)=CN1,1.34,c1ccncc1
XS448878b,CC=1C=CC=CC1C2CCN(C2)C(=O)C3=CNC=4N=CC=CC34,5.24,O=C(c1c[nH]c2ncccc12)N1CCC(c2ccccc2)C1
XS805428b,CC1=CSC(=N1)C2CCCCN2C(=O)C=3C=CC(C)=NC3,1.73,O=C(c1cccnc1)N1CCCCC1c1nccs1
XS845890a,O=C(CC1C=CCC1)NCC=2C=CC(=CC2)NC(=O)C3CC3,0.61,O=C(CC1C=CCC1)NCc1ccc(NC(=O)C2CC2)cc1
XS845898a,CSC=1C=CC(=CC1)C(C)NC(=O)NCC=2C=CC=CC2,4.384,O=C(NCc1ccccc1)NCc1ccccc1
XS845891a,CC=1C=CC=C(C1)C=2CC(C3=CC=CO3)N(N2)S(C)(=O)=O,2.178,c1ccc(C2=NNC(c3ccco3)C2)cc1
XS142909b,CC(NC(=O)CCC1=CC=CS1)C2=NC=3C=CC=CC3N2,2.896,O=C(CCc1cccs1)NCc1nc2ccccc2[nH]1
XS638371b,CC=1C=C(C)C=C(C1)NC(C)C(=O)NCCC2=CC=CS2,6.612,O=C(CNc1ccccc1)NCCc1cccs1
XS806396b,CC(SC=1C=CC(Cl)=CC1)C(=O)N2CCNC(=O)C2,5.942,O=C1CN(C(=O)CSc2ccccc2)CCN1
XS845911a,CCC(CC=1C=CC=C(C1)C=2C=NC=3C=NN(C)C3C2)C(=O)O,0.674,c1ccc(-c2cnc3cn[nH]c3c2)cc1
XS845904a,COC=1C=C(C#N)C=CC1OC(C)C(=O)NC=2C=CC=C(C)C2,6.462,O=C(COc1ccccc1)Nc1ccccc1
XS842629b,CC(CC=1C=CSC1)N(C)C(=O)NC=2C=CC=3C=CNC3C2,1.942,O=C(NCCc1ccsc1)Nc1ccc2cc[nH]c2c1
XS836466b,CC(NC(=O)C=1OC=CC1COC=2C=CC=CC2)C=3C=CON3,4.672,O=C(NCc1ccon1)c1occc1COc1ccccc1
XS334477b,CC=1N=C(C=CC1C#N)N2CCCC(O)(CC3=NN=CN3C)C2,1.06,c1ccc(N2CCCC(Cc3nnc[nH]3)C2)nc1
XS845906a,CC1=CSC(=N1)SCC(=O)NC2CCS(=O)(=O)C2,7.138,O=C(CSc1nccs1)NC1CCS(=O)(=O)C1
XS845912a,CC(C(=O)N(C)CCOC=1C=CC(Cl)=CC1)N2C=NC=N2,8.462,O=C(Cn1cncn1)NCCOc1ccccc1
XS837895b,COC(=O)C1=CSC(=C1)NC(=O)C2(C)CCN(C2)C(C)=O,6.504,O=C(Nc1cccs1)C1CCNC1
XS840405b,CC1CC=2C=CC=CC2N1CCC(=O)NC=3SC=CC3C#N,15.916,O=C(CCN1CCc2ccccc21)Nc1cccs1
XS843010b,CC(NC(=O)C=1C=CC=2N=CSC2C1)C=3C=CC=C(C#N)C3,1.764,O=C(NCc1ccccc1)c1ccc2ncsc2c1
XS839902b,COCCN1C=CC(=N1)NC(=O)NC2(C)CC(C)(C)OC2=O,0.892,O=C(Nc1cc[nH]n1)NC1CCOC1=O
XS133813b,CC=1C=CC(=CC1C)NC(C)C(=O)NC=2C=CC=3OCOC3C2,7.252,O=C(CNc1ccccc1)Nc1ccc2c(c1)OCO2
XS845909a,CN1N=C(C=C1C(=O)N2CCCC2CC=3C=CC=CC3)C(=O)O,2.446,O=C(c1ccn[nH]1)N1CCCC1Cc1ccccc1
XS845905a,CC(C)C1=NN(C)C=C1NC(=O)CN2CCCCC(O)C2=O,1.834,O=C(CN1CCCCCC1=O)Nc1cn[nH]c1
XS845914a,CCCC(C)(NC(=O)C=1C=C(Cl)C=2OCOC2C1)C(=O)O,3.626,c1ccc2c(c1)OCO2
XS845908a,CCC(C)(C)C(=O)NC=1C=CC=C(C1)CS(=O)C(C)(C)C,9.896,c1ccccc1
XS839522b,N#CC1CN(CCO1)C(=O)C2(CC(F)(F)C2)C=3C=CC=CC3,5.224,O=C(N1CCOCC1)C1(c2ccccc2)CCC1
XS845916a,CC1=NC(=NO1)C2CCCN(C2)C(=O)C=3C=CC=C4OCOC34,11.934,O=C(c1cccc2c1OCO2)N1CCCC(c2ncon2)C1
XS845927a,CC1C(=O)NC=2C=CC=CC2CN1C(=O)C3=CNC=4N=CC=CC34,6.95,O=C1CN(C(=O)c2c[nH]c3ncccc23)Cc2ccccc2N1
XS836710b,C#CCNS(=O)(=O)C(C)CCN1C(=O)C=2C=CC=CC2C1=O,5.726,O=C1NC(=O)c2ccccc21
XS845917a,CN1CC(CCC1=O)NC(=O)C=2C=CC=C(C2)OC3CCCC3,10.24,O=C1CCC(NC(=O)c2cccc(OC3CCCC3)c2)CN1
XS838972b,COC(=O)C1CCS(=O)(=O)N1CC=2C=CC(Cl)=C(C)C2,2.532,O=S1(=O)CCCN1Cc1ccccc1
XS841733b,O=C1ON=C(CC=2C=CC(F)=CC2)N1CC3CC(=NO3)C4CC4,20.28,O=c1onc(Cc2ccccc2)n1CC1CC(C2CC2)=NO1
XS735540b,CC1=NN2CC(CCC2=N1)C(=O)NCCC=3C=CC=CC3Cl,10.674,O=C(NCCc1ccccc1)C1CCc2ncnn2C1
XS845921a,CNC(=O)C1(COC)CCCN1C(=O)C=2C=C(C)C(C#N)=CN2,6.272,O=C(c1ccccn1)N1CCCC1
XS845918a,COC=1C=CC(=CC1)C2=NC(=CS2)C(=O)NCC3CCCO3,1.342,O=C(NCC1CCCO1)c1csc(-c2ccccc2)n1
XS845919a,CCC1CCCCN1C(=O)COC=2C=CC=C3CC(C)(C)OC23,1.326,O=C(COc1cccc2c1OCC2)N1CCCCC1
XS845930a,CC(CC=1C=CC2=CC=CC=C2C1)NC(=O)C=3C=CC(=O)N(C)C3,1.662,O=C(NCCc1ccc2ccccc2c1)c1ccc(=O)[nH]c1
XS845924a,CC(NC(=O)NCC1=NN=C2CCCCCN12)C3=CC=CS3,0.516,O=C(NCc1cccs1)NCc1nnc2n1CCCCC2
XS504831b,COC=1C=CC(=NN1)C(=O)NC(C=2C=CC(F)=CC2)C(C)(C)C,5.422,O=C(NCc1ccccc1)c1cccnn1
XS845923a,CC(NC=1C=CC(=CC1)OC2CCCC2)C(=O)N3CCNC3=O,6.78,O=C(CNc1ccc(OC2CCCC2)cc1)N1CCNC1=O
XS845920a,O=C(C1=COC=2C=C(F)C=CC12)N3CCC(C3)N4CCCC4=O,2.144,O=C(c1coc2ccccc12)N1CCC(N2CCCC2=O)C1
XS842346b,O=S1(=O)CCC(C1)C2=CSC(=N2)C3=NNC=4C=CC=CC34,3.708,O=S1(=O)CCC(c2csc(-c3n[nH]c4ccccc34)n2)C1
XS454254b,CC1=NC=C(CN2CCCNC(=O)C2CC=3C=CC=CC3)S1,2.314,O=C1NCCCN(Cc2cncs2)C1Cc1ccccc1
XS838877b,COC=1C=C(F)C=C(C1)C2=NOC(=N2)N3CCCC43CCNC4,1.216,c1ccc(-c2noc(N3CCCC34CCNC4)n2)cc1
XS840631b,COC=1C=CC=NC1NC(=O)CC(C=2C=CC=CC2)C(F)(F)F,0.552,O=C(CCc1ccccc1)Nc1ccccn1
XS483866b,O=C(CC=1C=CC=C(F)C1F)N2CCCCCC2C=3N=CON3,1.764,O=C(Cc1ccccc1)N1CCCCCC1c1ncon1
XS845939a,CC(CCNC(=O)CN(C)C=1C=CC(C#N)=CN1)C=2C=CC=CC2,16.524,O=C(CNc1ccccn1)NCCCc1ccccc1
XS478850b,FC=1C=CC(=CC1)C2CCCN2CC3=NC(=NO3)C=4C=CC=NC4,0.324,c1ccc(C2CCCN2Cc2nc(-c3cccnc3)no2)cc1
XS334208b,O=C(C=1C=C(O)N=C2C=CC=CC12)N3CCCC(C3)N4C=CC=N4,21.424,O=C(c1ccnc2ccccc12)N1CCCC(n2cccn2)C1
XS845934a,CCC(NC=1C=CC(OC)=C(Cl)C1)C(=O)NC=2C=C(C)ON2,8.028,O=C(CNc1ccccc1)Nc1ccon1
BD009740c,CC=1C=C(N2CCCC2C=3C=CC=4OCOC4C3)N5N=CN=C5N1,5.428,c1cc(N2CCCC2c2ccc3c(c2)OCO3)n2ncnc2n1
XS701546b,CC=1C=CC(=CC1)NC(=O)NC(C)C=2C=CC(=CC2)N3C=NC=N3,13.446,O=C(NCc1ccc(-n2cncn2)cc1)Nc1ccccc1
XS837082b,[O-][N+](=O)C1=CN=C2C=CC(=NN12)NCC3CCOC=4C=CC=CC43,15.572,c1ccc2c(c1)OCCC2CNc1ccc2nccn2n1
XS845937a,CC(CCC1=CC=CO1)NC(=O)C=2C=CC(=CC2)S(C)(=O)=O,0.418,O=C(NCCCc1ccco1)c1ccccc1
XS838004b,O=S(=O)(C1CC1(F)F)N2CCN(CC2)C3=NC(O)=CS3,6.318,O=S(=O)(C1CC1)N1CCN(c2nccs2)CC1
XS842135b,CCC(CNS(C)(=O)=O)NC(=O)C=1C=CC(C)=C2CCCC12,2.674,c1ccc2c(c1)CCC2
XS840741b,CC(CN(C)C(=O)CC=1C=CC(=CC1)N2C=CC=N2)C3=NN=NN3,1.79,O=C(Cc1ccc(-n2cccn2)cc1)NCCc1nnn[nH]1
XS506128b,CC(C)CN1C=NN=C1C2CCCN2C=3N=CN=C4C3C=NN4C,11.596,c1nc(N2CCCC2c2nnc[nH]2)c2cn[nH]c2n1
XS334956b,CC1=NOC(CC2(O)CCCN(C2)C(=O)C=3C=CNC3C4CC4)=N1,2.652,O=C(c1cc[nH]c1C1CC1)N1CCCC(Cc2ncno2)C1
XS842074b,CC=1N=C(C)N(CC2CN(CCO2)C=3N=NC(C)=C(C)C3C#N)N1,10.666,c1cnnc(N2CCOC(Cn3cncn3)C2)c1
XS845950a,O=C(CCCNC(=O)C1CC1)N2CCCCC2CC=3C=CC=CC3,2.244,O=C(NCCCC(=O)N1CCCCC1Cc1ccccc1)C1CC1
XS845948a,CC(C)C1=NOC(CCCC(=O)NC(C)C=2C=CC(C#N)=CC2)=N1,6.598,O=C(CCCc1ncno1)NCc1ccccc1
XS845947a,CC=1C=CC(=CN1)CNC(=O)C2CCCN(C2)C(=O)N3CCCC3,1.04,O=C(NCc1cccnc1)C1CCCN(C(=O)N2CCCC2)C1
XS584343b,O=C(CC1=CNC=2C=C(F)C=CC12)NC3CCC(=O)NC43CCC4,7.138,O=C(Cc1c[nH]c2ccccc12)NC1CCC(=O)NC12CCC2
XS845941a,CCC1=NC=CN1C2CCCN(C2)C(=O)C3=CSC(=N3)C4CC4,3.738,O=C(c1csc(C2CC2)n1)N1CCCC(n2ccnc2)C1
XS762404b,CC1=CSC(=N1)C2CCCN(C2)C(=O)C=3C=CC=C(C3)C(=O)O,1.152,O=C(c1ccccc1)N1CCCC(c2nccs2)C1
XS845945a,NC(CNC(=O)C1=CN=C(S1)C=2C=CC=3OCOC3C2)C4CC4,2.184,O=C(NCCC1CC1)c1cnc(-c2ccc3c(c2)OCO3)s1
XS845943a,COC=1C=CC(=C(C1)OC)C2CCCN2C(=O)C=3SC=CC3C,3.9,O=C(c1cccs1)N1CCCC1c1ccccc1
XS709595b,CC(NC(=O)CSC=1C=CC=CC1)C=2C=CC=3OCCOC3C2,5.514,O=C(CSc1ccccc1)NCc1ccc2c(c1)OCCO2
XS841876b,CCN1C=C(C=N1)C2CSCCN2CC=3C=CC=C(C#N)C3F,3.144,c1ccc(CN2CCSCC2c2cn[nH]c2)cc1
XS845949a,CC=1C=C(C(=O)N2CCCC(CCC(=O)O)C2)C3=CC=CC=C3N1,3.458,O=C(c1ccnc2ccccc12)N1CCCCC1
XS845957a,CC(=O)NC(CC(=O)NC=1C=CC=C2C=NC=CC12)C=3C=CC=CC3,34.408,O=C(CCc1ccccc1)Nc1cccc2cnccc12
XS845952a,CC(=O)N1CCCC=2C=CC(=CC21)S(=O)(=O)N3CCCC(C)C3,0.942,O=S(=O)(c1ccc2c(c1)NCCC2)N1CCCCC1
XS845953a,CC(C(=O)NC=1C=CC=C(C#N)C1)N2CCN(CC2)S(C)(=O)=O,2.474,O=C(CN1CCNCC1)Nc1ccccc1
XS845951a,COC(=O)C(C=1C=C(F)C=CC1F)N(C)C(=O)C=2C=CN=C(C)N2,0.748,O=C(NCc1ccccc1)c1ccncn1
XS838443b,CCC1=CN=C(N1)C(=O)N(CC2=CC=C(CC)O2)CC3CCOC3,2.206,O=C(c1ncc[nH]1)N(Cc1ccco1)CC1CCOC1
XS845956a,CN1C(=O)N(CC(=O)NC(C=2C=CC=CC2)C3CC3)C=4C=CC=CC41,0.382,O=C(Cn1c(=O)[nH]c2ccccc21)NC(c1ccccc1)C1CC1
XS845964a,COC=1C=CC(=CC1NC(C)C(=O)N2CCC(C)CC2)NC(C)=O,1.408,O=C(CNc1ccccc1)N1CCCCC1
XS845954a,CC1=NOC(N)=C1C(=O)OC(C)C(=O)NC=2C=CC(=CC2)C(C)C,5.542,O=C(COC(=O)c1cnoc1)Nc1ccccc1
XS845959a,CSC=1N=CC(Cl)=C(N1)C(=O)NC2(C)CCS(=O)(=O)C2,15.802,O=C(NC1CCS(=O)(=O)C1)c1ccncn1
XS845962a,CC(C1=CC=CS1)N(C)C(=O)NCC=2C=CC=3OCCOC3C2,7.212,O=C(NCc1ccc2c(c1)OCCO2)NCc1cccs1
XS845965a,CCC=1C=CC=C(C1)NC2CCN(C2)C(=O)C=3N=CN4C=CC=CC34,1.1,O=C(c1ncn2ccccc12)N1CCC(Nc2ccccc2)C1
XS845961a,CC=1C=CC(=CC1)OC(C)C(=O)NC=2C=CC(=CC2)S(C)(=O)=O,1.814,O=C(COc1ccccc1)Nc1ccccc1
XS839860b,CC=1N=CC=C(N1)N2CCOCC2C=3C=CC(Br)=CC3,1.214,c1ccc(C2COCCN2c2ccncn2)cc1
XS845963a,COCCN1C=C(C=N1)NC(=O)NC2CCSC=3C=CC=CC32,1.682,O=C(Nc1cn[nH]c1)NC1CCSc2ccccc21
XS845955a,CN(C(=O)C1CN(C)C(=O)C=2C=CC=CC21)C3CCC(F)(F)CC3,0.86,O=C1NCC(C(=O)NC2CCCCC2)c2ccccc21
XS616038b,CC=1C=C(NC(=O)NC2CCN(C2=O)C=3C=CC(Cl)=CC3)ON1,2.57,O=C(Nc1ccno1)NC1CCN(c2ccccc2)C1=O
XS845970a,CC=1C=CC=CC1CC(=O)NC(C2=NC=CN2C)C=3C=CC(F)=CC3,1.276,O=C(Cc1ccccc1)NC(c1ccccc1)c1ncc[nH]1
XS837592b,O=C(NCC1CNC(=O)O1)C=2C=NC=C3C(=CC=CC23)C(F)(F)F,2.84,O=C1NCC(CNC(=O)c2cncc3ccccc23)O1
XS841662b,O=C(O)C=1C=CC=C(C1)CN2N=C3C=4C=CSC4CCC3CC2=O,5.96,O=C1CC2CCc3sccc3C2=NN1Cc1ccccc1
XS836591b,CC=1C=CC(=CC1)C=2N=NN(N2)C(C)C3=NN=C(O3)C4=CC=CS4,2.938,c1ccc(-c2nnn(Cc3nnc(-c4cccs4)o3)n2)cc1
XS839930b,CCC(CS(=O)(=O)NC1=CN(N=N1)C=2C=CC=C(C2)OC)OC,3.58,c1ccc(-n2ccnn2)cc1
XS845969a,CCN1N=C(C)C(CNC=2C=CC(Cl)=C(C2)CS(C)=O)=C1C,1.798,c1ccc(NCc2cn[nH]c2)cc1
XS842468b,CC=1C=C2OC(C)CN(CC3=NC(=O)NN3)C2=CC1Br,0.934,O=c1nc(CN2CCOc3ccccc32)[nH][nH]1
XS837950b,CC=1C=CC(=CC1)C=2CC(CNS(=O)(=O)N(C)C3CCC3)ON2,3.012,O=S(=O)(NCC1CC(c2ccccc2)=NO1)NC1CCC1
XS845973a,CC(C)CN1C=CC=C(C2=NC(=NO2)C3CC=4C=CC(F)=CC43)C1=O,4.462,O=c1[nH]cccc1-c1nc(C2Cc3ccccc32)no1
XS837882b,CC(C(=O)NC=1C=CC(=CC1)OCC=2C=CC=CC2)N3OC=CC3=O,5.79,O=C(Cn1occc1=O)Nc1ccc(OCc2ccccc2)cc1
XS840819b,CC(C(=O)N1CCOCC1)N2CCN(CC2)C=3C=CN=CC3Cl,2.602,O=C(CN1CCN(c2ccncc2)CC1)N1CCOCC1
XS842375b,CCC1=NN2CCCC(NC3=NC(=NO3)C=4C=CC=C(C4)OC)C2=N1,2.668,c1ccc(-c2noc(NC3CCCn4ncnc43)n2)cc1
XS845987a,O=C(CCNC(=O)NCC1CCCC=2C=CC=CC21)N3CCCCC3,6.218,O=C(NCCC(=O)N1CCCCC1)NCC1CCCc2ccccc21
XS841283b,CCC=1C=CC(=CC1)CN(CC=2C=CC=NC2)C(=O)NC(C)COC,2.586,c1ccc(CNCc2cccnc2)cc1
XS837361b,CC1=CC(=NN1CC(F)(F)F)NCC(C)COCC=2C=CC=CC2,0.524,c1ccc(COCCCNc2cc[nH]n2)cc1
XS837432b,O=C(NCCC1=NC=2C=C(Cl)C=CC2N1)C3CC=4C=CC(F)=CC43,0.518,O=C(NCCc1nc2ccccc2[nH]1)C1Cc2ccccc21
XS845979a,COC=1C=CC=CC1N2CC(CC2=O)C(=O)N(C)CC=3C=NN(C)C3,7.252,O=C(NCc1cn[nH]c1)C1CC(=O)N(c2ccccc2)C1
XS839147b,CC(C(=O)OC(C)(C)C)C1=NC(=NO1)C=2C=CN=C(C2)N3C=CN=C3,1.904,c1cn(-c2cc(-c3ncon3)ccn2)cn1
XS845986a,CC(C(=O)NC=1C=CC=CC1)N2CCN(CC2)C=3C=CC=CC3Cl,0.84,O=C(CN1CCN(c2ccccc2)CC1)Nc1ccccc1
XS483145b,CS(=O)(=O)CC(NCC=1C=CC=C(Cl)C1F)C=2C=CC=CC2,0.95,c1ccc(CNCc2ccccc2)cc1
XS839844b,COC=1C=CC=CC1C2=NC(=CS2)CN3CCCC4(CCOC4)C3,0.904,c1ccc(-c2nc(CN3CCCC4(CCOC4)C3)cs2)cc1
XS845977a,COC=1C=CC=C(C1)N2CCC(CNC(=O)NC=3C=CC=CC3F)C2,1.796,O=C(NCC1CCN(c2ccccc2)C1)Nc1ccccc1
XS146064b,CC(NC(=O)CN1CCN(CC1)C=2C=CC=CN2)C=3C=CC(F)=CC3,1.206,O=C(CN1CCN(c2ccccn2)CC1)NCc1ccccc1
XS841417b,N#CC=1C=CC=C(C1)C2CC(=NN2C=3N=CC=CN3)C=4C=CC=C(O)C4,2.996,c1ccc(C2=NN(c3ncccn3)C(c3ccccc3)C2)cc1
XS836836b,COC=1C=CC(=CC1)CC=2C(C)=NC(=NC2C)N3CCNC(=O)C3C,2.192,O=C1CN(c2ncc(Cc3ccccc3)cn2)CCN1
XS837405b,COC(=O)C1=CC(=CS1)S(=O)(=O)N2CCC(C2)N3C=CN=N3,11.08,O=S(=O)(c1ccsc1)N1CCC(n2ccnn2)C1
XS836832b,CC=1C(Cl)=CN=C(NC2CCCN(C2=O)C=3C=CC=NC3)C1C#N,10.482,O=C1C(Nc2ccccn2)CCCN1c1cccnc1
XS842494b,COC=1C=CN=C2C(=CC=CC12)NC(=O)NCC(C)C3=NC=CS3,0.726,O=C(NCCc1nccs1)Nc1cccc2cccnc12
XS845992a,CC=1C=C(C(=O)OC(C)C(=O)NCC=2C=CC=CC2)C3=CC=CC=C3N1,4.398,O=C(COC(=O)c1ccnc2ccccc12)NCc1ccccc1
XS845993a,CCC1=NC(=CO1)C(=O)NC(C2=NC(=NO2)C(C)C)C3CCOCC3,0.982,O=C(NC(c1ncno1)C1CCOCC1)c1cocn1
XS846005a,CC(NC(=O)CN1N=NC(=N1)C=2C=CC(Br)=CC2)C3CC3,1.158,O=C(Cn1nnc(-c2ccccc2)n1)NCC1CC1
XS846003a,COCCCCNC(=O)N1CCCC(C1)C2=NC=3C=CC=CC3S2,1.09,c1ccc2sc(C3CCCNC3)nc2c1
XS845989a,CN(C(=O)C=1C=CC=C(C#N)C1)C(C=2C=CC=C(F)C2)C=3C=CC=CN3,11.488,O=C(NC(c1ccccc1)c1ccccn1)c1ccccc1
XS845999a,CC(C)C(=O)N1CCC(CC1)NC(=O)NC(C=2C=CC=CC2)C(C)C,0.584,O=C(NCc1ccccc1)NC1CCNCC1
XS845988a,CC(C)(C)NC(=O)C1CSCN1S(=O)(=O)C=2C=CC(F)=CC2,11.744,O=S(=O)(c1ccccc1)N1CCSC1
XS846002a,O=C(NCCNC=1N=CC=CN1)NC2CCSC=3C=CC(F)=CC32,5.758,O=C(NCCNc1ncccn1)NC1CCSc2ccccc21
XS846000a,COC1=CC(=CC(OC)=C1C)C(=O)N2CCCC(C2)C3=NN=CN3C,4.042,O=C(c1ccccc1)N1CCCC(c2nnc[nH]2)C1
XS845990a,O=C(CCCOC=1C=CC=CC1Cl)N2CCCC(C2)C3=CC=NN3,1.488,O=C(CCCOc1ccccc1)N1CCCC(c2ccn[nH]2)C1
XS845994a,CC(NC=1C=NN(C1)C=2C=CC=CC2Br)C(=O)NC3CC3,1.34,O=C(CNc1cnn(-c2ccccc2)c1)NC1CC1
XS845996a,CC(CC1CCCC1)C(=O)N(C)CCCN2C=NC=3C(N)=NC=NC32,4.116,O=C(CCC1CCCC1)NCCCn1cnc2cncnc21
XS845997a,COC(=O)C(NC=1C=CN(N1)C2CCOCC2)C=3C=CC=CC3Cl,1.17,c1ccc(CNc2ccn(C3CCOCC3)n2)cc1
XS705734b,CN(CC1=NN=C(O1)C2CC2)C3CCN(C3=O)C=4C=CC=CC4Cl,10.068,O=C1C(NCc2nnc(C3CC3)o2)CCN1c1ccccc1
XS838270b,CN1CC2CN(CC3=NC(CC=4C=CC=C(F)C4)=NO3)CCN2C1=O,0.664,O=C1NCC2CN(Cc3nc(Cc4ccccc4)no3)CCN12
XS845998a,O=C(CS(=O)CC1=CSC(=N1)C=2C=CC=CC2)NC3CCCC3,10.878,O=C(CS(=O)Cc1csc(-c2ccccc2)n1)NC1CCCC1
XS837723b,CC=1C=C(C)N(N1)C=2C=CN=C(N2)NC(C)C=3C=CC=4C=CN(C)C4C3,0.696,c1cnn(-c2ccnc(NCc3ccc4cc[nH]c4c3)n2)c1
XS841261b,O=C1NCC2CN(CCN12)S(=O)(=O)C=3C=CC=CC3OC(F)F,2.152,O=C1NCC2CN(S(=O)(=O)c3ccccc3)CCN12
XS846015a,CC1=CC(=NO1)C2CCCN2C(=O)C=3C=CC(=CC3)NC(=O)NC4CC4,7.472,O=C(Nc1ccc(C(=O)N2CCCC2c2ccon2)cc1)NC1CC1
XS846019a,CN1C(=NC=2C=CC=CC21)C3CCCCN3S(=O)(=O)C=4C=CC=CC4,5.002,O=S(=O)(c1ccccc1)N1CCCCC1c1nc2ccccc2[nH]1
XS420030b,CC=1C=CC=CC1C(C)(C)CNC(=O)C2CC(=O)N(CC(F)(F)F)C2,1.432,O=C1CC(C(=O)NCCc2ccccc2)CN1
XS846020a,CCOC(=O)C=1C=CC=C(C1)S(=O)(=O)N2CCCCC2C(=O)NC,3.156,O=S(=O)(c1ccccc1)N1CCCCC1
XS840866b,O=C(NCCOC(=O)C1CC(=O)N(C1)C=2C=CC=CC2)C=3C=CN=CC3,12.728,O=C(NCCOC(=O)C1CC(=O)N(c2ccccc2)C1)c1ccncc1
XS846016a,CC(=O)NC=1C=CC(=CC1)OCC(O)CN2C=NC3=CC(C)=C(C)C=C32,0.882,c1ccc(OCCCn2cnc3ccccc32)cc1
XS836592b,CC(NC=1C=CC(=CC1)OC=2C=CC=C3C=CC=NC23)C(=O)NC(N)=O,10.908,c1ccc(Oc2cccc3cccnc23)cc1
XS846018a,CC(C)N1N=CC=2CCC(CC21)NC(=O)CC3=CNC=4C=CC(O)=CC34,1.158,O=C(Cc1c[nH]c2ccccc12)NC1CCc2cn[nH]c2C1
XS846011a,CC(C)C(NS(=O)(=O)C=1C=CC=CC1)C(=O)NC=2C=CC(F)=CC2,2.568,O=C(CNS(=O)(=O)c1ccccc1)Nc1ccccc1
XS846009a,O=C(CSC1=NC=CN1C=2C=CC(Cl)=CC2)NCC3CCCO3,3.2,O=C(CSc1nccn1-c1ccccc1)NCC1CCCO1
XS837770b,OCC(C1CC1)N(CC2=CC=3C=C(Cl)C=NC3O2)CC=4C=CC=CC4,5.552,c1ccc(CN(Cc2cc3cccnc3o2)CC2CC2)cc1
XS840284b,CCOC(=O)C1=C(NC2=NN=NN2C1C=3C=CSC3)C=4C=CC=CC4,0.65,C1=C(c2ccccc2)Nc2nnnn2C1c1ccsc1
XS839275b,COC=1C=CC(=CC1Br)OCCNC(C)C2=NC=C(C)O2,1.406,c1ccc(OCCNCc2ncco2)cc1
XS846010a,CC(C)(N)C1=NOC=C1C(=O)N2CCCC(CCCC=3C=CC=CC3)C2,9.556,O=C(c1cnoc1)N1CCCC(CCCc2ccccc2)C1
XS839995b,N#CC=1C=CC(=NC1)OC2CCN(C2)C(=O)CC3=NOC=4C=CC(F)=CC34,0.3,O=C(Cc1noc2ccccc12)N1CCC(Oc2ccccn2)C1
XS550923b,O=C(NC1CCN(C1=O)C=2C=CC=CC2Cl)C=3ON=C4CCCCC34,3.822,O=C(NC1CCN(c2ccccc2)C1=O)c1onc2c1CCCC2
XS846034a,COC1=CN(N=C1C(=O)NC(C)C=2C=CC(F)=C(F)C2)C=3C=CC=CC3,8.772,O=C(NCc1ccccc1)c1ccn(-c2ccccc2)n1
XS846022a,CCN(CC1=CC=C(Cl)S1)CC(O)COC=2C=CC(=CC2)CC#N,1.786,c1ccc(OCCCNCc2cccs2)cc1
XS846028a,O=C(NC1CC1)C(CC=2C=CC=CC2)NS(=O)(=O)C=3C=CC=CC3F,0.552,O=C(NC1CC1)C(Cc1ccccc1)NS(=O)(=O)c1ccccc1
XS846023a,O=C(CCC(=O)N1CCC(=N1)C=2C=CC=CC2)NC3CCC=4C=CC=CC43,6.786,O=C(CCC(=O)N1CCC(c2ccccc2)=N1)NC1CCc2ccccc21
XS837681b,O=C(C1CC1(F)F)N2CC3(C2)CN(C3)C=4N=CC(Br)=CN4,3.9,O=C(C1CC1)N1CC2(C1)CN(c1ncccn1)C2
XS839597b,N#CCC1(O)CCN(CC=2C=C(N=CC2Br)C(F)(F)F)C1,1.636,c1cc(CN2CCCC2)ccn1
XS839154b,COC=1C=C2NC(=O)N(CC3CCCCN3C4CC4)C(=O)C2=CC1Cl,3.156,O=c1[nH]c2ccccc2c(=O)n1CC1CCCCN1C1CC1
XS625513b,COCC1=NNC(=N1)C2CCCCN2C(=O)COC=3C(C)=CC=CC3C,0.784,O=C(COc1ccccc1)N1CCCCC1c1ncn[nH]1
XS846024a,CC(NC=1C=CC(=CC1)N2CCCC2=O)C(=O)NC=3C=CC(F)=C(F)C3,2.722,O=C(CNc1ccc(N2CCCC2=O)cc1)Nc1ccccc1
XS842591b,CC1=CC=CC(C)=C1N2C=C(N=N2)C(C)NC(=O)C=3C=CC=4OCOC4C3,18.45,O=C(NCc1cn(-c2ccccc2)nn1)c1ccc2c(c1)OCO2
XS838347b,CC(NC(=O)CNC=1C=CC(=CN1)C=2N=NNN2)C=3C=CC=C(C3)C4CC4,1.0,O=C(CNc1ccc(-c2nn[nH]n2)cn1)NCc1cccc(C2CC2)c1
XS846026a,CCCC(C)NC(=O)CC1=CC=C(S1)S(=O)(=O)N2CCOCC2,6.916,O=S(=O)(c1cccs1)N1CCOCC1
XS840409b,O=C(CN1CCCC=2C=CC=CC21)NNC(=O)C3COC=4C=CC=CC4O3,3.712,O=C(CN1CCCc2ccccc21)NNC(=O)C1COc2ccccc2O1
XS550087b,CC=1C=C(C=CC1Br)N2CC(CC2=O)C(=O)NC=3C=CN=CC3,15.33,O=C(Nc1ccncc1)C1CC(=O)N(c2ccccc2)C1
XS841740b,CNC(=O)C(F)(F)C1(O)CCN(C1)C(=O)C2=CNN=C2C3CCCCC3,2.114,O=C(c1c[nH]nc1C1CCCCC1)N1CCCC1
XS836960b,N#CC=1C=NC=C(C1)CN2CCN(CC2)C(=O)NC3CCC=4C=CC=CC4C3,11.632,O=C(NC1CCc2ccccc2C1)N1CCN(Cc2cccnc2)CC1
XS556221b,O=C(NC=1C=CC(=NC1)OC=2C=CC(F)=CC2)N3CCN4CCOCC4C3,2.868,O=C(Nc1ccc(Oc2ccccc2)nc1)N1CCN2CCOCC2C1
XS757075b,CC(NC(=O)C=1C=CC(=NC1)OCC(F)F)C=2C=CC(=CC2)N3C=NC=N3,4.312,O=C(NCc1ccc(-n2cncn2)cc1)c1cccnc1
XS846037a,CC1CCCN(C1)C2=NC3=C(C(=O)N(C)C(=O)N3C)N2CC=4C=CC=CC4,2.14,O=c1[nH]c(=O)c2c(nc(N3CCCCC3)n2Cc2ccccc2)[nH]1
XS846041a,COC=1C=C(C=CC1NC(C)=O)NC(C)C(=O)NC=2C=CC=CC2C(C)C,0.716,O=C(CNc1ccccc1)Nc1ccccc1
XS846040a,CC(NC=1C=CC=C(C1)CN2CCOC2=O)C(=O)NC=3C=CC(F)=C(F)C3,4.274,O=C(CNc1cccc(CN2CCOC2=O)c1)Nc1ccccc1
XS757230b,O=C(NCC(C=1C=CC(F)=CC1)N2CCOCC2)C3=NNC=4C=CC=CC34,3.408,O=C(NCC(c1ccccc1)N1CCOCC1)c1n[nH]c2ccccc12
XS839631b,CC=1C=NC2=C(C=CC=C2C1)S(=O)(=O)NCC3COC=4C=CC=CC4O3,1.2,O=S(=O)(NCC1COc2ccccc2O1)c1cccc2cccnc12
XS846038a,CC1=CC(C)=NN1CCCNC(=O)C2CC(=O)N(CCC=3C=CC=CC3)C2,3.682,O=C(NCCCn1cccn1)C1CC(=O)N(CCc2ccccc2)C1
XS546733b,OC(COC=1C=CC(Cl)=CC1)CN2N=C(C=3C=NC=CC32)C(F)(F)F,12.176,c1ccc(OCCCn2ncc3cnccc32)cc1
XS841619b,O=C(NCC(N1C=CC=N1)C(F)(F)F)NC2(CC=3C=CC(F)=CC3)CC2,0.714,O=C(NCCn1cccn1)NC1(Cc2ccccc2)CC1
XS583251b,CN1C(CNC(=O)N2CCC(F)(F)C(CO)C2)=NC=3C=CC=C(Cl)C31,1.774,O=C(NCc1nc2ccccc2[nH]1)N1CCCCC1
XS846039a,CCOC(=O)NC1CCCN(C1)C(=O)C2=CC(=NN2C3CC3)C(F)(F)F,0.824,O=C(c1ccnn1C1CC1)N1CCCCC1
XS837402b,CC(O)(CN1CCN(CC1)C=2C=CC(=CC2)S(N)(=O)=O)C(F)(F)F,12.826,c1ccc(N2CCNCC2)cc1
XS846045a,O=C(NC=1C=CC=C(C1)C(F)(F)F)C2CC(=O)N(CCC=3C=CC=CC3)C2,7.69,O=C(Nc1ccccc1)C1CC(=O)N(CCc2ccccc2)C1
XS842523b,CCC(C)(CNC(=O)C=1C=CC=2C=NNC2C1)NC(=O)C3=CC(Cl)=CN3C,0.744,O=C(NCCNC(=O)c1ccc[nH]1)c1ccc2cn[nH]c2c1
XS773499b,CC(=O)N1CCCCC1C(=O)NC=2C=CC(=CC2)C3=NC=4C=CC=CC4N3C,20.212,O=C(Nc1ccc(-c2nc3ccccc3[nH]2)cc1)C1CCCCN1
XS846048a,CCCCOC=1C=CC(=CC1OC)CNC(=O)C2CC(=O)NC=3C=CC=CC32,10.796,O=C1CC(C(=O)NCc2ccccc2)c2ccccc2N1
XS839158b,CN1CCN(C(C#N)C1)S(=O)(=O)C=2C=CC(=CC2)OCC3CCCCC3,11.51,O=S(=O)(c1ccc(OCC2CCCCC2)cc1)N1CCNCC1
XS836750b,CCOC=1C=CC(=CC1OCC)S(=O)(=O)NC2(C)CCS(=O)(=O)C2,9.884,O=S1(=O)CCC(NS(=O)(=O)c2ccccc2)C1
XS752652b,CC(C1=NC=2C=CC=CC2S1)N(C)CC(=O)N3CC(=O)NC=4C=CC=CC43,4.56,O=C1CN(C(=O)CNCc2nc3ccccc3s2)c2ccccc2N1
XS846042a,CCOC=1C=C(C=CC1OC)C(=O)N2CCCC(C2)C(=O)N(C)CCOC,3.41,O=C(c1ccccc1)N1CCCCC1
XS846051a,CCC(NC(=O)C=1C=CC2=C(C1)CCCN2S(C)(=O)=O)C=3C=CC(C)=CC3,1.936,O=C(NCc1ccccc1)c1ccc2c(c1)CCCN2
XS837761b,CCN(C(=O)C(C)S(=O)(=O)C=1C=C(C=CN1)C(F)(F)F)C=2C=CC=CC2,0.81,O=C(CS(=O)(=O)c1ccccn1)Nc1ccccc1
XS841628b,CC(=O)N1CCC(C=2C=CC=CC21)N3C=C(N=N3)C=4C=CC=CC4OC(F)F,1.1,c1ccc(-c2cn(C3CCNc4ccccc43)nn2)cc1
XS833421b,CN1C(=O)C=CC=C1C(=O)N2CCC(C2)(C3=NC(=NO3)C4CC4)C(F)(F)F,2.096,O=C(c1cccc(=O)[nH]1)N1CCC(c2nc(C3CC3)no2)C1
XS846062a,CC=1C=CC=C(NC(=O)CN(C)C(C)C(=O)NC=2C=CC=3OCCOC3C2)C1C,4.916,O=C(CNCC(=O)Nc1ccc2c(c1)OCCO2)Nc1ccccc1
XS842132b,CCOC(=O)C1CC=2C=C(C=CC2O1)S(=O)(=O)N(C)C=3C=CC=C(N3)OC,5.91,O=S(=O)(Nc1ccccn1)c1ccc2c(c1)CCO2
XS594528b,CN1N=CC=C1N2CCCC(C2=O)N(CC=3C=CC(Cl)=CC3)S(C)(=O)=O,3.314,O=C1C(NCc2ccccc2)CCCN1c1ccn[nH]1
XS838354b,CC1(CCCN(C1)C(=O)C=2C=CC(F)=CC2N)NC(=O)C=3C=CC=4NC=CC4N3,1.26,O=C(NC1CCCN(C(=O)c2ccccc2)C1)c1ccc2[nH]ccc2n1
XS122494b,COC=1C=CC=CC1N2CCN(CC2)C(C)C(=O)NC=3C=CC(F)=C(F)C3F,5.472,O=C(CN1CCN(c2ccccc2)CC1)Nc1ccccc1
XS836482b,CC1=NNC(C)=C1C(C)NC(=O)C=2N=C(C=CC2Br)C(F)(F)F,0.772,O=C(NCc1cn[nH]c1)c1ccccn1
XS846054a,COC(=O)CC(NC(=O)C1=CN(C)C=2C=CC=CC12)C=3C=CC(OC)=C(C3)OC,2.086,O=C(NCc1ccccc1)c1c[nH]c2ccccc12
XS840242b,CC(C)OC=1C=CC(=CC1Cl)NC(=O)N2CCCC(C2)C=3C=CN=C(N)N3,1.112,O=C(Nc1ccccc1)N1CCCC(c2ccncn2)C1
XS836872b,CCC(NC(=O)NC=1C=CC=C(C1)OCCS(C)(=O)=O)C=2C=NN(C2)CC,4.726,O=C(NCc1cn[nH]c1)Nc1ccccc1
XS840265b,O=C(O)C1CCN(C1)C(=O)NCC=2C=CC(Br)=CC2C(F)(F)F,0.458,O=C(NCc1ccccc1)N1CCCC1
XS846053a,CC=1C=CC=C(C1)CN2C(=NC=3C=CC=CC32)C4CC(=O)N(C4)C=5C=CC=CC5F,7.474,O=C1CC(c2nc3ccccc3n2Cc2ccccc2)CN1c1ccccc1
XS838855b,O=S(=O)(NCC1(CC1(F)F)C=2C=CC=CC2)C=3C=CC(=CC3)N4C=NN=N4,1.092,O=S(=O)(NCC1(c2ccccc2)CC1)c1ccc(-n2cnnn2)cc1
XS824458b,CCC(OC=1C=CC=CC1)C(=O)N2CCC(CC2)C(=O)NC=3C=CC=4OCOC4C3,6.542,O=C(Nc1ccc2c(c1)OCO2)C1CCN(C(=O)COc2ccccc2)CC1
XS839699b,CC=1C=CC(=CC1NC(=O)C(CC=2C=CC=CC2)N3C=NN=N3)S(=O)(=O)N(C)C,4.912,O=C(Nc1ccccc1)C(Cc1ccccc1)n1cnnn1
XS840479b,CC(OC(=O)CN(C)S(=O)(=O)C=1C=CC(F)=CC1)C(=O)N2CCC=3C=CC=CC32,12.07,O=C(CNS(=O)(=O)c1ccccc1)OCC(=O)N1CCc2ccccc21
XS840384b,CC1C=2C=CSC2CCN1C=3C=CC(=CC3[N+]([O-])=O)S(=O)(=O)NC(C)(C)C,4.49,c1ccc(N2CCc3sccc3C2)cc1
XS699102b,CC=1C=CC(=CC1)NC(=O)C(C)OC(=O)CCNS(=O)(=O)C=2C=CC(C)=CC2,6.068,O=C(COC(=O)CCNS(=O)(=O)c1ccccc1)Nc1ccccc1
XS846069a,O=C(NCC(C=1C=CC(F)=CC1)N2CCOCC2)C=3C=CC=C(Br)C3,1.624,O=C(NCC(c1ccccc1)N1CCOCC1)c1ccccc1
XS828292b,CC(OC(=O)C=1C=CC=2N=CSC2C1)C(=O)NC=3C=CC(=CC3)S(N)(=O)=O,2.994,O=C(COC(=O)c1ccc2ncsc2c1)Nc1ccccc1
XS846077a,COC=1C=CC(=CC1OC)C2CC(=NN2C(C)=O)C=3C=CC(=CC3)NS(C)(=O)=O,6.33,c1ccc(C2=NNC(c3ccccc3)C2)cc1
XS841433b,COC=1C=CC(=CC1)C(NC(=O)C2CCN(CC2)C3=CN=CC4=NN=NN34)C(C)C,10.09,O=C(NCc1ccccc1)C1CCN(c2cncc3nnnn23)CC1
XS846075a,CC(C)C(NS(=O)(=O)C=1C=CC(=CC1)S(=O)(=O)N(C)C)C2=NC=CN2C,2.53,O=S(=O)(NCc1ncc[nH]1)c1ccccc1
XS846071a,O=C(COC=1C=C(Cl)C=CC1Cl)NCC(C=2C=CC=CC2)N3CCOCC3,5.778,O=C(COc1ccccc1)NCC(c1ccccc1)N1CCOCC1
XS846072a,COCC(C)NC(=O)C=1C=CC=C(C1)S(=O)(=O)NC=2C=CC=C(C2)C(F)(F)F,1.092,O=S(=O)(Nc1ccccc1)c1ccccc1
XS846078a,CC(SC=1C=CC(=CN1)S(=O)(=O)N2CCCCC2)C(=O)NCC=3C=CC=CC3,2.498,O=C(CSc1ccc(S(=O)(=O)N2CCCCC2)cn1)NCc1ccccc1
XS841535b,CC1=CC(C(=O)NC=2C=CC=C3CN(C(=O)C=4C=C(C)OC4C)C(C)CC23)=C(C)O1,2.964,O=C(Nc1cccc2c1CCN(C(=O)c1ccoc1)C2)c1ccoc1
XS846067a,CCN1CCN(CC1)C(=O)C(C)SC2=NN=C(C=3C=CC=CC3F)N2C4CC4,1.178,O=C(CSc1nnc(-c2ccccc2)n1C1CC1)N1CCNCC1
XS840286b,CC1=NN(C(C)=C1Br)C(C)CC(=O)NNC(=O)N(C)C=2C=CC(C)=CC2,1.326,O=C(CCn1cccn1)NNC(=O)Nc1ccccc1
XS846092a,CC(C1=NC(=NO1)C=2C=CC=C(C2)C(F)(F)F)N3CCN(CC3)C(=O)C=4C=CC=5NN=NC5C4,2.238,O=C(c1ccc2[nH]nnc2c1)N1CCN(Cc2nc(-c3ccccc3)no2)CC1
XS846079a,CC(C(=O)C1=CNC=2C=CC=CC12)N3CCN(CC3)S(=O)(=O)C=4C=CC=5OCCOC5C4,2.734,O=C(CN1CCN(S(=O)(=O)c2ccc3c(c2)OCCO3)CC1)c1c[nH]c2ccccc12
XS846088a,CC(C1=NC(=NO1)C=2C=CC=C(C2)C(F)(F)F)N3CCN(CC4=CC(=O)N5C=CC=CC5=N4)CC3,3.736,O=c1cc(CN2CCN(Cc3nc(-c4ccccc4)no3)CC2)nc2ccccn12
XS841460b,O=C(CCCS(=O)(=O)C=1C=CC(Cl)=CC1)NC(CO)C=2C=CC(=CC2)C(F)(F)F,8.888,O=C(CCCS(=O)(=O)c1ccccc1)NCc1ccccc1
XS836752b,CN(CC(=O)N1N=C(CC1C2=CC=CO2)C3=CC=CO3)CC4=NC=5C=CC=CC5C(=O)N4,4.258,O=C(CNCc1nc2ccccc2c(=O)[nH]1)N1N=C(c2ccco2)CC1c1ccco1
XS846094a,O=C(NC=1C=CC(F)=C(F)C1F)C2CCCN(C2)C3=NS(=O)(=O)C=4C=CC=CC34,6.802,O=C(Nc1ccccc1)C1CCCN(C2=NS(=O)(=O)c3ccccc32)C1
XS846089a,COC=1C=CC(=CC1NC(=O)C2CC(=O)N(C2)C=3C=CC=CC3OC)S(=O)(=O)N4CCCCCC4,3.284,O=C(Nc1cccc(S(=O)(=O)N2CCCCCC2)c1)C1CC(=O)N(c2ccccc2)C1
XS846087a,O=C(C=1CCC(=O)N(N1)C=2C=CC=CC2)N(CC=3C=CC=CC3)C4CCS(=O)(=O)C4,2.122,O=C1CCC(C(=O)N(Cc2ccccc2)C2CCS(=O)(=O)C2)=NN1c1ccccc1
XS839024b,COC=1C=CC(=CC1)CN(CCO)C(=O)NC2CCCC=3C=4C=C(C=CC4NC32)OC,7.754,O=C(NCc1ccccc1)NC1CCCc2c1[nH]c1ccccc21
XS846082a,CC(C)C=1C=CC(=CC1)NC(=O)C(C)OC(=O)C=2C=CC(=CC2)CCNS(C)(=O)=O,9.388,O=C(COC(=O)c1ccccc1)Nc1ccccc1
XS840375b,COC(=O)C(C=1C=CC(F)=CC1)N2CCN(CC2)C(=O)C=3C=C4C=C(C)C=CC4=NC3C,0.62,O=C(c1cnc2ccccc2c1)N1CCN(Cc2ccccc2)CC1
XS846080a,COC(=O)C(CC1=CNC=2C=C(F)C=CC12)NS(=O)(=O)C=3C=CC=4OCC(=O)NC4C3,1.434,O=C1COc2ccc(S(=O)(=O)NCCc3c[nH]c4ccccc34)cc2N1
XS840164b,COCC=1C=COC1C(=O)N=S(C)(=O)C2CCN(CC2)C(=O)C3=CC=CN4N=CC=C34,3.802,O=C(N=[SH](=O)C1CCN(C(=O)c2cccn3nccc23)CC1)c1ccco1
XS840166b,CCC=1C=C(N=C(C)N1)N2CCC(CC2)S(C)(=O)=NC(=O)C=3C=CC=4CCOC4C3,1.286,O=C(N=[SH](=O)C1CCN(c2ccncn2)CC1)c1ccc2c(c1)OCC2
XS846084a,O=C(C1CCN(CC1)C=2C=CC3=NN=C(N3N2)C(F)(F)F)N4CCCC4C=5C=CC=NC5,3.85,O=C(C1CCN(c2ccc3nncn3n2)CC1)N1CCCC1c1cccnc1
XS840228b,CC1(C)CC1C(=O)NCC2=CC=NO2,1.706,O=C(NCc1ccno1)C1CC1
XS846096a,O=C(NC1CNC(=O)C1)C=2C=CC=CC2F,0.548,O=C1CC(NC(=O)c2ccccc2)CN1
XS839284b,CC=1N=C(SC1C#N)N2CCCC2C#N,3.444,c1csc(N2CCCC2)n1
XS846098a,CC1CCCCN1C(=O)C=2C=CN=CC2,0.84,O=C(c1ccncc1)N1CCCCC1
XS846100a,CC=1C=CC(O)=C(C1)C(=O)NCC2CCCO2,18.862,O=C(NCC1CCCO1)c1ccccc1
XS383837b,O=C(NCC1CCCO1)NC=2C=CC=CC2,0.776,O=C(NCC1CCCO1)Nc1ccccc1
XS846099a,O=C1NC(NC=2C=CC=CC12)C=3C=CC=CC3,0.662,O=C1NC(c2ccccc2)Nc2ccccc21
XS841772b,COC(C)(C(=O)NC1=CSN=C1C)C(C)C,0.772,c1cnsc1
XS839955b,COC(CNC=1C=C(C#N)C=CN1)C(C)(C)C,0.922,c1ccncc1
XS839294b,CCN1N=C(C)C=C1C=2C=NN(C2)C(C)C#N,1.11,c1cc(-c2cn[nH]c2)[nH]n1
XS846097a,O=C(NC1CCC=2C=CC=CC21)C3=CC=CO3,0.858,O=C(NC1CCc2ccccc21)c1ccco1
XS842001b,CC(NS(=O)(=O)C1CC1)C=2C=CON2,1.402,O=S(=O)(NCc1ccon1)C1CC1
XS846112a,CC(CC(=O)O)NC(=O)C1=CC=2CCCC2S1,0.386,c1cc2c(s1)CCC2
XS846110a,COC=1C=CC(=CN1)NC(C)C(=O)NC(C)(C)C,3.456,c1ccncc1
XS837597b,CC=1CCN(CC1C)C(=O)C(C)C=2C=NC=C(F)C2,4.298,O=C(Cc1cccnc1)N1CC=CCC1
XS838977b,COC(=O)C=1C(C)=C2C=CC=CC2=NC1C3CCOC3,1.566,c1ccc2nc(C3CCOC3)ccc2c1
XS571224b,CCN1N=CC(CN2CCCC2(COC)C(N)=O)=N1,3.352,c1n[nH]nc1CN1CCCC1
XS846109a,CC=1C=CC(C#N)=C(N1)N2CCC(C2)C=3C=CN=CC3,3.344,c1ccc(N2CCC(c3ccncc3)C2)nc1
XS846105a,CC=1N=C2CCC(CN2N1)NC3=NC=4C=CC=CC4O3,1.516,c1ccc2oc(NC3CCc4ncnn4C3)nc2c1
XS846106a,CC=1OC=CC1C(=O)N(C)C(C)C=2C=CC(F)=CC2,1.392,O=C(NCc1ccccc1)c1ccoc1
XS741422b,O=C1NCCCC1NC=2N=CC=C(N2)C(F)(F)F,17.54,O=C1NCCCC1Nc1ncccn1
XS837652b,COCC(C)(CO)NC(=O)C=1C=NC=2NC=CC2C1,1.154,c1cnc2[nH]ccc2c1
XS846104a,CCC(C#N)NC(=O)C=1C=CN(N1)C=2C=CC=CC2,1.864,c1ccc(-n2cccn2)cc1
XS840099b,CC(CN1C(=O)OC=2C=CC=NC21)C3CCCCC3,3.442,O=c1oc2cccnc2n1CCC1CCCCC1
XS846107a,CC(C(=O)NCC1CC1)C2=CN(C)C=3C=CC=CC23,0.566,O=C(Cc1c[nH]c2ccccc12)NCC1CC1
XS840148b,[O-][N+](=O)C=1C=CC(NCC2CCOC2)=C3C=NNC13,2.472,c1cc(NCC2CCOC2)c2cn[nH]c2c1
XS846111a,N#CC=1C=CC=C(C1)S(=O)(=O)NCC2CCCO2,0.668,O=S(=O)(NCC1CCCO1)c1ccccc1
XS846122a,O=C(NCCCN1C=CN=C1)C2COC=3C=CC=CC3C2,0.438,O=C(NCCCn1ccnc1)C1COc2ccccc2C1
XS509937b,CN(C(=O)N1CCCCC1C2=NC=CN2)C3CCCC3,1.786,O=C(NC1CCCC1)N1CCCCC1c1ncc[nH]1
XS846115a,CSC=1C=CC=CC1C(=O)NC2CCC(=O)NC2=O,11.734,O=C1CCC(NC(=O)c2ccccc2)C(=O)N1
XS846124a,CC=1C=CC=C(C1)CCC(=O)N2CCN3C=CC=C3C2C,0.944,O=C(CCc1ccccc1)N1CCn2cccc2C1
XS839090b,CCC(C)C1=CC=C(C(=O)NC=2C=CN(C)N2)C(=O)N1,0.778,O=C(Nc1cc[nH]n1)c1ccc[nH]c1=O
XS846113a,O=C(COC=1C=CC=NC1)N2CCCC(C2)N3C=CC=N3,9.246,O=C(COc1cccnc1)N1CCCC(n2cccn2)C1
XS839856b,COCC1CN(CCO1)C=2C(=CC=CC2[N+]([O-])=O)OC,0.72,c1ccc(N2CCOCC2)cc1
XS846121a,CC(SC=1C=CC(Cl)=CN1)C(=O)N2CCCCC2,6.168,O=C(CSc1ccccn1)N1CCCCC1
XS565965b,CCCC1CN(CCO1)C(=O)C=2C=CC3=NN=NN3C2,3.114,O=C(c1ccc2nnnn2c1)N1CCOCC1
XS846114a,C=1N=CN(CC2CN(CCO2)C3=NC=4C=CC=CC4O3)N1,15.264,c1ccc2oc(N3CCOC(Cn4cncn4)C3)nc2c1
XS846125a,CC=1C=C(NC(=O)NC(C)C=2C=CC(C#N)=CC2)N(C)N1,2.874,O=C(NCc1ccccc1)Nc1ccn[nH]1
XS846118a,CC(C)N1N=CC=C1NC(=O)C(C)OC(=O)C2CCC2,0.644,O=C(COC(=O)C1CCC1)Nc1ccn[nH]1
XS846123a,O=C(NC1CCCC=2OC=CC21)C3=CC=4C=CC=CC4N3,10.0,O=C(NC1CCCc2occc21)c1cc2ccccc2[nH]1
XS465460b,O=C(CC=1C=CC=CC1F)NC(CO)C=2C=CC=CC2,3.368,O=C(Cc1ccccc1)NCc1ccccc1
XS628985b,CNC(=O)NCC(=O)N1CC(C)OC=2C=C(C)C=CC21,2.284,c1ccc2c(c1)NCCO2
XS846120a,COC(=O)C=1OC=CC1C2NC=3C=CC=CC3C(=O)N2C,4.79,O=C1NC(c2ccoc2)Nc2ccccc21
XS846119a,CCOC=1C=CC(=CC1)C(=O)NC2CCC=3C=CC=CC32,4.92,O=C(NC1CCc2ccccc21)c1ccccc1
XS846116a,O=C(NC=1C=CC=2N=CSC2C1)C3CCNC(=O)C3,18.866,O=C1CC(C(=O)Nc2ccc3ncsc3c2)CCN1
XS842579b,CC(CN(C)C=1C=C(N=C(N)N1)N2C=CC=N2)C(=O)O,1.102,c1cnn(-c2ccncn2)c1
XS840733b,CN1C(=NN=C1N2CCC(F)(F)C2)C3CCCS3,2.16,C1CSC(c2nnc(N3CCCC3)[nH]2)C1
XS608114b,CC=1C=C(C)N(N1)C2CCCN(C2)C(=O)C=3C=CNN3,1.678,O=C(c1cc[nH]n1)N1CCCC(n2cccn2)C1
XS516353b,CN1N=NC=C1C(=O)N2CCCC(C)(C2)C=3C=CC=CC3,3.356,O=C(c1cnn[nH]1)N1CCCC(c2ccccc2)C1
XS741779b,O=C(NCC=1C=CC=CC1F)NC2CCC3=NC=NN3C2,5.126,O=C(NCc1ccccc1)NC1CCc2ncnn2C1
XS840119b,CC(C)(C)C1=NC(=CS1)C(=O)N=S(C)(=O)CCO,1.956,c1cscn1
XS846131a,CC(OC=1C=CC=C(F)C1)C(=O)NCCC=2C=CC=CN2,1.256,O=C(COc1ccccc1)NCCc1ccccn1
XS846133a,CC(NC=1C=CC=2OCCCOC2C1)C(=O)N3CCCC3,6.432,O=C(CNc1ccc2c(c1)OCCCO2)N1CCCC1
XS836931b,CC(OC=1C=CC(=CC1)C=2C=CC3=NC=CC=C3C2)C(=O)O,3.966,c1ccc(-c2ccc3ncccc3c2)cc1
XS842072b,CC1(C)COC(CS(=O)(=O)NCCC=2C=NNC2)C1,2.684,O=S(=O)(CC1CCCO1)NCCc1cn[nH]c1
XS846132a,CC=1C=CSC1C(=O)N2CCCC(C2)C3=NN=CN3C,1.284,O=C(c1cccs1)N1CCCC(c2nnc[nH]2)C1
XS846135a,CC(NC=1N=CN=C2C1C=NN2C)C(=O)N3CCCCC3,1.714,O=C(CNc1ncnc2[nH]ncc12)N1CCCCC1
XS401524b,CC1=CC=CC(C)=C1N2C(=O)CC(NC=3C=CC=CC3)C2=O,1.282,O=C1CC(Nc2ccccc2)C(=O)N1c1ccccc1
XS838700b,FC1(F)CC1N2N=CC=C2C3=NC(=NO3)N4CCOCC4,1.356,c1cc(-c2nc(N3CCOCC3)no2)n(C2CC2)n1
XS739579b,CC=1C=CC(Cl)=CC1C(=O)N2CCCC(O)(C2)C(N)=O,6.29,O=C(c1ccccc1)N1CCCCC1
XS839896b,C=CCCCS(=O)(=O)NC(C)C=1C=CC=CC1N(C)C,0.536,c1ccccc1
XS846136a,CC=1C=CC=C(C1)C2CCCN2CC(=O)N3CCNC3=O,0.396,O=C(CN1CCCC1c1ccccc1)N1CCNC1=O
XS842015b,CC=1N=C(OC1C(=O)N2CCC(C2)C3=NN=CN3)C(C)C,0.964,O=C(c1cnco1)N1CCC(c2nnc[nH]2)C1
XS816711b,CC1=NC(C)=C(S1)C(=O)NCC2COC=3C=CC=CC3O2,1.254,O=C(NCC1COc2ccccc2O1)c1cncs1
XS841978b,CC1=CC=C(S1)C(C)C(=O)N2CCC(CC2)C=3N=CON3,2.962,O=C(Cc1cccs1)N1CCC(c2ncon2)CC1
XS846141a,CC1C2=CC=CN2CCN1C(=O)CC=3C=CC=C4C=CC=CC34,1.392,O=C(Cc1cccc2ccccc12)N1CCn2cccc2C1
XS743674b,CC(NC(=O)NCCC(N)=O)C=1C=CC(=CC1)N2C=NC=N2,3.534,c1ccc(-n2cncn2)cc1
XS846144a,CC1=CC=C(CNC(=O)C2CC=3C=CC=CC3C(=O)O2)S1,1.042,O=C1OC(C(=O)NCc2cccs2)Cc2ccccc21
XS838411b,N#CC=1C=CC2=CC=CC=C2C1OCC(F)C3CCOCC3,4.968,c1ccc2c(OCCC3CCOCC3)cccc2c1
XS846137a,O=C(C1=CSC(=N1)C2CC2)N3CCCC(C3)N4C=CC=N4,3.232,O=C(c1csc(C2CC2)n1)N1CCCC(n2cccn2)C1
XS846146a,O=C(NC1CCC=2C=CC=CC21)C=3C=CN=C(C3)N4C=CN=C4,0.676,O=C(NC1CCc2ccccc21)c1ccnc(-n2ccnc2)c1
XS846139a,CC1=CSC(=N1)C2CCCCN2C(=O)CC=3C=CC=NC3,3.656,O=C(Cc1cccnc1)N1CCCCC1c1nccs1
XS744058b,CC1C2=CC=CN2CCN1C(=O)CNC(=O)CC3CCCC3,4.064,O=C(CC1CCCC1)NCC(=O)N1CCn2cccc2C1
XS842057b,CC=1SC(=O)N(CC(=O)NC(C)C2=CSN=N2)C1C,0.878,O=C(Cn1ccsc1=O)NCc1csnn1
XS846143a,CC=1C=CC(=CN1)C(=O)NC(C2=CC=CS2)C3CCCC3,2.16,O=C(NC(c1cccs1)C1CCCC1)c1cccnc1
XS839780b,CC=1C=CC(=CC1)CC(C)C(=O)OCC2=NC(=NO2)N(C)C,2.068,O=C(CCc1ccccc1)OCc1ncno1
XS540604b,CC1CC(=O)NC=2C=CC=CC2N1CC3=NC(=NO3)C4CC4,2.196,O=C1CCN(Cc2nc(C3CC3)no2)c2ccccc2N1
XS842427b,CCC(C)(NCC=1C(F)=CC=CC1Br)C(N)=O,1.312,c1ccccc1
XS838208b,CC=1C=CC(=CC1)OCCN2CC=3NC(=O)NC(C)C3C2=O,0.688,O=C1NCC2=C(CN(CCOc3ccccc3)C2=O)N1
XS846138a,O=C(CCC1CCCCO1)NC=2C=CC(=NC2)N3C=CN=C3,2.546,O=C(CCC1CCCCO1)Nc1ccc(-n2ccnc2)nc1
XS846142a,OCCN(CC=1C=CC=CC1)CC(O)COC=2C=CC=CC2,0.904,c1ccc(CNCCCOc2ccccc2)cc1
XS562928b,COC=1C=CC=CC1C2=NOC(=N2)C3CSCN3C(C)=O,9.598,c1ccc(-c2noc(C3CSCN3)n2)cc1
XS841096b,CC(C=1C=CC=CC1)N(C)C(=O)N2CC(C2)S(=O)(=O)F,0.936,O=C(NCc1ccccc1)N1CCC1
XS846150a,CC1=NC(CN2CCCC(C2)N(C)C=3N=CC=CC3C#N)=NO1,3.028,c1ccc(NC2CCCN(Cc3ncon3)C2)nc1
XS576226b,CC1(C)CN(CC(COC=2C=CC=CC2)O1)C(=O)CC(N)=O,4.048,c1ccc(OCC2CNCCO2)cc1
XS836903b,NS(=O)(=O)C1CCCN(C1)C(=O)N2CCC(F)(F)CC2,3.46,O=C(N1CCCCC1)N1CCCCC1
XS841341b,CC=1N=NC(O)=C(CNC(=O)C2CC=CC=3C=CC=CC32)C1C,0.628,O=C(NCc1ccnnc1)C1CC=Cc2ccccc21
XS837936b,[O-][N+](=O)C=1C=CC=CC1NC(=O)CNC(CO)C(F)(F)F,4.92,c1ccccc1
XS846149a,CC1=NOC(Cl)=C1CC(=O)N2CCCC(C2)N3C=CC=N3,1.104,O=C(Cc1cnoc1)N1CCCC(n2cccn2)C1
XS846156a,CCCC(C)(NC(=O)C1=CC=2C(C)=NN(C)C2S1)C(=O)O,0.9,c1cc2cn[nH]c2s1
XS846153a,CC(=O)NC=1SC=2CCCCC2C1C(=O)OC(C)C(N)=O,0.534,c1cc2c(s1)CCCC2
XS846154a,COC=1C=CC(C)=CC1C(=O)NC(CC(=O)O)C=2C=CC=CC2,1.03,O=C(NCc1ccccc1)c1ccccc1
XS839790b,[O-][N+](=O)C=1C=CC(O)=CC1C(=O)NC2CCC=3C=CC=CC3C2,4.78,O=C(NC1CCc2ccccc2C1)c1ccccc1
XS469474b,O=C(CC1=CNC=2C=CC=CC12)N3CCOCC3C4=CC=CO4,0.86,O=C(Cc1c[nH]c2ccccc12)N1CCOCC1c1ccco1
XS841828b,N#CC=1C=CC=C(N1)NC(CC2CCCCC2)C=3N=CC=CN3,10.736,c1ccc(NC(CC2CCCCC2)c2ncccn2)nc1
XS846157a,O=C(C1CCC(=O)NC1)N(CC2=CC=CO2)CC=3C=CC=CC3,2.092,O=C1CCC(C(=O)N(Cc2ccccc2)Cc2ccco2)CN1
XS839034b,CC(C(=O)NC1=CN=NS1)C=2C=CC=C(Br)C2,0.482,O=C(Cc1ccccc1)Nc1cnns1
XS842042b,CN(CC1(O)CCOCC1)C(=O)C2CCC=3N=NN(C)C3C2,1.632,O=C(NCC1CCOCC1)C1CCc2nn[nH]c2C1
XS400725b,CC1=NOC(=N1)C(C)N2CCN(CC2)C=3N=CN=C4NC=CC34,8.574,c1noc(CN2CCN(c3ncnc4[nH]ccc34)CC2)n1
XS643470b,CCC=1C=CC(=CC1)C(=O)N(CC2CCCO2)C=3C=CN=CC3,4.732,O=C(c1ccccc1)N(CC1CCCO1)c1ccncc1
XS840842b,CNC(=O)NCC(CO)CC=1C=CC=C(C1)OC(F)(F)F,0.39,c1ccccc1
XS629957b,O=C(C=1C=CC=2CCCCC2C1)N3CCCC(C3)C4=CC=NN4,2.86,O=C(c1ccc2c(c1)CCCC2)N1CCCC(c2ccn[nH]2)C1
XS801043b,CCOC=1C=C(C=CC1Cl)S(=O)(=O)NCC2CCCO2,0.624,O=S(=O)(NCC1CCCO1)c1ccccc1
XS013551f,OC=1C=CC2=CC=CC=C2C1C(C=3C=CC=NC3)N4CCOCC4,2.42,c1cncc(C(c2cccc3ccccc23)N2CCOCC2)c1
XS846164a,CCOC=1C=CC(=CC1)CC(=O)OC(C)C(=O)NC2CCCC2,1.75,O=C(COC(=O)Cc1ccccc1)NC1CCCC1
XS846167a,CCOC=1C=CC=C2NC(=CC12)C(=O)NCC(C)(O)C3CCC3,0.822,O=C(NCCC1CCC1)c1cc2ccccc2[nH]1
XS837575b,CC1=NOC(C)=C1C(C)CNC(=O)C=2C=NC3=C(C2)N=NN3C,1.97,O=C(NCCc1cnoc1)c1cnc2[nH]nnc2c1
XS846165a,NC(=O)C(NC(=O)CC=1C=CC=C2C=CC=NC12)C=3C=CC=CC3,1.416,O=C(Cc1cccc2cccnc12)NCc1ccccc1
XS846159a,CC=1C=CC=CC1C2(CNC(=O)C(C)NC(N)=O)CCCCC2,1.336,c1ccc(C2CCCCC2)cc1
XS840163b,O=C(NC=1C(O)=CC=C(Br)C1F)C2CCNC2=O,4.432,O=C1NCCC1C(=O)Nc1ccccc1
XS616357b,CN1N=C(C=CC1=O)C(=O)NC(C=2C=CC=CC2)C=3C=CC=CN3,4.82,O=C(NC(c1ccccc1)c1ccccn1)c1ccc(=O)[nH]n1
XS842637b,CN1C=C(C=N1)CC2CCN(C2)C=3C=C(C=CC3[N+]([O-])=O)CO,2.64,c1ccc(N2CCC(Cc3cn[nH]c3)C2)cc1
XS593083b,CC1=NOC(=N1)C(C)N2CCN(CC2)C(=O)C=3C=CC=C(F)C3,2.042,O=C(c1ccccc1)N1CCN(Cc2ncno2)CC1
XS846161a,CC1=CC(=NN1)C2CCCN(C2)C(=O)COC=3C=CC=C(F)C3,2.478,O=C(COc1ccccc1)N1CCCC(c2cc[nH]n2)C1
XS846160a,CCC=1N=CN=CC1C(=O)N2CCCC(C2)N3N=C(C)N=C3C,12.26,O=C(c1cncnc1)N1CCCC(n2cncn2)C1
XS846166a,O=C(COC=1C=CC=C(Cl)C1)NCC2CCS(=O)(=O)C2,2.206,O=C(COc1ccccc1)NCC1CCS(=O)(=O)C1
XS846170a,CCC(C(=O)NC1=NC(=CS1)CC(=O)OC)C=2C=CC=CC2,2.236,O=C(Cc1ccccc1)Nc1nccs1
XS839273b,CN(C=1C=NC(=CN1)C(F)(F)F)C(CO)C=2C=CC=CC2F,1.948,c1ccc(CNc2cnccn2)cc1
XS840321b,COC(=O)C(C=1C=CC=C(F)C1)N(C)C(=O)C=2N=NC=CC2C,2.184,O=C(NCc1ccccc1)c1cccnn1
XS707958b,C1=COC(=C1)C2=NC(=CS2)CN3CCCC3CN4C=CC=N4,0.904,c1coc(-c2nc(CN3CCCC3Cn3cccn3)cs2)c1
XS846163a,CC=1N=C(SC(C)C(=O)NC2CCCC2)C3=CC=CC=C3N1,1.536,O=C(CSc1ncnc2ccccc12)NC1CCCC1
XS585237b,CC1=NN=C2CN(C)C(CN12)C(=O)N(C)C3CC=4C=CC=CC4C3,6.382,O=C(NC1Cc2ccccc2C1)C1Cn2cnnc2CN1
XS846175a,CC=1C=C(CN2CCN(CC2)C3CCCN(C3=O)C(C)C)ON1,4.102,O=C1NCCCC1N1CCN(Cc2ccno2)CC1
XS838654b,CC(C1=NOC(COC=2C=CC=C3C(=O)NCC23)=N1)N4C=CN=C4,0.954,O=C1NCc2c(OCc3nc(Cn4ccnc4)no3)cccc21
XS836891b,N#CC=1C=C(NC(=O)C2CCC(=O)N(CC=3C=CC=CC3)C2)NN1,2.882,O=C(Nc1ccn[nH]1)C1CCC(=O)N(Cc2ccccc2)C1
XS846179a,NC(=O)C1CCN(C1)C(=O)C2=CC=3C(Cl)=C(Cl)C=CC3N2,6.25,O=C(c1cc2ccccc2[nH]1)N1CCCC1
XS807212b,CC1=CN(CC(=O)N2CCCC2C=3C=NN(C)C3)C=4C=CC=CC14,2.984,O=C(Cn1ccc2ccccc21)N1CCCC1c1cn[nH]c1
XS710444b,CC(C=1C=CC=CN1)N(C)C(=O)C=2C=CN(N2)C=3C=CC(F)=CC3,1.64,O=C(NCc1ccccn1)c1ccn(-c2ccccc2)n1
XS837199b,CS(=O)(=O)N1CCCCC1C(=O)NC=2C=NC=3NN=CC3C2,15.6,O=C(Nc1cnc2[nH]ncc2c1)C1CCCCN1
XS589112b,CC1=CC(=NN1C(C)(C)C)C(=O)NC(CCO)C2CCCCC2,25.548,O=C(NCC1CCCCC1)c1cc[nH]n1
XS838784b,CCOC=1C=CN=CC1S(=O)(=O)NC(COC)C(F)(F)F,1.438,c1ccncc1
XS837463b,CCC(OC=1C=CC=CC1F)C(=O)NC=2N=NN(C)C2C(F)F,6.504,O=C(COc1ccccc1)Nc1c[nH]nn1
XS846186a,NC(C1=NOC(=N1)C=2C=NN(C2C(F)F)C=3C=CC=CC3)C4CC4,0.56,c1ccc(-n2cc(-c3nc(CC4CC4)no3)cn2)cc1
XS838048b,[O-][N+](=O)C=1C=CC=2NN=C(C(=O)N3CCC(C3)C=4C=CON4)C2C1,2.34,O=C(c1n[nH]c2ccccc12)N1CCC(c2ccon2)C1
XS838813b,CC=1C=C(N=NC1C(F)(F)F)N2CCCC(C2)C3=NNC(=O)O3,7.42,O=c1[nH]nc(C2CCCN(c3cccnn3)C2)o1
XS612607b,O=C(C=1C=CC(=NC1)OCC2CC2)N3CCCC(C3)C4=CC=NN4,1.058,O=C(c1ccc(OCC2CC2)nc1)N1CCCC(c2ccn[nH]2)C1
XS846188a,CC(C)C(=O)N1CCCC(C1)C(=O)NCC2=NN=C3C=CC=CN23,1.02,O=C(NCc1nnc2ccccn12)C1CCCNC1
XS846183a,CC=1C=CC(=CC1)CC(CO)CNC(=O)CCOC=2C=CC=CC2,0.898,O=C(CCOc1ccccc1)NCCCc1ccccc1
XS846180a,COC=1C=CC(=C(C1)OC)C2CC(=NN2C(C)=O)C=3C=CSC3,0.516,c1ccc(C2CC(c3ccsc3)=NN2)cc1
XS840311b,O=C(NC1=NN=C(S1)C(F)F)NC2CCCC32CCCCC3,1.864,O=C(Nc1nncs1)NC1CCCC12CCCCC2
XS837430b,COC=1C=CC(=CC1)C2=CC(=NN2)N(C)CC3CCC4(COC4)O3,5.154,c1ccc(-c2cc(NCC3CCC4(COC4)O3)n[nH]2)cc1
XS144793d,COC=1C=CC(C)=CC1NC(C)C(=O)NC(=O)NC=2C=CC=CC2,0.976,O=C(CNc1ccccc1)NC(=O)Nc1ccccc1
XS846181a,CC(C)N1CC(CC1=O)NC=2N=CN=C3SC=4CCCCC4C23,2.266,O=C1CC(Nc2ncnc3sc4c(c23)CCCC4)CN1
XS658617b,CC1=NOC(=N1)C2CCCN(C2)C(=O)CC=3C=CC=4OCOC4C3,5.11,O=C(Cc1ccc2c(c1)OCO2)N1CCCC(c2ncno2)C1
XS608713b,CC1=NOC(=N1)C2CCCN(C2)C(=O)C=3C=CC(=NC3)OC(C)C,1.484,O=C(c1cccnc1)N1CCCC(c2ncno2)C1
XS846193a,CC(NC1=NC=CN2N=CC(Br)=C12)C=3C=NC=C(F)C3,0.794,c1cncc(CNc2nccn3nccc23)c1
XS476041b,CSCCC(NC(=O)COC=1C=CC=CC1)C(=O)N2CCCC2,1.374,O=C(COc1ccccc1)NCC(=O)N1CCCC1
XS655413b,O=C(NC=1C=CC=CC1Cl)N2CCC(C2)C3=CC(=O)NC(=O)N3,9.294,O=C(Nc1ccccc1)N1CCC(c2cc(=O)[nH]c(=O)[nH]2)C1
XS836955b,CN1C=NC=2C(=CC=CC21)C(=O)NCC3CCN(C3)S(C)(=O)=O,1.3,O=C(NCC1CCNC1)c1cccc2[nH]cnc12
XS846191a,COCC1(CCCN1S(=O)(=O)C=2C=CC=C(Cl)C2)C(N)=O,5.64,O=S(=O)(c1ccccc1)N1CCCC1
XS607837b,NC(=O)C(CNC(=O)NC=1C=CC=C(F)C1)CC=2C=CC(F)=CC2,2.232,O=C(NCCCc1ccccc1)Nc1ccccc1
XS846194a,CCC(=O)N1CCCC(C1)C(=O)NC=2C=CC(NC(C)=O)=C(C)C2,1.084,O=C(Nc1ccccc1)C1CCCNC1
XS782156b,CC=1C=CC(C2=NC(=CS2)C(=O)NCC3(O)CCOC3)=C(C)C1,0.968,O=C(NCC1CCOC1)c1csc(-c2ccccc2)n1
XS416989b,CN1C=C(C(=O)NC2COC=3C=CC=CC3C2)C(=N1)C=4C=CC=CC4,5.344,O=C(NC1COc2ccccc2C1)c1c[nH]nc1-c1ccccc1
XS837283b,CC1=CC=CC(=O)N1CC(C)(O)C(=O)NC=2C=CC=C(Cl)C2O,5.546,O=C(CCn1ccccc1=O)Nc1ccccc1
XS570951b,CC1=NOC(=N1)C2CN(CCN2C)C(=O)COC=3C=CC=CC3F,2.996,O=C(COc1ccccc1)N1CCNC(c2ncno2)C1
XS440823b,O=C(NCC1CCOC1)N2CCC(CC2)N3N=C(N=C3O)C4CC4,11.172,O=C(NCC1CCOC1)N1CCC(n2cnc(C3CC3)n2)CC1
XS837419b,CC1(CNC(=O)CCN2C=NN=N2)CCN(C1)C(=O)C3=CC=CO3,2.328,O=C(CCn1cnnn1)NCC1CCN(C(=O)c2ccco2)C1
XS846200a,CCOC(=O)C1=C(C)N(C)C(=O)NC1C=2C=CC=CC2OC(F)F,2.074,O=C1NC=CC(c2ccccc2)N1
XS846199a,CC=1C=CC(OCC(=O)N2CC(OC=3C=CC=CC32)C(N)=O)=C(C)C1,4.508,O=C(COc1ccccc1)N1CCOc2ccccc21
XS837920b,CN(C)S(=O)(=O)NC(CNC=1N=NC=CC1C#N)C2CCCC2,0.504,c1cnnc(NCCC2CCCC2)c1
XS846201a,CC(C)C1=NOC=2N=CC(=CC12)C(=O)NC3CCC=4C(F)=CC=CC43,1.27,O=C(NC1CCc2ccccc21)c1cnc2oncc2c1
XS842116b,CC(O)(CN1CCC(CC1)OC=2C=NC=C(Cl)C2)C(F)(F)F,1.354,c1cncc(OC2CCNCC2)c1
XS837457b,CC(CC(=O)NC=1N=CC(Br)=CC1CO)N2C=CC=N2,2.136,O=C(CCn1cccn1)Nc1ccccn1
XS828755b,COC=1C=CC=2OC(C(=O)N3CCCC(C3)N4C=CC=N4)=C(C)C2C1,1.372,O=C(c1cc2ccccc2o1)N1CCCC(n2cccn2)C1
XS838088b,CN(C)C(=O)N1CCC(CC1)C(=O)N2CCC(O)(C2)C(F)(F)F,3.682,O=C(C1CCNCC1)N1CCCC1
XS841582b,NC=1N=CC(=CC1Cl)C(=O)N2CCC(F)(C2)C=3C=CC=CC3F,3.104,O=C(c1cccnc1)N1CCC(c2ccccc2)C1
XS839402b,CCC(NC(=O)CC1=NNC(=O)C=2C=CC=CC12)C=3C(C)=NOC3C,2.32,O=C(Cc1n[nH]c(=O)c2ccccc12)NCc1cnoc1
XS726606b,CC=1C=CC(=CC1)C2=NN=C(CN3CCCCC3CN4C=NC=N4)O2,4.618,c1ccc(-c2nnc(CN3CCCCC3Cn3cncn3)o2)cc1
XS400444b,CC1=NNC(C)=C1C2CCCCCN2C(=O)NC=3C=CC(C#N)=CC3,1.306,O=C(Nc1ccccc1)N1CCCCCC1c1cn[nH]c1
XS846198a,CC(C(=O)N(C)CC=1C=CC=CC1)N2CCN(CC2)C=3C=NC=CN3,1.392,O=C(CN1CCN(c2cnccn2)CC1)NCc1ccccc1
XS837879b,COC(CS(=O)(=O)NC=1C=NC=2NC=CC2C1C)C3CCCC3,4.508,O=S(=O)(CCC1CCCC1)Nc1cnc2[nH]ccc2c1
XS593727b,COCCN1N=C(C=CC1=O)C(=O)NC(C)C=2C=C(F)C=CC2F,1.576,O=C(NCc1ccccc1)c1ccc(=O)[nH]n1
XS837683b,O=C(C=1C=CC2=CN=NN2C1)N3CCCC(C3)OC=4N=CC=CC4F,2.88,O=C(c1ccc2cnnn2c1)N1CCCC(Oc2ccccn2)C1
XS836783b,COC=1C=C(OC)C(=C(C1)OC)C2NS(=O)(=O)N=C3CCCN32,5.248,O=S1(=O)N=C2CCCN2C(c2ccccc2)N1
XS713723b,CC1=NNC(C)=C1C(C)C(=O)N2CCC(CC2)OCC=3C=CC=CC3,1.714,O=C(Cc1cn[nH]c1)N1CCC(OCc2ccccc2)CC1
XS839571b,CN(CC=1C=COC1)S(=O)(=O)CC2CCC3(CCOCC3)CO2,10.886,O=S(=O)(CC1CCC2(CCOCC2)CO1)NCc1ccoc1
XS839319b,CCC(C=1C=C(Cl)C=C2CCOC12)N3C=C(N=N3)C4=CC=NN4C,0.504,c1cc2c(c(Cn3cc(-c4ccn[nH]4)nn3)c1)OCC2
XS846206a,CC=1C=C(C)N(N1)C=2C=CC(=CC2)C(=O)OCC(=O)NC(C)C(C)C,1.238,c1ccc(-n2cccn2)cc1
XS722878b,CC1=CC(C)=NN1C=2C=CC(=CC2)CC(=O)NC3CCCCNC3=O,2.182,O=C(Cc1ccc(-n2cccn2)cc1)NC1CCCCNC1=O
XS846203a,CC(=O)NCCC(=O)NC1CCCOC=2C(Cl)=C(Cl)C=CC21,0.552,c1ccc2c(c1)CCCCO2
XS593287b,CC=1C=CC=CC1CN(C)C(=O)CN2C(=O)SC=3CC(C)CCC32,0.95,O=C(Cn1c2c(sc1=O)CCCC2)NCc1ccccc1
XS696509b,O=C(NC=1C=CC=NC1N2C=NC=N2)C3CC=4C=C(Cl)C=CC4O3,1.19,O=C(Nc1cccnc1-n1cncn1)C1Cc2ccccc2O1
XS841474b,CC(CNC(=O)NCC1=NC(=NO1)C(F)F)OC=2C=CC(F)=CC2,0.4,O=C(NCCOc1ccccc1)NCc1ncno1
XS838623b,CC(C)C(C)CN(CC=1C=NNC1)C(=O)CC2=CC=CC3=NON=C23,0.536,O=C(Cc1cccc2nonc12)NCc1cn[nH]c1
XS846209a,CN1N=CC=2C(=O)NC(CN3CCOC=4C=CC=CC4C3CO)=NC21,3.358,O=c1[nH]c(CN2CCOc3ccccc3C2)nc2[nH]ncc12
XS837961b,CC(CNC=1C(F)=CN=CC1Cl)C=2C=CC(=CC2)S(C)(=O)=O,10.902,c1ccc(CCNc2ccncc2)cc1
XS612339b,COC=1C=CC=CC1C(C)NC(=O)N2CCN(CC2)C3=NC=CS3,1.872,O=C(NCc1ccccc1)N1CCN(c2nccs2)CC1
XS842226b,CS(=O)(=O)N1CC(CS(=O)(=O)NC2CCCC(F)(F)C2)C1,3.11,O=S(=O)(CC1CNC1)NC1CCCCC1
XS697568b,O=C(NC1CCCC=2C=CC=CC21)C=3C=CC(=CC3)N4C(=O)CCC4=O,2.026,O=C(NC1CCCc2ccccc21)c1ccc(N2C(=O)CCC2=O)cc1
XS846220a,NCC=1C=CC=C(C1)C=2C=CC=C3C(=O)N(CC23)C4CCC(=O)NC4=O,0.638,O=C1CCC(N2Cc3c(cccc3-c3ccccc3)C2=O)C(=O)N1
XS840154b,C=1C=C2C(CCCN2N1)NC=3N=CN=C4C3N=NN4CC=5C=CC=CC5,11.06,c1ccc(Cn2nnc3c(NC4CCCn5nccc54)ncnc32)cc1
XS837971b,CN1N=CC=C1CS(=O)(=O)NC(CC2CCCC2)C=3C=CC=CC3,2.892,O=S(=O)(Cc1ccn[nH]1)NC(CC1CCCC1)c1ccccc1
XS846217a,CC(=O)N1CCCC1C2=NC=3C=CC=CC3N2CCCC=4C=CC=CC4,0.998,c1ccc(CCCn2c(C3CCCN3)nc3ccccc32)cc1
XS846218a,CC1CC=2C=CC=CC2N1C(=O)C=3C=CC(Cl)=C(C3)S(C)(=O)=O,2.912,O=C(c1ccccc1)N1CCc2ccccc21
XS840991b,CC(C=1C=CC(=CC1)S(N)(=O)=O)N(C)C2=NC=3C=CC=CC3S2,6.138,c1ccc(CNc2nc3ccccc3s2)cc1
XS846212a,CN1C=C(C=N1)C2CCCN2C(=O)CCCOC=3C=CC=CC3Cl,6.172,O=C(CCCOc1ccccc1)N1CCCC1c1cn[nH]c1
XS842039b,CN1C=NN=C1C2CCCN(C2)C(=O)C=3C=C(Cl)C=4OCOC4C3,0.34,O=C(c1ccc2c(c1)OCO2)N1CCCC(c2nnc[nH]2)C1
XS840447b,COCCNC=1C=CC=CC1CNC(=O)NC(C)C=2C=C(C)OC2C,1.258,O=C(NCc1ccccc1)NCc1ccoc1
XS529901b,COC=1C=C(C=CC1F)C(C)NC(=O)C=2C=NC=3SN=C(C)C3C2,1.524,O=C(NCc1ccccc1)c1cnc2sncc2c1
XS836472b,O=C(NCC1CC(=NO1)C(F)(F)F)C=2N=C(N=CC2Cl)C3CC3,0.79,O=C(NCC1CC=NO1)c1ccnc(C2CC2)n1
XS846215a,CC(=O)NC(C1=NC(CC=2C=CC=CC2Cl)=NO1)C3CCOCC3,1.692,c1ccc(Cc2noc(CC3CCOCC3)n2)cc1
XS846232a,CC(NC(=O)C1CCCC1)C(=O)NCCC=2C=CC(=CC2)N3C=CC=N3,8.0,O=C(CNC(=O)C1CCCC1)NCCc1ccc(-n2cccn2)cc1
XS846234a,CC(C(=O)NC1=NC=CS1)N2CCN(CC2)C(=O)C3CCCCC3,1.448,O=C(CN1CCN(C(=O)C2CCCCC2)CC1)Nc1nccs1
XS846228a,CC=1N=C(COC=2C=CC(F)=CC2)SC1C(=O)NCC3CCCO3,4.406,O=C(NCC1CCCO1)c1cnc(COc2ccccc2)s1
XS846229a,CC=1C=CC(Cl)=CC1NC(=O)C2CC(=O)N(CCC=3C=CC=CC3)C2,1.318,O=C(Nc1ccccc1)C1CC(=O)N(CCc2ccccc2)C1
XS669016b,CN(CC=1C=CC=NC1)C(=O)C2CCCN(C2)C(=O)CC=3C=CC=CC3,19.926,O=C(NCc1cccnc1)C1CCCN(C(=O)Cc2ccccc2)C1
XS058347d,COC(=O)C=1C=C(C=CC1OC)CNC(=O)NC(C)C=2C=CC=CC2C,1.698,O=C(NCc1ccccc1)NCc1ccccc1
XS846230a,COC=1C=C(Cl)C(C)=CC1NC(C)C(=O)NC2=NC(C)=C(C)S2,1.406,O=C(CNc1ccccc1)Nc1nccs1
XS846231a,CC=1C=C(C)N2N=C(CC(=O)NC(C=3C=CC(F)=CC3)C(C)C)N=C2N1,2.784,O=C(Cc1nc2ncccn2n1)NCc1ccccc1
XS658325b,NC(=O)C(NC(=O)C=1C=NN(C1)C=2C=CC=CC2Cl)C=3C=CC=CC3,3.254,O=C(NCc1ccccc1)c1cnn(-c2ccccc2)c1
XS846236a,CC(CCNC(=O)NCCC1=NN=C2CCCCCN12)C=3C=CC=CC3,0.772,O=C(NCCCc1ccccc1)NCCc1nnc2n1CCCCC2
XS846222a,C=1N=CN(CCSC2=NC=C(C=3C=CC=CC3)N2CC4CCCO4)N1,24.838,c1ccc(-c2cnc(SCCn3cncn3)n2CC2CCCO2)cc1
XS846227a,CN1C=C(N=C1C2CCCN(C2)C=3N=CN=C4NN=CC34)C(F)(F)F,1.864,c1c[nH]c(C2CCCN(c3ncnc4[nH]ncc34)C2)n1
XS419635b,CC=1C=CC=C(C1)C(=O)NC(C)C(=O)NC=2C=CC(=NC2)N3CCCC3,3.128,O=C(CNC(=O)c1ccccc1)Nc1ccc(N2CCCC2)nc1
XS838439b,O=C1COCCN(CC2CCC=3C=CC=CC3O2)S(=O)(=O)CCN1,8.842,O=C1COCCN(CC2CCc3ccccc3O2)S(=O)(=O)CCN1
XS846235a,CCN(CC)S(=O)(=O)C=1C=CC=C(C1)C(=O)NC2CCCNC2=O,3.958,O=C(NC1CCCNC1=O)c1ccccc1
XS841950b,O=C(NC1CCN(CC1)C(=O)C2CCCCC2)C3CC=4C=NNC4CN3,0.626,O=C(NC1CCN(C(=O)C2CCCCC2)CC1)C1Cc2cn[nH]c2CN1
XS846237a,CN1C(CCNC(=O)C2CC=3C=CC=C(F)C3O2)=NC=4C(F)=CC=CC41,1.65,O=C(NCCc1nc2ccccc2[nH]1)C1Cc2ccccc2O1
XS533788b,CC(C)(C)C(=O)N1CCCC1C(=O)NC=2C=CC=C(C2)N3CCNC3=O,9.692,O=C(Nc1cccc(N2CCNC2=O)c1)C1CCCN1
XS837451b,CC=1N=CC(C(=O)NC=2C=CC(OC(C)C(=O)O)=C(F)C2)=C(N1)C(C)C,1.258,O=C(Nc1ccccc1)c1cncnc1
XS846245a,O=C(C1=C(N=C2C=NC=CN12)C(F)F)N3CCCC(COC(F)F)C3,6.048,O=C(c1cnc2cnccn12)N1CCCCC1
XS609792b,COC=1C=CC(=C(C1)OC)C(C)NC(=O)NCC=2C=CC=3OCOC3C2,13.034,O=C(NCc1ccccc1)NCc1ccc2c(c1)OCO2
XS846250a,CC(NC(=O)CC1=NOC=2C=CC=CC12)C=3C=CC(Br)=CC3,4.294,O=C(Cc1noc2ccccc12)NCc1ccccc1
XS839570b,COC(CNC=1N=CC=CC1C(=O)N2CCC=3C=CC=CC32)C(F)(F)F,0.402,O=C(c1cccnc1)N1CCc2ccccc21
XS846241a,CCC(C(=O)NC=1C=CC(C)=C(C1)S(=O)(=O)N(C)C)C=2C=CC=CC2,0.854,O=C(Cc1ccccc1)Nc1ccccc1
XS846248a,CC=1C=CC=CC1C=2CC(C=3C=CC=C4N=CC=NC34)N(N2)S(C)(=O)=O,1.052,c1ccc(C2=NNC(c3cccc4nccnc34)C2)cc1
XS846238a,O=C(CN1CCCCC1)N2N=C(CC2C=3C=CSC3)C=4C=CSC4,1.674,O=C(CN1CCCCC1)N1N=C(c2ccsc2)CC1c1ccsc1
XS846249a,CCC1=NC(=CS1)C2NC(=O)CN2CC=3C=CC(Br)=CC3,11.128,O=C1CN(Cc2ccccc2)C(c2cscn2)N1
XS839617b,O=C(CC1=CSC=2C=CC(Cl)=CC12)N3CCOCC3C=4N=CON4,3.658,O=C(Cc1csc2ccccc12)N1CCOCC1c1ncon1
XS838860b,CC(F)(F)C=1C=CC=C(CNC(=O)CC2CC(=NO2)C=3C=CC=CC3)N1,7.502,O=C(CC1CC(c2ccccc2)=NO1)NCc1ccccn1
XS838350b,O=C(CCC=1C=CC(Br)=CC1F)N2CCC3(CC3(F)F)C2,3.85,O=C(CCc1ccccc1)N1CCC2(CC2)C1
XS846243a,CCN1C(=O)N(CC(O)COC=2C=CC=C3C=CC=CC23)C=4C=CC=CC41,5.504,O=c1[nH]c2ccccc2n1CCCOc1cccc2ccccc12
XS846247a,CCC=1C=CC=C(C1)NC2CCN(C2)C(=O)C=3C=C(N(C)N3)C(F)(F)F,0.732,O=C(c1cc[nH]n1)N1CCC(Nc2ccccc2)C1
XS389436b,COC=1C=CC(=CC1)CN(C(=O)NC=2C=CC=CC2)C3CCS(=O)(=O)C3,1.234,O=C(Nc1ccccc1)N(Cc1ccccc1)C1CCS(=O)(=O)C1
XS839817b,CC1CN(CCS(=O)(=O)C1)C(=O)CN2C=C(Br)C=CC2=O,4.088,O=C(Cn1ccccc1=O)N1CCCS(=O)(=O)CC1
XS436165b,O=C(C1CCC(=O)N(C1)C2CC2)N3CCC(CC3)N4N=C(N=C4O)C5CC5,2.422,O=C(C1CCC(=O)N(C2CC2)C1)N1CCC(n2cnc(C3CC3)n2)CC1
XS762709b,CC=1C=C(F)C=CC1C2C(=O)NCCN2C(=O)C3=CSC(CC(C)C)=N3,1.048,O=C1NCCN(C(=O)c2cscn2)C1c1ccccc1
XS838471c,COC=1C=CC(=CC1)CN2C=CN=C2C(=O)NC(C)C=3C=CC=CC3Cl,0.298,O=C(NCc1ccccc1)c1nccn1Cc1ccccc1
XS846252a,COCCN1C=C2CCCC(NC(=O)CC3=CNC=4C(C)=CC=CC34)C2=N1,0.722,O=C(Cc1c[nH]c2ccccc12)NC1CCCc2c[nH]nc21
XS841050b,CC(CNC(=O)NC1=NC(CS(C)(=O)=O)=NO1)N(C)C=2C=CC=CC2,0.84,O=C(NCCNc1ccccc1)Nc1ncno1
XS837927b,CC1=NN(C)C(C)=C1NC(=O)C(C)OC=2C=CC=C(C=3C=CC=NC3)C2F,1.608,O=C(COc1cccc(-c2cccnc2)c1)Nc1cn[nH]c1
XS841484b,CN(CC1COC=2C=CC=CC2O1)S(=O)(=O)C=3C=CC=4NC(=O)NC4C3,1.638,O=c1[nH]c2ccc(S(=O)(=O)NCC3COc4ccccc4O3)cc2[nH]1
XS836703b,O=S(=O)(CC1CCCC=2C=CC=CC21)NCCN3CCCS3(=O)=O,2.288,O=S(=O)(CC1CCCc2ccccc21)NCCN1CCCS1(=O)=O
XS838802b,CN1C(=O)C=CC2=C1CCCC2NC=3C=CC(=CC3)S(=O)(=O)C(F)F,8.73,O=c1ccc2c([nH]1)CCCC2Nc1ccccc1
XS837929b,CN1N=C(C=C1OC(F)F)C(=O)NC2CS(=O)(=O)CC=3C=CC=CC32,3.392,O=C(NC1CS(=O)(=O)Cc2ccccc21)c1cc[nH]n1
XS846257a,CCSC(C)C1=NOC(CN2CCC3(CC2)C(C)=NC=4C=CC=CC43)=N1,1.312,C1=Nc2ccccc2C12CCN(Cc1ncno1)CC2
XS846262a,CC(C)(C)N1N=C(C=C1C2CC2)C(=O)N3CCCC3C=4C=CC=5OCOC5C4,2.69,O=C(c1cc(C2CC2)[nH]n1)N1CCCC1c1ccc2c(c1)OCO2
XS603330b,NC(=O)C1CN(C(=O)CCCN2C(=O)OC=3C=CC=CC32)C=4C=CC=CC4O1,5.282,O=C(CCCn1c(=O)oc2ccccc21)N1CCOc2ccccc21
XS846274a,COC=1C=CC(OC)=C(C1)C(C)NC(=O)CCC=2C(C)=NC3=NC=NN3C2C,2.974,O=C(CCc1cnc2ncnn2c1)NCc1ccccc1
XS841330b,O=C(CN1C(=O)CCCC=2C=CC=CC21)NC(CO)COCC=3C=CC=CC3,3.834,O=C(CN1C(=O)CCCc2ccccc21)NCCOCc1ccccc1
XS846272a,CCOC=1C=CC(=CC1)OCCC(=O)NC(C)C=2C=CC(=CC2)N3C=NC=N3,13.142,O=C(CCOc1ccccc1)NCc1ccc(-n2cncn2)cc1
XS846264a,NCC1CCCN2N=CC(C(=O)N3CCN(CC3)C=4C=CC=C5NC=CC45)=C12,5.976,O=C(c1cnn2c1CCCC2)N1CCN(c2cccc3[nH]ccc23)CC1
XS841838b,CC(C1=NC(=NN1CC(C)(C)CO)C=2C=CC=C(C2)S(C)(=O)=O)C3CC3,1.442,c1ccc(-c2n[nH]c(CC3CC3)n2)cc1
XS837025b,COC=1C=CC=2CN(CC(C)(C)OC2C1)S(=O)(=O)CC3(C)COCCO3,3.316,O=S(=O)(CC1COCCO1)N1CCOc2ccccc2C1
XS846261a,CCN(CC)C(=O)C=1C=CC=C(C1)NC(=O)CN2C=3C=CC=CC3CCC2C,1.786,O=C(CN1CCCc2ccccc21)Nc1ccccc1
XS465179b,CCNS(=O)(=O)C=1C=CC(C)=C(C1)C(=O)N2CCCCC2C3=CC=NN3C,3.866,O=C(c1ccccc1)N1CCCCC1c1ccn[nH]1
XS836698b,CC(NC(=O)CN1C=NC=2C=CC(Br)=CC2C1=O)C3=NC=NN3C,9.636,O=C(Cn1cnc2ccccc2c1=O)NCc1ncn[nH]1
XS840437b,CN1C(=NC=2C=CC=CC21)C3=C(N)N(CC4CCCO4)C=5N=C6C=CC=CC6=NC35,1.374,c1ccc2nc3c(nc2c1)c(-c1nc2ccccc2[nH]1)cn3CC1CCCO1
XS841323b,CC1(C)CN(C1C2=NC=CN2C=3C=CC(F)=CC3)S(=O)(=O)CC4(C#N)CC4,1.234,O=S(=O)(CC1CC1)N1CCC1c1nccn1-c1ccccc1
XS840369b,O=C(CN1N=NC(=N1)C2=CC=CS2)N3CCN(CC3)C4CCS(=O)(=O)C4,4.084,O=C(Cn1nnc(-c2cccs2)n1)N1CCN(C2CCS(=O)(=O)C2)CC1
XS705652b,FC=1C=CC=C(C1)C2=NN=C(O2)C3CC43CCN(CC5=NC(=NO5)C6CC6)CC4,3.396,c1ccc(-c2nnc(C3CC34CCN(Cc3nc(C5CC5)no3)CC4)o2)cc1
XS846282a,COC=1C=CC(=C(C1)OC)C2CC(=NN2C(=O)CCC(=O)O)C=3C=CC=C(C)C3,2.904,c1ccc(C2=NNC(c3ccccc3)C2)cc1
XS839743b,CC1=NN=C(O1)C2COCCN2S(=O)(=O)C=3C=CC4=C(C3)N(C)C(=O)N4C,2.914,O=c1[nH]c2ccc(S(=O)(=O)N3CCOCC3c3nnco3)cc2[nH]1
XS846286a,COC=1C=C(C=CC1OCC=2C(C)=NOC2C)C3NC(=O)C=4C=CC=CC4N3C,9.054,O=C1NC(c2ccc(OCc3cnoc3)cc2)Nc2ccccc21
XS838588b,CC=1C=CC2=CC=3CC4(C(=O)N(C)C(=O)N(C)C4=O)C5CCCCN5C3N=C2C1,1.392,O=C1NC(=O)C2(Cc3cc4ccccc4nc3N3CCCCC32)C(=O)N1
XS846277a,O=C(O)C1CC=2C=CC=CC2CN1C(=O)C3CCN(CC3)C=4C=CC(Cl)=CN4,7.324,O=C(C1CCN(c2ccccn2)CC1)N1CCc2ccccc2C1
XS838046b,CC=1N=C(COC(C)(C)C)OC1C(=O)NC(C)C=2C=CC(Br)=CN2,6.944,O=C(NCc1ccccn1)c1cnco1
XS846284a,CC(NC(=O)C=1C=COC1)C(=O)NCC=2C=CC(=CC2)C(=O)N3CCCCCC3,4.886,O=C(CNC(=O)c1ccoc1)NCc1ccc(C(=O)N2CCCCCC2)cc1
XS839992b,COC=1C=CC(=CC1S(C)(=O)=O)NC(=O)N2CC(CC=3C=CC=CC32)OC,4.94,O=C(Nc1ccccc1)N1CCCc2ccccc21
XS846283a,OCC(CNC=1C=CN2N=CC(Br)=C2N1)CC=3C=CC=CC3Cl,0.384,c1ccc(CCCNc2ccn3nccc3n2)cc1
XS846287a,CC1=NN(C(C)=C1CC(=O)N(C)CC2COC=3C=CC=CC3O2)C=4C=CC=CC4,1.294,O=C(Cc1cnn(-c2ccccc2)c1)NCC1COc2ccccc2O1
XS846290a,CC(C)NC(=O)CN(C)CC(=O)NC(C1=CC=CS1)C=2C=CC(=CC2)C(C)C,0.594,c1ccc(Cc2cccs2)cc1
XS846291a,CC(OC(=O)CCNS(=O)(=O)C=1C=CC(F)=C(F)C1)C(=O)NC2CCCCC2,1.108,O=C(COC(=O)CCNS(=O)(=O)c1ccccc1)NC1CCCCC1
XS395515b,COC=1C=CC(=NN1)N2N=CC(C(=O)NC(C)C=3C=CC(F)=CC3)=C2C(F)(F)F,2.318,O=C(NCc1ccccc1)c1cnn(-c2cccnn2)c1
XS846289a,COC(=O)CC(NC(=O)CCC=1C(C)=NC2=NC=NN2C1C)C=3C=CC(Cl)=CC3,5.132,O=C(CCc1cnc2ncnn2c1)NCc1ccccc1
XS840455b,COC1=CC(OC)=C(Cl)C=C1NC(=O)COC(=O)CC2CCS(=O)(=O)C2,3.558,O=C(COC(=O)CC1CCS(=O)(=O)C1)Nc1ccccc1
XS837781b,O=C1CCCC=2C=C(C=CC2N1)S(=O)(=O)NC3COC=4C=C(Cl)C=CC4C3,8.842,O=C1CCCc2cc(S(=O)(=O)NC3COc4ccccc4C3)ccc2N1
XS846300a,COC1=CC(CNC(=O)C2CC(=O)N(C2)C=3C=CC=C(C)C3C)=C(C=C1OC)OC,1.542,O=C(NCc1ccccc1)C1CC(=O)N(c2ccccc2)C1
XS514853b,CN1N=C2CCCCC2=C1C(=O)N3CCCC(C3)NC=4C=CC=C(Br)C4,7.35,O=C(c1[nH]nc2c1CCCC2)N1CCCC(Nc2ccccc2)C1
XS715959b,COC=1C=CC(=CC1)C2CCCN2C(=O)CN(C)S(=O)(=O)C=3C=CC(Cl)=CC3,10.172,O=C(CNS(=O)(=O)c1ccccc1)N1CCCC1c1ccccc1
XS846295a,COC=1C=CC(=CC1)S(=O)(=O)NC(CCSC)C(=O)NC=2C=CC(C)=CC2,2.234,O=C(CNS(=O)(=O)c1ccccc1)Nc1ccccc1
XS841482b,O=C(O)C(CC1=CNC=2C=CC=CC12)NC(=O)NCC3=NC=C(O3)C=4C=CC=CC4,2.276,O=C(NCCc1c[nH]c2ccccc12)NCc1ncc(-c2ccccc2)o1
XS569383b,CC=1C=CC=CC1C2(CCOCC2)C(=O)NC3CCCN(C3=O)C=4C=CC=CC4F,1.96,O=C1C(NC(=O)C2(c3ccccc3)CCOCC2)CCCN1c1ccccc1
XS838007b,O=C(O)C=1C=NN(C1)C2CCCN(C2)C(=O)C3(CCOCC3)C=4C=CC=C(Cl)C4,3.014,O=C(N1CCCC(n2cccn2)C1)C1(c2ccccc2)CCOCC1
XS846292a,CC1=CC(=NO1)NC(=O)C(C)SCC(=O)NC=2C=CC=CC2N3CCCCC3,0.822,O=C(CSCC(=O)Nc1ccccc1N1CCCCC1)Nc1ccon1
XS658376b,O=C(C=1C=CC=CC1Cl)N2CCN(CC2)C(=O)C3CC(=O)N(CC=4C=CC=CC4)C3,4.384,O=C1CC(C(=O)N2CCN(C(=O)c3ccccc3)CC2)CN1Cc1ccccc1
XS836876b,CC1CCN(CC2=NN=NN2C=3C=CC(=CC3)S(C)(=O)=O)C=4C=C(Cl)C=CC4S1,0.84,c1ccc(-n2nnnc2CN2CCCSc3ccccc32)cc1
XS078815b,CCOCCN1N=C(C)C(C)N2C1=NC3=C2C(=O)N(CC=4C=CC=C(Cl)C4)C(=O)N3C,4.866,O=c1[nH]c2nc3n(c2c(=O)n1Cc1ccccc1)CC=NN3
XS846306a,COC(=O)CC1C2=CC(OC)=C(C=C2CCN1CC3=NC(=NO3)C=4C=CC=CN4)OC,2.152,c1ccc(-c2noc(CN3CCc4ccccc4C3)n2)nc1
XS846312a,CC(C)C(NC(=O)C=1C=CC(Cl)=CC1)C(=O)NCC=2C=CN=C(C2)N3CCOCC3,2.956,O=C(CNC(=O)c1ccccc1)NCc1ccnc(N2CCOCC2)c1
XS846310a,CC1=CC(C)=NN1CCCNC(=O)C(CC(C)C)NC(=O)C=2C=CC(Cl)=CC2Cl,2.14,O=C(CNC(=O)c1ccccc1)NCCCn1cccn1
XS846313a,CC(NC(=O)C1CC1)C(=O)N2CCN(CC2)S(=O)(=O)C3=CC=CC4=NSN=C34,13.576,O=C(NCC(=O)N1CCN(S(=O)(=O)c2cccc3nsnc23)CC1)C1CC1
XS846305a,O=C(C1CCCN1S(=O)(=O)C=2C=CC(F)=CC2)N3CCC(CC3)C4=CNC=5C=CC=CC45,16.406,O=C(C1CCCN1S(=O)(=O)c1ccccc1)N1CCC(c2c[nH]c3ccccc23)CC1
XS171199b,CCN1CC(CN(C)C(=O)CCC2=NC3=C(C=NN3C=4C=CC=CC4)C(=O)N2)OC=5C=CC=CC51,22.486,O=C(CCc1nc2c(cnn2-c2ccccc2)c(=O)[nH]1)NCC1CNc2ccccc2O1
XS840429b,CC(NS(=O)(=O)C=1C=C(C=CC1Br)S(C)(=O)=O)C(=O)NC(C)(C)C,3.9,c1ccccc1
XS846321a,O=C1CC(CN1)NC=2N=CN=C3SC=CC23,2.566,O=C1CC(Nc2ncnc3sccc23)CN1
XS838465b,CC(NC=1C=CC=2NN=NC2C1)C3=CC=CS3,2.422,c1csc(CNc2ccc3[nH]nnc3c2)c1
XS846318a,CC1=NOC(=N1)C(C)NC(=O)NC2CC2,1.102,O=C(NCc1ncno1)NC1CC1
XS837526b,CC=1N=CSC1CNC(=O)C(C)CF,0.792,c1cscn1
XS846326a,CC(CCC1=CC=CO1)NC(=O)N2CCCC2,0.8,O=C(NCCCc1ccco1)N1CCCC1
XS839777b,CC(CCO)NC(=O)C=1C(O)=CC=CC1F,1.012,c1ccccc1
XS846330a,CC1=CC(=NN1)NC(=O)C(C)OC=2C=CC=CC2,5.76,O=C(COc1ccccc1)Nc1cc[nH]n1
XS039482c,O=C(NC1CCS(=O)(=O)C1)C=2C=CC=CC2,5.278,O=C(NC1CCS(=O)(=O)C1)c1ccccc1
XS840450b,CCC1(C)NC(=O)C=2C=CC=CC2NC1=O,6.708,O=C1CNC(=O)c2ccccc2N1
XS846327a,O=C1NC(NC=2C=CC=CC12)C=3C=CSC3,0.82,O=C1NC(c2ccsc2)Nc2ccccc21
XS846332a,CC1=CN=C(NC(=O)CC2C=CCC2)S1,2.336,O=C(CC1C=CCC1)Nc1nccs1
XS838526b,CC1=NSC(=N1)N2CCOCC2CC(F)F,1.412,c1nsc(N2CCOCC2)n1
XS846322a,CC(C(=O)N1CCNC(=O)CC1)C=2C=CC=CC2,2.854,O=C1CCN(C(=O)Cc2ccccc2)CCN1
XS836781b,O=C(C=1C=CN=CC1)N2N=CCC2(O)C(F)F,0.496,O=C(c1ccncc1)N1CCC=N1
XS846344a,CC(=O)NC(CC(=O)NC(C)C)C=1C=CC(C)=CC1,0.56,c1ccccc1
XS846338a,CC1=NC(=NN1)C2CCN(C2)C(=O)C=3C=CC=C(C)C3,0.42,O=C(c1ccccc1)N1CCC(c2nc[nH]n2)C1
XS838434b,FC=1C=NC=C(N1)N2CCOCC3(CC3(F)F)C2,9.544,c1cnc(N2CCOCC3(CC3)C2)cn1
XS837075b,CCC1=NN(C(=O)C(C#N)=C1CC)C2C=CCCC2,2.854,O=c1cccnn1C1C=CCCC1
XS846335a,CC(C1=CC=CS1)N(C)C(=O)NC=2C=CC=CC2,2.304,O=C(NCc1cccs1)Nc1ccccc1
XS837459b,FC1(F)CCCC1CCN2CCC=3N=CSC3C2,3.598,c1nc2c(s1)CN(CCC1CCCC1)CC2
XS840298b,CC1=CC(=NO1)C(C)NC(=O)C=2NN=C3COCC23,1.198,O=C(NCc1ccon1)c1[nH]nc2c1COC2
XS739460b,CN1CCC(NC(=O)CC=2C=CC=C(Cl)C2)C1=O,0.722,O=C(Cc1ccccc1)NC1CCNC1=O
XS837900b,O=C(C1C=CCC1)N2CCC(CC2)C3=NNC(=O)O3,6.67,O=C(C1C=CCC1)N1CCC(c2n[nH]c(=O)o2)CC1
XS846333a,CC(NC=1C=CC=2OCCOC2C1)C(=O)NC(N)=O,11.632,c1ccc2c(c1)OCCO2
XS846334a,COC=1C=CC(=CC1)NC(=O)NC(C)C=2N=CNN2,2.948,O=C(NCc1nc[nH]n1)Nc1ccccc1
XS840525b,CCCC1=NN=C(NC2CCN(C2=O)C(C)C)S1,12.868,O=C1NCCC1Nc1nncs1
XS840180b,C=1NN=C2CCCN(CC3CC=4C=CC=CC4O3)C12,1.986,c1ccc2c(c1)CC(CN1CCCc3n[nH]cc31)O2
XS842698b,O=C(NC1CC21CCC2)N3CC(CC4=CC=CO4)C3,0.978,O=C(NC1CC12CCC2)N1CC(Cc2ccco2)C1
XS837194b,CC1CSCCN1C(=O)N(C)C2CCOCC2,0.788,O=C(NC1CCOCC1)N1CCSCC1
XS697141b,CC=1C=NC(=CN1)C(=O)NC(C)C2=NN=C3C=CC=CN23,6.662,O=C(NCc1nnc2ccccn12)c1cnccn1
XS846354a,CC(NC(=O)C=1C=CC(=O)NN1)C=2C=C(F)C=CC2F,4.304,O=C(NCc1ccccc1)c1ccc(=O)[nH]n1
XS846359a,CC1=CC(=NO1)C(=O)NC(C=2C=CC=CC2)C(F)(F)F,2.898,O=C(NCc1ccccc1)c1ccon1
XS846347a,CC1=NN=C(CNC(=O)C(C=2C=CC=CC2)C3CC3)N1C,3.272,O=C(NCc1nnc[nH]1)C(c1ccccc1)C1CC1
XS846361a,COC=1C=C(Cl)C(C)=CC1NC(C)C(=O)NC(C)C,0.322,c1ccccc1
XS846357a,O=C(NC1=NC=2C=CC=CC2S1)C3CCC(=O)NC3,1.298,O=C1CCC(C(=O)Nc2nc3ccccc3s2)CN1
XS840187b,CC(COCC(F)(F)F)NC=1C=CC(C#N)=CC1F,2.452,c1ccccc1
XS846352a,CC1=NOC=2N=CN=C(C12)N3CCC4(CNC(=O)C4)C3,12.37,O=C1CC2(CCN(c3ncnc4oncc34)C2)CN1
ZZ001276c,CCC=1NN=CC1C(=O)N2CCCC(C2)N3C=CC=N3,2.228,O=C(c1cn[nH]c1)N1CCCC(n2cccn2)C1
XS846346a,CC(C)N1C=NC(=C1)S(=O)(=O)NC2CCCC2(C)C,12.028,O=S(=O)(NC1CCCC1)c1c[nH]cn1
XS500372b,CC=1C=NN(C1)CC2CN(CCO2)C=3C=C(C#N)C=CN3,1.72,c1ccc(N2CCOC(Cn3cccn3)C2)nc1
XS839624b,CC(C=1C=CC=CN1)N(C)C(=O)NC2=CC=CN(C)C2=O,7.46,O=C(NCc1ccccn1)Nc1ccc[nH]c1=O
XS846349a,CCC(C#N)NC(=O)C=1C=CC(=O)N(C1)C=2C=NN(C)C2,2.758,O=c1ccccn1-c1cn[nH]c1
XS846348a,CC(NC(=O)C=1C=CN(N1)C2CCCC2)C=3N=CON3,0.916,O=C(NCc1ncon1)c1ccn(C2CCCC2)n1
XS846353a,CCNC(=O)C(C)NC1=NS(=O)(=O)C=2C=CC=CC12,2.776,O=S1(=O)N=Cc2ccccc21
XS838070b,CC(C)OC1(CNC2=NC=CN3N=NN=C23)CCOC1,3.684,c1cn2nnnc2c(NCC2CCOC2)n1
XS582619b,COC=1C=CC(=CC1)S(=O)(=O)NC(C(N)=O)C(C)C,0.48,c1ccccc1
XS846370a,CCC=1C=CC=CC1OCC(=O)NC(C)C2=NC(C)=NO2,0.692,O=C(COc1ccccc1)NCc1ncno1
XS677759b,CC1(CCC(=O)NC1)C(=O)NCC=2C=CC(CO)=C(F)C2,0.64,O=C1CCC(C(=O)NCc2ccccc2)CN1
XS846368a,CC1=CC(=NO1)NC(=O)C(C)SC2=NC=CN2C3CC3,11.264,O=C(CSc1nccn1C1CC1)Nc1ccon1
XS842151b,COC(=O)C1CC=2C(C)=CC=CC2N1CC3=CSN=N3,1.632,c1ccc2c(c1)CCN2Cc1csnn1
XS840041b,CC1=NSC=C1C(=O)N2CCC(CS(C)(=O)=O)C2,1.65,O=C(c1cnsc1)N1CCCC1
XS846366a,CC1(CCC=2C=CC=CC2C1)C(=O)N3CCC=4NN=CC4C3,1.434,O=C(C1CCc2ccccc2C1)N1CCc2[nH]ncc2C1
XS846364a,CC(NC=1C=CC=2OC(F)(F)OC2C1)C(=O)NC(N)=O,6.81,c1ccc2c(c1)OCO2
XS846365a,CC1=NN(C)C(C)=C1C2CCCN2C3=NC=4C=CC=CC4O3,1.216,c1ccc2oc(N3CCCC3c3cn[nH]c3)nc2c1
XS604196b,CC(C)C(=O)N1CCCC1C(=O)NC=2C=C(F)C=CC2F,4.986,O=C(Nc1ccccc1)C1CCCN1
XS846367a,CC=1C=CC=C(C(=O)N2CCCC(O)(C2)C(N)=O)C1Cl,7.506,O=C(c1ccccc1)N1CCCCC1
XS846369a,CCC1=NOC(CN2CCCC2C=3C=CC=C(C3)OC)=N1,23.714,c1ccc(C2CCCN2Cc2ncno2)cc1
XS842474b,CNC(=O)NC(=O)C(C)N1C(=O)C2=CC=CC3=CC=CC1=C23,3.25,O=C1Nc2cccc3cccc1c23
XS846363a,O=C(CCC1=NC=CS1)N2CCCC(C2)N3C=CC=N3,9.692,O=C(CCc1nccs1)N1CCCC(n2cccn2)C1
XS842162b,CC1=NC(C)=C(S1)C(C)N(C)S(=O)(=O)C2COC2,3.878,O=S(=O)(NCc1cncs1)C1COC1
XS838360b,COC(=O)C(C=1C=CC=CC1)N2C=CC=3C=CC=CC3C2=O,3.344,O=c1c2ccccc2ccn1Cc1ccccc1
XS841776b,CC=1C=CC=C(C1)S(=O)(=O)CC2CCC3=NN=CN3C2,0.822,O=S(=O)(CC1CCc2nncn2C1)c1ccccc1
XS839748b,OC=1C=CC=CC1C(C#CC=2C=CC=CC2)N3CCCCC3,0.806,C(#CC(c1ccccc1)N1CCCCC1)c1ccccc1
XS588956b,CN(CC1=NC(=NO1)C(C)(C)C)C2CCS(=O)(=O)C2,0.578,O=S1(=O)CCC(NCc2ncno2)C1
XS846384a,CC(NC=1C=CC=2OCCOC2C1)C3=NC(=NO3)C(C)(C)C,1.218,c1noc(CNc2ccc3c(c2)OCCO3)n1
XS846375a,CC=1C=CC(=CC1)CC(=O)N2CCCCC2C3=NC=CS3,4.336,O=C(Cc1ccccc1)N1CCCCC1c1nccs1
XS809258b,CC1=CC(=NO1)C2CCCN2CC(=O)NC=3C=CC=CC3C,1.382,O=C(CN1CCCC1c1ccon1)Nc1ccccc1
XS846387a,CC(NS(=O)(=O)C=1C=CC=2OCCC2C1)C=3C=CN=CC3,0.944,O=S(=O)(NCc1ccncc1)c1ccc2c(c1)CCO2
XS691618b,O=C(CC=1C=CC=NC1)N2CCCC2C3=NOC(=N3)C4CC4,8.792,O=C(Cc1cccnc1)N1CCCC1c1noc(C2CC2)n1
XS846390a,CC1=NSC(N)=C1C(=O)OC(C)C(=O)NC=2C=CC=CC2,3.214,O=C(COC(=O)c1cnsc1)Nc1ccccc1
XS846385a,CC1=NOC(=N1)C(C)NC=2C=CC=3OC(=NC3C2)C(C)(C)C,9.14,c1noc(CNc2ccc3ocnc3c2)n1
XS846377a,CN(C1CCN(C1=O)C=2C=CC=CC2Cl)S(C)(=O)=O,3.13,O=C1CCCN1c1ccccc1
XS838225b,CC(NCC1=CC=NN1C)C2=CC(Br)=CS2,2.154,c1csc(CNCc2ccn[nH]2)c1
XS576944b,COCC1(CCCN1CC=2C=CC(Cl)=CC2F)C(N)=O,1.036,c1ccc(CN2CCCC2)cc1
XS846389a,CN1C=2C=CC=CC2C(=O)NC1C=3C=CC(=CC3)N4C=CN=C4,3.73,O=C1NC(c2ccc(-n3ccnc3)cc2)Nc2ccccc21
XS842110b,CC1CN(CC2=NN=NN2CC(F)(F)F)CC3=CNN=C31,2.894,c1[nH]nc2c1CN(Cc1nnn[nH]1)CC2
XS840473b,CC(C)C1=NC(=CS1)C(C)NC=2N=CC(=C(N)N2)[N+]([O-])=O,2.446,c1cnc(NCc2cscn2)nc1
XS846394a,CC(NC(=O)N1CCOCC1)C=2C=CC=3OCCCOC3C2,1.346,O=C(NCc1ccc2c(c1)OCCCO2)N1CCOCC1
XS559660b,O=C(C=1C=CC=C2OCOC12)N3CCCCC3CN4C=CC=N4,1.73,O=C(c1cccc2c1OCO2)N1CCCCC1Cn1cccn1
XS846393a,OC(COC=1C=CC(=CC1)C=2C=CC=CC2)CN3CCCCC3,0.5,c1ccc(-c2ccc(OCCCN3CCCCC3)cc2)cc1
XS814338b,CC=1C=CC=C(C1)C(=O)NC(C(=O)NC=2C=CN=CC2)C(C)C,2.158,O=C(CNC(=O)c1ccccc1)Nc1ccncc1
XS841635b,CC(C1=CSN=N1)N2CCN(CC2)C=3C=CC(F)=CC3F,1.676,c1ccc(N2CCN(Cc3csnn3)CC2)cc1
XS841722b,C=C1C=2C=CC=CC2C(=O)N1C(C)C(=O)N=C3SC=CN3C,1.264,C=C1c2ccccc2C(=O)N1CC(=O)N=c1[nH]ccs1
XS840820b,CC(CN(C)CC=1C(F)=CC=CC1Cl)CS(C)(=O)=O,1.19,c1ccccc1
XS837513b,N#CC=1C=CC=C(C1)OC=2C=CN=C(N2)NC3CCC(=O)NC3,8.712,O=C1CCC(Nc2nccc(Oc3ccccc3)n2)CN1
XS837830b,O=C(O)C(NC(=O)C=1C=CC(Cl)=CC1O)C=2C=CSC2,2.136,O=C(NCc1ccsc1)c1ccccc1
XS419664b,COC=1C=CC=CC1CC(=O)NC(C)C2=NC=3C=CC=CC3N2,0.966,O=C(Cc1ccccc1)NCc1nc2ccccc2[nH]1
XS846397a,O=C(C=1C=CC2=CC=CC=C2C1)N3CCCC(C3)N4CCCC4,1.162,O=C(c1ccc2ccccc2c1)N1CCCC(N2CCCC2)C1
XS840456b,CC1=NN(C)C(C)=C1C(=O)OC(C)C(=O)NC(=O)NC2CC2,3.63,O=C(COC(=O)c1cn[nH]c1)NC(=O)NC1CC1
XS837300b,CN1N=CC=C1C=2C=CC(=NN2)NCC3CC(=O)N(C3)C4CC4,7.902,O=C1CC(CNc2ccc(-c3ccn[nH]3)nn2)CN1C1CC1
XS846391a,CC1(C)CN(CC1C=2C=CC=CC2)C(=O)NCC=3C=CC=NC3,4.554,O=C(NCc1cccnc1)N1CCC(c2ccccc2)C1
XS596365b,O=C(O)C=1C=CC(=CC1)CNC(=O)C2COC=3C=CC=CC3C2,7.832,O=C(NCc1ccccc1)C1COc2ccccc2C1
XS839443b,O=C(NCC1COC(=O)N1)C=2C=CC(F)=CC2C(F)(F)F,0.674,O=C1NC(CNC(=O)c2ccccc2)CO1
XS428172b,CC1=NOC=2N=CN=C(NC3CCCN(C3)C4=CC=NN4C)C12,2.738,c1cc(N2CCCC(Nc3ncnc4oncc34)C2)[nH]n1
XS606791b,O=C(CCOC=1C=CC=C(F)C1)N2CCCC(C2)C3=CC=NN3,12.502,O=C(CCOc1ccccc1)N1CCCC(c2ccn[nH]2)C1
XS846413a,CN(CCCC=1C=CC=CC1)CC(=O)NC2CCCCNC2=O,0.932,O=C(CNCCCc1ccccc1)NC1CCCCNC1=O
XS846407a,CC(=O)NC1=NC(=CS1)CN2CCCC2CC=3C=CC=CC3,1.576,c1ccc(CC2CCCN2Cc2cscn2)cc1
XS781778b,CC1=NC2=C(CCCC2CNC(=O)C=3SC=CC3C#N)S1,1.616,O=C(NCC1CCCc2scnc21)c1cccs1
XS837289b,O=C(O)C1=CSC(=C1)CC(=O)NC2CCOCCC2(F)F,4.576,O=C(Cc1cccs1)NC1CCCOCC1
XS846412a,CC=1N=C(CC=2C=CC=CC2)SC1C(=O)NCC3CCCO3,2.338,O=C(NCC1CCCO1)c1cnc(Cc2ccccc2)s1
XS846408a,CC(NC(=O)CN1C=CC(=N1)C(F)(F)F)C=2C=CC(F)=CC2,0.806,O=C(Cn1cccn1)NCc1ccccc1
XS837377b,CC1=CN=C(S1)C2CCCCN2CC3=NC=4N=CC=CC4O3,6.536,c1cnc2nc(CN3CCCCC3c3nccs3)oc2c1
XS846409a,COC1=C(NC=2C=CC=CC12)C(=O)N3CCOCC3CC4CC4,8.084,O=C(c1cc2ccccc2[nH]1)N1CCOCC1CC1CC1
XS846401a,CN(CC1=NN=C(O1)C2CC2)C3CCCN(C3)C=4C=CC=NN4,0.994,c1cnnc(N2CCCC(NCc3nnc(C4CC4)o3)C2)c1
XS846406a,CC(=O)NC=1C=CC(=CC1)CN2CCOCC2C3=NC(C)=NO3,15.798,c1ccc(CN2CCOCC2c2ncno2)cc1
XS846399a,CCCN1C(=O)N(CC(=O)NCC2CCCO2)C=3C=CC=CC31,1.542,O=C(Cn1c(=O)[nH]c2ccccc21)NCC1CCCO1
XS842609b,CC(OC=1C=CC=CC1F)C(=O)NNC(=O)C=2C=CC(=O)NN2,5.348,O=C(COc1ccccc1)NNC(=O)c1ccc(=O)[nH]n1
XS789581b,O=C(C1=NNC(=O)C=2C=CC=CC12)N3CCCC3C=4C=CC=NC4,14.542,O=C(c1n[nH]c(=O)c2ccccc12)N1CCCC1c1cccnc1
XS846410a,CC1=NC(=NN1C=2C=CC(F)=CC2)C(=O)NCCC3CCCO3,1.004,O=C(NCCC1CCCO1)c1ncn(-c2ccccc2)n1
PK018203c,NC(=O)C1C=2C=CC=CC2CCN1C(=O)C=3C=CC=C4C=CNC34,5.484,O=C(c1cccc2cc[nH]c12)N1CCc2ccccc2C1
XS584627b,NC(=O)CCC1CCCN(C1)C(=O)C=2C=CC=3N=CSC3C2,4.938,O=C(c1ccc2ncsc2c1)N1CCCCC1
XS846405a,O=C(NCC1CCCO1)C=2C=CC=C(C2)OCC3=CSC=N3,6.97,O=C(NCC1CCCO1)c1cccc(OCc2cscn2)c1
XS838073b,COC(=O)C1CC=2NN=CC2N(C1)C(=O)CC=3C=CC=C(O)C3,2.358,O=C(Cc1ccccc1)N1CCCc2[nH]ncc21
XS846415a,CC=1C=CC(C)=C(OCC(O)CN2C(=O)CC(C)(C)C2=O)C1C,5.15,O=C1CCC(=O)N1CCCOc1ccccc1
XS837804b,CCOC1(CNC(=O)CN2C=NC(=C2)C(F)(F)F)CCOC1,1.488,O=C(Cn1ccnc1)NCC1CCOC1
XS846420a,COC1CC=2C=CC(=CC2C1)NC(=O)C=3C=CC(=CC3)OC(C)C,4.976,O=C(Nc1ccc2c(c1)CCC2)c1ccccc1
XS846424a,COC=1C=CC(=CC1)CC(=O)N2CCCC(C2)NS(C)(=O)=O,6.036,O=C(Cc1ccccc1)N1CCCCC1
XS641783b,CC(C)N1C=C(C=N1)NC(=O)C2CCCN(C2)C(=O)C(C)(C)C,2.152,O=C(Nc1cn[nH]c1)C1CCCNC1
XS846419a,COCC1=NOC(=N1)C(C)N(C)CCOC=2C=CC(Cl)=CC2,5.322,c1ccc(OCCNCc2ncno2)cc1
XS516181b,CC1=CC(=NC(C)=N1)N2CCCC(C2)C(=O)NC3=CC=CC(C)=N3,1.134,O=C(Nc1ccccn1)C1CCCN(c2ccncn2)C1
XS846416a,COC=1C=CC(NC(C)C2=NN=C(O2)C=3C=CC=CC3)=C(C1)OC,8.362,c1ccc(NCc2nnc(-c3ccccc3)o2)cc1
XS838457b,N#CC=1C=NN(C1N)C=2C=CC(=CC2)C(=O)NC3COC4(CC4)C3,2.4,O=C(NC1COC2(CC2)C1)c1ccc(-n2cccn2)cc1
XS745376b,CCC(NC(=O)C1=CC(=CNC1=O)C(F)(F)F)C=2C=CC=CC2,1.346,O=C(NCc1ccccc1)c1ccc[nH]c1=O
XS846417a,CC1=NOC(C)=C1C(C)CNC(=O)N(C)C2CCC(C)(C)CC2,0.594,O=C(NCCc1cnoc1)NC1CCCCC1
XS795948b,O=C(C=1C=CC=CC1Cl)N2CCN(CC2)C(=O)C3CCCO3,4.082,O=C(c1ccccc1)N1CCN(C(=O)C2CCCO2)CC1
XS815047b,CC(OC(=O)C=1SC=2C=CC=CC2C1Cl)C(=O)NC3CC3,1.68,O=C(COC(=O)c1cc2ccccc2s1)NC1CC1
XS846422a,CC(NC(=O)C1=CN(CC=2C=CC=CC2)N=N1)C=3C=CC(F)=CC3,1.988,O=C(NCc1ccccc1)c1cn(Cc2ccccc2)nn1
XS846423a,COC1=CC(OC)=C(C=C1C(=O)NC(C)C2=CC=CS2)OC,4.084,O=C(NCc1cccs1)c1ccccc1
XS575927b,CN1N=NN=C1C=2C=CC=C(C2)S(=O)(=O)N3CCC(CO)C3,3.034,O=S(=O)(c1cccc(-c2nnn[nH]2)c1)N1CCCC1
XS593297b,CC1=NN2CC(CCC2=N1)NCC3=CC=C(OC=4C=CC=CC4)O3,3.462,c1ccc(Oc2ccc(CNC3CCc4ncnn4C3)o2)cc1
XS840274b,O=C(CNC1CCCN2N=CN=C12)NC=3C=CC=C4C=CC=CC34,2.04,O=C(CNC1CCCn2ncnc21)Nc1cccc2ccccc12
XS839173b,CCN(C)S(=O)(=O)NC=1C=CC=CC1OC(C)C(F)(F)F,0.764,c1ccccc1
XS846421a,COC=1C=C(F)C=CC1NC(=O)C(C)C2=CN(C)C=3C=CC=CC23,1.108,O=C(Cc1c[nH]c2ccccc12)Nc1ccccc1
XS846433a,COCC=1C=CC=CC1CNC(=O)NC2CCCC3=C2C=NN3C,0.918,O=C(NCc1ccccc1)NC1CCCc2[nH]ncc21
XS842562b,CN1C(=O)OCC1C(=O)NC=2C=CC=CC2C3=NC(=NO3)C4CC4,1.182,O=C1NC(C(=O)Nc2ccccc2-c2nc(C3CC3)no2)CO1
XS842699b,CC(CC1=CC=CO1)NC(=O)C=2C=CC=3SCCC(=O)NC3C2,7.382,O=C1CCSc2ccc(C(=O)NCCc3ccco3)cc2N1
XS837666b,CC1=CC(=CC(=C1)NC(=O)N2CC3(CC=CC3)C2C(C)C)C(N)=O,2.076,O=C(Nc1ccccc1)N1CC2(CC=CC2)C1
XS846434a,COC=1C=CC(=CN1)NC(=O)NC2CCCN(C2)C=3N=CC=CN3,13.182,O=C(Nc1cccnc1)NC1CCCN(c2ncccn2)C1
XS846435a,CCN(CC1CCCO1)C(=O)CN2N=C(C)C=3C=CC=CC3C2=O,2.862,O=C(Cn1ncc2ccccc2c1=O)NCC1CCCO1
XS837183b,O=C(CN1C=NN=N1)NC(C=2C=CC=C(Cl)C2)C=3C=CC=CN3,12.802,O=C(Cn1cnnn1)NC(c1ccccc1)c1ccccn1
XS837103b,COC=1C=CC=CC1CC(C)NC=2N=CC(=CC2C(N)=O)[N+]([O-])=O,0.318,c1ccc(CCNc2ccccn2)cc1
XS671935b,COC=1C=C(C=C(C1)C(=O)N2CCC(C2)NC=3C=CC=CC3)OC,1.64,O=C(c1ccccc1)N1CCC(Nc2ccccc2)C1
XS838369b,C=CCN(CC(=O)N=S(C)(=O)N(C)C)CC=1C=CC=C(F)C1,3.038,c1ccccc1
XS841815b,CC(C)OC=1C=CC(=CC1)C(C)NC(=O)C=2N=CC=NC2C(N)=O,1.186,O=C(NCc1ccccc1)c1cnccn1
XS542866b,COC=1C=CC(=CC1)C2CCN(C2)C(=O)C=3C=C4OCCCN4N3,1.762,O=C(c1cc2n(n1)CCCO2)N1CCC(c2ccccc2)C1
XS846428a,CC(NC=1C=CC=C(C1)C(N)=O)C(=O)N(C)CC=2C=CC=C(F)C2,8.586,O=C(CNc1ccccc1)NCc1ccccc1
XS838491b,O=S(=O)(C=1C=CC=C2OCOC12)N3CCCC(C3)C4=CNN=N4,0.998,O=S(=O)(c1cccc2c1OCO2)N1CCCC(c2c[nH]nn2)C1
XS846436a,COC=1C=CC(=CC1)CCC(=O)N2CCCN(CC2)C(C)C(N)=O,5.172,O=C(CCc1ccccc1)N1CCCNCC1
XS725132b,CC=1OC=CC1C(=O)NC(C2=NC(=NO2)C(C)C)C3CCOCC3,1.184,O=C(NC(c1ncno1)C1CCOCC1)c1ccoc1
XS846439a,COC(=O)CC(NC(=O)CC1=CC=CC(=C1)OC)C2=CC=CS2,1.024,O=C(Cc1ccccc1)NCc1cccs1
XS846441a,O=C(NC=1C=CC(=CC1)NC=2C=CC=CC2)C3CC(=O)N(C3)C4CC4,17.1,O=C(Nc1ccc(Nc2ccccc2)cc1)C1CC(=O)N(C2CC2)C1
XS840077b,O=S(=O)(CC=1C(F)=CC=CC1Cl)NC2CC32CCOCC3,2.094,O=S(=O)(Cc1ccccc1)NC1CC12CCOCC2
XS619601b,O=C(CCC=1C=CC(Cl)=CC1)N2CCCC(C2)C3=NC(=O)NN3,3.836,O=C(CCc1ccccc1)N1CCCC(c2nc(=O)[nH][nH]2)C1
XS836642b,O=C1CN(CC2=CN(CC3CC4(CO3)CCOCC4)N=N2)CCN1,4.116,O=C1CN(Cc2cn(CC3CC4(CCOCC4)CO3)nn2)CCN1
XS846443a,CC=1C=CC=CC1CC(=O)NC(C)C=2C=CC(=CC2)S(N)(=O)=O,3.292,O=C(Cc1ccccc1)NCc1ccccc1
XS846437a,COC(=O)C(NC(=O)C=1C=C(NN1)C2CC2)C=3C=C(F)C=CC3F,2.894,O=C(NCc1ccccc1)c1cc(C2CC2)[nH]n1
XS846438a,CC(C)C=1C=CC(=CC1)C2=NOC(CCC(=O)OC(C)C(N)=O)=N2,8.338,c1ccc(-c2ncon2)cc1
XS742790b,CC1=NC2=CC(=O)NN2C(C)=C1CC(=O)NC3CCC=4C=CC=CC43,1.066,O=C(Cc1cnc2cc(=O)[nH]n2c1)NC1CCc2ccccc21
XS839347b,CC1=COC(CN(CC=2C=C(C#N)N(C)C2)CC3CCCC43CC4)=N1,0.762,c1coc(CN(Cc2cc[nH]c2)CC2CCCC23CC3)n1
XS842225b,CC=1C=CC=C2NC(C=3C=NC(=NC3)N4CCOCC4)N(C)C(=O)C12,2.314,O=C1NC(c2cnc(N3CCOCC3)nc2)Nc2ccccc21
XS841239b,FC=1C=C(Br)C=C(C1)C(CC2CC2)NCC=3C=CON3,0.614,c1ccc(C(CC2CC2)NCc2ccon2)cc1
XS810211b,CC=1C=C(CS(=O)(=O)CC(=O)NC(C)C=2C=CC(F)=CC2)ON1,6.084,O=C(CS(=O)(=O)Cc1ccno1)NCc1ccccc1
XS837214b,CC=1N=C(N=CC1C(=O)N(C)C(C)C2=CC=CS2)C=3C=CC=CC3,1.998,O=C(NCc1cccs1)c1cnc(-c2ccccc2)nc1
XS839977b,CC1=NOC(C)=C1C(C)CNC(=O)N2CC=3C=CC=CC3C4(CC4)C2,0.918,O=C(NCCc1cnoc1)N1Cc2ccccc2C2(CC2)C1
XS636875b,O=C(CNC(=O)C(SC=1C=CC=CC1)C=2C=CC=CC2)NC3CC3,1.46,O=C(CNC(=O)C(Sc1ccccc1)c1ccccc1)NC1CC1
XS798169b,COC=1C=CC(=CC1OC)C(=O)N2C=3C=CC=CC3NC(=O)CC2C,6.22,O=C1CCN(C(=O)c2ccccc2)c2ccccc2N1
XS846451a,CCN(CC1CN(CC=2C=CC=CC2C#N)CCO1)C=3C=CC=NN3,2.012,c1ccc(CN2CCOC(CNc3cccnn3)C2)cc1
XS846448a,CC1=NN=C2C=CC(=CN12)C(=O)N(C(C)C=3C=CC=CC3F)C4CC4,3.022,O=C(c1ccc2nncn2c1)N(Cc1ccccc1)C1CC1
XS836828b,CC(C(=O)N1CCCN(C)C=2C=CC(F)=CC21)N3CCSCC3,1.002,O=C(CN1CCSCC1)N1CCCNc2ccccc21
XS838812b,N#CC=1C=CC=C2C=C(C=NC12)OCC(=O)N3CCCC(C3)C(N)=O,1.226,O=C(COc1cnc2ccccc2c1)N1CCCCC1
XS838500b,CN1N=NN=C1C=2C=CC=CC2NC(=O)C3CC=4C=CC(Cl)=CC43,1.592,O=C(Nc1ccccc1-c1nnn[nH]1)C1Cc2ccccc21
DR000104c,CCC1=NC=CN1C2CCCN(C2)C(=O)C=3C=NN4C=CC(C)=NC34,3.124,O=C(c1cnn2cccnc12)N1CCCC(n2ccnc2)C1
XS837221b,CC(C(=O)N(C)C)S(=O)(=O)NC1=NOC(CC=2C=CC=CC2)=N1,2.09,c1ccc(Cc2ncno2)cc1
XS846449a,CC(NC=1C=CC(C#N)=CN1)C=2C=C(F)C=CC2N3CCC(O)CC3,1.966,c1ccc(NCc2ccccc2N2CCCCC2)nc1
XS846457a,CC=1SC(=NC1C(=O)N2CCCC(C2)N3C=CC=N3)C4=CC=CO4,4.414,O=C(c1csc(-c2ccco2)n1)N1CCCC(n2cccn2)C1
XS578994b,O=C(NC(C1=NC=CS1)C2CC2)N3CCN(CC3)C=4C=CC=CC4,8.328,O=C(NC(c1nccs1)C1CC1)N1CCN(c2ccccc2)CC1
XS838126b,COC(=O)C1=C(NS(=O)(=O)CC(C)OC)C=2C=CC=NC2N1C,2.32,c1cnc2[nH]ccc2c1
XS192423c,CN1C(=NC=2C=CC=CC21)C3CC(=O)N(C3)C=4C=CC=C5C=CC=CC45,7.476,O=C1CC(c2nc3ccccc3[nH]2)CN1c1cccc2ccccc12
XS842501b,COCC1(CCC1)S(=O)(=O)NC2COC=3C(=CC=CC3C2)OC,7.138,O=S(=O)(NC1COc2ccccc2C1)C1CCC1
XS837608b,COC(=O)C=1C=NC(=CC1C(F)(F)F)NC(CO)C=2C=NN(C)C2,1.202,c1ccc(NCc2cn[nH]c2)nc1
XS846456a,CCC1=NOC(=N1)C(C)N2CCN(CC2)C(=O)CC=3C=CC(C)=CC3,2.616,O=C(Cc1ccccc1)N1CCN(Cc2ncno2)CC1
XS828141b,COC=1C=CC(=C(C1)OC)C2CCCN2C3=NN4C=C(C)N=C4S3,2.256,c1ccc(C2CCCN2c2nn3ccnc3s2)cc1
XS567938b,CCC(CC)N1N=CC(C(=O)N2CC(C)OC=3C=C(C)C=CC32)=C1C,8.47,O=C(c1cn[nH]c1)N1CCOc2ccccc21
XS840765b,COCCNC(=O)NC1CCN(C1)C=2C=CC=CC2Br,1.4,c1ccc(N2CCCC2)cc1
XS846458a,CCN1C=NN=C1CNC(=O)C(C)OC=2C=C(Cl)C=C(Cl)C2,0.802,O=C(COc1ccccc1)NCc1nnc[nH]1
XS841543b,CC(NC(=O)CCN1C=CC=N1)C=2C=CC(=CC2)N3CCCOC3=O,0.956,O=C(CCn1cccn1)NCc1ccc(N2CCCOC2=O)cc1
XS842520b,CC(C)N1C=C2C=C(C=CC2=N1)NC(=O)NCC(C)C3=NC=CS3,1.148,O=C(NCCc1nccs1)Nc1ccc2n[nH]cc2c1
XS842645b,CN(CC(=O)NC(C)(C)C)C(=O)C1CSCN1C(=O)C(C)(C)C,3.272,C1CSCN1
XS846466a,CC1=CC=C(C(=O)NC(C)CCC=2C=CC(=CC2)OC(C)C)C(=O)N1,3.91,O=C(NCCCc1ccccc1)c1ccc[nH]c1=O
XS846461a,CC(=O)N1CCN(CC1)C(=O)C2CCCCN2CC3=CC=CC(C)=C3,3.96,O=C(C1CCCCN1Cc1ccccc1)N1CCNCC1
XS846471a,CN(CCCCN1C(=O)C=2C=CC=CC2C1=O)C3CCC=4C=CC=CC43,0.498,O=C1c2ccccc2C(=O)N1CCCCNC1CCc2ccccc21
XS840636b,CC1=NN=C(O1)C(C)NC=2C=CC(NC(=O)C3=CC=CO3)=C(Cl)C2,2.05,O=C(Nc1ccc(NCc2nnco2)cc1)c1ccco1
XS784675b,CC1=NNC(C)=C1C2COCCN2C(=O)CCC=3C=CC(Cl)=CC3,2.332,O=C(CCc1ccccc1)N1CCOCC1c1cn[nH]c1
XS487443b,O=C(CCOC=1C=CC=CC1F)N2CCCC(O)(CN3C=CN=N3)C2,11.062,O=C(CCOc1ccccc1)N1CCCC(Cn2ccnn2)C1
XS743241b,CCC(C)NC(=O)C=1C=CC(=CC1)NC(=O)CN2CCCCCC2=O,4.32,O=C(CN1CCCCCC1=O)Nc1ccccc1
XS846472a,CC1=CN=C(NC(=O)C=2CC(C(N)=O)N(N2)C=3C=CC(F)=CC3)S1,1.976,O=C(Nc1nccs1)C1=NN(c2ccccc2)CC1
XS837170b,O=S1(=O)CCC(C1)NCC2=CC=C(O2)C3=NC=4C=CC=CC4S3,1.292,O=S1(=O)CCC(NCc2ccc(-c3nc4ccccc4s3)o2)C1
XS840769b,CCS(=O)(=O)CCN1C=CC(=N1)NC2CCCCC=3C=CC=CC32,4.7,c1ccc2c(c1)CCCCC2Nc1cc[nH]n1
XS394916b,CC(=O)N1CC(OC=2C=CC=CC21)C(=O)NC=3C=CC=C4N=CC=CC34,3.104,O=C(Nc1cccc2ncccc12)C1CNc2ccccc2O1
XS840828b,CN(CC(=O)N1CCC(=N1)C=2C=CC=CC2)C3CCCC=4C=CC=CC43,0.632,O=C(CNC1CCCc2ccccc21)N1CCC(c2ccccc2)=N1
XS840746b,CCCC(=O)N1CSCC1C(=O)NCC2=CN3C(C)=CC=CC3=N2,2.546,O=C(NCc1cn2ccccc2n1)C1CSCN1
XS846470a,O=C(CC1COCCN1C(=O)C2=CNC=3N=CC=CC23)C=4C=CC=CC4,6.308,O=C(CC1COCCN1C(=O)c1c[nH]c2ncccc12)c1ccccc1
XS846468a,CC=1N=C(C)N(N1)C2CCCN(C2)C(=O)C3=CC(=NN3C)C(C)(C)C,3.722,O=C(c1ccn[nH]1)N1CCCC(n2cncn2)C1
XS616644b,COC=1C=CC(CNC(=O)NC(C)C=2C(C)=NN(C)C2C)=C(C1)OC,4.098,O=C(NCc1ccccc1)NCc1cn[nH]c1
XS846484a,CCC(=O)N1CCCC(C1)C(=O)NC=2C=C(OC)C(OC)=C(C2)OC,6.596,O=C(Nc1ccccc1)C1CCCNC1
XS838170b,CC1CCC=2C(=CSC2C1)C3=NC(=NO3)C(C)(C)NS(C)(=O)=O,2.536,c1noc(-c2csc3c2CCCC3)n1
XS846481a,CC(C=1C=CC(=CC1)S(C)(=O)=O)N(C)C(=O)NC=2C=CC=CC2F,12.23,O=C(NCc1ccccc1)Nc1ccccc1
XS719199b,O=S(=O)(NC1CCCN(C1)C=2N=CC=CN2)C=3C(F)=CC=CC3F,6.366,O=S(=O)(NC1CCCN(c2ncccn2)C1)c1ccccc1
XS846476a,CC=1C=CC=CC1OCCN(C)C(C)C(=O)NC=2C=CC=3OCOC3C2,0.71,O=C(CNCCOc1ccccc1)Nc1ccc2c(c1)OCO2
XS846486a,CCN1CCN(CC1)C=2C=CC(NC(C)C3=NC(=NO3)C4CC4)=C(C)C2,1.932,c1cc(N2CCNCC2)ccc1NCc1nc(C2CC2)no1
XS839435b,CC1=NC(C(=O)NC2CCC3=NN=NN3C2)=C(CC=4C=CC=CC4)S1,9.692,O=C(NC1CCc2nnnn2C1)c1ncsc1Cc1ccccc1
XS837503b,COC=1C=CC=2CCN(CC(C)C2C1)C(=O)N3CCCC=4C=CC=NC43,8.256,O=C(N1CCc2ccccc2CC1)N1CCCc2cccnc21
XS846477a,COC=1C=CC=C(C1)C2=NOC(=N2)C(C)NC(=O)CCCN3C=CC=C3,6.518,O=C(CCCn1cccc1)NCc1nc(-c2ccccc2)no1
XS782215b,O=C(NC(C=1C=CC(Cl)=CC1)C2CC2)C=3C=CC=CC3N4C=NN=N4,4.104,O=C(NC(c1ccccc1)C1CC1)c1ccccc1-n1cnnn1
XS837847b,CC1=NN(C)C(C)=C1C(C)C(=O)N2CCN(CC2)C3=NC(N)=NS3,0.628,O=C(Cc1cn[nH]c1)N1CCN(c2ncns2)CC1
XS846479a,CN1N=CC=2C(=CC=NC21)N3CC(COC=4C=CC=CC4)OC(C)(C)C3,4.11,c1ccc(OCC2CN(c3ccnc4[nH]ncc34)CCO2)cc1
XS836774b,O=C(NCCCOCC1CCCO1)N2CCN(CC2)C=3N=CC=CN3,0.852,O=C(NCCCOCC1CCCO1)N1CCN(c2ncccn2)CC1
XS713025b,COC=1C=CC(OC)=C(C1)C(C)NC(=O)C=2C=CC=NC2N3CCCC3,0.98,O=C(NCc1ccccc1)c1cccnc1N1CCCC1
XS846489a,O=C(CNC(=O)C=1C=CC(=CC1)OCC2CCCO2)NCC3=CC=CO3,0.78,O=C(CNC(=O)c1ccc(OCC2CCCO2)cc1)NCc1ccco1
XS839021b,COC=1C=CC=CC1C2=CC(=NO2)C(=O)N3C=4C=CC=CC4CC3C(=O)O,17.372,O=C(c1cc(-c2ccccc2)on1)N1CCc2ccccc21
XS846493a,CCN(CC)C(=O)C(NS(=O)(=O)C=1C=CC2=CC=CC=C2C1)C(C)C,2.134,c1ccc2ccccc2c1
XS846491a,O=C(CCN1CCCC1=O)OC2CCC=3NC=4C=CC(Cl)=CC4C3C2,7.62,O=C(CCN1CCCC1=O)OC1CCc2[nH]c3ccccc3c2C1
XS846488a,CCCC(C#N)NC(=O)C=1C=C(C)N=C2C1C=NN2CC=3C=CC(C)=CC3,0.61,c1ccc(Cn2ncc3cccnc32)cc1
XS760405b,CCN(C(=O)C=1C=CC(=CC1)OC=2C=CC=CC2)C3CCS(=O)(=O)C3,5.924,O=C(NC1CCS(=O)(=O)C1)c1ccc(Oc2ccccc2)cc1
XS846500a,COC=1C=C(C=C2OCCOC12)C(=O)N3CCCC(C3)C4=NC(C)=NO4,4.252,O=C(c1ccc2c(c1)OCCO2)N1CCCC(c2ncno2)C1
XS846492a,CC1=NN(C=2C=CC(Cl)=CC2)C=3SC(=CC13)C(=O)OC(C)C(N)=O,2.394,c1ccc(-n2ncc3ccsc32)cc1
XS841845b,CCCC(=O)N1CSCC1C(=O)N2CCN3CCOC=4C=CC=C2C43,9.962,O=C(C1CSCN1)N1CCN2CCOc3cccc1c32
XS837413b,CC(CNC(=O)C1=CC(=CNC1=O)C(F)(F)F)N2CCC=3C=CC=CC32,9.02,O=C(NCCN1CCc2ccccc21)c1ccc[nH]c1=O
XS846504a,CNC(=O)NC(=O)C(C)OC(=O)C=1C=CC=C(C1)OCC=2C(C)=NOC2C,12.656,c1ccc(OCc2cnoc2)cc1
XS838825b,CC=1C=CC=C(C1)COC(C)C(=O)NC=2C=CC=3C=NN(CC(=O)O)C3C2,4.316,O=C(COCc1ccccc1)Nc1ccc2cn[nH]c2c1
XS846514a,CCOC=1C=CC(=CC1)C2=NC(=CS2)C(=O)N3CCCC(C3)NC(C)=O,1.466,O=C(c1csc(-c2ccccc2)n1)N1CCCCC1
XS846502a,CC=1C=C(Cl)C=CC1OC(C)C(=O)NC=2C=CC=CC2N3CCCC3=O,2.23,O=C(COc1ccccc1)Nc1ccccc1N1CCCC1=O
XS846503a,CC=1OC=2N=CNC(=O)C2C1C(=O)NC(C)C=3C=CC(=CC3)S(C)(=O)=O,1.126,O=C(NCc1ccccc1)c1coc2nc[nH]c(=O)c12
XS837647b,O=C(N1CC=2C=NN(C=3N=CC=CN3)C2C1)N4C=5N=CC=CC5N6CCC4C6,8.078,O=C(N1Cc2cnn(-c3ncccn3)c2C1)N1c2ncccc2N2CCC1C2
UB028214b,CC=1C=CC=C(C1)CC(CO)NC(=O)C2=CNN=C2C=3C=CC=C(Cl)C3,1.238,O=C(NCCc1ccccc1)c1c[nH]nc1-c1ccccc1
XS846513a,O=C(NCC1(CC1)C=2C=CC(F)=CC2)C3CCCN(C3)C(=O)N4CCCC4,2.012,O=C(NCC1(c2ccccc2)CC1)C1CCCN(C(=O)N2CCCC2)C1
XS840817b,COC=1C=CC=C2C1CCCCN2CC(=O)N3CCCC(C3)C(F)(F)F,1.262,O=C(CN1CCCCc2ccccc21)N1CCCCC1
XS846511a,CC1=C(C=NN1C=2C=CC(F)=CC2)C(=O)NCC3COC=4C=CC=CC4O3,3.406,O=C(NCC1COc2ccccc2O1)c1cnn(-c2ccccc2)c1
XS846509a,COC=1C=CC(=CC1S(=O)(=O)N(C)C)C(=O)N2C=3C=CC=CC3CC2C,3.688,O=C(c1ccccc1)N1CCc2ccccc21
XS839700b,CC=1C=CC=C2C1NC(=O)C23C(C#N)=C(N)OC=4C=5C=CC=CC5OC(=O)C43,1.972,O=C1Nc2ccccc2C12C=COc1c2c(=O)oc2ccccc12
XS846507a,CCOC=1C=CC(=CC1)C(C)NC(=O)C=2C=C(C)N=C3C2C=NN3C(C)C,2.74,O=C(NCc1ccccc1)c1ccnc2[nH]ncc12
XS846506a,CC1=NC(CN2CCOCC2C=3C(C)=NN(CC=4C=CC=CC4)C3C)=NO1,0.392,c1ccc(Cn2cc(C3COCCN3Cc3ncon3)cn2)cc1
XS841536b,CC=1OC=NC1C(=O)N2CCC3(C2)CCCN(C3)C=4N=C(C)N=C(C)C4C,0.848,O=C(c1cocn1)N1CCC2(CCCN(c3ccncn3)C2)C1
XS759456b,CC1=CC(C)=CC(=C1)OCC(=O)N(CC=2C=CC=CC2)C3CCS(=O)(=O)C3,1.478,O=C(COc1ccccc1)N(Cc1ccccc1)C1CCS(=O)(=O)C1
XS846516a,CC=1C=CC=CC1N2CCN(CC(=O)NCC3COC=4C=CC=CC4O3)CC2,1.086,O=C(CN1CCN(c2ccccc2)CC1)NCC1COc2ccccc2O1
XS846523a,COC=1C=CC=CC1C=2CC(C=3C=CC=CC3Cl)N(N2)C(=O)CCC(=O)O,2.938,c1ccc(C2=NNC(c3ccccc3)C2)cc1
XS837089b,CC(N1CCN(CC1)S(=O)(=O)CC=2C=C(Cl)C=CC2F)C(F)(F)F,5.856,O=S(=O)(Cc1ccccc1)N1CCNCC1
XS822139b,CC1=CSC2=NC(=CC(=O)N12)CN3CCCC3C=4C=CC=5OCCOC5C4,3.228,O=c1cc(CN2CCCC2c2ccc3c(c2)OCCO3)nc2sccn12
XS548504b,CC(NC(=O)C=1C=CN(N1)C=2C=CC(F)=CC2)C=3C=CC=4NC(=O)CCC4C3,2.11,O=C1CCc2cc(CNC(=O)c3ccn(-c4ccccc4)n3)ccc2N1
XS846525a,CC=1C=C(N=C(N1)C=2C=CN=CC2)N3CCCC(C3)C(=O)N4CCC(C)CC4,1.208,O=C(C1CCCN(c2ccnc(-c3ccncc3)n2)C1)N1CCCCC1
XS073732b,O=C(CNC=1C=CC=CC1Cl)N(C=2C=CC=CC2)C3CCS(=O)(=O)C3,8.556,O=C(CNc1ccccc1)N(c1ccccc1)C1CCS(=O)(=O)C1
XS479754b,CCOC(=O)C1CCCN(C1)C(=O)CC=2SC(C)=NC2C=3C=CC(C)=CC3,1.396,O=C(Cc1scnc1-c1ccccc1)N1CCCCC1
XS836928b,CC1CCCCN1C(=O)CN2C=C(C#N)C(=O)C=3C=C(Br)C=CC32,2.468,O=C(Cn1ccc(=O)c2ccccc21)N1CCCCC1
XS846522a,O=C(CN1C(=O)C=NC=2C=CC=CC21)NC(C=3C=CC(F)=CC3)C4CCCC4,3.356,O=C(Cn1c(=O)cnc2ccccc21)NC(c1ccccc1)C1CCCC1
XS565417b,CC=1C=CC=CC1C2=NC(CN(C)C3CCN(CC=4C=CC=CC4)C3=O)=NO2,2.76,O=C1C(NCc2noc(-c3ccccc3)n2)CCN1Cc1ccccc1
XS846529a,CS(=O)(=O)CC1=CC=C(O1)C(=O)N2CCCCC2CCCC=3C=CC=CC3,8.788,O=C(c1ccco1)N1CCCCC1CCCc1ccccc1
XS836707b,COC=1C=NN2CCN(CC12)C(=O)NC(C)C=3C=NN(C3C)C=4C=CC(F)=CC4,1.744,O=C(NCc1cnn(-c2ccccc2)c1)N1CCn2nccc2C1
XS846537a,CC(NC(=O)C1CC1)C(=O)NCC2=CN(N=C2C=3C=CC=CC3)C=4C=CC=CC4,14.166,O=C(CNC(=O)C1CC1)NCc1cn(-c2ccccc2)nc1-c1ccccc1
XS837901b,CC(NC(=O)CCC1=CC=C(N1)C=2C=CC=CC2)C=3C=CC=C(C3)S(N)(=O)=O,0.496,O=C(CCc1ccc(-c2ccccc2)[nH]1)NCc1ccccc1
XS841387b,O=C(NC(CC1=NC=CN1C(F)F)C=2C=CC=CC2)C3=CN=C4CCCCCN34,2.274,O=C(NC(Cc1ncc[nH]1)c1ccccc1)c1cnc2n1CCCCC2
XS706875b,COC=1C=CC=CC1N2CC(CC2=O)C(=O)NC(C)(C)C=3C=CC=4OCOC4C3,2.75,O=C(NCc1ccc2c(c1)OCO2)C1CC(=O)N(c2ccccc2)C1
XS841533b,COC=1C=CC2=NC=CC=C2C1C(=O)NC3CCOC43CCS(=O)(=O)CC4,2.392,O=C(NC1CCOC12CCS(=O)(=O)CC2)c1cccc2ncccc12
XS846536a,O=C(NCC(C1=CC=CS1)N2CCOCC2)C=3C=CC(Br)=CC3,2.874,O=C(NCC(c1cccs1)N1CCOCC1)c1ccccc1
XS846530a,CC(CC1=NC(=NO1)C=2C=CC=CC2)NC(=O)N3CCC=4C(=O)N(C)C=NC4C3,8.178,O=C(NCCc1nc(-c2ccccc2)no1)N1CCc2c(nc[nH]c2=O)C1
XS846532a,CCOC=1C=CC=2C=C(NC2C1)C(=O)N3CCCC(CNC(=O)C4=CC=CO4)C3,3.852,O=C(NCC1CCCN(C(=O)c2cc3ccccc3[nH]2)C1)c1ccco1
XS397897b,CC1CC(=O)NC=2C=CC=CC2N1C(=O)CN3N=NC(=N3)C=4C=CC=CC4Cl,2.534,O=C1CCN(C(=O)Cn2nnc(-c3ccccc3)n2)c2ccccc2N1
XS846535a,CC(NC(=O)C=1C=CC(=CC1)N2C(=O)CCC2=O)C=3C=CC(Cl)=CC3Cl,15.636,O=C(NCc1ccccc1)c1ccc(N2C(=O)CCC2=O)cc1
XS846539a,COC=1C=CC=CC1OCC(=O)N(CC2=CC=CS2)C3CCS(=O)(=O)C3,7.128,O=C(COc1ccccc1)N(Cc1cccs1)C1CCS(=O)(=O)C1
XS846527a,COC=1C=CC(=CC1)C=2NC=3C=CC=CC3C2CCC(=O)N4CCNC(=O)C4C,3.456,O=C1CN(C(=O)CCc2c(-c3ccccc3)[nH]c3ccccc23)CCN1
XS846533a,CCC(NC(=O)CCC1=NC=C(O1)C=2C=CC(Cl)=CC2)C=3C=CC(=CC3)OC,2.33,O=C(CCc1ncc(-c2ccccc2)o1)NCc1ccccc1
XS546908b,CN1N=CC2=C1CCCC2NC=3C=NN(C(=O)C3Cl)C=4C=CC(F)=CC4F,4.99,O=c1cc(NC2CCCc3[nH]ncc32)cnn1-c1ccccc1
XS846538a,COC=1C=C(C=CC1OCC2CCCO2)CNC(=O)C=3C=CC(Cl)=CC3F,1.686,O=C(NCc1ccc(OCC2CCCO2)cc1)c1ccccc1
XS846545a,CN(CC=1C=CC=C(C#N)C1)C(=O)C2CC(=O)N(CC=3C=CC=C(C3)C(F)(F)F)C2,5.762,O=C(NCc1ccccc1)C1CC(=O)N(Cc2ccccc2)C1
XS841541b,COC=1C=CC=CC1NC(=O)C2=C(C)NC(=O)NC2C=3C=CC=4N=C(C)SC4C3,5.724,O=C1NC=C(C(=O)Nc2ccccc2)C(c2ccc3ncsc3c2)N1
XS388410b,CC(C)(CNC(=O)C1CCCN(C1)C=2C=NC=CN2)C=3C=CC(Br)=CC3,3.19,O=C(NCCc1ccccc1)C1CCCN(c2cnccn2)C1
XS846546a,CC=1C=CC(=CC1)NC(=O)C(C=2C=CC=CC2)N3CCN(CC3)C(=O)C4=CC=CO4,2.292,O=C(Nc1ccccc1)C(c1ccccc1)N1CCN(C(=O)c2ccco2)CC1
XS846542a,O=C1NC(CN(CC=2C=CC(=CC2)C(F)(F)F)CC3CCCO3)=NC=4C=CC=CC14,1.81,O=c1[nH]c(CN(Cc2ccccc2)CC2CCCO2)nc2ccccc12
XS837834b,O=C(O)CC(NC(=O)CCN1N=C2C=CC=CN2C1=O)C=3C=CC4=CC=CC=C4C3,1.462,O=C(CCn1nc2ccccn2c1=O)NCc1ccc2ccccc2c1
XS846550a,CC1=C(NC=2C=C(Cl)C=C(Cl)C12)C(=O)N(CC=3C=CC=CC3)CC(O)CO,3.92,O=C(NCc1ccccc1)c1cc2ccccc2[nH]1
XS179297b,CN1C=CN=C1C(NC(=O)CCC2=NN=C(O2)C=3C=CC=CC3)C=4C=CC(Cl)=CC4,6.892,O=C(CCc1nnc(-c2ccccc2)o1)NC(c1ccccc1)c1ncc[nH]1
XS846548a,COC=1C=CC(OC)=C(C1)C2NC(=O)NC(C)=C2C(=O)NC=3C=CC=C(Cl)C3,1.034,O=C1NC=C(C(=O)Nc2ccccc2)C(c2ccccc2)N1
XS846549a,CN(CCCOC=1C=CC(F)=CC1)C(=O)C2CCCN(C2)C(=O)CC=3C=CC=CC3,6.392,O=C(NCCCOc1ccccc1)C1CCCN(C(=O)Cc2ccccc2)C1
XS841002b,FC(F)(F)C=1C=CC2=NN=C(C3CCCN(C3)C4=NN=NN4C=5C=CC=CC5)N2C1,3.474,c1ccc(-n2nnnc2N2CCCC(c3nnc4ccccn34)C2)cc1
XS846541a,CSC=1C=CC(=CC1)CN(C)C(=O)CN2CCCC(C2)C(=O)NC=3C=CC=CC3,3.326,O=C(CN1CCCC(C(=O)Nc2ccccc2)C1)NCc1ccccc1
XS838194b,O=C(CC1=CSC(CC=2C=CC(F)=CC2)=N1)NC3CCOC4(CCCCC4)C3,14.724,O=C(Cc1csc(Cc2ccccc2)n1)NC1CCOC2(CCCCC2)C1
XS846544a,CC1=NN(CC(C)C)C=2SC(=CC12)C(=O)NC(C)C=3C=CC(=CC3)S(N)(=O)=O,5.25,O=C(NCc1ccccc1)c1cc2cn[nH]c2s1
XS846560a,COC(=O)C1=CC=C(N1)C(=O)N2CCOCC2C=3C(C)=NN(C3C)C=4C=CC=CC4F,3.384,O=C(c1ccc[nH]1)N1CCOCC1c1cnn(-c2ccccc2)c1
XS846557a,CC(=O)N1N=C(CC1C2=CC=C(C)O2)C=3C=CC=C(C3)NS(=O)(=O)C=4C=CC=CC4,2.272,O=S(=O)(Nc1cccc(C2=NNC(c3ccco3)C2)c1)c1ccccc1
XS840379b,CC(C)N1N=CC=C1NC(=O)C(C)OC(=O)C=2C=CC=C(C2)S(=O)(=O)N3CCCC3,1.644,O=C(COC(=O)c1cccc(S(=O)(=O)N2CCCC2)c1)Nc1ccn[nH]1
XS841018b,CN1C=CC(=C1)C(=O)NC=2C=CC=CC2N3CCN(CC3)C(=O)C(F)C4(O)CCCC4,2.818,O=C(Nc1ccccc1N1CCN(C(=O)CC2CCCC2)CC1)c1cc[nH]c1
XS620532b,COC=1C=CC=CC1N2CCC(C2=O)N3CCCN(CC3)C(=O)C=4C=CC(Cl)=CC4,0.326,O=C(c1ccccc1)N1CCCN(C2CCN(c3ccccc3)C2=O)CC1
XS846561a,O=C(NC1CCN(CC=2C=CC(Cl)=CC2)CC1)C3CN(CCO3)S(=O)(=O)C=4C=CC=CC4Cl,1.036,O=C(NC1CCN(Cc2ccccc2)CC1)C1CN(S(=O)(=O)c2ccccc2)CCO1
XS846566a,O=C(CN1CCN(CC1)C=2C=CC=CN2)N3N=C(CC3C4=CC=CS4)C5=CC=CS5,0.994,O=C(CN1CCN(c2ccccn2)CC1)N1N=C(c2cccs2)CC1c1cccs1
XS846556a,CC=1C=CC2=NC=CC=C2C1S(=O)(=O)N3CCNC(=O)C3C=4C=CC(=CC4)C(F)(F)F,6.102,O=C1NCCN(S(=O)(=O)c2cccc3ncccc23)C1c1ccccc1
XS846559a,CC(C)CN1C(=NN=C1C2=CC=CO2)SC3CCCCN(C(=O)C=4C=CC(F)=CC4)C3=O,8.836,O=C(c1ccccc1)N1CCCCC(Sc2nnc(-c3ccco3)[nH]2)C1=O
XS838742b,CC=1N=C2C=CC=C(C(=O)N3CCN(C(=O)C4=CC=5OC=CC5N4C)C(C3)C6CC6)N2N1,0.338,O=C(c1cccc2ncnn12)N1CCN(C(=O)c2cc3occc3[nH]2)C(C2CC2)C1
XS838203b,CCCCN1C(=O)N(C)C(=O)C2=C1NC(=O)C2CC(=O)NC=3C=CC(OC)=C(C3)OC,14.722,O=C(CC1C(=O)Nc2[nH]c(=O)[nH]c(=O)c21)Nc1ccccc1
XS840017b,COC=1C=CC(=CC1)S(=O)(=O)CC(C)C(=O)N(CC2=CC=CO2)CC=3C=CC(O)=CC3,4.472,O=C(CCS(=O)(=O)c1ccccc1)N(Cc1ccccc1)Cc1ccco1
XS846553a,CCOC=1C=CC=CC1N2CC(CC2=O)C3=NC=4C=CC=CC4N3CC=5C=CC(F)=CC5,3.646,O=C1CC(c2nc3ccccc3n2Cc2ccccc2)CN1c1ccccc1
XS328355c,COC=1C=CC(C=2NC=3C=CC=CC3C2CCC(=O)N4CCCC(C4)C(N)=O)=C(C1)OC,1.084,O=C(CCc1c(-c2ccccc2)[nH]c2ccccc12)N1CCCCC1
XS846580a,CNC(=O)NC(=O)C(C)NC=1C=CC=C(C)C1,8.082,c1ccccc1
XS846578a,CC(NC=1N=CC=CN1)C=2C=CC(C#N)=CC2,0.708,c1ccc(CNc2ncccn2)cc1
XS846573a,CC=1C=CC=CC1NC(=O)C2CSCN2,2.6,O=C(Nc1ccccc1)C1CSCN1
XS839857b,CCOC(=O)C1CCCC=2SC(=O)N(C)C21,1.454,O=c1[nH]c2c(s1)CCCC2
XS846576a,CC(OC=1C=CC=CC1)C(=O)N2CCNC(=O)C2,7.666,O=C1CN(C(=O)COc2ccccc2)CCN1
XS846569a,O=C(NC=1C=CC=CC1)N2CCCC(O)C2,3.334,O=C(Nc1ccccc1)N1CCCCC1
XS841820b,CCN(C(=O)C1CC=2C=CC=CC2S1)C3CC3,2.574,O=C(NC1CC1)C1Cc2ccccc2S1
XS838123b,CC1(CC=CCC1)C(=O)N2CC3(C2)CCCOC3,0.882,O=C(C1CC=CCC1)N1CC2(CCCOC2)C1
XS841788b,CC1CN(C2=NC(=CO2)C(=O)O)C=3C=CC=CC31,0.382,c1ccc2c(c1)CCN2c1ncco1
XS837207b,O=C1NCCC1N2C=C(N=N2)C=3C=CSC3,2.5,O=C1NCCC1n1cc(-c2ccsc2)nn1
XS838549b,CCC1=NC=CN1CC2(O)CCCOC2,0.678,c1cn(CC2CCCOC2)cn1
XS846571a,O=C(NC=1C=CC=CC1)C2CCS(=O)(=O)C2,18.476,O=C(Nc1ccccc1)C1CCS(=O)(=O)C1
XS837265b,CC1=NC(C#N)=C(NC(C)C=2C=CC=CC2)O1,0.626,c1ccc(CNc2cnco2)cc1
XS846581a,CC(CN1C=CC=N1)NC2=NC=3C=CC=CC3O2,1.222,c1ccc2oc(NCCn3cccn3)nc2c1
XS841188b,O=C1CCC(C(=O)N1)N2C=C(Br)C=N2,16.944,O=C1CCC(n2cccn2)C(=O)N1
XS836514b,CC1(C)CN(CC2(CCOC2)O1)C(=O)CC(F)F,3.246,C1COC2(CCOC2)CN1
XS846588a,CC=1C=NN(C1)C(C)(CC=2C=CC(F)=CC2)C(=O)O,1.616,c1ccc(CCn2cccn2)cc1
XS842449b,CCC1CN(CC2=NN=C3COCCN23)CCS1,1.77,C1Cn2c(nnc2CN2CCSCC2)CO1
XS838121b,CC1CC2(CCC2)CN1C3=NN=C(S3)C(F)F,3.45,c1nnc(N2CCC3(CCC3)C2)s1
XS846585a,CC1CSCCN1C(=O)C=2C=C3OCCN3N2,2.906,O=C(c1cc2n(n1)CCO2)N1CCSCC1
XS846586a,CC(NC=1N=CN=C2C1C=NN2C)C=3C=CC(F)=CC3,5.234,c1ccc(CNc2ncnc3[nH]ncc23)cc1
XS839135b,CC1=NNC(CC(=O)N2CC=3C=CC=CC3CC2C)=N1,1.07,O=C(Cc1ncn[nH]1)N1CCc2ccccc2C1
XS841757b,CC(NC=1C=CC=C2C=CNC12)C=3C=CC(C#N)=CC3,1.792,c1ccc(CNc2cccc3cc[nH]c23)cc1
XS846593a,CCCC(C)NC(=O)C=1C=CC=C(C1)N2C=CC(C)=N2,1.242,c1ccc(-n2cccn2)cc1
XS837537b,CCC1CC=NN1C=2N=CC(=CC2Cl)C(=O)OC,2.264,C1=NN(c2ccccn2)CC1
XS837197b,CC1C(=O)N(C)CN1CC=2C=NC=C3C=CC=CC23,2.098,O=C1CN(Cc2cncc3ccccc23)CN1
XS838238b,CC1N(C)C=2C=C(C=C(C2C1(C)C)[N+]([O-])=O)[N+]([O-])=O,1.098,c1ccc2c(c1)CCN2
XS846587a,CC(C)NC(=O)C1CC(=O)N(CC=2C=CC=CC2)C1,0.688,O=C1CCCN1Cc1ccccc1
XS840218b,COC=1C=CC(=NC1)N(C)C(=O)C2CCCOCC2,0.572,O=C(Nc1ccccn1)C1CCCOCC1
XS838224b,CC(COC=1C=CC=CC1)OC(=O)CC=2C=NC=NC2,0.65,O=C(Cc1cncnc1)OCCOc1ccccc1
XS842539b,CC1=CC(=O)N2N=C(NCC3CCOC3)SC2=N1,1.7,O=c1ccnc2sc(NCC3CCOC3)nn12
XS760238b,CC1=NN2CC(CCC2=N1)NC=3N=CC=CC3C#N,3.536,c1ccc(NC2CCc3ncnn3C2)nc1
XS840854b,O=C(CN(CC1=CC=CO1)C2CC2)NCC3CCCO3,3.456,O=C(CN(Cc1ccco1)C1CC1)NCC1CCCO1
XS846600a,COC=1C=CC=C(C1)CN(C)C(=O)C(C)N2C=NC=N2,5.156,O=C(Cn1cncn1)NCc1ccccc1
XS838974b,COC=1C=CC(=CC1)CC(C)N(C)C=2C=CC(F)=NN2,1.816,c1ccc(CCNc2cccnn2)cc1
XS535719b,COC1CCCCN(CC(=O)NC2=NC=NN2C)C1=O,1.054,O=C(CN1CCCCCC1=O)Nc1ncn[nH]1
XS838393b,C1=CC=2CCC(NC=3C=NC=C(N3)N4C=NC=N4)C2S1,1.24,c1ncn(-c2cncc(NC3CCc4ccsc43)n2)n1
XS846598a,CN1C=C(C=N1)S(=O)(=O)N2CCCC2C3=CC=CO3,20.232,O=S(=O)(c1cn[nH]c1)N1CCCC1c1ccco1
XS846596a,CC=1C=NN(C1)C2CN(C2)C(C)C3=NC(=NO3)C4CC4,3.06,c1cnn(C2CN(Cc3nc(C4CC4)no3)C2)c1
XS756607b,CC1=NOC(CN2CCNC(=O)CC2C=3C=CC=CC3)=N1,1.164,O=C1CC(c2ccccc2)N(Cc2ncno2)CCN1
XS839442b,CC1CN2N=CC=C2CN1C(=O)C=3N=CN=C4NC=CC34,4.12,O=C(c1ncnc2[nH]ccc12)N1CCn2nccc2C1
XS836477b,COC1=NN=C(NC(=O)N2CC(C)(C)C2C(C)C)S1,8.62,O=C(Nc1nncs1)N1CCC1
XS846601a,CC(NC(=O)NC=1C=CC(Cl)=CC1)C=2C=CC=NC2,2.914,O=C(NCc1cccnc1)Nc1ccccc1
XS839261b,CC1=CC(=O)OC(=C1)CNC(C(F)F)C2CCCCC2,0.59,O=c1cccc(CNCC2CCCCC2)o1
XS842188b,CN1C(=O)OC=2C=C(NC(=O)C3CC43CC4)C(F)=CC21,2.2,O=C(Nc1ccc2[nH]c(=O)oc2c1)C1CC12CC2
XS839869b,COC=1C=CC=CC1CNC(C)CN2N=C(C)OC2=O,3.068,O=c1ocnn1CCNCc1ccccc1
XS846594a,CC1=NN2CC(CCC2=N1)NC=3N=CN=C4C=CSC34,5.44,c1nc(NC2CCc3ncnn3C2)c2sccc2n1
XS846597a,O=C(C=1C=CC=2NC=CC2C1)N3CCCC3C4CCCC4,1.706,O=C(c1ccc2[nH]ccc2c1)N1CCCC1C1CCCC1
XS582468b,O=C(CN1N=NC(=N1)C=2C=CC=CC2)NCC3CCCO3,0.668,O=C(Cn1nnc(-c2ccccc2)n1)NCC1CCCO1
XS841248b,CS(=O)(=O)NC1CCN(CC#CC=2C=CC(F)=CC2)C1,0.808,C(#Cc1ccccc1)CN1CCCC1
XS719579b,CC(SC=1C=CC=2OCCCOC2C1)C(=O)NC3CC3,2.654,O=C(CSc1ccc2c(c1)OCCCO2)NC1CC1
XS846604a,CC1=NC(C)=C(O1)C(=O)N2CCC=3C=C(F)C=CC3C2C,4.318,O=C(c1cnco1)N1CCc2ccccc2C1
XS846609a,CCN(CC1=CC=CS1)C(=O)NC2CCCCNC2=O,2.752,O=C(NCc1cccs1)NC1CCCCNC1=O
XS846610a,CCOC=1N=CC=CC1NC(=O)NC2CCCCNC2=O,13.188,O=C(Nc1cccnc1)NC1CCCCNC1=O
XS073085b,CC1=CN=C(NC(=O)C(C)OC=2C=CC(C#N)=CC2)S1,6.814,O=C(COc1ccccc1)Nc1nccs1
XS841656b,CC=1C=C(NC(=O)NC(C)C2=CSC(=N2)C3CC3)ON1,0.532,O=C(NCc1csc(C2CC2)n1)Nc1ccno1
XS846608a,CC1=C(C=NN1C)C(C)NC(=O)CC2=CNC=3C=CC=CC23,0.968,O=C(Cc1c[nH]c2ccccc12)NCc1cn[nH]c1
XS846603a,CCC1=NC=C(S1)C(=O)N2CCCC(C2)N3C=CN=C3,2.954,O=C(c1cncs1)N1CCCC(n2ccnc2)C1
XS838795b,CC1COCCN1C=2C=CC(C(=O)O)=C(N2)C(F)(F)F,3.696,c1ccc(N2CCOCC2)nc1
XS841948b,O=C(CNC1(CC1)C2CCOC2)NC=3C=C(F)C=C(F)C3,4.174,O=C(CNC1(C2CCOC2)CC1)Nc1ccccc1
XS747560b,CC1(CCN(C1)C(=O)C=2C=C3CCCN3N2)C=4C=CC=CC4,4.916,O=C(c1cc2n(n1)CCC2)N1CCC(c2ccccc2)C1
XS841894b,CC(C(=O)N1CC=2C=CC(O)=CC2C3(CC3)C1)N4C=CC=N4,1.654,O=C(Cn1cccn1)N1Cc2ccccc2C2(CC2)C1
XS838541b,COCCN(C(=O)C#CC=1C=CC(=CC1)OC)C(C)COC,4.814,c1ccccc1
XS846616a,CC(SC=1N=CC=CN1)C(=O)NC=2C=CC(=CC2)C(N)=O,1.712,O=C(CSc1ncccn1)Nc1ccccc1
XS846615a,CCN1N=C(CCC1=O)C(=O)NC2CCC=3C=CC=CC3C2,2.036,O=C1CCC(C(=O)NC2CCc3ccccc3C2)=NN1
XS846614a,CC1=CSC(=N1)C2CCCCN2C(=O)C=3C=CN=C(C)N3,1.242,O=C(c1ccncn1)N1CCCCC1c1nccs1
XS836517b,CC(NC(=O)CN1N=CC(=O)C=2C=CC=CC21)C=3N=NNN3,1.032,O=C(Cn1ncc(=O)c2ccccc21)NCc1nn[nH]n1
XS594423b,CC=1C=CC(=CC1)CC(C)N(C)C(=O)C2=CC=C(O2)C(=O)O,0.63,O=C(NCCc1ccccc1)c1ccco1
XS846617a,CSC=1N=C(C=C(C(=O)OC(C)C(N)=O)C1C#N)C2CC2,1.15,c1ccc(C2CC2)nc1
XS846622a,O=C(NCC1CCCCC1)C2CC(=NO2)C=3C=CC=C(F)C3,1.008,O=C(NCC1CCCCC1)C1CC(c2ccccc2)=NO1
XS591197b,O=C(NC1CCCNC1=O)C=2C=CC=C(C2)NC(=O)C3CC3,2.326,O=C(NC1CCCNC1=O)c1cccc(NC(=O)C2CC2)c1
XS846620a,FC=1C=CC=C(C1)C2=NOC(=N2)C3(CCNC3)C(F)(F)F,2.61,c1ccc(-c2noc(C3CCNC3)n2)cc1
XS846619a,O=C(C1=CC=CO1)N2CCCC2C3=NC=4C=CC=CC4S3,14.622,O=C(c1ccco1)N1CCCC1c1nc2ccccc2s1
XS601819b,CCN(CC1=CC=CS1)C(=O)C2=CNN=C2C3CCOC3,1.47,O=C(NCc1cccs1)c1c[nH]nc1C1CCOC1
XS846624a,CCN(CC1=NC(=NO1)C=2C=CC(C)=C(F)C2)CC(C)C#N,3.284,c1ccc(-c2ncon2)cc1
XS837130b,CC(C)(C)OC(=O)CC(C#N)C=1C=CC(Cl)=CC1Cl,0.95,c1ccccc1
XS840651b,COCC1=NC(=CS1)C(=O)N2C=3C=CC=CC3OCC2C,5.102,O=C(c1cscn1)N1CCOc2ccccc21
XS846613a,NC(=O)C1CCCCN1CC2=NC(=NO2)C=3C=CC(F)=CC3,3.386,c1ccc(-c2noc(CN3CCCCC3)n2)cc1
XS820576b,CC1=CC=C(O1)C2=NC(=CS2)C(=O)NC(C)C=3C=CN=CC3,5.672,O=C(NCc1ccncc1)c1csc(-c2ccco2)n1
XS846627a,CC1(CCCN(C1)C(=O)C=2C=C(ON2)C3CC3)C=4C=CC=CC4,8.16,O=C(c1cc(C2CC2)on1)N1CCCC(c2ccccc2)C1
XS846636a,CCCN1C(=O)C=2C=CC=CC2NC1C=3C=CC(O)=C(C3)OC,1.198,O=C1NC(c2ccccc2)Nc2ccccc21
XS846626a,CC=1C=C(C)C=C(C1)C(C)NC(=O)C=2C(=O)N(C)N=C(C)C2C,2.978,O=C(NCc1ccccc1)c1ccn[nH]c1=O
XS846631a,CC=1C=C2OC=C(CC(=O)NC(C)C=3C=CC=CN3)C2=CC1C,15.592,O=C(Cc1coc2ccccc12)NCc1ccccn1
XS846635a,CN(C(=O)NC1CCCC1)C(C=2C=CC=CC2)C=3C=CC=CN3,3.0,O=C(NC1CCCC1)NC(c1ccccc1)c1ccccn1
XS794253b,O=C(C1CC=2C=CC=CC2C(=O)O1)N(CC3=CC=CO3)C4CC4,7.218,O=C1OC(C(=O)N(Cc2ccco2)C2CC2)Cc2ccccc21
XS838524b,CN(CC=1C=CN=C(C1)C=2N=NNN2)C3CCC=4C=CC=CC43,2.556,c1ccc2c(c1)CCC2NCc1ccnc(-c2nn[nH]n2)c1
XS836483b,COC(CCO)CNS(=O)(=O)C=1C=CC2=C(C=CN2C)C1,1.928,c1ccc2[nH]ccc2c1
XS797857b,CC=1N=C2C=CC(=CC2=NC1C)C(=O)OC(C)C(=O)NC3CC3,4.444,O=C(COC(=O)c1ccc2nccnc2c1)NC1CC1
XS840639b,CCOC=1N=CC(=CC1Cl)C(=O)NC(C)C2=NC=CS2,8.404,O=C(NCc1nccs1)c1cccnc1
XS730137b,CNCC1CCN(C1)C(=O)C=2C(F)=CC=CC2Br,0.408,O=C(c1ccccc1)N1CCCC1
XS431524b,COC=1C=CC(=CC1)CC(=O)NC(CC(=O)O)C=2C=CC=CC2,0.722,O=C(Cc1ccccc1)NCc1ccccc1
XS846634a,CC1=C(OC=2C=CC(Cl)=CC12)C(=O)N3CCC(C3)C(N)=O,1.434,O=C(c1cc2ccccc2o1)N1CCCC1
XS784132b,CNC(=O)C1CCCCN1C(=O)CC=2C=CC=C3C=CC=NC23,0.762,O=C(Cc1cccc2cccnc12)N1CCCCC1
XS846629a,O=C(C=1C=CC(=CC1)C2=NC=NN2)N3CCOC(C3)C(F)F,0.686,O=C(c1ccc(-c2ncn[nH]2)cc1)N1CCOCC1
XS839293b,COC(=O)C1=CC=C(CC2NC(=O)C3(CCCC3)NC2=O)O1,3.808,O=C1NC2(CCCC2)C(=O)NC1Cc1ccco1
XS635352b,CCCC=1C=C(NC2CCC3=NC(C)=NN3C2)N4N=CN=C4N1,1.336,c1cc(NC2CCc3ncnn3C2)n2ncnc2n1
XS846632a,CC(CNC(=O)C1=NNC(=O)C=2C=CC=CC12)C=3C=CC=CC3,3.81,O=C(NCCc1ccccc1)c1n[nH]c(=O)c2ccccc12
XS837571b,CC1=NC(CN(C)C(C=2C=CC(Cl)=CC2)C(F)(F)F)=NO1,8.254,c1ccc(CNCc2ncon2)cc1
XS846645a,CCC=1C=CC(=CC1)C2=CSC(=N2)NC(=O)C(C)NC(C)=O,3.824,c1ccc(-c2cscn2)cc1
XS840585b,CS(=O)(=O)CCC(N)C(=O)N1CCC2(CCCCC2)CC1,2.906,C1CCC2(CC1)CCNCC2
XS839602b,CC=1N=C(N=C2SC(N)=NC12)N3CCCC4(CCC(=O)N4)C3,1.602,O=C1CCC2(CCCN(c3ncc4ncsc4n3)C2)N1
XS840626b,COC(=O)C(CNC(=O)NC=1C=NNC1)CC=2C=CC=C(C)C2,1.392,O=C(NCCCc1ccccc1)Nc1cn[nH]c1
XS147247e,O=C(O)C=1SC(=CC1NC(=O)C2CCCO2)C=3C=CC=CC3,5.456,O=C(Nc1csc(-c2ccccc2)c1)C1CCCO1
XS846646a,CCN1C(=O)C=2C=CC=CC2NC1C=3C=C4C=CC=CC4=NC3O,2.928,O=C1NC(c2cnc3ccccc3c2)Nc2ccccc21
XS846647a,CC1=CC=C(CN(C)CC(=O)NC(C)C=2C=CC(C)=C(C)C2)O1,0.74,O=C(CNCc1ccco1)NCc1ccccc1
XS846642a,CC=1C=C(F)C=CC1NC(=O)NCC(C2=CC=NN2C)C(C)C,0.726,O=C(NCCc1ccn[nH]1)Nc1ccccc1
XS846649a,CCC(=O)N1CCCC(C1)C(=O)NC=2C=CC(F)=C(F)C2F,0.99,O=C(Nc1ccccc1)C1CCCNC1
XS846643a,CC=1C=CC=CC1C(=O)OC(C)C(=O)NC2(C#N)CCCCC2,1.776,O=C(COC(=O)c1ccccc1)NC1CCCCC1
XS846639a,O=C(CN1CCCCC1CN2C=NC=N2)NCC3=CC=CS3,1.498,O=C(CN1CCCCC1Cn1cncn1)NCc1cccs1
XS811886b,COC=1C=CC=C(C1)C(=O)OC(C)C(=O)NCC2CCCCC2,4.06,O=C(COC(=O)c1ccccc1)NCC1CCCCC1
XS846638a,CC1=CSC(=N1)C2CCCCN2C(=O)COC=3C=CC=CC3,1.622,O=C(COc1ccccc1)N1CCCCC1c1nccs1
XS846641a,CC(NC(=O)C=1CCC(=O)N(C)N1)C23CC4CC(CC(C4)C3)C2,4.24,O=C1CCC(C(=O)NCC23CC4CC(CC(C4)C2)C3)=NN1
XS552854b,CC=1C=CC(C2=NOC(=N2)C(C)NC(=O)C=3C=COC3)=C(F)C1,0.86,O=C(NCc1nc(-c2ccccc2)no1)c1ccoc1
XS839578b,CC(C1CC1)N(C(=O)C=2C=CC=C(C2)N=S(C)(C)=O)C3CC3,2.826,O=C(c1ccccc1)N(CC1CC1)C1CC1
XS846652a,NC(=O)C1CN(CCO1)C(=O)NCC2(CCC2)C=3C=CC=CC3,0.954,O=C(NCC1(c2ccccc2)CCC1)N1CCOCC1
XS726755b,COC=1C=CC(=CC1F)CC(=O)N2CCCC(C2)N3C=CC=N3,5.332,O=C(Cc1ccccc1)N1CCCC(n2cccn2)C1
XS838680b,O=S1(=O)CCCC(C1)NC=2C=CC(=NC2)OC=3C=CC=CC3,2.944,O=S1(=O)CCCC(Nc2ccc(Oc3ccccc3)nc2)C1
XS846654a,COC(=O)C=1C=CC(=CC1)CN2CCCC2C=3C=CC(=CC3)OC,1.904,c1ccc(CN2CCCC2c2ccccc2)cc1
XS837837b,COC(=O)C(C=1C=CC=CC1)N(C)C=2C=CC=C(C2)C=3N=NNN3,0.516,c1ccc(CNc2cccc(-c3nn[nH]n3)c2)cc1
XS839457b,COC(=O)C(NC=1C=CN(N1)C2COC2)C=3C=C(F)C=C(F)C3,0.688,c1ccc(CNc2ccn(C3COC3)n2)cc1
XS841599b,CCNC(=O)CN(CC)S(=O)(=O)CC1CCCCC1(F)F,11.59,C1CCCCC1
XS840223b,CCN(C(=O)C=1SC=C(C)C1Cl)C(C)CS(C)(=O)=O,0.802,c1ccsc1
XS842568b,O=C(O)C1(CC=CCC1)C(=O)N2CCC=3SC(Cl)=CC3C2,4.01,O=C(C1CC=CCC1)N1CCc2sccc2C1
XS530479b,CC1=NNC(C)=C1C(C)CC(=O)N2CCC(CC2)C=3C=CC=CC3,1.07,O=C(CCc1cn[nH]c1)N1CCC(c2ccccc2)CC1
XS822291b,O=C(NC=1C=CC=CC1)C2CCCN2C(=O)C=3C=C(ON3)C4CC4,0.762,O=C(Nc1ccccc1)C1CCCN1C(=O)c1cc(C2CC2)on1
XS720331b,COC=1C=C(C=CC1C)C(=O)N2CCCC(C2)NS(C)(=O)=O,1.544,O=C(c1ccccc1)N1CCCCC1
XS846655a,CCC1=NC=CN1C2CCCN(C2)C(=O)C3=CN4C=CC=CC4=N3,1.36,O=C(c1cn2ccccc2n1)N1CCCC(n2ccnc2)C1
XS846657a,COCCN1C=C(C=N1)NC(=O)NC(C)C=2C=C(F)C=CC2F,0.706,O=C(NCc1ccccc1)Nc1cn[nH]c1
XS838114b,CC=1C=CC(=C(C)C1)S(=O)(=O)N2CCCC(C#CC(=O)O)C2,1.314,O=S(=O)(c1ccccc1)N1CCCCC1
XS840801b,O=C(NNC1CCS(=O)(=O)C1)C2=CC=C(Br)O2,3.19,O=C(NNC1CCS(=O)(=O)C1)c1ccco1
XS744971b,CNC1=NC(=CS1)C(=O)N2CCCC(C2)C(=O)NCC3CC3,0.554,O=C(NCC1CC1)C1CCCN(C(=O)c2cscn2)C1
XS474281b,CC=1NN=CC1C(=O)NC(C=2C=CC=C(Cl)C2)C=3C=CC=CN3,1.66,O=C(NC(c1ccccc1)c1ccccn1)c1cn[nH]c1
XS837785b,O=C(NC=1C=NC=C2C=CC=CC12)C3COC=4C(Cl)=CC=CC43,0.496,O=C(Nc1cncc2ccccc12)C1COc2ccccc21
XS838081b,COC=1C=CC(=CC1C)S(=O)(=O)N2CC(C)CN3N=CN=C23,0.86,O=S(=O)(c1ccccc1)N1CCCn2ncnc21
XS837812b,COC(=O)C(CC=1C=CC=CC1)OC(=O)C=2C=CN=C3NC=CC23,3.83,O=C(OCCc1ccccc1)c1ccnc2[nH]ccc12
XS846665a,COC=1C=CC(=CN1)NC(C)C(=O)NC=2C=CC=3OCCOC3C2,17.36,O=C(CNc1cccnc1)Nc1ccc2c(c1)OCCO2
XS846663a,CC(C)C1=NC(=NN1)SCC(=O)N2C=3C=CC=CC3CCC2C,0.708,O=C(CSc1nc[nH]n1)N1CCCc2ccccc21
XS846668a,COC=1C=CC=CC1NC(=O)C(C)NC=2C=CC(=CC2)NC(C)=O,1.22,O=C(CNc1ccccc1)Nc1ccccc1
XS840329b,CCOC(=O)C1CN(CC21CC2)C=3C=C(N=C(C)N3)N4C=NC=N4,5.75,c1nc(N2CCC3(CC3)C2)cc(-n2cncn2)n1
XS842437b,CC(C)(C=1N=NN(CC2CC(C)(C)OC2(C)C)N1)S(C)(=O)=O,1.374,c1nnn(CC2CCOC2)n1
XS846660a,CCNC(=O)NC(=O)C(C)NC=1C=CC(C)=C(C1)OCC(F)F,3.608,c1ccccc1
XS837849b,CC(CS(C)(=O)=O)NS(=O)(=O)C=1C=CC=C(Cl)C1F,0.916,c1ccccc1
XS840007b,CC1=NOC(=N1)C2CCCCN2C(=O)C=3C=CC=4OC(=O)NC4N3,0.69,O=C(c1ccc2oc(=O)[nH]c2n1)N1CCCCC1c1ncno1
XS575705c,CC(C)C=1C=CC(=CC1)C(=O)N2CCC(C2)C=3C=C(O)N=C(N)N3,4.088,O=C(c1ccccc1)N1CCC(c2ccncn2)C1
XS846670a,CCN(CC1COC=2C=CC=CC2O1)C(=O)CC=3C=CC=C(N)C3,1.644,O=C(Cc1ccccc1)NCC1COc2ccccc2O1
XS494499b,CCC(CC)N1N=CC(C(=O)N2CC(CO)C=3C=CC=CC32)=C1C,1.682,O=C(c1cn[nH]c1)N1CCc2ccccc21
XS846661a,CC1=NN(C)C(C)=C1C2CCCN2C(=O)C3=CC(CC(C)C)=NN3,1.508,O=C(c1ccn[nH]1)N1CCCC1c1cn[nH]c1
XS846667a,CC=1N=CSC1C(=O)N2CCCC2C=3C=CC=4OCCOC4C3,7.736,O=C(c1cncs1)N1CCCC1c1ccc2c(c1)OCCO2
XS846676a,O=C(NC(CO)CC1=CNC=2C=CC=CC12)C=3C=CN=C4N=NNC34,1.774,O=C(NCCc1c[nH]c2ccccc12)c1ccnc2nn[nH]c12
XS692476b,CCC1=NOC(CN(C)C2CCN(C2=O)C=3C=CC=CC3Cl)=N1,1.034,O=C1C(NCc2ncno2)CCN1c1ccccc1
XS846674a,CC(C(=O)NC(C)(C)C)S(=O)(=O)CC1=NOC(=N1)C(C)(C)C,6.094,c1ncon1
XS846675a,CC(NC=1C=CC=C(C1)C(F)(F)F)C(=O)NC=2C=CC=CC2C#N,0.78,O=C(CNc1ccccc1)Nc1ccccc1
XS653258b,CC1=NNC(C)=C1S(=O)(=O)N2CC(OC=3C=CC=CC32)C(N)=O,1.218,O=S(=O)(c1cn[nH]c1)N1CCOc2ccccc21
XS846678a,CNC(=O)NC(=O)C(C)NC=1C=CC=C(C1)CN2CCCCC2=O,1.646,O=C1CCCCN1Cc1ccccc1
XS836607b,COC=1C=CC(=CN1)NC(C(N)=O)C=2C=CC(Br)=CC2,7.434,c1ccc(CNc2cccnc2)cc1
XS840022b,CCC(NC(=O)C=1C=C2CCCOC2=CN1)C(=O)N3CCOCC3,27.548,O=C(NCC(=O)N1CCOCC1)c1cc2c(cn1)OCCC2
XS839861b,COC1CCCCN(CC(=O)N2N=C(N)C=3C=C(F)C=CC32)C1=O,2.4,O=C1CCCCCN1CC(=O)n1ncc2ccccc21
XS839052b,CC(NC=1C=CC2=NSN=C2C1)C=3C=CC(=CC3)S(C)(=O)=O,6.36,c1ccc(CNc2ccc3nsnc3c2)cc1
XS846672a,CC=1C=C(NC(=O)C2CC=3C=CC=CC3O2)N(N1)C=4C=CC(C)=CC4,2.696,O=C(Nc1ccnn1-c1ccccc1)C1Cc2ccccc2O1
XS840019b,COCCN1N=C(C=CC1=O)C(=O)N2CCCC(C2)C(F)(F)F,3.056,O=C(c1ccc(=O)[nH]n1)N1CCCCC1
XS846677a,CCOC=1C=CC=CC1C(=O)NC(C)C=2C=CC(=CC2)N3C=NC=N3,13.058,O=C(NCc1ccc(-n2cncn2)cc1)c1ccccc1
XS737071b,CC=1C=NN(C1)CC2CCCCN2C(=O)C3=CC(=CS3)C(N)=O,1.602,O=C(c1cccs1)N1CCCCC1Cn1cccn1
XS846673a,O=C(NCC1CCCC=2C=CC=CC21)C=3NN=CC3C=4C=CN=CC4,0.888,O=C(NCC1CCCc2ccccc21)c1[nH]ncc1-c1ccncc1
XS703678b,CC(NC(=O)C=1C=CC=CC1Cl)C=2C=CC=C(C2)S(N)(=O)=O,1.142,O=C(NCc1ccccc1)c1ccccc1
XS560123b,CC1=C(OC=2C(C)=CC=CC12)C(=O)N3CCC(O)(CN4C=CN=N4)C3,1.146,O=C(c1cc2ccccc2o1)N1CCC(Cn2ccnn2)C1
XS839886b,CC=1N=C(N=C(C1C)N2CCN3C(=O)N(C)CC3C2)C=4C=CC=NC4,0.286,O=C1NCC2CN(c3ccnc(-c4cccnc4)n3)CCN12
XS737993b,CC=1C=CC(F)=C2C1CCCN2CC(=O)NC3CCS(=O)(=O)C3,0.778,O=C(CN1CCCc2ccccc21)NC1CCS(=O)(=O)C1
XS838643b,CC(C)C(O)(CNC=1C=CC=C(C1)N=S(C)(C)=O)C(F)(F)F,0.67,c1ccccc1
XS846688a,CC=1OC(C)=C(C1C(=O)NC(C)C=2C=CC=CC2F)S(N)(=O)=O,1.58,O=C(NCc1ccccc1)c1ccoc1
XS554043b,CC=1C=CC(=CC1)CC(=O)NC(C)C2=NC(=CS2)C=3C=CN=CC3,2.212,O=C(Cc1ccccc1)NCc1nc(-c2ccncc2)cs1
XS846686a,COC=1C=CC=C(C1)C(NC(=O)C=2C=CC=NC2O)C3=NC=CN3C,3.738,O=C(NC(c1ccccc1)c1ncc[nH]1)c1cccnc1
XS846689a,COCCN(C)CCCNC(=O)C1COC=2C=C(C=CC2C1)OC,0.83,c1ccc2c(c1)CCCO2
XS169231c,COC=1C=CC(=CC1F)C(=O)N2CCCC2C3=NC=4C=CC=CC4N3,39.618,O=C(c1ccccc1)N1CCCC1c1nc2ccccc2[nH]1
XS841358b,O=C1CCC(CN1)N2C=C(C=N2)NC3=NC=CN4N=C(C=C34)C5CC5,1.776,O=C1CCC(n2cc(Nc3nccn4nc(C5CC5)cc34)cn2)CN1
XS839601b,CC(CN1N=CC=2C=CC=CC21)NCC3=CC(=NN3C)C(F)(F)F,1.632,c1ccc2c(c1)cnn2CCNCc1ccn[nH]1
XS846684a,O=C(NC1CCC=2NN=CC2C1)N(CC=3C=CC=CC3)CC4CCC4,2.888,O=C(NC1CCc2[nH]ncc2C1)N(Cc1ccccc1)CC1CCC1
XS839783b,CC1=CC(CC(C)NC=2C=CC(=CC2S(C)(=O)=O)[N+]([O-])=O)=NN1,2.046,c1ccc(NCCc2cc[nH]n2)cc1
XS842621b,CC=1C=C(F)C=CC1N2CCCC(NC3=NC=CN4C=NN=C34)C2=O,12.642,O=C1C(Nc2nccn3cnnc23)CCCN1c1ccccc1
XS838752b,CC(F)(F)CN1C=C(C#N)C(=N1)NC(=O)CCC2CC(C)(C)CO2,1.968,O=C(CCC1CCCO1)Nc1cc[nH]n1
XS838678b,CCN1C=CC2=C1CCN(C(=O)CC3CCCC3)C2C4=CC(C)=NO4,12.09,O=C(CC1CCCC1)N1CCc2[nH]ccc2C1c1ccno1
XS747921b,CCC=1C=CC=C2CCCN(CC(=O)N3CCCC(C3)NC(C)=O)C12,0.82,O=C(CN1CCCc2ccccc21)N1CCCCC1
XS846699a,O=C(NCC(C1=CNC=2C=CC=CC12)C=3C=CC=CC3)C=4C=CC=CN4,3.0,O=C(NCC(c1ccccc1)c1c[nH]c2ccccc12)c1ccccn1
XS846702a,CCN(C(=O)NC=1C=CC(=CC1)NC(C)=O)C(C)C=2C=CC(F)=CC2,2.484,O=C(NCc1ccccc1)Nc1ccccc1
XS837115b,CC1=CSC(C)=C1S(=O)(=O)N2CC(CC32CCCC3)C(=O)O,1.086,O=S(=O)(c1ccsc1)N1CCCC12CCCC2
XS846701a,CC=1C=CC=C(OC(C)C(=O)NCC2=NN=C3CCCCCN23)C1C,1.262,O=C(COc1ccccc1)NCc1nnc2n1CCCCC2
XS840486b,CC(OC=1C=CC(F)=CC1)C(=O)OCC=2C=C(ON2)C=3C=CC=CC3,2.122,O=C(COc1ccccc1)OCc1cc(-c2ccccc2)on1
XS846696a,CC1=NNN=C1C(=O)N(C)CC(C)OC=2C=CC(Cl)=C(Cl)C2,1.582,O=C(NCCOc1ccccc1)c1cn[nH]n1
XS774367b,CC1=NOC(=N1)C2CCN(C2)C(=O)C=3C=NN(C3C)C4CCCCC4,11.052,O=C(c1cnn(C2CCCCC2)c1)N1CCC(c2ncno2)C1
XS838666b,CC1COC2=C(C=NN2C1)CNC=3C=NN(C3)C=4N=CC=CC4Cl,2.32,c1ccc(-n2cc(NCc3cnn4c3OCCC4)cn2)nc1
XS724790b,CC(C)C1=NC(=NO1)C2COCCN2C(=O)C3=CC=4N=CC=CC4O3,7.778,O=C(c1cc2ncccc2o1)N1CCOCC1c1ncon1
XS846698a,COC(=O)CC(NC(=O)COC=1C=CC(C#N)=CC1)C2=CC=CS2,3.856,O=C(COc1ccccc1)NCc1cccs1
XS846705a,CC(=O)N1CCN(CC1)C(=O)C(C)NC=2C=CC=3N=C(C)SC3C2,3.66,O=C(CNc1ccc2ncsc2c1)N1CCNCC1
XS846709a,CC=1C=CC=CC1C2CCCN2CC(=O)N3CCC(=N3)C=4C=CC=CC4,0.364,O=C(CN1CCCC1c1ccccc1)N1CCC(c2ccccc2)=N1
XS840707b,CC(CN1C=CC=N1)(C(=O)O)N2C=C(C=N2)CC=3C=CC(F)=CC3F,9.808,c1ccc(Cc2cnn(CCn3cccn3)c2)cc1
XS815794b,CCOC=1C=CC(=CC1NC(=O)NC2CCC(=O)NC2)C(F)(F)F,1.352,O=C1CCC(NC(=O)Nc2ccccc2)CN1
XS841866b,CC1=NNC(C)=C1C(C)CC(=O)NCC=2C=C(Cl)C=3OCOC3C2,1.49,O=C(CCc1cn[nH]c1)NCc1ccc2c(c1)OCO2
XS166521b,O=C(CCC1=NC=C(O1)C=2C=CC=CC2)NC3CCOC=4C=CC=CC43,10.664,O=C(CCc1ncc(-c2ccccc2)o1)NC1CCOc2ccccc21
XS846706a,O=C(NC=1C=CC=C(Cl)C1F)C2CC(=O)N(CC=3C=CC=CC3)C2,5.486,O=C(Nc1ccccc1)C1CC(=O)N(Cc2ccccc2)C1
XS842747b,O=C(NC1CCOC2(CCCCC2)C1)N(CC3=CC=CS3)C4CC4,2.474,O=C(NC1CCOC2(CCCCC2)C1)N(Cc1cccs1)C1CC1
XS846704a,CC(C)N1CCC(C1=O)N2CCN(CC2)C=3N=CN=C4SC=CC34,0.278,O=C1NCCC1N1CCN(c2ncnc3sccc23)CC1
XS751265b,CCC1=NN2CC(CCC2=N1)NC(=O)C=3C(F)=CC=C(OC)C3OC,0.766,O=C(NC1CCc2ncnn2C1)c1ccccc1
XS557104b,O=C(NC(C=1C=CC=CC1)C(F)(F)F)C=2C=C(ON2)C=3C=CC=NC3,12.5,O=C(NCc1ccccc1)c1cc(-c2cccnc2)on1
XS060386e,CN1C=NN=C1C2CCCN(C2)C=3N=CC(=CC3Cl)C(F)(F)F,1.546,c1ccc(N2CCCC(c3nnc[nH]3)C2)nc1
XS846707a,CCC(C)N1N=CC(NC=2N=CN=C3NC(=NC23)C(F)F)=C1C4CC4,0.778,c1nc(Nc2cn[nH]c2C2CC2)c2nc[nH]c2n1
XS640542b,CC=1C=NC(=NC1C)N2CCN(CC2)C(C)C(=O)N3CCCCCC3,2.112,O=C(CN1CCN(c2ncccn2)CC1)N1CCCCCC1
XS838000b,O=S1(=O)CCC(COC=2C(Cl)=CC(Cl)=C3C=CC=NC23)C1,1.162,O=S1(=O)CCC(COc2cccc3cccnc23)C1
XS840581b,O=S(=O)(NC(C1=NC=CS1)C2CC2)C3=CC=4C=CC=CC4OC3,2.49,O=S(=O)(NC(c1nccs1)C1CC1)C1=Cc2ccccc2OC1
XS565117b,O=C(NC1(CCOCC1)C=2C=CC(F)=CC2)C3CC(=O)N(C3)C4CC4,1.14,O=C(NC1(c2ccccc2)CCOCC1)C1CC(=O)N(C2CC2)C1
XS846703a,CC(NC(=O)CN1CCN(CC1)C=2C=CC=C(Cl)C2)C3=CC=CO3,0.628,O=C(CN1CCN(c2ccccc2)CC1)NCc1ccco1
XS680637b,O=C(C1=CN2C=CC=CC2=N1)N3CCCC3C4=NC=5C=CC=CC5S4,4.374,O=C(c1cn2ccccc2n1)N1CCCC1c1nc2ccccc2s1
XS846715a,COC=1C=CC(=CC1NC(=O)NC(C)C=2C=C(C)C=CC2C)NC(C)=O,2.194,O=C(NCc1ccccc1)Nc1ccccc1
XS846718a,CC(NC(=O)C1CCCC1)C(=O)N(C)CC=2C=NN(C2)C=3C=CC=CC3,3.824,O=C(CNC(=O)C1CCCC1)NCc1cnn(-c2ccccc2)c1
XS838978b,COC=1C=C(C=C2OCCOC12)C(=O)N3CC(C(F)F)C4(CCC4)C3,1.44,O=C(c1ccc2c(c1)OCCO2)N1CCC2(CCC2)C1
XS839823b,CCCN1C=CN=C1C(F)(F)C(=O)NCC(C)OC=2C=CC=CC2F,0.61,O=C(Cc1ncc[nH]1)NCCOc1ccccc1
XS846716a,CCOC(=O)NC1CCCN(C1)C(=O)CC=2C=CC(OC)=C(C2)OC,0.648,O=C(Cc1ccccc1)N1CCCCC1
XS840033b,CC=1ON=C(C1C(=O)NC2COC=3C=C(F)C=C(F)C32)C=4C=CC=NC4,1.07,O=C(NC1COc2ccccc21)c1conc1-c1cccnc1
XS840245b,CC1=NN(CC(F)F)C(C)=C1C(=O)NC2CC=3C=CC(Cl)=CC3C2,0.652,O=C(NC1Cc2ccccc2C1)c1cn[nH]c1
XS846712a,CN1C=C2C(CCCC2NC=3N=C(N=C4C=CC=CC34)C=5C=CC=NC5)=N1,0.954,c1cncc(-c2nc(NC3CCCc4n[nH]cc43)c3ccccc3n2)c1
XS846713a,COCC(C)NC=1C=NN(C(=O)C1Cl)C=2C=CC=CC2C(=O)OC,1.736,O=c1cccnn1-c1ccccc1
XS846711a,COC=1C=CC=CC1C(C)NC(=O)C=2C=C3C=NN(C3=NC2C)C(C)C,0.782,O=C(NCc1ccccc1)c1cnc2[nH]ncc2c1
XS842646b,COC=1C=CC(Cl)=CC1N2CC(CC2=O)C3=NC=4C=CC=CC4N3C,7.708,O=C1CC(c2nc3ccccc3[nH]2)CN1c1ccccc1
XS846719a,CC(C1=NC(=NO1)C2CC2)S(=O)(=O)C=3C=CC(Br)=CC3,1.886,O=S(=O)(Cc1nc(C2CC2)no1)c1ccccc1
XS328332b,CN1N=C(CN2CCCCC(NC(=O)CC3CCC3)C2=O)N(C)C1=O,7.796,O=C(CC1CCC1)NC1CCCCN(Cc2n[nH]c(=O)[nH]2)C1=O
XS841355b,CCC=1N=COC1C(=O)N2CCN(CC32CCC3)C(=O)C(F)C(C)C,2.944,O=C(c1cnco1)N1CCNCC12CCC2
XS177719e,CC(OC(=O)C=1C=C2OCOC2=CC1[N+]([O-])=O)C(=O)NC3CCCC3,4.296,O=C(COC(=O)c1ccc2c(c1)OCO2)NC1CCCC1
XS846721a,COC=1C=CC=C(C1)C2(CNC(=O)N3CCCC3C=4C=CC=C(C)N4)CC2,1.392,O=C(NCC1(c2ccccc2)CC1)N1CCCC1c1ccccn1
XS841435b,CC(NC(=O)C=1C=C(C(F)=CC1F)N2CCNC2=O)C=3C=CC(O)=NC3,5.106,O=C(NCc1cccnc1)c1cccc(N2CCNC2=O)c1
XS398637b,CCOC=1C=CC(=CC1OC)C(=O)NC(C2=NC=CN2C)C=3C=CC=CC3,1.322,O=C(NC(c1ccccc1)c1ncc[nH]1)c1ccccc1
XS839246b,N#CC=1C=NC=C(N1)NC2(CC=3C=CC=C(Br)C3)CCOC2,4.852,c1ccc(CC2(Nc3cnccn3)CCOC2)cc1
XS836547b,CN1C=CN=C1C(=O)N2CC3(C2)CN(CCO3)C(=O)C4CCCC54CC5,2.04,O=C(c1ncc[nH]1)N1CC2(C1)CN(C(=O)C1CCCC13CC3)CCO2
XS840035b,COC=1C=CC2=NC(=C(C)N=C2C1)N3CCC4(C3)C(=O)NC=5C=CC=CC54,0.306,O=C1Nc2ccccc2C12CCN(c1cnc3ccccc3n1)C2
XS555047b,CC1=C(C=CN1C)C(=O)NC(C)C=2C=CC(=CC2)N3CCCS3(=O)=O,2.46,O=C(NCc1ccc(N2CCCS2(=O)=O)cc1)c1cc[nH]c1
XS708953b,CCC1CCCCN1C(=O)C2=CC=3C=C(Br)C=CC3OC2=O,0.952,O=C(c1cc2ccccc2oc1=O)N1CCCCC1
XS408518b,O=C(C1=CC=CN2C(=O)NN=C12)N3CC4(CCCCC4)C3C=5C=CC=CC5,4.698,O=C(c1cccn2c(=O)[nH]nc12)N1CC2(CCCCC2)C1c1ccccc1
XS842507b,CC1CN(CCN1C(=O)C=2C=C[N+]([O-])=CC2)C=3C=C(Cl)C=CC3Cl,8.562,O=C(c1cc[nH+]cc1)N1CCN(c2ccccc2)CC1
XS846720a,O=C(CN1N=C(OC1=O)C2=CC=CS2)N3CCCC3C4=CC=CS4,6.622,O=C(Cn1nc(-c2cccs2)oc1=O)N1CCCC1c1cccs1
XS846722a,COCCN1C(=NC=2C=CC=CC21)C3CC(=O)N(C3)C=4C=CC=C(C)C4C,10.158,O=C1CC(c2nc3ccccc3[nH]2)CN1c1ccccc1
XS838809b,COC=1C=CC=2CC(NC2N1)C(=O)NCCC=3C=CC=CC3C(F)(F)F,14.248,O=C(NCCc1ccccc1)C1Cc2cccnc2N1
XS846736a,O=C(C1=CC=2CCCC2S1)N(CC=3C=CC=CC3)C4CCS(=O)(=O)C4,15.72,O=C(c1cc2c(s1)CCC2)N(Cc1ccccc1)C1CCS(=O)(=O)C1
XS846734a,CC=1N=C(SC1C(=O)N2CCCCC2C3=NC=4C=CC=CC4O3)N(C)C,5.156,O=C(c1cncs1)N1CCCCC1c1nc2ccccc2o1
XS841813b,CCN1OCC(C1=O)N2CCN(CC2)C(=O)C=3SC=4C=CC=CC4C3C,5.426,O=C1NOCC1N1CCN(C(=O)c2cc3ccccc3s2)CC1
XS837506b,O=C(CN1N=NN=C1C=2C=CSC2)N3CCCC3C=4C=CC=C(Cl)C4,5.422,O=C(Cn1nnnc1-c1ccsc1)N1CCCC1c1ccccc1
XS837304b,CCCOCCOC=1C=CC=C(C1)C=2C=CC=C(C2)C3CC(=O)NC(=O)N3,4.346,O=C1CC(c2cccc(-c3ccccc3)c2)NC(=O)N1
XS837406b,O=C(N1CCN2N=NC=C2C1)C3(O)CCC=4C=C(Br)C=CC4C3,5.256,O=C(C1CCc2ccccc2C1)N1CCn2nncc2C1
XS846737a,CCOC=1N=CC=CC1C(=O)N(CC=2C=CC=CC2)C3CCS(=O)(=O)C3,0.842,O=C(c1cccnc1)N(Cc1ccccc1)C1CCS(=O)(=O)C1
XS770866b,CC=1C=CC=C(C1C)N2CC(CC2=O)C(=O)NCC3=NN=C4CCCCN34,13.072,O=C(NCc1nnc2n1CCCC2)C1CC(=O)N(c2ccccc2)C1
XS798578b,C#CCNC(=O)C(CC1=CNC=2C=CC=CC12)NC(=O)OCC=3C=CC=CC3,9.132,O=C(NCCc1c[nH]c2ccccc12)OCc1ccccc1
XS838038b,CC=1N=C(C)N(N1)C2CCCN(C2)S(=O)(=O)CC=3C=CC=C(Cl)C3,4.17,O=S(=O)(Cc1ccccc1)N1CCCC(n2cncn2)C1
XS839134b,CC(C(=O)N1CCOCC1)C2=NC(=NO2)C=3C=NC(=CN3)OCC(F)F,3.352,O=C(Cc1nc(-c2cnccn2)no1)N1CCOCC1
XS839310b,O=S1(=O)CCN(CCC1C=2C=CC=CC2)C=3N=CC=NC3C(F)(F)F,3.498,O=S1(=O)CCN(c2cnccn2)CCC1c1ccccc1
XS838083b,COC(=O)C1CCC2=NN=C(C3=CC=C(COC=4C=CC=CC4)O3)N2CC1,0.5,c1ccc(OCc2ccc(-c3nnc4n3CCCCC4)o2)cc1
XS846746a,COC=1C=CC(=CC1)C2CCCCCN2C(=O)C=3C=CC=C(C3)S(C)(=O)=O,17.518,O=C(c1ccccc1)N1CCCCCC1c1ccccc1
XS836889b,C#CCN1CCCCC1C(=O)N(C)CCCC=2C=C(C=3C=CC=CC3)N(C)N2,1.338,O=C(NCCCc1cc(-c2ccccc2)[nH]n1)C1CCCCN1
XS846752a,O=C(NC(C1=CC=CS1)C2CCCC2)C3CCN(CC3)C(=O)C=4C=COC4,2.542,O=C(NC(c1cccs1)C1CCCC1)C1CCN(C(=O)c2ccoc2)CC1
XS846745a,COC=1C=CC(=CC1)C2CCCCCN2C(=O)C=3C=CC(=CC3)CNC(N)=O,3.782,O=C(c1ccccc1)N1CCCCCC1c1ccccc1
XS846744a,CSCC1=NC=2C=CC=CC2N1CC(=O)NC(C)C3=CC=4C=CC=CC4O3,2.252,O=C(Cn1cnc2ccccc21)NCc1cc2ccccc2o1
XS846753a,COCC(NC1=NC=CN2N=CC(Br)=C12)C=3C=CC=C(Cl)C3,1.556,c1ccc(CNc2nccn3nccc23)cc1
XS841899b,NS(=O)(=O)CC=1C=CC=C(C1)C(=O)N2CC3(CCCC3)C2C=4C=CC=CC4,12.526,O=C(c1ccccc1)N1CC2(CCCC2)C1c1ccccc1
XS389124b,CC(=O)N1CCC=2C=C(C=CC21)S(=O)(=O)NC(C)C=3C=CC(Cl)=CC3,1.416,O=S(=O)(NCc1ccccc1)c1ccc2c(c1)CCN2
XS837091b,COC=1C=CC=CC1C2CCCN2S(=O)(=O)CC=3C=CC=C4C=CC=NC34,2.218,O=S(=O)(Cc1cccc2cccnc12)N1CCCC1c1ccccc1
XS846743a,CC(C(=O)NC=1C=CC=CC1F)N2CCC(CC2)C(=O)NCC=3C=CC=CC3,2.046,O=C(CN1CCC(C(=O)NCc2ccccc2)CC1)Nc1ccccc1
XS839917b,O=C(CCC1=CNN=N1)N2CCC(CNC(=O)C=3C=CC=C(F)C3F)C42CC4,5.372,O=C(NCC1CCN(C(=O)CCc2c[nH]nn2)C12CC2)c1ccccc1
XS842585b,COC(=O)C=1C=C(Cl)C=C(Cl)C1NC(=O)CN2CCSC(C)CC2,8.84,O=C(CN1CCCSCC1)Nc1ccccc1
XS663521b,CC1=CC=CC(C)=C1NC(=O)CNC(=O)C2CC(=O)N(C2)C=3C=CC(Cl)=CC3,11.87,O=C(CNC(=O)C1CC(=O)N(c2ccccc2)C1)Nc1ccccc1
XS846760a,CC1=NC(=CS1)C=2C=C(C(=O)OC(C)C(=O)C3=CNC=4C=CC=CC34)N(C)C2,0.938,O=C(OCC(=O)c1c[nH]c2ccccc12)c1cc(-c2cscn2)c[nH]1
XS717052b,O=C(CCC1=NC(=NO1)C=2N=CC=CN2)NC3CCCN(C3)C=4C=CC=CC4F,4.178,O=C(CCc1nc(-c2ncccn2)no1)NC1CCCN(c2ccccc2)C1
XS846761a,O=C(CC1=CNC=2C=CC=CC12)N3CCN(CC3)C(=O)C4CCC=5C=CC=NC54,6.364,O=C(Cc1c[nH]c2ccccc12)N1CCN(C(=O)C2CCc3cccnc32)CC1
XS838162b,O=C(NC=1C=CC(OCC=2C=CC=CN2)=C(F)C1)C3COCCN3C4CCCC4,0.48,O=C(Nc1ccc(OCc2ccccn2)cc1)C1COCCN1C1CCCC1
XS742426b,O=S(=O)(NC1CCCN(C1)C=2C=CC=CC2F)C=3C=CC=C4OCCOC34,0.994,O=S(=O)(NC1CCCN(c2ccccc2)C1)c1cccc2c1OCCO2
XS600953b,CC(C(=O)NC=1C=CC(=CC1)OC=2C=CC=CC2)N(C)CC(=O)N3CCOCC3,1.794,O=C(CNCC(=O)N1CCOCC1)Nc1ccc(Oc2ccccc2)cc1
XS846757a,COC=1C=CC=C(C1)C=2CC(C=3C=C(C=CC3OC)OC)N(N2)S(C)(=O)=O,0.998,c1ccc(C2=NNC(c3ccccc3)C2)cc1
XS390047b,COC=1C=CC(=CC1)C2=CC(=NN2C=3C=CC=CC3)C(=O)NCC4CCCOC4,1.486,O=C(NCC1CCCOC1)c1cc(-c2ccccc2)n(-c2ccccc2)n1
XS842245b,CC(C)C(=O)N1N=C(CC1C=2C=CSC2)C=3C=CC=C(C3)NS(C)(=O)=O,7.366,c1ccc(C2=NNC(c3ccsc3)C2)cc1
XS797745b,CCCNC(=O)C1CN(CC2=CC(=O)N3C(C)=CSC3=N2)C=4C=CC=CC4O1,10.244,O=c1cc(CN2CCOc3ccccc32)nc2sccn12
EL001965b,CCC1(CC1)C(=O)N2CCC(C)(CNC(=O)C=3N=CC=C(N3)N4C=CC(C)=N4)C2,3.294,O=C(NCC1CCN(C(=O)C2CC2)C1)c1nccc(-n2cccn2)n1
XS839437b,CCCN(CC=1C=CC(C#N)=CC1)C(C(=O)NCC)C=2N=C3C=CC=CC3=NC2C,1.146,c1ccc(CNCc2cnc3ccccc3n2)cc1
XS842119b,C#CCNS(=O)(=O)C=1C=CC(=CC1)C(=O)N(CC)C(COC)CC=2C=CC=CC2,1.108,O=C(NCCc1ccccc1)c1ccccc1
MT028973b,COC=1C=CC(=CC1)CNC(=O)C(C)OC(=O)C=2C=C(C=CC2OC)S(N)(=O)=O,1.09,O=C(COC(=O)c1ccccc1)NCc1ccccc1
XS846777a,CC(SC1=NC2=C(C=NN2C=3C=CC=CC3)C(=O)N1)C(=O)N(C)CC=4C=CC=CC4,4.182,O=C(CSc1nc2c(cnn2-c2ccccc2)c(=O)[nH]1)NCc1ccccc1
XS846767a,COC=1C=CC=CC1N2CC(CC2=O)C3=NC=4C=CC=CC4N3CC(=O)NC(C)C,0.858,O=C1CC(c2nc3ccccc3[nH]2)CN1c1ccccc1
XS846768a,CC1=NC(=CS1)COC=2C=CC=C(C2)C(=O)NC(C)C=3C=CC(=CC3)N4C=CN=C4,11.062,O=C(NCc1ccc(-n2ccnc2)cc1)c1cccc(OCc2cscn2)c1
XS846770a,CC1=C(C=NN1C=2C=CC(Cl)=CC2)NC(=O)N3CCC4(C3)C(=O)NC=5C=CC=CC54,8.768,O=C(Nc1cnn(-c2ccccc2)c1)N1CCC2(C1)C(=O)Nc1ccccc12
XS145616c,COC=1C=CC(=CC1)N2C(=O)C(CCC(=O)NC(C)C3=CC=CO3)=NC=4C=CC=CC42,1.748,O=C(CCc1nc2ccccc2n(-c2ccccc2)c1=O)NCc1ccco1
XS837703b,CC(NC(=O)NC=1C=CC=CC1COCC=2C=CC=CC2)C3=NN=C4N=CC=CN34,4.684,O=C(NCc1nnc2ncccn12)Nc1ccccc1COCc1ccccc1
XS846772a,CCCC(C)NC(=O)C1CCN(CC1)S(=O)(=O)C=2C=C(Cl)C=CC2Cl,0.668,O=S(=O)(c1ccccc1)N1CCCCC1
XS816021b,CNS(=O)(=O)C=1C=C(C=CC1C)NC(=O)CC2SC=3C=CC=CC3NC2=O,2.736,O=C(CC1Sc2ccccc2NC1=O)Nc1ccccc1
XS846773a,CCCCN1C(=O)NC(=O)C(=C1N)N(C)C(=O)C2CC(=O)N(C2)C=3C=CC(C)=CC3,6.532,O=C(Nc1c[nH]c(=O)[nH]c1=O)C1CC(=O)N(c2ccccc2)C1
XS846769a,COC=1C=CC(=CC1S(=O)(=O)N2CCCC2)C(=O)NC3CCC=4C=CC=CC43,2.68,O=C(NC1CCc2ccccc21)c1cccc(S(=O)(=O)N2CCCC2)c1
XS846774a,CCCCC1=NOC(=N1)C(C)SC2=NC=3C=C(C=CC3N2CC)S(N)(=O)=O,6.078,c1ccc2[nH]c(SCc3ncno3)nc2c1
XS756162b,CC(C)NC(=O)C=1C=NN2CCC(CNC(=O)CC3=CNC=4C=CC(F)=CC34)CC12,2.726,O=C(Cc1c[nH]c2ccccc12)NCC1CCn2nccc2C1
XS787392b,COC=1C=CC(=CC1NC(=O)C(C)OC=2C=CC=CC2)S(=O)(=O)N3CCOCC3,3.828,O=C(COc1ccccc1)Nc1cccc(S(=O)(=O)N2CCOCC2)c1
XS840831b,CCN1CC(CN(C)CCS(=O)(=O)C=2C=CC(Cl)=CC2)OC=3C=CC=CC31,5.524,O=S(=O)(CCNCC1CNc2ccccc2O1)c1ccccc1
XS846798a,CNC(=O)C=1C=CN2C(NCC=3C=CC=C(C3)OC)=C(N=C2C1)C4CCCN(C4)C(C)=O,3.848,c1ccc(CNc2c(C3CCCNC3)nc3ccccn23)cc1
XS846791a,CC=1C=CC(=CC1C)NC(C)C(=O)NC=2C=CC(C)=C(C2)S(=O)(=O)N3CCOCC3,3.87,O=C(CNc1ccccc1)Nc1cccc(S(=O)(=O)N2CCOCC2)c1
XS846787a,O=C(C1CCCN1S(=O)(=O)C2=CC=CC3=NSN=C23)N4CCN(CC=5C=CC=6OCOC6C5)CC4,4.324,O=C(C1CCCN1S(=O)(=O)c1cccc2nsnc12)N1CCN(Cc2ccc3c(c2)OCO3)CC1
XS846796a,O=C(NCC1CC1)C2CCCN(C2)C(=O)C3=CN(N=C3C4=CC=CS4)C=5C=CC=CC5,20.202,O=C(NCC1CC1)C1CCCN(C(=O)c2cn(-c3ccccc3)nc2-c2cccs2)C1
XS846784a,CC1CCN(CC1)C(=O)C(CC=2C=CC=CC2)NS(=O)(=O)C=3C=CC=4OCCOC4C3,8.586,O=C(C(Cc1ccccc1)NS(=O)(=O)c1ccc2c(c1)OCCO2)N1CCCCC1
XS840959b,O=C(CN(C(=O)C1CCCC2(CCC2)O1)C3CCC3)NCC=4C=CN=C(C4)OC5CCC5,4.61,O=C(CN(C(=O)C1CCCC2(CCC2)O1)C1CCC1)NCc1ccnc(OC2CCC2)c1
XS846793a,COCCN(CC(=O)NC1CCCC=2C=CC=CC21)CC3=NN=C(O3)C4=CC=CS4,6.528,O=C(CNCc1nnc(-c2cccs2)o1)NC1CCCc2ccccc21
XS842746b,CC(NC(=O)C=1NN=C2C=CC=CC12)C(=O)N3CCN4C(CC=5C=CC=CC5)=NN=C4C3,8.062,O=C(NCC(=O)N1CCn2c(Cc3ccccc3)nnc2C1)c1[nH]nc2ccccc12
XS846786a,CN(C)S(=O)(=O)C=1C=CC(=CC1)NC(=O)C2CC(=O)N(C2)C=3C=CC=C4C=CC=CC34,7.958,O=C(Nc1ccccc1)C1CC(=O)N(c2cccc3ccccc23)C1
XS846788a,CC(CCC=1C=CC=CC1)NC(=O)C2CCN(CC2)C3=NS(=O)(=O)C=4C=CC=CC34,0.864,O=C(NCCCc1ccccc1)C1CCN(C2=NS(=O)(=O)c3ccccc32)CC1
XS846782a,CC(C)C(NC1=NS(=O)(=O)C=2C=CC=CC12)C(=O)N3CCN(CC3)C=4C=CC=CN4,4.488,O=C(CNC1=NS(=O)(=O)c2ccccc21)N1CCN(c2ccccn2)CC1
XS846792a,COC=1C=CC(=CC1OC)C2CC(=NN2C(=O)CN3CCN(CC3)C(C)=O)C4=CC=CS4,8.5,O=C(CN1CCNCC1)N1N=C(c2cccs2)CC1c1ccccc1
XS695936b,CC(NC(=O)CN1CCCN(CC1)C=2C=CC(=CN2)C(F)(F)F)C=3C=CC(F)=CC3,0.65,O=C(CN1CCCN(c2ccccn2)CC1)NCc1ccccc1
XS842191b,O=C(NC=1C=C(Cl)C=CC1N2CCOCC2)N3CCCC(C3)C4=NN=CN4C5CC5,13.616,O=C(Nc1ccccc1N1CCOCC1)N1CCCC(c2nncn2C2CC2)C1
XS841921b,CCC(C)(C)N1N=NN=C1C(NCC=2C=CC=C3C=CC=CC23)C4=C5COCCC5=NN4C,3.624,c1ccc2c(CNC(c3nnn[nH]3)c3[nH]nc4c3COCC4)cccc2c1
XS840408b,O=C(CCN1N=NC=2C=CC=CC2C1=O)NCC(C=3C(F)=CC=CC3Cl)N4CCCC4,1.518,O=C(CCn1nnc2ccccc2c1=O)NCC(c1ccccc1)N1CCCC1
XS838625b,COC=1C(C)=NN(C1C)C2CCC=3C=CC=CC32,0.362,c1ccc2c(c1)CCC2n1cccn1
XS846811a,CC1=CN=C(NC(=O)C2CCC(=O)NC2)S1,16.954,O=C1CCC(C(=O)Nc2nccs2)CN1
XS842596b,COC(=O)C1CCC2=NC(N)=NN2C1,6.966,c1nc2n(n1)CCCC2
XS840211b,COC(C)CN1C(=O)N=C2C=CC=CC=C21,0.866,O=c1nc2cccccc-2[nH]1
XS841885b,CCC(OC=1C=C(C)C(Cl)=C(C)C1)C(N)=O,0.402,c1ccccc1
XS846799a,NC(=O)C=1C=CC(=NC1)N2CCC(CCO)C2,1.036,c1ccc(N2CCCC2)nc1
XS846810a,N#CC=1C=CC=C(C1)NC(=O)N2CCCC(O)C2,9.056,O=C(Nc1ccccc1)N1CCCCC1
XS838437b,CCC=1N=CN=CC1OCC2CCOC(C)(C)C2,5.326,c1ncc(OCC2CCOCC2)cn1
XS846802a,CNC(=O)C1CC=2C=C(Cl)C=CC2O1,1.784,c1ccc2c(c1)CCO2
XS846804a,CC(NC(=O)C=1C=CC(=O)NN1)C=2C=CN=CC2,2.194,O=C(NCc1ccncc1)c1ccc(=O)[nH]n1
XS840804b,CC1CCC=2C(C#N)=C(N=CN(C)C)SC2C1,0.322,c1cc2c(s1)CCCC2
XS846800a,C1=NN=C(N1)C2CCCN(C2)C=3N=CC=CN3,1.13,c1cnc(N2CCCC(c3nnc[nH]3)C2)nc1
XS846813a,C1=CSC(=C1)C2=NOC(=N2)C3COCCN3,5.608,c1csc(-c2noc(C3COCCN3)n2)c1
XS842431b,C=CCNC(=O)NC(C)C=1C=CC=C(O)C1,1.276,c1ccccc1
XS837321b,O=C1CCC(N1)C2=NN=C(N2)C3=CC=CS3,10.17,O=C1CCC(c2nnc(-c3cccs3)[nH]2)N1
XS846808a,CC(C(=O)NC=1C=CC=CC1)N2C=NC=N2,4.876,O=C(Cn1cncn1)Nc1ccccc1
XS639014b,CCC1C=2C=CC=CC2CCN1C(=O)CC3(N)CCC3,0.578,O=C(CC1CCC1)N1CCc2ccccc2C1
XS789712b,CC(CCC=1C=CC=CC1)NC(=O)C=2C=NC=CN2,0.722,O=C(NCCCc1ccccc1)c1cnccn1
XS840541b,C#CCC(NC=1N=CC(Br)=CN1)C(N)=O,7.926,c1cncnc1
BD008890b,CC(NC=1N=CN=C2C1C=NN2C)C=3C=CC=CN3,6.322,c1ccc(CNc2ncnc3[nH]ncc23)nc1
XS846814a,O=C(NC=1C=CC=CC1)C2CCOC=3C=CC=CC32,2.73,O=C(Nc1ccccc1)C1CCOc2ccccc21
XS841752b,CC(C)C(C)N(C)C(=O)C1CC2(C1)CC(C)(C)C2,0.572,C1CC2(C1)CCC2
XS838698b,OCC1CC2(CCCC2)CN1C=3C=CN=C(F)C3F,3.26,c1cc(N2CCC3(CCCC3)C2)ccn1
XS840081b,CC(C)=CCNC(=O)C1CC21CCS(=O)(=O)CC2,1.324,O=S1(=O)CCC2(CC2)CC1
XS846819a,CC(NC(=O)N(C)CC1=CC=CO1)C2=NN=CN2C,0.946,O=C(NCc1nnc[nH]1)NCc1ccco1
XS838544b,CC1(F)COCCN(C1)C=2C=C(C#N)N=C(C#N)C2,0.94,c1cc(N2CCCOCC2)ccn1
XS846823a,O=C(C=1C=CNN1)N2CCNC(=O)C2C=3C=CC=CC3,1.884,O=C1NCCN(C(=O)c2cc[nH]n2)C1c1ccccc1
XS842125b,C#CC(NC(=O)C=1C=CN=CC1F)C2CCOCC2,0.598,O=C(NCC1CCOCC1)c1ccncc1
XS837353b,CC(C(=O)O)N1C=C(N=N1)C2=CC=C(Cl)S2,1.95,c1csc(-c2c[nH]nn2)c1
XS846820a,CC1CCC=2C(=CSC2C1)C(=O)N3CCOCC3,0.4,O=C(c1csc2c1CCCC2)N1CCOCC1
XS846821a,CCNC(=O)C1CC(=NO1)C2=CC=C(Cl)S2,1.488,c1csc(C2=NOCC2)c1
XS846822a,NC=1C=CC=2C(=O)N(C(=O)C2C1)C3CCCNC3=O,1.352,O=C1NCCCC1N1C(=O)c2ccccc2C1=O
XS507488b,O=C(NCCC=1C=CC=CC1)C2CCS(=O)(=O)C2,6.998,O=C(NCCc1ccccc1)C1CCS(=O)(=O)C1
XS836594b,CC(N(C)C(=O)CN1C=NC(=N1)[N+]([O-])=O)C(C)(C)C,6.376,c1nc[nH]n1
XS846817a,CC(NC(=O)C(C)(C)C)C=1C=CC(=CC1)N2C=CN=C2,3.16,c1ccc(-n2ccnc2)cc1
XS585120b,CC1(CCN(C1)C(=O)C=2C=CC(Cl)=CC2F)C(=O)O,3.074,O=C(c1ccccc1)N1CCCC1
XS846828a,CC(OC=1C=CC=CC1C#N)C(=O)NC=2C=CC=CC2F,0.444,O=C(COc1ccccc1)Nc1ccccc1
XS839396b,CC(C1=CC=CS1)C2=NOC(CN3C=CC(N)=N3)=N2,1.87,c1csc(Cc2noc(Cn3cccn3)n2)c1
XS846832a,CCN1C=C(C=N1)NC(=O)NCC2CC=3C=CC=CC3O2,2.742,O=C(NCC1Cc2ccccc2O1)Nc1cn[nH]c1
XS842359b,CC(NC=1C=CC=C(C1)C2=NN=CN2)C=3C=CC(F)=CC3,5.028,c1ccc(CNc2cccc(-c3nnc[nH]3)c2)cc1
XS846835a,O=C(C=1C=CN=CC1)N2CCCC2CC=3C=CC(F)=CC3,2.582,O=C(c1ccncc1)N1CCCC1Cc1ccccc1
XS839927b,CN(CC=1C=CC(F)=C(F)C1)C(=O)NCC2COCO2,0.498,O=C(NCc1ccccc1)NCC1COCO1
XS839746b,CC(C)S(C)(=O)=NC(=O)C1=CC(=NN1C)C(F)F,3.896,c1cn[nH]c1
XS846826a,O=C(NC1CCSC=2C=CC(F)=CC21)C=3C=COC3,0.88,O=C(NC1CCSc2ccccc21)c1ccoc1
XS839689b,O=C(NN1CCCC1=O)C2SCCC=3C=CC=CC32,5.602,O=C(NN1CCCC1=O)C1SCCc2ccccc21
XS840068b,COC(C)CS(=O)(=O)NC1=NC(=NN1C)C2CC2,0.788,c1nc(C2CC2)n[nH]1
XS837342b,COC(CN(C)C1=NC=C(Cl)C(=O)N1)C2CCCC2,1.736,O=c1ccnc(NCCC2CCCC2)[nH]1
XS846827a,CC(C)C1=NN=C2C(C)N(CCN12)C(=O)C=3C=CC=NC3,2.326,O=C(c1cccnc1)N1CCn2cnnc2C1
XS846833a,CCCC(C)NC(=O)NC=1C=CC=C(C1)C2=NN=CO2,0.634,c1ccc(-c2nnco2)cc1
XS773668b,NC(=O)C1(O)CCCN(C1)C(=O)CCC=2C=CC(F)=CC2,8.298,O=C(CCc1ccccc1)N1CCCCC1
XS846846a,CC(C)CC(C)N(C)C(=O)NC=1C=CC(F)=C(C1)C(N)=O,0.92,c1ccccc1
XS846840a,CC1CNCCN1S(=O)(=O)C=2C=CC=C3N=CC=CC23,37.828,O=S(=O)(c1cccc2ncccc12)N1CCNCC1
XS846836a,CN1N=C(CCC1=O)C(=O)N2CCCC(C2)N3C=CC=N3,0.63,O=C1CCC(C(=O)N2CCCC(n3cccn3)C2)=NN1
XS846844a,O=C(CN1N=NC=2C=CC=CC21)NC3CCCCNC3=O,3.064,O=C(Cn1nnc2ccccc21)NC1CCCCNC1=O
XS846848a,CC(NC=1C=CC=2OCC(=O)NC2C1)C(=O)N3CCCC3,2.948,O=C1COc2ccc(NCC(=O)N3CCCC3)cc2N1
XS846850a,CC(=O)N1N=C(CC1C=2C=CC(F)=CC2)C3=CC=CS3,2.296,c1ccc(C2CC(c3cccs3)=NN2)cc1
XS846841a,CCNC=1N=C(N=C2C=CC=CC12)SC(C)C(=O)NC,0.37,c1ccc2ncncc2c1
XS569359b,CC=1C=C(C(=O)N2CCCC(C)(CO)C2)C3=NNC=C3C1,6.576,O=C(c1cccc2c[nH]nc12)N1CCCCC1
XS841086b,CN1CC(CC1=O)N(CCS(=O)(=O)F)CC2(F)CC2,0.584,O=C1CC(NCC2CC2)CN1
XS203473c,CC=1C=CC(=C(C1)OCC(O)CN2CCOCC2)C(C)C,0.56,c1ccc(OCCCN2CCOCC2)cc1
XS846842a,CC=1C=CC(SCC(=O)NC(C)(C#N)C2CC2)=C(C)C1,1.974,O=C(CSc1ccccc1)NCC1CC1
XS846838a,O=C(NCC1CCN(C1)C=2C=CC(F)=CC2)NC3CCC3,0.664,O=C(NCC1CCN(c2ccccc2)C1)NC1CCC1
XS717115b,NC(=O)C(C=1C=CC=CC1)N2CCN(CC2)C=3C=CC=CN3,2.49,c1ccc(CN2CCN(c3ccccn3)CC2)cc1
XS842141b,C=CC(C)(O)CC(=O)N1CCN(CC1)C=2C=CC(O)=CC2,1.11,c1ccc(N2CCNCC2)cc1
XS846843a,CSC=1N=CC=CC1C(=O)NC(C)C=2C=CC(F)=CC2,2.77,O=C(NCc1ccccc1)c1cccnc1
XS574179b,CCN1C=C(C=N1)C(=O)N2CCCCC2C3=NNC(C)=N3,4.282,O=C(c1cn[nH]c1)N1CCCCC1c1nc[nH]n1
XS846847a,CCOCCCC(=O)NC1CCSC=2C=CC(F)=CC21,1.926,c1ccc2c(c1)CCCS2
XS837794b,CC(O)(C(=O)NC1(CC(N)=O)CCCCC1)C(F)(F)F,0.678,C1CCCCC1
XS840072b,CC(C1=CC=C(O1)C(=O)O)N2CC=C(CC2)C(F)(F)F,1.176,C1=CCN(Cc2ccco2)CC1
XS841931b,CC1CN(CC2=NN=C(S2)C3CCC3)S(=O)(=O)C1,5.492,O=S1(=O)CCCN1Cc1nnc(C2CCC2)s1
XS836890b,C1=CN(C=N1)C=2C=CN=C(N2)NC(C3CC3)C4CCOCC4,1.256,c1cn(-c2ccnc(NC(C3CCOCC3)C3CC3)n2)cn1
XS846863a,COC=1C=CC(OC)=C(C1)C(C)NC(=O)C=2C=NC(C)=CN2,3.384,O=C(NCc1ccccc1)c1cnccn1
XS811517b,COC=1C=CC=CC1CN(C(=O)C2CCC(=O)NC2)C3CC3,10.188,O=C1CCC(C(=O)N(Cc2ccccc2)C2CC2)CN1
XS846852a,CCC1=CC=C(O1)C(=O)N2CCCC2C=3C(C)=NN(C)C3C,2.384,O=C(c1ccco1)N1CCCC1c1cn[nH]c1
XS846854a,O=C(COC(=O)C1=NNC=2C=CC=CC12)NCC3CCCO3,2.346,O=C(COC(=O)c1n[nH]c2ccccc12)NCC1CCCO1
XS846856a,CCC1=NOC(CS(=O)(=O)C(C)C=2C=CC(F)=CC2)=N1,1.4,O=S(=O)(Cc1ccccc1)Cc1ncno1
XS585969b,CC1=NON=C1CNC(=O)N2CCCC2C=3C=CC=C(F)C3,0.916,O=C(NCc1cnon1)N1CCCC1c1ccccc1
XS846855a,CN1CCC(C(=O)NC2=C3CCCC3=CC=4CCCC24)C1=O,12.88,O=C1NCCC1C(=O)Nc1c2c(cc3c1CCC3)CCC2
XS842451b,CC(NC(=O)CCN1C=CN=N1)C23CC4CC(CC(C4)C3)C2,0.898,O=C(CCn1ccnn1)NCC12CC3CC(CC(C3)C1)C2
XS390405b,CC=1C=CC=C(C1C)N2CC(CC2=O)C(=O)NC3=NN=CN3,2.082,O=C(Nc1nnc[nH]1)C1CC(=O)N(c2ccccc2)C1
XS846859a,CN(CC=1C=CC(O)=CC1)C(=O)C2COC=3C=CC=CC3O2,0.686,O=C(NCc1ccccc1)C1COc2ccccc2O1
XS846862a,CC=1C=CC(C)=C(C1)OCCC(=O)N2CCCC(C2)C(=O)O,1.268,O=C(CCOc1ccccc1)N1CCCCC1
XS840443b,C#CCC(NS(=O)(=O)C1=CC=2C=CC=CC2CC1)C(N)=O,3.056,C1=Cc2ccccc2CC1
XS628343b,CC=1C=CC(=CC1C)OCCCC(=O)NC2CCC(=O)NC2,2.194,O=C1CCC(NC(=O)CCCOc2ccccc2)CN1
XS846864a,CC1C=2C=CSC2CCN1C(=O)C=3C=CC(=CN3)C(N)=O,2.738,O=C(c1ccccn1)N1CCc2sccc2C1
XS841695b,CC(C(=O)N1CCC21COC2)C=3C(Cl)=CC=CC3Cl,2.946,O=C(Cc1ccccc1)N1CCC12COC2
XS837959b,O=C(CNC(CO)C(F)(F)F)NC=1C=CC=2CCCC2C1,1.592,c1ccc2c(c1)CCC2
XS841106b,O=C(CN1C=C(N=N1)C2CC2)N3CCC(C3)S(=O)(=O)F,2.458,O=C(Cn1cc(C2CC2)nn1)N1CCCC1
XS846861a,O=C(O)CCC1CCCN(C1)C(=O)C2=CC=3C=CC=CC3O2,0.8,O=C(c1cc2ccccc2o1)N1CCCCC1
XS846865a,CC=1C=CC=2C(=COC2C1C)CC(=O)NC3CCCNC3=O,12.174,O=C(Cc1coc2ccccc12)NC1CCCNC1=O
XS846853a,CCNC(=O)COC=1N=CN=C2SC=3CC(C)CCC3C12,1.942,c1ncc2c3c(sc2n1)CCCC3
XS846869a,COCCOC=1C=C(C=CN1)C(=O)N2CC(C)C=3C=CC=CC32,2.616,O=C(c1ccncc1)N1CCc2ccccc21
XS846868a,CC=1C=CC=C(C1)C(=O)N2CCCC(C2)N3C=C(C=N3)C(=O)O,4.318,O=C(c1ccccc1)N1CCCC(n2cccn2)C1
XS846870a,CC1=NC(CC(=O)N2CCNC(=O)C2CC(C)C)=C(C)S1,1.202,O=C1CN(C(=O)Cc2cscn2)CCN1
XS836809b,CNS(=O)(=O)C1CCN(CC2=NC=3C=CC(F)=CC3O2)C1,1.622,c1ccc2oc(CN3CCCC3)nc2c1
XS838087b,O=C(NC1CCN(CC2=CCCCC2)CC1)C3CCCS3,1.03,O=C(NC1CCN(CC2=CCCCC2)CC1)C1CCCS1
XS846875a,CC(CCC=1C=CC=CC1)NC(=O)C=2C=CC(=CC2)NC(N)=O,1.15,O=C(NCCCc1ccccc1)c1ccccc1
XS846878a,CC(C)N1CC(CC1=O)C(=O)NC=2C=CC(Cl)=C(Cl)C2,20.508,O=C1CC(C(=O)Nc2ccccc2)CN1
XS414574b,CN1C=CN=C1C(NC(=O)C=2C=NC=CN2)C=3C=CC=CC3F,4.254,O=C(NC(c1ccccc1)c1ncc[nH]1)c1cnccn1
XS683076b,O=C(C=1C=CC=CC1F)N2CCCC2C3=NC=4C=CC=CC4N3,1.08,O=C(c1ccccc1)N1CCCC1c1nc2ccccc2[nH]1
XS846873a,C=C1C=2C=CC=CC2C(=O)N1C(C)C(=O)NC=3C=CC=CC3O,0.814,C=C1c2ccccc2C(=O)N1CC(=O)Nc1ccccc1
XS764065b,CCN(CCC=1C=CC=CC1)C(=O)NC2CCS(=O)(=O)C2,3.92,O=C(NCCc1ccccc1)NC1CCS(=O)(=O)C1
XS846879a,NC(=O)C1CCN(C1)C(=O)CC=2C=CC(=CC2)C=3C=CC=CC3,1.812,O=C(Cc1ccc(-c2ccccc2)cc1)N1CCCC1
XS846872a,CC=1C=CC(=CC1C)C2=CN=C(CCC(=O)NC(C)C3CC3)O2,1.324,O=C(CCc1ncc(-c2ccccc2)o1)NCC1CC1
XS839005b,COC=1C=CC=C2CN(CCOC12)C(=O)C(F)C(F)(F)F,1.644,c1ccc2c(c1)CNCCO2
XS846874a,COC=1C=CC(Cl)=CC1N2CC(CC2=O)C(=O)NC(C)C,1.38,O=C1CCCN1c1ccccc1
XS832537b,COC=1C=CC=2CN(CCOC2C1)C(C(=O)O)C=3C=CC=CC3,2.618,c1ccc(CN2CCOc3ccccc3C2)cc1
XS846887a,CC=1C=CC(=CC1)C=2C=C(CN3CCCC(O)(C3)C(N)=O)ON2,1.278,c1ccc(-c2cc(CN3CCCCC3)on2)cc1
XS839686b,CC=1C=CC(=CC1)C2CC(=NN2S(C)(=O)=O)C3CCCCC3,1.344,c1ccc(C2CC(C3CCCCC3)=NN2)cc1
XS617124b,CC(C1=NC(=NO1)C=2C=CC(Cl)=CC2)S(=O)(=O)CCO,2.16,c1ccc(-c2ncon2)cc1
XS846892a,COC(=O)CC(NC(=O)C=1C=NC=CN1)C=2C=CC(Cl)=CC2,2.41,O=C(NCc1ccccc1)c1cnccn1
XS846890a,CCC1=NOC(=N1)C(C)N(C)CC(=O)NC=2C=CC=C(C)C2C,3.266,O=C(CNCc1ncno1)Nc1ccccc1
XS782979b,CC(NC(=O)N1CCOCC1)C2=NC(=CS2)C=3C=CC=CC3,1.852,O=C(NCc1nc(-c2ccccc2)cs1)N1CCOCC1
XS466496b,O=S1(=O)CCC2(C1)CCCN(C2)C=3C=CN=C4C=CC=CC34,1.138,O=S1(=O)CCC2(CCCN(c3ccnc4ccccc34)C2)C1
XS579521b,CC=1C=CC=CC1C(C)(C)CNC(=O)C2CCCN(C2)C(N)=O,1.488,O=C(NCCc1ccccc1)C1CCCNC1
XS678189b,O=C(O)CC1CCCN(C1)C(=O)C=2C=C(ON2)C=3C=CC=CC3,13.502,O=C(c1cc(-c2ccccc2)on1)N1CCCCC1
XS846889a,CC=1NC(=O)NC(=O)C1CCC(=O)NC(C)C=2C=CC=CC2F,0.582,O=C(CCc1c[nH]c(=O)[nH]c1=O)NCc1ccccc1
XS840848b,COC=1C=C(C(F)=CC1[N+]([O-])=O)N2CCCC(C2)N3C=CC=N3,3.974,c1ccc(N2CCCC(n3cccn3)C2)cc1
XS846886a,CC1=NC2=C(CCCC2CN(C)C(=O)C=3C=NN(C)C3N)S1,1.742,O=C(NCC1CCCc2scnc21)c1cn[nH]c1
XS667747b,O=C(CCOC=1C=CC=CC1F)N2CCCC(C2)N3C=CC=N3,8.932,O=C(CCOc1ccccc1)N1CCCC(n2cccn2)C1
XS846885a,CC1(C)C(=O)NC=2C=CC(=CC21)C(=O)NC3CCC(=O)NC3=O,1.884,O=C1CCC(NC(=O)c2ccc3c(c2)CC(=O)N3)C(=O)N1
XS427692b,CC(C)(C)OC=1C=CC=CC1NC(=O)N2CCCC(C2)C(N)=O,0.686,O=C(Nc1ccccc1)N1CCCCC1
XS846888a,O=C(COC=1C=CC=C(Cl)C1)NC(C=2C=CC=CC2)C3CC3,2.422,O=C(COc1ccccc1)NC(c1ccccc1)C1CC1
XS841342b,CC1=NN=C2N1CCC2(C)C(=O)NC3=NN=C(S3)C4CCC4,1.676,O=C(Nc1nnc(C2CCC2)s1)C1CCn2cnnc21
XS837026b,CC(NC(=O)C=1C(N)=NC=CC1C(F)(F)F)C2=NOC(O)=N2,1.702,O=C(NCc1ncon1)c1cccnc1
XS841206b,O=C(NC=1C=CC=2C=NNC2N1)C3CCOC4(CCOCC4)C3,8.316,O=C(Nc1ccc2cn[nH]c2n1)C1CCOC2(CCOCC2)C1
XS846884a,CN(C(=O)C=1C=CC(=CC1)N2C=NC=N2)C3CCS(=O)(=O)C3,11.806,O=C(NC1CCS(=O)(=O)C1)c1ccc(-n2cncn2)cc1
XS846895a,O=S(=O)(NCCCN1C=NC=N1)N2CCCC2C3=CC=CO3,2.652,O=S(=O)(NCCCn1cncn1)N1CCCC1c1ccco1
XS840975b,C#CC(CC=1C=CC(F)=CC1F)N(C)C(=O)CN2NN=NC2=O,2.752,O=C(Cn1[nH]nnc1=O)NCCc1ccccc1
XS846897a,CC1=NN=C(C=2C=CC=C(C#N)C2)N1C3CCCN(C3=O)C(C)C,18.196,O=C1NCCCC1n1cnnc1-c1ccccc1
XS846905a,CC1=CC(C)=NN1CC=2C=CC=C(C2)C(=O)N3CCCC3C(C)C,14.032,O=C(c1cccc(Cn2cccn2)c1)N1CCCC1
XS840102b,CC1(CO)CCN1S(=O)(=O)C=2C=CC(=CC2)OC(F)(F)F,1.64,O=S(=O)(c1ccccc1)N1CCC1
XS839023b,CC(CC1(O)CCC1)NC(=O)C=2SC=3N=CC=CC3C2Cl,3.288,O=C(NCCC1CCC1)c1cc2cccnc2s1
XS515178b,CC(C)C1=NC(=NO1)C2CCCN(C2)C(=O)C=3C=CC(C#N)=CN3,4.834,O=C(c1ccccn1)N1CCCC(c2ncon2)C1
XS846904a,COC=1C=CC(=CC1)CN(C)C(C(=O)NC2CC2)C=3C=CC=CC3,1.468,O=C(NC1CC1)C(NCc1ccccc1)c1ccccc1
XS400784b,C1=CN(CC2CN(CC3=COC(=N3)C=4C=CC=CC4)CCO2)N=C1,2.404,c1ccc(-c2nc(CN3CCOC(Cn4cccn4)C3)co2)cc1
XS664191b,O=C(NC(C=1C=CC(Cl)=CC1)C2CC2)C3=NC=CN4C=CN=C34,2.64,O=C(NC(c1ccccc1)C1CC1)c1nccn2ccnc12
XS846893a,CN1C(=O)C=2C=CC=CC2NC1C3=CC=C(Br)S3,1.776,O=C1NC(c2cccs2)Nc2ccccc21
XS846896a,O=C(NC=1C=C(C=CC1O)C(F)(F)F)C2CCS(=O)(=O)C2,0.94,O=C(Nc1ccccc1)C1CCS(=O)(=O)C1
XS846899a,CCC(CC(=O)NCC=1C=CC=2OC(=O)NC2C1)C=3C=CC=CC3,0.842,O=C(CCc1ccccc1)NCc1ccc2oc(=O)[nH]c2c1
XS842701b,O=C(NC1CCNC1)C=2C=NC(=CN2)C=3C=CC(=CC3)C4CCC4,2.082,O=C(NC1CCNC1)c1cnc(-c2ccc(C3CCC3)cc2)cn1
XS839231b,CC(O)(CN1OC=2C=C(Br)C=CC2C1=O)C(F)F,9.418,O=c1[nH]oc2ccccc12
XS846900a,CC1(CCS(=O)(=O)C1)NC(=O)CN(CC2=CC=CO2)C3CC3,9.592,O=C(CN(Cc1ccco1)C1CC1)NC1CCS(=O)(=O)C1
XS837425b,CCC1CCC=2SC(=CC2C1)C(=O)N3CCN4C(C)=NN=C4C3,1.49,O=C(c1cc2c(s1)CCCC2)N1CCn2cnnc2C1
XS746324b,CC1=NOC(C)=C1CN(C)C(=O)NC2CCCCC=3C=CC=CC32,1.164,O=C(NCc1cnoc1)NC1CCCCc2ccccc21
XS846910a,COC1=CN(N=C1C(=O)OC2CCCCNC2=O)C=3C=CC=CC3,3.92,O=C(OC1CCCCNC1=O)c1ccn(-c2ccccc2)n1
XS664415b,O=C1C=2C=CC=CC2C=NN1CC(O)COCC=3C=CC=CC3F,0.948,O=c1c2ccccc2cnn1CCCOCc1ccccc1
XS329697c,O=C(O)C1(CCN(C1)C(=O)C=2C=CC=C3CCCC23)C(F)(F)F,0.726,O=C(c1cccc2c1CCC2)N1CCCC1
XS838267b,COCCC1CCCN(C1)C2=CC=CC(=O)N2CC=3C=CC=CC3,3.692,O=c1cccc(N2CCCCC2)n1Cc1ccccc1
XS839176b,CC1=CON=C1NC(=O)N2CCC(C2)N3N=NN=C3C(F)(F)F,6.796,O=C(Nc1ccon1)N1CCC(n2cnnn2)C1
XS842453b,CC=1C=C(N(C)N1)N2CCC(C2=O)N3N=C(OC3=O)C4=CC=CO4,3.364,O=C1C(n2nc(-c3ccco3)oc2=O)CCN1c1ccn[nH]1
XS846914a,COC=1C=C(C=C2OCCOC12)C(=O)NC(C)C=3C=CC=CC3C,3.5,O=C(NCc1ccccc1)c1ccc2c(c1)OCCO2
XS427977b,COC=1C=CC(=CC1)NC(=O)N2CCC(C2)C=3C=CC(=CC3)OC,0.614,O=C(Nc1ccccc1)N1CCC(c2ccccc2)C1
XS598812b,CCNC(=O)C1(CCCC1)NC(=O)CC(C)C=2C=CC(=CC2)CC,4.334,O=C(CCc1ccccc1)NC1CCCC1
XS846919a,CCCC(C)NC(=O)C1=CN(N=C1C=2C=CC=NC2)C=3C=CC=CC3,7.276,c1ccc(-n2ccc(-c3cccnc3)n2)cc1
XS838636b,COC1=CC=CN2C(=O)C=C(N=C12)NC(C)C=3SC=CC3Cl,1.736,O=c1cc(NCc2cccs2)nc2ccccn12
XS846918a,CC(=O)NCC1CCN2N=CC(C(=O)N3CCOCC43CC4)=C2C1,14.348,O=C(c1cnn2c1CCCC2)N1CCOCC12CC2
XS839339b,CC(C)C(NC(=O)NC=1C=CC=2OCCOC2N1)C=3C=NN(C)C3,2.164,O=C(NCc1cn[nH]c1)Nc1ccc2c(n1)OCCO2
XS846917a,COC=1C=CC=CC1C(C#N)NC(=O)C2=CNC(=O)C=3C=CC=CC23,0.91,O=C(NCc1ccccc1)c1c[nH]c(=O)c2ccccc12
XS738728b,CNC(=O)C=1C=CC=C(C1)NC(=O)C2SCCC=3SC=CC32,4.45,O=C(Nc1ccccc1)C1SCCc2sccc21
XS790571b,CN1C=NN=C1C2CCCN(C2)C(=O)COC=3C=CC(Cl)=CC3,4.656,O=C(COc1ccccc1)N1CCCC(c2nnc[nH]2)C1
XS846915a,CC=1C=CC=CC1C2CCN(C2)C(=O)C=3C=CC(=NC3)N4C=CN=C4,15.322,O=C(c1ccc(-n2ccnc2)nc1)N1CCC(c2ccccc2)C1
XS846922a,O=C(NCC1(CCCCC1)C=2C=CC(Cl)=CC2)C3CCC(=O)N3,3.506,O=C1CCC(C(=O)NCC2(c3ccccc3)CCCCC2)N1
XS535035b,COCC1=NNC(=N1)C2CCCCN2C(=O)C=3C=CC(Cl)=CN3,4.754,O=C(c1ccccn1)N1CCCCC1c1ncn[nH]1
XS608427b,CC(=O)NC(CC(=O)N(CC(F)(F)F)C1CC1)C2=CC=CS2,15.85,O=C(CCc1cccs1)NC1CC1
XS839006b,COC(=O)C1(CCN(C1)C=2C=CN=C(C2)C(F)F)C=3C=CC=CC3,0.734,c1ccc(C2CCN(c3ccncc3)C2)cc1
XS838218b,CN1N=NC=C1CC(=O)NC2CN(CC2(C)C)C=3C=C(F)N=CN3,6.516,O=C(Cc1cnn[nH]1)NC1CCN(c2ccncn2)C1
XS842003b,CS(=O)(=O)NC=1C=CC(F)=CC1C(=O)NC2CC32CCCCC3,8.056,O=C(NC1CC12CCCCC2)c1ccccc1
XS491488b,C1=CN2C(=CC=CC2=N1)CN3CCCCC3C4=NN=C(O4)C5CCC5,1.1,c1cc(CN2CCCCC2c2nnc(C3CCC3)o2)n2ccnc2c1
XS619654b,CC1=NOC(=N1)C2CCCN(C2)C(=O)C=3C=CC=CC3C(F)(F)F,2.806,O=C(c1ccccc1)N1CCCC(c2ncno2)C1
XS846931a,CC=1C=CC(=CC1F)C2=NOC(CS(=O)(=O)CC3CCCO3)=N2,6.958,O=S(=O)(Cc1nc(-c2ccccc2)no1)CC1CCCO1
XS734815b,O=C(CC=1C=CC=CC1O)N2CCCC2C3=NC=4C=CC=CC4S3,1.182,O=C(Cc1ccccc1)N1CCCC1c1nc2ccccc2s1
XS846928a,CN1C=NN=C1CC2(O)CCCN(C2)C=3N=C4C=CC=CN4C3C#N,0.516,c1ccn2cc(N3CCCC(Cc4nnc[nH]4)C3)nc2c1
XS836907b,CC1(C)CN(CC(O1)C(F)(F)F)C(=O)CN2CCC(=O)NC2=O,15.826,O=C1CCN(CC(=O)N2CCOCC2)C(=O)N1
XS846933a,CN(CC1COC=2C=CC=CC2O1)C(=O)C=3C=CC(=NC3)NC4CC4,6.99,O=C(NCC1COc2ccccc2O1)c1ccc(NC2CC2)nc1
XS469353b,CC(=O)NC1(CCN(C1)C=2N=CC(Cl)=CC2F)C3=NOC(C)=N3,1.83,c1ccc(N2CCC(c3ncon3)C2)nc1
XS333520c,CNC(=O)C1=NC(=NN1)C2CCN(CC2)C(=O)C3CC=4C=CC=CC43,2.132,O=C(C1Cc2ccccc21)N1CCC(c2nc[nH]n2)CC1
XS471159b,CN1C=C(C=N1)C2=CN(N=N2)C(C(=O)NC3CC3)C=4C=CC(F)=CC4,1.11,O=C(NC1CC1)C(c1ccccc1)n1cc(-c2cn[nH]c2)nn1
XS846926a,CC(C)CN1N=CN=C1CN2C(=O)CC3(CCC=4C=CC=CC43)C2=O,8.298,O=C1CC2(CCc3ccccc32)C(=O)N1Cc1ncn[nH]1
XS846929a,CCC=1NC=CC1C(=O)N2CCC=3NC=NC3C2C=4C=CC(F)=CC4,1.228,O=C(c1cc[nH]c1)N1CCc2[nH]cnc2C1c1ccccc1
XS640463b,CC1=CC(=NN1CCC#N)NC(=O)C2CN(C)C(=O)C=3C=CC=CC32,2.794,O=C1NCC(C(=O)Nc2cc[nH]n2)c2ccccc21
XS842671b,CN1CCC(C(=O)NC(C)(C)C=2C=C(ON2)C(F)F)S1(=O)=O,1.218,O=C(NCc1ccon1)C1CCNS1(=O)=O
XS655940b,CC1=CC(=NN1)C2CCCN(C2)C(=O)C=3C=CC(=CC3)OCC4CC4,1.034,O=C(c1ccc(OCC2CC2)cc1)N1CCCC(c2cc[nH]n2)C1
XS813314b,CC(C)C1=NC(=NO1)C2CCCN(C2)C3=NC4=C(C=NN4C)C(=O)N3,0.642,O=c1[nH]c(N2CCCC(c3ncon3)C2)nc2[nH]ncc12
XS461793b,CCC(NC(=O)C=1C(C)=NN2C(C)=CC(C)=NC12)C3=NC(C)=CS3,6.594,O=C(NCc1nccs1)c1cnn2cccnc12
XS846935a,CC=1N=C(SC1C(C)NC(=O)C2(C)CCOCC2)C=3C=CC=CC3,1.926,O=C(NCc1cnc(-c2ccccc2)s1)C1CCOCC1
XS846934a,CC(C)C(=O)NCC1CCCN(C1)C(=O)C2=CC=3C=CC=CC3N2C,1.342,O=C(c1cc2ccccc2[nH]1)N1CCCCC1
XS846943a,CC(C(=O)N1CCCC1)N2CCN(CC2)C=3OC(=NC3C#N)C4CC4,4.348,O=C(CN1CCN(c2cnc(C3CC3)o2)CC1)N1CCCC1
XS787581b,COC=1C=C(C=CC1OCCO)C(C)NC=2N=NC(C)=C(C)C2C#N,7.96,c1ccc(CNc2cccnn2)cc1
XS846945a,CC1CC(=O)NC=2C=CC=CC2N1C(=O)COC(=O)C3=CC=CS3,5.614,O=C1CCN(C(=O)COC(=O)c2cccs2)c2ccccc2N1
XS846938a,CC1=CC(=NN1)C2CCCN(C2)C(=O)C=3C=C(C)N(CC4CC4)C3C,0.948,O=C(c1ccn(CC2CC2)c1)N1CCCC(c2cc[nH]n2)C1
XS841801b,O=C(C1CSC=2C=CC=CC2O1)N3CCC(CC4=CN=NN4)CC3,5.156,O=C(C1CSc2ccccc2O1)N1CCC(Cc2cnn[nH]2)CC1
XS836539b,CC1CCC=2C=CC=CC2N1C(=O)CN3N=NN=C3C4CCOCC4,2.698,O=C(Cn1nnnc1C1CCOCC1)N1CCCc2ccccc21
XS846954a,CC=1C=CC=C(C1)C(CC(=O)NC2=NC(=CS2)C(C)C)NC(N)=O,2.848,O=C(CCc1ccccc1)Nc1nccs1
XS846956a,COCCN1N=C(C=CC1=O)C(=O)NC(CC(C)C)C2=CC=CS2,0.856,O=C(NCc1cccs1)c1ccc(=O)[nH]n1
XS840202b,O=C1CC(CN1)NCCS(=O)(=O)C=2C=CC=C(Br)C2,2.858,O=C1CC(NCCS(=O)(=O)c2ccccc2)CN1
XS842547b,CN1C=CC(=C1)C(NC(=O)CCC(=O)NC2CCCC2)C(F)(F)F,0.534,O=C(CCC(=O)NC1CCCC1)NCc1cc[nH]c1
XS842570b,CC(NS(=O)(=O)C=1C=CC=C(Cl)C1)C(=O)NC2=NC=CS2,3.188,O=C(CNS(=O)(=O)c1ccccc1)Nc1nccs1
XS839692b,CC(C#N)CNC(=O)NC=1C=CC(F)=C(C1)NC(=O)C=2C=CSC2,2.94,O=C(Nc1ccccc1)c1ccsc1
XS846955a,CC=1C=C(C(=O)NC(C)C=2C=CC(F)=C(F)C2)C=3C(=O)NN(C)C3N1,5.634,O=C(NCc1ccccc1)c1ccnc2[nH][nH]c(=O)c12
XS599308b,CC(C)C1=NOC(=N1)C(NC(=O)C=2C=CC(F)=CN2)C3CCOCC3,0.858,O=C(NC(c1ncno1)C1CCOCC1)c1ccccn1
XS805655b,CSC=1C=CC(=CC1)CN(C)C(C)C2=NN=C(O2)C3=CC=CS3,7.892,c1ccc(CNCc2nnc(-c3cccs3)o2)cc1
XS740223b,CCC(CC)N1N=CC(C(=O)NC2COC=3C(Cl)=CC=CC32)=C1C,1.854,O=C(NC1COc2ccccc21)c1cn[nH]c1
XS846951a,CC1=NOC(CCCC(=O)NC2CCCOC=3C=C(Cl)C=CC32)=N1,6.528,O=C(CCCc1ncno1)NC1CCCOc2ccccc21
XS619200b,O=C(C=1C=CC=2OCC(=O)NC2C1)N(C3CC3)C4CCC=5C=CC=CC54,2.372,O=C1COc2ccc(C(=O)N(C3CC3)C3CCc4ccccc43)cc2N1
XS846952a,COC(=O)CC(NC(=O)C=1SC(C)=NC1C)C=2C=CC(=CC2)OC,4.784,O=C(NCc1ccccc1)c1cncs1
XS839115b,O=S(=O)(C=1C=C(C=CN1)C(F)(F)F)N2CCC(C2)C=3N=NNN3,0.382,O=S(=O)(c1ccccn1)N1CCC(c2nn[nH]n2)C1
XS846957a,CC(OC(=O)C1CCN(CC1)C=2C=CC(=CN2)C(F)(F)F)C(N)=O,8.478,c1ccc(N2CCCCC2)nc1
XS846953a,CC(NC(=O)COC=1C=CC(=CC1)CC(=O)O)C=2C=CC=CC2Cl,6.234,O=C(COc1ccccc1)NCc1ccccc1
XS772598b,COC=1C=C(C=CC1C#N)CN2CCN(C)C(C2)C3=NC(=NO3)C4CC4,0.934,c1ccc(CN2CCNC(c3nc(C4CC4)no3)C2)cc1
XS841047b,COCCC(NC=1C=C(C#N)C2=CC(Cl)=CC=C2N1)C3=CC=C(C)O3,1.392,c1coc(CNc2ccc3ccccc3n2)c1
XS838820b,CC(C)C1=NOC(CCC(=O)NC(C(=O)O)C=2C=CC=CC2Cl)=N1,0.884,O=C(CCc1ncno1)NCc1ccccc1
XS846958a,CC(NC(=O)CN(C)CC=1C=CC(Cl)=CC1Cl)C2=CC=CS2,1.55,O=C(CNCc1ccccc1)NCc1cccs1
XS840103b,CC=1C=C(N(C)N1)N2CCCC(NC3=NC=4C=CC=C(F)C4N3C)C2=O,1.892,O=C1C(Nc2nc3ccccc3[nH]2)CCCN1c1ccn[nH]1
XS846962a,COCC1(COC=2C=CC=CC2C1)NC(=O)C=3C=CN=C4C3N=NN4C,4.816,O=C(NC1COc2ccccc2C1)c1ccnc2[nH]nnc12
XS838074b,CN1C=C(N=N1)C(C)(C)NC(=O)CC(N2CCOCC2)C(F)(F)F,2.518,O=C(CCN1CCOCC1)NCc1c[nH]nn1
XS837806b,CC(COC=1C=CC(=CC1)C(C)(C)C)NC(=O)C=2C=NC=C3N=CNC23,0.668,O=C(NCCOc1ccccc1)c1cncc2nc[nH]c12
XS838552b,C=CCC1(CCCCN1C(=O)CC=2N=NN(N2)C(C)(C)C)C(=O)OC,0.4,O=C(Cc1nn[nH]n1)N1CCCCC1
XS841312b,N#CC=1C=CC(=CC1)C(CF)NC(=O)C2=CC=3C(=O)NCCCC3S2,6.538,O=C(NCc1ccccc1)c1cc2c(s1)CCCNC2=O
XS846960a,CCOC(=O)N1CCC(CC1)NC(=O)C(C)OC=2C=CC(=CC2)OC,3.94,O=C(COc1ccccc1)NC1CCNCC1
XS846963a,COC(=O)C=1C=CC(C)=C(C1)NC(=O)C2CC(=O)N(CC3=CC=CO3)C2,2.708,O=C(Nc1ccccc1)C1CC(=O)N(Cc2ccco2)C1
XS846961a,CC=1C=CC=C(C1)C2=NOC(CNC3(CO)COC=4C=CC=CC4C3)=N2,5.402,c1ccc(-c2noc(CNC3COc4ccccc4C3)n2)cc1
MR045527c,CC(CCNC(=O)C=1C=CC2=CC=CN=C2C1)N(C)C(=O)C3=COC=N3,2.612,O=C(NCCCNC(=O)c1cocn1)c1ccc2cccnc2c1
XS846979a,O=C(NCCC1=CNC=2C=C(F)C(Cl)=CC12)C3CCCS3(=O)=O,6.504,O=C(NCCc1c[nH]c2ccccc12)C1CCCS1(=O)=O
XS846969a,CC(C(=O)NC=1C=C(F)C=CC1F)N2CCN(CC2)C(=O)C3=CC=CO3,3.034,O=C(CN1CCN(C(=O)c2ccco2)CC1)Nc1ccccc1
XS837730b,CN1N=C(C(=O)NC(C(=O)O)C=2C=CC=CC2Cl)C=3C=C(F)C=CC31,3.104,O=C(NCc1ccccc1)c1n[nH]c2ccccc12
XS449397b,CC(C)N1N=CC=2C=C(C=NC21)C(=O)NC3(CO)COC=4C=CC=CC4C3,2.308,O=C(NC1COc2ccccc2C1)c1cnc2[nH]ncc2c1
XS841234b,CC(C(=O)N(C)C)S(=O)(=O)NC1=NC2=C(CCC=3C=CC=CC23)S1,2.924,c1ccc2c(c1)CCc1scnc1-2
XS846980a,O=C(NC1CCN(CC1)C(=O)C=2C=CN=CC2)C3CCCC=4C=CC=CC43,4.596,O=C(NC1CCN(C(=O)c2ccncc2)CC1)C1CCCc2ccccc21
XS846977a,CC(OC(=O)C1=CC=C(CN2C=CC=CC2=O)O1)C(=O)NC=3C=CC=CC3,6.756,O=C(COC(=O)c1ccc(Cn2ccccc2=O)o1)Nc1ccccc1
XS837458b,CC(C1=NC=C(O1)C(C)(C)C)S(=O)(=O)CC=2C=CC=C3C=CC=CC23,7.718,O=S(=O)(Cc1ncco1)Cc1cccc2ccccc12
XS837665b,CC=1CCN(N1)C=2C=CC(=CC2)C(=O)NC3(CO)COC=4C=CC=CC4C3,0.306,O=C(NC1COc2ccccc2C1)c1ccc(N2CCC=N2)cc1
XS838642b,O=S1(=O)CCCC=2C=CC=C(CN3C=4C=CC=CC4OCC3CO)C21,2.578,O=S1(=O)CCCc2cccc(CN3CCOc4ccccc43)c21
XS841507b,O=C(C1CCCN(C1)S(=O)(=O)CC=2C=CC=CC2)N3CCOCCN3,8.046,O=C(C1CCCN(S(=O)(=O)Cc2ccccc2)C1)N1CCOCCN1
XS798318b,CC(C)C(NC(=O)C1=CC=CS1)C(=O)NCC2=NC=3C=CC=CC3N2C,3.502,O=C(CNC(=O)c1cccs1)NCc1nc2ccccc2[nH]1
XS846985a,COC=1C=CC(=CC1OC)CN(C)C2CC(=O)N(CC=3C=CC=CC3)C2=O,2.146,O=C1CC(NCc2ccccc2)C(=O)N1Cc1ccccc1
XS839576b,CC(C)(C)OC(=O)C=1C=CC=C(C1)CCNC=2C=CC(=CN2)S(C)(=N)=O,4.032,c1ccc(CCNc2ccccn2)cc1
XS836633b,CC(C(=O)N1CCN2C(=NN=C2C1)C(F)(F)F)C=3C=CC(F)=C(Cl)C3,0.808,O=C(Cc1ccccc1)N1CCn2cnnc2C1
XS837773b,COC(=O)C=1C=C(Br)C(=CC1OC)CN2C(=O)CC(C)C2=O,2.102,O=C1CCC(=O)N1Cc1ccccc1
XS837764b,CC(C)C(NC(=O)C=1C=CC=CC1)C(=O)NCC2=CC(=O)N(C)C(=O)N2C,1.008,O=C(CNC(=O)c1ccccc1)NCc1cc(=O)[nH]c(=O)[nH]1
XS842008b,COC(=O)C=1C=CC(=CC1)C(NC(=O)N2CCN3C=CN=C23)C(F)(F)F,5.36,O=C(NCc1ccccc1)N1CCn2ccnc21
XS846990a,COC=1C=CC(=CC1)C2CCCN2C(=O)CNC(=O)C=3C=CC=CC3Cl,9.106,O=C(NCC(=O)N1CCCC1c1ccccc1)c1ccccc1
XS846988a,CC(OC(=O)C1=CN=CN1C=2C=CC(F)=CC2)C(=O)NCC=3C=CC=CC3,3.65,O=C(COC(=O)c1cncn1-c1ccccc1)NCc1ccccc1
XS590387b,CN1N=C(C=C1C2CC2)C(=O)N3CCN(CC3)C(C(N)=O)C=4C=CC=CC4,3.004,O=C(c1cc(C2CC2)[nH]n1)N1CCN(Cc2ccccc2)CC1
XS837395b,CC1=CC(C)=NN1CC2CN(CCO2)C3=NN=C(CC=4C=CC=CC4)S3,0.964,c1ccc(Cc2nnc(N3CCOC(Cn4cccn4)C3)s2)cc1
XS840896b,COC=1C=C(Cl)C=CC1CC(NC(=O)C2=CC=CC3=CC=NN23)C(=O)O,1.602,O=C(NCCc1ccccc1)c1cccc2ccnn12
XS846983a,COC=1C=CC(=CC1)C2CCCN2C(=O)C=3C=CC=C(C3)NS(C)(=O)=O,10.588,O=C(c1ccccc1)N1CCCC1c1ccccc1
XS846987a,COC=1C=CC(=CC1)C2CCCCCN2C(=O)NCC(=O)N3CCCCC3,6.082,O=C(CNC(=O)N1CCCCCC1c1ccccc1)N1CCCCC1
XS791151b,COC(=O)CC(NC(=O)CC1=CNC=2C=CC=CC12)C=3C=CC(Cl)=CC3,1.382,O=C(Cc1c[nH]c2ccccc12)NCc1ccccc1
XS841426b,NS(=O)(=O)C=1C=C(C=CC1N2CCCC(C2)N3C=CN=N3)C(F)(F)F,13.878,c1ccc(N2CCCC(n3ccnn3)C2)cc1
XS838079b,CC1(C)CN(CC2(CCOC2)O1)C(=O)NCCC3=CSC=4C=CC=CC34,1.408,O=C(NCCc1csc2ccccc12)N1CCOC2(CCOC2)C1
XS839709b,CC(C=1C=CC=C(C1)[N+]([O-])=O)N(C)C(=O)NCCCN2C=CC=3C=CC=CC32,1.554,O=C(NCCCn1ccc2ccccc21)NCc1ccccc1
XS847006a,CC(C)C(NC(=O)C=1C=CC=2C(=O)N3CCCC3=NC2C1)C=4C=CC(F)=CC4,6.686,O=C(NCc1ccccc1)c1ccc2c(=O)n3c(nc2c1)CCC3
XS839278b,CC=1N=C(SC1C#N)N2CCOC=3C=C(Br)C=CC3C2CO,19.184,c1ccc2c(c1)CN(c1nccs1)CCO2
XS846996a,CCCC(C)NC(=O)COC(=O)CCNC1=NS(=O)(=O)C=2C=CC=CC12,2.6,O=S1(=O)N=Cc2ccccc21
XS718618b,CC(CC=1C=CC=C(Cl)C1)NC(=O)C=2C=CC=3C(=O)N(C)C(=O)N(C)C3N2,0.716,O=C(NCCc1ccccc1)c1ccc2c(=O)[nH]c(=O)[nH]c2n1
XS692758b,O=C(NCC=1C=CC(=NC1)N2C=CC=N2)C3CC(=O)N(C3)C=4C=CC=CC4F,8.064,O=C(NCc1ccc(-n2cccn2)nc1)C1CC(=O)N(c2ccccc2)C1
XS846995a,O=C(CN1C(=O)OC=2C=CC=CC21)N3CCCC3C=4C=CC=5OCCOC5C4,6.782,O=C(Cn1c(=O)oc2ccccc21)N1CCCC1c1ccc2c(c1)OCCO2
XS847000a,CC(C)CN(C(=O)C(C=1C=CC=CC1)C=2C=CC=CC2)C3CCS(=O)(=O)C3,0.612,O=C(NC1CCS(=O)(=O)C1)C(c1ccccc1)c1ccccc1
XS484103b,O=S(=O)(NC1CCOC=2C=CC=CC21)C=3C=CC(=NC3)OCC(F)(F)F,2.498,O=S(=O)(NC1CCOc2ccccc21)c1cccnc1
XS847001a,CC=1C=CC(=CC1)OCCCC(=O)NC(C)C=2C=CC(=CC2)S(N)(=O)=O,4.314,O=C(CCCOc1ccccc1)NCc1ccccc1
XS839681b,CC(NC(=O)NC=1C=C(C#N)C(Br)=CN1)C=2C=CC(F)=C(F)C2,1.094,O=C(NCc1ccccc1)Nc1ccccn1
XS708146b,CN(CC=1C=NN(C)C1)C(=O)C2CC(=O)N(C2)C=3C=CC=C(Br)C3,15.294,O=C(NCc1cn[nH]c1)C1CC(=O)N(c2ccccc2)C1
XS838318b,CC1CC2(CN1C(=O)C(=O)NC=3C=CC=CC3OC=4C=CC=CC4)CCOCC2,14.914,O=C(Nc1ccccc1Oc1ccccc1)C(=O)N1CCC2(CCOCC2)C1
XS777644b,CCOC=1C=CC=CC1C(=O)N2CCN(CC2)C3CCN(C=4C=NN(C)C4)C3=O,6.904,O=C(c1ccccc1)N1CCN(C2CCN(c3cn[nH]c3)C2=O)CC1
XS847020a,CC1=NN(C(C)=C1CN(C)C(=O)C(C)OC=2C=CC(C#N)=CC2)C=3C=CC=CC3,3.074,O=C(COc1ccccc1)NCc1cnn(-c2ccccc2)c1
XS847009a,CCN(CC=1C=COC1)C(=O)C23CCC(=O)N3C=4C=CC=CC4C(=O)N2C(C)C,1.236,O=C1NC2(C(=O)NCc3ccoc3)CCC(=O)N2c2ccccc21
XS837448b,CC=1C=C(CC(C)NC(=O)NC=2C=CC=C3OCCOC23)N(N1)C=4C=CC=CC4,0.878,O=C(NCCc1ccnn1-c1ccccc1)Nc1cccc2c1OCCO2
XS841982b,CC(CC=1C=CC(=CC1)OC(F)(F)F)C(=O)N2CCC(CC2)C3=CC(O)=NO3,7.704,O=C(CCc1ccccc1)N1CCC(c2ccno2)CC1
XS839791c,CCN1C=C(C=N1)NC(=O)NCCN=S(=O)(C=2C=CC=CC2)C(F)(F)F,1.86,O=C(NCCN=[SH](=O)c1ccccc1)Nc1cn[nH]c1
XS840832b,COC=1C=CC(OC)=C(C1)C(F)(F)C(=O)N2CCCC(C2)NS(C)(=O)=O,1.36,O=C(Cc1ccccc1)N1CCCCC1
XS847018a,CC(NC1=NS(=O)(=O)C=2C=CC=CC12)C(=O)N3CCN(CC3)C=4C=CC=CN4,4.052,O=C(CNC1=NS(=O)(=O)c2ccccc21)N1CCN(c2ccccn2)CC1
XS847007a,CC=1C=CC(Cl)=CC1NC(=O)C(C)N2CCC(CC2)NC=3C=CC(F)=CC3,1.036,O=C(CN1CCC(Nc2ccccc2)CC1)Nc1ccccc1
XS847017a,CCN(CC)S(=O)(=O)C=1C=C(C=CC1OC)C(=O)NC(C)C2=CC=CS2,4.068,O=C(NCc1cccs1)c1ccccc1
XS847015a,CCOC=1C=CC=CC1NC(=O)C2CCCCN2S(=O)(=O)C=3C=CC=CC3,3.13,O=C(Nc1ccccc1)C1CCCCN1S(=O)(=O)c1ccccc1
XS840928b,CC1COC=2C(F)=C(F)C=C3C(=O)C(=CN1C32)C(=O)N4CCOC5(CCC5)CC4,3.052,O=C(c1cn2c3c(cccc3c1=O)OCC2)N1CCOC2(CCC2)CC1
XS816245b,CCC(NC(=O)C1CCN(CC1)S(=O)(=O)C=2C=CN(C)C2)C=3C=CC(C)=CC3,2.654,O=C(NCc1ccccc1)C1CCN(S(=O)(=O)c2cc[nH]c2)CC1
XS847026a,CCC(CC)N1N=CC(NC(=O)N2CCOCC2CC3=CNC=4C=CC=CC34)=C1C,2.144,O=C(Nc1cn[nH]c1)N1CCOCC1Cc1c[nH]c2ccccc12
XS841383b,CC=1C=CN=CC1C2CCN(C2)C(=O)CCNC(=O)NC34CC5CC(CC(C5)C4)C3,0.382,O=C(NCCC(=O)N1CCC(c2cccnc2)C1)NC12CC3CC(CC(C3)C1)C2
XS847025a,O=C(C=1C=CC=2NC(=O)CCC2C1)N3CCC(C3)NC=4C=CC=C(Br)C4,0.668,O=C1CCc2cc(C(=O)N3CCC(Nc4ccccc4)C3)ccc2N1
XS840969c,CC(NC(=O)CCCN1N=NC(=N1)C=2C=CC=CC2)C=3C=CC(=CC3)N4C=NC=N4,14.36,O=C(CCCn1nnc(-c2ccccc2)n1)NCc1ccc(-n2cncn2)cc1
XS847029a,CC1CC=2C=CC=CC2N1CC(=O)NC=3C=CC=C(C3)S(=O)(=O)N4CCOCC4,1.242,O=C(CN1CCc2ccccc21)Nc1cccc(S(=O)(=O)N2CCOCC2)c1
XS841644b,CC=1C=CC(=CC1)S(=O)(=O)C=2C=CC(=CC2)CN3CCN4C(=O)OCCC4C3,3.6,O=C1OCCC2CN(Cc3ccc(S(=O)(=O)c4ccccc4)cc3)CCN12
XS802079b,CC(C)C(NS(=O)(=O)C=1C=CC=2OCCOC2C1)C(=O)NCC=3C=CC(F)=CC3,0.914,O=C(CNS(=O)(=O)c1ccc2c(c1)OCCO2)NCc1ccccc1
XS847038a,CC(NC(=O)CN1C(=O)CCOC=2C=CC=CC21)C=3C=CC=CC3Br,0.994,O=C(CN1C(=O)CCOc2ccccc21)NCc1ccccc1
XS847037a,O=C(NC1CCSC=2C=CC=CC21)C3CCN(CC3)S(=O)(=O)C=4C=CC=CC4,1.884,O=C(NC1CCSc2ccccc21)C1CCN(S(=O)(=O)c2ccccc2)CC1
XS847033a,COC(=O)C=1C=CC=2NC=3CCN(CC3C2C1)C(=O)C4CCCN(C4)C(=O)C(C)C,8.158,O=C(C1CCCNC1)N1CCc2[nH]c3ccccc3c2C1
XS719271b,COC(=O)C(NC(=O)C1CCN(CC1)S(=O)(=O)C=2C=CC=3OCCOC3C2)C(C)C,0.316,O=S(=O)(c1ccc2c(c1)OCCO2)N1CCCCC1
XS841498b,COCC=1N=CC=C(N1)C2CCCN(C2)C=3N=CC(=CC3Cl)C(=O)NC4CCCC4,2.294,O=C(NC1CCCC1)c1ccc(N2CCCC(c3ccncn3)C2)nc1
XS847045a,CC1=NOC(C)=C1COC=2C=CC(=CC2)CC(=O)NC(C)C=3C=CC(=CC3)N4C=CN=C4,4.728,O=C(Cc1ccc(OCc2cnoc2)cc1)NCc1ccc(-n2ccnc2)cc1
XS836975b,CCCN1C=C(N=N1)C(=O)NCC2(CNC(=O)C3=NNC=4C(C)=CC=CC34)CC52CCC5,2.368,O=C(NCC1(CNC(=O)c2n[nH]c3ccccc23)CC12CCC2)c1c[nH]nn1
XS837155b,CC1=NC(=NN1)C2CCCN(C2)S(=O)(=O)C=3C=CC(Br)=CC3[N+]([O-])=O,1.394,O=S(=O)(c1ccccc1)N1CCCC(c2nc[nH]n2)C1
XS847048a,COC1=CC(=CC(OC)=C1OC)C2CC(=NN2C(C)=O)C=3C=CC(=CC3)NS(C)(=O)=O,6.336,c1ccc(C2=NNC(c3ccccc3)C2)cc1
XS847054a,CC1CC(=O)NC=2C=CC=CC2N1C(=O)CN3CCC(CC3)C4=NC=5C=CC=CC5S4,9.674,O=C1CCN(C(=O)CN2CCC(c3nc4ccccc4s3)CC2)c2ccccc2N1
XS847042a,CC1=NN(C(C)=C1S(=O)(=O)N(C)CC2=CC=CO2)C(C)C(=O)N3CCN(CC3)C=4C=CC=CC4,1.144,O=C(Cn1cc(S(=O)(=O)NCc2ccco2)cn1)N1CCN(c2ccccc2)CC1
XS847044a,CC(C)C(NC(=O)NCC1=CC=C(S1)S(=O)(=O)N2CCOCC2)C=3C=CC=CC3,0.94,O=C(NCc1ccccc1)NCc1ccc(S(=O)(=O)N2CCOCC2)s1
XS837757b,CS(=O)(=O)NC1CCCN(C1)S(=O)(=O)C=2C=CC3=CC=CC=C3C2Br,1.09,O=S(=O)(c1ccc2ccccc2c1)N1CCCCC1
XS847053a,COCCNC(=O)C(C1=CN2C=CC=CC2=N1)N(C)CCCN(C)C(=O)CC34CC(C3)C4,9.2,O=C(CC12CC(C1)C2)NCCCNCc1cn2ccccc2n1
XS699470b,CC=1C=C(C=C(C1C)S(=O)(=O)N(C)C)C(=O)N2CCCC2C3=NC=4C=CC=CC4N3,6.59,O=C(c1ccccc1)N1CCCC1c1nc2ccccc2[nH]1
XS847046a,O=C(NC=1C=CC=C(C1)S(=O)(=O)N2CCOCC2)C3CCCN3C(=O)C4=CC=CS4,6.764,O=C(Nc1cccc(S(=O)(=O)N2CCOCC2)c1)C1CCCN1C(=O)c1cccs1
XS847052a,CC(NC(=O)CN(CC=1C=CC=CC1)S(C)(=O)=O)C=2C=CC(Br)=CC2,5.46,O=C(CNCc1ccccc1)NCc1ccccc1
XS847043a,CC=1C=C(NC(=O)CSC=2C=C(Cl)C=CC2Cl)N(N1)C3CCS(=O)(=O)C3,2.426,O=C(CSc1ccccc1)Nc1ccnn1C1CCS(=O)(=O)C1
XS836660b,CCOC=1C=CC=CC1N2CC(CC2=O)C(=O)NC=3C=CN(CC4=CN5C=CC=CC5=N4)N3,6.802,O=C(Nc1ccn(Cc2cn3ccccc3n2)n1)C1CC(=O)N(c2ccccc2)C1
XS847055a,COC=1C=CC(=CC1)CCN2C(=O)C=3C=CC=CC3NC2C=4C=NN(C4)C=5C=CC=CC5,15.382,O=C1c2ccccc2NC(c2cnn(-c3ccccc3)c2)N1CCc1ccccc1
XS847049a,O=C(NCC=1C=CN=C(C1)N2C=CC=N2)C3CC(=O)N(CC=4C=CC=C(C4)C(F)(F)F)C3,1.318,O=C(NCc1ccnc(-n2cccn2)c1)C1CC(=O)N(Cc2ccccc2)C1
XS847047a,CC(C)C(NC1=NS(=O)(=O)C=2C=CC=CC12)C(=O)NC=3C=CC(=NC3)N4CCN(C)CC4,1.63,O=C(CNC1=NS(=O)(=O)c2ccccc21)Nc1ccc(N2CCNCC2)nc1
XS847041a,COC=1C=CC(=CC1)C(CNC(=O)CN2C(=O)CC3(CCCCC3)C2=O)C4=CNC=5C=CC=CC45,4.306,O=C(CN1C(=O)CC2(CCCCC2)C1=O)NCC(c1ccccc1)c1c[nH]c2ccccc12
XS847051a,CC1=NN(C=2N=C(C=C(C(=O)NC=3C=CC(C)=CC3C)C12)C4CC4)C5CCS(=O)(=O)C5,1.042,O=C(Nc1ccccc1)c1cc(C2CC2)nc2c1cnn2C1CCS(=O)(=O)C1
XS847059a,CC=1C=CC(=CC1)C(=O)OC(C)C(=O)NC2CC2,1.098,O=C(COC(=O)c1ccccc1)NC1CC1
XS837453b,CCN1CCCN(CC2CCSC2)CC1=O,1.58,O=C1CN(CC2CCSC2)CCCN1
XS839053b,CC(=O)NC1(CCOC1)C(F)F,4.438,C1CCOC1
XS841271b,CC1=NN2C(NCCC2C(F)(F)F)=C1[N+]([O-])=O,1.512,c1cc2n(n1)CCCN2
XS837940b,COC=1N=CC=NC1N2CCC3(CCOC3)C2,2.69,c1cnc(N2CCC3(CCOC3)C2)cn1
XS839552b,O=C(NCC=CC=1C=CC=NC1)C2CCCOC2,0.322,O=C(NCC=Cc1cccnc1)C1CCCOC1
XS847068a,N#CC=1C=CC(=NC1)NC2CCCNC2=O,11.186,O=C1NCCCC1Nc1ccccn1
XS847056a,CC(=O)N1CCCC(C1)N2C=C(C)C=N2,1.804,c1cnn(C2CCCNC2)c1
XS847063a,CCOC(=O)C(NC(N)=O)C=1C=CC=CC1,1.326,c1ccccc1
XS847064a,CC=1C=CC=C(NC(C)C(=O)NC2CC2)C1C,1.642,O=C(CNc1ccccc1)NC1CC1
XS842464b,COC=1C=CN=C(N1)N2CCC(F)(CO)C2,1.054,c1cnc(N2CCCC2)nc1
XS847062a,CC1=CC(C(=O)NC(C)C2=CC=CS2)=C(C)O1,1.382,O=C(NCc1cccs1)c1ccoc1
XS840137b,CCC1(C)CN(CCO1)C(=O)C2=CNN=N2,2.868,O=C(c1c[nH]nn1)N1CCOCC1
XS781314b,CC(NC=1C=NN(C1)C(C)(C)C)C(=O)NC2CC2,1.296,O=C(CNc1cn[nH]c1)NC1CC1
XS837545b,CC(NC=1N=CC=NC1C(F)(F)F)C(N)=O,2.116,c1cnccn1
XS841179b,CCOC(=O)C1CNC2=NC=NN2C1,0.556,c1nc2n(n1)CCCN2
XS841187b,COC(=O)C1CNC=2C=CC(F)=CC2O1,1.036,c1ccc2c(c1)NCCO2
XS836900b,CCC(C1=NC=CS1)N2CCC(=O)NC2=O,1.128,O=C1CCN(Cc2nccs2)C(=O)N1
XS847069a,CCOC=1C=CC=2C=C(NC2C1)C(=O)NC(C#N)CC,1.018,c1ccc2[nH]ccc2c1
XS523308b,CCC1=NSC(=N1)N2CCC(C2)C=3C=CC=CN3,0.938,c1ccc(C2CCN(c3ncns3)C2)nc1
XS847080a,CC1=C(C=NN1C)C(C)NC(=O)C=2C=CC=CC2F,1.338,O=C(NCc1cn[nH]c1)c1ccccc1
XS847071a,CC1=NC(CN2CCOC(CN3C=CC=N3)C2)=NO1,0.504,c1cnn(CC2CN(Cc3ncon3)CCO2)c1
XS847073a,CCNC(=O)C=1C=CC(=CC1)NC(=O)C2CC2(C)C,1.6,O=C(Nc1ccccc1)C1CC1
XS447902b,CC=1C=C(C)C=C(C1)C(=O)NC(C)C=2C=CN=CC2,3.25,O=C(NCc1ccncc1)c1ccccc1
XS712463b,CC(=O)NC(C(=O)NC=1C=NN(C)C1)C2CCCC2,22.25,O=C(CC1CCCC1)Nc1cn[nH]c1
XS837209b,CC1=NN(C(=O)C=2C=C(Cl)C=CC12)C(C)CO,1.508,O=c1[nH]ncc2ccccc12
XS847074a,O=C(O)C1CCN(C1)C2=NC(=NO2)C=3C=CC=CC3,1.486,c1ccc(-c2noc(N3CCCC3)n2)cc1
XS847076a,CC1CCC=2C=CC=CC2N1CC3=NC(=NO3)C4CC4,2.1,c1ccc2c(c1)CCCN2Cc1nc(C2CC2)no1
XS839161b,CCOC(=O)C(CO)CN1C=CN=C1C(F)(F)F,1.504,c1c[nH]cn1
AR000203b,CCN1CCC(NC=2N=CN=C3C=CC(C)=CC23)C1=O,1.088,O=C1NCCC1Nc1ncnc2ccccc12
XS847072a,CN(C(=O)NC1CCC=2C=NNC2C1)C3CCCC3,3.294,O=C(NC1CCCC1)NC1CCc2cn[nH]c2C1
XS847079a,CC(NC(=O)C1=NNC=2C=CC=CC12)C(=O)NC3CC3,1.184,O=C(CNC(=O)c1n[nH]c2ccccc12)NC1CC1
XS839761b,CC(C)CC1=NN=C(O1)C(C)N2C=C(C=N2)[N+]([O-])=O,1.706,c1cnn(Cc2nnco2)c1
XS841937b,CNC(=O)C1CCN(CC=2C=CC=CC2)CC1(F)F,0.622,c1ccc(CN2CCCCC2)cc1
XS847070a,O=S(=O)(CC1CCCO1)NC=2C=CC=CC2O,0.652,O=S(=O)(CC1CCCO1)Nc1ccccc1
XS847077a,CN(CC1COC=2C=CC=CC2O1)S(N)(=O)=O,1.866,c1ccc2c(c1)OCCO2
XS841260b,C#CCOC=1C=C(F)C=CC1NC2CCN(C)C2=O,1.25,O=C1NCCC1Nc1ccccc1
XS847078a,CC1=CC(=NO1)C2CCCN2C=3N=C(C)C=C(C)N3,0.652,c1cnc(N2CCCC2c2ccon2)nc1
XS654852b,O=C(COC=1C=CC(F)=CC1)N2CCCC2CO,8.088,O=C(COc1ccccc1)N1CCCC1
XS395254b,CC1CN(CCO1)C(=O)NC=2C=CC=C(C2)OC(F)F,1.778,O=C(Nc1ccccc1)N1CCOCC1
XS847087a,CC1=CN=C(NC(=O)C(C)OCC=2C=CC=CC2)S1,3.496,O=C(COCc1ccccc1)Nc1nccs1
XS847085a,CC=1C=CC(=CC1)C2CCCN2C(=O)NC=3C=CC=NC3,2.536,O=C(Nc1cccnc1)N1CCCC1c1ccccc1
XS847084a,CC(C)(C)CC(=O)N1CC=2C=CC=CC2CC1C(=O)O,0.676,c1ccc2c(c1)CCNC2
XS841827b,N#CC=1C=CC(=CC1Cl)N2CCN3C(=O)OCC3C2,0.938,O=C1OCC2CN(c3ccccc3)CCN12
XS837848b,CC=1N=NSC1CN2CCCCCC2C(F)(F)F,0.492,c1nnsc1CN1CCCCCC1
XS841054b,CCC1=NC(CS(=O)(=O)C(C)C2=CC=CS2)=NN1,2.4,O=S(=O)(Cc1nc[nH]n1)Cc1cccs1
XS547649b,CC1=C(Cl)C(=NN1C)C(=O)N2CC(C)OCC2(C)C,3.674,O=C(c1cc[nH]n1)N1CCOCC1
XS838423b,O=C1NCCOCC1NC=2N=CC=C(C2F)C(F)F,9.44,O=C1NCCOCC1Nc1ccccn1
XS847083a,CC=1C=CC=C(C1)NC(C)C(=O)NCC2=CC=CS2,2.97,O=C(CNc1ccccc1)NCc1cccs1
XS847086a,CN1N=CC2=C1CCCC2NC(=O)C3=CC(Cl)=CN3,1.82,O=C(NC1CCCc2[nH]ncc21)c1ccc[nH]1
XS847091a,COC=1C=CC2=CC(=CC=C2C1)C(C)C(=O)N3CCCC3,1.074,O=C(Cc1ccc2ccccc2c1)N1CCCC1
XS847082a,CC(=O)N1N=C(CC1C=2C=CC=CC2C)C=3C=CSC3,1.62,c1ccc(C2CC(c3ccsc3)=NN2)cc1
XS824247b,CC(NC(=O)CN(C)C=1C=CC=CC1)C=2C=CC(F)=CC2,1.632,O=C(CNc1ccccc1)NCc1ccccc1
XS674421b,COCC1(CCCN1CC=2C=CC(=CC2)OC)C(N)=O,1.808,c1ccc(CN2CCCC2)cc1
XS840838b,CCC(OC1CCCCC1)C(=O)N(C)C2=CC=NN2C,0.52,O=C(COC1CCCCC1)Nc1ccn[nH]1
XS841605b,O=C1C=C(N=CN1CC2CCC3(CCC3)CO2)C(F)F,1.416,O=c1ccncn1CC1CCC2(CCC2)CO1
AR001733d,FC=1C=CC=CC1C2CCN(C2)C=3N=CN=C4NC=CC34,1.632,c1ccc(C2CCN(c3ncnc4[nH]ccc34)C2)cc1
XS470969b,O=C(C=1C=NC2=C(F)C=CC(F)=C2C1)N3CCCC(O)C3,5.406,O=C(c1cnc2ccccc2c1)N1CCCCC1
XS847103a,CC1CCCCN1C(=O)CSC2=NN=C(O2)C(C)(C)C,4.694,O=C(CSc1nnco1)N1CCCCC1
XS847095a,CC(N)(C(=O)N1CCN(CC1)C=2C=CC(F)=CC2)C3CC3,2.604,O=C(CC1CC1)N1CCN(c2ccccc2)CC1
XS847096a,CC(C)NC(=O)C1CC(=O)N(C1)C=2C=CC=C(C2)C(C)C,1.424,O=C1CCCN1c1ccccc1
XS710361b,CCC(CC)(CCO)CNC(=O)C1CCCC=2NN=CC21,0.958,c1n[nH]c2c1CCCC2
XS840261b,CC=1N=C(C(Cl)=CC1C#N)N2CCC(C2)C=3C=CON3,1.772,c1ccc(N2CCC(c3ccon3)C2)nc1
XS838248b,CCC(C1=NN=CN1)N2C=C(CC(C)(C)C(=O)OC)N=N2,6.036,c1cn(Cc2nnc[nH]2)nn1
XS839346b,CC=1C=NC=2N=C(NC3CCC4=NN=CN4C3)SC2N1,0.916,c1cnc2sc(NC3CCc4nncn4C3)nc2n1
XS837569b,CCOC(=O)C1=C(C)C=NN(CCOC2CCOC2)C1=O,4.044,O=c1cccnn1CCOC1CCOC1
XS847099a,CC(CN1C=CC=N1)NC2=C(C#N)C(=O)N(C)C(=O)N2C,0.556,O=c1cc(NCCn2cccn2)[nH]c(=O)[nH]1
XS816929b,O=C(C=1C=CC=2CCCC2C1)N3CCCC(C3)N4C=NC=N4,0.838,O=C(c1ccc2c(c1)CCC2)N1CCCC(n2cncn2)C1
XS847102a,CCN1CC(CC1=O)C(=O)NC=2C=CC(=CC2)OC(C)C,10.902,O=C1CC(C(=O)Nc2ccccc2)CN1
XS445159b,CCC(C(N)=O)N1CCC(CC1)C2=NC=3C=CC=CC3O2,1.378,c1ccc2oc(C3CCNCC3)nc2c1
XS847100a,O=C(NC=1C=CC=C(F)C1)N2CCCC2C=3C=CSC3,3.088,O=C(Nc1ccccc1)N1CCCC1c1ccsc1
XS784847b,COC=1C=CC=C(C1)CCC(=O)NC2CCC(=O)NC2=O,2.184,O=C1CCC(NC(=O)CCc2ccccc2)C(=O)N1
XS847098a,CN(CC1COC=2C=CC=CC2O1)C=3C=CC4=NN=CN4N3,0.834,c1ccc2c(c1)OCC(CNc1ccc3nncn3n1)O2
XS841366b,CC1=CC(Cl)=C(C(F)=C1)C2NC3(CCCC3)C(=O)N2C,0.674,O=C1NC(c2ccccc2)NC12CCCC2
XS847104a,CC=1N=C(SC1C(=O)N2CCC(C2)C(N)=O)C(C)(C)C,0.554,O=C(c1cncs1)N1CCCC1
XS079474b,COC=1C=CC(=CC1)C(=O)NC(C)C=2C=CC(F)=CC2F,2.966,O=C(NCc1ccccc1)c1ccccc1
XS566000b,CC1=NOC(=N1)C2CCN(C2)C(=O)C3=CNN=C3C4CC4,5.48,O=C(c1c[nH]nc1C1CC1)N1CCC(c2ncno2)C1
XS839394b,CC1=NN(C(C)=C1NC(CF)C2=CN=NN2C)C(C)(C)C,0.612,c1n[nH]cc1NCc1cnn[nH]1
XS847101a,CCC1=CC=C(CNC(=O)C2CC(=O)N(C2)C(C)C)S1,1.578,O=C1CC(C(=O)NCc2cccs2)CN1
XS840190b,C=1C=CC(=NC1)C2=NN=NN2CC3CCC4(CCCCC4)O3,4.722,c1ccc(-c2nnnn2CC2CCC3(CCCCC3)O2)nc1
XS841354b,O=S1(=O)N=C(NCC=2C=CC=CC2)C(N1)C=3C=CC=CC3,1.09,O=S1(=O)N=C(NCc2ccccc2)C(c2ccccc2)N1
XS838517b,CC(COC=1C=CC=CC1)NC=2C=CC(=CN2)P(C)(C)=O,2.718,c1ccc(OCCNc2ccccn2)cc1
XS586078b,CCC=1C=CC=2OC=C(C(=O)NC3C(=O)OCC3(C)C)C2C1,6.648,O=C(NC1CCOC1=O)c1coc2ccccc12
XS847108a,CCC1CCCCN1C(=O)CN2C(=O)C=3C=CC=CC3C2=O,4.614,O=C(CN1C(=O)c2ccccc2C1=O)N1CCCCC1
XS841105b,CC=1C=C(C(=O)NCC(C)S(=O)(=O)F)C=2OC=CC2C1,2.412,c1ccc2occc2c1
XS777628b,CN(CC1COC=2C=CC=CC2O1)C(=O)C=3C=NC=C(O)C3,3.818,O=C(NCC1COc2ccccc2O1)c1cccnc1
XS847115a,CC=1C=CC(=CN1)C(=O)N2CCCC(C2)C(=O)NCC3CC3,9.118,O=C(NCC1CC1)C1CCCN(C(=O)c2cccnc2)C1
XS393239b,O=C(COC=1C=C(Cl)C=CC1Cl)NCC2CCCO2,3.536,O=C(COc1ccccc1)NCC1CCCO1
XS842068b,CCS(=O)(=O)CC(C)N(C)C=1C=CC(F)=CC1[N+]([O-])=O,2.484,c1ccccc1
XS847110a,O=C(CCS(=O)CC=1C=CC(F)=CC1)NC=2C=CC=CC2,9.142,O=C(CCS(=O)Cc1ccccc1)Nc1ccccc1
XS847114a,COCC(C)NC(=O)CCCC1=NN=C(O1)C=2C=CC=CC2,0.706,c1ccc(-c2nnco2)cc1
XS718657b,COC=1C=CC=C(C1)C(=O)NC(CC(=O)O)C=2C=CC=CC2,1.074,O=C(NCc1ccccc1)c1ccccc1
XS393315b,O=C(NC=1C=CN=CC1)N2CCCC2CC=3C=CC=C(F)C3,0.984,O=C(Nc1ccncc1)N1CCCC1Cc1ccccc1
XS847116a,CC=1C=CC=C(C1)OCCCCC(=O)N2CCC(C2)C(N)=O,2.658,O=C(CCCCOc1ccccc1)N1CCCC1
XS847117a,CC1CCCCN1S(=O)(=O)C=2C=NN(C2)C=3C=CC=CC3,1.214,O=S(=O)(c1cnn(-c2ccccc2)c1)N1CCCCC1
XS847112a,CC(C)N1CC(CC1=O)C(=O)NC=2C=CC(F)=CC2Cl,3.058,O=C1CC(C(=O)Nc2ccccc2)CN1
XS687716b,O=C(O)CC(NC(=O)C=1C=CC=2NC=CC2C1)C=3C=CC=CC3,0.46,O=C(NCc1ccccc1)c1ccc2[nH]ccc2c1
XS537061b,O=C(O)CC(NC(=O)C=1C=CC=2C=CNC2C1)C3=CC=CS3,0.578,O=C(NCc1cccs1)c1ccc2cc[nH]c2c1
XS847127a,CC1=CC(C)=C(CNC(=O)NC2CCCCNC2=O)C(=O)N1,7.94,O=C(NCc1ccc[nH]c1=O)NC1CCCCNC1=O
XS847124a,CCN(CC1CCOC1)C(=O)CCC2=NC(=NO2)C(C)(C)C,1.318,O=C(CCc1ncno1)NCC1CCOC1
XS847125a,NC(=O)C1CCN(C1)C(=O)CCC2=NC=C(O2)C=3C=CC=CC3,12.882,O=C(CCc1ncc(-c2ccccc2)o1)N1CCCC1
XS329124b,CC=1C=C(NC(=O)C(C)N(C)CC=2C(F)=CC=CC2F)ON1,2.702,O=C(CNCc1ccccc1)Nc1ccno1
XS691941b,CC=1C=C(C=C(C(=O)NCC2CCCO2)C1C)S(N)(=O)=O,0.726,O=C(NCC1CCCO1)c1ccccc1
XS842429b,CCN1N=C(C)C(CNC(=O)N2CCCC(O)(C2)C3CC3)=N1,3.848,O=C(NCc1cn[nH]n1)N1CCCC(C2CC2)C1
XS840841b,COC(CNC(=O)N1CCC(CC1)C2=CC=NN2)C(C)(C)C,8.022,c1cc(C2CCNCC2)[nH]n1
XS847122a,COC(=O)C=1C=CC=CC1NC(=O)C2COC=3C=CC=CC3O2,2.886,O=C(Nc1ccccc1)C1COc2ccccc2O1
XS800112b,CCOC(=O)C=1C=NC(=NC1N)SC2CCCCNC2=O,3.678,O=C1NCCCCC1Sc1ncccn1
XS847119a,COC=1C=CC(C(=O)N2CCCC(C2)C(=O)O)=C3C=CC=CC13,0.706,O=C(c1cccc2ccccc12)N1CCCCC1
XS581093b,CCS(=O)(=O)C=1C=CC=CC1N2CCCC(C2)NC(C)=O,4.472,c1ccc(N2CCCCC2)cc1
XS841235b,CCN(CC1=CC(=O)OC=2C=C3CCCC3=CC12)CC(C)C#N,0.85,O=c1ccc2cc3c(cc2o1)CCC3
XS572003b,COC1CCCCN(CC(=O)NCC=2C=CC=CC2F)C1=O,3.248,O=C(CN1CCCCCC1=O)NCc1ccccc1
XS847128a,CC=1NC=2C=CC=CC2C1C3CCN(CC3)C(=O)C4CCCO4,0.536,O=C(C1CCCO1)N1CCC(c2c[nH]c3ccccc23)CC1
XS847129a,CC1=C(SC=2C=CC(F)=CC12)C(=O)N3CCC(C3)C(N)=O,3.174,O=C(c1cc2ccccc2s1)N1CCCC1
XS839841b,NC(=O)CC1CCCN(CC1)C=2C=CN=CC2Br,0.94,c1cc(N2CCCCCC2)ccn1
XS847121a,CC=1C=CC=CC1CNC(=O)CC(NC(N)=O)C=2C=CC=CC2,1.14,O=C(CCc1ccccc1)NCc1ccccc1
XS847141a,O=C(CCN1C(=O)C=2C=CC=CC2C1=O)NC3CCCNC3=O,15.078,O=C(CCN1C(=O)c2ccccc2C1=O)NC1CCCNC1=O
XS837229b,CCC1C=2C=C(F)C(F)=CC2CCN1C3=NC=CN4N=NN=C34,4.35,c1ccc2c(c1)CCN(c1nccn3nnnc13)C2
XS604374b,CC=1C=CC(=C(C)C1)S(=O)(=O)NC(C(N)=O)C=2C=CC=CC2,0.98,O=S(=O)(NCc1ccccc1)c1ccccc1
XS836587b,CC1(CCS(=O)(=O)C1)NNC(=O)NCCC2=CCCCC2,1.396,O=C(NCCC1=CCCCC1)NNC1CCS(=O)(=O)C1
XS841071b,CC(NC=1C=NN(C1)CCN(C)C)C=2C=CC=3OCCOC3C2,1.934,c1cc2c(cc1CNc1cn[nH]c1)OCCO2
XS847132a,O=C(NC1CCOC2(CCOCC2)C1)C3=CC=4C=CC=CC4O3,5.046,O=C(NC1CCOC2(CCOCC2)C1)c1cc2ccccc2o1
XS837620b,O=C(NC1=CC(=NS1)C=2C=CC=CC2)N3CCCC(CO)C3,2.026,O=C(Nc1cc(-c2ccccc2)ns1)N1CCCCC1
DR004224b,CC1=NNC(C)=C1C2COCCN2C(=O)CC=3C=CC=CC3F,3.0,O=C(Cc1ccccc1)N1CCOCC1c1cn[nH]c1
XS847138a,CCC1CCC=2SC(=CC2C1)C(=O)NCC3=NN=CN3CC,7.746,O=C(NCc1nnc[nH]1)c1cc2c(s1)CCCC2
XS465536b,COC=1C=CC(=CC1)C2CCCN2C(=O)NCC3CCOCC3,0.724,O=C(NCC1CCOCC1)N1CCCC1c1ccccc1
XS847130a,CC=1N=C(C=CC1C(=O)N2CCC(C2)C(N)=O)C=3C=CSC3,9.46,O=C(c1ccc(-c2ccsc2)nc1)N1CCCC1
XS847139a,COC=1C=CC2=C(C1)CCCN2C(=O)NC3CCCCNC3=O,5.458,O=C1NCCCCC1NC(=O)N1CCCc2ccccc21
XS637671b,COC=1N=CC=CC1CNC(=O)N2CCCC2C3=CC(C)=NO3,3.28,O=C(NCc1cccnc1)N1CCCC1c1ccno1
XS847136a,NC=1C=CN=CC1C(=O)NC2CCN(C2)C=3C(F)=CC=CC3F,0.776,O=C(NC1CCN(c2ccccc2)C1)c1cccnc1
XS847134a,CC(C)C(C)(C#N)NC(=O)COC=1C=CC=2C=CC(=O)OC2C1,0.886,O=c1ccc2ccccc2o1
XS847140a,CCC(C)(C)NC(=O)CN1CCNC(=O)CC1C=2C=CC=CC2,1.31,O=C1CC(c2ccccc2)NCCN1
XS791220b,COC=1C(Cl)=CC(=CC1Cl)NC(=O)C2CC(=O)N(C)C2,4.19,O=C1CC(C(=O)Nc2ccccc2)CN1
XS787457b,CCN(C(=O)CN1C=CC(=O)NC1=O)C(C)C=2C=CC(F)=CC2,4.654,O=C(Cn1ccc(=O)[nH]c1=O)NCc1ccccc1
XS839885b,CC(NC(=O)NC=1C=CC=2CCC3=CC=CC1C32)C=4C=NN(C)C4,4.334,O=C(NCc1cn[nH]c1)Nc1ccc2c3c(cccc13)CC2
XS838743b,CC1=CSC=2N=CN=C(NCC34COC(=O)N4CCOC3)C12,1.272,O=C1OCC2(CNc3ncnc4sccc34)COCCN12
XS847135a,CC1=NC2=C(CCCC2CNC(=O)NCC3=CNN=C3C)S1,1.344,O=C(NCc1cn[nH]c1)NCC1CCCc2scnc21
XS838821b,O=S1(=O)CCC=2C=CC=CC2N1CC3(CC3)C4CCCCO4,1.284,O=S1(=O)CCc2ccccc2N1CC1(C2CCCCO2)CC1
XS847150a,CC1=NN(C)C=2N=CC(=CC12)NC(=O)N3CCC3C=4C=CC=CC4,4.392,O=C(Nc1cnc2[nH]ncc2c1)N1CCC1c1ccccc1
XS847153a,ClC=1C=CC=C(CNCC2COC=3C=CC=CC3O2)C1Cl,0.534,c1ccc(CNCC2COc3ccccc3O2)cc1
XS847147a,CCCCNC(=O)CS(=O)CC=1C=CC(Cl)=CC1Cl,0.642,c1ccccc1
XS847152a,CCC1=NOC=2N=CC(=CC12)C(=O)NC3CCCC4=C3C=NN4C,2.974,O=C(NC1CCCc2[nH]ncc21)c1cnc2oncc2c1
XS847151a,CC=1C=NC(=CN1)C(=O)NC(CN2CCCC2=O)C=3C=CC=CC3,4.066,O=C(NC(CN1CCCC1=O)c1ccccc1)c1cnccn1
XS837705b,CC1CN(C(=O)C=2C=CC=C3OCOC23)C=4C=CC=CC4NC1=O,3.584,O=C1CCN(C(=O)c2cccc3c2OCO3)c2ccccc2N1
XS839274b,CC1=CC(COCC2=NC(=NO2)C3CCCC=4C=CC=CC43)=NO1,2.576,c1ccc2c(c1)CCCC2c1noc(COCc2ccon2)n1
XS838431b,COC(=O)C(NC=1N=C(F)C=CC1C#N)C2CC=3C=CC=CC3C2,9.976,c1ccc(NCC2Cc3ccccc3C2)nc1
XS804573b,COCC=1C=CC(=CC1)C(=O)NCC(C)N2CCC=3C=CC=CC32,1.62,O=C(NCCN1CCc2ccccc21)c1ccccc1
XS838236b,COP1(=S)C(C=NN1C)=C2N(C)C=3C=CC=CC3C2(C)C,1.222,S=[PH]1NN=CC1=C1Cc2ccccc2N1
XS836695b,O=S(=O)(CCCC=1C=NNC1)C2CCC=3C(Cl)=CC=CC32,1.948,O=S(=O)(CCCc1cn[nH]c1)C1CCc2ccccc21
XS840082b,CCN1N=C(C)C(CN2N=NC(=N2)C3(CCCN3)C(F)(F)F)=N1,2.134,c1n[nH]nc1Cn1nnc(C2CCCN2)n1
XS847165a,CC1=CC=2C=C(C=CC2NC1=O)NC(=O)C(C)C=3C=CC=C(C#N)C3,1.07,O=C(Cc1ccccc1)Nc1ccc2[nH]c(=O)ccc2c1
XS847158a,CC(C)CCC(C)NC(=O)C=1C=C(C=CC1Cl)S(C)(=O)=O,1.076,c1ccccc1
XS847164a,CCOC1CCCN(C1)C(=O)CC2=NN(C)C(=O)C=3C=CC=CC23,7.722,O=C(Cc1n[nH]c(=O)c2ccccc12)N1CCCCC1
XS839060b,CC(C)OCC1=CN(N=N1)C2CC3(CCCC3)OC=4C=CC=CC42,1.128,c1ccc2c(c1)OC1(CCCC1)CC2n1ccnn1
XS847155a,CC1=CN=C(CS(=O)CC=2C=CC(F)=C(Br)C2)O1,0.65,O=S(Cc1ccccc1)Cc1ncco1
XS847156a,CCN(C(=O)C=1C=CN=C(C1)OC2CCOC2)C=3C=CC=CC3C,4.76,O=C(Nc1ccccc1)c1ccnc(OC2CCOC2)c1
XS847161a,CSC=1C=CC=CC1NC(=O)CN(C)C2CCS(=O)(=O)C2,1.144,O=C(CNC1CCS(=O)(=O)C1)Nc1ccccc1
XS839675b,CC1=CC(C)=NN1C=2C=CC(=CC2)CCNC(=O)C(C)NC(N)=O,7.556,c1ccc(-n2cccn2)cc1
XS482851b,O=C(O)C=1C=CC=C(C1)CCNC(=O)C2COC=3C=CC=CC3O2,10.538,O=C(NCCc1ccccc1)C1COc2ccccc2O1
XS837964b,COC=1C=C(SN1)S(=O)(=O)NC2CCC3=NC(C)=NN3C2,5.766,O=S(=O)(NC1CCc2ncnn2C1)c1ccns1
XS800375b,O=C1C=2C=CC=NC2N=CN1CC(O)COCC=3C=CC=CC3F,4.71,O=c1c2cccnc2ncn1CCCOCc1ccccc1
XS069546b,COC=1C=CC=C(C1)NC(C)C(=O)NC=2C=CC(=CC2)NC(C)=O,3.28,O=C(CNc1ccccc1)Nc1ccccc1
XS606934b,CC(CC=1C=CSC1)NC(=O)C=2C=CC(=CC2)C(=O)NC3CC3,1.016,O=C(NCCc1ccsc1)c1ccc(C(=O)NC2CC2)cc1
XS757834b,CNC(=O)CN1C=C(C=N1)NC(=O)C2CC=3C=C(C)C(C)=CC3O2,9.168,O=C(Nc1cn[nH]c1)C1Cc2ccccc2O1
XS847163a,CC=1OC=CC1C(=O)NCC(=O)N2CCCC2C=3C=CC(F)=CC3,2.574,O=C(NCC(=O)N1CCCC1c1ccccc1)c1ccoc1
XS847157a,CC=1C=CC=C2CCCN(C(=O)C3CC(=O)N(C3)C4CCCC4)C12,2.132,O=C(C1CC(=O)N(C2CCCC2)C1)N1CCCc2ccccc21
XS847160a,CCN1CC(CC1=O)C(=O)NC=2C(C)=NN(C2C)C=3C=CC=CC3,4.138,O=C1CC(C(=O)Nc2cnn(-c3ccccc3)c2)CN1
XS840632b,CCC1=NC(=CS1)COC(=O)C2CC(=O)N(C)C=3C=CC=CC32,1.428,O=C1CC(C(=O)OCc2cscn2)c2ccccc2N1
XS847172a,O=C(C=1C=NC=CN1)N2CCOCC2C3=NC=NN3C=4C=CC=CC4,21.664,O=C(c1cnccn1)N1CCOCC1c1ncnn1-c1ccccc1
XS847175a,COC(=O)CC(NC(=O)NC=1C=C(C)ON1)C=2C=CC(=CC2)OC,13.5,O=C(NCc1ccccc1)Nc1ccon1
XS847170a,COC(CNC(=O)C=1C=CN(N1)C=2C=CC(Cl)=CC2)C(C)(C)C,1.744,c1ccc(-n2cccn2)cc1
XS847180a,CN(CC(=O)N(C)C1CCC=2C=CC=CC21)C=3N=CN=C4N=CNC34,3.872,O=C(CNc1ncnc2nc[nH]c12)NC1CCc2ccccc21
XS847171a,CCN1N=C(C=C1C(=O)NC(CC2CCCCC2)C(=O)O)C(C)C,0.618,O=C(NCCC1CCCCC1)c1ccn[nH]1
XS847169a,COC(=O)C(C)OC(=O)C=1C=CC=C(C1)NC(=O)C2=CC=CS2,7.744,O=C(Nc1ccccc1)c1cccs1
XS838297b,O=C(CCC1CC1)NCC2C=CCN2C(=O)C3=CC(O)=CC(=O)O3,6.534,O=C(CCC1CC1)NCC1C=CCN1C(=O)c1cccc(=O)o1
XS837554b,COC(=O)C(C)C=1C=CC(=C(F)C1)C2=CC(=CN(C)C2=O)[N+]([O-])=O,0.954,O=c1[nH]cccc1-c1ccccc1
XS690664b,O=C(O)C1CC=2C=CC=CC2N1C(=O)C=3C=CN(N3)C=4C=CC=CC4,2.83,O=C(c1ccn(-c2ccccc2)n1)N1CCc2ccccc21
XS722629b,CC1=CSC(CNC(=O)C=2C=CC=CC2OCC3CCCO3)=N1,1.342,O=C(NCc1nccs1)c1ccccc1OCC1CCCO1
XS847177a,CCCN1N=C(C=CC1=O)C(=O)NC(C)C=2C=C(F)C=CC2OC,1.156,O=C(NCc1ccccc1)c1ccc(=O)[nH]n1
XS847181a,CC(CCNC(=O)CN1C=NC=2C=CC=CC2C1=O)C=3C=CC=CC3,4.618,O=C(Cn1cnc2ccccc2c1=O)NCCCc1ccccc1
XS847178a,CC(C)C=1C=C(NC(=O)CN2CCCC(C2)C3=CC=NN3C)ON1,1.622,O=C(CN1CCCC(c2ccn[nH]2)C1)Nc1ccno1
XS847179a,CC=1C=CC(=CC1F)C2=NOC(CCCN3CCC(C3)C(N)=O)=N2,1.158,c1ccc(-c2noc(CCCN3CCCC3)n2)cc1
XS847166a,CC=1C=CC(=CC1S(N)(=O)=O)NC(=O)C2CC=3C=CC=CC3O2,2.006,O=C(Nc1ccccc1)C1Cc2ccccc2O1
XS841489b,COC=1C=CC=CC1CC2=NN=C(N2C)N3CC(C)C=4C=CC=CC43,2.256,c1ccc(Cc2nnc(N3CCc4ccccc43)[nH]2)cc1
XS332661b,CC=1OC(=NC1C(=O)N2CCCCC2CC(N)=O)C=3C=NN(C)C3,1.52,O=C(c1coc(-c2cn[nH]c2)n1)N1CCCCC1
XS729514b,O=C(CN1CCC(O)(CN2C=CN=N2)C1)N(C3CC3)C4CCCC4,1.154,O=C(CN1CCC(Cn2ccnn2)C1)N(C1CCCC1)C1CC1
XS837587b,CN(CC(=O)NC1=NC=CS1)C(=O)C2CCCC=3N=NN(C)C32,10.322,O=C(CNC(=O)C1CCCc2nn[nH]c21)Nc1nccs1
XS838102b,CN1C=CC(=N1)N2C=C(CN3CCCC3(C)CC=4C=CC=CC4)N=N2,0.958,c1ccc(CC2CCCN2Cc2cn(-c3cc[nH]n3)nn2)cc1
XS839530b,NC=1C=CC(=NN1)C2CCCN2CC3=NC(=NO3)C=4C=CC=CC4F,2.378,c1ccc(-c2noc(CN3CCCC3c3cccnn3)n2)cc1
XS838857b,CCC1CCCN(CC(=O)N2CCC=3NC=4C=CC=CC4C3CC2)C1,1.25,O=C(CN1CCCCC1)N1CCc2[nH]c3ccccc3c2CC1
XS841120b,CCOC1=C(C=NN1C=2C=CC=CC2)C(=O)NC3CCCN(C#N)C3,4.32,O=C(NC1CCCNC1)c1cnn(-c2ccccc2)c1
XS847186a,COC=1C=CC(=CC1)C(=O)NC(C(=O)NC=2C=CC=CC2C)C(C)C,17.774,O=C(CNC(=O)c1ccccc1)Nc1ccccc1
XS839715b,C=CCCOC(C)C(=O)OC1CCN(CC1)C=2C=CC(Cl)=CN2,3.756,c1ccc(N2CCCCC2)nc1
XS837613b,CC(C)C(F)C(=O)N1CC2(CC(C2)NC(=O)CC(C)(C)C3CC3)C1,14.582,O=C(CCC1CC1)NC1CC2(CNC2)C1
XS530690b,CC=1N=C2C=C(F)C=CC2=CC1C(=O)N3CCCC(C3)N4C=CC=N4,1.696,O=C(c1cnc2ccccc2c1)N1CCCC(n2cccn2)C1
XS579973b,CC=1SC=2N=C(CSC(C)C(=O)NC3CC3)NC(=O)C2C1C,2.388,O=C(CSCc1nc2sccc2c(=O)[nH]1)NC1CC1
XS847187a,O=C(CC1SC=2C=CC=CC2NC1=O)N3CCC=4C=CC=CC4C3,5.384,O=C1Nc2ccccc2SC1CC(=O)N1CCc2ccccc2C1
XS847189a,CC(C(=O)NC=1C=CC=C(C#N)C1)N(C)CC(=O)NCC2=CC=CO2,0.816,O=C(CNCC(=O)Nc1ccccc1)NCc1ccco1
XS513517b,C=1N=C2C=CC=CN2C1CN3CCCCC3C4=NN=C(O4)C5CCC5,1.704,c1ccn2c(CN3CCCCC3c3nnc(C4CCC4)o3)cnc2c1
XS840798b,CC=1OC=2C=C(C=CC2C(=O)C1OC=3C=CC=CC3)OC(C)C(=O)O,1.924,O=c1c(Oc2ccccc2)coc2ccccc12
XS839859b,CC1CCC=2C=CC=CC2N1C(=O)COC=3C=CC=4COC(=O)C4C3,2.37,O=C1OCc2ccc(OCC(=O)N3CCCc4ccccc43)cc21
XS847184a,NC(=O)C1CN(C=2C=CC=CC21)S(=O)(=O)C=3C=CC(F)=CC3F,1.846,O=S(=O)(c1ccccc1)N1CCc2ccccc21
XS636777b,CC(=O)NCC=1C=CC(=CC1)C(=O)NC(C=2N=CC=CC2C)C(C)C,1.296,O=C(NCc1ccccn1)c1ccccc1
XS838078b,O=C1OCCN1CCS(=O)(=O)N2CCCC(C2)C=3C=CC=CC3,6.214,O=C1OCCN1CCS(=O)(=O)N1CCCC(c2ccccc2)C1
XS838430b,CC(C1=CC=CO1)C2=NOC(CN3C(=O)CCOC=4C=CC=CC43)=N2,4.226,O=C1CCOc2ccccc2N1Cc1nc(Cc2ccco2)no1
XS841725b,CC1=CC(=CS1)C2CCN(C2)C(=O)CN3C=CC(=N3)C(F)(F)F,0.306,O=C(Cn1cccn1)N1CCC(c2ccsc2)C1
XS419529b,CN1C=CN=C1C(NC(=O)C=2C=C(Cl)C=CN2)C=3C=CC=C(F)C3,7.536,O=C(NC(c1ccccc1)c1ncc[nH]1)c1ccccn1
XS847194a,CC1=NOC(=N1)C2COCCN2C=3N=CN=C4C3C=NN4C(C)(C)C,3.384,c1noc(C2COCCN2c2ncnc3[nH]ncc23)n1
XS561106b,CC1OC=2C=CC=CC2N(CCC3=NC(=NO3)C=4C=CSC4)C1=O,11.108,O=C1COc2ccccc2N1CCc1nc(-c2ccsc2)no1
XS847199a,O=C(CC1C(=O)NC=2C=CC=CC21)NC=3C=CC(=CC3)C=4C=CC=CC4,14.252,O=C(CC1C(=O)Nc2ccccc21)Nc1ccc(-c2ccccc2)cc1
XS818012b,CC(=O)NC=1C=CC=C(C1)C(=O)OC(C)C(=O)NC=2C=CC(F)=CC2,2.27,O=C(COC(=O)c1ccccc1)Nc1ccccc1
XS837548b,CC(CNC(=O)N(C)CC=1C=CC(C#N)=CC1)OC=2C=CC=CC2F,0.364,O=C(NCCOc1ccccc1)NCc1ccccc1
XS838863b,O=C(NCC=1N=CC=CC1Cl)NCC2CC32CCC(F)(F)CC3,1.84,O=C(NCc1ccccn1)NCC1CC12CCCCC2
XS841728b,O=C(O)CC=1SC=CC1C(=O)N2CC=3C=CC=C4CCCC(C2)C43,9.284,O=C(c1ccsc1)N1Cc2cccc3c2C(CCC3)C1
XS838426b,CN(C)S(C)(=O)=NCC1CCN(CC1)C2=NSC(=N2)C3CC3,0.664,C1CCN(c2nsc(C3CC3)n2)CC1
XS847197a,COC=1C=CC(=CC1)CCNC(=O)N2CCCC(C2)C3=NN=CN3C,3.94,O=C(NCCc1ccccc1)N1CCCC(c2nnc[nH]2)C1
XS839843b,CC1=CC(C)=NC2=C1C(=NN2C)OCC(=O)N3CC(C)(C)C3C4CC4,3.918,O=C(COc1n[nH]c2ncccc12)N1CCC1C1CC1
XS837375b,CC(O)(COC=1C=C(C=CC1Br)C(N)=O)C(F)(F)F,1.034,c1ccccc1
XS841890b,CC1=NN=C(CC=2C=CC(=CC2)C(=O)N3CC4(CCC4)CC3CO)O1,4.964,O=C(c1ccc(Cc2nnco2)cc1)N1CCC2(CCC2)C1
XS847212a,CC1=CC=C(C(=O)N(C)C(C)C=2C=CC(=CC2)S(C)(=O)=O)C(=O)N1,3.412,O=C(NCc1ccccc1)c1ccc[nH]c1=O
XS847208a,CC(NC(=O)NCC=1C=CC=NC1N2CCOCC2)C3=CC=CS3,1.462,O=C(NCc1cccs1)NCc1cccnc1N1CCOCC1
XS837157b,CN(CC1CCOC1)S(=O)(=O)C2=CC=3C=C(Cl)C=CC3S2,3.89,O=S(=O)(NCC1CCOC1)c1cc2ccccc2s1
XS847209a,CS(=O)(=O)C=1C=CC(C#N)=CC1NCC2(CCC2)C3CCCCO3,2.294,c1ccc(NCC2(C3CCCCO3)CCC2)cc1
XS847211a,COCC(=O)NC1CCN(CC1)C(C)C2=NC(=NO2)C=3C=CC=CC3,7.716,c1ccc(-c2noc(CN3CCCCC3)n2)cc1
XS847205a,CCC(=O)N1CCCCC1C(=O)N2CCCN(C)C=3C=CC(F)=CC32,0.536,O=C(C1CCCCN1)N1CCCNc2ccccc21
XS840488b,CN1C(=O)C(C#N)=C(NC2CCSC=3C(F)=CC=CC32)N(C)C1=O,2.446,O=c1cc(NC2CCSc3ccccc32)[nH]c(=O)[nH]1
XS847215a,O=C(CN(CC1=CC=CS1)CC2CCCO2)NC=3C=CC=CC3F,0.744,O=C(CN(Cc1cccs1)CC1CCCO1)Nc1ccccc1
XS847204a,CC1=CC(=NO1)C(=O)NCC(C=2C=CC=C(Cl)C2)N3CCOCC3,2.67,O=C(NCC(c1ccccc1)N1CCOCC1)c1ccon1
XS847202a,CC(C=1C=CC=CN1)N(C)C(=O)C=2N=C(C3CC3)N(N2)C=4C=CC=CC4,3.01,O=C(NCc1ccccn1)c1nc(C2CC2)n(-c2ccccc2)n1
XS840355b,CC=1N=C(COC(=O)C(C)OC=2C=CC(C#N)=CC2)N=C3C=CC=CC13,6.334,O=C(COc1ccccc1)OCc1ncc2ccccc2n1
XS840471b,CC(NC(=O)C=1SC=CC1S(=O)(=O)C(F)F)C=2C=CN=CC2,3.95,O=C(NCc1ccncc1)c1cccs1
XS847201a,CC1=CC=C(S1)S(=O)(=O)N2CSCC2C(=O)NC(C)(C)C,11.666,O=S(=O)(c1cccs1)N1CCSC1
XS847225a,CC1=NOC(C)=C1CCC(=O)N(C)C(C=2C=CC=CC2)C=3C=CC=CN3,1.756,O=C(CCc1cnoc1)NC(c1ccccc1)c1ccccn1
XS723166b,CC(C(=O)NC1=NNC2=C1C(=NN2C)C=3C=CC=CC3)C4CCOCC4,1.108,O=C(CC1CCOCC1)Nc1n[nH]c2[nH]nc(-c3ccccc3)c12
XS847226a,O=C(CN1C(=O)NC=2C=CC=CC21)N3CCCC3C=4C=CC=C(Cl)C4,1.584,O=C(Cn1c(=O)[nH]c2ccccc21)N1CCCC1c1ccccc1
XS847223a,CCOC(=O)NC1CCCN(C1)C(=O)C=2C=C(OC)C(C)=C(C2)OC,1.242,O=C(c1ccccc1)N1CCCCC1
XS839108b,CC=1C=CC=2CCC(NC=3N=C4CCS(=O)(=O)CC4=CC3C#N)C2C1,4.546,O=S1(=O)CCc2nc(NC3CCc4ccccc43)ccc2C1
EL001814c,CCNS(=O)(=O)CCNC(=O)CC1CCCCN1C=2C=CN=CC2,1.04,c1cc(N2CCCCC2)ccn1
XS701388b,COC=1C=CC(OC)=C(C1)N2CC(CC2=O)C(=O)NC=3C=C(C)C=CN3,5.948,O=C(Nc1ccccn1)C1CC(=O)N(c2ccccc2)C1
XS820544b,CC=1C=CC=C(C1)CNC(=O)N2CCCC(C2)C3=NN=C4C=CC=CN34,5.072,O=C(NCc1ccccc1)N1CCCC(c2nnc3ccccn23)C1
XS842051b,CC(NC=1C=CC(=CC1)OC=2C=CC=CC2C#N)C(=O)N3CCOCC3,3.544,O=C(CNc1ccc(Oc2ccccc2)cc1)N1CCOCC1
XS837861b,CC1(C)CC(C(=O)NC=2N=CN(N2)C3CCCCC3)C=4C=CC=CC4O1,8.674,O=C(Nc1ncn(C2CCCCC2)n1)C1CCOc2ccccc21
XS839637b,CN(CC1=NC=2C=CC=CC2N1C(F)F)C(=O)C3CCS(=O)(=O)C3,1.484,O=C(NCc1nc2ccccc2[nH]1)C1CCS(=O)(=O)C1
XS841933b,N#CC=1C=NC=C(N1)NC2CCC3=CN(CCCC(F)(F)F)N=C3C2,5.796,c1cnc(NC2CCc3c[nH]nc3C2)cn1
XS842155b,COCC1=NOC=C1C(=O)NC2=CC=NN2C3CCCC=4C=CC=CC43,1.032,O=C(Nc1ccnn1C1CCCc2ccccc21)c1cnoc1
XS847240a,CC=1C=CC=C(C1)C2(CC2)C(=O)NC(C)C=3C=CC(=CC3)S(C)(=O)=O,4.5,O=C(NCc1ccccc1)C1(c2ccccc2)CC1
XS838185b,COC=1N=CC=C(N1)C(=O)N2CC3(C2)CCCC3NC=4N=CC=NC4F,5.232,O=C(c1ccncn1)N1CC2(CCCC2Nc2cnccn2)C1
XS840396b,CC(OC(=O)C=1C=CC=NC1OC=2C=CC=CC2)C(=O)NCC3=CC=CO3,2.722,O=C(COC(=O)c1cccnc1Oc1ccccc1)NCc1ccco1
XS839533b,CC(C(=O)NC=1C=CC(=C2C=CN=CC12)N3CCCCC3)S(C)(=O)=O,0.382,c1cc(N2CCCCC2)c2ccncc2c1
XS847238a,COC=1C=C(C=CC1NC(C)=O)NC(C)C(=O)NC=2C=CC(F)=C(F)C2,5.394,O=C(CNc1ccccc1)Nc1ccccc1
XS839104b,CN1C=2C=CC=CC2C(CS1(=O)=O)NC=3N=CC=C(N3)C(F)(F)F,5.954,O=S1(=O)CC(Nc2ncccn2)c2ccccc2N1
XS841652b,CC1CN(CCC21CCN(CC2)C(=O)C3=CSC=C3F)C(=O)C4CC4,6.174,O=C(c1ccsc1)N1CCC2(CC1)CCN(C(=O)C1CC1)CC2
XS847236a,CCCN1CCN(CC(=O)NC(C)C=2C=CC(=CC2)C=3C=CC=CC3)CC1,1.02,O=C(CN1CCNCC1)NCc1ccc(-c2ccccc2)cc1
XS847252a,O=C1C=2C=CC=CC2NC(C=3C=C(Cl)C=4OCCCOC4C3)N1C5CC5,1.91,O=C1c2ccccc2NC(c2ccc3c(c2)OCCCO3)N1C1CC1
XS847242a,CC1=C(N=NN1C=2C=CC(=CC2)OC(C)C)C(=O)N3CCCC(C3)C(=O)O,14.106,O=C(c1cn(-c2ccccc2)nn1)N1CCCCC1
XS080731f,COC=1C=CC=CC1NC(=O)C(C)NC=2C=CC(=CC2)C3=CSC(C)=N3,1.482,O=C(CNc1ccc(-c2cscn2)cc1)Nc1ccccc1
XS847249a,COC=1C=CC=CC1NC(=O)N2CCCC2C=3C=CC=4OCCCOC4C3,9.844,O=C(Nc1ccccc1)N1CCCC1c1ccc2c(c1)OCCCO2
XS838830b,CN1CCN(C(=O)C2OCCOC32CCC3)C=4C=CC(=CC41)C(F)(F)F,1.33,O=C(C1OCCOC12CCC2)N1CCNc2ccccc21
XS825460b,O=C(OCC1CCCO1)C=2N=C(C3=CC=CS3)N(N2)C=4C=CC(F)=CC4,1.558,O=C(OCC1CCCO1)c1nc(-c2cccs2)n(-c2ccccc2)n1
XS847248a,CNC(=O)C1=CC=2C(=O)N3C=CC=C(C)C3=NC2N(CC4CCCO4)C1=N,1.908,N=c1ccc2c(=O)n3ccccc3nc2n1CC1CCCO1
XS841008b,CC(NC=1C=CC(=C2C=CC=NC12)[N+]([O-])=O)C=3C=CC(=CC3)S(C)(=O)=O,2.292,c1ccc(CNc2cccc3cccnc23)cc1
XS847251a,CC(C)C=1C=C(C(=O)NC(C)C(=O)N2CCCC2)C=3C=NN(C3N1)C(C)C,8.662,O=C(NCC(=O)N1CCCC1)c1ccnc2[nH]ncc12
XS847244a,CCCC(C)NC(=O)COC=1C=CC(=CC1)NC(=O)C=2C=CC=CC2OC,0.952,O=C(Nc1ccccc1)c1ccccc1
XS847247a,COC(=O)C=1C=CC=CC1S(=O)(=O)N2CC(OC=3C=CC=CC32)C(N)=O,1.112,O=S(=O)(c1ccccc1)N1CCOc2ccccc21
XS183882b,COC=1C=CC(C)=CC1NC(=O)CN(CC2=CC=CS2)CC3CCCO3,1.036,O=C(CN(Cc1cccs1)CC1CCCO1)Nc1ccccc1
XS837625b,CC(C=1C=CC=CC1)N2C=C(C=N2)NS(=O)(=O)C=3SC=CC3Cl,1.352,O=S(=O)(Nc1cnn(Cc2ccccc2)c1)c1cccs1
XS847254a,COC=1C=CC(=CC1)C2=NC(=CS2)C(=O)NC(C)C=3C=CC=CC3OC,1.792,O=C(NCc1ccccc1)c1csc(-c2ccccc2)n1
XS395778b,CN1C=CN=C1C(NC(=O)CC2=NNC(=O)C=3C=CC=CC23)C=4C=CC=CC4,1.436,O=C(Cc1n[nH]c(=O)c2ccccc12)NC(c1ccccc1)c1ncc[nH]1
XS840652b,COC(=O)C(CNC(=O)NC=1C=CC(C(N)=O)=C(Cl)C1)C=2C=CC=CC2,1.844,O=C(NCCc1ccccc1)Nc1ccccc1
XS841905b,O=C(C1=CCS(=O)(=O)C1)N2CCCC(C2)C3=NC(=NN3)C=4C=CC=CC4,10.104,O=C(C1=CCS(=O)(=O)C1)N1CCCC(c2nc(-c3ccccc3)n[nH]2)C1
XS847245a,CCC(NC(=O)NCC=1C=CC=C(C1)NS(C)(=O)=O)C=2C=CC(C)=CC2,2.074,O=C(NCc1ccccc1)NCc1ccccc1
XS837744b,FC(F)C1=NN=C2C=CC(=NN12)NC3CC=4C=C(Br)C=NC4C3,3.72,c1cnc2c(c1)CC(Nc1ccc3nncn3n1)C2
XS837870b,CN1CCCC2(CCN(C2)C(=O)NCCNS(=O)(=O)C=3C=CC=CC3)C1,1.66,O=C(NCCNS(=O)(=O)c1ccccc1)N1CCC2(CCCNC2)C1
XS842363b,O=C(NC(CCO)C1CCC(F)(F)CC1)C=2OC(=NC2C(F)F)C3CC3,0.634,O=C(NCC1CCCCC1)c1cnc(C2CC2)o1
XS840663b,CC(NC(=O)C=1C=C(C(O)=CC1N)[N+]([O-])=O)C=2C=CC=CC2Br,3.862,O=C(NCc1ccccc1)c1ccccc1
XS545375b,CC=1N=C(SC1C(=O)N2CC(C)CN(C)C=3C=CC=CC32)C=4N=CC=CN4,0.872,O=C(c1cnc(-c2ncccn2)s1)N1CCCNc2ccccc21
XS847260a,CC(C(=O)NCC=1C=CC=CC1)S(=O)(=O)CC=2C=CC(=CC2)C(F)(F)F,9.858,O=C(CS(=O)(=O)Cc1ccccc1)NCc1ccccc1
XS847258a,CCCCN(C(=O)COC(=O)C=1C=CC(=CC1)CO)C2CCS(=O)(=O)C2,3.7,O=C(COC(=O)c1ccccc1)NC1CCS(=O)(=O)C1
XS847259a,CCOC=1C=CC(=CC1)N2CC(CC2=O)C(=O)NC3=NC(=CS3)C(C)(C)C,1.228,O=C(Nc1nccs1)C1CC(=O)N(c2ccccc2)C1
XS836762b,CC1CC=2C=CC=CC2N1C(=O)CN3C(=O)OC=4C=C(C=CC43)S(N)(=O)=O,5.658,O=C(Cn1c(=O)oc2ccccc21)N1CCc2ccccc21
XS847257a,CC1=CN(N=C1C(=O)N2CCCC(C2)C3=CC=NN3C)C=4C(F)=CC=CC4F,2.022,O=C(c1ccn(-c2ccccc2)n1)N1CCCC(c2ccn[nH]2)C1
XS531726b,CC1=CN=C(S1)C(NS(=O)(=O)C=2C=CC(=CC2)OCC(F)F)C3CC3,2.58,O=S(=O)(NC(c1nccs1)C1CC1)c1ccccc1
XS837772b,CS(=O)(=NC(=O)C1CCN(CC1)C=2C=CC(C#N)=CN2)C=3C=CC=C(F)C3,5.208,O=C(N=[SH](=O)c1ccccc1)C1CCN(c2ccccn2)CC1
XS837664b,O=C(NC=1C=CC=C(C1)C2=NC=CO2)N3CCCC(C3)OC=4N=CC=CC4F,7.476,O=C(Nc1cccc(-c2ncco2)c1)N1CCCC(Oc2ccccn2)C1
XS837225b,CC1=NC=CN1C=2C=CC(=CC2F)CNC(=O)C3CCCC=4C(O)=CC=CC43,1.146,O=C(NCc1ccc(-n2ccnc2)cc1)C1CCCc2ccccc21
XS838693b,COC(=O)C(NC=1C=CC(=CC1)OCCS(C)(=O)=O)C=2C=CC=C(C)C2,8.662,c1ccc(CNc2ccccc2)cc1
XS847281a,O=C(CNC(=O)C=1C=CC=CC1Cl)NCC(C2=CC=CS2)N3CCCC3,1.396,O=C(CNC(=O)c1ccccc1)NCC(c1cccs1)N1CCCC1
XS847277a,O=C(CC1=CSC(=N1)C2=CC=CO2)NC(CN3CCCC3=O)C=4C=CC=CC4,3.624,O=C(Cc1csc(-c2ccco2)n1)NC(CN1CCCC1=O)c1ccccc1
XS847279a,COC=1C=CC=C(C1)NC(=O)C2CCCN(C2)S(=O)(=O)C=3C=CC(C)=CC3,6.048,O=C(Nc1ccccc1)C1CCCN(S(=O)(=O)c2ccccc2)C1
XS736320b,CC(NC(=O)CCC1=NC(=NO1)C=2C=CN=CC2)C=3C=CC(=CC3)C(F)(F)F,2.492,O=C(CCc1nc(-c2ccncc2)no1)NCc1ccccc1
XS839575b,CC=1N=CSC1CCS(=O)(=O)NC2C=3C=CC=CC3CC42CCOCC4,7.242,O=S(=O)(CCc1cncs1)NC1c2ccccc2CC12CCOCC2
XS847267a,CC(C)C1=NC(=NN1C=2C=CC=CC2F)C(=O)N3CCCC(CCC(=O)O)C3,1.364,O=C(c1ncn(-c2ccccc2)n1)N1CCCCC1
XS847269a,CCC=1C=CC=CC1N2CC(CC2=O)C(=O)N3CCOC=4C=C(C=CC4C3)OC,5.266,O=C(C1CC(=O)N(c2ccccc2)C1)N1CCOc2ccccc2C1
XS847282a,CC=1NC(=O)C(C#N)=C(C)C1CCC(=O)NC(C)C=2C=CC(=CC2)N3C=NC=N3,6.636,O=C(CCc1ccc(=O)[nH]c1)NCc1ccc(-n2cncn2)cc1
XS847274a,CC(=O)NC=1C=CC(=CC1)S(=O)(=O)NC(C)C(=O)NC=2C=CC(C)=C(F)C2,2.114,O=C(CNS(=O)(=O)c1ccccc1)Nc1ccccc1
XS847278a,CC(C)C(NC1=NS(=O)(=O)C=2C=CC=CC12)C(=O)NCC=3C=CC=CC3F,2.386,O=C(CNC1=NS(=O)(=O)c2ccccc21)NCc1ccccc1
XS836525b,CC(=O)N1CC(C)C=2C=CC(=CC21)S(=O)(=O)NC=3C=NC4=C(C3)C(C)=NN4C,3.202,O=S(=O)(Nc1cnc2[nH]ncc2c1)c1ccc2c(c1)NCC2
XS847293a,CC1=NC(=NN1C=2C=CC(F)=CC2)C(=O)NC(CN3CCCC3=O)C=4C=CC=CC4,6.28,O=C(NC(CN1CCCC1=O)c1ccccc1)c1ncn(-c2ccccc2)n1
XS847292a,CN(CCOC=1C=CC(Cl)=CC1)C(=O)C2CCCN(C2)C(=O)C3=CC=CS3,9.216,O=C(NCCOc1ccccc1)C1CCCN(C(=O)c2cccs2)C1
XS472728b,CCOC=1C=CC(=CC1)CN2CCN(CC2)C(=O)C3CCCN(C3)C=4N=CC=CN4,1.978,O=C(C1CCCN(c2ncccn2)C1)N1CCN(Cc2ccccc2)CC1
XS847283a,CCN(CC)S(=O)(=O)C=1C=CC(=O)N(C1)CC(=O)NC(C)C=2C=CC(F)=CC2,1.766,O=C(Cn1ccccc1=O)NCc1ccccc1
XS847285a,CCOC=1C=CC(=CC1OCC)S(=O)(=O)N2CCCC2C3=NC=4C=CC=CC4N3,0.816,O=S(=O)(c1ccccc1)N1CCCC1c1nc2ccccc2[nH]1
XS847288a,CC(OC(=O)CCCNS(=O)(=O)C=1C=CC(F)=CC1)C(=O)N2CCCCC2,8.854,O=C(CCCNS(=O)(=O)c1ccccc1)OCC(=O)N1CCCCC1
XS837018b,COC=1C=CC(=CC1OC)C(CO)CNC=2C=CC3=CC(F)=CC(=C3N2)[N+]([O-])=O,1.15,c1ccc(CCNc2ccc3ccccc3n2)cc1
XS744578b,CC(C)C(NC(=O)CCS(=O)(=O)C=1C=CC=2OCCOC2C1)C=3C=CC(F)=CC3,3.758,O=C(CCS(=O)(=O)c1ccc2c(c1)OCCO2)NCc1ccccc1
XS841084b,CC1CCCN(C1)C(=O)COC(=O)CCNS(=O)(=O)C=2C=CC3=CC=CC=C3C2,1.18,O=C(CCNS(=O)(=O)c1ccc2ccccc2c1)OCC(=O)N1CCCCC1
XS847290a,O=C(C=1C=CC(=O)N(CC=2C=CC=CC2)N1)N3CCCC3C4=NC=5C=CC=CC5S4,3.308,O=C(c1ccc(=O)n(Cc2ccccc2)n1)N1CCCC1c1nc2ccccc2s1
XS841508b,FC(F)C1=NN=C2C=CC(=NN12)N3CCCC(C3)C4=NNC(=N4)C5CCCCC5,1.24,c1cc2nncn2nc1N1CCCC(c2n[nH]c(C3CCCCC3)n2)C1
XS837825b,COC(=O)C1=CC=2CN(CCC2N1C)C(=O)C3(O)CCCN(CC=4C=CC=CC4)C3,1.48,O=C(C1CCCN(Cc2ccccc2)C1)N1CCc2[nH]ccc2C1
XS847296a,CCN(CC)S(=O)(=O)C=1C=CC(=CC1)C(C)NCC(=O)NC=2C=CC=C(C)C2,1.252,O=C(CNCc1ccccc1)Nc1ccccc1
XS847284a,CCN1C(CN2CCCCC2C3=NN=C(O3)C4CCOCC4)=NC=5C(F)=CC=CC51,5.278,c1ccc2[nH]c(CN3CCCCC3c3nnc(C4CCOCC4)o3)nc2c1
XS847297a,CCN(CC1COC=2C=CC=CC2O1)C(=O)NCC=3C=CC(=CC3)S(=O)(=O)NC,1.25,O=C(NCc1ccccc1)NCC1COc2ccccc2O1
XS847309a,COCC1=NOC=C1C(=O)N=S2(=O)CCCN(CC2)C(=O)C34CC(C3)(C4)C(F)(F)F,4.586,O=C(N=S1(=O)CCCN(C(=O)C23CC(C2)C3)CC1)c1cnoc1
XS840661b,CC(C)C1CCC=2C=CC=CC2N1S(=O)(=O)C=3C=CC(=CC3)OCC4=NC=NN4C,1.124,O=S(=O)(c1ccc(OCc2ncn[nH]2)cc1)N1CCCc2ccccc21
XS840462c,CCOC(=O)C1=C(CN2CCC=3C=CC=CC32)NC(=O)NC1C=4C=CC=CC4OC(F)F,0.842,O=C1NC(CN2CCc3ccccc32)=CC(c2ccccc2)N1
XS836463b,CC1=NOC(C)=C1C(C)NS(=O)(=O)C=2C=C3C(=CC2Br)N(C)C(=O)N3C,0.978,O=c1[nH]c2ccc(S(=O)(=O)NCc3cnoc3)cc2[nH]1
XS837821b,COC1=CN(C)C(=CC1=O)C(=O)N2CCC=3C=C(O)C=CC3C2COCC=4C=CC=CC4,3.588,O=C(c1cc(=O)cc[nH]1)N1CCc2ccccc2C1COCc1ccccc1
XS847315a,CC=1N=C(SC1CC(=O)N2CCC(CC(=O)N3CC(CO)(C3)C4CC4)C2(C)C)C=5C=CN(C)N5,3.016,O=C(Cc1cnc(-c2cc[nH]n2)s1)N1CCC(CC(=O)N2CC(C3CC3)C2)C1
XS847303a,CC1=NN(CC=2C=CC(C)=CC2)C(C)=C1C(=O)N3CCN(CC3)C(=O)C4COC=5C=CC=CC5O4,2.398,O=C(c1cnn(Cc2ccccc2)c1)N1CCN(C(=O)C2COc3ccccc3O2)CC1
XS847313a,CC(C)CNC(=O)C1CCCN(CC2=CC(=O)N3C(=CSC3=N2)C=4C=CC=CC4)C1,3.276,O=c1cc(CN2CCCCC2)nc2scc(-c3ccccc3)n12
XS838851b,CC1(C)C(CNC(=O)C2=CC=3C(O)=CC=CC3N2)CCN1C(=O)C4=NC=C5C=CC=CN45,1.316,O=C(NCC1CCN(C(=O)c2ncc3ccccn23)C1)c1cc2ccccc2[nH]1
XS847300a,CN1N=CC(C(=O)NC2COC=3C=C(F)C(Br)=CC32)=C1CC=4C=CC=CC4,6.826,O=C(NC1COc2ccccc21)c1cn[nH]c1Cc1ccccc1
XS847299a,COC=1C=CC=2NC(=NC2C1)SCC(=O)N(C3CCS(=O)(=O)C3)C4CCCCC4,7.718,O=C(CSc1nc2ccccc2[nH]1)N(C1CCCCC1)C1CCS(=O)(=O)C1
XS847312a,CC(C)N(C(=O)CN1C(=NC=2C=CC=CC21)C(C)NC(=O)C3=CC=CO3)C=4C=CC=CC4,7.362,O=C(Cn1c(CNC(=O)c2ccco2)nc2ccccc21)Nc1ccccc1
XS842728b,CC(OC=1C=CC(F)=CC1)C(=O)NC=2C=CC(=CC2N3CCOCC3)N4CCOCC4,8.722,O=C(COc1ccccc1)Nc1ccc(N2CCOCC2)cc1N1CCOCC1
XS393077b,CC=1C=C(NC(=O)C2CC(=O)NC=3C=CC=CC32)N(N1)C=4C=CC=C(Br)C4,7.57,O=C1CC(C(=O)Nc2ccnn2-c2ccccc2)c2ccccc2N1
XS847298a,N#CC=1C=CC=CC1S(=O)(=O)N2CCN(CC2)C(C(=O)N3CCCC3)C=4C=CC=CC4,2.426,O=C(C(c1ccccc1)N1CCN(S(=O)(=O)c2ccccc2)CC1)N1CCCC1
XS847305a,CN(C)C=1C=CC(=CC1)C(CNC(=O)C=2C=CC=C(C2)S(=O)(=O)N3CCOCC3)C4=CNC=5C=CC=CC45,8.2,O=C(NCC(c1ccccc1)c1c[nH]c2ccccc12)c1cccc(S(=O)(=O)N2CCOCC2)c1
XS847326a,CC1=NOC(CN2CCCC2C3=CC=CS3)=N1,3.106,c1csc(C2CCCN2Cc2ncno2)c1
XS847327a,CN(CC1COC=2C=CC=CC2O1)C(=O)C3CC3,3.454,O=C(NCC1COc2ccccc2O1)C1CC1
XS847330a,CCCC(C)NC=1C=NC2=C(C1)C(C)=NN2C,1.688,c1cnc2[nH]ncc2c1
XS842234b,O=C1CN(CC2CCC(F)(F)C2)CCN1,0.726,O=C1CN(CC2CCCC2)CCN1
XS840956b,CN(C=1N=CC=CC1[N+]([O-])=O)C2CCSC2,6.364,c1ccc(NC2CCSC2)nc1
XS847317a,CN1C=C(C=N1)C2CCCN2C(=O)C=3C=CNN3,5.142,O=C(c1cc[nH]n1)N1CCCC1c1cn[nH]c1
XS841167b,COC(=O)C(F)CC=1C=CC=C(N)C1,3.004,c1ccccc1
XS847320a,CNC(=O)CC1CCOC=2C=CC=CC21,0.87,c1ccc2c(c1)CCCO2
XS847324a,O=C(C1CC=2C=CC=CC2CN1)N3CCCC3,1.22,O=C(C1Cc2ccccc2CN1)N1CCCC1
XS847322a,CC1CC=2C=CC=CC2N1C(=O)NC3CC3,1.516,O=C(NC1CC1)N1CCc2ccccc21
XS842472b,CCC(C)NC=1C=CC(=CC1[N+]([O-])=O)C(N)=O,4.382,c1ccccc1
XS847323a,CNS(=O)(=O)N1CCCC1C=2C=CC=NC2,1.838,c1cncc(C2CCCN2)c1
XS847318a,CCCCCC(=O)N1CCCC(C1)N2C=NC=N2,1.808,c1ncn(C2CCCNC2)n1
XS841833b,CC(C)C1=NN=C(O1)N2CCSCC2C,0.688,c1nnc(N2CCSCC2)o1
XS837466b,CC1=NN=NN1C2CCC(C)(C)C2,0.51,c1nnnn1C1CCCC1
XS837038b,CC=1CC(ON1)C(=O)N2CC(C2)OC(F)F,9.202,O=C(C1CC=NO1)N1CCC1
XS847328a,COCCN1CC(CC1=O)C(=O)NCC(C)C,1.63,O=C1CCCN1
XS847329a,O=C(NC1=NN=CN1)C2COC=3C=CC=CC3C2,5.03,O=C(Nc1nnc[nH]1)C1COc2ccccc2C1
XS847321a,O=C(NC1CCC(=O)NC1=O)C=2C=CC=C(F)C2,6.172,O=C1CCC(NC(=O)c2ccccc2)C(=O)N1
XS836847b,CCC(C)C1=CSC(=N1)NC(=O)NCC(=O)NC,0.698,c1cscn1
XS847333a,CC1=NN(C)C(C)=C1C(=O)NC(C)C=2C=CC=CC2C,1.052,O=C(NCc1ccccc1)c1cn[nH]c1
XS847339a,COCC(C)NC1=NC(=CS1)C=2C=CC(F)=CC2,1.096,c1ccc(-c2cscn2)cc1
XS444696b,CC=1C=CC=CC1NC(=O)C(C)NC=2C=CC=CC2,4.768,O=C(CNc1ccccc1)Nc1ccccc1
XS841743b,CCN1N=NC=C1CN2C(=O)CC(C)(C2=O)C(C)C,6.358,O=C1CCC(=O)N1Cc1cnn[nH]1
XS839500b,N#CC1=CC=CC(C#N)=C1N2CC(C2)C3CCOC3,1.428,c1ccc(N2CC(C3CCOC3)C2)cc1
XS840160b,CCC(C)(NC(=O)NC1=CN=NS1)C(F)(F)F,0.892,c1csnn1
XS847335a,CCCNC(=O)CS(=O)CC=1C=CC=CC1F,0.822,c1ccccc1
XS837002b,CCCC1CCCN(CC1)C=2C=CN=C3NN=C(C)C23,1.778,c1cc(N2CCCCCC2)c2cn[nH]c2n1
XS847336a,CC=1C=C(Cl)C=CC1NC(=O)C2CCC(=O)N2,7.808,O=C1CCC(C(=O)Nc2ccccc2)N1
XS847340a,O=C(O)C(NC(=O)CC1CCCC1)C=2C=CC=CC2,1.116,O=C(CC1CCCC1)NCc1ccccc1
XS847338a,O=C(NC1CCCCNC1=O)C2=CN3C=CC=CC3=N2,4.27,O=C(NC1CCCCNC1=O)c1cn2ccccc2n1
XS669308b,CC(NC=1C=CC=CC1)C(=O)NC=2C=CC=C(C#N)C2,10.724,O=C(CNc1ccccc1)Nc1ccccc1
XS836785b,CC=1NN=C2OC(N)=C(C#N)C(C12)C3CCCCC3,1.546,C1=CC(C2CCCCC2)c2c[nH]nc2O1
XS841442b,O=C(NC=1C=CC=C(C1)CCF)C2(F)CCCNC2,1.374,O=C(Nc1ccccc1)C1CCCNC1
XS838479b,CN1C=CC(=C1)C2=CC(=NN2)C(=O)N3CCC3CF,6.078,O=C(c1cc(-c2cc[nH]c2)[nH]n1)N1CCC1
XS837914b,FC1(F)CCCC1CCN2N=NC=3CCCCC32,4.748,C1CCc2c(nnn2CCC2CCCC2)C1
XS837142b,CC(NC=1N=CC=2COCC2N1)C=3C=CC=C(F)C3,1.692,c1ccc(CNc2ncc3c(n2)COC3)cc1
XS841676b,CC1=C(C=NN1C(C)C)NC(=O)C(C)C=2N=CC=CN2,1.33,O=C(Cc1ncccn1)Nc1cn[nH]c1
XS693941b,COC=1C=CC(O)=C(C1)C(=O)NC2CCS(=O)(=O)C2,4.41,O=C(NC1CCS(=O)(=O)C1)c1ccccc1
XS673407b,CC=1N=NSC1C(=O)NCC2CCCC(F)(F)C2,0.362,O=C(NCC1CCCCC1)c1cnns1
XS847345a,CC(C)N1CCC(SC=2C=CN=C3C=CC=CC23)C1=O,12.03,O=C1NCCC1Sc1ccnc2ccccc12
XS847347a,CC(C)COC(=O)N1C=2C=CC=CC2NC(=O)CC1C,8.176,O=C1CCNc2ccccc2N1
XS847353a,CCC1=CC=C(S1)C(=O)N2CCN3C=CC=C3C2C,2.434,O=C(c1cccs1)N1CCn2cccc2C1
XS847348a,CC(C=1C=CC(F)=CC1)N(C)C(=O)NC=2C=CC=NC2,3.428,O=C(NCc1ccccc1)Nc1cccnc1
XS078997b,CC(C)C(C)NC(=O)CN1C=NC=2C=CSC2C1=O,1.41,O=c1[nH]cnc2ccsc12
XS847343a,CCC1=NN=C(CN2CCOC(CN3C=CC=N3)C2)O1,0.838,c1cnn(CC2CN(Cc3nnco3)CCO2)c1
XS653082b,CC(NC(=O)CN1C=NC=N1)C=2C=CC3=CC=CC=C3C2,2.458,O=C(Cn1cncn1)NCc1ccc2ccccc2c1
XS842183b,CC(OC=1C=CC2=CC=CC=C2C1)C(=O)N3CCOCC3,2.932,O=C(COc1ccc2ccccc2c1)N1CCOCC1
XS840514b,COC(=O)CC(C)C(=O)N1CCC(CC1)N2C=CC=C2,3.366,c1ccn(C2CCNCC2)c1
XS847341a,CC=1C=CC(=CC1)CC(=O)N2CCCC(C2)C3=CC=NN3,4.42,O=C(Cc1ccccc1)N1CCCC(c2ccn[nH]2)C1
XS762594b,COCC1(CCCN1CC=2C=CC(F)=C(F)C2)C(N)=O,0.716,c1ccc(CN2CCCC2)cc1
XS838881b,O=C1C=C(OCCC2CCOC2)C=3C=CC(F)=CC3O1,3.002,O=c1cc(OCCC2CCOC2)c2ccccc2o1
XS847346a,CC(C)(C)CC(=O)N1CC(CC(=O)O)C=2C=CC=CC21,0.98,c1ccc2c(c1)CCN2
XS847359a,CC1(C)CC(C2=NC(=NO2)C3=NN=CN3)C=4C=CC=CC4O1,0.594,c1ccc2c(c1)OCCC2c1nc(-c2nnc[nH]2)no1
XS838204b,CC(NC(=O)CN1N=NN(C1=O)C=2C=CC=CC2)C3CC3,0.862,O=C(Cn1nnn(-c2ccccc2)c1=O)NCC1CC1
XS840999b,FC(C=1C=CC=C(C1)C=2C=NC3=CC=NN3C2)C(F)(F)F,6.506,c1ccc(-c2cnc3ccnn3c2)cc1
XS837784b,COC=1C=CC=C(C1)C2(F)CCN(C2)C=3C=C(N)N=CN3,4.082,c1ccc(C2CCN(c3ccncn3)C2)cc1
XS841746b,O=C(CCN1CCC(F)C1)N2CC=3C=CC=C(Cl)C3C2,1.128,O=C(CCN1CCCC1)N1Cc2ccccc2C1
XS494479b,CC1=NC(C(=O)N2CCCC(O)(C2)C(F)(F)F)=C(C)O1,1.26,O=C(c1cocn1)N1CCCCC1
XS847358a,CC1=NOC(=N1)C2COCCN2CC=3C=C(O)C=C(F)C3,1.732,c1ccc(CN2CCOCC2c2ncno2)cc1
XS602414b,CC(NC(=O)CN1CCCCCCC1=O)C2=CC=CS2,2.334,O=C(CN1CCCCCCC1=O)NCc1cccs1
XS839323b,COCC1(CC#N)CCCN(C1)C=2C=C(N=CC2N)OC,3.308,c1cc(N2CCCCC2)ccn1
XS839411b,O=C(NCC1CCCCC1(F)F)C=2C=CC=3CCOC3C2,8.774,O=C(NCC1CCCCC1)c1ccc2c(c1)OCC2
XS841668b,CCN(C(=O)C(C)C=1C=NC=CN1)C=2C=CC=C(Cl)C2,1.516,O=C(Cc1cnccn1)Nc1ccccc1
XS847360a,O=C(CN1C(=O)COC=2C=CC=CC21)NCC3CCCO3,1.696,O=C(CN1C(=O)COc2ccccc21)NCC1CCCO1
XS847361a,O=S(=O)(C=1C=CC=CC1)N2CCCC2C=3C=CN=CC3,4.636,O=S(=O)(c1ccccc1)N1CCCC1c1ccncc1
XS847365a,CC(=O)NC(C=1C=CC=CC1)C=2C=CC(=CC2)OC(F)F,0.816,c1ccc(Cc2ccccc2)cc1
XS631984b,CC(=O)N1CCCC(CNC(=O)C=2C=CC(=CN2)C(C)C)C1,2.554,O=C(NCC1CCCNC1)c1ccccn1
XS847375a,CC(C)(C)N1C=C(C=N1)C(=O)NC(C(N)=O)C=2C=CC=CC2,3.506,O=C(NCc1ccccc1)c1cn[nH]c1
XS839666b,CC1=CN(C)N=C1C=2C=CC=C(C2)S(=N)(=O)C(F)(F)F,1.012,c1ccc(-c2cc[nH]n2)cc1
XS718945b,O=C(NCC1CC1)C2CCCN(C2)C=3N=CN=C4NC=CC34,1.516,O=C(NCC1CC1)C1CCCN(c2ncnc3[nH]ccc23)C1
XS847367a,COC=1C=CC=CC1NC(C)C(=O)NC=2C=CC(Cl)=CN2,8.076,O=C(CNc1ccccc1)Nc1ccccn1
XS173266d,CC(C)C(NC(=O)CN1C=NC(C#N)=N1)C=2C=CC(F)=CC2,1.288,O=C(Cn1cncn1)NCc1ccccc1
XS847368a,CC(=O)N1CCCN(CC1)C(=O)C2CCOC=3C=CC=CC32,0.726,O=C(C1CCOc2ccccc21)N1CCCNCC1
XS838712b,O=C(OCC=1C=CC=CC1)C2CN(C2)C(=O)C3CC43CCC4,3.668,O=C(OCc1ccccc1)C1CN(C(=O)C2CC23CCC3)C1
XS394334b,CC1=NOC(CN2CCCC(C2)C3=NC=4C=CC=CC4O3)=N1,2.986,c1ccc2oc(C3CCCN(Cc4ncno4)C3)nc2c1
XS838363b,FC1(F)CC1C=2C=CC=C(C2)NC=3N=CC=C4N=CC=NC34,0.61,c1cc(Nc2nccc3nccnc23)cc(C2CC2)c1
XS836604b,CCN(CC(C)C#N)C(=O)C=1C=CC(Cl)=C2C=CC=NC12,1.276,c1ccc2ncccc2c1
XS841360b,CCC=1OC(=CC1C)C(=O)N2CCCC3(CNC(=O)N3)CC2,2.17,O=C1NCC2(CCCN(C(=O)c3ccco3)CC2)N1
XS788206b,O=C(NC1CC1)C(SC=2C=CC=CN2)C=3C=CC(F)=CC3,0.42,O=C(NC1CC1)C(Sc1ccccn1)c1ccccc1
XS842171b,COCCOCC(C)NC=1C=C(OC)C(Cl)=CC1OC,2.698,c1ccccc1
XS847371a,CC(CC(=O)NC=1C=CC=C(O)C1)(C(=O)O)C=2C=CC=CC2,4.068,O=C(CCc1ccccc1)Nc1ccccc1
XS839667b,COC(C)CS(=O)(=O)N(C)C=1C=CC=2N=C(C)SC2C1,0.512,c1ccc2scnc2c1
XS847383a,CN(CC1=CC=CO1)C(=O)C2CC(=O)N(CC=3C=CC=CN3)C2,3.852,O=C(NCc1ccco1)C1CC(=O)N(Cc2ccccn2)C1
XS847381a,CSCCC(NC(=O)C=1C=CC=C(C)C1)C(=O)NC(C)C,1.498,c1ccccc1
XS837982b,BrC=1C=NC=NC1NC2CCCC32CCOCC3,1.09,c1cc(NC2CCCC23CCOCC3)ncn1
XS533793b,CCCNC(=O)CCNC(=O)NC1CCCC21CCOCC2,0.83,C1CCC2(C1)CCOCC2
XS847384a,COC=1C=CC=C(C1)CCNC(=O)NC2CCS(=O)(=O)C2,6.386,O=C(NCCc1ccccc1)NC1CCS(=O)(=O)C1
XS653343b,CCOC=1N=CC=CC1NC(=O)NC(C=2C=CC=CC2)C3CC3,1.69,O=C(Nc1cccnc1)NC(c1ccccc1)C1CC1
XS665637b,CN(C1=NC=2C=CC=CC2O1)C3CCCN(C3)C=4C=CC=NN4,3.352,c1cnnc(N2CCCC(Nc3nc4ccccc4o3)C2)c1
XS401809b,CC1=NN(C)C=2N=CC(=CC12)NC(=O)C(C)OC=3C=CC=CC3,2.552,O=C(COc1ccccc1)Nc1cnc2[nH]ncc2c1
XS841338b,[O-][N+](=O)C1=CC(=CS1)C2NC(=O)C=3C=CC(Cl)=CC3N2,3.218,O=C1NC(c2ccsc2)Nc2ccccc21
XS841902b,COCC(C)CN1N=NN=C1N2CCOC3(CCCCC3)C2,0.528,C1CCC2(CC1)CN(c1nnn[nH]1)CCO2
XS839845b,COC(=O)C=1C=NN(C)C1NC(=O)NC2CC32CCCCC3,2.526,O=C(Nc1ccn[nH]1)NC1CC12CCCCC2
PY000396b,OC(COC=1C=CC=CC1)CN2CCN(CC2)C=3C=CC=CC3,0.776,c1ccc(OCCCN2CCN(c3ccccc3)CC2)cc1
XS823872b,CC(C=1C=CN=CC1)N(C)C(=O)C2=CC(=NO2)C=3C=CC=CC3,1.966,O=C(NCc1ccncc1)c1cc(-c2ccccc2)no1
XS847378a,O=C(NC1CCOC1)C=2C=C(N=C3C=CC=CC23)C4=CC=CO4,1.934,O=C(NC1CCOC1)c1cc(-c2ccco2)nc2ccccc12
XS847380a,CC(=O)NC=1C=CC=CC1OCC(=O)NC(C)C=2C=CC=CC2,0.746,O=C(COc1ccccc1)NCc1ccccc1
XS015613b,CCOC=1C=CC=CC1NC(=O)CN2C=3C=CC=CC3CC2C,0.78,O=C(CN1CCc2ccccc21)Nc1ccccc1
XS420885b,COC=1N=CC=CC1CNC(=O)C2CC(=O)NC=3C=CC=CC32,13.192,O=C1CC(C(=O)NCc2cccnc2)c2ccccc2N1
XS550889b,CCC1=NSC(=N1)NCC2CCN3N=CC(C(N)=O)=C3C2,2.58,c1nsc(NCC2CCn3nccc3C2)n1
XS411196b,CCOC=1C=CC=CC1NC(=O)CC(C(=O)O)C=2C=CC=CC2,1.46,O=C(CCc1ccccc1)Nc1ccccc1
XS847385a,CC(NCC1=NN=C(O1)C=2C=CC=CC2)C=3C=CC(Cl)=CC3,2.442,c1ccc(CNCc2nnc(-c3ccccc3)o2)cc1
XS837614b,CCC(NC(=O)C=1N=NC2=C(F)C=CC=C2C1O)C3CCCC3,7.904,O=C(NCC1CCCC1)c1cc2ccccc2nn1
XS847391a,COC=1C=CC(=CC1)C(NC(=O)C2=CC(C)=C(C)S2)C(=O)O,5.84,O=C(NCc1ccccc1)c1cccs1
XS766100b,CN1C=C(N=C1C2CCCN(C2)C(=O)CC(N)=O)C(F)(F)F,3.136,c1c[nH]c(C2CCCNC2)n1
XS837669b,CC1CCN(CC1)C(=O)N2CCN3CCS(=O)(=O)CC3C2,5.698,O=C(N1CCCCC1)N1CCN2CCS(=O)(=O)CC2C1
XS847394a,CC(C)CCCNC(=O)NC(C)C=1C=CC(=CC1)N2C=CN=C2,1.976,c1ccc(-n2ccnc2)cc1
XS847392a,CCC(C)NC(=O)COC(=O)C=1C=C2C=CC=CC2=CC1OC,0.956,c1ccc2ccccc2c1
XS847398a,CCNC(=O)NC(=O)C(C)N1CCC=2C=CC(=CC2C1)OCC,3.994,c1ccc2c(c1)CCNC2
XS841117b,CC(C(=O)NC=1C=CC=C(C1)S(=O)(=O)F)N2CCOC2=O,11.792,O=C(CN1CCOC1=O)Nc1ccccc1
XS550327b,COCCN1C=C(C=N1)NC(=O)NC2COC=3C=CC=CC3C2,3.982,O=C(Nc1cn[nH]c1)NC1COc2ccccc2C1
XS847396a,COC=1C=CC(NC(C)C(=O)NC=2C=CC(C)=CC2)=C(C1)OC,4.698,O=C(CNc1ccccc1)Nc1ccccc1
XS691393b,CC1=CC=C(CNC(=O)N2CCCC(C2)C3=NN=CN3C)S1,2.468,O=C(NCc1cccs1)N1CCCC(c2nnc[nH]2)C1
XS847389a,CC(C)CNC(=O)C(C)SC1=NC=CN1CC=2C=CC=CN2,2.26,c1ccc(Cn2ccnc2)nc1
XS847393a,CC1=CN=C(NC(=O)CN2C(=O)C(C)OC=3C=CC=CC32)S1,2.324,O=C(CN1C(=O)COc2ccccc21)Nc1nccs1
XS836856b,COC=1C=C(F)C=CC1N(C)S(=O)(=O)N2CCCC(C)C2,0.74,O=S(=O)(Nc1ccccc1)N1CCCCC1
XS847387a,CC=1C=C(C=CC1F)S(=O)(=O)N2CCCC2C=3C=CC=NC3,8.688,O=S(=O)(c1ccccc1)N1CCCC1c1cccnc1
XS840327b,O=S1(=O)C=CC(C1)NCC=2C=NN(C2)C=3C=CC(Cl)=CC3,3.622,O=S1(=O)C=CC(NCc2cnn(-c3ccccc3)c2)C1
XS842107b,CN1C=NN=C1C2CCCN2C3=NC=4C=CC=CC4N5N=NN=C35,2.604,c1ccc2c(c1)nc(N1CCCC1c1nnc[nH]1)c1nnnn12
XS492407b,CNC(=O)CN1C=C(C=N1)NC(C)C2=NN=C(O2)C=3C=CC=CC3,4.58,c1ccc(-c2nnc(CNc3cn[nH]c3)o2)cc1
XS841044b,CC(C)(C)S(=O)(=O)C=1C=CC(=CN1)NC(CO)C2=CC=CO2,2.19,c1cncc(NCc2ccco2)c1
XS836567b,[O-][N+](=O)C=1C=CC=C2CN(CCC12)C(=O)NC3CCCSC3,1.736,O=C(NC1CCCSC1)N1CCc2ccccc2C1
XS840787b,CC(NC(=O)NC=1C=CC(F)=CC1Br)C=2C=NNC2,1.078,O=C(NCc1cn[nH]c1)Nc1ccccc1
XS838030b,OCC1CN(CCO1)C=2N=CC=C(C2Br)C(F)F,0.612,c1ccc(N2CCOCC2)nc1
XS839758b,CS(=O)(=O)CC(NCC=1C=CN=CC1Cl)C=2C=CC=CC2,5.432,c1ccc(CNCc2ccncc2)cc1
XS847399a,CCC(=O)N1N=C(CC1C=2C=CC=CC2O)C=3C=CC=C(C3)OC,1.694,c1ccc(C2=NNC(c3ccccc3)C2)cc1
XS847402a,CC=1C=CC(=CC1)CNC(=O)C(C)N2N=NC(=N2)C=3C=CC=CC3,4.82,O=C(Cn1nnc(-c2ccccc2)n1)NCc1ccccc1
XS841804b,CC1(C)CC(NC(=O)C2(C#N)CC3(CCC3)C2)C=4C=CC=CC4O1,1.186,O=C(NC1CCOc2ccccc21)C1CC2(CCC2)C1
XS847401a,O=C1C(CCN1C=2C=CC=CC2)N3CCN(CC3)C=4C=CC=NN4,2.398,O=C1C(N2CCN(c3cccnn3)CC2)CCN1c1ccccc1
XS847400a,CC(C(=O)N1CCCC=2C=CC=CC21)N3CCC=4C=NC=NC4C3,4.242,O=C(CN1CCc2cncnc2C1)N1CCCc2ccccc21
XS847406a,COC=1C=CC=CC1NC(=O)C2CC(=O)N(CC=3C=CC=CN3)C2,2.01,O=C(Nc1ccccc1)C1CC(=O)N(Cc2ccccn2)C1
XS847404a,CC(OC=1C=CC(Br)=CC1)C(=O)N2CCC(C)CC2,1.444,O=C(COc1ccccc1)N1CCCCC1
XS840899b,NC(=O)C1CN(CC21CC2)C(=O)CN3C=NC(=N3)C=4C=CC=CC4,3.7,O=C(Cn1cnc(-c2ccccc2)n1)N1CCC2(CC2)C1
XS840254b,CN(C(=O)C1CCOC2(CCCC2)C1)C=3C=CC(F)=CC3Cl,0.97,O=C(Nc1ccccc1)C1CCOC2(CCCC2)C1
XS837713b,C#CCC(OC(=O)CCC=1C=NC=C(Br)C1)C2CC2,2.088,O=C(CCc1cccnc1)OCC1CC1
XS842195b,CC=1C=CC(=CC1)CC2CCCN(C2)C(=O)CN3C=CC=NC3=O,0.816,O=C(Cn1cccnc1=O)N1CCCC(Cc2ccccc2)C1
XS837465b,C=CC(C)(CCOC)C(=O)NCC=1C=CC(=NC1)S(C)(=O)=O,1.442,c1ccncc1
XS847405a,O=C(C=1C=NN(C1C(F)(F)F)C=2C=CC=CN2)N3CCC3CO,2.062,O=C(c1cnn(-c2ccccn2)c1)N1CCC1
XS838885b,O=C(O)C1CC=2C=C(F)C=CC2N(CC3=NOC=4CCCCC34)C1,1.238,c1ccc2c(c1)CCCN2Cc1noc2c1CCCC2
XS838906b,C1=NNC=2C=C(C=CC12)C3=CN(N=N3)C4C=5C=CC=CC5CC64CC6,14.304,c1ccc2c(c1)CC1(CC1)C2n1cc(-c2ccc3cn[nH]c3c2)nn1
XS847417a,CC=1C=CC(=CC1)CN2CC(CC2=O)C(=O)NCC3=CC=CS3,1.574,O=C(NCc1cccs1)C1CC(=O)N(Cc2ccccc2)C1
XS847420a,COC=1C=CC(=CC1)C2=NOC(CN(CC3CCOC3)C4CC4)=N2,3.65,c1ccc(-c2noc(CN(CC3CCOC3)C3CC3)n2)cc1
XS837382b,COC(=O)C1CCCC2(CN(C2)C=3N=C(N=CC3C#N)C4CC4)O1,4.356,c1cc(N2CC3(CCCCO3)C2)nc(C2CC2)n1
XS838624b,CC(CN(CC=1C=NNC1)C(=O)CCC=2C=NC=NC2)C(C)(C)C,0.558,O=C(CCc1cncnc1)NCc1cn[nH]c1
XS840586b,CC(NC(=O)C1=CNC(=N1)C=2C=CC=C(C2)[N+]([O-])=O)C=3N=CON3,3.828,O=C(NCc1ncon1)c1c[nH]c(-c2ccccc2)n1
XS847415a,CC(NC(=O)CCCN1C(=O)OC=2C=CC=CC21)C3=CC=CS3,2.702,O=C(CCCn1c(=O)oc2ccccc21)NCc1cccs1
XS841641b,COC1=NNC(C(=O)N(C)C(C)C=2C=C(F)C=CC2F)=C1Cl,0.8,O=C(NCc1ccccc1)c1ccn[nH]1
XS837232b,NC(=O)C1CCN(C1)C=2C=CC(=C(F)C2Br)[N+]([O-])=O,1.444,c1ccc(N2CCCC2)cc1
XS847418a,O=C1NC(NC=2C=CC=CC12)C=3C=CC(=CC3)OCC=4C=CC=NC4,1.546,O=C1NC(c2ccc(OCc3cccnc3)cc2)Nc2ccccc21
XS847419a,CC=1NC(=O)C(C#N)=C(C)C1CCC(=O)NC(C)CC2=CC=CO2,0.846,O=C(CCc1ccc(=O)[nH]c1)NCCc1ccco1
XS847407a,CC=1C=CC=2OC(=CC2C1)C(=O)N3CCCC3CN4CCCCC4,0.8,O=C(c1cc2ccccc2o1)N1CCCC1CN1CCCCC1
XS847411a,CCOC=1C=C(C)C(Cl)=CC1S(=O)(=O)N2CCCC(C)C2,0.84,O=S(=O)(c1ccccc1)N1CCCCC1
XS847410a,O=C(O)C1CCN(C1)C(=O)C=2C=CC=NC2NC=3C=CC=C(F)C3,1.332,O=C(c1cccnc1Nc1ccccc1)N1CCCC1
XS840608b,COC=1C=C(C)C(=CC1OC)C(C)NC=2N=NC(C)=C(C)C2C#N,3.136,c1ccc(CNc2cccnn2)cc1
XS847421a,O=C(CC=1C=CC=C(F)C1)N2CCCC(C2)C3=NN=C4CCCN34,2.896,O=C(Cc1ccccc1)N1CCCC(c2nnc3n2CCC3)C1
XS847416a,NC(=O)C1CC(=NN1C=2C=CC(F)=CC2)C(=O)NC=3C=CC=CN3,7.754,O=C(Nc1ccccn1)C1=NN(c2ccccc2)CC1
XS838464b,CC(NC=1N=CN=C2C1N=CN2C=3C=CC=CC3)C=4C=CC(O)=NC4,8.024,c1ccc(-n2cnc3c(NCc4cccnc4)ncnc32)cc1
XS847423a,COCC1=NC(=CS1)C(=O)N2CCCC(C2)N3N=C(C)N=C3C,2.782,O=C(c1cscn1)N1CCCC(n2cncn2)C1
XS847430a,CC1=CC=C(CNC(=O)NC2CCCC3=C2C=NN3CCO)S1,1.682,O=C(NCc1cccs1)NC1CCCc2[nH]ncc21
XS838639b,BrC=1C(=CC=C2NN=CC12)NCC3CC43CCOCC4,4.29,c1cc2[nH]ncc2cc1NCC1CC12CCOCC2
XS505209b,COCC=1N=CSC1C(=O)N2CC(C)OC=3C=CC(=CC32)OC,1.656,O=C(c1cncs1)N1CCOc2ccccc21
XS819229b,CCOC=1C=CC(C#N)=CC1NC(C(=O)NC2CC2)C=3C=CC=CC3,4.096,O=C(NC1CC1)C(Nc1ccccc1)c1ccccc1
XS847425a,CC=1C=C(CN2CCN(CC2)C(=O)C3CC(=O)N(C3)C4CC4)ON1,12.308,O=C(C1CC(=O)N(C2CC2)C1)N1CCN(Cc2ccno2)CC1
XS847428a,CC(C)(C(=O)O)C1CCCN(C1)C(=O)C=2N=CN=C3C=CSC23,10.648,O=C(c1ncnc2ccsc12)N1CCCCC1
XS847431a,CC1=CC=C(CNC(=O)N(C)CC2COC=3C=CC=CC3O2)S1,0.648,O=C(NCc1cccs1)NCC1COc2ccccc2O1
XS838998b,O=C(O)C1(CCC1)C=2C=CC=C(C2)NS(=O)(=O)C3CC43CCC4,0.398,O=S(=O)(Nc1cccc(C2CCC2)c1)C1CC12CCC2
XS839784b,ClC=1C=CC=C(C1)OCCCN2CCOC(CN3C=NC=N3)C2,2.126,c1ccc(OCCCN2CCOC(Cn3cncn3)C2)cc1
XS838165b,CC(CN(C)S(=O)(=O)C=1C=CC=2CCCC2C1)C3=NC=CS3,1.984,O=S(=O)(NCCc1nccs1)c1ccc2c(c1)CCC2
XS847427a,CC=1C=CC(=CC1F)C2=NOC(=N2)C(C)N3CCC(CC3)C(N)=O,1.396,c1ccc(-c2noc(CN3CCCCC3)n2)cc1
XS578806b,CN1C=CC(=N1)N2CCCC(NC(=O)NCC3=NC=CS3)C2=O,6.992,O=C(NCc1nccs1)NC1CCCN(c2cc[nH]n2)C1=O
XS839554b,COC(=O)C=1NC(=CC1C)CN2CCN(C)C(C2)C3=NC(C)=NO3,5.564,c1c[nH]c(CN2CCNC(c3ncno3)C2)c1
XS838690b,CC1(CC1)C2=NN=C(O2)N3CCC(CC=4C=CN=C5C=CC=CC45)C3,4.042,c1ccc2c(CC3CCN(c4nnc(C5CC5)o4)C3)ccnc2c1
XS420061b,O=C(C=1C=CC(=CC1)C2=CN=CO2)N3CCCCC3CN4C=CC=N4,5.924,O=C(c1ccc(-c2cnco2)cc1)N1CCCCC1Cn1cccn1
XS175329b,COC=1C=CC=CC1NC(=O)C(C)OC(=O)C2=CN3C=CC=CC3=N2,8.134,O=C(COC(=O)c1cn2ccccc2n1)Nc1ccccc1
XS837699b,CC=1C=CC2=C(Cl)C(=CC=C2N1)OC(=O)CC(C)C=3C=CN=CC3,4.49,O=C(CCc1ccncc1)Oc1ccc2ncccc2c1
XS435722b,O=C(NCC(C1=CC=CS1)C2=CNC=3C=CC=CC23)NCC4CC4,1.144,O=C(NCC1CC1)NCC(c1cccs1)c1c[nH]c2ccccc12
XS837528b,C=CCN(CC=C)S(=O)(=O)NCC(C)(C(=O)O)C=1C=CC=CC1,7.86,c1ccccc1
XS836880b,CC(CNC(=O)C=1C=C(F)C(F)=C(N)C1Cl)CC=2C=CC=CN2,0.666,O=C(NCCCc1ccccn1)c1ccccc1
XS518579b,C1=C(CN2CCCCC2C3=NN=C(O3)C4CCC4)N=C5C=CC=CN15,1.178,c1ccn2cc(CN3CCCCC3c3nnc(C4CCC4)o3)nc2c1
XS847433a,CC=1C=CC=CC1C2=NOC(CN3CCCC(CN4C=NC=N4)C3)=N2,5.438,c1ccc(-c2noc(CN3CCCC(Cn4cncn4)C3)n2)cc1
XS836487b,COC=1N=CC(=CC1Cl)C(=O)N2CCC(O)(CN3C=CN=N3)C2,7.376,O=C(c1cccnc1)N1CCC(Cn2ccnn2)C1
XS847439a,CCC(CO)NC(=O)C=1C=CC(=CC1)S(=O)(=O)N2CCCCC2,4.19,O=S(=O)(c1ccccc1)N1CCCCC1
XS839912b,CS(=O)(=NC(=O)C1(CCC1)C(=O)NC2CC2)C=3C=CC(F)=CC3,0.576,O=C(N=[SH](=O)c1ccccc1)C1(C(=O)NC2CC2)CCC1
XS836674b,CC(C(=O)N(C)C)S(=O)(=O)N1CC=C(CC1)C=2C=CC=CC2F,11.512,C1=C(c2ccccc2)CCNC1
XS836833b,CC1C=2C=C3OCCOC3=CC2C4(CCCC4)CN1S(C)(=O)=O,8.336,c1c2c(cc3c1OCCO3)C1(CCCC1)CNC2
XS847437a,CC1(CCN(C1)C(=O)COC=2C=CC(Cl)=CC2)N3CCOCC3,2.206,O=C(COc1ccccc1)N1CCC(N2CCOCC2)C1
XS840293b,O=C(C=C1CCOCC1)NC2CCCC=3C=C(C=CC32)C=4N=NNN4,1.09,O=C(C=C1CCOCC1)NC1CCCc2cc(-c3nn[nH]n3)ccc21
XS847436a,O=C(NC1CCS(=O)(=O)C1)C=2C=CC(=NC2)OCC(F)(F)F,14.154,O=C(NC1CCS(=O)(=O)C1)c1cccnc1
XS840503b,CC(C(=O)NC=1C=CC=CC1[N+]([O-])=O)N2CCC=3N=CNC(=O)C3C2,3.414,O=C(CN1CCc2nc[nH]c(=O)c2C1)Nc1ccccc1
XS847445a,CC(C(=O)NC=1C=CC(C#N)=CC1)N2CCN(CC2)C3=NC=CS3,5.24,O=C(CN1CCN(c2nccs2)CC1)Nc1ccccc1
XS847455a,CCN(CC=1C=CC(F)=C(F)C1)C(=O)CC2C(=O)NC=3C=CC=CC32,5.64,O=C(CC1C(=O)Nc2ccccc21)NCc1ccccc1
XS847452a,CC1=C(SC=2N=CN(C)C(=O)C12)C(=O)NC3COC=4C=CC=CC43,2.544,O=C(NC1COc2ccccc21)c1cc2c(=O)[nH]cnc2s1
XS840342b,COC(=O)C1(COC=2C=CC=CC2C1)NS(=O)(=O)N3CC(F)C3,1.21,O=S(=O)(NC1COc2ccccc2C1)N1CCC1
XS847442a,O=C(NC=1C=C(C=CC1N2CCCC2)C(F)(F)F)NC3CCOC3,0.746,O=C(Nc1ccccc1N1CCCC1)NC1CCOC1
XS847449a,CC1=CC=C(CN(C(=O)C2CC(=O)NC=3C=C(F)C=CC32)C4CC4)O1,5.966,O=C1CC(C(=O)N(Cc2ccco2)C2CC2)c2ccccc2N1
XS847443a,CC(NC(=O)C=1C=CC=C(Br)C1Cl)C=2C=NN(C)C2,2.184,O=C(NCc1cn[nH]c1)c1ccccc1
XS847446a,COCC1=CC(=NO1)C2CN(C2)C(=O)C3COC=4C=C(C)C(C)=CC43,5.08,O=C(C1COc2ccccc21)N1CC(c2ccon2)C1
XS847447a,COC1=CC(=CC(OC)=C1OC)C(=O)NC(C)CCC=2C=CC=CC2,1.61,O=C(NCCCc1ccccc1)c1ccccc1
XS847444a,CC(SC=1N=C(N=C2C=CC=CC12)C3CC3)C(=O)N4CCNC4=O,2.084,O=C(CSc1nc(C2CC2)nc2ccccc12)N1CCNC1=O
XS841697b,CN1N=CC(NC(=O)NC2COC=3C=CC(Cl)=CC32)=C1C(F)F,2.564,O=C(Nc1cn[nH]c1)NC1COc2ccccc21
XS847451a,CC(OC(=O)C1=CN(C)C=2C=CC=CC12)C(=O)NCC3CCCCC3,4.896,O=C(COC(=O)c1c[nH]c2ccccc12)NCC1CCCCC1
XS847441a,O=C(CN1CCCCC1CN2C=NC=N2)NCCOC=3C=CC=CC3,1.022,O=C(CN1CCCCC1Cn1cncn1)NCCOc1ccccc1
XS847454a,CC(C)OC=1C=CC(=CC1Cl)NC(=O)N2CCOC(C2)C(N)=O,1.8,O=C(Nc1ccccc1)N1CCOCC1
XS847459a,COC=1C=CC=C(C1)CC(=O)NC(C)C=2C=CC(=CC2)S(N)(=O)=O,3.776,O=C(Cc1ccccc1)NCc1ccccc1
XS796244b,CC=1C=CC(=CC1S(C)(=O)=O)C(=O)NCC2CC=3C=CC=CC3O2,3.194,O=C(NCC1Cc2ccccc2O1)c1ccccc1
XS839462b,CN(C)C=1C=CC(=CC1)S(C)(=O)=NCC=2C=C(F)C=C3CCOC23,3.772,O=[SH](=NCc1cccc2c1OCC2)c1ccccc1
XS837284b,O=C1NCCCCC1N2C=C(CNS(=O)(=O)C=3C=CC=CC3)N=N2,10.0,O=C1NCCCCC1n1cc(CNS(=O)(=O)c2ccccc2)nn1
XS722869b,CC1=NOC(C)=C1S(=O)(=O)N2CCN(CC2)C(C)C=3C=CC=CC3,3.204,O=S(=O)(c1cnoc1)N1CCN(Cc2ccccc2)CC1
XS838436b,NS(=O)(=O)CCC1CCCCN1C=2N=CC(=CN2)C=3C=CC=CC3,4.056,c1ccc(-c2cnc(N3CCCCC3)nc2)cc1
XS847463a,O=C(NC=1C=NN2C=CC=NC12)N(C3CC3)C4CCCC=5C=CC=CC54,7.192,O=C(Nc1cnn2cccnc12)N(C1CC1)C1CCCc2ccccc21
XS837788c,CC(NC(=O)CC=1C=C(ON1)C=2C=CC=CC2Cl)C3=NNC(N)=N3,3.11,O=C(Cc1cc(-c2ccccc2)on1)NCc1nc[nH]n1
XS847457a,COC=1C=CC=C(C1)C=2C=C(NN2)C(=O)NCC(C)N3CCOCC3,4.18,O=C(NCCN1CCOCC1)c1cc(-c2ccccc2)n[nH]1
XS838621b,CC=1C=CC(=CC1Cl)CN(CC2COC2)C(=O)CC(C)C(F)F,0.836,c1ccc(CNCC2COC2)cc1
XS847460a,COC=1C=CC(=CC1)C(=O)NC(C(=O)NC2=NC(C)=CS2)C(C)C,9.64,O=C(CNC(=O)c1ccccc1)Nc1nccs1
XS842505b,CC=1C=C(C)C=C(C1)N2N=CC(CN3CCC=4C=CC=CC4C(N)C3)=N2,0.696,c1ccc(-n2ncc(CN3CCc4ccccc4CC3)n2)cc1
XS847462a,COC=1C=CC(=CC1)NC2CC(=O)N(C2=O)C=3C=CC(F)=C(Cl)C3,2.812,O=C1CC(Nc2ccccc2)C(=O)N1c1ccccc1
XS840214b,CCC(C)(OC)C(=O)NC=1C=CC(Br)=C(C1N)[N+]([O-])=O,1.21,c1ccccc1
XS847479a,CC1=NC2=NC=NN2C(C)=C1CCC(=O)NCCC(C)C=3C=CC=CC3,2.59,O=C(CCc1cnc2ncnn2c1)NCCCc1ccccc1
XS551013b,CC1=NOC=2N=CN=C(NCC(C=3C=CC=C(C)C3)N4CCOCC4)C12,3.286,c1ccc(C(CNc2ncnc3oncc23)N2CCOCC2)cc1
XS847471a,CC=1OC(=NC1CC(=O)N2CCCC2C=3C=CC=CC3)C4=CC=CS4,2.724,O=C(Cc1coc(-c2cccs2)n1)N1CCCC1c1ccccc1
XS559248b,CC(C)C=1C=CC(=CC1)C2=NOC(CCC(=O)NC3CCC(=O)NC3)=N2,1.106,O=C1CCC(NC(=O)CCc2nc(-c3ccccc3)no2)CN1
XS408149b,CC=1C=CC(=CC1)C(=O)NCC(=O)NCC2C=3C=CC=CC3C(=O)N2C,2.246,O=C(CNC(=O)c1ccccc1)NCC1NC(=O)c2ccccc21
XS847472a,COCCN1C(=O)C=2C=CC=CC2NC1C=3C=CC=CC3C(F)(F)F,0.46,O=C1NC(c2ccccc2)Nc2ccccc21
XS842506b,CCC1OC2(CCN(CC3=CC(=NO3)C=4C=CC(C)=CC4)CC2)NC1=O,3.472,O=C1COC2(CCN(Cc3cc(-c4ccccc4)no3)CC2)N1
XS838355b,COC=1C=CC(=CC1)C=2C=C(N=CN2)N3CCCC4(CC(=O)N(C)C4)C3,2.188,O=C1CC2(CCCN(c3cc(-c4ccccc4)ncn3)C2)CN1
XS847473a,COC(=O)CNC(=O)C(C)OC(=O)C=1C=CC(=NC1C)C=2C=CC=CC2,4.534,c1ccc(-c2ccccn2)cc1
XS847468a,CC1(CCS(=O)(=O)C1)NC(=O)CN2N=NN(C2=O)C=3C=CC=CC3,9.392,O=C(Cn1nnn(-c2ccccc2)c1=O)NC1CCS(=O)(=O)C1
XS847477a,CC1=C(C=NN1C=2C=CC=CC2)C(C)NC(=O)C=3NN=C4CCCCC34,1.16,O=C(NCc1cnn(-c2ccccc2)c1)c1[nH]nc2c1CCCC2
XS847469a,CCCN1N=CC(C(=O)N2CCC(C2)S(=O)(=O)NCC)=C1C3CC3,3.566,O=C(c1cn[nH]c1C1CC1)N1CCCC1
XS847478a,CC(CCNC(=O)CCN1C=NC=2C=CC=CC2C1=O)C=3C=CC=CC3,3.148,O=C(CCn1cnc2ccccc2c1=O)NCCCc1ccccc1
XS847474a,CC(C)(C)C=1C=CC(O)=C(C1)NC(=O)C2CCCN(C2)C=3C=NC=CN3,4.286,O=C(Nc1ccccc1)C1CCCN(c2cnccn2)C1
XS151461b,N#CC(C=1C=CC(F)=CC1)N2CCN(CC2)C(=O)C=3C=C(F)C=C(F)C3,14.482,O=C(c1ccccc1)N1CCN(Cc2ccccc2)CC1
XS847487a,COC=1C=C(C#N)C=CC1OCC(=O)N2C=3C=CC=CC3NC(=O)CC2C,3.832,O=C1CCN(C(=O)COc2ccccc2)c2ccccc2N1
XS839970b,COCC(C)C(=O)N1CCN(CC1)S(=O)(=O)N(C)C2CCCCC2,6.344,O=S(=O)(NC1CCCCC1)N1CCNCC1
XS847482a,CC(C)C(NC(=O)C=1C=CC(=NC1)N2CCOCC2)C=3C=CC(F)=CC3,3.912,O=C(NCc1ccccc1)c1ccc(N2CCOCC2)nc1
XS847480a,CC(NC=1C=CC=C(C1)N2CCCC2=O)C(=O)NC=3C=CC(=CC3)C(N)=O,0.976,O=C(CNc1cccc(N2CCCC2=O)c1)Nc1ccccc1
XS847484a,O=C(NC(CC=1C=CC=CC1)C(=O)NCC=2C=CN=CC2)C=3C=CC=CC3,2.946,O=C(NC(Cc1ccccc1)C(=O)NCc1ccncc1)c1ccccc1
XS574677b,CC1=C(C=NN1C(C)C)C(=O)N2CCN(C)C(C2)C3=NC(=NO3)C4CC4,11.058,O=C(c1cn[nH]c1)N1CCNC(c2nc(C3CC3)no2)C1
XS840240b,ClC=1C=CC(=CC1)C(C=2C=CC=CC2)N3CCOC4(CCOCC4)C3,1.164,c1ccc(C(c2ccccc2)N2CCOC3(CCOCC3)C2)cc1
XS838045b,CC1OC2(CCN(CC2)C(=O)CC=3C=C(Cl)C=C4CCOC34)NC1=O,9.852,O=C1COC2(CCN(C(=O)Cc3cccc4c3OCC4)CC2)N1
XS840197b,CN(CC1=NN=C2CCOCCN12)C(=O)C3COC=4C=C(F)C=CC4C3,8.454,O=C(NCc1nnc2n1CCOCC2)C1COc2ccccc2C1
XS847486a,COC=1C=CC=2C(=NNC2C1)C(=O)N3CCC(C3)NC=4C=CC=C(C#N)C4,0.534,O=C(c1n[nH]c2ccccc12)N1CCC(Nc2ccccc2)C1
XS080028b,CC1OC=2C=CC(=CC2NC1=O)NC(=O)C=3C=CC(Br)=CC3,9.71,O=C1COc2ccc(NC(=O)c3ccccc3)cc2N1
XS837627b,CC1=C(C=NN1C2CCOC2)NC=3C=CC=C(Br)C3[N+]([O-])=O,4.954,c1ccc(Nc2cnn(C3CCOC3)c2)cc1
XS847488a,O=C(NCC1CC1)NC2CC(=O)N(C2)C=3C=CC(=CC3)OC=4C=CC=CC4,17.896,O=C(NCC1CC1)NC1CC(=O)N(c2ccc(Oc3ccccc3)cc2)C1
XS837902b,O=C(C=1C=CC=NN1)N2CC(NC=3C=C(F)N=CN3)C4(C2)CCOCC4,8.596,O=C(c1cccnn1)N1CC(Nc2ccncn2)C2(CCOCC2)C1
XS837350b,CN1N=C(C=C1C=2N=NNN2)C(=O)N3CCCCC3C4(N=N4)C(F)(F)F,0.534,O=C(c1cc(-c2nn[nH]n2)[nH]n1)N1CCCCC1C1N=N1
XS839130b,CC(C(=O)O)N(C)C(=O)C1=CSC(=N1)C2=CC(Br)=CS2,1.088,c1csc(-c2nccs2)c1
XS847499a,CC=1C=CC(=CC1)S(=O)(=O)NC(CC(C)C)C(=O)NC=2C=CC=C(C)N2,1.134,O=C(CNS(=O)(=O)c1ccccc1)Nc1ccccn1
XS806805b,O=C(COC=1C=CC=CC1F)N2CCCC2C=3C=CC=4OCCCOC4C3,3.94,O=C(COc1ccccc1)N1CCCC1c1ccc2c(c1)OCCCO2
XS847495a,CCC(OC=1C=CC=CC1)C(=O)N(CC)CC(=O)NCC=2C=CC(F)=CC2,4.956,O=C(CNC(=O)COc1ccccc1)NCc1ccccc1
XS847503a,CC1=CC=NC2=NC(=NN12)C(=O)NC(C)C=3C=CC(=CC3)OC=4C=CC=CC4,1.96,O=C(NCc1ccc(Oc2ccccc2)cc1)c1nc2ncccn2n1
XS847496a,O=C(O)C12CC(CN3CCC=4SC=CC4C3C=5C=CC(Cl)=CC5)(C1)C2,2.412,c1ccc(C2c3ccsc3CCN2CC23CC(C2)C3)cc1
XS710987b,COC=1C=CC(=CC1)C2CCCN2S(=O)(=O)C=3C=CC(=CC3)NC(C)=O,0.682,O=S(=O)(c1ccccc1)N1CCCC1c1ccccc1
XS847497a,O=C(NC=1C=CC=C2C=NC=CC12)N(CC3=CC=CS3)CC4CCCO4,2.476,O=C(Nc1cccc2cnccc12)N(Cc1cccs1)CC1CCCO1
XS847502a,CC=1C=C(NC(=O)C2=CC=3C=CC(C)=CC3N2)N(N1)C4CCS(=O)(=O)C4,5.506,O=C(Nc1ccnn1C1CCS(=O)(=O)C1)c1cc2ccccc2[nH]1
XS847490a,COC=1C=CC(=CC1)C(NC(=O)NCC=2C=CC=3OCCOC3C2)C(C)C,2.742,O=C(NCc1ccccc1)NCc1ccc2c(c1)OCCO2
XS847500a,O=C(NCC1CCCO1)C2=CSC(=N2)C3=CC(Br)=CS3,3.858,O=C(NCC1CCCO1)c1csc(-c2cccs2)n1
XS847501a,CC(NC(=O)C=1C=CC(=CC1)CN2C(=O)CCC2=O)C=3C=CC=CC3Cl,2.096,O=C(NCc1ccccc1)c1ccc(CN2C(=O)CCC2=O)cc1
XS840269b,NC(=O)C1(O)CCCN(C1)C(=O)C=2C=NN3C=C(Br)C=NC23,16.998,O=C(c1cnn2cccnc12)N1CCCCC1
XS842281b,CN(C(=O)CN1CSCC1=O)C(C=2C=CC(Cl)=CC2)C=3N=CC=CN3,2.696,O=C(CN1CSCC1=O)NC(c1ccccc1)c1ncccn1
XS847493a,O=C(NC=1C=CC=2NC(=O)CS(=O)(=O)C2C1)C(F)CC3CCCCC3,7.368,O=C(CCC1CCCCC1)Nc1ccc2c(c1)S(=O)(=O)CC(=O)N2
XS847498a,CC1=NN(C(C)=C1CC(=O)NC(C)C=2C=CC=C(F)C2)C=3C=CC(F)=CC3,0.454,O=C(Cc1cnn(-c2ccccc2)c1)NCc1ccccc1
XS840827b,O=C(N(CC1=CC=CO1)C=2C=CC(F)=CC2F)N3CCCC3C=4C=CN=CC4,5.6,O=C(N(Cc1ccco1)c1ccccc1)N1CCCC1c1ccncc1
XS539207b,COC=1C=CC=C(C1)N2N=C(C)C(=C2C)C3COCCN3CC=4C=NN(C)N4,2.68,c1ccc(-n2cc(C3COCCN3Cc3cn[nH]n3)cn2)cc1
XS847506a,CC1=CC=C(O1)C(CNS(=O)(=O)C=2C=CC(C)=C(C)C2)N3CCOCC3,0.936,O=S(=O)(NCC(c1ccco1)N1CCOCC1)c1ccccc1
XS838319b,CC1CN(CCN1C(=O)C=2C=C(F)C(Cl)=C(C2)[N+]([O-])=O)S(C)(=O)=O,1.22,O=C(c1ccccc1)N1CCNCC1
XS841694b,O=C(NC1(CC1)C=2N=CC=CN2)C=3C=NN(C3C(F)(F)F)C4CCCOC4,1.636,O=C(NC1(c2ncccn2)CC1)c1cnn(C2CCCOC2)c1
XS446303b,COCCN1C=CC=2C=CC(=CC21)NC(=O)N(C)C(C)C=3SC(C)=NC3C,1.866,O=C(NCc1cncs1)Nc1ccc2cc[nH]c2c1
XS842018b,CC(C(=O)NC1CCC2(CCOCC2)CC1)C=3C=CC(=CC3)S(C)(=O)=O,4.096,O=C(Cc1ccccc1)NC1CCC2(CCOCC2)CC1
XS161523b,O=C(NC(CN1CCOCC1)C=2C=CC=CC2)C=3C=C(Cl)C=C(Cl)C3,1.714,O=C(NC(CN1CCOCC1)c1ccccc1)c1ccccc1
XS838513b,CC(C)NC(=O)C(=O)NCC1(O)CCN(C1)C(=O)C=2NC=C3CCCCC23,20.906,O=C(c1[nH]cc2c1CCCC2)N1CCCC1
XS803554b,CCOC(=O)NC(CNC(=O)C=1C=C(F)C=CC1Br)CC(C)C,1.2,c1ccccc1
XS847505a,CC1=NC=2C=C(C=CC2O1)NC(=O)N3CCCC3C=4C=CC=C5OCCOC45,5.552,O=C(Nc1ccc2ocnc2c1)N1CCCC1c1cccc2c1OCCO2
XS847507a,O=C(C=1C=C2CCCCN2C1)N3CCC(C3)NC=4C=CC=C(Br)C4,0.73,O=C(c1cc2n(c1)CCCC2)N1CCC(Nc2ccccc2)C1
PK019081c,CC(C)C1CCCN(C1)C(=O)C=2SC=CC2S(=O)(=O)N3CCCCC3,8.954,O=C(c1sccc1S(=O)(=O)N1CCCCC1)N1CCCCC1
XS550781b,CCCOC=1C=CC(=CC1)C(=O)N(CC2=CC=CO2)C3CCS(=O)(=O)C3,12.97,O=C(c1ccccc1)N(Cc1ccco1)C1CCS(=O)(=O)C1
XS839484b,CC(C)S(=O)(=O)NC=1C=CC(=CN1)C(=O)NCC2CCC=3C=CC=CC3C2,3.026,O=C(NCC1CCc2ccccc2C1)c1cccnc1
XS847517a,CC=1N=CC=2CC(CCC2N1)C(=O)N3CC=C(CC3)C4=CNC=5C=C(F)C=CC45,2.574,O=C(C1CCc2ncncc2C1)N1CC=C(c2c[nH]c3ccccc23)CC1
XS847514a,CC1(CCS(=O)(=O)C1)NC(=O)C2=CC(=NN2C=3C=CC=CC3)C=4C=CC=CC4,1.14,O=C(NC1CCS(=O)(=O)C1)c1cc(-c2ccccc2)nn1-c1ccccc1
XS814952b,CC(NC(=O)C1CCCC1)C(=O)NC=2C=CC=C(C2)S(=O)(=O)N3CCCC3,2.2,O=C(CNC(=O)C1CCCC1)Nc1cccc(S(=O)(=O)N2CCCC2)c1
XS847515a,CCC=1C=CC=C(C1)OCC(O)CN2C(CS(C)(=O)=O)=NC=3C=CC=CC32,0.666,c1ccc(OCCCn2cnc3ccccc32)cc1
XS549063b,CCOC(=O)CC(NC(=O)C=1C=CC=2NC(=O)COC2C1)C=3C=CC=C(C3)OC,0.99,O=C1COc2cc(C(=O)NCc3ccccc3)ccc2N1
XS075376b,CC(C)CN(C(=O)CSC=1C=CC2=CC=CC=C2N1)C3CCS(=O)(=O)C3,8.802,O=C(CSc1ccc2ccccc2n1)NC1CCS(=O)(=O)C1
XS838094b,CC(COC1CCCC1)CS(=O)(=O)N2CCN(CC2)C(=O)C=3C=CC=CN3,3.098,O=C(c1ccccn1)N1CCN(S(=O)(=O)CCCOC2CCCC2)CC1
XS841591b,O=C(NC1CCCC=2SC=CC21)N3CCC(CC3)S(=O)(=O)N4CCCC4,1.492,O=C(NC1CCCc2sccc21)N1CCC(S(=O)(=O)N2CCCC2)CC1
XS818641b,CC(NC(=O)COC=1C=CC(=CC1)C(F)(F)F)C=2C=CC(=CC2)N3C=NC=N3,15.058,O=C(COc1ccccc1)NCc1ccc(-n2cncn2)cc1
XS723358b,CCC1CCCCN1C(=O)CN(C2=NC=CS2)S(=O)(=O)C=3C=CC=CC3,1.564,O=C(CN(c1nccs1)S(=O)(=O)c1ccccc1)N1CCCCC1
XS847513a,CC1=CC=CC2=NC(=CN12)C(=O)OC(C)C(=O)NC=3C=CC=C(C3)C(F)(F)F,2.44,O=C(COC(=O)c1cn2ccccc2n1)Nc1ccccc1
XS837601b,O=C(NC=1C=CC=C2C=C(Br)C=NC12)NC3CCCS(=O)(=O)C3,6.616,O=C(Nc1cccc2cccnc12)NC1CCCS(=O)(=O)C1
XS847518a,NC(=O)NC(CC(=O)N1CCC(CCC=2C=CC=CC2)CC1)C=3C=CC=CC3F,3.798,O=C(CCc1ccccc1)N1CCC(CCc2ccccc2)CC1
XS847512a,CC1=NC(=NN1C=2C=CC(F)=CC2)C(=O)OC(C)C(=O)NCC3CCCCC3,2.454,O=C(COC(=O)c1ncn(-c2ccccc2)n1)NCC1CCCCC1
XS847511a,CC=1C=CC(=CC1)S(=O)(=O)CCC(=O)OC(C)C(=O)NC=2C=CC=CC2C,0.84,O=C(COC(=O)CCS(=O)(=O)c1ccccc1)Nc1ccccc1
XS842607b,CCC(C)(NS(=O)(=O)C=1C=CC(=C(F)C1)N2C=C(C)C=N2)C3=NC=CS3,2.24,O=S(=O)(NCc1nccs1)c1ccc(-n2cccn2)cc1
XS847522a,COC=1C=CC=CC1CC(=O)NC(C=2C=CC(F)=C(F)C2)C(C)(C)N3CCCC3,0.624,O=C(Cc1ccccc1)NC(CN1CCCC1)c1ccccc1
XS847528a,CCC(NC(=O)C=1C=CC=C(C1)S(=O)(=O)N2CCNC(=O)C2)C=3C=CC(C)=CC3,2.278,O=C1CN(S(=O)(=O)c2cccc(C(=O)NCc3ccccc3)c2)CCN1
XS674619b,CC(NC(=O)CNC(=O)C12CC3CC(CC(C3)C2)C1)C=4C=CC(=CC4)N5C=CN=C5,0.468,O=C(CNC(=O)C12CC3CC(CC(C3)C1)C2)NCc1ccc(-n2ccnc2)cc1
XS723030b,O=C(C1CCS(=O)(=O)C=2C=CC=CC21)N3CCN(CC3)C=4C=NC=C5C=CC=CC45,3.544,O=C(C1CCS(=O)(=O)c2ccccc21)N1CCN(c2cncc3ccccc23)CC1
XS838515b,CC(NC=1C=CC(=CC1S(=O)(=O)N2CCOCC2)[N+]([O-])=O)C3=NN=C4CCCN34,2.928,O=S(=O)(c1ccccc1NCc1nnc2n1CCC2)N1CCOCC1
XS847525a,CCOC=1C=CC(=CC1)C(C)NC(=O)C=2C=CC=C(C2)S(=O)(=O)N(C)C(C)C,0.514,O=C(NCc1ccccc1)c1ccccc1
XS847523a,O=C(NCCC1=CNC=2C=C(Cl)C=C(Cl)C12)N3CCCCC3C=4C=NNC4,3.874,O=C(NCCc1c[nH]c2ccccc12)N1CCCCC1c1cn[nH]c1
XS836521b,CC=1C=CC2=NC(=CC(=O)N2C1)COC(=O)C(CC=3C=CC(O)=CC3)C(F)(F)F,6.916,O=C(CCc1ccccc1)OCc1cc(=O)n2ccccc2n1
XS080469b,COC=1C=CC(=CC1)N2CCN(CC2)C(C)C(=O)NC=3C=CC(=CC3)C(F)(F)F,2.69,O=C(CN1CCN(c2ccccc2)CC1)Nc1ccccc1
HL000863b,CCC(=O)N1N=C(CC1C=2C=CC=CC2OC)C=3C=CC=C(C3)NS(C)(=O)=O,19.42,c1ccc(C2=NNC(c3ccccc3)C2)cc1
XS847533a,CC1=NN(C(C)=C1CC(=O)NC(C)C=2C=CC=C(F)C2)C=3C=CC(=CN3)C(F)(F)F,1.662,O=C(Cc1cnn(-c2ccccn2)c1)NCc1ccccc1
XS847534a,CC=1C=CC(OC(C)C(=O)NCCC2=NN=C3C=CC=CN23)=C(Br)C1,2.552,O=C(COc1ccccc1)NCCc1nnc2ccccn12
XS847535a,O=C(C=1C=CC=CC1N2C=CC=N2)N3CCN(CC3)C(=O)C4COC=5C=CC=CC5O4,2.658,O=C(c1ccccc1-n1cccn1)N1CCN(C(=O)C2COc3ccccc3O2)CC1
XS847521a,CCN1C(=O)NC=2C=C(C=CC2C1=O)C(=O)NC(C)C=3C=NN(C3)CC=4C=CC=CC4,12.354,O=C(NCc1cnn(Cc2ccccc2)c1)c1ccc2c(=O)[nH]c(=O)[nH]c2c1
XS847559a,CC=1C=CC(=CC1)CCN(C)C=2C(F)=CC=C3C(=O)N(C(=O)C23)C4CCC(=O)NC4=O,5.316,O=C1CCC(N2C(=O)c3cccc(NCCc4ccccc4)c3C2=O)C(=O)N1
XS847542a,COC=1C=C(C=CC1OC(F)F)C(=O)OCC(=O)N(CC(C)C)C2CCS(=O)(=O)C2,3.516,O=C(COC(=O)c1ccccc1)NC1CCS(=O)(=O)C1
XS847549a,CCOC=1C=CC(=CC1)S(=O)(=O)N2CCN(CC(O)COC=3C=CC(C)=CC3)CC2,9.942,O=S(=O)(c1ccccc1)N1CCN(CCCOc2ccccc2)CC1
XS847555a,CCC(OC=1C=CC=CC1C(C)C)C(=O)N2CCCN(CC2)C(=O)C3=CN=C(S3)C(C)C,1.178,O=C(COc1ccccc1)N1CCCN(C(=O)c2cncs2)CC1
XS847545a,CC(C)N(C)S(=O)(=O)C=1C=CC=C(C1)C(=O)OC(C)C(=O)NCC2CCCCC2,10.304,O=C(COC(=O)c1ccccc1)NCC1CCCCC1
XS847551a,CC(C)CN1CC(CC1=O)C(=O)N2CCN(CC2)C(=O)C=3C=CC=C(C3)C(F)(F)F,1.146,O=C1CC(C(=O)N2CCN(C(=O)c3ccccc3)CC2)CN1
XS847553a,CC(NC(=O)CN(C)CC(=O)NC=1C=CC(Cl)=C(Cl)C1)C=2C=CC(F)=CC2F,0.584,O=C(CNCC(=O)Nc1ccccc1)NCc1ccccc1
XS838015b,CC1=NC(C#N)=C(O1)N2CCN(CC2)C(=O)COC(=O)C3CCCN(CC(F)(F)F)C3,0.992,O=C(OCC(=O)N1CCN(c2cnco2)CC1)C1CCCNC1
XS847550a,CC(=O)NC(CC1=CNC=2C=CC=CC12)C(=O)N3CCC(CC3)C4=NC=5C=CC=CC5O4,4.994,O=C(CCc1c[nH]c2ccccc12)N1CCC(c2nc3ccccc3o2)CC1
XS847554a,CC=1C=CC(=CC1NC(=O)CN2CCCC2C3=CC=CS3)S(=O)(=O)N4CCCCC4,2.36,O=C(CN1CCCC1c1cccs1)Nc1cccc(S(=O)(=O)N2CCCCC2)c1
XS800624b,CN1C=CN=C1C(NS(=O)(=O)C=2C=CC=3OCCCOC3C2)C=4C=CC(Cl)=CC4,2.16,O=S(=O)(NC(c1ccccc1)c1ncc[nH]1)c1ccc2c(c1)OCCCO2
XS847541a,CC(C(=O)NC1CCCCCC1)N2CCN(CC2)S(=O)(=O)C=3C=CC=C(Cl)C3,0.652,O=C(CN1CCN(S(=O)(=O)c2ccccc2)CC1)NC1CCCCCC1
XS842482b,CC1=NC=2C=CC(=CC2O1)S(=O)(=O)N3CCCC(C3)C4=NC=5C=CC=CC5N4C(C)C,13.464,O=S(=O)(c1ccc2ncoc2c1)N1CCCC(c2nc3ccccc3[nH]2)C1
XS847546a,CC(NC(=O)C1CCN(CC1)S(=O)(=O)C=2C=C(C(N)=O)N(C)C2)C=3C=CC(Cl)=CC3Cl,2.334,O=C(NCc1ccccc1)C1CCN(S(=O)(=O)c2cc[nH]c2)CC1
XS811870b,CC(NC(=O)C=1C=CC=C(C1)S(=O)(=O)N2CCOCC2)C=3C=CC(Cl)=CC3Cl,1.024,O=C(NCc1ccccc1)c1cccc(S(=O)(=O)N2CCOCC2)c1
XS838111b,FC=1C=NC(=NC1)NC2CCSC2,2.098,c1cnc(NC2CCSC2)nc1
XS837525b,CC(NC(=O)N1CC(=O)N(C)C1)C(F)(F)F,2.194,O=C1CNCN1
XS393832b,CC(NC(=O)C=1C=CC=CC1F)C=2C=CN=CC2,1.176,O=C(NCc1ccncc1)c1ccccc1
XS839456b,NC1=NC(=NN1)C(=O)NC2CCC3(CCC3)C2,0.518,O=C(NC1CCC2(CCC2)C1)c1nc[nH]n1
XS847568a,O=C(NCC1CCS(=O)(=O)C1)C2=CC=CO2,1.078,O=C(NCC1CCS(=O)(=O)C1)c1ccco1
XS847570a,CC1=NOC(CN2CCCC2C=3C=CSC3)=N1,0.71,c1noc(CN2CCCC2c2ccsc2)n1
XS847561a,CC(NC=1C=CC=2CCCC2C1)C(=O)NC(N)=O,11.56,c1ccc2c(c1)CCC2
XS847572a,CCCS(=O)(=O)N1CCCC(C1)C(N)=O,7.12,C1CCNCC1
XS841021b,COCC(C)N(C)C(=O)C=1C=CC2=NN=CN2C1,0.92,c1ccn2cnnc2c1
XS842364b,CC1CCCCN1C(=O)N2CCC32CCCCC3,0.386,O=C(N1CCCCC1)N1CCC12CCCCC2
XS838256b,CC(COC=1C=CN=CC1Cl)C2CC2,0.808,c1cc(OCCC2CC2)ccn1
XS836867b,CS1(=O)=NC(=O)C=2C=CC=CC21,2.46,O=C1N=[SH](=O)c2ccccc21
XS840294b,COCC(C)(CO)CNC(=O)C1=NC=CN1,24.828,c1c[nH]cn1
XS661471b,CC(OC=1C=CC=C(F)C1)C(=O)NC2=NN=CN2,12.048,O=C(COc1ccccc1)Nc1nnc[nH]1
XS842367b,CC(=C(F)C1=NC(=NO1)C(C)N2C=CN=C2)C3CC3,0.764,C(=CC1CC1)c1nc(Cn2ccnc2)no1
XS741873b,N#CC=1C=CC=CC1CN2CCCC(O)(C2)C(N)=O,1.958,c1ccc(CN2CCCCC2)cc1
XS837080b,CC(CO)CNC(=O)NC1=NN=C(N1)C(F)(F)F,3.482,c1nnc[nH]1
XS589104b,CN1N=NC=C1C(=O)NC(C=2C=CC=CC2)C3CCC3,0.57,O=C(NC(c1ccccc1)C1CCC1)c1cnn[nH]1
XS847581a,COC=1C=CC=C(C1)C(=O)N2CCCCC2CCO,7.484,O=C(c1ccccc1)N1CCCCC1
XS842485b,COCC(C)OC(=O)C1=CNN=C1C=2C=CC=CC2,0.436,c1ccc(-c2cc[nH]n2)cc1
XS847576a,CNC(=O)NC(=O)C(C)SC=1C=CC(F)=CC1,0.64,c1ccccc1
XS847582a,CCN(CC)CC(=O)NC(C)CCC=1C=CC=CC1,0.972,c1ccccc1
XS837758b,CC1CN(CC(C)(C)O1)C=2C=NNC(=O)C2Cl,1.042,O=c1cc(N2CCOCC2)cn[nH]1
XS847579a,CN(CC(F)(F)F)C(=O)C1CCC=2C=CC=NC21,2.624,c1cnc2c(c1)CCC2
XS837204b,CN1CC=2C=C(C=CC2C1=O)OCC3CCCOC3,0.962,O=C1NCc2cc(OCC3CCCOC3)ccc21
XS837099b,CCC(NC=1N=CC(Cl)=CN1)C2=NC(C)=NN2,2.152,c1cnc(NCc2ncn[nH]2)nc1
XS847578a,N#CC=1C=CN=C(C1)N2CCCC(C2)OC(=O)C3CC3,19.026,O=C(OC1CCCN(c2ccccn2)C1)C1CC1
XS621243b,CC(C(=O)N1CCCC=2C=CC=C(O)C21)N3C=NC=N3,0.662,O=C(Cn1cncn1)N1CCCc2ccccc21
XS694474b,CC(NC(=O)C=1C=CC=2C=CNC2C1)C=3C=CN=CC3,1.216,O=C(NCc1ccncc1)c1ccc2cc[nH]c2c1
XS847575a,COC=1C=CC=C(C1)C2NC3(CCCC3)C(=O)N2C,14.852,O=C1NC(c2ccccc2)NC12CCCC2
XS847580a,O=C(C=1C=CC=CC1F)N2CCCC2C=3C=CN=CC3,12.252,O=C(c1ccccc1)N1CCCC1c1ccncc1
XS847593a,CCOC(=O)NC(C(=O)NC=1C=CC(C)=CC1)C(C)C,1.608,c1ccccc1
XS847588a,CN1C=NC=C1C(=O)N2CCCC2C=3C=CC=C(F)C3,1.536,O=C(c1cnc[nH]1)N1CCCC1c1ccccc1
XS826466b,CCC(OC=1C=CC=CC1F)C(=O)NC=2C=C(C)ON2,2.708,O=C(COc1ccccc1)Nc1ccon1
XS839354b,CC1CCCC2=NN=C(CC3=NC=4C=CC=CC4N3C)N21,3.44,c1ccc2[nH]c(Cc3nnc4n3CCCC4)nc2c1
XS842642b,O=C(NCC1(O)CCSC1)C=2C=CC=3C=CNC3C2,0.702,O=C(NCC1CCSC1)c1ccc2cc[nH]c2c1
XS729371b,CC=1C=CC(C#N)=C(N1)N2CCC(O)(CN3C=CN=N3)C2,3.44,c1ccc(N2CCC(Cn3ccnn3)C2)nc1
XS842289b,[O-][N+](=O)C=1C=CC(=NC1)N2CCCC(C2)C3=CNN=N3,4.44,c1ccc(N2CCCC(c3c[nH]nn3)C2)nc1
XS839679b,CC=1C=CC=C(C1)OCC(C)NC(=O)C2=CCCCO2,0.708,O=C(NCCOc1ccccc1)C1=CCCCO1
XS837206b,CC1=CC(=CNC1=O)NC(=O)C2CCC=3C=CC=CC3C2,1.272,O=C(Nc1ccc(=O)[nH]c1)C1CCc2ccccc2C1
XS841735b,COC1=NN(C)C=C1C(=O)NC(C)C2=NN=C(C)S2,2.662,O=C(NCc1nncs1)c1cn[nH]c1
XS837331b,CC(NC(=O)C=1SC=2C=CC=CC2C1Cl)C(=O)O,5.262,c1ccc2sccc2c1
XS847586a,OCC1CCCCN1CC2=NC(=NO2)C3=CC=CS3,5.656,c1csc(-c2noc(CN3CCCCC3)n2)c1
XS847587a,CC1CCN(C(=O)C=2C=CN=CC2)C=3C=CC=CC3S1,4.584,O=C(c1ccncc1)N1CCCSc2ccccc21
XS847590a,CC1=CC(C)=NN1CCC(=O)NC2CCC=3C=CC=CC32,1.148,O=C(CCn1cccn1)NC1CCc2ccccc21
XS838254b,FC=1C=CC=C2SC(=NC12)NC3CCC=4C=CC=NC43,2.018,c1cnc2c(c1)CCC2Nc1nc2ccccc2s1
XS847595a,CC1=C(C=C(C#N)N1C)C2NC(=O)C=3C=CC=CC3N2C,10.908,O=C1NC(c2cc[nH]c2)Nc2ccccc21
XS840201b,CC=1C=CC=CC1C(C)C(=O)NCC(=O)N2CCCO2,0.622,O=C(Cc1ccccc1)NCC(=O)N1CCCO1
XS847589a,COC=1C=CC=CC1NC(=O)C(C)OC=2C=CC=C(C)C2,12.542,O=C(COc1ccccc1)Nc1ccccc1
XS847607a,O=C(O)CC(NC(=O)C=1C=CC=C(F)C1)C=2C=CC=CC2,0.886,O=C(NCc1ccccc1)c1ccccc1
XS837523b,CC(NCC=1C=CC(=CC1[N+]([O-])=O)C(N)=O)C23CC(C2)C3,18.778,c1ccc(CNCC23CC(C2)C3)cc1
XS836881b,CC1(CNCCS(=O)(=O)C2CCCCC2)CC1(F)F,0.95,O=S(=O)(CCNCC1CC1)C1CCCCC1
XS841663b,CCN(CC=1N=NNN1)C(=O)C=2C=CC=3OC(C)CC3C2,1.054,O=C(NCc1nn[nH]n1)c1ccc2c(c1)CCO2
XS546431b,NC(=O)C1(O)CCCN(C1)C=2N=CC=C(N2)C(F)(F)F,4.552,c1cnc(N2CCCCC2)nc1
XS847604a,CCNC(=O)NC(=O)C(C)N(C)CC=1C=CC=CC1Cl,1.838,c1ccccc1
XS842434b,COC=1C=CC=CC1C(C)NC=2C=NC=C(N2)N3C=NC=N3,2.202,c1ccc(CNc2cncc(-n3cncn3)n2)cc1
XS847599a,NC=1N=CC=NC1C(=O)NC2CCN(CC=3C=CC=CC3)C2,0.714,O=C(NC1CCN(Cc2ccccc2)C1)c1cnccn1
XS840104b,CC(CC(=O)NC1CCC2(CC1)N=N2)C=3C=CC(F)=CC3,0.656,O=C(CCc1ccccc1)NC1CCC2(CC1)N=N2
XS839235b,CC(=O)N1CCCN(CC1)C(=O)C2(CC2(F)F)C(F)F,0.406,O=C(C1CC1)N1CCCNCC1
XS839242b,CN(C=1C=C(N=CN1)C=2C=CSC2)C3CCC(F)(F)C3,1.346,c1nc(NC2CCCC2)cc(-c2ccsc2)n1
XS847605a,ClC=1C=CC=C(C1)C2=NOC(=N2)C3CC43CCNCC4,1.89,c1ccc(-c2noc(C3CC34CCNCC4)n2)cc1
XS847596a,O=C(CCCOC=1C=CC=CC1)NC2CCC(=O)NC2=O,5.378,O=C1CCC(NC(=O)CCCOc2ccccc2)C(=O)N1
XS837796b,COC(=O)C=1N=CC(=CC1F)COC(=O)C(C)(O)C(C)C,1.242,c1ccncc1
XS841257b,COCCN(CC1=CC=C(C)O1)C(=O)C2CC=3C=CC=CC32,1.548,O=C(NCc1ccco1)C1Cc2ccccc21
XS847609a,CC(=O)NC=1C=CC(=CC1)NC(C)C(=O)N2CCCCCC2,10.628,O=C(CNc1ccccc1)N1CCCCCC1
XS575296b,CCN(C(=O)C1=CC(=NO1)C2CC2)C(C)CS(C)(=O)=O,6.806,c1cc(C2CC2)no1
XS570002b,CC1=NOC(=N1)C2CN(CCN2C)C(=O)C=3C=CC(O)=NC3,3.95,O=C(c1cccnc1)N1CCNC(c2ncno2)C1
XS406810b,O=C1CCCC(CC2=NC(CC=3C=CC=CC3Cl)=NO2)N1,4.334,O=C1CCCC(Cc2nc(Cc3ccccc3)no2)N1
XS847611a,CN(CC=1C=CC=NC1)C2CCCN(C=3C=NN(C)C3)C2=O,2.83,O=C1C(NCc2cccnc2)CCCN1c1cn[nH]c1
XS838895b,NC=1N=C(CNC2CCCOC32CCC3)N=C4C=CC=CC14,4.656,c1ccc2nc(CNC3CCCOC34CCC4)ncc2c1
XS847614a,CCOC(C)C(=O)N1CCC2=C(C1)N=NN2C=3C=CC=CC3,2.728,c1ccc(-n2nnc3c2CCNC3)cc1
XS711493b,CC=1C=C(C(=O)NCC2CCOC2)C=3C=NN(C3N1)C(C)C,1.078,O=C(NCC1CCOC1)c1ccnc2[nH]ncc12
XS792002b,CCC1=NC(=CS1)CC(=O)N2CCCC(C2)N3C=CC=N3,3.702,O=C(Cc1cscn1)N1CCCC(n2cccn2)C1
XS847619a,CC1=CC=C(C(=O)NC(C)CC=2C=CC(Cl)=CC2)C(=O)N1,9.124,O=C(NCCc1ccccc1)c1ccc[nH]c1=O
XS841236b,CC1CCCCN1S(=O)(=O)NCCCN2CCCC2=O,4.036,O=C1CCCN1CCCNS(=O)(=O)N1CCCCC1
XS841686b,CC1(CNCC1(F)F)C2=NC(CC3=CSC=C3F)=NO2,12.996,c1cc(Cc2noc(C3CCNC3)n2)cs1
XS847610a,O=C(NC1CCC(=O)NC1=O)C=2C=CN(N2)C=3C=CC=CC3,3.622,O=C1CCC(NC(=O)c2ccn(-c3ccccc3)n2)C(=O)N1
XS838687b,CCOC=1C=C(F)C=C(C1)C(C)NC2=NC=NN3C=CN=C23,2.84,c1ccc(CNc2ncnn3ccnc23)cc1
XS847621a,CC(NC(=O)C=1C=NC=C(Br)C1)C2=CC=CS2,8.776,O=C(NCc1cccs1)c1cccnc1
XS840323b,COC(=O)CC1CNC=2C=CC(=CC21)C=3C=NC=4NC=CC4C3,2.784,c1cc2cc(-c3ccc4c(c3)CCN4)cnc2[nH]1
XS847622a,CC(C)OC=1C=CC(=CC1)NC(=O)NC2CCS(=O)(=O)C2,9.274,O=C(Nc1ccccc1)NC1CCS(=O)(=O)C1
XS837928b,CC(CN(C)C1=NN=NN1C2CC=CC2)C(=O)OC(C)(C)C,1.726,C1=CCC(n2cnnn2)C1
XS847623a,CC(C(=O)N1CCC=2C=CC=CC21)N3CCCC=4C=CC=CC43,16.174,O=C(CN1CCCc2ccccc21)N1CCc2ccccc21
XS847625a,OC(COCC=1C=CC=CC1)CN2N=NC(=N2)C=3C=CC=CC3,1.288,c1ccc(COCCCn2nnc(-c3ccccc3)n2)cc1
XS836937b,NC=1C=CC=C(N1)C(=O)NC=2C=CC(=CN2)C(F)C(F)(F)F,1.226,O=C(Nc1ccccn1)c1ccccn1
XS839592b,CC=1C(Br)=CN=CC1C2NC(=O)CN2CC(C)C,5.35,O=C1CNC(c2cccnc2)N1
XS839593b,COC=1C=CC(=NC1C)C2NC(C)(C)C(=O)N2C=3C=CC=CC3,1.242,O=C1CNC(c2ccccn2)N1c1ccccc1
XS733028b,CC1=CC=C(C(=O)N2CCCCCC2C=3C=CC=CC3)C(=O)N1,2.056,O=C(c1ccc[nH]c1=O)N1CCCCCC1c1ccccc1
XS837983b,BrC1=CC=C(CNC(C2=NC=CS2)C3CC3)O1,1.042,c1coc(CNC(c2nccs2)C2CC2)c1
XS847624a,CCOC=1C=CC(=CN1)C(=O)NC2CCCC=3NC(=O)C=CC32,1.55,O=C(NC1CCCc2[nH]c(=O)ccc21)c1cccnc1
XS840388b,CC(C=1C=CC(Cl)=CC1)N(C)C(=O)C=2C=CC=3NC=NC3C2,1.01,O=C(NCc1ccccc1)c1ccc2[nH]cnc2c1
XS847620a,CC(OC=1C=CC=CC1)C(=O)N2CCN(CC2)C=3N=CC=CN3,6.322,O=C(COc1ccccc1)N1CCN(c2ncccn2)CC1
XS184148c,CC=1C=CC2=C(C1)CCCN2C(=O)C3COC=4C=CC=CC4O3,3.09,O=C(C1COc2ccccc2O1)N1CCCc2ccccc21
XS842743b,CC(CC1CC1)NC=2C=CC=C(C2)N3CCS(=O)(=O)CC3,2.07,O=S1(=O)CCN(c2cccc(NCCC3CC3)c2)CC1
XS760870b,COC=1C=CC=CC1CC(=O)N2CCCCC2CN3C=CC=N3,1.26,O=C(Cc1ccccc1)N1CCCCC1Cn1cccn1
XS842665b,CC(OC=1C=CC=CC1Br)C(=O)NC=2C=CNN2,2.03,O=C(COc1ccccc1)Nc1cc[nH]n1
XS841372b,CC=1C=CC=C(C1)CN(CC=2C=CC=CN2)CC3CCOCO3,0.538,c1ccc(CN(Cc2ccccn2)CC2CCOCO2)cc1
XS711427b,CN1N=CC2=C1CCCC2NC(=O)C=3C=C(Cl)C=CC3F,5.178,O=C(NC1CCCc2[nH]ncc21)c1ccccc1
XS847631a,CC(C)NC(=O)N(C)C1CS(=O)(=O)C=2C=CC(Cl)=CC21,3.912,O=S1(=O)CCc2ccccc21
XS175609e,CN1C(=O)C=2C=CC(=NC2N(C)C1=O)C(=O)NCC3CCCO3,24.84,O=C(NCC1CCCO1)c1ccc2c(=O)[nH]c(=O)[nH]c2n1
XS847641a,COCC(C)NC(=O)CSC1=NC=CN1C=2C=CC=CC2C,0.706,c1ccc(-n2ccnc2)cc1
XS637663b,CC(C)(C)NC(=O)C=1C=CC=C(C1)NC(=O)N2CCCC(O)C2,0.748,O=C(Nc1ccccc1)N1CCCCC1
XS847634a,O=C(O)C1=CSC(CN2CCCC2CC=3C=CC(F)=CC3)=N1,2.044,c1ccc(CC2CCCN2Cc2nccs2)cc1
XS847642a,CCC(=O)NC=1C=CC(=CC1)NC(C)C(=O)NC2=CC(C)=NO2,7.586,O=C(CNc1ccccc1)Nc1ccno1
XS847630a,CC=1OC(C)=C(C(=O)N(C)CC2COC=3C=CC=CC3O2)C1C,2.984,O=C(NCC1COc2ccccc2O1)c1ccoc1
XS838385b,CC(CC(=O)OC(C)(C)C)NC=1C=CC(=NN1)S(C)(=O)=O,1.426,c1ccnnc1
XS837798b,O=C(NC1=NNC=2C=C(O)C=CC12)C=3C=NN(C3)C4CC4(F)F,1.868,O=C(Nc1n[nH]c2ccccc12)c1cnn(C2CC2)c1
XS837150b,O=C1NC(NC=2C=CC=CC12)C=3C=CC(=CC3)OC=4C=NC=CN4,2.832,O=C1NC(c2ccc(Oc3cnccn3)cc2)Nc2ccccc21
XS847643a,O=S(=O)(C=1C=CC=C(F)C1F)N2CCCC2C=3C=CC=CN3,3.87,O=S(=O)(c1ccccc1)N1CCCC1c1ccccn1
XS841296b,O=C1NC(NC=2C=C(F)C(F)=CC12)C3=NOC=4CCSCC34,7.24,O=C1NC(c2noc3c2CSCC3)Nc2ccccc21
XS847646a,O=C1CC(CNC=2N=CN=C3N=CNC23)CN1CC=4C=CC=CC4,13.58,O=C1CC(CNc2ncnc3nc[nH]c23)CN1Cc1ccccc1
XS847645a,O=C1C(CCN1C=2C=CC=CC2F)NC=3C=CC4=NC=CN=C4N3,3.098,O=C1C(Nc2ccc3nccnc3n2)CCN1c1ccccc1
XS784497b,CCC(CN(CC)C(=O)C=1C=CC(=CN1)C(N)=O)C=2C=CC=CC2,2.43,O=C(NCCc1ccccc1)c1ccccn1
XS847649a,O=C(C=1C=CNC1C2CC2)N3CCC4(C3)C(=O)NC=5C=CC=CC54,3.274,O=C(c1cc[nH]c1C1CC1)N1CCC2(C1)C(=O)Nc1ccccc12
XS847654a,O=C(NCC1CCCO1)C=2C=CC=C(C2)S(=O)(=O)NC3CC3,2.742,O=C(NCC1CCCO1)c1cccc(S(=O)(=O)NC2CC2)c1
XS840792b,C#CCNC(=O)C(C)N1CCN(CC1)C=2SC=CC2[N+]([O-])=O,2.128,c1csc(N2CCNCC2)c1
XS847650a,N#CC=1C=CC=C(C1)NC2CCN(C2)C(=O)C=3C=C4CCCN4N3,0.84,O=C(c1cc2n(n1)CCC2)N1CCC(Nc2ccccc2)C1
XS841274b,OCC1CC=2C=CC=CC2N(CC3=CNN=C3C=4C=CSC4)C1,1.864,c1ccc2c(c1)CCCN2Cc1c[nH]nc1-c1ccsc1
XS761945b,O=C(C=1C=C(NN1)C2CC2)N3CCNC(=O)CC3C=4C=CC=CC4,3.14,O=C1CC(c2ccccc2)N(C(=O)c2cc(C3CC3)[nH]n2)CCN1
XS847644a,COC(=O)CC1C(=O)NCCN1CCOC=2C=CC=CC2Cl,1.422,O=C1CN(CCOc2ccccc2)CCN1
XS815250b,NC(=O)NC(CC(=O)N1CCCCCC1)C=2C=CC=CC2Cl,1.286,O=C(CCc1ccccc1)N1CCCCCC1
XS726219b,O=C(O)C=1C=CC(=NC1)C(=O)N2CCCC2CCC=3C=CC=CC3,14.438,O=C(c1ccccn1)N1CCCC1CCc1ccccc1
XS583781b,O=S(CC=1C=CC=C(Cl)C1)CC=2C=CC=C3OCCOC23,3.082,O=S(Cc1ccccc1)Cc1cccc2c1OCCO2
XS434562b,CC(NC(=O)NCC=1C=CC=NC1)C2=NC(=NO2)C3CCCCC3,3.698,O=C(NCc1cccnc1)NCc1nc(C2CCCCC2)no1
XS847656a,CC=1C=C(CS(=O)(=O)NC(C)C=2C=CC3=CC=CC=C3C2)ON1,1.632,O=S(=O)(Cc1ccno1)NCc1ccc2ccccc2c1
XS847661a,CC=1C=CC(=CC1)C=2C=C(NN2)C(=O)NC(C)CN3CCOCC3,2.636,O=C(NCCN1CCOCC1)c1cc(-c2ccccc2)n[nH]1
XS836938b,CS(=O)(=NC(=O)C=1N=CN=CC1Cl)C=2C=C(F)C=CC2F,1.626,O=C(N=[SH](=O)c1ccccc1)c1ccncn1
XS847658a,O=C(NCC1=NN=C2CCCCCN12)C3COC=4C=CC=CC4C3,2.072,O=C(NCc1nnc2n1CCCCC2)C1COc2ccccc2C1
XS847662a,CC1=CC=C(S1)C(=O)NC(CN2CCCC2=O)C=3C=CC=CC3,2.31,O=C(NC(CN1CCCC1=O)c1ccccc1)c1cccs1
XS725662b,COC=1C=CC=C(C(=O)N2CCCC(C2)C=3C=C(C)NN3)C1OC,4.346,O=C(c1ccccc1)N1CCCC(c2cc[nH]n2)C1
XS773654b,CC(C)C1=NC(=NN1)C2CCCCN2CC3=NN=C(C4CC4)N3C,1.918,c1nc(C2CCCCN2Cc2nnc(C3CC3)[nH]2)n[nH]1
XS559154b,COC=1C=CC=C(C1)CCC(=O)N2CCCCC2CN3C=CC=N3,8.786,O=C(CCc1ccccc1)N1CCCCC1Cn1cccn1
XS837581b,O=C(NC(C=1C=C(F)C=CC1F)C(F)F)C=2C=C3OCCN3N2,0.4,O=C(NCc1ccccc1)c1cc2n(n1)CCO2
XS847657a,O=C(NC=1C=CN(N1)C=2N=CC=CC2F)N3CCCC3C4CCC4,4.442,O=C(Nc1ccn(-c2ccccn2)n1)N1CCCC1C1CCC1
XS847659a,COC=1C=CC=CC1OCCC(=O)NCC2CCS(=O)(=O)C2,0.764,O=C(CCOc1ccccc1)NCC1CCS(=O)(=O)C1
XS847660a,COC(=O)C=1C=CC=C(C1)NC(=O)C2CCCN(C2)C(=O)C3CC3,6.388,O=C(Nc1ccccc1)C1CCCN(C(=O)C2CC2)C1
XS837630b,CN(C=1C=NN(C)C1)S(=O)(=O)CC2CCC3(CCCCC3)O2,2.37,O=S(=O)(CC1CCC2(CCCCC2)O1)Nc1cn[nH]c1
DR002394c,CC1=CC=C(CCNC(=O)C=2C=CC=C3NC(=O)C(C)NC23)S1,4.01,O=C1CNc2c(cccc2C(=O)NCCc2cccs2)N1
XS840779b,CC=1C(=CC=CC1C(=O)N(C)CC=2C=NC=CN2)NC(C)C(C)C,2.006,O=C(NCc1cnccn1)c1ccccc1
XS538341b,COCC1(CCCN1C(=O)CC=2C=CC=C(Cl)C2F)C(N)=O,7.406,O=C(Cc1ccccc1)N1CCCC1
XS839336b,FC=1C=C2OCCC2=CC1CNC=3C=CC(=NC3)OC4CCOC4,6.41,c1cc2c(cc1CNc1ccc(OC3CCOC3)nc1)CCO2
XS839129b,O=C(O)C1CC(=O)N(C1)C=2C=CC(=CC2)C=3C=CC=CC3C(F)F,2.19,O=C1CCCN1c1ccc(-c2ccccc2)cc1
XS837102b,CC(C)C=1C=C(CNC(=O)NC(C)COC=2C=CC=CC2F)ON1,0.544,O=C(NCCOc1ccccc1)NCc1ccno1
XS838341b,O=C1C(=CNC2=NC=NN12)C3=NOC(=N3)C4CCOC=5C=CC=CC54,15.238,O=c1c(-c2noc(C3CCOc4ccccc43)n2)c[nH]c2ncnn12
XS838150b,CC(C(=O)NC(=O)NC=1C=CC=CC1)S(=O)(=O)C=2C=CC=CC2,5.762,O=C(CS(=O)(=O)c1ccccc1)NC(=O)Nc1ccccc1
XS847665a,CC(C)C1=NOC(CCCC(=O)N2CCCC(C2)N3C=CN=C3)=N1,4.032,O=C(CCCc1ncno1)N1CCCC(n2ccnc2)C1
XS847670a,CC=1C=CC=C(OC(C)C(=O)NC2=NC(=CS2)CC(N)=O)C1C,2.256,O=C(COc1ccccc1)Nc1nccs1
XS670957b,CC1=CSC(=N1)C2CCCCN2C(=O)CCCC3=NC(C)=NO3,4.258,O=C(CCCc1ncno1)N1CCCCC1c1nccs1
XS129691c,CC=1C=CC=C(C1)N2CCN(CC2C)C(=O)C3=CN4C=CC=CC4=N3,0.936,O=C(c1cn2ccccc2n1)N1CCN(c2ccccc2)CC1
XS572705b,O=C(O)C1CCCN(C1)C(=O)C2=CC=C(O2)C=3C=CC=CC3Cl,3.484,O=C(c1ccc(-c2ccccc2)o1)N1CCCCC1
XS838222b,O=C(O)C1CSCCN(C1)C(=O)C=2C=CC=3CCCCC3C2O,5.586,O=C(c1ccc2c(c1)CCCC2)N1CCCSCC1
XS841388b,O=S(=O)(CCN1C=NN=N1)N2CC3CCCN3C=4C=CC=CC42,3.242,O=S(=O)(CCn1cnnn1)N1CC2CCCN2c2ccccc21
XS836601b,CC(CC#N)N(C)C(=O)C=1C=NC(OCC(F)(F)F)=C(Cl)C1,2.772,c1ccncc1
XS840723b,COCC=1C=C(CN(CC2CC2(C)C)C=3N=CN=CC3Cl)ON1,0.686,c1cc(N(Cc2ccno2)CC2CC2)ncn1
XS838528b,O=C(O)C1(CCCC=2SC=CC2C1)N3C=C(Br)C=N3,7.572,c1cnn(C2CCCc3sccc3C2)c1
XS478636b,CN1C=C(C=N1)CC2CC(=O)N(CC=3C=CC(=CC3)C(C)(C)C)C2=O,2.072,O=C1CC(Cc2cn[nH]c2)C(=O)N1Cc1ccccc1
XS847679a,CN1N=CC=2C(=O)N(C=NC21)CCC(=O)NC3CCC=4C=CC=CC43,3.656,O=C(CCn1cnc2[nH]ncc2c1=O)NC1CCc2ccccc21
XS847682a,CC(C)NC(=O)NC=1C=CC=C(C1)C(=O)N2CCC2C=3C=CC=CC3,0.828,O=C(c1ccccc1)N1CCC1c1ccccc1
XS839449b,O=C(NC1=CNN=C1C2CC2)C=3C=NN4C3NCCC4C(F)(F)F,4.888,O=C(Nc1c[nH]nc1C1CC1)c1cnn2c1NCCC2
XS678754b,COC1=C(C(C)=NN1C)C2CCCN2C(=O)C3=CC=4C=CC=CC4O3,9.058,O=C(c1cc2ccccc2o1)N1CCCC1c1cn[nH]c1
XS331504b,COC1CCCCN(CC(=O)NC=2C=NN(CC(C)C)C2C)C1=O,3.564,O=C(CN1CCCCCC1=O)Nc1cn[nH]c1
XS847677a,O=C(NC=1C=CC(=CC1)OC(F)F)N2CCCCC2C=3N=CNN3,4.388,O=C(Nc1ccccc1)N1CCCCC1c1nc[nH]n1
XS847683a,COC(C)C(=O)NC=1C=CC=C(C1)S(=O)(=O)N2CCCCCC2,1.19,O=S(=O)(c1ccccc1)N1CCCCCC1
XS847681a,CC(NC(=O)CCCC1=CC=CS1)C=2C=CC(=CC2)N3C=CN=C3,6.848,O=C(CCCc1cccs1)NCc1ccc(-n2ccnc2)cc1
XS840205b,CC1=NOC(C)=C1C(C)C(=O)N(C)CC=2C=C(NN2)C=3C=CC=CC3,6.98,O=C(Cc1cnoc1)NCc1cc(-c2ccccc2)[nH]n1
XS734046b,O=C(NC1CCN(C1)C=2C(F)=CC=CC2F)N3CCNC(=O)CC3,0.524,O=C1CCN(C(=O)NC2CCN(c3ccccc3)C2)CCN1
XS786333b,COC=1C=CC=C(C1)NC(=O)C(C)OC(=O)C2=NNC=3C=CC=CC23,6.018,O=C(COC(=O)c1n[nH]c2ccccc12)Nc1ccccc1
XS847674a,CC=1C=NN(C1)C2CCCN(C2)C(=O)C=3C=C(C)N=C4NN=C(C)C34,17.33,O=C(c1ccnc2[nH]ncc12)N1CCCC(n2cccn2)C1
XS847675a,CC(C1=NC(=NO1)C=2C=CC=CC2)N3CCN4C(=NN=C4C3)C5CC5,4.302,c1ccc(-c2noc(CN3CCn4c(nnc4C4CC4)C3)n2)cc1
XS613406b,CCC=1N=NSC1C(=O)NC(C)C=2C=CC(Br)=CC2,5.448,O=C(NCc1ccccc1)c1cnns1
XS840791b,CC(C=1C=NN(C)C1)N(C)C(=O)NC=2C=CC(=C(Cl)C2)[N+]([O-])=O,0.478,O=C(NCc1cn[nH]c1)Nc1ccccc1
XS478423b,CC(C)(C)CC1CCCN1C(=O)CCC2=NC(=NO2)C=3C=CC=NC3,6.888,O=C(CCc1nc(-c2cccnc2)no1)N1CCCC1
XS417202b,O=C(C=1C=CN(N1)C=2C=CC=C(F)C2)N3CCCC(C3)C(F)(F)F,3.068,O=C(c1ccn(-c2ccccc2)n1)N1CCCCC1
XS839337b,CS(=N)(=O)C=1C=NC=C(N1)NCC=2C=CC=C(C2)CC(F)(F)F,0.572,c1ccc(CNc2cnccn2)cc1
XS788111b,O=C(NCC1(CC1)C=2C=CC(Cl)=CC2)NC3CCS(=O)(=O)C3,3.79,O=C(NCC1(c2ccccc2)CC1)NC1CCS(=O)(=O)C1
XS847687a,CC(C)C1=CC(=NN1C(C)(C)C)C(=O)N2CCCC2C=3C=NN(C)C3,2.018,O=C(c1cc[nH]n1)N1CCCC1c1cn[nH]c1
XS839582b,C=1C=CC(=CC1)CN2CCOC(CC3=NC(=NO3)C4=COCCO4)C2,2.666,C1=C(c2noc(CC3CN(Cc4ccccc4)CCO3)n2)OCCO1
XS847691a,CC(C1=NC(=NO1)C=2C=CC(=CC2)NS(C)(=O)=O)C=3C=CC=CC3,1.872,c1ccc(Cc2nc(-c3ccccc3)no2)cc1
XS816039b,CCOC=1C=CC=CC1NC(=O)CC(NC(C)=O)C=2C=CC(C)=CC2,4.234,O=C(CCc1ccccc1)Nc1ccccc1
XS847688a,CC(OC(=O)CCC1=CC=C(O1)C=2C=CC=CC2)C(=O)NC(C)(C)C,2.324,c1ccc(-c2ccco2)cc1
XS823759b,O=C(NC1CCS(=O)(=O)C=2C=CC=CC21)C3=CN4C=CC=CC4=N3,4.232,O=C(NC1CCS(=O)(=O)c2ccccc21)c1cn2ccccc2n1
XS839414b,CC(O)(CNS(=O)(=O)C1=CC=CC2=NSN=C12)C(F)(F)F,2.172,c1ccc2nsnc2c1
XS637624b,COC=1C=CC(OC)=C(C1)C2CCCN2C(=O)C=3C=C(ON3)C4CC4,2.392,O=C(c1cc(C2CC2)on1)N1CCCC1c1ccccc1
XS836827b,CC(=O)N1CCC(NC=2C=CC=C(F)C2C#N)C=3C=CC(F)=CC3C1,0.822,c1ccc(NC2CCNCc3ccccc32)cc1
XS842009b,CC(COC=1C=CC=C(C#N)C1)OC(=O)CNC(=O)CN2C=NC=N2,2.198,O=C(Cn1cncn1)NCC(=O)OCCOc1ccccc1
XS847692a,O=C(NC1=NC(=CS1)C=2C=CC=CN2)C3CC(=O)N(CC4CC4)C3,12.736,O=C(Nc1nc(-c2ccccn2)cs1)C1CC(=O)N(CC2CC2)C1
XS836675b,NC(=O)C1CN(CCOC=2C=C(F)C=C(Br)C2)CCO1,2.878,c1ccc(OCCN2CCOCC2)cc1
XS665723b,CNS(=O)(=O)C1=CC(=CO1)C(=O)N2CCC(C2)C=3C=CC=CC3C,8.584,O=C(c1ccoc1)N1CCC(c2ccccc2)C1
XS839037b,O=C(COCC1=NN=CN1)NC(C=2C=CC=CC2)C3(O)CCCCC3,11.098,O=C(COCc1nnc[nH]1)NC(c1ccccc1)C1CCCCC1
XS847704a,COCC(C)N(C)C(=O)NC=1C=CC=NC1OC=2C=CC(=CC2)OC,1.128,c1ccc(Oc2ccccn2)cc1
XS428515b,COC=1C=C(C=C2OCCOC12)C(=O)N3CCCC3C=4C=CSC4,0.346,O=C(c1ccc2c(c1)OCCO2)N1CCCC1c1ccsc1
XS764852b,CCC1=C(C=NN1C=2C=CC=CN2)C(=O)N3CCC(C3)S(N)(=O)=O,4.4,O=C(c1cnn(-c2ccccn2)c1)N1CCCC1
XS847699a,CC(NC(=O)NCCC=1C=CC=CC1)C=2C=CC(=CC2)S(C)(=O)=O,5.874,O=C(NCCc1ccccc1)NCc1ccccc1
XS840850b,[O-][N+](=O)C=1C=NC=C(Br)C1NCC2(CCO)CCOC2,3.03,c1cc(NCC2CCOC2)ccn1
XS847695a,O=C1C=2C=CC=CC2NC(C=3C=NN(C3)CC=4C=CC=CC4)N1C5CC5,7.956,O=C1c2ccccc2NC(c2cnn(Cc3ccccc3)c2)N1C1CC1
XS847703a,CC(NC(=O)C=1N=C(N=CC1Cl)N2CCCCC2)C=3C=CN=CC3,8.678,O=C(NCc1ccncc1)c1ccnc(N2CCCCC2)n1
XS847700a,CCC(C)NS(=O)(=O)C=1C=CC(=CC1)C(=O)NC=2C=CC(C)=CN2,1.732,O=C(Nc1ccccn1)c1ccccc1
XS837212b,N#CC=1N=CC=CC1S(=O)(=O)N2CCCC(O)(CC2)C(F)(F)F,1.584,O=S(=O)(c1cccnc1)N1CCCCCC1
XS847702a,CN1C=NN=C1C2CCCN(C2)C(=O)CCC3=NC(=NO3)C(C)(C)C,1.884,O=C(CCc1ncno1)N1CCCC(c2nnc[nH]2)C1
XS847696a,CC(=O)C1=C(C)NC(C(=O)C(C)N2CCN(CC2)C(=O)C3CC3)=C1C,3.876,O=C(CN1CCN(C(=O)C2CC2)CC1)c1ccc[nH]1
XS847705a,CCCC(=O)N1CCCCC1C(=O)NCC=2C=CC(=NC2)OC(C)C,1.662,O=C(NCc1cccnc1)C1CCCCN1
XS635897b,CC=1C=NN(C1)CC2CN(CC(=O)NCC3=CC=C(C)S3)CCO2,0.824,O=C(CN1CCOC(Cn2cccn2)C1)NCc1cccs1
XS839755b,CC(C)C1CN(C(=O)C=2C=CC=C(N2)N3C=CN=C3)C=4C=CC=CC4N1,1.308,O=C(c1cccc(-n2ccnc2)n1)N1CCNc2ccccc21
XS837161b,CC(CCS(C)(=O)=O)NC(=O)NCCC=1C=CC=C2C=CC=CC12,1.596,c1ccc2ccccc2c1
XS847711a,CC(C)CN1CC(CC1=O)C(=O)NCCC=2C=CC(=CC2)OC(F)F,5.484,O=C1CC(C(=O)NCCc2ccccc2)CN1
XS847713a,COC=1C=CC(=CC1F)C(C)NC(=O)CCOC=2C=CC=C(Cl)C2,1.304,O=C(CCOc1ccccc1)NCc1ccccc1
XS847710a,CC(OC(=O)C=1C=C(O)N=C2C=CC=CC12)C(=O)N(C)C=3C=CC=CC3,15.468,O=C(COC(=O)c1ccnc2ccccc12)Nc1ccccc1
XS827461b,NC(=O)C1CN(C(=O)C2=CC=C(Br)O2)C=3C=CC=CC3O1,2.192,O=C(c1ccco1)N1CCOc2ccccc21
XS847714a,COC(=O)CNC(=O)C=1C=CC=C(C1)NC(=O)C(C)OC=2C=CC=CC2,1.632,O=C(COc1ccccc1)Nc1ccccc1
XS847708a,CC(C)N1N=CC=2C=C(C=NC21)CN3CCNC(=O)C3C=4C=CC=CC4,2.104,O=C1NCCN(Cc2cnc3[nH]ncc3c2)C1c1ccccc1
XS847707a,O=C(NCCOC=1C=CC(F)=C(F)C1)C2CCCN(C2)C(=O)C3CC3,4.352,O=C(NCCOc1ccccc1)C1CCCN(C(=O)C2CC2)C1
XS820454b,CC=1C=CC=2N=CN(CC(=O)NC(C=3C=CC=CC3)C(C)C)C(=O)C2C1,3.314,O=C(Cn1cnc2ccccc2c1=O)NCc1ccccc1
XS839220b,COC=1C=CC=CC1C(C)N(C)C(=O)CN2C(=O)C=CC(C#N)=C2OC,1.256,O=C(Cn1ccccc1=O)NCc1ccccc1
XS841428b,O=C(NC1CCS(=O)(=O)C1)NC2(CCCC2)C3=NOC(=N3)C4CC4,10.728,O=C(NC1CCS(=O)(=O)C1)NC1(c2noc(C3CC3)n2)CCCC1
XS839182b,O=C(O)C=1C=CN=C(N1)NCC(CCO)C=2C=CC(=CC2)C(F)(F)F,2.464,c1ccc(CCNc2ncccn2)cc1
XS847722a,O=C(COC(=O)C1CCC1)N2N=C(CC2C3=CC=CO3)C4=CC=CS4,0.552,O=C(OCC(=O)N1N=C(c2cccs2)CC1c1ccco1)C1CCC1
XS847720a,CCC=1C=C(SC1C)C(=O)NC2CCCN(C3=CC(C)=NN3C)C2=O,0.94,O=C(NC1CCCN(c2ccn[nH]2)C1=O)c1cccs1
XS841532b,CC(=O)N1CCC=2C=CC=CC2C1CC(=O)N3CCCC=4C=CNC(=O)C43,1.9,O=C(CC1NCCc2ccccc21)N1CCCc2cc[nH]c(=O)c21
XS842700b,O=C(NC(CC=1C=CC=CC1)C(F)(F)F)N2CCC3=NNC(=O)C=C3C2,1.85,O=C(NCCc1ccccc1)N1CCc2n[nH]c(=O)cc2C1
XS837100b,COC=1C=CC=C(C1)C2CCCN2C(=O)NC=3C=CC=CC3C=4C=NNC4,2.25,O=C(Nc1ccccc1-c1cn[nH]c1)N1CCCC1c1ccccc1
XS797768b,CC(OC(=O)CN1C=NC=2C=CC=CC2C1=O)C(=O)NCC=3C=CC=CC3,3.512,O=C(COC(=O)Cn1cnc2ccccc2c1=O)NCc1ccccc1
XS839068b,CC1(C)CCC=2C=CC=C(C2O1)S(=O)(=O)N3CCOC3C(F)(F)F,0.862,O=S(=O)(c1cccc2c1OCCC2)N1CCOC1
XS847725a,NC(=O)C1CN(C(=O)C=2C=CC=CC2Br)C=3C=CC=CC3O1,5.582,O=C(c1ccccc1)N1CCOc2ccccc21
XS839818b,O=C(C1CSC=2C=CC=CC21)N3CCC(CC3)C4=CC=NN4CCO,1.73,O=C(C1CSc2ccccc21)N1CCC(c2ccn[nH]2)CC1
XS624203b,O=C(C1CCN(C1=O)C=2C=CC(F)=CC2)N3CC(C3)C=4C=C(CO)ON4,4.918,O=C(C1CCN(c2ccccc2)C1=O)N1CC(c2ccon2)C1
XS847727a,CS(=O)(=O)NC=1C=CC=CC1NC(=O)C2CC=3C=C(Cl)C=CC3O2,9.546,O=C(Nc1ccccc1)C1Cc2ccccc2O1
XS676696b,CC=1C=CC(=CC1)S(=O)(=O)N2CCCCC2C(=O)NCC3=CC=CO3,7.49,O=C(NCc1ccco1)C1CCCCN1S(=O)(=O)c1ccccc1
XS847723a,CN1C=C2C(CCCC2C(=O)N3CCCN(CC3)C=4C=CC=CC4C#N)=N1,0.88,O=C(C1CCCc2n[nH]cc21)N1CCCN(c2ccccc2)CC1
XS839888b,CC(C)C=1N=C2C(CCCN2N1)NC(=O)NCC3=NOC=4CCCCC34,2.7,O=C(NCc1noc2c1CCCC2)NC1CCCn2ncnc21
XS847724a,O=C(C=1C=CN(N1)C2CCCC2)N3CCC(C3)NC=4C=CC=C(Cl)C4,0.844,O=C(c1ccn(C2CCCC2)n1)N1CCC(Nc2ccccc2)C1
XS396634b,CC(NC(=O)C=1C=CC(Cl)=C(Cl)C1)C=2C=CC(=CC2)S(N)(=O)=O,3.508,O=C(NCc1ccccc1)c1ccccc1
XS691325b,CN(CC1COC=2C=CC=CC2O1)C(=O)CCNC(=O)NC=3C=CC=CC3,5.7,O=C(CCNC(=O)Nc1ccccc1)NCC1COc2ccccc2O1
XS847735a,CC=1C=CC=C(C1)NC(=O)C=2C=CC(=CC2)S(=O)(=O)NCC3CCCO3,4.308,O=C(Nc1ccccc1)c1ccc(S(=O)(=O)NCC2CCCO2)cc1
XS847732a,CCNC(=O)NC(=O)C(C)OC(=O)C=1C=CC(OCC(C)C)=C(C1)OC,5.59,c1ccccc1
XS839046b,CCC(C)N(C)S(=O)(=O)N1CCN(CC1)C=2C=CC=C3NC(=O)NC23,1.2,O=c1[nH]c2cccc(N3CCNCC3)c2[nH]1
XS842527b,CCC(C)(CNC(=O)C=1C=CN=NC1)NC(=O)C2=NC=C3C(F)=CC=CN23,0.934,O=C(NCCNC(=O)c1ncc2ccccn12)c1ccnnc1
XS842077b,O=S(=O)(NC1CCOC=2C=CC=CC21)C=3C=CC=CC3CN4C=NC=N4,7.626,O=S(=O)(NC1CCOc2ccccc21)c1ccccc1Cn1cncn1
XS555729b,CC(=O)N1CC2(C1)C(CCS2(=O)=O)C(=O)N3CC(C)(C)CC(C)(C)C3,4.438,O=C(C1CCS(=O)(=O)C12CNC2)N1CCCCC1
XS836998b,O=C(C=1ON=C2CCCCC12)N3CCCC(C3)C4=NC=5C=CC=CC5S4,0.384,O=C(c1onc2c1CCCC2)N1CCCC(c2nc3ccccc3s2)C1
XS837064b,NS(=O)(=O)C1CCCN(C1)S(=O)(=O)C=2C=C(F)C=C(C2)[N+]([O-])=O,4.546,O=S(=O)(c1ccccc1)N1CCCCC1
XS847731a,O=C(C=1NC=2C=CC=CC2C1Cl)N3CCCC(COC=4C=CC=CC4)C3,4.23,O=C(c1cc2ccccc2[nH]1)N1CCCC(COc2ccccc2)C1
XS836523b,CNC(=O)C=1C=CC=C(C1)NC(=O)C(C)OC(=O)C=2C=CC=C3C=CN=CC23,3.796,O=C(COC(=O)c1cccc2ccncc12)Nc1ccccc1
XS847744a,COC(=O)C=1C=CC(C)=C(C1)NC(=O)C2CCCN(C2)C(=O)C3=CC=CS3,5.214,O=C(Nc1ccccc1)C1CCCN(C(=O)c2cccs2)C1
XS149494c,O=C(NCC1=CN2C=CC=CC2=N1)C3CC(=O)N(C3)C=4C=CC=C5C=CC=CC45,16.482,O=C(NCc1cn2ccccc2n1)C1CC(=O)N(c2cccc3ccccc23)C1
XS840241b,CC1CN(CC(C)(C)O1)C(=O)C=2C=C(C3=CC=CO3)N4C=NC(C(N)=O)=C4N2,0.306,O=C(c1cc(-c2ccco2)n2cncc2n1)N1CCOCC1
XS840101b,O=C(C1CC1)N2CCN(CCC32CCOCC3)C(=O)C4CCC=5C=CC=NC54,10.324,O=C(C1CCc2cccnc21)N1CCN(C(=O)C2CC2)C2(CCOCC2)CC1
XS847750a,O=C(CCCNC(=O)C1CC1)N2CCCC2C=3C=CC(Br)=CC3,0.418,O=C(NCCCC(=O)N1CCCC1c1ccccc1)C1CC1
XS840152b,CC=1C=CC(CNC=2N=CN=C(C2N)N3C=CC=N3)=C(C1)OCC4CCCO4,1.686,c1ccc(OCC2CCCO2)c(CNc2cc(-n3cccn3)ncn2)c1
XS847741a,CC1=C(NC(=O)C(C)OC=2C=CC=CC2C#N)C(=O)N(C=3C=CC=CC3)N1C,1.256,O=C(COc1ccccc1)Nc1c[nH]n(-c2ccccc2)c1=O
XS847747a,CC(=O)NC(CC(=O)OCC1=CC(=O)N2C=C(C)C=CC2=N1)C=3C=CC=CC3,0.284,O=C(CCc1ccccc1)OCc1cc(=O)n2ccccc2n1
XS393056b,COC=1C=CC(=CC1)OCCN2C(=NC=3C=CC=CC32)C4CCCN4C(C)=O,2.892,c1ccc(OCCn2c(C3CCCN3)nc3ccccc32)cc1
XS847746a,CC(C(=O)NC=1C=CC=CC1)N2CCN(CC2)S(=O)(=O)CC=3C=CC=CC3,2.624,O=C(CN1CCN(S(=O)(=O)Cc2ccccc2)CC1)Nc1ccccc1
XS847742a,COC=1C=CC(=CC1F)C(C)NC(=O)NCC=2C=CC(=CC2)N3CCCC3=O,2.46,O=C(NCc1ccccc1)NCc1ccc(N2CCCC2=O)cc1
XS838518b,COCC=1C=CC(=CC1)S(=O)(=O)N(CC2=NC=CO2)CC(C)C3CCC3,1.782,O=S(=O)(c1ccccc1)N(CCC1CCC1)Cc1ncco1
XS841005b,CNC(=O)C1CN(C(=O)C=2C=NC=3ON=C(C3C2)C(C)C)C=4C=CC=CC4O1,17.812,O=C(c1cnc2oncc2c1)N1CCOc2ccccc21
XS837160b,CC1=NN(C)C(C)=C1C(C)C(=O)NC2=NC(=CS2)C=3C=CC=4COCC4C3,3.396,O=C(Cc1cn[nH]c1)Nc1nc(-c2ccc3c(c2)COC3)cs1
XS847749a,CCOC=1C=CC(=CC1)C2CCCN2C(=O)CC3=C(C)NC=4C=CC(C)=CC34,1.01,O=C(Cc1c[nH]c2ccccc12)N1CCCC1c1ccccc1
XS847740a,COC=1C=C(C=CC1Br)NC(=O)N2CCCC2C3=NN=CN3C,4.706,O=C(Nc1ccccc1)N1CCCC1c1nnc[nH]1
XS847751a,CCOC=1C=CC=C2C=C(OC12)C(C)NC(=O)C=3C=CC=C(C3)S(C)(=O)=O,2.066,O=C(NCc1cc2ccccc2o1)c1ccccc1
XS547518b,COCC=1C=C(NC(C)CN2CCN(CC2)C=3C=CC=CC3)N4N=CN=C4N1,4.88,c1ccc(N2CCN(CCNc3ccnc4ncnn34)CC2)cc1
XS838284b,CCC1=CN=C(CN2CCC(C)(C2)NC(=O)C=3C=NN4C(C)=CC(C)=NC34)O1,0.992,O=C(NC1CCN(Cc2ncco2)C1)c1cnn2cccnc12
XS847753a,CC=1C=C(C)N2N=C(N=C2N1)SC(C)C(=O)N3CCN(CC3)C=4C=CC=CC4,9.242,O=C(CSc1nc2ncccn2n1)N1CCN(c2ccccc2)CC1
XS836732b,CC(OC=1C=CC=NC1[N+]([O-])=O)C(=O)NC=2C=CC=C(C2)S(=O)(=O)N(C)C,2.326,O=C(COc1cccnc1)Nc1ccccc1
XS847756a,CC=1C=CC(=CC1F)CNC(=O)CN2CCCC2C=3C=CC=4OCCCOC4C3,1.742,O=C(CN1CCCC1c1ccc2c(c1)OCCCO2)NCc1ccccc1
XS812743b,CC=1C=C(NC(=O)C=2C=CC=C(Br)C2)N(N1)C3CCS(=O)(=O)C3,6.2,O=C(Nc1ccnn1C1CCS(=O)(=O)C1)c1ccccc1
XS840149b,CN(C(=O)C1CCN(C1)S(=O)(=O)C2=CC=CC3=NN(C)N=C23)C=4C=CC=CC4,0.746,O=C(Nc1ccccc1)C1CCN(S(=O)(=O)c2cccc3n[nH]nc23)C1
XS847757a,CC=1C=CC=C(C1C)N2CC(CC2=O)C(=O)NCC3=COC(=N3)C4=CC=CS4,1.782,O=C(NCc1coc(-c2cccs2)n1)C1CC(=O)N(c2ccccc2)C1
XS847760a,COC=1C=CC=C(C1)C(NC(=O)NCCC=2C=CC=C(Cl)C2)C3=NC=CN3C,23.282,O=C(NCCc1ccccc1)NC(c1ccccc1)c1ncc[nH]1
XS847766a,CCOC=1C=C2CC(C)OC2=CC1CNC(=O)C=3C=CC=C(C3)S(C)(=O)=O,1.738,O=C(NCc1ccc2c(c1)OCC2)c1ccccc1
XS768144b,COC=1C=CC=C(C1)C2(CCC2)C3=NOC(=N3)C4CC(=O)N(C4)C=5C=NN(C)C5,11.716,O=C1CC(c2nc(C3(c4ccccc4)CCC3)no2)CN1c1cn[nH]c1
XS847765a,CCCOC=1C=CC=CC1NC(=O)C=2C=CC3=C(C2)CC(C)N3S(C)(=O)=O,2.554,O=C(Nc1ccccc1)c1ccc2c(c1)CCN2
XS131319b,COC(=O)C1=CC(=CC(=C1)C(=O)OC)OCC(=O)NC2CCCC=3C=CC=CC32,3.97,O=C(COc1ccccc1)NC1CCCc2ccccc21
XS838960b,CC1CC(=O)NC=2C=CC(=CC2N1)C(=O)OCC(=O)NCC(=O)NC(C)(C)C,1.576,O=C1CCNc2ccccc2N1
XS847768a,CC1CCCN(C1)S(=O)(=O)C=2C=CC(=CC2)C(=O)NCC(=O)NCC3=CC=CO3,0.992,O=C(CNC(=O)c1ccc(S(=O)(=O)N2CCCCC2)cc1)NCc1ccco1
XS847776a,N#CC=1C=C(C=CC1F)CC2=CN=C(NC(=O)NCCC(O)C(F)(F)F)S2,4.644,c1ccc(Cc2cncs2)cc1
XS847767a,O=C(CCC1=CNC=2C=CC=CC12)N3CC(OC=4C=CC=CC43)C(=O)N5CCCCC5,9.1,O=C(C1CN(C(=O)CCc2c[nH]c3ccccc23)c2ccccc2O1)N1CCCCC1
XS847774a,CC=1C=CC(C(=O)NCC2CCN3N=CC(C(=O)N4CCN(C)CC4)=C3C2)=C(O)C1,7.56,O=C(NCC1CCn2ncc(C(=O)N3CCNCC3)c2C1)c1ccccc1
HL003593c,CC(C1=NN=C(O1)C=2C=CC(Cl)=CC2Cl)N(C)CC3=CN4CCCCC4=N3,1.61,c1ccc(-c2nnc(CNCc3cn4c(n3)CCCC4)o2)cc1
XS847777a,CC(NC(=O)C1CCN(CC1)S(=O)(=O)C=2C=CC(F)=CC2)C=3C=CC(F)=CC3,1.24,O=C(NCc1ccccc1)C1CCN(S(=O)(=O)c2ccccc2)CC1
XS684526b,CN(CC=1C=CC(O)=CC1)C(=O)CC2SC=3C=CC(=CC3NC2=O)C(F)(F)F,14.564,O=C(CC1Sc2ccccc2NC1=O)NCc1ccccc1
XS847781a,CC1=NN=NN1C(CC=2C=CC=C(F)C2)C(=O)NCCNC(=O)C3CCCCC3,0.458,O=C(NCCNC(=O)C(Cc1ccccc1)n1cnnn1)C1CCCCC1
XS714539b,COC=1C=CC(=CC1)CC(NC(=O)CC2=CN3C=CSC3=N2)C=4C=CC(=CC4)OC,7.234,O=C(Cc1cn2ccsc2n1)NC(Cc1ccccc1)c1ccccc1
XS847780a,CC(NC(=O)C=1C=NN(C)C1CC=2C=CC=CC2)C=3C=CC=C(C3)N4CCNC4=O,6.006,O=C(NCc1cccc(N2CCNC2=O)c1)c1cn[nH]c1Cc1ccccc1
XS825622b,CNC(=O)C(NC(=O)C=1SC(COC=2C=CC(Cl)=CC2)=NC1C)C=3C=CC=CC3,12.788,O=C(NCc1ccccc1)c1cnc(COc2ccccc2)s1
XS847796a,CN1C=C(C=N1)S(=O)(=O)NCC(NC(=O)C=2C=CC(Cl)=C(F)C2)C=3C=CC=CC3,5.36,O=C(NC(CNS(=O)(=O)c1cn[nH]c1)c1ccccc1)c1ccccc1
XS162182b,COC=1C=CC(=CC1Cl)NC(=O)C(C=2C=CC=CC2)N3CCN(CC3)C=4N=CC=CN4,3.972,O=C(Nc1ccccc1)C(c1ccccc1)N1CCN(c2ncccn2)CC1
XS847787a,O=C(CN1CCN(CC=CC=2C=CC=CC2)CC1)N3CCSC3C=4C=CC=CC4F,2.202,O=C(CN1CCN(CC=Cc2ccccc2)CC1)N1CCSC1c1ccccc1
XS847794a,CC1=CC=CC(C)=C1N2CC(CC2=O)C3=NC=4C=CC=CC4N3CC(=O)N5CCC(C)CC5,2.622,O=C(Cn1c(C2CC(=O)N(c3ccccc3)C2)nc2ccccc21)N1CCCCC1
XS847798a,CCCN1C(=O)C=2C=CC=CC2NC1C=3C=CC(OCC4=CSC(C)=N4)=C(C3)OC,4.87,O=C1NC(c2ccc(OCc3cscn3)cc2)Nc2ccccc21
XS836770b,CC(NC(=O)C=1C=CC(=CC1)N2N=CC(C#N)=C2N)C=3C=CC(=CC3)OCC=4C=CC=NC4,4.45,O=C(NCc1ccc(OCc2cccnc2)cc1)c1ccc(-n2cccn2)cc1
XS847788a,CC(NCC(=O)NC=1C=C(C=CC1Cl)S(C)(=O)=O)C=2C=CC(=CC2)C(C)(C)C,2.034,O=C(CNCc1ccccc1)Nc1ccccc1
XS836860b,COC=1C=CC(NC(=O)C(C)N2CCN(CC2)C=3C=CN=C(N3)N(C)C)=C(C1)[N+]([O-])=O,1.578,O=C(CN1CCN(c2ccncn2)CC1)Nc1ccccc1
XS836676b,COC(=O)C=1C=CC=C2C1CCCN2C(=O)N3CCCC(C3)C(=O)NCC(F)(F)F,1.63,O=C(N1CCCCC1)N1CCCc2ccccc21
XS847785a,CC1C=2C=CSC2CCN1CC(=O)NC=3C=CC(=CC3)S(=O)(=O)N4CCCCCC4,1.704,O=C(CN1CCc2sccc2C1)Nc1ccc(S(=O)(=O)N2CCCCCC2)cc1
XS383087b,O=C(NCC1CCCO1)C=2C=CC=CC2,1.224,O=C(NCC1CCCO1)c1ccccc1
XS089823c,CN(C(=O)C1=CC=CO1)C2CCS(=O)(=O)C2,1.004,O=C(NC1CCS(=O)(=O)C1)c1ccco1
XS847808a,CC=1N=NC(=C(C#N)C1C)N2CCCC(CO)C2,1.92,c1cnnc(N2CCCCC2)c1
XS847801a,CN1CCC(NC2=NC(=NO2)C3CC3)C1=O,11.516,O=C1NCCC1Nc1nc(C2CC2)no1
XS410818b,O=C(NC=1C=CC=CC1)C2CC=3C=CC=CC3O2,4.492,O=C(Nc1ccccc1)C1Cc2ccccc2O1
XS840720b,CN1N=NC(CNC(=O)C2CC32CCCC3)=N1,2.326,O=C(NCc1nn[nH]n1)C1CC12CCCC2
XS840947b,CC#CC(=O)NCCN1C=C(C=N1)C2CCOC2,0.78,c1n[nH]cc1C1CCOC1
XS842069b,FC(F)C=1C=NC(=NC1)NC2CC32CC3,4.054,c1cnc(NC2CC23CC3)nc1
XS847805a,CC=1C=NC=C(C1)C=2C=CC=3OC(CO)CC3C2,0.698,c1cncc(-c2ccc3c(c2)CCO3)c1
XS842432b,CC1CN(CCO1)C2=CC=C(S2)[N+]([O-])=O,1.888,c1csc(N2CCOCC2)c1
XS842720b,CC1CSCCN1C(=O)COC(F)F,1.218,C1CSCCN1
XS847813a,N#CC=1C(F)=CC=CC1N2CCCC2C(N)=O,2.73,c1ccc(N2CCCC2)cc1
XS847812a,CCC(C)NC(=O)C1=CC=2C=CC=CC2N1,0.534,c1ccc2[nH]ccc2c1
XS847807a,CCC1CN(CCO1)C(=O)C=2C=CC(C#N)=CC2,1.182,O=C(c1ccccc1)N1CCOCC1
XS847809a,C1=CC=2N=CN=C(NCCC3CCCO3)C2S1,4.282,c1nc(NCCC2CCCO2)c2sccc2n1
XS847811a,CC1=CC(=NO1)C(=O)N2CCCCC2C,0.988,O=C(c1ccon1)N1CCCCC1
XS001598d,O=C(NCCC=1C=CC(F)=CC1)C2CCCO2,2.46,O=C(NCCc1ccccc1)C1CCCO1
XS838702b,CNC(=O)C1CC(F)(F)CS1,1.192,C1CCSC1
XS838250b,CCC1=CSC(=N1)NC(C)C2=NC=CC(=O)N2,1.392,O=c1ccnc(CNc2nccs2)[nH]1
XS847826a,CC1=NC(=CC(=O)N1C=2C=CC=CC2)N3CCC(C)C3,1.108,O=c1cc(N2CCCC2)ncn1-c1ccccc1
XS460606b,O=C(O)C1=COC(=N1)N2CCC(C2)C=3C=CC=CC3,1.384,c1ccc(C2CCN(c3ncco3)C2)cc1
XS840325b,COC(=O)C(C1CC1)N2CCC3=NC(C)=CN3CC2,2.628,c1cn2c(n1)CCN(CC1CC1)CC2
XS836513b,CC1=NN(C)C=2OCCN(C(=O)C3CC3(F)F)C12,7.86,O=C(C1CC1)N1CCOc2[nH]ncc21
XS838356b,C#CCOC=1C=CC=C(C1)OCCOC2CC2(F)F,1.17,c1ccc(OCCOC2CC2)cc1
XS840825b,CCC(NC(=O)CC=1C=CON1)C=2C=CC=CC2O,2.75,O=C(Cc1ccon1)NCc1ccccc1
XS847820a,N#CC=1C=CC(=NC1)NCC2COC=3C=CC=CC3O2,2.514,c1ccc(NCC2COc3ccccc3O2)nc1
XS437030b,O=C(C=1C=CC(=CC1)N2C=CC=N2)N3CCCC(O)C3,2.958,O=C(c1ccc(-n2cccn2)cc1)N1CCCCC1
XS847819a,O=C(CSC=1C=CC=CN1)NCC2CCCO2,1.144,O=C(CSc1ccccn1)NCC1CCCO1
XS847817a,CCCC(C)NC(=O)C=1C=CC=2NC(=O)CCC2C1,0.668,O=C1CCc2ccccc2N1
XS530563b,O=C(C=1C=CC(F)=CC1)N2CCCC2C=3C=CC=NC3,1.668,O=C(c1ccccc1)N1CCCC1c1cccnc1
XS847821a,O=C(NC1=NC=CS1)C2CC(=O)NC=3C=CC=CC32,9.108,O=C1CC(C(=O)Nc2nccs2)c2ccccc2N1
XS847815a,C1=CC=C(C=C1)NC2CCCN(C2)C=3N=CC=CN3,4.398,c1ccc(NC2CCCN(c3ncccn3)C2)cc1
XS847823a,CC(OC=1C=CC=CC1)C(=O)NC=2C=CC(C#N)=CC2,0.478,O=C(COc1ccccc1)Nc1ccccc1
XS464952b,O=C(NC1CCCC2(CC2)C1)C3=CC=CN4C=NN=C34,12.316,O=C(NC1CCCC2(CC2)C1)c1cccn2cnnc12
XS838272b,CC(CC1=NC2=CSN=C2C(=O)N1)C(F)(F)F,0.438,O=c1[nH]cnc2csnc12
XS847827a,CC(NC=1C=CC=2OCOC2C1)C(=O)N3CCCC3,6.154,O=C(CNc1ccc2c(c1)OCO2)N1CCCC1
XS847816a,CCC1(CCCN1)C(=O)NCCC=2C=CC(F)=CC2,1.258,O=C(NCCc1ccccc1)C1CCCN1
XS838657b,CC1CCC=2N=CC(=CC2C1)NCC=3OC=NC3C4CC4,0.558,c1nc(C2CC2)c(CNc2cnc3c(c2)CCCC3)o1
XS847834a,CN1CCN(CC1C2=NC=CN2)C(=O)NC=3C=CC=CN3,0.558,O=C(Nc1ccccn1)N1CCNC(c2ncc[nH]2)C1
XS847836a,CC(C)CCCNC(=O)NC(C)C=1C=CC(C#N)=CC1,2.954,c1ccccc1
XS836705b,CC=1N=CSC1C(=O)N2CCC(=O)N3CCCCC23,2.254,O=C1CCN(C(=O)c2cncs2)C2CCCCN12
XS841537b,ClC=1C=NC(NC2CCN3N=CN=C3C2)=C(Cl)C1,4.768,c1ccc(NC2CCn3ncnc3C2)nc1
XS837574b,N#CC1=CC(=CC(C#N)=N1)NCC2CCC=3C=CC=CC32,0.65,c1ccc2c(c1)CCC2CNc1ccncc1
XS497919b,CC1=CSC(=N1)C2CCCCN2C(=O)C3=CC=CO3,1.42,O=C(c1ccco1)N1CCCCC1c1nccs1
XS847833a,CCCC(C)NC(=O)C=1C=CC2=C(C1)CCN2C(C)=O,1.724,c1ccc2c(c1)CCN2
XS721099b,CC=1C=C(C)N(N1)C(C)CC(=O)NC=2C=CC(C)=CC2C,1.718,O=C(CCn1cccn1)Nc1ccccc1
XS837083b,O=C(NC1CCOC1)N(C=2C=CC=CC2)C=3C=CC=CC3,0.648,O=C(NC1CCOC1)N(c1ccccc1)c1ccccc1
XS847832a,CC=1C=CC2=C(C1)OC(C)CN2C(=O)N3CCOCC3,1.59,O=C(N1CCOCC1)N1CCOc2ccccc21
XS840545b,CC1=NOC(C)=C1C(C)NCC2=CC=3C=CC=CC3S2,0.578,c1ccc2sc(CNCc3cnoc3)cc2c1
XS841832b,CC=1C=CC(C)=C(C1)CC(=O)NC(C)C2=NN=CS2,1.316,O=C(Cc1ccccc1)NCc1nncs1
XS847837a,COC=1C=CC(=CC1F)C(=O)OC(C)C(=O)NC2CC2,2.932,O=C(COC(=O)c1ccccc1)NC1CC1
XS417021b,CC1=NOC=2N=CN=C(C12)N3CCCC3C=4C=NN(C)C4,6.418,c1nc(N2CCCC2c2cn[nH]c2)c2cnoc2n1
XS842421b,CCOC(C)C(=O)NC=1N=CC=C(N1)C2=CC=CS2,3.95,c1csc(-c2ccncn2)c1
XS838241b,OCC1(CNC=2C=NC(F)=CN2)CCC=3C=CC=CC31,3.872,c1ccc2c(c1)CCC2CNc1cnccn1
XS465484b,COC=1C=CC=CC1CC(=O)NC(CO)C=2C=CC=CC2,3.562,O=C(Cc1ccccc1)NCc1ccccc1
XS847853a,CC1=CC=C(CNC(=O)C2COC=3C=CC=CC3C2)S1,6.128,O=C(NCc1cccs1)C1COc2ccccc2C1
XS477490b,CN1C=C(C=N1)C2CCCN2C(=O)C=3C=CC=4NN=NC4C3,4.134,O=C(c1ccc2[nH]nnc2c1)N1CCCC1c1cn[nH]c1
XS847842a,CC=1C=CC=CC1OCCC(=O)NC2CCC(=O)NC2=O,12.414,O=C1CCC(NC(=O)CCOc2ccccc2)C(=O)N1
XS847848a,CC=1C=C(C)N(N1)C(C)C(=O)NC=2C=CC(N)=CC2Cl,0.99,O=C(Cn1cccn1)Nc1ccccc1
XS847845a,N#CC=1C=CC(=CC1)OCC(=O)NC2CCS(=O)(=O)C2,24.58,O=C(COc1ccccc1)NC1CCS(=O)(=O)C1
XS535674b,CC1(CC=2C=CC=CC2C1)NC(=O)C3CCC4=NN=CN4C3,4.016,O=C(NC1Cc2ccccc2C1)C1CCc2nncn2C1
XS578841b,COC1=CC(C)=C(C=C1S(=O)(=O)NCC(C)O)OC,0.918,c1ccccc1
XS847839a,CC1=NC(C)=C(S1)C(=O)N2CCCC(C2)N3C=NC=N3,1.84,O=C(c1cncs1)N1CCCC(n2cncn2)C1
XS847847a,COC=1C=CC(C)=CC1C(C)NC=2N=CN=C3C2C=NN3C,1.05,c1ccc(CNc2ncnc3[nH]ncc23)cc1
XS837339b,CC1=C2N=CC=CC2=NC=3C4=CC=CC=C4C(CC13)C(=O)O,0.876,c1ccc2c(c1)CCc1cc3ncccc3nc1-2
XS838659b,CC1(C)COCCC1CNC=2N=NC(F)=C3C=CC=CC23,1.696,c1ccc2c(NCC3CCOCC3)nncc2c1
XS847855a,COC1=CC(CNC(=O)C2CCCO2)=C(C=C1OC)OC,7.41,O=C(NCc1ccccc1)C1CCCO1
XS847838a,COC=1N=CC=CC1C(=O)N2CCCC(C2)N3C=NC=N3,1.848,O=C(c1cccnc1)N1CCCC(n2cncn2)C1
XS840233b,CC=1CCC(C)(CC1C)C(=O)NC=2C=NN(C2)CC(N)=O,0.918,O=C(Nc1cn[nH]c1)C1CC=CCC1
XS713656b,CC1=NOC(=N1)C2CCCN(CC(=O)NC3CCCC3)C2,1.528,O=C(CN1CCCC(c2ncno2)C1)NC1CCCC1
XS840246b,FC(F)COCCC1=NC(=NO1)C2CCCCC2(F)F,9.944,c1nc(C2CCCCC2)no1
XS847852a,CN1C=NN=C1C2CCCN(C2)C(=O)C=3C=CC=CC3F,1.226,O=C(c1ccccc1)N1CCCC(c2nnc[nH]2)C1
XS723432b,O=C(O)CC(NC(=O)C=1C=CC=CC1Cl)C=2C=CC=CC2,1.014,O=C(NCc1ccccc1)c1ccccc1
XS838647c,CC1=CC(=NO1)C(C)N(C)C2=NC=3C=CC(C)=CC3C(=O)N2,3.738,O=c1[nH]c(NCc2ccon2)nc2ccccc12
XS847857a,CC1=CC(=NN1)C2CCCN(C2)C(=O)C3=C(C)OC(C)=C3C,2.348,O=C(c1ccoc1)N1CCCC(c2cc[nH]n2)C1
XS839228b,CC(C1=NN=NN1C)N2C=C(N=N2)C3=NC(=CS3)C4CC4,0.934,c1sc(-c2cn(Cc3nnn[nH]3)nn2)nc1C1CC1
XS847858a,O=C(NCCC=1C=CC=CC1F)C2=CNN=C2C3CCOC3,1.526,O=C(NCCc1ccccc1)c1c[nH]nc1C1CCOC1
XS847861a,COC=1C=CC(NC(=O)CC(C)C=2C=CC=CC2)=C(C1)OC,1.786,O=C(CCc1ccccc1)Nc1ccccc1
XS841562b,FC=1C=CC=C2OC(=NC12)N3CCCC(CC3)N4C=CN=N4,2.932,c1ccc2oc(N3CCCC(n4ccnn4)CC3)nc2c1
XS847864a,COC=1C=CC(NC(C)C2=NC(=NO2)C(C)(C)C)=C(C1)OC,0.868,c1ccc(NCc2ncno2)cc1
XS700111b,CC(C(N)=O)N1CCN(CC1)C(=O)CCCC=2C=CC=CC2,2.706,O=C(CCCc1ccccc1)N1CCNCC1
XS841336b,O=C(NC1CCCC21CCOCC2)C(F)(F)C3(O)CCC3,0.494,O=C(CC1CCC1)NC1CCCC12CCOCC2
XS847866a,CC1=NOC(C)=C1CC(=O)OC(C)C(=O)NC=2C=CC=CC2,1.334,O=C(COC(=O)Cc1cnoc1)Nc1ccccc1
XS847856a,CC1=NOC(C)=C1CCC(=O)N2CCCC(C2)N3C=CC=N3,2.602,O=C(CCc1cnoc1)N1CCCC(n2cccn2)C1
XS847860a,CC(=O)NC=1C=CC=CC1OC(C)C(=O)NC2CCCCC2,0.422,O=C(COc1ccccc1)NC1CCCCC1
XS669562b,CC1=CC=C(S1)C(CNC=2N=CC=CN2)N3CCOCC3,7.718,c1cnc(NCC(c2cccs2)N2CCOCC2)nc1
XS836561b,CC(NS(C)(=O)=O)C(=O)N(C)CCOC=1C=CC=CC1,3.546,c1ccccc1
XS847868a,CCCN(C(=O)NC=1C=NN(C)C1)C2CCC=3C=CC=CC32,0.572,O=C(Nc1cn[nH]c1)NC1CCc2ccccc21
XS842212b,CC1=NSC(NC(=O)C2CCCC3=NN(C)C=C32)=C1C#N,8.436,O=C(Nc1ccns1)C1CCCc2n[nH]cc21
XS547927b,CC1(O)CCN(C1)S(=O)(=O)C=2C=CC=3OCCOC3C2,14.41,O=S(=O)(c1ccc2c(c1)OCCO2)N1CCCC1
XS838063b,N#CC1(CC21CCCC2)C(=O)NCC3=NC(=CS3)C(N)=O,8.158,O=C(NCc1nccs1)C1CC12CCCC2
XS839996b,COC(=O)C(C)CS(=O)(=O)N(C)C=1C=C(C)C=C(C)C1,0.934,c1ccccc1
XS847876a,CC1=CSC(CNC(=O)C2CC(=O)N(C2)C3CCCC3)=N1,1.088,O=C(NCc1nccs1)C1CC(=O)N(C2CCCC2)C1
XS847871a,O=C(C1=CC=2C=CC=CC2O1)N3CCCC(CN4C=CN=N4)C3,6.896,O=C(c1cc2ccccc2o1)N1CCCC(Cn2ccnn2)C1
XS847881a,CC(C)CC=1C=CC(=CC1)C(NC(=O)CN2C=NC=N2)C3CC3,4.37,O=C(Cn1cncn1)NC(c1ccccc1)C1CC1
XS821024b,COC=1C=CC(=CC1F)NC(=O)C(C)NC(=O)CC(C)(C)C,2.088,c1ccccc1
XS847878a,COC=1C=CC(=CN1)NC(C)C(=O)NC=2C(C)=CC(C)=CC2C,7.518,O=C(CNc1cccnc1)Nc1ccccc1
XS840131b,COCC=1N=CC=C(N1)NC(=O)N2CC=3C=CC=CC3CC2C,6.582,O=C(Nc1ccncn1)N1CCc2ccccc2C1
XS837163b,CN(C(=O)C1COCCO1)C2C=3C=CC=CC3C=4C=CC=CC42,5.766,O=C(NC1c2ccccc2-c2ccccc21)C1COCCO1
XS838645b,COC1=CC(=NN1C)NC(C)C=2C=CC(Br)=CC2,1.984,c1ccc(CNc2cc[nH]n2)cc1
XS839050b,COC=1C=CN=C(F)C1S(=O)(=O)NC(C)C=2C=NN(C)C2,1.076,O=S(=O)(NCc1cn[nH]c1)c1cccnc1
XS847874a,COC=1C=CC=CC1NC(=O)C(C)OC(=O)C=2C=CC(C)=CC2,11.218,O=C(COC(=O)c1ccccc1)Nc1ccccc1
XS354707b,CC(C#N)(NC(=O)COC(=O)C1=CC=2C=CC=CC2N1)C3CC3,1.874,O=C(COC(=O)c1cc2ccccc2[nH]1)NCC1CC1
XS847880a,CC1=CC(=NO1)NC(=O)C2CC(=O)N(C2)C=3C=CC=C(C)C3C,13.672,O=C(Nc1ccon1)C1CC(=O)N(c2ccccc2)C1
XS840677b,CC1CC=2C=CC=CC2N1C(=O)C3=CN=C4SC=CN4C3=O,5.014,O=C(c1cnc2sccn2c1=O)N1CCc2ccccc21
XS847879a,CN(CCOC=1C=CC=CC1)C(=O)NC2CCS(=O)(=O)C2,5.348,O=C(NCCOc1ccccc1)NC1CCS(=O)(=O)C1
XS839825b,CC1=NC(=NO1)C(=O)NC2CCN(C2)C=3C=CC=CC3Cl,1.39,O=C(NC1CCN(c2ccccc2)C1)c1ncon1
XS847873a,CSCCCNC(=O)N1CCOC(CC=2C=CC=CC2)C1,1.592,c1ccc(CC2CNCCO2)cc1
XS810228b,CC1=CC(=NO1)NC(=O)C(C)S(=O)(=O)C=2C=CC(F)=CC2,1.982,O=C(CS(=O)(=O)c1ccccc1)Nc1ccon1
XS847872a,CC(OC(=O)C1=CSC(=N1)C=2C=CC(Cl)=CC2)C(N)=O,9.896,c1ccc(-c2nccs2)cc1
XS847870a,O=C(NC(C=1C=CC=CC1)C2CC2)N3CCS(=O)(=O)CC3,1.264,O=C(NC(c1ccccc1)C1CC1)N1CCS(=O)(=O)CC1
XS836499b,CC(C)C(NC(=O)C=1C=NC(F)=C(C1)C(F)(F)F)C(N)=O,7.04,c1ccncc1
XS847875a,N#CC=1C=CC=CC1OCC(=O)NC2CCCC=3C=CC=CC32,2.62,O=C(COc1ccccc1)NC1CCCc2ccccc21
XS847884a,CC(NC(=O)CSC=1N=CC=CN1)C=2C=CC=3OCOC3C2,2.976,O=C(CSc1ncccn1)NCc1ccc2c(c1)OCO2
XS847885a,CC(NC(=O)COC(=O)CC=1C=CC(F)=CC1)C=2C=CC=CC2,1.966,O=C(COC(=O)Cc1ccccc1)NCc1ccccc1
XS194117c,CCOC=1C=CC=CC1N2CC(CC2=O)C(=O)N3CCOCC3,1.372,O=C(C1CC(=O)N(c2ccccc2)C1)N1CCOCC1
XS847882a,CC(C)C1=CSC(=N1)C2CCCN(C2)C(=O)C3=CC=CN3C,1.388,O=C(c1ccc[nH]1)N1CCCC(c2nccs2)C1
XS642044b,CC1=CN=C(S1)C(NC(=O)C=2C=CC(=CC2)C(=O)O)C3CC3,4.216,O=C(NC(c1nccs1)C1CC1)c1ccccc1
XS838963b,CC=1C=C(N2CCC(C)(C#N)C2)N3C=4C=CC=CC4N=C3C1C#N,1.106,c1ccc2c(c1)nc1cccc(N3CCCC3)n12
XS122146b,CC(C(=O)NC=1C=CC(C#N)=CC1)N2C(=O)C=3C=CC=CC3C2=O,10.686,O=C(CN1C(=O)c2ccccc2C1=O)Nc1ccccc1
XS847891a,CCCC1=NC(CN2CCNC(=O)CC2C=3C=CC=CC3)=NO1,1.366,O=C1CC(c2ccccc2)N(Cc2ncon2)CCN1
XS847889a,CCN1CC(CC1=O)C(=O)NCC=2C=CC(=CC2)COC(C)C,0.934,O=C1CC(C(=O)NCc2ccccc2)CN1
XS837892b,CC(C(=O)NCC1=NN=NN1C2CC2)C=3C=CC=C(C3)[N+]([O-])=O,1.014,O=C(Cc1ccccc1)NCc1nnnn1C1CC1
XS847886a,COC(=O)CC(NC(=O)C=1C=CC(O)=NC1)C=2C=CC(C)=CC2,0.838,O=C(NCc1ccccc1)c1cccnc1
XS847888a,CC(C)C1=NOC(=N1)C(C)NC=2C=CC=C(C2)N3CCOC3=O,2.032,O=C1OCCN1c1cccc(NCc2ncno2)c1
XS565074b,CC(C)C(=O)NC=1C=C(C=CN1)C(=O)N2CCOCC2C3CC3,1.916,O=C(c1ccncc1)N1CCOCC1C1CC1
XS847892a,CC(C(=O)NC1=NC=CS1)N2CCC(CC2)C=3C=NN(C)C3,1.626,O=C(CN1CCC(c2cn[nH]c2)CC1)Nc1nccs1
XS604922b,CC(=O)NC=1C=CC(=CC1)OC(C)C(=O)N2CCC=3C=CC=CC32,4.852,O=C(COc1ccccc1)N1CCc2ccccc21
XS847895a,CN1C(=O)C=2C=3CCCC3SC2N=C1SC4CCOC4=O,29.398,O=C1OCCC1Sc1nc2sc3c(c2c(=O)[nH]1)CCC3
XS847898a,O=C1CCC=2C=C(C=CC2N1)S(=O)(=O)NCCC3CCCO3,1.032,O=C1CCc2cc(S(=O)(=O)NCCC3CCCO3)ccc2N1
XS542556b,CC=1C=CC(=NC1)C(=O)N2CCCCC2C3=NC=4C=CC=CC4O3,7.056,O=C(c1ccccn1)N1CCCCC1c1nc2ccccc2o1
XS847901a,CC1=CN2CC(CCC2=N1)NC(=O)C3=CN(N=N3)C=4C=CC=CC4,0.8,O=C(NC1CCc2nccn2C1)c1cn(-c2ccccc2)nn1
XS847897a,COCC(C)NC(=O)CC=1SC(C)=NC1C=2C=CC(F)=CC2,0.342,c1ccc(-c2cscn2)cc1
XS549563b,CC1C(=O)NCCN1S(=O)(=O)C=2C=CC(=NC2)C(F)(F)F,8.324,O=C1CN(S(=O)(=O)c2cccnc2)CCN1
XS501837b,O=C(NC1CCCN(C1)C=2N=CC=CN2)C=3C=CC=C4CCCC34,0.436,O=C(NC1CCCN(c2ncccn2)C1)c1cccc2c1CCC2
XS838615b,FC(F)(F)C1=NN=NN1C2CCN(C2)C=3N=CC=4CCCC4N3,1.466,c1nc(N2CCC(n3cnnn3)C2)nc2c1CCC2
XS722160b,O=C(C1=NNC(=O)C=2C=CC=CC12)N3CCCC3C4=CC=CS4,11.916,O=C(c1n[nH]c(=O)c2ccccc12)N1CCCC1c1cccs1
XS782166b,COC=1C=CC(=CC1OC)C(C)NC(=O)C2=CN3C=CC=CC3=N2,1.99,O=C(NCc1ccccc1)c1cn2ccccc2n1
XS805716b,O=C(CCC1=CC=CO1)N2CCCC2C3=NC=4C=CC=CC4S3,4.654,O=C(CCc1ccco1)N1CCCC1c1nc2ccccc2s1
XS847900a,CCCC(C(=O)NCCC(=O)NC=1C=CC=CN1)C=2C=CC=CC2,1.592,O=C(Cc1ccccc1)NCCC(=O)Nc1ccccn1
XS659795b,CCOC=1C=CC=CC1NC(C)C(=O)N2CCC=3C=CC=CC3C2,14.708,O=C(CNc1ccccc1)N1CCc2ccccc2C1
XS840590b,O=C(OCC1CNC(=O)C1)C=2C=C(Cl)C=C(C2)C(F)(F)F,1.34,O=C1CC(COC(=O)c2ccccc2)CN1
XS847896a,CC1=NOC(CC2(O)CCCN(C2)C=3N=C(C)N=C(C)C3F)=N1,2.026,c1cc(N2CCCC(Cc3ncno3)C2)ncn1
XS840116b,CC(C)(C)C1=NN=C(O1)C(=O)NCC2CCC3(CCOCC3)O2,5.478,O=C(NCC1CCC2(CCOCC2)O1)c1nnco1
XS540579b,CC=1C=CC=C2C(=CNC12)CC(=O)N3CCCCC3C=4N=CON4,0.686,O=C(Cc1c[nH]c2ccccc12)N1CCCCC1c1ncon1
XS799945b,CCC(C)C=1C=C(ON1)C(=O)NC=2NN=C(C2C)C=3C=CN=CC3,2.612,O=C(Nc1cc(-c2ccncc2)n[nH]1)c1ccno1
XS841957b,CC(C)C(NC=1C=CC(=CC1)S(=O)(=O)C(F)(F)F)C(N)=O,0.612,c1ccccc1
XS838925b,COCCN(CC1CC=CCC1)C(=O)NC=2C=CN3N=CN=C3C2,1.22,O=C(NCC1CC=CCC1)Nc1ccn2ncnc2c1
XS793852b,CC1=CC=C(C(=O)NCC(C2=CC=CS2)N3CCCC3)C(=O)N1,2.89,O=C(NCC(c1cccs1)N1CCCC1)c1ccc[nH]c1=O
XS847904a,CCC(NC(=O)C=1C=CC=NC1C)C2=NC(=CS2)C(F)(F)F,0.712,O=C(NCc1nccs1)c1cccnc1
XS837533b,O=C(O)C=1C=NC(NCC(F)C(F)(F)F)=C(Br)C1,2.27,c1ccncc1
XS847903a,CC1=CC(C)=C(OCC(=O)N2CCCC(C2)N3C=NC=N3)C(C)=C1,5.066,O=C(COc1ccccc1)N1CCCC(n2cncn2)C1
XS847902a,CCC1=NOC(=N1)C(C)N2CCN(CC2)C=3C=CC(C#N)=CC3F,5.082,c1ccc(N2CCN(Cc3ncno3)CC2)cc1
XS549824b,CC1=CSC(=N1)C(C)NC(=O)CN2C(=O)C=NC=3C=CC=CC32,11.896,O=C(Cn1c(=O)cnc2ccccc21)NCc1nccs1
XS847910a,CCCC(C)C(=O)NC=1C=CC(OC)=C(C1)OCC=2C=CC=NC2,0.852,c1ccc(OCc2cccnc2)cc1
XS840141b,CC(C1=CC=CO1)N(C)C(=O)NC2CCN(CC2)S(C)(=O)=O,5.0,O=C(NCc1ccco1)NC1CCNCC1
XS847905a,CC1=NN(C)C(C)=C1C2COCCN2C(=O)CC=3C=CC=CC3C,4.976,O=C(Cc1ccccc1)N1CCOCC1c1cn[nH]c1
XS838117b,COCCC(C)NC(=O)NC1=CC(=O)N(C)C=C1Br,1.882,O=c1cccc[nH]1
XS841110b,CC(C)(C(=O)N1CCC(CS(=O)(=O)F)C1)C=2C=CC=C(F)C2,3.214,O=C(Cc1ccccc1)N1CCCC1
XS837520b,COC(=O)C=1C=CN(CC2=CN(CC(C)(F)C(C)(C)F)N=N2)N1,4.248,c1cnn(Cc2c[nH]nn2)c1
XS847907a,CNC(=O)CC1(O)CCCN(C1)S(=O)(=O)C=2C=CC=C(F)C2,5.188,O=S(=O)(c1ccccc1)N1CCCCC1
XS847923a,CS(=O)(=O)C=1C=CC(=CC1)C(=O)N2CCCC2C3=CC=CS3,6.522,O=C(c1ccccc1)N1CCCC1c1cccs1
XS641468b,COC=1C=CC(=CC1)C2CCCN2C(=O)CN3N=NC=4C=CC=CC43,22.048,O=C(Cn1nnc2ccccc21)N1CCCC1c1ccccc1
XS809191b,COC=1C=CC=C(C1)C(=O)OC(C)C(=O)NC=2C=CC(Cl)=CC2,6.892,O=C(COC(=O)c1ccccc1)Nc1ccccc1
XS593730b,CCCN1C=C(C=N1)C(=O)N2CCOCC2C3=NN=C(O3)C(C)C,6.528,O=C(c1cn[nH]c1)N1CCOCC1c1nnco1
XS847922a,COC=1C=CC(C)=CC1C2=CSC(=N2)NC(=O)C(C)NC(C)=O,8.536,c1ccc(-c2cscn2)cc1
XS847915a,CC(NC=1C=CC2=NN=NN2N1)C=3C=CC(=CC3)OC=4C=CC=CC4,11.068,c1ccc(Oc2ccc(CNc3ccc4nnnn4n3)cc2)cc1
XS847927a,CC(C)N1CC(CC1=O)C(=O)NCCNC=2C=CC=C(F)C2C#N,2.346,O=C1CC(C(=O)NCCNc2ccccc2)CN1
XS546243b,CC1=C(N=NN1C)NC(=O)C2CC(=O)N(C2)C=3C=CC(F)=CC3F,10.378,O=C(Nc1c[nH]nn1)C1CC(=O)N(c2ccccc2)C1
XS839416b,CC1=C(C=CC2=CN=CN12)C(=O)NC(C)C3=NC=4C=CC=CC4S3,2.836,O=C(NCc1nc2ccccc2s1)c1ccc2cncn2c1
XS847917a,CC(C=1C=CC=CC1)N(C)C(=O)C=2C=CC=C(C2)NS(C)(=O)=O,1.258,O=C(NCc1ccccc1)c1ccccc1
XS621326b,CC=1C=CC=C(C1)S(=O)(=O)C(C)C2=NN=NN2C3CCCCC3,3.568,O=S(=O)(Cc1nnnn1C1CCCCC1)c1ccccc1
XS413381b,CC=1C=C(C)N(N1)C2CCCN(C2)C(=O)C=3C=NC4=NNC(C)=C4C3,9.092,O=C(c1cnc2n[nH]cc2c1)N1CCCC(n2cccn2)C1
XS847935a,CCOC(=O)C=1C(C)=C(C)SC1NC(=O)C2CC(=O)N(CC)C2,1.594,O=C1CC(C(=O)Nc2cccs2)CN1
XS837954b,BrC=1C=NC(=NC1)C2CCCCN2CC=3C=NSN3,1.954,c1cnc(C2CCCCN2Cc2cnsn2)nc1
XS847934a,CCN(CC=1C=CC=2OCOC2C1)S(=O)(=O)N3CCCC(C)C3,0.668,O=S(=O)(NCc1ccc2c(c1)OCO2)N1CCCCC1
XS847937a,CCC(C)NC(=O)CS(=O)(=O)CC=1C=CC(=CC1)C(F)(F)F,3.56,c1ccccc1
XS847929a,CN1C=CN=C1C(NC(=O)COC=2C=CC=NC2)C=3C=CC=C(F)C3,2.626,O=C(COc1cccnc1)NC(c1ccccc1)c1ncc[nH]1
XS834367b,CC(C=1C=CC=NC1)N(C)CC2=CSC(COC=3C=CC=CC3)=N2,1.608,c1ccc(OCc2nc(CNCc3cccnc3)cs2)cc1
XS840775b,CCC1=CC=C(O1)C(COC)NC(=O)C=2C=CC(=NC2)N3C=CN=C3,5.092,O=C(NCc1ccco1)c1ccc(-n2ccnc2)nc1
XS465891b,CN1C(=O)C(C#N)=C(NC2C=3C=CC=CC3CCC2(C)C)N(C)C1=O,0.878,O=c1cc(NC2CCCc3ccccc32)[nH]c(=O)[nH]1
XS444941b,CC=1C=C(N(C)N1)N2CCC(NC(=O)C=3C=CC=C4NC=CC34)C2=O,1.922,O=C(NC1CCN(c2ccn[nH]2)C1=O)c1cccc2[nH]ccc12
XS841339b,O=C(C1=CC=C(O1)C2CC2)N3CCC(CC=4N=NNN4)C(F)(F)C3,0.498,O=C(c1ccc(C2CC2)o1)N1CCC(Cc2nn[nH]n2)CC1
XS840743b,CCC=1C=CC(=CC1S(=O)(=O)NC(C)CN2C=NC=N2)[N+]([O-])=O,1.372,O=S(=O)(NCCn1cncn1)c1ccccc1
XS518126b,CN(C(=O)C=1C=CN=C(C1)OC2CCOC2)C3CC=4C=CC=CC4C3,2.41,O=C(NC1Cc2ccccc2C1)c1ccnc(OC2CCOC2)c1
XS847936a,CC(OC=1C=CC(Br)=CC1)C(=O)N(C)C2=NC=CS2,9.366,O=C(COc1ccccc1)Nc1nccs1
XS836980b,CC1=CC(C)=CC(=C1)C2CCCN2C(=O)N3CCOC=4C=CN=CC43,1.7,O=C(N1CCOc2ccncc21)N1CCCC1c1ccccc1
XS747625b,CCOC=1C=CC=CC1C2=NOC(CNC(C)CN3C=C(C)C=N3)=N2,1.228,c1ccc(-c2noc(CNCCn3cccn3)n2)cc1
XS836467b,COC(C)(CO)CNS(=O)(=O)CC=1C=C(Cl)C=C(Cl)C1,6.134,c1ccccc1
XS136510d,CC(=O)NCCNC(=O)C(NC(=O)C=1C(F)=CC=CC1F)C(C)C,1.028,c1ccccc1
XS847939a,CC(OC=1C=CC=CC1C(F)(F)F)C(=O)NCCNC(=O)C2CC2,0.94,O=C(COc1ccccc1)NCCNC(=O)C1CC1
XS847944a,CCCN1N=C(C=CC1=O)C(=O)N(C)CC2COC=3C=CC=CC3O2,2.53,O=C(NCC1COc2ccccc2O1)c1ccc(=O)[nH]n1
XS847940a,CC1CN(C(=O)COC=2C=CC=CC2Cl)C=3C=CC=CC3NC1=O,14.786,O=C1CCN(C(=O)COc2ccccc2)c2ccccc2N1
XS847943a,CC(CNC(=O)C=1C=C(F)C=C2NC=NC12)(C(=O)O)C=3C=CC=CC3,15.15,O=C(NCCc1ccccc1)c1cccc2[nH]cnc12
XS837445b,CC1=CC(=NN1C(C)C2CC2)C(=O)NC=3N=CN(N3)C4CCCCC4,0.532,O=C(Nc1ncn(C2CCCCC2)n1)c1ccn(CC2CC2)n1
XS847945a,COC=1C=C2CCN(C(=O)C3=COC(C)=N3)C(C2=CC1OC)C4CC4,5.074,O=C(c1cocn1)N1CCc2ccccc2C1C1CC1
XS497041b,COCCN1C=CC(=N1)NC(=O)N2CCCC(C2)NC=3C=CC=CC3,8.188,O=C(Nc1cc[nH]n1)N1CCCC(Nc2ccccc2)C1
XS840124b,CC1=C(SC=2N=C(C)N=C(N)C12)C(=O)NCC(C)S(C)(=O)=O,2.498,c1ncc2ccsc2n1
XS847947a,N#CC=1C=CC=C(C1)C(=O)NCC2CCN(C2)C=3C=CC(F)=C(F)C3,3.64,O=C(NCC1CCN(c2ccccc2)C1)c1ccccc1
XS840217b,COCCCS(=O)(=O)C(C)C(=O)NC12CC3CC(CC(C3)C2)C1,7.596,C1C2CC3CC1CC(C2)C3
XS839203b,CC1(CC2=NC(COC=3C=CC=CC3F)=NO2)CCS(=O)(=O)N1,3.692,O=S1(=O)CCC(Cc2nc(COc3ccccc3)no2)N1
XS335633c,COC1=CC(=O)NC=C1C(=O)N2CCC(C)(C)C(C2)C=3C=CC=CC3,0.724,O=C(c1ccc(=O)[nH]c1)N1CCCC(c2ccccc2)C1
XS847961a,O=C(NCCC=1C=CC=CC1)C2CC(=O)N(CCN3CCOCC3)C2,4.156,O=C(NCCc1ccccc1)C1CC(=O)N(CCN2CCOCC2)C1
XS847952a,CC(OC(=O)CCC1=NC=2C=CC=CC2S1)C(=O)NC3CCCC3,7.128,O=C(COC(=O)CCc1nc2ccccc2s1)NC1CCCC1
XS847951a,CC=1OC(=CC1S(N)(=O)=O)C(=O)N2CCCC2C=3C=CC=C(C)C3,1.012,O=C(c1ccco1)N1CCCC1c1ccccc1
XS847957a,CC(C(=O)NC1CC1)S(=O)(=O)CC=2C=C(Cl)C=3OCOC3C2,7.06,O=C(CS(=O)(=O)Cc1ccc2c(c1)OCO2)NC1CC1
XS692511b,CC(NC(=O)C1CCCC1)C(=O)NC=2C=CC=C(C2)N3CCOC3=O,2.442,O=C(CNC(=O)C1CCCC1)Nc1cccc(N2CCOC2=O)c1
XS652913b,CCCN(C(=O)C=1C=CC2=NN=C(C)N2C1)C3CCC=4C=CC=CC4C3,3.96,O=C(NC1CCc2ccccc2C1)c1ccc2nncn2c1
XS847953a,COC=1C=CC=C(C1)N2CCN(CC2)C(C)C(=O)NC3=CC(C)=NO3,4.726,O=C(CN1CCN(c2ccccc2)CC1)Nc1ccno1
XS847955a,CS(=O)(=O)CC=1C=CC(=CC1)C(=O)N2CCCC2C3=CC=CS3,0.742,O=C(c1ccccc1)N1CCCC1c1cccs1
XS837313b,CC(C=1C=CC(F)=C(F)C1)N(C)C(=O)CN2C=NC=3CCCC3C2=O,2.816,O=C(Cn1cnc2c(c1=O)CCC2)NCc1ccccc1
XS841011b,CC(C)C(NC(=O)C1=CC=CO1)C(=O)NC2=NN=C(N2)C(F)(F)F,8.572,O=C(CNC(=O)c1ccco1)Nc1nnc[nH]1
XS847954a,COC=1C=CC=C(C1)C2CCCN2CC(=O)NC=3C=C(F)C=C(F)C3,2.422,O=C(CN1CCCC1c1ccccc1)Nc1ccccc1
XS847959a,CC(C)(C)C(=O)NCCS(=N)(=O)C=1C=CC(Br)=CC1,1.232,c1ccccc1
XS839202b,O=S1(=O)C(CCN1CC=2C=CC=3OCCOC3N2)C=4C=CC=CC4,0.314,O=S1(=O)C(c2ccccc2)CCN1Cc1ccc2c(n1)OCCO2
XS837819b,O=C(OCCC1CCOC1=O)C=2C=C(Br)C=3OC=CC3C2,1.696,O=C(OCCC1CCOC1=O)c1ccc2occc2c1
XS555409b,CC=1C=CC=C(C1)OCC(C)NC(=O)C2=CC=NC3=C(C=NN23)C(N)=O,3.87,O=C(NCCOc1ccccc1)c1ccnc2ccnn12
MR042486b,COC1=CC(=CC(OC)=C1OC)NC(C)C(=O)NC=2C=CC=C(C#N)C2,1.506,O=C(CNc1ccccc1)Nc1ccccc1
XS839123b,CC1=CC(=C(C)C(=C1)S(C)(=O)=O)S(=O)(=O)NC2(C#N)CC2(C)C,1.052,O=S(=O)(NC1CC1)c1ccccc1
XS840023b,O=C(NC1CCCC=2SC=CC21)C=3C=CC=C(C3)OC=4C=NC=CN4,0.416,O=C(NC1CCCc2sccc21)c1cccc(Oc2cnccn2)c1
XS842004b,O=C(CC1=NSC=2C=CC=CC12)N3CCC(C3)C4=NC(=NO4)C5CC5,2.124,O=C(Cc1nsc2ccccc12)N1CCC(c2nc(C3CC3)no2)C1
XS841516b,O=C(CN1N=CN=N1)NC2(CC2)C3CCN(C3)C(=O)C45CCC(CC4)C5,4.998,O=C(Cn1ncnn1)NC1(C2CCN(C(=O)C34CCC(CC3)C4)C2)CC1
XS847979a,COC=1C=C(C=CC1OCC2CCCO2)CNC(=O)CCC3CCCC3,1.178,O=C(CCC1CCCC1)NCc1ccc(OCC2CCCO2)cc1
XS847978a,NS(=O)(=O)C=1C=CC=C(C1)CNC(=O)C2CC=3C=C(Cl)C=CC3O2,0.694,O=C(NCc1ccccc1)C1Cc2ccccc2O1
XS847974a,CNC(=O)COC=1C=CC=C(C1)CC(=O)N2CCCCC2C=3N=CON3,11.802,O=C(Cc1ccccc1)N1CCCCC1c1ncon1
XS487397b,COC(=O)CC1C(=O)NCCN1CC2=NC=C(O2)C=3C=CC=C(Cl)C3,2.428,O=C1CN(Cc2ncc(-c3ccccc3)o2)CCN1
XS821371b,CCOC=1C=CC=CC1N2CC(CC2=O)C(=O)N3CCC=4C=CC=CC4C3,10.998,O=C(C1CC(=O)N(c2ccccc2)C1)N1CCc2ccccc2C1
XS847980a,CC(=O)N1N=C(CC1C=2C=CC=CC2F)C=3C=CC(Br)=CC3,5.578,c1ccc(C2=NNC(c3ccccc3)C2)cc1
XS847976a,CCOC=1C=CC=CC1NC(=O)C(C)N2CCN(CC2)C3=NC=CS3,0.496,O=C(CN1CCN(c2nccs2)CC1)Nc1ccccc1
XS840700b,[O-][N+](=O)C1=CNN=C1C(=O)NCC(NCC=2C=CC=CC2)C(F)(F)F,1.138,O=C(NCCNCc1ccccc1)c1cc[nH]n1
XS847982a,CC1=NNC(C(=O)N2CCCC2CCC=3C=CC=CC3)=C1Br,10.734,O=C(c1ccn[nH]1)N1CCCC1CCc1ccccc1
XS838939b,O=C(C1CCN2N=CC=C2C1)N3CC(C3)OC=4C=CN=CC4C(F)(F)F,3.958,O=C(C1CCn2nccc2C1)N1CC(Oc2ccncc2)C1
XS782792b,CN1C(C(=O)NC2CC(=O)N(C2)C3CCCCC3)=C(Cl)C=4C=CC=CC41,15.882,O=C(NC1CC(=O)N(C2CCCCC2)C1)c1cc2ccccc2[nH]1
XS847993a,O=C(NCC=1C=CC=2OCOC2C1)N(CC=3C=CN=CC3)CC4CCCO4,0.446,O=C(NCc1ccc2c(c1)OCO2)N(Cc1ccncc1)CC1CCCO1
XS841007b,O=C(CC=1C=NNC1)NCC2(F)CCN(C2)C(=O)C3=CC4=CC=CN4C=N3,16.188,O=C(Cc1cn[nH]c1)NCC1CCN(C(=O)c2cc3cccn3cn2)C1
XS838475b,CC1=C(CNC(=O)C2(N)CCS(=O)(=O)C2)SC=3C=CC(Cl)=CC13,6.51,O=C(NCc1cc2ccccc2s1)C1CCS(=O)(=O)C1
XS847996a,CCC(CC)NC(=O)C1CN(CC2=NC(=NO2)C3CC3)C=4C=CC=CC4O1,8.252,c1ccc2c(c1)OCCN2Cc1nc(C2CC2)no1
XS337372c,O=C(NC=1C=CC(F)=CC1)C(C=2C=CC=CC2)N3CCN(C(=O)C3)C4CC4,3.296,O=C(Nc1ccccc1)C(c1ccccc1)N1CCN(C2CC2)C(=O)C1
XS847992a,CC1=CC=C(S1)C2=CSC(=N2)NC(=O)C3CC(=O)N(C3)C4CCCC4,10.568,O=C(Nc1nc(-c2cccs2)cs1)C1CC(=O)N(C2CCCC2)C1
XS838463b,COC=1C=CC=C(C1)CC(C)NC=2C=NC3=CC(=CC=C3N2)S(N)(=O)=O,2.524,c1ccc(CCNc2cnc3ccccc3n2)cc1
XS847995a,CC(C=1C=CC(=CC1)N2C=NC=N2)N(C)CC(=O)NC=3C=CC=C(Cl)C3,7.232,O=C(CNCc1ccc(-n2cncn2)cc1)Nc1ccccc1
XS686002b,N#CC=1C=CC(=CC1)NC(=O)C2CCCN(C2)C=3N=CC=CC3C(F)(F)F,1.632,O=C(Nc1ccccc1)C1CCCN(c2ccccn2)C1
XS839813b,CC1CC=2C=C(C=CC2O1)S(=O)(=O)NCC=3C=CN=C(C3)N4C=CC=N4,11.032,O=S(=O)(NCc1ccnc(-n2cccn2)c1)c1ccc2c(c1)CCO2
XS847988a,CC(NC(=O)C=1C=NN(C)C1CC=2C=CC=CC2)C=3C=CC=4NC(=O)NC4C3,5.164,O=C(NCc1ccc2[nH]c(=O)[nH]c2c1)c1cn[nH]c1Cc1ccccc1
XS838398b,CCOC(=O)CC(NC=1N=CC(Br)=CN1)C=2C=CC(F)=CC2,3.814,c1ccc(CNc2ncccn2)cc1
XS847994a,CC(NC(=O)CN1C=NC=2SC=3CCCC3C2C1=O)C=4C=CC(F)=CC4,7.402,O=C(Cn1cnc2sc3c(c2c1=O)CCC3)NCc1ccccc1
XS838649b,CCOC(=O)C(C=1C=NN(C)C1)N(C)C2=CC(=O)N3C=CC=C(OC)C3=N2,12.66,O=c1cc(NCc2cn[nH]c2)nc2ccccn12
XS839067b,O=C(NCC=1C=C(Cl)C=C(Cl)C1O)C2CC3=CNC=C3S2(=O)=O,2.468,O=C(NCc1ccccc1)C1Cc2c[nH]cc2S1(=O)=O
XS848003a,O=C(CCC1=CNC=2C=CC=CC12)N(CC3=CC=CO3)C4CCS(=O)(=O)C4,4.954,O=C(CCc1c[nH]c2ccccc12)N(Cc1ccco1)C1CCS(=O)(=O)C1
XS848002a,CC1CCC=2SC(=CC2C1)C(=O)NC3CCN(CC3)C4=NC=CN(C)C4=O,0.93,O=C(NC1CCN(c2ncc[nH]c2=O)CC1)c1cc2c(s1)CCCC2
XS837407b,CCCS(=O)(=O)N1CCC(CC1)NC(=O)N2CC3(CC=CC3)C2C(C)C,3.596,O=C(NC1CCNCC1)N1CC2(CC=CC2)C1
XS848006a,CC(NC(=O)C=1C=C(N=C2ON=C(C=3C=CC=CC3)C12)C4CC4)C=5C=CC=CN5,8.032,O=C(NCc1ccccn1)c1cc(C2CC2)nc2onc(-c3ccccc3)c12
XS444686b,CN(C=1C=CC=CC1NC(=O)NC2CC(C)(C)C=3C=CC=CC32)S(C)(=O)=O,2.632,O=C(Nc1ccccc1)NC1CCc2ccccc21
XS403588b,O=C(NC=1C=CC(=O)N(C1)CC=2C=CC=CC2Cl)C3CCCS3(=O)=O,2.952,O=C(Nc1ccc(=O)n(Cc2ccccc2)c1)C1CCCS1(=O)=O
XS838186b,CC1=NC(COC=2C=CC=CC2C(=O)NC=3C=NN(C3C)C4CCOC4)=NO1,1.354,O=C(Nc1cnn(C2CCOC2)c1)c1ccccc1OCc1ncon1
XS847997a,CN1CCN(CC=2C=CC=CC21)C(=O)C=3CC(C(N)=O)N(N3)C=4C=CC=CC4,11.58,O=C(C1=NN(c2ccccc2)CC1)N1CCNc2ccccc2C1
XS695166b,CC(NC(=O)CCNC(=O)NC=1C=CC=CC1)C=2C=CC(Cl)=CC2Cl,1.64,O=C(CCNC(=O)Nc1ccccc1)NCc1ccccc1
XS840673b,CCN(C(=O)C1=CN(CC)C=2N=C(C)C=CC2C1=O)C3CCS(=O)(=O)C3,2.052,O=C(NC1CCS(=O)(=O)C1)c1c[nH]c2ncccc2c1=O
XS847999a,CCN1CC(CN(C)CC(=O)NC=2C=CC=C(C2)SC)OC=3C=CC=CC31,2.212,O=C(CNCC1CNc2ccccc2O1)Nc1ccccc1
XS837079c,CC=1C=CC2=NC(=CN2C1)C(=O)NC(CS(=O)(=O)N(C)C)C(F)(F)F,1.28,c1ccn2ccnc2c1
XS837052b,COC=1C=C(C=C2OCCOC12)C3=NC(CC=4C=CN=CC4)=NN3C(C)C(C)C,12.68,c1cc(Cc2n[nH]c(-c3ccc4c(c3)OCCO4)n2)ccn1
XS842120b,COC=1C=C(N=C(N1)NC2CCN(C2)C=3C=NNC(=O)C3Cl)C(F)(F)F,1.132,O=c1cc(N2CCC(Nc3ncccn3)C2)cn[nH]1
XS848010a,CC1=CC=2C(=NC=NC2S1)N3CCN(CC3)C(=O)C4CCN5C(C)=NC=C5C4,4.432,O=C(C1CCn2cncc2C1)N1CCN(c2ncnc3sccc23)CC1
XS841324b,CCCC1=C(C=NN1C=2C=C(C)C=CN2)NC(=O)NCC3CCC4(CCCC4)O3,1.602,O=C(NCC1CCC2(CCCC2)O1)Nc1cnn(-c2ccccn2)c1
XS848013a,CN1N=CC(=C1C(=O)NCC(C2=CNC=3C=CC=CC23)C=4C=CC=CC4)C5CCC5,1.404,O=C(NCC(c1ccccc1)c1c[nH]c2ccccc12)c1[nH]ncc1C1CCC1
XS838230b,O=C(NC=1C=C(F)C=C(C1)N2CCOCC2)N3CCCC(CN4C=CN=N4)C3,2.04,O=C(Nc1cccc(N2CCOCC2)c1)N1CCCC(Cn2ccnn2)C1
XS848012a,CC1=NOC(COC2CN(C2)C(=O)NC3CCC=4NC=5C=CC(C)=CC5C4C3)=N1,13.994,O=C(NC1CCc2[nH]c3ccccc3c2C1)N1CC(OCc2ncno2)C1
XS848018a,CC(NC(=O)C=1C=C(C2=CC=CO2)N3C=NC(C(N)=O)=C3N1)C=4C=CC=C(F)C4,0.514,O=C(NCc1ccccc1)c1cc(-c2ccco2)n2cncc2n1
XS848015a,CC(NC(=O)NCC=1C=CC=NC1N2CCOCC2)C=3C=CC4=CC=CC=C4C3,1.706,O=C(NCc1ccc2ccccc2c1)NCc1cccnc1N1CCOCC1
XS848014a,CCN(C(=O)C=1C=CC=CC1OCC=2C=CC(F)=CC2)C3CCS(=O)(=O)C3,2.912,O=C(NC1CCS(=O)(=O)C1)c1ccccc1OCc1ccccc1
XS848020a,CS(=O)(=O)CC1=NC=2C=CC=CC2N1CC(=O)N3CCCC3C4CCCC4,3.798,O=C(Cn1cnc2ccccc21)N1CCCC1C1CCCC1
XS797704b,O=C(NC=1C=CC=C(C1)S(=O)(=O)N2CCCC2)C3CC=4C=CC=CC4S3,3.62,O=C(Nc1cccc(S(=O)(=O)N2CCCC2)c1)C1Cc2ccccc2S1
XS848009a,COC=1C=CC(=CC1F)C=2CC(CNC(=O)C3=CNN=C3C=4C=CN=CC4)ON2,5.09,O=C(NCC1CC(c2ccccc2)=NO1)c1c[nH]nc1-c1ccncc1
XS840376b,COC=1C=CC=2C(=COC2C1)CC(=O)OC(C)C(=O)NC=3C=CC(=CC3)C(N)=O,1.674,O=C(COC(=O)Cc1coc2ccccc12)Nc1ccccc1
XS837488b,NS(=O)(=O)C=1C=CC(C(=O)N2CCC(C(F)(F)F)C3(CCC3)C2)=C(F)C1,1.03,O=C(c1ccccc1)N1CCCC2(CCC2)C1
XS848016a,O=C(NCC(C1=CNC=2C=CC=CC12)C=3C=CC=CC3)C4=CN5C=CNC(=O)C5=N4,3.23,O=C(NCC(c1ccccc1)c1c[nH]c2ccccc12)c1cn2cc[nH]c(=O)c2n1
XS841334b,NCC1=CN(N=N1)C2CCCN(C2)S(=O)(=O)C=3C=C(F)C4=CC=CC=C4C3,1.482,O=S(=O)(c1ccc2ccccc2c1)N1CCCC(n2ccnn2)C1
XS840684b,CC(C=1C=CC(=CC1)S(N)(=O)=O)N(C)C=2N=CC(=C(N2)NC3CC3)[N+]([O-])=O,7.746,c1ccc(CNc2nccc(NC3CC3)n2)cc1
XS848008a,O=C(C=1C=NN(C1C(F)F)C=2C=CN=CC2)N3CCCCCC3C=4N=CON4,1.694,O=C(c1cnn(-c2ccncc2)c1)N1CCCCCC1c1ncon1
XS848023a,CCOC(=O)C1=C(COC(=O)C=2C=C(F)C(F)=CC2Cl)NC(=O)NC1CC,0.894,O=C1NCC=C(COC(=O)c2ccccc2)N1
XS848027a,COC=1C=CC=CC1CNC(=O)C(NS(=O)(=O)C=2C=CC=C(Cl)C2)C(C)C,2.02,O=C(CNS(=O)(=O)c1ccccc1)NCc1ccccc1
XS848025a,FC(F)(F)C1(CCN(CC2=NN=C3COCCN23)C1)C4=NC(=NO4)C=5C=CC=CN5,1.18,c1ccc(-c2noc(C3CCN(Cc4nnc5n4CCOC5)C3)n2)nc1
XS840778b,COC=1C=CC(=CC1)CCS(=O)(=O)NCC(C)N2CCN(CC2)C=3C=CC=CC3,1.904,O=S(=O)(CCc1ccccc1)NCCN1CCN(c2ccccc2)CC1
XS841608b,CC1=NC(=NO1)C(NC(=O)NC=2C=C(C=CC2C)N3C=NN=N3)C=4C=CC=CC4F,1.346,O=C(Nc1cccc(-n2cnnn2)c1)NC(c1ccccc1)c1ncon1
XS624419b,COC=1C=C(C=C(C1)C=2C=CC=C(N2)NC(=O)C3CCN(CC(F)(F)F)C3)OC,3.866,O=C(Nc1cccc(-c2ccccc2)n1)C1CCNC1
XS838190b,CS(=O)(=O)C=1C=CC=NC1C(=O)NC2CCN(C2)C=3C=CC(=CC3)C(F)(F)F,1.906,O=C(NC1CCN(c2ccccc2)C1)c1ccccn1
XS848031a,CCOC=1C(Cl)=CC(=CC1OC)C(=O)NC(CN2CCCC2=O)C=3C=CC=CC3,1.314,O=C(NC(CN1CCCC1=O)c1ccccc1)c1ccccc1
XS838312b,CC(C)(C)C(CNC(=O)C1=CN2CCCCC2=C1)NC(=O)C=3C=C(CCO)ON3,2.928,O=C(NCCNC(=O)c1ccon1)c1cc2n(c1)CCCC2
XS848032a,O=C(C=1C=CC=2C(=O)NN=CC2C1)N3CCN(CC3)C(=O)C4CCOC=5C=CC=CC54,4.824,O=C(c1ccc2c(=O)[nH]ncc2c1)N1CCN(C(=O)C2CCOc3ccccc32)CC1
XS848033a,CC1=CC(=CC(=C1)C(=O)NC23CC(C2)(C3)NC(=O)C4CCC5=NC=NN5C4)C(F)F,9.406,O=C(NC12CC(NC(=O)C3CCc4ncnn4C3)(C1)C2)c1ccccc1
XS848026a,NC(=O)NC(CC(=O)NC=1C=CC=CC1N2CCCCC2)C=3C=CC(Cl)=CC3,5.924,O=C(CCc1ccccc1)Nc1ccccc1N1CCCCC1
XS836740b,CC=1N=C2C=CC=CC2=C(C)C1CC(=O)N(C)C(C)C=3C=CC(=CC3)N4C=NC=N4,7.468,O=C(Cc1cnc2ccccc2c1)NCc1ccc(-n2cncn2)cc1
XS692869b,CC(C=1C=CC(=CC1)N2C=NC=N2)N(C)CC(=O)NC=3C=CC(=CC3)OC(F)(F)F,2.626,O=C(CNCc1ccc(-n2cncn2)cc1)Nc1ccccc1
XS848021a,COC(=O)CC(NC(=O)C=1C=C(OC)C=2OCCOC2C1)C=3C=CC(=CC3)OC,5.118,O=C(NCc1ccccc1)c1ccc2c(c1)OCCO2
XS840786b,CC(NC=1C=CC=C(C1)NS(C)(=O)=O)C(=O)NC=2C=CC(=CC2Cl)[N+]([O-])=O,14.888,O=C(CNc1ccccc1)Nc1ccccc1
XS839923b,O=C(CN1N=C(C=CC1=O)N2C=NC=N2)N3N=C(CC3C4=CC=CO4)C5=CC=CO5,1.702,O=C(Cn1nc(-n2cncn2)ccc1=O)N1N=C(c2ccco2)CC1c1ccco1
XS848022a,COC=1C=CC(=CC1)C2=CC(=NN2C=3C=CC=CC3)C(=O)N4CCN(C)C(=O)C4C,9.252,O=C1CN(C(=O)c2cc(-c3ccccc3)n(-c3ccccc3)n2)CCN1
XS848037a,CCOC(=O)C1=C(COC(=O)CCC2=CNC=3C=CC=CC23)NC(=O)NC1C=4C=CC=CC4,2.704,O=C1NC(COC(=O)CCc2c[nH]c3ccccc23)=CC(c2ccccc2)N1
XS836949b,CC1CN(CC=2C=CC=CC21)C(=O)NCC=3C=CC=CC3CS(=O)(=O)N4CCOCC4,0.96,O=C(NCc1ccccc1CS(=O)(=O)N1CCOCC1)N1CCc2ccccc2C1
XS848043a,O=C(C1CC(=O)NC=2C=CC=CC21)N3CCN(CC3)S(=O)(=O)C=4C=CC=CC4Cl,1.946,O=C1CC(C(=O)N2CCN(S(=O)(=O)c3ccccc3)CC2)c2ccccc2N1
XS679818b,CCN(C(=O)C1=CN(CC=2C=CC=CC2)N=C1C=3C=CC(C)=CC3)C4CCS(=O)(=O)C4,2.954,O=C(NC1CCS(=O)(=O)C1)c1cn(Cc2ccccc2)nc1-c1ccccc1
XS848040a,CC(OC(=O)C=1C=CC=CC1NS(C)(=O)=O)C(=O)NC=2C=C(Cl)C=CC2Cl,8.066,O=C(COC(=O)c1ccccc1)Nc1ccccc1
XS848050a,CC1(C)CC(CO)(CNC(C2=NSC=C2Br)C3=NN=NN3C4CC(F)(F)C4)C1,0.672,c1cc(C(NCC2CCC2)c2nnnn2C2CCC2)ns1
XS848035a,CCOC(=O)C1CCCN(CC(=O)NC2=C(C#N)C(C)=C(C)N2CC=3C=CC(F)=CC3)C1,1.07,O=C(CN1CCCCC1)Nc1cccn1Cc1ccccc1
XS848039a,CCN1C(=NC=2C=C(C=CC21)S(=O)(=O)N3CCCCC3)SCC4CCCCO4,0.496,O=S(=O)(c1ccc2[nH]c(SCC3CCCCO3)nc2c1)N1CCCCC1
XS848038a,CCCC(NC(=O)CC1=CN(N=C1C=2C=CC(=CC2)OC)C=3C=CC=CC3)C4=NN=NN4,1.726,O=C(Cc1cn(-c2ccccc2)nc1-c1ccccc1)NCc1nnn[nH]1
XS848034a,CCOC(=O)C1=C(C)N(CC2=CC=CS2)C(=O)NC1C=3C=C(OC)C(OC)=C(C3)OC,3.108,O=C1NC(c2ccccc2)C=CN1Cc1cccs1
XS848044a,CC1=CC=CC(C)=C1N2CC(CC2=O)C3=NC=4C=CC=CC4N3CC(=O)N5CCCCCC5,5.458,O=C(Cn1c(C2CC(=O)N(c3ccccc3)C2)nc2ccccc21)N1CCCCCC1
XS841790b,O=C(C1CCC(=O)N(CC=2C=CC=CC2)C1)N3CCC=4C(=CC=CC4C3)CC=5N=NNN5,3.666,O=C1CCC(C(=O)N2CCc3c(Cc4nn[nH]n4)cccc3C2)CN1Cc1ccccc1
XS837410b,CC(C)C=1C=CC=C(C1)CNC(=O)NC2CCCN(C2)S(=O)(=O)N3CCOCC3,8.058,O=C(NCc1ccccc1)NC1CCCN(S(=O)(=O)N2CCOCC2)C1
F9000603e,CC(CO)N(C)C=1N=CC(Cl)=CN1,4.326,c1cncnc1
XS848060a,CC=1OC=CC1C(=O)NC(C)C=2C=NN(C)C2C,0.652,O=C(NCc1cn[nH]c1)c1ccoc1
XS841074b,CC(C#N)CN(C)C(=O)C=C1CCCCC1,0.864,C=C1CCCCC1
XS840199b,O=C(NC=1C=NC=C(Cl)C1)NC2C=CCCC2,1.798,O=C(Nc1cccnc1)NC1C=CCCC1
XS402853b,O=C(NC1CCCOC=2C=CC=CC21)C3CCC3,0.802,O=C(NC1CCCOc2ccccc21)C1CCC1
XS838146b,CC1(F)CCN(C1)C(=O)NC=2C=CSC2,1.374,O=C(Nc1ccsc1)N1CCCC1
XS841989b,CN1N=C(C=C1N)C2CCCOC2,0.818,c1cc(C2CCCOC2)n[nH]1
XS848064a,CS(=O)(=O)N1CCC(C1)C=2C=CC=CC2,0.954,c1ccc(C2CCNC2)cc1
XS838519b,COCC(C)NC=1N=C(O)N=C2C=CC=NC12,1.45,c1cnc2cncnc2c1
XS848058a,CC(OC=1C=CC=C(F)C1)C(=O)N2CCCC2,0.592,O=C(COc1ccccc1)N1CCCC1
XS848063a,CC=1C=CC=C(C1)NC(=O)NC(C)C2=CC=CO2,2.83,O=C(NCc1ccco1)Nc1ccccc1
XS848054a,CC=1C=CC(=NC1)NC(=O)CC2C=CCC2,2.802,O=C(CC1C=CCC1)Nc1ccccn1
XS841956b,CCOC1(CCOC1)C(=O)NC2=NN=CS2,2.216,O=C(Nc1nncs1)C1CCOC1
XS838193b,O=C(NCCC1=NNC(=O)N1)C2C=CCC2,0.576,O=C(NCCc1n[nH]c(=O)[nH]1)C1C=CCC1
XS840738b,FC1(F)CC21CCN(C2)C3=CC=CC4=NN=CN34,0.67,c1cc(N2CCC3(CC3)C2)n2cnnc2c1
XS836918b,CC(O)(CO)CN1CCC=2C=CC=CC2CC1,1.416,c1ccc2c(c1)CCNCC2
XS785709b,N#CC=1C=CC(=CC1)OCC(=O)NCC2CCCO2,6.676,O=C(COc1ccccc1)NCC1CCCO1
XS848071a,CC(OC=1C=CC=C(Cl)C1)C(=O)N2CCCCC2,1.686,O=C(COc1ccccc1)N1CCCCC1
XS840752b,COC=1C=CC=C(C1)OC(C)CNC=2N=CC=CN2,2.554,c1ccc(OCCNc2ncccn2)cc1
XS848073a,CC=1C=CC(=CC1C)CC(=O)NC(C)C=2C=CC=CN2,3.44,O=C(Cc1ccccc1)NCc1ccccn1
XS608570b,CC(C)C=1C=CC(=CC1)C(=O)NC2CCCNC2=O,5.836,O=C(NC1CCCNC1=O)c1ccccc1
XS632222b,CCC=1C=C(NN1)C(=O)N2CCC(C2)C=3C=CC=CC3,4.132,O=C(c1ccn[nH]1)N1CCC(c2ccccc2)C1
XS848075a,CC1CCC(C)(C)N1C(=O)C2=CNC=3N=CN=CC23,1.284,O=C(c1c[nH]c2ncncc12)N1CCCC1
XS841711b,CC(C)C=1N=NN(C)C1NC(=O)C(F)C2CCC2,1.742,O=C(CC1CCC1)Nc1cnn[nH]1
XS685976b,CC(CO)NS(=O)(=O)C=1C=CC=2OCCOC2C1,10.108,c1ccc2c(c1)OCCO2
XS848067a,CC1(O)CCCN(C1)C(=O)C=2C=CC=3OCCC3C2,1.602,O=C(c1ccc2c(c1)CCO2)N1CCCCC1
XS848077a,CC1=CC=C(O1)C(=O)NC2CCOC=3C=CC=CC32,1.126,O=C(NC1CCOc2ccccc21)c1ccco1
XS848070a,CC=1C=CC(=CC1C)SC(C)C(=O)NC(N)=O,1.498,c1ccccc1
XS848079a,CC1CCN(C1)C(=O)C=2C=CC=CC2OCC(N)=O,0.802,O=C(c1ccccc1)N1CCCC1
XS848065a,CC=1C=CC=C2NC(C=3C=CC=CN3)N(C)C(=O)C12,1.626,O=C1NC(c2ccccn2)Nc2ccccc21
XS837865b,CC(NC=1C=CC=C2OCOC12)C=3C=CC=C(C#N)C3,1.268,c1ccc(CNc2cccc3c2OCO3)cc1
XS848078a,FC(F)(F)C1CCC2=NN=C(C=3C=CC=CN3)N2C1,1.148,c1ccc(-c2nnc3n2CCCC3)nc1
XS838556b,CCS(=O)(=NC(=O)C=1C=NN(C)C1)C=2C=CC=CC2,2.046,O=C(N=[SH](=O)c1ccccc1)c1cn[nH]c1
XS848087a,CC(=O)N1CCN(CC1)C(=O)CC(C)C=2C=CC=CC2,6.438,O=C(CCc1ccccc1)N1CCNCC1
XS839590b,CC=1N=NSC1C(C)NC=2C=CC=C(C(N)=O)C2C,0.43,c1ccc(NCc2cnns2)cc1
XS848084a,CC(C=1C=CC=CC1)N(C)C(=O)C=2C=NN3C=CC=NC23,1.892,O=C(NCc1ccccc1)c1cnn2cccnc12
XS553771b,CC1=C(C=NN1C)C(=O)NCC2CCCC=3C=CC=CC32,0.46,O=C(NCC1CCCc2ccccc21)c1cn[nH]c1
XS839373b,CC(CN1C=CC=N1)NC=2C=CC(=C(F)C2)N3C=CC=N3,1.608,c1cnn(CCNc2ccc(-n3cccn3)cc2)c1
XS836818b,CCS(=O)(=O)C=1C=CC=CC1NCC2CCC=CO2,0.862,C1=COC(CNc2ccccc2)CC1
XS848086a,CC=1SC=2N=CN=C(NC(C)C=3C=CC=CN3)C2C1C,3.136,c1ccc(CNc2ncnc3sccc23)nc1
XS185676c,CC1=CC(=NO1)C2CCCN2C=3N=CN=C4C3C=NN4C,15.89,c1nc(N2CCCC2c2ccon2)c2cn[nH]c2n1
XS848085a,NS(=O)(=O)N1CCCC1C2=NC=3C=CC=CC3S2,1.722,c1ccc2sc(C3CCCN3)nc2c1
XS848088a,NC(=O)NC(CC=1C=CC=CC1)C(=O)NC2CCCC2,0.616,O=C(CCc1ccccc1)NC1CCCC1
XS711076b,CC(=O)NC=1C=CC(=CC1)OCC(=O)NC(C)C(C)C,1.186,c1ccccc1
XS848091a,O=C(NCCC1=CC=CS1)C2CC(=O)N(C2)C3CC3,5.242,O=C(NCCc1cccs1)C1CC(=O)N(C2CC2)C1
XS848090a,COCC(=O)NC(CC(=O)OC)C=1C=CC(Cl)=CC1,3.29,c1ccccc1
XS842537b,CC(C)OC=1C=CC=C(N1)C(=O)OC(C)C(C)(C)C#N,0.784,c1ccncc1
XS848089a,CC(CNC(=O)C=1C=CC(=CC1)C(N)=O)C=2C=CC=CC2,1.106,O=C(NCCc1ccccc1)c1ccccc1
XS392529b,CC(NC(=O)C=1C=C(NN1)C2CC2)C3=NN=C4CCCN34,3.484,O=C(NCc1nnc2n1CCC2)c1cc(C2CC2)[nH]n1
XS837807b,C#CC=1C=CC=NC1N2CCCC(CC2)C=3C=CN=CC3,1.454,c1ccc(N2CCCC(c3ccncc3)CC2)nc1
XS836887b,CC1=NOC=2N=C(C)C=C(C12)N3CCCC(C3)C4CCC4,9.012,c1cc(N2CCCC(C3CCC3)C2)c2cnoc2n1
XS848095a,CC(=O)N1CCCCC1C2=NC(=CN2)C=3C=CC=C(F)C3,5.424,c1ccc(-c2c[nH]c(C3CCCCN3)n2)cc1
XS848100a,COC=1C=CC=C(C(=O)NC(C)CN2C=CC=N2)C1OC,1.24,O=C(NCCn1cccn1)c1ccccc1
XS848104a,CCOC=1C=CC(=CC1)C(=O)N(CC)C2CC(=O)NC2=O,8.512,O=C1CC(NC(=O)c2ccccc2)C(=O)N1
XS842167b,CC(C)C1CCCCCN1C(=O)NCC=2C=CC(=O)NN2,1.338,O=C(NCc1ccc(=O)[nH]n1)N1CCCCCC1
XS848093a,CC(NC=1N=CN=C2C=CC=C(F)C12)C=3C=CC=C(C#N)C3,9.878,c1ccc(CNc2ncnc3ccccc23)cc1
XS839388b,CC1=NSC=2N=CN=C(C12)N3CC(C)NC(=O)C43CC4,0.918,O=C1NCCN(c2ncnc3sncc23)C12CC2
XS570397b,CN1C=NN=C1CN2CCCC(C2)C3=NC=4C=CC=CC4O3,1.852,c1ccc2oc(C3CCCN(Cc4nnc[nH]4)C3)nc2c1
XS848094a,O=C(C1CCCN1)N2CCC(CC2)OCC=3C=CC=CC3,0.798,O=C(C1CCCN1)N1CCC(OCc2ccccc2)CC1
XS848092a,CN1C=C(C=N1)C2CCCN2C(=O)C=3C=CC=4C=CNC4C3,18.72,O=C(c1ccc2cc[nH]c2c1)N1CCCC1c1cn[nH]c1
XS480157b,CC(C)N1C=NN=C1C2CCCN(C2)C=3C=CC=C(C#N)N3,1.858,c1ccc(N2CCCC(c3nnc[nH]3)C2)nc1
XS494099b,CC(CN1N=CC=2C=CC=CC21)C(=O)NC=3C=CC(F)=CC3,8.666,O=C(CCn1ncc2ccccc21)Nc1ccccc1
XS840547b,COC(=O)C=1C=CC(F)=C(C1)NC(=O)C(C)N2C=CC=C2,1.472,O=C(Cn1cccc1)Nc1ccccc1
XS676246b,FC=1C=CC=CC1CNC(CN2C=NC=N2)C=3C=CC=CC3,1.458,c1ccc(CNC(Cn2cncn2)c2ccccc2)cc1
XS848102a,CC(C1=NC(=NO1)C2CC2)N(C)CCOC=3C=CC=CC3,7.75,c1ccc(OCCNCc2nc(C3CC3)no2)cc1
XS552773b,CC1=NC(=CN1C)S(=O)(=O)N2CCCC2C3=CC=CO3,2.572,O=S(=O)(c1c[nH]cn1)N1CCCC1c1ccco1
XS848099a,CC(OC=1C=CC=CC1)C(=O)N2CC(=O)NC=3C=CC=CC32,3.254,O=C1CN(C(=O)COc2ccccc2)c2ccccc2N1
XS840183b,COCC(NC(=O)NC=1N=CN(C)N1)C=2C=CC(F)=CC2,2.984,O=C(NCc1ccccc1)Nc1nc[nH]n1
XS793821b,CC1=CC=C(C(=O)NC2CCOC=3C(F)=CC=CC32)C(=O)N1,3.53,O=C(NC1CCOc2ccccc21)c1ccc[nH]c1=O
XS848105a,NC(=O)C1CCCCN1CC2=NC=C(O2)C=3C=CC(F)=CC3,0.306,c1ccc(-c2cnc(CN3CCCCC3)o2)cc1
XS848115a,CCC(=O)NC1CCCN(C1)C(=O)NC=2C=CC=C(C2)OC,0.708,O=C(Nc1ccccc1)N1CCCCC1
XS621783c,CC1=CC(=NN1)C2CCCN(C2)C(=O)C3=CC(=NO3)C(C)C,3.876,O=C(c1ccno1)N1CCCC(c2cc[nH]n2)C1
XS842356b,CC1CC(F)(F)CN1C(=O)C23CCC(CC2)(CC3)C(=O)O,5.592,O=C(N1CCCC1)C12CCC(CC1)CC2
XS848112a,CC(=O)N1CCN(CC1)C(=O)C2CC=3C=CC=CC3C(=O)O2,12.422,O=C1OC(C(=O)N2CCNCC2)Cc2ccccc21
XS848109a,COC=1C=CC(C(=O)NCC(C)C=2C=CC=CC2)=C(C1)OC,1.336,O=C(NCCc1ccccc1)c1ccccc1
XS841565b,CC1(CCN1C(=O)C2CC3=CSC=C3C2)C4CCCCC4,4.356,O=C(C1Cc2cscc2C1)N1CCC1C1CCCCC1
EL001816c,CC=1C=CC=C(C(N)=O)C1OCC2=NOC=3CCC(C)CC23,0.588,c1ccc(OCc2noc3c2CCCC3)cc1
XS848106a,CC1=CC(=NN1)C2CCCN(C2)C(=O)CC=3C=CC(C)=NC3,3.06,O=C(Cc1cccnc1)N1CCCC(c2cc[nH]n2)C1
XS848111a,COC=1C=CC(OC)=C(C1)S(=O)(=O)N2CCCC(C)C2,0.722,O=S(=O)(c1ccccc1)N1CCCCC1
XS593055b,COC=1C=CC=CC1CCNC(=O)C2CC(=O)N(C2)C(C)C,9.908,O=C1CC(C(=O)NCCc2ccccc2)CN1
XS848110a,CNC(=O)NC(=O)C(C)SC=1N=C2C=CC=CC2=NC1C,0.708,c1ccc2nccnc2c1
AR000927b,CCC(=O)NC1CCCN(C1)C=2N=CN=C3SC(C)=CC23,1.128,c1nc(N2CCCCC2)c2ccsc2n1
XS841063b,CC(C)(C)C(=O)NCCC(=O)OC1CCCS(=O)(=O)C1,4.292,O=S1(=O)CCCCC1
XS505076b,CC=1C=CC(=CC1F)C2=NOC(=N2)C(C)NC=3C=NN(C)C3,0.486,c1ccc(-c2noc(CNc3cn[nH]c3)n2)cc1
XS848107a,CC(C)N1CCC(C1=O)N(C)CCOC=2C=CC=C(C#N)C2,2.416,O=C1NCCC1NCCOc1ccccc1
XS841243b,CC(NC(=O)C=1C=CC(F)=C2C=CSC12)C3=CC=NN3C,2.392,O=C(NCc1ccn[nH]1)c1cccc2ccsc12
XS848129a,CCOC(=O)NC1CCCN(C1)S(=O)(=O)C=2C=CC=CC2,6.526,O=S(=O)(c1ccccc1)N1CCCCC1
XS848123a,CCN(CC)C(=O)NC=1C=CC=C(C1)CS(=O)C(C)(C)C,9.356,c1ccccc1
XS841114b,CN1C=CC=2C(=CC=NC21)C(=O)N3CCC(C3)S(=O)(=O)F,2.332,O=C(c1ccnc2[nH]ccc12)N1CCCC1
XS848128a,CC(N)C(=O)N1CCN(CC1)C=2C=CC(Br)=CN2,1.202,c1ccc(N2CCNCC2)nc1
XS848124a,CC(C)C=1C=CC(=CC1)CC2CCN(C2)C(=O)C3=CN=C(N)O3,1.534,O=C(c1cnco1)N1CCC(Cc2ccccc2)C1
XS848130a,O=C(C1=NNC=2N=CC=CC12)N3CCCC3C=4C=CC=CC4F,2.23,O=C(c1n[nH]c2ncccc12)N1CCCC1c1ccccc1
XS848122a,NC(=O)C1CCCN(C1)C=2N=CN=C3NC4=CC(F)=CC=C4C23,8.096,c1ccc2c(c1)[nH]c1ncnc(N3CCCCC3)c12
XS842021b,CC(CC1CCCC1)C(=O)N2CCC3(CNC(=O)N3C)CC2,3.462,O=C1NCC2(CCN(C(=O)CCC3CCCC3)CC2)N1
XS838253b,NC(=O)C=1C=NC(=CN1)NC(CC=2C=CC=CC2)C3=CC=CO3,3.602,c1ccc(CC(Nc2cnccn2)c2ccco2)cc1
XS848118a,O=C(O)C1CN(C(=O)C=2C=CC=3NC=CC3C2)C=4C=CC=CC41,0.534,O=C(c1ccc2[nH]ccc2c1)N1CCc2ccccc21
XS848131a,CC(C1=NC=2C=CC=CC2S1)N(C)C(=O)C=3C=CC=C(F)C3,2.012,O=C(NCc1nc2ccccc2s1)c1ccccc1
XS848119a,CCCC(C)C=1C=C(NS(=O)(=O)C=2C=CC(C)=CC2)NN1,4.466,O=S(=O)(Nc1ccn[nH]1)c1ccccc1
XS840304b,CCN1C(=O)C(=NC=2C=CC=CC21)N(C)C(C)C=3C=CC=CN3,1.508,O=c1[nH]c2ccccc2nc1NCc1ccccn1
XS837305b,CC(C)(C)C=1N=CC(=CN1)NS(=O)(=O)CC2CCCOC2,9.026,O=S(=O)(CC1CCCOC1)Nc1cncnc1
XS848125a,COC=1C=CC=C(C1)COCC(=O)NCC(C)N2CCCC2,0.774,O=C(COCc1ccccc1)NCCN1CCCC1
XS848126a,COC=1C=CC=C(C1)S(=O)(=O)C(C)C(=O)N2CCOCC2,7.428,O=C(CS(=O)(=O)c1ccccc1)N1CCOCC1
XS840713b,CC=1CC(CNS(=O)(=O)C2=CSC=3C=CC=CC23)ON1,2.056,O=S(=O)(NCC1CC=NO1)c1csc2ccccc12
XS848133a,CC(C1=CC=CS1)N(C)C(=O)C=2C=CC=3NC(=O)COC3C2,5.426,O=C1COc2cc(C(=O)NCc3cccs3)ccc2N1
XS733134b,CCOC=1N=CC=CC1C(=O)NCC2COC=3C=CC=CC3O2,1.164,O=C(NCC1COc2ccccc2O1)c1cccnc1
XS848137a,CCC=1N=NSC1C(=O)NC(C)C=2C=CC=C(C2)OC(C)C,0.918,O=C(NCc1ccccc1)c1cnns1
XS848132a,CC1=CC(=NN1C2CCCCC2)C(=O)NC3CCC(=O)N(C)C3,0.914,O=C1CCC(NC(=O)c2ccn(C3CCCCC3)n2)CN1
XS841974b,COC1=NSC=C1NC(=O)C=2C=CC(=CC2)C3CCC(=O)N3,3.096,O=C1CCC(c2ccc(C(=O)Nc3cnsc3)cc2)N1
XS841766b,O=C(C1=CC=C(S1)C2=NOC(=O)N2)N3CCCCC3C4CC4,0.626,O=C(c1ccc(-c2noc(=O)[nH]2)s1)N1CCCCC1C1CC1
XS837069b,NC(=O)C1COCCN1C=2N=CC=C(N2)OC=3C=CC(F)=CC3,0.728,c1ccc(Oc2ccnc(N3CCOCC3)n2)cc1
XS840015b,CC=1C=C(OC1C(=O)NC(C(=O)O)C2CCCCC2)C(F)F,0.558,O=C(NCC1CCCCC1)c1ccco1
XS500468b,CCC1=C(C=NN1CC(C)C)C(=O)N2CCN3C(=O)NCC3C2,4.558,O=C(c1cn[nH]c1)N1CCN2C(=O)NCC2C1
XS848138a,CC1=C(SC=2C=CC(F)=CC12)C(=O)NC3CCCCNC3=O,2.772,O=C(NC1CCCCNC1=O)c1cc2ccccc2s1
XS840470b,[O-][N+](=O)C=1C=CC=CC1C=CC=NNC(=O)NCC2CCCO2,0.972,O=C(NCC1CCCO1)NN=CC=Cc1ccccc1
XS785841b,CC(C1=NC(=NO1)C(C)(C)C)N2CCN(CC2)S(C)(=O)=O,9.61,c1noc(CN2CCNCC2)n1
XS848135a,CCCNC(=O)C(C)NC(=O)C1=CC(=NN1C)C=2C=CC=NC2,1.874,c1cncc(-c2cc[nH]n2)c1
XS840312b,CC=1C=CN=C(CN2CC(C)CS2(=O)=O)C1Br,4.998,O=S1(=O)CCCN1Cc1ccccn1
XS840079b,C=CCOC=1C=CC=NC1C(=O)N2CCOC3(CCCOC3)C2,1.224,O=C(c1ccccn1)N1CCOC2(CCCOC2)C1
XS400789b,CC1=CC(=NO1)NC(=O)C(OC(=O)CCC2CCCC2)C(C)C,8.892,O=C(COC(=O)CCC1CCCC1)Nc1ccon1
XS811527b,COC=1C=C(C)C=CC1NC(C(=O)N2CCCC2)C=3C=CC=CC3,14.02,O=C(C(Nc1ccccc1)c1ccccc1)N1CCCC1
XS848144a,CC=1C=CC=C(N1)NC(=O)C2COCC(=O)N2CC=3C=CC=CC3,1.494,O=C(Nc1ccccn1)C1COCC(=O)N1Cc1ccccc1
XS836815b,O=C1CC(CNS(=O)(=O)C2=CC=CS2)C=3C=CC=CC3N1,8.174,O=C1CC(CNS(=O)(=O)c2cccs2)c2ccccc2N1
XS837485b,COC(=O)C(CC1CCCCC1)OC(=O)C2=CN(N=N2)C(C)C,3.726,O=C(OCCC1CCCCC1)c1c[nH]nn1
XS836506b,CCS(N)(=O)=NC(=O)COCC=1C=CC(=CC1)C(F)(F)F,4.474,c1ccccc1
XS824026b,O=C(C=1C=CC(O)=NC1)N2CCCC2C3=NC=4C=CC=CC4S3,8.818,O=C(c1cccnc1)N1CCCC1c1nc2ccccc2s1
XS521027b,CNC(=O)C=1C=CC=C(C1)NC(=O)C2SCCC=3C=CC=CC32,3.976,O=C(Nc1ccccc1)C1SCCc2ccccc21
XS848146a,CCCC(C)NC(=O)C1=CSC(COC=2C=CC(F)=CC2)=N1,0.536,c1ccc(OCc2nccs2)cc1
XS848147a,CC=1C=CC=CC1C(=O)NC=2C=CC(=CC2)NC(=O)C3CCCO3,5.616,O=C(Nc1ccc(NC(=O)C2CCCO2)cc1)c1ccccc1
XS848143a,CCCCC1=NC(=CS1)CN2CCOC(CN3C=NC=N3)C2,1.086,c1ncn(CC2CN(Cc3cscn3)CCO2)n1
XS840042b,CC1CN(CC2(CCOCC2)O1)S(=O)(=O)C=3C=CC=CC3N,6.2,O=S(=O)(c1ccccc1)N1CCOC2(CCOCC2)C1
XS848150a,O=C(NCC1=CC=2C=CC=CC2N1)C3CC(=O)N(C3)C4CCCC4,2.91,O=C(NCc1cc2ccccc2[nH]1)C1CC(=O)N(C2CCCC2)C1
XS828263b,CC1=NC(=NO1)C2CCCN(C2)C(=O)CCC=3C=CC(C#N)=CC3,11.804,O=C(CCc1ccccc1)N1CCCC(c2ncon2)C1
XS837512b,CC1CN(C(=O)NC=2C=CC=C3C(=O)NCCC23)C=4C=CC=CC41,0.938,O=C1NCCc2c(NC(=O)N3CCc4ccccc43)cccc21
XS839076b,CC=1SC=2N=NN(CC3CC4(CCOCC4)O3)C(=O)C2C1C,26.996,O=c1c2ccsc2nnn1CC1CC2(CCOCC2)O1
XS838055b,CN1CC(CC1=O)NS(=O)(=O)C=2C=CC(=NC2)C(F)(F)F,11.484,O=C1CC(NS(=O)(=O)c2cccnc2)CN1
XS848145a,O=C(C1CCCO1)N2CCN(CC2)S(=O)(=O)C=3C=CC=CC3,2.984,O=C(C1CCCO1)N1CCN(S(=O)(=O)c2ccccc2)CC1
XS839747b,CS(=N)(=O)CCNC(=O)C=1C=C(Cl)C=CC1OC(F)F,0.442,c1ccccc1
XS644183b,CC(C)C1=NOC(=N1)C(C)NC=2C=CC=C(C2)N3CCCCC3=O,0.764,O=C1CCCCN1c1cccc(NCc2ncno2)c1
XS596621b,CCC1=NOC(CCCC(=O)NC2CCCCC=3C=CC=CC32)=N1,1.646,O=C(CCCc1ncno1)NC1CCCCc2ccccc21
XS838954b,CC1C(=O)N(C)CN1C(=O)NC=2C=CC=C(F)C2S(C)(=O)=O,2.022,O=C1CN(C(=O)Nc2ccccc2)CN1
XS840452b,CS(=O)(=O)N1N=C(CC1C2=CC=C(Cl)O2)C=3C=CSC3,1.412,c1coc(C2CC(c3ccsc3)=NN2)c1
XS837372b,O=S1(=O)CCC(C1)C2=NN=C(N2)C=3C=CC(=CC3)C(F)(F)F,5.128,O=S1(=O)CCC(c2nnc(-c3ccccc3)[nH]2)C1
XS840922b,CC(NC=1N=CN=C2C=NC=CC12)C=3C=NN(C3)CC=4C=CC=CC4,1.534,c1ccc(Cn2cc(CNc3ncnc4cnccc34)cn2)cc1
XS838732b,CC1(C)CC(O)=C2C(C1)=NC3=NON=C3NC2C=4C=CC=C(F)C4,0.902,C1=C2C(=Nc3nonc3NC2c2ccccc2)CCC1
XS594807b,NC(=O)C1CCN(C1)C(=O)CCCC2=NC(=NO2)C=3C=CC=CC3,10.116,O=C(CCCc1nc(-c2ccccc2)no1)N1CCCC1
XS520706b,CC1=NN(C)C(C)=C1CC(=O)N2CCCC2CC=3C=CC=C(F)C3,1.966,O=C(Cc1cn[nH]c1)N1CCCC1Cc1ccccc1
XS848157a,CC1=NC=2C=C(C=CC2O1)NC(=O)C3CCCN(C3)C(=O)C(C)C,4.91,O=C(Nc1ccc2ocnc2c1)C1CCCNC1
XS814262b,CC1=CSC(=N1)N2CCN(CC2)C(=O)C3CC=4C=CC=CC4O3,10.156,O=C(C1Cc2ccccc2O1)N1CCN(c2nccs2)CC1
XS848154a,COC=1C=CC=C2NC=C(CC(=O)N3CCOCC3(C)C4CC4)C12,7.486,O=C(Cc1c[nH]c2ccccc12)N1CCOCC1C1CC1
XS840009b,COC=1C=CC=C2CC(CCC12)NC(=O)CN3C=C(F)C=CC3=O,14.394,O=C(Cn1ccccc1=O)NC1CCc2ccccc2C1
XS839851b,CN1N=CC=C1C2CCCN(CC3=NN=C(S3)C(F)(F)F)C2,1.496,c1cc(C2CCCN(Cc3nncs3)C2)[nH]n1
XS837921b,COC(=O)C1(CCN(C1)S(=O)(=O)C=2N=CC=CC2Cl)OC,2.29,O=S(=O)(c1ccccn1)N1CCCC1
XS837646b,CC(NC(=O)C=1C=CC(=CC1)N2C=NC=3C=CC=CC32)C=4N=NNN4,1.546,O=C(NCc1nn[nH]n1)c1ccc(-n2cnc3ccccc32)cc1
XS836571b,CCN1N=C(C)C(=C1NC2CC(=O)N(CC(F)(F)F)C2)[N+]([O-])=O,6.524,O=C1CC(Nc2ccn[nH]2)CN1
XS837763b,CCOC=1C=CC=NC1S(=O)(=O)N2CC=3C=CC=CC3C2CC,1.2,O=S(=O)(c1ccccn1)N1Cc2ccccc2C1
XS848163a,CC(NS(=O)(=O)C=1C=CC=2OCC(=O)NC2C1)C=3C=CN=CC3,1.796,O=C1COc2ccc(S(=O)(=O)NCc3ccncc3)cc2N1
XS793461b,OC(COC=1C=CC(F)=CC1)CN2CCN(CC2)C=3N=CC=CN3,3.024,c1ccc(OCCCN2CCN(c3ncccn3)CC2)cc1
XS837185b,COC=1C=CC=2CC(C=3C=CC=CC3)N(CCN4C=NC=N4)CC2C1,8.004,c1ccc(C2Cc3ccccc3CN2CCn2cncn2)cc1
XS836605b,O=C(C1CCS(=O)(=O)C1)N(CC=2C=CSC2)C=3C=CC=CC3,8.744,O=C(C1CCS(=O)(=O)C1)N(Cc1ccsc1)c1ccccc1
XS332124b,CC=1C=NN(C1)CCC(=O)N2CCCC(C2)C3=NOC(=N3)C(C)C,4.918,O=C(CCn1cccn1)N1CCCC(c2ncon2)C1
XS837324b,CN1C=C(Br)C(CS(=O)(=O)CC2CCCOC2)=N1,6.03,O=S(=O)(Cc1cc[nH]n1)CC1CCCOC1
XS848161a,CCN1C(=O)C=2C=CC=NC2N=C1SCC(=O)NC(C)C(C)C,1.996,O=c1[nH]cnc2ncccc12
XS838271b,COC=1C=C2CCCCC2=CC1OCC(=O)N=S(C)(=O)N(C)C,2.406,c1ccc2c(c1)CCCC2
XS837516b,CC=1C=C(C=2N=NNN2)C(=O)NC1C(=O)NC3(C)CCC(F)(F)C3,0.784,O=C(NC1CCCC1)c1ccc(-c2nn[nH]n2)c(=O)[nH]1
XS848170a,O=C(COC=1C=C(Cl)C=CC1Cl)NC2CCS(=O)(=O)C2,16.954,O=C(COc1ccccc1)NC1CCS(=O)(=O)C1
XS848175a,O=C(COC=1C=CC=2CCCC2C1)NC3CCCC=4NC(=O)C=CC43,6.02,O=C(COc1ccc2c(c1)CCC2)NC1CCCc2[nH]c(=O)ccc21
XS662104b,COC=1C=CC(F)=CC1C(C)NC(=O)CCN2C(C)=CSC2=O,0.69,O=C(CCn1ccsc1=O)NCc1ccccc1
XS848176a,O=C(NCC1CCOC1)C=2C=NC(OCC(F)(F)F)=C(Cl)C2,0.632,O=C(NCC1CCOC1)c1cccnc1
XS839691b,CCC(C#N)S(=O)(=O)N1CCN(CCC=2C=CC(F)=CC2)CC1,6.454,c1ccc(CCN2CCNCC2)cc1
XS839775b,CN1C=C(C=N1)C2CCN(C2)C=3N=CC(Cl)=CC3Br,9.566,c1ccc(N2CCC(c3cn[nH]c3)C2)nc1
XS841055b,CC(C)C=1N=C2CCC(CN2N1)NCC3=CC(=NO3)C=4C=CC=CC4,4.29,c1ccc(-c2cc(CNC3CCc4ncnn4C3)on2)cc1
XS848173a,CC1CC(=O)NC=2C=CC(=CC2N1)C(=O)NCCCC=3C=CC=CC3,4.974,O=C1CCNc2cc(C(=O)NCCCc3ccccc3)ccc2N1
XS842392b,CC1=NC=C(S1)C(C)NC(=O)CC=2SC=CC2Br,3.906,O=C(Cc1cccs1)NCc1cncs1
XS848187a,O=S(=O)(N1CCCC1C=2C=C(F)C=CC2F)N3CCCCCC3,3.404,O=S(=O)(N1CCCCCC1)N1CCCC1c1ccccc1
XS577040b,COCC1(CCCN1C(=O)COC=2C=CC(Cl)=C(F)C2)C(N)=O,12.328,O=C(COc1ccccc1)N1CCCC1
XS474261b,CCN(C)C=1C=CC=C(C1)NC(=O)N2CCC(CC=3C=NN(C)C3)C2,6.91,O=C(Nc1ccccc1)N1CCC(Cc2cn[nH]c2)C1
XS848190a,O=C(NCC1CCCO1)C=2C=C(Br)C=3OCCOC3C2,12.768,O=C(NCC1CCCO1)c1ccc2c(c1)OCCO2
XS848189a,CN1N=CC=2C(=NC=NC21)N3CCCC(C3)C(=O)NC4CCCCC4,6.49,O=C(NC1CCCCC1)C1CCCN(c2ncnc3[nH]ncc23)C1
XS848184a,CCC=1N=CC(=CN1)CN2CCCC(O)(CC3=NC(=NO3)C4CC4)C2,4.706,c1ncc(CN2CCCC(Cc3nc(C4CC4)no3)C2)cn1
XS836834b,N#CCCN(C(=O)C1CC21CCOCC2)C=3C=CC=4OCCOC4C3,1.782,O=C(Nc1ccc2c(c1)OCCO2)C1CC12CCOCC2
XS836801b,CC(C(=O)N1CC2(CCCC2)C=3C=CC=C(Cl)C31)S(C)(=O)=O,1.26,c1ccc2c(c1)NCC21CCCC1
XS680512b,CN(C)S(=O)(=O)C=1C=CC(=CC1)NC(=O)C2CCC=3C=CC=CC32,8.516,O=C(Nc1ccccc1)C1CCc2ccccc21
XS840307b,CC1(CCN(CCO1)S(=O)(=O)CCC=2C=NOC2)C(F)(F)F,1.526,O=S(=O)(CCc1cnoc1)N1CCCOCC1
XS443609b,O=C(CC1C(=O)NC=2C=CC=CC21)N3CCN(CC3)C4=NC=CS4,9.124,O=C1Nc2ccccc2C1CC(=O)N1CCN(c2nccs2)CC1
XS839177b,COC=1C=CC=2CC(NC2N1)C3=NC(CN4C=NC=5C=CC=CC54)=NO3,5.514,c1cnc2c(c1)CC(c1nc(Cn3cnc4ccccc43)no1)N2
XS838984b,COC(=O)C=1C=NC=C(N1)NC2CCC=3C(=CC(F)=CC32)C(=O)OC,17.67,c1ccc2c(c1)CCC2Nc1cnccn1
XS837167b,CC(C)N(C(=O)C(C)S(=O)(=O)C=1C=CC2=CC=CC=C2N1)C(C)C,3.998,c1ccc2ncccc2c1
XS840062b,CC=1C=CC=CC1CS(=O)(=O)N2CCN3C(=NN=C3C2C)C(C)C,1.992,O=S(=O)(Cc1ccccc1)N1CCn2cnnc2C1
XS840759b,CCC(=O)N1CCCC(C1)C(=O)OCCC2=CNN=C2C(F)(F)F,18.29,O=C(OCCc1cn[nH]c1)C1CCCNC1
XS840591b,NC(=O)C1(O)CCN(C1)S(=O)(=O)C=2C=C(Cl)C=C3CCOC23,3.444,O=S(=O)(c1cccc2c1OCC2)N1CCCC1
XS848197a,CC(OC(=O)C=1C=CC=C(C1)NS(=O)(=O)C=2C=CC=CC2)C(N)=O,4.77,O=S(=O)(Nc1ccccc1)c1ccccc1
XS840751b,CC(C(=O)NC=1C=CC=CC1CN2CCC=3C=CC=CC32)N4C=NC=N4,7.236,O=C(Cn1cncn1)Nc1ccccc1CN1CCc2ccccc21
XS848192a,CCN(CC)C=1C=CC(=CN1)C(=O)N2CCCC(C2)C3=NC=CS3,5.858,O=C(c1cccnc1)N1CCCC(c2nccs2)C1
XS848195a,CN1C=CN=C1C(NC(=O)C2=CC=3C=CC=CC3O2)C=4C=CC(F)=CC4,3.844,O=C(NC(c1ccccc1)c1ncc[nH]1)c1cc2ccccc2o1
XS773417b,CCOC=1C=CC=CC1OCC(=O)N2CCCCC2C3=NNC(C)=N3,0.69,O=C(COc1ccccc1)N1CCCCC1c1nc[nH]n1
XS841299b,CN(CCNC(=O)C1COC=2C=CC(Cl)=CC21)C(=O)C3=COC=N3,2.794,O=C(NCCNC(=O)C1COc2ccccc21)c1cocn1
XS840168b,CC1=NNC(C)=C1C2COCCN2C(=O)C3=CC=4COCCC4S3,1.852,O=C(c1cc2c(s1)CCOC2)N1CCOCC1c1cn[nH]c1
XS615580b,CC=1C=CC(=CC1)CC(=O)NC(C)C=2C=CC=CC2NS(C)(=O)=O,3.538,O=C(Cc1ccccc1)NCc1ccccc1
XS848196a,CC(OC(=O)C=1C=CC(Cl)=C(C1)S(C)(=O)=O)C(=O)NC2CC2,13.288,O=C(COC(=O)c1ccccc1)NC1CC1
XS848193a,CC1=CC(C)=NN1C2CCCN(C2)C(=O)CC=3C=CC=C4C=CC=NC34,2.956,O=C(Cc1cccc2cccnc12)N1CCCC(n2cccn2)C1
XS838626b,CC=1C=C(CN(CC2C=CCC2)C(=O)CC(=O)OC(C)(C)C)N(C)N1,0.914,C1=CC(CNCc2ccn[nH]2)CC1
XS836709b,CC=1C=C(CS(=O)(=O)N2CCN(CC(F)(F)F)CC(C)C2)ON1,0.86,O=S(=O)(Cc1ccno1)N1CCCNCC1
XS731079b,CN1C=NN=C1CC2(O)CCCN(C2)C(=O)C=3C=CC=4C=CCCC4C3,3.33,O=C(c1ccc2c(c1)CCC=C2)N1CCCC(Cc2nnc[nH]2)C1
XS848202a,CN(C)C=1C=NC(=CN1)C(=O)N2CCCCC2C3=CC=4C=CC=CC4N3,2.512,O=C(c1cnccn1)N1CCCCC1c1cc2ccccc2[nH]1
XS848209a,CC(C)N1C(=O)C=2C=CC=CC2NC1C3=CNN=C3C=4C=CC(F)=CC4,3.896,O=C1NC(c2c[nH]nc2-c2ccccc2)Nc2ccccc21
XS839640b,N#CC1=C2NC=3C=CC=CC3N2C(=O)NC1(C=4C=CC=CC4)C(F)(F)F,1.128,O=C1NC(c2ccccc2)C=C2Nc3ccccc3N12
XS848204a,O=C(NC=1C=CC(=CC1)C2=NN=C3CCCCCCN23)C4CC=CCC4,0.626,O=C(Nc1ccc(-c2nnc3n2CCCCCC3)cc1)C1CC=CCC1
XS839848b,CN(C)S(C)(=O)=NC(=O)C=1C=CC(=CC1)NC(=O)C2=CCCCC2,3.2,O=C(Nc1ccccc1)C1=CCCCC1
XS577825b,CCC=1C=C(NN1)C(=O)N2CCCC(C2)C3=NC(=CN3C)C(F)(F)F,6.208,O=C(c1ccn[nH]1)N1CCCC(c2ncc[nH]2)C1
XS389242b,O=C(NC(CC=1C=CC=CC1)C(=O)NC=2C=CC=NC2)C3=CC=CS3,11.254,O=C(NC(Cc1ccccc1)C(=O)Nc1cccnc1)c1cccs1
XS558142b,CC1=NN(C=2C=CC=CC2)C=3SC(=CC13)C(=O)NC4CCN(C)C4=O,3.17,O=C(NC1CCNC1=O)c1cc2cnn(-c3ccccc3)c2s1
XS839839b,CC1=NN(C)C(C)=C1C(NC(=O)C=2C=NN3N=CC=CC23)C(F)(F)F,2.182,O=C(NCc1cn[nH]c1)c1cnn2ncccc12
XS129043c,CC(=O)NC(CC(=O)NC1=NC=2C=CC(C)=CC2S1)C=3C=CC=CC3,3.762,O=C(CCc1ccccc1)Nc1nc2ccccc2s1
XS841688b,CC=1C=NN(C1)C=2C=CC=C(N2)N3CCCC(C3)C=4OC=NC4C(=O)O,0.546,c1cc(N2CCCC(c3cnco3)C2)nc(-n2cccn2)c1
XS848205a,CC(C)CCC(C)NC(=O)CS(=O)(=O)CC=1C=CC(=CC1)C(C)C,14.554,c1ccccc1
XS840571b,CN(C)C=1C=CC2=CC(=CC=C2N1)NC(=O)C3CC(=NO3)C=4C=CN=CC4,6.642,O=C(Nc1ccc2ncccc2c1)C1CC(c2ccncc2)=NO1
XS848215a,CC(NC(=O)C=1C=CC=CC1)C(=O)NCC=2C=CC=CC2CN3C=CC=N3,21.714,O=C(CNC(=O)c1ccccc1)NCc1ccccc1Cn1cccn1
XS848220a,CC(NC(=O)CC=1C=CC=2OCCOC2C1)C=3C=CC(=CC3)N4C=CN=C4,6.772,O=C(Cc1ccc2c(c1)OCCO2)NCc1ccc(-n2ccnc2)cc1
XS848218a,COC=1C=CC=CC1C(C)NC(=O)C=2C=CC(=CC2)S(=O)(=O)N(C)C,3.468,O=C(NCc1ccccc1)c1ccccc1
XS848226a,O=C(NCC=1C=CC(=CC1)OC(F)F)C2CC(=O)N(CC3=CC=CO3)C2,0.498,O=C(NCc1ccccc1)C1CC(=O)N(Cc2ccco2)C1
XS070395b,CN1C=CN=C1C(NC(=O)NC=2C=CC=C(Cl)C2)C=3C=CC=C(F)C3,10.148,O=C(Nc1ccccc1)NC(c1ccccc1)c1ncc[nH]1
XS848211a,CC=1OC(=NC1CC(=O)N2C=3C=CC=CC3N(C)CCC2C)C4=CC=CO4,2.762,O=C(Cc1coc(-c2ccco2)n1)N1CCCNc2ccccc21
XS848213a,CC(=O)NC=1C=CC(=CC1)OC(C)C(=O)NC=2C=C(Cl)C=C(Cl)C2,0.706,O=C(COc1ccccc1)Nc1ccccc1
XS562723b,CC1=NOC(=N1)C2CC(=O)N(C2)C3CN(C3)C(=O)C=4OC=CC4C(C)C,1.552,O=C(c1ccco1)N1CC(N2CC(c3ncno3)CC2=O)C1
XS838293b,CC=1C=CC=C(C(=O)N2CC(CC(C)NC(=O)CC=3N=CNN3)C2)C1F,0.922,O=C(Cc1nc[nH]n1)NCCC1CN(C(=O)c2ccccc2)C1
XS848225a,O=C(NC=1C=CC=CC1OC=2C=CC=CC2)C3CC(=O)N(C3)C4CCCC4,11.698,O=C(Nc1ccccc1Oc1ccccc1)C1CC(=O)N(C2CCCC2)C1
XS837003b,O=C(NC=1C=CC=C(C1)CC(F)(F)F)NC=2C=CC(=NN2)C3CCOC3,2.276,O=C(Nc1ccccc1)Nc1ccc(C2CCOC2)nn1
XS848223a,CC(C)CCC(C)NC(=O)CS(=O)(=O)CC=1C=CC(F)=CC1Cl,9.888,c1ccccc1
XS737273b,COC=1C=CC=C(C1)NC(=O)NCC=2C=CC=C(C2)NC(=O)C3CCCO3,2.542,O=C(NCc1cccc(NC(=O)C2CCCO2)c1)Nc1ccccc1
XS848239a,CC=1C=CC(=CC1)NC(=O)NCC(O)COC=2C=CC=C(C2)C(F)(F)F,5.814,O=C(NCCCOc1ccccc1)Nc1ccccc1
XS837774b,C=CCOC(C)CNC(=O)C1(C)CCN(CC1)C=2C=CC(Cl)=CC2C#N,0.998,c1ccc(N2CCCCC2)cc1
XS837642b,CC(=O)NC(C)C1=CC=C(S1)S(=O)(=O)NC=2C=CC(F)=CC2C#N,0.506,O=S(=O)(Nc1ccccc1)c1cccs1
XS841620b,CN1C(CO)=NN=C1C2CCCN(C2)C=3N=CC(=CN3)OC=4C=CC=CC4,15.518,c1ccc(Oc2cnc(N3CCCC(c4nnc[nH]4)C3)nc2)cc1
XS848227a,O=C(NC=1C=CC=CC1CN2CCCC2=O)NC3CCC=4C=CC(F)=CC43,3.536,O=C(Nc1ccccc1CN1CCCC1=O)NC1CCc2ccccc21
XS848241a,CC1=CC(=NO1)NC(=O)C(C)NC=2C=CC(=CC2)CCN3CCSCC3,2.202,O=C(CNc1ccc(CCN2CCSCC2)cc1)Nc1ccon1
XS848232a,COC=1C=CC(=CC1)N2C=CN=C2SC(C)C(=O)NCC=3C=CC=CC3,5.234,O=C(CSc1nccn1-c1ccccc1)NCc1ccccc1
XS848237a,CC(=O)N1CC(OC=2C=CC=CC21)C(=O)NC=3C=CC=C(Br)C3,1.392,O=C(Nc1ccccc1)C1CNc2ccccc2O1
XS838478b,CC1=NN(C)C=2CCC(CC12)NC(=O)NC=3C=CC=4C5=CC=CC=C5CC4C3,10.324,O=C(Nc1ccc2c(c1)Cc1ccccc1-2)NC1CCc2[nH]ncc2C1
XS848233a,CC=1C=CC(=CC1)C(CC(=O)O)NC(=O)C=2C=CC=C(C2)CS(C)(=O)=O,2.976,O=C(NCc1ccccc1)c1ccccc1
XS848236a,CCC(CC)C(NC(=O)CN1C=NC2=C(C=NN2C)C1=O)C3=CC=CS3,3.118,O=C(Cn1cnc2[nH]ncc2c1=O)NCc1cccs1
XS841952b,CC1CN(CCN1C(=O)COC(F)F)C(=O)C=2C(F)=CC=C3OC=CC23,1.95,O=C(c1cccc2occc12)N1CCNCC1
XS848235a,CN1C=CSC1=NC(=O)C2CC(=O)N(C2)C=3C=CC=C(C3)C(F)(F)F,3.884,O=C(N=c1[nH]ccs1)C1CC(=O)N(c2ccccc2)C1
MR045205b,CC(NC(=O)C1CCC1)C(=O)NCC=2C=CN=C(C2)OC=3C=CC=CC3F,1.468,O=C(CNC(=O)C1CCC1)NCc1ccnc(Oc2ccccc2)c1
XS848249a,O=C1C=2C=CC=CC2NC(C3=CNN=C3C4=CC=CS4)N1CC5=CC=CO5,1.76,O=C1c2ccccc2NC(c2c[nH]nc2-c2cccs2)N1Cc1ccco1
XS842517b,O=C(N1CCCC(C1)S(=O)(=O)NC2CCCC2)C(F)(F)C3(O)CCC3,9.79,O=C(CC1CCC1)N1CCCC(S(=O)(=O)NC2CCCC2)C1
XS840674b,COC=1C=CC(OC)=C(C1)C2SCCN2S(=O)(=O)C=3C=CC=C(C)C3,1.514,O=S(=O)(c1ccccc1)N1CCSC1c1ccccc1
XS848251a,COC=1C=CC=C(C1)CN(C)C(=O)C=2CC(C(N)=O)N(N2)C=3C=CC(F)=CC3,19.158,O=C(NCc1ccccc1)C1=NN(c2ccccc2)CC1
XS842258b,O=S(=O)(C=1C=CC=2CCCC2C1)N3CCCC(C3)C4=NN=C5C=CC=CN45,6.782,O=S(=O)(c1ccc2c(c1)CCC2)N1CCCC(c2nnc3ccccn23)C1
XS838481b,COC=1C=CC=CC1C2=NN=C(CC(=O)N3CC=4C=CC(F)=CC4CC3C)O2,1.298,O=C(Cc1nnc(-c2ccccc2)o1)N1CCc2ccccc2C1
XS848254a,CC=1C=CC(=CC1)C2=NOC(CS(=O)(=O)C(C)C(=O)NC3CCCC3)=N2,1.78,O=C(CS(=O)(=O)Cc1nc(-c2ccccc2)no1)NC1CCCC1
XS848253a,CC1=NC2=C(C#N)C=NN2C(C)=C1CCC(=O)NC(C)C3=CC=4C=CC=CC4O3,5.88,O=C(CCc1cnc2ccnn2c1)NCc1cc2ccccc2o1
XS848246a,CC(CNC(=O)COC(=O)CC1=NNC(=O)C=2C=CC=CC12)C=3C=CC=CC3,0.736,O=C(COC(=O)Cc1n[nH]c(=O)c2ccccc12)NCCc1ccccc1
XS848256a,CC1=CC(=CC(F)=C1)C(=O)NC2CN(CC32CC3)C(=O)C=4C=CC(CO)=NC4,1.78,O=C(NC1CN(C(=O)c2cccnc2)CC12CC2)c1ccccc1
XS839014b,CC(C)N1N=NN=C1C=2C=CC=C(C2)NC(=O)NCC3CN(C(=O)O3)C4CC4,1.618,O=C(NCC1CN(C2CC2)C(=O)O1)Nc1cccc(-c2nnn[nH]2)c1
XS782835b,CC1=C(C=NN1C=2C=C(C)C=CC2C)NC(=O)N3CCNC(=O)C3CC(C)C,2.792,O=C1CN(C(=O)Nc2cnn(-c3ccccc3)c2)CCN1
XS848250a,CC(CC1=NC(=NO1)C=2C=CC=CC2)NC(=O)N3CCCC4=C(C=NN4C)C3,3.714,O=C(NCCc1nc(-c2ccccc2)no1)N1CCCc2[nH]ncc2C1
XS848242a,NS(=O)(=O)C=1C=CC(=CC1)CNC(=O)C2COC=3C=CC(Cl)=CC3C2,5.38,O=C(NCc1ccccc1)C1COc2ccccc2C1
XS837218b,COCC(NC(=O)NC1(CCCC1)C=2C=CC=3OCCOC3C2)C4=CC=CO4,5.102,O=C(NCc1ccco1)NC1(c2ccc3c(c2)OCCO3)CCCC1
XS848255a,CCNS(=O)(=O)C=1C=CC(F)=C(C1)C(=O)NC2CCOC=3C=CC=CC32,0.4,O=C(NC1CCOc2ccccc21)c1ccccc1
XS848245a,CNC(=O)NC(=O)C(C)OC(=O)C=1OC=2C=CC(Br)=CC2C1C,5.776,c1ccc2occc2c1
XS839139b,COC(=O)C(NC(=O)CN1N=NC=2C=CC=CC21)C=3C=CC(OC)=C(Cl)C3,4.754,O=C(Cn1nnc2ccccc21)NCc1ccccc1
XS836492b,O=C(C1=C(N=C2C=NC=CN12)C(F)F)N3CCOCC3C=4C=C(F)C=C(F)C4,4.516,O=C(c1cnc2cnccn12)N1CCOCC1c1ccccc1
XS336027b,O=C(NC1CCC2=NC(=CN2C1)C=3C=CC(F)=CC3F)C4=COC(=N4)C5CCC5,1.204,O=C(NC1CCc2nc(-c3ccccc3)cn2C1)c1coc(C2CCC2)n1
XS440172b,CC1=NN2CC(CCC2=N1)NC(=O)NC=3C=CC(C)=CC3OCC=4C=CC=CC4,1.488,O=C(Nc1ccccc1OCc1ccccc1)NC1CCc2ncnn2C1
XS836826b,CC(COC=1C=CC=C(F)C1)NC(=O)C=2C=CC(=C(C2)[N+]([O-])=O)S(N)(=O)=O,1.736,O=C(NCCOc1ccccc1)c1ccccc1
XS841414b,O=C(CN1N=CC=2C=CC=CC21)N(CC(F)(F)F)C3CCCC=4C=CC=NC43,2.092,O=C(Cn1ncc2ccccc21)NC1CCCc2cccnc21
XS648981b,CCN(CC=1C=CN=CC1)C(=O)NCC(C2=CNC=3C=CC=CC23)C=4C=CC=CC4,1.196,O=C(NCc1ccncc1)NCC(c1ccccc1)c1c[nH]c2ccccc12
XS839664b,COC=1C=C2CCCNC(=O)C2=CC1S(=O)(=O)NC(C3CC3)C4(O)COC4,4.054,O=C1NCCCc2ccc(S(=O)(=O)NC(C3CC3)C3COC3)cc21
XS848259a,O=C(C=1C=NN(C1)C=2C=CC(F)=CC2F)N3CCCC(C3)N4CCCCCC4,1.684,O=C(c1cnn(-c2ccccc2)c1)N1CCCC(N2CCCCCC2)C1
XS838155b,CCC=1C=CC(=CC1)C(C=2C=CC=NC2)N(CC)C(=O)C3=CN4CCOCC4=N3,0.324,O=C(NC(c1ccccc1)c1cccnc1)c1cn2c(n1)COCC2
XS848264a,COC=1C=C(C=CC1OCC2CCCO2)CNC(=O)CC=3C=CC=CC3Cl,1.172,O=C(Cc1ccccc1)NCc1ccc(OCC2CCCO2)cc1
XS012456d,COC1=CC(=CC(OC)=C1OC)CC(=O)N2CCN(CC2)C(=O)C3CCCO3,4.212,O=C(Cc1ccccc1)N1CCN(C(=O)C2CCCO2)CC1
XS848268a,CC(C)C(NC(=O)C=1C=CC=C(C1)S(=O)(=O)NC2CC2)C=3C=CC(F)=CC3,0.666,O=C(NCc1ccccc1)c1cccc(S(=O)(=O)NC2CC2)c1
XS848267a,CC=1C=CC(Cl)=CC1N2CCN(CC(=O)NC3(C)CCS(=O)(=O)C3)CC2,2.538,O=C(CN1CCN(c2ccccc2)CC1)NC1CCS(=O)(=O)C1
XS837893b,CC1=C(C(=O)N2CCC=3C(Br)=CC=CC3C2)C(C)N4N=NN=C4N1C,3.794,O=C(C1=CNc2nnnn2C1)N1CCc2ccccc2C1
XS848276a,CCC=1C=CC=CC1N2CC(CC2=O)C(=O)N3CCN(CC3)C=4C=CC=C(C4)OC,19.518,O=C(C1CC(=O)N(c2ccccc2)C1)N1CCN(c2ccccc2)CC1
XS848281a,COC=1C=CC(C(=O)NCC(C=2C=CC=CC2Cl)N3CCCC3)=C(OC)C1OC,0.674,O=C(NCC(c1ccccc1)N1CCCC1)c1ccccc1
XS848270a,CN(C(=O)C=1C=CC(=CC1)C(=O)NC=2C=NN(C2)CC3CCCO3)C=4C=CC=CC4,1.266,O=C(Nc1ccccc1)c1ccc(C(=O)Nc2cnn(CC3CCCO3)c2)cc1
XS437067b,CCN(CC1=NC=2C=C(Cl)C=CC2C(=O)N1)CC(O)COC=3C=CC(F)=CC3,3.354,O=c1[nH]c(CNCCCOc2ccccc2)nc2ccccc12
XS848271a,CCOC=1C=CC(=CC1OC)C(=O)OC(C)C(=O)NCC=2C=CC=3OCOC3C2,10.002,O=C(COC(=O)c1ccccc1)NCc1ccc2c(c1)OCO2
XS848282a,O=C(NCC=1C=CC(=CC1)CN2C=CN=C2)C3CC(=O)N(C3)C=4C=CC=5CCCC5C4,1.974,O=C(NCc1ccc(Cn2ccnc2)cc1)C1CC(=O)N(c2ccc3c(c2)CCC3)C1
XS848273a,COC=1C=C(C=C(C1)C=2CC(C=3C=CC(Cl)=C(F)C3)N(N2)S(C)(=O)=O)OC,8.952,c1ccc(C2=NNC(c3ccccc3)C2)cc1
XS838804b,CNC(=O)C1=CC=C2C(C)N(CCN12)C(=O)CN3CCN(C)C=4C=C(F)C=CC43,6.824,O=C(CN1CCNc2ccccc21)N1CCn2cccc2C1
XS837611b,COC=1C=C2CCN(CC2=CC1C)C(C(=O)O)C=3C=CC(F)=C(Br)C3,2.314,c1ccc(CN2CCc3ccccc3C2)cc1
XS839016b,O=C(CC1CC2(CC2)CO1)NC3(CCCCC3)C(=O)NC=4C=C5COCCN5N4,9.846,O=C(CC1CC2(CC2)CO1)NC1(C(=O)Nc2cc3n(n2)CCOC3)CCCCC1
XS848275a,CC(C)(C)C=1C=C(NC(=O)CSCC=2C=CC=CC2)N(N1)C3CCS(=O)(=O)C3,4.634,O=C(CSCc1ccccc1)Nc1ccnn1C1CCS(=O)(=O)C1
XS848277a,CCN(CC)S(=O)(=O)C=1C=CC(=CC1)NC(=O)CN(C)C2CCC=3C=CC=CC32,1.49,O=C(CNC1CCc2ccccc21)Nc1ccccc1
XS842121b,CC(CN(C)C(=O)C=1C=CC(=CC1N)S(C)(=O)=O)OC=2C=CC(Cl)=C(Cl)C2,2.936,O=C(NCCOc1ccccc1)c1ccccc1
XS848298a,COC(=O)CC1C(=O)NCCN1C(=O)CSC2=NN=C(O2)C3=CNC=4C=CC=CC34,15.116,O=C1CN(C(=O)CSc2nnc(-c3c[nH]c4ccccc34)o2)CCN1
XS842682b,CC1CC=2C=C(C=CC2N1S(C)(=O)=O)C3=CSC(CC4=CN5C=CC=CC5=N4)=N3,7.8,c1ccn2cc(Cc3nc(-c4ccc5c(c4)CCN5)cs3)nc2c1
XS836479b,CN1C=C(C(=O)NC(C=2C=CC=C(F)C2)C=3C=CC=C(Br)C3)C(=O)N(C)C1=O,1.794,O=C(NC(c1ccccc1)c1ccccc1)c1c[nH]c(=O)[nH]c1=O
XS848288a,CCN(CC)C(=O)C=1C=CC=C(C1)NC(=O)C2CCCN(C2)S(=O)(=O)C3=CC=CS3,1.602,O=C(Nc1ccccc1)C1CCCN(S(=O)(=O)c2cccs2)C1
XS838237b,CC1(C)CC(=C2C(C1)=NN(C=3C=CC=CC3)P2(=S)NC=4C=CC=CN4)N5CCCC5,5.748,S=P1(Nc2ccccn2)C2=C(N3CCCC3)CCCC2=NN1c1ccccc1
XS848294a,CC(=O)N1CCC(CC1)C(=O)NCC(C2=CNC=3C=CC=CC23)C=4C=CC=CC4Cl,1.758,O=C(NCC(c1ccccc1)c1c[nH]c2ccccc12)C1CCNCC1
XS838968b,CC=1N=C(OC1C=2C=CC(Cl)=CC2)C(C)N3CCN(CC4=NOC(=N4)C5CC5)CC3,1.132,c1ccc(-c2cnc(CN3CCN(Cc4noc(C5CC5)n4)CC3)o2)cc1
XS838868b,CCCNC(=O)C(C=1C=CN=CC1Br)N(CC)CC=2C=CC=C3OCOC23,0.822,c1cc(CNCc2ccncc2)c2c(c1)OCO2
XS848299a,O=C(NCC=1C=CC=CC1F)C=2C=CC=C(C2)NC(=O)N3CCCC(C3)N4CCCC4,1.98,O=C(NCc1ccccc1)c1cccc(NC(=O)N2CCCC(N3CCCC3)C2)c1
XS776866b,CC(C)CN1CC(CC1=O)C(=O)NCC2(CCOCC2)C=3C=CC(Br)=CC3,1.734,O=C1CC(C(=O)NCC2(c3ccccc3)CCOCC2)CN1
XS839553b,CC(NC(=O)C1=CSN=N1)C(C)(F)F,5.288,c1csnn1
XS837753b,O=C1C=CC(F)=CN1CC2CCCOC2,3.012,O=c1ccccn1CC1CCCOC1
XS838468b,CC=1C=NN(C)C1NC(=O)C2CC=3C=CC=CC32,0.518,O=C(Nc1ccn[nH]1)C1Cc2ccccc21
XS848305a,CC1=C(C=NN1C)C(=O)NC(C)C2=CC=CS2,1.922,O=C(NCc1cccs1)c1cn[nH]c1
XS848310a,O=C(NC1CCCCNC1=O)C=2C=CC(=O)NN2,8.152,O=C(NC1CCCCNC1=O)c1ccc(=O)[nH]n1
XS836846b,O=C1OCCC1NC=2C=CC=3OCCCC3C2,3.572,O=C1OCCC1Nc1ccc2c(c1)CCCO2
XS838384b,OC=1C=NC(=NC1)NCCOC2CC2(F)F,1.698,c1cnc(NCCOC2CC2)nc1
XS841789b,CC1=NN(CC2CCCC3(CC3)C2)C(=O)N1C,1.204,O=c1[nH]cnn1CC1CCCC2(CC2)C1
XS842597b,CC1NC(=O)C2(CCCC2)NC1=O,1.046,O=C1CNC(=O)C2(CCCC2)N1
XS841878b,CC(CNC=1C=CC(C#N)=CC1)C2=NC=CS2,4.302,c1ccc(NCCc2nccs2)cc1
XS842170b,O=C(N1CCCC1CF)N2CCOCC2,0.842,O=C(N1CCCC1)N1CCOCC1
XS058644c,CCOC=1C=CC(=CC1)NC2CCCCNC2=O,10.276,O=C1NCCCCC1Nc1ccccc1
XS848303a,CCC(N)C(=O)NC=1C=CC=2CCCC2C1,0.466,c1ccc2c(c1)CCC2
XS848302a,CNCC(=O)N1C=2C=CC=CC2NC(=O)CC1C,0.518,O=C1CCNc2ccccc2N1
XS842716b,CC=1C=C(F)C=CC1NC(C)CC2=CC=NO2,1.048,c1ccc(NCCc2ccno2)cc1
XS667143b,CC=1C=CC(=CN1)NC(=O)N2CCC(C2)C3CC3,0.808,O=C(Nc1cccnc1)N1CCC(C2CC2)C1
XS840191b,CNS(=O)(=O)N1CCC(C)C(F)(F)C1,2.11,C1CCNCC1
XS848309a,CC1=NOC(=N1)C(C)SC=2N=C(C)C=C(N)N2,3.666,c1cnc(SCc2ncno2)nc1
XS848306a,O=C(NCC=1C=CC=CC1)C2CCCO2,8.348,O=C(NCc1ccccc1)C1CCCO1
XS848318a,CN1C=CC=C1C2COCCN2C(=O)C=3C=CC=NC3,15.53,O=C(c1cccnc1)N1CCOCC1c1ccc[nH]1
XS842056b,CC1=NC(C=CC2=NN=C(O2)C3CCOC3)=CS1,4.284,C(=Cc1nnc(C2CCOC2)o1)c1cscn1
XS848325a,CC=1C=C(C)C=C(C1)C(=O)N2CCCC(C2)C(=O)O,0.438,O=C(c1ccccc1)N1CCCCC1
XS637235b,CCC(C)NC(=O)NC=1C=NN(C1)C=2C=CC=CC2,0.406,c1ccc(-n2cccn2)cc1
XS841394b,CC(NS(C)(=O)=O)C(=O)NC1(CC1)C2(C)CC2,0.576,C1CC1C1CC1
XS848322a,CCCC(C)N(C)CC1=NC(=NO1)C=2C=CC=NC2,0.906,c1cncc(-c2ncon2)c1
XS848316a,CCNC(=O)N(C)C1CCCC=2N=C(C)SC21,2.3,c1nc2c(s1)CCCC2
XS848321a,CCC(C)NS(=O)(=O)C=1C=CC(OC)=C(C)C1,0.406,c1ccccc1
XS848324a,CC(OC=1C=CC(C#N)=CC1)C(=O)NC=2C=CNN2,7.032,O=C(COc1ccccc1)Nc1cc[nH]n1
XS757383b,CC1C2=CC=CN2CCN1C(=O)C=3C=CC=C(C#N)C3,5.038,O=C(c1ccccc1)N1CCn2cccc2C1
XS605996b,CC=1C=C(ON1)C(=O)N2CC(C)OC=3C=CC=CC32,2.062,O=C(c1ccno1)N1CCOc2ccccc21
XS842302b,C#CCC(NC(=O)C=1C=NC2=CC=CC=C2N1)C(N)=O,11.458,c1ccc2nccnc2c1
XS842554b,CC(NC(=O)NC1=NN=CS1)C=2C=CC(C#N)=CC2,3.41,O=C(NCc1ccccc1)Nc1nncs1
XS400381b,CC1=NC(=CS1)CCNC(=O)C2CCC(=O)NC2,1.376,O=C1CCC(C(=O)NCCc2cscn2)CN1
XS848328a,O=C(NC1CCOC2(CCC2)C1)C=3C=CC=4C=CNC4C3,2.436,O=C(NC1CCOC2(CCC2)C1)c1ccc2cc[nH]c2c1
XS842062b,CC1=CN=C(S1)C(C)NC(=O)C=2C=C3CCCN3N2,6.212,O=C(NCc1nccs1)c1cc2n(n1)CCC2
XS848335a,O=C(C1CC(=O)N(CC2=CC=CO2)C1)N3CCCCC3,3.702,O=C1CC(C(=O)N2CCCCC2)CN1Cc1ccco1
XS837384b,OCC=1C=C(F)C=CC1NCC2CCCC(F)(F)C2,4.236,c1ccc(NCC2CCCCC2)cc1
XS588503b,CCC1C(=O)NCCN1C(=O)CSC=2C=CC=CC2,1.086,O=C1CN(C(=O)CSc2ccccc2)CCN1
XS848327a,O=C(C1=CSC=N1)N2CCCC2CCC=3C=CC=CC3,4.722,O=C(c1cscn1)N1CCCC1CCc1ccccc1
XS682057b,COC=1N=CC=CC1NC(=O)C2COC=3C=CC=CC3C2,5.178,O=C(Nc1cccnc1)C1COc2ccccc2C1
XS848336a,CC1C=2C=CSC2CCN1CC3=NC(=NO3)C4CC4,1.162,c1cc2c(s1)CCN(Cc1nc(C3CC3)no1)C2
XS582843b,CC(=O)N1CC(C1)C(=O)NC2CCC=3C(O)=CC=CC32,1.716,O=C(NC1CCc2ccccc21)C1CNC1
XS482787b,O=C(O)C=1C=CC(=NC1)N2CCC(CC=3C=CC=CC3)C2,4.618,c1ccc(CC2CCN(c3ccccn3)C2)cc1
XS848326a,O=C(C1CCNC1)N2CCN(CC2)C=3C=CC=CC3F,0.84,O=C(C1CCNC1)N1CCN(c2ccccc2)CC1
XS848332a,NC(=O)C1CCCCN1CC2=CC(=NO2)C=3C=CC=CC3,8.85,c1ccc(-c2cc(CN3CCCCC3)on2)cc1
XS848341a,CCN1C=C(C=N1)NC(=O)NC(C)C(=O)NC(C)(C)C,2.916,c1cn[nH]c1
XS837340b,CC=1C=C(C=C(C#N)N1)NCC2(O)CCCS(=O)(=O)C2,1.802,O=S1(=O)CCCC(CNc2ccncc2)C1
XS837510b,COC1CC=2C=CC(=CC2C1)NC3=CC(C)=NC4=NC=NN34,1.228,c1cc(Nc2ccc3c(c2)CCC3)n2ncnc2n1
XS848349a,O=C(NCC1CCCCC1(F)F)C2=CC=CC3=NC=CN23,0.75,O=C(NCC1CCCCC1)c1cccc2nccn12
XS841034b,COC(=O)C=1OC(=CC1C)CN(C)C(C)C=2C=CC=NC2,3.336,c1cncc(CNCc2ccco2)c1
XS848342a,CC1=CC(=NO1)NC(=O)C(C)SC=2C=CC(C)=CC2C,0.612,O=C(CSc1ccccc1)Nc1ccon1
XS154265c,CC1=NOC(CN(C)C(C)C2=NC=3C=CC=CC3S2)=N1,5.848,c1ccc2sc(CNCc3ncno3)nc2c1
XS426774b,CCN1CCOC(CNC=2N=CC=C(N2)C(F)(F)F)C1,1.114,c1cnc(NCC2CNCCO2)nc1
XS848354a,O=C(NCC1CC=2C=CC=CC21)NC=3C=CC=4OCOC4C3,2.52,O=C(NCC1Cc2ccccc21)Nc1ccc2c(c1)OCO2
XS848356a,CC1=NOC(=N1)C2CCCN(C2)C(=O)NC3CCCCC3,1.578,O=C(NC1CCCCC1)N1CCCC(c2ncno2)C1
XS839828b,CC1=CC=C(O1)C2CCCN2C=3C=NC=C(N3)OCCO,2.262,c1coc(C2CCCN2c2cnccn2)c1
XS848348a,OC1CCCN(C1)C=2C=CC3=NN=C(N3N2)C(F)(F)F,0.402,c1cc2nncn2nc1N1CCCCC1
XS836625b,C#CC=1C=NC(=NC1)NCCC(C(F)F)N2CCOCC2,2.674,c1cnc(NCCCN2CCOCC2)nc1
XS848350a,COC=1C=CC=2CCCC(CC2C1)NC=3C=C(C#N)N=CN3,4.902,c1ccc2c(c1)CCCC(Nc1ccncn1)C2
XS676722b,O=C(NC=1C=CC(=CC1)OCC2CCCO2)C3CCCC3,10.822,O=C(Nc1ccc(OCC2CCCO2)cc1)C1CCCC1
XS848344a,CC=1C=CC=C(C1)C2=NOC(CNC(C)CN3C=CC=N3)=N2,2.676,c1ccc(-c2noc(CNCCn3cccn3)n2)cc1
XS842010b,CCC(NC(=O)C=1C=NN2C(=CC=CC12)OC)C(F)(F)F,2.646,c1ccn2nccc2c1
XS839907b,CNC=1N=C(C)C=C(N1)C(=O)N2CCN(C3CC3)C(C#N)C2,0.676,O=C(c1ccncn1)N1CCN(C2CC2)CC1
XS848361a,CC=1C=NN(C1)CC2CCCCN2C(=O)C=3C=CN=C(C)N3,1.274,O=C(c1ccncn1)N1CCCCC1Cn1cccn1
XS740764b,CC1=CSC=C1NC(=O)N2CCN(C)C(C2)C3=NC=CN3,1.734,O=C(Nc1ccsc1)N1CCNC(c2ncc[nH]2)C1
XS848360a,CC=1C=CC(=CN1)CC(=O)N2CCCCC2CN3C=CC=N3,2.638,O=C(Cc1cccnc1)N1CCCCC1Cn1cccn1
XS848359a,CN1N=C(C=CC1=O)C(=O)N2CCCC(C2)C3=NC=CS3,11.48,O=C(c1ccc(=O)[nH]n1)N1CCCC(c2nccs2)C1
XS839618b,CCN(CCOC=1C=CC=CC1)C(C)CS(=O)(=O)CC,1.596,c1ccccc1
XS788972b,CC1CCCCN1C(=O)CCNC(=O)C=2C=CC(=O)N(C)C2,2.04,O=C(NCCC(=O)N1CCCCC1)c1ccc(=O)[nH]c1
XS848363a,CC=1C=CC(=CC1)C2=CN=C(CCC(=O)OC(C)C(N)=O)O2,7.268,c1ccc(-c2cnco2)cc1
XS661424b,COC=1C=C(C)C(=CC1C)S(=O)(=O)NCC2CCCO2,1.332,O=S(=O)(NCC1CCCO1)c1ccccc1
XS848370a,CC1=NN(C)C(C)=C1NC(=O)C(C)SC=2C=CC(C)=CC2,0.708,O=C(CSc1ccccc1)Nc1cn[nH]c1
XS837166b,COC=1C=CN=C(N1)NNC(=O)C2CCCC=3C=CC=CC32,1.116,O=C(NNc1ncccn1)C1CCCc2ccccc21
XS837325b,CC1=NC2=C(CCCC2C3=NC(=NO3)C=4N=CC=CN4)S1,1.924,c1cnc(-c2noc(C3CCCc4scnc43)n2)nc1
XS653391b,CN(C)S(=O)(=O)NC1CCN(C1)C=2C=CC(F)=CC2F,1.604,c1ccc(N2CCCC2)cc1
XS838450b,CN1CCC(OC(=O)C=2C=CC=C3N=C(O)C(O)=NC23)C1=O,14.98,O=C(OC1CCNC1=O)c1cccc2nccnc12
XS848368a,NC(=O)C1CCN(C1)C(=O)C2=CC=C(O2)C=3C=CC(F)=CC3,0.842,O=C(c1ccc(-c2ccccc2)o1)N1CCCC1
XS848365a,CCS(=O)(=O)N1CCC(CC1)NC(=O)C2CC=CCC2,1.632,O=C(NC1CCNCC1)C1CC=CCC1
XS837656b,COCC(CS(=O)(=O)C=1C=C(C)C=NC1OC)C(C)C,1.334,c1ccncc1
XS848381a,CC=1C=CC(=CC1)CC(=O)N2C=3C=CC=CC3CC2CC(=O)O,1.166,O=C(Cc1ccccc1)N1CCc2ccccc21
XS840855b,COC=1C=CC=CC1CC(C)N(C)C=2C=CC3=NC=CN=C3N2,0.4,c1ccc(CCNc2ccc3nccnc3n2)cc1
XS842194b,ClC=1C=C(C=C2OCOC12)C3=NC(=NO3)C4COCCN4,10.964,c1cc2c(cc1-c1nc(C3COCCN3)no1)OCO2
XS840749b,CC1=CC=C(CC(C)NC(=O)CC=2C(C)=NOC2Cl)S1,0.898,O=C(Cc1cnoc1)NCCc1cccs1
XS848371a,O=C(C1CC=2C=CC=CC2O1)N3CCN(CC3)C=4N=CC=CN4,18.002,O=C(C1Cc2ccccc2O1)N1CCN(c2ncccn2)CC1
XS839735b,CC1=CC(=NO1)OCC(=O)N2CCCCC2C3=NC=CS3,14.484,O=C(COc1ccon1)N1CCCCC1c1nccs1
XS713227b,CC=1C=C(N=C(C)N1)N2CCCC2C=3C=CC=4OCCOC4C3,0.98,c1cc(N2CCCC2c2ccc3c(c2)OCCO3)ncn1
XS841985b,CC=1C=CC2=C(N1)OCCN2S(=O)(=O)CC3CCCCO3,0.67,O=S(=O)(CC1CCCCO1)N1CCOc2ncccc21
XS848378a,CCOC=1C=CC=CC1C(=O)OCC(=O)NCC2CCCO2,1.288,O=C(COC(=O)c1ccccc1)NCC1CCCO1
XS848376a,CCC(OC(=O)C=1C=CC=CC1F)C(=O)NC=2C=C(C)ON2,19.866,O=C(COC(=O)c1ccccc1)Nc1ccon1
XS848384a,COC=1C=CC(C)=CC1CN(C)C(=O)C(NC(C)=O)C(C)C,7.298,c1ccccc1
XS848382a,CC=1C=CC(Cl)=C(C1)OC(C)C(=O)N(C)C2=NC=CS2,1.794,O=C(COc1ccccc1)Nc1nccs1
XS848383a,CC=1C=C(ON1)C(=O)NC(C)C=2C=CC(Br)=CC2,1.144,O=C(NCc1ccccc1)c1ccno1
XS838374b,COC=1C=CC(=CC1NC2COC3(C2)CCOCC3)C(C)(C)C,5.292,c1ccc(NC2COC3(CCOCC3)C2)cc1
XS848389a,CC1=C(C=CN1C)C(=O)N2CCC(C2)NC=3C=CC=C(Cl)C3,1.39,O=C(c1cc[nH]c1)N1CCC(Nc2ccccc2)C1
XS848393a,CC(C)C=1C=CC=C(C1)CNC(=O)C2CCC3=NNC(=O)N3C2,15.002,O=C(NCc1ccccc1)C1CCc2n[nH]c(=O)n2C1
XS842557b,O=S(=O)(CC=1C=CC=CC1)N2CCCC2C=3N=CC=C(O)N3,1.57,O=S(=O)(Cc1ccccc1)N1CCCC1c1ncccn1
XS848391a,CC1=NOC=2N=C(C)C=C(C(=O)N3CCOC(C3)C4CCC4)C12,1.032,O=C(c1ccnc2oncc12)N1CCOC(C2CCC2)C1
XS670047b,COCC1(CCCN1C(=O)C=2C=CC=CC2OC3CC3)C(N)=O,4.786,O=C(c1ccccc1OC1CC1)N1CCCC1
XS848392a,CC=1C=CC(C)=C(C1)CS(=O)CCC(=O)NC=2C=CC=CC2,3.552,O=C(CCS(=O)Cc1ccccc1)Nc1ccccc1
XS731500b,CC1CN(CC2CCCCC2)CCN1C=3C=CC4=NN=CN4N3,0.874,c1cc2nncn2nc1N1CCN(CC2CCCCC2)CC1
XS848394a,CC(NC(=O)C=1C=CN(C)C(=O)C1)C=2C=CC=3OCCOC3C2,12.424,O=C(NCc1ccc2c(c1)OCCO2)c1cc[nH]c(=O)c1
XS848398a,CC1=NOC(C)=C1CC(=O)N2CCCC2C=3C=CC=C(Cl)C3,4.492,O=C(Cc1cnoc1)N1CCCC1c1ccccc1
XS768270b,CC(C)N1C=C(C=N1)S(=O)(=O)N(C)C2CCC=3C=CC=CC32,1.972,O=S(=O)(NC1CCc2ccccc21)c1cn[nH]c1
XS837677b,CC(C)(OCC(F)(F)F)C(=O)NC1CS(=O)(=O)C1(C)C,0.67,O=S1(=O)CCC1
XS836468b,CC(C)C(C)(NS(=O)(=O)C=1C=CC=CC1C(F)F)C(N)=O,4.332,c1ccccc1
XS848388a,O=C(NC=1C=CC(F)=C(Cl)C1)C2CC(=O)NC=3C=CC=CC32,3.524,O=C1CC(C(=O)Nc2ccccc2)c2ccccc2N1
XS840477b,CC1=CC(=NO1)NC(=O)C(C)OC=2C=CC=3C=CC(=O)OC3C2,6.916,O=C(COc1ccc2ccc(=O)oc2c1)Nc1ccon1
XS848397a,COCC(C)N(C)C(=O)C=1C=C(N=C2C1C(C)=NN2C)C(C)C,1.55,c1cnc2[nH]ncc2c1
XS848395a,COC=1C=CC(=CC1)N2CCN(CC2)C(=O)C(C)N3C=NC=N3,0.972,O=C(Cn1cncn1)N1CCN(c2ccccc2)CC1
XS848386a,O=C(NC=1C=CC=C(C1)C2=CC=CS2)NC3CCCNC3=O,15.992,O=C(Nc1cccc(-c2cccs2)c1)NC1CCCNC1=O
XS848396a,CC=1C=C(NC(=O)C2CC(=O)N(C2)C=3C=CC=CC3F)N(C)N1,3.318,O=C(Nc1ccn[nH]1)C1CC(=O)N(c2ccccc2)C1
XS841938b,C=1C=CC(=NC1)C=2C=CC=C(C2)CNC3COCC=4C=CC=CC43,0.678,c1ccc(-c2cccc(CNC3COCc4ccccc43)c2)nc1
XS842166b,COC(=O)C(C)CS(=O)(=O)NC=1C=NOC1C=2C=CC=CC2,1.878,c1ccc(-c2ccno2)cc1
XS848408a,CC1CN(CCO1)C(=O)C2=CSC(=N2)C=3C=CC(Cl)=CC3,3.362,O=C(c1csc(-c2ccccc2)n1)N1CCOCC1
XS848404a,CCC1=NC(C)=C(S1)C(=O)N2CCCC(C2)C3=NOC(C)=N3,9.992,O=C(c1cncs1)N1CCCC(c2ncon2)C1
XS836681b,CN1C=2C=CC=CC2C(=O)NC1C=3C=NN(C3)C=4C=CC(F)=CC4,16.926,O=C1NC(c2cnn(-c3ccccc3)c2)Nc2ccccc21
XS848415a,COC=1C=CC=C(C(=O)NC(C)C2=CC=3C=CC=CC3O2)C1OC,3.296,O=C(NCc1cc2ccccc2o1)c1ccccc1
XS841986b,COC=1C=CC(=C(C)C1)S(=O)(=O)N2CCCC32CCNC3=O,14.036,O=C1NCCC12CCCN2S(=O)(=O)c1ccccc1
XS433109b,CCC1=NOC=2N=CC(=CC12)C(=O)N3CCCC(C3)C4=CC=NN4,6.738,O=C(c1cnc2oncc2c1)N1CCCC(c2ccn[nH]2)C1
XS848409a,CC(C)C=1C=CC(=CC1)NC(=O)CC(NC(N)=O)C=2C=CC=CC2,1.26,O=C(CCc1ccccc1)Nc1ccccc1
XS848412a,COC=1C=CC(=CC1)C2CCCN2S(=O)(=O)C3=CC=CS3,12.474,O=S(=O)(c1cccs1)N1CCCC1c1ccccc1
XS848406a,CCCN(CC(=O)NC(=O)NC)CC1COC=2C=CC=CC2O1,2.346,c1ccc2c(c1)OCCO2
XS848402a,CC=1C=CC=C(C1)CN2CCCC2C=3C=CC=4OCCCOC4C3,2.742,c1ccc(CN2CCCC2c2ccc3c(c2)OCCCO3)cc1
XS848414a,CC=1C=C(C(=O)NC(C)C=2C=CC(Br)=CC2)N(C)N1,1.78,O=C(NCc1ccccc1)c1ccn[nH]1
XS848403a,CC=1C=CC(=CN1)C(=O)N2CCCC2C=3C=CC=C4OCCOC34,4.03,O=C(c1cccnc1)N1CCCC1c1cccc2c1OCCO2
XS553205b,CC1=NOC(=N1)C2CCN(C2)S(=O)(=O)C=3C=CC=C(F)C3C,1.356,O=S(=O)(c1ccccc1)N1CCC(c2ncno2)C1
XS842353b,CS(=O)(=O)C=1SC=CC1C2=NOC(C=CC3CCOC3)=N2,2.85,C(=CC1CCOC1)c1nc(-c2ccsc2)no1
XS753260b,CC=1C=C(NN1)C2CCCN(C2)C(=O)C=3C=C(F)C(F)=CC3F,3.034,O=C(c1ccccc1)N1CCCC(c2ccn[nH]2)C1
XS848401a,CC1=NN(C)C(C)=C1C(C)NC(=O)NC=2C=CC=C(C2)C(F)F,1.84,O=C(NCc1cn[nH]c1)Nc1ccccc1
XS848410a,N#CC=1C=CC(=CC1)NC(=O)NCC2CCN(C2)C=3C=CC=CC3,3.468,O=C(NCC1CCN(c2ccccc2)C1)Nc1ccccc1
XS707130b,CC=1N=C(C)N(CC2CN(CC=3C=CC(C#N)=CC3F)CCO2)N1,6.288,c1ccc(CN2CCOC(Cn3cncn3)C2)cc1
XS836824b,COCC=1C=C(N=C(C)N1)NC2CCCC=3C=CC(=CC3C2)OC,1.114,c1ccc2c(c1)CCCC(Nc1ccncn1)C2
XS848419a,CC=1C=NN(C1)CC2CCCCN2CC3=NN=C(O3)C4=CC=CO4,6.434,c1coc(-c2nnc(CN3CCCCC3Cn3cccn3)o2)c1
XS842693b,CC1=CSC(=N1)C2CCCN(CC=3C=CC=C4NC(=O)OC34)C2,2.878,O=c1[nH]c2cccc(CN3CCCC(c4nccs4)C3)c2o1
XS805251b,O=C(C=1C=C(Cl)C=C(Cl)C1)N2CCOCC2C=3N=CON3,4.466,O=C(c1ccccc1)N1CCOCC1c1ncon1
XS837843b,CCCS(=O)(=O)NC=1C=CC=C(C1)NC(=O)NC(C)COC,3.406,c1ccccc1
XS848417a,NC(=O)CCC1CCCN(C1)C(=O)CC2=CSC=3C=CC=CC23,0.792,O=C(Cc1csc2ccccc12)N1CCCCC1
XS848426a,N#CC=1C=CC(=CC1)OCCN2CCN(CC2)C(=O)C3CCCO3,1.906,O=C(C1CCCO1)N1CCN(CCOc2ccccc2)CC1
XS848418a,CCCCN1N=C(C=CC1=O)C(=O)N2CCCC(C2)N3C=NC=N3,0.69,O=C(c1ccc(=O)[nH]n1)N1CCCC(n2cncn2)C1
XS839953b,CC(C)(C)CCS(=O)(=O)N1CCNC(=O)C1C2=CC=CS2,1.86,O=C1NCCNC1c1cccs1
XS848427a,CN(CC(=O)NC(C)(C)C)C(=O)C(C=1C=CC=CC1)N2C=CC=N2,2.36,c1ccc(Cn2cccn2)cc1
XS848424a,CC1=NN(N=C1C(=O)N(CC2CCOC2)C3CC3)C=4C=CC=CC4,0.432,O=C(c1cnn(-c2ccccc2)n1)N(CC1CCOC1)C1CC1
XS838002b,CC(CC#N)N1N=CC2=C(NC=3C=CC=C(Br)C32)C1=O,4.23,O=c1[nH]ncc2c1[nH]c1ccccc12
XS840658b,CNC(=O)C(C)CN(C)C(=O)NC=1C=CC=CC1C2=CC=CS2,0.826,c1ccc(-c2cccs2)cc1
XS848438a,CC=1C=CC=C(C1)NC(C)C(=O)NC=2C=CC(=CC2)S(N)(=O)=O,1.38,O=C(CNc1ccccc1)Nc1ccccc1
XS848440a,CCOC=1C=CC(=CC1)C2NC(=O)NC(C)=C2C(=O)OCCOC,7.82,O=C1NC=CC(c2ccccc2)N1
XS701361b,CCC1C(=O)NCCN1C(=O)NC=2C=C(F)C=C(C2)N3CCCC3,3.528,O=C1CN(C(=O)Nc2cccc(N3CCCC3)c2)CCN1
XS848428a,CC1=C(C=NN1C=2C=CC=CC2)C(=O)NC(C(=O)O)C=3C=CC=CC3,1.268,O=C(NCc1ccccc1)c1cnn(-c2ccccc2)c1
XS838082b,N#CC1CN(CCO1)C=2N=CC(Cl)=C(N2)NC=3C=CC(F)=CC3,2.826,c1ccc(Nc2ccnc(N3CCOCC3)n2)cc1
XS611146b,CC(NC(=O)C=1C=CC=C(Br)C1)C2=NN=C3CCCN23,2.99,O=C(NCc1nnc2n1CCC2)c1ccccc1
XS836841b,COC(=O)C1=CN(N=N1)C2CCCN(CC3=NC(=NO3)N(C)C)C2,0.722,c1cn(C2CCCN(Cc3ncno3)C2)nn1
XS848441a,CC=1C=CC=2C(=CC(=O)OC2C1)CN3CCCC3C=4C=CC(O)=CC4,10.41,O=c1cc(CN2CCCC2c2ccccc2)c2ccccc2o1
XS848435a,COCC1(CCCN1CC=2C=NN(C2)C=3C=CC(F)=CC3)C(N)=O,1.126,c1ccc(-n2cc(CN3CCCC3)cn2)cc1
XS840100b,CC1CN(CCN1C=2C=CN=CC2F)S(=O)(=O)C=3C=CC=CN3,3.332,O=S(=O)(c1ccccn1)N1CCN(c2ccncc2)CC1
XS848430a,CC=1C=C(C)C=C(C1)C(=O)NC=2C=CC(Cl)=C(C2)CS(C)=O,6.924,O=C(Nc1ccccc1)c1ccccc1
XS848431a,CC1CN(CCCO1)C(=O)C=2C=CC(=NC2)N3C=NC=4C=CC=CC43,8.018,O=C(c1ccc(-n2cnc3ccccc32)nc1)N1CCCOCC1
XS667427b,CC=1OC(=NC1C(=O)N2CCOCC32CCOC3)C4=CC=CS4,1.886,O=C(c1coc(-c2cccs2)n1)N1CCOCC12CCOC2
XS848432a,COC=1C=CC=CC1NC(=O)NC2CCSC=3C(F)=CC=CC32,2.224,O=C(Nc1ccccc1)NC1CCSc2ccccc21
XS548567b,CC=1C=CC(C(=O)N2CCCC(O)(C2)C(N)=O)=C(Br)C1,4.066,O=C(c1ccccc1)N1CCCCC1
XS848450a,CC(SC=1N=CN=C2C1C=NN2C)C(=O)C3=CNC=4C=CC=CC34,8.614,O=C(CSc1ncnc2[nH]ncc12)c1c[nH]c2ccccc12
XS848459a,CCN(CC=1C=CC=CC1)C(=O)NC2CC(=O)N(C2)C=3C=CC=CC3,4.326,O=C(NCc1ccccc1)NC1CC(=O)N(c2ccccc2)C1
XS839635b,N#CC=1C=NC2=C(F)C=CC(Cl)=C2C1NC3CCS(=O)(=O)C3,1.724,O=S1(=O)CCC(Nc2ccnc3ccccc23)C1
XS848447a,CC=1C=CC(=CC1)OC=2C=CC=CC2CNC(=O)C3CCNC(=O)C3,10.35,O=C1CC(C(=O)NCc2ccccc2Oc2ccccc2)CCN1
XS841988b,O=C(NC=1C=CC=C2NC=CC12)C(=O)N3CCCCC3C=4C=NNC4,4.964,O=C(Nc1cccc2[nH]ccc12)C(=O)N1CCCCC1c1cn[nH]c1
XS848452a,CNC(=O)C1CCCCN1S(=O)(=O)C=2C=NN(C2)C3CCCC3,1.012,O=S(=O)(c1cnn(C2CCCC2)c1)N1CCCCC1
XS848448a,CC1=NC(=NO1)C2CCCCCN2C(=O)NC=3C=C(C#N)C=CC3C,12.976,O=C(Nc1ccccc1)N1CCCCCC1c1ncon1
XS839063b,CC(C)N1C=NN=C1C2CCCN(C2)C(=O)C=3C=NC=4NC=CC4C3,6.608,O=C(c1cnc2[nH]ccc2c1)N1CCCC(c2nnc[nH]2)C1
XS839100b,O=C(CN1CCOC2(CCSC2)C1)NCC=3C=CC=C(Cl)C3,1.024,O=C(CN1CCOC2(CCSC2)C1)NCc1ccccc1
XS848449a,N#CC=1C=CC=NC1N2CCN(CC2)C(=O)C3CCC4=NC=CN4C3,10.046,O=C(C1CCc2nccn2C1)N1CCN(c2ccccn2)CC1
XS842604b,CC(CN1C=CC=N1)NC(=O)C2=CC=3COC=4C=CC=CC4C3S2,9.704,O=C(NCCn1cccn1)c1cc2c(s1)-c1ccccc1OC2
XS848446a,CC1=CC=C(O1)C2CCCN2S(=O)(=O)N(C)CC3=NC=CN3C,0.898,O=S(=O)(NCc1ncc[nH]1)N1CCCC1c1ccco1
XS848461a,CC(C(=O)NCC1=NN=C2CCCN12)C=3C(Cl)=CC=CC3Cl,1.322,O=C(Cc1ccccc1)NCc1nnc2n1CCC2
XS393557b,CC1=CN2N=C(SC2=N1)N3CCC(CNC=4C=CC(C#N)=CN4)C3,7.212,c1ccc(NCC2CCN(c3nn4ccnc4s3)C2)nc1
XS848454a,CCC=1C=CC(=CC1)OCC(=O)N2CCCC(C2)NS(C)(=O)=O,1.678,O=C(COc1ccccc1)N1CCCCC1
XS848460a,COC(=O)C(NC(=O)C1=CC=CO1)C=2C=CC(Br)=CC2,0.906,O=C(NCc1ccccc1)c1ccco1
XS848444a,CN1C=C(C=N1)C(=O)N2CCCCC2C=3C=CC(=CC3)C(F)(F)F,12.568,O=C(c1cn[nH]c1)N1CCCCC1c1ccccc1
XS848457a,CN1CCC(CC1=O)C(=O)NC=2C=CC(=O)N(C2)CC=3C=CC=CC3,4.12,O=C1CC(C(=O)Nc2ccc(=O)n(Cc3ccccc3)c2)CCN1
XS676185b,CC1=NOC(=N1)C(C)S(=O)(=O)CC2=CSC(=N2)C3CCCC3,2.672,O=S(=O)(Cc1csc(C2CCCC2)n1)Cc1ncno1
XS839320b,COC=1C=NC(=CN1)CN(CC2CC32CCC3)C(=O)C4=CC(C)=NO4,4.112,O=C(c1ccno1)N(Cc1cnccn1)CC1CC12CCC2
XS838661b,COC(=O)C=1C=C(C#N)C=CC1N2CC(CC32CCCC3)C(=O)OC,0.572,c1ccc(N2CCCC23CCCC3)cc1
XS665866b,CC=1C=CC=C(C1)OCCNC(=O)CN2CCCC(C2)C3=CC=NN3,0.776,O=C(CN1CCCC(c2ccn[nH]2)C1)NCCOc1ccccc1
XS848472a,CCCC(=O)N1CCC(CC1)C(=O)NC2CCCCC=3C=CC=CC32,1.828,O=C(NC1CCCCc2ccccc21)C1CCNCC1
XS837223b,O=C(NCC=1C=CN=C(C1)OC2CCOC2)C3=COC(CC4CC4)=N3,3.196,O=C(NCc1ccnc(OC2CCOC2)c1)c1coc(CC2CC2)n1
XS690318b,CC(NC(=O)C=1C=COC1)C(=O)N2CCC(CC=3C=CC=CC3)CC2,7.86,O=C(NCC(=O)N1CCC(Cc2ccccc2)CC1)c1ccoc1
XS839466b,CC(OC=1C=CN=C(C1)NCC2=CON=C2C3CCC3)C(F)(F)F,0.602,c1ccc(NCc2conc2C2CCC2)nc1
XS840509b,CC1=C(C=NN1C)C(C)NC(=O)C2=CC=3C=C(C=CC3S2)[N+]([O-])=O,3.578,O=C(NCc1cn[nH]c1)c1cc2ccccc2s1
XS848465a,COC=1C=CC=CC1C(C)NC(=O)CN2C=NC=3C=CSC3C2=O,2.302,O=C(Cn1cnc2ccsc2c1=O)NCc1ccccc1
XS848464a,CC1=CN=C(O1)C=2C=CC=C(C2)NC(=O)NC(CO)CC3CCCC3,12.618,O=C(NCCC1CCCC1)Nc1cccc(-c2ncco2)c1
XS560122b,CCCC(=O)NCC1CCCN(C1)C(=O)C=2C=NC3=CC=CC=C3N2,4.07,O=C(c1cnc2ccccc2n1)N1CCCCC1
XS848469a,NC(=O)C1CCCN(C1)C(=O)C=2C=C(Br)C=CC2Cl,1.8,O=C(c1ccccc1)N1CCCCC1
XS839198b,COCC(C)(O)CN1N=C(C=C(C1=O)C(F)(F)F)C=2C=CC=CC2,1.168,O=c1ccc(-c2ccccc2)n[nH]1
XS848466a,O=C1NCCCCC1SC2=NC=3CCCCC3N2C=4C=CC=CC4,0.712,O=C1NCCCCC1Sc1nc2c(n1-c1ccccc1)CCCC2
XS848485a,CCCN(CCOC=1C=CC=CC1F)C(C)C(=O)NC=2C=CC=CC2,3.664,O=C(CNCCOc1ccccc1)Nc1ccccc1
XS848481a,O=C(NC=1C=CC(=O)N(C1)CC=2C=CC=CC2)C3CCS(=O)(=O)C3,10.5,O=C(Nc1ccc(=O)n(Cc2ccccc2)c1)C1CCS(=O)(=O)C1
XS848475a,COC(=O)CC(NC(=O)NC=1C=CN=CC1)C=2C=CC(=CC2)SC,4.866,O=C(NCc1ccccc1)Nc1ccncc1
XS848478a,O=C(NCC1=NC(=CS1)C(F)(F)F)C2CC=3C=CC=C(F)C3O2,1.302,O=C(NCc1nccs1)C1Cc2ccccc2O1
XS678658b,CC(C)(C)C1=NOC(CCC(=O)N2CCCC(C2)C3=NC=CS3)=N1,0.81,O=C(CCc1ncno1)N1CCCC(c2nccs2)C1
XS842067b,COC(=O)C(C)(CC1=CCCCC1)NC(=O)C=2C=CC(=CN2)C(N)=O,1.408,O=C(NCCC1=CCCCC1)c1ccccn1
XS803053b,COC=1C=CC=C(C1)CN(C)C(=O)CC(NC(C)=O)C2=CC=CS2,10.316,O=C(CCc1cccs1)NCc1ccccc1
XS848480a,CCOC=1C(Br)=CC(=CC1OC)C(=O)NC(C)COC,1.128,c1ccccc1
XS840940b,O=C(NCC=1C=CC(=C(F)C1)C2CC2)NC(CO)C=3C=CC(F)=CC3,1.136,O=C(NCc1ccccc1)NCc1ccc(C2CC2)cc1
XS848473a,COC=1C=CC(=CC1)CCC(=O)N2CCCC(CNC(=O)C(C)C)C2,2.086,O=C(CCc1ccccc1)N1CCCCC1
XS842672b,O=C1C=C(CN2CCCC3(CCCC=4C=CC=CC43)C2)NC5=CC=NN15,1.018,O=c1cc(CN2CCCC3(CCCc4ccccc43)C2)[nH]c2ccnn12
XS447278b,CC1=NC(=NO1)C(NS(=O)(=O)C=2C=CC(C)=CC2)C=3C=NN(C)C3,3.082,O=S(=O)(NC(c1cn[nH]c1)c1ncon1)c1ccccc1
XS837539b,COC(=O)C1=CN=C2N=C(C=CN12)NC(CF)C=3C=CC(Cl)=CC3,5.242,c1ccc(CNc2ccn3ccnc3n2)cc1
XS837096b,CC(NC(=O)NC=1C=CC(=CC1)N2N=CC=3C=CC=CC32)C=4N=CNN4,17.194,O=C(NCc1nc[nH]n1)Nc1ccc(-n2ncc3ccccc32)cc1
XS837175b,NC=1N=CC(Cl)=CC1S(=O)(=O)NCCCOCC2CCCO2,3.404,O=S(=O)(NCCCOCC1CCCO1)c1cccnc1
XS838878b,O=C(CC=1C=COC1)N(CC2=NC=C3C=CC=CN23)CC4CC54CCC5,0.724,O=C(Cc1ccoc1)N(Cc1ncc2ccccn12)CC1CC12CCC2
XS848491a,CCCC1=NC(=CS1)CN(C)C(C)C=2C=CC(=CC2)S(C)(=O)=O,5.266,c1ccc(CNCc2cscn2)cc1
XS837043b,CC(C)OC=1C=NC=CC1NC(=O)C(C(=O)OC(C)(C)C)C(C)(C)C,0.864,c1ccncc1
XS742942b,CCN1CCN(C(=O)C(NC(=O)C2=CC=CO2)C(C)C)C=3C=CC=CC31,0.698,O=C(NCC(=O)N1CCNc2ccccc21)c1ccco1
XS764690b,CN1C=CC(=N1)N2CCCC(NC(=O)C3(CCC3)C=4C=CC=CC4)C2=O,8.616,O=C1C(NC(=O)C2(c3ccccc3)CCC2)CCCN1c1cc[nH]n1
XS848487a,CC=1C=NN(C1)CC2CCCCN2C(=O)C3=CN=CN3C=4C=CC=CC4,0.8,O=C(c1cncn1-c1ccccc1)N1CCCCC1Cn1cccn1
XS848490a,CC1=CC(=NO1)NC(=O)C(C)SCC(=O)NCC=2C=CC=CC2F,1.65,O=C(CSCC(=O)Nc1ccon1)NCc1ccccc1
XS839583b,CCC(C)(C)C1=NN=C(NC2CCS(=O)(=O)C=3C=CC(F)=CC32)O1,0.826,O=S1(=O)CCC(Nc2nnco2)c2ccccc21
XS517856b,CN1N=NC=C1C(=O)NC2CCN(C2)C=3C=CC=C(C3)OC(F)(F)F,1.39,O=C(NC1CCN(c2ccccc2)C1)c1cnn[nH]1
XS571658b,COCC1=NNC(=N1)C2CCCCN2C(=O)CC=3C(F)=CC=CC3F,1.532,O=C(Cc1ccccc1)N1CCCCC1c1ncn[nH]1
XS839069b,CC1CN(C(=O)C=2C=CC(Cl)=C(C2)S(C)(=O)=O)C=3C=CC=NC31,26.912,O=C(c1ccccc1)N1CCc2ncccc21
XS767548b,CC=1C=CC=2NC(=CC2C1)C(=O)N3CCN(CC4CCCCN4C)CC3,2.932,O=C(c1cc2ccccc2[nH]1)N1CCN(CC2CCCCN2)CC1
XS841814b,CN1C(CO)=NC=2C=C(C=CC21)C(=O)NC3CCCC=4C=CC=C(F)C43,1.744,O=C(NC1CCCc2ccccc21)c1ccc2[nH]cnc2c1
XS838144b,COCC(C)S(=O)(=O)NCC=1C=CC(=CC1)CN2C=CC=CC2=O,3.1,O=c1ccccn1Cc1ccccc1
XS840669b,CC(C)N1C=CC=C1C(=O)NC(C)C=2C=CC=CC2NS(C)(=O)=O,1.096,O=C(NCc1ccccc1)c1ccc[nH]1
XS848501a,CCC(NC(=O)CC1=CC(OC)=C(OC)C(=C1)OC)C=2C=CC(C)=CC2,2.734,O=C(Cc1ccccc1)NCc1ccccc1
XS707137b,COC=1C=CC=C(C1)N2CC(CC2=O)C(=O)NC=3C=CC=C(Cl)C3C,10.136,O=C(Nc1ccccc1)C1CC(=O)N(c2ccccc2)C1
XS848507a,O=C(C=1C=C(NN1)C=2C=CC=CC2)N(CC=3C=CC=NC3)CC4CCCO4,5.282,O=C(c1cc(-c2ccccc2)[nH]n1)N(Cc1cccnc1)CC1CCCO1
XS848503a,CNC(=O)CN1C=2C=CC=CC2C(=O)N(C)C1C3=CC=4C=CC=CC4OC3,1.356,O=C1NC(C2=Cc3ccccc3OC2)Nc2ccccc21
XS148592c,[O-][N+](=O)C=1C=CC2=C(C1)CCN2C(=O)CN3CCCC3C4=CC=CS4,1.408,O=C(CN1CCCC1c1cccs1)N1CCc2ccccc21
XS848498a,COC=1C=CC(=CC1F)CN(C)C(=O)C2CC(=O)NC=3C=C(F)C=CC32,7.934,O=C1CC(C(=O)NCc2ccccc2)c2ccccc2N1
XS848499a,O=C(NCC=1C=CC=CC1OC(F)F)NCC2COC=3C=CC=CC3O2,1.876,O=C(NCc1ccccc1)NCC1COc2ccccc2O1
XS848505a,CC(C(=O)NC=1C=CC(=CC1)S(N)(=O)=O)N2CCCC=3C=CC=CC32,2.85,O=C(CN1CCCc2ccccc21)Nc1ccccc1
XS837933b,CC1=CC(=CN(C)C1=O)C(=O)NC2(C)CCN(C2)C=3N=CN=C(C)C3F,3.414,O=C(NC1CCN(c2ccncn2)C1)c1ccc(=O)[nH]c1
XS837306b,CC(C)(C)C1CCCN(C1)C=2N=CC(=CC2C(F)(F)F)S(N)(=O)=O,1.112,c1ccc(N2CCCCC2)nc1
XS840776b,CC=1C=CC=C(C1S(=O)(=O)NC(C)C2=NN=C3C=CC=CN23)[N+]([O-])=O,2.648,O=S(=O)(NCc1nnc2ccccn12)c1ccccc1
XS848506a,COC(CNC=1C=CN2N=CC(Br)=C2N1)CC=3C=CC=CC3,1.414,c1ccc(CCCNc2ccn3nccc3n2)cc1
XS848496a,CC=1N=C(SCC(=O)NCC2CCCO2)C=3C=4CCCC4SC3N1,1.188,O=C(CSc1ncnc2sc3c(c12)CCC3)NCC1CCCO1
XS848515a,CC(SC1=NC=2C=C(C=CC2O1)S(=O)(=O)N3CCCCC3)C(N)=O,5.198,O=S(=O)(c1ccc2ocnc2c1)N1CCCCC1
XS839413b,CC(CN(C)C(=O)C=1C=C(OCC2CC2)C3=CC=CC=C3N1)C4=NN=NN4,0.598,O=C(NCCc1nnn[nH]1)c1cc(OCC2CC2)c2ccccc2n1
XS848525a,CCN1C(=O)N(CC(=O)NC(C)CC=2C(F)=CC=CC2F)C=3C=CC=CC31,0.5,O=C(Cn1c(=O)[nH]c2ccccc21)NCCc1ccccc1
XS848518a,CCOC=1C=CC(=CC1)C(C)NC(=O)C=2C=CC(=NC2)OCC(F)(F)F,1.586,O=C(NCc1ccccc1)c1cccnc1
XS848523a,CN(C=1C=CC=CC1)S(=O)(=O)C=2C=CC=C(C2)C(=O)OCC3CCCO3,1.11,O=C(OCC1CCCO1)c1cccc(S(=O)(=O)Nc2ccccc2)c1
XS738833b,CNC(=O)C(NS(=O)(=O)C=1C=CC=2NC(=O)CCC2C1)C=3C=CC=CC3,3.26,O=C1CCc2cc(S(=O)(=O)NCc3ccccc3)ccc2N1
XS848522a,O=C(CN1C=NC=2SC=CC2C1=O)NC(C=3C=CC=CC3)C(F)(F)F,1.094,O=C(Cn1cnc2sccc2c1=O)NCc1ccccc1
XS722287b,O=C1C=2C=CC=CC2C=NN1CC(O)COC=3C=CC(Br)=CC3,13.188,O=c1c2ccccc2cnn1CCCOc1ccccc1
XS785093b,CC(NC(=O)C=1C=CC=CC1N2CCCC2=O)C3=NC(=CS3)C(C)(C)C,1.296,O=C(NCc1nccs1)c1ccccc1N1CCCC1=O
XS848513a,CCCCN1C(=O)C=2C=CC(=CC2C1=O)C(=O)OCC(=O)NC(C)C(C)C,1.996,O=C1NC(=O)c2ccccc21
XS836725b,CCCCN(C(=O)CN1C(=O)C(=CC=C1C(F)(F)F)C(N)=O)C(C)CC,0.498,O=c1cccc[nH]1
XS839119b,CC(C(=O)OCCN1C=NC=CC1=O)C=2C=CC(Br)=C(F)C2,4.642,O=C(Cc1ccccc1)OCCn1cnccc1=O
XS837650b,O=C(CN1C=CC=2C=CC=CC21)NC(CO)C=3C=CC(Br)=CC3,9.366,O=C(Cn1ccc2ccccc21)NCc1ccccc1
XS848520a,CC(C)C(=O)N1CCCC(C1)C(=O)NCC(=O)NC=2C=CC(F)=C(F)C2,1.062,O=C(CNC(=O)C1CCCNC1)Nc1ccccc1
XS848512a,CN1CCN(CC1)C=2C=CC(=CN2)NC(=O)C3CCC=4C(Cl)=CC=CC43,2.598,O=C(Nc1ccc(N2CCNCC2)nc1)C1CCc2ccccc21
XS659002b,COC=1C=CC(CN(C)C(C)C(=O)NC=2C=CC=3OCCOC3C2)=C(C1)OC,1.018,O=C(CNCc1ccccc1)Nc1ccc2c(c1)OCCO2
XS848534a,CC(NC(=O)NC=1C=CC(F)=CC1C#N)C=2C=CC=C(C2)NS(C)(=O)=O,1.692,O=C(NCc1ccccc1)Nc1ccccc1
XS848538a,CCN1C(=NC=2C=CC=CC21)SC(C(=O)N3CCOCC3)C=4C=CC=CC4,5.068,O=C(C(Sc1nc2ccccc2[nH]1)c1ccccc1)N1CCOCC1
XS848532a,CSCCC(NC(=O)C=1C=CC=CC1Cl)C(=O)N2CCCCCCC2,1.626,O=C(NCC(=O)N1CCCCCCC1)c1ccccc1
XS678009b,CC1CC(=O)N(C)C=2C=CC(=CC21)NS(=O)(=O)C=3C=C(F)C=C(Cl)C3,0.5,O=C1CCc2cc(NS(=O)(=O)c3ccccc3)ccc2N1
XS837827b,CN(C)C=1C=CC(=CC1)C(=O)N(C)C(C(=O)O)C=2C=C(Cl)C=C(Cl)C2,0.612,O=C(NCc1ccccc1)c1ccccc1
XS052822e,COCC(C)NC(=O)C1=CN(N=C1C=2C=CC=C(C2)OC)C=3C=CC(F)=CC3,5.248,c1ccc(-c2ccn(-c3ccccc3)n2)cc1
XS848529a,CC(SCC=1C=CC=C(C1)S(=O)(=O)N(C)C)C(=O)NC=2C=CC=CC2,4.18,O=C(CSCc1ccccc1)Nc1ccccc1
XS848531a,CC(NC(=O)C=1C=CC=C(C1)N2C(=O)CCC2=O)C34CC5CC(CC(C5)C4)C3,2.986,O=C(NCC12CC3CC(CC(C3)C1)C2)c1cccc(N2C(=O)CCC2=O)c1
XS838289b,CC1CCC=2C=CC=CC2N1C(=O)CCNC=3C=C(N=C(N)N3)N4C=CC=N4,1.784,O=C(CCNc1cc(-n2cccn2)ncn1)N1CCCc2ccccc21
XS848526a,COC(=O)C=1C=CC(=CC1)C(=O)OC(C)C(=O)NC=2C=CC=3OCCOC3C2,3.304,O=C(COC(=O)c1ccccc1)Nc1ccc2c(c1)OCCO2
XS848536a,CC(OC(=O)CC1=NN(C)C(=O)C=2C=CC=CC12)C(=O)NCC=3C=CC=CC3,0.84,O=C(COC(=O)Cc1n[nH]c(=O)c2ccccc12)NCc1ccccc1
XS810683b,CCCC(NC(=O)CN1C(=O)N(CC)C(=O)C=2C=CC=CC21)C=3C=CC=CC3,8.398,O=C(Cn1c(=O)[nH]c(=O)c2ccccc21)NCc1ccccc1
XS837447b,O=C(NC=1C=CC=2CCS(=O)(=O)C2C1)C3CN(CC=4C=CC=CC4)CCO3,0.286,O=C(Nc1ccc2c(c1)S(=O)(=O)CC2)C1CN(Cc2ccccc2)CCO1
XS848540a,CSC1=NC=C(C(=O)OC(C(=O)NC(N)=O)C(C)C)N1C=2C=CC(F)=CC2,6.8,c1ccc(-n2ccnc2)cc1
XS068672b,COC=1C=CC=CC1C(=O)NC(CCSC)C(=O)NCC=2C=CC(F)=CC2,5.07,O=C(CNC(=O)c1ccccc1)NCc1ccccc1
XS684885b,CC1=CC=CN2C(=O)C=C(CN3CCCC3C=4C=CC=C(Br)C4)N=C12,11.13,O=c1cc(CN2CCCC2c2ccccc2)nc2ccccn12
XS848539a,CC1=CC(=NN1C(C)C2CC2)C(=O)N3CCN(CC3)C=4N=CN=C5SC=CC45,1.384,O=C(c1ccn(CC2CC2)n1)N1CCN(c2ncnc3sccc23)CC1
XS848543a,C=C(C)CN1C(=NC=2C=CC=CC21)C3CC(=O)N(C3)C=4C=C(Cl)C=CC4OC,6.188,O=C1CC(c2nc3ccccc3[nH]2)CN1c1ccccc1
XS848545a,O=C(NC1CN(CC2(CCC2)C1)C(=O)C=3C=CNN3)C=4C=NC5=CC=CC=C5C4,5.256,O=C(NC1CN(C(=O)c2cc[nH]n2)CC2(CCC2)C1)c1cnc2ccccc2c1
XS841726b,CC(NC(=O)C=1C=CC=CC1S(C)(=O)=O)C2=CN(N=N2)C=3N=CC(F)=CN3,2.776,O=C(NCc1cn(-c2ncccn2)nn1)c1ccccc1
XS839965b,CC1(CC=2C=CC(=CC2)OC(F)(F)F)CCCN1S(=O)(=O)N3CCCC3,7.78,O=S(=O)(N1CCCC1)N1CCCC1Cc1ccccc1
XS842153b,COC(=O)C1=CC(=CN1C)NC(=O)N2CCC3(CC3C(=O)N4CCCC4)CC2,7.708,O=C(Nc1cc[nH]c1)N1CCC2(CC1)CC2C(=O)N1CCCC1
XS848547a,COC=1C=CC(OC)=C(C1)C2CCCN2C(=O)COC=3C=CC(Cl)=CC3C,2.032,O=C(COc1ccccc1)N1CCCC1c1ccccc1
XS848542a,CC=1C=CC=CC1C=2CC(C=3C=NC4=CC=CC=C4N3)N(N2)C(=O)CCC(=O)O,4.186,c1ccc(C2=NNC(c3cnc4ccccc4n3)C2)cc1
XS132489c,O=C(NC=1C=CC=CC1N2CCCCC2)C3CC(=O)N(C3)C=4C=CC=CC4Cl,7.514,O=C(Nc1ccccc1N1CCCCC1)C1CC(=O)N(c2ccccc2)C1
XS837908b,COC=1C=CC=C2CCC(C(=O)N3CCC=4N=CN=C(C4C3)N5CCOCC5)C12,0.28,O=C(C1CCc2ccccc21)N1CCc2ncnc(N3CCOCC3)c2C1
XS848546a,CC=1C=CC(=CC1)N2CC(CC2=O)C3=NC=4C=CC=CC4N3CC(=O)NC(C)C,3.544,O=C1CC(c2nc3ccccc3[nH]2)CN1c1ccccc1
XS839916b,O=C(NC1CN(CC2(CCC2)C1)C(=O)C3=CNN=N3)C=4C=CC=5N=CSC5C4,5.23,O=C(NC1CN(C(=O)c2c[nH]nn2)CC2(CCC2)C1)c1ccc2ncsc2c1
XS840194b,CC(C=1C=CC=CC1)N2C=CC(=N2)NC(=O)N(C)CC3=NN=C4CCOCCN34,3.816,O=C(NCc1nnc2n1CCOCC2)Nc1ccn(Cc2ccccc2)n1
XS837108b,CCOC(=O)C1=C(C)NC2=C(C#N)C(=NN2C1C=3C=CC=CC3)N4CCOCC4,0.878,C1=CC(c2ccccc2)n2nc(N3CCOCC3)cc2N1
XS848566a,CCCC(=O)NC1CCCN(C1)C(=O)CCC2=NC=C(O2)C=3C=CC(=CC3)OC,2.172,O=C(CCc1ncc(-c2ccccc2)o1)N1CCCCC1
XS848559a,CC=1C=C(C)C(=C(C)C1)S(=O)(=O)N2CCN(CC2)C(C)C(=O)NC=3C=CC=CC3,0.592,O=C(CN1CCN(S(=O)(=O)c2ccccc2)CC1)Nc1ccccc1
XS848552a,CC1CC=2C=CC=CC2N1CC=3C=COC3C(=O)N4CCC5(CCN(C)C5=O)CC4,6.124,O=C(c1occc1CN1CCc2ccccc21)N1CCC2(CCNC2=O)CC1
XS837824b,O=S(=O)(CCNS(=O)(=O)C=1C=CC=CC1)NC2CC=3C=CC(Cl)=CC3C2,2.23,O=S(=O)(CCNS(=O)(=O)c1ccccc1)NC1Cc2ccccc2C1
XS848553a,CC(OC(=O)C1=CN(N=C1C=2C=CC(Cl)=CC2)C=3C=CC=CC3)C(=O)NC(N)=O,6.446,c1ccc(-c2ccn(-c3ccccc3)n2)cc1
XS848560a,COC=1C=CC(=CC1)NC(=O)C2=C(C)NC(=O)NC2C=3C=CC=C(C3)C(F)(F)F,0.632,O=C1NC=C(C(=O)Nc2ccccc2)C(c2ccccc2)N1
XS837729d,CCN1C(=O)NC=2C=C(C=CC2C1=O)C(=O)NC(C=3C=NN(C)C3)C=4C=CC(F)=CC4,4.582,O=C(NC(c1ccccc1)c1cn[nH]c1)c1ccc2c(=O)[nH]c(=O)[nH]c2c1
XS080626b,COC=1C=CC(=CC1OC)C=2CC(C=3C=CC4=NC=CN=C4C3)N(N2)C(=O)C(C)C,6.322,c1ccc(C2=NNC(c3ccc4nccnc4c3)C2)cc1
XS838062b,CN1C(CNC(=O)N2CCCCC2CNS(C)(=O)=O)=NC=3C=CC=C(Cl)C31,7.044,O=C(NCc1nc2ccccc2[nH]1)N1CCCCC1
XS848561a,CC(C#N)(NC(=O)CN1CCN(CC1)S(=O)(=O)C=2C=CC=CC2Cl)C3CC3,1.8,O=C(CN1CCN(S(=O)(=O)c2ccccc2)CC1)NCC1CC1
XS848574a,CN1CCN(CC1)C=2C=CC(=CN2)NC(=O)C(CC3=CNC=4C=CC=CC34)NC(=O)C5=CC=CS5,1.446,O=C(NC(Cc1c[nH]c2ccccc12)C(=O)Nc1ccc(N2CCNCC2)nc1)c1cccs1
XS848576a,COC=1C=CC(=C(C1)OC)N2CC(CC2=O)C(=O)NC=3C=CC(OC)=C(C3)OC(F)F,1.498,O=C(Nc1ccccc1)C1CC(=O)N(c2ccccc2)C1
XS848567a,COC=1C=CC(=CC1)C(CNC(=O)CN2CCN(CC2)C(=O)C3CC3)C4=CNC=5C=CC=CC45,1.864,O=C(CN1CCN(C(=O)C2CC2)CC1)NCC(c1ccccc1)c1c[nH]c2ccccc12
XS842650b,CN1C=C(C(=O)N(C)C1=O)S(=O)(=O)NC(COC=2C=CC=CC2F)C=3C=CC=CC3,6.262,O=c1[nH]cc(S(=O)(=O)NC(COc2ccccc2)c2ccccc2)c(=O)[nH]1
XS848583a,COCCN1C=C(C=CC1=O)C(=O)NCC(C2=CNC=3C=CC=CC23)C=4C=CC=CC4Cl,3.45,O=C(NCC(c1ccccc1)c1c[nH]c2ccccc12)c1ccc(=O)[nH]c1
XS848573a,CS(=O)(=O)NC=1C=CC=C(C1)C=2CC(C=3C=CC4=NC=CN=C4C3)N(N2)S(C)(=O)=O,32.656,c1ccc(C2=NNC(c3ccc4nccnc4c3)C2)cc1
XS848568a,CC1=NN(C(C)=C1C2C(=O)NCCN2CC(=O)N(C)CC3=CC=CS3)C=4C=CC=CC4,1.966,O=C(CN1CCNC(=O)C1c1cnn(-c2ccccc2)c1)NCc1cccs1
XS848581a,CC1CC=2C=C(C=CC2O1)CCNC(=O)C(=O)N3CCC(CC3)C4=CNC=5C=CC=CC45,2.952,O=C(NCCc1ccc2c(c1)CCO2)C(=O)N1CCC(c2c[nH]c3ccccc23)CC1
XS838788b,CC(CN(CC=1C=CC=CC1)C(=O)C=2OC=3C=CC=CC3C2CS(C)(=O)=O)C(=O)O,0.772,O=C(NCc1ccccc1)c1cc2ccccc2o1
XS848569a,CCCN(C(=O)C1=CSC(=N1)C=2C=CC(OC)=C(C2)OC)C3CCS(=O)(=O)C3,0.784,O=C(NC1CCS(=O)(=O)C1)c1csc(-c2ccccc2)n1
XS842161b,O=C(C=1C=CC=NC1NC=2C=CC=C(C2)C(F)(F)F)N3CCCC(C3)N4C=C(CO)N=N4,6.066,O=C(c1cccnc1Nc1ccccc1)N1CCCC(n2ccnn2)C1
XS837078b,COCCC1(CC1)C(=O)N2CCC(CC2)S(C)(=O)=NC(=O)C=3C=CC=4N=NN(C)C4C3,4.806,O=C(N=[SH](=O)C1CCN(C(=O)C2CC2)CC1)c1ccc2nn[nH]c2c1
XS848570a,CC1=NN(CC(C)C)C(C)=C1CCC(=O)N2CCCCC2C3=NC=4C=CC=CC4S3,3.154,O=C(CCc1cn[nH]c1)N1CCCCC1c1nc2ccccc2s1
XS848580a,COC=1C=C2CCN(CC(=O)NC(=O)NC3CCCC3)C(C4=CC=CS4)C2=CC1OC,9.914,O=C(CN1CCc2ccccc2C1c1cccs1)NC(=O)NC1CCCC1
XS848575a,CC(=O)N1CCC(CC1)(C(=O)OCC(=O)NC2CCCC=3C=CC=CC32)C=4C=CC=CC4,1.032,O=C(COC(=O)C1(c2ccccc2)CCNCC1)NC1CCCc2ccccc21
XS839288b,CC(C=1N=CC=CN1)N(C)C=2N=CN=C(F)C2F,0.634,c1cnc(CNc2ccncn2)nc1
XS838589b,CC1=NNC=2N=C3C(=CC12)CCCC3C,9.808,c1n[nH]c2nc3c(cc12)CCCC3
F9000674c,CC(CO)N(C)C=1N=CC=CC1F,5.224,c1ccncc1
XS383259c,O=C(NC=1C=CC=2OCCOC2C1)C3CCCO3,5.226,O=C(Nc1ccc2c(c1)OCCO2)C1CCCO1
XS842256b,CC(C(=O)NCC1CCCC1)S(C)(=O)=O,0.688,C1CCCC1
XS848591a,CC1=NOC(=N1)C(C)SC=2C=CC=CN2,2.214,c1ccc(SCc2ncno2)nc1
XS520569b,CC=1N=C(C)N(CC(O)COC=2C=CC=CC2)N1,7.992,c1ccc(OCCCn2cncn2)cc1
XS838391b,CC=1C2=NC=CC=C2N=C3CC(C)CNC(=O)C13,4.256,O=C1NCCCc2nc3cccnc3cc21
XS837226b,O=C(NCC1=CC=CS1)C2CC2(F)F,1.324,O=C(NCc1cccs1)C1CC1
XS848593a,CCCC(C)NC(=O)NC=1C=CC=2CCCC2C1,0.552,c1ccc2c(c1)CCC2
XS839847b,CN(CC1=CC=NS1)CC2CCSC2,1.066,c1cc(CNCC2CCSC2)sn1
XS842159b,O=C(CC=1C=COC1)N2CCCC2CF,1.38,O=C(Cc1ccoc1)N1CCCC1
XS848587a,CC=1C=C(N=C(N1)C(C)C)SC(C)C(N)=O,0.618,c1cncnc1
XS848590a,CC1CCCCN1C(=O)C=2C=CC(N)=CC2,1.276,O=C(c1ccccc1)N1CCCCC1
XS393571b,COC=1C=CC(=CN1)NC(=O)NC(C)C=2C=CC=CN2,20.444,O=C(NCc1ccccn1)Nc1cccnc1
XS839430b,CC1=NSC(C(=O)NC2CC32CCOCC3)=C1N,5.004,O=C(NC1CC12CCOCC2)c1ccns1
XS848605a,CC(C)C(C)NC(=O)C1=CN(N=N1)C=2C=CC=CC2,6.75,c1ccc(-n2ccnn2)cc1
XS848601a,CCCC(C)NC(=O)CN1C(=O)OC=2C=CC=CC21,0.702,O=c1[nH]c2ccccc2o1
XS848604a,COCC=1C=CC=C(C1)NC(C)C(=O)NC(C)(C)C,0.784,c1ccccc1
XS848602a,CC(C)CNC(=O)C(C)NC=1C=CC=C(C1)C(N)=O,2.846,c1ccccc1
XS848598a,CC=1OC=CC1C(=O)N2CCCC(C2)N3C=NC=N3,1.47,O=C(c1ccoc1)N1CCCC(n2cncn2)C1
XS841349b,O=C(NC1CC21CCC(F)(F)CC2)C3=CN=NS3,5.19,O=C(NC1CC12CCCCC2)c1cnns1
XS842463b,CCCS(=O)(=O)NCC(C)OC=1C=CC=CC1,1.82,c1ccccc1
XS836694b,CN(C(=O)N1CCOCC21CCOC2)C3CCCC3,2.122,O=C(NC1CCCC1)N1CCOCC12CCOC2
XS554996b,CC(C)(C)CC(=O)N1CCC(C1)NC=2C=CC=CC2,1.454,c1ccc(NC2CCNC2)cc1
XS838418b,CN1C=CN=C1C2=NOC(=N2)C3CCC4=CC=NN4C3,3.774,c1c[nH]c(-c2noc(C3CCc4ccnn4C3)n2)n1
XS627637b,O=C(O)C1CCCN(C1)C=2N=CN=C3C=CSC23,1.684,c1nc(N2CCCCC2)c2sccc2n1
XS841805b,O=C(O)C1(CCC2(CCCC2)C1)N3C=C(Cl)C=N3,2.096,c1cnn(C2CCC3(CCCC3)C2)c1
XS841311b,OC=1C=C(N=C(N1)C2CCOC2)C3CC(F)(F)C3,3.622,c1cc(C2CCC2)nc(C2CCOC2)n1
XS848596a,CC1CN(CCCO1)C(=O)C2=NNC=3C=CC=CC23,0.732,O=C(c1n[nH]c2ccccc12)N1CCCOCC1
XS841708b,CCC1=CC=2C(=NC=NC2S1)NC(C)(CC)CO,0.788,c1ncc2ccsc2n1
XS841850b,CC1(C)C(CCN1C(N)=O)C=2C=CC=CC2Cl,3.786,c1ccc(C2CCNC2)cc1
XS848611a,O=C(NCCOC=1C=CC=CC1)C2CCC=3NN=CC3C2,2.416,O=C(NCCOc1ccccc1)C1CCc2[nH]ncc2C1
XS848609a,CCN1C(=NC=2C=CC=CC21)SC3CCN(C)C3=O,3.148,O=C1NCCC1Sc1nc2ccccc2[nH]1
XS848614a,COC(=O)C=1C=CC=C(C1)NC(=O)N2CCCC(C)C2,1.028,O=C(Nc1ccccc1)N1CCCCC1
XS766764b,O=C(CC=1C=CC=C(O)C1)N2CCN3C(=O)CCC3C2,3.406,O=C(Cc1ccccc1)N1CCN2C(=O)CCC2C1
XS848617a,CC(C)CCCC(C)NC(=O)C=1C=CC=C2OCOC12,2.404,c1ccc2c(c1)OCO2
XS838403b,CS(=N)(=O)C=1C=NC=C(N1)N2CCCC3(CCC3)C2,1.01,c1cnc(N2CCCC3(CCC3)C2)cn1
XS848615a,O=C(NC=1C=CC=C(Br)C1)C2CCC(=O)N2,7.026,O=C1CCC(C(=O)Nc2ccccc2)N1
XS848620a,CCN(CC(C)C#N)C(=O)C1=CC=2C=CC=CC2OC1=O,2.822,O=c1ccc2ccccc2o1
XS848607a,CC=1C=CC=CC1CN(C)C(=O)C2CCS(=O)(=O)C2,14.526,O=C(NCc1ccccc1)C1CCS(=O)(=O)C1
XS749572b,CCN(C)C(=O)N1CCC2(C1)CCC=3C=CC=CC3O2,1.204,c1ccc2c(c1)CCC1(CCNC1)O2
XS519851b,CC1=NOC(C)=C1NC(=O)CC2CCCC=3C=CC=CC32,0.838,O=C(CC1CCCc2ccccc21)Nc1cnoc1
XS848621a,CCOC(=O)C=1C=CC(=CC1)NC(=O)CC2C=CCC2,0.422,O=C(CC1C=CCC1)Nc1ccccc1
XS589560b,O=C1C(CCN1C=2C=CC=CC2F)N3C=C(N=N3)C4CC4,13.652,O=C1C(n2cc(C3CC3)nn2)CCN1c1ccccc1
XS837322b,COCC(NC1=NC(=CO1)C(=O)O)C=2C=CC(F)=CC2,1.654,c1ccc(CNc2ncco2)cc1
XS848608a,CCC1C(=O)NCCN1C(=O)C=2C=CC=C3C=CC=CC23,3.728,O=C1CN(C(=O)c2cccc3ccccc23)CCN1
XS726389b,CCOC=1C=C(N=CN1)N(C)CC2CCN(C2)C(C)=O,2.098,c1cc(NCC2CCNC2)ncn1
XS839698b,CC(CC1=CC=CS1)NC(=O)C=2C=CC=C3NC=NC23,0.692,O=C(NCCc1cccs1)c1cccc2[nH]cnc12
XS017360e,O=C(O)C(C1=CN2C=C(Cl)C=CC2=N1)C=3C=CC=CC3,1.438,c1ccc(Cc2cn3ccccc3n2)cc1
XS848628a,CC=1C=CC(=CC1C#N)C(=O)N2CCC(C2)C=3C=NN(C)C3,1.224,O=C(c1ccccc1)N1CCC(c2cn[nH]c2)C1
XS840216b,CC(C1=NC=CS1)S(=O)(=O)CC2(C)CCCCC2,8.624,O=S(=O)(Cc1nccs1)CC1CCCCC1
XS736466b,COCCS(=O)(=O)N1CCCC(C1)C2=NC(C)=NO2,14.796,c1noc(C2CCCNC2)n1
XS840611b,CC(CC1=CC=CO1)NC(=O)NC=2C=NN(C2)CC(N)=O,2.096,O=C(NCCc1ccco1)Nc1cn[nH]c1
XS837618b,C#CCC(C(=O)NC1(CCC(C)(C)CC1)C(N)=O)C2CC2,0.75,O=C(CC1CC1)NC1CCCCC1
XS848627a,COC=1C=CC=C(C1)NC(=O)C(C)OC=2C=CC=CC2C#N,2.248,O=C(COc1ccccc1)Nc1ccccc1
XS553195b,O=C(CC=1C=CC(F)=CC1)N2CCCCC2C=3C=NNC3,0.824,O=C(Cc1ccccc1)N1CCCCC1c1cn[nH]c1
XS842399b,CCOC(=O)C1CCCCN1CC2=C(N=CN2C)[N+]([O-])=O,1.938,c1ncc(CN2CCCCC2)[nH]1
XS837636b,C#CCN(CC=1C=CC=CC1)CC2CC3(CCCC3)C(=O)O2,4.942,O=C1OC(CNCc2ccccc2)CC12CCCC2
XS842124b,C#CCN(CCC=1C=CC=CC1F)C2CCS(=O)(=O)C2,4.994,O=S1(=O)CCC(NCCc2ccccc2)C1
XS848622a,CCC1=NC(=NO1)C2CCCN(C2)C(=O)C=3C=C(C)ON3,5.668,O=C(c1ccon1)N1CCCC(c2ncon2)C1
XS848625a,COC1=CC(=CC(=C1)C(=O)NC2CCC=3C=CC=CC32)OC,1.962,O=C(NC1CCc2ccccc21)c1ccccc1
XS848632a,CCN(CC1CCOC1)C(=O)CC2=NOC=3C=CC=CC23,12.806,O=C(Cc1noc2ccccc12)NCC1CCOC1
XS848633a,CC1=NOC(C)=C1CNC(=O)C(C)OC=2C=CC=CC2F,0.402,O=C(COc1ccccc1)NCc1cnoc1
XS848623a,CC1(C)C(=O)NCCN1C(=O)C2CSC=3C=CC=CC32,5.324,O=C1CN(C(=O)C2CSc3ccccc32)CCN1
XS570359b,CC1=C(C=NN1C)C(C)NC(=O)N(C)CC2CCCCC2,1.19,O=C(NCc1cn[nH]c1)NCC1CCCCC1
XS848626a,CN(CC1=CC=CO1)C(=O)C2=CN(C)N=C2C3CCOC3,0.778,O=C(NCc1ccco1)c1c[nH]nc1C1CCOC1
XS848630a,O=C(NCC1CCCCC1(F)F)C=2C=NN3C=CC=CC23,4.64,O=C(NCC1CCCCC1)c1cnn2ccccc12
XS635420b,C1=NN2CC(CCC2=N1)NCC3=CC(=NO3)C=4C=CC=CC4,9.78,c1ccc(-c2cc(CNC3CCc4ncnn4C3)on2)cc1
XS848652a,CC1=NN(C)C(C)=C1CC(=O)NCCC(C)C=2C=CC=CC2,0.364,O=C(Cc1cn[nH]c1)NCCCc1ccccc1
XS848636a,CC1=CSC(=N1)C2CCCCN2C(=O)CCN3C=CN=N3,2.902,O=C(CCn1ccnn1)N1CCCCC1c1nccs1
XS848650a,CC=1N=C(SC1C(=O)NCC2CCCO2)C=3N=CC=CN3,4.04,O=C(NCC1CCCO1)c1cnc(-c2ncccn2)s1
XS848653a,CC1=CC(=NO1)NC(=O)C(C)N2CCN3C(C)=C(C)N=C3C2,1.73,O=C(CN1CCn2ccnc2C1)Nc1ccon1
XS848641a,CCOC=1C=C(C=CC1C)NC(=O)N2CCCC(C2)C(N)=O,1.54,O=C(Nc1ccccc1)N1CCCCC1
XS839406b,CCN1CCOCC1C(=O)N2CCN3C2=NC=4C=CC=CC43,0.342,O=C(C1COCCN1)N1CCn2c1nc1ccccc12
XS848645a,CC=1C=CC(=CC1F)NC(=O)C(C)OC=2C=CC(C#N)=CC2,0.65,O=C(COc1ccccc1)Nc1ccccc1
XS848639a,CCCOC=1C=C(C)C(C)=CC1S(=O)(=O)NCC(C)O,3.646,c1ccccc1
XS848643a,CC(C)C1CCCN1C(=O)CC=2C=CC(=CC2)N3C=NN=C3,3.868,O=C(Cc1ccc(-n2cnnc2)cc1)N1CCCC1
XS848638a,CC1=CC(=NN1)C2CCCN(C2)C(=O)C=3N=COC3C(C)C,2.258,O=C(c1cocn1)N1CCCC(c2cc[nH]n2)C1
XS848644a,CC1=NC(=NC(C)=C1C)SCC(=O)NC(C)(C#N)C2CC2,0.598,O=C(CSc1ncccn1)NCC1CC1
XS800022b,CC1C(=O)NCCN1C(=O)NC=2C=CC(=CC2)C(F)(F)F,1.344,O=C1CN(C(=O)Nc2ccccc2)CCN1
XS836536b,CCN1OCC(C1=O)N2CC=3C=NN(C=4C=CC=CC4)C3C2,3.406,O=C1NOCC1N1Cc2cnn(-c3ccccc3)c2C1
XS839626b,C#CCN(C(=O)C(C)S(=O)(=O)C(C)C)C1CCCCC1,3.356,C1CCCCC1
XS848637a,COC=1C=CC=2SC(C(=O)NC3CCCOC3)=C(C)C2C1,6.016,O=C(NC1CCCOC1)c1cc2ccccc2s1
XS589454b,CC1=NOC(=N1)C(C)NC(=O)C=2C=CC(=NC2)OCC3CC3,8.498,O=C(NCc1ncno1)c1ccc(OCC2CC2)nc1
XS837031b,O=C(NC(C1=NC=CS1)C2CC2)C3=NC=CN4C=CN=C34,3.55,O=C(NC(c1nccs1)C1CC1)c1nccn2ccnc12
XS842285b,CC=1C=CN(N1)C=2C=CC(=CC2)C(=O)NC(C)CC3=CNC=N3,0.612,O=C(NCCc1c[nH]cn1)c1ccc(-n2cccn2)cc1
XS848655a,CC(C1=CC=2C=CC=CC2O1)N(C)C(=O)CC=3C=CC=CC3O,2.214,O=C(Cc1ccccc1)NCc1cc2ccccc2o1
XS848664a,CC(C(=O)NC=1C=CC=CC1)N2CCN(CC2)C=3C=CC=CN3,2.252,O=C(CN1CCN(c2ccccn2)CC1)Nc1ccccc1
XS841020b,CC1=NOC(C)=C1COC(=O)C(C=2C=CC=CC2)N3C=CC=N3,1.146,O=C(OCc1cnoc1)C(c1ccccc1)n1cccn1
XS842444b,O=C(N1CCC(C1)C=2C=CC3=CC=CN=C3N2)C4(O)CCCC4,1.22,O=C(C1CCCC1)N1CCC(c2ccc3cccnc3n2)C1
XS392618b,CCC1=NOC(=N1)C(C)SC2=NC(C)=C(CC(N)=O)S2,2.488,c1noc(CSc2nccs2)n1
XS588759b,CCC(CNC(=O)CC=1C=C(C)ON1)OC=2C=CC=C(F)C2,9.028,O=C(Cc1ccon1)NCCOc1ccccc1
XS848665a,CC(C#N)SC=1C=CC(=CN1)S(=O)(=O)N2CCCCC2,1.124,O=S(=O)(c1cccnc1)N1CCCCC1
XS848657a,O=C(CC1=NOC=2C=CC=CC12)N3CCCC3CN4C=CC=N4,3.516,O=C(Cc1noc2ccccc12)N1CCCC1Cn1cccn1
XS848666a,O=C(NC1CCC2=NC=CN2C1)C=3C=C(O)N=C4C=CC=CC34,26.962,O=C(NC1CCc2nccn2C1)c1ccnc2ccccc12
XS848661a,CCOC(=O)C1CCCN(C1)C(=O)COC=2C=CC=CC2O,5.512,O=C(COc1ccccc1)N1CCCCC1
XS848654a,NS(=O)(=O)C1=CN=C(NC2CCCC=3C=CC=CC32)S1,1.132,c1ccc2c(c1)CCCC2Nc1nccs1
XS842713b,CCC1OC2(CCN(CC2)C(=O)CC3=CCCCC3)NC1=O,5.1,O=C1COC2(CCN(C(=O)CC3=CCCCC3)CC2)N1
XS841549b,O=C(NC1CCCC2(C1)N=N2)C=3C=NN(C3)C=4C=CC=CC4F,0.744,O=C(NC1CCCC2(C1)N=N2)c1cnn(-c2ccccc2)c1
XS848658a,CC1=CC(=NO1)NC(=O)C(C)SCC=2C=CC=C(Cl)C2,1.792,O=C(CSCc1ccccc1)Nc1ccon1
XS840003b,CC1=CN2N=CC=C2C(=N1)N3CCCC(C3)NCC(F)(F)F,0.706,c1cn2nccc2c(N2CCCCC2)n1
XS848656a,CC1CC=2C=CC=CC2N1CC(=O)NC3=CC(=NO3)C(C)(C)C,0.336,O=C(CN1CCc2ccccc21)Nc1ccno1
XS838704b,CC1(C)CC(CCO1)S(=O)(=O)CCC=2C=CC=C(Cl)C2,4.584,O=S(=O)(CCc1ccccc1)C1CCOCC1
XS848668a,C1=CC(=NN=C1)NCC2CN(CC3=NC(=NO3)C4CC4)CCO2,0.78,c1cnnc(NCC2CN(Cc3nc(C4CC4)no3)CCO2)c1
XS781208b,CC1=NN(C(C)=C1NC(=O)NCC2CCCO2)C=3C=CC=CC3,0.594,O=C(NCC1CCCO1)Nc1cnn(-c2ccccc2)c1
XS839455b,CC1CN(CC(=O)N1)C(=O)C=2C=CC(=CC2)C3=NNC(=O)N3C,4.672,O=C1CN(C(=O)c2ccc(-c3n[nH]c(=O)[nH]3)cc2)CCN1
XS660734b,CCC1(CNC(=O)NC(C2=NN=C3CCCN23)C(C)C)CCC1,1.962,O=C(NCc1nnc2n1CCC2)NCC1CCC1
XS841053b,[O-][N+](=O)C=1C=NN(C1)CCN2CCSC(C2)C=3C=CC=CC3,6.094,c1ccc(C2CN(CCn3cccn3)CCS2)cc1
XS848675a,CC(C=1C=CC=CC1Cl)N(C)CC2=NC(=NO2)C3=CC=CO3,1.458,c1ccc(CNCc2nc(-c3ccco3)no2)cc1
XS848672a,CS(=O)(=O)NC1CCCN(C1)C(=O)NC=2C=CC=CC2F,0.576,O=C(Nc1ccccc1)N1CCCCC1
XS848678a,CC(C)CCOC=1C=CC(=CC1)C(C)NC(=O)CN2C=NC=N2,10.33,O=C(Cn1cncn1)NCc1ccccc1
XS848676a,CC=1C=C(ON1)C2CCCN2C(=O)CC=3C=CC=4OCOC4C3,6.546,O=C(Cc1ccc2c(c1)OCO2)N1CCCC1c1ccno1
XS848674a,CC(C)OC=1C=CC=CC1C(C)NC(=O)C=2CCC(=O)N(C)N2,2.566,O=C1CCC(C(=O)NCc2ccccc2)=NN1
XS842634b,CC1=CC(=NN1CC(=O)NC2CC32CCOCC3)C(F)(F)F,4.122,O=C(Cn1cccn1)NC1CC12CCOCC2
XS839842b,CC(C)C1(CNC(=O)C1)C(=O)NC=2C=C(OC(F)F)N(C)N2,2.342,O=C1CC(C(=O)Nc2cc[nH]n2)CN1
XS828034b,CC1=CC(=NO1)NC(=O)CN2CCCC2C=3C=CC(Cl)=CC3,1.822,O=C(CN1CCCC1c1ccccc1)Nc1ccon1
XS070659c,COC=1C=CC(O)=C(C1)C(=O)OC(C)C(=O)NC=2C=C(C)ON2,3.748,O=C(COC(=O)c1ccccc1)Nc1ccon1
XS848694a,CC1=CC(CNC(=O)N2CCC=3C=4C=CC=CC4NC3C2C)=NO1,6.566,O=C(NCc1ccon1)N1CCc2c([nH]c3ccccc23)C1
XS848689a,CC(=O)NCCCNC(=O)N(C)CC1COC=2C=CC=CC2O1,1.142,c1ccc2c(c1)OCCO2
XS848683a,O=C(O)C1CCN(C1)C(=O)C=2C=CC=C(C2)OCC=3C=CC=CC3,4.286,O=C(c1cccc(OCc2ccccc2)c1)N1CCCC1
XS848693a,CC1=NOC(=N1)C2CCCN(C2)S(=O)(=O)C=3C=CC(F)=CC3,13.984,O=S(=O)(c1ccccc1)N1CCCC(c2ncno2)C1
XS840811b,COC=1C=CC=CC1S(=O)(=O)C(C)C(=O)NC2=CC(C)=NO2,2.714,O=C(CS(=O)(=O)c1ccccc1)Nc1ccno1
XS848679a,O=C1C(CCN1CC=2C=CC=CC2)NCC=3C=CC=4OCCC4C3,0.718,O=C1C(NCc2ccc3c(c2)CCO3)CCN1Cc1ccccc1
XS848692a,CC(C)CC(C1=NC(=NO1)C2CC2)N3C(=O)C=4C=CC=CC4C3=O,3.924,O=C1c2ccccc2C(=O)N1Cc1nc(C2CC2)no1
XS848685a,O=C(COC=1C=CC(Cl)=CC1)N2CCOCC2C=3N=CON3,4.706,O=C(COc1ccccc1)N1CCOCC1c1ncon1
XS605977b,CS(=O)(=O)N1CCN(CC1)C(=O)C2COC=3C=CC=CC3C2,8.234,O=C(C1COc2ccccc2C1)N1CCNCC1
XS465363b,CC1=NOC(=N1)C2CCN(CC(=O)NC=3C=C(F)C=C(F)C3)C2,1.594,O=C(CN1CCC(c2ncno2)C1)Nc1ccccc1
XS837486b,O=C(NNC(=O)C1COCCO1)C2=COC(=N2)C3CCCCC3,13.4,O=C(NNC(=O)C1COCCO1)c1coc(C2CCCCC2)n1
XS848688a,O=C(CN1N=NC=2C=CC=CC21)NCC3CCCC=4C=CC=CC43,1.562,O=C(Cn1nnc2ccccc21)NCC1CCCc2ccccc21
XS848691a,CCOC=1C=CC(=CC1OCC)NC(C)C(=O)N2CCOCC2,6.66,O=C(CNc1ccccc1)N1CCOCC1
XS840056b,COC=1C=CC(=CC1)CN(C(=O)C2CC=CCO2)C=3C=CN=CC3,8.89,O=C(C1CC=CCO1)N(Cc1ccccc1)c1ccncc1
XS428840b,CN(C=1N=CN=C2C=CSC12)C3CCCN(C3)C=4C=CC=NN4,1.602,c1cnnc(N2CCCC(Nc3ncnc4ccsc34)C2)c1
XS848686a,CC=1C=CC(F)=C(C1)C(=O)NC(C(=O)O)C=2C=CC(Cl)=CC2,7.672,O=C(NCc1ccccc1)c1ccccc1
XS840718b,O=C(C1CCN(CC(F)(F)F)C1)N2CCCCC=3C=CC=NC32,0.474,O=C(C1CCNC1)N1CCCCc2cccnc21
XS842156b,O=C(CN1CC(CO)CC=2C=CC=CC21)NC=3C=CC(Cl)=CN3,0.708,O=C(CN1CCCc2ccccc21)Nc1ccccn1
XS848698a,COC=1C=CC(=CC1)CCCC(=O)N2CCCC(C2)N3C=CC=N3,9.874,O=C(CCCc1ccccc1)N1CCCC(n2cccn2)C1
XS837005b,[O-][N+](=O)C=1C=C(Br)C(O)=C(C1)CNC2CCCOC2,6.386,c1ccc(CNC2CCCOC2)cc1
XS836926b,BrC=1C=CC=2CCCC(C2C1)N3CCC=4NN=CC4C3,4.434,c1ccc2c(c1)CCCC2N1CCc2[nH]ncc2C1
XS840532b,CCOC=1N=C(N=CC1Br)NC(CO)C2=CC=CO2,1.756,c1cnc(NCc2ccco2)nc1
XS838157b,CC1CSC=2C=CC=CC2N1CC=3N=NN(CC(F)(F)F)N3,1.07,c1ccc2c(c1)SCCN2Cc1nn[nH]n1
XS840603b,CC=1C=C(C=C(C1)N2CCN(C)CC2)NC(C)CC=3C=CSC3,2.346,c1cc(NCCc2ccsc2)cc(N2CCNCC2)c1
XS848705a,N#CC=1C=CC=NC1NCC(C=2C=CC=C(F)C2)N3CCOCC3,3.502,c1ccc(C(CNc2ccccn2)N2CCOCC2)cc1
XS848700a,CC=1N=C2C=CC=CC2=NC1SCC(=O)NC(C)(C#N)C(C)C,0.708,c1ccc2nccnc2c1
XS848704a,CC1=CC=C(O1)C(C)NC(=O)NC=2C=CC(=NC2)N3CCOCC3,15.064,O=C(NCc1ccco1)Nc1ccc(N2CCOCC2)nc1
XS839446b,COC=1C=CC=2C=C(SC2C1)C(=O)NCC3CNC4(CCC4)C3,0.966,O=C(NCC1CNC2(CCC2)C1)c1cc2ccccc2s1
XS839697b,O=S(=O)(NC(CO)C1=CC=CO1)C=2C=CC(=NC2)C(F)(F)F,3.798,O=S(=O)(NCc1ccco1)c1cccnc1
XS848709a,CC1=CSC(=N1)C(C)NC(=O)NCC=2C=CC=CC2OC(C)C,0.42,O=C(NCc1ccccc1)NCc1nccs1
XS848711a,CC=1C=C(NC(=O)CN2CCOC(CN3N=C(C)C=C3C)C2)ON1,0.956,O=C(CN1CCOC(Cn2cccn2)C1)Nc1ccno1
XS660383b,CCOC=1C=C(C)C(Cl)=CC1S(=O)(=O)NCC2CCCO2,0.89,O=S(=O)(NCC1CCCO1)c1ccccc1
XS711308b,FC(F)C1=NN=C2C=CC(=NN12)N3CC4(CCOCC4)C3C5CC5,1.846,c1cc2nncn2nc1N1CC2(CCOCC2)C1C1CC1
XS725213b,CC(=O)N1CCCC(O)(C1)C(=O)NCCOC=2C(C)=CC=CC2C,1.658,O=C(NCCOc1ccccc1)C1CCCNC1
XS848717a,CN(CC(=O)NC1CCS(=O)(=O)C1)CC=2C=CC(F)=CC2F,1.518,O=C(CNCc1ccccc1)NC1CCS(=O)(=O)C1
XS848719a,CC(C(=O)NC1CC1)S(=O)(=O)CC=2C=CC=C(C2)C(F)(F)F,1.82,O=C(CS(=O)(=O)Cc1ccccc1)NC1CC1
XS836718b,CC(OC(=O)C1=CC(=NN1C=2C=CC=CC2)C=3C=CC=CC3)C(N)=O,3.822,c1ccc(-c2ccn(-c3ccccc3)n2)cc1
XS848712a,CC=1N=C(SC1C)C2CCCN(C2)C(=O)CCC=3C=NN(C)C3,3.388,O=C(CCc1cn[nH]c1)N1CCCC(c2nccs2)C1
XS529906b,CC1=NN=C2CN(C)C(CN12)C(=O)NC=3C=NN(CC(C)C)C3C,2.79,O=C(Nc1cn[nH]c1)C1Cn2cnnc2CN1
XS848716a,CC1=C(N=NN1C2CCNC2)C3=NC(=NO3)C=4C=CC(F)=C(F)C4,1.228,c1ccc(-c2noc(-c3cn(C4CCNC4)nn3)n2)cc1
XS841633b,CC(C)C(=O)N1CCCC(C1)C(=O)N2CCS(=O)(=O)CCO2,8.836,O=C(C1CCCNC1)N1CCS(=O)(=O)CCO1
XS839260b,OCC1CC2(CCC2)CCN1C=3N=CC=C(COC=4C=CC=CC4)N3,4.25,c1ccc(OCc2ccnc(N3CCC4(CCC4)CC3)n2)cc1
XS848727a,CC(OCC=1C=CC=CC1)C(=O)NC2=CC(=CNC2=O)C(F)(F)F,1.888,O=C(COCc1ccccc1)Nc1ccc[nH]c1=O
XS848725a,CC(NS(=O)(=O)CC1(C)CCOCC1)C2=NN=C3C=CC=CN23,14.39,O=S(=O)(CC1CCOCC1)NCc1nnc2ccccn12
XS842616b,O=S(=O)(CC1CCC2(CCC2)O1)NC3(CC3)C=4C=CC(F)=CC4,3.628,O=S(=O)(CC1CCC2(CCC2)O1)NC1(c2ccccc2)CC1
XS839488b,CP(C)(=O)C1CC(=O)N(CC2=CSC=C2C(F)(F)F)C1=O,4.02,O=C1CCC(=O)N1Cc1ccsc1
XS842733b,CN(C)C(=O)CC1(O)CCCN(C1)C=2C(C#N)=NN=C3C=CC=CC23,1.13,c1ccc2c(N3CCCCC3)cnnc2c1
XS840133b,COC=1C=CC(=CC1)N(C)C(=O)CC2(CCC=3C=CC=CC32)C(=O)O,0.788,O=C(CC1CCc2ccccc21)Nc1ccccc1
XS848723a,CC(=O)N1C=CC=2C=CC=CC2C1CC(=O)N(C)CC3=CC=C(C)O3,2.106,O=C(CC1NC=Cc2ccccc21)NCc1ccco1
XS603585b,COC=1C=CC(=CC1Br)C(=O)N2CCCC(C2)C(N)=O,2.35,O=C(c1ccccc1)N1CCCCC1
XS842739b,O=C(CCN1C=CN=N1)N(C2CCS(=O)(=O)C2)C3CCCCC3,6.636,O=C(CCn1ccnn1)N(C1CCCCC1)C1CCS(=O)(=O)C1
XS842496b,CC1=NNN=C1C(=O)N2CCCCC2C=3C=CC=C(C3)C(F)(F)F,2.34,O=C(c1cn[nH]n1)N1CCCCC1c1ccccc1
XS821901b,CC(NC=1C=CC(=CC1)N2CCCS2(=O)=O)C(=O)NC(C)(C)C,5.172,O=S1(=O)CCCN1c1ccccc1
XS848724a,CC1(C)CC(CNC2=NC=CN3N=CC(Br)=C23)CCO1,0.514,c1cn2nccc2c(NCC2CCOCC2)n1
XS840198b,CC(NC=1N=CC=2SC=C(Br)C2N1)C3=CC=NN3C,0.88,c1cc(CNc2ncc3sccc3n2)[nH]n1
XS573736b,CCCC1=NOC(CCCC(=O)N2CCOC(CNC(C)=O)C2)=N1,3.978,O=C(CCCc1ncno1)N1CCOCC1
XS838527b,CN1N=CC(C#N)=C1N2CCC(F)(C2)C=3C=CC(=CC3)C(F)(F)F,7.928,c1ccc(C2CCN(c3ccn[nH]3)C2)cc1
XS827843b,CC=1C=NC(=CN1)C(=O)NC(C2=NC(=NO2)C=3C=CC=CC3)C(C)C,11.182,O=C(NCc1nc(-c2ccccc2)no1)c1cnccn1
XS848734a,CCC1=NC=2CCCC(C2S1)N(C)C(=O)C=3C=CC(=CC3)C(N)=O,4.132,O=C(NC1CCCc2ncsc21)c1ccccc1
XS837114b,CC=1C=CN2C=NN=C2C1NC(=O)C3CCOC=4C=CC(Cl)=CC43,2.168,O=C(Nc1cccn2cnnc12)C1CCOc2ccccc21
XS848736a,CC(OC=1C=CC=CC1C(N)=O)C(=O)NC=2C=CC=3OCCOC3C2,8.606,O=C(COc1ccccc1)Nc1ccc2c(c1)OCCO2
XS848744a,CC=1C=CC(OCC2=CC=C(O2)C(=O)NC3CCCNC3=O)=C(C)C1,2.44,O=C(NC1CCCNC1=O)c1ccc(COc2ccccc2)o1
XS837877b,O=C1C(CCN1C=2C=CC=CC2F)NS(=O)(=O)N3CCOCC3,0.934,O=C1C(NS(=O)(=O)N2CCOCC2)CCN1c1ccccc1
XS473294b,CN1C=NN=C1CC2(O)CCCN(C2)C(=O)C3CC=4C=CC=CC4C3,3.818,O=C(C1Cc2ccccc2C1)N1CCCC(Cc2nnc[nH]2)C1
XS848739a,O=C(COC(=O)C=1C=CC=C(Br)C1)NCC2CCCO2,3.636,O=C(COC(=O)c1ccccc1)NCC1CCCO1
XS848730a,CCC1=NC(=NO1)C2CCCN(C2)C(=O)C(=O)NC=3C=CC=C(C)C3,9.544,O=C(Nc1ccccc1)C(=O)N1CCCC(c2ncon2)C1
XS848733a,CC1=CSC(=N1)C(NC(=O)N(CC=2C=CC=CC2)C3CC3)C4CC4,3.05,O=C(NC(c1nccs1)C1CC1)N(Cc1ccccc1)C1CC1
XS848731a,CCN(CC)CCN1C=C(C=N1)NC(=O)C2CCOC=3C=CC=CC32,1.86,O=C(Nc1cn[nH]c1)C1CCOc2ccccc21
XS842529b,CC(C(=O)NCC1=CC=C(S1)S(=O)(=O)N(C)C)N2C=CC=C2,1.302,O=C(Cn1cccc1)NCc1cccs1
XS484800b,COC=1C=CC2=CC(=CC=C2C1)CNC(=O)C3CCCN(C3)C(C)=O,1.202,O=C(NCc1ccc2ccccc2c1)C1CCCNC1
XS848742a,CC1C2=CC=CN2CCN1S(=O)(=O)C=3C=C(Cl)C=CC3Cl,1.762,O=S(=O)(c1ccccc1)N1CCn2cccc2C1
XS848740a,O=C(C1=CN=C2CCCCN12)N3CCC(C3)NC=4C=CC=C(Cl)C4,10.26,O=C(c1cnc2n1CCCC2)N1CCC(Nc2ccccc2)C1
XS839579b,CC(C(=O)NCC=1C=CC(=NC1)N2C=NC=3C=CC=CC32)N4C=NC=N4,3.408,O=C(Cn1cncn1)NCc1ccc(-n2cnc3ccccc32)nc1
XS848748a,O=C(C=1C=CC=2NC=3CCCCCC3C2C1)N4CCC(C4)C5=CC=NN5,2.608,O=C(c1ccc2[nH]c3c(c2c1)CCCCC3)N1CCC(c2ccn[nH]2)C1
XS499000b,CN(C(=O)C=1C=CC(Cl)=C(F)C1)C2CCCN(C2)C=3C=CC=NN3,0.82,O=C(NC1CCCN(c2cccnn2)C1)c1ccccc1
XS837840b,CC(C(=O)N(CC1=CC=CS1)C=2C=CC(F)=CC2F)N3C=NC=N3,1.948,O=C(Cn1cncn1)N(Cc1cccs1)c1ccccc1
XS599668b,COC=1C=CC(=CC1)C(CC(=O)NC2CCCCCCC2)NC(C)=O,2.83,O=C(CCc1ccccc1)NC1CCCCCCC1
XS838405b,CCC(NC=1C=NN(C1)C=2C=CC=CC2Br)C3=NC=CO3,0.342,c1ccc(-n2cc(NCc3ncco3)cn2)cc1
XS419585b,O=C(NC=1C=CN=CC1)N2CCCCC2C3=NC(=NO3)C=4C=CC=CC4,3.214,O=C(Nc1ccncc1)N1CCCCC1c1nc(-c2ccccc2)no1
XS848751a,CC(=O)NC(C(=O)NC1=NC=C(CC=2C=CC(F)=CC2)S1)C(C)C,1.586,c1ccc(Cc2cncs2)cc1
XS848746a,CCC(NC(=O)C=1C=CC(=CC1)CS(C)(=O)=O)C=2C=CC(C)=CC2,2.444,O=C(NCc1ccccc1)c1ccccc1
XS704230b,O=C(NCC(C1=CC=CS1)C2=CNC=3C=CC=CC23)C=4C=CC=CN4,2.144,O=C(NCC(c1cccs1)c1c[nH]c2ccccc12)c1ccccn1
XS848750a,CC(C=1C=CC2=CC=CC=C2C1)N(C)CC3=NC4=C(C=NN4C)C(=O)N3,1.26,O=c1[nH]c(CNCc2ccc3ccccc3c2)nc2[nH]ncc12
XS839160b,CN1C=C(C=N1)N2CCN(CC2)C(=O)NCC3CCC4(CCC4)CO3,2.35,O=C(NCC1CCC2(CCC2)CO1)N1CCN(c2cn[nH]c2)CC1
XS470258b,O=C(NC=1NN=C2C=CC(F)=CC12)C3CCOC=4C=CC(Cl)=CC43,0.536,O=C(Nc1[nH]nc2ccccc12)C1CCOc2ccccc21
XS841710b,CC1=NC(=NO1)C2CCN(C2)C(=O)NC=3C=CC(=CC3)N4C=CC(=O)N4,3.086,O=C(Nc1ccc(-n2ccc(=O)[nH]2)cc1)N1CCC(c2ncon2)C1
XS549518b,O=C(CCC1=NC=2C=CC=CC2C(=O)N1)N3CCCC3C4CCCCC4,1.664,O=C(CCc1nc2ccccc2c(=O)[nH]1)N1CCCC1C1CCCCC1
XS622452b,O=C(C1=NNC=2C=CC=CC12)N(CC=3C=CC=C(F)C3)CC4CCCO4,1.596,O=C(c1n[nH]c2ccccc12)N(Cc1ccccc1)CC1CCCO1
XS836636b,CC(C)C(CNC(=O)C=1C=CC=NC1O)NC2=NC=C(Cl)C(=O)N2,1.91,O=C(NCCNc1nccc(=O)[nH]1)c1cccnc1
XS848757a,CC(C)C(NC(=O)C=1C=NC2=C(C=NN2C(C)C)C1)C=3C=CC(F)=CC3,3.46,O=C(NCc1ccccc1)c1cnc2[nH]ncc2c1
XS838175b,O=C(O)C(CC(F)F)NC(=O)C=1C=CC=C(Br)C1Cl,1.46,c1ccccc1
XS848762a,O=C(CN1N=NC=2C=CC=CC21)NC(C=3C=CC(F)=CC3)C4CCCC4,0.938,O=C(Cn1nnc2ccccc21)NC(c1ccccc1)C1CCCC1
XS841090b,COC(=O)C(C=1C=CC(Cl)=CC1)N2CCN(CC2)S(=O)(=O)F,7.414,c1ccc(CN2CCNCC2)cc1
XS837595b,CC1(C)COC(CS(=O)(=O)NCC2=NC=C(O2)C=3C=CC=CC3)C1,3.124,O=S(=O)(CC1CCCO1)NCc1ncc(-c2ccccc2)o1
XS838952b,COCC=1N=CC(C(=O)N(C)C2CCOC=3C(C)=CC(C)=CC32)=C(N)N1,0.696,O=C(NC1CCOc2ccccc21)c1cncnc1
XS839118b,CNS(=O)(=O)C=1C=CC(=CC1)C(C)NC2=NC(=NS2)C(C)(C)C,3.128,c1ccc(CNc2ncns2)cc1
XS848761a,CCN(CC)C(CNS(=O)(=O)C=1C=CC(C)=CC1)C=2C=CSC2,25.302,O=S(=O)(NCCc1ccsc1)c1ccccc1
XS719490b,NC(=O)C1CCN(C1)C=2C=NN(C(=O)C2Cl)C=3C=CC(Cl)=CC3,4.712,O=c1cc(N2CCCC2)cnn1-c1ccccc1
XS848758a,CCC=1C=CC(=CC1)OCC(=O)NC(C)C=2C=CC(=CC2)N3C=CN=C3,13.684,O=C(COc1ccccc1)NCc1ccc(-n2ccnc2)cc1
XS848754a,CC(C)CN1N=CC(C(=O)NC(C(N)=O)C=2C=CC=CC2)=C1C(F)F,9.412,O=C(NCc1ccccc1)c1cn[nH]c1
XS848755a,COC=1C=CC=C(C(=O)OC(C)C(=O)C2=C(C)NC=3C=CC=CC23)C1O,0.974,O=C(OCC(=O)c1c[nH]c2ccccc12)c1ccccc1
XS077858c,CC(C)NC(=O)NC(=O)CN1CCC=2SC=CC2C1C3=CC=CS3,0.686,c1csc(C2NCCc3sccc32)c1
XS848776a,COCCOC=1C=CC(=CC1OC)C(C)NC(=O)CC=2C=CC(C)=CC2,3.018,O=C(Cc1ccccc1)NCc1ccccc1
XS848774a,COC=1C=CC(=CC1OC)CCN(C)C(=O)C2COC=3C=CC=CC3O2,2.32,O=C(NCCc1ccccc1)C1COc2ccccc2O1
XS848775a,O=C(C1=CN2CCSCC2=C1)N3CCC(C3)NC=4C=CC=C(Cl)C4,2.684,O=C(c1cc2n(c1)CCSC2)N1CCC(Nc2ccccc2)C1
XS838992b,BrC=1C=NC=2NC(=NC2C1)N3CCOC(C3)C4CCOCC4,1.274,c1cnc2[nH]c(N3CCOC(C4CCOCC4)C3)nc2c1
XS841792b,O=C(NCC=1C=CC(=CC1)C=2N=NC=NN2)C3CCNC=4C=CC=CC4C3,8.226,O=C(NCc1ccc(-c2nncnn2)cc1)C1CCNc2ccccc2C1
XS848771a,OCCC(CNC1=NC=CN2N=CC(Br)=C12)C=3C=CC=CC3,1.704,c1ccc(CCNc2nccn3nccc23)cc1
XS848777a,CCCC(C)NC(=O)C=1C=CC=CC1NS(=O)(=O)C=2C=CC(F)=CC2,0.826,O=S(=O)(Nc1ccccc1)c1ccccc1
XS848769a,O=C(NCC1CCCO1)C=2C=CC=CC2C3=NC=C(O3)C=4C=CC=CC4F,3.716,O=C(NCC1CCCO1)c1ccccc1-c1ncc(-c2ccccc2)o1
XS848778a,CC(NC=1C=CC(=CC1)CCN2CCSCC2)C(=O)N3CCNC3=O,2.752,O=C(CNc1ccc(CCN2CCSCC2)cc1)N1CCNC1=O
XS848779a,CC1=NOC=2N=CC(=CC12)S(=O)(=O)NC(C=3C=CC(C)=CC3)C4CC4,2.354,O=S(=O)(NC(c1ccccc1)C1CC1)c1cnc2oncc2c1
XS848768a,CC(NC(=O)C=1C=CC(=CC1)S(=O)(=O)N2CCCC2)C=3C=CC=CN3,9.738,O=C(NCc1ccccn1)c1ccc(S(=O)(=O)N2CCCC2)cc1
XS848770a,CC=1C=C2N(CC(O)COC=3C=CC4=CC=CC=C4C3)C(C)=CC(=O)N2N1,1.2,O=c1ccn(CCCOc2ccc3ccccc3c2)c2ccnn12
XS838343b,CC1=NNC=2C=C(N=CC12)C(=O)N3CC(=O)NC=4C=CC=C5CCCC3C54,2.772,O=C1CN(C(=O)c2cc3[nH]ncc3cn2)C2CCCc3cccc(c32)N1
XS839933b,COC=1C=C(C)C(=CC1OC)S(=O)(=O)N2CCCC2C=3C=NN(C)C3,8.438,O=S(=O)(c1ccccc1)N1CCCC1c1cn[nH]c1
XS840055b,CC(NC1CN(C1)S(=O)(=O)N(C)C)C=2C=NC=C(Br)C2,7.582,c1cncc(CNC2CNC2)c1
XS848773a,COC=1C=CC(=CC1OC)C2CCCN2CC3=NN=C(O3)C=4C=CC=CC4,3.626,c1ccc(-c2nnc(CN3CCCC3c3ccccc3)o2)cc1
XS841461b,O=C1CC(CN1)C=2C=CC=C(C2)NC=3C=NC4=CC(Cl)=C(Cl)C=C4N3,1.876,O=C1CC(c2cccc(Nc3cnc4ccccc4n3)c2)CN1
XS848790a,CNC(=O)C=1C=CC(=CC1)S(=O)(=O)N2CCNC(=O)C2C=3C=CC=CC3,1.99,O=C1NCCN(S(=O)(=O)c2ccccc2)C1c1ccccc1
XS838339b,N#CC=1C=CC(CNC(=O)NCC(CC=2C=CC=CC2Cl)C(N)=O)=NC1,6.792,O=C(NCCCc1ccccc1)NCc1ccccn1
XS848783a,CC(NC=1C=CC(=CC1)NC(=O)C2CC2)C(=O)NC=3C=CC(F)=C(Cl)C3,6.44,O=C(CNc1ccc(NC(=O)C2CC2)cc1)Nc1ccccc1
XS848785a,COC=1C=CC(=CC1)OC(C)C(=O)NCC=2C=CC(=CC2)N3CCCC3=O,0.994,O=C(COc1ccccc1)NCc1ccc(N2CCCC2=O)cc1
XS848788a,O=C(CN1CCCC1C2=CC=CS2)N3CCN(CC3)C=4C=CC(F)=CC4,2.788,O=C(CN1CCCC1c1cccs1)N1CCN(c2ccccc2)CC1
XS848782a,COC=1C=CC=C(C1)S(=O)(=O)N2CCC(C2)OC=3C=CC(Cl)=CC3,4.602,O=S(=O)(c1ccccc1)N1CCC(Oc2ccccc2)C1
XS841222b,O=C(NNS(=O)(=O)C=1C=CC=CC1Cl)C2COC=3C=CC=CC3O2,11.598,O=C(NNS(=O)(=O)c1ccccc1)C1COc2ccccc2O1
XS836462b,O=S(=O)(C1=CC=C(S1)C2=NN=NN2)N3CCOCC(C3)C4CCC4,5.46,O=S(=O)(c1ccc(-c2nnn[nH]2)s1)N1CCOCC(C2CCC2)C1
XS840717b,CCC1=C(C=NN1C=2C=CC(=CC2)C(F)(F)F)C(=O)OCC3CCOC3,3.588,O=C(OCC1CCOC1)c1cnn(-c2ccccc2)c1
XS388288b,CC(C)OC=1C=CC=C(C1)C(C)NC(=O)CCC2=NC=3C=CC=CC3C(=O)N2,2.276,O=C(CCc1nc2ccccc2c(=O)[nH]1)NCc1ccccc1
XS394230b,CC(=O)NC=1C=CC(=CC1)NC(=O)C(C)OC(=O)CC2=CNC=3C=CC=CC23,4.256,O=C(COC(=O)Cc1c[nH]c2ccccc12)Nc1ccccc1
XS392482b,COC=1C=CC(=CC1Br)S(=O)(=O)N2CCN3C=CC=C3C2C,0.916,O=S(=O)(c1ccccc1)N1CCn2cccc2C1
XS841526b,CN1N=CC=2C=C(C=C(O)C21)C(=O)N3CCC(O)(CC=4C=CC(Cl)=CC4)C3,3.456,O=C(c1ccc2[nH]ncc2c1)N1CCC(Cc2ccccc2)C1
XS841760b,CC=1N=CN=C2CCC(CC12)C(=O)N3CCN(CC=CC=4C=CC=CC4)CC3,3.714,O=C(C1CCc2ncncc2C1)N1CCN(CC=Cc2ccccc2)CC1
XS848793a,CC=1C=CC(=CC1)C2=NN=C(CCC(=O)OC(C)C(=O)NC3CCCCC3)O2,14.972,O=C(COC(=O)CCc1nnc(-c2ccccc2)o1)NC1CCCCC1
XS848796a,O=C(COC=1C=CC=CC1Cl)N(CC2=CC=CO2)C3CCS(=O)(=O)C3,5.008,O=C(COc1ccccc1)N(Cc1ccco1)C1CCS(=O)(=O)C1
XS507173b,CC(C)N1C=NC(=C1)S(=O)(=O)N2CC=3C=CC=CC3C(C2)C=4C=CC=CC4,2.514,O=S(=O)(c1c[nH]cn1)N1Cc2ccccc2C(c2ccccc2)C1
XS688630b,CC=1C=CC(=CC1)CN(C)C(=O)CN2CCCC(C2)C(=O)NC=3C=CC=CN3,4.54,O=C(CN1CCCC(C(=O)Nc2ccccn2)C1)NCc1ccccc1
XS840936b,O=C(COC=1C=CC(=CC1Cl)C=2N=NNN2)NC3CC(=O)N(C3)C4CC4,1.942,O=C(COc1ccc(-c2nn[nH]n2)cc1)NC1CC(=O)N(C2CC2)C1
XS799110b,CC(C)N1N=CC=2C(=CC(=NC21)C3CC3)C(=O)N(C)C4CCS(=O)(=O)C4,2.614,O=C(NC1CCS(=O)(=O)C1)c1cc(C2CC2)nc2[nH]ncc12
XS848792a,CN1C=CN=C1C(NC(=O)CCNC(=O)C=2C=CC=CC2)C=3C=CC=CC3F,1.092,O=C(CCNC(=O)c1ccccc1)NC(c1ccccc1)c1ncc[nH]1
XS848797a,CSC=1C=CC(=CC1)N2CC(CC2=O)C(=O)NCCNC(=O)C3=CC=CO3,18.282,O=C(NCCNC(=O)C1CC(=O)N(c2ccccc2)C1)c1ccco1
XS848799a,CCOC(=O)CSC=1NC(=O)CC(C=2C=CC(=CC2)OC(F)F)C1C#N,8.982,O=C1CC(c2ccccc2)C=CN1
XS841522b,O=C(CN1C=CC=2C=CN(CC=3C=CC=CC3F)C2C1=O)NCC4CCOC4,1.054,O=C(Cn1ccc2ccn(Cc3ccccc3)c2c1=O)NCC1CCOC1
XS848794a,CC1=CC(=NC2=C(C)C=CC=C12)SCC(=O)NC3(C)CCS(=O)(=O)C3,1.114,O=C(CSc1ccc2ccccc2n1)NC1CCS(=O)(=O)C1
XS848805a,CC1=NN(C=C1C=2C=CC=CC2)CC(=O)NC3CC(C)(C)OC=4C=C(F)C=CC43,2.63,O=C(Cn1cc(-c2ccccc2)cn1)NC1CCOc2ccccc21
XS632570b,CC1=NN(CC=2C=CC=CC2)C(C)=C1C3COCCN3C(=O)C4=CC=C(C#N)N4,3.6,O=C(c1ccc[nH]1)N1CCOCC1c1cnn(Cc2ccccc2)c1
XS836760b,N#CC=1C=CC(=CC1)CNC=2C=C(Cl)C=CC2C(=O)N3CCCCC3CCO,1.306,O=C(c1ccccc1NCc1ccccc1)N1CCCCC1
XS848803a,CC=1C=C(N(C)N1)N2CCC(NC(=O)COC=3C=CC=C(C3)C(F)(F)F)C2=O,24.594,O=C(COc1ccccc1)NC1CCN(c2ccn[nH]2)C1=O
XS848807a,CN1N=CC=2C(=O)N(C=NC21)CCC(=O)NC(C3=CC=CS3)C=4C=CC=CC4,2.528,O=C(CCn1cnc2[nH]ncc2c1=O)NC(c1ccccc1)c1cccs1
XS837105b,CC=1C=CC(OCC(=O)N2CCCC2C=3C=CC=4OCCOC4C3)=C(N1)[N+]([O-])=O,8.186,O=C(COc1cccnc1)N1CCCC1c1ccc2c(c1)OCCO2
XS848814a,CC1=CN(C)N=C1C(=O)NC2CN(CCC32CCC3)C(=O)C=4C=CC(C)=C(F)C4,1.086,O=C(NC1CN(C(=O)c2ccccc2)CCC12CCC2)c1cc[nH]n1
XS848811a,CCN(CC)S(=O)(=O)C=1C=CC(=CC1)C(=O)NC(C)C=2C=CC=CC2Cl,1.958,O=C(NCc1ccccc1)c1ccccc1
XS412674b,CC(C)(C)C=1C=CC=CC1OCC(=O)N2CCCC(C2)C3=NN=C4C=CC=CN34,3.108,O=C(COc1ccccc1)N1CCCC(c2nnc3ccccn23)C1
XS841806b,COCC(C)C(=O)N1CCOC2(CCN(CC2)C(=O)CC3CC(F)(F)C3)C1,3.392,O=C(CC1CCC1)N1CCC2(CC1)CNCCO2
XS842576b,CCCN(CC(=O)NC1CCCC=2C=CC=CC21)CC3=NN=C(O3)C4=CC=CO4,4.614,O=C(CNCc1nnc(-c2ccco2)o1)NC1CCCc2ccccc21
XS848804a,CC=1C=C(C(=O)N2CCCC(C2)S(=O)(=O)N3CCC=4C=CC=CC43)N(C)N1,5.296,O=C(c1ccn[nH]1)N1CCCC(S(=O)(=O)N2CCc3ccccc32)C1
XS842208b,O=C(NC1CCCC2=CN(CC(F)(F)F)N=C21)C3=CN(N=N3)C=4C=CC=CC4,4.758,O=C(NC1CCCc2c[nH]nc21)c1cn(-c2ccccc2)nn1
XS848819a,CC(OC(=O)C1CCN(CC1)S(=O)(=O)C=2C=CC=CC2)C(=O)NC3CCCC3,4.1,O=C(COC(=O)C1CCN(S(=O)(=O)c2ccccc2)CC1)NC1CCCC1
XS848826a,COC1=CC(=CC(OC)=C1OC)C(C)NC(=O)C=2C=CC(=O)N(N2)C=3C=CC=CC3,0.954,O=C(NCc1ccccc1)c1ccc(=O)n(-c2ccccc2)n1
XS848817a,CC1CC(=O)NC=2C=CC=CC2N1C(=O)CN(C)CCOC=3C=CC=C(Cl)C3,2.024,O=C1CCN(C(=O)CNCCOc2ccccc2)c2ccccc2N1
XS848815a,CC(C)C(=O)NCC1CCCN(CC2=NN=C(O2)C=3C=CC(Cl)=CC3Cl)C1,1.874,c1ccc(-c2nnc(CN3CCCCC3)o2)cc1
XS635967b,CC(C)(C)C1=NOC(CCC(=O)NC2CCOC=3C(Br)=CC=CC32)=N1,1.64,O=C(CCc1ncno1)NC1CCOc2ccccc21
XS478894b,CC1=CC(=C(C)S1)S(=O)(=O)N2CCN(CC2)C(=O)C(C(C)C)N3C=NC=N3,10.766,O=C(Cn1cncn1)N1CCN(S(=O)(=O)c2ccsc2)CC1
XS839737b,CCCS(=O)(=O)NC=1C=CC(=C(C1)OC)S(=O)(=O)N(C)CC2CCOC2,1.764,O=S(=O)(NCC1CCOC1)c1ccccc1
XS848816a,O=S(=O)(NC(CN1CCOCC1)C=2C=CC=CC2)C=3C=C(Cl)C=C(Cl)C3,1.556,O=S(=O)(NC(CN1CCOCC1)c1ccccc1)c1ccccc1
XS848831a,CC=1C=C(NC(=O)CN2CCCC2C=3C=CC=4OCCOC4C3)N(N1)C=5C=CC=CC5,6.376,O=C(CN1CCCC1c1ccc2c(c1)OCCO2)Nc1ccnn1-c1ccccc1
XS848829a,COC=1C=CC(=CC1)C2CCCN2CC(=O)NCC(=O)NC=3C=CC(F)=C(F)C3F,1.556,O=C(CN1CCCC1c1ccccc1)NCC(=O)Nc1ccccc1
XS841844b,CC(NC(=O)C=1N=C2NS(=O)(=O)C=3C=CC=CC3N2N1)C=4C=CC=C(Cl)C4,1.3,O=C(NCc1ccccc1)c1nc2n(n1)-c1ccccc1S(=O)(=O)N2
XS848832a,COC=1C=C2CCN(C(=O)C=3C=C4C=CC=CC4=NC3C)C(CC(=O)O)C2=CC1OC,4.322,O=C(c1cnc2ccccc2c1)N1CCc2ccccc2C1
XS848834a,CC(SC1=NN=C(C2CC2)N1CC3=CC=CO3)C(=O)N4CCN(CC4)C=5C=CC=CC5,19.01,O=C(CSc1nnc(C2CC2)n1Cc1ccco1)N1CCN(c2ccccc2)CC1
XS848848a,CCN1C(=O)C(=O)NC=2C=C(C=CC21)C(=O)NC(C=3C=CC=4OCCOC4C3)C(C)C,3.01,O=C(NCc1ccc2c(c1)OCCO2)c1ccc2[nH]c(=O)c(=O)[nH]c2c1
XS840348b,O=C(NCC=1C=CC=CC1OCC(F)(F)F)N2CCCC(CC2)N3CCCS3(=O)=O,1.892,O=C(NCc1ccccc1)N1CCCC(N2CCCS2(=O)=O)CC1
XS848846a,COC=1C=CC(=CC1)C=2CC(C3=CC=CO3)N(N2)C(=O)CN4CCN(CC4)C(=O)C5=CC=CS5,3.372,O=C(c1cccs1)N1CCN(CC(=O)N2N=C(c3ccccc3)CC2c2ccco2)CC1
XS848845a,CC1=CC=C(O1)C2=NN(C=C2C(=O)N3CCCC(CNS(C)(=O)=O)C3)C=4C=CC=CC4,0.764,O=C(c1cn(-c2ccccc2)nc1-c1ccco1)N1CCCCC1
XS848847a,CC(=O)OC12CC(C1)(C2)C(=O)NCCC3=CSC(=N3)C(NC(=O)C=4C=CC=CC4)C=5C=CC=CC5,2.81,O=C(NC(c1ccccc1)c1nc(CCNC(=O)C23CC(C2)C3)cs1)c1ccccc1
XS841318b,CN1C=CN=C1C(NC(=O)CC=2C=C(Cl)C=3OCCCOC3C2)C=4C=CC(F)=CC4,8.232,O=C(Cc1ccc2c(c1)OCCCO2)NC(c1ccccc1)c1ncc[nH]1
XS840430b,COCC(C)NC(=O)C=1C=C(C=CC1N2CCOCC2)S(=O)(=O)N3CCCCC3,0.296,O=S(=O)(c1ccc(N2CCOCC2)cc1)N1CCCCC1
XS836753b,CCOC(=O)C1=C(CN2CCN(CC2)C=3C=C(C)N=C(N3)C(C)C)NC(=O)NC1CC,0.902,O=C1NCC=C(CN2CCN(c3ccncn3)CC2)N1
XS848839a,CC(=O)NC(CC1=CNC=2C=CC=CC12)C(=O)N3CCC(CC3)C4=NC=5C=CC=CC5S4,5.962,O=C(CCc1c[nH]c2ccccc12)N1CCC(c2nc3ccccc3s2)CC1
XS848836a,CN(C)S(=O)(=O)C=1C=CC(=C(C1)C(=O)NC2CCCC=3C=CC=CC32)N4CCCC4,2.34,O=C(NC1CCCc2ccccc21)c1ccccc1N1CCCC1
XS837899b,O=C1C=C(NC(=O)N1)C2CCN(CC3=COC(=N3)C=4C=CC(F)=C(C4)C(F)(F)F)C2,2.784,O=c1cc(C2CCN(Cc3coc(-c4ccccc4)n3)C2)[nH]c(=O)[nH]1
XS181683b,CN1C=CN=C1C(NC(=O)CC=2C=C(Cl)C=3OCCCOC3C2)C=4C=CC(Cl)=CC4,14.102,O=C(Cc1ccc2c(c1)OCCCO2)NC(c1ccccc1)c1ncc[nH]1
XS848844a,CC(C)N1N=CC=C1NC(=O)C(C)N2CCN(CC2)S(=O)(=O)C3=CC=CC4=NSN=C34,1.07,O=C(CN1CCN(S(=O)(=O)c2cccc3nsnc23)CC1)Nc1ccn[nH]1
XS848855a,O=C(NC=1C=NNC1)C2COC=3C=CC=CC3C2,2.158,O=C(Nc1cn[nH]c1)C1COc2ccccc2C1
XS837852b,O=C(C1CCCCO1)N2CCCN3N=NN=C23,5.8,O=C(C1CCCCO1)N1CCCn2nnnc21
XS838400b,FC=1C=NC=C(N1)N2CCC(C2)C(F)F,0.458,c1cnc(N2CCCC2)cn1
XS841984b,COC=1C=CC(=CC1F)C(C)NC2=NN=C(C)O2,1.074,c1ccc(CNc2nnco2)cc1
XS848860a,CCN(C(=O)NC1CC1)C(C)C=2C=CC=C(O)C2,0.81,O=C(NCc1ccccc1)NC1CC1
XS839950b,CC1=CC(=NS1)C(=O)N(C)C(C)CCO,2.564,c1cnsc1
XS848858a,CNC(=O)NC(=O)C(C)N1CCC=2C=CC=CC21,1.996,c1ccc2c(c1)CCN2
XS848853a,CC(NC(=O)C1CCCC1)C=2C=CC=CN2,2.622,O=C(NCc1ccccn1)C1CCCC1
XS848852a,CNC(=O)N1CCCC1C=2C=CC(F)=CC2,0.402,c1ccc(C2CCCN2)cc1
XS837471b,CN1N=CN=C1C(=O)NCC2CC2(C)C,1.526,O=C(NCC1CC1)c1ncn[nH]1
XS840860b,C1=CNC(=N1)C2=NC(=CS2)C3CCOC3,0.424,c1c[nH]c(-c2nc(C3CCOC3)cs2)n1
XS838231b,CC1CSCCCN1C(=O)CC2=CN=CN2,6.57,O=C(Cc1cnc[nH]1)N1CCCSCC1
XS848851a,CN1N=CC=C1CS(=O)C=2C=CC(O)=CC2,1.56,O=S(Cc1ccn[nH]1)c1ccccc1
XS837201b,CNC(=O)N1CC(C)CC(C)(C)C1,0.46,C1CCNCC1
XS838096b,CC(NC1=CC(=O)NC(=O)N1)C=2C=CC=CC2,7.94,O=c1cc(NCc2ccccc2)[nH]c(=O)[nH]1
XS838667b,CC=1N=C(NCCC2CCC(C)(C)CO2)OC1C#N,15.186,c1coc(NCCC2CCCCO2)n1
XS842439b,COC(=O)C=1C=NC=C(N1)N2CCSCCC2C,3.636,c1cnc(N2CCCSCC2)cn1
XS848864a,CCC(C#N)NC(=O)CC=1C=CC(=CC1)N2C=NN=N2,1.388,c1ccc(-n2cnnn2)cc1
XS842580b,CC1CN(CC2=CN=CS2)CCN1CC(C)(C)O,2.056,c1ncc(CN2CCNCC2)s1
XS848873a,CCCC(C)NC(=O)C=1C=CC(=NC1)N2C=CC=N2,1.93,c1ccc(-n2cccn2)nc1
XS031801c,CCOC(=O)C=1C=NN(C1N)C2CCS(=O)(=O)C2,5.686,O=S1(=O)CCC(n2cccn2)C1
XS848871a,CC(NC=1C=CC2=NN=NN2N1)C=3C=CC=CC3F,2.686,c1ccc(CNc2ccc3nnnn3n2)cc1
PK009098b,CC1=CC(=NO1)NC(=O)C(C)SC=2C=CC=CN2,3.254,O=C(CSc1ccccn1)Nc1ccon1
XS840151b,NC(=O)C1=NC=C(NC(=O)CC2CCCO2)S1,5.984,O=C(CC1CCCO1)Nc1cncs1
XS848879a,CC1=CN2CC(CCC2=N1)NC(=O)C=3N=COC3C,1.59,O=C(NC1CCc2nccn2C1)c1cocn1
XS837334b,CC=1C=C(Br)C(=O)N(CC(C)C(C)C)N1,2.306,O=c1cccn[nH]1
XS839412b,N#CCC1(O)CCN(C1)C(=O)C2=CC=C(O2)[N+]([O-])=O,3.376,O=C(c1ccco1)N1CCCC1
XS848869a,CCC(C)NC(=O)COC=1C=CC(=CC1)C(=O)OC,1.432,c1ccccc1
XS848874a,CC=1NC=2C=CC(=CC2C1C)C(=O)N3CCCC(C)C3,1.272,O=C(c1ccc2[nH]ccc2c1)N1CCCCC1
XS837493b,OCC1CC(F)(F)CN1CC2=CNC=3N=CC=NC23,26.738,c1cnc2c(CN3CCCC3)c[nH]c2n1
XS840053b,CC(NC(=O)C1=NC=NN1)C2=NNC=3C=CC=CC23,1.1,O=C(NCc1n[nH]c2ccccc12)c1ncn[nH]1
XS848886a,CCC1=CN=C(NC(=O)C2CCCC=3NN=NC32)S1,5.244,O=C(Nc1nccs1)C1CCCc2[nH]nnc21
XS848888a,CCC(OC=1C=CC=CC1)C(=O)N(C)CC=2C=CC=NC2,2.692,O=C(COc1ccccc1)NCc1cccnc1
XS848887a,O=C(NC=1C=CC=CC1O)C2CC=3C=CC=CC3C(=O)O2,2.412,O=C1OC(C(=O)Nc2ccccc2)Cc2ccccc21
XS848884a,CC=1C=C(C)N(CC(O)COC=2C=CC=C3NC=CC23)N1,6.518,c1cc(OCCCn2cccn2)c2cc[nH]c2c1
XS848889a,CC1CCCCN1C(=O)C=2C=NC=C(Br)C2,2.214,O=C(c1cccnc1)N1CCCCC1
XS036984c,CC(=O)NC=1C=CC=C(C1)NC(C)C(=O)N2CCCC2,2.472,O=C(CNc1ccccc1)N1CCCC1
XS848885a,CCOC=1N=CC=CC1C(=O)NC2CCC=3C=CC=CC32,2.752,O=C(NC1CCc2ccccc21)c1cccnc1
XS848880a,O=C(CC1=CC=CS1)N2CCCC(C2)N3C=CN=C3,0.474,O=C(Cc1cccs1)N1CCCC(n2ccnc2)C1
XS848896a,CN(CC1=CC=C(Cl)S1)C(=O)C2CCC(=O)NC2,1.612,O=C1CCC(C(=O)NCc2cccs2)CN1
XS660335b,CCOC=1C=CC(=CC1)S(=O)(=O)NCC2CCCO2,3.05,O=S(=O)(NCC1CCCO1)c1ccccc1
XS848891a,CC(C(=O)NC1=NC(=CS1)C(C)(C)C)N2C=NC=N2,8.444,O=C(Cn1cncn1)Nc1nccs1
XS848895a,CC=1C=CC(=CC1)OCC(=O)NC2CCCCNC2=O,5.128,O=C(COc1ccccc1)NC1CCCCNC1=O
XS848881a,CC1=NC(=CN1)C(=O)N2CCCCC2C3=NC=CS3,4.776,O=C(c1c[nH]cn1)N1CCCCC1c1nccs1
XS724934b,COC=1C=CN=C(C1)NC(=O)C2CCOC=3C=CC=CC32,19.716,O=C(Nc1ccccn1)C1CCOc2ccccc21
XS838149b,CC=1C=[N+]([O-])C=CC1N2CCCC(C2)NC=3C=CC=CC3,3.63,c1ccc(NC2CCCN(c3cc[nH+]cc3)C2)cc1
XS848893a,CC1=NOC(C)=C1CN(C)C(=O)C2CC=3C=CC=CC3O2,7.848,O=C(NCc1cnoc1)C1Cc2ccccc2O1
XS840225b,CC1=NOC=2N=CN=C(C12)N(C)C(C)CC3=CC=CS3,4.68,c1csc(CCNc2ncnc3oncc23)c1
XS396859b,C1=CN(CC2CN(CCO2)C=3N=CN=C4C=CC=CC34)N=C1,8.338,c1ccc2c(N3CCOC(Cn4cccn4)C3)ncnc2c1
XS848900a,N#CC=1C=CC=C(C1)C(=O)N2CCC(C2)NC=3C=CC=CC3,0.828,O=C(c1ccccc1)N1CCC(Nc2ccccc2)C1
XS848904a,CCC=1C=CC(=CC1F)NC(=O)C2CCN3C=NC=C3C2,1.256,O=C(Nc1ccccc1)C1CCn2cncc2C1
XS839543b,C=CCCOC(C)C(=O)N1CC=2C=NNC2CC(C)(C)C1,1.242,c1n[nH]c2c1CNCCC2
XS848906a,CC1CCCN(C1)C(=O)C2=CC=C(NC(=O)C3CC3)S2,4.808,O=C(Nc1ccc(C(=O)N2CCCCC2)s1)C1CC1
XS848909a,O=C(C1COC=2C=CC=CC2C1)N(CC3=CC=CO3)C4CC4,0.748,O=C(C1COc2ccccc2C1)N(Cc1ccco1)C1CC1
XS557443b,COC=1C=CC(=CC1)C(NC(=O)NC2(C)CCC2)C3CC3,1.526,O=C(NC1CCC1)NC(c1ccccc1)C1CC1
XS419497b,CC(NC(=O)CC1=CN2C=CSC2=N1)C3=CC=CS3,1.26,O=C(Cc1cn2ccsc2n1)NCc1cccs1
XS630725b,CC1=NOC(=N1)C2CN(CCN2C)C(=O)C3=CC=CN3C,0.822,O=C(c1ccc[nH]1)N1CCNC(c2ncno2)C1
XS802773b,CC=1C=CN=C(N1)N2CCCC(C2)C3=NOC(=N3)C(C)C,3.908,c1cnc(N2CCCC(c3ncon3)C2)nc1
XS671763b,COC=1C=CC(=CN1)NC(=O)CN2CCCCC(O)C2=O,9.95,O=C(CN1CCCCCC1=O)Nc1cccnc1
XS837359b,CC1=CC(CNC2=NN=C(O2)C3CC43CCOCC4)=NO1,15.362,c1cc(CNc2nnc(C3CC34CCOCC4)o2)no1
XS839925b,COCC1CCCCN(C1)C(=O)NCCC2=NN=NN2C,0.836,O=C(NCCc1nnn[nH]1)N1CCCCCC1
XS783754b,CCC=1C=CC=NC1NC(=O)C2CC(=O)N(C2)C(C)(C)C,2.926,O=C1CC(C(=O)Nc2ccccn2)CN1
XS840549b,CCC1=NSC(=N1)NC(C)C2=NC=3C=CC=CC3N2CC,1.482,c1ccc2[nH]c(CNc3ncns3)nc2c1
XS840389b,CC(C)N(C(=O)C(C)NC=1C=CC=2NC(=O)NC2C1)C(C)C,4.568,O=c1[nH]c2ccccc2[nH]1
XS848911a,CC1=NN(C)C(C)=C1NC(=O)CN2C=3C=CC=CC3CC2C,1.07,O=C(CN1CCc2ccccc21)Nc1cn[nH]c1
XS684671b,CC1=CC(=NN1)C2CCCN(C2)C(=O)CC3=CSC(C)=N3,4.618,O=C(Cc1cscn1)N1CCCC(c2cc[nH]n2)C1
XS716648b,CC1=CSC=2N=C(C)N=C(NC3CCCN(C3)C(N)=O)C12,0.998,c1nc(NC2CCCNC2)c2ccsc2n1
XS848919a,CCC=1OC=NC1C(=O)N2CC(C=3C=NN(C)C3)C(C)(C)C2,12.864,O=C(c1cocn1)N1CCC(c2cn[nH]c2)C1
XS840705b,O=C(NCC1CCCCC1(F)F)C2=CSC3=NC=CN23,2.902,O=C(NCC1CCCCC1)c1csc2nccn12
XS848917a,CC(C(=O)NC(=O)NC1CC1)N(C)CCOC=2C=CC=CC2,2.096,O=C(CNCCOc1ccccc1)NC(=O)NC1CC1
XS837926b,COCC=1C=C(N(C)C(C)C=2C=CC=CN2)N3N=CN=C3N1,0.842,c1ccc(CNc2ccnc3ncnn23)nc1
XS803898b,COC=1C=CC=CC1NC(=O)NC2CCCC3=C2C=NN3C,2.46,O=C(Nc1ccccc1)NC1CCCc2[nH]ncc21
XS732139b,CC1=NOC(=N1)C(NC(=O)C=2C=CN=CC2)C3CCOCC3,1.076,O=C(NC(c1ncno1)C1CCOCC1)c1ccncc1
XS848914a,N#CC=1C=CC(=CC1)SC2CCN(C2=O)C3CCOCC3,1.862,O=C1C(Sc2ccccc2)CCN1C1CCOCC1
XS840145b,O=C(NCC1CCCCC1(F)F)N2CCN3N=CN=C3C2,1.888,O=C(NCC1CCCCC1)N1CCn2ncnc2C1
XS848920a,CC1=CC=C(C(=O)N2CCC(C2)C=3C=C(O)N=C(N)N3)N1C,1.978,O=C(c1ccc[nH]1)N1CCC(c2ccncn2)C1
XS841992b,O=C(CC(N1C=CN=C1)C(F)(F)F)NCCC2=CC=CO2,2.016,O=C(CCn1ccnc1)NCCc1ccco1
XS848916a,CC=1C=CC=CC1NC(=O)C(C)OC(=O)CC=2C=CSC2,2.674,O=C(COC(=O)Cc1ccsc1)Nc1ccccc1
XS848913a,CCC1(O)CCN(CC1)C(=O)CC(C=2C=CC=CC2)C(C)C,1.968,O=C(CCc1ccccc1)N1CCCCC1
XS842433b,CC1CC(=NO1)NC(=O)C(C)(C)OC=2C(F)=CC=CC2F,1.832,O=C(COc1ccccc1)NC1=NOCC1
XS469142b,CCC=1C=CSC1C(=O)N2CCCC(C2)C3=NNC(=O)O3,5.832,O=C(c1cccs1)N1CCCC(c2n[nH]c(=O)o2)C1
XS841615b,CC(CN(C)S(=O)(=O)CC=1C=CC(F)=CC1)C2=NN=NN2,0.922,O=S(=O)(Cc1ccccc1)NCCc1nnn[nH]1
XS848922a,CN(C(=O)CC1=CNC=2C=CC=CC12)C3CCS(=O)(=O)C3,2.922,O=C(Cc1c[nH]c2ccccc12)NC1CCS(=O)(=O)C1
XS605734b,CC1=CSC(=O)N1CC(=O)NC(C)C=2C=CC=C(Cl)C2,1.234,O=C(Cn1ccsc1=O)NCc1ccccc1
XS848926a,CCC1=C(C=NN1C=2C=CC(C)=CC2)C(=O)N3CCOC(C)C3,1.472,O=C(c1cnn(-c2ccccc2)c1)N1CCOCC1
XS841547b,C1=COC(=C1)C2N(CC32CCOCC3)C4=CN=CC5=NC=NN45,5.498,c1coc(C2N(c3cncc4ncnn34)CC23CCOCC3)c1
XS838662b,CNC=1C=NN(C(=O)C1Br)C(C)C=2C=CC=CN2,1.26,O=c1cccnn1Cc1ccccn1
XS848927a,CC(OC=1C=CC=CC1)C(=O)NC=2C=CC=NC2N3C=CC=N3,1.372,O=C(COc1ccccc1)Nc1cccnc1-n1cccn1
XS836572b,CC1CCN(CC2=CN=C3C=NC=CN23)C=4C=CC=CC4S1,2.706,c1ccc2c(c1)SCCCN2Cc1cnc2cnccn12
XS848928a,CCN1CC(CC1=O)C(=O)NC=2C=NC(=NC2)C=3C=CC=CC3,0.61,O=C1CC(C(=O)Nc2cnc(-c3ccccc3)nc2)CN1
XS409080b,CCC1=CSC(=N1)C2CCCN(C2)C=3N=CN=C4NC=CC34,0.918,c1csc(C2CCCN(c3ncnc4[nH]ccc34)C2)n1
XS837968b,O=S(=O)(CC=1C=CC=CN1)NC(CF)C=2C=CC(F)=CC2,2.176,O=S(=O)(Cc1ccccn1)NCc1ccccc1
XS839365b,N#CC=1C=CC(=CN1)N2CCCC(C2)NC/C=C/C3=CC=CO3,2.274,C(=Cc1ccco1)CNC1CCCN(c2cccnc2)C1
XS716343b,CN(CC=1C=CSC1)C(=O)C2CC(=O)N(C2)C3CCCC3,10.024,O=C(NCc1ccsc1)C1CC(=O)N(C2CCCC2)C1
XS848924a,O=C(C=1C=CC=2CCCC2C1)N3CCC(O)(CN4C=CN=N4)C3,4.518,O=C(c1ccc2c(c1)CCC2)N1CCC(Cn2ccnn2)C1
XS842366b,CC(NC(=O)C1=CNN=C1C=2C=CC=CC2)C3=NN=C(N)S3,1.228,O=C(NCc1nncs1)c1c[nH]nc1-c1ccccc1
XS716172b,N#CC=1C=CN=C(C1)N2CCN(CC2)C(=O)C3CCC(=O)NC3,6.508,O=C1CCC(C(=O)N2CCN(c3ccccn3)CC2)CN1
XS838627b,NC(=O)CC=1C=CC=CC1C2=CN(N=N2)C3C=CCCCCC3,1.888,C1=CC(n2cc(-c3ccccc3)nn2)CCCCC1
XS842704b,CC(C1CC1)N2N=C(CCC2=O)C=3C=CC=4NC(=O)CCC4C3,1.748,O=C1CCc2cc(C3=NN(CC4CC4)C(=O)CC3)ccc2N1
XS848925a,O=S(=O)(NCCC1CCCO1)C=2C=CC=3CCCCC3C2,0.668,O=S(=O)(NCCC1CCCO1)c1ccc2c(c1)CCCC2
XS837338b,O=C(CC=1C=NSC1)N2CCCCC2C3(N=N3)C(F)(F)F,1.11,O=C(Cc1cnsc1)N1CCCCC1C1N=N1
XS848933a,C1=CN(CC2CN(CC3=NC(=NO3)C=4C=COC4)CCO2)N=C1,7.128,c1cnn(CC2CN(Cc3nc(-c4ccoc4)no3)CCO2)c1
XS837268b,CC(C)C=1C=C(NC(=O)CN2CCCC(C2)C(F)(F)F)ON1,1.338,O=C(CN1CCCCC1)Nc1ccno1
XS836819b,CC(C)C1N(CC21CCCC2)C3=C(C#N)C(=O)N(C)C(=O)N3C,2.238,O=c1cc(N2CC3(CCCC3)C2)[nH]c(=O)[nH]1
XS848935a,O=C(C=1C=C(NN1)C2CC2)N3CCCC(O)(CN4C=CN=N4)C3,16.336,O=C(c1cc(C2CC2)[nH]n1)N1CCCC(Cn2ccnn2)C1
XS848939a,CCN1C(=O)C=2C=CC=CC2NC1C3=CC(C(=O)OC)=C(C)O3,1.086,O=C1NC(c2ccco2)Nc2ccccc21
XS848938a,CC(C)N1N=C(C(=O)NCC2CCCO2)C=3C=CC=CC3C1=O,2.758,O=C(NCC1CCCO1)c1n[nH]c(=O)c2ccccc12
XS848943a,CC(C(N)=O)N1CCN(CC1)S(=O)(=O)C=2C=CC=CC2F,1.514,O=S(=O)(c1ccccc1)N1CCNCC1
XS848932a,CC(NC(=O)CN1CCCCCC1)C=2C=CC=3CCCCC3C2,0.942,O=C(CN1CCCCCC1)NCc1ccc2c(c1)CCCC2
XS848940a,CCN1C=NN=C1CNC(=O)C2COC=3C=CC(Cl)=CC3C2,4.63,O=C(NCc1nnc[nH]1)C1COc2ccccc2C1
XS848937a,CCOC=1C=CC(=CC1)C(C)NC(=O)CN2NC(=O)C=CC2=O,4.082,O=C(Cn1[nH]c(=O)ccc1=O)NCc1ccccc1
XS742167b,CCC1=CSC(=N1)C2CCCN(C2)C(=O)C=3C(C)=NOC3C,3.352,O=C(c1cnoc1)N1CCCC(c2nccs2)C1
XS840931b,CCN(CC=1N=CN(N1)C=2C=CC=CC2)C3CCS(=O)(=O)C3,1.316,O=S1(=O)CCC(NCc2ncn(-c3ccccc3)n2)C1
XS841587b,CC1(C)CC(CN1C2=NN=NN2CC=3C=CON3)S(C)(=O)=O,36.538,c1cc(Cn2nnnc2N2CCCC2)no1
XS838395b,COC(=O)C1CCC2(CN(C2)C=3N=CC=C(N3)OC(C)C)CO1,0.92,c1cnc(N2CC3(CCCOC3)C2)nc1
XS841704b,CN(C(=O)NCCN1N=NC=2C=CC=CC21)C3CCC(F)(F)C3,0.928,O=C(NCCn1nnc2ccccc21)NC1CCCC1
XS836469b,CC(NC=1C=CC=C(C1)C=2NN=C3CCOCC23)C=4C=CN=CC4,6.83,c1cc(NCc2ccncc2)cc(-c2[nH]nc3c2COCC3)c1
XS839190b,O=C1C=NC=2C=CC=C(Cl)C2N1CC3CCCS(=O)(=O)C3,29.246,O=c1cnc2ccccc2n1CC1CCCS(=O)(=O)C1
XS636791b,O=C(NCC1CCCO1)C2=CC=C(S2)C=3C=CC(Cl)=CC3,14.942,O=C(NCC1CCCO1)c1ccc(-c2ccccc2)s1
XS445463b,COC=1C=CC(Cl)=CC1NC(=O)C(C)OC=2C=CC(F)=CC2,3.656,O=C(COc1ccccc1)Nc1ccccc1
XS838583b,CC=1NN=C(CN(CC2C=CCC2)C3=CC=NC4=CC=NN34)C1C,0.804,C1=CC(CN(Cc2cc[nH]n2)c2ccnc3ccnn23)CC1
XS848944a,CC(C=1C=CC(F)=CC1)N(C)CC(=O)NC=2C=C(F)C=CC2F,0.534,O=C(CNCc1ccccc1)Nc1ccccc1
XS848947a,CC(C(=O)NC=1C=CC=CC1)N2CCN(CC2)C=3C=CC(O)=CC3,2.496,O=C(CN1CCN(c2ccccc2)CC1)Nc1ccccc1
XS841241b,CC=1C=CC(=CC1)S(=O)(=O)NCCN(C)CC=2CC(C)ON2,1.574,O=S(=O)(NCCNCC1=NOCC1)c1ccccc1
XS841514b,O=C(NC=1C=CC=C(C1)N2C=CNC2=O)C3CCS(=O)(=O)N3,2.452,O=C(Nc1cccc(-n2cc[nH]c2=O)c1)C1CCS(=O)(=O)N1
XS837216b,CN1N=CC=C1C(=O)N2CCC=3C=CC=CC3C2(C)C(F)(F)F,1.11,O=C(c1ccn[nH]1)N1CCc2ccccc2C1
XS699714b,O=C(C(C=1C=CC=CC1)N2CCC=3C=CC=CC32)N4CCOCC4,4.878,O=C(C(c1ccccc1)N1CCc2ccccc21)N1CCOCC1
XS841118b,CC=1C=CC(=CC1NC(=O)C(C)C=2C=NN(C)C2)S(=O)(=O)F,1.462,O=C(Cc1cn[nH]c1)Nc1ccccc1
XS842052b,CC=1C=CC2=C(C=CN=C2C1Cl)NCC3CN(C(=O)O3)C4CC4,2.366,O=C1OC(CNc2ccnc3ccccc23)CN1C1CC1
XS840309b,CC(C1=NC(=NO1)C2=CC=CS2)N3C=NC=4SC=CC4C3=O,1.318,O=c1c2ccsc2ncn1Cc1nc(-c2cccs2)no1
XS848949a,OC1CCCN(CC2=NN=C(O2)C3=CC=C(Br)O3)C1,1.394,c1coc(-c2nnc(CN3CCCCC3)o2)c1
XS848956a,CC=1C=C(NC(=O)C=2C=CC=C(C2)NC(=O)C3CCCO3)N(C)N1,2.978,O=C(Nc1ccn[nH]1)c1cccc(NC(=O)C2CCCO2)c1
XS839036b,CC1=CC(C)=NC(NCC(C)S(=O)(=O)C=2C=CC=CC2)=C1C#N,1.392,O=S(=O)(CCNc1ccccn1)c1ccccc1
XS769908b,CC1CC2(CN1C(=O)C3=CC(=NO3)C=4C=CC=CN4)CCNCC2,1.01,O=C(c1cc(-c2ccccn2)no1)N1CCC2(CCNCC2)C1
XS848948a,COCC1=NC(=CS1)C(=O)N2CCCCC2CC=3C=CC=CC3,7.37,O=C(c1cscn1)N1CCCCC1Cc1ccccc1
XS836685b,CC(C)(C)C(NC(=O)CN1C=NC(C#N)=C1C#N)C2=CC=CS2,2.39,O=C(Cn1ccnc1)NCc1cccs1
XS742081b,CC(C)C1C(=O)NCCN1C(=O)NC=2C=NN(C2)C=3C=CC=CC3,14.05,O=C1CN(C(=O)Nc2cnn(-c3ccccc3)c2)CCN1
XS840526b,CC1CN(CCN1C2=NC=CS2)C=3N=CC=C(N3)C(F)(F)F,11.07,c1cnc(N2CCN(c3nccs3)CC2)nc1
XS848957a,CCOC=1N=CC=CC1CNC(=O)N2CCCC2C3=CC=CS3,7.43,O=C(NCc1cccnc1)N1CCCC1c1cccs1
XS848960a,O=C(CNC(=O)C1CC=2C=C(Cl)C=CC2O1)NC=3C=CC=NC3,2.504,O=C(CNC(=O)C1Cc2ccccc2O1)Nc1cccnc1
XS838559b,C1=CN=C(N=C1)N2CCC(CC2)C3=NN=C(NCC4CCCO4)O3,1.036,c1cnc(N2CCC(c3nnc(NCC4CCCO4)o3)CC2)nc1
XS820111b,O=C(NCCC1=NN=CN1C2CC2)C3SCCC=4C=CC=CC43,2.154,O=C(NCCc1nncn1C1CC1)C1SCCc2ccccc21
XS842377b,O=C1NC(NC=2C=CC=CC12)C3=CNN=C3C4=CC=5C=CC=CC5O4,3.034,O=C1NC(c2c[nH]nc2-c2cc3ccccc3o2)Nc2ccccc21
XS848952a,COC=1C=CC(NC(=O)NC(CCCO)C=2C=CC=CC2)=C(C)C1,1.748,O=C(NCc1ccccc1)Nc1ccccc1
XS838731b,CC=1C=CC=C2C1NC(=O)C23NC(C)(C)C(=O)N3CC4CCCC4,1.826,O=C1CNC2(C(=O)Nc3ccccc32)N1CC1CCCC1
XS475430b,O=C(C=1C=CN(N1)C=2C=CC=CC2)N3CCCCC3CN4C=CC=N4,4.448,O=C(c1ccn(-c2ccccc2)n1)N1CCCCC1Cn1cccn1
XS848970a,CC1=NOC(=N1)C2CCCN(C2)C(=O)CN3CCC=4C=CC=CC43,1.01,O=C(CN1CCc2ccccc21)N1CCCC(c2ncno2)C1
XS837146b,C=CCN(CC=C)C(=O)N1CC=2C=C(Cl)C=CC2C(C1)C(=O)O,1.144,c1ccc2c(c1)CCNC2
XS848961a,CC1=CN2N=C(SC2=N1)N3CCOC(CN4N=C(C)N=C4C)C3,2.77,c1cn2nc(N3CCOC(Cn4cncn4)C3)sc2n1
XS848967a,CC(NC(=O)CC(C)(C)C)C(=O)NCCC=1C=CC=2OCCC2C1,3.112,c1ccc2c(c1)CCO2
XS660698b,O=C(O)CC(NC(=O)C=1C=CN(N1)C=2C=CC=CC2)C=3C=CC=CC3,1.87,O=C(NCc1ccccc1)c1ccn(-c2ccccc2)n1
XS478409b,COCC=1C=CC=CC1CNC(=O)CN2CCCCC(OC)C2=O,4.198,O=C(CN1CCCCCC1=O)NCc1ccccc1
XS848964a,CC(C)(C)NC(=O)CSC1=NN=C(O1)C2CCS(=O)(=O)C2,1.444,O=S1(=O)CCC(c2nnco2)C1
XS848965a,CCC1=CSC(=N1)C2CCCN(C2)C(=O)CCCN3C=CC=N3,7.392,O=C(CCCn1cccn1)N1CCCC(c2nccs2)C1
XS840467b,COC(=O)C(NC(=O)C1=CC(=O)C=2C=CC=CC2N1)C=3C=CC=CC3,1.458,O=C(NCc1ccccc1)c1cc(=O)c2ccccc2[nH]1
XS848969a,CC(OC=1C=CC(Cl)=CC1)C(=O)NC2=NC(=NN2)C(F)(F)F,3.472,O=C(COc1ccccc1)Nc1ncn[nH]1
XS842002b,CCC1=NN2CCCC(NC=3N=CN=C4C=5C=CC=CC5OC34)C2=N1,0.764,c1ccc2c(c1)oc1c(NC3CCCn4ncnc43)ncnc12
XS598427b,CC(C=1C=CN=CC1)N(C)C(=O)NC=2C=CC=C(N2)OCC(F)F,3.278,O=C(NCc1ccncc1)Nc1ccccn1
XS836825b,CC=1C=C(O)N=C(N1)C(C)N2CCS(=O)(=O)C=3C=CC=CC3C2,1.33,O=S1(=O)CCN(Cc2ncccn2)Cc2ccccc21
XS755024b,COC=1C=C(C=CC1Cl)C(=O)N2CCCC2C=3C=CC(N)=NN3,1.424,O=C(c1ccccc1)N1CCCC1c1cccnn1
XS848963a,CCCOC1CCCN(C1)C(=O)CC2=COC(=N2)C3=CC=CS3,2.456,O=C(Cc1coc(-c2cccs2)n1)N1CCCCC1
XS840140b,O=C(O)C(CNS(=O)(=O)C=1C=CC=CC1Cl)C=2C=CC=CC2,1.444,O=S(=O)(NCCc1ccccc1)c1ccccc1
XS842487b,CC1CCCN(C1)S(=O)(=O)NC=2C=CC(=CC2)N3N=NNC3=O,2.884,O=c1[nH]nnn1-c1ccc(NS(=O)(=O)N2CCCCC2)cc1
XS785596b,COC=1C=CC=C(C1)C(=O)NC(CN2CCCC2=O)C=3C=CC=CC3,2.526,O=C(NC(CN1CCCC1=O)c1ccccc1)c1ccccc1
XS581946b,CC1=NN(N=C1C(=O)N2CCCC(C2)N3C=CC=N3)C=4C=CC=CC4,5.376,O=C(c1cnn(-c2ccccc2)n1)N1CCCC(n2cccn2)C1
XS848984a,CCC=1C=CC=2C(=COC2C1)CC(=O)NC3CCC4=NC(C)=CN4C3,0.424,O=C(Cc1coc2ccccc12)NC1CCc2nccn2C1
XS737753b,CC=1C=CC(=CC1)C2CCCN2C(=O)NCC=3C(=O)NC(C)=CC3C,1.242,O=C(NCc1ccc[nH]c1=O)N1CCCC1c1ccccc1
XS842214b,COC1=NSC=C1S(=O)(=O)N(C=2C=CC=CC2)C3CCOC3,0.782,O=S(=O)(c1cnsc1)N(c1ccccc1)C1CCOC1
XS842000b,CN1N=C(C=2C=C(C=NC21)C(=O)NC3(C)CC=CCC3)C(F)(F)F,4.318,O=C(NC1CC=CCC1)c1cnc2[nH]ncc2c1
XS848975a,CCC=1C=CC(=CC1)NC(=O)CC2CN(CC=3C=CC=CC3)CCO2,2.44,O=C(CC1CN(Cc2ccccc2)CCO1)Nc1ccccc1
XS848983a,CC(CCNC(=O)CN1C=NC2=C(C=NN2C)C1=O)C=3C=CC=CC3,5.998,O=C(Cn1cnc2[nH]ncc2c1=O)NCCCc1ccccc1
XS848981a,CC(NC(=O)CN1N=C(C=CC1=O)C=2C=CC=CC2)C3=CC=CS3,4.4,O=C(Cn1nc(-c2ccccc2)ccc1=O)NCc1cccs1
XS848972a,O=C(C=1C=C(NN1)C=2C=CC(F)=CC2)N3CCCC(C3)N4C=CC=N4,0.758,O=C(c1cc(-c2ccccc2)[nH]n1)N1CCCC(n2cccn2)C1
XS848979a,CC(NC=1C=CC=C(C1)NS(C)(=O)=O)C2=NC(=NO2)C(C)(C)C,0.402,c1ccc(NCc2ncno2)cc1
XS848980a,CCN(CCNC(=O)NC1CCS(=O)(=O)C1)C=2C=CC=C(C)C2,2.526,O=C(NCCNc1ccccc1)NC1CCS(=O)(=O)C1
XS841478b,CN1C=NC=2C(=NC(=NC21)NC(=O)C3CCC43CCC4)C(F)(F)F,1.972,O=C(Nc1ncc2nc[nH]c2n1)C1CCC12CCC2
XS842615b,COC=1C=CC=C2C1CCC2NS(=O)(=O)C=3SC(C)=NC3C,2.134,O=S(=O)(NC1CCc2ccccc21)c1cncs1
XS836627b,COC=1C=CC=2CC(CCCC2C1)NC=3N=CN=C4SC(C)=NC34,2.324,c1ccc2c(c1)CCCC(Nc1ncnc3scnc13)C2
XS848974a,CN(CCC#N)C(=O)CN1CCSCC1C=2C=CC(Cl)=CC2,6.168,c1ccc(C2CSCCN2)cc1
XS842266b,CC1(C)CC(CCNC(=O)CC=2C=CC(=CC2)N3C=NN=C3)C(=O)N1,5.812,O=C(Cc1ccc(-n2cnnc2)cc1)NCCC1CCNC1=O
XS848994a,CC=1C=CC=C(C1)OCCNC(=O)N2CCCC(C2)C3=NN=CN3C,2.11,O=C(NCCOc1ccccc1)N1CCCC(c2nnc[nH]2)C1
XS841425b,COC(=O)C=1C=CC=C2C1OCCN2C(=O)C(C)N3N=C(C)C=C3C,3.838,O=C(Cn1cccn1)N1CCOc2ccccc21
XS848990a,O=C(NC=1C=CC=C(Br)C1)C2CC(=O)NC=3C=CC=CC32,2.158,O=C1CC(C(=O)Nc2ccccc2)c2ccccc2N1
XS848987a,CCC(CNC(=O)C=1C=CC2=NN=C(C(F)F)N2C1)C=3C=CC=CC3,0.562,O=C(NCCc1ccccc1)c1ccc2nncn2c1
XS848998a,COC=1C=CC(=CC1Br)C(=O)OC(C)C(=O)NC2CC2,7.274,O=C(COC(=O)c1ccccc1)NC1CC1
XS837737b,CC(C=1C=C(F)C=CC1F)N(C)C(=O)C=2C=CC=3C(=O)C=COC3C2,5.604,O=C(NCc1ccccc1)c1ccc2c(=O)ccoc2c1
XS848993a,CCC(C)NC(=O)C1CCN(CC1)C=2OC(=NC2C#N)C3=CC=CO3,0.53,c1coc(-c2ncc(N3CCCCC3)o2)c1
XS841059b,CC(=O)N1CSCC1C2=NC(=NO2)C3=CC=C(Br)O3,4.65,c1coc(-c2noc(C3CSCN3)n2)c1
XS548772b,O=C(NC1CCCN(C1)C=2C=CC=CC2F)C=3C=CC=C4OCOC34,5.888,O=C(NC1CCCN(c2ccccc2)C1)c1cccc2c1OCO2
XS848997a,CC1=NN=C(O1)N2CCN(CC2C)C(=O)C=3C(C)=NN4C=CC=NC34,2.84,O=C(c1cnn2cccnc12)N1CCN(c2nnco2)CC1
XS839998b,O=C(NCC1(CCCC1)C=2C=CC=C(Cl)C2F)C3(O)CCOC3,2.104,O=C(NCC1(c2ccccc2)CCCC1)C1CCOC1
XS599535b,CC(C)C1=NOC(=N1)C(NC(=O)NC=2C=CC=NC2)C3CCOCC3,1.868,O=C(Nc1cccnc1)NC(c1ncno1)C1CCOCC1
XS392458b,CC1CC=2C=CC=CC2N1C(=O)C3=CC=C(O3)S(=O)(=O)NC4CC4,2.246,O=C(c1ccc(S(=O)(=O)NC2CC2)o1)N1CCc2ccccc21
XS849004a,CCOC(=O)C=1C=C(C=2C=CC=CC2OCC)N(N1)C3CCCOC3,0.898,c1ccc(-c2ccnn2C2CCCOC2)cc1
XS849011a,CC(CCC=1C=CC=CC1)NC(=O)C=2C=CC=C(C2)CS(C)(=O)=O,1.772,O=C(NCCCc1ccccc1)c1ccccc1
XS849009a,CC=1C=CC(NC(=O)NC2CCCC3=C2C=NN3CCO)=C(Cl)C1,1.94,O=C(Nc1ccccc1)NC1CCCc2[nH]ncc21
XS849007a,CC1=CSC(CNC(=O)NC(C)C=2C=CC=3OCCCOC3C2)=N1,12.638,O=C(NCc1ccc2c(c1)OCCCO2)NCc1nccs1
XS837841b,CC1=NN(C)C(N)=C1C(=O)N(C)C(C)C=2C=CC(=CC2)C=3C=CC=CC3,2.776,O=C(NCc1ccc(-c2ccccc2)cc1)c1cn[nH]c1
XS708482b,O=C(CN1C=C(N=N1)C2CC2)N3CCCC3C=4C=CC=C5C=CC=CC45,10.748,O=C(Cn1cc(C2CC2)nn1)N1CCCC1c1cccc2ccccc12
XS849010a,CC(=O)NCCC1=CC=C(S1)S(=O)(=O)N(C)C(C)CC(C)C,1.202,c1ccsc1
XS849000a,CC=1C=C(C)N(N1)C2CCCN(C2)C(=O)CCC3=NC(=NO3)C(C)C,5.512,O=C(CCc1ncno1)N1CCCC(n2cccn2)C1
XS839035b,CC(NC(=O)C(C)(C)C=1C=CC(F)=CC1F)C=2N=CC=C(N2)C(F)F,0.664,O=C(Cc1ccccc1)NCc1ncccn1
XS849012a,N#CC=1C=CC(NCC=2C=CC(=CC2)N3CCCC(C3)C(N)=O)=C(F)C1,0.628,c1ccc(NCc2ccc(N3CCCCC3)cc2)cc1
XS836635b,O=C(NCC=1C=CC=2NC(=O)CC2C1)NC=3C=NN(C3)CC4CCCO4,1.374,O=C1Cc2cc(CNC(=O)Nc3cnn(CC4CCCO4)c3)ccc2N1
XS837643b,COC(=O)C=1C=CC=C(N1)NC(=O)NC(C2=NN=CN2)C=3C=CC=CC3,1.906,O=C(Nc1ccccn1)NC(c1ccccc1)c1nnc[nH]1
DR001752c,CC(C)(C)OC(=O)C=1C=C(C=CC1O)C(=O)N2CCCC(O)(CO)C2,3.286,O=C(c1ccccc1)N1CCCCC1
XS849019a,CC(NC(=O)CC=1C=CC=CC1Cl)C=2C=CC=C(C2)S(N)(=O)=O,1.056,O=C(Cc1ccccc1)NCc1ccccc1
XS849016a,CC(NC(=O)CCC1CCCC1)C=2C=CC(=CC2)OCC=3C=CC=NC3,7.086,O=C(CCC1CCCC1)NCc1ccc(OCc2cccnc2)cc1
XS412704b,O=C(NC=1C=CC=C2C=NC=CC12)N3CCCC3C=4C=CC=C(Cl)C4,5.06,O=C(Nc1cccc2cnccc12)N1CCCC1c1ccccc1
XS839165b,NS(=O)(=O)C=1C=C(Cl)C=C(Cl)C1OCCC2COCCO2,2.118,c1ccc(OCCC2COCCO2)cc1
XS839945b,CS(=O)(=O)C=1C=C(C=CC1Cl)NC(=O)NCC2CCCC32CC3,3.704,O=C(NCC1CCCC12CC2)Nc1ccccc1
XS837594b,O=C(NNC(=O)C=1C=CN(N1)C2CC2(F)F)C3=CN4CCCCC4=N3,5.218,O=C(NNC(=O)c1ccn(C2CC2)n1)c1cn2c(n1)CCCC2
XS838842b,CCOC=1C=CC(=CC1)CC(C)C2=NC(=NO2)C3=CN(C)C(=O)NC3=O,1.128,O=c1[nH]cc(-c2noc(CCc3ccccc3)n2)c(=O)[nH]1
XS838724b,O=C(C1CCCN2C=NN=C12)N3CCC=4N=C(N=CC4C3)C=5C=CC=CC5,8.24,O=C(C1CCCn2cnnc21)N1CCc2nc(-c3ccccc3)ncc2C1
XS849035a,CC(NC(=O)C1=CNC=2C=C(F)C=CC12)C=3C=CC(=CC3)N4CCNC4=O,0.974,O=C(NCc1ccc(N2CCNC2=O)cc1)c1c[nH]c2ccccc12
XS849029a,CCN1C(=O)C(=O)NC=2C=C(C=CC21)C(=O)NC(C)CCC=3C=CC=CC3,8.502,O=C(NCCCc1ccccc1)c1ccc2[nH]c(=O)c(=O)[nH]c2c1
XS849020a,CC(=O)N1CCN(CC1)C(=O)C=2C=CC3=C(C2)CC(C)N3S(C)(=O)=O,4.0,O=C(c1ccc2c(c1)CCN2)N1CCNCC1
XS849023a,N#CC=1C=CC(=CC1)OCC(=O)N2CCCC(C2)C(=O)NC=3C=CC=CC3,2.404,O=C(Nc1ccccc1)C1CCCN(C(=O)COc2ccccc2)C1
XS849022a,CCOC=1C=CC(=CC1)OCC(=O)NCC(CO)CC=2C=CC(C)=CC2,5.09,O=C(COc1ccccc1)NCCCc1ccccc1
XS849025a,O=C(NC1CC1)C(NC=2C=CC=C(Br)C2)C=3C=CC(F)=CC3,1.49,O=C(NC1CC1)C(Nc1ccccc1)c1ccccc1
XS835640b,COC=1C=CC=CC1C2(CNC(=O)C3CN(C)C(=O)C=4C=CC=CC43)CC2,0.974,O=C1NCC(C(=O)NCC2(c3ccccc3)CC2)c2ccccc21
XS504075b,CCCC1=NC(=NN1C=2C=CC=CC2F)C(=O)N3CCOC(C3)C(N)=O,0.86,O=C(c1ncn(-c2ccccc2)n1)N1CCOCC1
XS849033a,CC1OC=2C=CC=CC2N(CC(=O)NCCC=3C(F)=CC=CC3F)C1=O,0.762,O=C(CN1C(=O)COc2ccccc21)NCCc1ccccc1
XS849031a,CC1=NN(C)C(C)=C1S(=O)(=O)NC(C)C=2C=CC(=CC2)C(F)(F)F,0.784,O=S(=O)(NCc1ccccc1)c1cn[nH]c1
XS849027a,CNC(=O)C=1C=CC=C(C1)C2=NOC(=N2)C(C)N3C=CC(=N3)C(F)(F)F,8.334,c1ccc(-c2noc(Cn3cccn3)n2)cc1
XS849034a,CCCNC(=O)C(C)NC(=O)C=1C=CC=CC1OCC=2C(C)=NOC2C,1.714,c1ccc(OCc2cnoc2)cc1
XS849032a,CCCS(=O)(=O)N1CCCC(C1)C(=O)NCC=2C=CC=CC2Cl,8.256,O=C(NCc1ccccc1)C1CCCNC1
XS849042a,CCOC=1C=C2CC(C)OC2=CC1CNC(=O)C=3C=CC=C(OC)C3OC,2.7,O=C(NCc1ccc2c(c1)OCC2)c1ccccc1
XS849038a,O=C(COC(=O)CC1SC=2C=CC=CC2NC1=O)NC=3C=CC=CC3F,23.262,O=C(COC(=O)CC1Sc2ccccc2NC1=O)Nc1ccccc1
XS849040a,COC(=O)CC(NC(=O)CC=1C=C(Cl)C=CC1OC)C2=CC=CS2,0.688,O=C(Cc1ccccc1)NCc1cccs1
XS390568b,CC(C(=O)NC=1C=CC=C(C1)NC(=O)C=2C=CC(F)=C(F)C2)N3C=CC=N3,13.404,O=C(Cn1cccn1)Nc1cccc(NC(=O)c2ccccc2)c1
XS740484b,CNC(=O)C=1C=CC=C(C1)NC(=O)C2CC(=O)N(C2)C=3C=CC(F)=C(C)C3,15.814,O=C(Nc1ccccc1)C1CC(=O)N(c2ccccc2)C1
XS849041a,COC=1C=CC(NC(=O)C2=C(C)NC(=O)NC2C3=CC=CS3)=C(C1)OC,1.336,O=C1NC=C(C(=O)Nc2ccccc2)C(c2cccs2)N1
XS837017b,CC1(C)CN(CC2(O)CCCOC2)CC=3C=CC(Br)=CC3O1,8.366,c1ccc2c(c1)CN(CC1CCCOC1)CCO2
XS719316b,CC(=O)N1CCC=2C=C(C=CC21)NC(C)C(=O)NC=3C=CC(Cl)=CC3F,3.21,O=C(CNc1ccc2c(c1)CCN2)Nc1ccccc1
XS842690b,CC(NC(=O)N1CCN2C(=O)NN=C2C1)C=3C=CC(=CC3)OC(F)(F)F,1.912,O=C(NCc1ccccc1)N1CCn2c(n[nH]c2=O)C1
XS839103b,O=C(CCC=1C=CC(F)=C2CCCCC12)N3CCC(CC3)C4COC(=O)N4,1.3,O=C1NC(C2CCN(C(=O)CCc3cccc4c3CCCC4)CC2)CO1
XS837990b,O=C1C(CCN1C=2C=CC=C(Cl)C2)N3CCC(CC3)OC=4C=NC=CN4,4.004,O=C1C(N2CCC(Oc3cnccn3)CC2)CCN1c1ccccc1
XS840192b,CCC(C)(COC=1N=CC=CC1Cl)NC(=O)C=2C=CC=3COCCC3C2,8.108,O=C(NCCOc1ccccn1)c1ccc2c(c1)CCOC2
XS837673b,CC1(C)CC(NC(=O)C=2C=CC=C(C2)N3N=NN=C3N)C=4C=C(F)C=CC4O1,1.062,O=C(NC1CCOc2ccccc21)c1cccc(-n2cnnn2)c1
XS840399b,CC=1C=CC2=NC(=CC(=O)N2C1)CN(CC3=CC=CO3)C4CCS(=O)(=O)C4,8.788,O=c1cc(CN(Cc2ccco2)C2CCS(=O)(=O)C2)nc2ccccn12
XS849047a,CC1=NC(=CS1)C=2C=CC3=C(C2)CCN3C(=O)C4CC(=O)N(CC(C)C)C4,8.772,O=C1CC(C(=O)N2CCc3cc(-c4cscn4)ccc32)CN1
XS636799b,CC(OC(=O)C=1C=CC=C(C1)N2C(=O)CCC2=O)C(=O)NCC3CCCCC3,4.824,O=C(COC(=O)c1cccc(N2C(=O)CCC2=O)c1)NCC1CCCCC1
XS836954b,CC1CN2N=C(C=C2C(=O)N1)C(=O)OC=3C=CC(=CC3Cl)C=4C=CC=NC4,3.068,O=C(Oc1ccc(-c2cccnc2)cc1)c1cc2n(n1)CCNC2=O
XS849049a,CC(=O)NC=1C=CC(=CC1)S(=O)(=O)N(C)CC2COC=3C=CC=CC3O2,30.084,O=S(=O)(NCC1COc2ccccc2O1)c1ccccc1
XS592109b,NS(=O)(=O)C=1C=NN(C1)CCC(=O)N2CCCC2CCC=3C=CC=CC3,2.404,O=C(CCn1cccn1)N1CCCC1CCc1ccccc1
XS837799b,FC(F)(F)C(CNC1=NC=CN2N=CC(Br)=C12)C=3C=CC=CC3,0.87,c1ccc(CCNc2nccn3nccc23)cc1
XS849043a,O=C(NCCC=1C=CC=CC1)C2CCCN(C2)S(=O)(=O)C3=CC=CS3,1.492,O=C(NCCc1ccccc1)C1CCCN(S(=O)(=O)c2cccs2)C1
XS839479b,CS(=O)(=O)NC=1C=CC(=NC1)C(=O)N2CCC(C2)OC=3C=CC=CC3F,0.898,O=C(c1ccccn1)N1CCC(Oc2ccccc2)C1
XS836749b,COC(=O)C1=C(C)N(CC(C)C)C(=O)NC1C=2C=CC(=C(F)C2)N3C=NC=N3,5.568,O=C1NC=CC(c2ccc(-n3cncn3)cc2)N1
XS849050a,CN1C(=O)C2=C(N=CN2CC(=O)NC3CCSC=4C=CC=CC43)N(C)C1=O,2.058,O=C(Cn1cnc2[nH]c(=O)[nH]c(=O)c21)NC1CCSc2ccccc21
XS548484b,COC=1C=CC=C2C(C)=C(OC12)C(=O)NC3CCCN(C=4C=CC=NC4)C3=O,14.06,O=C(NC1CCCN(c2cccnc2)C1=O)c1cc2ccccc2o1
XS840664b,CC(CC=1C=CC=CC1F)NC(=O)C(=O)NC=2C=CC=CC2CN3C=NC=N3,8.826,O=C(NCCc1ccccc1)C(=O)Nc1ccccc1Cn1cncn1
XS841795b,O=C(CC(F)(F)F)N1CCC(CC1)NC(=O)C2(O)CCC=3C=CC=CC3C2,1.106,O=C(NC1CCNCC1)C1CCc2ccccc2C1
XS849051a,CC1=CC(=NO1)NC(=O)C(OC(=O)C=2C=C(Cl)C=3OCOC3C2)C(C)C,4.782,O=C(COC(=O)c1ccc2c(c1)OCO2)Nc1ccon1
XS840602b,CCOC(=O)C(C)(CNC(=O)C=1C=NN(N1)C=2C=CC=CC2)C=3C=CC=CC3,11.798,O=C(NCCc1ccccc1)c1cnn(-c2ccccc2)n1
XS836644b,O=C(CCC1CCCCC1)N2CCN(CC2)C(=O)C=3CC4(CCNC4)ON3,1.444,O=C(CCC1CCCCC1)N1CCN(C(=O)C2=NOC3(CCNC3)C2)CC1
XS841884b,CCCC1=NC(=NN1C=2C=CC=CC2Cl)C(=O)N3CCOCC43CCOC4,9.012,O=C(c1ncn(-c2ccccc2)n1)N1CCOCC12CCOC2
XS574234b,CCOC=1C=CC(=CC1)C2=NC(=CS2)C(=O)N3CCCC(CN4C=CN=N4)C3,4.218,O=C(c1csc(-c2ccccc2)n1)N1CCCC(Cn2ccnn2)C1
XS840869b,CN1N=C2CCCC2=C1C=3N=C4C=C(C#N)C(Cl)=CN4C3NCC5CCOC5,0.764,c1ccn2c(NCC3CCOC3)c(-c3[nH]nc4c3CCC4)nc2c1
XS839382b,CC(NC(=O)COC(=O)C1=CC(=CN1C)[N+]([O-])=O)C23CC4CC(CC(C4)C3)C2,0.658,O=C(COC(=O)c1ccc[nH]1)NCC12CC3CC(CC(C3)C1)C2
XS817673b,CC(C)OC=1C=CC=C(C1)C(C)NC(=O)C=2C=CC=3C(=O)N(C)C(=O)N(C)C3N2,1.774,O=C(NCc1ccccc1)c1ccc2c(=O)[nH]c(=O)[nH]c2n1
XS840764b,COCC=1N=C2C(CCCN2N1)NS(=O)(=O)C=3C=C(Cl)C=C4CCOC34,5.684,O=S(=O)(NC1CCCn2ncnc21)c1cccc2c1OCC2
XS849063a,COC(=O)C1=C(C)NC(=O)N=C1SCC(=O)NC(C)CCC=2C=CC=CC2,1.87,O=C(CSc1cc[nH]c(=O)n1)NCCCc1ccccc1
XS839641b,CCC1=NC(C)=C(S1)C(C)N(C)S(=O)(=O)C=2C=NC3=C(C2)C(C)=NN3C,6.32,O=S(=O)(NCc1cncs1)c1cnc2[nH]ncc2c1
XS458418b,O=S(=O)(C=1C=CC=C(Cl)C1)N2CCCC(C2)C3=NN=C4CCCCCN34,5.788,O=S(=O)(c1ccccc1)N1CCCC(c2nnc3n2CCCCC3)C1
XS841362b,O=C(C=1N=C(C=2C=CC=CC2)N3CCCCCC13)N4CCN5C(=O)OCCC5C4,3.826,O=C(c1nc(-c2ccccc2)n2c1CCCCC2)N1CCN2C(=O)OCCC2C1
XS849055a,CC(NC(=O)C=1C=CC2=C(C1)CCN2S(C)(=O)=O)C=3C=CC=4OCOC4C3,4.114,O=C(NCc1ccc2c(c1)OCO2)c1ccc2c(c1)CCN2
XS712838b,CC1CCCCN1C(=O)C=2C=CC(=CC2)S(=O)(=O)N3CCCC=4C=CC=CC43,2.018,O=C(c1ccc(S(=O)(=O)N2CCCc3ccccc32)cc1)N1CCCCC1
XS841584b,CC1=NN(C)C(C)=C1C2COCCN2C(=O)C3=CC=4C=CC=CC4N3CC5CC5,5.796,O=C(c1cc2ccccc2n1CC1CC1)N1CCOCC1c1cn[nH]c1
XS842740b,N#CC1(CS(=O)(=O)N2CCC(C2)(C3=NC(=NO3)C4CC4)C(F)(F)F)CC1,2.598,O=S(=O)(CC1CC1)N1CCC(c2nc(C3CC3)no2)C1
XS849078a,CN1C=CN=C1C(NC(=O)CCOC=2C=CC(Cl)=CC2)C=3C=CC(Cl)=CC3,13.756,O=C(CCOc1ccccc1)NC(c1ccccc1)c1ncc[nH]1
XS849067a,CCCN1C(=O)C=2C=CC=CC2NC1C3=CN(C)N=C3C=4C=CC=5OCCCOC5C4,3.678,O=C1NC(c2c[nH]nc2-c2ccc3c(c2)OCCCO3)Nc2ccccc21
XS849079a,CC(C#N)(NC(=O)CN1CCN(CC1)S(=O)(=O)C=2C=CC=CC2C#N)C3CC3,2.076,O=C(CN1CCN(S(=O)(=O)c2ccccc2)CC1)NCC1CC1
XS849072a,CCOC1=CC(=CC(OCC)=C1OCC)C(=O)N(C)CC2COC=3C=CC=CC3O2,2.694,O=C(NCC1COc2ccccc2O1)c1ccccc1
XS136031b,O=C(CC1=CNC=2C=CC=CC12)N(CC3=NC=4C=CC=CC4C(=O)N3)CC5CCCO5,2.764,O=C(Cc1c[nH]c2ccccc12)N(Cc1nc2ccccc2c(=O)[nH]1)CC1CCCO1
XS849064a,CC=1C=CC(=CC1Cl)N2N=CC(C(=O)N3CCCC(C3)C4=CC=NN4)=C2C5CC5,8.208,O=C(c1cnn(-c2ccccc2)c1C1CC1)N1CCCC(c2ccn[nH]2)C1
XS849071a,O=C(CNC(=O)C1CC(=O)N(C1)C=2C=CC=CC2Cl)NC=3C=CC(F)=C(F)C3,11.136,O=C(CNC(=O)C1CC(=O)N(c2ccccc2)C1)Nc1ccccc1
XS849076a,CC(CC=1C=CC(Cl)=CC1)NC(=O)C=2C=C(C=CC2Cl)S(=O)(=O)N(C)C,1.318,O=C(NCCc1ccccc1)c1ccccc1
XS849074a,CC=1C=CC=C(C1C)N2CCN(CC2)C(=O)C=3C=CC=C(C3)NC(=O)C4CCCO4,0.286,O=C(Nc1cccc(C(=O)N2CCN(c3ccccc3)CC2)c1)C1CCCO1
XS836745b,CS(=O)(=O)N1CC=2C=CC=CC2CC1C(=O)NNC(=O)C3=CNC=4C=CC=CC34,11.624,O=C(NNC(=O)C1Cc2ccccc2CN1)c1c[nH]c2ccccc12
XS849080a,CC1=NN(N=C1C(=O)NC2CC3(CCN(C)CC3)OC=4C=CC=CC42)C=5C=CC=CC5,4.252,O=C(NC1CC2(CCNCC2)Oc2ccccc21)c1cnn(-c2ccccc2)n1
XS841606b,COC=1C=CC=CC1NC(=O)CC2=NOC(CN3CCCC(C3)C=4C=CN=CN4)=N2,1.844,O=C(Cc1noc(CN2CCCC(c3ccncn3)C2)n1)Nc1ccccc1
XS849082a,CCOC(=O)C1=C(C)OC=2N=CN(CC(=O)NC3CCOC=4C=CC=CC43)C(=O)C12,1.816,O=C(Cn1cnc2occc2c1=O)NC1CCOc2ccccc21
XS841384b,CC1C2=NN=C(C3CCCC3)N2CCN1CC(=O)NC=4C=CC=5OC(F)(F)OC5C4,3.214,O=C(CN1CCn2c(nnc2C2CCCC2)C1)Nc1ccc2c(c1)OCO2
XS849077a,CC(C)OC=1C=CC=C(C1)C(C)NC(=O)CC2=CSC(=N2)NC(=O)C3=CC=CO3,1.606,O=C(Cc1csc(NC(=O)c2ccco2)n1)NCc1ccccc1
XS849088a,CC1=NC(=CS1)COC=2C=CC(=CC2)C(=O)NC(C)C=3C=CC(=CC3)S(C)(=O)=O,7.288,O=C(NCc1ccccc1)c1ccc(OCc2cscn2)cc1
XS849084a,CC1=NN(C(C)=C1C2C(=O)NCCN2CC(=O)NCCC3=CC=CS3)C=4C=CC=CC4,1.142,O=C(CN1CCNC(=O)C1c1cnn(-c2ccccc2)c1)NCCc1cccs1
XS840244b,COC=1C=CC(Br)=CC1C2(CC2)C(=O)NC(C)C3=NN=C(N3)C(F)(F)F,0.686,O=C(NCc1nnc[nH]1)C1(c2ccccc2)CC1
XS849093a,CC1=NSC=2N=CC(=CC12)C(=O)N3CCCC(C3)NC(=O)CCCC=4C=CC=CC4,15.752,O=C(CCCc1ccccc1)NC1CCCN(C(=O)c2cnc3sncc3c2)C1
XS839646b,O=C(NC=1C=CC=C(C1)S(=O)(=O)N=C2CCCCCN2)C3COC=4C=CC=CC4O3,2.61,O=C(Nc1cccc(S(=O)(=O)N=C2CCCCCN2)c1)C1COc2ccccc2O1
XS849096a,O=C(NC(CC1=CNC=2C=CC=CC12)C(=O)NCC3=NN=C4CCCN34)C=5C=CC(F)=CC5,5.488,O=C(NC(Cc1c[nH]c2ccccc12)C(=O)NCc1nnc2n1CCC2)c1ccccc1
XS849102a,CC1=NN(C(C)=C1CNC(=O)C2CCCN2C3=NS(=O)(=O)C=4C=CC=CC34)C=5C=CC=CC5,1.616,O=C(NCc1cnn(-c2ccccc2)c1)C1CCCN1C1=NS(=O)(=O)c2ccccc21
XS849083a,CC1=NN(C(C)=C1NC(=O)CN2CCN(CC2)C(=O)C3COC=4C=CC=CC4O3)C=5C=CC(C)=CC5,1.126,O=C(CN1CCN(C(=O)C2COc3ccccc3O2)CC1)Nc1cnn(-c2ccccc2)c1
XS841468b,CN(C(=O)CN1C=CC=2C(=O)N(C)C(=O)N(C)C21)C(C=3C=CC(C#N)=CC3)C(F)(F)F,1.102,O=C(Cn1ccc2c(=O)[nH]c(=O)[nH]c21)NCc1ccccc1
XS849095a,COC=1C=CC(=C(C1)OC)N2CC(CC2=O)C(=O)N3CCC(CC3)C4=CNC=5C=CC=CC45,6.664,O=C(C1CC(=O)N(c2ccccc2)C1)N1CCC(c2c[nH]c3ccccc23)CC1
XS849101a,CCCN1C=CN=C1C(C(=O)NC=2C=CC=C(C2)OC)N3CCN(CC3)C4=CC(=NO4)C5(C)CC5,13.238,O=C(Nc1ccccc1)C(c1ncc[nH]1)N1CCN(c2cc(C3CC3)no2)CC1
XS838286b,C1=CN(CC2CCCN(CC3=NC=4C=CC=CC4N3C56CC7CC(CC(C7)C6)C5)C2)N=N1,0.65,c1ccc2c(c1)nc(CN1CCCC(Cn3ccnn3)C1)n2C12CC3CC(CC(C3)C1)C2
XS849090a,CCOC=1C=CC(=CC1)N2C(=NC=3C=CC=CC32)SCC(=O)NC4CCS(=O)(=O)C4,2.978,O=C(CSc1nc2ccccc2n1-c1ccccc1)NC1CCS(=O)(=O)C1
